5.5734459729282,8.49398188115564,0,5.72893026818885,0,6.49428320047206,6.69426498469607,7.90401363878834,5.2982173615477
5.78256284745868,7.91463597705065,0,0,0,6.68616052765778,0,7.73107948255403,0
5.99811736793808,8.55729428615067,0,4.79115170361353,0,5.4085609406468,6.44735340499267,0,0
7.84741091316103,7.08291793857761,0,5.0441990109344,0,4.78932339761102,6.3682214910794,7.88576932300904,0
5.95389247420023,8.67148728953003,3.87867302574659,4.94435303130227,0,5.71026144075391,6.66260893177492,8.82249020580702,0
6.54806149722006,8.26567331346056,0,0,0,6.110424667506,5.88829607161812,7.81704959290346,0
5.37597261111364,8.47730825771732,4.36271638613938,5.50370419627299,0,6.44156835683453,6.8801785112119,7.84111156244259,7.73010010001372
4.67020858216731,8.82651297108051,4.42556493668836,6.04054038475457,0,6.54042375485488,5.81269666851332,7.88418110110699,7.21521056653286
0,8.72570055437504,0,3.98545932350133,0,6.5775831549094,6.14583663099498,0,7.37066505625158
5.09479260210298,7.91811906209618,4.62751858965185,6.21474808862311,0,6.36333840022106,6.69519304752447,8.38455968128884,7.225110224839
0,8.29591040779951,5.23590990641942,6.39834531935731,0,6.50529066488621,7.03453769843532,6.13261682686387,0
0,8.61183769516195,0,0,0,6.82111837732241,6.19101188456701,4.57543236772413,6.23976889408069
4.6470795890653,8.23515383551952,8.09234646737417,5.7268477475872,0,0,0,0,0
4.61739515561066,8.39325902629284,0,0,0,6.74525987861931,6.76500437410575,0,0
3.63784928300116,9.45622341025988,0,0,0,6.91468123905287,6.56288185097136,8.9184052681947,7.69663982081868
4.43212546597435,8.42954815916405,0,5.91943134420815,3.28578653015083,6.54235668008706,6.3530996689993,8.22153270926285,6.6184986342084
4.39086248333628,8.48541352488021,3.95699637107088,5.77956998797166,4.22405616874376,6.45676965557216,6.44565632530638,8.31694063074577,0
0,8.93167750394456,0,5.62754916865661,0,5.80456251593992,6.21202476448659,8.06373355253843,6.44659245440188
0,8.5927588149655,4.47597224751641,0,0,7.15294990832375,6.22329029880503,6.49728767925118,0
4.65310283974339,8.24509308709074,0,6.16171352266767,0,0,5.60969155125661,7.91896338625034,6.58331239866101
5.39947405850777,7.62362239597833,3.93280554461067,6.10902533584713,0,0,5.07047529445227,7.28408676111518,6.28474964326456
4.94506512988681,8.16562518484565,4.96765820124112,5.65417197410287,4.9094881120913,0,6.64990381648903,8.08448226405781,5.16381407320956
4.9622150614937,7.83717149359518,4.67842064772768,5.48761453707842,0,6.57057479161056,5.88468636036253,7.79082422808537,6.40818276744405
5.38261255804343,7.4485609754661,4.89305223844254,5.44488220362987,0,5.96550550793789,6.55287871698478,7.54966179534849,5.60045692408874
4.80057248232058,8.05602719499684,0,6.46298265395335,0,7.00072636159403,6.26968323263016,8.23305948273561,6.92865534308988
4.50058714579565,8.58659797805449,0,5.73168942790921,0,0,5.78505519478494,7.77027807812807,5.92489730283587
4.54297558239497,7.74158571650702,4.36182392735636,5.12062507813774,0,0,5.95046024430391,8.1305920348919,6.46713956359095
5.31939369214995,7.84075759127574,4.64794227783196,6.08725188578118,0,0,5.75434883822689,8.07655572449895,7.19351300105885
4.82655218668264,7.65227975040183,4.47847253294213,5.51532211390284,0,0,5.70614634517814,7.63815970789779,6.72128111202494
4.67301573288316,8.69099018380216,3.80555076091763,0,0,0,5.70930055534011,8.09481485766759,6.7200030024882
4.69088906139063,8.11540431767038,0,5.98650225527817,0,0,6.15854555448565,7.94438577529437,7.03270369300118
5.77554484088309,8.32458854441086,0,5.85412591614051,5.18458860121969,0,6.3370027066358,8.32541748465102,4.64832545630202
4.68074137283517,8.19746715125571,0,5.6196759653592,4.47494759893812,0,5.81791440870111,8.09484841998749,0
5.22821673886855,7.46785666328227,0,5.82900443940958,4.91419781245925,0,5.98159096330968,7.6997382353046,6.94331545438069
4.76166098274752,8.08177493332168,4.06285389513073,5.58784772985743,0,0,5.87397521831551,8.02039866972987,7.10148649732766
5.34132896214128,7.26435922040025,4.33441078073222,5.52369841280244,2.68307421503203,0,5.82384439316692,7.97693875695943,6.84019352581382
5.32593253358101,7.33895960626842,4.30972472291848,6.21436806961758,0,4.7634551649538,5.87804385756872,7.95362058559163,6.69312538343313
3.74004774068834,0,4.27207225000583,6.48353539439032,0,6.47423014490593,7.09353750740507,7.8286354631901,0
4.85926962142275,0,4.5088795256698,5.64692989639672,0,0,6.53163535806844,8.76022093532754,5.39230849496828
5.33652795431179,7.5247932554897,0,6.0665024438906,0,5.10218082072035,5.58484877724242,7.25032318491819,6.00134061777819
0,8.12530549172176,0,0,0,0,6.75493038657688,7.87704824417553,6.36659071541308
4.55587489426321,8.3286805090945,3.95354875225664,6.00986913878409,0,0,5.72391184595137,7.99124039336956,5.8243468240563
4.69473662934713,8.21940690960593,5.53709801864164,5.79176282648249,0,0,5.86277853947994,7.88577308357388,5.98569795221364
4.89940573740971,8.22796325497417,4.63317438239769,6.03562496289364,0,6.76387336115165,5.51346906793269,7.94922209490303,6.94775453514599
4.99565701091554,8.54156380094968,0,5.140610370518,0,0,5.82885737842313,7.68947636514781,5.61731640350577
4.72968606068566,8.70022949271947,0,6.16533381708695,0,0,5.61269005425286,8.56287376390821,5.87059550462699
5.48276166872297,7.82305752246258,5.17530191565149,5.55775427355952,4.52861306326594,0,5.26486399028882,7.18588689062207,3.63389514578118
5.07916583650336,8.06304086383965,0,5.20312717954429,3.83211362219984,0,5.24185282956691,8.08511097005369,5.37846776073087
4.88037473692876,8.52560769001726,0,5.65312055985397,0,0,6.31923834750027,7.96871069772314,4.91903157022317
5.65861075600948,6.44808210635242,0,6.47302612518745,0,0,3.94816205204402,7.46722248445116,4.03653888012571
4.43248207816237,8.36131335078509,0,6.39861157333189,4.52015681166113,0,6.14137051659965,8.01445808431208,5.78370209783207
4.83405721192937,8.47928985014745,0,5.09577269406505,0,0,4.67208089127072,8.00982159562176,4.63569939102291
0,8.59627605397041,0,6.24338989984764,4.97569872421536,0,6.10882527138124,7.49586411420405,5.06701562753236
5.64611805046166,7.34558431278037,4.46279984469636,6.16952704698155,0,0,5.39194431232666,7.90126627764981,6.65117127656559
4.48649925627041,8.07136848186766,4.54361388028899,4.5393508449508,0,0,5.18414032148564,7.63695469683458,5.85159884935042
4.18829017506463,7.93705321592263,0,5.84507947011833,0,0,6.1287887379712,7.85773607350308,5.63578910350233
0,6.95818219817506,0,0,0,7.08134717626709,0,6.87874862427908,0
0,8.50723982055845,0,0,0,6.46174938681035,6.91830938792067,6.27485617876755,0
0,8.8306336497836,0,6.45736602401998,0,7.34734480281883,6.30911795805575,8.25942196279196,0
0,8.0257648840609,0,0,5.44751293290989,6.41217945042302,6.58746736678144,8.96036504669651,5.63049467888637
0,8.22263150861956,0,0,5.30181125580229,6.4808417900681,6.53394870887423,8.03402164443206,6.29090225057062
0,8.47539780663869,0,4.44429696040001,0,7.31055684300406,6.24403096909536,8.06341875351926,6.38156217808502
0,8.76690700606499,0,0,0,7.45231544047776,6.40446783825444,7.87642971053585,6.02070776557762
0,8.09502536632134,0,0,0,6.89352450006842,6.50478206352895,7.172132899902,0
0,8.04978459216571,5.65231372628101,4.62585477718092,0,6.74563626950569,6.92344160277626,8.43108831252394,0
0,8.51868208246766,0,0,0,7.18450784134119,5.6994732030681,8.76060984757,0
0,8.92154701561043,0,0,0,7.06862334655692,0,5.39326384385699,0
4.80598632541821,8.86251756061775,0,5.28609295192531,0,7.35942307965628,6.48027459681629,8.11979446242026,5.5982367566643
0,8.43872124944408,0,0,0,7.20208768883778,6.5702525115464,7.7985763964782,4.90904543833462
0,9.06431757126609,0,0,0,7.40440692484224,5.97675691823571,7.98531756270194,0
0,8.45681241486713,0,0,0,6.67981273088121,6.16621585507177,8.2194015220958,4.61976318829099
0,7.8704485650474,4.69125613490122,4.48480882931691,0,7.48470004903933,6.09022331913125,7.92914089123619,6.74810282544913
0,9.10227954709615,0,0,0,7.56833277915263,6.50668051917527,6.85663039146598,0
4.09999523373092,8.67038283817054,4.70510601460069,6.08756986525147,0,6.9413157725041,6.48284737882932,7.8083149235803,5.76327704644184
4.74875091446562,8.89424922276181,3.74573226570672,6.76076225524148,0,6.5373870079114,6.71255514821282,7.83818163056251,5.09307512636951
0,9.02030393185336,0,5.32947682879714,0,7.64665945687981,7.16559393369322,7.70195069065156,5.99605399944179
0,8.55491470440727,5.28750916783143,0,0,7.18663623498085,6.77803376241138,7.53733413427892,5.1692901008118
4.88211987186083,8.08253199527777,4.71151022175942,0,4.43497480899198,7.23646172547406,6.76594974990537,7.47453392372725,5.06037738599107
0,6.30479609128755,5.79322700024863,4.97976363042917,0,6.07302149236029,6.08011624470254,6.08541015995051,4.89589761662583
0,9.07777422763533,0,4.80851910997412,0,0,5.94172268021314,7.87362062916587,5.53228215649383
5.72302939201866,8.60885308064535,5.0982798039483,6.22204041023949,0,6.89327088478116,0,8.1192080385619,0
0,6.07203019494755,0,6.26215940028041,0,7.20137966088955,6.30634827698491,6.58239903020559,0
5.68805951419096,8.41311629600977,0,6.12924626927105,0,6.96709908089885,6.00748552316216,7.17287727586924,0
0,8.03987003970425,3.8093256071898,0,0,6.44226942918522,6.09984798911651,7.17864463979342,6.34440753595704
4.79636889071965,8.73849985668779,4.74978987559803,6.94668748898392,0,7.176086322152,5.97258749133829,7.52889075023179,5.21205116639063
0,8.37098521795101,0,6.36361413868487,0,6.73265161044665,6.75204838888757,6.92130309152741,5.11781415556087
0,8.53818139015458,0,0,0,7.35356226637368,5.44319662786612,7.14140346294143,0
0,9.18906157567846,0,0,0,7.04826476796165,6.2781836560592,5.98635149772116,5.2117786051308
0,8.30512804730903,0,0,0,6.99408892636493,5.98828449610135,7.07354086713599,5.62061823339543
0,8.50000227064356,0,0,0,6.6863352415642,6.09420162455909,7.24838315467629,5.5686498006647
4.92005391586502,8.86112893521855,0,6.3431244366572,0,6.13426534573965,6.7293101989341,8.15512085055864,0
0,9.08103318766484,0,0,0,7.63077189314436,6.99326302608673,6.96845519208176,0
0,8.71785879595634,0,5.63135514072061,0,6.37099627318964,6.91400570431165,5.87947097014706,5.67914819369784
0,8.32082544718888,0,0,3.77711924296334,6.55386217641796,5.57942789361678,6.69053167017892,0
0,7.98746673361627,0,0,0,6.5931267225457,6.70669117281081,7.08575919483155,0
4.51085950651685,0,4.08799108824993,4.26000023366368,0,6.35787692795245,5.58293223995035,7.85767805955264,3.11529150861163
0,8.18530005469619,0,0,5.44146487576652,6.92501546131618,6.4033920621438,7.45364298075255,0
4.52450228292064,8.02053670956444,0,0,0,6.52019393765156,6.48281678937045,7.95333592109844,0
0,8.51987160127198,0,0,4.22127085579449,7.25603609056246,6.45706788425298,6.64333390010491,0
0,8.74583360725082,0,4.76260119393692,0,6.75381124446893,6.63234427473145,7.05597698857908,0
4.82173212593675,7.69162942517496,0,5.61916822226629,0,6.580861026674,6.86018137486849,7.33387232682116,7.31776338536219
4.77119296981254,5.57769001112868,0,5.63503957192446,0,6.64401106281912,5.97630014658821,7.02958345534713,5.09730216730683
3.65273400747758,7.2932761497679,0,0,5.72603308359102,7.13567142333448,6.68733302158661,8.17380388694476,6.41076681200417
0,7.97659197524475,0,0,0,6.5611720986102,6.90000532552208,6.88033269340417,0
0,0,5.43214871418156,6.26792135131921,0,7.10922565461485,6.12769853443126,0,0
0,8.18790826409654,0,4.2387334648474,0,6.1105134478856,6.31109939861095,6.51248799585042,0
0,8.59972940310771,0,0,0,6.53119827602118,5.98131319605161,8.39988829143477,7.362454896968
4.45516091866138,8.88081495026559,4.69400489968858,0,0,7.2212512863269,5.94251061953006,7.06840195691024,0
4.46912134152481,0,2.93332481342537,6.09142299785181,0,6.21867979779225,3.09013294897548,6.16329375118145,0
3.46854445512177,8.04773341425614,0,5.0150920148132,0,6.03054101908977,6.67320946827647,6.79253520612887,5.46666676577511
0,7.77272745299173,0,5.53953656458948,0,6.65632798718953,6.97218441913783,7.25315893999454,0
0,8.5307765188985,4.79768956775849,0,0,7.87330844444135,7.17704932312064,7.07444699030371,0
0,8.56732340969292,0,0,0,6.81020860007712,5.78477857386141,8.0346569561127,6.55344895621559
0,8.6898111535818,0,0,0,7.05628734678667,5.85601703418262,8.02184713849863,6.26532022396384
0,7.22233241489656,0,5.80178599386046,0,5.73256427608165,6.41668326170298,7.68082669866004,0
0,9.15918180535454,0,5.51500009160001,4.58210624638954,7.66646545572584,0,7.26666672009556,0
0,8.98514722166823,0,0,0,7.11335381268059,6.54853423934804,7.13738971882671,0
4.67254842131804,7.57616909612141,3.64571095871256,0,0,7.01058258878161,5.39766484004874,8.14904409906099,6.72691662214835
5.21542476845847,0,0,6.10648822367676,0,6.75470898909175,5.59150923217342,8.23032412172147,6.52287190635124
4.86876446291078,9.03680688671521,0,0,0,6.58083329319275,5.58379701544462,8.41664109675072,0
0,8.05299348676808,0,0,0,6.36100882478939,0,6.36283843038123,0
0,8.06284556487412,0,0,0,0,0,0,0
3.45883716110857,7.66266055637999,0,4.75977790421453,0,7.81799172057104,0,7.31957349661797,3.94352167248752
0,0,4.85849370580343,3.95316494875932,0,0,6.50460249538984,8.56567664188717,6.36662507495129
0,0,5.91633682441614,0,3.41015712303363,0,0,9.36888993394782,0
0,3.97330623384504,4.56038200319796,3.82012699072361,0,0,7.05974648596826,8.90775986698243,6.66892686074774
0,0,0,0,0,0,6.76795283578683,8.97200323041723,6.93446536729421
0,0,4.73900153362161,0,0,0,6.71223905416005,9.36620672205633,3.87036733015931
0,0,0,3.72689752130146,3.97687397774776,0,5.58233021562543,8.709966603444,6.61118044958204
0,0,5.62217465394309,4.68453574136883,0,0,3.37724616083964,7.54729069009343,0
0,0,0,0,0,0,6.77665521399799,8.9937118020078,8.55006494636657
0,0,5.01714737771148,5.3339257940154,0,0,6.91181701893681,9.01444226955217,0
0,0,5.10691470101789,5.34934312515108,0,0,7.08934323342234,9.64683892266452,7.24964140544743
0,0,4.03953632572711,0,0,5.79441506490941,8.32486978244191,9.37167149631263,0
0,0,0,0,0,0,5.18094049839446,8.3309455375797,3.6307205399404
0,0,0,0,4.20648206215895,0,5.69309220344801,11.1471434630952,0
0,0,0,0,0,0,0,9.59800804105377,6.97277493435607
0,4.77161639362376,4.59289515511248,0,2.32434658477556,0,6.60851331436141,8.66836973860665,0
0,0,0,4.65671844786867,0,0,0,9.72017150139656,0
0,0,4.17530992104521,3.24571247882176,0,0,7.57631259167329,9.10403496560525,6.39347369024276
0,0,4.53667718954279,3.54066942694875,0,0,6.32175701393923,8.6105906340136,0
0,0,4.78724171152684,4.57697645161731,0,0,6.79643258033787,9.07307860156477,0
0,0,6.20350670535102,0,0,0,7.60468031445335,8.1612865237063,5.45651698122158
0,8.67722483016945,0,4.99016044090687,0,6.55088031504074,4.72304210658298,8.06487229702281,0
0,8.35476131695259,0,6.54405572010644,0,0,6.86386608541241,7.29982439341996,7.8440250931716
0,9.01456998370617,0,4.91852000518845,0,0,4.4236483093647,6.57436429043671,0
4.42232849394725,7.90253181487637,0,6.40456708234536,0,0,6.97856782718606,6.97860509195223,4.2780540442909
4.09384443718042,8.54527128630103,0,5.87284991577174,0,0,6.53990382416725,6.70862118012828,5.03870431402385
0,8.34129575569889,0,5.77560688909457,0,5.78692805574287,6.57425262877144,6.79210870945581,0
4.24534743575863,8.87935684479272,3.75185425327532,6.36803280050565,0,6.43851935497531,7.20353200117939,6.84117734632456,0
3.23474917402449,8.46045563018188,0,5.4448390192108,0,0,6.05989392652976,7.54711131127126,5.01966110530357
4.23858919592989,8.5821866090727,0,5.71211433477574,0,0,5.458947012473,7.19310713859555,4.58241319886548
3.75793899004543,8.76582201669153,0,5.49129032851713,0,0,5.28957930060475,7.3799377827558,0
4.10032663389965,8.68172579211661,0,6.13820210321957,0,0,5.68694145746017,7.39389674012206,4.58914242491089
4.99376037687141,8.40130186534847,0,5.73782957129526,0,0,5.73379424872417,7.51732517928674,3.58045870515952
4.21582445975981,8.5109316286847,0,5.81221825683096,0,0,0,7.15981276446099,5.14603993110246
2.797890905102,8.68831560458151,0,0,0,0,6.6968366972905,7.0943510217487,5.7036157940991
2.88144312715186,8.97248538622126,0,6.3037721567299,0,0,6.00962366772389,6.79186170716417,5.07636061071339
2.56571829252441,8.72320686046698,0,5.83258604204049,0,0,5.88532595104631,7.1578522998566,5.64133953403298
4.25063580654847,8.91894206955428,0,6.05968378608513,0,0,6.31133545537462,7.95412645580456,4.8283137373023
3.49832409239288,8.70363126372203,0,6.16040531240788,0,0,6.49054142383942,6.97504937503348,4.53098528779871
4.03636227968375,8.90537242255359,4.10198198935131,5.89621936519125,0,0,5.51965929591562,6.80956896707231,4.34536265030229
3.5743099993708,8.67749406284092,0,5.96995997232047,0,0,6.32331899527964,7.13139470732901,0
3.14673514709052,8.83549854789143,0,6.11346091641723,0,0,6.3578076038623,7.06336489404564,4.86460709299957
3.7015488572146,8.77056173078793,0,6.24651365943318,0,0,6.56623632909927,6.69064349989965,5.27499756122642
3.63547867738682,8.5971146609715,0,6.07039124766178,0,6.54543586351537,6.57717962330671,6.84257655295714,0
0,8.93194042037631,0,6.11666445409207,0,5.76807096453856,6.39400872678848,6.58573017810781,5.48662099501954
4.1195248607524,8.70310330164334,0,6.4683041328708,0,6.38015643463032,6.52898078612702,7.18988446264422,5.04490788803835
3.98583093257287,8.5300817756295,0,5.9245231413541,0,0,6.1199237227616,6.78191991013493,0
3.48339161928814,8.67340688462441,0,6.17493128126929,0,6.21686554846341,5.90386208637186,6.42446375540947,5.30255836080529
3.8079949350041,8.52249312193969,0,5.71804691866991,0,0,6.43473911661169,7.27752412243203,0
0,8.54369100292245,0,6.24189247144925,0,0,6.67472551975884,0,0
4.31079912538551,8.13405399503104,0,5.6940014628011,3.26956893918372,4.71438327096141,6.29517374626176,7.41336130431396,0
0,8.10060747795074,0,4.63395198741354,0,0,5.02216852990993,6.03977840738653,2.41412646772695
3.40153065945228,8.1511055149496,0,5.58788515991003,2.82849635417808,0,5.56929824727641,5.96696691550758,3.43140322371922
3.98583093257287,8.43438967621836,0,6.1814855535867,3.71186329050431,5.90857194901842,6.38445213370503,7.3674307560092,4.50225113198025
4.21079337486535,8.45465586654901,0,5.53658595560731,0,0,6.01116913038232,7.43114563485629,0
5.18391610623806,7.77430519496066,0,0,0,0,8.09048503910938,6.39772933538671,5.19501029668211
0,8.2997881433518,0,5.07523631328078,0,0,6.01615715969835,6.61329025423352,0
3.71235181029908,8.34009079109955,0,6.17430680164867,0,5.77796187283045,6.69217058737074,7.2733146393544,4.55271832598567
0,8.45786560308808,0,6.2716309475181,3.63177986207336,0,6.82037656180409,6.33505425149806,2.94864066602014
0,8.41583355046374,0,5.93394136086432,0,5.86471013876248,6.39812893579163,6.62286929383236,4.55377162290209
0,8.42879904065364,4.46153073578648,6.07382763753311,0,6.08965693299936,6.76815982274739,5.15842291539398,0
4.91258135362087,7.92985002815273,0,0,0,7.16921913820646,0,7.68346353193308,5.77888994714301
0,6.53131484991459,4.42256858998682,5.81550272426661,0,7.10199717208836,0,8.01712615263611,3.90136642523962
3.82668295826113,8.40048183131042,6.49564312815218,0,0,0,5.79106048276326,7.86876312952143,6.29325290641216
3.96309627561215,8.39203351512289,0,5.96517190515306,0,0,5.58638686394108,7.84893762803418,5.45566293727181
3.68687745144326,8.09329727463831,3.80710683547859,0,0,0,5.88226333206422,7.83800019676169,6.15483686236852
3.61145830714535,8.13043304957121,0,5.83810938410662,4.16371514014677,0,5.29901712166231,8.0484911147833,4.45678618022183
3.60413822565885,8.45268240322744,0,0,0,0,5.92761911905923,8.06567053214857,4.89387673348606
3.58045870515952,8.34514191428637,0,0,4.47790483494222,0,6.22732687082997,7.93986088873797,5.44315337059349
4.08446256236765,8.16330863643288,0,0,6.57539657019246,0,6.31564729059646,8.01417037971327,2.95438931001961
4.20260088099195,8.11890427275704,5.13155414866993,5.71112213995959,0,0,6.22566672577893,8.29688561492124,5.0976077814408
3.70080802497921,7.99543805755752,0,0,4.88340779961187,0,5.694943525989,8.06357616541615,6.48826223788933
3.33077491736561,8.16806115664823,0,0,0,6.28845317888006,6.23574317095215,7.54150271226046,4.49925396039654
3.94951144983914,8.37296247894488,0,0,0,0,5.94145989574745,8.3156398843448,5.70588027273835
3.85206066425546,8.40384754596541,0,0,0,0,5.82109132382987,8.08037982093735,6.10260333634195
4.04532937273637,8.269208641503,0,0,0,0,6.25012967048927,8.08846355052615,6.52956481300885
3.86681641259007,8.35066624052092,0,0,0,0,5.96665942818901,7.86144583643033,5.69954015539807
4.13244285082076,8.10986534949616,4.07923092441205,0,0,0,6.05851553435759,8.32446972182133,5.49421304336911
4.13564644157921,8.31190674865235,0,0,0,0,6.43767164653623,8.14725641106573,6.48274031162926
4.2575965562957,8.35209682553414,0,0,0,0,5.88826835427953,8.12149819990383,6.08718373416653
3.38303341103448,8.64871256127981,0,0,0,0,6.13426534573965,7.58672746736078,5.48409129039224
4.41473580908359,8.19045423239087,5.77929184534451,0,0,0,5.93054613213856,8.2390547664731,6.24206761131834
3.61064760584436,8.38625956453175,0,5.79927445611542,0,0,6.28646353552262,7.97479089754872,5.72463030716904
3.43107975614403,8.37726193470822,0,5.98386071108125,0,0,6.36342457665875,7.75449012376294,6.27844637444537
3.84117126445619,8.16852326452037,0,6.00494823226664,0,0,5.9539703426804,8.13670260737718,6.45414454894256
0,7.79738165565845,0,6.16516572160833,0,0,6.49879406661726,7.51404198025773,5.39194431232666
4.01385731130941,7.95646628641882,5.72270235950871,5.91582463289924,0,0,5.83325982742141,8.02175523457755,5.62495569411023
3.80019719024589,8.46238002533163,3.23907053215372,5.46730035890281,0,0,5.15340719475223,7.79298868639095,5.84848869565546
3.21767510429168,8.29476688282196,0,5.54392666257791,4.44500143383527,0,6.75703703493479,7.5655653952524,0
0,8.50173634750959,0,0,0,0,6.08219607906559,7.64853481084766,0
0,5.9033434637128,4.19780327059033,0,0,6.22722812977829,6.26552932360058,8.05487832771062,7.09182530631021
0,7.64908291406684,4.50424426739813,5.78293247629394,4.47903990884388,0,6.32732945648619,6.99605915366997,0
0,7.45163649670246,4.84434455437483,6.02114470120939,0,0,6.31175295780855,7.92232994648077,4.59965500529998
0,8.02824320816769,3.90278042406121,6.15066673228541,0,0,6.14889555505681,7.61590436611043,4.36640525377092
3.26270130440823,7.88047171188331,4.50722654165796,5.99475911405741,0,0,5.82396263491231,8.35430948951474,5.80603817536055
0,7.18808035498035,3.11307076597122,6.12710932994935,4.8770277080929,0,6.25860584489984,7.7454009926263,4.91096227761219
0,8.11924079210785,0,7.00390147286565,0,6.40264661554538,5.89885571537532,7.6423082836007,0
0,8.13274761693213,4.21479071529797,6.03627059473854,4.58975193325971,0,6.29208752369256,7.74319597738296,4.13995507347415
0,7.8619235146153,4.83842247145059,0,0,0,5.93171454270221,7.84819994179839,4.02284856051703
3.74667655284015,8.64822496258842,4.05716177109438,6.00361542527697,0,0,5.48980511845823,7.75816258574067,5.41124418540325
3.98787231771158,8.27347441442857,0,5.8474786965796,0,0,5.96560813256276,7.81696902798219,0
0,8.17909042620548,0,5.9565366068067,0,0,6.27368799835811,7.5491353687202,5.37698990519934
0,8.21538244431145,5.12758835578989,5.98707994879016,4.17530992104521,0,6.41245845683377,7.69384620518482,0
0,8.2147926653262,0,5.71926204550459,0,0,5.98431404307914,7.79105576795054,5.43083574624818
0,7.28778633303346,0,0,0,0,6.9079152661835,6.95070939890674,0
0,8.83604393462413,5.70641234684222,0,0,7.52016409328755,6.33263999199976,7.70115495143117,6.09189794442925
4.17454110421638,8.65414597440395,5.00448307461106,5.53524547283286,4.3406836711395,5.26071933613272,7.09082655466664,8.07057478391242,4.85156140402199
5.0173460597877,0,4.89350204728137,5.98350797739153,4.43876134765419,6.42752352030078,6.0358880484099,7.52573161504731,0
0,0,3.1896529661913,0,0,0,5.33320176840154,8.09838141141267,0
0,0,0,5.38472439428878,0,0,5.36975391648589,7.30110057127221,3.0130809118886
0,0,1.7509374747078,0,0,0,7.11109604300015,8.03470880047593,0
0,0,0,4.49791899524112,0,0,5.46149857668956,8.24756057636907,0
0,0,4.21685713669749,0,0,0,0,8.87012634357542,0
0,4.9730026526227,0,4.89657033780828,4.58486543264773,0,6.31959854561313,7.66733605888411,1.78674692740451
0,0,0,0,4.87778938076283,0,6.25584600643844,7.84389177447699,0
0,3.12412548832239,0,0,3.14415227867226,0,6.15752968138241,8.00190428868958,0
0,5.34419854180423,0,0,0,0,0,8.21269857690455,2.58776403522771
0,0,3.85290974093564,0,0,0,0,8.93817856798233,0
1.63315443905142,0,0,2.51203531717625,0,0,0,8.00382099455032,0
0,0,0,0,3.71722392712308,0,7.34544876200833,6.10148419214653,0
0,0,0,0,5.45890443119599,4.47881299711157,6.91346892497471,7.07418455310723,0
0,5.45493642598962,0,4.56933573297888,0,3.25963381734037,7.4257987910066,8.28875062508815,0
0,4.17053370057965,0,0,0,5.64470457271829,5.77442731422553,8.11061946902228,0
0,0,4.25717177752826,5.2953630067216,4.63463189613771,0,0,7.80721719738932,0
0,0,0,3.79638766182922,0,0,6.83804071856894,8.31002140961173,0
0,3.36176331241675,3.15785112303043,0,0,0,6.94011597748639,8.30036465833479,0
0,0,4.15637995314155,3.40386049908164,4.41847909667619,0,6.78822822340673,8.41081660417691,0
0,0,0,0,0,3.34885090128995,6.49558272617702,8.48507281113324,0
0,4.21994878435697,0,4.61966463213854,0,5.82988635145193,6.78790135050666,7.77666924736536,0
0,8.45019404542285,5.80727123968123,6.08399814851091,0,6.98516066582653,6.92893930464927,7.79660081337768,6.23215327763794
0,8.94207915460844,0,0,6.10906978918225,7.25296777940136,6.44540230866692,7.68372131016237,5.08815173652408
0,8.72723691340971,0,5.38467853219608,0,0,7.20342784226255,6.83277307864845,5.33787456154649
0,5.40348786415358,0,0,0,0,7.04820394203241,7.97610765302017,0
4.46521822556065,6.04550282059085,4.85522826984318,6.22920110072509,0,6.67454876547209,6.53482028255559,8.04291805224765,5.25962851193292
0,0,4.81721234423113,2.54002594900908,0,6.82340581051377,7.32722848067815,8.82123815853168,0
5.21068761658706,0,0,0,3.97311810478796,0,7.45246625429259,9.41527921863555,0
4.24906650741765,0,0,4.24290823518058,0,0,7.64941639508771,9.40840403571874,6.83567908751726
0,0,0,0,0,0,7.07032470720483,8.83638410529423,0
5.25237813460659,0,0,0,0,0,7.28986987348205,9.33169922897845,0
5.76494028763429,0,0,5.64625928841254,0,0,7.61478070957479,9.6648178417883,0
3.19581188526965,0,0,0,0,0,7.04615977870963,9.18911877842339,0
0,0,0,0,0,0,0,9.02476954200702,0
6.59629950494525,0,0,7.92931012186734,0,0,5.50468091782223,9.15340805022255,0
0,0,0,0,0,0,7.66790201235539,9.66121851961084,0
0,0,0,0,0,0,7.66475011708835,9.31893465337298,0
0,0,0,3.21205259952008,0,0,7.44281487359309,9.65793861468466,0
5.98247425526985,0,0,0,4.96946601705818,0,8.31523121816921,9.92648604799326,0
3.54472035841433,8.34189650235922,0,6.17754984546559,4.6225188243227,6.24920274318669,6.34784444752566,7.60517830507154,0
0,8.61772969019214,0,6.67661735767552,0,6.99841831387938,6.19766537769188,8.4789699006718,0
0,7.64080563207467,5.21395701792996,5.98446510808774,0,5.76110754127547,7.62295255937874,8.57756178045908,6.99275797325206
1.88706964903238,6.86001356499668,0,6.91797290084255,6.06015070489643,7.11729471248597,7.88615282779627,8.16891433009402,5.35181073898804
0,8.55792238163031,0,6.18694909042822,4.43817064529192,6.13740302751322,7.28434754952119,7.592113953509,5.36639648735863
0,0,0,2.78501124223834,0,0,5.57393950950738,7.98503156533525,3.35480434209244
0,4.86645694708034,0,4.33572088179737,5.4584359174408,0,7.90505071719916,9.07379644622695,4.51601104966827
0,4.97369464628397,2.31352503303238,5.30365310613756,0,0,7.35439431967309,7.70251546203583,0
0,0,4.27888587575437,0,0,4.70808771999478,7.08971843822603,8.71319244722008,0
0,0,4.08631239052484,0,3.71137453194131,0,7.18962800983767,8.66317747394852,0
0,6.80509112487205,0,0,0,6.52417885613161,7.66464222425866,8.25158828172551,7.97016336691189
0,7.2001114109788,0,0,0,0,7.18242049860459,8.09916246557152,6.34479390079562
0,0,0,0,0,5.79984994340243,0,8.82881198108536,0
0,6.99000785079858,0,6.14825459787217,0,6.66048551714162,6.75383457270893,8.01234632586969,6.38156217808502
0,6.78046721331145,5.38049625250568,6.30203272334646,0,6.93497153377538,5.85744732220035,7.7919648701921,4.79430183471059
0,7.69639898561923,0,6.08144235322621,0,6.50055366401829,5.69447260533042,7.85893813841631,0
0,7.87456040197744,0,5.95503393799189,0,6.58015358252911,6.62862321745907,7.73363978698028,6.1762206380174
0,6.6571249023988,4.76788409647584,6.0646685393664,0,6.18286972263498,5.89531151220107,7.84507925318411,5.42150797710323
0,7.56817263491916,4.85849370580343,6.11372642664094,0,6.38827565043581,6.51406062647289,8.13088932849213,5.98988830549161
0,7.27104330819111,0,6.30040039930708,0,6.19395631069132,6.30483264099516,7.82595618531088,0
0,7.92481761354017,0,0,0,6.8174147300807,6.0759205786483,8.35292213961297,6.6340813001182
0,8.0696678224524,0,7.24933587426489,3.94022165978682,7.03366520185013,6.24158103592362,7.64463222240341,5.51443630292528
0,7.59552804320463,5.08450514266271,6.19430334508183,0,7.03634196667812,7.07749805356923,8.00802286355841,0
0,7.09610032475365,0,6.24788812365699,0,6.97696412714445,6.64733811767837,7.9064404126667,7.30892450632681
0,0,0,5.93282857162303,0,5.27504873960868,5.98247425526985,7.79971233384084,0
0,8.1242306001068,0,0,0,6.63279197893813,5.65354125821945,7.48382355093006,0
0,8.74952480293113,4.62702952034098,5.66014401762637,0,6.93282830701026,5.78317881963622,8.67415933268114,5.56918384607126
0,8.16640091063566,0,0,0,7.54488750934539,6.56511002845507,8.1624192964811,6.65354666658789
0,7.88600621097906,0,0,0,7.37585710093828,6.43211982071673,8.28800641655474,7.1420286632831
0,8.35851393973525,0,4.22624963310204,0,0,6.35986794307532,8.97996448022407,0
0,7.89404584185597,0,0,0,6.51762695878419,6.54022159170853,8.67766272233059,4.91412439371541
3.97631149531051,7.33586211757113,4.15214166094832,6.31839137088566,0,6.06348283739662,6.36834154836402,7.94510545101049,0
0,8.58136351977917,0,4.73083320398375,0,7.61338423704414,6.46469733201407,8.21491714306108,7.51436369812484
0,8.91541882431293,0,0,4.94371170873068,7.77498601028429,5.99106446708664,8.15934613224733,6.15081596533441
0,8.61558951327243,0,0,0,7.46797659783242,6.10555187314575,8.59031539214263,6.3249322747089
0,7.43133521954789,0,0,0,7.14745698429035,6.59435873869037,8.16124655362676,7.41704572496549
0,6.34919143755692,0,0,0,6.77335493750232,6.31757976304607,8.31043220997714,7.60758011429532
0,8.12791831138679,0,5.7208034589905,0,6.69709597415643,6.11829541628028,7.7041312045907,0
0,7.84823508205683,0,5.59314882115303,0,6.60123011872888,5.99406117295525,7.64356436039611,0
0,8.54380201568027,0,4.34380542185368,0,7.21143864516086,6.01276115589706,7.68583626320338,0
0,8.15684866564736,5.16003183374369,0,3.41805449872858,6.98895731437552,5.38256659899294,7.61987140608968,0
0,4.93713226713142,4.07499183370629,5.6383190815119,0,6.74580089598035,5.79881988999095,7.52496589345214,0
0,6.41903355412307,0,5.89577929697357,0,6.87372268423793,5.92801876205015,7.12122822031765,6.218779386491
5.0598063381027,8.04887134717697,4.65434122999454,5.20548910423684,0,6.46886264476145,6.17303582251123,7.22102468559276,0
0,9.03987347027232,5.76268011590369,0,0,6.9072451488879,6.15761437690207,7.30182908520353,0
0,8.68108088373064,0,5.3335397122578,4.1455128487965,7.1633969976888,6.64868657817443,7.48972505856269,6.06613129169074
0,6.84869505785259,6.32159529032454,0,0,7.16018575092124,6.62370659776278,7.34601666150538,5.34233425196481
3.33434507467431,7.97712754792549,0,5.35983570652645,0,6.94600436641383,6.32998824946227,7.45353290250998,0
4.58476337621043,6.36378643662289,0,0,0,6.52216632487876,6.37029474091177,7.45557028217301,0
0,8.66123985429551,4.95737515445537,6.08684290640621,0,6.3454960001013,6.12599544006559,7.29306529768665,8.30506128874629
0,6.94503179571747,4.28344862131279,0,0,0,6.00499756139057,7.48716248966918,6.92021730437319
0,7.86846472940292,5.26434684697688,5.20340210875175,0,7.07245582701869,6.78114842771596,7.86433538355873,0
0,7.79165504181389,0,0,0,7.14559037903934,6.57266009379024,0,5.80320539764727
0,8.35557268174789,5.44953517829066,0,0,7.13539271764191,6.79362307093719,7.85524230662468,6.42225621316216
0,7.96389838392508,5.21894943116446,0,0,6.67041137826679,5.78499373008102,5.97619861343755,0
0,8.09217516483205,0,6.13122648948314,0,6.53735804213447,6.02613163901628,7.4589471134147,6.54366721132773
0,7.71568098617817,0,0,0,0,6.40945093576982,7.62930525405827,5.83290834386429
0,7.3178761986265,0,0,0,0,0,7.59795311449671,0
0,8.05558621143775,5.38888906473242,0,0,7.45240825167085,6.54496165403523,7.43664083596409,0
0,8.58758827933805,0,5.37939031257452,3.67958640720234,7.53029757517453,6.06415723250142,7.94766089705559,6.8580396867362
0,8.9842512366859,0,5.72306208938816,0,7.39296766651383,6.49384460729044,8.39961388500564,0
0,7.99637783602088,3.98136248350676,5.66580365669842,3.47692309219029,6.32073232238058,6.39117982323554,7.78104664758823,0
0,7.66285326041773,0,0,0,7.54313032800418,6.39323952170725,7.57113373526845,7.24931455465191
0,9.05370410563656,5.91336786137156,4.8311098246043,0,7.92812490558876,6.67236200523901,7.70496963920135,0
0,8.42125921709256,5.80913299026403,5.79096883633512,0,7.38766592131116,6.2543863484306,7.5766251357074,0
0,8.01293926003327,6.23875422025027,5.52381813743592,0,7.37102377807295,5.70358245465353,7.65984095476333,0
0,8.66653001750501,0,0,0,6.65287593249591,6.79821939191383,7.96813942839913,0
1.6467336971778,9.22019168802656,0,5.86510735823146,0,7.59990696420098,5.56543952503446,7.53266644442422,0
0,8.78002042561978,5.57833262393879,6.23533186996217,0,7.24619700345971,6.77524051227547,8.08317736278137,0
0,8.61695707510509,4.61323755706585,5.72941773224803,0,6.71099802711185,6.38152832797332,7.57483565317981,0
0,9.00929582886393,0,4.82567024635688,0,7.20368078081471,5.07854313270343,7.58687452655744,6.25937111689571
3.62700405039585,8.6295821496037,0,4.57202696739484,0,6.83819081559623,6.30164780834377,7.4581515546657,0
0,8.25540236250315,5.76728921368964,3.7440776145787,0,7.13520156026305,6.30611103988356,7.11833219991439,4.2424771697238
1.93007108502557,8.61431627237631,5.56803911362282,0,0,7.16536981981152,6.70230428719885,8.28391596744278,0
0,8.98692553386704,4.29196515630522,0,0,6.61050760166065,6.8061654232205,8.03834738508808,4.9172765423504
3.79030724674405,7.37287198665448,0,5.54466950299913,3.91820386450323,0,6.82429758019181,7.36805573432891,6.21969513747075
0,8.13018863395154,0,5.37180014330784,0,0,5.91014602593039,7.68791925318371,0
0,7.76093154194154,6.25893115705886,5.08944647452055,0,0,5.92996141451393,7.55643842416867,0
2.51041194019636,8.30253602862721,0,5.77687802972675,0,6.67482650818313,6.77707695534002,7.59286524750954,0
0,8.06181488877604,0,4.71769497682994,3.68235823712367,6.46552244668176,6.89647185996165,8.01268092970684,4.51052978183397
3.00963517872298,7.95385247453895,0,5.43625155263735,0,6.62104606648195,6.93151086733653,7.89002099977982,5.04400559357136
2.70270259477561,7.98397879917184,0,5.78231635231031,0,6.66968842707255,6.24513730345701,8.06463333111519,0
0,7.75571577691944,0,0,0,0,6.04961552375001,7.71344958951427,5.701580051101
4.01132520650201,7.7750616278276,5.04522993886075,6.03801410776096,0,6.57253425926248,6.00386237544368,8.24299315977708,0
3.34814816057234,8.66297696610989,4.83881836994739,5.42102160652349,0,6.96065128833563,6.40747386909182,7.21360629204924,6.18018227140717
0,8.43127576130302,0,0,0,6.70904820989874,6.17076069864192,8.67719926633784,6.13159598642813
0,8.2080423043488,4.79189868460025,5.35620884496381,0,7.18777053637289,6.41865853067971,7.20760057855972,0
3.31017798327499,6.3210200611158,0,6.19381337916549,0,0,6.46507105319128,8.39317299504987,4.02499448408731
4.33467293829041,7.46418886622623,4.84387207621815,6.42043457090378,0,0,5.70071109613172,8.10785860652965,6.97254064465109
3.36349551447814,7.66724716105339,4.85717326598285,6.45203318144217,0,6.62794877929998,5.59240388667281,7.51016779607958,5.15842291539398
3.57094015624925,7.41143543458726,4.51797697428571,6.40956614409128,3.31563949330051,6.53657564884052,6.35151379168566,7.42525657081021,5.82653093991525
4.16153581176242,7.38783299379935,0,5.91771035851932,0,0,5.95129338241871,7.56182893555594,5.88421335636101
4.22741751644646,6.11670856914413,0,4.54732918629824,3.11662159082944,0,6.54290414375923,7.69644897505329,3.72424659795123
3.57346860260261,7.45257065053442,4.56445235270953,6.3620793777804,4.20230170372719,6.21796246623477,6.36530137975797,7.76819920706793,5.38811236566425
4.01349597435878,7.27889115776667,0,6.32915033279486,4.62045280951925,6.23488120326175,5.96499222677687,7.91354662046747,5.52986550020606
3.52871070196111,7.39068130326808,4.79405350061719,6.4643390514454,0,6.30979099739938,5.8682511687936,7.54501970229441,5.399519247057
4.22347043143019,7.26299319088475,4.56580546246581,6.05795428837681,4.79537723705604,6.1406816482539,6.61107282433306,7.70370270049193,4.99768513492063
3.5945687746427,7.30001355960302,4.57728498249856,6.03865819943509,0,0,6.36762098835481,7.76816959843066,5.35483946687236
0,7.43644636082536,0,5.76913316589433,0,6.33565690674433,6.36902731361917,7.9065324992945,5.26051165181214
4.19509446532224,7.15302033554312,4.45469607263326,6.38741789484355,4.33663693237507,6.03270245512423,5.8571614282079,8.10574220362328,5.49929710516053
3.53281026846405,7.39864550663856,4.84268990324681,6.41890312713754,4.28386238588665,6.3060015268514,6.29049448825332,7.8030184736642,5.4850458651602
3.6464937376175,7.20015620013386,3.97631149531051,5.76368526738924,4.62663809260333,0,6.64951549713031,7.68221512970255,5.39603374005411
0,7.70259676284888,4.48266351149529,6.69323692349162,4.68268662841592,0,6.96137187241915,6.55168015511537,0
3.61603990793698,6.95483922648665,0,6.07016019405632,0,6.05619836167455,6.38159602705094,7.79103096267197,5.23952232003753
3.74644056463847,7.32666296278679,4.06371351866858,5.98725570233393,0,6.18608515948895,6.40425277559593,7.72572730998751,5.42097737928392
0,9.87705117046309,0,5.92039809867412,5.16398565375274,6.87860449349044,6.42799218066796,6.8977554469038,4.28675395416645
0,8.3498887117705,0,4.95941217268512,4.2780540442909,7.20747461204442,6.53608271660872,7.88582196962989,6.93887596763993
0,0,0,0,0,6.97777562243893,0,0,0
0,6.54724441587501,0,0,0,7.06394673215705,0,0,0
0,8.2064471793659,0,6.53557503243539,0,0,6.00780530669603,7.30910526491082,3.29472513715164
4.00860510327439,6.05084133187597,0,5.24169410360695,0,0,6.63941821279413,7.74652545322,4.93440198809667
4.24978013051223,6.43314907411648,0,0,0,5.94795665713105,6.8302368825524,8.03505544058113,5.79081607362114
0,8.79006208852881,0,5.42547851216472,0,0,6.80488056005887,7.43625774274694,5.79109102970628
0,9.21203892861176,0,5.83390389325549,0,7.02003877541235,5.92305186442181,7.68838664140854,0
0,8.41634470345677,4.59441252933513,6.51555677897436,0,7.13657866942751,5.27923647873524,0,0
0,8.72384794662553,0,5.38527457540393,0,0,5.42943334440557,7.71564532299906,4.61005822006087
0,0,0,5.63403932177855,0,0,5.13161322064916,6.98068040899669,0
0,0,5.81200887972707,6.53246528800884,0,0,5.47495614020649,7.18832965147449,0
0,9.26213554040389,0,6.26137717394819,0,0,6.01783867199308,7.49371249368249,5.28030613374619
0,6.53994716205107,0,0,0,0,5.69376580826955,6.86663115549219,3.83578969942856
0,8.13604989545314,4.47892645941384,5.97972085915081,0,0,6.98901263328907,7.78910253725809,0
0,7.45127072057079,0,0,5.99508299263069,0,5.87093399047023,6.5960263853718,0
0,0,0,0,0,0,0,6.6702719020631,0
0,8.20459254751397,0,6.0869565285672,0,6.94503179571747,6.4071109824899,7.682657546411,4.17438726989564
4.39555964895647,7.75077399688445,6.68544887716049,5.73528114171557,0,6.14750629488146,6.67229873292126,7.42107578793226,0
0,8.56787299765841,0,5.58330832118833,0,5.78397901665048,6.0235928608595,8.19740932606125,5.38541207339897
4.71429361300645,7.57588716989707,0,4.37412046310278,0,4.11708404919159,6.09388574720713,7.93585926275963,0
2.95021175825218,7.62165561533504,5.44072797202915,5.78422510235106,0,5.6802067381275,6.78313265658724,7.66421522975384,5.36896220611737
0,8.08845433864836,0,5.17042717524212,0,0,6.45724050232025,7.35074093783748,0
0,8.27497130044622,4.24692257748904,5.92934975303618,0,0,7.11574458252467,7.38488346817017,4.92848481106858
0,7.93514721717294,0,0,0,5.96334795438216,6.26915310027399,6.78174978134702,4.89440105842972
3.39282913199164,7.64605745304894,4.46199241631176,4.9354806204955,0,4.02642254573664,5.74252230297213,7.74993434638806,5.22537025879197
3.91541723849616,6.43345442989852,0,0,0,3.50525705158693,6.59567121837128,7.77282850307055,4.67590820049343
0,8.48521530554987,0,5.83679706709584,3.42816382989197,4.8318275566021,6.31676749596411,7.42199706102924,5.31963844825172
2.5922651681085,8.30434149678702,5.40770974331923,5.86149822064796,0,4.89147631225994,6.38923344858168,7.47989234747123,4.94285597167497
3.28840188751681,8.27210306619387,6.36316602506334,5.4521537112629,3.87473642064213,5.1585954233729,6.68712107661671,7.52652368149298,5.83720552807891
3.58379667766078,8.52730192556453,6.09259864402733,0,0,6.361302477573,5.80615854127307,7.73976399667408,4.02909467701398
0,7.5238864168934,0,0,0,5.74050005759136,6.58209438857257,7.43923610767316,6.89838148190143
0,8.13944343987444,0,6.09453995389209,0,5.36681678297273,6.18115472216297,7.73061406606374,0
4.14630430115281,8.00581741634477,0,6.04784488054409,0,4.73873907790951,5.78775590843238,7.68985154130199,0
3.39718936026462,8.20833106344945,0,5.80519520806593,0,0,7.04039627532151,7.82158698994103,0
3.7497393423707,7.42701919996526,5.08518602536055,5.44565920444596,0,4.55429785561433,6.61705532396694,8.050770343514,0
0,5.90547083394101,0,5.08987768159902,0,0,6.81876011741057,6.85412240781264,0
3.85587584480515,7.81258053274701,0,5.24523299545558,0,0,6.31588227636282,7.57609221503335,0
4.934545872989,6.06413398506736,0,5.3381148364221,0,6.44314507901311,5.77365051862353,7.37823379545108,0
4.26436859120565,7.82893802541672,5.46611732682297,0,0,0,6.38777117743123,7.42651335747382,6.33258667051564
0,7.29968249529582,4.54531401883473,0,0,0,6.4019337803376,7.7524511857936,6.58033395896134
4.04567939024082,6.79580644124745,5.07404818194632,5.19201196017711,0,0,6.05984723246924,7.45945985564622,0
0,8.03792760233563,4.0206980220538,6.2276625174959,0,6.25342488385381,6.50581395504759,8.0885034676827,0
4.17207691076245,8.89381290941057,7.02662217149785,0,0,0,6.75130027958197,7.64965928982261,5.34710753071747
0,8.47570013845329,0,0,0,0,5.70421571412776,7.88721609611243,5.55535980286771
3.35550242240003,7.50354318176974,6.20899235963656,0,0,0,6.31743540822166,7.52015867283673,5.56214210246925
3.6946129859617,5.60987464443323,0,0,0,0,6.27641789998851,7.37897691615496,4.76864865498057
0,8.6141511038723,0,0,0,0,6.59810022571995,7.85085151167662,3.45473814859019
3.19006474301408,8.43505863067622,0,6.34558372786456,0,0,5.67294518883603,7.72977928646297,5.49974686495549
3.29398329735501,7.82828103048778,0,0,0,0,5.21873288720519,7.74047742791695,5.34715514863134
0,8.79653256008969,0,0,0,0,6.21662606096551,7.05231439216408,0
0,8.5031125224482,4.30972472291848,6.05178323977993,4.7347939537816,0,6.79466496526237,7.06727722199902,5.36284026256354
3.34392131384243,7.5575564490384,0,6.170259057848,0,0,6.67835469319157,7.32448338736899,5.02539253507116
4.4595662121293,7.72572289672035,0,3.83600551900423,0,0,6.35147890897876,7.92098032558463,0
3.96385615406816,8.31908121962686,0,5.97853127169608,0,0,6.52488301952661,7.96881106892361,0
0,8.66165883662474,0,0,0,0,5.98903660203331,8.46200389641218,0
0,8.80032341992701,0,5.36653660552518,0,0,5.92141754879595,7.29663697256392,5.16894872620675
3.26614101733532,8.50227039833834,0,6.78793516989983,0,5.6719821621064,6.99298757434414,7.13451627943047,5.52875425668971
0,7.79310008700624,4.79413628550071,6.68514908326654,0,6.83225556958049,6.16912944514316,8.01057868842171,5.79994077954923
0,8.03725881512557,0,0,0,0,5.26935188825502,8.53835959423005,7.43547341741814
0,8.01953713364333,4.98319557833747,4.48424471805921,0,0,6.15693661180644,7.95076676363545,6.28155621415356
2.64617479738412,7.61386310632938,5.21705307971707,6.42923548996806,4.46682723636635,0,6.49328474345891,6.68861619905917,6.28951146844885
0,8.11866893973739,3.67882911826043,5.96627493603432,0,0,6.70353161252044,7.45130556215771,6.32283450349306
3.37211180076706,7.47434668065399,3.74573226570672,5.59945845868397,0,0,6.03636620845918,7.8676762186521,0
0,7.17994039143434,5.23846119939467,6.41401617893965,0,0,6.25774421329933,7.80334113665776,0
0,7.65318651296577,3.65996544394929,6.09575699258187,4.62301010411642,0,6.25267429922865,7.97144480506098,4.61204648992752
0,7.11679179229367,3.69037833023767,5.99448498100148,4.66088867474444,0,6.27359373077006,7.94562627236106,5.7317866710658
5.29796730528374,0,0,0,0,0,0,6.82759673126607,0
5.19556455897321,6.55333493438028,0,4.52102741787566,0,0,0,7.06978058666871,3.75817228060989
2.37397508908072,7.27481907147248,0,4.97224090610894,0,0,0,7.41730408796695,0
3.33005935382882,5.71834262598753,5.75028430830762,5.95544869290361,0,0,0,6.75248063440976,0
2.1126345090356,0,5.5536182826613,5.14766888020895,0,5.32437490086733,0,7.67352540101193,0
2.48156774852249,7.8739136895365,0,4.95392383917881,0,6.18725745639939,0,7.10955261227675,0
2.38047163165112,0,0,4.95807804335758,0,5.50182947591302,0,8.0351299363179,0
2.22245904851476,0,0,0,4.60406958054406,7.05264319153021,0,5.56952701043129,0
0,5.8181820149647,0,5.37231104645636,0,6.94370140575561,0,5.29154448226061,0
0,6.2098367335433,7.5128851221985,0,0,6.33656020917294,0,7.90356304192455,0
2.27624111765444,0,6.69261709900606,0,0,4.26521188008205,0,7.05534735525499,0
0,0,0,0,0,6.31920232055211,0,6.97402979241276,3.5240048109237
3.64309726145881,7.9470916192981,3.08602991153477,5.80365797508345,0,5.17942121160418,6.07718342251052,8.11440549583815,0
0,7.08952668447061,7.60195690342069,0,0,5.25603597429143,6.14014313947934,7.32880498064995,6.41089830444354
0,5.4546798841719,8.04047909727901,0,0,6.51941273943069,0,6.43744760351903,6.00620536542948
2.24283508858827,0,4.01512096343171,4.28303468546693,0,5.49194971448786,0,7.7233899673512,0
2.94391252482419,0,0,5.16455737636851,0,5.38893473413165,6.68885272192518,6.37942738008,3.47351804324178
2.32727770558442,0,0,6.04725396875002,0,0,0,5.67184451112026,0
0,0,5.95692486083324,0,0,0,0,6.10584178962953,0
2.47148362945586,0,0,0,4.19539580629183,0,0,7.59635714523418,0
0,5.96939785875873,6.43979755544332,0,0,0,0,7.75377804106262,0
3.28316431475056,5.25405195025002,6.00364012303812,0,0,0,6.20699922421868,7.23551106606259,0
3.78736640082859,0,0,0,0,0,0,6.8843842926589,0
2.84490938381941,7.83393693400426,7.93024937122071,0,0,0,0,7.24682414145062,0
3.19212108755938,7.75162584432621,0,0,0,4.28771595520264,0,7.40652249145395,0
3.89182029811063,6.08566046999494,6.95151375780906,4.90082042808905,0,0,6.11822934789948,6.88836856518195,0
2.43711598595165,8.45083114199445,6.52218102957177,0,0,4.98483873905225,6.09926458471096,6.91701230024481,5.83498616027155
0,0,0,6.60113500551011,0,6.42721634782102,0,8.8890077508276,0
0,8.39856730065727,0,6.53484932193299,5.38651137728395,7.17871328051646,6.37065412380388,8.57023904916706,8.47297376548952
0,9.6424409196108,0,6.53325090257438,0,6.81013142469603,6.40920401609153,7.24926480712062,7.49579746679105
0,9.28683834294891,0,0,0,6.75664164931238,5.93832744869485,7.1499560818298,6.38671095502181
0,9.52249064159517,0,6.3344157498269,0,7.71974715366185,6.06536535494752,5.00253591583961,6.94241754124414
0,8.44703249543048,0,5.16266944995175,0,0,7.16232772748,7.36074626031716,7.16072167534542
0,8.21571235237285,5.58488631971235,6.18614689360016,0,7.24961298787969,6.54701493965348,6.91686367134613,0
0,8.5801078948752,0,0,0,6.69404212139701,7.08287597167271,7.10723708617844,7.03853789718539
0,6.74931039223186,5.6627173950376,6.23924217271386,0,6.45354625563504,5.23723951703945,6.53214504578653,7.216452478649
0,8.42237029287111,4.67002115830771,0,0,6.59271571296339,6.66172685513047,7.69880019781854,7.04867307484035
0,8.71841010131248,4.17377169585342,0,0,6.64454465645469,6.51873422328991,8.10511728002022,7.52479865087719
0,8.23169273750323,6.38750202106659,7.31046325636282,0,0,5.14894690989377,8.32749892285287,9.0134686734008
0,8.32433875812234,5.03695260241363,0,0,6.55960107308698,5.28315296602826,6.27964649460141,7.3344468368713
0,7.18052673869816,5.90274261704718,5.50244118402499,0,6.68477421446623,7.26684829702182,9.11029238647424,7.30465716042981
0,8.79460823787224,0,0,0,6.93908920379008,6.9975137126874,0,0
0,8.86343186645303,5.50084996395812,0,0,7.54188467107721,7.37887078985833,6.81200400190871,8.19515153137186
0,9.66537629185009,6.03010817070019,5.58466104374834,0,6.58965523530882,5.79620971490213,5.94329793848737,0
0,8.89986311900406,0,6.31595456856795,0,6.6195797514681,7.46496245425185,6.80148323689919,8.42584515195693
0,8.67447382496671,0,5.78111381759252,0,6.70738787085706,7.41376532645022,7.05641663428346,7.12441384818054
0,8.29080688806018,5.90044514872081,6.66421767551454,0,0,5.93653306358176,6.30879036964945,6.86998071964417
0,9.87600843624783,0,5.729125282328,0,7.17466305221744,7.55468573124427,5.33508314573836,7.41293901720072
0,8.49208664316632,5.95215182972244,7.37073429329091,0,7.77724786130765,6.51468306080393,7.16138147750634,7.2312363518147
0,8.25214633200624,4.81502584297537,6.44576743729945,0,6.67082969019414,6.84130559941082,6.66213603090274,6.72876018337632
0,8.93157839689896,0,0,0,7.20910354219773,5.65203293585412,0,6.98634462334237
0,8.9546607156499,0,0,0,6.45758564908949,7.17546676003256,3.85206066425546,6.88276562227853
0,8.1783862314483,0,0,0,7.29911470136272,6.7980408543591,6.94678366594962,7.52853067165553
0,8.41744357186565,0,6.02772414972829,0,7.1410313227749,6.25117143772924,7.85339119805076,6.96165617063093
0,8.37171182426881,0,5.74159193605175,0,7.61402596835846,7.27646649549599,4.9750081164531,6.69140112744397
0,7.7992490928263,5.04336059870896,0,0,7.0095895848634,7.11184648147087,5.65993507487592,7.65251720225958
0,0,0,0,0,4.77127766891902,5.90770243100265,7.28173659992022,0
0,8.22924174935439,4.76447896847297,0,0,6.72088338508936,6.72989575250807,6.73554245633647,0
0,8.12577890653073,0,0,0,7.4454876477032,7.09398585227281,7.165933872662,7.13623655924083
0,9.63293787882465,0,5.79560171974736,0,7.10599939631991,7.54706382325538,8.72739901003262,0
0,8.19722481379961,0,5.23372551065486,0,6.39879458182566,6.70945067101485,6.15746615503484,5.74754414409507
0,9.0340291170776,0,6.93443615756347,0,7.47230743441134,7.30807383293742,8.23437128918004,6.77348075315967
0,9.54176417237517,0,0,4.54775291511814,7.13830334906071,7.046847431881,6.77763520404862,7.02178907278456
0,9.24507990578008,0,0,0,7.04958464797473,7.54353284693066,7.75033057703393,0
0,9.02605448715256,5.90022606667371,6.88070263370413,0,7.49199677831539,7.48617038995185,7.08383237967876,8.26880618832761
0,8.74375808326442,0,5.71548045240201,0,6.59601272743483,6.8129829545077,5.80561678053747,7.44918381990611
0,9.01629677978704,6.02601089086057,6.00470155013998,0,6.79305124832116,6.446973002078,7.78872552193064,6.76198934868927
0,8.64481390031503,0,6.14003540291668,4.13612609623706,7.2877111077851,7.15799246057446,7.34351678132165,7.28552025644802
0,8.93335950351727,0,6.0529828870864,0,7.72676388804974,7.38889047184391,0,8.09028889758038
0,9.60398253030764,0,0,0,0,8.11282747875137,0,0
0,8.17967080357921,0,0,0,0,6.60623117950825,6.23615430284318,0
0,10.0286742246251,0,5.24707670235444,0,6.32231386183536,7.30417964243815,6.6360646589484,0
0,8.15852769621564,4.97085442408441,6.51161159113304,0,6.56648957201686,6.75342624991827,7.96258285527922,6.67738568257619
0,7.89195135786948,0,6.6742962051404,0,7.08059031401352,6.25783998681419,0,0
0,6.87180680620592,0,0,0,6.93208685079537,6.51508299267272,7.68786425196908,0
0,8.60918149626191,0,0,0,6.73003910113217,7.75849150711647,8.93408081351074,8.1910086544755
0,8.56332076642001,5.17671454478879,6.98672356351595,5.24923215885755,6.68322326419849,6.35172306237807,8.01237945995671,7.34305746776092
0,8.68500498894249,4.61818512306559,6.35673246546473,0,6.5124582997896,5.62754916865661,8.36143722380372,7.86349746661722
0,9.33627674532227,0,0,0,6.84307808156279,7.55023528489013,8.21139602697927,7.83761750016637
0,8.21296972805129,0,0,0,6.72559770874165,6.5245603395197,7.80452878282987,7.10722070294177
0,9.69721955469656,0,5.48703509084723,0,7.30000680428405,7.45684731454684,8.05319708084038,8.81541007734328
0,8.37711239821356,0,7.10067876947153,0,7.41362062086554,6.62968024414171,7.85376790659349,0
0,8.8136689855125,0,0,0,6.91872489217072,7.08170018270892,8.92662110389967,7.45640833804813
0,8.46573777862505,0,0,0,6.23951532212829,6.35222861915501,6.49776997014222,0
0,8.05100626926863,0,6.48280149429011,0,0,6.11131211681324,6.37109889518162,0
0,8.43580958513986,4.92085645484947,6.23156353907161,0,6.49746856559476,4.89925670611287,0,0
0,7.81102561216388,0,4.92282359693586,0,0,6.12763308440779,4.89290225718991,0
0,6.85935253975397,5.19440025312826,7.18308132922433,0,6.9720625233773,6.2565750372435,6.40861115998998,0
1.708377860289,0,0,0,0,6.35836206206689,6.36459583951721,6.70812071321884,0
0,7.67990770616204,0,0,0,4.76958232223848,5.84992978421475,4.72055033702816,0
0,9.43952165942262,4.9119193211571,5.56360044405634,0,6.72496161076112,5.88209601005262,7.04329091177483,0
0,7.46200814067277,0,0,0,4.28744119218401,6.78256613569013,0,0
0,7.54638291376628,5.63582478147297,7.19342282363471,0,6.42144339002022,4.98127513878977,8.27811840927063,0
0,8.83818188860976,3.84374416467485,6.43192671771177,0,6.21933689999528,6.53513966933569,7.84077725962799,6.10208868556589
0,9.14126463991353,4.53785447870322,6.20368869817291,0,0,6.48365765872597,7.6811220746435,6.743198981341
0,9.04731543212382,0,6.66491909432219,0,6.28301413108625,6.29850797303838,7.61293972015259,5.8967966609889
0,9.04752257429235,0,6.06543500980771,0,6.30729666297611,6.88739949872506,7.53392362993905,5.73583008662498
0,8.8590651091986,0,6.45219090019841,0,6.79959083599158,4.37889674166495,7.27851851524385,5.67108709181806
0,8.25611410075899,0,4.19720194766181,0,0,6.79830864873925,7.71523510499811,0
2.51930807650533,9.1856264841595,0,5.71554634157644,0,5.22853847194012,5.62079933704154,7.07193832307284,0
0,7.66451086075219,5.37837545871862,6.02924191144201,0,7.6759821023281,6.70296722995224,6.86096760848326,0
0,8.48418227748774,5.17133590478725,5.75912256968937,4.26084721282216,6.96207299519173,6.20963575679563,7.65173339705917,7.23980345816248
0,8.41734854644628,5.37128897900386,4.68969514105778,0,7.61752847812756,6.35543034803812,8.61450137388324,7.49220304261874
5.02183896460358,0,5.12918840354007,4.61551647804224,0,6.2761358417134,6.16074307892998,7.74254524072613,0
0,8.21781093801622,0,5.84299354068916,0,6.67457401799734,6.60074086863078,7.31222656007446,4.63550538578416
0,8.15088052490013,4.32347018521386,5.97673154750592,0,6.67025922144353,6.10372122945365,7.33271577765163,4.71912367606394
4.67534902060934,7.67555528323724,0,5.23824884008192,0,6.78599434195653,6.82661029736116,7.86285510084284,5.39503564542447
0,8.72044255924313,0,0,0,7.64680751339946,0,6.95668829009132,0
0,8.94385994773429,8.96461501001092,6.57513162704911,0,6.99926734598819,6.00760852893129,8.09630272179033,6.13876323412886
3.7227976723174,8.60100294868671,9.04148257068468,0,0,0,7.04530608293933,8.66707419771785,7.41999190681352
4.25858700561615,8.15820127966514,8.83369447228912,5.43157997305281,0,0,5.94902666441001,7.80396166388085,4.66504158302548
4.58893917287767,8.94380903731899,8.55900669422965,6.0753230423187,0,6.90104280062256,0,7.89870069068099,0
0,9.94552161220855,0,6.38549789425373,5.01216745307433,0,6.31943647251781,6.97680548215893,0
5.24343870503805,8.31111076782195,8.28877324437663,3.6609942506244,0,0,6.22523147005932,8.124079489667,0
0,7.70089710463146,9.29699501867846,5.38440331546117,0,0,6.87224208447997,8.91361620942903,0
0,9.74246749916209,9.40471400979428,4.72215290147371,0,0,6.24072408777496,7.38266560069957,7.22204033322845
5.03636801599186,8.26637521131311,8.65243012877212,5.98532071234749,3.57710955327093,0,5.50533153593236,8.05222963961494,0
5.74027511101523,7.1767360674365,0,5.79815281901412,0,6.53490739815805,6.80702845561565,7.71024105214912,7.65068736688567
0,8.39272687229077,4.48322851518285,6.12183469826984,3.82472067702535,7.10724527769613,7.08513129338308,7.28075229028572,6.12194441355877
0,8.6770884821819,3.64283551561253,5.5969022863621,0,6.57133104120896,6.69995590140253,7.6719152895385,5.27928744064123
6.03722632080464,8.12020207738745,0,4.82542958212244,0,5.71696190976832,5.68143461099229,8.06280461025341,6.70339668044627
0,8.04109744283793,4.35414143118435,5.20323716029777,0,6.89532838397401,6.51060054386967,8.0129624402612,7.2076746690984
6.05286533821532,9.04163055370597,4.40476612164337,5.68041148833296,4.63589335863093,6.782656800604,6.01202668982086,8.1046370009054,7.41485597380626
5.99752116869051,8.52193791738032,3.69411572090918,0,0,5.63650242117292,6.59557557492996,7.4121603349452,0
6.7008787001318,8.10727417938716,0,5.01050195187324,0,6.09863592216977,6.28213589721407,8.02857579589892,3.19335286763712
6.54218373453565,7.54430565267729,0,0,0,5.8553870587881,6.47239266127757,8.40468496943713,6.06814777187894
7.16947318075611,7.83896614994667,3.7497393423707,6.37693100870946,0,5.56187322847351,6.18805876318866,8.23388288219991,5.90266065543249
0,9.75543408023649,0,4.76191749166262,0,5.81413053182507,7.41887086070626,8.50774469462329,5.83650520706984
6.49340582166044,7.99930266992812,4.96347380291864,5.72821489079679,0,6.19910859937524,6.15647038169225,8.14677857469967,6.96149507823462
6.96001560564322,0,4.54849400879453,5.13838332863171,0,6.65225639377428,6.81125539175651,7.95133395364697,6.48849039038745
6.57140103539947,7.94025269360991,4.01457959375324,4.6290820060344,0,5.08963130032275,5.7686022062504,7.95299140384105,6.5686676251371
6.09586960646277,9.14978431030945,0,4.23352662635544,0,6.03832427776047,5.6052872279071,7.75429713938764,6.5631782873844
6.29506302881258,9.13765892031964,3.32934327789417,5.28421844216853,0,6.18218820716608,6.80712798836478,8.19362691347382,4.75763372911456
6.40214934225031,9.03196820606103,0,5.28639659565234,3.31491301306514,0,6.50964803527717,7.07920966808979,0
6.9636723671405,8.67304585062597,0,5.26600076507149,0,5.94489691129165,6.40148592629736,8.07577857392888,0
6.45741309059566,8.8385387372053,0,4.70736569830276,0,6.05185384712077,6.32681115044169,7.06559628403256,4.4312928759768
0,9.71356115208211,0,6.12029741895095,0,6.75384623662486,6.8138620947652,7.69654440248875,6.87100830361502
5.08103162471799,8.42375685487052,4.06628796443958,5.22116630735962,0,5.97977144851694,6.35915855752915,8.1916403209323,0
6.81423549546143,5.75555232214095,0,0,0,4.49166548519127,5.58941858704547,9.28136717362412,7.74875765001017
6.56173762951739,9.01660512614255,0,5.68075264554151,0,5.15513959687171,6.50765077711607,7.34470613416957,6.57855652632742
6.79930109397139,8.22695318356871,0,0,0,4.74353985525286,6.92803818308381,7.94279924238708,0
5.49133155288073,8.92991457562585,0,5.69032566996959,0,6.10713424011696,5.55813994212074,7.83236729275717,6.88152423361068
5.85087976629411,8.26757731977091,0,0,0,5.85277702733409,6.42766899012817,7.96132138602316,0
6.33379459321336,8.91770873729214,3.13505933877509,5.57825704386166,0,5.7145245711881,5.79286115773974,0,0
4.7211738617444,9.12008628854689,4.14218189163626,4.55534949100414,0,6.54692887249235,7.03848525129044,8.30077944408651,5.6987029289129
0,7.82066429930988,4.48661184986396,4.41582401425717,0,6.0084199877574,6.51189390701667,8.10905350982297,0
5.40560103176771,8.37410542461314,3.95105139239562,4.40268673737018,0,6.25546209243046,6.87878980068912,7.85877588604398,6.43128277158781
6.02579350743157,8.69180006643025,0,5.32641879665891,0,5.5344955961327,6.60621766023992,0,0
5.71765250617506,8.62391258338331,3.38946212544373,5.03870431402385,0,6.14461472660166,6.04767946043572,8.05811209355088,6.18982348159956
0,8.85571190400489,0,5.93919709417151,0,7.52493892073504,6.8078907438281,8.13769110809523,6.23276230900223
6.84846164600694,6.37976654133747,3.67020618884832,4.57306013206986,0,6.15719082755224,6.00807581291318,7.62891637974727,0
0,8.49045077942177,0,6.22158371215862,0,7.27958087004606,6.36178595308056,7.5097844801733,5.62916668127541
5.83331839600524,8.24380579485005,0,5.05260862557368,0,5.9376153576226,6.58375494385624,8.11029806131384,6.96290612344699
0,9.78372380656756,0,4.07005186965306,0,6.97300916918223,6.75419609085583,7.58160750335911,7.39712026170649
6.41052021706798,8.72649255263769,3.4980215662977,5.61887796756576,0,5.62412580357206,5.76753944045895,7.63848240429386,7.267630097856
0,8.95043428371639,0,4.93698875392796,0,6.36009276516417,6.73005104592335,8.4731472555775,6.07527706319321
0,8.50562048522362,3.56473246137105,6.34134647063911,0,7.08339623685185,6.91309101857166,7.84698098213879,5.61963970654377
5.50154388402189,6.31184369614647,3.32862668882732,4.79223049712922,0,6.13746784122783,6.97805529578229,6.79474334350461,5.64473993402242
4.71742686833376,8.69704169272779,0,6.54969365976778,0,6.81857427733089,7.07276959241803,6.70075570949123,6.89027335676562
0,8.96598339866278,4.27499806191536,5.78539318314292,0,6.90186798281325,7.0361045174098,7.97225220001411,5.99573043525503
5.08555722061351,8.3836823700087,4.86991622715682,6.25803150633062,0,7.06087971811879,5.35029292813838,0,5.53973296264969
5.00085428224115,8.14533499158065,0,6.0390158489662,0,6.27444181932364,6.17030087086022,6.67428357544926,7.35296660316837
0,8.63369896727906,0,5.32349766507834,0,6.3880066298373,7.48593483190253,7.84541603659248,5.20296218573118
5.53875058639921,8.07823851572081,3.42978483851407,6.00052339159633,0,6.58429403115306,6.44019665826549,7.3717471236089,7.28597936339031
5.04831636106394,8.13372242469034,3.98173561783945,5.44587493090565,5.07060087526369,6.40544331098135,7.11739202267036,8.00383101999825,6.822393449831
5.28193388729751,7.83855622664389,4.40097105067482,6.16409344818101,0,6.18775064425231,6.73194845515743,7.82846025373471,6.80313893080744
5.21384820992159,8.09059841588351,4.30325395350849,5.32252205524485,0,5.52505445337238,6.53991827033721,8.02954032666108,7.13026663050016
0,7.10635200707819,8.8590125353163,0,0,0,6.32330105532467,6.5442427260696,5.1834675248691
0,8.84014587794994,9.78922082740731,5.53216344099538,0,0,5.79687808289396,6.88977459094619,7.11160183514669
4.49054466014679,8.43118858019511,2.78377591163035,4.82157105643491,0,6.53834240816647,6.51229495569004,4.96501011606998,7.53329790960492
3.93064846955131,8.28955455231575,4.06560209335645,5.71998385399421,2.54238908520136,6.71351497527465,6.47652610948729,8.07176821704843,6.73467489075412
4.73145035189842,7.62195430623869,3.96688990686899,6.40707798626796,0,6.71019418812866,6.494479748782,7.79049750030254,0
4.59653299259243,8.86266764337593,3.41542896390888,5.52005993694662,0,6.76151489675913,6.58271741998659,7.15274642404612,6.64137797302419
4.72570498761683,7.58475275220239,0,4.93209700976577,2.16905370036952,6.45286880754025,6.78284943625692,7.7198403836136,0
5.45873408795394,6.24333160044131,3.3261145755378,5.45660234551375,0,6.38281382738073,5.86112804537998,5.04716006877863,7.72054598563453
0,8.38862318502112,3.71722392712308,5.8406416573734,0,6.79528062888322,7.04494870815834,7.34019332459173,6.0606174057963
4.83445484205906,5.54463041988889,5.81868729815695,5.3510521215319,2.41680623708407,6.38931742221401,6.00096923412223,7.61230717780552,6.15251990610877
4.42508612413433,8.08826701205926,5.32884657158286,6.91250398600434,0,6.92532993599865,7.77799788386444,7.95155581002229,7.3469323652425
0,8.8985568454987,4.19554644273107,7.11116132087995,0,7.28894818611458,6.33347499093791,6.62446355483165,7.04417250358512
0,8.14554963178358,3.39852715310628,5.76371666209924,0,6.34765187217996,6.73241330811136,7.83753857543684,0
0,8.79505217491926,4.03777421073371,6.03779931831346,0,7.05486408002035,7.2905384184666,6.9317842567815,0
0,8.35992164675246,0,5.77019424017545,0,6.24461340290852,6.36993522881717,6.86475382783743,6.4462117618541
4.37235501497715,8.22044077414331,4.21980177957905,6.43631061194,0,6.63504063365214,7.13132274043375,7.11463935860434,0
0,8.18291135411793,0,3.75138465946533,0,0,4.85023177260323,0,6.12606099735722
0,8.30108731745368,0,5.81389169733623,0,6.88694013926822,5.59545459777057,0,6.78844232359517
3.24882290123615,6.06715162895432,0,5.59038978730111,5.87751166703195,6.92439605013026,6.3525074376634,5.32403384505267,0
0,8.83341753019448,0,0,0,6.45042302765615,6.45664405898823,0,6.96317106421535
5.59050178819724,6.69850230534476,5.81883586228493,6.8399474193769,0,7.28665051354768,6.82157628274024,7.22772785606994,0
0,9.02544951736155,4.59864896899783,6.38987147140424,0,7.49877006123568,5.50861880984895,0,6.99132407040145
5.07135402913096,7.86803227379463,5.16369966982309,5.90647839070131,0,6.76637602947057,5.84897889881123,7.82434596586529,0
0,9.04345899967011,0,5.28851952406793,0,0,6.78853245733116,0,5.69873643143397
3.46009502290964,8.60999841826212,3.58490686373096,5.73927831034104,2.89480635496403,6.47757218296165,6.42436646652627,6.93999979186036,4.96249491876832
0,7.69637626232307,5.08258379340884,6.49859836453542,0,6.77600515609714,7.08764889070142,5.31826704185566,0
0,8.22930309732946,10.0404848071163,6.22305234520485,0,0,0,5.1815026119562,0
0,8.81900151687409,10.4158200404119,6.02526192669127,0,0,6.79786228492301,5.73566866351852,5.8419779734076
4.22916678802955,8.29395213534859,9.03537846638827,5.58533671944972,0,0,7.00509067936941,7.16197880506517,5.43694823471726
0,8.82176187902444,10.6060824624187,6.05523715000505,0,0,6.63372624485078,6.92885118727687,0
4.46912134152481,8.08806429130026,0,6.11162253810177,0,0,7.17859887669373,7.06168593460585,0
5.08870682951641,8.63781131551984,0,6.05966043442073,3.74502346473198,5.67129371761947,6.49792063835603,7.6667838286556,0
0,9.120357675896,9.03500316770867,5.90587942526004,0,0,5.88287660669108,4.80631349702263,0
4.46129981556839,8.67744124442466,9.28283776212444,5.6669109998803,0,0,6.46928132406698,7.50207610523519,0
4.8539035083013,8.85104628679386,0,5.69066346216305,0,0,6.79364548869205,0,0
4.95899106094392,8.15973794311923,5.60005026222248,5.86334704432754,0,7.15023860539493,6.33547969289992,8.62052565195982,7.49109875418688
0,8.62158023340228,4.89664505667857,4.7014798661255,0,7.14633113732597,7.15808589014031,7.47524852950513,6.29650140038165
0,9.19157642506472,0,0,0,7.61987631212681,7.06510939375691,8.06903872134199,4.82422539139369
0,8.49691088909439,4.49367980995473,5.73353543280555,0,0,6.19801112751482,7.51280321831539,0
0,8.37407311682142,0,0,0,0,6.87749192860483,8.39738210064561,0
0,8.29894264978189,0,4.94911443744801,0,6.71288329400972,6.52367977355244,8.65684034459467,0
0,8.82246809842853,0,0,0,7.02353631196785,7.10766295614712,8.36400704627581,0
0,8.55488966658571,6.41785909839718,0,0,7.39184054495794,6.74262116817083,7.68961821658383,6.62565758482426
0,8.5654193870615,0,0,0,7.08079219996547,7.15444346714146,7.31261353632695,7.21320850491904
0,7.05330046611302,0,5.47993033902207,4.64631212931927,6.27149869862549,6.31461631605341,9.00079889163026,6.62104606648195
0,8.25878250126407,0,5.36068165074459,4.38589414620037,6.28984543260647,7.75506885353159,8.00249005982379,6.78483029614477
6.20641462339366,7.46359250857748,3.48000856208645,5.67500569988478,0,6.21620681978589,6.39417586701953,8.04123909319358,4.99437040163022
5.21710731112249,8.49388566914524,5.16031886839075,5.84226824074586,0,6.97154664606962,6.33730349310621,8.53748001519587,7.80361878854125
0,8.72674722205141,0,4.24978013051223,0,6.4606866210189,5.63293073368425,8.16090388739459,6.92903720373497
5.20312717954429,9.18562853420101,0,4.64851699049146,0,5.96640311651261,5.31404306700952,8.03047138905092,5.07916583650336
5.1054605078387,9.03521883273525,3.67478052973443,0,0,6.42441511215101,6.35619446248406,8.14615849511258,6.4145239636171
5.61071644153665,8.77139190060144,0,0,0,6.44105817714455,6.28823023829281,8.44995449475032,6.65180440469181
4.32492704263331,9.45100945015621,0,6.14848966321073,0,6.43403274316765,6.20879121310063,7.88270729482099,4.87397520267018
6.4992154487569,8.51256248623154,0,3.39551459852666,0,0,4.03883185229184,8.34966172009492,5.16552855528457
5.64678875313608,9.04800966005848,0,5.69967404661166,0,6.33146626207184,6.91598135187935,8.34557890664596,0
0,8.46911367467709,0,0,0,6.65780563324742,7.45714178287485,6.7335209323708,0
4.81332191948306,8.93362329694745,3.97499780458953,4.7518645651389,0,6.86605790142593,6.78229409161731,8.3403653166793,6.67741086356454
5.31973633392134,9.15063176798729,0,5.54435679533915,0,7.08147326430192,6.84157274052169,7.15319247009017,7.27820096945591
0,8.7274897726657,0,5.81651574464344,0,6.65853722320465,7.16183920200298,6.59729575884037,6.84755931527868
0,9.09163453567022,0,5.75498243135459,0,6.20089449533443,7.31078408838995,7.04981024254754,4.73567199405225
0,8.26149803890201,0,5.00327493968996,0,6.81007629577704,7.06605732993187,6.28286469892817,0
5.51161258180743,8.26113380934037,3.10009228887823,3.83945231259331,0,6.49561292762065,6.92567377948448,8.57270925734086,7.72775975484454
4.94371170873068,9.14877343131677,3.09421922026864,5.25122575901419,0,6.46349736615482,6.78894922021601,8.38418052137475,4.95484065577394
5.9337824667669,7.15871631149278,0,5.20992321578544,0,6.3100455428553,6.79724820917143,7.32257648201433,0
4.62536489327361,6.04708845085598,0,5.62880746006313,0,6.03949251611856,7.23808008739802,6.48333668295689,0
5.89967815147727,8.1014746965381,3.84267292729335,5.67260135717263,0,6.60397092450427,6.40256375383324,8.0565504123834,0
5.23973440911574,9.09975512001219,3.70868208141012,4.91133047968565,0,6.23805115014866,7.09788791636785,8.60024490594611,5.24037040659319
0,8.06242648838022,0,5.02775458590364,0,6.02482678671438,6.48211297343516,8.05649968813625,4.49121730591206
6.36851303377103,6.66102319285931,3.09421922026864,5.54482582016698,0,6.29417684764132,6.21863995953556,8.05117202164134,6.57088296233958
5.73824831153748,8.32595035811103,3.47537677983641,4.27597143333338,0,6.13770545558085,6.43765564512811,8.18927506385928,7.3128069683112
5.89374145857937,7.10798223964493,4.56632540216452,6.60841889138688,0,6.22517210232567,5.86490876821988,7.86014647648101,0
0,6.55367696089067,0,5.53097551023083,0,6.79775066283065,6.82968562356021,8.18097892151875,6.39359075395063
4.55282370561588,8.52331044282339,3.98005541581997,0,0,6.88115459718496,6.64841443935604,8.77104284773345,7.20134983818552
0,8.47807599290513,0,6.11383703509817,0,6.75631592019978,6.75989311823975,7.16469717664654,6.09735492236541
0,5.37124249656259,4.97921342408792,6.52165152435259,0,6.41043800524094,6.93757618279439,7.29129510856314,0
0,8.39268836505764,3.68637632389582,5.64981895171277,0,6.50184507183209,6.45890238753099,7.65699919889395,5.78919535250433
0,8.50711255207329,3.85777799057575,5.69480899985709,0,6.6250607480414,6.70714347067499,8.99728699322198,7.44944564799128
3.68587494509364,8.34785814369724,0,4.79793700064358,0,7.41556636358726,6.60170554917217,8.1832018747665,5.52811870552631
0,8.09664997786167,0,5.77249975261519,0,0,6.64080350797895,8.50112478323717,0
0,8.40470511270049,4.50369101703824,0,0,4.73356340075649,6.11620112850931,8.96036761468068,0
0,9.06035550309704,0,6.26166342529791,0,6.74374111453047,6.80909449215817,7.58664632199388,0
0,5.66438307887346,4.8004902285677,5.97520812458846,5.71360078359354,7.48261429633025,5.65048717759798,8.0243351790007,6.17513935451182
0,0,0,0,4.64314011723972,0,5.30056483908852,7.49375145302285,0
0,8.10221396729937,5.15022330830331,5.45749823090035,0,6.318481508887,6.60262859692398,7.98511669214872,0
5.25957653823161,7.59802331879124,5.13867664397714,6.06550465981645,4.29524250458899,6.53451531816871,6.72176299329872,8.72921108144699,7.28824440102012
0,8.14490557291407,3.78827219799197,0,0,7.86604746953515,6.52445764676898,8.49414562499515,6.6015561525306
3.84245854204224,8.62962325880136,0,5.19473305029147,0,7.54062683931751,5.14574876790343,8.09380440967235,0
3.8655601310178,8.36915943169561,0,5.73734619149434,0,0,5.44341288616588,7.08017800359684,4.90201019622464
0,8.33104672898815,4.32240931785538,6.12426754952075,0,6.70484318457217,6.60992859013831,8.40916913167217,7.47022413589997
0,8.91261469765496,4.25390913189344,4.75151908232323,0,6.69797207936976,6.80708375281044,7.8428520633053,6.0763110825181
4.74258154181105,8.46181577888678,0,5.6478468423259,0,7.48322191863293,5.76788340006272,8.44689947419624,5.72329094104424
0,8.51321127409565,0,5.46340798641363,0,7.08315292070327,6.94493545010642,7.17346777800492,7.01306979358193
2.92959247104945,7.66102813337526,3.50134433026709,0,0,6.70100167564753,0,7.81863539986398,0
4.48818683050227,8.43181175807372,0,4.87351652213313,5.5792391395816,6.67642833485991,6.18943386987347,7.92803118116014,6.21003766990743
0,9.37602428761711,4.18448991207345,6.96635432128507,0,6.96704253633701,7.21446762171566,7.54608718076877,4.19026061905193
3.63679637424371,8.39471364439543,0,6.63148781134561,0,7.21340005180809,7.40093207436099,7.65863820669308,4.7823954453573
0,7.96929893710508,0,0,0,7.22427259099624,7.43517249784105,7.55961681588651,5.84125193623165
5.42873140526997,6.07679325921076,5.12002767086745,6.63890804540892,5.59604877485282,6.91423424507985,7.0340618855794,5.49978774218075,0
0,0,4.87045326349639,6.48865766914268,5.21526179141071,7.38903262045125,5.72554396643771,8.1440461819835,6.0948105349666
3.6793340412704,8.96944773340839,5.83422577068149,0,0,7.35158175675474,6.04668636473318,5.82126917011187,6.52991506548609
3.05588619637374,8.59539790331762,5.16135151147488,6.85895361474658,0,6.82462363879829,7.21685631880722,8.64689601441228,7.60701871704732
0,7.96792468524152,0,0,0,6.49289113802813,6.80406004264337,8.03515908531299,6.79986935494102
0,9.08959771094618,0,6.57633028358244,0,6.76416200642594,6.09314078413865,6.81520129737153,7.06081965470897
0,8.55796462465829,0,0,3.83254680392635,7.46616462517358,6.07373553954078,7.87888640683417,5.73376190039739
0,8.64976237126249,0,6.44497350921938,0,7.04987964602468,7.02290373607106,6.93038723328848,0
0,8.68456522552812,0,0,0,6.79718119627142,7.10244174094622,0,6.87693518164225
4.55398214921866,8.39361891887219,5.0064264493222,6.36416538762217,0,0,6.31158960804913,0,0
0,9.04653826661911,0,0,0,6.54451597958584,6.71007233795548,6.95892356555654,6.89556123288143
0,9.5498152390445,0,6.92440588505112,0,7.05000109052036,6.86980415955357,0,6.91614994497041
0,8.87829950232912,4.04392807630808,6.07991031153857,3.79930213536403,0,6.14326246135164,7.15630923399352,7.16817149338546
4.67637394499442,6.83009639440991,0,6.03987368631567,0,0,5.25624459012613,0,0
3.1896529661913,8.5068357376998,0,0,0,0,6.96267897547804,4.40317639339662,7.81440771131629
0,8.48955885619956,0,0,0,7.04153414098359,6.69409165086706,7.85469935949439,0
0,8.92898093613222,0,0,0,0,5.74983874641489,6.44606896477644,7.60780359185538
0,8.35820214924656,0,0,0,7.34282449574886,7.11819447058471,7.5063664799674,7.86338210196867
0,8.36961850891211,0,6.96157088965375,0,0,6.85601978157408,8.41299866239838,6.79453058826751
0,8.58001398810953,4.69208155797739,6.0524420478318,0,7.27233589061684,6.51290364813358,8.23070507258475,5.9174411867592
0,8.59462079036401,0,0,4.59592760462116,7.23114951296584,7.43623416298545,8.76968426051708,6.65154603346259
0,8.43810452849724,4.254193263164,5.69796558933464,0,6.28121946972069,6.7407321029322,7.47867267674402,6.04867157087756
0,8.24329567393507,4.59713801429083,6.38522812524181,0,6.1054849574038,6.37727101755296,7.38526193995527,0
0,8.60396520642774,0,0,5.25744328733806,7.95768139807319,6.12014356096157,7.93283583969235,0
0,8.85053338545165,3.76143264679564,5.24560200887604,0,7.3819687842514,6.66351576437319,7.93619185402413,5.50671269551334
0,8.7937637591133,0,5.53520601965392,5.90990193496462,7.35680974891498,6.85994013932178,7.66052893631863,5.47909606708448
3.90801498403061,0,0,5.32154549266724,4.60256680011798,6.51938324830015,5.50861880984895,5.72257151655278,0
4.20215208152298,7.68110361620038,0,5.0641128678744,0,6.14504363503628,7.03351530259097,7.80016716706626,0
0,7.39257362636589,0,0,0,6.72783882760203,6.34745925974185,7.77533884324255,6.31839137088566
0,8.42442637452069,0,0,0,7.20746720175524,6.19273051990287,8.36709097216884,6.72148593994009
0,8.4477552208874,5.13409109802317,6.48785143217183,5.29616505197989,0,6.60813556895731,7.77250847611818,0
0,8.34505639344061,6.31580997893116,6.53035270863886,0,7.37187286943902,7.18082358866552,7.46686808329965,4.12519702570487
2.7330679640775,8.42675193912341,4.58097994718687,5.52489501459653,0,7.34477073240089,5.90069155866607,7.17553561922701,5.35005556195245
0,7.9736721848121,5.44267741705487,5.76941414808503,0,7.73717571482337,6.69903225032916,8.35020310470516,6.2688121524357
0,9.12324208211883,4.34717635723814,6.4606866210189,0,7.68059587545112,5.67860140945894,7.63137831688818,0
4.30420021920937,6.41823442170998,0,5.9215247989033,0,0,5.90699539048153,7.65660676111749,0
4.83445484205906,7.87279045969508,5.42679852819658,5.19495485355288,0,6.51340813660782,6.05310042214136,8.0820654656779,0
5.33777843542895,6.14970684483849,0,0,0,6.48870328576538,6.25896942212094,7.93455644290135,0
4.90096922654182,7.63177593120754,0,5.69228327826318,0,7.03474909816657,6.86398101413061,7.76647621829407,0
2.83321334405622,7.95054825681153,0,3.50375396998725,0,0,5.93753620508243,7.89753807909442,7.15770433111668
4.68508980916396,7.52808980195227,0,4.35375575270685,0,6.06738337866567,5.53255910452828,7.60960448683598,0
0,8.42231531815397,0,5.06037738599107,0,6.25787829365197,6.7493455422345,7.33268308733678,6.12481467330474
0,0,0,6.20263672664097,0,0,7.17172594480349,7.02864459625759,5.75874403273018
0,8.32619732131235,0,0,0,6.70256215049589,7.04366633795343,8.19890344685117,6.05622179432326
0,8.38218642524893,4.10841181943354,5.04387662787606,0,7.24695237123857,6.35523922816194,8.54562708934544,6.89431536661543
3.62593965434006,9.19949274867653,0,5.98343237541072,0,6.21478808222414,6.71765958171413,7.87070819820249,6.04025471127741
0,7.18935639986792,0,0,0,6.17709312965943,6.22410287998398,6.98841318199959,0
0,8.32181800551626,0,0,0,6.90637432590521,6.72141365252529,7.52131798019924,0
5.30215997426549,8.69826062879775,0,5.97561459767792,0,6.97074885730992,6.85739838813717,7.69640353021649,5.79319651848434
0,9.17964814765444,0,0,0,0,6.89056842755932,7.83655939092448,0
0,8.05754535536716,4.48198508541771,6.39876131004512,5.04908648047051,6.69004693015787,6.27917786907149,7.53044244089231,5.83396242413054
0,8.12994121272743,4.97756098636683,5.58327071942856,0,6.98640933061133,6.85120609129095,7.80982131791917,5.53042065923372
4.05923538510853,8.37401542173991,0,5.11150574448122,0,5.95053838049534,6.08606993314898,7.82714919100843,6.05361741233007
3.10458667846607,8.7824624630308,0,5.63789192883392,0,6.57242239305435,6.393908429239,7.95479002234091,5.99421077277601
3.210036876201,8.03652166192599,0,0,0,6.9191402238487,6.5792512120101,6.88392354572879,5.37989735354046
3.08739946207981,6.92207229957693,4.10956152802696,5.99737206332244,0,6.60413350850636,6.47999854859812,7.42033935576299,0
0,7.87713928430912,3.74950407593037,0,0,6.23807068654986,5.01535746043159,7.92296421934446,6.11162253810177
0,8.9261322583359,4.13292404418958,5.86737416187693,0,7.72551103698835,6.70397308114655,7.50398398712826,0
0,7.47524852950513,5.38132490553164,4.11838655670234,0,8.23116042477824,6.39754613182206,7.52506838314258,6.34180446708884
0,8.15880821477607,4.18920009323478,5.83410873633178,0,6.93087592497285,0,6.39168258002916,0
0,8.10575729356688,0,0,0,6.92614514409373,6.67181773243099,8.04299517802698,6.94986604268252
4.25532898162792,8.04772701771539,0,6.11814124993449,0,6.40575724381883,7.04318611651847,8.31834949264544,6.69373250661725
0,8.656817733048,0,0,0,6.67236200523901,6.51693244761084,7.26391809180411,5.96832385466634
4.24448722065182,8.43058028048301,0,6.48019792439916,0,7.02802411137308,6.39315587679657,7.8173798412371,0
0,8.7911728126068,0,5.48724207447556,0,7.1697579396173,0,7.74313525987549,4.4125558397087
0,8.63058258916592,0,5.8155325336357,0,7.25288280740666,6.65621225314623,8.16047538941625,6.13185672562522
0,7.1491708750838,0,0,0,6.26294101521283,6.3514265826368,7.54039845545104,5.88596513291531
0,8.50513680438283,3.66407433519497,4.7434527737881,0,6.87866626637216,6.99135166485497,8.15102763950701,6.34565390453435
5.44254757221927,8.6561147807937,0,4.79942031364732,0,6.70302859131546,6.36902731361917,7.78393626262842,6.45441209062951
0,8.16264170562931,3.90921907809541,5.63282338571571,0,6.66862207174827,6.73369946660522,8.22969510203853,0
4.05421677113132,9.03297172922807,4.19569705648239,5.46569447595617,0,6.3290611513909,5.26227559520077,8.15158417149096,5.06940722033949
0,8.70913169016212,0,0,0,5.91905513158984,5.97703595378918,8.1184901687872,5.40658864183182
5.90394394957849,5.91263776656201,0,5.63635979833877,0,5.80648947284846,5.71237875388156,7.16272302576095,0
4.94057041964797,7.79127072126103,0,6.41249127600017,0,6.55731798326042,6.97011956317869,7.58202030847764,0
0,8.67042401973836,4.0714170575784,5.5419691784936,0,6.8426192460366,6.43380788330258,7.96424959482388,6.63444937247486
3.33861250647053,7.98849547567101,4.86861079406684,0,0,6.56386963080502,6.56259944885712,8.17046574947236,6.70413245248824
0,9.14642245822201,0,4.29155473150981,0,7.28451908375812,0,7.5136164994034,0
5.13826597839981,8.16085533351477,4.58138965732269,4.62163391201876,0,6.19937262577941,6.4665489970962,7.8472741369755,6.60345590070692
4.20871437203751,8.23061451000461,3.07176695982999,5.56164270749508,0,6.31409137690714,5.89838936782822,7.79663370324595,0
0,8.17928672678156,0,0,0,6.26292195870074,6.78481898808495,7.90710324719224,0
5.14236506477415,0,4.181592022453,5.57655498017182,0,6.73719231813423,6.4690022240078,7.98147701880512,6.48255674118358
0,8.88646861482644,0,5.2565052987336,0,6.87391924240167,5.97794861705446,8.00654088596309,6.82287254391682
0,8.98056991112117,0,0,0,7.00557140718243,6.48966075447383,7.9928803560687,0
4.18646785109791,6.42907410854271,0,5.8571614282079,0,6.65328874517512,6.45225398073651,7.02256500985665,3.88977739648083
0,8.44867235136206,0,3.94352167248752,0,6.74682332486665,6.82714157498789,7.13451627943047,5.04645278696165
4.5485998344997,8.48402102884405,3.6988297849671,0,0,6.37376337718431,6.33263999199976,8.37702266558222,0
0,8.12198232837068,0,4.59532184993328,0,6.41414724483321,6.82709821596433,8.13487218049392,6.50479702608515
0,8.21879793721452,3.66509892544853,0,0,6.58535753044186,6.60246576804321,8.0471479613052,6.4337275639528
0,8.30446520924973,0,0,3.99157328418616,7.11579331428073,6.55260773939582,7.77367860349251,0
0,8.5218483393822,0,0,0,5.18060307852848,0,8.60909392930962,0
0,7.02774033286031,0,6.12776398017131,0,6.14173628498628,5.71462349783408,7.85727186763492,4.59188229166116
0,8.39576652579502,0,6.66750371663024,0,6.82593766375836,5.47596133379088,7.87827658720445,6.00664868243302
0,6.33255112127994,0,0,0,6.68964901918519,6.08160228194404,7.18101383076819,0
4.59663385496581,9.08862913101398,3.48737507790321,2.47653840011748,0,6.76620323533131,6.18425197840729,0,6.74079119026921
3.60223164738826,8.82742998303585,3.24804620216798,5.46535606647747,2.32042501112238,6.57432241877335,6.45327848216979,7.56456000023925,7.37437192888355
5.20197165076135,7.24492727071762,3.68260984110034,5.16198204659078,0,6.25854842588456,6.80778023560065,7.61770549451679,0
0,9.01821572148914,0,5.25561861201492,0,0,0,8.21148291644507,0
0,8.82576553475952,0,0,0,5.44423424144819,5.51399310301473,7.54362286188908,0
0,8.67293802847081,0,5.83246881561752,0,0,4.85795020643061,7.28120670743471,0
3.18717873812495,5.90911501409096,5.32967067420603,5.90772961488805,0,6.29769846495429,6.81465266071981,7.89049645310731,0
3.61926138723307,8.87392733360272,9.06267064532861,6.58841740712634,4.62163391201876,6.84685812003083,6.81318082846263,7.29370451867486,5.29094022220899
0,8.4988194228151,0,0,0,7.52521400831981,7.01378057362544,0,0
0,8.49784929888517,0,5.01190115921749,0,6.49273971006212,5.86660968996236,7.83499782026039,7.93344555863082
0,0,10.3854166646977,5.85590252271703,0,0,6.45783659011967,8.07720806455898,0
4.0943445622221,9.55250352741409,8.92048928223956,6.24891290211418,0,0,5.23105513948887,7.61443547382467,0
5.14446664172978,5.80142326979881,9.36375649636936,5.17756116541224,0,0,5.66400160464436,7.87611080755938,0
0,6.62144559770397,10.2532954723424,5.97579237771369,0,0,7.47777391206093,7.67021394693226,4.92056469700641
0,6.47042791772519,5.84531097169647,5.94408463806117,0,6.44649729485096,6.64234337517608,7.90844598108942,6.28661243090528
0,9.1262487284135,5.26636219530649,6.50848593741098,0,7.18153110625935,6.35181024557618,7.97557840883037,0
4.10528450226044,7.26919186827253,5.35000808195339,5.68177541939311,0,7.68325634054966,5.89028970373351,7.42547111065287,0
0,8.76715782023871,0,5.28983146289774,0,0,6.4058398413459,7.43912443197926,0
0,9.09394474841837,0,5.21303177226568,0,6.81521226703493,7.20356919816346,7.90310115412551,7.66105638236183
3.62992531127027,8.25937796437072,5.71426071894383,6.07970433595739,0,0,6.65355956091246,8.34937790802391,8.02886264547762
0,10.3526951862588,0,0,0,6.91884357596756,6.42301966497589,8.11806396912558,4.76054868316761
0,10.1457236751949,0,6.36521536491175,0,7.3928630147425,6.61857875706349,7.79632120581329,0
0,9.86800544209043,0,0,0,6.4320715484612,7.45298232946546,8.48331370846256,7.58240747690584
0,8.34338013445729,0,4.94734044372394,0,6.65558191048911,7.61460810659819,8.4384702790962,7.8576239101622
0,9.85276777786523,0,0,0,6.6255780271648,6.76337669630358,8.26897026522877,0
0,8.81565792150845,0,5.96745357714648,5.6812641632256,7.30166049492135,6.21274636647424,8.77580272338206,6.28170584195469
5.00125813228366,8.40495127536155,0,5.22977082401293,0,0,5.5483365118676,7.84413095123956,5.75308044637749
4.3916056094542,8.14988476904644,4.67600136674868,0,0,0,6.3466884387794,7.91070065755857,0
4.35965320569699,8.6510507808328,4.14297598363384,6.07952121092826,0,6.07709163307542,6.09128725738737,7.91315518592807,5.35005556195245
4.71177992104635,8.19208058914305,0,0,0,6.61619904498176,5.8496705414901,7.88547595537216,7.66132470794122
4.55964967068628,8.32811767791812,4.95962266207372,0,0,0,6.30900877384368,8.32593825050346,6.42559809356383
4.87634170631288,8.07580345210357,4.67310916899628,6.18427259462607,0,6.1665516650065,6.15251990610877,8.53349361471771,7.303715357076
4.53335189819762,8.19608945212563,4.84261104200313,6.28824881857355,0,6.23803161336578,6.26301723762988,8.05294576341083,6.8954701245485
4.49925396039654,8.06569566306494,4.94378298710842,0,0,0,6.39355730857529,7.76547577733838,5.23644196282995
0,8.54521683532246,4.78532272549721,6.46572472936472,0,6.31293191447789,6.97298106389984,8.18004352539153,5.92088112565252
4.29128102136714,8.16702560008595,0,0,0,0,6.6429430206211,7.89785022259378,0
4.25277179881662,8.17491412776124,0,0,0,0,6.55862324421413,7.83453085229857,5.79340987132503
4.91873927939172,8.52244935356194,0,0,0,5.87538006808718,6.39107924153797,8.13163658735205,0
3.66279211935062,8.13254784021133,4.76601271110492,5.76625636591156,0,5.93394136086432,6.2705346427112,7.90042540138502,6.73753619097581
0,8.29032772235125,3.26880819361641,5.25890063418425,0,5.70291543221685,6.20641462339366,8.04537030833131,7.5063225130525
3.75443308485338,7.79555188164922,0,4.92456892499144,0,0,5.97246010118028,8.61705481584604,3.91939575975756
3.59950164296272,7.9882816659371,0,4.91361031152438,0,4.34445456176612,6.41439294709245,7.9669230961316,7.26567444855103
0,8.16987717293334,4.74788428818727,6.56145490404194,0,6.14278981063172,6.65275979821874,7.69099450306862,5.7208689983797
3.67071548348627,7.94463754343497,0,5.58514907754498,0,5.41721089648845,5.89346575622588,8.1418595370874,6.15232835765175
3.75208896751182,7.91848672187307,4.86112936624392,5.81158999395708,0,5.84238432409383,6.61181251410056,8.28632488082614,6.13144385716142
3.43495447846029,8.76436572052981,5.21390261540567,6.26493993075319,0,7.11385846444089,5.84773850807339,8.16514467191018,0
3.28840188751681,8.03990227426873,0,5.39893163658063,0,5.29038599622176,6.6028727905436,8.31617065628799,5.83463528307496
0,8.03429072875272,0,5.27264051975805,0,0,6.23413617822974,8.01926734000092,5.11996791050648
0,8.18936389673416,3.58073729549423,5.45544931226833,0,0,5.85145507409964,7.80361062340963,6.92286061675774
3.53514535417189,7.85040357810352,4.21670967669575,5.97406403242781,0,0,6.16194544583889,8.04103948918153,0
3.40982670836021,7.9071474205432,0,4.91917768360742,0,0,6.42913866423816,7.85219022080076,5.83050322743536
4.19840423214688,7.87454138699173,3.80421505279384,0,0,5.93946047386119,6.66343916243513,8.4226055505178,7.88018056739986
3.86030856974147,7.89215689350541,0,5.77445837350217,0,6.12713115852952,6.50434805198342,8.04512342918701,7.27880146021984
4.29864502573483,8.08964810481505,0,0,0,6.35556932137283,6.37577411314335,8.23686799069802,7.0444952685496
0,8.23190292298604,4.47608603257655,6.3408706368195,0,6.59733667955649,6.51235435663156,8.06495089174914,7.06289404192303
4.04515431803133,8.33151159600963,5.16701206577005,5.60991125904613,0,5.6116671857484,6.2356060894178,8.32559433323397,7.06764375186039
4.63560239310829,8.32505642264015,0,6.07389670546144,0,6.44717907161927,6.56320651484125,9.00739765297774,7.23738990662954
3.41575753299349,8.23877738751751,0,0,0,6.47336586729557,6.8607475253748,8.24666186712223,6.61710881706634
4.01259206034984,8.32679026816659,3.21164977977646,5.7750483165432,4.20110409879363,6.47975310841526,6.20629362881811,8.61508367573339,6.83790132258225
4.48739965025358,8.36120816353416,4.4057431612912,5.77675408711202,0,6.28778420795535,6.50145482206729,8.61583599367849,7.2552098455868
4.21847776320321,8.04558507567019,0,5.64328909422724,0,6.14465762572438,6.37003795974783,8.50256471508414,6.6726024035422
3.00518743232475,8.41860083114577,0,5.67514291644704,0,6.04777398956257,6.48539830320375,8.17646752176041,6.73651608531829
4.66570068572812,8.25059136113561,0,5.41097618468697,0,5.89954112575733,7.12274568353996,8.9063595265549,0
3.94835493467554,8.31273644902593,0,6.11739210370577,0,6.80491381008243,6.76036834006717,8.52116728423821,7.21640106910959
3.78009033416732,8.30996235856208,0,0,0,6.7684817173297,6.62157873931358,8.56621951817328,6.68983555966813
0,8.31333252451213,0,0,0,6.79866559639443,6.94729324949629,8.06888842968196,0
0,8.38852993018858,4.58476337621043,6.16344111184695,0,6.61069604471776,7.13324008741372,7.98668173353348,7.2602906667686
0,8.39772022863704,4.69125613490122,0,0,6.92890014233124,6.87371233800111,8.12521078185943,7.00678580244509
0,8.54298568671867,0,5.99123952179168,0,6.49591489190057,6.92215115926587,8.38433585727753,7.48918287893145
0,8.71741524079724,5.21770366255379,5.85793315448346,0,5.64590615612551,6.27240519714841,7.71218888227839,4.79727704351684
0,8.36970195485889,5.25890063418425,5.98896141688986,0,0,6.38485707398188,7.44618245101132,4.72224185757393
4.03122725290662,8.00854852097496,5.29936681568361,0,0,6.31459821929001,6.27282040117053,7.86521866388866,6.72037695828133
0,8.55238657498434,0,5.9017859799633,0,0,5.34843997595125,7.43578014417419,5.56214210246925
0,8.10567278694966,4.45236859573013,5.94487071922522,0,5.23340544237089,6.48748612980396,7.7691166402643,5.67060479885019
2.45702144629846,8.67453363567438,4.89155141270682,0,0,0,5.92128346998422,7.33241498643769,4.35336992542408
3.26384919051093,8.0661133720472,4.24161448095714,0,0,0,6.03440429759924,7.5589704742099,3.53017676291862
3.66125128699646,8.49779628180551,4.31012775913002,5.78391748576195,0,5.91274596239658,6.30448536482487,7.69043690092614,6.88584703643326
5.10630904416454,8.67284046507378,4.01078177745141,0,0,5.1236663160583,5.87166698365239,8.53834980362179,7.55188026845649
0,8.38044061634958,3.98935434836447,5.51371096440219,0,4.0384794293807,6.12450832086575,7.27589920202402,0
4.17284762371004,8.11795664547909,0,5.42539044911151,0,6.21464809762221,6.16585893341228,7.8672472527215,0
4.38999480432306,8.07394833147119,4.48006037494525,5.64565888930569,0,6.4003571081164,5.29996600679356,7.75371367125376,6.99342826072029
0,8.37218129210212,0,5.49528120007886,0,5.58059737408582,6.52287190635124,8.01721848295448,5.01966110530357
0,8.60063319865007,3.47103434125094,5.64151692391868,0,6.00094447030711,6.21041933780074,8.13090404370132,7.15915970321329
0,8.32567911255949,0,0,0,5.88482543661827,6.27602299612366,7.80347180597067,7.03672880027417
0,8.35903181281168,0,5.27709373009641,0,5.9869543916301,6.22305234520485,7.66235497385505,6.49981711539157
0,8.30172510818812,0,0,0,5.79569294258962,6.1890030697068,7.67609805430556,6.76845872829546
0,8.7374349365604,0,5.87568887035793,0,6.55336344105797,6.43823153457325,8.15356268496862,0
0,8.70273289774106,4.82727319612705,5.08987768159902,0,6.5730235268387,6.40418659316403,8.18046372171343,6.67155181707914
0,8.51810277761726,0,5.30464729024291,0,6.24243725034087,6.19981928094875,8.28039432927903,7.11563086585774
0,8.88425005622808,4.70084393605637,5.46222033781797,0,6.16048976473459,6.62529952550194,7.99244780233912,6.78021731837961
0,8.54051120113624,3.88341774841781,5.53992932214529,0,6.44904760947825,6.49914021496786,8.0332756105405,7.01066379093441
2.97450863710236,8.43375288510236,4.00149801185575,5.77448943181415,0,6.23633045049451,5.94101300361188,7.70425746550906,6.02407693483546
3.98787231771158,8.34768281982148,3.91222298543081,5.52242045735695,0,4.59431144265322,6.09006476334759,8.06652149046999,6.45998269857772
3.10324048126928,8.5170231769646,5.09368884923154,0,0,5.11277061439839,5.9342590733372,7.81194104043353,0
0,8.84897874840579,0,0,0,0,5.40551120065015,7.78483521765381,6.8103960012098
5.3335397122578,8.51198163481569,0,6.03787091992214,0,7.22888179865327,5.65728468099662,8.01062183872584,0
6.74204302093956,8.50023623136567,0,6.27835255437343,0,7.26489111669302,5.05113723740559,7.62042073268796,0
4.52482743330555,8.30067265941026,4.28234441140073,0,0,6.12850539936878,6.5762606335737,7.72245615509466,6.75255071067612
4.06988109004373,8.44904496311778,0,0,0,0,6.85827087388323,8.54781356591285,7.80539312235708
5.03753684729376,8.51443940321962,0,0,0,5.56853532524818,5.73586236811961,8.04397159004761,6.73589877203595
0,8.18707949635436,4.24290823518058,0,0,5.43729639382949,6.38988825598257,6.62575039409464,6.57050473956186
0,7.32689315401094,0,0,0,6.48234253306428,4.96570766074112,7.06074242502356,6.07794036404426
0,8.91979420190975,0,0,0,6.9675513223281,7.60831491925754,8.21921024667882,5.80027377484496
4.65662346757701,8.20590398369702,0,6.27957152927284,5.40497204441658,6.0191040329114,6.56306536958843,7.58851606389103,7.40791219392328
5.29305353687294,7.41401248339313,0,0,0,6.77457810932754,5.73763624741271,7.26260756288478,0
0,8.36268211331999,0,5.86001669668684,0,6.76502744268865,6.2810884829221,7.22489177929661,5.71366679673018
0,8.75737791365438,0,7.30809393593176,0,7.46038097879067,6.87759499588725,7.52431294937977,5.71247789302342
0,8.10542224322319,0,0,0,7.14512515456014,6.01796041091195,0,0
5.34934312515108,6.62381287192364,0,0,0,4.84158527949554,6.26704873436163,8.70350178938765,0
4.04427858454862,8.24059348209456,0,0,0,6.75293604238727,6.94679328313745,6.85406965156233,6.26419794276219
3.74052268726577,8.56201549402428,0,7.04902912133857,0,4.47323751472727,6.42134580683048,7.49877559887083,4.92151259893308
5.30340440559659,8.37485052182743,4.898809478914,0,0,6.66093360031335,6.7193633346109,7.76612024385267,7.05221053832096
0,8.60682363565303,4.01638302075239,4.77449093060479,0,6.96446637056618,6.79656670200878,5.62729732026801,7.02666656681149
5.23962837019936,8.14431336908576,0,0,0,7.23626734592217,7.50855688096175,8.08453467132393,5.04452129009539
0,8.77114369774397,0,6.41776116479608,0,5.82331213222822,6.72206405121852,7.70562727318419,0
4.76864865498057,8.53171720543234,0,5.47759262140559,0,0,6.60729862456526,8.24366382856417,6.80482514089602
5.15033926377654,8.06003470889918,0,4.37588279991339,0,4.64880422300815,6.4759718625561,8.62878644315771,8.18698489529253
4.1890484976914,7.82976959982589,0,6.27741386921458,0,7.68915140376272,7.02628470268831,8.32678300971866,7.34319981283149
5.33773036890487,8.55217416031148,0,6.69497039098363,0,6.85650408897134,6.75256238957644,8.58418619783878,0
4.89297725062802,8.2513900206829,0,5.48421585183233,0,6.90740521771784,6.21068039508421,8.40315513456472,0
5.01721360945638,0,0,0,0,6.86764136704556,6.20405258448268,8.55277459801191,7.55213229517265
5.27617400186235,8.38993011180447,4.85686232070672,5.88532595104631,0,6.42794370874532,6.45529289851306,8.60596202317714,6.37510999507622
5.64470457271829,7.84486380896668,0,6.38760296319318,0,0,7.08432700379548,8.72801797734919,5.25707861853144
5.29028519485077,8.47191963672128,5.05579984605063,0,0,5.98514461836316,6.27972145431061,8.29998449396503,5.45869149760917
5.90052729211585,8.77582125419726,0,0,0,6.41589860176375,6.64689688012968,8.74142894605918,0
4.22434890879269,7.90847171453868,0,5.20109035078693,0,7.36430632664799,5.9222484364193,6.89211358299218,4.24749474171578
0,8.58947292192564,0,6.22116654471944,0,7.20195357466171,6.88677676059694,6.5823298016197,4.97431703142214
6.42652081939358,7.33680018561076,5.33787456154649,0,0,7.48175849824636,7.11707572994287,8.4219898059092,6.21798239906114
4.38676538902105,7.46810222812547,0,5.90973917454759,0,7.07517468152399,6.71896484403959,8.01995812950208,5.86918391239915
0,8.20743454821745,0,4.62976523284347,0,0,5.99411104204889,9.00129201503452,0
0,7.06145442831341,0,4.36716677176686,0,6.53303273820849,6.50512614569318,8.04340962720907,0
4.62163391201876,7.68934364719843,0,4.57862085075455,0,6.8801682315538,6.08370182857439,8.07996493327616,5.44254757221927
3.3467411958661,8.19575024704809,0,5.55732986627649,0,7.12990633793871,6.29565338027331,7.30082386675375,7.14839291259893
4.65319815499867,7.01671730142163,4.93612724192119,5.96865640778197,0,4.4820981883981,6.42576003688402,8.66578214777869,0
0,9.37393771977186,0,0,0,6.23871517376543,0,7.76004920962866,0
0,8.17729107949183,0,5.17761758131025,0,7.27618288898774,7.13197025611466,7.5984394287706,6.07246833126107
4.62045280951925,8.22299929632698,0,4.40464392453929,0,6.97215629066572,6.96783386939761,7.92891040346543,6.53029436728357
3.79211270875559,9.67095632454919,0,5.7189009457879,0,7.03499567471663,7.35808539759578,8.43577053204718,0
4.69208155797739,10.0432973198546,0,5.01999138902028,0,7.86539906433977,7.52580168703283,9.11440859902286,7.23595770046375
4.5342110970476,8.81179824464041,0,6.46942084489069,0,7.14209195292024,0,8.1384362243313,6.47766443104757
0,8.28734974585149,0,0,0,7.52042424038052,7.16848744306732,5.19011949607005,0
0,8.38365037015498,0,5.28846903049322,0,7.38573947859381,6.79168203080573,7.40137166969615,4.36080299822225
5.4313611403058,7.2423972702972,0,0,0,8.0084819973341,5.72730366969755,8.03447547967173,6.23480280570771
0,7.47163624381922,0,0,0,0,0,0,5.51628755908825
5.65742435067805,6.56786721505975,0,0,0,0,0,8.32768265572513,6.29467542117739
0,7.43813644069672,0,0,0,7.97368596119388,7.49833249112748,0,0
0,7.22854083473774,0,0,0,0,6.20772446045587,0,0
5.6900553540362,7.4947749831784,0,0,0,6.76933194027719,6.40334238298834,8.26113380934037,5.62329522374351
6.66567097884777,8.09785834158917,0,0,0,0,0,8.44432352916332,7.63212977195866
5.29541315340065,8.93173432088765,0,0,0,0,0,8.27020510529201,5.10812491537351
4.27151398062636,8.06638965503809,0,0,0,5.882179674558,0,7.44521893884763,6.12841820210672
3.00469201492546,6.57702651698799,0,6.1715962078289,3.51986891137965,7.69991486853973,0,7.11413510086916,0
0,8.081267844895,0,0,0,0,0,7.79735289860013,0
4.86884128847837,8.82625458869958,0,0,0,0,7.3756316472117,8.79569121934247,0
0,9.5311404392031,0,0,0,7.06248293518365,7.33447294312375,7.22325191492851,0
3.5313480661272,0,0,6.75435931428575,0,7.37523698084061,0,7.24880274753515,0
4.48616139940589,8.07073732454793,0,0,0,6.66956153962155,7.14986973926169,4.63346605514294,0
0,7.25435463422327,0,5.0293916225787,0,0,5.53089626464873,7.48554772317905,5.7048818700995
5.11198778835654,7.63052436658859,0,0,0,0,0,8.41807537174308,6.67070294748168
5.62668542427123,8.57019921823986,0,6.4730570156037,0,6.76845872829546,6.28793290684038,9.08122322223008,7.07672138072893
3.24024585060439,8.01670396258495,0,0,0,6.66271115121459,0,0,0
2.8501282996952,8.2899939268042,0,6.18386018947341,0,7.33773737450338,6.53378883793334,7.86005001749048,3.69037833023767
4.53388898398313,9.04564967413112,0,0,0,0,5.50813248765091,7.99055656321715,0
0,8.74810647999481,0,0,0,0,0,7.6582369689874,0
5.93041327178788,7.09038512158447,0,7.36279119885605,0,6.57366620038267,6.5947827485994,7.78447739719265,5.53772789032612
0,6.90801524518799,0,4.56985384086052,5.08128013366559,6.14229543681057,7.60695411130385,8.30699547993499,0
5.54455224908564,8.71220060801737,0,0,0,0,0,8.82382311418171,0
4.61709875685337,8.19821582322374,0,5.13320684648444,0,7.03548864549169,6.53654665955206,7.69891353409874,4.81161508767925
0,8.67656336879308,0,0,0,0,6.48501684220352,7.76478845418035,7.04803882442919
0,8.30072977821366,0,0,0,0,6.31595456856795,8.09155394701097,0
0,8.33953434726273,0,0,0,0,0,0,0
4.47960696301275,8.49402077274534,0,0,0,5.36784342919665,6.59807296625069,7.41684740110198,7.30921236569276
5.0340913701326,8.64807231989571,4.93569620743176,5.80898297751266,0,6.76594974990537,6.14686444633567,8.02846820608985,6.78112572804397
5.00649339492892,8.33508841112456,4.91052025609328,0,0,6.24972424551147,5.29931686688112,7.74989126837809,6.02806162924167
3.75419892023458,0,4.7259708861338,0,0,5.78723474776515,6.39787920425173,7.65709373919182,0
5.38911739087448,9.05044740338782,0,4.06371351866858,0,6.04801027329318,6.38245878878769,9.14989267200816,6.31325814918853
4.76251575671187,8.04579659243849,0,0,0,0,6.08340542080634,7.81925455012016,8.04724076085983
4.01548171379638,9.37588870818431,0,0,0,0,5.3890260666735,7.32268875363251,6.80146099416422
6.15574941641579,8.55096060076191,0,4.80860070599228,0,6.79024345654412,6.66661322196525,8.59640355278568,5.98413777172152
0,7.89410178392983,0,0,0,6.63971895877719,5.00635949923347,0,5.59113622310497
0,9.0651018605355,0,5.65301535760255,0,0,6.61025180069933,6.55349171105223,0
4.34808197862094,10.3070708912263,0,6.18503509607983,0,7.61301875982066,6.44198268626422,7.09254046521407,3.69981939415227
5.68694145746017,7.52195123931268,0,0,0,0,5.71012895971506,7.95986977399067,0
6.14384222752886,0,5.36639648735863,6.44958535444194,0,6.92025680820506,6.03787091992214,7.91148896137134,4.94306997460049
5.08047225368504,8.05894420486767,4.50623343812807,5.84357340211853,0,0,6.50219016587364,7.68134816292502,6.74066119351895
4.0996637236997,9.24648906360727,0,0,0,0,6.33407859839836,7.5862861599678,7.24285514576307
4.6847204647461,8.33992842746674,4.75900653070296,0,0,6.11529592129857,0,7.84293056979783,7.10724527769613
5.81945959071598,8.83516389680572,0,0,0,0,5.30260814796519,8.61067624850253,0
0,8.79089296554747,6.10054314213422,6.85578807335688,0,6.19493586262467,5.07173039345607,5.83334767901084,0
0,8.56758588038044,0,4.73382721819635,0,0,5.92681935361445,6.66202096713811,0
5.68721261632704,6.27658709677417,0,5.64254516518501,0,0,6.38536301884468,6.99813514291073,0
5.51568426508479,8.37713540528363,0,0,0,6.39268733595801,6.0091571066389,7.76518308633951,0
3.85481753165737,9.20641066076533,0,6.23002858914807,0,6.9944741131853,0,8.20645809484733,4.65890050840906
0,8.11174208321007,0,4.5704752161912,0,6.94413542307489,6.31938244231491,6.30612929088965,4.00021701616406
5.72417316430394,0,0,7.02785562759368,0,7.2627618319303,4.15182699763546,8.14882153544518,3.59950164296272
5.5991624255261,8.08632719494963,0,5.77731170794432,0,5.51969936724259,6.29784569699225,9.16635400109383,0
0,7.68099747353993,6.36868448977584,7.26392509536542,0,7.84166979560984,0,7.20907394895683,0
6.13807256674407,8.11750933959493,0,0,0,7.32727449713232,6.32836526334726,8.74384737324965,7.97443992859554
0,7.67281373500907,0,0,0,0,5.79709065178985,5.94583936908171,5.5642138469279
0,9.15715581659729,0,6.73682459911486,0,7.24639659003105,5.82579359638301,8.66880293150287,0
3.70745583968687,8.37971344285455,0,5.3468694071302,0,0,5.19023091668298,7.50586074369808,6.24041228810372
5.54098899766979,7.57263157757505,0,4.89004833110714,0,0,7.34818848091876,8.61209783445619,5.42613873798592
0,8.42425739054194,5.40676810255284,6.09029126391481,0,7.49564193888459,6.24701720362013,8.46550613530419,0
0,8.12053518666822,0,5.08654640152879,0,7.04427719552917,6.40080546787449,6.96405054263734,0
4.46797494681025,8.40043687849963,0,6.0167667299702,0,7.0722437676243,6.57591231074459,7.64952594315442,5.14504963014482
4.61729636578593,8.58126973085669,0,5.86870351676999,0,7.29386086161001,6.39707964396727,7.56670431216211,0
5.51407369942823,8.59034141744667,0,0,0,7.35413837700285,5.97184840242284,8.09357225928673,5.16404284072557
5.62275316934412,8.19732120504902,0,6.62328138814132,0,7.0386519537839,6.47583325281161,8.14956707309035,5.9031523243853
5.84525310132608,8.49292099044052,0,7.19380602153857,0,7.51101604449756,6.01903107482579,7.91318445736208,0
0,8.21878446018006,4.83612316419378,4.55923095404665,0,6.27778944902032,5.27775745258268,8.03140808719365,4.56320170116559
0,8.92851842871094,0,5.1585954233729,0,0,6.10773532877337,0,0
4.64024771260079,9.02171297509735,0,5.94769550597528,0,7.56177174233904,6.58632336748366,8.4051056555645,5.06506034607433
5.29596460096444,9.72673844079065,0,6.04396211606574,0,6.716170954909,6.57648349652784,7.96114702479508,0
4.47369382319971,9.42624176203333,0,6.27096952808794,0,7.46001263134278,6.00331900455499,7.60988697761355,3.72472910700763
4.0588900812377,9.16147990533559,0,0,0,7.15583336484075,6.76691725784184,7.31021587807,5.52557245390196
5.68249073918858,8.77624119392973,0,6.34261425500388,0,7.32913966695029,6.72774305362853,8.09937206109849,0
4.00131511290691,8.32164535169283,0,6.40828164355237,0,7.81200581776149,5.94003966511579,7.34423444061947,0
4.05265413516789,8.61532484167214,0,6.55999760064376,0,0,7.22089308740571,8.70593244400899,0
4.91998092582813,8.7662274665671,0,6.44863619753834,0,6.63784763462952,0,8.15514383114005,0
4.95807804335758,8.53056341035441,0,6.16108073140438,0,6.02240588834753,5.97340240428957,7.84565876359236,0
4.94492275073087,8.31838853160389,0,6.53038187804016,0,7.30682665735987,4.72313098362166,7.81136595769892,5.04271518755967
5.91606728263553,7.93763894696026,0,0,0,0,5.90514384064145,9.49568471406437,4.81616018112973
5.94996523992995,8.17627629189872,0,0,0,0,7.48033805947532,9.02244209413901,5.74939298590825
6.11739210370577,8.76934393655336,0,0,0,7.3139601134253,6.39664628173634,8.09919284445698,6.31031819824784
5.13914576965278,8.22974042600492,0,5.7734950870675,0,5.28962973815047,6.64648141980666,8.17898104202429,6.92487784753886
5.11889161286611,8.52292075754896,5.00936782452929,0,0,5.82959246718144,6.30580072180504,7.98110787763519,6.97341192478528
5.51463769251412,7.52809517958294,0,0,0,8.40336133954217,0,8.96783814480477,6.54930733563703
0,0,8.31431539543198,0,0,7.28541058778436,5.40177607491627,7.86303977518171,0
5.09601756703842,8.71862759517895,0,5.85759023855165,0,0,6.09510358186747,7.8278706874472,6.05914655979483
4.68969514105778,8.66384611893073,4.15950788812851,5.5839849112006,0,5.29189679874511,6.05171262745334,7.76683206606276,6.85634618841678
0,8.52780666867585,0,0,0,0,0,7.1521513863298,4.99179220629478
0,9.5665592119153,0,6.35522185181636,0,7.36751916049768,6.59486479427154,7.37872094532176,6.46494649498351
4.77887136048843,8.05422396265959,0,6.11536218376422,0,7.29186054796889,6.68705873131098,8.02673539466809,7.46591858400336
0,7.69376874638034,0,4.74961679035312,0,7.52026707627106,6.49508427062364,8.40408720131082,6.35104277244367
5.19156699660116,8.85748384288938,0,6.13640869082674,0,7.2282433031591,6.72841327889717,8.21696879178931,6.40024083387517
0,8.61031916940572,0,0,0,0,7.11893150668019,7.21642310209296,0
5.14242350158936,8.10077734221141,0,5.55098088439824,0,6.33329738997129,6.31144438585893,7.5616677462908,0
0,0,0,6.13350649698515,0,0,0,0,6.8806718105724
0,7.7695053441951,0,0,0,5.88111940660153,6.30700494768816,6.72660503593232,4.10709624614726
0,8.26593561866188,0,6.41237640420517,0,7.07050318226341,6.65399786905009,7.18256485521124,5.31009770508357
0,8.4350803424781,0,4.53571292097287,0,6.90991294953594,5.8060983601278,5.96514623879011,0
0,8.41176156211879,0,0,0,6.16278834969239,5.21515312528727,6.55230815239566,0
0,8.4634780192805,0,5.3723574792565,5.0401940963378,6.14527945628487,7.13955723786699,7.96314338462856,6.76561551182101
5.48222100452464,9.02026039633381,0,5.2257466737132,0,6.90899451081709,6.59183832751557,6.88910239048293,5.30340440559659
5.45613275170376,8.1988044581853,4.51491719701053,5.81624769204396,0,6.28980833098513,6.19095045007152,7.79156414061104,6.41542423785231
5.41614484566124,8.4928451694477,5.00139271272932,5.93136947255664,0,6.79779531316275,6.46326343890513,7.82619569862099,6.86815129238897
0,8.34921467960193,0,0,0,7.27102244639012,7.84310326238975,4.93698875392796,6.78373281853573
5.53038101523681,8.89744168300128,0,5.73136521574193,0,7.13332787777041,6.05502602859773,7.77345983482267,0
5.36761019304399,8.58582333045706,0,5.94983493488566,0,5.90427133540561,6.59904022265584,7.75487598082055,6.42926776312809
5.90361645653479,8.99361493046188,0,7.11546026660716,0,7.08435214763923,6.13716534127954,8.00028577766766,5.79636165594929
5.34486692720102,7.11304438406248,0,0,0,6.38997217464865,6.7610402196175,7.78406532899994,0
4.98627429318332,8.94496758644424,0,5.68279714824707,0,6.36614393395051,5.53804267745392,7.73640752818608,0
4.54764699974443,8.55977747219748,0,5.56979383465288,0,5.91752194589512,6.32500391564456,7.46862742023226,6.87152688437485
5.05605470428712,7.99957454724264,0,5.2604597239918,0,6.0333260012029,6.64123438769836,8.15151498230174,6.8158373390208
4.704110133843,8.21421066167428,0,5.69702637015919,0,6.87440529930058,5.3976195676219,7.71996467669685,4.79711198615904
4.38676538902105,8.62710354086476,0,5.75298525210176,4.28757858313017,6.4863894213423,6.16480842486959,7.84130815896425,5.9006094287639
4.41352530173325,9.11468923405224,0,6.49007081773563,0,7.02598266034679,6.14902369720935,7.80707887973855,5.28482677636554
4.81340312456655,8.23890948233008,0,5.59407920956424,0,6.50104940143784,7.32416032712864,7.56435776266126,6.81574963318611
7.11337823717836,8.86437925801575,0,7.06139439941377,0,5.93312013613374,6.25126784278479,7.51384017216563,0
4.50369101703824,0,0,5.67466257608235,0,6.74878299387566,5.43345996049033,8.33260667152885,6.46591141553026
6.03701136206395,7.76897295056618,0,0,0,6.57749967897129,6.09607227949557,7.97324502281476,0
5.28867098949623,9.04993450251139,0,0,0,6.40110426273745,6.57712395099393,7.79505376808961,7.19672402331652
5.66760246720144,0,0,0,0,6.60490542173831,6.24047075794792,7.82607195724031,0
5.86275010575185,7.28434754952119,0,7.01031186730723,0,6.40078886554187,6.31795859534515,8.08791683220453,5.77641316569111
5.32510534330442,7.46880432502656,0,6.89554098730256,0,6.56217569609639,6.42391232654603,7.39019994657348,6.63285780088978
4.72268651941593,0,0,0,0,6.52851331891425,0,8.19362691347382,6.25165337009454
5.69907139492608,8.5102189276789,0,5.45907474542615,0,6.29286459638796,6.64312545006051,7.37092309721859,7.00219235046557
5.88443597434946,9.12481298423871,4.1652689005588,6.1939154751971,0,6.7226177610887,6.46274860625336,6.15947586578414,0
5.19550914656635,8.46636294769891,3.81220267014594,5.30146241569211,0,5.1334427233578,6.29330836696586,5.86058677337759,0
5.84750756785701,8.1208592668705,0,5.53934012794948,0,0,5.31924680972907,7.81977691120408,7.27556005590762
5.68778858490185,8.76592183499111,4.84583926416812,0,0,6.27093171947514,5.43703528585986,6.87993177024754,0
4.48582342835553,8.00175360634943,0,5.43799234862052,0,5.21292286353109,6.55650843336853,4.56964662991904,6.36602361252026
4.73338748378884,9.29389996507511,0,0,0,7.36749390286988,5.95157961340907,6.14682164178126,4.57821000440531
6.08868199782334,8.3753761387478,0,5.27581610120152,0,6.95731657432492,4.86799588244101,8.82443374371558,0
0,9.37098704990428,0,7.56232274090791,0,7.17051177420939,0,6.97173426861115,6.61314257844873
0,8.41761812991936,0,5.55346333398774,0,0,4.42962561347316,0,6.77607360314767
3.78031851443072,9.88063848956341,0,6.59241419853638,0,6.99420816671234,7.49122151313867,6.90126425781177,6.9315206325324
5.78582318499241,0,0,5.84554241969403,0,6.41470408331531,7.04605528368176,4.8390558338342,0
5.78400978067503,7.60687459081237,7.01047430898651,6.37077388940564,0,6.61283373131889,6.78631054749276,6.49287599626336,6.81125539175651
0,7.57638945582107,0,0,4.37764203635606,6.61605179816236,6.41301623623008,4.98784420579544,4.91566505650503
0,8.40585707961545,5.19595235987001,5.75631167166804,0,6.72449328011113,4.98298999327593,6.14647913936969,6.39802905065945
4.85973488197704,8.79907044847965,0,5.37574126351284,0,0,5.30688059720852,6.71305340129923,6.93013301919974
4.10379972099286,8.19289139364108,5.21911180836706,5.83255673672304,0,4.60756731058781,6.74750436382962,6.34146979801178,6.09557678398993
6.19379295870827,6.50933529560061,5.44267741705487,6.3019227627489,0,5.81451851625087,6.15019756909332,7.56143891690811,6.09890539736846
5.57769001112868,8.83033099983981,4.37701409285034,5.73940698562913,0,5.6519627259264,6.2739142043196,6.98651100500379,6.9105214496021
4.56902473935174,8.46297562551144,0,5.29114168279894,0,5.84447152336732,6.56974786457829,7.09486535250789,7.19955884639309
0,8.26378113608174,0,6.42326319716799,0,6.21979462510949,6.22451882453071,5.23697373630699,5.02604922014861
5.66680723853131,5.97485232505233,0,0,0,5.90715859805473,5.44626312129634,6.09047242743803,0
5.6958175050019,7.96511492485878,0,6.35358712570364,0,6.24255395007259,6.2526165386079,6.98338209710513,0
0,0,4.12552017969055,6.38190061619639,0,5.85970301592573,6.30252739646007,7.41027449990455,0
5.86166902456547,8.08405673869717,0,5.99518262647639,0,4.4708384731928,6.92230885998965,6.49648837294614,0
5.99597934007511,8.7625646619213,0,0,0,6.40823220672027,5.94335040438455,6.42520932256125,2.34276688262688
6.60178702884304,9.16512331664353,0,4.27999390910873,0,6.38919985715421,6.38063088224664,5.59512021794914,0
5.57302817471865,8.54461573289421,0,6.51725759799576,0,5.98312991031792,6.33336843414303,6.31383785934969,6.82285077189169
5.40851615884611,8.38115122135646,0,0,0,6.06550465981645,5.97936666190985,6.31053626904903,6.18885942839941
5.33416701944173,9.29112741794584,0,5.92310540334462,0,6.40861115998998,5.76891456959398,7.36246758965891,7.19603467300186
4.03812688222387,8.56096124204845,0,5.91025449168244,0,7.74292271956251,0,0,5.64668288261563
4.92956984137504,7.92985002815273,0,6.20937442662358,0,7.97438142179239,7.16382283766458,0,5.775420732909
5.14801759577682,8.26341000396992,0,0,0,7.08645361315864,0,4.50534985070588,0
5.04677434071213,6.19166695112062,0,6.2564216012356,0,7.05550264413576,0,0,0
5.44007731158587,8.29768303133445,0,6.00198402289813,0,6.15000557523653,6.42180111360127,7.15911303965752,6.1463934954343
6.08422602718929,8.07131850373308,0,5.52098080262537,0,6.35619446248406,6.52712423687397,0,0
4.76686377498608,0,0,5.90375292500396,0,5.91674100091205,5.68143461099229,3.97292994033167,5.36358999316423
5.20576338493743,5.81203879342605,0,0,0,0,5.82644248739209,6.99091006219818,0
5.58796001581245,8.48101871377269,0,6.25511644375968,0,6.20334490614348,6.07357434764147,0,6.0696516881282
4.47118154598477,9.7278833834897,0,6.10130501278751,0,6.43960592949658,6.19585332193854,7.57060303310613,6.9150386904284
5.79035764541061,5.8722586246281,0,0,0,0,3.97799799435168,8.73616806585823,8.85464922966018
5.32607843733343,8.68463796897976,3.66176516162236,0,0,6.62995752860433,6.02063492440776,8.62555958489343,7.78605749823203
5.50622544521947,8.35966648588854,0,6.56953751982246,0,5.29941676199134,5.80730129543466,0,5.7120812774709
4.16418152181088,8.80214955248957,0,6.51585278146294,0,7.7390761848462,5.27110032025448,0,0
5.64406785532854,8.47192591458584,0,4.82967281333993,0,5.8571614282079,6.07403482700862,8.9741837669577,8.29786734339022
3.49590131713145,8.76329673324648,0,5.18732993835841,0,6.05295937841758,6.47607965685389,7.98672932684187,5.97021537406881
4.56809117774667,7.50025858082116,0,0,0,0,4.13596623691292,8.04577736548999,4.86368088113959
3.69287147538347,8.4551347922321,0,0,0,0,7.17441798420984,7.16399312289274,0
4.36233400132815,8.03485135861721,5.52950844944155,0,0,6.31566536838518,6.44676689006332,7.42574517793215,6.81265307754881
5.20937685725139,8.0459119463669,0,5.81615832520793,0,0,6.53399230560449,8.04468081790154,5.27520225904199
4.78615751976891,8.61134269789981,0,5.177053279055,0,0,6.30139111600646,7.69236433502182,5.62614520492905
0,8.83694789408599,0,6.13433036313183,0,5.21900355982831,6.42858980794402,6.86751644772246,5.31369846858634
4.24963744662814,7.27677767837376,0,5.34953315793231,0,5.72270235950871,6.18513809223816,7.42394449294698,6.46836620515399
4.27569342387926,8.27756196228452,0,0,0,0,5.85541570264471,7.62457015684227,6.11177771261799
5.42265664080364,0,4.65519767958774,6.19011046682179,0,6.10242435741624,6.46329463236698,8.24028487308785,5.57568391647229
0,8.95381840798729,0,0,0,5.78132976366854,5.81150020988771,6.99614154371364,5.11265021950299
5.67839628826579,8.41282107601879,0,0,0,0,5.78888926128676,8.1182577187629,5.36677009218248
5.07891680151266,8.87482707542494,4.92638374164866,0,0,0,5.07034969786833,8.000627793283,7.60785324675385
4.82132940352786,8.92569767593683,0,5.37795999420023,0,4.99138451450412,5.8028431881655,7.94050550435038,7.6733254414682
3.56529839234258,8.39155967118552,0,0,0,5.77548278882139,6.82898259781674,7.5205813797933,6.12056112044239
3.84095655699429,8.95907765664385,4.80533166091038,0,0,0,5.54353547218056,6.97771035406936,6.26196866978203
3.93162953506706,8.56425615053973,4.75290029801243,6.09760226066926,0,6.05888952342277,5.91155516387968,6.79262497172851,6.81277404506918
5.53650715340081,7.7778303298593,4.75849195093174,0,0,4.9004483350615,6.16114402855287,8.29329435494599,7.13534493172282
5.05643686989686,8.84121394333371,0,6.49163359068544,0,6.43276322822498,6.97144343866487,7.73556446278548,5.25749537202778
0,8.45108116630368,4.59299638505638,0,0,5.87532391197317,6.45477394490058,8.25482532694227,6.46707741511823
4.29578768655697,8.16568487742886,4.44547080723042,0,0,5.46924087838962,6.01089945974659,8.10356384643898,7.29734165125284
4.92761593837616,7.8288026799472,0,0,0,7.18499299857197,6.29069839019573,7.5025782420863,6.32240364697957
0,7.84689497374901,0,5.23388550638865,0,6.52066530920418,7.42155447728996,8.53978604006887,7.10583534894266
5.07823163533306,8.60907568522937,0,5.50728085428841,3.35828988065088,0,0,7.01781075604018,5.60572853418081
5.71455754782416,7.37021804726933,0,0,0,5.32257085834874,7.01403237445232,8.67945998913147,8.38179262440175
4.9004483350615,7.87070819820249,6.17842117866042,0,0,0,6.61702857634413,7.57080401171805,0
6.16990357663771,7.31529822688527,0,0,0,0,6.35480472891548,8.87163865190269,8.28440578727967
5.02486687634298,9.01025761475558,0,5.1628984794403,0,0,6.18894151167294,7.49214729970504,5.70926740488677
4.60266705576997,9.00871121733875,0,5.92144436240117,0,0,6.18324126267269,9.10287319441915,7.90771413874487
4.08210327579975,7.85806862187066,0,6.30767941019447,0,6.19786877441789,6.4301064999107,7.18709010994609,6.67800243432799
4.96946601705818,7.82346584259123,0,5.16735410202922,0,6.67308302684397,5.66514559104128,8.31560807800139,7.71051890586541
4.87976701889122,8.09959983250809,0,4.44746318995806,0,4.36792771029438,5.75628004361396,7.60174710273057,6.02136309745385
4.51633897228148,6.79394807920534,3.87805248585699,0,0,6.17524337489991,6.52372382027134,7.86314748613179,6.90259197202526
4.81194042318436,6.81391701537747,0,0,0,5.22176024382588,7.00084481315887,8.29030011942684,6.89685609811314
4.94092788167144,8.3126579270066,0,5.30171159961605,0,0,6.44026049993816,7.8057883494854,0
4.9744552866415,7.84630835566357,4.80998682060942,5.77333963134875,0,0,6.49707660382109,7.9116208957122,6.97713207675996
3.88732039278777,7.37432802948841,0,6.05938017190635,0,5.84577381413581,6.63155371919328,7.05883553559502,7.11095731335545
4.43390725655087,7.3582511124646,4.27179315427418,6.50056868997563,0,6.30594676583758,7.0356558482342,7.95223867781184,0
4.72570498761683,7.98801009561399,0,6.02620408091188,0,6.09099308982288,6.99924909481555,8.09355087430357,0
4.33820535512503,7.59419501484513,3.10950728781284,6.18212622817694,0,6.53407949336338,6.02813393146499,7.64297487196392,5.25070151260637
4.0815969893996,7.87058984438935,0,5.3917621712579,0,5.67839628826579,6.42747502565539,7.57086584316554,6.76650272619908
4.64371759560033,7.50099924789754,4.62487476926243,6.65096445400568,0,5.91725272340803,6.75764144013713,7.96852723466707,6.79197398849639
4.84276875827189,6.83533511245206,4.52936847257181,6.12409240666942,0,6.12632318355462,6.77206155019293,8.06918272965716,0
4.92768837327533,8.4402538300451,5.1165556530126,0,0,6.52746071801592,5.9095763876353,8.10723199101608,7.20070843483271
5.079912569581,8.82989367703815,0,0,0,0,4.03724497018153,8.22483620857921,7.79352494578834
5.6615010823996,8.62773227511449,5.33609473088207,6.21156346823597,0,6.28713339022642,6.81472948797377,8.35979992675512,6.88483459559757
5.13521002867789,8.18333314006643,0,5.08221149258548,0,0,5.49753700974287,7.57574874065854,0
5.39299098015072,9.15541311431394,5.39271804196952,6.03037271142296,0,0,5.85547298789663,8.2889516674937,6.47804870650094
0,8.8760515499695,0,0,0,0,6.24228162951071,6.37761091082975,4.26394667994139
0,8.36993602993316,0,0,0,0,4.16666522380173,7.38806189966127,6.74534222623216
0,8.43151111233671,0,6.32690053272081,0,5.99066422693721,6.42548471763342,7.69904952068161,6.4211506118789
0,8.73356184484925,0,5.80489397602461,0,0,6.23640872838104,6.59192061511076,5.94321923447999
0,8.30000189026136,5.59106160459208,0,0,5.93584612334497,6.30296690056003,7.24582623696705,6.52822104089732
4.14567118938744,8.41275891333459,0,6.16048976473459,0,5.44522761186266,5.97332603440473,8.48666181637906,8.19293288471981
0,8.78536823287894,0,5.76534783031436,0,0,0,0,0
0,8.70320958056916,0,6.44858871603633,0,6.79439619321304,6.42527412822529,7.73383679896581,7.08519828832498
5.27479282150108,7.90183633766961,3.50254987592244,6.19979898276848,0,6.68948732261468,6.13755425297988,8.47966368736231,7.08388269161276
5.43773142233071,7.55761910502572,4.95610870807489,6.77416674186776,0,7.00287453147009,7.26264262612133,8.77683066464224,6.42040201140129
3.9431340004532,0,3.48584485572244,5.87549237085556,0,6.60763618642667,3.75583692223882,7.90417979130565,6.10858069377666
5.17008618865095,6.76680212739892,0,5.46577906043497,0,6.21366765634513,7.6226248116144,8.2059340172937,3.74313086894585
0,8.76142168476445,0,0,4.9368452201255,6.21506799265463,6.02417372151769,7.36065725501492,6.19674958012088
5.44042438317287,8.82369652743135,3.61765194482557,0,0,7.24131613879863,6.46370005885,8.37456223736016,0
4.76277204649158,6.69581127792153,0,0,0,0,6.0079774554822,7.9217641981729,7.68699299602153
4.68499748584765,8.44469991493952,0,6.36796417692313,0,6.80151660007403,6.98081055438787,7.27082771525756,0
5.49149643334277,8.53236550750468,0,0,0,6.72013571248688,6.54910696064888,8.27995325121627,0
4.25773810913054,7.99184935321733,0,6.41599671793337,0,6.84879052881623,5.98126268462339,7.58591064172285,6.64535101371462
5.00749704159575,8.33647195342879,0,5.43083574624818,0,6.20722087998817,6.83024768851513,8.43844864077214,7.1998052980506
4.89365193861044,8.27373723289014,0,5.28690246373274,0,6.25425179902674,6.61989985817306,8.15771145497535,7.3846538335055
4.89686917979781,7.90554488856866,0,0,0,7.13734202824321,5.92409535673713,7.66764480048388,6.35725283806325
4.57512326463579,8.28185812466986,0,6.17705159969556,0,6.88375967342592,7.09696141590864,8.46985417382412,5.3165501348091
4.61035671267539,7.83154184675122,5.03805588967225,5.70877001616724,0,5.97312235286012,7.07260848194253,8.26367805764411,7.28505408154173
4.55387689160054,7.98359353008389,4.17623172169429,6.47149585570056,0,7.01608039586396,4.98237298437828,7.77805233287191,6.5703225812658
4.45516091866138,8.78159077191029,0,5.77022543120492,0,6.50524579869961,6.04687560187153,7.84915609726795,4.7823116827405
4.30541553230204,8.42154975608846,0,6.55404735764681,0,6.77605078798471,6.3848233352211,8.20008780087785,5.98282735371232
4.93749096005825,7.68430106833663,0,6.00551537033064,0,6.40135319027593,6.94293900831662,8.78351883003945,7.66042529814766
4.59228756015708,8.32141672188969,0,5.81182937873933,0,6.54092898398703,6.46897120808112,8.09091396462692,7.08721440960705
4.28137722652395,8.69423919022639,0,6.18552938092152,0,6.07027572753227,5.86799663310774,7.90669455116618,7.29073616753731
4.64832545630202,8.02120691784689,5.40299264748617,6.52006132435909,0,6.97545130993479,7.47919799512445,8.28426442061723,7.27420925197401
0,8.36194657793969,3.42881254869513,5.51536235940038,0,5.92684602277024,5.04825215766756,8.05123257815572,0
0,8.17248916640148,3.91999117507732,0,0,7.31979870245042,7.22599807876531,7.90130700700142,0
3.37622139559198,8.30253602862721,3.39718936026462,6.2907169246745,0,6.82190322971235,6.57798652374003,7.99638456959685,6.28003997040304
4.73891405603769,8.63193338008351,5.02117950797193,0,0,6.7735722455144,6.47774129795256,8.80338665644156,7.56806930244684
4.87489193306288,8.29458949435449,0,0,0,6.03758448272154,6.44500527844771,8.57118314654367,7.60124740004327
4.54361388028899,8.50954602623961,0,5.80492410331241,0,5.22869929966717,6.11086849060541,6.68553630011906,6.90347613649725
5.82431727628494,8.15122375865579,0,4.98367511251347,0,5.99450990529394,6.21636655143705,9.0624585020372,7.90384007223529
0,7.660505383132,0,5.76660076704835,0,6.39158204888955,7.20730416149875,8.1491857046665,6.85583020611722
4.76208846105951,8.5098724601336,4.60256680011798,5.89280376028401,0,6.42297095141971,2.79239134953596,8.29860922935804,4.46831900323889
3.03013370027132,8.78487712746118,0,6.14197288737707,0,6.24091891321199,6.49381435239293,7.57861594996284,0
4.5913754749659,8.86820070577241,0,5.958476371281,0,6.55052303692451,5.30151225744456,7.74726431363708,4.80081920299291
0,7.94491406073679,0,0,0,5.52329922713589,5.67094931756096,8.07546132293715,6.57386171472566
0,8.45863780226049,0,6.57726312596493,0,7.01470652875132,5.50089079611754,9.06175219271743,7.16743903100706
0,8.3521888228309,3.79863031807306,5.52513416322854,0,0,5.67084597440994,7.94383237184914,0
2.39151130218845,7.93901263971535,5.45907474542615,6.09629742358874,0,0,6.27972145431061,8.08301683179392,6.62806783085606
2.36743606531366,8.17660529708282,4.72588226115036,0,0,6.15519773909058,6.36428593283108,8.03989260400849,7.53591050228456
3.67807125539733,8.33948656941062,0,0,0,6.44763861224521,6.57379189256268,7.69048718928417,7.13129875031767
4.71043069664558,8.5518322710513,0,0,0,5.25546205624161,6.8575981809842,7.94901737071521,7.30036477332017
4.63579637952985,9.60515563796354,4.40939858146973,0,0,6.12148352843172,6.01944443361494,8.81467508834617,7.72711652067632
3.78077471881819,9.05540088111929,4.75384877835945,6.63758563161499,0,6.73727533275078,6.24527308473299,7.73370984013313,7.05002711242212
4.44476666449507,9.00175779328075,4.50335891984141,0,0,6.62909901773767,6.92480903354796,8.34153657448392,5.01176798569219
3.76907599610821,9.25190449105387,0,6.39059295399831,0,6.81390603149632,6.40628575014017,7.73398124975759,6.31057260955962
0,8.85111503569283,0,0,0,0,6.78111437801474,7.5058992326229,4.27444142399394
0,8.06253048614909,0,0,4.56538931597625,0,7.50871041330254,7.22817072105055,0
0,9.00813728077296,0,0,4.97852524017802,7.23133041872528,6.1231066561597,7.6509014166364,4.14122814812095
0,8.73987263504914,0,0,0,0,6.98677900613285,7.58687959717851,5.17019986376759
0,8.4934802487925,0,0,0,0,6.41079968673501,7.67186405847943,6.91004266092827
0,8.81481915905691,0,5.57089849146458,0,5.75231863831627,5.51897783756844,7.93838133219234,4.17530992104521
5.36302774791679,0,3.23238417489299,5.50999543975297,0,6.67507893463371,6.28515975437314,8.11817724270225,0
4.47049528266149,6.40656640555495,3.84224411082023,5.53240085790058,0,6.65246294933201,6.82318818502462,8.12788288891477,6.93542881007065
5.10945446171066,8.1921719412793,4.41534051370382,5.36592928495806,0,6.20921357410488,6.97979683184711,8.9621020647228,7.01954706958556
5.56845900102283,6.84237373593476,3.7736800558064,6.1838808137709,0,6.96609965595638,6.02330230395673,7.83838669001075,0
4.78289787377182,7.9350398296255,3.59813384080719,5.7836405499016,0,6.74074392067891,7.08732304757947,7.60141232953628,5.88460290532389
0,8.68600050750138,0,0,0,7.07022270715374,6.99221590557221,7.91049156112951,6.04521856143935
0,8.78990222531049,4.80172332502877,5.85673243390694,0,7.00706653470534,6.66225108142923,8.13100115865166,5.59080039594086
5.22966372323099,0,0,0,0,6.61004980634102,5.8704826505472,8.48917430289871,0
0,7.33840718649334,0,0,0,6.90858493472261,6.88204765143833,8.01699753548467,5.99742176758211
0,7.41774255142984,4.34107442334245,0,0,6.60242505667998,6.53701038735216,8.22484960430089,7.82144663540525
5.0889534386422,9.05269308614098,0,5.44406138060074,0,6.55320664427341,6.687756776812,8.61874024506187,0
4.9682148004345,8.95978194356963,4.37939818332019,5.8675156666388,0,6.51176018837535,6.86110382613832,8.21486302421066,7.53029757517453
5.52146091786225,8.68208879438681,0,5.66825891858715,0,6.4375436281014,6.64424535850134,7.99773037425458,6.03394915871414
5.3390753590202,7.70196876827689,3.42230634487239,5.79551048858273,0,6.23824649698759,6.62413162665786,8.20280020430538,7.19418907265804
5.92756582125775,6.74929867528974,3.82994489439254,6.14474341844921,0,6.74554218506483,5.92764576689476,7.29754483170487,5.63967052918896
0,9.1170840814964,0,4.88113386548567,0,6.9944741131853,7.46609596861084,6.84266193729344,0
0,8.58321124250938,0,5.8024204445532,0,7.18515213951434,6.83209379305822,7.70141273176306,5.69960710324572
5.52409743918338,8.10172017079711,4.20095429728036,6.24302061285887,0,7.12679441871125,7.14176755118145,8.30204013093066,7.18186567140382
4.91669084791971,8.35946512034853,0,6.13994920530861,0,7.0340266311748,6.53880530416779,8.18203369277736,6.66485534930225
4.99937210181754,8.00212859589095,5.11535560486666,6.16495556251712,0,6.54870609018194,6.61123425786315,8.22366741104754,6.14038011906789
0,7.98633831467641,4.77600940567301,5.77892086812444,0,6.52614340689613,7.06099983411667,7.63700292516681,5.76198848772056
5.19478850571918,0,0,0,0,6.92225958118494,0,6.74609480443586,5.69618703553437
5.27591837160456,7.56463258836905,0,5.91587856015139,5.15363835517859,6.73172191002926,6.40112085983461,7.57959710371475,5.73236993150811
5.19888369683255,7.39967938932686,0,5.28371121415867,0,6.65383030332849,6.21372771099488,7.59054904746259,5.81669440646686
0,8.12187245474009,4.41908154262489,0,0,6.88672569928761,0,8.75128617827266,7.308140841347
0,8.70557633958879,5.68133234581861,0,0,0,6.85114259855556,6.67434672230993,0
5.44336963824718,8.26289947230973,5.47147203551717,5.73876344355145,6.05727569561172,7.1502699919756,7.15154032133421,8.28463294184166,5.84678553573854
3.86283276123737,8.97891512186767,0,5.61331057149213,0,6.89135146915646,6.83141404572541,7.99638456959685,0
0,9.46974641907623,0,6.31102675454867,0,7.32377779436136,5.87389086453571,7.43371382037232,5.66694558460423
0,9.490544554572,5.67407899528276,0,0,6.58088875938612,5.79188492287775,7.30144465787748,5.79060216660876
0,9.2390638739953,3.93456696986304,6.35181024557618,0,7.14608690533588,5.75311217578907,7.472352922556,6.19505823917748
0,9.14555755433398,0,6.42939684535365,0,7.04854278224643,5.77799282252173,7.19131637184961,5.99505808261811
3.8271184983377,8.26741814910111,0,0,0,0,6.95684063767262,7.9342304725546,6.66737655164622
4.78130598369496,8.00860173670155,5.55129152782092,6.78540683770282,0,0,7.13501036633606,7.49912440807851,6.33343947326786
4.58527355427363,8.17041765765659,5.07642303463426,6.25226990480378,0,6.8470919064149,7.03822198023381,8.54761181807756,5.11198778835654
4.01998014693324,7.96012814756538,0,6.52051802946076,0,7.34991226440621,7.19527733863255,7.89538386405655,6.06425021683363
3.88218216341712,0,0,5.75981618217698,0,0,5.86768544592614,8.12767032772883,6.28592360383879
4.77668354406544,0,5.17902694535671,0,0,6.4730570156037,6.43864724856801,8.14778032060057,5.38334761573261
4.0705640335567,7.04771720135996,4.69455374712278,6.04372487376907,0,6.51250284355014,6.42271110570164,7.97620728455536,6.20578932711397
4.39284292710773,7.33265693431545,4.62005879848184,5.77172145766439,0,0,7.14772448177432,8.59219676240157,5.45433772600595
0,6.45111792179172,0,6.16931780256238,0,6.53825559130658,6.9563454231489,8.32346522820542,6.59692739702304
0,6.84960696358657,4.28123898086119,5.56191164347073,0,6.61648009235347,6.82048568683966,8.2036461527694,6.8002480162664
3.54990470182335,8.66717576818676,0,0,0,0,7.65768441364107,8.46480034537485,0
3.97480999352691,7.50928046999477,0,5.91682181661189,0,5.65357630842888,7.07318496810587,7.98293174829763,6.53870406397535
0,0,0,0,0,0,6.61014407545247,7.40175005533665,5.79044934786677
0,7.97019792856643,0,0,0,6.86335396968397,7.28678742764115,8.28140250112852,6.83857667596244
0,8.31335704675749,0,5.98189389416803,0,0,7.18359753662971,8.28706278880246,7.55736845751835
3.60332156575229,6.44225350117981,0,0,0,0,6.71680056348279,7.46698241997555,5.66400160464436
0,5.68958212525506,0,0,0,0,7.34277271681899,8.1940082859218,6.12586431258764
0,8.03866372025105,3.80577320558544,0,0,0,6.7851581742675,8.34375605105581,4.24391333254425
3.76096753050819,6.29495229910368,0,0,0,7.35085651211334,6.8904463398595,8.36365265874467,6.85708284445279
0,8.44928687227458,0,5.5834963087817,4.27791533841649,6.75585040876889,6.98868067389572,7.95059055218125,5.63963498816573
4.16821441078856,6.30775229782001,0,5.65878510872547,0,0,6.50570931891963,8.33605013991204,6.71715151923571
0,8.50647394502327,0,0,0,7.53021708515123,7.52219469377031,7.7262964581998,0
4.30000279919529,8.5268405060676,0,5.12497537253466,0,0,6.73031379523813,8.23412180672214,0
2.7408400239252,7.77114721781892,0,0,0,0,6.57232449985575,7.79289377978105,0
0,6.42383120841365,6.33374133326039,0,0,6.81874918659716,6.57454571405437,7.99691974385259,6.0071164150462
0,6.32652507344926,0,0,0,6.10385529268701,6.69504461533915,7.80765236636986,6.23760170754761
0,7.62986399607733,0,6.11421301236704,0,3.3579418729912,6.81790715495482,8.40135576184027,6.64574095327893
0,8.17697073149,0,5.82233558410001,0,7.94455244580311,7.09503120924122,9.09718735123926,0
0,8.04865089390498,5.13668040094691,6.23378307780823,0,6.68104286685337,5.97543678603078,7.8460579605074,0
0,8.14919726342255,0,0,0,7.26792311566242,7.03920450540233,8.19115275388218,6.74537751599049
0,8.70520685074671,0,4.77288559039268,0,6.13148732502781,5.23745209077676,9.00572289822101,0
0,7.6165543274803,5.84357340211853,6.55371970598033,0,6.79420576929522,6.47070662021209,8.22141980573342,6.98841318199959
0,8.10386928367778,0,0,0,7.20363614924828,6.87302924958706,8.30269714244455,7.1507798858895
0,8.01652249803355,0,0,0,6.66248114277993,7.30765828054838,8.84416039802315,6.68262224996892
0,8.4126812045449,0,5.5483365118676,0,6.94697599213542,5.68785632410594,8.0880950092085,6.90908439531557
0,8.18322421901313,0,0,0,6.05474446403546,5.9485309497228,7.53114501012562,0
0,7.14493584875972,0,0,0,7.0238034773448,6.38908227827124,8.25244869644632,5.4459180706136
0,8.73374224675942,0,4.66513576715553,0,0,7.01161066249666,8.21978396320587,0
0,8.22606518856016,0,5.16786693716397,0,7.05082478879858,6.44966441020001,8.26499151250201,5.77187716512154
0,8.692919715377,3.97968165390196,5.07897906607481,0,7.1455588452351,6.75608319157195,7.95539001288538,7.27622439740357
0,8.41235920378486,0,0,0,0,5.03825046112923,7.65625201616356,6.2753644762643
3.43398720448515,8.68389506021252,4.78615751976891,0,0,0,6.47348938126825,7.81845038449913,6.78207867089414
0,8.7408022343724,0,0,0,0,7.52389181717583,8.24406338590202,5.36588255271046
0,7.54454901574444,0,0,0,7.55153362797696,6.36652199279472,8.59723466831979,7.13261735279031
2.93332481342537,8.22616151530053,5.79222061111808,5.44854607979473,0,0,6.24976286449657,8.76384387242576,6.14124138992621
3.41674259299762,8.28635259369562,0,5.52601055256082,0,0,6.4902378323498,9.1490211965132,6.35316932022083
0,8.74879526832597,0,4.45318382899021,0,0,5.28776185260852,7.77270639960666,0
0,8.4717417475123,3.93788566495387,5.11373325209982,0,0,5.96424750081443,8.11924376964974,4.48017369581341
3.88300605635765,8.42207559306691,5.41530008203365,5.4668357631983,0,6.7646928961403,6.83595848016245,8.13795999836916,0
3.58185088135541,7.94720832996718,5.88657614221055,0,0,6.0800476050265,6.51228010490332,7.96171533044026,0
4.61867853601288,7.74942159767755,0,0,0,7.2912678503942,6.97528307777401,9.12638903555586,7.84175625456547
0,7.84699270998245,5.45022267026119,0,0,7.03084863434405,5.96535155125073,8.55650813089931,7.05353386759489
0,8.6466096292152,4.66334475003916,0,0,0,6.06773090256143,7.64343019845286,0
4.38576962095272,8.15139388970035,0,0,0,5.53918295084986,7.58168396160912,8.48673604578507,5.48707649100042
4.53012331166518,8.48352885298258,0,0,0,5.05452457966598,6.83449617720522,8.07758063933439,6.49170939132979
0,9.39694441249944,0,6.92025680820506,0,0,6.22501377113607,8.0807635935506,0
3.82733619726095,8.45443441891941,0,0,0,7.52632437690374,6.62651905401374,7.29344615939085,0
0,8.16556548869902,0,0,0,6.91166761580205,6.48562710997743,8.12379794853865,6.98412355187329
0,8.38286147862095,0,0,0,6.89778574794465,0,7.36300053725233,4.97990113472639
0,8.56319470901789,5.70298215448543,5.82277958783694,0,0,6.10383295006287,7.22203303009358,5.97911358704895
0,8.88781837668169,0,0,0,7.45216460391469,6.95392295982714,7.69996015408776,0
3.94429656597844,8.25500471149774,0,5.97253653722246,0,7.07137809896855,5.94193285807693,7.59618133253955,5.31177638623219
3.37587957367787,8.2898684109338,0,6.01317711401363,0,6.13493698836437,6.9076552739818,8.08556684281148,0
0,8.89501985222044,0,5.98454063203516,0,6.80093814741871,5.88810203411283,7.78036994735313,0
0,8.80152967361692,0,4.16914277229729,0,7.12479222286454,6.70171463556759,8.2428642346311,0
0,8.31879590978942,4.8142148129228,0,0,6.89426468879964,6.84103838691652,8.32421262871826,6.94527261914208
0,8.6311127735379,4.94292731107218,5.4105740488937,0,7.41184023540964,6.56927101959997,7.93791026700534,0
0,8.48220208086957,0,6.12150548015987,0,7.10175010396218,6.69182316265294,7.18792167939225,3.78305262413119
0,6.53400683742554,6.58079169152868,0,0,0,0,6.79074944122921,5.3300582523321
3.9862024036024,7.39310308196247,5.87287806377394,0,0,5.31330449635629,6.12420187454618,7.72122449144006,4.94157099148673
4.09650888505148,6.38027506763924,6.32385704432682,0,0,5.9545152523297,6.42368517919132,7.43709446426178,0
2.74855214441154,7.66819655559343,6.02257554213303,4.69033819835797,0,6.87662574378522,0,8.19476783382019,0
3.50945370043201,7.91895611063928,6.27129084359418,0,0,4.86344919407056,6.16369367962064,7.53456498792964,4.35246908243156
4.14503767653762,0,7.28628760051615,0,0,5.69739545433135,7.26627551931375,6.67017045260387,0
4.64573614773475,7.73837046851486,3.48951346271072,0,0,0,6.52957940931161,8.07026213149182,5.1953983125402
0,8.09390214108208,0,0,0,0,0,6.73634992307234,0
3.47134514156424,7.08693858327559,0,0,0,4.93820796016067,5.94528970998737,7.8385089169864,5.76903948761669
4.17868571065585,8.15721279046878,6.33553286035082,0,0,6.71935126147182,6.03046889070121,7.59366130555296,4.27499806191536
2.98011089265103,8.69807871761163,0,0,0,4.58506951428109,6.64628661334626,8.366144694839,0
0,8.14048753702948,0,0,0,0,6.76817132076686,7.79704062586845,6.15158309800074
0,7.17375140179903,0,0,0,0,0,6.73707371386908,0
0,8.19467671852753,0,0,0,0,0,8.42183361039169,0
3.41739876100016,0,0,0,0,5.96673630888302,0,7.970277415839,0
2.06432790386979,8.36766945741327,0,4.04234926710372,0,0,7.23731798539765,8.77240888873018,5.99226422727855
4.05213271341279,7.66024626145879,5.3099000277911,0,0,0,6.08845513242161,7.96341483249136,0
3.65013862579751,7.91234256165617,5.76853972187148,0,0,6.86934703568582,6.47257810688845,7.48517730499514,0
3.60441029748749,8.42885584480823,0,5.33955527456428,0,6.07009086756317,5.27969504241994,7.99042109582056,0
2.78006073707848,8.72429516182399,4.28908863901461,5.76283723743752,0,6.90588352834934,6.09827650890805,7.69777051613505,0
4.12761813898503,8.05647432504778,0,6.17167972036627,0,6.57386171472566,6.59974804273576,7.73517108034712,0
0,9.04269538549219,6.95848641538849,0,0,7.65127708207984,6.21142303147742,8.09723151395537,5.71893377842355
0,8.28876067816842,0,6.85286605329211,5.06569149984433,7.03746688550379,6.91243431519887,7.89981374769538,0
0,8.6520194952812,6.05732250989945,5.00849968196583,0,7.30109382329239,6.57344270860204,7.88386089315745,4.96591682929688
4.4468776069935,7.40049228569678,5.46213545177743,5.67170684118372,0,0,6.24241779906146,8.40746091128444,4.62654021172428
3.15529684322533,9.00034993790689,4.88318063874314,0,0,6.95097759043541,6.34929632166008,7.91332348497392,0
0,8.94718439418639,0,5.97075150551044,0,7.38125279748213,6.12264630650505,7.38037423527669,7.43667619101722
0,6.74219643951885,0,4.72081760951405,0,0,0,7.66279216315793,0
0,5.01063529409626,5.96424750081443,5.25216871052206,0,6.82418887035998,4.89335213348152,7.42665620951506,0
0,8.25486952612459,0,5.63210743794931,0,6.96678804623483,5.04716006877863,7.29134962267208,4.07158757509948
0,8.49264021907571,0,5.94397978053624,0,7.43177349653411,5.48641388278468,7.90862977691483,0
0,8.71742670041722,4.62526688768721,0,0,6.76619171466035,5.76616241773956,8.37945410169439,5.88804658790949
0,8.60325528464524,0,0,0,5.16312745648635,5.6338248522324,8.19963730711259,6.88276562227853
2.33311429802887,8.98348995873065,3.87473642064213,0,0,6.61730939070763,6.38188369701087,8.82970786665931,4.58537555865991
0,8.53908774675145,0,0,0,6.93117879392573,5.92855137104785,8.3574374994822,0
4.04392807630808,8.3972039739294,0,5.7024148732489,0,6.06383171923388,7.14064319934678,8.15256383773366,6.51296301293028
4.25773810913054,8.58323558117631,4.32651392474362,0,2.41412646772695,6.51343780447604,6.84481547920826,7.74807599848889,7.48232723518707
3.98527346716774,8.52845948769013,4.60306797789622,0,4.40818159215073,6.54902107336158,6.99324466499755,8.57936203207749,6.25919898175007
3.80220813942094,8.41271894956839,5.15490878325268,6.34782694220841,0,2.73111547403321,7.56296692019905,8.30809799820308,0
3.41279651750551,8.14396775482558,0,0,0,0,6.93260397695153,8.43605471694282,4.64889994884942
3.2519236789144,8.36126192728922,4.78590715465181,0,0,6.62618780753021,6.96414506416942,8.25839396464349,0
3.90459548959935,8.12574636643616,0,0,0,0,6.60602837128977,8.67689585896851,6.66481710033975
4.05369616374429,8.19767639544444,5.69083231548057,0,0,5.8348107370626,6.74890021755029,8.4118748970893,7.24144507677964
4.7184095815946,7.57344903942737,0,0,0,0,6.91758679089543,8.68461936069349,6.26463559202184
3.59126662524694,8.37553054384485,0,0,0,0,6.6365107009887,8.21540678551015,0
3.74573226570672,8.26186213584878,4.72108481058445,0,0,0,7.05006180723786,8.19442265629196,0
3.52488885400471,8.33815503834784,0,6.14162871993621,0,0,6.76809083185416,8.03876699169691,0
3.48737507790321,8.51259865266949,0,0,0,0,7.06338201176419,8.84988543571676,6.2511135902345
3.28877495224787,8.79336780632208,0,0,0,6.94619684252333,7.15601281751059,8.78379768416532,5.78086696496229
0,8.46201869067158,0,5.65738943508649,0,0,7.34029065861296,8.62676124296726,6.77671221646621
3.90399083373088,8.31445257737219,0,0,0,0,5.92540486959847,9.01840111300201,7.85910808886071
0,8.62720208659857,0,0,0,0,7.50807968358222,8.69863769704657,7.50359278207397
3.45978070576105,8.59304991931919,0,0,0,0,7.08094358768653,8.88452989625008,5.8969890188851
3.85439389259151,8.39967012196571,0,0,0,0,7.31528492113918,8.53910927007441,5.4211100551349
4.23772314506745,8.67099866881085,0,0,0,0,6.85566166442382,8.47275006517175,7.17740066394777
4.12309397550809,8.91843338713783,0,0,0,0,6.98725938009474,9.17499605587834,7.0459769052445
4.40354347813613,8.80376514791725,0,0,0,0,5.97156791539353,8.97857097479119,5.68592395635489
4.96235499992102,8.77807790034258,0,0,0,6.54919284056019,6.97918251832313,8.70067740539564,0
0,8.65537998084561,0,0,0,0,7.22953438400196,7.15377906982307,6.43191062411139
4.88771408058375,8.64652000718288,0,0,0,0,7.17527545960997,8.86273276662169,6.88529492305195
4.33152250250011,8.6092945922276,0,0,0,0,6.78241878767084,8.70185367744807,5.29375698379171
4.84991866105469,8.5843713506418,0,5.8113206175618,0,0,6.96548630662528,8.29007675864932,6.18222952435817
5.26589747529193,8.62405098559293,0,0,0,0,6.82499304340919,7.60617851664243,0
3.81661282062349,0,0,0,0,4.46889216769546,4.36488047583891,9.27438502117908,6.51465342985737
4.20200243692861,8.65920304013832,3.56727663235469,0,2.81480973767374,6.98125663861225,6.99741315091267,8.75371248727844,0
4.7259708861338,8.54951129009166,0,5.65930798455437,0,0,6.29169876078676,9.90377251193134,5.48939216833674
4.1187119186704,8.60959733460163,0,0,3.8617817889914,6.54596728565658,6.02427049883316,8.56943263806054,6.15436965203043
3.8797064039516,8.47363203214053,0,0,0,6.06891158124149,7.26000946575723,8.30605231889318,6.78601693138242
2.68375750853317,8.23057455331765,0,0,0,6.50997556244996,7.32179022755114,7.93524743514712,6.52806025156754
3.45978070576105,8.36850523040099,0,5.41929529310094,0,5.6250638899448,6.95336897494249,8.72586939349287,6.19687173493189
4.66494739002395,8.5361248512951,0,0,0,0,6.60816255550452,7.34606827274374,0
0,7.95243922562469,5.20450107034375,0,0,6.5657437286516,6.87370199165725,8.84158272529447,6.85892211388818
0,7.5459392814668,0,5.65679568343186,0,6.39302203038513,7.43834235272594,8.00286142832096,6.24883559697142
0,8.0322594608161,0,0,0,0,6.69296424804807,8.88062585047735,6.98251946435229
0,8.19155445989142,0,0,0,0,6.73354473877711,8.7929777685199,7.07349003217169
0,7.80798573222978,0,0,0,0,7.01185399891045,8.71787188684639,6.86504608815996
0,7.84351132636729,0,0,0,0,6.82241523181512,7.88687432041536,0
3.12632184325759,8.39138730861589,4.82149051195418,0,0,6.85330965279242,7.12409976897363,8.17653500592274,7.00599751972792
2.56802155649851,7.75688859674354,0,0,0,5.9729440974706,7.22090039887045,7.26041015325798,6.53157709149887
4.58568150940423,8.16535794579304,3.81727266888234,5.25269218852176,0,6.97302790559833,7.00536281783515,7.90590982853272,6.89474095890445
3.22326617316949,8.22526478269293,0,0,0,0,6.80813381895056,7.78638983317886,6.71770795515712
4.45550941143368,6.62726064821033,0,0,0,0,7.05385362561857,7.84327984897159,4.58812575137883
0,0,0,0,0,6.82304670305517,7.14899019028793,8.38877783240266,7.11103892135961
0,6.59957113467985,0,0,0,6.83654924597322,6.91708165283838,8.03186635925601,6.71138753475478
0,0,4.82028156560504,6.79539252701129,5.12770696568209,5.05477976308044,0,8.29245587072607,0
3.68436929863605,4.6218306268812,0,6.49672974029332,0,0,0,8.468118486769,3.62567337821014
4.19162250168657,0,0,0,0,0,5.47909606708448,8.06258090541683,4.46060673479674
0,8.28948674591555,0,0,0,7.81482361499415,0,8.51419670643596,7.03996705129064
0,8.46019946989612,0,0,0,0,7.237174127414,9.05240269719339,6.37645480202676
0,7.41353016924052,0,5.53729489616477,0,7.30774542681003,6.90208925735551,7.50215889240322,5.52609018624591
0,7.69742099989374,3.2801590532851,0,0,5.756438173882,6.30913615426548,7.81152393590231,5.99647696393152
0,7.98341277750469,0,0,0,0,0,7.72807681394789,0
3.56501546689155,0,0,0,0,4.07516174280533,5.91706422453173,4.99029652310073,0
4.83889753084195,8.58052661171139,0,6.5582829055739,0,7.28414166958963,6.41722235848391,9.73228396147602,5.95837301210778
4.52265776441363,8.0502185700907,0,6.13725177917396,0,7.32214048446486,6.41112837461596,9.46294951730469,7.38501377790418
0,8.81474935419119,0,0,0,5.65115495725551,0,4.51841332206181,6.79258008993592
4.31455046954897,7.6576655174614,0,4.93108690866979,0,5.79851673107273,5.67829371188903,7.7302319113655,0
4.67832770660582,6.98825634313275,4.48998377617897,0,0,6.19299623544573,6.63489613542199,9.60861972426962,5.85904681984221
4.5110792625885,7.50337231744387,0,0,0,7.08624450175587,7.37439074232011,9.57949413062519,6.64345113416284
4.18737942818929,8.29761079166811,6.30360749798477,0,0,7.05628734678667,6.167495526308,8.820408496136,5.97525894276105
0,0,4.13372551894595,0,0,7.18381760287813,7.21980308133567,9.03913559418304,6.78850992465879
4.27513717299578,8.45570494678495,5.0861755733416,6.21700522302191,0,6.37067123405378,6.99072600351975,8.49101963276638,7.03505730935532
3.47072344431077,8.41343139712211,0,5.98522009101065,0,6.09225965714288,6.01023723243127,9.32105850991045,0
3.61172839492552,8.77473662355287,3.93221771271367,0,0,0,6.34298372288637,8.36705146498608,0
2.40333499609419,9.00089013779398,4.7961210694801,0,0,6.89847232538322,6.9413157725041,8.34219197542804,6.08132810276623
4.38937457233642,8.31568147572903,5.81209861813966,6.22797831736036,0,7.00170089182467,7.53947908130466,9.07578903080951,4.80533166091038
3.7000666435045,8.03956375950706,0,0,0,5.82976880810768,6.47062921064578,8.01408107524617,6.08859125783871
4.4624538837865,8.76613547505209,0,0,0,6.62184496936454,5.55744563158176,7.93176254891241,0
5.5413419734554,6.3642170516339,4.78432005161641,0,0,6.56045058254638,5.65861075600948,8.26637521131311,0
4.16945203470891,8.40914907812921,4.1703792484981,0,0,6.64899750330876,6.49043517730182,8.0323081816506,0
4.97369464628397,8.28629716718864,5.02177303850671,0,0,6.79135628509792,6.90319489622581,8.72670343001814,6.47352025737786
5.24907459996959,8.0261309784912,4.67553544864866,6.25016827382074,5.00956805813583,0,6.48640466164375,8.59850401776422,5.11523552080767
3.32647383546622,6.3949777514909,0,6.07447208609159,0,0,6.60787916042965,6.84166889385428,0
4.03988837642604,8.04625472534669,0,0,4.54148463430196,5.25316308454093,6.60491895875868,8.32683139837637,4.74380105415731
4.03494835226544,8.49510503428541,0,5.09669065869608,0,5.87756770042787,6.51560118493365,8.13623140969226,4.69638106604148
4.32796635782394,5.7164025060123,4.67842064772768,6.69557639539262,0,5.72779192711655,4.90312431971048,8.13540847646008,0
4.91478496843942,0,0,5.44729755955936,0,0,6.14356312280911,7.90405794882568,0
3.62540703115836,8.89400090422685,0,0,0,0,6.6359859249904,7.71268530780127,0
3.08831145484708,7.63060202857455,0,5.65861075600948,0,0,6.57666453611333,8.85640453041195,0
0,8.48411199281411,0,0,0,5.80178599386046,5.2487068659947,7.8829373667289,0
4.19945504662472,7.50394542441564,0,0,0,5.88513133631337,0,8.21189553833725,3.83470990232548
3.82428409112014,0,6.82244790390173,0,0,6.24148369242755,3.25540059955057,6.67583583189582,2.43536620422786
4.59390699370938,5.26600076507149,4.39605280640697,0,0,6.34712647812234,6.4786325225233,8.31284440673606,7.60878630023885
4.09250954627637,5.97169541925069,0,0,0,5.23867351362052,6.70805966353048,7.95388057863653,6.75626937880702
4.24577726598231,7.79332697580489,4.72667960338529,0,0,5.94892232384231,6.31983260483118,8.13560475335175,0
0,7.29799845238421,0,0,0,7.2179715387385,0,8.35050558504624,7.42676928624369
5.06657444642036,9.31964310686663,0,6.54503351841281,0,6.94498362407226,4.95744546558214,8.18130078666003,0
4.83103004479653,6.84004372910907,4.89791442403214,5.425830686847,0,6.52247507803307,6.39829538884393,8.17396458182359,7.29349375690627
4.67460296070343,0,0,0,0,6.51155214605284,6.20439613334578,8.51178056957135,6.68342352203112
0,7.97056420868497,0,0,0,7.6884461948039,5.33686477616028,8.482545844463,6.20500210827696
0,7.85905015445403,5.16215394173517,6.20298076218121,0,7.28177787845402,6.49820684543634,7.99297157397991,7.76513217481101
3.63837532194017,8.69078340741999,0,0,0,7.51521929100205,5.13538658754601,8.92192069422715,6.6635795948395
0,8.87299595511634,0,0,0,7.00686731347856,0,7.46981379531152,0
0,8.42879685581403,0,4.02642254573664,0,7.2731411721965,7.01816900563651,7.81023913307652,6.07624218115038
4.75359019110636,8.68178856361396,4.82414506043008,5.35828294771547,0,7.00017036294691,5.88148225637175,8.20766624770697,7.63989718562375
0,8.33160791447709,0,0,0,5.96965340409387,6.43310085152097,8.25103774950874,6.37094495824415
0,8.44586903316221,0,4.09567700745588,0,6.78162500183792,0,8.30920915185985,6.29557960539732
4.44839941003814,8.3325657781775,5.92569860633236,4.76328442908178,0,6.47584865484314,4.50291595194934,7.863928043751,7.0184017990692
0,10.0377998901437,0,5.23425873024732,0,6.31133545537462,6.32809748510175,7.89913121964443,6.38332080680823
0,9.00745645135933,0,7.03037106252233,0,7.49073038688703,5.9006094287639,5.8919204167716,0
0,8.46644711569829,0,6.45400288024245,0,7.70686929135312,5.61013091857475,7.44008208667989,5.16318469255654
0,8.95841532873647,0,6.31035454668396,0,6.84474092903863,6.09257604847639,8.30748399370328,0
0,8.86266481183425,0,6.54329294905188,0,6.41104621277352,5.78450187639758,8.76140915174778,4.91493170358275
0,9.83210969637577,0,0,0,6.69231944673613,6.34294854134963,8.33756161338312,7.84415447373294
4.34432476748987,8.94777228673865,0,6.42102046074071,4.09016919081162,5.99958151520993,5.37356397592257,8.72276567165951,7.37658947470696
3.64283551561253,8.34499699966102,0,5.4705464990607,0,6.32365979328837,6.58245440962385,8.20516378009359,7.88559256050781
3.84052700372308,8.37611798708997,0,4.94705631245338,0,6.80444820911621,5.15149807959658,7.76052670347721,0
0,9.54704829510686,0,0,0,6.8076365566455,5.80380878872333,7.52736893774477,6.90827514382899
0,8.85490894026982,0,4.26042381291463,0,6.46288904144665,6.38573388245541,8.42295503678753,7.65482703906056
4.93562435028374,8.93233664619851,5.31157904053122,5.07104028395222,3.80976877138939,6.8720348327409,6.36909586428671,7.79304232527338,6.06881902935452
0,8.89176325824633,5.21965287536435,0,0,7.16177714994128,6.1385042897573,8.68056126029311,5.90457134495361
5.95256778147804,0,0,4.02873880512411,0,6.22929964716518,5.04058237046421,8.13252433444361,5.49675830522187
4.74118598990553,8.53354477265803,6.80539027230411,6.28629600171297,0,7.09552032639453,5.86544770652449,9.01058492421371,6.13426534573965
0,9.02481047395525,5.58018255367825,5.71082428944525,0,6.85966736817508,5.66863877252062,8.46429439837887,0
3.9273056289593,8.24252737213361,5.13326582091904,5.31787486576357,3.49225611260912,6.59737759859817,5.53042065923372,8.78263885733234,0
0,9.22952516139102,0,0,0,7.25845440322378,6.222199212868,8.34873430229537,5.05643686989686
4.11038193991972,8.65884204810053,4.47608603257655,5.68303540151141,0,6.38347285052954,6.16213516116107,8.41624736112361,5.66031810324212
3.07915388169306,8.84282112628277,5.33739383852983,6.57506189350097,0,6.73977440134264,6.43157259865969,8.95092176479726,0
0,9.54915272552957,0,5.91558192426975,2.36179695262589,6.72939387043982,6.03641401189148,7.4974124156829,4.28123898086119
4.07295066953443,8.78657584618593,6.80567825564737,6.2456803179766,0,6.41208095898349,6.42345798022897,8.48147481790503,5.52122088905764
0,8.3196296637048,0,4.57119966641694,0,6.98235241718892,5.43720936541466,8.01806883995789,0
0,8.57162645094949,0,5.15779013141106,0,5.44552974622842,6.31186184282608,8.59821080832668,6.22245721336559
0,8.83593778931984,4.15339932500342,0,0,6.41032289732714,5.71732371022287,8.18328845594129,0
2.56032328907275,8.2980043100764,0,5.12705443711082,0,6.86336442364733,5.65518729147674,8.2290336716713,2.98669152890184
4.28096243218686,0,0,5.5417340227018,0,4.34795265434013,5.18144641481662,7.43074264800717,0
5.59329774148093,7.95830413934433,4.11234818666168,6.71076668514478,0,5.3866029314154,6.2974407567154,8.58249017484855,0
0,0,0,5.91285414652607,0,6.6776878125951,5.30255836080529,8.17152601056553,0
0,8.47751429331226,0,0,0,7.2480914694808,6.47992185501196,8.05397608156497,5.46166844970989
0,8.33250323217008,4.93569620743176,0,0,7.32792507462492,5.71141990178541,7.62189555442104,0
4.33414855442942,0,6.76830928668949,5.85887556741572,0,4.80655880549927,6.06916605477183,7.5911854014787,4.33270507934117
0,8.1049783550576,0,0,0,0,5.54673872504651,8.46957314239498,5.35185813347607
3.49529470504127,8.37065645183966,0,6.07628811592301,3.65065824129374,7.52182678414208,6.0875925742022,7.94974430470916,4.99923724914389
3.08876713952118,8.95696696831666,3.1540172525197,6.62349401555245,2.37304355664261,7.15591139169764,5.95907047929698,7.95834261063513,6.15145528341692
4.89567327562657,7.22729932458266,0,0,0,6.31526758152137,6.14418563412565,7.92189478388628,0
0,8.63119486450187,3.89528368142385,5.42119849592385,0,7.08590146436561,6.55690618889618,0,6.96552406206443
5.23335208769568,8.880781582313,0,0,0,6.81455387414812,6.89326073883168,7.16422528330115,6.2587015359327
0,9.1232158976822,0,4.45643813218769,0,6.64968378736664,6.03779931831346,9.20794049457267,6.96131500307645
3.27412129909418,8.30344040848872,5.14102007465882,5.12794414326992,0,6.18974147069206,4.0996637236997,8.21744393582628,6.17259789826513
4.26296152751494,8.78460775853279,0,0,0,6.31887801959799,6.91190665010461,7.68073437576989,5.43354731580814
4.04952151861378,8.79735808050924,5.99685001938432,0,0,6.49811647310226,6.13239971402947,7.61483495007224,5.84840216426614
0,8.38586280337448,0,0,0,7.43044030126058,7.38407641071975,8.2881472552494,0
4.43509335561057,8.56849258578518,0,6.3814436976807,0,5.68524504665774,5.82032029090415,7.38147698759628,0
3.62380745737022,8.72656393149887,4.53367418428302,5.27729799932396,0,7.47883086615357,6.42590576345266,8.90272766403552,7.18453817056492
4.08698420781581,8.11722295879003,5.74168822105543,6.53687998564226,0,7.75597699819461,6.56758621751663,8.05017390458746,0
0,8.89677554566345,0,6.10284938007187,0,3.43463215774839,6.35125214171949,8.02742104629252,0
0,10.0477047727965,0,0,0,7.32578775256532,6.70570029249779,7.96719698657366,0
0,0,0,0,0,6.91438326527236,0,5.05929846607554,0
