7.80231151871029,8.04662300170543,6.29973937579831,6.30499709814987,7.44936419771082,10.3181832606061,7.2186752479011,7.93053708718949,6.55552757425639,7.20668881564386,7.48197814787792,8.53065023783615,0,0,9.10463868701562,5.15236631106373,0,6.48416184115902,5.79687808289396,0
8.1889890794532,7.44278559144495,0,6.10206630343578,0,9.22904435676995,7.69614445520374,7.68482532197703,0,7.0375459337628,6.29779048751829,7.81328026764481,0,0,9.48376630687976,0,0,0,5.85859008151678,0
7.12898500009107,6.33878840561014,4.27179315427418,4.98456506636307,6.63421277008408,8.46014865344513,7.25652304341176,7.5257154438918,0,0,6.43252199891927,4.33964091817744,4.55081959123801,5.1360925114532,9.47059471982656,5.08369986495326,0,0,8.41200821590589,7.9797292300307
7.75811986074013,8.54485115908967,6.03758448272154,6.58119376846944,8.20488230433895,11.048922992707,8.1144832842537,7.93836349285696,4.37386844697242,6.54493290683808,7.01873298862454,7.39074299891115,3.02626147858881,3.54990470182335,9.46440102592511,3.13853307218566,0,0,8.36851219224198,8.73964050041
6.73658728925827,6.36748367994273,3.36936265814214,4.48964709473255,6.78972596300124,7.88163166674869,7.40708103197784,7.61180283401037,0,6.07431101288347,5.23883271971314,8.00159955204163,0,3.58850647996715,9.30465005144692,5.44509809775623,4.25547085578578,6.78551984609947,8.69796187646205,7.41627624907284
7.82465782366066,7.22847553051071,6.28150009795561,5.88209601005262,7.19284399158132,9.53161919965793,8.10820187353151,7.76252373627013,0,7.00982438388555,6.54766020735441,8.11320199656407,4.25277179881662,5.02926075821942,9.62842551144045,0,5.26517414795478,0,8.22147357090865,0
6.65031785766616,6.70758334800519,4.42568460401334,5.36854281143753,6.70677675836891,7.85611815685603,6.11708346853214,7.57663538139908,0,7.15325505712528,5.0495995641144,7.42018361771407,0,5.96758160664465,9.77643796469665,6.0857969763427,0,5.53792464389291,8.47551040985843,7.4766422421614
5.81218834849999,6.67105778660388,0,4.94726941847444,5.61789773549903,7.89085944242183,7.9576848977031,8.87468999753371,4.10791868224922,7.34323216115827,6.76308782423146,9.03336330790398,0,6.32546945666534,9.13259178080392,6.56501141676669,5.22380931437297,7.38917474885523,7.98307164589963,0
7.23706622034346,7.44577380165013,0,6.51373443475823,6.12034137402887,8.35353478943679,6.73207958940929,8.25773310573614,0,7.02196750242577,6.83077703769809,8.49693333960886,0,4.85421537482495,9.47823546700932,4.64928276060641,0,6.64729919278395,0,5.53299415367592
6.7632958205345,6.87886185532716,5.67383859828313,4.74258154181105,6.6285703367843,9.3349975045756,0,8.29490927051391,0,6.76316871682347,4.8129157951222,4.05143706121082,3.09693415406296,5.20164125428258,9.30326589255764,5.84290653246683,1.39128190263093,6.33588723780195,8.07711489917172,0
0,0,0,0,0,8.64236574609066,7.82754787217643,7.9619453500975,0,7.36577488582519,6.44787622283425,0,0,0,0,0,3.80866049243299,5.28249281620107,0,0
0,6.13181327381328,0,3.82777145298056,5.96265346525386,8.24191125188115,4.93433003788618,8.65683860526308,0,7.26927546575072,7.39345384580047,8.71102327039306,3.72665681844797,5.38600767967502,9.45346692647473,4.46418249268711,0,6.6185119884634,6.61483283306001,6.30569117478187
6.44751186350856,6.227603293917,0,0,6.20115805069779,9.04047451981535,6.7446008534819,8.32766573437195,0,0,0,8.43654046438539,0,0,10.0350682938769,5.24523299545558,0,5.36844958872841,0,0
6.57690123074356,6.81673588059497,0,5.58184080385096,6.61519465907925,0,8.66190979567906,8.64126750651816,4.47892645941384,0,7.95557940881814,8.77960207027311,0,6.90544260681621,9.63706456257442,5.47319461645275,0,0,0,5.03883394845493
0,0,0,0,0,0,7.53986181369965,5.64013244757975,0,6.00275061912495,0,6.94931939805983,0,0,9.89417431869355,6.72005126270731,4.65023914935567,5.29179614955777,0,0
0,5.87605369559665,0,3.69287147538347,5.59240388667281,6.43215200092591,8.87095228840207,8.39827451115956,0,0,5.3291859902105,8.54726642442238,4.06302587896467,5.61078960780704,9.25776770314855,4.65386510752685,0,7.28284365043158,7.74774794990023,0
6.01878784275687,5.88521474726527,0,4.91353684963271,6.58783922919663,7.65593027192853,8.47142774816284,7.96573999867257,0,7.02636463980449,6.87350539078226,8.59801713230916,4.82534934783829,5.80892296611048,9.10277186494293,5.86047278403547,0,7.11819447058471,8.09963930761069,6.96445692185144
0,7.57604095769072,5.63006417016192,6.2764931020942,7.35040055821459,0,8.61333756863567,8.41766894489211,0,7.07081756083728,0,8.39307337067894,0,5.08673176406756,9.36553907386499,0,4.92129393207118,0,8.70175556902821,0
0,0,5.63368184697671,0,7.12048479194747,9.16704135383103,8.2999198765004,8.63358147708313,0,3.92868344632125,7.92837719693615,8.86548812090937,6.11600249466807,5.54318326993456,9.29400114194617,5.09528276815654,0,0,6.71726041149902,0
5.32047017118917,5.91620206260743,0,0,0,8.29288145804298,7.82884248933983,8.42288690753973,0,0,6.62809428483276,7.73379302187873,0,5.01283287763974,10.430364659198,5.30330490805908,0,6.73387796897085,0,0
7.25737640312643,7.30843562501812,5.21265053979095,0,7.18632596856546,9.44585508394539,0,8.0880704349574,0,6.548405331839,7.20321949187597,7.31391348017912,1.99605993274078,5.20158617758826,9.51680985067926,4.96487054872851,3.93319724065955,6.77052562764992,7.29889831408275,7.68845535654994
6.59931252044238,6.92543801383445,0,2.70270259477561,5.25457444360012,8.66109264941289,9.22468696568311,8.65550887106616,0,0,5.2899323100136,8.42106547752197,4.50788806318154,5.4206677338255,9.23042727258836,5.01083527409892,5.04058237046421,7.39438246803175,8.37823912262332,0
6.45966968503733,6.55009413462188,4.47960696301275,0,6.78395920116863,8.76072429696272,7.6154511127784,8.34494473021678,0,0,7.31248678473655,8.33461560184869,3.93573953204546,5.18391610623806,9.34622524299655,4.9367734454978,0,7.2838876926178,8.09751759083896,7.84857470757417
6.62239051948552,6.19371127270921,3.58351893845611,3.94584455390366,6.84641164874108,8.9393895482961,8.05604622588079,8.02915592928068,0,0,7.10452200020759,8.11420202060008,4.92326021461125,5.15433151601966,9.47576916673958,5.03076466539142,0,7.18040492859996,7.8163887688641,0
6.46962234060959,6.3149781825648,4.56257578835567,0,5.42336285552226,8.63596951138017,6.5462831325596,8.80363449443188,0,0,7.15604402338354,8.45985217266973,0,5.44678047418566,9.17880532825519,4.05004430332552,0,5.4943774494525,0,0
6.44589440731882,6.55791407462197,0,0,6.02511690106983,8.68523494202293,7.1947821368277,7.93620973214185,0,5.92791220620146,0,7.58283522557946,0,4.65776263610726,10.1378360928353,4.3961760577783,0,4.12422693670397,0,0
6.71283468661167,6.55377669659115,4.82975270149656,0,6.4289127010692,8.75168648998317,8.01467628777114,7.32014965748212,0,6.424301602012,7.01227744332168,7.51345826162626,0,4.98804879542346,9.42881705035969,4.76626810633042,0,6.71989440847886,8.60219037461212,0
6.70227972532133,6.20002224009377,4.48514714338836,0,6.4184464986784,8.902266458676,0,8.22571191110522,0,6.69982048595388,7.06010719915366,7.33904406709976,0,4.87771323959707,9.15523032937893,3.76584049525006,4.17438726989564,0,8.27147166508878,0
6.72116060541501,6.6307229626956,4.13820194528588,0,6.43050948847934,8.95864301324391,0,8.02594141060735,0,7.00606096776626,0,6.85782947021241,1.7404661748405,5.89001304794687,9.35616217710802,4.61025722503665,3.55734606415209,3.17010566049877,8.07681671159089,0
7.21671682882641,7.04205013009805,0,0,7.30522853716075,8.60984711923206,7.01691457014711,8.67218979905993,0,7.04760417409854,5.34882034872114,7.88738506291836,0,2.52652832447882,8.5450184531093,0,0,7.20710403030097,8.21975972832137,7.6815280742154
6.37265403900403,5.91093213621606,0,0,6.24997524225948,8.66028870170936,7.40968747317798,7.99963495438682,0,6.51351197029601,7.04182277787601,7.45178160888894,0,4.92202263573965,9.18883579718867,5.18716231718187,2.43449016387398,7.1053184237335,8.3127266341107,7.21123195733256
6.37556981609474,6.51226525389605,5.31615728467637,0,6.66153499633795,9.19972017681401,0,7.80339422312542,0,0,6.80581114306977,0,0,0,9.38584709377478,0,0,0,8.81903553236593,0
6.44335193880269,6.51314108617821,5.13920439489096,0,6.64819408224701,8.61369720377336,8.10941140187271,8.32898956914395,0,6.95951246575498,7.78048694062615,8.0780958057197,0,3.90399083373088,9.49515834681331,4.83071086190202,5.36011776745348,6.96580718243023,7.65496441764061,0
6.73485321910464,6.57198879326016,5.32315630989496,0,6.78035363244743,9.27728848770755,8.82022682337245,8.04920353276956,0,7.63609101600503,7.56161574421071,8.10399929300537,0,4.68213122712422,9.60550595493661,4.35529757493186,5.05764609836561,7.23117846008669,7.58646879354448,7.78106752611487
6.73726347394176,6.40687998606931,5.2024670408912,0,6.55210837785483,9.1268315810368,0,7.84931991787695,0,6.91073084758367,7.27072337940731,8.15603679216895,3.37587957367787,4.73171472731305,9.35361786667981,4.97113187431856,5.25739119993539,7.31207973679603,6.83169463236917,0
6.81209203685865,6.55113747626796,4.83715454196778,0,7.16642040236343,9.49590269935498,0,7.38439931186513,0,6.92440588505112,7.02367880905135,6.25575004175337,1.99197551589856,5.30499502130128,9.12956839845294,4.11659517115692,3.09557760852371,6.22523147005932,8.93586668349047,0
6.92190470208656,7.01352870937894,5.39721202352225,3.86639782740187,7.20289199639472,9.83022307069825,8.49488418577636,8.12402911444568,0,7.23295709953526,5.31635372903414,7.49166778233566,4.19162250168657,3.31563949330051,9.24536962089558,4.89716793250747,3.1896529661913,6.99237212470202,8.19376234498231,8.06476539828097
5.89164421182577,5.42622673517007,5.62108903467167,0,5.6306381406182,0,8.5783071052745,8.01749871921197,0,6.55434642413437,7.53044244089231,4.30325395350849,0,5.61586159328373,0,5.39784590926294,0,7.18378725179193,8.38024109771628,0
6.24121108021673,5.80730129543466,5.81642640176029,3.89569035080725,6.28759830324957,0,7.92872669548136,7.31016906988659,0,6.70958478873383,0,5.39258154493812,0,5.73311471401749,0,3.68562416139326,0,5.89283135219958,9.10909692510335,5.9872054901876
6.36043854663373,6.86675618544744,5.57249617896207,0,6.84762303592738,9.65614095627375,9.68821916059339,8.20058475669059,0,0,7.84515366858265,8.4638704707144,0,4.55524437721837,9.55151581686796,5.06278488842101,0,7.33291843375472,7.29320133637626,0
0,0,0,0,0,0,0,7.51790121303868,0,0,7.01081715479046,7.76664992171498,0,5.38362312312714,9.56267892735777,0,5.16158084297457,6.62366674204049,8.05789683419418,0
5.70431566581786,5.89343818180942,0,0,0,8.36756493665826,9.09798769022272,8.18053653779125,0,0,7.05013986617239,8.15311088054908,2.90471287516682,4.61184784074133,9.32377619440094,0,3.31382230217715,6.92916445821964,7.95075266786171,0
6.37432610900629,6.54383990053077,0,0,0,8.76595458569974,7.74088176959552,7.5439934263689,0,0,6.74232623685819,7.27115456378008,0,4.96932707027458,9.32956237182682,0,0,6.54711534198003,8.25782124549474,6.83524910019526
7.01965437147955,6.9281753626717,0,0,6.96085993186892,8.92850517319631,7.43401517914813,7.23419882453724,0,6.32004861088019,7.13889874547337,8.27335446460318,0,4.84513152222846,9.63222985849849,5.02650864325255,0,6.93175496863002,8.97354784574996,7.34404699374234
6.55349171105223,6.32163123116592,0,0,6.15721200928088,8.5264720097266,0,8.1391399222783,0,6.59605370068614,3.54095932403731,5.91590552268695,0,3.05729762921215,9.3652050825371,0,2.64262239577975,0,7.23308711976081,0
6.47324233806531,6.98028057078636,4.62055128802639,0,6.42668261336549,9.20588646805527,0,8.77136863420037,0,6.59965278844074,4.79521186579718,7.10254050719129,0,4.20245130354795,9.50441943995306,0,0,0,6.67444774899369,0
6.87288429203865,6.42362027046919,0,3.96347628701706,7.46747963245268,9.26176515771837,4.99721227376411,8.31851295811372,0,0,3.75840551676255,7.03044182829649,0,4.22112404525323,9.36722445550659,0,0,4.22405616874376,7.56456000023925,8.04536389665693
6.44476698463031,6.79660022961597,4.62585477718092,0,6.95841987578077,9.08630319488463,5.94038175687867,8.32818291492783,0,0,2.61006979274201,6.87826467441508,0,5.53831803492867,9.35516772434256,0,0,3.51571583510475,7.58017920860197,8.18636977015362
6.36986673566646,7.25977741538016,0,2.7127060126384,0,9.02051916296162,7.18345332903124,8.92296625210214,0,0,3.90015283285766,7.29244608787382,2.8953592994072,4.94349784310876,9.53411808732413,3.83146349756973,0,4.51129897037802,8.8455526079269,7.12081617068812
6.87382614071905,7.26482114650029,5.02742685673609,0,8.30223851952,9.24884929340429,0,8.37300175329353,0,6.38035979688698,7.51570942835924,0,0,4.53903038348355,9.29664650033645,3.6451887654892,0,0,7.49641378594172,8.09065356750452
4.10429489307527,6.03397311855744,0,0,0,8.40596437983038,7.28777949460835,8.57201654779693,0,0,2.67345875633259,7.19675398429235,0,4.70256909197522,10.547930190261,0,0,4.3019005901946,7.50689393222048,0
6.35011753343034,7.20668881564386,3.76189754685051,0,7.35911111385539,9.40213359722795,6.20075255213175,8.77780052877539,0,6.72412086076264,5.89255539877877,6.45280576577506,0,3.72810016726722,9.42262517995552,0,4.0886617790866,0,7.70164332101003,7.9572298430887
7.11576894869955,7.80186583944069,0,4.92580335857956,6.65608364405339,9.55679829950432,7.26793009123049,8.98609621521794,0,6.77648418709504,7.56716985911058,7.66962129348418,0,4.92783322733512,9.29749923808876,4.27485893148035,0,2.72785282839839,7.34349091010855,7.39759217230964
7.06336489404564,6.9399901091155,4.95835906064199,4.02767042895411,7.41507877745996,0,0,8.09294273840466,0,6.91418456674704,7.42082438426044,7.92574302407636,1.83896107071235,3.86995022900624,9.30555963855712,0,4.58883753136719,6.228806817822,8.4799024546598,8.08877977353662
6.96521253705259,6.53390511024322,5.28000063476214,0,6.92774416344118,0,0,7.90277585710429,0,7.11525713430639,7.19684386183426,7.39172344857825,4.45620603284813,3.12060125559986,9.16858043772795,0,4.83286337200087,6.89698751412081,8.3811374725022,7.92449207033228
6.96247071117095,6.98842240704929,4.87573153163145,3.92038792175977,6.54902107336158,8.87775855783803,8.4951377484353,8.44497297479185,0,7.14031040218358,7.23629614527707,8.19153230100667,0,5.61148442050983,9.01724094201035,4.08815880313501,0,6.84480482952429,8.36437295948388,0
7.04774328276001,8.05039721215628,0,0,0,9.42891349477563,8.91265375386831,8.75649823934465,0,8.7988697669161,7.56546697336951,8.71455277482845,0,0,8.92370974656018,0,0,0,0,0
0,0,0,0,0,8.01707009078338,8.61771160298649,8.31716295748148,0,0,6.66816471399761,8.05950382939636,0,0,8.86890021565142,0,0,5.47294271670752,0,0
7.17788164791279,7.86257802537264,0,0,0,9.38661870522285,8.01728442796296,8.3384922721964,0,8.38735098536683,7.06755000119448,8.35617901156758,0,0,9.03838292180453,5.33339489316073,0,0,5.7160403720517,0
6.75544290842852,6.5895452681614,0,0,0,7.6506064917212,8.0868440273936,8.25662291678625,0,7.83672528801337,7.11067979631494,8.79202100068178,0,0,9.05062691522171,0,0,6.16615287815279,6.90330539290851,0
6.71577118991703,6.86159615060056,5.06215189688196,0,0,7.7198625799401,8.24437871317493,8.38625500495287,0,7.99522235654525,7.07699159622744,8.86728793323307,0,0,9.05528645101611,0,0,6.38723279223728,0,0
6.5955345820832,7.39061960381842,0,0,0,8.57572055670332,8.75650768539667,7.97240049658684,0,8.07985344157908,5.92988165379604,8.47343773182475,0,4.22347043143019,9.17963268001352,4.85841608111874,0,6.77232494164568,6.50949912381964,0
6.22529083426866,6.42681202969802,0,4.23105838553792,0,8.18788880427343,7.62884831119248,8.02356877497002,0,7.5558632517318,6.2593328672017,9.0212745234888,0,0,9.71176999122177,5.69669072084244,0,6.76468135805597,0,0
7.62479963390411,7.68207683433108,0,0,6.97885659280819,9.18532918364595,8.81000010938527,8.09554382182355,0,0,7.92893921734219,8.59420423130241,0,0,9.22298015232262,4.44676044924045,0,6.25394418953456,0,0
6.34926136151465,6.60955137907077,0,5.13697421613927,6.09695005495396,8.44571652357368,9.21496964035985,8.23088084712506,0,7.570520568656,5.87462169434112,8.2585079510326,0,0,9.25373505429537,5.07667269135756,0,4.90163854572049,0,0
6.75305278026417,6.62781648316813,0,0,0,8.57784981272068,7.87750336198305,7.68642397724232,0,7.7744186963743,6.26833842084316,8.71181709637935,0,0,9.42579040392137,0,0,6.29874702052722,0,0
0,0,0,0,0,8.08053149061965,7.07965606094817,8.19621903669697,0,6.51826194038367,0,7.69110415870434,0,0,10.2872215750672,0,0,5.3251540205016,0,0
6.01988192146948,6.28720779083654,0,0,6.34849192893319,8.05628725240122,7.88447861423837,8.70864130751349,0,7.00822485346296,6.67195699320968,8.50348364355252,5.18442051986792,5.40622962374243,9.23802363007612,6.01527872520724,4.13196142579341,6.82217560389079,7.87308757199429,0
0,7.44741322757661,0,0,7.3618581586962,9.18234616511669,8.03748825630804,7.96163864546211,0,0,0,7.93390439591653,0,0,9.47812071222105,0,0,0,0,0
0,6.26400760071696,0,5.02565526085264,6.15081596533441,8.68620827514021,7.40925757528724,7.72183608243771,0,0,6.6077846775546,8.54130417147656,0,0,9.50689050667136,0,0,6.52148967515155,6.09338916682991,0
0,0,0,0,0,8.32548289804553,0,0,0,7.03136132794131,0,7.7133870386917,0,0,10.016646580595,0,0,0,0,0
7.01403237445232,7.07449777664558,0,4.76020618808762,7.45334168517932,9.2889482045548,8.84263625830398,8.25767866259226,0,7.3899283097749,7.61562849724491,8.81199634865162,5.32193623214667,5.01655109452556,9.35561751243076,5.51395280237193,4.79305954708551,6.96675976555854,0,0
6.71147271933155,6.82880946949576,0,0,0,8.01366421558288,7.38113445465528,8.72833379469926,0,5.87997417107462,6.87570718101324,8.39063627761474,0,0,8.924012049458,0,0,0,0,0
6.10902533584713,6.63877719132413,0,4.04059210622285,0,8.78394780418502,8.74648897885564,8.51943268188445,0,0,7.39116859513779,8.36044814913915,5.2642951179336,5.34022676962525,9.50133694539579,5.08407161216944,0,6.78150020675696,0,0
6.48350482597056,6.32688265690411,5.56271801771045,0,4.57974980864118,9.39025069073749,8.63079862413943,8.70405111001136,6.97218441913783,6.48495579493765,6.90872480883614,8.63144823323681,5.09717989549644,5.24047636685819,9.02683451417455,5.15686900296366,0,6.00672254949696,7.92851052522482,0
5.81723020049665,6.99807118998007,0,0,0,8.60915048384326,8.93167486121748,9.07850354276773,0,7.61320645399825,7.52783164166556,9.36232298896707,6.03030057089318,6.14966416178153,8.90630802599109,4.58200390795625,0,6.67998855726567,0,0
6.9177056098353,7.39301691061685,0,6.14132747622778,7.67451530914286,8.87476972879743,9.16814764676705,8.800056673084,0,8.3257663066536,8.10734649816838,8.50637690573239,5.19301240490261,4.06371351866858,8.99721521850546,4.87029985396936,0,6.87633684870371,5.37412032996354,7.19418907265804
7.17243225169248,7.46285230122825,0,5.51015727169085,7.31188616407716,9.57540700697735,8.94164359943548,8.52162933715547,0,8.11795962684704,8.23117906050959,8.79967828292607,5.68065031059915,5.19528746622849,9.33307999233498,5.77560688909457,0,6.92878264617421,7.30675285092727,0
0,7.13276908028802,0,5.43140491068639,8.04355416210406,10.0757966515471,8.94837802672834,8.3170798961333,0,0,7.33424449030316,7.61968005186545,0,0,9.44730792988346,4.16635509819837,0,6.48443674265438,7.44804843868911,0
7.04908121507257,7.20395596479925,0,0,0,9.19807546455611,0,7.52519243555758,0,7.20787468613755,7.17023492140872,8.22827034952832,0,4.42556493668836,9.35963930107242,0,0,7.02875092644838,7.78216095148277,7.75985729519632
0,6.23877374292097,0,0,0,8.10034655878566,0,8.84120237150301,0,7.42901032673864,6.70132134123087,8.7949612823542,4.40048031333213,0,9.4193687715987,5.48255375554676,0,6.5700562902081,0,0
6.80364953132913,6.8771001760225,0,0,7.28436813518327,10.0711183939201,8.88831665102032,8.23772000038097,0,8.40765284129752,8.50414645163304,8.71962125090019,0,0,8.90472105132632,0,0,6.65914006169426,0,0
6.72124496156673,7.37464782381949,0,0,7.12050095931203,9.4092076240296,0,8.82204796535073,0,7.36385646555877,7.81454501903522,8.41579592282026,0,5.13773773187249,9.48812361224872,4.32809829264833,0,6.28389159434044,0,0
6.73081521594059,7.30269855963072,0,0,7.64807226401847,9.67613515644786,0,7.66810773422949,3.78418963391826,7.80101891053005,7.94779167907926,8.5302120767635,4.66711158752827,5.09473131444936,9.57833896076633,0,0,0,0,0
6.35534347989522,6.82115109180675,5.86890135468486,0,6.21086108713526,9.6850765350969,9.16059745408103,9.00854359828142,0,7.51766214496834,7.69924893422517,8.61493314420265,4.98264725755609,0,9.58918083565518,5.43838361044488,0,5.85927511080003,7.74231087182841,0
0,6.64943781516026,0,0,0,9.34264851673801,8.85486042802618,8.48662057543917,0,0,7.71415078447742,8.45249892481764,4.65214918718209,5.38118684437033,8.97624835433729,4.80753943808582,4.54499546295202,6.75403284077968,5.67603436545348,0
0,6.78968095090424,0,0,0,8.64245750572284,9.16535032819437,8.52050569900011,0,7.6304369896444,7.31912293274292,8.81079371523158,0,0,10.0684933871204,0,0,6.6681774212045,6.19119616541153,0
0,6.25492436508367,0,0,0,8.99291792389658,8.82844871384411,8.26312640744852,0,0,7.09004350188719,8.0919089758761,0,0,10.467388432053,0,0,7.04162161550669,6.79698013062281,0
0,6.64319059536714,0,0,0,9.59187474385912,8.76528844370574,7.39331847784555,0,8.12126347660141,7.82693782552682,8.3166204911524,0,0,9.62005643197188,5.51173376210366,0,6.00131586315836,0,5.91736042110071
0,6.05839863408508,0,0,0,8.40413646912394,8.40985739283764,7.56703021778169,0,6.9197134936768,5.49786470400706,8.37250493465562,0,0,10.4579788038628,0,0,6.81172884272739,5.78219308194743,0
5.34558255901515,5.95542277576072,0,0,0,9.24531168458688,8.63946922951451,8.58034637842144,6.18036855860047,6.23364572729933,6.45149675152807,8.33718096606263,0,4.95024814408116,9.30487752580017,5.54079284616174,2.39242579699384,6.21949613249497,8.66408444237822,0
0,6.61065566705199,0,0,0,8.29028506296511,9.11892439989287,9.23922904681989,0,6.92174693760887,7.04377981114987,9.43219509310546,0,0,9.21188917196603,5.06972147822209,0,6.72997937503603,0,0
4.7434527737881,5.73914961849349,0,0,5.25504445431457,8.22624178049679,8.51593039442363,8.7662680025147,0,7.18789145261586,6.99418982296893,8.53707424700939,0,4.11005385592728,9.61693151253844,5.77715684445617,0,6.64290392426814,0,0
5.83950729329545,6.65053774733418,0,0,0,9.38894670252266,9.6549877309595,8.30235753378449,0,0,7.58398516566507,8.36385551434599,0,0,8.9145212836215,0,0,6.09225965714288,6.25762927297239,0
0,6.0350507177709,0,0,0,8.67724016815473,9.51333707453771,8.01455727360501,0,0,7.26986741456791,8.46524283910814,0,0,10.1147042609836,0,0,6.80950277478369,0,0
6.07350525744419,6.34117026228991,4.51906748693468,3.17513290192028,6.72901131496461,9.27201855624779,7.41139917577183,8.20677186399494,3.29212628660779,0,7.09664687240799,8.49748219992137,0,0,8.75789842962168,0,0,6.77155747750414,7.96579207052479,0
0,0,0,0,0,6.9171510006225,8.71754947381942,8.60677060664523,0,6.83248201275231,4.67860650406127,8.44650459728969,0,0,9.92935995670352,5.09246102662042,0,6.34046511823502,0,0
5.38298015442675,6.0490728597283,0,3.96556377235618,6.02347180574296,8.61990680712308,9.11597914177672,8.08996701952647,0,0,7.98929600759257,8.21534998845817,5.49334946770117,5.29234959476825,9.19835280737081,5.05407785193909,5.5413419734554,7.09943293070012,6.60739315337298,0
0,6.32589899456076,0,0,0,8.54336568405352,8.78571232192953,8.32019242020323,0,7.99065815172284,7.2051822156357,8.25225842604022,0,0,9.33997292398972,0,0,7.09879703739314,0,0
6.09695005495396,7.09696141590864,5.07216930621353,0,0,9.28126471031288,9.79993096437783,8.23872718691324,0,0,7.96936120102109,8.7516817441427,5.76321422842561,5.39116998356265,9.29062920320499,0,5.97744168474441,7.95409835861638,5.6639669179519,5.33044568029956
6.3115351521992,6.46374682825346,0,3.45663208855026,7.20020098728294,9.81719409959553,9.01253312847514,7.97577089367278,0,7.51584553500172,7.74054700372199,0,5.29586436038697,0,9.60798162002204,0,5.09411823123476,7.16097012255167,0,7.1043412797898
6.79756087667443,6.60199069897959,0,4.14345213632913,7.24615422972563,9.82945342380976,8.51692715603196,7.85703581368195,0,7.69551239423201,7.95369437427143,8.16582414626769,4.96835390183965,4.79214755431824,8.9985162633586,0,4.36220650722457,6.53383244163385,6.41648715443168,6.88805244670627
6.29426919482987,6.17019633505138,0,0,5.92262344981703,10.0651258443864,8.30673385425075,0,0,0,7.2422398271732,7.89063867080542,0,0,9.65120479843621,0,0,6.60802761548516,7.6494402109057,0
6.09904010774136,6.30413796801194,0,4.9801073557273,6.46659563344925,8.67044804153643,9.11335358745533,7.70813671864572,0,7.98567154139203,7.49343416853011,8.5801191630945,0,4.8629083820668,8.82729211815202,0,0,8.09916246557152,6.85277097064938,5.54306584161463
7.47550929013402,6.26160618158277,0,0,7.43641689159565,0,8.49686190440413,8.83881426484247,0,0,7.87128068015632,0,0,4.95997337929403,7.64799117707176,0,0,6.88327814317498,0,0
6.81644010849069,6.74523634948436,0,5.43629510948994,6.60481065746437,8.57963263603335,8.21805373307411,8.14967394572283,0,6.87272895705846,5.75482407070372,8.37418849699923,3.64961874016063,0,9.46817902668727,0,4.91221361191849,6.64603980400522,7.33740555387866,0
0,5.25321539263562,0,0,6.38793936337801,6.00336841411081,7.94364783595639,8.26556785766638,0,6.75654859467761,4.02695754352025,7.88750895376693,0,0,9.85001820805745,6.17750833446517,0,0,0,6.35360453047777
5.96048974280855,6.8341302671074,4.58843086198379,0,6.84395248712939,9.10179144540084,7.81043783824939,8.43313744225224,0,7.20473648020202,7.11517586983111,8.23618744925736,4.59895088617417,0,9.98423770222124,5.49227924449867,0,6.30355260571085,0,0
6.30735135012009,7.26292308776303,0,5.76694504961384,6.66774528555803,10.3886630053991,8.09228223235964,8.49183230558103,0,6.33029115288293,6.87335015225796,7.61479057170225,0,0,9.00633378527743,4.894176381402,0,5.44794354050385,6.83430247677309,0
6.28515975437314,6.57857042477149,0,4.98709368551322,6.34051802129018,8.91979687622138,8.63691390411889,0,0,7.59611099880595,6.72096776462858,8.13104235608448,3.76953735713139,0,9.54676975053614,0,4.36906803350949,6.59598541100127,0,5.57795466641671
0,0,0,0,0,7.15956402951011,9.41453756928758,8.12021992534074,0,7.89859302947215,6.80542350538432,8.9771919383209,0,5.96085068849015,9.34049105644123,0,5.31846307224099,7.46823355201319,6.70843811153197,0
6.07995607812897,6.35908932223297,4.81575520805491,5.20147601509848,6.9855308031517,8.18672052134936,9.22847494217167,8.47413745394875,0,7.9561263512135,8.17869770941376,8.84236611628998,0,0,8.84267525673755,0,0,6.81838840270826,0,0
0,5.59038978730111,0,4.04217368989319,6.11226524725369,8.01469612208847,8.02465270427036,8.16262745011634,3.82297318859464,7.13315228934921,6.84498585872906,8.24237995910045,3.24998681989325,0,9.28446405829215,0,0,6.62798846472684,0,0
6.26623233804133,6.47849428110749,0,5.2991170467186,6.73222262534731,8.65978937440381,8.25740380909263,7.92467294075359,0,6.57653920450663,0,8.05530692703872,0,0,9.81248458336778,0,0,6.24311780686791,6.63660250848157,0
0,5.57469832124466,0,0,7.38285216554383,9.228956020582,8.61766276589706,7.43921847549797,0,7.50662474656041,7.20352456161654,7.93442033633686,0,0,9.38700428779259,4.45155269732249,0,7.028201432058,0,0
6.35236803812668,6.98142386890734,0,4.64612017231705,6.4698547852307,9.04069493265186,8.46065246911852,9.08669481024639,0,6.97880070919512,7.72809002256255,8.19532262957436,0,0,9.62523422278885,3.9408048068536,0,6.10657735420849,6.46581807680395,0
0,5.84189087677383,0,0,0,6.75168609333225,7.51811306651291,7.82992072090598,0,0,5.16860723502529,8.37031599555548,0,4.63763737612559,9.13450198043311,0,0,6.34791446573042,0,0
6.44161617283855,6.26849003937123,4.54552633306058,5.07198122433466,7.12897698473365,8.53327911640188,9.7619355088853,6.37285893254548,3.97837238596968,6.8253623116107,6.11480986234331,8.49991477561596,0,0,9.24299147550068,0,3.32323584019244,6.65040840632643,7.46568965413502,0
7.29088615799275,6.95062317920931,5.92812530654589,0,6.7966449313437,8.84908638879228,9.67895553775248,8.01084419923288,4.45979753297234,0,8.01520176430616,9.18716385952497,0,4.46556323160167,9.21285720210046,0,0,6.45255355896414,8.31528506398418,0
6.37582518088472,6.60487834714781,0,4.65443642729101,7.4381540919607,0,8.72613395900238,0,0,0,7.60599944779993,8.19187570855449,0,0,8.8174903579156,0,0,6.00689488476334,7.11803241178942,0
6.98415134573548,5.94975674370819,5.13626891459364,5.64742374098682,5.91579766818257,9.08982109622692,8.36846113761584,8.11619310026723,0,0,6.70463491887339,8.07110606879048,0,0,9.07978283875941,0,0,6.30155614007285,0,0
6.61809792360959,7.54426332261924,0,0,6.00947635615967,10.0957594401833,9.80132192777482,8.62375977947626,0,0,6.7068745614669,5.86873178172568,0,0,9.29782913499897,0,0,0,6.12293130985029,0
6.24027584517077,6.41079968673501,0,0,7.43238321114146,0,9.24868570209351,8.7933814624768,0,5.54255682615698,8.17724893430165,9.83622532547696,0,0,8.82222635920207,0,0,7.48481236505179,8.7426317072836,6.17013360832036
3.47165584531072,5.8920861031277,5.02440669818017,0,2.46385324059017,9.40681956809255,9.26977840772479,7.98218757364851,0,0,7.83889127265672,4.52915269956418,4.66051028102126,0,6.01026176719089,0,5.55601692200385,0,8.53785819185982,7.67178022017552
0,5.52489501459653,4.47449186234598,0,2.8953592994072,8.3347524275174,8.55844453375353,8.24993054946248,4.4430041353977,0,6.09384061372485,8.35549510140812,0,0,6.43052560464466,0,5.64692989639672,7.00309273114184,7.54194831669841,7.17774424752785
2.49732916978656,3.69212418427883,0,0,0,8.48756662687888,9.68664287162001,8.33309726135269,0,0,7.36589506026803,8.3886140873715,5.62984884627808,0,6.28867606977589,0,5.94560383789236,7.52033211269147,6.85870158009048,5.92139073447173
2.11021320034659,3.9581429410417,3.46448512089807,0,0,8.76237999520508,8.80024054010948,8.70535101734389,0,2.43886271128659,8.05611283112265,8.32225558589825,4.98401749619196,0,6.32557685843757,0,5.48122208660257,4.33532803166464,7.20468446479058,0
3.23001356927866,5.11853258940605,4.52807313560312,0,0,9.32148810931561,9.47809775968308,9.37408205360778,0,0,8.44281441336714,8.87896691445997,0,0,8.37399926652056,0,1.90061387414014,7.96935774201635,6.99372194378331,7.60325469087554
2.2364452904895,5.49017662782248,5.55771569852142,0,0,9.64918867521426,9.12587447976225,7.27459043273801,0,0,8.62094220930875,8.21171367993388,5.11259001661925,0,6.49092078363639,0,5.56256447274066,6.69746625310413,7.40062668608797,7.04661246436201
3.53834721980939,5.67483415270031,6.08377021789201,0,0,10.7066297428764,9.07757554260981,7.96417658093208,0,0,8.44558762409576,8.52564735406279,4.1717684591869,0,7.70152125097333,0,5.26883706122553,0,7.37822754839891,7.71866771726266
4.67925672934079,6.53676405873405,4.97438616142114,3.02140002030257,0,9.61419084392734,10.4428102500609,9.06053440685891,0,0,8.94618861088807,9.07356601232807,6.1798924223337,0,7.6085034983149,0,6.4768185049003,8.72908811345249,8.65913883473655,9.30680443126
3.30798499993998,5.77134766081863,5.35818876358543,0,0,9.60174712283331,9.81071963843412,8.64312074801403,0,0,8.42959618843572,9.08671404751146,3.68235823712367,0,7.53617725431345,0,6.92275225998804,4.41642806139121,0,7.39810060588579
3.68737832798767,6.1855705602989,5.7317866710658,0,0,9.92605107094488,9.68551809249565,8.83164474266818,3.36764059813331,0,7.00807109149523,9.1076762178661,0,0,7.91178578916393,0,0,7.43885988715648,8.64717704897259,7.54608718076877
2.94968833505258,5.25968048293312,4.4818719696436,0,0,8.6929985639199,8.72291872598921,7.81560246423338,0,0,7.63955089359029,8.71316778653061,1.48839958405704,0,6.3488242565413,0,5.33921935786846,7.81286776642572,8.50429435799845,8.34691956595275
3.24024585060439,5.06240514158101,4.42711949604478,0,0,9.31339322703226,9.31783061814713,8.60518209047545,0,0,8.47071984135916,8.64065960161535,0,0,7.20928108325457,0,5.64449237863063,7.78153926460517,7.02215481929063,7.20643663689229
4.13708471589826,6.90595365703551,6.44314507901311,0,0,10.7878664760198,8.87168776006342,7.51176518807561,0,0,7.29714520423363,7.86589020275475,0,0,8.6619530581168,0,0,4.46475803227135,9.83038445993717,9.15865752803985
4.46072228162222,6.38723279223728,5.00166181929715,2.49650578563135,2.75110969056266,9.25434768796918,9.48847198361611,8.77471961855107,3.60141342833266,4.39814601655377,8.74709783494835,8.92986824528655,4.37349030365159,0,7.0670470066614,0,5.97845529251434,8.52291876896937,8.64331469852199,9.41204780256997
0,3.21767510429168,3.42001913590274,0,0,8.33054307993173,9.65554528925321,8.1711840224809,0,0,7.83408346662685,8.32689913856375,4.92942523867071,0,6.06376195260323,0,5.72600048322263,0,0,5.73469957729092
1.96571277635149,3.31418600467253,4.43781605631592,0,0,8.9182124312819,9.82729201832479,8.54460600334645,0,0,7.07702536803136,8.59402459452009,5.45017971585728,0,7.4697738921053,0,6.43228071140794,0,0,6.92813617042392
0,0,2.20937271127187,0,0,7.68716730794858,9.42297287526473,6.24746243529314,0,0,6.61708207087433,7.76929411080254,0,0,5.51753321452427,0,5.5124201732101,7.43549701512444,0,0
0,2.19165353228676,2.3494686788929,0,0,7.90800841110342,9.2330994090967,7.89567806330604,0,0,7.1488880496559,8.12558365007851,4.39728463706286,0,5.24576011580936,0,5.65168183691083,7.13341566042062,0,5.79319651848434
0,2.65253749117195,0,0,0,8.4571735115855,9.49900196454146,8.26831636120627,0,0,7.43161360691682,8.34554566393857,5.16530012743823,0,6.75023559710189,0,5.9437700324953,7.39770858353549,0,6.33434478002453
3.00716665117965,5.20707888611377,3.88793520989906,0,0,8.72440896649303,9.15460670740469,8.29078180654526,0,0,8.17743155063227,8.68627921030212,5.44375880219821,0,6.67681894263797,0,5.91082374394432,8.31279533649445,7.47285883865862,6.81520129737153
4.90052276474409,5.48893772615669,0,0,5.61367540185006,0,6.75925527066369,8.20041181113918,0,0,5.1036397875445,8.22797126733457,0,0,10.2024247972345,0,0,6.42251617709362,0,0
5.65083869616178,0,0,0,6.14188685662102,6.52511763051334,7.28882523025558,8.50376949540819,4.37989937365771,8.81081757332365,6.74410629945357,8.96812739950447,0,0,9.21294697184113,5.81003259449886,0,6.07527706319321,0,0
7.31484573216774,7.50522821347368,0,5.82473086565568,6.52140138272699,9.85709276715484,7.55347012310719,7.04249594014664,0,6.76794133525493,5.60627989329496,7.37671461314152,0,0,10.0478173074226,6.0344282465401,0,0,0,5.08456706025042
7.10090137185924,6.55333493438028,0,4.91375721911977,7.73090387913634,8.91227524839465,7.24253322395867,8.37202868141862,0,8.05914659112886,7.68093747487834,9.03532486091383,4.52200594472732,5.40118978946867,8.81462904075225,0,4.44017761131591,0,0,6.45097582363323
6.44820878283668,6.82744503552409,0,5.02618050543172,6.9938687529775,9.08692223893971,6.92350066719587,8.00710729398525,0,7.51824341557703,7.18350646056595,8.22363790536165,0,0,9.47027090809712,5.74072495357792,0,0,0,5.86898613038254
6.37251741998304,6.66038306993385,0,4.79727704351684,6.97104927602075,9.08702858087892,7.12181772156015,7.97819783354004,0,7.39082936641728,7.38658856185188,8.41735959637761,4.05473710762732,0,9.23742037637992,5.14230662454388,0,0,0,5.76832099579377
6.30437567360554,7.02975164829139,0,5.16375687315234,7.07910014506246,9.44524647246969,7.42130917761929,8.34321116388037,0,7.94817332340552,7.52620585263845,8.58366983318407,4.67842064772768,5.54000785514882,9.78191860936731,6.50533552905993,4.07889245766318,0,0,4.59572572716009
6.71563789939803,6.79547084825149,0,0,7.18222292420959,8.82069201693459,7.4182828583373,8.0671898169959,0,8.02927973439855,6.80890684693953,8.70963668150054,0,0,9.60378687849976,0,0,0,0,0
6.57898728829641,6.6166540344847,0,4.72375290181504,7.06780566412986,9.20245536686874,7.3578686520924,7.93178409785005,0,8.04164139954081,5.77703293639579,8.60412473188568,0,0,9.32382083147919,0,0,0,0,0
6.71469223845609,6.73840127881247,0,4.03600898520914,7.23164873339649,8.99197911723111,7.67134694359619,7.89568551026507,0,7.87792037142488,6.38222202634387,8.39097442482093,0,0,9.50992631143079,0,0,0,0,0
6.60647449508976,6.77566285055187,0,3.49650756146648,7.47390964375714,9.13714152490453,7.72301389193701,8.26007912053087,0,7.94734977918537,6.1143456764838,7.69181662739271,0,0,9.50182271424664,0,0,0,0,5.22757296202228
6.13283389257051,6.3979624550281,0,3.91621421004661,7.77831197197502,8.9001331695788,7.56852905000704,8.13343771464505,0,7.89133823706548,6.74524811412104,8.43994274840743,0,0,9.14432556165979,0,0,0,0,0
6.16529179586623,6.23397926010145,0,4.00842349971446,7.04954993659981,8.90455949988914,6.9298004878507,8.00875471614274,0,6.04386722590103,0,6.08144235322621,0,0,9.30238157813993,3.22485789654575,0,0,0,6.65599360784591
6.45477394490058,6.25896942212094,0,0,7.22604172338176,9.07486537749495,7.19456447058425,8.35418237625666,0,8.34752168428956,6.87085267693199,8.97565168127745,0,6.58962774465564,9.38562892172008,0,0,0,6.72025634265905,0
6.0986583812101,6.85545094735285,0,4.67357621865215,6.68988529792059,9.27011757601204,6.92695968816585,8.45204221610022,0,7.81362793062544,6.61278000903621,8.40341736615706,0,0,9.64423743407858,4.19010918420648,0,0,5.89354847491346,5.6536464051624
6.11974781739823,6.75703703493479,0,3.99838417107619,7.2388416090412,9.11003373062104,7.4058238768087,8.20647173903157,0,7.57781805309471,6.55879337010771,8.15198767971215,0,0,9.32113907385812,3.47072344431077,0,0,0,0
6.35558669168176,6.79417216130997,0,4.57749061688135,7.52467454959959,9.40389856069613,7.44650341554166,8.35096858082613,0,7.92985002815273,6.1156271897284,8.51587231944882,0,3.76421881065975,9.50208418438264,0,0,0,0,6.59493316052325
6.47746454943832,6.56941129172813,0,0,7.05137065689401,8.99355407046035,6.81139855173803,8.23773322462312,0,8.07487632197139,6.51728715187988,8.40217507983197,0,0,9.19266508029617,0,0,0,5.66704933159998,5.60234019858787
6.31698416503906,6.63774284166103,0,4.99219973194057,7.67002265625617,9.22500235780683,7.03778304105496,8.09579075610523,0,7.77042580077274,6.18723690162606,8.29127328960525,0,0,9.44993191046024,0,0,0,6.22795858279033,0
6.46581807680395,6.42482040035699,0,4.27930153215107,6.95283380161958,9.17006093857635,7.8886232812431,8.33448596025949,0,8.02246070892344,6.89456871717796,8.48525866938589,0,4.08446256236765,9.30595050678951,0,0,0,5.51076390831391,5.34829729885306
6.6375332227736,6.46707741511823,0,3.89079936897652,7.08826686543423,9.24057855503679,7.70988241711022,8.38267388239154,0,8.01955029244706,6.873639911346,8.53227882883428,0,0,9.34407549384649,3.90075981314944,0,0,5.3097023114146,5.64052313501701
6.47460032105231,6.45724050232025,0,4.49858670058531,7.34728037065943,9.20417037664209,7.04567204179919,8.23991019400138,0,7.88637835016341,6.71107107135235,8.4514037548768,0,0,9.37926424595484,0,0,0,6.29637240022483,5.84122288377744
6.34630280537176,6.35723549667195,0,3.7445506514844,7.45817462324859,9.06796426564997,7.25820790438636,8.26834201255822,0,7.94304075653992,6.15697898558556,8.18690419907895,0,6.23274266861767,9.29464475502821,0,0,0,0,6.33609980400827
6.25425179902674,6.65524728153801,0,4.29045944114839,7.44434221237103,9.23080944381552,6.76588060636335,8.04297268362246,0,7.82768737304256,6.31215214492374,8.30267979297291,0,0,9.58767345950559,5.44224453535468,0,0,0,5.66808620999793
6.7647390471464,6.44261978113326,0,4.98907111618042,7.32868026495234,9.08374260043452,7.06857226098858,8.56792052567857,0,8.17802692916455,6.87351573916041,8.74690711051279,0,0,9.41721632042632,3.5530597309714,0,0,0,6.18375706160508
6.33825833280107,6.41978317934558,0,3.92769948481315,7.16346669300414,8.94818698527241,7.23528046700847,8.00079205331706,0,7.97381682735586,6.3607669283199,8.02158125045563,0,0,9.30131388931083,0,0,0,0,6.31940045270691
6.48985821333088,6.63748081118539,0,4.54870564900696,6.27835255437343,8.97811823472877,6.83111178742181,8.2740229377029,0,7.79292266535497,6.47114000308168,8.14033011731321,3.10189246938238,3.06385810260159,9.3922785219458,4.74240720429318,0,0,6.0684950302774,5.21090590953707
6.73406833638052,6.31557497617331,0,0,7.65887415369104,9.07745676949031,7.76509398946357,8.12046678935115,0,8.31983921178832,6.93559415639864,8.73043023491704,0,0,9.35278566745877,0,0,0,0,0
5.31836506185181,6.76071592033275,0,5.83985646546997,5.44311011144958,8.90563556474412,8.0208620138007,8.40325151827057,0,7.44622914316413,6.19191249049,8.76666859639658,4.29387824789718,5.25645316244934,9.72172583900069,4.25688849140738,3.96726847965412,4.87252199196662,4.69829616397758,0
6.38956930080985,6.88084646242492,4.81899040984142,4.88219567825134,6.9816653744167,9.05756907369796,7.87954883273766,7.93834922115952,3.41805449872858,6.77708835128648,6.40877587749983,8.05823236536532,0,2.67207754064339,9.41604474085679,5.24264608167757,3.50675787732265,3.3813347525659,6.83206143461294,6.41104621277352
7.36173114715068,7.68322871178811,3.57262649728969,4.68083408990908,7.64785283710345,9.59835408647059,8.29581557991206,6.93438747278281,0,6.65944775400438,4.34445456176612,7.39801486412766,0,0,9.61524532322578,0,0,6.20486074696731,0,5.35200030346422
6.04279909064477,6.65792118303988,0,5.02696785538382,6.66493184283858,9.020933775459,7.0962659768019,7.83262510496423,0,6.93717814965531,5.76249153747021,8.00041656215681,0,0,9.31833341947938,5.36344946148582,3.20315286440296,3.12895111734021,6.43269890609975,5.7065785619582
6.38347285052954,6.87956154461135,4.99700955051444,4.90104361746616,7.24533404602983,9.24603564730063,7.65455222526886,8.30904908389219,3.70302887721836,7.06011578597718,6.30545378172177,8.4683810270048,4.82919335032931,4.53313698308826,9.59117803203739,5.62311457158875,4.23222066955661,0,0,0
6.39534506708591,6.87132985536428,0,5.01422882960639,7.39130425441123,9.20418043848216,7.56496953568145,7.94581398497714,0,6.74706996150754,5.59281366930749,7.88245075881022,0,0,9.47961913762603,5.0976077814408,0,0,0,6.46143692586543
5.91714501411531,6.80801228877502,0,4.70401955003026,7.95252365477813,8.80368405465996,8.68405587314765,6.96911374911308,0,8.64892471524828,6.85177734457268,4.54955176222508,5.43916567513542,6.60774418216095,8.90842143459706,0,5.43799234862052,0,0,6.74268014399665
6.8516927350456,7.17065017187223,3.0189603996732,4.11480057078948,5.91425947619901,9.24055915056018,6.95928454552607,7.71505669684439,0,6.74615357576252,5.08950808691698,6.93563305744411,0,5.49145521577584,9.34660053810946,0,0,0,0,4.51775872897712
6.47943087672789,6.67742345382094,0,5.06177190954364,7.07694093638295,9.10537422299004,7.75867087318602,8.09730151905359,0,7.22920814456107,7.22780047032851,8.52315935839474,3.31890213893533,4.16137996355826,9.24296243879344,4.69565053911647,4.17145991243962,0,0,6.36543898812478
6.36667661204513,6.84657112565714,0,4.81380905109942,6.24054871242255,9.02067028071951,7.74882233961867,8.37342212322526,0,7.52911640503463,6.60802761548516,8.64675898142225,0,5.68636500061913,9.15751854155136,4.61174850134821,0,0,0,3.97781074596615
6.39002252246818,6.52918523433662,4.08698420781581,4.72977434921262,7.09327172667261,9.03451089594804,7.36499023457505,8.10365155578839,0,7.4652373636194,7.33719729647175,8.50933036021877,3.13418901670101,4.60396946541157,9.25370632788095,5.60892219363224,4.27791533841649,0,0,5.94970461285975
6.1029835602313,6.77696298873211,0,4.32981186322514,7.72064357690463,9.26804308210447,8.32260794200999,7.79214659150645,0,5.19190073784355,7.45669716006069,0,4.7518645651389,0,9.34155282794423,0,0,0,0,6.3147429842282
7.81819291486102,7.36080983068321,5.6660113769692,6.01844721843787,7.62152827733574,9.37324972524868,8.29928093299781,7.99801612456119,0,7.83045741381722,8.1675619536608,8.25424535670475,0,0,8.96145712882541,4.94478035130023,0,5.94497548337503,7.50664122939765,7.31970597677926
8.039012218646,7.84340147936835,0,5.65557214235178,6.82785672758425,9.68334574148838,6.70525958589108,8.32398943771678,0,8.03344757205399,8.40682683407993,8.40601355524805,0,0,9.43274765230942,0,0,5.93086492497905,5.8276212115598,5.88159387597227
7.67804403993557,7.58160240593459,6.06928170315462,6.05725228764599,6.94599474163581,9.04011772726984,8.21276094817908,8.68946104534766,5.268785563942,0,7.65708428556423,8.46228917568667,0,4.07550147442062,9.22217012372976,4.37613430896904,0,6.59947586353129,0,0
7.41621610882576,7.44323644148054,5.70010906928989,5.9690655521645,6.91746795783593,8.959267914418,8.55064924387188,8.82151849375543,4.70420070945105,0,8.05763402834444,8.5920353225807,3.31527631915452,5.2401584523745,9.25485474128283,0,0,6.74046025620481,0,0
7.4781018569239,7.20895556723483,4.74693013102592,5.95228183323272,6.66977723870947,8.73122657084487,8.4432301318391,8.55688879179273,5.08926161455145,0,7.7317113996535,8.56635090707796,3.72328088083127,4.86999296429379,9.17601804213061,0,0,6.89817957794645,0,6.64812926209051
7.6472897390952,7.26248833868353,6.02851945505899,5.99510790202278,6.43171748070181,8.70641422531775,8.43458519620438,8.61808594145613,4.74527989397274,0,7.80257310942858,8.13685767358052,4.12906799828049,4.57419538168866,9.08075774413642,3.48277736865458,0,6.96642033504425,0,7.2318874029235
7.6225514205304,7.50949415750226,5.00361067915929,5.59682809688213,6.99590350950883,9.08242745184785,8.73587882094612,8.61049408122146,4.3046054877053,0,8.13197472966026,8.64258454362265,3.49771894865278,0,9.39078516875728,3.95220479506098,0,6.76105179978993,0,0
7.66464222425866,7.48975299800117,6.01954166967987,5.85739014994032,6.9148301926541,9.07522257882635,8.77072781989434,8.61667646990119,5.23559053663973,0,7.86188500063857,8.26352084256712,4.11708404919159,4.37260741275739,9.3508324824963,3.70426055615224,0,6.95652639535111,7.5576556525388,7.45757466707355
7.51209310352008,7.30528901676402,5.89753840907582,6.07149956244424,6.79981365735661,8.86734711967319,8.54606437866399,8.66443146408092,0,0,8.08836528612112,8.21101851321523,4.29087031563202,4.80073696953207,9.3116778058821,0,0,6.71126582991321,0,0
7.56966975711098,7.2700344896407,5.8234304369221,5.80651955210731,7.17464773722636,8.86378264736849,8.72850218984535,7.80507519750695,4.9399266658258,0,7.77255059077956,8.42774101992791,3.42718996193641,5.61316460207246,9.15489108498179,0,0,6.81014245011514,7.68311358373105,0
7.54489279739888,7.01452679870536,0,5.84848869565546,6.73695509553529,8.77078679817328,8.64589242795678,8.56456330016502,4.71635371494871,0,7.70953710936808,7.92368861034443,3.33434507467431,5.20362199770871,9.04036310989905,0,0,6.93672167277473,0,6.48130144043549
7.74332173763638,7.47906245550714,6.3282760118991,5.92823183969112,6.62958779889894,8.92122126748828,8.74926476903012,8.78995856097974,5.43328522695852,7.55428243890686,8.29257605490847,8.80530317230214,4.00021701616406,5.22569290882704,9.00850199503929,4.17669230357085,0,6.80509112487205,0,5.27320466573296
7.56006483989976,7.31355366488042,5.79984994340243,5.97350422173099,7.07896533102137,8.88562495234096,8.52622230600076,8.50826142165356,5.33039726001145,0,8.08678558949999,8.66275048218539,0,5.26496738686648,9.16866697344771,0,0,6.57997317355536,7.93161887746004,7.28938524010453
7.59083697205864,7.42456496249527,4.85748411460208,6.14238143242484,7.09229104926179,8.85029547038907,8.33331121780496,8.78031870452199,5.03448202057054,0,8.17663903508474,8.63852724806138,3.73169945129686,5.10878990950375,9.20374970113973,0,0,6.88466063895327,7.51955139634461,0
7.49590854334513,7.33030035706817,0,5.81731947159816,6.8769970577251,8.8567734502715,8.84826084957859,8.67619494288857,4.75969222542426,0,7.78947941049855,8.67479846867309,4.77550350346998,4.68009211250535,9.24332049927077,0,0,6.79786228492301,6.75470898909175,6.64840147851721
7.52941719891789,7.29571471976061,4.84347817382207,5.93126327316719,6.61963310970195,8.90976351802794,8.61723217279365,8.66140954597652,4.80081920299291,0,7.71283731677904,0,3.97706140160737,5.45043741460887,9.19815746076915,0,0,6.66840612332099,6.5802229619304,0
7.47949160128777,7.27173845263536,5.77867347349783,5.76362247501222,7.12692293689675,8.65452086902373,8.79204834961313,8.33092867134938,4.3419855851367,0,7.70479389663222,8.47298839834593,0,5.27022648638151,9.09294776009452,0,0,0,7.67937624479254,0
7.68352337923041,7.43774803404184,4.88083028321255,6.08315454559263,6.94046445339184,8.85632759560846,8.46017406199341,8.65628708460927,5.12217666882916,0,8.33773393433132,8.68294827890162,4.64333264708244,4.43093583937676,9.21114005214675,0,0,6.86449280892252,6.47086142137031,0
7.7563879623823,7.3973409229556,5.08530977242172,5.94505404928532,7.10848960878322,8.84339284526671,8.5608425451867,8.69918636096367,5.25237813460659,0,8.15599948178819,8.50362759335281,3.43366457179966,4.9970771294974,9.24876268957346,0,0,6.84583732116715,0,0
7.56344459166362,7.59087737589499,5.78928716160268,6.25753347927362,7.01293477825749,9.06734259994652,8.92335672223713,8.60342776677359,5.72211343134092,0,8.47594819077484,8.78875045509841,0,5.64399708392016,9.39935613912952,0,0,6.9770201134838,0,0
7.88092149578674,7.45010863915242,0,5.64261603941871,7.49690767751204,8.8994033197113,8.98157856779433,7.94153033523624,4.88733707775176,0,7.74645196941774,8.80534965132849,4.0516110196352,4.94939798462507,9.21065032393611,0,0,6.80288353274596,6.80133865027765,0
7.46421179595807,7.38557205594114,5.71689611380158,5.96478684052162,6.6162793522911,9.14181524822106,8.6710604024986,8.50347756071029,4.92993125668129,7.33052316032726,7.77832034630769,8.68030644426889,4.07550147442062,5.28376194853884,9.24036508508188,0,0,6.99982384679853,0,7.11983788293692
7.67677958011517,7.45588824811864,5.0998664278242,5.96036080205665,6.54970796520313,9.15572049802154,8.75779623487141,8.65189365041629,5.48955736884924,8.02457742389182,7.9895129905806,8.81727111684435,4.89514961748856,4.78105440081804,9.25075268258744,0,0,7.26376400104435,0,5.94701619362225
7.50275475777735,7.37442836813142,5.74716119795815,5.93078523629613,6.7113631949714,8.99149506993933,8.69914134517062,8.53934990841278,0,2.85761897142436,7.62528282826746,8.33495883082058,3.60495421917618,3.70696492166032,9.17410160838874,3.09058780456667,0,6.65956311421677,6.99707482343588,0
7.46428631395564,7.1179108504555,5.49790565824071,6.43481935475856,6.13417864930716,9.02652089385804,8.62224125826702,8.88943789512558,0,7.84748124791541,8.00065796551617,8.74790642029379,4.62035432131313,4.79189868460025,8.91338880351725,0,0,7.34090688750636,0,5.43959989138193
7.42327586414835,7.01049235643325,5.75139734526405,5.68565244778373,6.96185513129896,8.78279681886214,8.98261257906459,8.27661859837235,5.38719782904191,0,7.73976399667408,8.54665878543054,4.5779017588339,3.96707921117622,9.02592101634008,0,0,6.80460343352667,0,0
7.56562237191529,7.48593483190253,5.98961283374451,6.12409240666942,6.77185536934869,9.11012548373007,8.70564922709358,8.34057295118604,0,0,7.77436404915362,8.07033405020494,0,0,9.38955711381666,4.78423645006137,0,6.60147465404507,0,0
7.32225941174097,7.2414092623414,4.52536911578454,6.09904010774136,6.124070511656,9.05472812457922,8.62904578783987,8.52370991139639,5.28482677636554,7.8943590771691,7.85214355180063,8.36481560539535,4.19494376077822,5.83032701598116,9.1779597320931,3.91939575975756,0,7.25005336945613,0,5.61760711174576
7.51762954034826,7.49661914127655,4.14122814812095,6.16858510210987,7.0348723940416,9.12425729125894,8.34778470094998,8.76896151667033,0,7.93203546781769,8.10188075714974,8.61064346084089,0,3.79548918917219,9.17285447316195,5.86152668999359,0,6.8607475253748,7.34077718666117,6.26019313164268
6.0115857511042,5.07091475831344,4.05975311745248,4.93072591086795,6.95915156806555,7.48348060865063,8.79619671395852,8.90893658593922,6.1296382724121,0,7.67833098398345,8.85502735733343,0,5.34563024959865,7.53175064685322,0,4.21877214059715,6.50921613094471,7.68307673995327,7.59365626920311
7.14263765984172,6.99289574023321,0,5.49966510549179,7.77246214794201,8.99550099536307,0,8.65664726031626,5.06758257453801,0,7.74772636398288,8.63001460522566,4.03033923224619,4.84999694813344,9.91352203826402,5.02473541847504,0,7.1169783889736,8.07524665488624,8.26257445276701
7.07089401635932,7.03142318698225,5.4459612084606,5.59712482178324,6.68291028102817,8.83330381596696,8.35727323460237,8.82062262083566,5.03999990272616,0,7.93238727965225,8.77229576892457,4.43876134765419,5.14341640533007,9.42537110317984,4.49244931592397,0,6.55140885250421,7.47557163586378,0
6.70307767769523,6.65844740764725,5.01814039358203,5.37962081761207,6.59733667955649,8.74549143445022,8.82095479255525,8.6410307502894,5.27484401036239,0,7.9964822013535,8.61286512396197,3.80153827225287,5.40690267696148,9.44986108252095,5.04439239089439,4.14630430115281,6.88870496862459,0,6.38554846784252
7.09532968205754,6.82989103007665,4.67990653210211,4.30447041645501,7.23535974143134,8.68915123200771,8.76587348674649,8.43779061215012,5.14242350158936,0,7.53695576324164,8.4437339318799,3.70745583968687,3.6615082573178,9.42051215248122,4.22141764478558,4.28400026937532,6.93455299136752,0,0
6.78707805921242,6.8950549704039,5.23644196282995,5.52668723683383,5.93909172286928,8.79306277026552,8.73418827961061,8.76548817687538,5.64215526708526,7.67618616881738,7.92974926777162,8.5753243542047,4.81340312456655,5.14795948495947,9.41474952523414,4.84182208732709,5.19056510405381,6.72969264010856,0,0
6.25450166208387,6.40263004375222,0,0,6.91807187938409,8.49206818535728,8.76437665455313,9.24142228553921,0,4.70980043506617,6.85728270034684,7.02795317429424,4.78348372138451,4.49569008536927,9.13136209759248,5.58390975713473,0,6.65099030916508,0,0
6.73392556422085,6.89726039988949,5.30905946307994,5.55898788975297,6.02477842613792,8.84202363890351,8.52632536588855,8.63284952279492,5.44263413731628,7.3695377065688,7.8806720607935,8.49560993974901,5.15848042136024,4.96717092268217,9.52164863493385,5.09129319711371,4.47938017992979,6.94513776516947,0,0
6.63582843847486,6.67161513667214,5.15698419043139,5.51749305630086,6.34702136617802,8.79472340770999,8.91154207594904,8.68422512198785,4.61956606627182,7.47505007911849,7.09135934634105,8.55549810073379,5.00186360170913,4.72419689240973,9.4152466302191,4.73268350628705,0,6.63015554187187,6.8545232643852,6.9388856611787
7.54006906593433,7.44065154438956,5.99583000461762,6.10392231756443,6.79079440525799,9.31089134028107,8.77893418476756,8.44748935296645,5.27351224762907,7.56694228545849,7.85837400492582,8.88901326666909,0,4.46475803227135,9.37075709338209,4.65357932519578,0,6.64418028187359,0,6.15339205174855
7.43145369173076,7.21607786290121,5.77091138782947,5.7504115752502,6.98093138851529,8.89297130239958,8.11850208784487,8.10759656030862,5.00481840877469,0,7.84292664461958,8.55537490345629,4.1734637666747,0,9.15237221862096,0,0,7.04829083508449,7.51514302581707,0
7.26135148847793,7.21960543623974,4.26253902205129,6.00677179117513,6.52838180437805,8.91325691130798,8.54770299762081,8.46036883941848,4.96535894922662,5.50934784997844,8.1432529128159,8.44014798673846,5.07454861983991,5.85876138283622,9.41377905121602,0,0,6.96415451583126,7.11524088193964,5.36891561539357
7.49624169899853,7.18408313559521,4.32254198783899,5.98918695536392,6.94699522271974,8.84122551503049,8.7906678143301,8.15561194552359,4.12584322928147,7.54358579788749,7.88466310323262,8.37331589256607,0,3.96195537417635,9.02404573293335,0,0,7.24072854419332,0,5.51294475809391
7.05763972851943,6.97814850285119,5.49597899384756,5.03825046112923,6.4229384743972,8.9245019323219,8.78900042271061,8.69845418601287,0,0,7.90758904676531,8.70983794683326,4.0659450877004,5.15149807959658,9.58627367747831,4.42532555906903,0,6.93842996325006,0,6.85683033779685
6.84918292482307,6.8843842926589,0,5.81746823906002,6.6158108020439,8.69254048447286,7.1684951479102,9.38054717390703,5.50926687176154,0,8.61992124518469,8.07774514901057,4.7973595619804,5.80003160744556,9.09477350380555,0,0,7.63515894822017,0,5.40028714013175
6.17111587534606,6.32175701393923,0,0,6.55180864119265,8.59067596817604,8.59402089032935,7.70546966060908,0,8.2287241427132,5.33155870032784,8.07436883655071,0,0,9.19665616889015,5.22531647366355,0,6.60498664111188,6.56316417335717,0
6.09024596790538,5.37555614688884,0,0,5.44880419982197,9.02294516596403,8.25259984438917,7.73253580200851,0,6.4906324833165,0,8.44332057617929,0,4.96584711130612,9.12383977360785,0,0,6.45838530418287,0,0
6.91271296930137,6.88138050234682,5.7461073393012,4.39321382406445,7.80008523041144,10.2571785489282,9.19000602334126,8.29893518636198,0,8.01981014334674,7.46435509487125,0,5.27320466573296,5.1334427233578,9.61813609542263,4.990772665,4.67916386589642,6.22584473034818,8.06527777952897,0
3.37211180076706,6.43549310113458,4.00987540559565,0,0,9.53484123681618,10.6188217703281,0,0,0,6.25171118637369,8.79054152490347,6.60959180134884,0,3.40552135314221,0,6.08895416838524,8.17424362209598,0,0
3.10950728781284,6.11015827906569,0,0,0,9.02692221413502,9.52350011463361,8.05967449997411,0,0,5.21417459843561,7.47856531967714,0,0,5.56654899967817,0,4.38327585407431,6.05603431775728,3.91860132078827,3.0708397460408
3.86576962091068,5.51568426508479,4.82124883958018,0,0,9.07524318270308,10.219800812662,0,0,0,8.84887970901602,9.0511418063172,6.01620593899643,0,5.30673186514905,0,5.31078926804336,7.93077798563398,5.80745156065305,5.89726375170916
2.86562358820697,6.4039383700267,3.06105173967463,0,0,9.04489599104452,8.67073454278347,8.34000961257839,0,0,4.66409925351738,7.47406291220713,4.11251186617755,0,5.02388052084628,0,0,5.97195037820368,0,2.7127060126384
0,6.51475713432935,4.28908863901461,0,0,9.86052263860327,0,8.14931573296951,0,7.91014663990756,7.40749366586215,8.8625005686974,0,0,5.77545176134656,0,0,6.32570214592778,7.38477176059566,5.24802357249357
0,4.10808308833261,2.52011290552262,0,0,8.3343250852914,9.62766158455588,7.60767944382111,0,7.32408778905436,5.75779706296244,8.10035869607049,5.24047636685819,0,4.84465941583839,0,4.79645148415352,7.40578133667663,3.89812690023603,4.4500356890381
0,4.56403564262954,2.79239134953596,0,0,8.41082995097569,9.40020838252554,7.61882096004443,0,7.1318823464857,6.85466036264796,8.12743409562969,5.64848115887111,0,4.63792775022626,0,5.18721819402932,7.63162563218492,2.25339484880327,0
0,0,0,0,0,8.3488360763594,9.83187876251581,7.46083547064496,0,7.1038235814813,7.88149571560026,8.06268173632663,4.93065369566662,0,4.91074129127561,0,2.77633170851862,7.65634662712337,3.41575753299349,4.03724497018153
0,4.99538628333352,4.35143855290586,0,0,9.5610254122067,0,8.31102474430799,0,7.99819089626609,6.89101595497784,8.84979795901096,0,0,5.69716059834731,2.44321622273379,6.87828527279811,9.16178333063151,0,5.93078523629613
0,2.90251989183181,0,0,0,8.13769695430484,8.92138415481334,6.61542240831493,0,0,5.8673175543651,7.91538467827168,5.16974508574827,0,0,0,0,7.74769614291577,5.32826444291599,5.48811093818069
0,5.0684009309464,3.53718409086174,0,0,8.70973401979325,9.26223998251694,6.8716305682635,0,0,6.12850539936878,7.92540332438208,5.76403055500156,0,5.10939406611952,0,5.8716106186325,8.22926842284947,3.48829208851309,4.53892354016916
0,0,0,0,0,8.71146966918943,9.96741494947534,7.31517846879646,0,8.02052356373446,7.71064436288758,8.83837918649975,0,0,5.05062494231241,0,5.64788209269162,8.37920158107818,0,0
0,5.22197613329131,0,0,0,9.00021792690413,9.76818316050523,8.05910548473444,0,3.92809318560564,6.55431794546489,9.05420455640347,6.22655643193803,0,5.00139271272932,0,5.67702773734738,8.57797215426266,0,0
0,5.0035435402825,0,0,0,9.64653511766621,0,7.62584382167953,0,0,7.4179046741571,8.26350795498933,6.13057410281218,0,6.15846093779919,0,6.2979377060092,8.18326890600867,0,0
0,3.75490124965593,3.58324112209094,0,0,9.10406499351453,8.75056901403269,7.49696315570635,0,6.76359618328253,9.01700923151883,8.35674740558797,5.33619101897612,0,6.19670885853436,0,5.81490635020313,7.50427591370804,6.03562496289364,6.30316827540167
2.85474458025301,5.70204763736248,4.0973400712019,0,0,8.65646805866783,9.14573144836042,7.83472083167846,0,7.53801590648689,0,8.35690471378675,5.38458680170021,0,5.5412243287032,0,5.13526888509767,7.33540579422553,0,2.9882040071332
3.47661402094691,6.04486312383268,5.38770092768272,0,0,9.34224544285612,0,7.82013437035613,0,6.99329974725373,6.89841176397898,8.21189011020705,5.76719536250626,0,5.88868403371354,0,5.19101051355953,6.86390787920186,0,5.78191566805954
2.61958321977988,5.23745209077676,3.3178157727231,0,0,8.01153419760161,9.51444436356467,7.43582142713053,0,7.57084008052704,7.3188047653842,8.2382276857433,5.64123308499536,0,4.20110409879363,0,5.53053958179545,7.39829655944542,0,0
3.75770564504379,5.98159096330968,4.98961592687218,1.26129787094521,0,9.16935586425137,10.9994135697389,7.31461940800401,0,7.60195190867765,0,8.17672618632171,0,0,6.28880606652616,0,0,7.00682203039133,5.72844256639257,5.1645002188137
3.18717873812495,6.403044256216,6.0310457721921,0,0,9.4126769518094,9.94645125196824,8.03341837312656,0,6.14124138992621,7.39938585084063,0,0,0,4.28716635364992,0,5.89252779924796,6.11833945944258,0,0
3.5530597309714,5.9369027591153,4.66079408973609,0,0,8.85954951138689,8.91414482922585,7.56824496129714,0,7.2224200227638,7.05480365419088,8.43252379711571,0,0,4.40757254164162,0,5.97548759258484,7.51851492156812,0,4.24204591836945
0,0,0,0,5.12972118437256,8.0500845675955,8.37221366107138,7.27645266289809,0,7.79430407184623,6.84975533468415,8.17129991584218,0,0,9.55714476187949,5.53792464389291,0,6.63251547942024,6.59561656609637,0
5.96896328176147,6.70134592665909,4.24477404124751,3.60875340963465,6.48667894735975,8.65972520663803,6.96077458295777,8.96731804046624,0,0,8.04462307154917,8.50270270965793,0,0,9.48811603761012,5.43109847778186,0,0,5.73117063797507,0
4.62281362116069,0,0,0,0,8.40434471079251,0,8.10777126541889,0,8.02964454455474,6.18943386987347,8.17229717417093,0,0,9.63974984532781,4.10775424913202,0,0,0,0
2.05796251000271,5.99786899478098,4.91808131248565,0,0,8.99734391433429,10.846821303362,7.63182440994477,0,6.41714069583228,6.20407279650681,9.14817875709082,6.54071248847125,0,0,0,6.49382947995611,8.54033142585486,0,4.06233776608701
5.14148810251502,5.96030922110033,0,4.31053063296881,7.20943640582658,8.76392826153461,9.29341233297926,7.6580433732289,0,8.51125761065797,7.85969110833888,7.49942329059223,4.45283452468439,0,9.61351619500307,5.23580346115879,0,6.48970632536316,0,7.52258950498267
5.49108418120353,8.29336940879716,5.20499520931666,3.53863779078339,0,9.58009539745027,0,8.7495628510017,0,0,8.17793146779124,8.74396056873439,4.03830317133848,0,7.71668349252779,0,5.54008638198541,7.77069164655421,7.96050511355215,8.6881655894533
0,0,0,0,0,8.02913963799244,8.92654938608533,7.826738383167,0,0,6.0407307884109,0,4.37058644453133,0,6.42379875931817,0,0,7.3075174897733,7.1244863139908,6.64159983707464
2.25863320546486,0,4.02427968777381,0,0,7.90728728994957,9.54257507147702,7.87203585485496,0,0,8.70124824483634,2.02419306744936,5.46696249252575,0,8.75111524540613,0,0,7.74530578791446,8.45192266909783,7.57540001912966
2.33601986908028,3.13809951484091,2.93969088267037,0,0,7.53273603217038,0,6.81572770552546,2.37397508908072,0,7.50384074669895,7.30043905272557,5.638639326324,0,0,0,6.84938436565581,0,0,0
0,0,0,0,0,8.02331317637639,9.28680128807063,7.48957976089782,0,0,8.03862176317958,7.10834233458294,3.56359963768718,0,6.70480643495345,0,6.15979281964888,7.65226550149721,8.21719289352703,7.24718029471425
0,3.67882911826043,0,0,4.41328302432444,9.0356440688996,9.77994609394095,4.00369019395397,0,0,9.16329802947617,7.49483057981371,3.77849161280362,0,7.44126173697119,0,7.42380125297801,8.27847142738869,8.7179618820767,8.48408098329936
0,0,0,0,0,7.95618944070597,8.63977005164596,5.69850189021228,0,0,8.37874458623611,7.63442427245946,0,0,8.19568128885465,0,5.74258643431314,7.52971253344008,8.26777239764867,7.20154366986568
0,0,7.6560485722838,0,0,0,8.75531520340448,0,0,0,7.02813937339482,7.39948370657689,4.85779486662447,0,7.51789034754802,0,0,7.12623195736564,0,0
0,0,0,0,0,9.32411538623503,0,6.1270875008927,0,0,8.30396284155304,6.99331810733158,4.11887455996538,0,6.31732712842657,0,0,8.29115796323149,7.29652851636995,7.61992537117429
0,0,0,0,0,8.35148565429632,9.33182322153906,0,0,0,8.3548695369687,7.56397910543748,0,0,8.27981886118831,0,0,7.43850705182694,8.57655772553789,8.30392571077223
0,0,0,0,0,7.87852662035409,0,0,0,0,6.43150819990256,6.32566635110371,0,0,6.82957749791811,0,5.41093151091717,7.99852690987109,0,0
0,0,0,0,0,8.23205720825982,10.0271554605362,7.63905048218394,0,0,6.68163229355893,7.2148575526734,5.04284430311827,0,6.34716151298203,0,5.50590047974419,6.8366995670163,7.69080714686967,7.59779262902783
5.13155414866993,0,0,0,4.70916977600658,8.78653612514982,0,8.02081273208174,0,0,6.54922146555841,0,5.09172360877836,0,8.15343896265313,0,0,8.76250832653797,8.29753854678283,7.48740896065407
4.96661374200193,6.17703083406683,0,2.64688376586472,6.63233110392586,8.61287602904773,8.50906222451631,8.81004040154822,0,7.83980911771565,6.69844066560437,8.41818136897842,5.00669420486299,5.1937343263556,9.78972517319746,6.12150548015987,5.15594702525631,7.08494703414656,7.6595958058813,0
5.12764766249453,5.53046030165905,0,3.61926138723307,5.64618867193062,7.70554171515441,7.98606961770205,8.62382629698792,0,0,6.12891948256183,8.82687694206665,0,0,9.70423141167526,0,0,7.00475493990009,0,4.90215881776017
2.25023861262184,4.36742048228452,0,2.41054223449914,5.39933848060676,7.2541849185673,7.55185401202038,7.66188936866572,4.15245622527932,5.85781886223806,6.94655282569005,8.60500624697571,4.34172533790036,4.34510328056928,9.73802901249621,5.87324391572055,5.16832256993185,7.51706966187618,7.36253105069703,0
3.16758253048065,3.9611940494346,0,0,5.9625762700142,8.4029825172714,7.70364856059442,0,0,8.50953796479528,6.87535604653546,8.28391596744278,0,4.05646960979317,9.24013215678392,6.57820900243166,0,6.1957718040759,0,7.15659776564238
0,3.94487734229909,0,0,5.09895137514482,7.95062579695621,9.1126713122008,8.1765181353091,0,8.022309812071,7.23250912264915,0,4.97935100405649,0,9.55812693099751,0,6.37034608923312,7.92338080828407,0,5.29991608791173
2.37211115564266,5.64851638688443,3.82951058385368,0,0,8.6221638310823,8.83518427007308,7.35358147540961,0,6.96522197863047,6.41955509201973,8.06024950859929,0,0,4.74996293088963,0,3.42881254869513,0,6.02347180574296,5.50288953227681
1.77495235091167,4.81979757753396,3.74123468444786,0,0,8.93393712048098,10.5284415417797,7.90387331071585,0,7.14221061019466,6.00667330539393,8.19640924745934,6.68845433538538,0,5.81078164698254,0,0,7.76020271466051,6.67504107472798,5.56845900102283
0,6.35924509490902,2.77008559202166,0,0,8.70860497330483,9.29781081024772,8.57181773104,0,7.48174160012233,0,8.45493047866113,3.52311998561896,0,0,0,5.86904264352186,7.84979562559862,3.77597416096487,3.04404613383254
2.25863320546486,5.91536613380146,5.24980966248299,0,0,9.03302307297146,9.71104899099968,7.21851402495139,0,0,7.21003528128947,8.17721240703333,5.46311120647377,0,6.52144552991371,0,6.30975462847299,7.67883987572078,7.15618443776221,6.998573567148
0.300104592450338,3.43495447846029,2.24177295359729,0,0,7.49983272530141,9.14577305042388,6.77215317248012,0,0,5.80567699067085,7.89089311516393,0,0,5.11601580955409,0,5.82576409133026,7.74864551144129,4.2842759793302,4.07090533048834
2.04381436403668,2.94864066602014,0,0,3.0478502278161,6.79317461027088,8.10751522165509,7.85569970465809,0,0,4.62271536520384,8.12549784351899,0,4.50876941170174,9.66833467709619,6.54701493965348,3.56189799235315,7.35349823358887,7.61489904868551,0
3.03735394824481,3.56671182013973,0,0,4.93942568173946,7.09935036999731,7.82284128546599,7.96756090210076,0,7.9564732941764,6.90619406091518,8.20665455314151,4.31147004121075,4.78665806203347,9.19161718187799,5.92884418512631,3.96632177883552,7.46093899686307,7.47421048184892,5.16837950943364
0,6.30102429832908,3.40651654313976,0,0,9.14647362514772,9.52257846232385,7.78229441772644,0,0,6.48879451276864,8.01023673940862,0,0,0,0,0,7.15531823483709,3.67300410495565,5.44725447932241
6.1075350060305,7.98002701461827,0,6.29550582507818,8.35731547672011,8.82074221536605,7.99627009263858,8.58132600526574,0,8.35084812806532,6.70127216856103,8.21510924132941,0,0,9.49000791370413,4.36957442673464,0,0,6.5648987057857,7.48892006757537
6.81427941578996,7.74982664788346,4.51371257549926,5.5749258525312,9.05549661869566,8.79826748047372,8.16000097085588,8.43851139062204,0,8.19874671027142,6.67652915147457,8.50495460450095,0,0,9.29102594988744,0,0,6.67759970076855,0,6.89703805414093
4.16278172377533,6.51459416533014,0,0,7.52555910923829,8.81749480149437,7.68177251717493,8.57379278247715,0,7.90487364116667,6.17972675656401,8.28515267925982,0,0,9.53659631380753,5.65944737194701,0,6.85747200067237,0,0
4.02838280654434,5.25572296891562,0,0,7.33650713386549,7.99772364973463,9.01438509697917,7.72619941707193,0,8.51209019324033,6.98683444567604,0,0,4.66202299758087,8.73886846533857,5.22467082637974,4.21464295024413,7.83643692541713,0,0
0,6.62576365185872,3.93788566495387,0,7.28756748023161,9.13675949165438,5.81618811504066,7.43857174762439,4.58568150940423,0,6.89313897940786,7.71762270841839,0,5.52644845937329,9.51102997845762,5.92769906043559,0,6.37217579074992,8.34176303428649,0
3.30908209275435,5.09460872787243,0,0,7.02513823461718,8.71800442245735,8.08030862111191,7.98416967399262,0,0,7.75887155422127,7.95574773064988,4.16464768606452,4.50964998413068,9.21129991147088,5.65097926899631,3.97349432751625,6.53735804213447,8.11131299717174,0
3.15700042115011,5.65878510872547,0,0,6.92689101729061,8.68552230903315,7.75017124227773,8.16988283397294,0,0,7.84573313588049,8.17779949147378,3.80732893431348,4.05646960979317,9.20823215123972,5.19362329543337,0,6.55162304489263,7.43883636867389,7.03422051502135
3.22922211692235,5.32047017118917,0,0,6.9534262979577,8.00355695490942,8.32551681441745,8.16678712834798,0,8.50117559185636,6.13190017554919,8.24201923200764,0,4.80639527320128,9.11387682730223,5.33271879326537,0,7.37888951884675,7.42622759215664,0
5.39847939344702,6.77937630411235,0,0,7.26473717580601,9.13711892981552,7.23962407888605,8.93734722048835,0,7.97891414753554,6.35610766069589,8.3400024494513,0,0,9.77724949873907,4.31895370569792,4.3554259528767,6.98927996490631,7.65034955074484,0
0,0,0,0,0,8.77494375217894,7.58239219678299,8.02777674688775,0,8.38673364725895,5.44695286568718,8.24932681807062,0,4.92449626377433,9.4749405963596,5.94403221067309,0,7.36681802443909,8.24073324800008,0
0,4.35658061334241,0,0,6.51074929141561,8.83541853281946,7.93367141891748,8.06161619604738,0,0,0,7.85965636835799,0,4.56777979676953,9.59412549164801,6.09013271890468,0,6.58253747300125,8.22800598682115,0
0,5.50337841031148,4.59864896899783,0,6.39739621302779,9.33189406752876,7.59839932932396,7.58486453684431,0,0,7.17863701275557,7.9937178968549,0,5.42119849592385,9.45357670456627,0,4.78331637137157,7.38885956729878,7.93369292676067,0
4.53249196049011,6.43944621315247,0,0,6.56360161559708,9.4942403011325,7.74237597981003,9.03344805017711,0,7.78753969040364,0,8.77476135758473,4.91888543548669,4.81315948953062,9.99937029566751,5.40312773090038,5.48508734774789,7.91698975649903,0,0
0,5.31816901225064,0,4.04217368989319,6.59810022571995,7.93072046292148,7.66642331053565,7.37138237125912,0,0,5.69336169982828,0,0,0,10.7765199911897,6.40857821323194,4.19750265432473,4.57182020630654,8.18799443876152,0
0,5.41485518279599,0,0,6.3849920176431,7.72777737187668,8.87739869558606,8.9050969985787,5.08233560826145,0,6.84970234753352,0,4.27123472901885,0,10.5816175373358,0,0,6.40243116081075,8.29642182424708,0
0,5.0097682516569,0,0,6.17568014241136,7.349545887516,8.44280364116158,8.62636144841689,4.78046712784508,0,6.59390717565886,0,0,0,9.78988763044775,4.68018488979354,0,6.71971339225328,8.22433776019046,0
0,0,0,0,6.00176135258535,7.37519311940514,0,7.37471678566168,0,7.96770989595937,5.14201437215264,7.70931281969254,0,0,9.63682958329721,0,0,7.10540869977307,7.7443662373142,0
0,5.89396196574674,0,0,6.71709101840985,7.84763752966046,7.99897363309653,8.27307878068836,0,7.86708251154675,6.39549529367797,7.75269607796708,0,0,9.4988371124958,0,0,5.84154241436069,0,6.50395877797452
5.55648051096329,5.91298936023154,0,0,7.10201364112657,8.8297224986501,8.37333205882915,7.56786777340918,0,5.04625980506918,7.15791459593431,7.7431569451228,0,5.55086436823149,9.22880877625923,4.9354806204955,4.25830412018286,6.83712893124183,7.99455810969075,7.01331277523801
4.41980399900791,5.97187389734298,0,3.20355912075631,6.54902107336158,8.41019132948629,0,8.38200328135455,6.61843186025823,8.34915553229317,7.4978891869526,8.18678453408513,4.4160656768973,4.44076712969648,9.36923975882564,3.89100363820407,0,6.93105179553257,7.50089426131087,7.20533817611118
0,4.13660552093661,6.37636974125078,0,5.10594547390058,8.78312493102425,8.61718150258971,8.45251812762381,5.40963510267999,5.88003006666168,7.53046926557424,8.37763222884329,0,0,9.76184333980106,3.72231423020017,4.74066215542525,6.97919182891999,7.64346853227336,3.91681152215994
0,0,7.08025374682733,0,5.54623157618746,8.5597602224742,8.36558394607348,8.32120750414435,4.02998380306171,5.53875058639921,7.29047704011336,7.94670602359218,0,0,9.69906761522002,0,3.91661245776195,7.50852946199166,7.36996612319791,3.81131830130651
4.88029879236825,5.94096041493421,4.61214579972452,0,7.04895097564891,9.6451247714448,8.79276067770297,7.34202162089593,0,5.62571281923428,7.39491096704544,7.53076428959402,0,0,9.57625351207223,3.81264456144787,0,6.28376095711051,8.32204654360288,6.03801410776096
4.02570876983196,5.45570565679678,0,0,6.65526015395307,9.41999333310789,7.76120418285385,7.3311126941541,0,5.59326051347802,7.21174121814045,7.38211814294279,0,0,9.60418488845527,4.56320170116559,0,6.62923114431512,8.13630459159763,5.8513687990259
3.97762346251209,4.7798795097799,0,3.35585127989528,6.95334031220262,8.98562934281019,8.56169608311474,8.49908013598931,0,7.35924482540158,6.63440994263041,8.26303099781233,5.09258387674342,5.1474363355884,9.78602071688325,4.4040327149365,5.51668955298336,6.86416905081921,6.66815200662924,0
4.72446319217607,6.04006421694404,0,3.53310245254209,6.49246708192521,8.7392065042515,8.1952177664069,8.38307648467168,0,0,7.37239454572872,8.47305946917431,5.13650407038543,0,9.99197908355711,3.9887988442302,6.2215638509882,7.05478638899751,6.45171766928445,0
0,4.92500478145628,0,0,7.03986190711159,0,8.45930980896769,8.09517788113845,0,0,7.50936814218849,8.10748208178828,0,0,0,0,0,6.6527339887699,0,0
4.22185788252106,5.35828294771547,3.70671937224227,0,6.39405887179113,8.42422227340433,8.66719986813959,8.30060311907187,0,0,6.69847764990454,7.55743634742185,0,0,9.77247868994155,4.06697336542597,0,6.32916816812129,7.8963443466053,0
4.36309862478836,5.32933142007721,0,0,7.31676077916629,9.49126969585525,7.97004584835073,7.64971167114916,0,7.9290004440738,8.21308630044355,7.83618404594841,0,0,9.24217812882493,4.80254454540834,5.54634863337003,7.07607087529708,6.31808484089291,0
4.60066003051021,5.52827763118917,0,0,7.83277976039026,10.1649937566674,8.87761909171412,7.91098671868225,0,8.19876321001568,8.30479420991936,8.28483481369913,5.63196418686573,5.02407786979274,9.11577471494598,3.89853241524565,5.72893026818885,6.82511252745549,5.98951264338274,4.858571324463
6.0749781473358,6.47197528287161,6.32240364697957,5.781206371621,7.0388361715825,9.2460259979112,0,7.95865382393239,6.40382251147332,0,7.85160670169729,7.97020829682987,0,5.40326279606953,8.38925072304642,0,4.92884661866325,6.94423184579215,4.5704752161912,0
4.97258722645873,4.996062964913,3.85248529271195,0,0,0,8.23512997027858,8.64597331461527,0,0,6.84389919160034,8.17239599830499,0,5.17840706987548,9.24200375415144,0,0,5.52397774798652,0,0
5.65892456901437,6.06840243982804,0,4.30703365563245,7.03410595183743,8.24757629004495,8.96158153253742,8.31899100223947,0,7.28971290528826,7.21945900727583,4.77220888591753,4.51085950651685,4.38402463733655,9.48713084572117,5.64470457271829,0,6.17355691097258,3.64701525001524,0
6.01951736155002,6.53621322231853,5.98466649260698,5.36854281143753,6.41327861303748,8.6822685504617,9.35545319023781,8.17515066952182,0,4.36207899686419,7.88605884513037,8.02743736560267,4.88174075368515,4.74753742727501,9.37709133377918,5.35978868863614,0,6.1952825573023,3.41081762503915,0
5.66549199536787,6.58532992138609,0,4.56466064264988,6.47584865484314,9.5606732474463,8.90247055808129,7.90941971425693,0,7.67969515550718,7.6137989412771,8.08530504940195,0,0,9.33973572296073,4.5439328765169,0,6.92390418072151,7.55270437006183,0
6.42418807898697,6.62313518056618,0,3.46166512842925,6.6165469967538,7.38681155905914,8.2401608751297,5.75590042891831,0,7.22279956818973,0,8.15554877723175,4.29401475735067,0,8.12204468371002,0,4.59673470716699,6.90289347956523,0,0
5.78142229771343,5.33325005308806,0,3.30688670219091,5.66725679330675,8.71385477019,8.19909039871161,7.74274484498965,0,7.66278276324817,7.56557057508317,8.05636652474457,0,4.84442327903537,9.4552141034271,4.75022245768723,0,6.70731455707404,7.39421033829469,0
3.18676577094997,5.78885864701132,4.77558783827922,0,7.16173060836801,8.92966569031303,8.00650755785116,8.13083340872226,0,8.00437558496945,8.03304195506443,7.91711732262857,0,4.32954842802868,9.19389691634007,4.67077064307204,4.98982015438234,7.81181552241849,7.55743634742185,0
5.68978496501235,5.49170249569797,0,0,7.0630139162264,8.07954677530238,8.38053233569761,8.27294857019397,0,8.20430270670564,7.49817181607027,8.24935818971746,4.5290447955986,5.33300860633797,9.23509151943872,4.55954500796182,0,5.83976918385579,0,0
0,0,0,0,0,5.91442150260967,8.63558759570428,8.46810168184684,0,0,4.90453376321371,8.19441713248296,0,0,9.00216424778376,0,0,5.77653715056511,6.72104008428148,0
4.90104361746616,5.4481587747872,0,0,5.82759176038249,7.48543548973337,8.82101235776816,7.30448232114702,4.63113028765762,7.90582874227163,6.9612770883845,8.12549192555383,0,5.32743918012005,9.38011690126784,5.37564870948436,0,6.97555410454657,7.1286883890702,0
0,5.2927016277624,0,0,6.88674612412422,9.02105341299366,8.81413278052342,8.38971884635773,0,7.46841623482496,7.97691129348585,8.53241672318772,0,0,9.40148125724487,3.97986855232321,5.62047332685989,7.22290902568202,5.84669885684046,0
3.71746691096585,4.71276819658611,0,0,6.64761054952344,8.69699323854164,8.4175297499029,8.73451181070582,4.47357976560049,7.25352699820852,8.10560336545704,8.55526709338672,4.6191717056239,5.94665021881814,9.34920626084136,5.29996600679356,6.03507465123587,7.55192227732036,7.95783886929565,0
3.9088178744792,5.83199977245696,0,0,5.72001665109495,8.0965586063756,9.62603300023978,8.6243672615895,0,8.66788131206988,7.48893125244448,8.07447782752792,0,4.10396480559909,9.80602906677416,0,0,6.1787529155132,7.71568990177422,0
0,0,0,0,0,0,9.28465903621848,8.06914203375726,0,0,0,8.21799438861457,0,0,10.239513260907,0,0,5.36021177008563,5.96121150393696,0
3.72183055425362,4.26056496613669,0,0,0,7.44578547966394,9.02736780331998,7.90805622218346,5.21493575760899,0,6.89978358932676,7.97784805848984,0,4.17392562489244,10.3439883467241,0,0,6.89247919142962,8.04169931832581,0
0,4.72791865124714,0,0,6.38851098410642,7.8609023927183,9.08191023152604,8.22178535193339,0,7.16594159720481,6.63348947128412,8.33997379642984,0,4.83063105025746,9.61777021539393,6.28674269618139,4.95807804335758,6.84351537991922,7.61834445961172,0
0,0,0,0,4.82181265095994,3.28503802712187,8.82755609809108,7.37927650609348,4.83524962830341,0,6.3178142952006,8.19999716905036,0,0,9.18388653433911,4.41049260698455,0,6.60163764437467,7.85262180583262,0
0,5.20389679092854,0,0,7.22068103167081,9.85510055708327,9.02184580127637,7.70814121021168,0,0,7.46686236612268,8.21487655419785,3.58988750490699,5.10004933792439,9.37261227096443,5.33044568029956,5.62112524097519,7.21323060835575,7.96619813794103,0
6.02182399961733,6.26497796658295,4.70501552095781,4.5148077459077,6.40461670069754,8.76172712847864,8.71846243498545,7.93026735589417,0,0,7.79229111897414,8.13683719451671,4.48897339158558,5.84206506245621,9.5676231311578,5.20904889878985,0,6.47146491702102,7.78854732236738,0
5.71482132177142,6.95035489260095,0,4.9469142165384,6.23812929346354,8.1319394505881,9.48925915875781,9.12832630578501,0,0,7.27413993076724,8.34560265076039,4.25291403621107,4.92224114333366,9.32275792804526,6.10043105335979,0,5.9370347601187,7.83411118659968,0
6.13925935683234,7.26095117805643,0,5.08975449854885,6.9981625500576,9.64039402221893,9.70844543133279,9.05176659131127,5.27586723771044,0,7.81029591001213,8.65961073499392,0,4.50313746042294,9.39943891304916,0,0,6.60573084481448,7.57007720568913,0
4.24778070111149,6.09616234321571,0,0,6.03464376120191,8.31215720413888,10.1652131515618,8.50759931702492,0,0,6.93187211608952,7.83263303659358,0,0,10.3456027649196,3.70966199329646,0,5.92785892401901,8.28216681819026,0
6.16067975639664,6.49798089928587,0,5.02958788701294,6.43717548378467,7.7563879623823,9.42849550177897,8.41625621081819,0,4.7488375358005,6.14675743151402,7.95227386454785,0,5.62148723192937,8.92093281172618,5.00347639689778,3.85290974093564,7.10750737083898,6.9540375390827,5.45984080070471
5.50019642255752,6.32629257561671,4.6627784986084,4.37349030365159,6.07477115323439,9.62866905506723,8.96275042775705,8.51240574988386,4.73777615053611,0,8.05572582439279,7.81905758934487,0,5.24052934278064,9.2441135820831,0,0,5.38261255804343,6.30873576114689,5.81761698439341
5.60716143605178,6.44107412420033,0,2.93225985059842,6.00230557028586,9.01024295660204,9.63036563141568,8.49076091649046,4.15590991788026,0,7.77106708606541,7.62447737457045,0,0,9.59641876628416,4.17284762371004,0,6.29937195162134,6.72538172083614,0
5.15028128772063,6.11648797441986,0,3.06944731137627,5.91563586461175,8.33255856153013,8.73448767020812,8.62621798539872,0,0,6.96160879320816,8.91316673009079,0,0,9.32190857998056,6.14102614174422,0,6.24317611873925,6.28264050881402,0
0,5.34981813941044,0,0,4.15182699763546,8.98488790717154,9.44797048452902,8.55871318228036,0,0,5.9442943201315,8.31909097237043,0,0,9.32176546087839,0,0,5.16706907993808,6.19619969873884,0
5.84897889881123,6.46552244668176,0,5.8147572010985,6.69019610596183,9.11039074656841,9.0778164716608,8.2786720080577,6.98585456096519,0,6.82177246375055,8.35846706015716,0,0,9.48107718097676,5.98998845822462,0,5.4849214070713,6.19713635251015,6.21716482720388
5.18217673141322,5.76972625795024,4.14361080352502,4.15166962884137,6.2667260526843,8.93061588710701,9.55076905723651,7.54751223128254,0,4.52178857704904,0,8.36217546914963,0,4.95631989388399,9.47736300016894,5.45907474542615,4.55240212044944,7.0073471881771,7.57702976073052,0
4.79023796845007,5.17286751583062,0,3.83189696094886,6.02832671184055,7.73478629005308,9.08493586656327,8.07138409952248,4.33244240531812,4.53560572260218,7.40969958030181,7.97000091113321,0,5.73515193440226,9.08759630070748,5.68981876763881,4.67990653210211,6.89531825887845,8.25399297764046,0
5.36321519812588,6.30589200182482,0,4.95821856187113,5.66787892030985,8.30194092187477,9.12027670512202,6.91087042188228,0,0,6.36271771054596,7.49594186390558,0,4.37033353608284,9.69422225125463,6.58548176176074,4.65319815499867,7.11826738847515,7.78462719808258,0
6.34971574810058,6.80620969941542,0,5.32632156295763,6.74977895737684,9.15507921602725,8.71530771355836,8.07044973467412,0,0,7.44998654222475,8.19667933970575,4.24434377949831,0,9.87409478650981,5.29425914308718,3.83514196109219,4.44253360251053,7.46888991288683,0
4.74554063883537,5.40240707507242,0,0,0,0,8.45931404732439,7.54652546807575,0,5.41845318778802,6.34539071662544,7.87923092306675,0,0,10.4377181309484,0,0,6.80428187050586,7.0524528471794,0
6.37120150664342,6.45286880754025,5.3815089574348,5.6605965772066,6.65390764484288,0,8.41466421870983,7.70832534704833,0,0,6.80780233822313,8.76188059830646,0,0,9.38830243999268,0,5.65672580711292,7.98713377853495,7.34683567557436,0
5.26186082953742,5.97865789083853,0,4.36615128551559,0,8.80984190963835,8.74352046929032,8.60772835257948,0,0,8.23389881227749,8.58213975429345,6.12625764344951,6.35998900740386,9.48339346072774,5.01263329675893,5.88159387597227,7.36145801768879,8.21625294990846,0
4.53485501207307,5.52780077840843,0,3.53105536892037,5.64080717549469,7.71226940045764,7.60298029933705,7.79604974721523,0,7.56347573622631,6.2728392699851,7.96616343776787,0,0,9.43514654037629,5.45783930956492,0,4.32691025211521,7.8260879247305,0
6.18098926539852,6.80745969266449,0,5.30365310613756,6.8430674133599,8.71264977151962,8.68817064650954,7.63414379332188,0,7.8800330722641,7.27443797786782,8.53980950364461,0,4.88786484192883,9.2231183843354,5.44914825625062,4.59602852807081,7.29340535971724,7.26533881003056,0
5.73317945150699,6.04633144854882,3.00022217882684,5.05426933111632,6.33762187431734,8.0944974855064,8.09798913469747,8.51654498137349,4.91449143354335,7.5136656025883,7.09663859361123,8.45192907376384,5.01502564239755,5.77094255649872,9.36439961905217,5.36564885870832,4.94939798462507,7.2389206016698,8.25170565460756,6.9191402238487
5.40195640130752,6.34194534688339,0,0,6.70603069504123,8.84309258918066,8.44962287904067,7.50793702866422,0,7.76960672037685,7.75695704008532,8.11586750407234,5.19145572476394,5.46158351680683,9.20272041369439,0,4.80410300858724,6.79156971668548,7.55634955549298,0
6.01097301349602,6.56103066589657,0,4.53474772169155,6.32634623376068,8.72911238464914,9.06767943156389,7.90903768294776,0,0,7.00250166352014,8.1276880428868,0,0,9.47952746179172,0,0,0,8.32349193070199,0
5.97452182637767,6.2879514926464,5.11096316722601,5.02197080376,6.30536246169066,8.98945427070319,8.0104658249764,8.06767274215189,0,7.1279745587791,7.52737970073301,8.37038780210403,4.93202489351434,4.55545459374216,10.0514203700323,6.68761969918223,5.09117018831843,7.08967675575475,7.33395721840487,0
4.56111379979117,5.41707770226888,0,0,0,7.09096810514419,8.23388819225397,8.12834033263873,0,4.87114331527766,0,7.41299935485022,4.23396156655802,0,10.2048432139251,6.14895962818563,0,5.779848053257,7.55744679161331,0
5.99256394255128,6.44882610100465,5.32266845741187,4.91946984634414,6.21566753701888,8.63876282662482,8.05261800149669,8.16212552654078,0,7.12859217200443,6.77404101249435,8.27373978418716,4.19373730610014,5.46183829387827,9.25707127446379,5.48013879830031,4.85779486662447,7.05412145229311,6.71068144040098,6.64047696030335
6.0777798485599,4.4362780495058,0,4.14043266641486,6.6804279880216,9.26133762254709,8.51695516308974,8.02398152704947,3.49012359085656,7.69569432322563,6.7515107418983,6.89218468399118,0,5.45911731945174,9.60007642451724,0,0,7.01716558316524,7.3001081292773,0
6.39318933560042,6.37412151589014,0,5.55871816621795,6.86390787920186,8.88951094612831,7.36101958422357,7.87298854436931,0,7.89059750460437,7.87134554077279,8.084821321297,0,4.94099935874519,9.74555807537216,5.17150619968165,4.03229183781909,6.5959171166526,8.72629136661295,0
5.8113206175618,5.90759368807084,0,4.71796301346321,6.25494357461159,8.89385682377208,7.9621683489451,7.78918952061326,0,8.17052515381653,7.59445169804662,7.81153203667593,0,4.75539889923478,9.42918670345251,5.25973245123247,4.14011429646629,6.85561952456161,7.90877311421162,0
5.5921802980749,5.77635116748904,0,4.26211633800132,6.60393027437317,8.86861596683329,7.82385799318208,7.74229350898403,3.55191359904078,8.29868139693617,7.57087614803511,7.80728228142911,0,5.37087055922975,9.78640302286763,5.29886721535347,4.6446793190828,6.62298895161125,8.2336385892277,6.63090763490296
5.93560822635324,6.00151388296098,0,4.4802870038414,6.85408020303506,8.71354091994328,0,7.73458509072948,0,8.06145532063242,7.04386708946301,7.67195720390745,2.64048488160644,5.1008415619824,9.51952950071239,4.85592890433527,4.03706849440237,6.9294482752672,8.14892270686579,0
5.76847723358801,5.8181820149647,0,3.55848599018034,6.80982266359748,8.1542040692301,8.1073947077838,6.75886076130058,0,7.85843584330351,7.12365666903929,7.5576452105285,0,5.89792280269962,9.31043002099019,0,3.87078425741155,7.09221621234387,7.39668492592391,0
5.73292047639952,5.86050128258917,0,4.38090100138637,6.79558272509757,0,7.92623430032075,7.65277833419679,3.87473642064213,8.10550978973233,7.67096009729752,7.81226083770907,3.04356960296815,5.52026019728573,0,5.28573858434118,4.87374588870014,7.1313787151332,8.31696506467277,0
5.80223921399723,5.95544869290361,0,4.46464295085111,6.73702626822399,0,7.72263767503689,7.4981330285676,0,0,7.49083086415414,7.77460783677378,0,5.26294922271025,9.6335733589447,5.01648481888515,4.46349140765615,0,8.32408405737615,0
5.59177025576024,5.89923960306546,0,4.38539595214349,6.66419216010323,8.92845214938065,0,7.91971976092457,0,7.32745196933703,7.59217952512963,7.60741123145491,0,5.33107493078621,9.66672036955245,5.69739545433135,4.38776016652164,6.90696496676769,8.30403957413137,0
5.75063425343343,5.35166854204503,0,4.21656219494635,8.24431565567435,8.57401766061399,6.58304954475784,7.40327435293074,0,8.07667069149267,7.40955428514049,8.180192014931,0,6.09092519270961,9.2852251851679,4.51754043602712,4.07243972683405,7.36365364508589,9.59240719615579,0
5.78744937622877,5.97370782551872,0,3.72569342723665,6.39821216578111,0,8.17963436466973,7.76860095191461,3.79166164875696,7.32042768533965,7.29802552770776,7.92759127995053,3.40119738166216,5.61513339372488,9.66082345913596,4.7184095815946,4.71357605983188,7.19987996838113,8.40100762911958,0
5.91574373656784,5.63303807013044,0,4.42196824176683,7.20610277308336,8.70546865514387,7.42792907214045,7.42431443459589,0,7.63718617161933,7.07266784145343,7.81576380790382,0,5.74133513070879,9.54684117961781,4.96731016935788,0,6.15683066950252,8.50969716628929,0
6.01222260019249,5.78206979638709,2.84316367490938,4.11708404919159,7.02191397687623,8.74332587083246,8.1866592879415,7.85092160486165,0,7.52018035446372,7.40076106841812,7.96943383735693,0,5.43306676709965,9.42332853141365,4.90260454988255,4.76516092229703,7.08827521382946,8.60067919490599,0
5.80772198115858,5.78185401007636,0,4.55408739575878,6.75605991572994,0,7.99769002645656,7.74542695597471,0,8.05903907852765,7.6945703824896,8.03895414401362,0,5.54588032240299,9.54874645180241,5.11727499125246,4.83683730824318,6.71051092911028,8.38656272987658,0
5.82206908720016,5.78012604124353,0,4.20528945617383,6.0976697059543,8.70508420992506,0,7.40940291356233,0,7.83266872814718,7.44177776311232,7.60723238323695,0,6.08670654276964,9.48622057553566,5.2744344260847,4.50214028566855,7.05658037445403,8.27546806701564,0
0,5.0058907230655,0,5.42829244296978,5.87994622210943,0,8.32266868051737,7.85907719092817,0,8.52776906914841,7.90597985228554,0,4.31788803355764,6.02770003969008,0,5.33339489316073,5.32627294256137,7.34621018991596,7.47032099730562,0
5.81466770095673,5.61855133029354,0,4.31615389052317,6.62675748355894,0,8.67473183987662,7.55979396565147,0,7.96438170164982,7.15658996858421,0,0,5.27632734865642,0,4.88643169063695,4.64063385026366,6.92415998300741,8.29376960089471,0
5.77697097660768,5.729125282328,0,4.32174570378895,6.69231944673613,8.79346036105272,8.3674185892455,7.70115042837603,0,7.72890861612377,7.19939451153804,7.8886420303408,4.14709512760763,5.5642904958376,9.55725786645893,5.39612442655095,5.03961140233277,6.67285539196933,8.14569753267865,0
5.10029316602679,6.23362610425795,5.56133526350511,4.23091300500412,6.55763026590714,9.16551349360367,7.410655580181,7.91957434868061,5.47193448271184,7.66441232679661,7.39675238472041,7.43045215971803,0,0,9.3436554912153,5.86581628650343,0,4.38265143944272,0,0
0,0,0,0,5.7827476789545,5.22676765770796,8.09611381258807,7.97846865369826,0,7.92824024667411,6.13482868941585,8.40734930713086,0,5.45219658096046,9.58715906149422,5.7851781128602,0,7.24546960103862,0,0
6.90850499787268,7.72470290974603,7.42930717010845,5.69403512320132,6.68198327631424,8.94912884285394,8.20540146975124,7.88765159694526,0,0,4.93072591086795,8.47295913241899,0,0,9.4265801469736,0,0,0,0,0
0,7.01706697842228,7.66011431917393,0,6.83396879360754,9.64044605880066,8.79904178215044,8.00048027148136,0,8.12023182379929,7.45400209917861,8.99669160222376,0,0,9.40875671010143,0,0,0,0,0
6.45921564130042,7.90470391387375,3.7445506514844,3.95316494875932,7.16475904778445,9.56457534159716,7.79177485350311,8.46212435758843,4.03193710209348,8.17836097222553,7.72799755859591,8.64368838796926,0,5.45754087209601,9.40821534486354,0,0,7.23721728698212,8.1522498727713,7.4973625078737
3.51094824562127,6.70884081821441,0,0,7.19005036765644,8.52072694036438,9.15560642849604,7.92543223948733,0,7.68242714546626,7.46755390734409,8.20257285344862,0,5.6563064466315,9.13410922440293,4.23410650459726,4.31160417037734,7.69925346588903,0,0
0,7.1806637573253,0,4.16464768606452,6.90275278735935,8.78994638056341,9.64668379972928,7.86271272442629,0,0,8.01566091706179,8.68586366133231,3.38946212544373,5.51701103178862,8.62582156181583,0,5.9596126176588,8.18429894614289,7.42972853635019,7.66542535555758
0,5.15715694675902,0,0,6.75381124446893,8.25183344496895,7.96335915688526,7.88023350906572,0,0,6.87958211629854,8.07089358870969,0,0,9.57027798760836,0,0,7.05010517406484,5.97650318196782,0
4.80262663036632,6.62409178787214,0,0,6.24554459198778,8.67826387270866,8.16679564617508,8.39242783600094,0,0,6.71367283326351,8.31630513900044,0,0,9.47364265790242,0,0,6.02502020563619,5.30777252531879,0
6.00910798228058,7.67781257345552,0,0,7.79567945760338,8.90996339243185,7.44144941365174,8.72878224589076,4.74684334430424,0,7.82143861455102,8.65327009148595,0,5.06088471049938,9.77191994470913,5.11192754557813,5.05477976308044,7.22312790473033,7.57440446823585,0
4.60136294764514,6.25774421329933,0,5.11601580955409,6.77167206179247,8.10377554553672,8.3971678937683,8.03529834100772,0,0,6.54545022998977,7.06986562502106,0,0,9.37770056362998,0,0,6.21284654780253,6.70079260827173,0
5.78637577296005,6.98818252809475,0,0,7.14071449861758,9.75261815009194,8.73570684125858,8.36429139807217,0,4.45015246372148,7.4530402987997,8.15908293219088,0,0,9.45973629443446,0,0,6.17132474390583,6.34689872161058,0
5.91196127724504,7.50056265234112,0,5.68954831462838,6.96608078927776,9.84622383903472,8.80506024675763,8.61346654358474,0,5.04381213879081,7.87519529487485,7.72475592170908,0,0,9.49946640142011,0,0,5.35342089277406,6.52867403541799,0
5.58736101163895,6.62645281349439,0,4.50225113198025,6.81376323006147,8.64574998119602,7.79020790544372,8.84996573546429,0,0,6.82515597266024,7.49333952032906,0,0,9.47146540737795,0,0,6.19403797667748,5.5594886119589,0
4.62192896980305,5.97416578252965,0,0,6.54556515435529,10.0788935854549,9.6318822206287,9.10996297548684,0,0,8.11340567536331,8.09482401113928,0,0,9.65089588035496,0,0,5.6338248522324,7.51498502942886,0
3.01651481273652,5.29886721535347,0,0,6.2466879918856,8.22237639390383,9.22339479104989,9.02899713646986,0,8.16799593404773,6.55357721524199,8.0790881492512,0,4.90163854572049,9.51361031976962,0,0,0,6.19795012152605,0
5.33199389290742,6.53422478940432,0,4.80729437007823,7.52054345185097,8.98676672818546,8.83157026059241,9.29805816606116,0,8.1972826496642,7.62511202865647,8.97804002487656,0,5.39003017447124,9.53916918621212,4.10676708222066,0,6.63226524729572,0,5.93070554126242
0,0,0,0,0,8.45772127997385,8.98781912698922,0,0,8.80652889586467,7.18615944445314,8.37180203470206,0,0,8.55583104243069,0,0,0,0,0
4.59340120238809,7.24141642533166,0,5.5367435413934,7.12875252863792,8.89096534159178,8.17798200730051,8.89313885650827,0,8.35541046144531,7.68058664141446,8.9531047335942,5.01269982814514,5.75855471050318,9.63373052883913,0,0,7.19586975793275,6.0148147957162,0
0,6.5554706833447,5.2312155630073,5.2742807887198,7.8345862666794,0,0,8.23281764637261,5.92240917366782,0,8.76903459193399,8.503274778127,4.82285888661934,4.80123026889256,0,5.58037112974097,5.51608650152479,6.64208254756861,6.33877074104261,7.45480675115217
4.9532180232263,5.43144867915122,0,4.19990505788259,0,7.78613643778307,9.1671509940806,8.81781172584984,0,7.41627023521089,6.69210855609455,8.72090924506435,5.24254035107904,4.7361984483945,9.46238231333304,4.94057041964797,0,6.5426448562223,7.94233025422044,0
0,5.64502277944928,4.54276272585947,4.97797435185669,7.6644076344613,8.9745775313056,9.36529929651424,7.38098494895821,5.48604097263099,0,9.07118289687387,7.67873811808887,0,3.17471492908243,0,5.77128534775779,4.43307614934957,6.66866017545386,7.27742048295911,8.33657737901281
0,5.75868092930364,0,4.91405096958087,7.40570840652545,9.16006024836826,9.16453828904211,8.03815366109895,0,7.63567096863489,8.37980522891965,8.24017142874603,3.62673805757609,4.58067255438769,0,5.89283135219958,0,6.47686466478276,8.25263632495285,7.81333282910635
0,0,0,0,6.40204985791072,9.16980583613572,10.3474455448918,7.94392107890833,4.51173824119554,0,9.12525404996956,8.65728899109832,0,0,0,0,0,6.67853077610192,6.2203714583113,6.5423278579055
0,6.24300117292341,0,0,6.42249993132768,8.90351353578853,9.66820183254626,8.65988128321992,3.69610329920326,7.81332069978351,7.79748846034974,8.75090153822689,5.52875425668971,3.79930213536403,9.06743374024439,4.47232427265466,3.83276332444251,6.94088052941397,7.44676594628114,6.13714373063846
4.64775063352321,5.64742374098682,0,0,6.50223516936142,8.65229909384938,9.13072665560605,9.18134607037417,0,7.63019909149767,8.18302868992477,8.90367661516234,4.93072591086795,5.6410556447479,9.15025591674351,0,4.82567024635688,6.95606913926069,8.14348834405581,0
0,5.45052329943737,0,5.01900021042788,7.51044150322559,9.37463372625075,10.3241860412849,7.10307532156175,4.658805735154,0,8.69442012596622,8.09377081229416,0,0,9.76834915508503,5.59191938151081,3.10861443061066,6.79468735967273,7.96400619444993,7.4304106545017
4.0705640335567,6.13463372174737,3.1730412885244,4.19207605071544,7.42904001504115,8.89670439183569,9.77708497513382,8.36872102493758,6.39867812575026,7.19924509277675,7.34728681406219,8.57985996192101,4.70320392625946,0,9.25176058752655,4.90460788945073,0,6.94317068420309,0,7.82930018348476
0,6.50909695208689,0,4.50346963116175,6.50286500562482,8.99312794670782,10.5238220755063,8.74452794734892,0,0,8.27467567091883,8.82997852383853,5.186100063427,5.28771132076081,9.31274351892686,5.34958066048558,4.60716818865076,7.05050406065627,7.18399969005286,0
0,6.52345951085157,4.58016002298392,5.0191324243502,6.47915459547182,9.18617984280432,9.14054646546061,8.77373747568403,5.53208428949938,0,8.72811678221533,8.69116498576374,4.45201900649392,4.67860650406127,9.4122521152017,5.49281449927213,4.99991133073328,7.09597606770708,0,6.37706702611989
0,7.08041363036514,4.66258967685558,4.47642731009537,6.77129388380365,9.45809067853659,10.4124474368923,9.43401178394744,0,7.17395065689218,8.65828468432985,8.79103137795736,5.3508623772118,0,0,5.41280609303273,5.16792390261444,7.04612494824691,0,6.519987642708
0,6.28026474422533,5.00522066139476,4.24333911489999,6.23623259451885,9.39495097357361,9.41613428495528,9.30603229708831,0,0,8.60826531241355,8.46803656010592,5.26030392434982,5.03148312660909,9.33506812604455,5.47067275903014,5.20301718669371,6.50100434455352,7.05485544798254,5.88089604897713
0,5.5413419734554,4.92855718306065,0,6.13809415732195,8.50032573229634,7.78239033558746,8.49160252569684,0,7.20279521583711,7.71191596689165,8.14814486912862,4.38962271129551,5.37268244850334,9.56861603408173,5.44604747857237,3.27827616814965,6.46315425412537,0,0
0,5.64031005170063,0,0,6.15043217820363,8.98891783886021,9.66691042340162,8.57573187446844,0,0,7.24741528640161,8.46883663322614,0,4.64487155283964,0,5.3536574615812,4.84111149553216,7.04125417107852,0,0
0,4.98886673562311,0,0,7.25092645608557,9.28795860452213,8.88959777339791,8.15791772619408,0,8.06672548723814,7.96998017019786,8.50101706042615,0,5.15968728337851,8.61833180738451,0,0,7.23342653733795,8.69357883213413,6.54440093457435
0,5.16535723929181,0,0,6.37580815859403,8.08218598092708,8.7718385105602,8.38799752877264,0,7.23984650440132,7.52547823689524,8.17201476567646,0,4.87710390147173,9.2720373597791,5.34228640393016,5.70654532114513,6.5309796633364,6.6939306711192,0
0,6.01391073593781,2.67345875633259,0,6.60291348368342,8.78844553195955,9.13827062891387,8.68497116785267,0,6.87559359217374,8.17681614092281,8.53327321212788,0,0,10.5356206604535,5.73473189530014,3.98750146660405,7.31342036709297,0,6.67681894263797
0,5.67890901238018,0,0,6.83414103108038,9.19217436468656,9.58407398592285,8.24404236054807,0,0,8.52514350376312,8.34303740379501,5.78505519478494,4.55176940926098,9.70374309465015,5.66504164633977,0,7.55673111219668,7.59861985638453,0
0,5.84972815679274,0,0,6.47869395701879,8.60046943480453,9.6819801619806,8.73784403852314,0,7.34908290370573,8.24433404785609,8.78728597532947,3.94177596357749,0,9.36812159625123,5.62300616462891,6.25253951925675,7.79463779727571,7.82189169197688,7.30240881881196
4.09617621705107,6.01276115589706,0,0,8.08232192941518,9.22830798332663,0,8.49752095561872,4.07651997730955,0,8.12068683359878,8.19650020503596,0,0,9.492401677472,6.23986640463629,0,7.75364500555697,7.68806590830155,7.83000422539041
0,5.2859917168574,0,0,6.43181405706965,9.17914687434788,9.90876360963647,8.31067074111826,0,7.83633420084532,8.10591723297131,0,5.02886806235731,4.21079337486535,9.42317496813922,5.413964790074,6.31454392703479,7.22645625226108,7.29470333309055,6.73309232011545
0,4.96521943056577,0,0,0,8.16710223964023,8.37613871407754,8.41795390276335,5.70767488937155,7.68733700352887,8.30241703560551,8.45312602583985,0,0,9.60750445504496,6.23472440200702,0,7.04533222729978,7.57624597129922,7.42377737765494
0,5.49042422407679,2.98011089265103,0,8.09832668436381,8.98385373878571,10.235994796094,7.59552301624757,3.44998754583159,7.66512061686865,7.90858566899745,8.22073673641298,0,4.42376820625352,9.71549997411555,6.09568941816551,5.98790823090521,7.62304059271409,8.1699847272059,0
0,0,0,0,6.03531395438624,7.27453499729257,7.98687209317781,8.31676224498977,0,7.48411580233579,6.87639876181899,8.71019913301217,0,4.72827238312207,10.240516776868,5.41951678194988,0,7.48250173315405,7.05000976456285,0
4.33204826486764,6.79682371827486,0,4.19283150893675,7.15888746843634,8.69019983210497,9.64579784528182,9.36608692058434,0,7.67996314672976,8.17983616348261,8.75001614579689,0,0,9.55954548607383,5.77274867912092,4.42855233211082,6.61426973223668,6.84869505785259,7.48789052406455
5.67507431051946,7.01857188308216,3.98898404656427,5.48686947309263,6.74236163320883,8.94857292937509,8.02944586981232,8.84122406857572,0,0,7.66852839720053,8.13269180098374,2.95491027903374,4.61739515561066,10.1961907480246,4.82076531954497,4.09883446749495,4.20125387786978,8.163772945198,0
5.83284975125866,5.99283860266113,0,5.95526725879609,7.83482767922097,9.33184093350703,8.83735310254515,6.92067150424868,0,8.21015974983599,8.52933715410279,8.19411051323399,0,0,9.52856862313057,5.88835150399064,3.94158180766969,6.88089782481225,7.96195928898246,7.7586238994678
5.75937484807991,6.71889237414476,2.7324175575505,4.4499189007168,7.24062818864788,9.06736452052366,8.63979305196708,8.83464423819662,0,7.39829655944542,8.22636216621276,6.75166271491754,0,0,8.59742665012641,0,0,5.03474236943949,5.93476191173819,6.79514633459948
5.32320508205582,4.94064192227572,3.75161948393512,0,7.57307895080748,8.89498969639708,8.5462761523079,8.54740420810416,0,8.02548368484248,0,8.8012226010099,0,0,8.82879733576571,0,0,0,7.25088388417451,4.82438603396432
5.53709801864164,6.52495634137288,5.25478336452431,4.95067295292357,6.7372041777871,8.51541561245847,8.62568340445797,8.88166267882088,0,7.84636703295997,7.9590068812904,8.46314452552937,0,0,9.50518671961198,5.56960325318826,2.83026783382646,5.03317925853115,7.43859527233121,0
6.03087754946482,6.35680186412537,5.02262973894462,4.64794227783196,6.39572893463963,8.92626379191801,8.06404510598102,8.59956917488345,0,0,8.02307718121319,8.2940321399489,0,4.31481788498043,9.065318068128,5.61414948241616,3.67604747529856,2.95699144523756,7.43746546168967,0
5.38619087179828,7.03794108135556,0,5.00649339492892,6.96747596295807,9.1314562428912,8.30403709897881,9.32001954877803,0,0,7.69105847031741,8.02401100282284,0,0,9.48788877176871,4.50214028566855,0,0,6.60650152650026,6.67107045710126
4.31802130469797,6.33192880499873,4.19313353249689,4.48469603252022,6.86281021293897,8.84848488933222,9.26163216636261,8.5588302137111,0,7.59997202682378,7.9873308469727,8.35004946637186,4.98305852632602,4.55555968543476,9.15026122636055,5.58762312011592,5.15968728337851,6.69787340165111,7.22762618724878,0
0,5.42367166770074,0,0,7.37528710583983,8.85005176375331,8.87844723525613,8.53662123876219,0,7.94615036282824,7.61303357906295,8.4881082968627,0,4.230040277676,9.50677899370043,5.10473261747537,0,6.90105286792246,7.58061811623937,0
0,5.69561588532314,3.93104101126391,0,7.59083192146432,8.90332324290002,8.86459265074185,7.9691674783276,4.96946601705818,0,8.67339148773099,8.2865692314781,0,0,9.42411214504338,5.06113827626936,3.60848251704191,0,7.6929391053576,8.00269416228394
0,5.49733214628365,0,0,0,8.84440554448496,8.7717330789728,7.91855223120817,0,0,7.4634548370615,8.21550414438043,0,0,9.61757058803101,4.93799291410414,0,6.52655342300965,7.6873645190178,0
0,5.02282733486162,0,0,6.52162209917346,7.82825713162776,7.11740824011385,6.8424804868636,0,0,8.33158865152576,8.98798650877622,0,0,9.70430463866676,0,5.203182171433,7.09978786407129,9.74332466891069,0
5.91760269850953,7.01712076403284,0,4.94371170873068,6.90437958774222,9.00702395746171,8.41324279218787,9.05346197530961,0,7.24678851914677,6.26242636187767,7.50290366865998,0,3.82668295826113,9.08132334567782,5.86728924940748,0,6.30667666623858,7.71937858828728,0
4.54785881927498,5.76991347712203,4.95364157257614,4.53270701425438,7.67115586954976,9.77235328451133,7.75969520543236,8.50632231699282,0,8.40669728998561,8.23482762791864,8.39571684387223,0,5.18139021451875,9.08403651198515,4.31948611619898,4.54595082632812,6.79588473007736,7.58225975927038,0
4.45597387962596,5.12158018804798,0,3.54269694393586,7.29904032351647,8.76956772425436,8.34528205763662,7.79115911665536,0,8.1338163318749,6.47604885966875,8.32886161055407,0,5.55012611707601,9.17463443475489,0,0,6.39400872678848,7.89332577451908,7.16338150918127
6.98949193572886,6.90817519080683,5.76832099579377,5.39757429314538,6.63306840202517,8.82998437507665,8.88070789080647,8.85592572877488,4.8283137373023,0,7.86233167159968,8.54722954951274,3.6609942506244,0,9.64732998660316,5.29991608791173,0,6.25770590132491,0,0
6.75785057223967,6.92544783851306,5.20356703000223,5.43262970415563,6.09142299785181,8.93350987430025,9.00598790711141,8.62069337773398,5.02526114629158,0,7.93404057271723,8.45722872664818,2.99623214859564,4.98422287014442,9.68118115071448,5.09632357395656,3.63758615972639,6.62694288946598,0,0
6.91432365986017,6.98860689017422,0,5.77808566584868,6.61566349804166,8.14808990603343,8.87960047406257,7.84809451361343,5.28563731339066,0,7.87642971053585,8.42363607409955,4.20499108230916,5.0753612976579,9.66460834258585,4.60577000606006,0,5.55501174137333,0,0
6.76115601530771,6.89326073883168,5.257911951913,5.66358528490479,5.92633918714752,8.62887230263799,8.53558305652783,8.40494456263814,4.78138983059058,7.62271776592253,8.13767356926132,8.48049393671311,5.16467168167812,6.18955692155533,9.48505877803611,5.04664573161929,4.82542958212244,7.45880303738841,0,0
7.17487743746856,7.15658217146524,5.3823827416657,5.65269968442689,6.79502321566084,8.88099011375196,9.4580204261353,8.18118884531718,0,0,7.90422040216685,7.84157939870843,0,3.76537742508666,9.63449637852784,3.62992531127027,0,7.53899514042109,0,0
6.9150386904284,6.92551660856078,4.3538843287276,5.52927034475373,6.42627807934271,0,8.95604278421065,8.92498758463234,5.62780095363357,0,8.10633355899077,8.9224916189673,4.38676538902105,0,9.61316867342984,0,4.58904080405821,7.46342615310988,6.78246412783543,0
6.81752417878767,6.73977440134264,5.04516553699308,5.39838892027225,6.5088883549022,8.60140749357005,9.22293077911547,8.60098639563833,0,7.4519441095422,7.8864685448713,8.63076291909876,4.0206980220538,3.8448142557347,9.66230731373577,3.50855589998265,3.55649026606819,7.0821034661134,0,0
6.75126519822245,6.65580064581381,0,4.93036478269964,6.5589492934221,8.67291064321503,5.77256199005103,8.63792653729086,4.97362546846236,7.20519707006232,7.68100208867248,8.60971767659183,4.82751341713153,4.35670882668959,9.33270843586297,4.5209186335405,4.76524613383473,6.87098755478992,0,6.98074548380951
7.97385814995451,7.35088861370848,6.87655352783887,4.49980967033027,6.62019319933093,8.91187907857006,8.8578224897565,7.84614012832936,0,0,8.00722719806213,7.95642774287424,0,0,9.16766248969445,0,0,6.24908681683843,0,0
7.44370464190228,7.23357093541482,6.17447336768207,5.58161484068199,7.40121294922698,8.99913527290135,8.47572515492246,8.60723862765622,0,6.55040868096286,7.59522135257011,7.92866905464858,3.32862668882732,0,9.42693452271223,0,0,7.02231534868123,0,4.74892414963279
5.07810700921127,5.93126327316719,3.60522606911668,5.13626891459364,6.39335661282936,8.92704997531718,8.73608451481009,8.3337798388301,0,7.82904947263861,8.96180208664203,8.46077097710314,0,0,9.49003815464886,5.02414364412105,4.56059114259012,7.28750591925031,6.40762228475489,6.48880971646009
5.5247355503959,6.26402663655192,3.90660837272665,5.61869651558653,6.52955021649304,8.97675625716442,9.36910325635986,8.71008864698071,0,7.8038759560669,7.20837085197079,8.51539357307409,5.74875584029893,0,0,0,5.20735273117394,7.12770975058294,0,6.67550791341846
4.96884060443921,5.70558085659758,3.39114704580865,5.33199389290742,6.50908205373093,9.32013603779907,8.82139309034355,8.09673525038356,6.23945679639158,8.28999141664117,9.21506917354927,9.03134647238453,0,0,0,4.73672462572839,4.49233737771375,7.05343878467819,5.51383189069776,7.13676956376807
4.71510024536029,5.77461365541679,4.92536785011655,4.35670882668959,7.11072877550695,9.15623259432795,8.3619512497126,7.93315509185585,0,8.15473872100058,7.93182719433231,8.77242903201089,5.62423408922973,5.49868347017226,9.35038053651353,5.85913243505894,5.86513572501396,8.09404872029008,0,7.39713865200377
5.19904936488937,5.9436913656363,0,5.17840706987548,6.71032820617256,9.40523258594399,7.28840159987358,8.34299693478296,6.09530641019652,8.72149963317197,8.93816543990216,8.42797720424025,0,0,10.074743948952,5.50345986675269,0,5.42938948764176,4.49032034430915,5.82923969201315
4.18570756823607,4.87733244678184,3.65325227647079,4.98045096291894,7.03430863161729,0,8.49763109519014,8.74663685527893,5.71475538480713,8.67235079269932,9.36495665767792,8.84604791690039,0,0,9.62147603870068,0,4.1227700364058,6.60487834714781,0,7.42138097887345
4.54944603721573,6.0826069629282,0,0,6.48821660114261,9.20431324528367,8.23192420512873,8.95708291437868,5.41871919240033,8.08351994850445,8.46593568586194,8.79329497034715,0,0,9.45648144148309,5.1981654845976,0,5.45326772654586,5.85444135094131,5.50614421375035
4.39605280640697,5.67287643196032,0,3.4797004431501,6.61213511642879,8.79537023385371,8.85518427400672,9.01727369256575,6.14012159309537,9.00824009960016,8.4257881765199,8.63952586177119,0,0,0,5.17733546998725,0,0,5.8765025286383,6.8942950957973
4.98490714552352,5.98602477835762,3.59950164296272,4.42268861639277,6.12695651654514,0,8.81386820587764,8.54949579879486,0,8.50277778694191,8.79334504564979,8.25169261385651,3.46229248102197,0,0,5.01303241869598,0,6.16455613852325,5.67115597182911,7.03797619803072
3.76305885228819,4.75195091719629,0,0,7.0817758107367,9.58523630091724,7.1171649508417,9.25874951118387,0,8.70718194664615,9.11865700731953,9.00475428240031,5.23543081349285,3.71430350645409,9.41131193126518,0,0,6.95663115376402,6.7438471496989,6.84028981184761
4.26969744969996,5.17201691043186,3.4904285153901,3.09013294897548,6.60243862731855,8.601898244217,7.02050343867389,8.54030992882096,0,7.83743991076444,6.39236927245982,7.911360675183,3.20963324350127,0,9.66098277649329,4.61907309115708,2.78993736057439,4.95821856187113,8.44450421201593,6.77297739552489
5.15882538772944,6.29216155663726,4.0680005868825,3.96934807204742,6.48318380113424,9.57873339031906,7.22136822145727,8.9641610222966,5.85105239339124,0,8.4968516989583,8.64872834287654,4.54063166485052,0,9.94714552187559,5.45198221409219,0,6.50365923328021,5.97317327713573,7.63185834366253
4.85023177260323,6.32462774346074,4.34575157880917,4.9668227211396,7.90273888483718,10.2496236574847,8.58044025398006,8.63196012765862,0,0,8.80156880354786,7.58672239596825,0,0,9.21869537155892,0,0,0,0,8.45304286158933
5.10035411376413,6.05596400498259,3.85036034503604,4.55975432245761,7.26479315705231,9.61026348489227,8.94230928133606,8.7696205557096,0,8.06107353224898,8.32885436712537,7.23696549657113,0,0,10.0855840840138,5.12954362229935,0,6.81164077579647,4.90734670459033,7.16055859831446
4.83095025862343,6.36028295976841,4.31722141130777,3.90419242631296,6.86584936389884,10.0782808429093,9.57293277317895,9.1549798703348,0,8.58316818033977,8.60458482943081,9.130466733343,0,0,8.49443006616737,0,4.33833594604915,7.04676041331119,4.55356105225486,6.7498023798718
4.61877718939431,6.24521489501509,4.87420446406739,4.32254198783899,6.37323446170461,9.45179524306165,8.50880208434164,8.85850228300039,5.13984904577624,7.4611460171518,8.31911047757222,7.59744147724639,0,0,9.34390051418743,0,0,6.06759190749553,5.80802236264532,0
5.4313611403058,6.78546334349751,5.77371268448206,5.38861500452882,6.8716616713339,9.67865507578996,9.29339392711147,5.98800858213459,0,7.94803905775012,7.94355200580992,7.56122044000337,0,0,8.96446412991939,0,0,0,0,0
5.60355690073815,7.81835786397862,4.82935319687696,5.24665558322415,6.84450659231699,9.68143091032216,8.62172976772925,8.85007326966923,4.14614606078536,6.73103003358511,7.42911720050301,7.69995562562524,0,3.62327369701594,9.653107687415,0,0,3.38506799973227,3.96915919679896,5.17846343807256
6.28653798598518,7.18320281376558,5.57101269669149,4.36424446487808,6.71514093270275,0,8.63784145172664,7.42947336391455,0,7.74610176653428,8.10345495516378,7.99305264958295,0,0,9.87353337214294,0,0,6.0986583812101,5.86530590881287,6.48979746091216
6.21959563993323,7.14851868491975,5.00024820120977,5.21052386559737,7.31446627731332,9.28294936407759,8.38422164205023,8.17647033369143,0,8.07198363302844,8.20792514244591,8.14179258290587,0,0,9.77481291817295,4.22215126670976,0,0,5.47361430840503,6.43842342404551
6.82289431546793,7.42685854831422,6.48947845014664,6.53727113976922,7.9810121521212,9.93009540305761,8.53870416258329,7.97786520717753,0,8.13030643206926,8.92152298863615,8.35154466394914,0,0,8.97193342544595,4.39740773671218,3.67351197698281,0,0,7.60309006498749
6.75105468421664,7.71938747097803,0,5.64265147465197,7.51984423640722,9.07298453261216,8.81915827430264,8.88573287019067,0,8.08385933212536,8.59817945380199,8.67082888151619,0,0,8.63154813565364,4.49635928012991,0,0,6.31120835481067,7.05549401760832
6.51835051042049,7.57403986925218,5.74495640723899,4.96123494380113,6.91817084812984,9.84832361898562,8.28106317986906,9.05375439588734,5.47130381986431,8.01280016738079,8.39795009038297,8.70519856467849,3.96594284741758,0,10.116160477667,5.32870107118248,0,4.34341573554623,6.12374202891482,6.32970308005188
6.71035257116008,7.61748913689647,5.360869541205,5.38343945996486,7.36791688400933,9.64643167362611,8.78624580813689,8.45450256187484,0,7.78140152327065,0,7.06635604248301,0,0,10.1108878262344,0,0,0,6.1767400699783,6.9975137126874
6.9993129724625,7.9847897656634,6.33608209188343,6.99655339214094,7.41188251858003,9.75139641705732,7.41032289910114,7.57643557147401,0,0,7.59042779124806,7.74061222664309,0,0,10.2845267624825,6.84034330008288,0,6.34976816403853,7.02099467458865,7.83297800159495
2.74727091425549,6.38983790140239,4.49423862528081,0,0,9.60911649193355,9.02219951585654,8.23506632685147,0,0,5.9835331767817,7.83598248682866,5.31502698011098,0,6.63560529011309,0,5.4553211153577,0,0,0
4.96123494380113,4.90638527272246,0,0,4.91917768360742,7.28534889387525,7.82177944413352,7.45666250582334,0,7.50287609424352,6.70746117926557,0,0,0,10.1990410637683,7.00223784368027,0,0,6.63099995821928,0
5.38247467455476,0,0,0,5.31870805619577,0,6.26299818257028,8.02845190359377,0,7.96272214656539,6.36858161970066,7.96314338462856,0,0,9.9216957721848,6.39240275759242,0,5.08975449854885,5.15427377096406,0
0,0,0,0,0,0,5.6533309311601,7.49622504385167,0,8.18085854532901,0,0,0,0,9.84242564762538,0,0,0,0,0
4.4818719696436,0,0,0,0,0,0,7.86665712394901,0,7.98247779936079,0,8.5179568997168,0,4.62015731579634,9.14813086990026,0,0,0,0,0
7.11885863720154,6.25898855410292,0,5.90851762628706,6.65869117396636,7.43028019831997,7.23398235557805,8.39027758045346,0,8.09366084934546,0,9.11856603371003,0,6.0985011573342,9.03956391332175,5.1645002188137,0,7.33346736009475,6.14816910586562,0
7.07963079874758,7.21320113699823,6.15002690970771,5.76412470366236,6.56952349526546,9.22831780520684,7.13095482872841,8.58818459783452,0,8.56435918018374,8.06394441245427,9.1499510974634,4.77550350346998,5.19976694281876,9.11332493905386,0,0,6.94503179571747,0,0
5.47193448271184,6.08011624470254,0,4.50003186786479,5.48355134478903,0,6.24346762710274,8.73457457327263,0,7.76300855383513,0,9.06462071762678,0,5.13732668045591,9.36746377174704,0,0,6.68783153850913,6.45050201722167,0
6.37299550492052,5.61942212603813,0,0,6.07272190141492,8.95018785978038,7.28287113919555,5.87194876110642,0,7.68105285372491,0,8.78465520946126,0,0,9.10208678653593,0,0,6.12592987847591,0,0
4.80949782304466,6.46301385617495,0,3.5937442589989,5.22019364976646,8.11570914834229,5.48595808481959,7.79881435300713,0,0,6.12713115852952,8.1138907430727,0,0,9.50380817476422,6.69879812322171,0,6.43518836733324,6.59004002512214,0
5.84516628949068,6.77436101981154,0,4.5358201078533,5.73084625753885,8.72847790383384,6.22424154739043,0,0,8.41314070879896,0,7.51526286849646,0,0,9.81882251165488,7.26006571228578,0,0,6.39079420511006,0
6.70495342532584,7.25492721200522,0,0,7.47329633493694,8.54021220920582,5.38504537005786,8.16529539016828,0,0,4.87420446406739,6.52093035809252,4.67506931336776,0,9.19693694604667,8.18821956977622,0,0,8.48928536556285,0
5.27887967265556,6.85404854828288,0,5.0456162629915,6.35343046910329,9.00887880830464,6.94083215737493,8.23509549725836,0,8.54404542157248,7.74672426467392,8.10308282048304,0,0,9.45118237758215,6.49105731794084,0,0,0,5.91846365422349
4.19041203096833,5.37832930451742,0,0,7.27780044185904,8.31841537000378,8.14817668848723,7.40190258969531,4.58802402715312,0,7.32216030665977,6.61872563229325,0,0,9.41175351902566,4.30338918915681,0,0,0,0
4.94932710536785,5.8020579505908,0,0,7.45344599007421,6.70670339976758,0,8.1338016594586,0,9.25983504982233,7.69051918964989,9.50327114586363,0,0,9.10175020215094,0,0,0,7.49591409684897,6.10296119812166
4.16184743532369,4.75298656068231,0,3.65325227647079,5.61422239794356,7.00208315830546,3.40153065945228,8.36679811713232,0,7.40489365832269,7.36903975666235,0,0,4.43580434035435,9.23126002222869,6.83671030336905,0,5.70548103129178,0,0
5.73029456919631,6.42337682523099,0,5.17750474633129,6.27028875424875,0,8.20445310629027,5.88092397140861,0,0,5.06764554881304,7.88109908581496,0,0,9.22435175252384,0,0,4.20185276993739,0,0
0,0,0,0,4.90586719551737,5.45737029640264,5.61276307626903,8.31760746272028,4.30325395350849,8.05098076646491,6.38990504027918,8.32666928715562,0,0,9.8509513808333,6.02097480448192,0,0,0,0
5.00662727269872,5.77681606033961,0,4.46820433091493,5.77731170794432,0,6.76794133525493,8.44606661663113,0,8.13071272908975,0,8.92584521590747,5.0515212865686,6.47686466478276,9.1750229909007,6.12393913150736,4.83968879532381,7.07509009346777,7.49833249112748,0
5.2000427972797,6.05825833571699,4.01132520650201,5.10126788434947,6.48114824712054,8.83098589498498,7.28816237441612,8.45913390132087,0,7.69566248804093,7.77570834429437,8.40941865323814,4.2754153371144,5.81672418033434,9.18134915862558,6.30603803252804,0,6.07794036404426,6.09539654291701,0
3.09919098192222,5.25007205392004,0,0,4.64285125295578,0,0,8.46074769985739,0,0,6.95089139385927,8.01109305160996,0,5.19123314393836,9.13968504795189,6.06327344985441,0,0,0,0
4.994709143546,5.80326575314115,0,4.09767235231478,0,8.73978939296189,8.13312943196795,8.82705741080167,0,0,0,8.45312815816558,0,4.81882889809109,9.37510876952255,5.90753931217022,0,4.08412586202777,0,0
5.07442353384312,5.99665107379528,0,4.71510024536029,5.61535190927677,8.12221094560852,6.91852705453543,8.1686989795677,0,8.58836901186876,7.15067792790394,8.16757330195118,0,5.41106552623979,9.47008582573494,6.25121000086674,4.42532555906903,6.68674694646494,0,0
4.75522678219477,5.91001042719397,0,4.28922580381834,5.5529983438604,7.83109709344299,0,8.52611130654969,5.81350346959099,0,7.55443958513174,8.50801923910324,0,5.6553272543868,9.55919279965777,6.42820219852025,0,0,0,0
5.37929809568032,6.72321927210246,0,5.25681805937001,6.0042820508186,8.24879858090601,0,8.60371211383668,0,0,6.95333075777343,8.28699481322833,0,5.38619087179828,9.50447160382214,6.62724741027836,0,0,0,0
5.45907474542615,6.60621766023992,5.84609189409223,5.87203327886224,6.93233081154818,9.14812767733935,7.16976563467746,8.61475537900099,6.51406062647289,8.76679949501579,8.18130358503306,8.9953708223009,5.30980117448932,6.36195856627209,9.10757315747095,5.72178609909578,3.92848673145881,6.98296478707946,6.80246142776885,6.663502997791
5.02262973894462,5.50031899410882,0,5.02197080376,5.96842619048141,7.17822506630278,5.32802178925437,7.79322797611418,0,7.25691807727694,7.18986183710073,8.43828200999201,0,6.0398022279699,9.54031296014295,6.67392987932107,5.09864617141897,3.61442526818899,0,0
4.24692257748904,5.49753700974287,0,0,0,7.66264645462643,6.29421378754011,8.89228843512752,0,0,0,8.6475949418155,4.86259921526885,5.94539443025345,9.47577683548064,6.02233317077045,0,6.47933879145686,0,0
4.91895850552435,6.5205474871448,0,5.31890400015642,6.16464024104427,8.33976364918271,5.56639604185599,7.52912177714745,0,9.27303344131461,7.90748969786846,8.1516792988103,0,4.81753586413042,9.73524048382311,6.77273706730405,0,5.80754170894705,0,5.31713912078862
4.79289379207104,6.76741216776108,0,0,7.78957464169304,10.1289045176857,9.72005738145638,7.98157611684221,0,0,7.69332666073158,8.7658594497215,0,0,9.11244194554949,0,0,0,5.90503481910959,7.07121676413473
5.16444305799171,6.50751648984555,0,5.41458814821342,6.71460732770331,8.39441294045202,7.10739271354132,7.62349041988048,5.84328351343376,0,7.84309541337343,8.1273809357158,0,4.98120648340544,9.26467703062916,5.85105239339124,0,6.47013364747456,5.25546205624161,0
4.59390699370938,5.96488953892218,0,3.74052268726577,6.7502238909954,8.3825594771727,7.82906141267575,8.68796160019827,0,9.01803756785115,7.9402242038858,8.55717130997331,0,0,9.24413291771093,0,0,6.50811318417676,0,6.13617076810724
0,0,0,0,5.32525136778812,0,7.17420350042553,7.94247950158757,0,9.38378094263072,0,0,0,0,8.45356092617138,0,0,0,0,0
4.90208450975345,6.40788608044666,0,4.30649457206145,6.36011005707761,9.16267522473782,6.56124280746651,8.12821935174913,5.34386418150401,0,7.76198761167215,8.06718668035602,0,0,9.43238732224319,5.49013535581934,0,5.77044374117475,0,0
2.43798973000025,5.54341808521429,0,0,5.9711853062496,8.13318522349558,8.00485976482,8.05984830118073,0,8.75384824981419,7.52298416038065,8.37687539458261,0,4.55366634312098,10.0590543720213,6.75174453697798,0,6.93546771754867,6.56883605091787,0
0,0,0,0,0,0,7.24636095249331,8.11622595271049,0,0,0,8.16549441721102,0,4.62281362116069,9.54689831920985,5.20070453768104,0,6.26649821467614,0,0
0,6.24103579025747,0,0,5.9257520037426,0,7.54284422922398,8.2523001322409,0,8.90657227708809,6.81162976688475,8.33105154737125,0,0,9.77424978623446,6.62458302200818,0,6.54959351598984,0,0
0,4.32519169792134,0,0,5.22413246835866,6.04061179037423,4.80541351741597,8.36319316690656,5.15611996083824,0,6.58829353999433,8.14728825870662,0,4.68324172140825,10.2277209130095,7.54168840490783,0,0,7.19683637234762,0
5.24844411605231,6.60212645602898,5.25640102344675,4.63937835731783,6.87504611957243,6.32657871911962,5.11793393038434,8.18662588632041,3.2236643416,0,7.31074399001527,8.09160904595951,0,0,10.082842212441,6.21148322107467,0,3.76236223087374,6.77342356618685,5.9188669721914
0,0,0,0,0,0,6.00435609289921,7.97336216603626,0,8.31487625275013,0,6.42326319716799,0,0,9.5917245137336,0,0,0,0,0
5.88061678177245,6.41414724483321,0,5.64611805046166,6.77774909407653,7.18219252468382,7.17280823337356,8.22126655912303,0,8.1307951460253,6.59815474242933,8.78840131038505,0,6.04039755821716,9.18975391756778,6.62036649684988,4.62605066356745,7.27146045284207,0,0
0,0,0,0,0,8.56125792257834,0,7.89770902688886,0,0,6.91147833978226,7.58262646634684,0,0,9.88112946282546,7.24937851212731,0,0,0,0
5.80033430753263,0,0,5.78646784127481,0,8.36689342064502,0,8.73036559566062,0,0,0,8.42870508823938,0,0,9.40951904583656,0,0,0,0,0
5.31394462243374,6.48748612980396,0,0,6.08661562334691,9.53671176641797,7.1318903385895,8.27566161178875,0,4.96549844842473,7.57056180173111,8.45428959971954,0,0,9.45270598993698,0,0,0,0,0
0,0,0,0,0,0,7.13669002888801,7.77567056068112,0,8.9575916298445,5.79551048858273,0,0,0,9.67985012928725,6.83083103716891,0,0,0,0
3.20963324350127,5.57047962734178,0,0,5.97591934410585,9.13441891029004,8.37301792463584,8.03833447132297,4.25433529853104,8.10275898089279,7.303715357076,7.78871723428297,0,4.73935136745411,10.5786642264414,7.24313406085669,0,5.80305449297347,5.86810976807788,0
3.54037944579549,5.88934876161504,0,3.93005936791424,7.24085755795497,9.51616192475575,8.74030954236052,8.81937562366154,0,0,8.13127185357425,8.75851295008325,0,4.9873666671569,9.35246473901872,4.95406494260786,0,6.75562921490321,0,0
4.73707525686803,5.65213824150386,0,4.46002880031842,6.75939447211161,8.91387181114376,8.1943839889882,8.34503738781495,6.10659963560018,0,8.09815640327798,8.17453385410047,0,0,9.1373674477195,5.64876294823543,0,5.94631026510087,5.08301796925688,5.60833561884547
3.81131830130651,5.12128181418332,0,3.9419700817961,5.8187170127483,6.85384804491323,7.92420622837199,7.22854809049972,0,0,5.77197057795964,7.72830133667295,0,4.50313746042294,8.89699444876823,7.47641575441908,0,5.73824831153748,6.23413617822974,0
4.27611040908233,5.52285993877595,3.28578653015083,3.05917644611053,6.43647082983668,8.14694367125981,9.17931296185781,8.12681963087413,0,4.75909226826035,7.45857247256121,8.27714760202667,0,5.78551605968287,9.23874316649237,4.59086840127723,0,6.4702265842776,7.71636725459843,0
4.8572509871969,6.43440204607248,0,4.47038085963945,6.86471206938917,8.74712326212492,7.80030234787079,8.18163653552304,4.88454283056873,0,7.18934885409336,7.63485450994268,0,4.810801285551,9.66095091505232,6.49761927922407,3.64571095871256,6.46446368533352,0,6.41942473304352
5.23973440911574,5.85165635366326,0,4.76890337797069,6.53348355878227,5.73094358271857,8.08760955589926,6.05448629352414,0,0,6.70414471077024,7.52413479970658,0,4.55008021967013,8.79558978695048,6.41129267805191,0,6.26442630540305,6.89555111014323,5.92644591073353
3.84737781193461,5.16478597392351,0,3.66253547877433,6.20397173230063,8.90629718342916,7.74718656455923,8.23119237153365,0,0,6.28325691072757,7.77332097603132,0,4.23613343449348,9.50750732043918,5.69133870443186,0,0,6.07341312975515,0
0,0,0,0,6.61641318347665,0,6.9097133606883,7.0298844122152,0,9.004519660138,5.78250122936759,0,0,0,9.24732782402646,6.26303629232639,0,0,6.00000299062804,0
4.06782945656635,4.53249196049011,0,3.84502813660387,0,8.24267476343937,8.30273184048486,6.83401185575699,0,0,0,8.50283865627778,0,0,10.2988720213013,5.95376267992397,0,0,0,0
0,0,0,0,0,8.4835329899236,6.31298629432111,5.5489204307584,0,0,0,7.7146373123519,0,0,9.70107756760883,6.54863448925683,0,0,0,0
4.45248509832244,6.32857943432791,3.68662691906064,4.4211271482958,6.26036509575992,9.46983899595367,9.24458719737137,8.82469847918756,0,7.69931690702701,7.9965730913178,8.53961786832993,4.19252939413083,4.78029927220054,10.3686890449573,5.76847723358801,4.9935569525615,6.06096728858913,5.04703150928755,0
4.64544803248666,5.64988931231087,0,4.85903690994514,0,9.39550787522006,9.85963492862769,8.52112943423776,0,7.42892719480227,7.15048967046133,4.0973400712019,0,5.16860723502529,9.4349947813693,5.03017644930309,0,5.65122522391752,0,5.53760981960162
5.00024820120977,5.74011440390359,0,5.11481511300592,5.39285452037203,0,9.69619274377626,8.13490442498927,0,7.06598050370848,7.58734091610255,8.19861470251577,0,4.94456671412655,10.0677384812569,5.82138771673046,0,3.99249638957802,0,0
5.5966425990983,6.58145711055926,0,5.91390832888911,7.22765523653816,0,9.15586940254392,8.48125093823527,4.19825402561261,8.07326892010201,8.45063449777024,8.9702007014352,5.96747918435747,0,0,6.07759637073727,4.78138983059058,7.41625219340803,6.20651544102474,6.78279278256394
4.84850844458782,6.03229454159624,0,0,0,9.28771799299753,0,9.09535703849361,0,7.62609250936565,8.04020845081896,8.2741504581446,4.78189276438156,4.92645626585365,0,0,0,5.53283597588375,0,0
5.43559797208207,6.95803005485576,4.81769758483911,5.32237563164111,6.6508351681804,0,10.4562973752012,9.16053754523704,0,8.085945551972,8.57944284509407,8.77069988160071,5.98871075891136,4.67058332453632,0,6.04824650120696,0,6.49005563320563,6.07371251371731,7.56523901181113
0,6.64103855629551,5.37054500054492,6.04130178195515,0,0,0,9.02552049698261,0,7.24584763107868,8.94411707099629,8.4118748970893,4.66532410880784,0,0,5.10957524195116,3.3579418729912,6.34321237271016,0,0
0,5.59645706689865,0,0,0,8.14707688720885,0,8.30922146371925,0,7.51898173950675,7.46614174017641,8.11775985553979,0,4.16137996355826,10.6020326381577,6.16095412508656,0,5.13797254255745,8.07194617271296,0
0,5.49314374448047,4.85468299232237,4.81267204131234,7.41777858097407,0,0,8.31940300995399,0,8.1542040692301,8.70916305326014,0,5.99391155075103,0,0,3.40452517175483,0,5.44983601418695,0,0
4.37977409962059,4.89057466669581,4.0842942263686,0,6.53039646242174,0,8.75964513026322,8.2664908614792,0,6.86966912197656,7.47659128689162,8.09119266758803,0,5.49565068096243,8.3928174716965,0,0,0,0,0
5.66031810324212,7.01463464060923,5.12906996924135,5.37856005422424,7.26633141451028,0,8.3137468696872,8.32668380564976,0,0,7.42582261811709,7.95409133419598,4.5569248733601,5.35842420728016,9.92122923401229,4.43390725655087,3.35933317756346,5.32495929749446,6.39509463927042,0
6.08199057380735,6.57331697252191,3.99948428119814,4.83659931688907,7.68331620024775,9.57241073443182,8.10122006697726,8.39571006887333,0,8.27967684455184,6.56851320991426,7.99585247735048,0,5.23761149143064,9.02133130354041,4.70916977600658,0,5.29596460096444,7.50864461661429,0
6.23348873218548,6.71152139297478,0,3.83427765680329,6.70729011795189,9.92812650515024,7.41270366557525,8.45033090576136,0,0,7.28369545094196,8.38526964836569,0,4.19268046294296,9.36666867905122,5.17919593564017,0,6.22718863062752,7.09854917725109,0
5.72126214453685,6.46876958110585,0,0,7.09312219396205,9.4025545021798,8.14509709320855,8.10904147761274,0,8.54265038968525,0,8.76517919775242,4.56518117777173,5.1323808390034,9.31483551330563,5.41672243092666,0,6.14255340147084,7.08829191041084,6.83494799902299
6.44429022657598,6.66987872806586,0,0,7.46354088398006,9.30169729339604,8.7808351008861,8.63203145102811,0,8.33393119254523,0,8.27262680097123,0,0,9.07323689275436,0,0,5.2494421987659,7.3905579005617,0
0,6.70729011795189,4.56017282005736,4.76379654927051,6.58698511700805,8.61961439151539,8.19673445161049,7.6879513358286,0,0,0,8.64835477826788,5.34739320419463,4.43319492124828,9.23256164062728,4.02302756347106,4.67086428918345,7.21495317289935,6.86196261780846,0
6.15166829864832,6.20433551565145,4.50964998413068,4.67282883446191,5.42490596364761,0,7.82170326877781,7.77388470710446,0,0,7.37113703191899,7.73736330712042,0,4.8019697619627,8.89663049596315,0,0,5.79608814544023,7.27273167036017,0
0,6.37761091082975,5.32393637916566,0,0,9.43552982899731,8.40367504816321,7.31457280549346,0,5.73395597466375,0,8.72011607606799,0,4.97431703142214,9.46686453930265,0,0,6.96210140872225,5.9829282160857,5.36620963259096
7.59538225118925,6.66407733269508,0,5.35152632487918,7.15330981756792,7.9871745545016,6.89736144979812,7.7850515121146,0,7.71964947486518,5.0515212865686,7.51371470336219,0,3.77940548081331,9.40757517150243,5.52074065853776,0,6.05443934626937,0,0
7.09416845367935,5.8904556604745,5.83422577068149,4.72472942104573,0,9.6216815156565,7.01552389284268,8.32007794562315,0,8.59637029379235,6.51103185081073,8.69976638321411,0,0,9.21845734007813,5.12110274712223,0,6.0594736014722,8.27326513091756,0
7.43950642876926,7.02056597301196,5.49137277554496,5.78717341688503,7.21948097298735,0,7.04693444287925,0,0,7.90292003588622,6.49261855117724,7.41752634689952,0,3.75490124965593,9.06612698661349,0,0,6.6436985831603,0,0
6.45628288091566,7.13212208181904,4.48661184986396,5.26388118922691,6.54497602732391,9.0231284769468,7.43105675465785,8.25331618332886,0,0,5.8451373505374,8.06548203014204,0,5.83912888580428,9.89795728877801,0,0,6.10275991662881,7.68794216946366,0
7.77736941153424,7.72160124027936,6.93823598623572,5.43201749493588,7.54201195826911,10.1307028032204,7.76789038817083,0,0,7.61518497706733,8.91044940670593,8.39222842878355,0,4.19614876167715,9.20034458008968,0,0,6.06643286334529,0,0
8.07338114829946,7.86426622434266,5.69722770568553,6.3180487723627,7.61636233740413,9.06851986220434,6.4301064999107,7.87959045628297,0,7.95688316255134,8.55374881791733,8.49848936022245,0,0,8.38610452718568,0,0,6.07276799817202,6.37200493235694,6.82224096265596
7.70331463310773,8.37733784467903,6.19207614991511,5.02965329993202,6.49435880054769,9.91495653163928,0,8.28011297436315,0,0,7.87360159630182,7.37923906225923,0,0,9.5133740039324,0,0,0,5.5502427192877,0
7.00484569141343,7.85363199719437,0,5.48666241231955,7.18456849886881,9.50921457818208,7.85642026347098,8.82244893830517,0,0,7.49383493221293,8.64904918133712,0,3.74714836223791,9.38068212325906,6.05277128916867,0,5.89564173593064,5.74821394716612,6.8126200838671
7.07483628635981,7.94590959861313,0,5.99488369515364,7.48940649377817,8.74285357285472,7.88960526087285,7.82489764811032,0,0,7.01775700752945,7.94018859058921,3.99064932588334,0,9.5049484044987,6.21760360740199,0,6.31909423191933,6.64759757826128,0
7.01623293131753,6.82415625510582,0,5.70916794693254,7.539564145608,9.76298333474272,7.90434960757225,6.24459399391245,0,8.05396336805751,8.21799169105545,7.89404957142492,0,4.13452635185493,9.00186373370537,0,0,7.49760093382001,6.91797290084255,7.22938215217435
6.24340933222782,5.96337366694146,6.36655635469425,0,6.31736322299434,9.36818137702661,7.88400029039648,8.83582145275803,0,6.65220474821773,6.54539276285377,7.77444812056393,4.53044663979215,5.70770809265867,9.13944247278997,0,0,5.94251061953006,6.43461072218383,0
6.24160050348579,7.59484414495812,0,4.74493212836325,6.08107670579767,10.2707695423366,7.11807292895047,7.49686329274045,0,7.53593184506563,6.79939025430401,7.50869396453634,3.57543076160636,0,10.0892531717326,7.06464791050739,0,6.09379547820544,5.02873712946024,4.12552017969055
6.9069049175273,7.04843853594708,5.79456727886164,5.05592728328796,7.09332156594098,9.52353667062093,4.72259760286406,6.61785742015453,0,7.94707039771291,7.07848490824009,7.51785775036767,5.08357591849797,0,9.46875839874144,4.72543901837904,3.51005178657424,6.531781009641,6.7712594968936,7.29862776412066
6.32389290397217,7.33803006599888,0,5.25765160982202,7.19819105650554,8.14889669233522,6.78984973582202,7.97154145076481,0,8.22276306866684,7.20063382634074,7.74053830701109,0,0,9.20752140241238,4.81737411726392,0,6.97414209097733,5.89009605271969,6.99050508837788
7.01925192999581,7.62302592102971,7.5541724218541,6.55744574703956,6.81617712649249,9.35435413211509,5.8229571341474,7.39531022872377,3.91342202634185,8.23362265500417,7.45028303747864,8.18716017842393,0,4.21346004311226,10.600402625665,6.51930951666851,0,0,6.67060154174456,6.20768418334937
7.12570134674902,7.56079375223867,5.86963583874285,4.36131359307634,6.1762206380174,9.3920617486981,6.87808957102638,7.7776627477751,0,0,7.28691063429994,7.95153468296416,0,0,9.68979296878975,0,0,5.37180014330784,5.92414883982311,0
6.69692313038208,5.97408947092389,4.60096134121404,5.48355134478903,7.24589754889257,8.71723678119781,7.58836418284398,7.90163278210842,4.16805960004438,7.72905378050068,6.9954272710509,8.34157471867373,6.04583435417351,6.55532844190384,9.08619451141494,0,6.18274584527341,7.49119361470015,7.51005281673467,7.53592650941307
0,6.02837490112808,0,4.00460218672124,0,7.55699236842259,8.37371535364528,8.38123371051262,4.5521912611972,7.10607320886069,6.28018982523146,8.96336508740863,5.8487770795541,5.85690405371229,9.54574060563606,5.94633641949023,5.69571670024383,7.03252716893608,5.7734950870675,0
7.38583247906818,7.40793038682259,5.56287153910779,5.69672429084429,6.65044721038534,8.89840932184684,8.32804760379659,8.37395541532382,5.05630949758743,0,6.21486806462805,8.470904196713,3.37485340632255,0,9.29430461115327,0,0,6.05692451857977,7.84062777044797,6.28391025540879
8.00546048971275,7.21372412452106,4.32386772050035,5.78092868383285,0,9.48005219230653,6.86423172185895,7.84172088589621,0,0,6.22645761477934,7.80974016851902,2.6253929674212,5.0861755733416,9.49538396670492,4.01439907204501,4.12600471494997,6.91055136628414,7.66342175591679,7.8811066421379
6.80187240469657,7.53895790449693,4.50523934736304,5.94424190373564,7.74006422184521,8.92487184781772,8.22729266000308,8.29343194937038,0,0,7.12841575000254,8.32964600477046,4.39925241533895,5.14912106018591,8.99659873383492,6.15767789383465,0,7.34217058993331,7.61187701817011,7.8577786149278
7.07692404919779,6.63594655568665,0,4.58639503066176,6.14038011906789,8.56365875102297,7.55336526008442,7.69923987083582,0,6.34710896023219,5.64204890485084,5.22682136484297,5.59857009617367,4.75900653070296,9.55679829950432,5.23723951703945,5.05739164543803,6.60637987939835,7.97597021392266,0
7.70822654613209,7.24322701526977,5.12432105850007,5.69699281029679,6.90577331619082,9.18905136055824,7.54512544407308,8.17687798001751,4.67544223897342,5.86058677337759,6.00782990119425,7.85914284789372,0,0,9.32617484374778,4.88628071305683,2.94864066602014,0,6.9911032873567,7.13760429831135
8.58598390913816,8.21709299895622,5.13697421613927,6.26566236424469,7.93376103187915,9.72370876017485,7.57553336819154,8.25363901928934,0,6.34581178403754,5.34848753046061,7.81932287438716,0,3.85629885665578,9.16751324351783,0,0,6.02803752733882,0,0
8.7951430592236,7.95097817640204,4.68969514105778,6.74570682702774,7.9706402122779,9.51431155360077,7.63445328305316,7.24548386891805,0,6.82955587138668,6.54923577775025,8.20343815412612,3.83146349756973,4.79032106979221,9.38669415699035,3.11039934853212,0,6.57720745830086,8.16920611273219,0
6.81637436947456,6.49392024052977,5.38701482130932,4.29850914693851,6.77250812957411,10.7379150873177,7.80318594466862,7.29299046851821,4.50258359721299,6.3399535776931,6.79576170202121,8.04119724404046,1.87640694328834,4.93792122180745,9.27853158889062,5.82017194716176,4.51217731913893,5.88604847435133,8.1647862693577,7.42150661866433
6.98549379558365,6.54886359417356,0,5.12217666882916,5.68459965523943,8.62140544807696,7.1448727388617,0,0,0,5.48155517012634,0,0,4.88748789594072,9.13199172856515,5.55109738699055,0,6.46875406965452,7.17174898442012,6.18742187937787
7.65301092159018,7.51369833670544,3.99415583496667,5.56945076186091,7.81953585537841,9.24760725456811,7.59191721284535,8.07904475481436,0,0,6.41116123746287,7.44367538579726,0,4.89477540800172,9.36125725729304,4.79322527462981,4.02231135932227,6.62437062604822,8.38302845541499,8.21508489288696
6.87183790379534,0,0,3.4572626055951,6.98986968535906,8.67722483016945,6.73336617691387,6.58358901235792,0,7.0439456334324,6.15837631395214,0,0,3.78031851443072,9.80637625168667,6.18268390083755,0,6.60341522963421,8.5143591793951,6.87541802040317
7.72105601662443,6.68567366361431,4.53378158990044,5.90047253060222,7.6331082408783,9.0478896754446,7.50202090998197,7.26184989674076,0,6.37401920363304,6.23339059772156,7.23335433047971,3.89711239269239,4.78356738588989,9.78442244537719,5.52142091706223,0,6.71429188176934,8.82386874036055,6.82196860628141
7.6139025904691,7.3204343041085,7.07352392243502,5.42947719924606,6.9516956064445,9.57119855396112,7.8699825835942,7.73870596368928,0,6.83285930412813,7.15265249425857,8.4719698585343,4.58220857435074,4.31147004121075,9.66804366125908,6.02654207372068,4.92964213488672,6.86346895727066,7.44247514794756,5.57689562475035
7.15198690555997,6.87833676689947,0,5.06777148546707,7.25217442652316,8.56057255308376,7.66864988912147,8.2194957993329,0,6.49971184985917,5.77675408711202,8.0612944193324,4.57068225552942,4.77389978926258,9.19113716499175,0,4.71992642328628,6.3993766588592,8.52892806763459,7.44694092849173
7.79529256422884,6.95647877426258,0,5.49725018914719,7.66287205882363,9.72756746256267,8.13618457046205,7.86088311624158,4.95561576767548,6.60475650241846,7.16415564083779,4.6552927953913,4.96911861389332,4.74284299111316,9.07271948590329,3.8168328184244,5.30335465806531,7.06936379417855,7.87782940237703,6.90833511084715
7.93787814084232,7.41316224832127,5.61225181014388,5.28619417674573,7.41611386210434,9.48907755794616,7.71471317151271,7.79100615677809,0,7.02471130609454,6.67047477011081,8.27141029311836,4.51819517197368,4.40854684448328,9.04018056044127,4.78323268586166,4.69052185308759,6.54687149026935,7.97608360254165,7.2854859862826
8.15584161477217,7.25209647398205,0,5.58638686394108,7.36802417913098,9.62478504286492,8.20597224056676,7.7425799573732,0,6.65607078223434,7.01927876446738,8.17978852021298,4.83644062451391,4.45597387962596,9.13908172126333,0,5.29786726526765,6.94813877737702,7.81467423260928,0
6.83325800028923,6.74463616941233,5.22467082637974,0,6.38652572150075,8.85279361955142,8.49203537063331,8.29548111505271,0,6.88578570555314,6.56288185097136,8.26572475127611,0,4.72348641280613,9.07682269354333,4.55208581489564,0,6.30247244486326,7.23211155575329,0
7.01405035779974,7.26752542782817,4.60756731058781,5.90044514872081,7.13411764435168,8.77560195087054,8.45206783145577,7.95860137903885,0,0,6.49084492318923,8.03548938122226,0,4.84513152222846,9.33948967726529,5.78287088097516,4.70383835778479,6.79238931984136,8.54931763163099,6.99698336392494
8.06206714012061,0,4.65195834748685,0,7.71578796808495,5.9060155852755,0,6.62798846472684,0,5.82800399795495,0,6.74848987455641,0,0,7.28639717304643,0,0,0,9.00487709932955,7.83261320740223
7.61738585880044,7.05156120732549,4.34445456176612,4.82237614463555,6.7570602880449,9.77218111144162,8.45735613438922,7.9764580372441,0,5.19095484821954,6.67250119024774,4.31842101158491,3.63310243864494,4.36029214252788,9.52007254426462,3.77459832951647,0,0,8.55211235847904,0
7.36310201888424,7.40755433295754,0,5.7396321275499,7.28961734736644,9.59144447917141,7.34079664286041,6.90252160718352,0,7.05637354030842,6.08443107361024,8.26859592544695,0,5.26020004443491,9.71951663629639,0,0,0,7.90362214816434,0
7.58526584236257,7.50818940428827,6.27664348934164,6.2095352532729,7.32181005669006,9.59215465797511,8.28897428223524,6.34252626633676,0,6.50979692456337,6.82265480233167,8.12887424414304,4.79620368338407,5.77156572595866,9.38341093665595,5.33378103082361,5.39530795186166,6.61050760166065,8.28594438105653,7.4990192244638
7.77053552346983,7.31366029031869,5.9823481184617,5.77888994714301,7.21293585568795,9.70936868026253,8.53323384941027,8.32658701170705,0,5.50878086470487,5.55000950126666,7.63947392351718,0,0,9.49674412772921,0,0,5.54560703969033,8.06135121098279,0
7.68552389957283,7.4742161571695,5.22998499117121,5.48371751295159,6.31705637763297,9.89514283200056,7.69566703598651,7.57943364492643,3.53950899745967,5.453867067289,6.01642541639723,3.5470278298737,0,4.38252650971553,9.35546183944749,4.11854925091892,4.74319148388547,6.24692038788944,8.79247216243092,5.78922595647367
7.09996940918575,6.97247503369591,0,5.38875204401924,6.96799394397388,8.30399502044789,8.78409330718532,7.64308992138737,0,0,6.85942600858485,8.06176758456422,5.03402624688683,5.31350150187308,9.28826391272388,5.83226363630474,5.19573077777294,7.16788628234663,7.08598514287284,0
7.62911569672268,7.02284134775726,0,6.21122237331798,6.77077795595331,9.07502338612851,0,7.83166491316953,0,6.44517999116486,5.88195655365343,8.15336702403688,0,4.19192489056096,10.2369087107764,4.36513476700366,0,7.04781282983472,8.32743364120485,0
6.98676052560209,7.00248347128277,0,5.69265411686836,6.00317076123802,8.14811594156036,7.99685580727765,8.10802724364106,0,6.32752598507727,4.8335798469748,7.95468472371391,0,5.10376127208574,8.86172429652121,5.51387219621357,0,7.0931055778361,7.71956510822547,0
6.99956844225459,6.8372040510311,0,4.65614843075272,6.74425940183814,9.32229311110325,7.73875388238433,8.16010101759208,0,6.64727324201256,5.49761894337668,4.51983013882108,0,7.02224400546683,9.54594794917287,0,0,6.44470343002099,5.78922595647367,0
7.40171344362823,7.0604763659998,4.44605721433102,5.69406878246856,7.02789996818262,9.07324606828688,7.58995272945583,8.16560244387666,0,6.47304157051485,6.25927548991735,8.12590905632149,4.00751498688737,4.84040039843745,9.62195321067058,5.52505445337238,5.09227672313349,6.65163647098647,7.98161712005413,0
5.55844836991253,5.15381169043831,0,0,0,8.11870171094521,7.93382554823945,8.41035825600228,0,6.7563508248229,6.55690618889618,8.7854202361521,5.37680501959678,5.40744079356639,9.42687815315339,6.32950697889871,4.6978405208294,7.09151746423908,6.07258359839277,0
9.00835637006007,8.58082880505549,6.13731660269196,7.13769965219352,8.22506391144671,10.9447743545849,8.84035147511632,7.43246013899796,0,7.5445437258727,7.14057189499203,8.01639050312836,0,0,8.9431456596578,0,0,6.98598403474693,8.11506351456757,8.13487511185464
6.15194515063011,6.18676402519219,0,4.51754043602712,0,8.57592802871421,8.46006395362125,8.53104678570477,0,6.55682096888647,7.57677368796349,8.69233234976195,5.39884120431434,6.38156217808502,9.11241988829105,5.54251766038786,5.65101440911755,7.14068281068038,7.46009897495009,0
7.78449820421377,7.44086867480657,5.91913576049535,6.16915037549741,7.50122023626893,9.51845722481445,8.74210318165816,7.52214600762016,0,7.16360606906421,7.42817869621977,8.03172337491256,4.72250867840532,4.75246887300897,9.7025273707324,6.67110846763018,5.27284570057437,6.62136570422856,8.31281251135291,0
4.95469966176595,5.55334710672457,0,4.04812608842049,5.7962401049585,0,7.24915108918362,7.4421353068493,4.48424471805921,7.35160100387168,6.68215872150686,7.58844012625099,0,5.17037035221741,9.51011157552528,5.954152012224,0,6.60882349851888,6.93363742769624,0
7.05236631504131,6.31031819824784,5.29641555925844,4.30999343177405,6.87118465124853,10.0042058095659,7.82249280525674,7.53133799615617,4.7787873021519,5.94473974860175,6.34342338769301,7.87023469888098,3.21607189753547,4.57088925201122,9.59935761926116,5.70234811311802,4.7102506624386,5.73259666317216,8.52283325630599,7.70582537946886
6.36254522835432,6.42681202969802,0,4.55555968543476,6.82972887054374,8.45275493191897,7.64468965351003,7.68488508783281,4.59431144265322,0,6.56120038275269,7.62835224325018,4.82350218030508,5.64858683918825,9.34997187106138,6.22793884783083,4.21833054200309,6.76935490924611,7.84399372566599,0
6.97452568261599,7.30816094299433,4.59066549978521,5.56463534324604,5.49974686495549,9.14305889236525,8.47820285172495,8.700137887352,0,8.24701306250054,7.48405960677522,8.96185337132331,5.86635473606514,5.66701475046399,9.21324614612235,6.23574317095215,4.78632439503004,7.07908329430123,5.75602698316279,0
7.38869266624908,7.11234374449657,5.44488220362987,6.38130827431319,7.69925346588903,9.52199284506654,8.77559886174781,7.48355370457219,5.02867165658235,8.10934223944472,7.9224495830034,8.16989415595598,6.08586522252947,5.3331051920337,9.01309480406195,3.8636727444871,5.27602063154943,7.45869928979469,6.22586450667789,7.81945950891813
6.54476040629859,7.16547801899086,0,4.86661094723465,6.79047961459118,9.49921922799673,7.22965035460355,8.02109524765483,0,7.6961990028898,7.43953580709452,7.91786416905884,0,4.43852510857914,9.65106965851792,6.38078333547344,0,6.3343802655553,0,0
6.42113434391296,6.64976145023218,0,0,0,8.88505473142027,7.9739029141762,8.31558850436415,0,6.64425837331871,6.71626784357189,8.47696477069619,4.37789310339227,5.66292575731089,9.4925600526934,5.49277333599799,5.12735109379222,0,7.93714609860829,0
6.30906336743986,6.05107689203913,0,4.25305625337692,6.28854605612428,7.89990273875925,0,8.41701257024438,0,7.38876684793242,5.49441854675036,7.76850370217933,0,4.66107781792639,10.5716040633708,3.84502813660387,0,0,0,0
7.35392077421668,7.66112700133718,5.05158528042521,6.13489367019239,7.43180902408869,9.31277962489789,7.46507700900628,8.70690735542969,0,7.11894769917659,6.41399979449504,8.48009965421913,0,5.12217666882916,9.74077448654803,6.23963236332693,3.64021428213266,5.83296693303703,8.13846543326573,0
6.74638862653457,6.89771504408772,0,5.71333668746101,6.74491865196503,8.08475968307635,5.9408815267319,8.88270953473917,6.62981229395109,6.01951736155002,0,7.6379621855976,4.58496747867057,5.60326207855065,8.95873561583994,5.36928828041862,0,0,0,5.28315296602826
6.9310908736791,6.89959205031019,4.6498567036105,5.07310918535161,6.94304519976058,9.54205846841758,0,8.36456402017419,0,6.52472169253845,6.87479810882403,8.52617870054293,3.80287755816735,5.85033291713889,9.09913614840143,5.6061696457892,0,0,8.31038056172142,0
6.25720771204101,6.46532012307224,4.50324819626271,3.68336427342583,6.67831695710518,8.8244190341342,0,8.09807733434503,0,7.8708914280878,6.50355437143559,8.4622046569784,3.89263629162796,5.75111125406258,9.50796039896692,5.25660956314825,5.52098080262537,0,8.49827129616171,0
6.1388279597462,6.25086287908136,0,4.38813295310564,6.55551335183189,8.88087195127564,8.67010310180736,7.91801711267757,0,7.34883203127948,7.02101253316657,8.23349251600757,4.70808771999478,5.92825847120419,9.39461834706853,4.88665811427654,0,7.37540614264428,8.54127488572671,7.79858870596327
6.05755654847007,6.31175295780855,3.9231607498386,5.22310878895028,6.75257406834035,8.25541275648711,8.12718894582864,7.7641516223546,0,7.47545827710018,6.57939009125482,8.21086638105555,0,5.53898644472806,9.14995853318556,6.10559648115289,2.13179677201376,0,8.55356369272589,8.13892682123403
6.52268086052171,6.94480055065449,4.70826814399166,5.0429734020082,6.70841369985342,9.7506510088536,6.4156696265902,8.37444459342209,0,7.30380957733611,7.46309335912923,8.19769841860179,4.7784509981299,5.90287920481186,9.35794107604175,0,0,6.51149269743872,6.33390110461017,5.33893133943329
7.54917222760596,7.97747071293975,5.09974446916803,6.01298139057023,7.35020141453176,9.16593069942864,0,8.1909837120855,0,0,7.25193346266657,8.54265818856767,0,0,9.58859870964613,5.53053958179545,0,0,0,5.8731032192729
6.92624331709427,7.26715550596122,0,5.46573676908988,7.38300760966354,8.52127883380119,0,7.87990068630968,0,7.32776082732067,7.02543164228256,7.76559028528302,0,5.08858350214374,9.63521587360417,6.67552052765615,0,4.61224509966005,8.0659563590619,0
5.60001328476024,5.76305716611867,0,3.87078425741155,5.47571013010524,7.66963062933196,0,8.45039932890723,0,6.4323450604371,5.56952701043129,8.41193267075874,3.24259235148552,5.12432105850007,9.72424724381796,5.35620884496381,0,6.46745024803127,7.83917892848048,0
5.94910491269185,6.1875451788725,0,4.30244215533104,6.71687318512407,8.82739478529789,8.32152131435013,8.60192580733424,3.98750146660405,6.8006376649752,6.8533835669148,8.78059998918007,5.26935188825502,5.89577929697357,9.18159927532228,5.69907139492608,6.30662194218461,7.46495672616964,7.15520893071387,0
6.84785664357379,7.40639495476421,4.6909808424012,5.66434840541079,7.04156913171105,9.04258777067979,0,8.20241943089246,0,7.52183760694573,6.80150547913943,8.37311032728971,3.4867632699918,5.02716459604747,9.30995038514225,6.16699224448053,0,6.42854136498156,8.03457594391384,7.7359926366306
6.88141130364254,6.79487769191502,5.36138605801502,4.47221005873186,6.15589789294086,9.41288930245011,0,7.80566613097485,0,7.92128523794284,6.25963882379649,8.33188718558132,0,5.51294475809391,9.58654829901723,0,0,6.68712107661671,7.56142331299777,0
7.30787278076371,7.23383801690153,5.80398973507323,5.50857829203123,7.15796131544594,0,0,7.83227605097631,0,7.17359810162933,6.97525503632875,7.92621985446382,0,5.19006378110778,9.56017296029923,6.05521369427188,3.37416870927424,5.74645874893664,7.82172732478019,7.94930326702857
6.55770122563752,6.16010967308569,0,5.24275180109833,6.83347344556157,8.71019748405666,7.76117862592579,7.90876943915296,5.34653593881851,7.12791036929171,7.29014962525535,8.62061402711059,5.14993336078178,5.61228833782274,8.98499564986205,4.36818122785183,4.85771718767154,7.58542327269362,6.85115318095808,0
7.5561038186341,7.75738042912843,5.5583327206381,6.31682166763415,7.42705489682751,9.13056421210896,0,8.50909650150869,4.07312092577047,7.16492144131072,7.13145067800039,8.17114444606166,0,5.58533671944972,9.33800332896634,0,5.54412220040532,0,8.1870906253027,0
3.20152618653309,5.72587007112021,0,0,5.69736190685328,8.99795375681467,8.07641898978583,7.94626718339728,0,0,7.7136952870172,8.54842050383281,5.3275848642286,5.75072967176337,9.2628474294552,6.25498199256046,4.9469142165384,0,0,0
0,6.14154265956481,0,0,6.13511024229009,8.2689856460581,5.81383197980016,8.63730595559087,6.13157425509263,0,7.55247872822793,8.78360157509127,3.61765194482557,5.01952896126638,9.99024764795719,6.37941041899721,2.99773027621666,6.89414305156228,8.04910133357046,6.38289834180317
5.10448986956788,6.06245874793205,0,4.61541750243964,7.32278780635836,8.21869820285824,8.3013454607594,8.08883809501383,0,7.79582758990226,6.47182065405777,8.22320058268165,0,5.16661287555061,9.01681751419209,5.69116993660536,5.44401816071959,7.38995918130919,7.97332082293676,0
0,5.40060316008879,0,0,6.09244046444798,8.00385775403469,0,8.36366431822715,0,0,6.33175092919115,8.87389513499048,0,5.90824596835705,10.019842902868,5.40811303237092,0,6.91803228914308,8.11613635259574,0
5.94266813291902,7.35726916992498,0,0,7.25357653416279,9.18680866027954,8.45149346300505,7.72201328529114,5.37694368700323,7.7317113996535,7.80507112089103,8.20707462608762,3.42458833445273,0,9.4007292998479,5.3040508983958,0,7.21662137710105,7.80868462662359,0
5.0064264493222,5.36049372497471,0,0,5.25420872692197,7.91812998463174,7.87202822967815,8.27492033607285,3.33541364111615,7.44289685904657,6.96269790644626,8.52390660593537,4.97133991148861,0,9.51683193166495,6.49682023803094,5.56670193410783,7.35224236254784,7.83226414926068,6.34572407627973
0,0,0,0,6.62185827900671,7.86560245560194,0,8.33548664546434,0,6.69689843597536,6.59005376487743,7.97515206049732,0,5.268218918724,9.21557663877143,2.74727091425549,0,0,0,5.95575964623721
5.81907351899094,6.21897853413973,0,0,6.74613006764634,8.86877076581305,0,7.7271914390924,0,6.78888164884372,7.14167258441974,8.44221314681015,0,6.08365623309746,9.48304331533771,4.7918157142621,0,4.65443642729101,7.33821864402359,6.47867859874874
5.36984701768696,5.56574570997255,3.4493524235492,0,4.45201900649392,8.9297146779569,0,7.82686204211577,5.46255980994209,7.33526233530018,7.38082295922551,7.9189524728139,0,4.69482805791863,9.80956141450396,4.5128355747853,0,6.88963204072245,5.72018062046584,4.82534934783829
5.24486384581395,5.88535375005945,0,0,0,8.04525809809409,0,7.48587312895732,0,4.93274582210155,6.87254252322639,8.07213033908751,0,6.54160703325092,9.63958710874915,5.20959543648723,0,0,0,4.84944880983226
7.42451128322887,7.2087039595343,5.58514907754498,5.66341176717952,7.49004352189601,0,8.08128021596525,9.53384315334273,0,8.9246749314214,7.7366170921628,0,5.20202670622975,0,0,5.48326048404694,0,6.21416800159379,0,0
5.38298015442675,6.22886597016889,0,4.55166391846495,0,7.92171341023429,0,8.52672165111606,5.12610454390237,7.3438853734011,6.89804831851199,8.73296886646914,0,6.44360647673817,9.74558735203369,5.97961967274006,0,0,6.06029073803783,4.84229553482272
6.26913416177676,6.51250284355014,4.84850844458782,5.67352943148518,6.67866910521225,8.62463493980595,8.47877039983885,0,5.86709109226823,7.43642867939175,7.31988479716128,8.58716691504375,0,0,9.63020136036808,6.0181064780544,4.30757244874893,6.93665366902479,7.89721468486474,0
6.53769109792439,6.28685433862796,0,5.63871047791249,6.4237338579682,8.4709858887863,0,0,0,7.61335954684442,7.05128403105694,8.89464695268924,0,6.07741285924435,9.44763926207857,5.69272152729678,0,5.78677467445202,5.8762220315957,4.27165357719251
5.13668040094691,5.92262344981703,0,4.36767412844948,6.45162299622202,8.23884607899768,7.35122240922331,0,0,6.96869044081132,7.03871336348753,8.92534402307134,4.64208054000819,5.50715913315139,10.0586905356409,5.70444891919936,5.18094049839446,6.95353138161872,7.44452346553249,0
6.19266919090344,6.05110044500386,0,0,6.67037334123139,8.59166595416863,6.83482968446747,8.09436318234122,5.96445299786113,7.43255481131348,6.87667732341128,8.45190345485367,4.47540312792903,6.35799823354738,9.26454442598969,0,0,5.81583057846384,6.51343780447604,0
7.77382582469262,7.61731208220086,5.46556758582171,0,7.1835747683914,10.2020390877653,0,7.65692356021986,6.09668005225229,0,7.83918286839676,8.75436587267437,0,0,9.40987132727211,0,0,0,0,6.37648882431136
6.52088618815605,6.58548176176074,0,0,5.43546720469527,8.6683301918129,0,7.73901957166446,0,0,6.23791438465243,7.98934347664445,0,5.40335282938192,9.49166226127528,5.29410852177398,0,0,0,5.33228391611131
6.15073069203343,6.22404344520868,0,0,5.64643580780365,7.71431149876348,6.64588389303007,8.01500350371179,0,0,5.87787582799512,8.33331362154999,0,4.83683730824318,9.63192158192605,0,0,0,6.07892582287798,0
5.98169195045915,6.53714077205967,0,0,0,7.5181619494031,0,8.39993326891231,0,0,5.53319184073795,7.72750427299557,0,0,9.17093924254886,4.86599480426999,0,0,0,4.5384960527201
7.07454856040833,7.45202534996748,5.21477270083769,5.46987284318915,7.67115586954976,8.84206844219179,6.93882749853655,8.48892745280746,0,7.60203182157264,7.44362857424884,8.03103416364203,5.4277215037593,4.3395104975708,9.39222850152078,5.02124547320827,0,7.30345283953125,0,5.04632413650476
6.61465857382886,6.67632750808023,5.41938389452748,5.23025263563391,7.24905868383684,8.8653059845339,7.15663675002134,8.43532565308489,0,7.06633897559788,6.67162780010963,8.09173453778817,5.25843243284912,5.10351828824297,9.07222592174026,5.91193420815117,5.61429530815466,0,6.79437379228116,6.63289729198125
5.84186184287675,5.87093399047023,0,0,6.31258744011516,8.50898560110822,4.72152998710429,7.58908794217246,0,7.83201814875156,6.97546065533615,8.23816423916662,0,5.07467369019214,9.34654817980411,4.8672267108009,0,4.894176381402,6.56240171991461,5.2565574322998
6.70200950484435,6.68945000430818,0,3.90560243762522,7.13045873346794,9.00542467924877,5.07997477217487,7.33023481724943,0,7.98909254327273,7.24643222629879,7.68701134607635,0,4.57882621064849,9.1366378560755,5.31330449635629,0,4.90260454988255,6.09101572116956,6.88134970010237
6.01798475691738,6.49764941922438,0,0,6.86493128179121,9.41523848294904,5.96794000206102,7.87361682262204,0,7.89801368745477,7.62672613955154,8.24796119799255,0,0,8.88548934673719,0,0,4.91669084791971,4.98203003708592,5.35361015229675
6.25703520406209,6.70277084828384,4.97417875708564,4.58210624638954,5.92321247259176,8.27448193520942,8.47065279462127,8.65934531850098,0,7.11598821756059,7.03085747611612,8.41796936327114,4.79744207363521,5.30702930715006,9.48637234478598,0,4.0680005868825,6.12481467330474,0,0
6.20235331435518,6.73905256334617,0,3.79548918917219,0,7.69458404117277,8.5312400704414,8.1122399522808,0,0,6.33413184039211,8.26135081313879,0,5.69927231917831,9.27020235011267,4.34588118803753,0,6.28385427115901,6.64674110273526,0
5.73382659600458,5.37328568278534,0,0,5.51035952479107,8.14222043024366,7.85303377630095,8.46806807115528,0,0,5.72958016747734,7.82171529685134,0,4.6581420707542,9.14859155599021,0,0,0,7.19646931877241,0
6.51052616179869,6.0355771217263,5.71564516719871,5.1811091656425,6.54188100783068,9.59787230427432,7.42494063670071,7.51422738963125,6.28054564047347,7.5343993431838,7.94721186644149,8.59936286625975,0,5.34171204886723,9.40171251504052,4.58741346439883,5.63518238316394,7.47293271509747,7.4947249435637,6.76786082782808
6.66227664641542,7.09006850240804,0,5.57055579750596,6.18117540233379,8.20062318497381,7.82332575153181,8.54464492096952,0,0,7.02734113302888,8.69708012024056,0,5.22386318062309,9.06719837364251,5.41707770226888,0,5.67225740724834,6.01922561789337,5.31635372903414
6.04723032501384,6.25440556829626,4.92267801533711,0,7.09089316915198,7.75295379442885,8.07059041396776,7.86161536126034,0,7.60135235832245,6.55370545782013,8.17917455974228,0,0,9.24184872891109,5.3206657702118,0,0,7.97405440898262,7.67765051503542
6.38049534875272,6.26776964653642,0,4.29796544704745,0,8.24446803782807,0,7.74167693261324,0,7.36900823250066,0,8.29921627005339,0,5.34763120310096,9.01215159400716,5.6963549588274,0,6.85489233228206,5.79222061111808,0
7.04660376080095,5.98891129032026,0,0,6.87888244141302,8.95437399729447,7.97026704829219,8.23186301774768,0,8.24615320144095,7.08944330180248,8.35854909797664,0,0,9.1818966577928,0,0,5.18945071156092,5.82735611973338,0
6.57214267277281,6.60759568501924,0,0,0,7.16713046521838,8.91566993770672,8.56131916179212,0,8.00691408494913,5.82008293035236,8.5130546394116,0,0,9.07179414032519,0,0,6.41759792081126,0,0
7.51936697155956,6.65666225476097,5.16341360408324,0,7.46623327702292,9.12521811855935,8.58870422300836,7.73141304411679,0,7.4654663970421,7.25730590512854,8.16058110264493,0,0,8.83183895414465,0,0,0,7.74258429686934,0
6.35126958718062,7.02211914259286,0,0,6.80983369242131,8.47935839743316,0,7.49105411083148,0,7.99919188390115,6.32799035372287,0,0,5.57431898735043,9.31703100263871,5.08227355234905,0,5.87854777695228,0,0
7.42160233362525,7.03459055255796,5.40046773519297,4.64966542587464,6.06415723250142,9.39517543393444,8.24436820386762,8.05795381912168,0,7.15312987913767,6.61915278307061,8.31142284815937,4.5224405383891,5.57825704386166,9.19584684642531,4.73409096605493,5.0976688930612,6.77787435812762,8.26832662182601,6.98072689143796
7.46827351673006,7.86024678396211,0,4.93058147524988,7.18976378716307,9.19494039875982,7.80978074404225,8.73396770339057,0,8.12292318366858,7.29051113966359,8.24857360314124,4.91272841244466,3.99654796049783,9.68335820394523,6.12031939673142,0,6.43326158446354,7.51200566991492,7.57082977528579
7.42661454644431,7.01229545825606,0,0,6.61574384836913,8.86470851380879,6.95878103758518,7.48560944620541,5.29400809495994,0,5.42358344538043,7.99810351423178,0,0,9.3459633257609,0,0,6.35292551971809,8.11317204030022,0
7.96777572338414,8.28659190016144,7.16256802545063,6.13255169796289,6.77172934901343,9.85221531055855,7.99689955379687,7.86172707782398,4.62683382562412,0,5.95321735992448,7.74659460951325,0,0,9.4889261987402,5.95565600586919,0,5.2953630067216,7.17925461442214,5.00783136676352
6.31711053365648,6.84352604334421,0,5.31723725140055,0,8.53324959468324,7.07505625624174,8.01268755439506,0,6.19456864308447,5.74316343138005,8.21283145015316,4.16355963124357,4.83524962830341,9.77748772632695,6.35376115981477,5.19788911171354,6.85812376097381,7.57162296828959,0
7.64586626490967,7.59318273902686,0,5.36723690201263,6.92935041641873,9.31105410805703,6.67250119024774,6.88391330449657,0,6.58537133468391,5.95241181984428,7.13143468669966,0,0,9.19964235167291,0,0,5.49013535581934,7.71525740377948,6.27004280531029
6.72242520112373,6.66879987662059,0,4.05871738457895,6.122799779938,8.94135181525165,7.56208886350538,0,0,6.50198012281404,6.18365392310029,8.11126197469633,0,5.18004045895698,9.44014965783749,5.33170378556567,3.90921907809541,6.78754053912817,0,0
8.40309012635461,7.54159821564294,5.74136723498347,6.51423850438981,8.12590314078938,10.267317835867,6.63164598288297,0,0,5.96036080205665,6.87732699885422,6.63380515691647,0,3.8448142557347,9.3476645628394,4.73891405603769,0,7.16857219307411,8.30409650094949,8.49243317655438
7.49890849291572,7.26642223754166,5.0962011824259,5.58563687328081,7.017873458985,9.11874358897183,6.97868893259916,0,0,0,6.3289184445996,8.11816531977207,4.9446379315891,5.05203312279218,9.22824905001947,6.19792978536938,0,6.78618633581332,7.1030259660623,0
8.01241590618445,8.06178966014154,0,6.84934196043148,6.85035918984083,9.16885565790583,8.68616436037538,8.78622135654035,0,7.52409700630153,7.42990652507804,0,6.05187738179322,5.29541315340065,9.28397180203032,5.94837435717628,5.33276710127726,7.419452522777,0,5.04084113615332
7.10300951368781,7.28149577450716,0,3.70794651683116,6.34189251928624,8.17643096593755,7.57140670531297,8.18422082310465,0,0,5.18945071156092,8.62587897224661,0,0,8.83913610099295,4.20439406736606,0,6.53727113976922,7.36043470709467,4.95969281535868
7.1503798372508,6.63292361850918,6.67342438202735,4.46957953168174,0,9.62243015505598,8.61324309755556,8.64112263249647,0,0,7.35830209613072,8.57071879235249,5.83915799915713,5.82620657573991,9.58034409180619,5.27658287440203,0,7.04521893013426,0,0
7.1685567845162,7.12000773706499,5.88290447387608,5.50174788655223,6.27741386921458,9.68972486302767,8.47607948768632,8.55803374576426,0,0,7.35207564885897,8.46227015960012,5.8394781901101,5.99640233613761,9.24170337091832,4.42256858998682,0,0,0,0
7.10452200020759,6.96715562226358,0,5.19489940734955,4.80475847768076,10.0667494559604,8.10418067312721,0,0,0,7.26873195718056,0,4.82285888661934,5.78099039889443,9.09356495350306,5.84802710836399,0,6.68638515421707,0,0
6.00691950166284,5.99752116869051,0,0,0,8.82479406088682,7.3104899962969,8.00143877441349,0,7.19882660143191,5.39716673059021,8.48012456087107,3.82231709234365,5.324813230352,9.30785720623585,0,5.12628271762222,6.31776017727763,0,0
7.66325265053085,7.39277066584831,0,5.25525327707701,7.26825091477332,8.06701101281893,7.54732234183982,7.79319497403918,0,7.61886024891586,5.50869984055963,7.78994719834666,0,0,9.38436090373075,5.30126302383661,0,6.48719683742632,7.008270073072,6.23448915401534
6.83383959603197,6.74911118554254,0,5.46759589837004,6.4810409978348,8.85963613924149,7.75311698050859,7.51312533489708,0,6.85678824715464,6.45981055325535,7.66474542633781,3.85502928390803,5.09405690223533,9.15991617349956,5.2494421987659,0,7.03155572918609,8.12988229388812,0
7.25529462008668,7.11658081498106,4.8599674311041,5.62090798348801,6.60395737464417,9.09392003242757,8.06039794613657,8.13978478709059,3.51986891137965,7.40742692780596,6.19843806525955,8.7352132399771,0,4.87915893130787,9.25425198869451,0,0,6.23063891549472,4.87190948141995,0
7.35568583040847,6.76551176004129,5.70767488937155,5.50305251817889,5.73224034747269,10.325816332917,8.02637932340434,0,0,7.61713991563174,6.75425438799638,0,0,5.73191631389997,8.86647023826948,0,0,6.71444961717459,5.3082181912253,0
7.52956219221891,7.52035379055837,0,5.45129593114512,6.93913766021081,9.16951108576268,7.84556872657925,8.15454041579097,0,7.98044444829686,6.84189321568227,8.00853854271095,4.20200243692861,4.89140120617256,9.39574051837974,4.87083668438219,4.86584070919302,6.52088618815605,0,5.91025449168244
7.00909271288805,7.1384462765332,4.32519169792134,4.73987588884038,6.52293068234127,8.89114424034657,7.39475736240505,7.46623899779762,0,7.16905744115708,6.22394437939918,7.55281979503573,0,4.82807370849769,9.51457715589241,5.45609005042058,4.11806108883942,6.53000260944051,7.30307577069825,0
7.81207463907507,7.83998235015465,6.02820622846108,5.73450564729904,6.94551338458474,9.31379908034441,8.64147947945708,8.15811822687359,0,6.90668470612346,6.0763110825181,7.71749367415072,0,4.39407871569802,9.4055205676468,0,0,6.22295318115769,7.5253002947152,0
7.92790860518993,7.71238569304994,6.3841145581693,6.21768336493912,8.72796776129868,9.78537383721125,8.11215299302115,8.21732787033822,0,7.57578975872701,7.42796473653847,8.04114895437975,4.65386510752685,5.10412563718359,8.98387255139643,0,4.26829786934554,0,7.58437665758475,7.84524765906618
7.01667246219268,6.46589585968087,5.68833037009728,5.1080644394278,7.06155732661568,8.66649039788778,7.62987371056844,7.45740153588007,0,6.76093599203068,4.76106220594507,7.59158417890309,0,4.86914853174064,9.61777021539393,5.71072498622278,4.54159120434522,6.2591798537936,7.79709815712027,0
7.24959167417391,7.21074459550107,5.62116144596786,2.72457950305342,0,9.60394205376379,4.67544223897342,8.03177537158478,5.19412283753018,7.21593091644824,6.57373603132199,7.91836661027833,5.15271339268924,4.16744011729265,10.2990639278939,5.9315022059353,0,0,7.7939743571289,6.23591939103191
7.00285634601482,7.24595459477173,6.40882528746253,5.83746802206493,7.42216447407948,9.31523177761911,8.73202065976645,8.60879650928924,8.06288966797457,7.96909828255543,7.31800226898056,8.58038956227294,5.01422882960639,5.06556530095472,9.10754545125218,0,4.09250954627637,6.6535853490628,6.32473523566766,7.00513604092369
6.83819081559623,7.30121527996287,5.68636500061913,6.0530534097771,7.19532234482091,8.57852156554092,8.05091063040092,8.09171617411396,5.06227852724809,6.88152423361068,6.92064188880522,8.50010196494835,4.86868763144057,5.52078068655738,9.256909022792,4.7961210694801,0,6.31732712842657,7.94277437732445,0
6.61680119265994,7.14559826233503,5.09748554699499,6.16873168515466,7.08452813684567,8.76387356570203,8.64114913541047,8.48869288876629,3.84009726585656,7.41003246877817,7.47607026181966,8.63717114979969,5.5864243487129,5.72237522001351,9.25638391047751,4.8656865903671,0,6.87426054109823,0,0
6.71478927048887,7.38648324032685,0,5.81045213301266,7.2747705767151,9.89163761857889,8.13384861043299,8.35835922878656,4.75634501378521,8.19493347672208,7.94946206300254,8.44340239972471,5.10800395982453,5.29776721524256,9.07842938007872,5.1937343263556,0,6.30236253260976,3.13766576944266,5.77511039556982
6.27604180460628,5.91972684057704,0,5.02335406650403,7.27318974603395,8.54166529189072,8.28910744756271,7.98342300965513,4.31708803351497,7.97222805663,7.85522679793981,8.26948795644009,5.65220843911015,5.54333981958069,9.18745856888023,4.26479032453586,5.20768124628859,7.08899291521305,0,6.85583020611722
6.55193711076339,6.79635433438846,0,4.48469603252022,6.45431767232488,8.89872619767242,8.06409544894245,8.48925657272321,6.5177008145734,7.26991614768103,6.93101271585888,8.3156937081599,0,4.83238543667235,9.25525637459701,6.39218508418539,0,6.18293165556164,7.93244470656754,0
5.91474547669458,6.31896811374643,4.31147004121075,3.00716665117965,5.95568191696821,7.77469188769188,7.93898054894839,8.71901177325921,0,3.38709845728265,6.80493597615061,8.39768642098231,4.83604378336421,5.08963130032275,9.23792635570395,5.42750182492886,0,7.00816154257482,7.9983925179774,0
6.78544074156278,7.0900101668871,0,5.79781911658258,6.78614116410435,8.21381795624028,7.96806669797787,8.50778709244203,5.811679769966,7.32908717454527,5.90211407292592,8.69338265194619,5.11954948795338,5.48326048404694,8.97675120467537,5.04908648047051,4.0115062839131,6.0763110825181,0,0
6.44134518524653,7.18578845014629,6.14979220548729,6.15124222280037,6.39944316038044,8.67575982085558,8.89287377847695,7.63834755876402,4.36246147917904,6.82417799872679,7.19921520634518,7.96115051231759,2.27418561847235,5.37823698972391,9.32206956449062,6.05540132473424,3.61442526818899,6.06571358074064,0,7.04054514674504
6.63529017233522,7.26293009829635,0,4.61749393567692,6.8069178520519,9.1010231499808,9.00888125468009,8.77415983799517,0,7.40587856860524,6.4711090533904,8.65622443211133,0,0,9.14053681482954,0,0,4.2424771697238,0,0
6.488612050439,6.64390691378175,6.33922991841677,4.07889245766318,5.85638910591089,9.19275057456506,0,8.5189556373955,7.22499372648805,6.44389275449316,6.45869871994711,8.89204237872988,4.18021640129606,5.68269502232572,9.5133740039324,0,5.52712484748668,0,0,0
7.84362508375428,7.98391402979341,6.62480864329717,0,6.6571634467087,10.4760111042723,8.88812620427031,8.00973190192567,0,6.77813622317753,6.97746789139344,8.31862517266807,0,0,9.81683974581046,4.49065679919933,0,5.65343610021946,6.67785142824971,6.38795618041704
6.88271435573865,7.23679999977455,5.07916583650336,5.84626534961578,6.93788673276147,9.13462171875648,8.44260972161604,8.03017523594737,0,0,6.91687358062666,8.37527933533471,5.05528993463669,5.19722550498676,9.44310944892481,5.83907065655572,0,6.85212628322118,0,6.54435778928258
7.27459043273801,7.62189065828043,5.37694368700323,6.33263999199976,7.59416984627865,8.91057627155186,8.89970078078771,8.13977020198578,5.15450473118219,7.76607785750107,7.32826662262887,8.68793293721676,5.19245672584853,5.70916794693254,8.87187855745681,3.46448512089807,0,6.70253759495125,8.18726310816612,0
5.90440771453981,6.74212563386853,5.46983072462539,0,6.20816740159221,9.25682311418916,8.34482117339593,8.75333825557412,0,7.50092189042864,7.19211433632984,8.83161991592598,5.12699509521245,4.89049949285628,9.04019004435063,4.53410373755423,0,5.99918467012312,0,0
5.53859331660255,6.87123651228172,5.75675435942231,4.99599531735674,0,9.47657406362209,8.63229886836655,8.20289879824631,0,0,7.35402958152864,7.85579270916887,0,0,9.51137046194746,6.67010704146505,0,4.7918157142621,0,6.44155241765842
6.10622078440617,6.30665842522001,0,3.60332156575229,6.87691455543046,9.0126013748837,5.24875940769969,7.93671018971349,0,7.69356367940246,6.37825638995052,8.27342592580616,0,4.81071986890125,9.30644114826764,0,0,0,0,6.37584220288566
6.6979227417276,7.23812320788385,5.57689562475035,5.58436059683129,7.21629824210125,9.4365113360484,8.48929770509748,7.99967522378912,4.57677071146639,0,7.61124875159623,8.57416692153653,3.98675935154216,4.65281683945544,9.5187511134034,5.15750236990581,3.70549071991913,6.65088688451631,6.88446618100418,7.51311441738977
7.26465319806007,7.67245538462699,0,5.44155153463394,7.22972282940047,9.24643505032385,9.13973656076518,8.35100636693785,8.01542641213859,0,7.34286332818689,0,4.87275158673287,4.61482344301623,9.44505669964301,4.52623519789995,4.66833276094573,6.5423134465032,0,0
7.4080395372684,7.46951163141667,5.56398386494214,5.78649852882947,6.99742229331008,8.87801094206856,9.90533584339375,8.79678059021755,0,7.18006225812756,6.29905953489164,8.63454946935783,4.50931986033126,3.81529181646837,9.7852275281387,5.24396677179795,0,5.50227809844547,0,0
0,0,0,0,5.37869847849485,8.47863945578399,3.86597906692674,7.72285457029283,0,0,0,7.79176659108883,0,5.21965287536435,9.35812224249539,0,0,0,6.85510316708324,4.76388187714291
6.29262413840683,5.64795258969553,0,5.20817381669507,7.03992324255955,7.81130519020546,0,7.52475009134184,0,0,8.04668703592534,8.7841377196732,0,0,9.51989645434091,4.42196824176683,0,6.21106181779553,0,6.29962916271958
6.96540135167495,6.6842241525704,0,5.18301874218457,0,9.0011699896346,8.45916781363634,7.95783187110118,0,6.96264111246641,6.93099317544932,8.09724977662738,0,4.21019981497257,8.97242322655335,0,0,5.38389855463824,0,0
8.38629604041436,8.00447243969579,0,0,0,9.65982236550112,7.97083364990696,8.57615054175476,0,0,7.93608457860512,8.67176321187935,0,0,9.02482853163509,4.85771718767154,0,0,0,0
5.69779793630894,5.73152733496476,3.50915452316725,0,0,8.1739984090342,7.48145428831663,7.38793817326965,0,8.76772931689808,7.71339597476305,8.70269136408592,5.70877001616724,6.21650629570527,9.2535818372152,5.50776759073024,4.38688979033987,6.93854633140022,6.39467712016285,0
3.09919098192222,0,0,0,0,7.92710788666461,6.41454033947581,8.65496358676006,0,0,0,8.13462591551155,0,6.11292968438916,9.41104197605157,0,0,0,7.02841417538398,0
7.89637783516431,7.2041715966199,5.76788340006272,0,8.03203206553065,9.47895429733515,6.74672935204822,6.01783867199308,0,8.92321814278292,8.25321983305125,8.56792052567857,0,0,8.37761843152134,0,0,0,0,5.66233528474203
5.86878830924047,4.33519704731708,0,0,6.30422939992723,9.80927027529617,7.61556937258548,0,0,9.43219509310546,0,7.75858546478434,0,0,9.51702327978664,6.05335895064557,0,4.0886617790866,0,6.54016382330205
5.85424063121706,6.72398867861545,0,0,5.73560408697916,8.92540784937871,6.14581520693791,9.34941512176685,0,0,7.74403263608588,8.65701774052721,0,5.72854012578193,10.217936913218,4.72455194300817,0,4.39222445965033,6.73675341207087,0
4.82181265095994,5.21683612468015,0,0,6.01966320146666,8.30528874409062,7.58158201597664,0,0,8.79642667483593,0,7.35712881367507,0,0,9.59223656923795,5.62726133674846,0,0,0,0
5.66049215855733,5.50293028124281,0,0,5.72928776506456,7.52558606523263,7.93988582634941,7.91110771991258,0,0,5.95137145354154,7.48003905943078,0,5.60126975203566,9.39111907251262,0,0,6.84427220066878,7.90754857248027,0
6.1338317883949,0,0,0,5.39417285219156,8.40595990921795,6.07541499422791,4.88552548305341,0,7.64542639342155,4.75969222542426,7.88693442130976,0,4.94199950170612,9.56555725345829,0,4.94092788167144,6.6842241525704,0,4.8168077971161
6.76717049816826,6.56482825497091,0,0,5.46940944139044,8.83603230281171,6.46195243408201,8.56826266075683,0,7.10755650565674,6.66965036252777,8.95851824340872,5.10812491537351,4.89746659599062,9.6353074085804,4.43153082957697,4.9351930989294,6.49529576696101,5.94772162416006,0
6.58548176176074,0,0,0,5.56179639405165,8.39322959538473,5.29395787777058,7.81023913307652,0,7.97456381405671,5.93946047386119,8.7901092813549,0,5.32349766507834,8.53714286672386,0,0,6.68821771826191,0,0
0,0,0,5.47046231689043,7.35691186071473,9.04589016700119,4.47209583176275,8.0381665771992,0,5.75984769858915,8.38322970545283,8.38794973529508,0,4.71133038181648,6.81672492763247,0,0,0,5.26336353728451,6.2940106012083
7.48674222859682,7.59281988334873,5.80386910781132,6.5055598197416,7.74548753449964,9.95745950611069,0,7.8159977099967,0,8.02886916383004,7.75000326734437,7.60734665106596,0,0,9.25969228309815,6.16440894208934,0,4.59552380893629,6.3798513136814,7.06755000119448
5.07891680151266,4.67292228803891,0,0,4.23642266081509,0,5.27002076739292,8.56798896205937,0,0,6.22378585368796,8.62746363363284,0,0,9.36680551422491,5.54466950299913,0,5.17547153654919,6.11416878708343,0
5.19489940734955,6.21220521380588,0,0,4.85888173886872,7.93311922590841,0,0,0,9.00623935523929,6.41186752758035,8.48857970222549,0,4.19945504662472,9.24283660331831,6.53509612259915,0,5.2850294722211,4.91147772256304,0
7.14133221277812,7.09464140227367,0,5.05043276397032,0,9.29430461115327,6.24833296782381,0,0,8.55282091905924,6.95545913905115,8.30316298711856,0,0,9.45840285173281,5.07523631328078,0,6.19129852898657,0,0
6.96165617063093,7.40444952348092,5.02854069796509,5.40195640130752,7.50769556627905,10.2831321622298,0,7.90387331071585,5.38458680170021,8.96408171315592,8.1556550125258,8.2532432704597,0,0,9.87129488471393,0,0,5.21003245168046,6.20726117575914,7.34025821499186
5.5599121042365,6.110424667506,0,3.96195537417635,6.14851103004727,8.57762767751096,0,8.16061824247784,5.61996598856309,0,7.56012213082046,8.07324709648979,0,5.31261467124886,9.64752376126966,7.24686688654028,0,0,0,0
5.63189255362788,6.10273754951741,0,0,5.30225958578066,8.60108570981882,7.30937299536141,8.25337346828246,0,0,6.73774956983078,8.24857883575718,0,3.76838355522654,9.71601877148252,5.60274593047843,0,6.05888952342277,0,0
5.89197564860724,5.70364913243319,0,0,5.95845053248922,8.60634444390498,0,5.60097425467452,0,0,7.02326016607198,7.38991596089433,0,0,9.96203472382811,5.12020693052555,0,0,0,0
5.65895943104788,5.05407785193909,0,0,6.51970760291104,7.93050831931745,7.27596148166655,8.59515373288545,0,0,7.26309132699962,8.28858222096814,0,5.5582941679076,9.4150103324339,4.84158527949554,0,5.90533459972693,7.75638368237571,6.88144210398955
4.83238543667235,5.98522009101065,0,0,5.3099000277911,8.39398320647336,7.90645883067067,8.54896507696199,0,5.30757438781071,0,8.00340317818623,0,3.95661388875602,9.54843985534155,4.96298448062025,0,6.21242571876313,7.53890470791426,5.63278760049858
7.34562949228824,7.43733003413584,5.11150574448122,5.61553396910214,6.87217991346822,8.70841502299691,8.14510289628128,8.48731731891323,0,7.51266669693457,7.42544131620477,8.88517932200193,3.43334183498872,4.90082042808905,8.48232220447276,3.65816248145188,0,6.85288718154058,0,0
5.79736388827773,6.31115387819474,0,0,5.67589727116667,7.41029264987778,0,7.6785484512312,0,7.79630475587457,5.48442341975968,8.68529242203174,0,4.29633257146352,9.61663846638824,5.98257515326207,0,6.35855258609514,6.21152334546027,0
6.55578354331397,7.35159458820719,0,5.61276307626903,7.12211637720838,9.12163374067279,8.73626928181541,8.19249575889808,0,0,7.46782810531674,8.80811501021785,5.25473113838511,5.31669741382947,8.69902629560331,0,0,7.01898354566785,0,0
7.31634882176483,7.44333595241365,5.27694050078845,5.75928025114162,6.96027182489238,9.4329878002417,8.67996658853438,7.95185858214985,0,7.24765022288085,7.73250511835479,8.60146264610358,4.23352662635544,5.09742442416865,8.9413334941215,0,4.66889587686864,6.68138151614764,0,6.15723319056087
5.4006934331649,6.30342451201929,0,0,0,8.10084103387101,8.19553508175618,8.9379185999123,0,7.46519155063943,0,9.22126052942517,4.15982014418101,4.47232427265466,9.46626858480974,0,0,5.82535092915824,0,0
0,6.23949581392997,0,0,6.67640312911804,9.07883435546346,7.46635340641958,7.82968607574605,0,0,7.64500546565228,8.30919683984887,0,0,9.06796195962687,0,0,6.28515975437314,6.08468162881912,6.48487948061418
0,5.56731343804434,0,0,0,7.94961024983112,9.0543880702023,8.46221944826802,0,7.53621992803552,7.17927748123439,8.12403800437502,4.88295342626062,4.15747584366219,9.15214224134742,5.62693742679259,0,6.58770151849905,6.92049379843032,0
6.57676200539318,6.49748363797989,6.13285559654993,0,6.6108979085949,0,8.60850447720014,7.55048772647491,0,7.33039865874298,7.31715928609894,8.29238325244902,0,5.30648392921443,9.24579438462714,0,5.12586692954935,0,7.84331516254633,6.57490846257596
7.455859346301,7.35725641107991,4.56372299607392,6.14987755885026,0,9.3573801146255,9.09970597381565,7.19891629289335,4.64669593281659,0,7.91929800714981,8.25013954898254,4.46279984469636,5.00381206874813,8.76653456338997,4.81267204131234,3.1629401925379,6.89070067241595,6.44160023442458,7.45737267776675
6.30120772398717,6.49846285603959,0,0,7.49328384073172,9.63714940263464,7.76785230800361,7.89855590222966,0,0,8.40863200351185,7.36323519789923,0,0,9.22644007346561,0,0,5.46704696982252,0,8.04621308557237
5.15184546264778,5.06852677251203,7.26368694675957,0,0,8.82484405382901,7.617494054635,8.3155811641514,0,7.31033623191044,5.43886161154034,8.22190090124284,0,0,10.459952668026,0,0,0,0,0
5.69480899985709,5.71784973186764,0,0,5.63268023716305,7.6560485722838,8.42230212377214,8.67872002895349,0,7.22422158192754,6.96565619487698,8.25314430877602,0,4.63463189613771,9.95215866199978,5.5840224861156,0,5.88554832151643,7.62230674467575,0
4.8656865903671,5.31133230362553,0,0,5.56933637810328,7.90220263329647,7.83235539212743,8.56105695506263,0,0,7.04167409654792,8.31903489279594,4.0994979274629,5.6147690949959,0,4.87641795197645,0,6.37783177952421,6.23685870735701,0
6.27217864954412,6.13076986350624,3.81837144934669,3.34920208654377,6.25984911466778,0,8.52324683110927,7.85633893605255,0,8.19639270882923,7.53695043304957,7.96831603740284,0,4.23743429468993,9.74743005588864,3.84652402319545,0,6.82429758019181,8.01058864634947,0
6.64467475806423,6.16430378851244,0,4.36665915754276,6.79392566823293,7.94478290180565,7.62245355737238,8.35070403805842,5.30648392921443,8.03116098816746,7.25990399498836,9.0370542722204,0,0,9.44455837455864,0,0,0,6.77187828043078,0
6.02832671184055,6.06066406390899,3.6793340412704,0,5.88898875551875,8.92401471251356,8.21170553624666,8.95436237184326,0,7.17898779630285,7.59293580989175,8.56690864166216,0,0,10.1974995486828,0,0,6.00807581291318,6.59004002512214,0
5.61811564789911,6.19174880427611,3.88752537382775,0,6.19750263051925,9.37162554070404,8.07603665489622,8.18678731715461,0,7.66003891576566,6.64441453791651,7.74656003196445,0,0,9.65425025124685,0,0,0,6.84980831902729,0
6.84527330836081,6.56033735630608,5.25080638387699,3.20680324363393,7.00716613043729,9.35190937628317,8.81199188057269,7.58992745388896,0,7.09396094949739,6.64512998044822,8.23891212404836,0,4.76796907629318,9.2280329315071,0,0,6.57011235737658,7.74024257382985,5.97090463314262
6.53258171430385,6.16207192671936,0,3.86030856974147,8.05829249584849,9.26215453069035,9.10120607789878,7.86491920406587,0,7.69528948609881,7.38671864959934,8.24164520230743,4.04147107261503,0,9.22694180247361,0,0,6.55438914061795,0,7.52924532777785
7.31561751169002,7.12124437566749,0,0,7.16730018818462,8.82088984320834,8.87245914319155,8.59376341545257,0,8.45235169105176,0,8.59518703236431,4.70573924090979,0,9.26694752278747,5.51483904155336,0,6.38266168341844,6.17117854049486,0
6.23362610425795,6.31644240430346,0,5.04497230650071,7.48768896760007,8.95170305380833,8.70924393250005,7.68216903337043,5.01747849257825,0,7.79488492951331,7.10122282118635,0,4.89320219720416,9.58163492671371,0,0,6.63944436820961,7.3581491373337,0
6.33462862901877,7.45401947260595,0,4.70465346447304,6.90394804063918,10.2202890103116,8.49641889219976,8.01021681644408,0,5.35370476862759,6.41552240057346,8.48602032727733,0,5.11126463537818,9.67800376500402,0,0,6.36967835530883,0,6.1834682469808
0,6.21778305291584,0,0,5.86371639923919,8.64041562888958,9.18342436447421,7.95410889515446,0,0,0,8.05690224102429,5.06625919784425,0,9.68974962929601,5.16472882943366,0,6.93550662351296,0,0
4.76626810633042,0,0,0,7.46655359001721,8.01090061119953,8.34897570298855,7.01032089253726,0,0,6.66113837148229,8.22813684174462,0,4.82189316949938,9.39391114817057,0,0,6.23515554630985,6.1727021833389,0
5.57560813593269,5.58781029840378,0,0,6.11330600289187,8.43654696833057,7.77712210414457,8.80528817860699,0,0,6.97106804919389,0,0,5.96324509753308,9.44255465949279,5.21504444735421,0,7.39945924354054,0,0
0,7.51676513033578,5.74859649044599,5.73201353499703,8.07613613820487,9.38039533411459,9.2582062996468,7.50914894729047,0,7.56965943980215,6.56446183070388,8.30625732220976,0,0,9.30705865085262,4.56455650310279,0,5.93423260115285,5.43594660153607,0
6.12012157931624,5.90582495606236,4.85460507125637,0,6.27191427912186,9.16639370909375,6.69901992921631,8.14266554641033,0,7.00128205127842,7.35865890903075,8.08385624733845,3.65480547378018,5.33773036890487,9.18649020442932,5.23989344641032,0,5.9575716160848,7.97804353609884,5.08864516773128
0,0,0,0,0,9.11770191992661,8.6447540457967,7.77146346468808,0,7.09304741922092,6.2375039758991,8.29950970677139,0,0,9.85497459994002,0,0,5.80202773682843,7.67359049549195,0
6.12330388401329,6.91740853601028,0,0,7.28315972560514,8.65072358404026,9.16045555889719,8.60638469021239,0,8.22510141047576,8.11509939404839,0,3.82581130860908,0,9.02024346534212,0,0,7.30921905911079,5.59760681204153,7.28438185872257
0,6.61494005441861,0,0,0,8.3429278956294,8.26319344661231,8.63848296017951,0,7.29275233845044,7.60848861178746,0,4.69993476243251,5.04902232650096,9.31392531223256,5.47332054253431,0,6.72995548359872,0,0
0,6.13331127133622,0,0,6.44171179798804,9.06271237313812,9.05346665471205,7.91442039326537,0,7.03886248564078,0,8.2926686870251,4.32068300443283,4.43828881368201,9.36765176576597,4.43615964325381,4.58077502915337,6.63481730940411,0,0
0,6.18183694209165,0,0,6.488612050439,9.478656121937,8.8591659864758,9.27349355898138,5.65798283440928,6.93613863337391,6.19687173493189,8.45115808428564,5.42256832888589,5.52457606076239,9.47306610956593,5.04850894652434,4.9622150614937,6.20867050575544,0,6.2688121524357
6.51225040266823,6.8431420883902,0,0,6.98302043847911,8.93363252845723,9.08319085749186,8.2510821164126,0,7.60739136101021,7.63466116768278,8.72315314677559,5.49429524978948,4.82871365732363,9.38124702595484,4.88816629644916,0,6.93359844893966,7.22368947510001,6.29639082983753
6.14452892283482,6.08183070718145,4.59955444720246,0,6.88416930384261,9.14694999147283,8.46356243043886,7.63507197531218,0,7.05102410851239,7.30847581605954,7.77200717546421,3.14285833844428,4.86043236718376,9.06021258943582,4.1959982159486,4.47449186234598,7.10954443963793,7.64921155563587,8.09612600135551
4.55954500796182,5.60804220237537,0,0,0,8.21155350857733,8.49898033975684,8.87160076681657,0,6.59512456116639,6.61353185848693,8.41070537392573,0,0,9.88993107735334,6.60477004145489,0,6.35659365369327,6.68326081559697,0
5.32850703771109,6.08073378986586,0,3.48461898980123,5.44535710919735,8.40918695670609,8.9115380312279,8.68136096083006,5.1676960213396,7.04503588451617,7.7685544423516,8.54217454280535,4.8224566178179,5.57852154914386,9.26263866118722,5.42877529090401,5.02585225990112,6.89546000088799,0,5.12241516155627
5.40703723326228,6.0114142224156,4.52861306326594,0,6.61151670384724,0,7.56536336092142,8.22246502007734,5.3661629134431,7.1176676834472,7.316328884037,8.15296119330878,0,5.19011949607005,9.4136076932856,3.97668651875387,4.90201019622464,6.88058961090937,0,0
6.00129110792572,6.58581296984524,0,4.48062685091349,6.14628643019935,9.21209882499105,8.58441810097912,0,4.63434056328787,6.97286863487055,6.55682096888647,7.59061977346504,0,0,9.89754493008045,0,0,6.06510991227559,0,0
4.79744207363521,6.64890682679715,2.92154737536461,4.99396375980828,6.9200592734383,8.08854952396041,8.24873841739202,9.38128074139651,5.42613873798592,7.94393172322666,7.26107058565441,9.1038703521573,5.35818876358543,5.89255539877877,9.0786472886253,4.86337195311736,4.88408897276972,6.87869715138212,8.03524005028597,6.46938984194541
7.2850335099956,7.64537378713891,6.74779777212109,0,0,10.150624935765,9.42457233275965,9.2297899957975,0,7.70663990415326,8.06897297152004,8.73892294378754,5.59128544342906,0,9.29927573025956,4.79702944726253,0,6.71329636152784,7.40539839403129,7.19816861812693
6.9806618154152,6.98537351152808,4.9337542497603,5.21575064289107,6.5180404809652,8.97543289624173,8.91283689369338,8.49584288708558,0,0,7.23065728366391,7.4746190226264,0,0,9.36243465315004,4.45178587908873,0,0,0,0
6.45664405898823,4.87037656167469,0,0,6.0934343206917,8.49737408398426,7.03359466382128,7.02100360391747,0,6.99132407040145,5.40600517196495,8.09649159531266,0,5.79142698450825,9.60434000197507,0,0,6.99578447115545,0,0
5.54224345704477,5.57249617896207,0,0,5.95770091695517,7.93797451623526,7.91616200376385,8.59164181982574,0,6.73240139150378,6.75919726434099,8.12373866662051,4.54020490713573,5.42384808899525,9.53101708498405,5.17224380929267,4.68425859230705,6.88489598483605,7.86550652148174,4.29891672795087
6.38489081160439,7.04553264469145,0,4.33270507934117,0,8.47633369619284,8.30633881787757,9.06709913386528,0,0,7.27124494983288,8.82843406320329,4.64410239598988,4.46544824281295,9.50186754255423,5.49560963427181,0,6.37902023467258,5.36072862666943,0
5.55323086595105,5.94905274785094,0,0,6.31779625621836,8.24685320527105,8.47524347792657,8.81796718939432,0,6.79192907747634,7.29629122742887,8.45134821724042,4.5485998344997,5.45009380151383,9.00896075862445,5.43920910524552,4.36792771029438,6.76279886868815,6.9175570839544,0
5.55202891942866,5.79966824635148,0,0,0,8.74415344982857,8.72850866601547,8.68617280567224,0,0,0,8.30292018027022,0,0,9.26153716170731,0,0,5.50305251817889,7.43111600900121,0
5.69457353557089,7.06989963833727,0,4.69574188417248,6.88859284671738,8.11417209427868,8.20197272765082,9.26855267472452,0,7.90409487235705,5.81993455139223,8.6764849190955,0,0,9.46485079871989,5.45296792141695,0,6.580861026674,0,0
5.46586363775984,5.23766461933609,0,0,6.62575039409464,8.40621023274006,9.51194014238695,7.84800860094751,0,7.87324751898363,6.30911795805575,8.47463009873052,5.45869149760917,4.34601078046951,9.10355550908394,0,4.93310609158702,7.25566189322901,0,6.44386094990058
5.58428547099548,5.54860904978126,0,0,5.88510353111657,8.11151105976017,8.65969051964478,7.79253057565634,0,7.98366513999405,6.01224708629051,8.18791660390481,0,0,9.72553842273593,0,0,5.95594099103894,5.83673870190483,0
6.86472250916472,7.22446203047453,0,5.65868050074378,7.71747142518029,9.48206835201202,8.64120213913134,8.13970019052137,5.19034232488274,7.1438782322444,7.11482635731622,8.26665274924508,0,3.77138067562568,8.99059479101621,0,0,6.56626447036844,0,8.27144609389217
4.75212359894425,5.66129242303525,0,0,5.27755327719531,7.82886239344187,8.05193349192105,8.41939070840285,6.23736713554271,7.19580228483762,6.68695897073628,8.70903759496578,0,5.43920910524552,9.39910777625353,5.33378103082361,4.69171478738828,7.61576151494878,6.94858047349727,0
7.19865467030859,7.12736459222809,5.51019772558354,5.74958405045681,7.42243347206362,8.84222596039883,7.4746927691483,7.84167372572454,0,0,7.43625184785869,7.799376198006,3.16378585855024,4.04690348762196,8.78394474073641,3.29694736028836,0,6.36765531251215,7.52164277855645,0
6.33771029555618,6.31193442625169,6.29438000020035,4.4444144071087,6.95720237018489,8.76094845439428,5.41021645904545,7.76107639168149,0,7.00860463464123,4.51096939058926,7.65349965348302,0,0,9.6262771271738,5.85810456836269,0,6.75007169913971,0,0
5.97916420714514,7.36944317818658,6.07922356121399,5.6310684023674,7.46415447064262,10.2930095757232,8.77978204604609,7.56861167884352,4.74013804639858,6.91968384984741,7.65996821990629,8.02537576182092,5.00475135093728,5.24052934278064,9.29439655334009,4.62055128802639,5.776599137238,6.584625632792,0,7.06937230188441
5.25723492144681,5.58796001581245,4.80998682060942,0,0,9.45929980721426,9.18839737572373,0,0,7.62415012626177,7.26887831547289,8.41402360724758,3.82777145298056,6.19142135144686,9.52379252512153,4.47676847118357,5.36761019304399,6.78044449817067,6.61323655647137,0
5.25001958114028,5.91312455565673,0,0,6.03512251644745,7.46194494352926,8.61995373006118,8.85704399994465,5.19667216278584,7.08962673449571,6.75830354181134,0,4.31935304014582,0,10.1763770016371,5.72521775537627,0,6.50684478286365,0,0
3.93905434447918,5.07442353384312,0,0,6.29299404981727,7.97549934182103,7.78648951212966,7.83284716680936,5.07816932421363,7.74967154165692,6.58873388677453,8.25063052598438,0,4.94442426398386,9.13951439280206,5.10957524195116,3.84673753872952,7.20985048144566,7.76338688844472,5.70111224610032
5.82375570268187,6.45888672226636,0,0,6.14504363503628,8.51678110652092,8.09895586467207,8.08627795887804,0,0,0,8.27668473913518,0,0,9.37764980864963,0,0,6.0153763671543,0,6.02158144601179
6.68673447304891,6.30904516990563,4.92464158092928,0,6.73498397302001,9.71892749216147,8.57167758881435,6.90828513858174,0,6.96623171274099,7.49861499499994,7.76801731158964,0,5.20581823205111,9.50081354567844,4.31668779336554,5.08592827813169,6.88410786997614,8.65672380268859,7.77581329128575
6.49614130528709,6.41769587039995,4.91683730369033,0,7.07288828879284,8.80805669773619,7.74733341885412,7.69811083662949,5.06833800422454,6.83288085933641,7.60106244674345,8.25801823569252,0,4.06697336542597,8.86693415075204,0,3.04213864636815,7.1110715626966,8.42896725897083,0
0,0,0,0,0,7.44225250648143,9.12305113820612,7.78277391505565,0,7.45653543001089,0,7.96352617440509,0,0,9.54144106479549,0,0,6.87818227663977,5.85220247977447,0
6.04130178195515,5.8571614282079,0,4.39444915467244,7.21636434639181,0,8.15736470886883,7.92786173393624,5.0385746627855,7.24402035128916,7.44468130442607,0,4.68240896632889,5.5845483867325,9.12238746097339,0,5.14987536118776,7.16135819778104,7.65018297965786,0
4.5128355747853,5.26806432337702,0,0,6.5057691123334,8.1251841430944,6.2845818220497,7.88249226174468,0,7.23415553449395,5.56306340771676,8.08342736934149,0,5.10788298964353,10.0100433535557,6.1845405667998,5.06037738599107,6.5805281741246,8.19569508087376,0
6.36339010697483,6.25759095659405,5.11895143757971,4.18418526622189,6.8004595586898,8.4709858887863,8.21875481006489,8.2283504456437,0,7.31392680418565,6.97210940812055,8.24682699672969,0,4.26605445842146,9.55771722230878,5.67077707304222,3.59977497903112,6.23113084297485,7.32001723609057,5.8831273834036
6.34558372786456,6.18326189973893,4.79231343306126,3.12148347885955,6.92125376313348,9.47028633008116,9.17632950398086,8.22413938366043,6.17638688560199,7.60889543047101,7.86408561939244,8.62110265480675,5.14440832419076,4.94577672174776,9.13608438886938,0,5.6251360139982,7.17018108001775,0,6.03574455579953
6.17209717846997,6.82245879436005,0,4.4062313233707,6.69315017118798,9.35052831055859,9.16477485304529,8.14792499861989,0,7.25991805840028,7.46619895168738,8.55232864818449,5.41209238080688,5.56849716386368,9.56026458089138,5.23495149092622,0,6.85802917695948,0,0
5.77016304817308,6.42942911330673,0,4.35581098785547,7.19841541260448,8.37429694222931,8.4047744919465,7.91990513087446,5.20075966295323,6.83338727302256,7.29755160367568,8.03587458861589,0,3.91222298543081,9.60555310362,4.95265301155791,3.90560243762522,7.098565703172,0,8.13673479290628
6.16165026155741,6.06162007578038,0,4.45399839818635,7.2753523586464,8.49776569375014,8.8413499023148,7.58484421329338,0,7.63076704027134,7.10352763350021,8.2369579887393,0,4.84387207621815,9.01480833982837,4.07175806354931,4.29714934254078,7.4874537670345,7.09751576487309,0
5.40564594430056,4.52222326516716,0,0,6.13977678779919,8.03887993263053,8.8468263806897,7.45106164555275,0,6.70157945808549,4.6837040636422,7.74965861505203,0,4.62683382562412,9.92126361793829,4.75960653929251,0,6.95225051886869,0,0
5.74418838262445,5.37393491300663,0,0,5.90794705937261,8.41919440053413,8.31610707634598,8.45382305411903,5.30573975236367,7.13469162853504,6.86642273748829,8.62943020964293,5.49585588914685,5.18716231718187,9.53942826848658,4.28165366052709,0,6.85612508574528,0,0
6.48643514154987,6.11432356701984,4.44547080723042,0,6.08997414875405,8.72805037346296,7.215159093106,0,0,0,0,7.07525926242567,0,0,9.85980731044863,5.91622901642208,0,5.89236218606477,0,3.74950407593037
6.23380269776958,6.49273971006212,0,3.68737832798767,5.82750340164596,0,8.19683364538561,0,0,0,7.03370046899878,7.88454262448003,0,0,9.52434786959551,0,0,5.86949463369877,0,0
6.48208236150262,6.95755445773462,5.6907647775749,0,6.3560034886035,9.6876671216017,8.4323714154996,8.60891512296918,0,0,7.02219049471562,7.76063325580622,0,0,9.61864145490356,4.18585967105787,0,6.19403797667748,0,4.94534982739763
6.14930128222154,6.82117290086842,0,4.76413781708374,6.48670941890695,9.33394642093536,9.15409271973754,8.1243194779354,0,7.48712327277453,7.36471799393797,8.25610631074657,3.70819176514631,4.74188400930391,9.45078931744675,4.72526166624591,0,6.76960753309055,6.7111197645487,0
6.6189125332096,6.49828214947643,0,5.00273752196911,6.69264189936319,8.68973373635509,0,8.19689150387753,0,7.10802316605515,6.87954097250096,8.12640287984137,0,5.53741300407617,9.5096372308902,4.07090533048834,0,5.2259079510299,8.23559126403013,6.46118688679552
5.91452950563386,6.65357245507076,0,5.25143538064791,5.97138938267693,7.80068321366934,0,8.05667087215949,2.15871472257434,6.96350214149654,6.05542477606686,8.63302053818138,0,5.5370192567781,9.48394126836966,6.43388819620168,5.05260862557368,7.15692518720055,7.60960944350233,6.97021351282175
6.64635155304977,6.42569526270299,0,5.43820973519993,7.03840627725092,0,7.8171704281166,8.11713643178983,5.02558958587807,6.87086305279773,6.97530177163401,8.28480201229523,5.46987284318915,5.16335638111392,9.58755688581203,5.17699683131148,0,7.10203834417534,7.7037387921286,0
0,0,0,0,5.82408086267823,8.65165240348315,8.53244233004563,9.11931987829816,0,0,0,8.34085211584131,0,0,10.7755024154602,0,0,0,0,0
0,0,0,0,6.90454011588014,9.34881452898986,8.63574926153781,8.42466773068017,0,0,0,7.72089638271785,0,0,9.64438645813328,0,0,0,5.45754087209601,0
0,4.05543046872288,0,0,5.71373280550937,8.44412129773242,8.56049403105973,8.70893853782458,0,0,5.94306180787981,8.8121944134254,0,0,9.66548413831489,0,0,7.07246430845918,0,0
4.19675071805349,5.71270917947272,0,0,7.26222178611849,9.22948592069841,8.60400371490282,6.61583758225868,0,7.91170151368566,8.53554378462883,8.56298648850971,4.93325016304671,4.98552259328118,9.06880215295532,5.14014193158216,5.14189744727673,7.37267098667893,0,7.26898981217689
0,3.20030443928277,0,0,5.75931178444868,9.17254400396158,6.56724891620499,8.84374639669445,0,8.04911410904155,6.666816833526,8.88934140448992,0,6.80914967522802,9.45176382319801,5.57242015645937,0,4.99653636971675,0,0
0,0,0,0,0,8.410707598652,8.00996442453124,8.95683296945545,0,7.33494926255387,6.66191867712025,8.84421375854632,0,0,9.15456758594577,5.22961016853825,0,0,0,0
0,0,0,0,7.25469397914943,9.8253368039787,7.64104582384493,8.28335263055369,0,0,7.78711228056297,7.0734815594264,0,0,8.47842533570754,0,0,0,0,5.27617400186235
0,4.35105183037445,0,0,0,8.27703826363824,7.65661149020017,8.06008209515244,0,0,6.35964307043013,8.54465270431239,0,0,9.74022128502733,5.49782374809609,0,0,0,0
5.93410022971841,6.08160228194404,4.42938720603372,0,6.73237755786259,8.96042282474536,6.12983421637275,8.4903850426564,0,0,4.63918506457537,6.85593553025234,0,0,9.41455387518624,0,0,5.08438129598474,7.9494797054432,0
6.93881780443395,6.64552000619486,6.16522876072412,4.87672287650999,7.50194915159793,0,6.80356074996428,6.46088988417502,0,8.05364547782868,0,7.73271988416227,0,0,8.81497657342234,0,0,5.77343290767995,6.65466785129485,7.34351678132165
0,7.55109753067307,0,5.65815729662993,8.13686645019377,10.5718475535344,7.5144182163203,8.47364456634847,0,8.84409838086456,7.01112381195917,7.35100417091905,0,0,9.20800965797123,0,0,0,6.66305606470221,6.78400447154596
6.48772967954258,7.43875992978527,0,5.81496600361682,7.44082759969486,9.65370480777175,8.16708520913575,7.52033753220226,0,7.87466687921613,7.35400398087326,7.85773220601109,0,0,9.30131388931083,0,0,5.4476421346586,0,0
0,7.33582301229973,4.83469334426634,4.6263444212195,6.94145114283886,9.83444825139991,7.2784909065692,8.06621698711418,5.70926740488677,8.27463743658057,7.44977719851651,8.48273010279785,0,0,9.46995470499955,4.43390725655087,0,6.03624668987988,0,7.12197109641263
4.94875989037817,6.30760651725594,6.00223137621887,0,5.72100006427327,9.56725228783485,8.87224461816386,6.78145482286596,0,0,0,8.1558588378396,0,0,9.75710826373914,0,0,6.71043784394167,0,0
6.55247935595711,7.12763751799397,4.65757286478114,5.01615337478016,6.67442249327958,8.18072415478991,8.97752646311262,8.18768862411062,0,0,6.30411968062566,0,3.29879544804407,0,9.23585216114491,0,0,7.59699483471107,7.09168387712648,0
5.0606310804175,4.69052185308759,0,0,0,0,7.58838443498311,7.93100804340106,0,7.9032231132324,0,8.24294843252778,0,4.11789831517584,8.93830065087414,0,0,0,0,0
4.97948856509942,5.97832864771484,0,0,6.8720348327409,8.7405431214329,8.10613748499483,7.60497913858263,0,7.36463567403646,0,8.1925511018445,0,0,9.22500235780683,0,0,0,0,0
0,0,0,0,0,0,7.53366162377238,8.24518759834946,0,0,5.11060128543677,6.51098724147696,0,0,9.60712793889066,0,0,0,0,0
0,0,4.83429580897985,0,5.5721920542686,0,6.84146589264092,8.98643152790016,0,6.65532451354299,0,8.52067113634807,0,0,9.02935432299454,0,0,5.28710473933393,0,0
0,4.01854284880582,0,0,6.06406423952233,0,6.83169463236917,8.38947799474161,0,6.05970713720423,5.64371394819008,8.52902689612178,0,5.10442917338262,9.01119773066663,5.05948894831364,0,6.36638453338799,4.36093067137915,0
2.58173083442354,0,0,0,0,0,6.9690479129229,7.49074155152639,0,0,0,7.48153316644433,0,0,9.26234441372298,6.68999719994427,0,0,0,0
0,0,0,0,0,0,6.81162976688475,7.81951576476976,0,0,0,0,0,0,9.62510873694382,0,0,5.62538840722819,0,0
0,0,0,0,0,0,7.41039549350414,7.80424730355243,4.31334621436898,0,5.57249617896207,7.80216434385403,0,0,9.78959070585602,6.08424881220131,0,5.46450954141211,6.81146461866385,0
7.2229382123233,7.35238981687733,0,6.02383492713843,7.294255009203,9.50476218129102,8.09530902527978,8.0459632105086,0,0,7.62955794129113,8.24497756119837,0,0,9.5088659406466,4.49524370660949,4.75969222542426,6.53239251469042,7.98474548615067,0
6.73619560483221,6.92434687407506,0,5.04116449913108,6.97153726401843,9.38052186887597,8.24078071122269,7.76949267144974,0,0,7.58014347508214,7.50801384537958,0,0,9.48701710725128,0,4.39494285994043,4.00423748941596,7.97878737333905,0
6.50139477012234,7.06509230558192,0,4.99382817577987,6.82598107313045,9.99332368614156,8.6565237364051,8.02500284719442,0,0,7.7815100483317,7.71686606325776,0,0,9.5765100974767,5.41832015894273,4.54116485601218,0,8.14697842495746,0
6.8842614475664,6.99360264544096,0,4.88037473692876,7.33713871626078,9.52232229697138,8.14617298734112,8.419238518019,0,0,7.90465963245053,7.46776527492166,4.37537959195209,4.73162660994065,9.31853087942706,0,4.32691025211521,5.89748348363709,8.14815065454186,0
6.53935471501079,6.92956569324599,0,5.47273275177089,7.07794521096343,9.39669544984256,8.28406495865888,7.87966613101787,0,0,7.63290487566758,7.7909730812957,0,4.77735722830145,9.4942026583251,4.43426323400939,4.63812128612778,6.5178189724916,8.3679945632497,0
6.75935967356619,6.56446183070388,0,4.89701856730929,7.2611689106185,9.1725159635356,8.49613910136711,7.93334874574674,0,0,7.57227147674293,7.59471334643294,0,4.66739352916822,9.27269526072295,0,4.11382033872276,6.40564159581817,8.180374094646,0
6.75071542952085,6.84143383605034,0,5.43197375136071,7.02797090903571,0,8.40102110748007,8.04731115477782,0,0,7.75755999458052,7.835678095086,4.36691299686383,4.5975411588236,9.33631201153812,0,4.88605420393887,6.48966075447383,8.32607384733554,0
6.72994353766601,6.89489291226519,4.62761637481792,5.29611494299284,6.9249859742438,0,8.51748314937437,8.00022876369084,0,0,7.7913451174123,7.89539876230153,0,4.99321782005919,9.34470516722424,3.67325807321098,4.29578768655697,6.42144339002022,8.11417209427868,0
5.64495207559235,6.38598666517316,0,4.74031277993038,7.06811237339744,9.37605817960336,8.16269872564905,8.06639907243107,0,0,7.87435882472988,8.08287171430253,0,5.68958212525506,9.16876913851318,5.06272160729459,4.78013138837575,6.61255165713151,7.69429261546149,0
6.49523534400027,6.88719536501678,0,4.72152998710429,6.69111553200659,9.38079175619965,8.44181425808727,8.11717522068129,0,0,7.66883209933182,7.59770736064554,0,5.47495614020649,9.21985496434477,0,4.08412586202777,6.4429700103778,8.01780853612583,0
6.44559282719543,6.84136971978616,0,4.60426978074493,7.23421325413524,9.36773720591093,8.26417531308778,8.02890501400889,0,0,7.61296936076022,7.61650018016514,0,4.60477010596675,9.47438015505499,0,4.21862496273244,6.19303710849405,8.16251625014018,0
7.00521768653642,6.95550680871942,5.29164515677997,5.72469559623641,7.48646756260855,9.3500414429335,8.02599697733074,7.72763202207893,0,0,7.45792660808956,7.73974658955195,0,5.19228996190251,9.18918721312267,0,4.48074010760991,6.46471290651861,0,0
6.76632995395279,7.00523582910069,0,6.06352936200815,7.23130871176205,8.60681449292127,7.66937386175423,7.91749628028095,0,4.33454186810214,7.07589339125962,8.48223729100678,3.22207071576472,3.92256721930382,9.37617679251028,5.12545096852484,5.0316789810246,7.37445972189277,7.33172151420767,0
6.57939009125482,7.35869713143418,0,5.52098080262537,7.25505440700239,8.88792053625227,8.02581392233855,8.13409506688919,0,0,7.43283285941759,8.66796043960286,4.04059210622285,5.08078305399834,9.42428978645045,5.74550006800807,4.69473662934713,7.42211664463925,7.27841497878339,0
7.48199504200524,6.34475878288724,0,5.64116211267453,0,8.36354538512688,8.00169332705535,8.31030431418252,0,0,7.39608372841856,8.27767378471063,0,5.92069330955076,8.74988778595813,0,0,6.98188825082336,0,0
6.76233636607833,6.95017279997281,0,6.06325018186535,7.3751429896945,8.46814369362275,8.21286127641519,8.33584875708261,0,4.94847616218787,6.60578494712196,8.14310174255429,3.76236223087374,4.71894520024694,9.19783247333297,0,0,6.44909506919683,7.87953369647345,0
6.8875321632931,7.29985141935135,0,6.09948901130197,7.23018654376074,8.52250903723847,7.89115497557139,8.32232606705368,0,0,7.17682776218475,8.34816370238051,3.63257361790284,5.20070453768104,9.17312644388214,4.93433003788618,4.35581098785547,0,7.60627301227207,0
7.04882071926074,7.20443921283012,0,5.8496705414901,7.48531763105701,8.44959292123838,7.87257328332987,8.17037522178072,0,0,7.41784463176716,8.16742860160124,0,4.39185319549162,9.34041203663795,5.25598381353196,3.7706898293115,6.52505898292667,0,0
6.82585083936065,6.97625469540683,0,5.80772198115858,7.45082928869804,8.44027974914727,7.76656942875913,8.3550765339374,0,0,7.42808360867973,8.6185450832667,0,5.07904132676032,8.88677547608057,3.784416880823,4.38751156490445,7.05257397959458,0,0
6.01391073593781,6.78838598588438,0,0,6.13612750334854,0,8.56652225797074,8.61464652756495,0,0,7.30263792314977,8.26286078504596,0,0,9.65030352049192,0,0,6.78240745230848,6.41588224813283,0
6.8091827836083,7.13023460975071,0,5.81841982709424,7.48471128120827,8.46412358347538,7.75731629079485,8.20020863053839,0,0,7.14473072702714,8.36600046585896,0,5.17863252360206,9.26187913623354,4.91903157022317,0,6.67736050095373,0,0
6.70752226550103,7.28812819467854,0,5.45536384948732,7.5459551288669,8.61873301752641,8.45705457647932,8.13096290237284,0,0,7.40248810551487,8.63164624438495,0,0,9.16293424957891,4.46383700987145,0,6.82731499228453,8.07632575085167,0
6.9652880671797,7.15178322521207,0,5.85274830779475,7.39485567209293,8.5366094695794,8.14120435787246,8.20216458784562,0,0,6.4694053435382,0,0,4.25745498342083,9.14669212109708,4.93310609158702,0,6.69433926142644,7.93574837441871,0
6.76161906402871,7.09893746420829,0,5.88529815126037,7.14119761528381,8.2494732106697,8.06484714540572,8.33345543228098,0,0,7.35577527927573,8.37245177199752,3.91481909273015,0,9.06078063761321,4.60467006094641,0,6.6184986342084,6.78317796439718,7.55136026266693
6.42881584407847,7.2531164630206,0,5.99073928416839,7.49255972370505,8.29815868639638,8.13778756618353,8.1417780270558,0,0,7.14029455193671,8.18828904442286,0,5.01143497426682,9.36899233438482,4.99890003787783,0,0,6.693162564835,0
6.75966122073741,6.99259262781752,0,5.74932928961217,7.90758536735254,8.30526155106587,7.95480406132014,8.05360096513143,0,0,7.2064069646225,8.22022547382545,3.79098467705109,5.57670639208822,8.99307451313475,0,3.33719205168624,6.60355079344431,8.38607488495599,0
7.07265936173902,7.17253201571228,0,5.68470158684341,7.69528493643583,8.41954287562831,8.09134882979495,7.97136541053053,0,0,7.33182622008242,8.113109129225,0,5.58319551166708,9.45608263788857,0,0,0,8.1240202244373,0
6.63477789406497,7.11501332106612,0,5.93115706249823,7.48041138545728,8.54265428913406,8.04997288513097,8.326940264296,0,0,7.20251971220356,8.21736835982918,0,0,8.99323107785656,4.47869952193414,3.51601305609074,6.71780469502369,7.9375675347116,0
7.02011027612292,7.14037380065886,0,5.26077125047407,7.4152955117566,8.54448145677365,8.04817147993143,8.57333909283845,5.86476689406202,0,7.475990951592,8.31426394735227,0,0,9.10624017289678,4.54159120434522,0,6.55068025502206,7.98157269983199,7.13950171910361
6.74711693301932,7.28597251259716,0,5.44880419982197,7.68978292203596,8.73133958945916,8.29032270369439,8.50070195540718,5.0749862976535,0,6.91758679089543,8.27211328803335,0,4.29004839777753,9.26617235093466,4.35529757493186,0,6.54445845873452,7.38296408774558,6.91291196041707
6.96205405238952,7.39411196514064,0,5.98642687934064,7.81537653935245,0,7.70183317812052,8.45743681756343,5.40285754582196,0,7.26900374839084,8.39281973657648,3.5234150143864,4.80484038111666,9.11743639494266,6.00706719033539,3.95603989084492,0,8.39321148362612,7.68681406533834
6.97477821141263,7.43603960873515,0,5.87445308870929,7.43958281061979,8.71882215486565,7.80283871747847,8.52707619327019,4.9875713544977,0,7.12738064874704,8.27200850922515,0,4.95589747765692,9.10638997274781,3.70843695332947,0,6.84686874787046,7.89375862326759,6.98623368685339
6.76514277762142,7.32686684912415,0,5.53042065923372,7.77679506148774,8.7679332325462,7.63568545596451,8.4793480117828,0,8.57315566818623,7.12695506386253,8.7482922138863,0,4.37045999830242,9.30845570456704,5.77994072450581,0,6.95622158119014,8.2033560374876,7.66794877104316
7.03090168380384,7.40891837047697,3.50765729276328,5.9919894093437,7.62870729730238,8.77656066228772,7.29870893679528,8.32123183403824,4.87489193306288,0,7.20134983818552,8.05614454634533,0,4.66041566021407,9.20746925425947,5.76274296747971,0,6.6060959785995,8.26408257953439,6.466859865042
7.09516387482465,7.19640188612075,3.78100274298974,5.15779013141106,7.78683415859017,8.50775882742927,7.76508550363278,8.43522145770109,5.69716059834731,0,7.42002785540704,8.52571081326351,0,5.35200030346422,9.03551306302439,0,0,6.67132383334099,0,6.74718738615041
6.84799465880876,7.10785126387526,0,5.4496211406392,6.9524226704773,8.69527745019611,7.67254382068196,8.20321094827801,0,8.14096547467938,7.05254802388368,8.33201475763263,0,4.60346873934833,8.9463214393,4.40439948552561,0,6.71886821634602,8.12014853161622,6.03713078929111
6.85367916878347,7.19125612226569,5.24933718432632,5.44665116105373,7.34254615247213,8.63941967365885,7.80762390315957,8.40103009295281,0,8.39175240992422,6.5662222581677,8.370309046261,0,0,8.992240330756,5.18593223595325,0,6.68018946385734,7.94280634657714,7.15460754438315
6.472361750332,7.15416994523261,0,5.67921652071095,7.50995972853353,8.76030406234645,8.09032567704764,8.5902782119619,0,8.27539929866943,7.27447262874293,8.41490351146794,0,4.49155345920112,9.01364764279325,4.91221361191849,0,6.87892361231343,7.95682712209011,7.27059816201585
6.45736602401998,7.10086839685429,3.59511807429946,5.61633463879589,7.49330054493644,8.69912133750101,8.11397755135666,8.6351273267676,0,8.32060880228728,6.99977824362819,8.52866118192236,0,4.61075456428199,9.06983155075645,4.64487155283964,0,7.02377676401886,0,7.18473528810068
6.49167907176153,7.19603467300186,0,5.49819229092289,7.35268466032401,8.63796021499348,7.49451363758073,8.57347522134397,5.57871043866294,0,7.28234872342321,8.39858981937595,0,5.14801759577682,9.14249826667519,5.59734730769338,3.48031658611475,6.79422817399125,7.54995647325714,6.6928154846436
6.51312624795197,7.21447498031106,0,5.60270905256276,7.65946377774025,8.76031347251697,7.57982692243985,8.70157096607786,5.76403055500156,0,7.51164492546565,8.52365824782953,0,5.57587334270081,9.04133456576117,6.0396116474133,0,6.49482739349261,8.04368583126782,7.34139959735561
6.35344787660419,7.09559491646,0,5.52958780507385,7.1484951038145,8.73512639239937,7.45940225726818,8.56436490374161,5.43729639382949,0,7.33481226240034,8.14219715074417,0,4.96480075775246,9.22504177482907,5.57025108203168,0,6.56062039787262,7.44269188280845,6.49131516522085
6.01393518073535,6.8701987802555,4.18113369229449,5.40429769008527,7.31099123771529,8.743394463135,7.67012530458309,8.69761127107984,5.33107493078621,0,7.3619343578809,8.22871346759183,0,4.76106220594507,9.06308552779419,5.55501174137333,0,4.48514714338836,7.92271418265299,6.62143228256799
6.51354163508391,6.91858640993579,0,5.3081191715203,7.4059636387882,9.45348260979708,8.15548560494943,7.8111998511351,0,0,7.54251034382836,7.912712350972,0,4.6218306268812,9.2424686857277,3.88218216341712,4.88831698963811,6.23040270432083,8.1598866194711,0
6.3944432332962,7.1220921652081,0,5.84226824074586,7.41103046983481,9.46238231333304,8.52222053313026,7.9560492364281,0,0,7.62154786885261,7.96071447771396,0,4.77364633595999,9.17111605881642,4.16091227316077,0,6.00242921483267,8.25002199212734,0
5.58986695052631,6.30025354295068,0,4.9646611611863,7.31426650638332,8.99339382947745,7.8511240686914,8.06158149961748,0,0,7.7630510704804,7.7709447673237,0,5.43254226863927,9.30114039630262,4.80524979770375,4.62605066356745,0,8.78018341377736,0
6.5627265396778,7.25354822820367,4.71599574107698,5.13550427614213,6.80835474507376,9.48934238144285,8.44716549897244,8.05595423991969,0,0,7.46540341807992,7.62952878833041,0,4.18965474202643,9.3544753473849,4.61541750243964,0,5.89211371485164,8.01886909687317,0
5.67301394098457,6.42352289948567,0,4.61749393567692,6.89032423725246,9.20887630074675,8.30282849296352,7.99571098746172,0,0,7.68054970441513,8.14310464989023,0,5.16860723502529,9.40537247312932,4.84426582351623,4.36271638613938,6.27331087467593,7.77667344142448,0
6.56114381366768,7.36977713848621,0,5.41752161402651,7.11194432324449,9.59555515258539,8.34678913823264,7.95194658010836,0,0,7.88174116951186,8.11283347214067,0,3.47723206793815,9.3226149304581,4.29810139973612,3.78509831185448,6.21082093616761,8.19812502156888,0
6.69246828394571,6.89247919142962,5.56781000979961,5.35479221347602,6.91346892497471,9.28676423181924,8.73404338100718,8.00806945195658,0,0,7.79755007325232,7.83146244102364,0,4.89297725062802,9.12736846170786,0,0,6.3620448616959,7.91496839653788,0
6.40474900426828,7.00560767914964,4.58179919966485,5.52577161344933,7.04777805690196,9.21434235335548,8.25287862634831,7.70832085630935,0,0,7.48626011175824,7.72571407012759,0,5.14708741723176,9.32665566435753,0,4.17653879984809,6.60747417095384,8.24940001704901,0
6.89020211973455,7.0986318041247,0,5.31659923022605,7.02972509339134,9.49788493497397,8.05872596128483,7.70166140419267,0,0,7.34114030664389,7.26656194917707,0,4.78071885849462,9.59952025945398,5.11126463537818,4.27985547206276,6.35015246365722,8.34604893521241,0
6.42707081212813,7.10553999582946,0,5.31880603297535,7.01417623217728,9.41186797291722,8.44985823054994,7.86238556667368,0,0,7.43509577836577,7.75016262886493,0,4.65624345617209,9.37704054786718,0,4.75169183865086,6.18879786152237,7.92812130096547,0
6.67924736516878,6.91254379571393,0,4.57738780497564,6.87694549458861,9.38283042419018,8.44935750727253,7.49178489500654,0,0,7.55096088275148,7.51503951376191,0,3.95986033484231,9.63477115592716,0,4.51917647282112,6.34030639227506,8.1517744170813,0
6.81401586487919,6.81610041038042,0,4.70709480571002,7.12314887683628,9.34835295903422,8.41993311179228,7.96654507346308,0,0,7.8146378929791,7.70392825185319,4.68960324196292,4.36932126217633,9.56144784627806,0,4.46279984469636,6.1712203150792,8.24159514546656,0
6.93177449415965,7.67382758955664,0,5.99694947733855,7.53770703604494,8.89016403302034,8.05671207875192,8.50884040381106,0,0,6.42396099426718,8.01351529500857,4.13099787987014,5.09368884923154,9.00037214365299,4.61650569565184,0,6.19524177593123,0,0
6.18208490671663,7.22302576713632,0,5.54189079937375,7.8701201089029,8.96553130927419,8.15048811344015,8.01871107218149,0,0,6.98118230505898,8.00792635211424,0,4.86283109932786,9.37232315777461,4.9416424226093,0,0,0,0
6.89914834536669,7.36182640732215,0,6.11166687613494,7.26873892710881,8.72048009797535,7.88843577092949,8.20956688164205,0,0,6.74505986332336,8.09352948886308,3.53660201866836,4.98209863595407,9.21769327302137,4.42220842430671,0,6.63056464508376,7.39435173275165,0
6.53637270617113,7.11367942361096,0,5.65902915146902,6.94723557382579,8.79790653860787,8.1778219567579,8.11144204240227,0,0,6.91848748231116,8.08608406827789,0,5.16849337871184,9.38562892172008,4.83469334426634,0,6.59640873189165,0,6.23509676484951
6.34032402973703,7.10139586649581,0,5.76280581510566,7.04182277787601,8.79105571222503,8.18012477711642,8.25561541758389,0,0,7.00002447604547,8.37607653182595,4.40415498674688,5.09583391793013,9.23603735806337,4.90719885214679,3.62487412413802,6.78072840035124,0,0
6.46060843187933,7.07479397891157,0,5.47290072724687,7.12178542911981,8.7465096510683,7.77945442032817,8.66764389189699,4.99314997975524,0,7.03121108290906,8.22754385182944,0,4.41061409152579,9.02792001030119,5.08734939116396,0,6.63979739937809,7.20154366986568,6.48707500506749
5.85613153253683,7.10188188122585,0,5.65136574243107,7.05263454030022,9.11910079601108,7.93806017545439,8.29163923741415,5.32081244437541,0,6.94241754124414,8.1792530779908,0,0,9.32842558419485,4.54403918598386,0,6.41427829355076,7.48964682398185,6.63700898323656
6.10235723205961,6.93141321013277,0,5.35034039461519,6.88535628403866,8.82755609809108,7.601986871355,8.32756903543194,5.22181422056192,0,6.81534389361052,7.72410633143628,0,4.64439089914137,9.43657514055142,5.48105550322721,0,5.84629425594482,7.53382204385946,6.48776011908965
6.01415515702768,6.88945891669902,0,5.74268262361376,6.87132985536428,9.32436524346077,8.23012692931434,8.45300874092159,5.18161499676189,0,6.94665863409037,7.90908544484369,0,4.78565672683632,9.06903483887761,4.52526080275979,0,6.20887167657026,7.51758606586777,6.92857699467443
6.44273123101675,7.16408599352402,3.44967003511293,5.06783444784706,6.99796154686829,8.98364426781204,8.09735021536212,8.61504015087253,4.57892887478286,0,6.87818227663977,8.03778871232499,0,4.14820123501281,9.12999436831307,4.68923556110576,0,6.38768707384921,7.68620821612118,6.47127926483985
6.25935199223158,7.02677310752346,0,5.34496237437108,7.18911490683608,9.54927386293873,8.85381541678858,7.75088159341478,0,0,7.38348622578837,8.04088814990918,0,4.32915314506681,9.56900034444153,4.03742141482248,5.23888578277861,0,0,0
6.4888249199204,7.10083542076195,4.01926175609774,5.64119759946458,7.15592699633846,9.46346981878065,8.60916507804243,7.76470781124389,0,0,6.91723024934466,7.47130617137101,0,4.83461384985078,9.40393976094168,4.30864916486911,4.33990170837321,5.82600010738045,8.33920463360888,0
6.17937462565053,6.83532436132453,3.95278099790031,5.48126372811083,7.55025632412304,0,8.73437500684613,7.9122473462312,0,0,7.47825448423374,7.69127318758813,0,4.71760561531788,9.34956303853349,0,3.8264651170665,6.16676148896497,0,0
6.96353051444955,7.57163841385556,4.86968598040803,6.21873955220164,7.62200815903942,0,7.29355495038306,8.29250344535878,0,0,6.39121334822004,6.54501914595044,0,4.20841701848195,9.01224668650297,0,0,0,8.31870566665729,0
7.37450988586627,7.16419433169399,0,5.4234510973048,7.28306353938855,9.00182431532359,6.28612843983105,8.37188529864882,0,0,0,8.75279007706905,6.15351961904047,0,9.10347094069978,0,0,0,5.75254089228997,5.39212642022609
7.83624727181097,7.55134450069374,0,5.43481311113657,6.87041679332677,9.62897175634944,7.80130948388242,8.11370812173753,0,0,5.15767503674557,7.39009500473894,0,0,9.25053176771081,0,0,0,6.07297540728724,5.7323051415894
7.45635634122571,7.02240452054222,0,5.88284873872948,7.52357315060369,8.59598588738134,7.32640640156099,8.0760211097352,0,0,7.08976845489826,7.96599338951193,0,5.41369751758811,9.23552067050648,5.1080644394278,0,6.15791075474365,0,0
7.95267842304813,7.16107879879748,0,4.95462915730652,6.67270360659356,8.32755936502363,8.56909090310684,6.78490944898329,0,0,7.53398243821606,9.07175278977011,0,5.86058677337759,9.30211704355961,0,0,0,6.8084099689791,0
7.75321573809529,7.52327599706227,3.68260984110034,6.02182399961733,7.51103245511304,8.67520839434565,6.67586105194071,8.58645242742501,0,0,7.48237789902408,7.32095043315221,0,0,9.24171306210855,4.64727136200673,0,0,7.59518112386995,0
7.59796815868903,7.23938724896112,0,6.43632663488486,0,8.3010922823765,7.97600113936657,8.15296119330878,0,0,7.03862563418501,7.59039747489693,0,0,9.23545240879104,0,0,0,5.37249676472229,0
7.87063947833899,7.27791785449899,0,6.30749716788459,6.48657228963192,9.42840705779009,8.20112261831945,7.91113338495807,0,0,4.8363612688816,7.18126489493923,0,5.12687640085029,9.73563678697063,0,0,0,0,5.34705991053603
0,6.42004378688839,0,0,6.23244801655052,8.75685240524438,7.67994928687598,7.23950208259602,0,0,0,7.95997103645433,0,5.04786685070158,9.66740439443203,0,0,0,6.26915310027399,0
6.87225244593948,5.95692486083324,0,3.39919537899148,5.23142942100641,8.75597069315441,8.35640922658472,8.40512131599272,0,6.74285705060811,7.38204968964503,8.34745769680264,6.70144426232798,0,9.11357944034013,0,0,5.88457508542988,0,0
7.33591425555431,7.71425346602854,0,6.33301316280081,7.29240524737638,9.24436491608799,8.81359017844331,8.72554142988415,0,0,0,8.58038580722944,0,0,9.96279837051366,0,0,7.07823196140817,0,0
7.53205064953406,7.09789618482822,0,5.72967761595154,6.10202153767263,0,8.27410455265888,8.53111187555344,0,0,8.07834398393775,7.90556700993385,0,0,9.28781979724655,0,0,0,6.74339936915102,5.9400133455169
0,0,0,4.23134908321439,6.5363292130974,8.90359371980409,0,7.26657591926711,0,0,7.72151260626246,7.19589974451376,0,0,10.0303712732704,4.82799368609138,0,0,6.96102112660673,6.43549310113458
7.61678072994611,7.70820858128032,0,5.75285831230279,5.66486838115698,8.98473253680712,7.43089082381507,9.1314562428912,0,0,0,8.75411971960379,0,4.98913923375137,9.4971495635783,0,0,0,0,0
8.12027941621783,8.29882322837845,5.56872611032936,6.79722587203706,8.72839532698268,9.72010543354485,6.78421947785553,7.74681933444224,0,6.09390831318441,0,8.61462112719156,0,0,7.99880571544296,0,0,0,0,6.70474518258755
7.4271619797693,7.28458082888114,0,6.45802475457596,6.59758216869482,8.88306471686393,8.31409978578261,9.22212071051171,0,0,7.96953067759827,9.04666430266205,0,4.72330871400513,9.0734112134774,0,0,0,7.20234841492416,4.96396288589782
7.52646981930477,7.6275443904885,0,6.21534782475719,6.76146859671166,9.02928001952957,8.21564205322291,8.19247638814322,4.47801840032761,0,7.06744771771573,7.53515787807271,0,0,9.59212735272977,5.04748139521692,0,0,0,0
7.72684324123316,7.5951559801105,0,5.9006094287639,7.38313816405362,8.6616796080405,5.40173098823712,8.2556647775283,0,0,6.7974715530773,8.30911557677439,0,4.53431844501614,9.0302371528508,4.18082802211024,0,0,0,6.27227305061659
7.67219934142412,7.75457159487397,4.46083781509817,6.2356060894178,5.34472373936219,9.37694743366254,7.50827168691818,8.10306466402887,0,5.11337237154737,7.12431721893079,8.70098200459622,0,0,9.56121552962238,6.09476544320485,0,0,0,0
7.51356193748107,7.33240190650623,0,6.08397535778674,7.18663623498085,8.25954618317979,6.65260493153284,9.16642610129434,0,0,7.84097392187694,9.16266054115847,0,0,8.9967460809981,0,0,0,0,6.15666113846734
7.6201068687258,7.55651683114797,0,5.83047386101586,7.07382041325657,9.1553064057808,7.99759923795839,9.03750369119344,0,0,0,5.9926138863645,0,0,9.39734262387198,5.90517109416738,0,0,0,5.73457029480852
7.32416692123812,7.312413394893,4.37449836825309,5.16552855528457,7.57562054834939,9.06232864350166,7.73183861244338,8.56370075242812,0,5.69608626802173,4.78782502057217,7.62019515292249,0,3.86744396203018,9.1922894295838,4.89057466669581,0,0,7.63201345456713,7.30743032364466
7.79151868691079,6.01219811349489,5.01628596560507,6.04671002133396,8.2102875239967,8.47048515810713,6.86187886571461,8.18359561898585,0,8.37161235204982,6.89134130371388,7.93478563314457,0,5.44423424144819,6.49700120894036,0,0,6.47233083843092,8.14907877983889,7.09767291239772
6.57553598576262,6.02656621169333,6.14915182294358,0,6.42079265548067,8.58536385831895,7.69030431040434,8.60131372728153,0,5.55867962834485,6.77900102904839,8.7073754385387,0,5.32777907669766,9.14568557741245,0,0,0,0,0
6.62682370390053,7.04927220221625,4.75436575234994,4.86112936624392,6.87903682355029,8.73580488937779,7.38423166466894,8.94129946827494,0,0,0,8.27091662320979,5.11877195270083,0,9.05801053341086,5.19251230765106,0,0,7.31567736624348,5.82150624929743
6.18111336053828,6.6011214171689,0,3.71722392712308,6.64015030595954,8.17402095987224,7.39800873943504,8.38011723853942,0,0,5.7324994987537,7.55424052907585,6.69589779968489,0,9.40695101840041,5.45163913149169,0,5.85779028713555,7.62511202865647,6.38308424839409
6.30913615426548,0,0,3.4141136069287,6.90168690358053,8.20252354162253,7.41353016924052,0,0,4.87489193306288,5.6850752471905,7.48596287743726,5.82322339452203,0,9.45936996979659,5.15398499565812,0,0,7.97646490629593,6.32598845840401
7.36233430836855,6.74851332726403,0,6.03143017505103,7.77191447050189,8.97433951865942,8.34518467196673,8.72703425567442,0,0,7.80990246073463,8.36111933012713,6.13059585589296,0,9.12553601227666,0,0,6.28743095945995,8.39871141169507,7.19189608855755
7.64627727423007,6.40701199055766,5.6243062731544,0,7.58494074648182,9.05547560391527,8.57537341636269,8.56354992099341,0,0,7.32104304350744,7.31659468772925,0,6.13681951496735,8.73627088833531,0,0,6.11137864377332,8.83355163804947,0
6.76191993075859,7.1531142307874,0,5.74684196411665,8.05370270552818,0,8.26116222918414,7.7193075239207,0,0,7.6120995376353,5.71761963144422,0,5.39444539364226,10.1145099384399,4.52569398448629,0,4.19509446532224,8.76022407232164,0
7.26512897873415,7.24926480712062,0,6.12073688281212,7.99927917088739,9.55025667099995,7.05412145229311,7.98644373300875,0,0,8.1966600498215,8.05471318858053,0,5.77582402752117,9.32367798581475,0,4.22741751644646,6.5592468977098,9.15575323779683,0
6.21214506765071,6.99279471296954,5.85070710939172,3.99249638957802,0,8.73610218965245,8.23455703356446,8.90291671036536,0,0,3.69734353252607,6.06352936200815,0,0,9.10967548126238,0,0,0,6.92552643246726,0
0,6.63556590582086,0,0,5.72525038127144,8.59719405206035,7.86989853103838,9.1756143425811,0,0,7.35877357185846,8.04859657186796,0,5.04857313343665,9.42760266253125,0,0,0,5.30504468729746,0
0,5.18122159467179,0,0,7.19937210014708,8.32190796823042,8.41852357501849,9.44906589141668,0,4.33833594604915,7.75655914762655,8.23004964060231,5.56658723547836,5.34348191850241,8.70177219825141,0,0,0,7.57477406671239,0
6.65677793673849,6.43166918902004,0,0,7.32854896846499,8.50317539964803,7.81925856932392,7.98100189527261,0,0,8.0489160708962,7.6625148286696,0,5.14055182764997,8.50553752730853,0,0,5.89500871129035,8.13527369688309,7.12864028169453
7.62463851721867,6.97002560470826,0,5.35256878137995,6.6294425105343,8.73618091924606,7.41918871799101,0,0,0,0,6.99407058043406,0,0,9.42696673246213,0,0,0,6.76961901447635,0
6.68079194156506,6.80417096272557,0,0,8.34953874475368,8.34081155829432,8.24317730972827,8.110033648564,0,4.91258135362087,8.10447685659388,8.17264442727535,0,0,9.23551091911813,0,0,6.19133947148284,8.18488467447096,7.7919979128874
5.52337907701815,6.25278981046224,0,0,8.0735712839977,8.33807131019635,8.10173229142157,8.53057327749338,0,0,5.78867494167416,7.80117853169615,4.55849777778966,3.95412418144678,9.03865128956021,0,0,5.76315140646303,0,7.57454821720932
6.11140081844319,7.24756479781994,0,5.02742685673609,7.4109821048728,0,7.57925994068301,8.00076188512941,0,0,7.61716451267075,7.65562735923133,5.35898904608077,4.74005066818191,9.53015317913235,4.8736694390231,0,6.35560406168897,6.83639890233032,6.80427078028134
6.88823601153576,6.70410793547343,3.64466629943761,5.9397501114213,8.36741161978683,8.46545348161068,8.68764963533142,8.42860894174701,4.03812688222387,0,7.41045598481458,6.85835492868701,0,5.90236007202516,8.68263813595374,0,0,5.79994077954923,7.96536847411555,7.46242743872803
7.0976315601802,6.63256815188967,8.00671750641454,0,6.01759514968523,8.80348730109317,6.2044365431007,0,0,0,0,7.69180749639022,0,0,8.72973514384829,0,0,0,0,0
5.78431736887837,5.99851463672046,0,4.60537016599076,6.37352454676982,8.22157034094013,7.92948652331429,8.74821443209593,0,8.06606313057411,6.49908002386108,8.46795462673032,0,4.16744011729265,9.14042528966924,4.69519368863568,0,5.88607625328657,7.0042828992232,6.32019258899576
5.8678269066498,6.91591192293241,0,0,6.76335358960842,8.12872383383228,7.55300864353258,8.53542792354025,0,7.84478937199419,7.38521851604172,7.91488438886026,0,3.83816115682969,9.25697583549217,5.50955026683641,0,0,7.27293991258828,6.74100387577904
5.98615045228421,5.88385149639686,4.87006969554263,0,7.28015297018608,7.91197629885119,7.06576706655851,8.40770193375649,0,0,5.47239671614796,7.62596573513575,0,0,8.29963153231487,4.17623172169429,0,0,6.78580231123102,6.8168673067884
5.63496815865584,6.10711197063394,6.04890764264447,0,6.73986902998444,8.45074992406748,6.50219016587364,0,0,0,4.16790476533013,7.09064334194783,0,0,8.45149987042057,5.42031373585729,0,0,5.26532919072106,5.73979291217923
0,7.17590278820535,6.41457309038874,0,7.23781413664047,8.46930671879457,5.61593438408301,0,0,0,0,9.38909724951033,0,0,9.745552219937,4.76422311584269,0,5.78603811659893,5.09424087795105,0
5.89175470295897,5.17992789704781,5.34644064172976,0,5.00011346663667,8.99771629645212,6.41673228251233,9.53032021072713,0,0,7.62107266633147,9.60160513068321,5.78416358660301,0,7.74672426467392,0,0,0,0,0
6.34458317484394,6.33656020917294,0,4.76191749166262,6.44679860236928,9.29946784179462,8.4570694441412,0,6.9195059684148,0,8.70920927076965,7.64440725213922,4.11545352543234,4.35914176213642,9.33758957289165,0,0,0,6.58641989990139,0
7.16887261250812,6.87951011354183,0,5.43206123659763,6.21186433775113,8.30667954600205,8.38585596128422,9.45067923291744,0,4.30555047596327,8.35789026151423,8.62632558459183,0,0,8.45333710403444,0,0,0,0,0
5.19067647503064,4.2824825043375,0,0,5.53283597588375,8.80901169702041,8.38085099503857,7.79977790814885,0,0,0,0,0,0,8.39718593401157,0,0,0,0,0
0,0,5.31059172742343,0,6.48836871553293,6.67403094812374,8.36922668345258,0,0,0,0,0,0,0,7.20636987304711,0,0,0,0,0
6.52848409495645,5.26780661134301,0,0,0,7.90614936317334,8.78044168022675,0,0,6.00571256037318,8.70217786562968,8.63494778222362,0,0,8.59278292236582,0,0,0,0,0
6.66094639973994,5.72106559077876,0,0,0,9.97833525102485,9.29471828444001,8.74680219656598,0,0,5.34281260643459,6.799991878708,0,0,8.36771823002723,0,0,0,0,0
6.47409129351527,5.27836972873834,0,0,6.71264023338921,9.03538084878711,7.79767739455602,8.01532730902172,0,0,0,7.07974026367471,0,0,9.58702184399055,0,0,5.30985060236171,7.95170720754494,5.4943774494525
0,7.00251075951472,5.74661843977551,5.86343229218574,7.03962529227999,9.50091824753999,5.82756230833778,0,0,0,0,0,0,0,8.32418837123968,0,0,0,5.76944536345548,5.60719815014081
7.36489527532832,7.16884180441175,0,5.11595580895406,7.77231893819002,9.6976189267661,8.2794206564018,0,0,0,0,0,0,0,9.88959651729669,0,0,0,8.65960900047429,0
7.47509544267909,5.98642687934064,0,3.1776370768516,6.46783846789281,9.3321154289021,7.2761067857502,8.59292384630792,0,0,8.2979719378254,8.40021433232319,0,0,7.42829754293142,0,4.99822527401957,0,4.81332191948306,0
7.95156285227581,7.79685979181197,0,6.01266325824898,7.47722521209836,8.2378998350922,7.30178188278946,8.68000227881414,0,3.52193899935828,5.58874566466784,5.45035152240354,0,0,7.97557153368642,0,0,0,0,0
6.74286884326954,6.30680434405291,0,0,7.94008886661086,8.78951235641419,5.90091053876713,0,0,0,0,0,0,0,8.01593828850686,0,0,0,0,0
7.75536880382779,6.27790209546081,6.73318758316061,0,6.59170116647458,10.1676233238814,5.97248558051018,0,0,5.84377627420838,6.11659827786475,8.10761162229623,0,0,8.1686734744603,0,0,0,0,0
5.19755736339689,0,0,0,5.79490206802368,0,5.27745117386665,0,0,0,7.27644574652738,7.97053656958255,0,5.55941159409072,8.78174429377901,0,0,4.58138965732269,7.67593107919838,0
4.92333296569346,5.53902574904172,0,0,5.19401184973872,0,7.94119239945149,8.38050940664925,6.16453511178775,0,8.08399196896127,7.7522835934294,0,0,9.20009304702463,0,0,4.61095343074382,7.17349844391516,0
0,6.13960434055684,0,0,6.59074051205786,8.49561402701208,0,0,0,0,4.92834005136943,7.89465357802024,6.10742369827558,6.67446037661155,8.84651132694453,0,0,0,5.84843100889456,0
7.71472209574154,5.45570565679678,0,3.63863823767719,7.63672316845685,0,6.51009463664821,8.24333775561035,0,8.91052228847824,0,0,0,0,0,0,0,0,0,0
7.24668164462093,0,0,0,8.23566547533626,8.47649618908413,7.65801503899832,0,0,0,4.52872101382469,6.67729754412321,0,0,9.51037829553753,0,0,0,7.07402367045384,7.08130514338897
5.09252245356844,4.44593996041753,0,0,4.80770278339818,7.67122111845104,6.6832983655854,9.02011889280415,7.84507141966212,0,0,9.23281589449135,6.06124710670918,0,8.93437340887321,0,0,0,4.8907249974237,0
6.33590495337837,5.79930475317812,4.48107980075704,0,5.84736320313373,9.01216378585813,0,8.61430175316194,0,0,0,0,0,0,8.98406316589048,0,0,0,6.10637679933934,0
6.5284987070421,6.37618258207136,0,0,5.73360014306538,8.84274169501064,6.09704003965662,8.57287763060018,0,5.06821213890028,7.47925446454345,8.31701881721076,4.45597387962596,5.15462019129085,9.1155130755649,0,0,6.4053772072977,7.11708384126262,0
7.12744487224483,7.10633560933452,6.49677499018586,5.54365284536874,6.48763835534161,8.59353366967268,6.07555290624027,8.47384300370715,0,0,4.28771595520264,6.66438350982094,0,0,9.24085017818075,5.69759671556911,0,0,3.88465180863201,0
8.51608457713044,6.65673937756622,0,5.08016135674487,7.71832543038291,9.64599838544713,0,0,7.8875051997243,0,5.79696918938232,7.25129533674977,0,0,7.84370745171555,0,0,0,0,0
5.92889741483915,3.57290727786152,5.51981957159012,0,6.36523256847289,8.07554842146741,5.59448830639572,0,0,0,0,8.28309991001577,6.47124831945845,0,7.84315820377907,0,0,0,7.71315467280376,5.97225624316668
5.78028044562893,4.70727540892524,4.56320170116559,0,6.82625233902152,6.84095286383592,8.12348371431893,0,0,5.75053882599797,5.90960352062766,8.52937864628004,0,0,7.49096481814114,0,0,5.79411056748007,6.10363184397873,0
6.55200847561623,6.99097447473288,5.69736190685328,5.25321539263562,7.01878668470474,9.09666762748761,8.11233889672357,7.22139014527201,4.04322669104349,0,0,6.89281421511284,0,0,9.62798434900321,6.2682436475881,0,0,7.75110105444519,6.29611434997733
6.89729071593425,6.65461633013253,0,4.77971155546308,6.43292401543952,9.31239141737353,5.9392761153624,8.61382250078646,0,0,7.57578463156046,8.06713962957725,4.6619285198067,0,9.15834893920989,0,0,0,5.56624306063414,6.16327269788503
7.2633646554054,7.01474247088448,0,5.10497530647062,8.32555799703693,9.79698193705724,7.08142283099576,8.03007432859488,0,0,4.94214229765096,6.3194904998016,0,4.26577367784963,9.71651921616519,0,0,0,8.06155626509413,0
6.38134213187443,7.89789109131416,4.87068333366881,4.29442417393776,5.3866029314154,8.81349054552362,8.43737912426913,0,0,0,0,7.10261457547405,0,0,9.80297084224443,5.35931838810544,0,0,5.22644535431024,0
5.97817665278105,5.27007220110773,0,0,0,7.91701891590622,7.77215464292156,8.23090481398688,0,0,0,6.55142313342418,0,0,9.51143706472482,0,0,0,0,0
6.84590115163345,6.83064742706983,0,5.60115895075764,7.24614710059207,9.33012141029524,8.08639796755573,8.00720055395414,0,0,7.76176201303671,7.61652479294459,0,5.72139315891586,9.31608681315517,4.01890236705524,4.00094921462255,6.26649821467614,7.81818084434507,0
7.30234142519276,7.34888993050268,5.77402345581901,5.88735325085059,7.63537151682266,9.27630599931311,7.86333595238246,7.76065456490968,0,0,7.37297247149391,7.56999985480227,0,5.21645634006772,9.86177974913634,4.37185002822232,0,0,7.88771165114419,0
7.02763389515287,6.66245558302122,0,5.18307485103576,6.7185782772312,9.21697829215637,8.3108797164882,8.09204972828977,0,0,7.67834023887235,7.91428517293826,0,0,9.30763948163846,4.6191717056239,4.680648647164,0,7.8312996395676,0
7.23019378759171,6.22795858279033,4.53614159957766,5.33585397007676,7.22109047819258,0,5.58439815763284,8.0060108373629,0,0,7.92304030506049,0,0,5.17105201550216,9.01733676468753,0,4.76447896847297,6.82349284745013,0,0
7.7856793329111,7.90645146350978,4.99646875417868,5.89877343455082,6.47378266582583,9.85174152410104,7.16675234232394,6.81780868937666,0,5.97467437780051,7.2062437513989,7.25118894282973,0,5.29956658594847,9.86072617863482,6.42921935299746,0,5.03396111939975,8.56804598879923,0
7.46882144318465,6.61269942020041,5.72515250039239,4.99423487272847,6.54754552352327,9.3182885367803,6.56293832182536,7.8907097720705,0,0,6.04146826034308,0,0,6.34688119973013,9.22645975385607,0,3.93827537657221,6.4908904401481,7.23515793962885,0
7.55776528706439,7.64576109585031,5.26476058301919,6.52797253739872,6.13270365880071,10.1428744632845,6.71027947441651,6.75583876820619,0,0,5.99655158615654,6.48581011771002,0,5.10903161595245,10.3140496489021,5.6963549588274,0,0,6.68159468095619,0
6.85512424811874,6.43864724856801,5.9462579542699,4.63686263272058,6.93148157117677,7.71791631056291,5.75729164550846,7.83128772622525,0,7.03840627725092,6.22265563000149,8.59727159076051,3.55449055107528,3.80532826675718,9.27886780182865,5.76647554399462,0,6.6519077344948,7.67365558573494,0
6.45083370527999,5.268218918724,3.44489523692787,5.02361732831942,7.45111972633151,8.21373939664398,5.55412170010179,0,0,5.49096047241386,5.94206419681286,5.77960088793304,0,0,8.82433665647968,0,0,0,0,0
5.50874035345287,0,5.91832917874489,0,0,4.72126290497495,0,0,7.52818121774091,0,0,0,0,0,7.78747330862541,0,0,0,0,0
5.66943254661279,5.54298754840653,5.84316753442583,0,4.34691745756031,0,6.4112598195243,0,0,4.04672870828044,0,7.52205403842437,0,0,9.38573801369731,5.63027944769136,0,4.96514966393512,0,0
7.92194556261436,7.89072474011372,0,5.94868751775192,5.85013137099134,9.63737125799891,6.57250629388362,0,0,5.39829843891135,0,7.79645279558238,6.07679325921076,0,9.93294440783369,6.52915603000853,0,0,4.33362389544571,6.57141503364969
7.20625117075973,7.10130522744927,0,4.94371170873068,4.99923724914389,0,7.91124703652814,7.66480171389217,0,0,6.90399823010442,8.04639244455665,4.37361636731391,0,9.36824115422846,5.72329094104424,0,0,4.86668793841919,5.62607315362849
7.1026721803458,6.56312183008022,0,5.08084520247106,7.15834277644618,0,8.42155195681932,8.00339983495135,0,0,7.65113919596879,7.80229516701809,0,5.42873140526997,9.38085078434344,4.05525717351405,4.15763230145802,6.44238091812006,8.53553200275838,0
7.68373972035057,7.52875640771729,5.96857967457052,3.39013643430273,7.03368283557993,9.96390038722137,8.48573141967623,8.51819468974932,0,5.63507527664641,6.48987340085888,8.25705624463409,0,0,8.46412358347538,0,0,0,7.88014275020816,0
7.03733512451803,6.99245481906828,4.41485677926458,5.57390155380168,7.437123913531,0,7.82064021772146,7.93330212879286,0,0,7.37329269954925,7.60386307259897,0,0,9.20870203062762,0,4.03547880935506,0,8.48126545047375,0
8.0588904391313,7.47958192430553,0,4.00040011604556,7.7133781025405,9.66687241552131,6.02155718741515,8.19561232590566,0,0,0,7.30879728625265,0,0,8.32783976890375,4.12114876497415,0,6.70925555858069,8.93697400573836,0
6.76012496197811,7.29283398943336,0,6.03579238895748,0,9.58184875447282,7.85683454335587,7.70824900174296,0,0,6.35374375776655,7.96427740823759,0,5.00863329142558,9.98927985342101,5.18900460660734,0,5.57257219568579,0,0
6.45821288363304,7.90012888874214,0,5.83355263604378,6.28912170258184,9.08546512091066,7.53894726540678,7.90186964281692,0,8.364088630882,6.89708859160689,5.5966425990983,6.65844740764725,5.94022388291439,10.2305982492185,0,0,7.2552098455868,6.54748817667518,5.56987005706993
7.67717808064637,0,0,0,7.36180100549703,8.25327712352439,8.03466343680509,0,0,0,8.3382196238465,8.19799843580686,0,5.01621967239016,0,0,0,6.39724627175451,7.68012021164871,6.77486368164495
8.00008789169294,7.53341559631234,0,5.98254992971841,7.0038288037282,9.11620769863893,6.31351181373665,0,0,6.09769218670516,0,8.29977820052306,6.30206937419219,0,8.79785669120887,0,0,0,0,0
6.44335193880269,7.1050311275579,3.37724616083964,4.19177370755365,6.51058566789808,8.78323529970173,8.19662698058278,8.65464812687009,0,0,0,5.97215429857348,0,0,9.4040715903217,4.5913754749659,0,0,0,0
6.91319048147208,7.3011747960451,3.16631857412952,5.96988333907438,6.84715565685321,8.68380194616553,6.37521219579853,7.62308460647573,0,0,5.32792471130069,7.54996699586233,4.67432304467641,6.29530290112785,9.69147556483796,5.20301718669371,0,0,0,0
4.2325110296051,0,0,4.93619906294324,6.27793964145465,8.75162479230021,7.8940831369196,0,0,0,3.77849161280362,8.01859253727282,0,0,9.53968728365481,0,0,0,7.7500721835509,0
5.6296693742842,7.00920114237737,3.14328983791161,4.09016919081162,5.22821673886855,8.91134251686608,7.91929073397292,8.29377460228259,0,0,6.73579189065636,8.72748815197663,0,0,9.79213690961275,4.16028834551614,3.60495421917618,4.21197943875532,0,0
7.84622228940032,7.47868962680631,0,4.17454110421638,6.8815652958919,0,8.23702680530612,8.56275911568704,0,0,8.94038688205109,8.81670649798041,0,0,9.95238723451779,0,0,6.88233490163523,9.06347475816556,8.20332592636386
7.1747779071749,6.95668829009132,0,0,7.97639621365426,9.29332950390621,6.24453576466388,7.92936772576138,0,0,8.25262590207046,0,0,0,9.30803860719596,0,0,0,8.83316967487074,0
6.53406496259812,7.033603481347,0,5.63888833473821,7.46373016114262,8.01212761335647,8.95195946340204,8.73069844319044,0,5.12390445382212,0,7.63464666550624,5.55682806169954,5.92812530654589,9.05093893099864,0,0,5.32315630989496,8.70437790387618,7.0256627513404
0,7.54702160979244,0,5.86709109226823,6.85976179737686,9.45013649633193,0,7.9898078763484,0,6.25728437270263,5.50211498626471,7.36266430576965,6.47273261863165,4.03335529059567,9.23242470791971,0,0,0,5.19506573673756,5.94335040438455
6.34458317484394,7.68321489712108,4.42376820625352,4.64727136200673,6.60212645602898,9.49597785568018,9.08890128610567,8.2683317520964,0,0,6.73551869744173,0,0,5.96727430830676,8.52939445237092,0,0,0,6.87295677343944,0
6.02356865100851,6.64209559056485,0,0,7.62063155472308,8.92531875736588,9.12206419546475,7.73444947704454,0,4.72738781871234,7.86627757147132,8.81581075285787,0,0,7.104209826242,0,6.13973367877646,0,8.63738931323689,0
0,6.86335396968397,0,0,6.82713073540825,8.80119851289558,6.68959926917897,0,0,0,8.36673767605189,7.9419321523082,5.6053975727348,0,8.94345128592627,0,0,5.15433151601966,6.04798664743231,6.13257340806786
7.1279745587791,7.29702325218773,0,5.59797741575922,6.23444994063573,9.04962099877584,8.44571437538519,8.0431783279164,0,0,7.27594072221668,8.81129908686564,0,4.54573860221867,9.49478972481595,0,0,5.81439915245973,7.15338021944533,0
7.0770169251873,7.1494379145601,0,5.46383180502561,7.31402672857628,8.7460563545211,7.92056636719243,8.57487513485731,0,7.53937274074893,6.30296690056003,7.82560080154259,4.14138716855541,5.42974028790846,9.24983989241295,0,4.55891680147063,6.39947640948272,0,0
6.84315275579648,7.32782652947966,0,4.46441274827183,7.6020517987986,9.25676583768683,7.95011815231066,9.42724047345655,0,8.16937321201645,8.14035927098221,8.58807467834577,0,4.60035862899087,9.22498264871305,0,0,0,6.25442478779251,6.11545052688897
6.29386280339544,6.10506105369052,0,0,5.61913194503569,7.9122473462312,6.1957310426525,7.94039156939287,0,5.41472167441814,5.35649193059911,7.73793023269828,0,5.53788529627639,8.92734728901053,0,0,6.04713574447844,7.39733479413389,5.6052872279071
6.76826330016354,6.75597844601626,6.52279843150532,4.69820505195528,6.44714737137676,8.47052916541235,7.09675449052933,8.33690795990393,7.11027970976026,5.06720464558415,7.87646766840263,9.10202549649192,5.91598640593203,5.36241829195456,9.29949528328708,5.81942989818216,0,0,6.92101695296532,6.13070461419949
6.60398447418077,6.25738019026606,6.2385199184685,5.1880559722905,6.36865020092657,9.0257622711006,7.63635647219304,8.98493551583833,0,0,0,9.56384529670909,0,0,9.21895317507441,0,0,0,5.35861252233179,0
6.75321619040063,6.80734913678944,0,4.69125613490122,6.5246630217257,9.31378104591669,7.46934625780023,8.0643691444469,0,5.61509696982351,8.07291344769415,9.29364237774699,6.58439075965695,0,8.78429850701085,0,0,0,0,5.91679487877095
0,6.56481416421233,5.2318035624897,0,6.53435553779376,0,7.64526856627065,6.85802917695948,8.13783433039255,7.96132487293764,0,9.82328024798394,0,0,8.70176222075067,0,0,5.97006214084755,7.18261043717902,5.30081424674662
6.74530693522842,6.72049755935724,4.69226489283902,4.72401931982647,6.57659490938221,0,7.34009598109566,8.77605286041832,6.15727555177495,0,5.72880023763149,8.48518226517453,0,0,9.23066247216609,5.31350150187308,0,0,6.89963237736259,5.72162239278453
6.49656380650053,6.91652669736922,4.17868571065585,4.17929826810226,6.43054172055025,0,7.25916538796756,8.06817110211914,0,7.74834353739151,5.90982055806747,8.16833901397312,6.15060276844628,5.14452495586806,9.2757441436765,4.51162844157973,0,6.11609078124636,6.93423166555498,5.89128503130607
7.16923453656192,6.86941977391654,0,0,6.72608950711424,8.51734717955945,4.81713144789973,8.55187284029576,0,7.76108491160106,6.28179934796252,9.09752435523219,0,4.44017761131591,8.9776955764543,0,0,5.33902735479582,6.19125758481394,0
6.98609499893335,7.73282944078672,0,5.60049388515027,5.55466355868997,9.22515016362966,6.71734509728456,0,5.2259079510299,0,5.78588459873683,7.40196359692469,4.94413930280789,5.00193085346611,9.58180047478166,6.51156700765418,0,0,5.81147028007312,5.38783809248645
7.07379500320181,7.23872669953232,0,4.57944203741536,6.79068199139499,8.86633765230704,6.74593022634318,8.41597740781062,0,0,0,0,0,0,9.19991622889173,5.5959745220219,0,0,6.05333545081594,5.75842847576953
7.85568032762955,7.13065880149174,0,4.90364381951807,6.1762622025047,8.73689883990892,8.19838364700366,9.16377483149553,0,5.86587297905972,7.45047484051495,9.53393721821138,6.60227576749978,6.6599219275736,9.46647759630226,0,4.67795585571374,7.89642248483187,7.23726044468758,6.04661539157283
5.72785701009738,5.09375020080676,0,0,6.88388258017058,8.58920310704492,7.05109342779704,8.12926343639713,0,8.01026994346749,6.88888841372406,7.5937015954387,0,0,8.55249469603369,4.90764234391251,0,5.19534289092021,7.1319862388533,4.94734044372394
0,0,0,0,3.82253583892661,8.44957580209125,7.57187521599818,8.04587029231659,0,0,0,6.61768368723505,0,0,9.72871741189501,5.33647982764239,0,0,7.97754962423835,5.85475668627438
6.98829324860861,7.17910977913391,0,4.36640525377092,6.53422478940432,9.24173244420724,7.20910354219773,7.66336539063216,0,5.11096316722601,5.06783444784706,6.500688889507,0,4.83055123224249,9.46546309504393,0,0,0,0,6.36873592084536
6.54985100830226,7.24105821295088,4.16200321069592,0,6.72382042151821,8.53490540001481,8.49216867375147,9.11616594695815,0,0,6.3841145581693,8.13842454051864,0,0,9.23057427880699,0,0,4.8354879410503,7.49914101500636,5.73760402313171
7.60036731637852,6.9887636740756,0,4.69272308299595,7.80459812063348,9.25847317727547,8.18124761608462,8.30497227039609,0,0,8.21418358349144,6.29262413840683,0,5.72345437445366,7.94671663830807,0,0,0,8.89715585911198,0
7.1455588452351,6.83563609710411,0,4.19116874685764,6.1157817441153,9.33911170346404,7.51913367972942,7.97439863003101,0,0,0,7.65636081799533,0,6.30221596414371,9.20349499575848,0,0,0,7.17251666804935,5.58330832118833
8.07428163521522,8.23338626753479,6.43120224915824,6.51070466947499,8.11963077462311,9.53455203976975,6.76359618328253,9.21919108857414,0,0,8.10088652543006,8.2495150331906,0,0,9.26882623769523,4.4468776069935,0,0,6.08317735503118,6.80744863762699
7.00463695061882,7.42081839768832,0,6.17117854049486,7.24126599176034,9.16527815038588,6.10262570645548,8.16515320373888,0,0,7.37670835659169,7.41782661834716,0,5.05292820628651,9.45103303292978,0,3.54875494601977,3.20437113866532,8.02849754991306,0
7.25525929825177,7.33610323295904,4.05750767217013,6.06357588445524,7.91104905447787,0,6.28222936301967,8.17237058731756,0,0,6.80878541067962,6.73187692013504,0,4.97175585603534,9.56381018496597,0,3.1561489949599,0,8.76510271848333,6.35409174120605
6.33043366392778,0,0,0,4.99558933589098,6.09625239882511,6.96712735198083,0,7.92248583366951,0,0,8.04733995086156,0,0,7.75616965868675,0,0,5.77445837350217,8.51622872646941,6.18367455165227
6.54221256087139,0,8.73056273233191,0,6.1706980073027,9.11791253423008,7.38021214657641,0,6.46612917201715,4.69866052907543,9.19550486807215,8.64144415375409,5.84923832087797,8.05008775833979,8.6537796625324,0,0,0,0,0
7.56105915261751,7.94260741017574,4.33375508600018,5.79554089989574,7.90637042115774,9.75921294337908,6.94370140575561,8.20683460601206,0,0,7.8512603193461,6.00947635615967,0,4.43580434035435,9.52480798726229,0,0,0,7.65916193365929,0
6.95468657366657,6.99737658048717,5.63717960198825,5.89687910461811,7.26749053538413,0,6.08766069796039,7.82412600765646,0,0,7.55544996913741,0,0,4.89649561335467,9.52824849973481,0,4.35324128324213,6.39979222082962,8.38442493609978,0
7.73763372710174,7.39486796012439,0,5.56876426297811,6.6324759732474,9.96542425437545,7.08715590734843,7.80533606636476,0,0,0,5.76566121170207,0,0,8.21852566589042,0,0,0,7.05196817073471,0
0,5.74767176022592,0,0,0,0,7.19617707776892,8.80564496757011,0,4.69015450989309,7.03533901933676,8.06458301522574,0,0,8.84612852537929,0,0,0,6.90711507409471,0
7.57553336819154,7.9311050831497,0,6.21238563056909,8.02257222674673,9.45213294426212,7.67892312426398,8.33015975111408,6.7026849191753,0,7.9966606071801,7.53387016486777,0,0,9.14607701297804,0,0,0,5.92924333892557,6.22358766120277
7.42025549982744,7.52164277855645,0,6.41948991465581,6.9354968971638,9.00975422849497,7.682814188737,8.55507647214382,0,8.16120943712233,7.90031051316927,8.52120114881377,0,0,9.01962891821859,0,0,5.17660160786394,6.10000500139743,6.42241869853883
6.8919104094203,6.98866222847572,0,5.40578066979756,7.66144707815835,9.04173235330999,8.06235715052519,8.54502623354539,6.44452863401543,0,7.6747057424256,7.7103799886576,0,4.23193022517466,9.08686114377492,0,0,0,8.14997717073977,6.64243464876874
8.63131977260536,6.95860047298771,6.15814356144107,6.02293898906773,7.44747152063917,8.80043944013273,6.58629578508123,0,0,4.74109870321234,7.94783055692331,7.76750528855858,0,0,8.77465777974318,0,0,0,0,6.40958260133946
7.17141101683106,7.23490563009418,5.72063959172262,5.11793393038434,6.93661480766269,9.29834209174781,8.09458294176658,7.57737279546487,0,0,7.94873845481361,8.1142259610124,0,4.31521887409227,9.43247541491674,0,0,6.31079062489422,0,0
6.97083335919483,0,0,0,0,8.39014814545973,5.9479044323556,0,0,0,0,6.29675935078291,0,0,0,0,0,0,0,0
8.60088155330179,7.72489285627445,0,5.32845852346002,8.02677458742789,9.54801902344342,7.87712790474568,0,0,0,7.31789610552855,8.44036614130291,0,0,8.72943917939421,0,0,6.70344574876164,4.97362546846236,6.5170506963472
7.79873640796655,6.65804955604065,5.76239723491612,0,6.39141447452804,9.04403546115765,7.64956404401693,9.27850356604266,6.74343472753773,7.05957467204232,7.36044106629405,7.40929391183637,0,0,9.36010430120996,0,0,0,6.28234151045628,0
7.7099720879287,7.45140427339548,0,0,7.11605317687984,10.6484773765638,8.05388072631893,6.90661462868787,0,6.67863138098889,4.84063748699113,7.25262076496137,5.38229080032422,3.87556646841753,9.07436141507988,5.50003297044863,0,0,0,0
7.44260402298582,6.63121095094081,0,4.11038193991972,6.47841747206241,9.06819484110969,7.99801612456119,9.17212747080976,6.31745345371435,6.21060007702465,0,5.23708005707685,0,0,9.06516314337025,0,0,6.07677030368708,7.85326300711601,0
7.41996194866505,6.9530727536726,6.98365093798539,0,6.32956046484529,9.10986236190978,7.32938896825189,8.5473828625793,6.88418978095943,7.4530402987997,6.2790653662588,8.835431626633,0,4.5641398364301,9.11013653775329,0,0,0,6.34472366374554,5.39503564542447
7.77191025643576,7.38630974539494,6.5578715084493,5.87781981186246,7.05100677794039,9.91566806794529,7.53931424862275,8.57854225664252,0,6.99307021783394,6.15066673228541,7.77169953048408,4.32293989221456,0,9.49072588919532,5.30479633264575,0,0,0,6.06643286334529
7.26391809180411,7.15028568489653,0,5.25848446604631,7.44587306042075,9.39510893241319,7.69608535851927,7.66071734184324,0,0,7.57240009906937,8.12313379023109,0,6.97415144862182,9.18105985101081,4.90000164059308,3.78736640082859,5.94714686645686,8.16931373920047,0
7.36152789511746,7.50435301216281,0,5.4858337402191,7.23686476265249,9.97115087389622,8.01509603021409,7.96294497227483,0,0,7.85290165331757,8.43207529339061,0,4.91096227761219,9.35659423960826,0,5.37096355653289,6.38299974968265,0,0
6.72806625403355,6.94733169809532,0,0,6.57995929459378,9.14860644761112,7.5994864574842,8.05039402239922,0,8.10088349272383,7.17142638147241,0,0,0,8.17141579577375,0,0,5.52557245390196,0,6.09017802004401
7.54599738737275,7.75325867313458,0,4.62917963844844,6.91260350730696,9.09436482682421,8.12090088424041,8.80711275880821,0,0,5.91496140112187,7.19475211671422,0,0,9.45843406369324,4.35722151575491,0,0,6.609820830066,6.06201620305893
7.09362885321963,6.92375657270908,5.28274677155708,4.76890337797069,6.54218373453565,9.72285856254251,8.27819207082123,8.24260633446335,5.83962369756761,0,7.42976413663025,8.48275080386002,0,5.54298754840653,9.50002044709064,4.57543236772413,3.62167070442049,6.07828423906054,7.81293248375259,0
0,0,0,4.63734691768331,6.17368193180955,9.07719062080301,7.29420744790837,9.22484467417899,0,0,5.61807933246323,8.72501353981596,0,0,9.58266915279117,4.68582808900555,0,0,6.43600612719794,4.4080598117207
7.27993244022413,7.00640532974848,0,4.89207695797212,6.58716426550196,9.00006245234859,8.08068623189255,8.66874793328171,5.85978857498292,0,7.74441821709407,8.96753733312081,0,4.72357525036671,9.07056207946736,0,0,0,6.759591640999,5.22176024382588
7.13151464064623,7.06478466848872,6.75941767046917,4.85203026391962,6.54599600313404,8.78440109113567,7.81034457339132,8.7123898406795,0,0,6.8716305682635,8.65996104628897,4.88105797855716,0,9.13402072510277,0,0,0,7.05323129965527,0
7.70268708933402,7.96702364690722,0,6.63146144699022,7.25801066155866,9.06156770467991,7.82696175593719,8.21795392446378,0,0,6.80907241807755,7.96398185115381,0,3.98080252082297,9.04198799034466,4.04287581384691,0,6.26894475707517,7.26010789510613,6.02116896981431
7.58199992703902,7.48917169687641,0,6.13487201040271,7.65217050361085,8.57218125174196,7.68677276909515,7.90562968447786,0,0,6.99434573406324,8.1090956214187,0,5.69880343310904,9.1081304435576,5.00287190347842,0,6.76139914262079,0,6.73335427165592
6.48088776461354,6.78063756042249,5.38751801200634,5.11301136071312,6.85799764696658,8.20531405023861,7.89500015778457,8.65891147976764,0,4.64928276060641,7.09610032475365,8.8286113215446,5.24770804872149,0,9.24612248761582,0,0,6.23525350773272,8.07976981464807,5.95027790277773
6.22556782065853,6.18805876318866,5.71495318265837,4.63589335863093,6.63472533786267,8.33035263932632,8.87938051423916,8.55765736192512,0,4.7919816480549,7.26556258156076,8.36246734621308,4.31361395198771,5.61542473718446,9.19906302102119,4.43438186500781,4.21685713669749,6.5762049100737,8.5514516127397,6.08979289493023
6.21722467220535,6.45907468924738,0,4.67273537215052,6.87026107455456,8.13543777396452,7.90246894586763,8.41612788258093,0,3.94854778011052,6.23957384443994,8.76372352748889,0,5.39956443356432,8.78053390208186,0,3.54961738678043,6.13534841743656,7.79663370324595,0
7.54832412932323,7.59088242625976,5.43603373991187,6.42763666532858,7.2325235766493,8.68800543611034,8.13204234440324,8.1108266771636,0,0,6.9883209268217,8.35289385440378,0,5.15010733938285,8.99717314127641,4.73435464436892,4.16976120150686,7.099284316527,0,5.95526725879609
7.39947147513352,0,6.16384098136854,0,6.94196345031187,10.229205742554,8.63530150749654,8.5180748026828,0,0,6.99161837198913,8.61797926022767,0,4.40146154731249,8.85526414940115,0,0,5.82310506533008,0,6.682020874304
6.90556287742522,0,0,5.49495265798145,0,8.45137385037894,7.91702985046471,8.96462140273242,0,0,0,8.01216406876405,0,0,9.50844296175585,0,0,6.15473069736678,6.83830873317198,4.92660129848625
7.37043213284141,7.23220554037602,6.49737812651295,5.38573282855099,7.12565309545628,9.73309654289008,8.23639669223558,8.5401965731812,0,7.1586618463213,7.86597842862839,0,6.24492389562414,5.84597624035938,9.17010154071651,0,0,6.19260785814252,0,6.81326875987619
7.05710588543939,7.00901138305487,4.77347733139647,5.38242870916669,6.50921613094471,9.19672510343581,8.28398415261859,8.05648700667243,0,0,7.36965112883371,0,3.9759363311718,5.52058053043494,9.3837136789993,4.89012353886861,4.71420394701221,6.42116687958019,7.91474557810293,5.62058200873005
7.73688771398356,8.19223560601529,5.345820989192,6.57358239681817,7.72396928911872,9.91985290662239,7.22272658987156,8.22338573035086,6.23939826722941,0,7.46674229785515,8.58186982801543,0,4.83015204657594,8.93560742981061,5.24623428667781,0,6.39652957519481,5.48595808481959,6.53792272350268
6.96743828114331,7.0430813102789,0,5.56402219894632,6.95519214690676,9.63490197577534,8.08323909860762,8.15519266312214,0,0,6.28047074252189,7.80097797792149,0,4.51184802875672,9.34530823238667,3.87598123408088,0,5.30330490805908,7.19736050099577,0
7.03605174324802,7.08929319547689,0,5.39226297939056,6.80853145083704,9.82979795439026,8.17057606901727,8.18243069236041,0,0,7.20856332765282,7.95999896912263,0,3.88115134176106,9.50224850205388,5.62564073677191,0,5.77424093830476,0,5.58926908786744
6.13524016303862,0,0,0,6.46689094652211,0,8.04771742282755,0,0,0,0,8.21084736290817,0,5.63192837088822,9.27540687870483,5.51612671627154,0,6.5242375553568,7.45848599704382,0
6.79069323334997,6.77582260772131,0,5.56256447274066,6.70199722036026,0,8.50913077732619,8.49498030177004,0,0,7.06743919362024,8.49554862879824,5.44414781475958,5.50946930500987,9.98437144477624,4.18021640129606,5.57617635005106,6.62948213672722,7.93802091588977,0
7.19876680265478,6.84320609112101,0,5.64742374098682,6.85878559870065,8.97165923513077,6.73945496355044,8.66274529492979,0,4.28867703168219,7.56807963617458,8.41894730664382,5.44983601418695,5.92080063735682,8.99350935462945,3.76699723337789,0,6.61386732314217,8.02849754991306,5.83519078179552
7.66437947998709,7.17993277427288,4.44863332816786,5.8282689181125,6.57233848518514,0,7.93527964593452,7.7198892148816,0,0,7.30833514034697,8.1748296349994,0,4.77059987511183,9.35598929982453,0,0,6.13532676749447,7.60446111999211,0
7.30571227159998,6.53045479782114,0,4.82623157109798,7.34764113729243,9.40952723983773,8.77846763147155,7.92691302030984,0,0,7.67570376271487,0,0,3.80265446837278,9.43259552878483,0,0,5.9694489730503,9.18098261952277,0
7.79404443060303,7.37740259475577,5.80103017020348,6.27096952808794,7.27379325263361,0,7.58273848891441,7.75308262775736,0,0,7.62696973660425,7.75057168406079,0,0,9.58859870964613,4.35336992542408,0,5.30519367048747,8.11204203402039,0
7.31518512239989,6.79874366171284,0,5.71686321419473,6.98218534211613,9.2268926244837,8.31221858071735,7.9769662196788,0,0,8.0575485223946,8.8162794878013,0,6.12271208371765,9.01110009741852,0,4.0251731033608,6.34603978821275,7.99596363393485,6.00583578440695
6.55616737409196,6.74133463001985,6.29861830974936,0,6.63720560527066,8.11514723135373,7.25532994067399,8.56431148259408,0,0,4.22551901277291,7.906595113358,0,5.25843243284912,8.72988228482659,4.1195248607524,0,4.36538899352086,0,0
7.02412398160758,0,6.87847063915464,0,7.62063155472308,8.44861237787889,8.09571149989425,8.15043039288267,0,0,7.21318640099375,0,0,0,8.90242565978612,0,0,5.42349521527627,8.0949246937983,6.49148197215737
0,0,7.01068183496184,0,5.26445029703646,0,8.18967197462202,9.41214587784282,0,0,0,7.88811692268167,0,0,9.10374464931975,0,0,0,6.77888728152227,0
7.23001992116415,5.99006356619235,4.6847204647461,3.62567337821014,7.82268508521695,8.76689921579768,7.46666224433361,7.45555293566789,0,0,7.79020376776665,8.38782910350299,5.41534456107291,4.90386637970297,9.09689503986621,0,0,6.07651775814145,9.2308290384035,0
6.04104011705125,6.30953638713358,0,2.34084380511114,6.7482435879127,8.08751735459301,8.28135439541747,8.87551917164415,0,0,5.84548456271647,8.42988431563277,5.53583708380675,0,9.16880249627413,4.3686880702347,0,5.48463094461153,8.04770143114322,0
7.02354521863048,5.42472972890247,0,0,7.39863326493843,7.0127187158146,8.00464274766979,7.59269890219139,4.50744709745948,0,7.5241240017366,8.68311940950773,5.0854953643057,5.5370586384853,7.70010505406175,0,5.18206440972379,7.70412218534363,8.68748771249741,0
7.57448147918428,7.22509566328732,4.94684316100848,5.98464132175986,7.37737133313035,9.0921141131109,6.86516088134972,8.01124233331643,4.67282883446191,0,7.32999883832912,8.38610908745072,0,5.39267254502918,9.3329738474294,5.39116998356265,3.77022899981026,6.9670048381861,7.25977741538016,6.98027127032087
7.72222145852746,7.03625402907859,4.53721249280486,5.81591997459305,8.1141930427977,9.0500847615912,6.13625729200952,8.08163581880083,0,0,7.25453846035255,8.06364856656893,0,0,9.01208331689472,0,0,0,7.84563919101823,6.78411763852396
7.7402469234809,6.96873748391693,0,6.12691285128303,7.09552032639453,9.29047230643812,3.85967652505594,7.95576526254478,6.8950144583313,4.69610718098019,7.2103530571567,7.38069833388029,0,4.43236322156272,9.48558289303437,4.99396375980828,0,0,6.9639560121701,6.04671002133396
7.49838789033417,7.63949797730145,3.38506799973227,6.02863990070804,7.01907301511409,9.69701058883099,7.87926877475626,7.84829755057857,0,0,7.07694093638295,7.92927411774846,0,0,10.250016196421,5.40515179546186,0,5.76264868863424,8.20048867952133,5.48363443232179
7.00853230648837,6.82232810103176,0,5.59340941717483,8.3165691615319,0,7.36148978076168,8.41326942092338,0,8.75276321333848,8.61185588892186,8.50304152730931,0,5.71435967169397,9.18997948888423,0,3.14759462286324,6.40171817194794,9.33418499901116,7.31211978164627
8.53091856603471,7.16387702247349,4.88242306294933,0,7.9359343736824,8.49229170701367,7.43400336286766,8.64073384237109,0,0,7.89089311516393,7.90765159471109,0,0,9.96603503036181,4.1568497675735,4.65386510752685,5.89467827842029,8.78716841888506,0
7.8791362875742,7.36659684352168,4.14820123501281,6.06555109046068,6.66935848620511,0,7.28015297018608,8.04143222043929,0,0,7.39281991965318,7.64883987927592,0,5.01422882960639,9.74061561956349,4.79859652251415,4.41340417036614,6.50542525136945,0,0
8.28326923983655,7.69642170839904,0,6.49107248726846,7.24695949463358,8.82860985672839,7.41334924144228,8.02276243433593,0,0,6.83524910019526,7.80511596275214,3.76745955423679,5.3781908291312,9.25428069943855,4.57995493684703,4.17315574264639,6.93925394604151,0,0
7.01316879323551,5.71138682151614,4.48379319982149,4.79479831796448,6.7073634335266,8.66339867733037,5.98101008920412,7.96242264631066,5.14394166140448,6.52731443577871,7.17496164767259,8.28752590675228,0,5.27571382033818,9.25033002019234,0,0,4.1940390562533,7.77952133653655,6.40118724546879
7.75514170687569,7.02924698456821,6.82343845025266,5.77156572595866,7.51320721240292,10.0607305889535,5.82673729871498,7.89577114630822,6.66182916477068,6.93314033470525,7.60805680606354,7.84124918406591,5.03252724051235,5.05062494231241,9.13650220957438,5.23745209077676,0,5.07185581675988,7.25431220800952,7.24117285487412
7.90492160235501,6.95717381711186,5.86496551224759,5.60811556456453,7.02334925372538,10.0458721397264,7.88647606072976,8.51928300623131,4.58537555865991,7.1234229554502,7.14856584546211,7.99843619732397,4.29496980210571,5.15773258573416,9.77195416257428,5.58436059683129,4.9136837680198,6.62521993934989,7.59308699823239,6.32080426482665
6.76327271197046,3.53660201866836,5.04200475384231,3.55563373496657,6.1515191927509,0,8.41903335519511,8.47497438847983,0,0,7.04337823276685,8.02026389817567,5.44949219434515,4.69198987794065,0,4.83715454196778,4.50512883180787,6.06411073709284,0,0
6.91329987923749,6.55761607335681,6.01307925708039,0,6.82252413461948,9.1664281910777,7.80595535729646,7.82756381611753,0,5.56861164364858,6.96482535558713,6.00423268638566,0,5.90164924278562,9.25921624675807,4.64015115488334,0,0,6.68614804692491,6.59830464805721
7.34174953320428,6.92794018614123,5.54857012034086,5.7673830560658,6.48678559371293,9.17020355933187,4.99450591216637,8.33742517156996,0,0,7.47779653240114,7.54037189580205,6.69443828848566,6.27748899646139,9.25185652551231,6.22285400727604,0,3.97217692824789,5.05100918823453,5.23686740423181
7.8697915448395,6.96209193763511,6.05900636632762,5.80507472613807,7.54871929565387,9.49466932901461,0,7.85413671045031,0,8.02617999881994,7.61791688970121,8.47355264517499,6.12632318355462,0,9.75931113066852,6.78367621486893,0,0,0,6.64541601420215
7.11044302972894,6.58706780491637,5.12122212872566,5.04716006877863,6.42734569510248,0,7.76465687551204,8.24589877153961,0,0,6.87976724244197,7.66277336325004,5.08987768159902,5.36966080661617,9.22513045744882,5.12265359741815,4.7477108727702,6.20540588765739,7.30667903904688,5.71998385399421
7.06600611310543,6.06236559686424,6.08000184262488,5.03357026537875,6.9099029710396,0,7.40345711260228,7.80547870024218,0,5.60252464258197,7.29401038415761,7.5944617627121,0,5.58956806387684,9.60538470525643,5.43529282157511,3.44617074730489,6.38446900949081,0,6.74591846972862
7.19026147968985,6.69501987449944,5.8179441462671,5.61133818426492,6.79681254502808,0,8.16124940868542,8.0832329251965,0,0,7.01162868944695,7.87917414284593,0,4.10297388892015,9.62551155668743,5.52022014842611,0,6.24523429196395,0,6.89938030659995
7.05663207630669,6.95675494501404,0,0,7.1754285028756,8.30758758716317,0,9.00428375399315,0,0,8.51228918641593,9.9505381092274,0,0,9.00728372127415,0,0,0,0,0
6.58328473308252,6.01185523675572,0,4.3943256902609,7.79295155009455,8.08844819734935,0,0,8.03344108347713,5.0257209315143,8.54786011732598,8.29494923534486,0,5.97926543965098,8.99055492590976,0,0,0,7.46498536625259,0
6.76765377896381,6.37657387495907,0,5.35578406619637,5.96020605120521,8.98025024900382,6.44527527614643,9.07605784017439,5.63396783704051,4.16821441078856,7.83589948008728,6.99302430562726,3.66740042243681,4.86907172977447,9.69874859289802,4.87649419182705,0,0,0,3.96138443496587
7.21750212403133,6.21722467220535,5.60954505257483,5.75130199062418,6.85689347043855,9.1000075146918,0,9.58267604404376,0,0,8.5900420855495,9.3148895585956,0,5.84400807764011,9.12936889980106,0,0,0,7.0341323906602,5.34596402001539
6.57648349652784,6.17910526537954,0,4.9427132776108,6.75595516773606,8.89951249001709,6.5204738413076,8.13443237904252,0,7.3852433299375,7.47758727472783,8.69306566416601,5.72204797346305,5.76769580039985,9.51132605763136,5.16146618379884,0,6.3164243405565,8.34669189922739,0
6.73875657750398,4.81705054502359,5.66247425083453,3.5234150143864,7.13835893439414,8.37256271694814,0,8.04116505119242,0,0,7.72690495602269,8.18441611925794,0,0,9.53313376403924,0,0,0,8.3271821461379,6.58020908643521
7.11985406076359,6.6405945297511,6.48205174863297,5.383209833566,6.64096021299513,9.6161987360824,4.7030225861556,7.97713098015862,6.50620250769389,7.17339110911482,7.964562451135,8.38330516377644,0,5.08283191697565,9.06786625497826,4.70238763670345,0,0,5.98194437372382,6.67918452702097
7.61609151950781,6.70835266804973,5.41747723171729,4.30108769216853,7.30450922148798,9.09251133526177,7.63331156474002,7.72476917426075,0,0,6.90760526773101,7.5310699499434,0,5.57435692721574,9.46689548827553,0,0,0,7.87303044186898,0
6.69500750385005,6.52902459997658,6.63712696109618,5.45331054851354,6.86966912197656,8.81489786933704,0,9.09381105009215,0,0,5.96560813256276,7.67046117091145,0,5.09417955647319,9.41831343107228,5.1323808390034,0,0,5.46421308826012,4.28744119218401
6.70622643764034,7.0362452348933,0,3.83665269840337,6.18394268411131,7.48905986944838,7.98221830741724,8.81389496379873,0,6.56601117043182,4.75737611887742,7.82159901941324,0,0,9.40279376130269,5.14557402928284,0,4.9860010131379,7.23605132431917,0
8.44300829322686,0,4.39740773671218,4.14011429646629,8.07061229563484,7.07982445931174,6.88484482739903,7.11383405166975,0,0,0,6.68781907861441,0,0,0,0,0,0,7.64096896875517,0
7.58832367733522,7.40295139585989,3.81990771652034,5.32768197517794,8.22100840647271,9.00921146043797,7.53561699284345,7.23115674982461,0,3.72761928242987,5.41070811212706,8.11491400287248,0,3.75373042643355,8.83590870644819,5.86084320189954,0,0,8.25093595917325,7.68800174933394
7.03829219262633,6.7259455911609,0,4.77676777941907,6.77616485859454,8.76612300097478,5.0409058171145,8.5608578617025,0,0,7.23378749344239,8.52642048866637,0,0,9.524851796953,0,0,0,8.23868491076544,6.41738566378353
6.79898897018948,6.47651071788649,0,0,5.99286356802169,8.00372073454262,0,8.87983569400474,7.10456306847538,0,7.35425995793911,8.71637350408222,5.10291057020543,0,9.19712543810066,0,0,0,0,0
7.87268378246219,7.57249784097423,5.18391610623806,5.85984561028779,8.11169408273006,8.83093036248676,8.72340378598827,8.37456915716082,0,0,6.82799753070381,8.36578641032003,0,0,9.12742495869887,0,0,0,8.63521086620937,7.9280564155243
7.45758620808743,7.64717517187276,3.5945687746427,6.03265447393284,7.27711641185942,9.08480549327034,7.65679117877198,8.37014919915789,4.48413185761104,0,6.725609706702,8.08144102595313,0,3.84460032911071,9.39861086537255,5.49999210324659,0,6.39826210044992,7.26268470038241,6.16137608382525
7.66383969931268,6.82392791853673,5.54463041988889,5.57757656598873,7.0907349525031,9.23117188155612,8.13172775001424,8.7137561891004,0,0,7.46169786182153,8.25142654540753,0,0,9.23319715411911,0,0,6.91110964679471,8.59464670386105,0
6.92816556475376,6.96865280473338,4.88665811427654,5.50435544995931,6.07663255947786,0,8.33417859452546,8.51358067412595,0,0,8.40604708255548,8.40532935269741,0,5.36204305742858,9.32219475675032,0,0,7.14898233368662,7.39107608962594,0
6.25130640220487,6.60974000239056,0,5.20647616288246,6.77676921568534,9.03445009012783,8.3050934323143,8.42139349181665,0,0,7.39950816901482,7.79248103759871,0,5.26631057041295,8.22428951006178,0,0,5.83944908607773,7.66786460383092,0
7.19009560970139,6.91982218020028,4.06422893831748,5.31517448361446,7.76280019613949,0,7.03315368837647,8.27097802548426,0,8.55653120538182,7.94223429772064,7.81601787140896,0,5.29355604944633,9.48574994442584,4.24863808898911,4.50953995497284,6.24476866131704,9.03191561279463,7.10879227098588
7.1495085895455,6.7511365560405,0,5.05216104092475,6.3868624842041,9.60778002879461,6.77834111322059,7.91410972472245,0,0,0,7.4852222114774,0,6.01016362454047,9.55208440252649,0,0,0,7.97157596482412,0
7.61565805826378,7.53410538980269,0,6.11778878044148,0,9.7365884558617,8.46168048148598,8.57144271185848,0,0,7.82208408754275,8.2264076414896,0,0,9.46093565284368,0,0,0,0,0
7.67643655715245,6.49547701394073,0,0,8.38402059156075,8.93538760373559,0,7.28120670743471,0,0,7.43648761628803,8.08934442802298,0,5.61582519589706,8.31907146678818,0,0,5.61254399422193,9.41995278900604,0
8.18069335441414,7.59858477578685,4.10247806211882,3.70745583968687,7.73252703534638,0,6.89302735357752,8.40204044351811,0,0,7.93779246602817,6.60019697652556,0,3.57766852477793,10.2996192394632,0,0,0,8.45288504374066,0
7.06369863671603,6.82294874227206,3.88957287659055,5.83208773480913,8.09903790249155,0,6.86460766563889,8.1163782544833,0,8.89407499466387,8.07655883188879,0,3.50585765220559,5.26455373639523,0,0,4.88567657469078,6.91983206020759,8.87138465406662,0
7.52148039256459,7.68468738713723,0,5.83340624244971,6.14158569067631,9.83042211367875,7.22771333258547,8.97676888827535,0,0,8.55869975156796,6.80526840822672,0,5.26631057041295,8.59161397178323,0,0,0,6.90615399761516,0
7.52177266836678,7.31783638363349,0,0,8.43175294319354,9.7927124041768,7.78209421168038,7.51876464199112,0,8.23895174898513,0,6.77725927490114,0,0,9.3918115673153,0,0,0,9.45715357380904,0
7.53730216479911,7.39710800132041,4.79974964017755,5.66448709204856,7.76526793312747,9.53617046706982,5.93309363378165,7.42210468692174,0,8.10231390869746,7.08449461747986,6.35053661564644,0,5.64848115887111,9.70985425859586,4.03812688222387,0,6.03493104185315,8.70690404664205,0
7.65960523579582,7.49807207373788,4.82454665073306,6.34815949084672,7.66604860853645,0,6.58036170629413,7.93302238142443,0,8.2736785512622,6.47898571934206,7.23489842031483,0,4.85343552607608,9.93779235622812,4.28551573429304,2.99373027088332,0,8.5423364341649,0
7.25441119970843,7.06697878453011,3.84737781193461,0,6.81254309437613,0,8.27580419976068,8.51122541963645,0,0,8.54462935410204,8.50969313618441,0,4.17530992104521,9.37115735398263,0,4.71133038181648,6.53412308439235,7.33307530060123,0
6.77051415666863,7.43369609055697,3.73719331439249,6.06306401845988,7.85897676605362,0,8.43987360601079,8.11090474445764,0,0,7.50793154153018,8.14786134287016,0,4.53592728324593,9.63780829956069,4.61690110886379,4.24147062711239,6.00163762542832,8.67448407848495,0
7.72142839666916,7.38697877433682,5.13078589522672,6.16215623841977,6.79813012712092,0,8.07630088566759,7.85939384948793,3.14458322028635,8.59305548099775,7.08629469248063,7.32350729495844,0,5.37856005422424,9.74330119459452,4.70655280027669,4.34458433919801,5.79572334835456,8.04391701321867,0
7.61224291283608,6.82424322675312,5.01814039358203,5.84444256430096,7.23433589731228,0,9.02625886738225,7.92056999915149,0,8.81871455754639,7.94904208103089,8.09594010650746,0,4.94670103480016,9.00128461997959,0,4.81882889809109,0,7.27104330819111,0
5.07667269135756,5.57424310330122,0,0,8.4791361209681,0,7.17018877182252,8.43614364371602,0,0,8.57817163298402,8.4053494829851,0,5.67760960035218,8.73849023899123,0,5.47516563887694,7.56702504550612,9.73773988686321,0
6.97943387401603,7.10988763297354,0,5.38164697413504,7.42450531868807,0,8.4717417475123,7.8610604458129,0,0,7.15308293335222,7.17424180447542,0,4.18098086888165,9.46095121946883,4.95166347231969,3.640739078786,5.66101414280526,8.44988818040532,0
6.85509262639883,6.80722751120812,5.14778513224349,5.34286042929871,6.70931653530589,0,8.52916326339661,7.76238335046419,0,8.4676877715124,7.69435637209334,8.20171228706612,0,4.89425127935358,9.5444598430138,4.02838280654434,4.6348260708956,6.446973002078,8.0725422495465,0
6.81243309910581,7.01427512235981,0,4.8019697619627,6.6013795640831,0,6.8684425615966,8.57391373162574,0,0,8.44343469664972,0,0,3.35445511911002,9.40776398317976,0,5.28112034171952,7.62555604698074,7.43202808278842,0
0,6.80305010409719,0,0,8.30105752739909,8.53390280497918,8.8763364864683,8.42971843435537,5.69474173000405,0,7.86364742076614,8.84407386139214,0,5.4380793089232,8.49882553405805,0,0,7.25344207372049,8.43390940377948,7.05220188334717
7.27161336229217,7.38127148191146,4.42640230739343,6.35029217236479,6.9438750352885,9.61698478443154,5.78182317965906,8.07164019426644,0,6.79250154195148,5.95508579176427,5.87885560272533,0,0,9.43075219551727,5.33715339033323,0,4.32519169792134,0,0
7.37536855360523,6.31952651636922,0,5.30385202204651,7.52291389068011,0,8.45401907239197,7.91302345387088,0,0,8.47534150027366,8.81109339118125,0,0,8.583437756433,0,5.15502419672156,7.05852596735425,8.85368685637929,0
7.50069530912505,7.18363548254161,5.02065162937174,5.1811091656425,6.87240785495041,8.7961709913616,9.03314843615174,8.04474176876714,0,0,0,8.60657675255092,0,5.85329383804932,9.08661333066773,0,4.20200243692861,6.75802481558837,8.40687596710537,0
8.26826505652829,6.46717063637896,6.20667672809591,5.35422499848633,7.38689207360909,8.57215285644535,7.09636535486097,7.48038882418934,0,5.61177682886018,7.9077693214087,5.88084020177506,0,5.50910489565266,9.52005053471982,0,0,5.83026827192898,8.67455072379096,0
7.85546715553104,8.10055287259576,3.91840261239218,6.95982577127314,5.93441789172871,9.82079049184915,7.33449252236584,7.32964476550444,0,0,6.69668850889338,6.32103804203804,0,5.12438055928848,10.6226313731217,4.44159187201127,0,5.50663150361625,6.97709475706075,0
7.54885625020625,7.73808281160911,0,7.18343814807423,7.6414156063738,9.31708492940617,8.18934446521708,8.19792412800465,0,0,7.4216800952858,8.6189082705371,0,4.64371759560033,8.94202815344913,5.687754713579,0,7.57248240867701,8.11931522799551,6.4051292795591
7.75998097760564,7.69939393728408,0,6.44436970203798,8.27324726322273,8.42695771350348,8.28492816565247,8.4515105493552,4.78390197393149,0,7.74651680834705,8.86516194623641,0,5.14726189162808,9.27553805082157,4.716174744031,4.20065462691552,7.44925364743215,8.80039725252443,7.228642410615
7.81477920634576,7.93610603460958,0,5.92740591080726,7.39259825842451,8.97329311049266,8.22498623041303,7.89314287693562,0,0,7.88527656670468,7.63253193199954,0,5.57150743534638,9.59207956675631,5.38582445398627,0,5.73869906655976,7.80483057113174,6.08064232575403
7.67221330910755,7.57698879349407,0,6.74004643455603,8.0682682377158,8.49182820283178,8.26526171565783,8.40024131025524,0,3.62966009445396,6.43810358779894,8.09501621469258,0,0,9.17019939551048,4.45701814496423,0,6.69837902206428,8.52345355438705,0
7.49676896855926,7.55192227732036,3.755135249891,5.9702664465918,7.68157420010217,7.86507278440789,8.10329764683005,8.22389269849113,0,0,7.82528524269124,8.80353236257958,0,0,9.2369823029226,5.01389663679863,5.04619546949481,7.55468573124427,8.13977603605323,7.36350784245801
7.53862804005758,6.92448456093601,5.41871919240033,6.01437508494108,7.55878274835167,7.89270229236986,8.33630420799886,7.97897581565827,0,0,7.58438682416415,8.30085642131495,0,6.0333979238142,8.73172052954641,0,0,6.92861616964947,7.88335965607124,0
7.64199161837078,7.74767455588008,4.64294755032212,6.73391366562072,7.45484146975788,8.8791632912394,8.59481882647571,7.59877018786573,0,4.65747796561144,6.97954556738063,8.36754170834015,0,0,9.62766158455588,6.09060827854543,0,6.66008847573523,8.35806146005688,0
7.8029898782505,7.69249209031586,4.30365960559978,7.02581383223562,8.25262590207046,8.74556465336046,8.40670175730272,7.96335219721654,0,4.8895969657192,7.79925319324557,8.84911365585088,0,0,9.39426065013383,4.90453376321371,0,7.22019093777511,8.72575737841455,0
7.1466383122251,7.33002506095925,0,6.26938033426917,7.93587714682439,0,7.77393938052542,8.18283591668556,0,0,7.47777956719395,8.72088151108541,4.67553544864866,0,9.22664669825049,5.2405823158968,4.45318382899021,7.18687076276779,7.77961333901232,0
7.56329404593507,7.59892550665786,0,5.51652877481668,7.66205400133533,7.99176817999363,8.57433693848196,7.80370451839836,0,0,7.9183884498232,9.13179163111162,0,0,9.52802289670059,5.27857373751143,5.18414032148564,7.6829938364897,8.17157970055109,0
7.21670948670946,7.19054038082121,4.68693448779073,6.57841753126152,8.01872094945634,8.28243494997104,8.46788529324568,8.03489347417908,3.39685463222802,0,7.9682779479029,9.22438133467594,0,5.63135514072061,8.92771880686425,0,5.48496289482205,7.58564160277403,7.90877311421162,0
7.65399762957623,7.33536015043617,4.14456227838272,6.02842308809351,7.33321907359699,0,8.05061090270447,8.26959299966804,5.48579228858279,0,7.76912931777587,8.57022008225674,0,5.21851629634448,9.24684586378849,5.60030906617992,0,7.16077602844648,7.7739015300139,0
7.39253667714028,7.87114331437392,0,6.64872544910352,8.25583102468105,8.2705404519886,8.20710189745133,8.02751569458444,0,0,8.05518312832258,8.94259686529295,5.687754713579,0,9.56183492080882,4.40708503401466,5.30707887221661,7.8212701617495,8.80162448580984,6.91258360383878
7.29481198740695,6.99182984776904,0,6.29493384296009,7.44461700269897,7.81847451887936,8.68945599481285,8.62626281980286,4.75771958444838,3.89059505801453,7.23967430832697,0,5.04671003823325,6.05989392652976,8.45584530810926,0,0,6.60052334728564,8.35864987808507,0
7.1958772546623,7.32470089975323,0,6.0849321212658,5.91905513158984,7.99712498628331,8.46560932850195,8.48096894437091,0,0,7.86421627304516,9.14812980571443,4.67776987840243,5.58623691080116,8.78393708207381,0,4.74805767353664,7.50669067627935,0,0
7.73996850766508,7.40146322773943,0,5.697630255171,7.54613471518502,0,8.25725597927302,8.70357482825266,4.97009103878067,4.64496765586216,7.29956761063651,8.45637892661871,0,0,9.02996052883556,0,0,4.55755433204643,7.81608238519679,7.26671560943455
7.88520507806664,7.04342189040367,5.3949902538083,0,7.53946844775794,9.78906386793616,7.74556108920382,8.67796589715237,0,0,7.1017089200058,0,0,4.47688216568656,8.04192452616143,0,0,0,9.27666167800797,0
7.30672601087386,6.67219748888508,0,5.21373939007274,7.45881456423444,0,7.86601678527617,7.06772045041381,0,0,8.31493011768138,8.22879619680183,0,5.56306340771676,9.61120156497929,0,0,6.96093579145286,7.39246893334728,0
7.50440257231645,7.09012683452613,4.3388581392725,5.70144641485865,7.28906429721254,8.89875624103044,8.82395998647346,7.61387791306447,0,0,6.64384181512472,8.82592270429804,0,0,9.53893163514652,0,0,6.33656020917294,8.29929585462198,6.96578831023275
6.56922893412436,6.73618373321191,0,0,6.83581879359739,8.89500614514074,8.40564915267978,8.29923367971898,4.04620418689417,0,6.82215381668641,5.64374934454072,0,3.70105503004407,9.24031656282714,0,0,4.38576962095272,0,0
7.41628827668824,7.74802852443238,0,5.95410011000777,7.34553913123122,9.80857779255309,6.92119456584864,8.28995125317586,0,0,6.29624338342482,7.19843036788818,0,0,9.80759320213738,0,0,0,7.82823323219656,0
6.0347155891023,6.99736743767182,0,5.99338769666983,6.74197220442512,9.29956845691899,7.89373250839573,8.07946002434264,0,0,7.66836950087537,7.9297816561442,0,0,9.60813614577944,0,0,4.67572184193904,8.09162128975803,0
5.98637662555904,7.12355190763329,5.04857313343665,5.43311046288957,7.16581799735915,9.16155445779772,7.37283430223635,8.07439686393658,0,0,7.62419897609252,8.04303695200726,0,5.51805512472741,9.50793812121534,5.78922595647367,3.4141136069287,5.64995966795869,8.28361791839887,0
5.66212679938737,7.68317805707595,0,4.63414629422461,6.14934398076979,9.8145743682569,8.26197572762073,7.58562129500986,0,0,6.52053275841125,8.18052253511114,0,0,10.9057541254176,5.15519729195322,0,5.86762885603308,0,4.84890037091069
4.67600136674868,6.95100632097645,0,5.41889648950642,7.06969554108422,0,7.73008691792291,7.90670928185241,0,0,7.9229461028445,8.86943190984133,0,5.56072009181436,9.55485163741401,4.01782342431436,4.56194948353353,6.5142236824385,8.10024035125909,0
6.25527008014108,5.6955486697291,0,0,6.41989720350254,6.80911656575153,6.79947940668778,8.3754429737311,0,0,0,7.99491557653613,0,6.04514748402417,7.87943908963103,3.69957208365268,0,0,8.61297962143179,0
7.68739661946469,7.39921458025716,0,4.73821395974586,8.00755020139653,8.4849839999942,6.95547820719115,8.065968921008,0,0,7.18093012870185,0,0,5.2546266779233,8.95227535249652,0,0,7.39238886658387,0,0
6.31667720332561,6.86278929331217,0,0,0,0,7.97582244582209,8.6017953351995,0,0,0,9.17079360567335,0,5.37532470290882,9.29353196286295,5.17178996007628,0,6.63523764305013,0,0
7.70473981578134,7.55488993415984,0,6.53735804213447,8.1363982566223,8.82703246990792,7.81164544061684,8.24084399201541,0,0,8.05070657024072,8.47832969445365,4.45725005591147,0,9.19612277929827,5.50671269551334,4.30730308847795,7.37170939677631,8.5073408157653,6.9703074536391
6.47365918807482,5.95295757917797,0,5.09160065291936,7.19202403268377,8.07009325853079,6.13779184680356,8.27431366058484,0,0,7.88383451852081,8.37216741936598,4.69975282847404,5.69359744959784,9.05773333345474,0,4.38127635328318,6.53279997707854,8.53684678800005,0
6.45504131827336,6.29201348526659,0,5.67349507371774,6.15277524699023,7.56296692019905,7.49676341980094,8.11646783292721,0,4.3810261343403,7.3363182327807,8.55186318110112,4.91676407848619,0,10.0781968763279,5.94497548337503,5.48959866471346,7.39886583161879,8.09370666871025,0
7.31115158192119,7.6909213926307,0,6.30576420746403,8.80690021227544,8.86469721068588,8.00171007166819,8.23675945287447,0,8.96482083511783,8.4567932943473,8.74150725741077,5.43004713722593,5.96870755998537,8.99674360475457,5.25405195025002,0,6.75947566400871,0,8.0758345489516
5.85864718521712,6.41717336169319,0,0,6.19985987607328,7.91546499339908,7.92342789003067,8.64617374466146,0,0,7.49305552196431,4.48266351149529,0,5.10260657263507,10.3320309628064,5.470293931287,0,5.1115660126747,7.94229826974357,5.13409109802317
7.42539364324129,7.32216030665977,0,6.25165337009454,7.63934402308328,8.34801211904491,8.51118115528976,8.22685960681097,0,0,0,0,0,5.75883868040428,8.92960743161261,0,0,6.67660475726601,8.4311319083989,5.93629532997436
6.8909956171668,6.09140037572058,0,0,6.79296152098006,5.91560889480445,4.45085282560373,5.76919561320443,0,5.76107606454464,6.13413529827214,6.5364306939937,0,5.301362724734,9.57532370546052,0,0,5.84909420581625,7.82402601065629,0
7.79560949861167,7.61356198848884,0,6.20026573670632,7.90644409629463,8.67723675973389,8.18235521865807,8.56602335478569,0,0,7.91893792138003,9.2025047535417,5.01966110530357,4.30392994893746,9.40143995558164,4.29401475735067,5.43681764379314,7.29449957442161,7.96413485631455,0
6.18961844171859,5.90906072085317,0,5.12818126461788,7.30194371036253,8.1662787666391,6.68496166643222,8.19052077927317,0,0,7.66383969931268,8.73311875562397,0,5.80994267048459,9.39996850395258,0,5.06417606102429,7.26788126123212,8.2889365907152,6.3225293326399
7.33869968203487,7.59501516337319,0,6.5810412755566,7.19074385418763,0,7.23637533922669,8.59836941026933,0,3.22525543183224,8.32126346201538,8.50807777192756,0,4.89895857687163,9.30126823617423,5.93043984527021,4.41170678877529,6.85624090752727,7.36202324959181,6.47157319821191
6.55557024031626,6.73277074032219,0,5.33859521304661,6.51287396441362,8.19858994912146,8.29982045686245,7.7657217411999,0,8.10501459821293,0,8.10706321973091,3.84972197923077,5.53642834498403,9.48043620911942,5.95793361639904,0,6.126760007849,7.95553381677921,0
6.64882909752816,6.15430592461381,0,5.40254223760557,6.49181550257995,7.57059787927723,7.57704512301152,7.67672859766008,0,4.83715454196778,6.32670388115993,8.35037562423515,0,5.49847884147032,10.195735435792,5.79900174123714,4.57140655583528,6.92981026976297,8.31635403732128,0
6.86813048419887,7.35313316840147,0,5.41351929623672,7.51593807693826,7.48823195758489,7.5969747562041,8.48491170603454,0,0,7.33122401152988,8.81949684563835,0,6.01148773831345,9.40165470560518,5.61611633790363,5.74811828847625,7.52483641777451,8.21871707228317,6.12970359133175
7.7998024974058,7.62602912425966,4.63879836696808,5.34805945844285,7.53968109721144,8.73592703424175,7.76277467996862,7.93881651338797,0,0,7.69508928134328,8.12508350135523,3.19744787745458,4.70365713270275,8.80405792994163,6.24999454709245,0,5.87467788990169,7.41876888507834,7.14698475528199
6.05145367292195,5.71765250617506,0,0,5.95316540917378,6.58724693859881,8.16710507802944,7.59811858816547,0,0,6.83051779964049,8.54276931603391,2.90032208874933,6.18299358465285,9.94278037847384,5.60969155125661,4.53109298259178,6.66327317143656,8.36007845644784,0
5.66278685395268,5.59038978730111,0,4.97272572102304,6.64512998044822,6.5638414220603,8.35230439718248,8.32531572197603,0,0,7.51603605318454,8.71408475494631,4.89245217841853,6.51070466947499,9.78235892662865,5.59656839034905,5.59478572628044,7.49282715105555,7.95285075043542,0
7.24020515101632,7.34476427276554,0,6.73796290316492,6.57578688481888,8.21611782792013,8.2970925058867,8.4586526464023,0,8.37452071755059,6.30245412699326,8.707008268194,3.8275538488017,5.0737978690539,10.0214838987735,5.62571281923428,0,6.19252607527599,7.68396061617608,0
6.99604999880164,7.52363797237086,0,5.7710672214618,7.19926750701427,8.74447377340593,8.238000316876,8.41036048150093,0,0,7.72771130640578,8.40035820621797,0,4.66795717408686,9.30911726305979,6.29509993599103,0,3.52636052461616,7.32312451225554,0
6.26936140007496,5.96737675157889,0,4.07550147442062,7.09313880981191,7.79387129898134,8.24857621945263,7.87518009257018,0,8.10707527576737,7.41038944417183,8.48100419795304,4.4312928759768,5.55717549168624,9.20849366786731,5.00930107108312,4.20454335452018,6.42053224305102,8.60579180807426,0
5.88513133631337,6.10581949134538,0,4.85437127162159,5.84058351614835,7.85397367709798,8.30204261103095,7.9293857262978,0,0,6.02036779471471,8.88476119002121,4.54849400879453,5.95144951856975,9.62246989015533,5.7650657030731,5.0064264493222,6.78083058540847,7.4756453121698,0
7.06935528640031,7.31766383367653,0,5.9782019868744,7.25008177451223,8.28567214669131,8.690817032507,8.1784030705757,0,0,6.28308883879239,9.1064032872042,0,5.55094204718442,9.20735090797811,4.89019874097431,0,6.45061259213233,7.93184874187696,0
5.82375570268187,6.17736303239228,0,4.98531748611197,6.77351506377366,8.11506351456757,8.71457740138721,8.0116137821702,0,0,7.92297871230813,8.69626279968592,4.90793789585791,0,10.0653980469748,5.53678293396003,4.70592008908823,6.91396595275885,8.47352966356133,0
6.9862706670505,6.44983831087155,0,5.07879226075654,5.98282735371232,8.08609637990993,7.53049072480171,0,4.98401749619196,0,6.9708803016012,8.94577959694463,0,5.80266203421434,9.7579529805489,4.14487923559615,4.79430183471059,7.03395611863676,6.4682420567344,0
6.52301883984941,6.82236077596519,0,5.23835502537535,7.155552417735,6.61983317772575,8.08096161212787,8.21629348294492,0,0,7.03037106252233,9.26702311714817,5.61513339372488,6.27568438292956,8.79217596807057,3.50435547376478,0,6.65000734285599,0,0
7.27818025644503,7.41051042386554,0,6.08606993314898,6.84563516447374,8.76560050925452,8.27133101541492,8.55651389956985,0,0,8.17080515534564,8.76942475455592,4.78356738588989,5.04400559357136,9.20400534801831,5.32797325145555,4.87290462063018,7.24101521884106,0,0
5.53113398255793,5.78904231860702,0,4.28344862131279,6.26334111810177,7.48198377928541,7.06518628693097,8.1563639158935,0,0,7.61484974242459,0,0,5.30851519152448,9.38095196734141,5.33849915618087,4.79247928429309,6.6265058062609,8.76339054979766,5.92211446897319
6.16205084768352,6.02279362614471,0,4.23222066955661,6.36164784107151,7.46725105971698,7.23995411189234,7.88825197670348,4.92848481106858,0,6.73970342398439,9.0525479022079,0,6.04782125077531,9.01970031217349,4.04006435530903,3.55734606415209,0,7.96865531619633,0
8.02892782708991,7.84137892425154,4.71823097827211,6.4453546733628,7.4994343585996,0,8.02034279104576,8.46132946851393,5.74732077667068,0,8.01803918851065,8.54947643433639,0,5.1525398669347,9.72810983141658,5.02958788701294,0,6.75555935404273,7.29075662210601,6.95048904490235
7.02319779999198,6.59506987900643,0,5.32942836157309,7.90728728994957,7.98299999347528,8.37544066915086,7.82786271795442,0,0,5.08462897400458,8.97836165528059,0,5.62202997278394,8.77978819849137,0,0,6.88033269340417,8.4479760090592,6.70205864127165
7.06747328956624,5.52130090506088,0,0,6.87374337639043,7.69005279732319,8.80782640496427,8.05506566408951,0,3.44871689763013,6.01043349365558,8.07150590885979,0,0,9.04531241514722,0,3.94796913220162,0,8.12073737746566,0
6.83831945226214,6.18447873344068,0,4.18281321020971,6.82982616941894,7.82791053395844,8.13381926633232,8.24487515208965,5.14569052508912,0,6.85011557286905,8.32457884513685,0,4.22434890879269,10.1463945146913,0,5.04857313343665,6.79356702435125,8.00562062208919,0
5.79353176679981,6.13826686516547,0,0,6.30937267486661,7.81851876373038,7.63752846319242,7.81901336832822,0,0,3.95239689956642,7.47550929013402,0,5.23521780960472,9.52786276043885,5.50256348075778,0,6.11396974909969,8.39628126588522,0
6.58210823793308,5.97034305048587,0,0,7.10701588983301,7.37831500357819,7.0595231221076,8.21519310364917,0,0,5.43446408622138,8.64846177582019,0,5.01648481888515,10.1727472197469,4.51644825592729,0,0,8.97752141451354,4.32254198783899
8.20414681417271,7.43256072803561,0,4.27874728521988,7.27934642124102,7.87790142022233,7.66801422953315,7.97669155854025,0,8.45499858782312,5.63956390232955,8.23863999039999,0,0,9.74422801133887,0,0,5.60053084484573,7.50291469821367,0
5.22757296202228,0,0,0,5.86303440665784,7.31686042078867,8.99621230874518,9.24769395851753,0,0,0,6.64812926209051,0,0,10.3861760130528,0,0,0,0,0
6.74998974008407,6.65013673574474,0,5.60672076181307,0,8.59223572672973,8.6767833362081,8.62122522503243,0,0,6.45247473128928,8.13479889368302,0,3.63336674418368,9.64595310569913,5.00535470965233,0,6.5673051409917,8.13829893091022,0
5.60407263050719,5.78382518232974,0,0,5.93197990027309,7.2887227554899,8.33560176801002,8.21812925729314,0,3.13331793650655,5.13214471149345,8.04864769857272,0,5.05177723742743,10.2715588110924,4.25957647491732,0,0,8.14042923632024,0
5.29541315340065,6.16887824671602,0,4.53367418428302,6.46949834804898,0,8.14281678262122,8.30011123148062,0,0,7.17005031028384,7.6788352505985,0,4.4492178842142,9.74139206278685,4.92449626377433,3.2511493854185,0,7.5487245634835,0
7.11315025199641,7.24211099163159,0,5.24328023061813,5.59727315122319,7.97780004059973,7.82767541658796,8.15564065706448,0,0,6.6967996522499,8.27648375942201,0,4.92493215190328,9.18917699928578,4.85740641150557,0,7.82317363044313,5.1645002188137,0
6.36290740660171,6.26221661233692,0,0,5.07216930621353,8.3154637134194,5.9997798787117,8.07966759445639,0,0,6.41932695265819,8.4023568101066,0,5.61283609295338,9.86295197532785,0,4.58353788586098,6.69633029624711,5.78142229771343,0
6.89964245887159,7.53337280274848,0,0,7.48115562188818,9.06429095479269,7.53968641286844,7.57508709189808,0,0,0,8.18135395440849,0,0,10.0068200130797,5.27361475390766,0,7.21241245563988,8.79828710955949,0
6.35882964717157,6.55599680082322,0,4.42938720603372,5.50305251817889,8.7557816536635,7.68105285372491,8.37543145077679,0,0,7.21260415505578,8.6972538609964,0,4.73917646583583,10.0157531729899,5.95181374147819,0,6.1755137772811,7.09082655466664,0
6.20514344960641,6.41802229975537,5.03896356608311,4.10016094754354,6.618057843717,9.17055638021129,8.23737610868759,8.47700849377918,0,0,6.63645823577968,8.37438230573369,0,4.64717548013312,9.03475169836962,6.38215436963399,4.13612609623706,5.88629845699273,7.11286519740652,0
6.06134036201897,6.07099173730983,0,0,6.56851320991426,0,7.88341619914105,7.75784637750209,0,0,0,8.21419983048913,0,5.2991170467186,9.25219223599874,6.15405097432773,3.87556646841753,6.08130525110777,0,0
7.21284741294351,7.03814298539916,0,0,0,9.08139956930889,8.33852335895356,8.7954489756805,0,0,5.77417880527793,8.72045071995696,0,0,9.26928829480051,0,0,0,0,0
0,5.64502277944928,0,0,0,6.67612582401763,8.68006515858888,8.55704255308247,0,7.94759373207186,0,9.30135041031955,0,4.78924021331616,9.08688603484819,5.37745196971176,0,0,0,0
7.44250443918743,7.7107474050969,0,0,5.77100489092293,9.21039337057173,8.10098356717324,8.7243341820267,0,0,6.18326189973893,8.90187991633324,0,0,9.54741242866936,4.00186370942794,0,0,0,0
5.79633126958669,5.96806796930159,0,0,5.24465284196234,7.77194818239166,8.30236001309772,8.48381012599298,0,6.69328649285776,0,8.11625880407449,0,5.07679749634992,9.29938551279876,5.63628847929299,0,0,5.36513453958535,0
6.89694708026553,6.95894256775129,0,3.55248682920838,5.75168335464075,9.00620256190133,5.60690439967971,8.31865444395928,0,0,5.1060666786762,7.85519965716254,0,4.25985900069967,9.49376589817478,0,0,5.05062494231241,0,0
7.37724627685486,7.15894970006247,0,4.92899130505575,5.19595235987001,9.11600991208953,8.68548343479721,8.46000677718428,0,0,5.43162373385626,0,0,4.2916915584923,9.51107439592258,0,0,4.91302246522926,5.97332603440473,0
7.61897319582357,7.40982669625292,0,5.54259599039221,7.88941044083724,9.54420922272728,8.50443413979727,7.19200145549802,0,0,7.23387410352386,8.22086854595645,0,4.42628272592842,9.5088659406466,6.01939581203667,0,6.66250670188537,8.14828949441921,7.16051199999199
7.03144086029113,7.10480123117447,5.08518602536055,5.6584712519462,6.95512538773092,9.29494802901101,7.4980000314213,7.6359461920142,0,7.6803603808768,7.18279274427583,8.10240475584719,0,4.7434527737881,9.6095459299132,6.60971305838022,0,6.51469787594797,7.29049068007299,0
6.72220852683249,6.96715562226358,4.13676527810605,5.01714737771148,6.63548713258271,8.16882366184059,8.31983677543501,8.21303208241659,0,4.52774903901951,5.16329915486995,8.52349330396472,4.77034558394708,4.96807567967746,9.33202689023278,5.19561996830969,4.00860510327439,0,7.83382999124033,6.40910523114628
7.17037335738999,6.62974627122604,0,5.08518602536055,6.74246781474396,8.78164604249821,9.53061063402112,8.40446112809494,0,0,6.90055945100033,8.28463041818554,0,4.67273537215052,8.70252022723002,0,3.02916704964023,5.78123722106032,7.49099272296338,4.51019994839686
6.86528609525697,7.07844275487772,5.09092412532506,5.58018255367825,6.34582932466602,9.03787211162474,8.58504247592346,7.71312785788036,5.77246863244465,7.36442034378869,6.9622624034808,0,5.39535332905963,5.84949767566236,9.25528505651928,5.76362247501222,0,6.60602837128977,7.12840773008106,5.98348277736632
6.58539894259633,6.61151670384724,0,0,6.50341953290453,9.09380093772692,8.53416239659583,7.98573279421649,0,6.64483085765608,6.80272804111443,8.10722596396063,0,0,9.50066395257141,5.3695676880762,0,6.07373553954078,0,0
5.88482543661827,6.86234988002645,0,4.17022477255742,6.34885923197106,8.15317995941127,7.61837885384332,8.45890284306242,5.36737690247953,6.62333454923273,6.80227253363234,8.60367909703663,0,5.73149491322274,9.23173976298207,6.34826448323486,0,6.87883097540374,7.56644040598698,0
7.41568070122643,7.7274381894792,6.17353607264673,5.19245672584853,7.10499828845309,9.53255429742203,8.94910417100575,7.86719361903953,3.83362893800013,5.44375880219821,6.59561656609637,8.95884878514648,0,0,9.22457852666269,0,0,6.47552516235382,7.57923439339626,5.41783223504918
6.70560237447958,7.25380295299614,0,0,7.19215948509503,9.20615562813684,8.29871125785892,7.87283236549466,0,0,7.03334774153,8.68960918302169,0,4.78890740692321,9.28383244021431,5.80018296894252,0,6.97545130993479,6.50496159942913,5.92077380648521
7.19204660935981,7.85455581706086,6.06276142899002,5.44643560200049,7.20918491909488,0,8.2204542288742,7.96481961524187,0,4.76012054598591,6.52243097627561,0,0,4.95145130074281,9.62624414053009,6.55896346706338,4.63054549231932,6.40218250149759,7.37659573200062,6.19587370036594
7.46464736099596,7.56780575630278,5.41231547060145,5.58142649902968,7.27565004465909,9.18584581477155,7.82006610151341,7.85981847794442,0,7.4507711910475,6.10340834532997,8.44093182545034,3.92157721823296,4.10231273187128,9.28744955028761,6.72601755172655,0,6.44336784932193,7.52273008503784,0
6.74035386127856,6.87347434500526,0,4.8491354529946,6.82073662923879,8.61359731809697,8.55604652940322,8.14423786692375,0,6.95485830645078,6.77098435903633,8.42603358604828,4.74684334430424,5.60104813720134,9.20428708776308,5.3810487641455,5.26129024571096,7.08904296818579,8.67170837623205,0
7.5963923040642,7.8156710384741,6.31739931625934,6.05888952342277,7.38413230491826,10.0216305234081,8.19094214005294,7.72922091338051,0,7.22999818573504,6.80624290527515,8.18522479725298,4.11692111640101,4.86414409430313,9.27671782623931,6.32432311944505,2.81899509505394,6.68861619905917,7.41167108484711,7.30347976757951
6.48683129581143,6.71015763463567,6.0333260012029,4.79479831796448,6.07147648507737,9.14697130009952,8.64367781377277,7.42928342588126,0,7.08529039904213,6.50720308273462,8.33376542299575,4.52612697864764,5.48749039829109,9.62932698445566,5.79660471361592,3.62060061336064,6.26425503831161,7.57977074940647,6.7438471496989
8.15765988052188,8.19329793200026,5.10120699228064,7.04689963938846,7.63392612598926,9.58437673058069,8.99676589072567,7.91595039752578,5.20587307615676,7.3380950969211,6.90784527493238,8.68801049397655,0,5.15565873281046,9.60663018214889,5.1570993646325,0,6.95453389754005,6.89899703730824,0
5.01774330555563,5.57886152459335,0,0,0,7.75894840012392,7.25548533643906,7.78880839462994,0,7.73657343662247,6.65175273578615,8.85747530409121,5.7126431030884,5.99388661154036,9.82366482066614,0,5.38472439428878,7.14718154447024,0,0
0,0,0,0,5.82135808139329,7.46869590321997,8.19558749807974,8.16690353237228,4.20573685011165,7.4994343585996,6.01898243314472,8.67190885446755,5.30802014200942,5.36030576388211,9.59784515470735,3.89934295227077,0,6.92579164146824,7.89351237023016,0
6.44999637615284,6.38225585298235,0,0,6.09582456243222,8.06535634239423,8.75766572485222,8.6517782787095,0,7.31007544694622,7.09892094442998,8.4913973204601,5.061645215004,5.20384183832515,9.24735673425539,5.84975696319928,4.17807277775281,6.58239903020559,8.0923801126399,6.9619498605628
6.46928132406698,6.66981529842517,0,0,6.62802814857882,8.69038654598332,8.59189798543635,8.52262640474511,0,7.11872907834925,7.3542471606419,8.52633131132726,5.14008336128314,5.18861410145607,9.26052955705932,5.58248075568819,4.37222879219377,7.0640322680394,7.80731888934008,0
6.81472948797377,6.65807522866336,0,4.80114806922953,0,8.75855851328767,8.27376274556739,8.13359328791083,0,7.06944036092565,6.34338822162123,7.93948318602115,4.58843086198379,4.54595082632812,9.31365479581507,3.95335686892112,0,6.84476222965421,7.57042263328811,0
6.71195934918616,6.64606578680461,0,4.49591320005114,0,8.86119274088636,8.83492957439302,7.81398355371721,0,7.4890542777487,7.19218958313941,8.6060846333091,5.31777679770426,5.24211731685984,9.30448623786641,4.86684190300764,0,7.35279360221003,7.154591919139,0
8.14892848778067,8.21158880277483,5.94405842471071,5.84721881756626,7.08916808965805,0,8.17820940348882,9.18305139173851,0,6.92164832216956,7.60738142563979,9.02416258949205,5.64194253130229,3.64909858410209,9.30947051913336,0,0,0,6.12461774322522,7.6088656688615
6.97924769068076,6.87320524122273,5.79529758349197,0,7.17795797330323,9.45905030037882,9.21173939288989,8.42139129073702,0,7.65872787311047,8.04816188930722,8.85372399775078,5.89748348363709,5.3095045559386,9.03758332904333,5.14970134221925,5.71534866102757,7.31780320326167,7.39794749044563,0
7.24319841483218,7.2706746856182,5.94051329947893,5.31162838060771,7.31515850772056,9.55175750527592,8.46259549613617,8.21310798683128,0,7.3188047653842,6.56381321251984,8.49741488382433,5.13726794502962,5.55187372427044,9.29869001974853,5.41614484566124,4.57522630961502,6.8267295883391,7.58673761006868,7.37456631732871
6.31568344584711,0,0,0,0,7.50192707105917,7.33282691672922,7.8030184736642,0,5.8707647618702,6.31017279128986,8.95638445804182,0,5.29275190807515,9.35141449654187,0,0,6.65073172748415,7.58471718174111,0
5.75675435942231,6.4146713366923,0,0,0,7.97901692562745,8.45510499910282,8.08686555628306,0,0,0,7.79593456069522,0,5.37532470290882,10.1496364401317,0,0,7.02379457298211,6.58870637078086,0
6.05263019901183,6.47738766125676,4.75281402790065,0,0,8.90565319550845,8.28463294184166,7.21767084530785,0,7.80803044358749,7.35197304200346,8.38041080575007,3.91362172679184,5.19395635122329,9.58838632050732,5.92190008372207,5.10891077003085,6.86581807951861,7.84799297966977,0
6.46681324101042,6.78921946005551,0,4.42340847245265,6.4006892457573,9.06130309638568,8.01170993840758,7.94983954330837,3.38878736158547,7.2287294674414,7.03460816997806,8.12222875774393,5.0257209315143,5.7428429185568,9.49999050652266,6.24128897700352,0,6.55539956515334,7.99318438341999,0
6.3879057284515,6.70033742812941,0,0,6.01376405460275,8.8208234133763,8.84197594287463,8.38860498963911,0,8.25945301933558,7.31377356739119,8.70368105707961,0,0,9.08540280357832,0,0,6.19060224995535,0,0
6.63305524075353,6.88302191556146,0,4.84087451934716,7.42740584811729,9.01313256268569,8.92629700473311,8.54238714173048,0,8.12455644686692,7.62911083580567,8.47167267611443,0,0,9.25900671895677,0,0,6.29710931993394,7.60935166426898,6.5287324713795
6.51228010490332,6.21049967037765,0,0,6.86886890992964,8.50818877304676,8.34890707538674,8.43645157289474,0,8.01182597672688,7.36532568504704,8.69026375609601,0,0,9.28483541206659,0,0,5.76167395307198,6.50863499980878,0
6.7698600931323,6.50389887621339,0,0,6.44689373325359,8.60281476974964,8.61755965754185,8.71912454645853,0,8.26459508242683,7.43613394279571,8.48608635158255,0,0,9.20047991708405,0,0,5.83583360556707,0,0
6.12005563148096,6.72093160284074,0,5.16934698525108,6.13921622549742,8.62833913914098,8.17084191740042,8.29561092066898,0,0,7.0683338271571,7.90075516842056,0,0,9.19764512729163,0,0,5.61651651980983,8.39900632423088,0
6.09264383359759,7.0052721132418,0,0,7.09757366420271,9.2423524730972,8.53188079848808,6.90664466247588,0,0,5.86030177565564,7.4355383097706,3.2216719121702,0,9.34963263885368,6.124070511656,0,5.48930955784516,8.03679977477045,0
5.42723814661488,6.76907924679304,0,5.17501915020354,6.6640007737638,8.89753739523023,8.38821825948321,7.90809667592737,4.02784857093374,0,7.08136398892366,8.7604389329963,0,5.45502192530568,9.1420176330431,5.37166076077225,4.44781437521188,7.13758840511364,7.33798454183692,0
4.25191794932686,5.16472882943366,0,2.82908719614504,6.53025060903331,7.87806059916253,7.46884997279696,8.33834878233132,0,0,5.13279392802996,7.95148186336597,4.46659753612415,5.8628354045108,9.1179081468845,5.61221528113071,5.20395174051232,7.36124200203317,0,6.63560529011309
5.68694145746017,6.80929313695984,0,5.19772325131233,7.84524765906618,9.55375984911247,9.0372112351311,7.5871736492177,5.1690056300677,0,7.89775361716002,8.30291770234543,0,4.20289996877645,9.57024310100726,6.2811071963724,0,7.52833714303688,7.36844062758888,8.12838459028313
5.36578908166305,5.86734585852157,4.81963619610861,0,6.88137023503742,9.55395135273566,8.39449886509165,6.75825709283554,0,0,5.35903610158274,7.53821821816469,0,4.69957086140958,8.92614155925862,4.27318785463973,0,5.36835635732801,8.06114927045989,0
5.69265411686836,6.13554324582584,4.13532654394372,3.72569342723665,7.34536484041687,0,7.98974348342956,7.60821068925657,0,7.84159905090387,7.28797778995282,7.50258927522987,3.57794789340665,0,9.6970720539127,5.33998700171943,4.95187559888933,6.94952082821461,8.05960181051137,7.26061395020665
5.37486165418782,5.89602685917484,0,0,6.48416184115902,8.37920846884998,8.74248962361843,7.72318646174524,5.14929518015501,8.34229918197108,7.27531773824183,7.94060518679068,0,0,9.22017188388947,4.75651693848262,0,7.08471247327694,8.25714185007864,0
6.04436529884344,7.19275375380472,0,4.44816543717793,7.15063871052593,9.63717550582054,7.2210027537642,8.59511673216393,0,3.69212418427883,7.88055488045471,8.45254799792271,0,0,9.34204384497309,5.85601703418262,0,0,7.52189713027212,0
6.93338403861595,7.40511869245888,0,5.01409596572524,7.11619120142407,8.86991693965206,7.14732320871049,7.51350191592785,0,0,6.11781081342485,6.78236210957407,0,4.72579362831183,9.36240888559912,0,0,0,6.86163803936495,6.42400965961989
6.16497658041386,7.3381991376011,0,4.05491049297669,7.13686499727485,9.06564518111609,7.10582714586732,6.82979373751242,0,0,6.7546507184479,7.49715730515211,0,0,9.02874535119101,0,0,6.62168523983953,6.17987171561333,6.36846159123662
6.85421736205005,7.1841817440779,0,5.00689497448053,7.3348187866428,8.74805726266935,7.21942239668438,7.32819438181737,0,0,7.231163986631,7.71789851894721,0,0,9.23284522731625,0,0,7.09945769758184,7.3867248438319,0
6.50857537751599,7.10130522744927,0,5.22095024297159,6.45077053508367,8.60693517025035,8.31934938542319,8.1020019373236,6.32087620209739,0,7.36624917463802,8.1872797984774,4.19705156041436,3.46354600672669,8.86255862323329,0,0,6.98060603259629,4.05646960979317,6.51251769102941
5.81717068200126,6.79810780967761,0,4.40133894570625,7.13512986682416,7.08901794201259,7.59069049446567,8.13744261258806,0,0,5.7880010665606,0,5.14037617847946,3.38472918895485,8.87337001131179,5.26760039388598,0,7.21639372467391,6.81106815162049,0
4.3945726038424,6.54870609018194,0,0,6.68781907861441,8.21217233391463,7.31262687766509,8.51684513085019,0,0,4.89275225343954,8.02329023484615,0,0,9.40641689400247,5.65069810356375,0,7.24462029559804,8.10142316959783,0
4.46129981556839,5.21564202987913,0,0,6.53384697577819,9.29610513893698,8.0642496084979,7.91599783040371,0,0,7.77469188769188,7.79354556540791,0,3.72569342723665,9.51169603336517,4.50722654165796,0,6.54074135724823,8.19048750638558,0
6.37664191026942,6.79373515468628,3.62992531127027,4.33362389544571,7.4530460955483,9.00288929716258,8.18716574246464,7.89136815412045,0,0,6.38593611374128,4.18995772642505,0,4.67366960241278,9.5355783109544,5.46043621602447,0,7.29447240346193,7.37534975855585,7.49362900427029
6.02704884883197,7.15272294242636,0,5.34986562842861,7.62489238628218,7.88203940933286,7.97604924371178,7.37466663206628,0,6.33290655678103,4.13452635185493,7.52929904068239,0,4.84599647215461,8.88346691927424,0,0,7.25776405330167,6.44000510878927,6.30355260571085
5.36714355747789,6.37156056386561,0,0,7.18256485521124,8.35916299599044,6.92534958738309,7.89813255420899,3.5945687746427,0,7.47528821485699,8.32411802122406,0,4.54137805290031,9.51678040860653,0,4.47255266137325,8.016321198828,8.20006583028001,0
5.94177522882062,6.57074289650842,0,0,8.52109556723348,7.99918181183552,7.5761024661866,7.99049221849196,0,7.35905380343347,6.49399586804915,8.22323278473883,4.977492075503,4.83365942362705,9.12974726285956,5.26243108798363,3.6691868207682,6.99300594015434,7.90698912366997,0
5.48599952958409,5.87276546701098,0,0,7.27904293528871,8.76328735110726,6.8596149036542,7.27475672063817,0,0,4.97721638455081,7.40213439736919,0,0,8.89913989727916,0,0,0,8.09358753399471,0
5.16968822395086,6.45865171384414,0,0,6.85595659374825,8.99845570093139,8.26690966014979,8.27206984449397,0,0,5.12235554370666,4.80770278339818,0,0,9.03215823594649,0,0,6.62555150653838,0,0
6.44768613887993,7.10126402516666,0,0,7.97497665478518,9.29880901996379,6.8538374909906,7.90313072133548,0,0,0,7.52660446933607,0,0,9.03729208519826,0,0,7.18065614567186,7.57883577119283,7.67927916481937
5.91550100830094,6.98332646582921,0,4.50799827423582,7.66482985648129,8.32948917514141,8.17787250180196,8.08965730570263,0,8.28349917920684,7.71305634790245,7.427649657008,0,0,9.5924549664761,0,0,7.52096058011854,7.99720908986534,0
5.03630304084483,5.53469298663096,0,0,7.14278787468876,8.41835800607355,8.00054732954361,0,0,8.65547752091986,5.65354125821945,6.94071605493374,0,0,9.35079772467144,4.36169636820063,0,7.21278107575154,6.31309504513685,0
6.04810477115523,7.36145801768879,0,4.8142148129228,7.08516479141507,8.70026113625998,8.27421421226792,8.23047065845916,0,0,6.74385893069027,7.71774282880586,3.70302887721836,0,9.25730029083946,5.67819112498929,0,7.02576939904757,5.89528398863401,0
4.31093334456564,6.45064418271834,0,0,6.24928001995347,8.71871752242787,0,7.98430258315281,0,0,6.07874255521504,7.58994767439356,0,0,7.65884112446253,0,0,5.87442498500663,6.98186967968662,7.2918741690707
0,4.14456227838272,0,0,5.0935661347879,6.05140658307452,7.81738386798274,8.15303891832634,0,0,4.78990549400598,8.11217998118684,0,3.65790464981451,10.276687700057,6.24373962492844,0,7.18739257885081,8.41691087098228,0
0,0,0,0,5.90908786784053,9.14576131668378,6.92863575656149,7.13948585603363,0,0,6.34551354626965,7.88251867180616,0,0,9.6145046343513,0,0,0,7.29444523176397,0
3.78487121976766,6.36677967826526,0,0,6.37374631976049,7.47443179548813,7.07754868519882,8.12054113403993,0,8.91980891053522,7.45415844915967,8.47896366687319,0,5.13438567486567,9.22733513935204,6.6898728635894,0,6.13469871519389,5.38288826799831,0
4.35875800773453,6.06824038591003,0,0,6.757327659955,8.82921610727779,8.18805837000488,6.68353614944099,0,0,0,6.85178792026023,0,0,9.66921985671898,5.93555535266847,0,0,8.00642089956141,0
4.44335688982549,3.83773040084629,0,0,6.11179987844051,8.88337123750342,8.05484974788956,5.98599964167691,0,8.0926706382946,7.64291254799914,8.21287754491043,0,5.11583579695272,9.22060748433196,4.53678427312163,0,6.63595967896012,7.84503616805376,0
4.79554258097176,6.4581031459843,0,0,6.77414388315744,8.09009884878019,8.14180422743338,8.34417224950524,0,0,6.22338942942953,8.17084191740042,0,0,8.09609857641984,6.13923779139741,0,7.70217663748272,6.89627968550711,7.57771571256675
4.73943880679313,6.48411601689506,0,3.22127294946792,7.03509252744333,8.35084340413198,6.9970473864609,8.04808835813237,0,8.37220903699706,7.69398288255809,8.33271010018902,0,0,8.87605853467788,5.35875373535187,0,6.96261271426685,7.72240744901591,7.73559068277997
0,3.86618846908435,0,0,5.59057644849292,8.03786946467856,6.11902188052286,8.39079288348914,0,3.96176509732296,0,7.82088502018515,0,0,9.77610294395346,0,0,7.40006452787451,4.97085442408441,0
4.37424644735492,5.85495730245332,0,0,0,8.52809752251198,8.16727252873476,8.2947643846113,0,0,8.00316578072995,8.2909197470931,0,0,9.07909208536623,5.09332066071486,0,7.54662577189081,7.19027655741553,7.31657475490288
5.20483052345457,6.52265146561584,4.32068300443283,0,7.06477612166279,9.24259456750552,6.83063662542582,7.87068147437228,0,0,8.37905003809479,0,0,0,9.00114287085681,4.48243742060579,0,7.06380130436383,6.31644240430346,7.06448548610918
4.76037745029047,6.1156271897284,0,5.35635039779865,6.72628136283932,0,7.0893765906617,7.69030888278397,0,0,7.06457952450256,8.45680816589432,0,0,8.72183218457786,0,0,7.46544922135486,7.84684414713227,0
5.32724490162122,6.68612308499186,0,4.0342406381524,7.03191792160256,7.88598365263755,8.01231319068476,7.75318997618685,4.89140120617256,4.35606759550379,5.75887022763838,8.15009266085106,0,0,9.05748751627741,3.3881121421135,0,0,7.45474309724423,0
0,5.73117063797507,0,0,6.45483686271421,8.01117598864255,6.69527962279244,7.50645990324361,0,0,7.50942293340657,8.11424690840303,0,4.55176940926098,9.04858468054988,5.09693530701534,0,7.19423412785066,7.85015810331314,0
4.20095429728036,6.55872248783604,0,3.47010136030937,6.86978338572858,8.16489152787414,8.26479589132694,7.72630527965358,5.65445216463426,0,7.36649571594916,8.13083046548986,0,0,9.46670978006902,0,0,7.72958147339567,7.07864507481367,0
6.05114754926916,7.24772140485761,0,5.34367306826883,6.9886991189755,8.86124661805776,6.66324763191415,7.87967748173419,5.34080197815419,0,7.81594528842238,7.96642365972132,0,0,9.02679726939888,5.78089782487373,0,7.02356303171775,7.68861109339164,0
0,6.30913615426548,0,0,6.42939684535365,7.0600041515198,7.11527338640901,8.70027279415408,0,0,0,8.33848509819212,0,3.97180020946401,9.00867329139832,5.0726080264111,0,6.72042520045706,5.2501769912201,0
0,4.80361112466193,0,0,6.50244515886271,8.32715312340585,7.39270293790527,7.74993434638806,0,0,7.64118510864174,8.40605825807484,0,4.67721173885306,9.02294395985945,0,0,7.49307779926097,8.37842755256586,0
4.73180283692146,6.15309433143332,0,0,7.30584660076036,8.42551640284433,7.04176155882987,7.54280713635137,0,0,7.41466926224797,6.43589392523429,0,0,9.53806013145949,0,0,2.8100049236252,8.87976610806886,0
5.76274296747971,6.22390475032729,6.56052134243688,0,6.4131802298019,8.05453531593687,7.17207148332872,8.2802346510683,0,0,6.69296424804807,8.66096794126444,0,0,8.89080430534383,0,0,6.153413314094,7.67850681222748,4.94840521756012
5.57942789361678,7.46695383703213,0,0,0,8.66370447954093,7.73137354921272,0,0,8.24897904973313,0,0,0,0,8.80591472344268,4.34808197862094,0,0,0,0
4.3954363215838,4.50125307256832,0,0,6.02143588560397,8.00803617475079,7.11667008004561,0,0,0,7.45138104809849,0,0,0,8.20386778791781,0,0,0,7.13383850521496,5.74229781088453
5.64900944880891,7.2046696027475,4.49054466014679,4.64073036138664,7.54347459763956,8.28063506568017,7.65397866360119,6.8296207495779,0,0,7.24774987622964,7.32054019845251,0,3.96972571555644,9.20704093481489,5.04998420416017,0,6.32925733998228,7.78448572005305,7.21590887261775
3.86848900340442,5.36541511008053,0,0,6.6109517320808,8.00381096900188,8.36251870776104,7.88205073314287,4.07005186965306,0,7.49578635845702,7.80713583638235,0,0,9.17385272060473,5.1656998419332,0,6.27604180460628,8.03658634623424,0
5.12283238701307,5.83720552807891,4.20930881402262,0,6.76357308165849,8.40388786583639,6.63367363334726,0,0,0,6.89006980892609,7.86142657042654,0,0,9.25124236329661,5.31330449635629,0,7.82379798009921,7.23807290046961,0
3.64753649057955,4.99267496871926,0,0,6.92651815023302,8.27861107641284,6.65025317503149,4.0523065508752,0,8.50369043817578,6.89114814066842,7.65029244378348,0,4.86151637813002,9.56530485390847,6.16608989726747,0,7.70876534166774,8.66297523741924,0
4.6317147412102,5.91768344460348,0,0,5.78858307634867,8.25583362207353,7.57510248405167,9.40449991582268,0,0,7.1220921652081,8.65923080335969,0,0,10.0104612662899,0,0,6.37934257178909,8.63379330547444,0
6.08071092462218,6.59977525658216,4.74179678351992,0,7.48985916074876,9.8091713785443,8.02071744720453,8.66578559546606,4.58883753136719,7.91183708380401,8.0472855575628,7.54229299343482,0,5.50174788655223,9.15165243607233,5.39053185053585,0,3.02042488614436,5.15421602257378,0
5.03324443695711,5.92641923090482,0,0,6.25176899931032,9.18942618712874,7.62714508974644,8.22378006111364,0,0,5.6333957750992,7.50398949596581,0,4.72897947171438,9.24008362322538,4.8892959422371,0,6.01990622073929,8.55730773575261,0
5.18380397975928,4.69929784871279,0,0,6.47647993397416,8.89470454184275,6.74723435214703,8.45102774755732,0,0,5.89657677807566,8.3604996144983,0,6.16709711575114,8.68556456192347,4.57800451791532,0,0,8.50260327430858,0
5.00320777826746,5.89197564860724,0,0,6.61463176202094,9.39485119723881,7.77118938984706,7.96306680908675,0,0,5.34094572860366,7.91851583766292,0,0,9.44138859886037,6.11628939755341,0,3.32071013074947,7.02937981550562,0
5.64041659903438,6.15604634742393,0,0,7.36508518480538,9.12548049702709,8.18648113306877,7.88696447040247,0,0,7.4018781857614,8.41380628247037,0,0,9.24694227442073,5.52875425668971,0,5.3416641710514,5.83440129652812,0
4.89910765260238,5.54373108650797,0,0,6.91004266092827,8.49534832015875,7.96424959482388,7.73190440581275,0,0,7.84923411042881,8.4599855998965,0,0,9.27380331488682,6.08447663377244,0,0,5.53694048871063,5.87175152522576
0,4.30433532695801,0,0,5.94193285807693,8.67115128127067,7.92050462187007,8.76527595905796,6.42671496901884,0,7.02022645387501,8.5828048864966,0,0,9.66215457202171,0,0,4.70002571700077,0,0
5.09350477191855,5.13673917089198,0,0,6.46754343454414,8.50130361812834,7.17724028453556,8.42645414803042,0,8.05025685321997,0,8.90308804522753,0,0,9.30987796729122,5.55284329909091,0,0,5.46940944139044,0
5.52923065512661,6.63716628395653,0,4.25390913189344,6.89666399749226,9.26968417389289,7.85473815121003,8.56473305047036,5.25921264666728,0,7.52091183384559,8.25147089506546,0,4.80998682060942,9.1179531162642,4.92544044803302,4.3691946558585,6.7398926857458,7.29464900150487,0
5.38692330488206,6.28956713688765,0,4.08933202039856,7.20035772651024,8.48853648216643,7.81100534984794,8.33428426215284,0,7.66240199262965,7.0823554356768,7.90746393913579,0,4.43935170129315,9.34757739028127,5.63453957191404,4.43805246293641,6.58356135443115,0,0
5.61836981903027,6.96565619487698,0,0,6.86801603141312,9.15125362951686,7.81374109714605,8.66548732654425,0,0,7.180016559858,8.33071420447345,4.40317639339662,5.05898091502654,9.3450548145211,6.0549321825521,0,3.94681083091381,0,0
5.3723574792565,5.21265053979095,0,0,6.33342171395976,8.09065356750452,7.73493497658279,8.05693393122093,0,0,7.34551331228656,7.87194053596554,0,5.6400258699645,9.10381250856635,5.35828294771547,4.69528507543035,7.3179226474482,8.08244859205558,0
4.63637811311228,5.18978515972458,0,0,5.89481597205218,7.69840115189576,8.34050374447391,7.36800524553425,0,7.7420938146026,6.51539394025095,8.17590779007947,0,4.41775568212813,9.37221259240272,5.89252779924796,0,7.25531581258877,6.83600145671875,0
5.1395560741631,6.59283903357659,0,0,6.60163764437467,8.02840625519081,7.89218678607898,8.96833759821946,0,0,7.08151529011418,8.51183687191495,4.15496918403854,4.66852050148885,9.88007561952547,5.92900386576538,0,6.94264933795946,0,0
5.80766189403223,6.12874515264202,0,0,6.09305044786179,8.73742370394989,8.24492767089139,8.77025431555758,0,0,7.52734741142077,8.58745592295619,4.79347381445959,4.62595272517062,9.39714353800725,5.68432778682207,0,6.8222518553682,0,0
5.98141421125448,7.20244523873098,5.21297731938102,6.48019792439916,7.51447818290258,9.62578881369325,9.20475681288195,8.75962315838095,0,8.00293501651477,8.13801844321039,8.56580810213444,0,0,9.55299346767248,5.42890693625164,0,6.57437824726823,5.24496933104611,7.20436488217761
6.56403886656494,6.79325310540703,4.32055008757213,5.89671421056217,7.02458675093424,8.93081692722577,8.65295409682904,7.82461784732665,0,0,8.10654467261592,8.50199427078189,4.96333402097824,5.40546628206508,9.61030370637859,5.60932526430331,5.33296030999158,7.30368843537104,0,7.48447537916269
5.84191990982796,6.00608218693136,5.1853726075319,5.05637318577011,6.24171730090081,9.09012450438258,9.06530072699733,8.27733573777988,5.04516553699308,0,8.47084763675262,8.37079769559536,0,4.34458433919801,9.46876612143496,6.64235641477081,5.53145085189159,6.7718095456097,7.55355924803156,7.34555849500225
5.55516645032742,5.26403643257116,0,3.77872015811373,6.0249718544129,8.458016271174,8.15605975171137,8.27124150077602,4.56912841464083,6.25713104550208,8.60522055211958,7.90119962604144,0,4.80040796804859,10.3665955867189,5.63660937495117,4.52037453428338,5.80486384782914,7.29596571100776,7.07878836000623
6.60429606607919,7.69532133316013,5.40542136146224,6.06106056999588,7.06687644260566,8.81936971001847,9.56537497128498,8.50258703902688,4.936414495065,7.44157842094083,8.54940478257939,8.41707667968143,0,5.44522761186266,9.03225502974173,6.32471732110222,4.51699449508437,7.61847220365214,8.00698737552965,7.33491012156803
7.08865916468847,7.3522038926249,5.77109838527438,6.33981241699906,7.4765063556717,9.79133737251889,9.82382727172812,8.62101973113434,0,5.44492538618413,9.29336631767456,8.81990475313768,6.31371107646521,0,8.59324085258489,3.44903471107632,5.66653048895331,7.45439003383675,6.19454823804442,7.91143764887087
6.23441072571837,6.46274860625336,5.72152415613236,5.81296567453769,6.96563731982979,9.5683364428423,9.3420526109436,7.45085833625762,0,7.08125470160298,9.17775829423935,8.37713540528363,4.8263918917396,0,9.21972618708467,6.20314262031291,4.56111379979117,6.67548268446571,7.44729663125626,7.93124164165984
6.00176135258535,6.5322906231466,0,0,5.51391250010492,8.99222664983609,9.56241876795593,6.10973635218602,0,6.3243948040329,8.35313896630802,8.45136530607244,0,5.82129880808404,9.52728751421397,0,0,7.26644319553137,7.34939158339513,0
6.06703573395506,6.68481170767059,3.54529772563591,5.96491521187445,7.1449121830147,8.47190708087392,9.5336115713472,8.23065446509509,5.02348570607508,0,8.39702130472591,8.58393927409581,4.0241009088335,4.35555431434277,9.64590782390079,6.43232897356801,5.11511542232677,7.76832609129892,7.59477874783406,7.66719569027591
5.95518949124327,6.36481960129791,4.53001551238733,4.59198362418392,6.82060571062634,0,8.35811773810799,8.9226622995164,0,0,8.99563115148242,8.89699308077263,5.72915778098743,0,8.57166054314996,0,0,0,7.20784505650792,8.49775345826601
6.42847677071428,7.10314935024378,0,4.89260222718466,7.01666349410562,9.32940258913095,7.37002911016593,8.85802021787529,0,7.21501201157109,0,9.06759523429541,0,0,8.22786977269233,5.00488546211565,0,3.82581130860908,6.23448915401534,7.64490977553508
5.55431525473319,6.325236713246,0,4.5395644288901,5.81505547706563,7.96737376208482,8.3465448369154,8.87525916742111,0,5.75612188833677,7.49846544406787,8.19662698058278,0,0,10.6998499492436,6.61460494949412,0,0,0,0
6.17582568919971,7.19974555777145,0,5.67706197395659,7.31662790822364,9.42802907260743,7.84723896293238,8.92409060661603,0,7.92748307787223,8.44771663154235,8.00801953573263,0,0,9.97302760762416,4.54637513947759,0,0,7.18604588938448,7.90107371643696
6.71080321638203,7.49591409684897,0,6.09863592216977,7.60130237956341,9.04170986359163,8.19631001157556,6.15347709841796,0,0,8.99016740410681,7.13861299943616,0,5.22784125274371,7.58221391142916,0,0,6.67673075421705,0,5.90003433050209
6.03195848782447,6.58827977603251,5.5817278286489,0,6.3720903652025,9.58739228804744,7.46016228885759,8.31047647778756,0,0,8.76629294689652,7.89545090441114,0,0,8.79233243038208,0,0,0,5.86794006082248,6.97265311055998
4.48322851518285,4.44593996041753,0,0,5.59790330600264,7.51524652715859,8.56148372359885,9.16982249787329,0,0,7.10617981735749,7.26023443289189,0,0,9.48591696791581,0,0,0,6.4376236415437,0
5.73499040178039,6.44812961191454,5.02032156368568,4.25674681824712,6.44597375539507,8.63672935611015,8.00890767218481,8.36343810000023,0,7.66723780292726,8.14361330355311,8.19669587359609,0,4.89746659599062,10.5732842194878,5.81380211969475,4.21375590110259,6.97336510107187,0,0
5.99078931919291,6.76750421700749,4.66221192635529,5.02388052084628,6.44489408173266,8.4339746126653,8.48397967884942,8.62657839713268,0,8.0044590809809,8.13150718091567,8.60439788305272,5.14025906188976,5.37823698972391,10.3851201771465,5.38834086919563,5.3976195676219,7.38955777700631,7.42401610523807,0
5.82997449989396,6.98040146896699,4.85515039125586,5.05318379734221,6.91176722037199,9.10314706667393,8.19195877331182,7.88891197837744,0,6.35318673226823,6.82642591058225,8.01547926311866,0,4.76584241137699,10.0057056359215,5.6784304780533,0,5.65294521661914,8.49972348075267,0
5.55214529999324,6.68621044903162,0,4.8090085862443,0,8.27397192497266,8.4395580831479,8.89462638433064,0,7.38791342615423,7.1194819045184,8.75016667029583,4.40818159215073,4.76089106098487,9.41390143176256,5.83431353745597,3.46166512842925,6.12498968971297,7.11581767926824,0
5.89597185064851,6.36535298511462,0,4.58496747867057,0,8.69191930908836,8.5028001061286,8.53894294144584,0,0,7.85355432638651,8.50020164931517,0,3.43559880837949,9.1586754295887,5.25274452125328,4.26787761298298,6.4003737176187,7.54434798094359,0
6.7199909370695,6.58288349616057,0,5.91047138789845,7.19436177320699,7.86482704453766,7.62149888934073,7.96022240238509,0,7.40507004072018,0,8.19592124285083,0,0,8.72055843513854,4.2870289060516,0,6.05879603926827,7.01234049417221,0
5.46949371223699,4.18342324530564,0,0,6.61049414008336,7.45825535909824,8.05775119129132,8.92401737556203,0,7.86794040073252,7.31813495744813,8.61498392845664,5.38911739087448,4.62399194022868,9.27262009394663,5.21656486467578,0,6.9066546735381,6.65322425442629,0
6.2472108069662,6.55714760615869,0,0,6.43071897837222,8.50674479654978,7.5352005953166,8.48521943552003,0,8.18309014604372,7.7402643218959,8.51314902478715,0,5.40542136146224,9.27613747576623,5.07248269742234,0,0,5.7637794485625,0
6.20308192658357,6.50912674813296,5.88868403371354,4.43497480899198,6.81905520421742,8.89603228578464,8.54973395096748,8.42947174420459,0,6.83127372287469,0,6.15687304777095,0,5.23638876992587,9.13554893554472,4.81185909923034,0,5.21889529957055,8.31158744973181,6.81488312477667
6.15079464769086,6.14128443400335,0,4.29837324967663,7.031626411179,8.60829635229523,8.46077097710314,8.20034591925127,3.65558116871242,0,7.65196147648882,0,0,0,9.28735696712471,4.61690110886379,0,6.59722755392549,6.94064832228416,0
5.06442879369765,5.89368632418928,0,0,6.1957310426525,8.87966032817168,8.07515019481519,8.7443415129227,0,0,7.09464969762123,8.49909031871838,0,0,9.50571527855675,5.84267447352282,0,5.90555256556165,0,0
4.84261104200313,6.0903592040822,0,0,7.53075892629774,8.48792502693545,9.01624335579479,8.63858570506228,0,0,6.75852414498776,8.87254325809255,0,0,8.40742743134617,0,0,5.01674989509611,6.52715350059866,0
0,5.96998551543086,0,0,6.46243645741827,9.22345401112157,9.28304235619193,7.33377436603805,0,0,7.45877421969204,7.76072701246514,0,0,9.92063469637061,0,0,5.19128879378951,5.03441692276105,0
0,0,0,0,0,8.15561768789771,8.85523990218797,9.03165021366626,5.72880023763149,0,4.65157655880225,8.87090876072232,0,0,10.0576539465256,0,0,0,6.44624349176907,0
0,4.77828280369674,0,0,5.9179525511713,8.58041960211328,8.69994298983499,8.20484403938145,0,0,6.6932121378871,8.39037067245908,0,0,9.50013271623732,0,0,0,7.2012529082546,0
5.41583369997588,6.0842032416581,0,4.48751214251986,6.66620587442853,7.86745026846358,7.94468363496211,8.12585877318305,0,0,3.5019472847623,6.0318864616069,0,3.74809131374578,9.3854274898747,2.85819285953193,0,6.82565545689886,6.45439635486447,0
5.83854644068327,5.61104564760433,0,0,6.17717618441333,8.61621828057405,7.39164948590471,8.13108060932387,0,0,4.96452154513023,6.66497008741264,0,0,9.60613890896758,0,0,0,0,0
4.85054478614362,5.77740461452681,0,3.1776370768516,6.18853102791207,7.42409964642989,8.24845586204331,7.26976994121635,0,0,6.240041899679,6.95241310727649,0,0,9.59564358826039,0,0,6.78736008460785,6.28993818063796,0
5.83732220057933,6.22269530860481,6.2606134361786,4.19644978515925,6.44517999116486,8.33331362154999,8.28173917632494,7.26396011243625,0,0,6.91446273362909,6.96670320180646,0,0,9.82017115886182,0,0,4.65927951163512,3.85629885665578,4.97390215104003
6.39265386035336,6.25365571967286,0,4.74275584894065,6.17084428098102,7.67255778355468,8.19459940207124,7.67727536479724,0,3.43592081772054,6.05987057977204,7.37074058732951,0,5.51415428934647,9.15508872733117,4.18464220020288,0,6.46536681676938,0,0
6.11617906003082,6.29230960608604,0,4.65443642729101,5.53053958179545,7.91380992945843,7.5233192248837,8.1487521548405,0,0,6.81284002118585,7.76463140667316,3.52929738428947,4.18189745922996,9.3270205775167,6.44622762693743,4.33519704731708,0,7.76866437056013,0
5.26734256224861,6.53298909962324,0,4.41497773481357,6.59346910153519,7.97105122252268,8.16993661225077,8.20217555017359,4.37349030365159,0,6.95771618613591,7.99146372170713,0,5.64325368158138,9.44443177625489,6.57348461711576,0,0,8.43963373126316,6.65407519760628
4.15716285461425,6.25097859973184,0,3.85014760171006,6.25028407487466,7.94605123164219,7.85791009516341,8.28252093927807,0,3.90921907809541,6.38765343043575,7.81816877368342,0,5.22547782037108,9.4349947813693,6.23681958678741,2.82316300820271,0,7.06757557042958,5.95518949124327
5.77293533334452,5.8980051535417,0,4.985454228899,5.41307360384623,7.81251174624209,7.69543506438607,8.18954986501184,0,0,5.597718007579,8.18236640030675,0,5.29896715538953,9.23097598557625,5.50366347883167,0,5.90263333340137,8.12221985171589,0
5.79173230005423,6.2739142043196,0,4.70673350139753,6.04812839422552,7.99300197810136,7.62747135958423,8.2393109434426,0,0,6.44102628227006,7.48725772429656,3.61738345240887,4.45120282269066,9.55249642506569,6.03150223413951,0,6.16621585507177,7.13676956376807,0
5.75025248904105,6.24346762710274,0,4.09833658349164,6.02979544141295,7.81164949051974,8.10884292523939,8.10219276632473,0,0,5.08252175289637,7.24386316352091,0,3.71965111278069,9.33942815638113,4.58843086198379,0,6.51085340153446,7.190758924642,0
5.93521160555718,6.18274584527341,0,4.47129587743176,6.18583818492608,7.81239034674858,7.7818897933229,8.16624751810387,0,0,6.51662197813415,7.92725942313649,0,4.34782331333238,10.1712066848423,6.20132020409526,0,0,7.0846203093088,0
5.07567369027548,0,0,0,6.88009627098816,7.39764731615851,8.89824674743283,8.15520702501601,0,0,3.74147190423311,7.99404866728299,0,0,7.51075343801733,0,0,5.84716105750155,8.62831050487041,0
5.6385681696726,5.97974615415378,0,4.25433529853104,5.93004116887056,7.86895436482558,8.33898715424168,8.28651129806373,0,0,6.68387395558102,7.58933582317062,0,0,10.2021763283762,6.30616579190256,0,6.24478806692332,6.81848681122395,0
5.83020952442573,5.90808293816893,0,4.14329344395396,6.24740437283727,7.59336915532523,7.02341161036082,8.15337853456326,3.77299079673259,0,4.62271536520384,7.9751039129733,0,0,9.26958993118014,5.41052935715496,0,0,8.11070956479415,0
5.92529803484503,6.20574897198887,0,4.66692358226357,6.25720771204101,8.05131543902281,8.37103845863014,8.01646970216217,0,0,6.24084098759195,0,0,4.56528525228918,10.1075991395172,5.81913292434338,0,4.83897668547055,7.17069630017041,0
5.92809867148616,5.98993838311194,0,0,6.46519559588624,7.97378927800809,6.61615888890848,8.61277060823684,0,0,0,6.61457813624838,0,4.63947498968008,10.0457246899566,5.16335638111392,0,0,7.32363265743761,0
4.85304537352148,5.93793190514694,0,0,6.36226919495252,8.14476916488552,7.41273987712312,8.92823604825509,0,0,0,6.9259487691741,0,0,10.2995889576913,5.77178374355666,0,6.31546649473257,7.28345509686491,0
5.49063050746964,6.01620593899643,0,0,6.4155714783208,8.04037922437526,6.79625372345643,8.2452348506294,0,0,5.53583708380675,7.09657236076965,0,5.71949176836138,10.0980834702055,5.22024771112611,0,4.82607122474952,6.8543966954577,0
4.8957480615519,5.415744783424,0,0,6.90981316009158,7.84117054545746,7.27061207583366,8.15017060913674,0,5.84649657685538,4.30959034140917,6.43396850265113,0,4.43117387794013,8.37655086161377,4.61244366995459,0,0,7.45045159362131,0
4.91588495755045,6.36983248733178,0,0,6.19491546507646,8.30700781907883,8.271377048395,8.47165593081462,0,0,4.90682912537067,7.17383570687616,0,4.55134737929058,8.68373930092802,5.0540140173982,0,5.57867266361336,5.85277702733409,4.76907315725803
5.32291241340342,6.15070937257196,0,0,6.05326494801343,8.10481524460126,6.96741943970345,8.2695238261,0,0,0,6.567136457147,0,4.15229895548266,8.64962222666807,5.11108376539306,0,0,6.76635299197704,0
5.42605073305759,6.24459399391245,4.30878367290616,0,5.92764576689476,7.9701668231311,8.31622934187752,8.20662999796534,3.17052556392715,0,5.37578753731494,6.8406106983528,0,5.40042258948519,8.48097101814544,5.01396308418893,0,0,6.47855572409609,4.77617798288177
6.0318864616069,6.2009755966909,0,4.25646341169854,4.08244065771928,8.12984694091817,7.30288718295051,7.84310326238975,0,0,5.44241771052179,7.65666823744794,0,3.5360196074696,9.4363198981096,6.31120835481067,0,0,7.78149752681034,6.17638688560199
5.95718361313111,6.52344482494637,0,0,6.79418336409722,8.40371761532131,6.25766758788264,8.42436492910504,0,0,0,7.07232011418683,0,0,8.35401286677432,4.89612190730749,0,0,6.36511213732925,0
6.09121938024497,7.14250323795447,0,0,6.41004329436153,8.42909176599417,6.65111957493568,8.2899838861143,0,0,4.83691662610957,7.16350541052499,0,0,8.5428843297041,0,0,0,5.85217374372941,6.16072197186439
6.00667330539393,6.37171440607508,0,0,4.84921380141004,8.14192648678637,7.08532389174491,8.23307542593531,0,0,6.20099587100233,8.14126843877754,0,5.0385746627855,9.31366381420808,5.90085579823723,0,4.1733097665204,0,0
5.75292178421649,5.57101269669149,0,0,0,8.10840356321005,6.2152279063016,8.54754391301656,0,0,0,7.08032106932738,0,0,8.69926471695498,0,0,4.95730483838461,0,0
5.3331051920337,6.24523429196395,0,0,6.22404344520868,8.27526429519861,7.58138319209571,8.33357799823543,0,0,0,7.19286654975321,0,0,9.56900733053571,0,0,0,5.96378497800124,0
6.05124175114384,6.70540650967463,0,0,6.72409682894451,8.30903923271879,7.24244020502925,8.25427397299028,0,0,3.69659957712907,7.05570965847224,0,0,9.79832701688097,0,0,0,6.36157877791322,5.53670414727494
5.49367853684979,5.22703616454307,0,0,5.56960325318826,8.12911308461791,7.80891206827158,8.27094988324313,0,0,4.41291949811625,7.04945447410565,0,0,9.53731046300849,0,0,4.30568540141716,6.24972424551147,0
5.7887667985612,5.52062056486455,0,0,6.90782527653225,8.24203766647378,7.26396011243625,8.21786219965971,0,0,0,7.22302576713632,0,0,9.70654766671855,0,0,0,6.56450411728002,0
5.26217191991168,5.63614582594039,0,0,6.39974236251034,8.00282463219325,8.19802320384728,8.88308136293108,5.04658142086972,0,4.86368088113959,7.35247956104242,0,0,8.26754394737476,0,0,5.92141754879595,7.05804422619478,6.04798664743231
6.31485154418054,6.11228740227235,0,4.52753291626094,6.49287599626336,7.79881435300713,7.81911788757995,8.2032547510124,4.49602473872729,0,5.56183481200052,7.01322278891587,0,5.24996710560699,9.38121330937639,5.38852363443419,0,5.55535980286771,8.18150784511561,5.84721881756626
5.74837335798408,5.11240938621866,3.8649313978943,0,6.39912723875963,8.14195559395314,6.8103408868751,8.26823170707605,0,0,0,6.59958474410302,0,4.34432476748987,8.4016701001607,3.61792036517344,0,0,8.35584064025823,0
5.19717018454308,6.18885942839941,0,3.71357206670431,5.98320553516829,8.21369605077646,7.74973617217505,8.32196874926676,0,0,0,6.26330301996095,0,3.07269331469012,9.81954056641021,5.53492980380921,0,4.87512098440956,7.73735894490851,0
5.52958780507385,6.3173451758733,4.30365960559978,0,6.46412090475647,8.00753688373365,7.87617155882474,8.5803182140353,0,0,4.72561633906396,8.35557738339323,0,4.14883274750617,9.55732148216355,0,0,4.87167969320707,7.22071028341129,4.79661665055905
5.33849915618087,5.99480894835837,4.52710053056617,0,6.7383302039232,7.56298250004185,7.63518310601892,8.6103264580089,0,0,0,8.06902619789967,0,4.91236072482792,9.19619986458202,5.35441410589991,0,6.06708209356657,7.68763963227449,0
5.71742236036024,6.52313637110551,3.71722392712308,0,6.68188300809667,8.02012910845564,8.38067448406406,8.15725292210054,0,0,4.38974675768902,6.58426639271905,0,4.29728540621879,10.2418615510898,3.62593965434006,0,4.32888953626075,8.25510348925307,0
5.7661937347776,6.56900444833618,0,0,5.97589395211702,8.13460245854044,6.23640872838104,8.53066405060408,0,0,6.44800292540015,6.42181737072393,0,0,9.9738574754524,5.52998448880312,0,3.21124679770371,6.82299228158262,0
3.10637879364105,5.93677074068533,0,0,5.83638843920422,7.54710603493641,6.93986422489976,8.67081001448162,0,0,7.49420772087112,0,0,4.2354100025007,9.5463553612186,4.94719838817999,0,6.58274510126436,0,0
0,0,0,0,7.16924223565073,7.34258499572021,7.37466663206628,0,0,0,6.34417915927506,8.86639830551388,0,4.54997455052014,9.29429541646963,0,0,0,9.1020087803734,7.42517312621737
3.55477646959046,5.3369128843074,0,0,6.36622986896651,7.89121855989451,7.95830413934433,8.14605704363166,3.78827219799197,5.26976355912998,5.45715703586143,7.94722247578938,0,0,9.54934511338408,4.68905166996879,0,0,6.92534958738309,0
3.87784555362656,5.26191268465424,0,3.43720781918519,6.57114903338212,8.099463175888,7.86810500064982,8.11017788236724,0,0,0,7.56743357287409,0,0,9.5838950482615,0,0,0,0,0
4.10610842914234,4.70736569830276,0,0,6.72976433154863,7.66882742768985,8.16428258204296,8.13260660221349,3.80688468730484,8.32258850490845,4.37688845681776,8.06599090403397,0,4.49969855304586,9.11843668348645,4.19041203096833,0,0,6.14491498182085,0
3.06805293513362,4.52211461085077,0,0,5.53627070951573,7.4334833082502,8.56817523737102,8.3363832914931,0,0,7.16784002424181,8.44095341010969,0,0,9.97208501252492,0,0,0,5.91079664404053,0
5.17037035221741,5.84678553573854,0,3.28877495224787,6.60283209574778,7.89654898139802,7.46208282305724,7.80159997282645,0,0,0,8.16392956516851,0,5.25405195025002,9.34998926448318,5.32149663949544,0,6.68799350301434,6.1628094131883,0
5.15617759938691,5.63203581497263,0,3.60766939868839,6.22029191489049,7.99342753876706,8.07279492880584,8.61570551161958,0,0,0,8.41680916137638,0,0,9.47648210818976,4.93605541574052,0,6.22259610914437,7.51740127823715,0
5.18677109180312,5.7679771866982,0,0,6.56745974285707,8.09083432094048,7.67130966372219,8.17967360651725,4.27318785463973,0,4.94149955526139,7.28342075585178,0,0,9.65534665470488,5.99963110977438,0,4.73092139129365,7.90168089898061,6.3439683037279
5.09736329760608,5.86329020838447,0,0,5.69265411686836,7.76267260877387,7.65249820818573,8.51590436123131,0,0,0,7.0012911583733,0,0,9.1445018061466,0,0,2.88759011493429,7.80372492918587,0
5.27836972873834,6.53135856162132,4.13548650555328,3.37485340632255,7.1084977900473,9.28873556940356,8.82282912442411,8.21071694301025,3.52370995613755,0,7.06676556036674,7.87537010476953,0,0,9.14080699730084,5.89139556213047,0,5.17614973257383,6.85835492868701,0
0,4.19825402561261,0,0,7.1154033937221,8.87412890135256,8.60352867337361,8.49851585074751,0,0,7.81483168908198,8.2025646349798,0,4.12325590571652,9.15391075132548,5.47050440886139,0,6.96322782810596,7.3659583041745,0
0,0,0,0,6.94380751627463,7.72536535738169,8.79988784735697,8.18219027481548,0,5.93993438256365,5.90669610739831,7.64803410627435,0,0,9.41755777274013,0,0,7.01201619029664,8.70994846056553,0
5.94437293957413,0,3.48062451529348,0,7.03197974622379,8.72622321378183,8.25774088308616,8.90830511699577,0,0,0,6.82007094833725,0,0,6.91935770971298,0,0,0,4.83810563976477,0
4.07770692106908,5.64703574077031,3.47072344431077,0,6.57852872885977,0,6.9145123981453,8.73790659230538,0,4.39444915467244,0,4.57398906850452,0,0,9.16717605302132,0,0,0,5.91123015439738,0
4.85981240436167,5.73395597466375,4.04427858454862,0,5.2362823756285,9.60648215262346,6.55243655781454,7.1728465909041,0,0,0,7.1708192985639,0,3.17052556392715,9.87102117739829,0,0,0,0,6.08729731761073
6.24080202250467,6.2325462435532,0,0,6.73477000316517,8.27600022503074,8.43551881996974,4.68287169365194,0,0,6.00925534811653,7.96279178493337,0,0,10.2754717101587,6.62173848584942,0,0,4.48458322299897,5.85337994720708
0,3.97499780458953,0,0,5.49725018914719,0,7.45129394843028,8.36247901952381,0,0,0,7.90424624458349,0,0,8.42239008302947,0,0,5.65749417820409,4.24835237470145,0
0,0,0,0,5.89553167347009,7.97168640180957,6.91170745882057,8.62964113183845,0,8.45025606258451,0,8.59228953211567,4.40745068701404,5.22751929523932,9.96770102084975,5.2483389967418,3.48400549284947,6.64386785509607,7.4405752441304,0
0,3.40352799700044,0,0,6.75262078203215,8.52926206864365,8.56667835211486,8.51217662948411,0,0,0,8.2355568069087,0,4.34315586028489,9.31330301503401,0,3.49892887015549,0,7.88908440703551,0
5.76907071468432,0,0,0,7.78670544911012,9.30409479676647,7.02656889451971,5.83194112659001,0,0,0,7.14417826698752,0,0,9.22490380845323,0,0,0,6.6153286354996,8.39756470396071
7.26933119352058,0,0,5.92828510200804,7.35603080338901,9.29481018860242,8.93672161260316,7.77453638793847,0,4.75840616188695,0,8.23217157680594,0,5.29350580955081,8.14653522481348,0,0,0,5.06877840814497,7.24291951768978
4.82599104193266,5.78496299631229,4.54838817188911,0,6.72935801208034,8.58166733548165,6.59353756326853,6.24045126837971,0,0,0,6.29045741070563,0,5.19750206130922,8.88888087807528,0,0,5.94879188282103,7.9560948049746,0
5.56906943177697,6.31400084230023,0,0,7.4031342145591,8.74503130600417,6.94038702479549,9.11384048475055,0,5.01023521407492,5.27104893939384,6.7804217825139,0,5.24322740023008,8.59036558319395,0,0,0,7.5251870422943,0
0,5.08907672040282,0,0,5.2890747851811,8.40807005039784,0,8.5809714236074,0,0,0,7.62521451192372,0,0,9.27643705355103,0,0,0,6.83162988859265,0
6.33716195780176,6.8233514085814,0,4.66088867474444,7.37595102499136,8.7993480167421,6.50709859186628,8.34830105493394,0,0,5.23345879419954,0,0,0,8.46557984581776,0,0,0,7.63522175728306,0
6.60079524157482,6.01459496449684,3.94642443214548,3.60522606911668,7.06342480477867,8.97095818479662,7.41277608735976,6.60304911552456,0,0,7.28295360095396,6.46188996238948,0,0,8.63198152520361,4.00076621526253,0,6.68363625204625,4.50733682563933,7.8577631455282
5.37105654518834,5.57070812043086,0,0,6.78580231123102,8.70405940559288,6.29360410464869,0,0,0,0,6.73273500284966,0,0,8.51709718680794,0,0,5.24465284196234,7.8642431702077,0
5.9248171371601,6.06124710670918,4.68499748584765,0,6.26214032886751,8.65754452528349,6.01227157178898,0,0,0,0,0,0,4.10841181943354,9.37767518646181,0,0,0,0,3.23671574299653
0,0,0,0,6.33767492799883,9.29909273257397,7.92139048371904,6.2555964790995,0,0,0,6.73928928895862,0,0,8.57592048503157,0,0,0,0,0
5.74840523709848,6.45364074680019,0,5.60815224364095,6.475509755339,7.61368540840551,7.86725491444125,7.99481441963833,3.31745338822919,4.62790967295758,6.66612947828904,7.88237152115192,2.11021320034659,5.91657934991619,9.08843936911941,5.08846015955956,4.28895145539412,7.1440045736348,8.29624223460892,6.09015536973087
6.22705037131208,5.86711940283515,0,4.51228705850804,6.43863126276341,8.17958390860294,5.76224004422777,7.62218438429491,0,0,6.29349321326668,6.67279215086258,0,5.87781981186246,9.14259993015738,4.97907582518849,0,4.49702802736839,7.82761164641564,0
5.99266382768346,5.50084996395812,0,4.29592393562047,6.03289435687112,8.37375921537005,7.98500432322439,6.9015259167308,0,0,5.63268023716305,6.87136096778903,0,4.772378104972,9.15539409778541,0,3.36384159511839,5.77972447823136,5.4771327840127,0
6.31106307723945,5.92735260164074,0,0,7.09264021417925,8.43275450222554,7.6449815439814,7.83076737181642,0,0,5.65227863178909,7.47712901717342,0,4.59167959580559,8.84329469454176,4.74074948022991,0,0,6.68121847709943,0
5.8675156666388,6.02276939693639,0,4.57677071146639,7.41939856836846,8.6227920786613,8.02510426757051,7.52347591007376,0,4.10132017595853,6.6775619361804,7.80733922648934,0,4.95631989388399,9.05524674771653,6.51002021693588,0,6.09930947405873,7.49570304201837,6.7572695417076
4.8616711409563,5.90517109416738,0,0,7.0437448976916,7.3381341134446,7.85182069823915,8.11934202355876,0,8.9523426602262,7.46800515155768,0,0,4.25731339050024,9.39354487219418,5.82661938461526,0,5.96635184629291,7.80902983022607,0
6.56932713081241,6.46451041903709,0,4.47460581596698,7.521464152515,0,8.42726410751106,7.86682193521174,3.90318405676094,0,8.16073536676255,8.77580117913196,0,4.79339097471304,9.22893638925825,5.44367233440741,0,6.62948213672722,7.45093385596394,6.88568347906003
5.33117170341898,6.18487028015824,0,0,7.19180576519987,9.19737467948615,8.79031325053496,8.0506045245433,0,0,7.8216631741545,8.8384473612796,4.48908570696729,5.52170088906685,9.04783556002581,5.28000063476214,5.12295156232009,6.57709611367522,8.49528494886736,7.44817659751302
5.06088471049938,5.66355058376832,0,2.73436750941958,6.64244768717336,7.60637247171011,8.70234075129926,7.56621784273022,0,0,7.35063819393299,8.19912063764039,0,4.79413628550071,9.30636847582954,5.79830446513303,4.42064620563894,6.45409732827249,7.42757830446098,6.46720170820148
6.13988455222626,6.80802333758313,0,5.05190518829447,7.36654628101377,8.69857931082503,8.81836832174747,7.934370187143,4.25305625337692,0,7.76489879713485,8.60585037998136,0,4.52222326516716,9.02848390701025,6.21883913495001,2.88088243187505,5.70800687264264,7.65887415369104,7.10252404682785
6.48073450790826,6.5082473913481,0,5.51088519149006,8.28458246750911,9.34263975598967,6.58550936662472,8.07645628292545,0,4.39321382406445,7.90908544484369,8.39323865114102,0,5.21216017009686,7.95952750080443,4.97016046153054,0,7.0056983533121,7.74279690911531,7.52911103289294
6.84669868888083,7.13326403100263,0,0,5.48022216984565,0,9.02094465218998,8.61071814228359,0,0,6.68942512466346,7.46149670372496,0,0,9.36679696257508,0,0,2.97246364661464,6.22651690624633,0
6.26370297806591,6.45700510665829,0,4.47460581596698,7.31612283756947,9.11127996886684,8.80047710613623,8.35857722367978,4.32293989221456,0,7.59407923419396,8.03250953592113,0,5.16809477949806,9.52530438474085,5.63589613359573,0,6.44352694059293,7.19027655741553,0
6.60249290803127,6.12649793617089,0,5.28766078635951,6.92948741612537,8.93260599011006,8.06583387181691,5.87366588632953,0,0,6.61302173658359,7.56863749895481,0,2.95491027903374,9.18794546763128,4.78331637137157,0,6.63615650739852,6.6452600059334,0
6.76979121944662,6.92028643505489,5.46056375891094,5.12918840354007,7.30016891934557,8.68309230166085,8.88914839528278,8.60950615678476,0,0,7.04153414098359,7.8229013559888,0,0,9.08827329791741,0,4.81006829696095,5.91657934991619,7.53221132824127,6.25323247995896
7.67713175153362,7.59635714523418,4.73065680602951,6.05940353011617,8.13431213297787,9.82552601106642,8.08649642545891,7.72626558249875,0,0,7.73444510210332,6.8298045482648,0,4.98886673562311,8.9090690491606,4.40097105067482,0,0,8.00460601703059,0
6.59902660581998,6.88904125893801,3.48615108754232,6.06385497369583,7.11174047541212,9.38933138867368,8.58591295894703,5.79608814544023,2.4782176616372,0,7.48984239895893,8.13677868059476,0,5.01595445557386,9.37567682851422,6.03044484674887,0,6.13612750334854,6.28787714734964,0
5.64932628886014,5.05974286820328,0,0,5.37782146766064,0,8.48976649462163,8.5353670419951,0,5.81030231803387,0,5.43816626166444,0,4.97390215104003,7.95434769357812,0,0,0,8.27713997415494,5.02466968306006
7.00459156641887,7.0925072133478,0,6.21560759875528,7.39890254772983,8.97784321173486,8.55258736191533,8.19815253809256,5.19667216278584,0,8.02362447368585,8.97562006790145,0,0,9.64482044515287,4.5063438316812,0,7.29608779208331,6.92441571987524,0
6.51954543875633,6.97638541802296,0,5.21417459843561,6.81972156139859,9.09743591667091,8.21672843411432,8.5618835342202,0,0,7.71117737970814,9.17695006890101,5.37966691224436,6.01432621625124,9.34024519654501,0,3.80688468730484,6.70727789816684,7.50572327115801,0
6.7603219869024,6.60621766023992,4.37826958579617,5.54724561683597,7.5296158881069,9.24380416118119,8.59183302210813,7.89861901772175,5.13078589522672,0,8.04035989298365,8.29552355335803,0,4.1247120988385,9.7890806862008,3.27978275977172,5.14900496336103,7.34601020991329,8.17797919961701,7.09746613420795
6.95359824729039,6.92926233526657,4.96326412268024,5.84574489275858,7.68865689372966,9.24942646068338,7.5553557795861,7.53961199109898,5.8481136722121,0,7.27332851542719,7.61793163653494,0,0,9.14312413562369,6.16438791225852,0,6.7572811656273,8.00896419349751,6.72988380586179
6.23699561729982,6.89459911493258,0,3.28541234866844,7.04382345125863,9.1657215954593,8.2707093626941,8.17315802782394,0,0,7.2212512863269,7.88735878106804,0,4.78715835388081,9.2735968216112,3.27601201623901,0,5.02788564750278,7.54302437503661,0
6.7682403061075,6.84719815488768,0,5.22456317795938,7.22269009871518,8.64895627149729,8.64221750120395,8.16549157424643,4.09650888505148,0,7.13084282872829,7.53480004950082,0,5.4542521681688,9.48556770516037,4.16480302587066,4.77996347636125,6.79091804591344,8.57095383938193,6.13200879210029
6.35226347572025,7.30323065546093,0,4.5529290741424,8.42825486814846,8.15918020984714,7.09846654354971,8.34863725226126,0,0,8.13174833398139,7.35138284818465,0,0,9.29380797721745,3.16124671203156,0,5.68517713033063,7.84725068775089,7.56681295917067
5.79797081331078,7.26228492341055,0,0,8.27097290877205,8.81830024419824,9.62212546682916,9.04655004636149,0,0,7.27822858613639,7.30143116651533,0,0,9.39957961299022,5.83889594846338,0,5.74030724933857,9.16513064040122,7.82040338454123
7.59142266796794,7.47822622167457,5.92061280613603,4.73206711917644,7.56345497329229,0,8.22287045179383,7.81645325872914,0,0,8.02973898264006,8.02853993391539,0,0,9.17830672984316,6.02808573056363,0,6.4523170572957,5.46103127703578,6.03794251640439
7.31057689614488,6.86807846182924,4.48975933447676,5.9378264004387,7.80749377530878,9.49421018699994,8.07725153876947,7.48717369421374,5.40533151420252,0,7.83272028036463,6.69798441339997,0,0,8.40226482730508,5.07579862000267,0,0,7.38387143859213,6.84473027856069
6.31553881700063,0,0,0,5.82962185949535,7.9464547757561,8.64803371690292,8.56764293011071,0,0,0,8.1133877053732,0,5.12652023321029,7.86320903003762,0,0,0,7.08975178295215,6.78003553737977
5.18369184070673,0,0,0,7.3059406204374,8.38778357828998,7.75304827382597,6.35456132684883,0,0,7.17666729085719,7.96826063401422,0,5.84458735124722,8.46490150406341,5.64126856926696,0,7.01454477316365,5.51035952479107,6.72944167958572
6.76276418841139,6.67837984979141,0,4.2372898382072,6.21116216801789,8.35170987245445,8.33684568490229,8.86043815553915,0,5.1688349087698,4.9958600085141,7.27858063197501,0,0,9.11911175126543,0,0,5.56853532524818,5.21210566972897,0
6.39984207666318,7.47078238460856,0,0,6.33533789920951,8.38223449496376,8.35070403805842,8.37143420265141,0,0,0,7.62890665595168,0,0,9.5529224767096,4.20125387786978,0,5.80670000866289,6.74214923630903,0
6.63846307164195,6.5780699590499,0,0,7.54888785243947,8.17906238012015,8.56449462893424,7.70063014053202,0,0,4.48874872297084,8.60320757156965,0,6.10161855559987,8.3156790292249,0,0,0,8.41701699171682,6.54358085554184
6.87134022628009,7.21027177526737,0,5.81173961616129,8.3437869746116,8.64123217332616,6.39374124429863,7.55836545356337,0,0,6.29926169803799,8.32408163134287,0,0,9.11970972605441,0,0,0,7.96875915404324,7.42129122650018
6.4670463394334,6.55765865040353,0,5.88912723474016,7.71610438923077,8.12377720026706,6.84817511153329,7.73504429081102,0,0,0,7.07678894144916,0,0,9.02129989369753,0,0,6.89476122068668,6.51018393299307,4.53259949315326
5.19473305029147,0,0,0,6.25484752328169,8.13376644478112,6.64064677840245,8.05981354335587,0,0,0,0,0,0,10.1127593341966,0,0,0,0,0
6.4360542099002,6.86849456502883,0,4.63336884034677,7.31707295640579,9.32124648235961,7.99231935192419,8.25873588483954,0,0,7.65947320889986,8.32318845124704,0,0,9.17402383761029,0,0,0,3.84181511038465,0
0,3.85206066425546,0,0,6.77762381433239,0,5.86533426996377,8.46696249017131,0,0,4.77609369782968,7.94948676233231,0,0,9.2644686440144,5.01780949784426,0,5.72217888493435,4.98429131875665,0
0,0,0,0,6.72896348523843,7.68000472513856,7.01741653319166,8.28193910268184,0,0,6.18367455165227,8.79509610336437,0,0,9.86498058460611,0,0,7.05763112040801,7.20096206207662,0
0,0,0,0,0,0,8.42858271837193,7.97889016446073,0,0,3.58684672854878,7.13835893439414,0,4.33938005995241,9.81270361383032,5.06493406750363,0,6.28028347309683,5.75950096341254,0
4.88386196660174,5.95272371879155,0,0,7.06831679399353,8.6499690486958,8.11508743436449,8.73189642323607,0,0,7.24541252748506,8.50178712506633,0,0,9.04529944137606,0,0,4.48469603252022,5.74393224328325,4.98695716674168
5.74511633814918,5.95155359579514,0,0,6.97042956350996,9.22794450592454,6.69394305509681,7.74799399643016,0,0,5.26811585781491,7.40939685822258,0,0,9.58626681097346,0,0,5.94017125272043,4.86922532780872,0
0,0,0,0,6.49719722380796,0,6.87647098894237,5.79748530275656,0,0,3.76375498875904,7.11660516078892,0,4.33624444201875,9.93967964558452,4.90527477843843,0,6.18175427355111,7.90491422386037,5.13550427614213
4.7361984483945,4.65918477429433,0,0,4.39679208687436,8.2319534673354,7.6894855174606,8.39584781816306,0,0,0,6.46472848078058,0,0,9.13381023798623,3.99231183665695,0,5.49314374448047,6.10427970772661,4.16402608542291
5.62174054765258,6.07552992222565,0,3.21164977977646,6.07915486023497,6.89049721154586,7.64660691542579,8.16619354106115,3.7855523413742,0,5.43367833447849,6.94655282569005,0,4.00369019395397,10.3090393235556,6.36817003354472,0,6.62945571943975,7.6722971111114,0
6.8939808455603,6.648971596573,0,4.73329951369862,7.16304070130841,9.12095709334146,8.38819323061469,7.96172927253178,0,0,7.35942944529203,7.90552645372386,0,3.91062202451252,9.20183732330472,4.08260930600368,0,5.91141975609894,6.72330345477891,0
6.10092415001673,6.06631688500991,4.79463285093341,4.18707566147979,6.21190444684788,7.82262099600475,7.7934630843785,7.96017353062459,3.86009793256323,2.15755932094379,0,7.49134983593205,0,4.24892372166743,9.17054077129985,4.53657009449583,3.33896730512602,4.50457607075239,6.83893025055161,0
6.00457818625337,5.71745524157684,0,4.5350695583086,7.20802282111842,7.73268044083903,7.23821662922495,7.12809490296361,0,0,7.66697573983407,8.25161175740406,0,4.72072852662236,8.73005688558946,0,0,6.59224969779576,7.57270358218338,5.33806678606532
0,3.66458676154489,0,0,5.2967661640553,7.79197726133079,8.14787870393104,6.04006421694404,0,0,6.5926471949397,7.92801315622445,0,4.01980059760158,9.14868090238945,0,4.08345212105568,7.1873774575782,5.54392666257791,0
0,6.07149956244424,0,0,6.95679303154665,9.34270983982749,8.5785121603532,7.47714599342082,0,0,7.38977393780608,7.46371295560817,0,0,9.34525580637287,5.98101008920412,0,6.48217419448909,6.59913553531548,5.31954055299956
0,0,0,0,7.33117162842603,6.55235095603398,6.51118053421942,5.14563227888239,0,0,0,8.08584396115202,0,0,8.43678541711399,0,0,0,7.99540435734116,4.23105838553792
6.15230707222481,6.21616688288618,5.87938707870254,4.04952151861378,7.35777301413936,8.88885329491204,8.0352659576929,6.413917868245,0,0,5.45835070953345,6.82652353134735,0,4.06199353200444,8.78515407325578,0,0,6.48088776461354,8.34632420288823,6.13391851490292
6.0169617140065,6.37250034129297,0,5.45219658096046,6.32251137851269,8.52486766714793,8.08078834801723,8.80805221201983,0,0,4.60866407524235,7.13329595489607,0,0,9.37110626580442,0,0,5.88740873550909,7.13825570202991,0
6.72527370938682,5.52337907701815,0,4.07584109065754,6.70915798808593,8.47851265234267,7.57850857784421,7.82306152641047,4.36449891780567,0,7.41192479996264,6.9971022596581,0,4.58792229257854,9.02499825788872,0,0,7.32122162497579,8.07617655047217,4.79752457848242
5.45562021592181,4.63879836696808,3.45157358898722,0,6.58986139112212,8.15982372063528,7.37934514948174,6.57260416928831,0,0,0,8.18281635790374,0,4.1031391099036,9.31707594181354,0,0,0,8.15441968901563,0
5.55891083330908,5.64055864448917,0,3.78236979720128,5.95176171775536,7.22904861097892,7.65255993760671,6.03450008992156,0,0,6.29436153349121,7.34669384714784,0,4.46659753612415,9.29284159348793,5.00876688303623,0,6.26336016662789,7.58096502315957,0
5.83314267996191,5.88588178453292,0,3.55248682920838,6.47436897701957,8.43297209977538,7.25793316265946,6.44312916494906,0,0,6.1069337969141,6.8529928160874,0,3.5937442589989,10.201846177227,4.58486543264773,0,5.84438464365223,7.91414627897262,0
5.42278909405888,5.14975935190689,0,0,5.94397978053624,6.65230803666371,7.53179350988975,7.92658093829697,0,0,6.15602514098989,8.16478057939253,0,4.45155269732249,9.29109052166129,4.41279829334063,0,6.64428440244531,7.19175307280676,0
6.78926449292952,6.71247005579632,0,3.60902422886447,7.16458889294313,8.98489918311325,8.5249410987142,7.03023836319669,0,0,4.8182634014488,8.12167049333779,0,0,9.23658300218054,4.30999343177405,0,4.67749084756772,6.86664157525222,0
5.5903524508813,0,0,0,6.50328467618959,9.23653429605866,7.27698507984152,7.98173328669189,4.22945803602927,0,6.60308980148994,7.67515613536622,0,0,8.26243512633269,0,0,6.8262957347362,4.26112937986693,4.22288435082733
3.79571388302776,0,0,0,5.15985957340047,7.27648032790255,8.47329354912622,5.75212809558648,0,0,0,6.2292405204665,0,0,8.81043428384517,3.755135249891,0,6.20838879860827,6.59848178028688,3.31563949330051
6.37273941641493,6.23910557002258,0,0,6.56950947051177,8.80445717648167,8.63548987291179,8.53418009357054,0,0,7.01385252318883,8.37960328845469,0,0,9.3854274898747,3.64883840457675,0,6.00173660837859,0,5.37361035058347
6.08854588475855,6.15168959767602,3.3243163373262,3.76329095162775,6.52125421136038,8.61432171702735,7.89107268397481,2.57108434602905,0,0,0,8.47484085986069,0,4.03512520256213,7.94110344999785,3.5142284036242,0,0,5.52278004742814,0
6.13055234925819,5.1885583025553,0,0,6.51703591601981,8.7485144142421,8.58798897002232,8.33442113316174,5.07767069543241,0,7.67306496908145,8.66202400446322,0,0,9.29797572092148,3.30431930668567,0,6.6671221731551,6.43133108193348,6.7073634335266
0,5.33926735287699,0,0,6.80609900525221,9.09223228349585,8.58688155432628,8.15336414638459,0,0,5.99146454710798,7.69496185744475,0,0,9.36985378944413,0,0,0,6.79440739349081,0
6.21057999650176,5.46302639602508,0,0,7.22852632305583,9.12552839271899,7.2070669645723,5.64915027900314,0,0,7.96201155807071,8.09329727463831,0,0,8.94506667922384,0,0,7.10316580031781,0,3.97048057499971
0,0,0,0,0,0,7.39708961045944,8.3217450568332,0,0,4.78046712784508,8.11602284759094,0,0,10.0802520306635,6.41421277133871,0,5.96007707386635,4.60586994110236,0
5.09375020080676,5.29285246111697,0,4.54212388427046,6.70610410300602,8.44163740245062,8.54396559096908,3.64335893881213,0,0,7.52497668233528,7.79269981217303,0,5.37943641783283,9.01155889082434,4.41872011861036,0,6.76698632974572,0,7.08241421944075
5.60499291549235,5.53827870278841,4.65965837127216,0,7.10814593523697,8.98513344336243,8.827035404163,5.92535145364846,0,0,8.43536255301338,7.65785446319202,0,0,9.29939466079969,0,0,5.52716462077892,5.03825046112923,0
0,5.39062303733206,0,0,6.4971670701752,8.58123408875962,9.44849863620754,0,0,0,0,7.45646033216703,0,0,7.908449657337,0,0,0,0,0
5.1360925114532,5.02801669192703,0,0,6.28359296987714,8.23320030553957,8.31807617725486,5.7480545109323,0,0,4.84182208732709,8.1837659141972,0,4.9111095747107,9.61404392946469,0,0,6.79069323334997,7.91346615111162,0
5.33411877901142,5.82573458540695,0,3.00121720378456,5.19766795839811,7.29464900150487,8.22032774725625,7.49028369906972,0,0,0,8.17042331563731,0,5.09687415054649,9.61071253301834,4.6556731681612,0,5.90459861408632,5.84258743753338,0
7.28035278346468,0,0,0,7.48563750086711,8.58529099578343,0,7.25424856531373,0,0,6.76420818193907,8.33835356565855,0,0,7.22537229651711,0,0,6.73591064703966,0,6.03497891393894
0,0,0,0,4.78874096218248,0,7.62203753207204,6.67962431115688,0,0,0,7.8744234860094,0,5.26346708911229,9.56222887918095,4.6498567036105,0,6.46045203525718,6.23242836999211,0
6.54735913424155,7.262747808455,0,4.60106175794355,7.28461513007997,8.97626099186519,4.95913145122914,8.10772307395419,0,0,7.11411069485064,6.76115601530771,0,0,8.4410095280437,0,0,0,5.95751989105504,6.71120497193745
3.47475758477018,0,0,0,5.58844644264287,0,5.74098191564531,3.60413822565885,0,0,0,6.27515742328624,0,0,8.81248771549514,0,0,0,6.7423498345645,0
7.41370503500134,7.32966443950623,0,6.10166333940606,8.12827246711277,8.85102766648698,0,7.36069540111449,4.51085950651685,0,7.19521732723037,7.75541593069547,0,0,9.07003178021547,0,0,5.69032566996959,7.84452683949449,7.14990113742176
6.06810146164669,6.78173843839865,0,3.82341034707154,7.15993710873937,8.93571535067577,5.282543612432,8.07599934610378,0,0,7.0641520059845,0,0,0,8.33692233050742,0,0,0,0,6.203991945959
6.38208670834637,6.78241878767084,0,0,6.9019182767815,7.65876562498627,7.8795791045788,8.59912703284549,4.39309020702986,0,7.10033240056869,8.08570233248368,0,0,9.34560526122686,0,0,5.41690008237498,7.13410169564273,3.79211270875559
0,0,0,0,6.11075755329597,8.35249777744651,7.69968841003275,8.2369606356179,0,0,0,8.32893404195553,0,0,9.53894603378729,0,0,0,0,0
6.01654732747545,6.40890763197555,0,3.72328088083127,6.8145319202513,8.78433984814797,7.76263858272693,8.26016963991825,0,0,0,8.79685317276511,0,5.41685567247157,9.35426754078282,0,0,6.42695760305511,0,7.02086072508741
0,0,0,0,6.64784400347571,7.95975103942166,7.07810546399487,8.10352150124091,0,0,7.13870825718783,0,0,0,9.91523824196879,6.48914413920396,0,4.46992303658007,6.50729263764676,5.74059644777892
4.65062144889201,5.86169748904892,0,0,6.1289848484474,6.91510818002732,8.73003102073333,8.3912829694682,0,0,5.7116514330349,8.1110248360877,0,5.71909792543398,9.31395235984989,0,0,4.14788532915013,6.30563639676976,0
5.10132877271068,0,3.79211270875559,0,6.72123291112357,9.22551465794709,8.62385326228628,8.00503668241525,4.10890471355343,0,4.79040416422908,7.26765103054694,0,0,9.84092574308275,0,0,0,6.34201577933869,0
0,0,0,0,0,0,0,4.88257462402874,0,0,0,7.49925172081133,0,0,9.26256273464611,0,0,0,4.77979553614758,0
0,0,0,0,0,9.18969981371389,9.2241249269468,8.06713021915583,0,0,8.25263632495285,8.31535114352194,0,0,9.45427429789766,0,0,6.19902734645517,0,7.99372464836555
