0.3315283,1.6894480,1.5690552,0.9357210,1.2341774,1.0003362,0.0000000,0.8496009,0.3938322
0.0000000,1.1742339,0.9231511,0.0000000,0.0000000,0.0000000,0.0000000,0.0000000,0.0000000
0.3489622,1.5937140,1.0916412,0.0000000,0.6328277,0.9360794,0.0000000,1.9754003,0.4164245
0.3527589,1.8306501,1.3340688,0.6736770,1.7693248,0.9314923,0.0000000,0.7785731,0.8265745
0.3668640,1.7778635,1.5333849,0.9389632,1.1300320,1.8111646,0.0000000,0.8701475,1.0956358
0.3606646,1.6611899,1.1461867,0.9306373,0.6499737,0.7429239,0.0000000,0.0000000,0.4069673
0.3636071,1.7261812,1.7856557,0.0000000,1.5666946,0.8168160,0.0000000,0.9227770,0.8490756
0.6502910,1.7442621,1.7658270,0.9289884,1.1506301,0.9000225,0.0000000,0.0000000,0.9041340
0.0000000,1.5439507,1.1108617,0.0000000,1.8706585,0.9082206,0.0000000,0.9002922,0.2951664
0.5863901,1.6173417,1.7869647,0.8750617,1.7608979,0.9067097,0.0000000,0.9410641,0.8668648
0.0000000,0.7088647,1.3472435,0.0000000,0.0000000,0.0000000,0.0000000,0.0000000,0.0000000
0.0000000,1.5883375,1.1100682,0.0000000,0.5781047,0.9118855,0.0000000,0.8810957,0.0000000
0.0000000,1.0437738,0.8964106,0.0000000,0.0000000,0.0000000,0.7082264,1.1056473,1.4531499
0.0000000,1.3400668,0.8958409,0.0000000,0.6669006,0.0000000,0.0000000,0.0000000,0.0000000
2.0516602,0.8030130,1.3811943,1.0229236,0.0000000,2.2789263,0.6973305,0.0000000,0.9530281
1.1433367,1.3925698,1.7326215,0.9215866,0.5586865,2.0646356,0.7358932,1.7954146,0.0000000
0.3792909,1.7492927,1.7056706,1.7166630,1.2387631,2.0222666,0.0000000,0.9985835,0.0000000
0.0000000,1.2588486,1.3658161,0.8436406,1.8106814,0.9565407,0.0000000,0.0000000,0.0000000
0.0000000,1.3448808,1.1168456,0.0000000,2.0049579,0.0000000,0.0000000,0.0000000,0.0000000
0.3573687,1.1371983,1.3364126,1.5624974,0.5575822,0.9142949,0.0000000,1.7282522,0.8186721
0.3371518,1.6969900,1.4968389,0.7971359,1.0010228,0.9783309,0.0000000,0.0000000,0.0000000
0.3580486,1.6015970,1.7240151,0.8882734,1.2085745,0.8724906,0.0000000,0.9296507,0.0000000
0.3504168,1.6420615,1.7445377,0.8533005,1.7963053,0.9847430,0.0000000,0.0000000,0.0000000
0.3160727,1.6104179,1.7356182,0.7827058,1.7248675,0.7967138,0.0000000,0.0000000,0.0000000
0.3331084,1.3083061,1.5919846,0.8915675,1.7939930,2.1977144,0.0000000,1.6074721,0.0000000
0.0000000,1.2046166,1.3214735,0.7453021,0.4916964,0.9925193,0.0000000,0.8299446,0.8403509
0.0000000,1.5423900,1.5036158,0.7214759,1.0206505,0.8979913,0.0000000,1.4580667,0.0000000
0.3669930,1.4003369,1.5479788,0.9024952,0.6118280,0.7454825,0.0000000,0.8202843,0.0000000
0.0000000,1.4254741,1.5109362,0.8917165,0.0000000,0.8500081,0.0000000,0.7567286,0.0000000
0.3745344,1.4521746,1.3035226,0.9338608,0.5674985,0.9477036,0.0000000,0.9228534,0.0000000
0.3506666,1.6163965,1.3484074,1.6966630,1.7081284,0.8862159,0.0000000,0.7926906,0.8304567
0.3404417,0.9535583,1.5388799,1.6983849,0.5791142,0.0000000,0.0000000,0.7277829,0.0000000
0.0000000,1.6409484,1.2970556,0.8891604,1.8340051,0.4512110,0.0000000,1.5510867,0.3656244
0.0000000,1.7651922,1.5380892,0.9077143,1.8206974,0.8873690,0.0000000,0.8452405,0.0000000
0.3781470,1.6071081,1.5204368,1.5649600,1.7474868,0.9216138,0.0000000,1.4306095,0.0000000
0.0000000,1.5561002,1.6651949,0.8680989,1.0030232,0.7905293,0.0000000,0.7415422,0.0000000
0.3378472,1.8886230,1.7248297,0.8977511,1.8324555,0.9357053,0.0000000,0.8858941,0.3788397
0.3234768,1.2975801,1.2790782,0.9142819,1.0190765,0.8999324,0.0000000,0.9310239,0.3359259
0.0000000,1.3617770,1.2801182,0.9075050,0.5900339,0.8480571,0.0000000,0.9258790,0.3084033
0.0000000,1.4746299,1.5216052,0.8273901,1.7993173,0.0000000,0.0000000,0.0000000,0.0000000
0.0000000,0.8329104,0.9377560,0.9258023,0.0000000,0.0000000,0.0000000,0.0000000,0.0000000
0.0000000,1.3022702,1.5019767,0.8358633,0.6293402,0.9732996,0.0000000,0.9032786,0.4345064
0.3421160,1.2598632,1.5342762,0.8709341,1.1946713,0.8799363,0.0000000,0.8539265,0.0000000
0.0000000,1.5747639,1.7627288,0.7302776,1.2380627,0.9139396,0.0000000,0.8803062,0.0000000
0.0000000,1.1531016,1.3149530,0.8070699,0.5234267,0.9919253,0.0000000,1.6824915,0.8742725
0.2625306,1.2169184,1.3401327,0.8240023,0.6135121,1.0291769,0.0000000,0.9306237,0.0000000
0.3340746,1.3897913,1.6587138,0.0000000,1.3240432,0.9539215,0.0000000,0.0000000,0.5232582
0.0000000,1.3891059,1.4778057,0.8724054,1.0261076,2.0876025,0.0000000,0.0000000,0.0000000
0.3541089,1.4493437,1.3203457,0.8701475,0.6442858,1.5975348,0.0000000,0.8961302,0.0000000
0.3535255,1.3417111,1.2519006,0.0000000,0.5602260,2.0044415,0.0000000,0.0000000,0.0000000
0.3695908,1.0798521,1.5242153,0.8545181,0.5724066,1.6483341,0.0000000,0.9439324,0.7766109
0.0000000,1.5121923,1.2759345,0.0000000,0.6575432,0.9237101,0.0000000,0.0000000,0.0000000
0.3343103,1.6276288,1.3258832,0.8858425,0.6412640,0.9142387,0.0000000,0.8684756,0.0000000
0.3511023,1.5699544,1.5288508,0.8720481,1.4457091,0.9292562,0.0000000,0.6848102,0.0000000
0.0000000,1.5101443,1.4704953,0.8505891,0.6179599,0.8905769,0.0000000,0.0000000,0.3603639
0.0000000,1.6432687,1.3108945,0.8766665,1.7071795,0.9186485,0.0000000,0.8360378,0.0000000
0.0000000,1.0101543,0.6919920,0.0000000,0.0000000,0.0000000,0.0000000,0.0000000,0.0000000
0.0000000,0.7546247,0.9239384,0.0000000,0.0000000,0.0000000,0.0000000,0.0000000,0.5604293
0.0000000,1.1838539,1.1812682,0.0000000,0.0000000,0.9169566,0.0000000,0.0000000,1.1694871
0.0000000,1.1781457,1.3648548,0.8880921,0.0000000,0.9659792,0.0000000,0.0000000,0.0000000
0.0000000,1.1709488,1.3646541,0.8976197,0.0000000,1.0085279,0.0000000,0.9913688,0.0000000
0.0000000,1.3542277,1.3604671,0.9425451,0.5417976,1.0427995,0.0000000,0.0000000,0.0000000
0.0000000,1.2483146,1.1719764,0.9811638,0.0000000,1.9585137,0.0000000,0.9888758,0.5574929
0.0000000,1.1828247,0.9322267,0.9619677,0.0000000,0.0000000,0.0000000,0.0000000,0.0000000
0.0000000,1.3399504,1.3540050,0.0000000,0.0000000,0.0000000,0.0000000,0.0000000,0.0000000
0.0000000,1.0722660,0.9484315,0.0000000,0.0000000,0.9665385,0.0000000,0.0000000,1.0293579
0.0000000,0.7481058,0.6931041,0.0000000,0.0000000,0.0000000,0.0000000,0.0000000,0.5346697
0.3481515,1.6394410,1.5687644,1.6549209,0.5582312,2.0228389,0.0000000,0.0000000,0.4448260
0.0000000,0.7755837,1.1471678,0.0000000,0.0000000,0.9336888,0.0000000,1.9160359,0.0000000
0.0000000,1.1462906,0.9528809,0.8612986,0.5764254,0.0000000,0.0000000,0.0000000,0.5412665
0.0000000,0.4440186,1.1335898,0.8809509,0.0000000,0.0000000,0.0000000,0.0000000,0.0000000
0.3386320,1.6572428,1.5508209,0.9696153,1.1771560,2.1765704,0.0000000,0.0000000,0.0000000
0.3422247,0.9613678,0.9486650,0.0000000,0.0000000,0.0000000,0.0000000,0.0000000,0.0000000
0.3390773,1.3338746,1.7522120,1.6729818,1.1281450,1.0686849,0.0000000,0.0000000,0.0000000
0.2714431,1.7401434,1.7440246,1.7208603,0.0000000,1.8216389,0.5727407,0.0000000,0.0000000
0.0000000,1.3735472,1.3906474,0.8383327,0.5582312,0.0000000,0.0000000,0.9266013,0.0000000
0.3942586,1.7722757,1.3570511,0.9299297,1.9329434,0.9210207,0.0000000,0.0000000,1.0296403
0.0000000,1.7005383,1.7234184,1.5594484,1.8297958,0.9189602,0.0000000,0.0000000,0.0000000
0.0000000,1.2751431,1.4820790,0.0000000,1.7278570,0.9571889,0.0000000,0.0000000,0.0000000
0.0000000,1.2769116,1.1185608,0.9242505,0.6614255,0.8144897,0.0000000,0.0000000,0.0000000
0.6997303,1.0426375,1.3588624,0.9358785,0.6091277,0.0000000,0.0000000,0.9367843,0.4891500
0.0000000,1.2124110,1.1175223,0.9460530,0.5682580,0.0000000,0.0000000,0.0000000,0.5482829
0.0000000,1.2628484,1.3588615,0.8563425,1.1597244,0.0000000,0.0000000,0.9086906,0.0000000
0.0000000,1.2466882,1.3149907,0.0000000,1.1073155,0.0000000,0.0000000,0.0000000,0.0000000
0.2785917,1.5809551,1.7631542,0.9709859,1.2135445,1.0680655,0.0000000,0.9206829,0.4579081
0.0000000,1.3312185,1.3564821,0.9280408,0.0000000,0.0000000,0.0000000,0.0000000,0.5471016
0.0000000,1.0931392,0.9264420,0.0000000,0.5506506,0.0000000,0.0000000,0.0000000,0.0000000
0.0000000,0.9835387,1.1291176,0.0000000,0.0000000,0.0000000,0.0000000,0.0000000,0.0000000
0.0000000,1.1768436,1.1369204,0.0000000,0.0000000,0.0000000,0.0000000,0.0000000,0.0000000
0.3402728,1.0586134,1.1380377,0.0000000,0.0000000,0.8086920,0.0000000,0.9961702,0.0000000
0.0000000,1.5146525,1.3649948,0.8391390,0.0000000,0.7949835,0.0000000,0.8461324,0.0000000
0.0000000,1.0785266,0.9577866,0.0000000,0.0000000,0.0000000,0.0000000,0.0000000,0.0000000
0.0000000,1.3310445,1.3399437,0.7608387,0.0000000,0.0000000,0.0000000,0.0000000,0.0000000
0.0000000,1.0758172,1.0824540,0.0000000,0.0000000,0.0000000,0.0000000,0.0000000,0.0000000
0.0000000,0.8798011,0.9283631,0.0000000,0.0000000,0.0000000,0.0000000,0.0000000,0.0000000
0.0000000,1.4066182,1.3855534,0.0000000,0.0000000,0.0000000,0.0000000,0.0000000,0.0000000
0.0000000,0.9418985,1.1429912,0.0000000,0.0000000,0.0000000,0.0000000,0.8995121,0.0000000
0.3195999,1.6196236,1.1256583,0.8058502,1.2093619,0.0000000,0.0000000,0.0000000,0.0000000
0.0000000,0.9856961,1.1177848,0.9039984,0.0000000,0.0000000,0.0000000,0.0000000,0.0000000
0.0000000,1.5616960,1.1328025,0.0000000,0.5833994,0.0000000,0.0000000,0.0000000,0.5139474
0.3675647,1.4494027,1.5711207,0.9494057,0.5441737,0.0000000,0.0000000,0.0000000,0.4601737
0.0000000,1.7414923,1.4884830,0.9406673,1.7487476,1.9639640,0.0000000,0.0000000,0.0000000
0.3662300,1.0686498,1.5460004,0.0000000,0.0000000,0.0000000,0.0000000,0.0000000,0.4706293
0.0000000,1.5645173,0.9276533,0.8531206,0.0000000,0.0000000,0.0000000,0.0000000,0.0000000
0.0000000,0.9489796,0.8779744,0.0000000,1.2745666,0.8268889,0.0000000,0.0000000,1.0455466
0.3367705,1.5358635,1.0935003,0.0000000,0.0000000,0.0000000,0.0000000,0.0000000,0.8856212
0.3879564,1.1197447,1.1764973,0.9554325,0.0000000,0.0000000,0.0000000,0.0000000,0.0000000
0.0000000,1.4455826,1.3176569,0.9615554,0.5459082,0.0000000,0.0000000,0.0000000,0.9857877
0.0000000,1.4574322,1.1535232,0.8546358,0.5613843,1.0171262,0.0000000,0.0000000,0.3826312
0.3011954,1.4135655,1.4890749,0.8594616,0.0000000,0.0000000,0.0000000,0.0000000,1.0065083
0.3531487,1.1746192,1.1412890,0.0000000,0.0000000,0.8572481,0.0000000,0.0000000,0.0000000
0.4010015,1.3723409,1.1538966,0.0000000,1.0627285,0.9148029,0.0000000,0.0000000,0.9133861
0.0000000,1.2920804,1.1612821,0.0000000,0.4940598,0.9297748,0.0000000,0.7959853,0.0000000
0.0000000,1.2592702,1.1628240,0.8393661,0.5864934,0.0000000,0.0000000,1.0756052,0.0000000
0.3332224,1.1642934,1.1217604,0.0000000,0.0000000,0.0000000,0.0000000,0.0000000,0.0000000
0.0000000,1.4536567,1.1315271,0.0000000,0.0000000,0.0000000,0.0000000,0.0000000,0.5124164
0.0000000,0.9194081,0.9458259,0.0000000,0.0000000,0.0000000,0.0000000,0.0000000,0.0000000
0.0000000,1.6034335,1.5128473,0.9234459,0.6147138,0.7937405,0.0000000,0.0000000,0.5015969
0.0000000,1.4755776,1.3291741,0.8517279,1.3131254,0.0000000,0.0000000,0.0000000,0.4980978
0.0000000,1.0431473,1.1365129,0.0000000,0.6414450,1.1502124,0.0000000,0.0000000,0.0000000
0.0000000,1.2481442,0.6884153,0.0000000,0.5826818,0.0000000,0.0000000,0.0000000,0.0000000
0.0000000,1.0718931,0.2449092,0.0000000,0.0000000,0.0000000,0.0000000,0.0000000,0.4664226
0.0000000,1.2935422,1.2553658,0.0000000,1.3511928,1.0284612,0.0000000,0.0000000,0.0000000
0.0000000,1.3599527,1.0709530,0.8042264,0.0000000,0.8219496,0.0000000,0.8001102,0.6884407
0.3206729,1.3883401,0.6396230,0.8623072,0.6100740,0.0000000,0.0000000,0.9189400,0.5750635
0.2982938,1.2984398,1.2566588,1.6677608,0.0000000,0.0000000,0.0000000,0.8292560,0.3313991
0.2965717,1.3082456,0.7134449,1.6608479,0.0000000,0.0000000,0.0000000,0.9186080,0.2926202
0.0000000,1.3124664,0.8568683,0.7324594,0.0000000,0.0000000,0.0000000,0.6804590,0.6257458
0.0000000,1.4081733,1.0383590,0.8267771,0.0000000,0.0000000,0.0000000,0.6347084,0.3777710
0.0000000,1.3382680,0.8055786,0.7734458,0.6192837,1.0151308,0.0000000,0.6039727,0.3124679
0.3495909,1.5831337,0.7344034,1.4952284,0.4367154,0.0000000,0.0000000,1.0104600,0.8553160
0.3176711,1.3180542,0.8903244,0.0000000,0.0000000,0.0000000,0.0000000,0.8940063,0.6598965
0.3360269,1.3534882,1.1359726,0.0000000,0.0000000,0.0000000,0.0000000,1.6994967,0.7035237
0.3210206,1.3738699,0.9005754,0.0000000,0.4518279,0.0000000,0.0000000,0.6750995,0.0000000
0.2095760,1.3370391,0.6208355,0.0000000,0.0000000,0.0000000,0.0000000,0.9153412,0.0000000
0.0000000,1.2787453,0.6720083,0.9711428,0.0000000,0.0000000,0.0000000,1.7658357,0.0000000
0.0000000,1.7690461,0.4929665,0.0000000,0.0000000,0.7240945,0.0000000,0.9691768,0.8855709
0.2657176,1.0850274,0.9970944,0.9952347,0.0000000,0.0000000,0.0000000,0.5186021,0.0000000
0.0000000,1.1800925,0.4561079,0.8503302,0.0000000,0.0000000,0.0000000,0.0000000,0.1816640
0.0000000,0.8867446,1.0613717,0.0000000,0.0000000,0.0000000,0.0000000,0.6319556,0.0000000
0.2537527,1.1400510,0.8309094,0.9262284,0.0000000,0.0000000,0.0000000,0.6931127,0.0000000
0.2626017,1.1205999,0.8708706,0.8699316,0.0000000,0.0000000,0.0000000,0.7518525,0.0000000
0.0000000,1.4184163,0.9118834,0.8863442,0.0000000,0.0000000,0.0000000,0.7252206,0.4120446
0.0000000,0.9127093,1.1144961,0.8881172,0.0000000,0.9532709,0.0000000,1.8958408,0.0000000
0.0000000,1.2378352,1.1794334,0.9265688,0.5391745,0.9707607,0.0000000,0.0000000,0.0000000
0.0000000,1.3517605,0.8664073,0.9502454,0.6580881,0.0000000,0.0000000,1.0940731,0.4667419
0.3290284,1.5460599,1.2995598,1.6326841,0.6042606,0.8134910,0.0000000,1.1234877,0.4598136
0.0000000,1.3584655,1.2969329,0.9044078,0.6157213,0.7440291,0.0000000,1.0890050,0.4150663
0.0000000,1.4318893,1.1267376,0.8754048,0.6250410,0.8026267,0.0000000,1.0990859,0.4318563
0.0000000,1.6320502,1.5193445,0.9415942,1.2499797,0.7915847,0.0000000,1.0880116,0.0000000
0.0000000,1.0854192,1.2720865,0.9464937,1.1540739,0.7931331,0.0000000,1.0936320,0.0000000
0.0000000,1.1617849,1.2786947,0.9413108,0.0000000,0.8361000,0.0000000,1.1007201,0.0000000
0.0000000,1.1618003,1.0748777,0.9121846,1.2784169,0.8283011,0.0000000,1.1146208,0.0000000
0.0000000,1.2462282,1.2903881,0.9516311,0.6544110,0.0000000,0.0000000,1.1033764,0.0000000
0.0000000,1.1588672,1.2789273,0.8952859,0.4691167,0.9311556,0.0000000,1.0642255,0.3423036
0.0000000,1.1962540,1.0819873,0.9223633,0.4837485,0.8013588,0.0000000,1.0863848,0.0000000
0.0000000,1.2878607,1.0711099,0.8902436,1.0788386,1.6561540,0.0000000,1.1063171,0.0000000
0.3777594,1.4363652,1.2721331,0.8854348,1.1149155,0.8188622,0.0000000,1.9049455,0.3713692
0.3030465,1.2304707,1.2654746,0.9178898,1.1507842,0.8390311,0.0000000,1.0586357,0.0000000
0.0000000,1.3483398,1.3168293,0.9642363,1.0733504,0.8218902,0.0000000,1.0816884,0.3511329
0.0000000,1.2636299,1.2827885,0.8887648,0.0000000,0.0000000,0.0000000,1.1198407,0.3920126
0.0000000,1.2643876,1.4529739,0.8898294,0.6676786,0.8398659,0.0000000,1.1178033,0.0000000
0.0000000,1.4343303,1.0909627,0.8935031,0.6570438,0.0000000,0.0000000,1.0432671,0.0000000
0.3280530,1.4314856,1.2802596,0.9033595,0.0000000,0.8376036,0.0000000,1.0621904,0.0000000
0.3102338,1.3601040,1.3008955,0.9005713,0.0000000,0.8479502,0.0000000,1.1292835,0.0000000
0.0000000,1.3504487,1.3174188,0.9105667,0.0000000,0.7660984,0.0000000,1.0404020,0.0000000
0.0000000,1.3455573,1.3407880,0.9060951,1.1481159,0.0000000,0.0000000,1.0348538,0.3882791
0.3471178,1.3506061,1.5373162,0.9200221,0.6428242,0.8455169,0.0000000,1.0470993,0.3869599
0.0000000,1.2503909,1.0900914,0.9501214,1.1854730,0.7658110,0.0000000,1.1055993,0.0000000
0.0000000,1.5706486,1.4993990,0.8682383,1.0868660,0.0000000,0.0000000,0.0000000,0.3361937
0.0000000,1.0900921,1.0942713,0.9136611,0.0000000,0.0000000,0.0000000,1.1413079,0.0000000
0.3167876,1.6721481,0.6970773,0.0000000,0.6391121,0.8523466,0.0000000,0.9646599,0.4401427
0.3261841,1.8309997,1.4549441,1.7132767,1.1849094,0.7691443,0.0000000,1.8741437,0.4095620
0.3196078,1.4193418,0.9902331,0.0000000,0.6572445,0.8917522,0.0000000,1.1314500,0.4158762
0.2828988,1.5761363,1.3595372,1.5884911,0.6118335,0.7288663,0.0000000,1.0641979,0.4260924
0.3292984,1.6853144,1.6815772,0.9150298,0.6627017,0.8334816,0.0000000,1.1050758,0.4140475
0.3376680,1.3465757,1.0948991,0.9123848,0.0000000,0.8693687,0.0000000,1.1048205,0.4108260
0.0000000,1.5343146,1.1139917,0.8185531,1.2130193,0.8636255,0.0000000,1.7173875,0.4350618
0.3457519,1.3762008,0.8902582,1.7478420,0.0000000,0.0000000,0.0000000,1.0105532,0.8028845
0.0000000,1.5955967,1.5040235,1.7238092,0.6273838,0.8159574,0.0000000,1.0986580,0.4200396
0.0000000,1.4247936,1.2429486,0.8318575,1.0472554,0.0000000,0.0000000,1.8507105,0.4377916
0.0000000,1.6795549,1.3168969,0.8996135,0.6270803,0.7875523,0.0000000,1.0937216,0.4284674
0.6687836,1.2309907,1.3027101,0.7339816,0.5549814,0.0000000,0.0000000,1.1292727,0.4204339
0.0000000,1.6982030,1.1268988,0.9782009,1.2681779,0.0000000,0.0000000,2.1125520,0.4976880
0.3181248,1.4896012,1.2788433,0.0000000,0.6021587,1.7870640,0.0000000,0.9908323,1.0781392
0.0000000,1.5495712,1.3238149,0.9070174,1.8503013,1.9253350,0.0000000,0.8125966,0.0000000
0.0000000,1.5444507,1.3014527,0.9062989,1.2335993,0.0000000,0.0000000,0.0000000,0.0000000
0.0000000,1.6360430,1.2664663,0.9082253,1.8033061,1.9063540,0.0000000,0.8752111,0.0000000
0.3140376,1.7216832,1.4493529,0.8982308,1.7020570,0.8203903,0.0000000,0.9091574,0.0000000
0.0000000,1.5271449,1.0763532,0.9379772,1.2626793,0.8646552,0.0000000,0.9072042,0.0000000
0.0000000,1.8443637,1.2765318,0.9176145,1.8511353,0.8087443,0.0000000,0.9259118,0.0000000
0.0000000,1.4620426,1.2699935,0.9333533,1.6717034,0.9541599,0.0000000,0.7845844,0.4283912
0.0000000,1.6523987,1.5102154,0.9605507,1.7812056,0.7857610,0.0000000,0.8896643,0.0000000
0.0000000,1.5389652,1.2928379,0.9458830,1.8299859,0.8781728,0.0000000,0.9210873,0.0000000
0.0000000,1.8457691,1.2773718,0.0000000,1.2338602,0.0000000,0.0000000,0.9382448,0.0000000
0.0000000,1.6907699,1.1010344,0.9271944,1.3473660,0.0000000,0.0000000,0.9067915,0.0000000
0.0000000,1.6540980,1.1007910,0.9306509,0.6673649,0.7545684,0.0000000,0.9011524,0.0000000
0.0000000,1.6617925,1.1168915,0.9040034,1.8470322,0.8016633,0.0000000,0.9069358,0.0000000
0.0000000,1.5296608,1.0936414,0.9061777,1.8450302,1.5112611,0.0000000,0.8687690,0.0000000
0.0000000,1.4674932,1.2808764,0.9248940,0.6437852,0.7466288,0.0000000,0.9498370,0.0000000
0.0000000,1.6517064,1.1222345,0.9286985,1.2540114,1.6324923,0.0000000,0.8567633,0.0000000
0.0000000,1.5458860,1.1104463,0.9108579,1.8342149,0.8010723,0.0000000,0.9676792,0.0000000
0.0000000,1.4945185,1.0810049,0.9258279,1.8197429,0.7488794,0.0000000,0.9574630,0.0000000
0.0000000,1.5597406,1.3289386,0.9371647,1.2885816,0.8075492,0.0000000,0.8919778,0.0000000
0.3394612,1.7640191,1.3078496,0.8855061,0.6653794,0.0000000,0.0000000,0.9191175,0.0000000
0.3576578,1.7692693,1.3135047,0.9136916,1.8093806,0.0000000,0.0000000,0.8423297,0.0000000
0.3386668,1.6820408,1.3222147,0.9405648,0.6491320,0.7831557,0.0000000,0.8845466,0.0000000
0.3477701,1.6674060,1.1283536,0.8554066,1.2108488,0.0000000,0.0000000,0.8552803,0.0000000
0.3397061,1.5432498,1.5173520,0.9006291,0.6354028,0.0000000,0.0000000,0.8558808,0.0000000
0.3166253,1.3783160,1.4491191,0.9249791,1.2437885,0.7262893,0.0000000,0.8785160,0.0000000
0.0000000,1.8305551,1.2709246,0.8496532,1.8333872,0.0000000,0.0000000,0.8492862,0.0000000
0.0000000,1.7720826,0.7073832,0.8973397,0.5471485,0.0000000,0.0000000,0.7874625,0.0000000
0.3688437,1.7162919,1.3150441,0.9375063,1.2184464,1.9515794,0.0000000,0.9578643,0.0000000
0.3377264,1.6559376,1.2832080,0.8968594,1.3642543,2.1272729,0.0000000,1.0309369,0.0000000
0.3279740,1.7375118,1.3055007,0.9288104,1.3257456,1.1430611,0.0000000,0.9800477,0.0000000
0.0000000,1.8076109,1.2842324,0.8524678,1.7000940,1.1092664,0.0000000,0.7196895,0.0000000
0.0000000,1.6741849,1.4843409,0.9443792,1.6861029,2.0661105,0.0000000,0.8671904,0.0000000
0.3549324,1.8326800,1.4643701,0.9166983,1.7862767,0.8207679,0.0000000,0.9153072,0.0000000
0.0000000,1.4244434,1.1533532,0.9335880,0.6546567,1.9389771,0.0000000,0.9620856,0.0000000
0.3416102,1.8275246,1.4808321,0.9030506,1.2477451,1.5366537,0.0000000,0.8215029,0.0000000
0.0000000,1.9302642,1.0751714,0.9038028,1.7850325,2.1129889,0.0000000,0.8350983,0.0000000
0.3473543,1.7662039,1.4766358,0.9431086,1.1907230,0.0000000,0.0000000,0.8659335,0.0000000
0.3438030,1.5633217,1.0973012,0.9016201,0.6065126,0.8104198,0.0000000,0.8686876,0.0000000
0.3470386,1.8425825,1.1266000,0.9065022,1.8424880,0.9695873,0.0000000,0.0000000,0.5283229
0.3460198,1.6402319,1.3097128,0.7519533,1.1590709,0.0000000,0.0000000,0.8167686,0.0000000
0.3746566,1.6384223,1.1226994,0.9057687,1.1364679,1.0850577,0.0000000,0.9175486,0.0000000
0.0000000,1.5564002,0.6951009,0.0000000,0.6487041,1.0335534,0.0000000,0.9113105,0.0000000
0.3594764,1.3572340,1.3829220,0.8745591,0.0000000,0.0000000,0.0000000,0.0000000,0.0000000
0.0000000,1.1370584,1.9058865,0.9543951,0.6046046,0.9066567,0.0000000,0.0000000,0.5335039
0.0000000,1.7465595,1.4783227,0.9878526,1.3239689,1.9033849,0.0000000,0.9257329,0.4230279
0.0000000,1.0925048,0.6096134,0.0000000,0.0000000,1.0241990,0.0000000,0.0000000,0.5483120
0.6065146,1.1358981,0.8012685,0.0000000,0.0000000,0.0000000,0.0000000,0.0000000,0.8482341
0.0000000,1.3105752,0.5895832,0.0000000,0.0000000,0.0000000,0.5130395,0.0000000,0.7407953
0.0000000,1.1059145,0.6438434,0.0000000,0.4462446,0.0000000,0.0000000,0.0000000,0.0000000
0.0000000,1.1374880,0.4379342,0.0000000,0.0000000,0.0000000,0.0000000,0.0000000,0.0000000
0.0000000,1.3322260,1.1618525,0.7919904,0.0000000,0.0000000,0.0000000,0.0000000,0.0000000
0.0000000,1.2468331,0.6591906,0.7079995,0.0000000,0.0000000,0.0000000,0.0000000,0.3725968
0.0000000,1.1689827,0.7782393,0.0000000,0.0000000,0.0000000,0.0000000,0.0000000,0.0000000
0.0000000,1.2031866,0.5939614,1.6336764,0.0000000,0.0000000,0.0000000,0.0000000,1.3627174
0.0000000,0.9858448,0.4306625,0.9658445,0.0000000,0.0000000,0.0000000,0.7765836,1.1131887
0.0000000,1.2608884,0.4913364,0.8364477,0.0000000,0.0000000,0.0000000,0.0000000,0.5966030
0.0000000,0.9684806,0.6259156,0.0000000,0.0000000,0.0000000,0.0000000,0.0000000,0.0000000
0.0000000,1.1282008,0.8581763,0.8432553,0.0000000,0.0000000,0.0000000,0.0000000,0.0000000
0.0000000,0.9403226,1.0434896,0.6971990,0.0000000,0.0000000,0.0000000,0.6261174,0.4943331
0.0000000,1.4110130,0.8510435,0.0000000,0.0000000,0.0000000,0.0000000,0.0000000,0.0000000
0.6070664,1.2537184,0.8226567,1.7818362,0.0000000,0.9371987,0.0000000,0.0000000,0.7310571
0.0000000,1.2913092,0.6508826,1.9064386,0.0000000,0.9376565,0.0000000,0.0000000,0.6722258
0.3248382,1.2650172,0.7999840,1.7602692,0.0000000,0.0000000,0.0000000,0.0000000,0.9045275
0.0000000,1.2595852,1.0118894,1.6482251,0.0000000,0.0000000,0.0000000,0.0000000,0.7078632
0.0000000,1.0986832,0.6371050,0.0000000,0.0000000,0.9391910,0.0000000,0.0000000,1.1597037
0.0000000,1.2891569,1.0583040,1.7056164,0.0000000,0.6642115,0.0000000,0.0000000,1.6030582
0.3469956,1.1556082,1.6025413,0.9190530,0.0000000,0.9344674,0.0000000,0.0000000,0.0000000
0.7636415,1.3197432,1.3715680,0.9347494,1.1944405,1.1112830,0.0000000,0.0000000,0.4599294
0.3432385,0.8280901,1.1264715,0.0000000,0.0000000,0.0000000,0.0000000,0.0000000,1.0332447
0.0000000,1.2989345,0.6818731,0.9484719,0.0000000,0.8440577,0.0000000,0.0000000,1.0624479
0.3540125,1.5458881,1.7210894,0.9760601,1.9131846,2.1475360,0.0000000,0.0000000,0.0000000
0.0000000,1.4431382,1.0540170,2.0745374,0.0000000,1.0760868,0.0000000,0.0000000,1.7666715
0.7892261,0.9278223,0.8786723,1.9871984,0.0000000,0.0000000,0.0000000,0.0000000,1.7068250
0.0000000,1.1803703,1.0970800,0.9942005,0.0000000,0.0000000,0.0000000,1.6544117,1.1152549
0.0000000,0.8811213,0.4860313,0.8984477,0.0000000,0.0000000,0.0000000,0.0000000,1.6325496
0.3927229,1.1490557,0.6981348,1.0126806,0.0000000,0.0000000,0.0000000,0.0000000,1.2399778
0.0000000,1.3281878,0.9251375,2.1214609,0.0000000,0.0000000,0.0000000,0.8720013,1.8331813
0.0000000,1.0677964,0.6489558,2.0514959,0.0000000,0.0000000,0.0000000,0.0000000,1.6133232
1.2153683,0.7326116,0.2561177,1.0060342,0.0000000,0.0000000,0.0000000,1.0408662,1.6011009
0.3937540,0.9364794,0.9341480,2.0938860,0.0000000,0.0000000,0.0000000,0.0000000,1.1666884
0.0000000,0.8902314,0.5029155,1.9167556,0.0000000,0.0000000,0.0000000,0.0000000,1.7391952
0.0000000,0.6146861,0.4992493,2.0593326,0.0000000,0.0000000,0.0000000,0.0000000,1.1585520
0.0000000,1.1481300,0.6597301,2.1175887,0.0000000,0.0000000,0.0000000,0.0000000,1.6970292
0.8268881,1.0362726,0.9281002,2.1883305,0.0000000,0.0000000,0.0000000,0.0000000,1.6881217
0.0000000,1.7184614,1.5082084,0.9535790,1.8878974,2.1432037,0.0000000,0.0000000,0.0000000
0.0000000,1.2106359,1.1782070,0.9898458,0.5618359,2.1458538,0.0000000,0.0000000,0.0000000
0.3338573,1.6998123,1.5922839,0.9563846,1.3031125,0.9204739,0.0000000,0.8886903,0.0000000
0.7524526,1.2981600,1.7209647,0.9983993,1.2657393,1.8972518,0.0000000,0.9447570,0.5750863
0.3552068,1.2304152,1.5560750,0.9679137,0.6065402,0.8754197,0.0000000,0.0000000,0.0000000
0.0000000,1.2349667,0.7645558,0.8208583,0.4760811,0.0000000,0.0000000,0.0000000,0.7067546
0.3416734,1.3788447,1.2792526,1.9399700,0.0000000,0.0000000,0.0000000,0.0000000,0.0000000
0.0000000,1.1574370,1.0125453,0.8825484,0.0000000,0.0000000,0.0000000,0.0000000,1.0137566
0.0000000,1.4132620,0.8632976,0.8478111,0.0000000,0.0000000,0.0000000,0.0000000,0.9724909
0.0000000,1.1363644,0.8386360,0.9203434,0.4187319,0.0000000,0.0000000,0.0000000,0.8794920
0.3503134,1.3077326,1.1834275,1.0141559,1.2082468,1.9907374,0.0000000,0.0000000,0.0000000
0.3444583,1.6507986,0.9342567,0.9622914,0.6310814,0.8950818,0.0000000,0.7924790,0.0000000
0.0000000,1.0015191,0.4669132,0.9313040,0.6389386,0.0000000,0.0000000,0.0000000,1.1325415
0.0000000,1.4905924,1.3696560,0.9581803,1.9127757,2.0875420,0.0000000,0.0000000,0.0000000
0.3725875,1.4905286,1.5355937,1.9023052,1.3681972,2.1162049,0.0000000,0.0000000,0.0000000
0.3576923,1.2602222,1.1353414,1.0083367,0.6108923,0.9450807,0.0000000,0.0000000,0.4587866
0.4067446,1.3117851,1.3686723,0.9872980,1.2498014,1.9324433,0.0000000,0.8789570,0.5169300
0.0000000,1.4229539,1.5205670,0.9113511,0.5763336,0.8653311,0.0000000,0.0000000,0.0000000
0.0000000,1.4894366,1.5611968,0.9882159,0.6681545,0.8855385,0.0000000,0.9272695,0.0000000
0.0000000,1.5009593,1.1377960,1.0047083,1.2492463,0.9158586,0.0000000,0.8415441,0.0000000
0.3548260,1.4310396,1.1633554,0.9927942,0.6687938,0.8992395,0.0000000,0.0000000,0.0000000
0.3857035,1.4564117,1.5563242,1.9176568,1.2368627,0.9070222,0.0000000,0.0000000,0.0000000
0.3193953,1.1685578,1.3668276,1.8341297,1.1717489,0.0000000,0.0000000,0.8876591,0.5326191
0.3529653,1.1420062,1.3874570,0.9759303,1.1740862,1.9209786,0.0000000,0.7851170,0.0000000
0.3397817,1.3404550,0.8767746,0.9570070,1.2406852,0.8562177,0.0000000,0.0000000,0.0000000
0.0000000,1.4434607,0.9196331,0.9622116,0.5330314,0.0000000,0.0000000,0.0000000,0.0000000
0.3642795,1.1958299,1.5598050,0.9782545,1.2087070,0.0000000,0.0000000,0.0000000,0.0000000
0.0000000,1.1408431,1.1816338,0.0000000,1.2263685,0.8395569,0.0000000,1.8850868,0.4361678
0.3471046,1.1279548,1.1823784,0.9094916,1.1716440,0.8890432,0.0000000,0.9465365,0.4498067
0.3275387,0.9497546,0.9096224,0.0000000,0.6040310,0.8475750,0.0000000,0.0000000,0.0000000
0.0000000,1.1610373,1.1411164,0.0000000,0.0000000,0.9713938,0.0000000,0.0000000,0.0000000
0.7819752,1.6313063,1.4998107,0.9684163,1.0976248,2.0035108,0.0000000,0.0000000,0.0000000
0.3575956,1.6909297,1.3924179,0.9550980,1.1870784,2.1194098,0.0000000,0.8308005,0.3962818
0.4324363,1.5952504,1.3749960,0.9376748,0.6215444,1.1455387,0.0000000,0.0000000,0.0000000
0.4352662,1.4147116,1.1791768,0.9696433,0.0000000,0.0000000,0.0000000,0.0000000,0.0000000
0.3709092,1.5274525,1.1780342,0.0000000,0.0000000,0.9603003,0.0000000,0.0000000,0.0000000
0.3426136,1.4256404,1.1577056,1.9467097,0.0000000,0.0000000,0.0000000,0.0000000,0.0000000
0.0000000,1.6879441,1.1426505,0.9278249,1.7782335,0.0000000,0.0000000,0.0000000,0.4608418
0.0000000,1.5109606,1.1329373,0.9667167,1.7439230,1.8545847,0.0000000,0.0000000,0.4637097
0.0000000,0.7351832,1.1274204,0.9908654,0.6457704,2.0424448,0.0000000,0.0000000,0.0000000
0.3361733,1.3079722,1.2893316,0.8453733,0.5956145,0.8728150,0.0000000,0.0000000,0.8715079
0.0000000,1.4488363,1.2672565,0.9778516,0.5635306,0.0000000,0.0000000,0.0000000,0.5358836
0.0000000,1.7306293,1.3339145,0.9883636,0.0000000,0.9202682,0.0000000,0.0000000,0.5349693
0.3800232,1.5259623,1.5166603,0.9523229,0.6445481,0.0000000,0.0000000,0.0000000,0.3436076
0.3857132,0.9973153,1.1522684,0.9672890,1.1144223,1.0453850,0.0000000,0.0000000,0.8283138
0.0000000,1.5737400,1.5536135,0.9480130,1.0808511,0.9026638,0.0000000,0.0000000,0.4871805
0.3673016,1.6911446,1.3500818,0.9710717,1.2466664,0.8881609,0.0000000,0.0000000,0.0000000
0.0000000,1.4637072,1.3011645,0.9745167,0.6174808,0.0000000,0.0000000,0.9052737,0.4591942
1.0238432,1.2905183,1.0963060,0.9806231,1.1211475,0.0000000,0.0000000,0.0000000,1.6001824
0.3850846,1.5160050,1.5905341,0.9842405,1.1216503,0.8559579,0.0000000,0.0000000,0.0000000
0.3813006,1.6167674,1.0990803,0.0000000,1.2592250,0.9419538,0.0000000,0.0000000,0.5430998
0.0000000,1.4317058,1.3516302,0.9166691,0.6521144,0.0000000,0.0000000,0.0000000,0.0000000
0.3583624,0.8350767,0.9125798,0.0000000,0.0000000,0.0000000,0.0000000,0.0000000,0.0000000
0.0000000,1.5254649,1.3816670,1.0150877,0.0000000,0.0000000,0.7463392,1.8848043,0.9851024
0.3542750,1.3593304,1.1017104,0.0000000,0.0000000,0.0000000,0.0000000,0.0000000,0.0000000
0.0000000,1.7263241,1.3663710,0.9357116,1.1821328,0.8433121,0.0000000,0.7883563,0.0000000
0.0000000,1.3506326,0.9160883,0.9143078,0.0000000,0.0000000,0.0000000,0.0000000,0.0000000
0.0000000,0.6483270,0.4744368,0.0000000,0.0000000,0.0000000,0.0000000,0.0000000,0.0000000
0.0000000,1.2133502,1.1495398,1.9274499,0.6092119,0.0000000,0.7247127,0.9943181,0.9394331
0.3410234,1.4468049,1.5564821,1.8344618,0.6301231,1.0184449,0.0000000,0.0000000,0.5590068
0.3779534,1.0909675,1.1765219,0.8805634,0.5055593,1.0208163,0.6911131,0.9037224,0.9939399
1.0407812,1.4424318,1.4846717,1.8046533,1.1693241,0.0000000,0.0000000,0.0000000,0.0000000
0.0000000,1.6252641,1.1736964,0.9740330,1.1548690,0.9455062,0.0000000,0.0000000,0.4977524
0.3512978,1.5406388,1.3772589,0.9581579,0.0000000,0.9167317,0.0000000,0.0000000,0.8815309
0.0000000,1.4755621,1.3704707,0.8876906,0.5036732,0.8180873,0.0000000,0.0000000,0.4347529
0.0000000,1.2427928,1.3599650,0.9369794,0.5692051,0.0000000,0.0000000,0.0000000,0.0000000
0.0000000,1.7019847,0.9501472,0.9242990,0.0000000,0.0000000,0.0000000,0.0000000,0.5232357
0.3946238,1.6098772,1.2668462,0.9514701,0.6034108,0.9971248,0.0000000,0.9219471,1.3506605
0.4040465,1.4065355,1.3900244,1.8637493,0.5874293,0.9748422,0.0000000,0.0000000,0.5431177
0.0000000,1.3262026,1.3428449,1.8913262,0.6164922,1.0455253,0.0000000,2.0710506,1.4354788
0.0000000,1.0344864,1.3452960,0.0000000,0.5633236,0.0000000,0.0000000,1.1254381,0.5554569
0.4033074,1.5614795,1.2996386,0.9759506,0.5505563,1.8977986,0.0000000,0.0000000,0.9909766
0.0000000,1.5840094,1.5033373,0.9583656,0.5616068,0.0000000,0.0000000,0.0000000,0.4998796
0.3837664,1.6820391,1.2878000,0.9416172,1.0437469,0.0000000,0.0000000,0.0000000,0.3685360
0.3422131,1.5173240,1.3368070,1.9400953,0.0000000,0.9164265,0.6932866,1.0061183,0.9978349
0.3645981,1.5190698,1.4801838,0.9093015,1.2626814,0.9403623,0.0000000,0.0000000,0.0000000
0.0000000,1.0306077,0.9064881,0.9444456,0.0000000,0.0000000,0.0000000,0.9950893,0.3845999
0.0000000,1.3542575,1.1157367,0.9525160,0.0000000,0.0000000,0.0000000,1.0163672,0.4729374
0.0000000,1.5569868,1.2932884,0.9772183,0.6230617,1.0409633,0.0000000,0.0000000,0.3527249
0.3223039,1.3934268,1.4970491,0.9684562,0.5819998,0.0000000,0.0000000,1.8874124,0.8726310
0.6813336,1.6545433,1.5031649,1.9279829,1.8209594,0.0000000,0.0000000,0.8339560,0.8242687
0.3753003,2.0023814,1.2934235,0.9625216,0.5372455,0.8190163,0.0000000,0.0000000,1.5032605
0.3652033,1.5543546,0.9099879,0.8927034,1.7905482,0.9299881,0.0000000,0.0000000,0.3961759
0.3614970,1.1658777,1.5254517,0.0000000,0.0000000,1.9157508,0.0000000,0.0000000,0.4269484
0.3565410,1.8329229,1.7240305,0.9298987,1.7360230,2.0386088,0.0000000,0.0000000,0.0000000
0.0000000,1.2049420,1.1656384,0.9856494,0.0000000,0.0000000,0.0000000,0.0000000,0.0000000
0.0000000,1.9124468,1.3375189,0.9062262,1.7974788,1.0447205,0.0000000,0.8010340,0.7464529
0.3526360,1.5154944,1.2543992,0.9199266,0.5656554,0.0000000,0.0000000,0.0000000,0.0000000
0.0000000,1.6504370,1.5296731,0.9653010,1.2993687,0.9430635,0.0000000,0.9093757,0.3816945
0.3697151,1.6296175,1.6984220,0.9489508,0.6081676,0.8073188,0.0000000,0.0000000,0.0000000
0.3650762,1.8140108,1.8765627,0.9560457,1.1464471,1.8999320,0.0000000,0.8752036,0.0000000
0.3377890,1.5828553,1.3019526,0.9569637,1.6554796,0.9361170,0.0000000,0.8732989,0.0000000
0.0000000,1.5182862,1.3867714,0.8952916,1.1736261,0.8695863,0.0000000,0.7320437,0.0000000
0.3723649,1.5626766,1.8906120,0.9562027,1.1043043,1.8762567,0.0000000,0.8868425,0.0000000
0.3603670,1.3070785,1.7142093,0.9592710,0.6307774,0.9215244,0.0000000,0.8828315,0.0000000
0.0000000,1.5270413,1.7024693,0.9345284,0.6032297,0.9327990,0.0000000,0.8371875,0.0000000
0.3205816,1.6352613,1.9048157,0.9071851,1.8894707,2.1744120,0.0000000,1.0136028,0.0000000
0.3558926,1.6679840,1.4809657,0.9249051,0.5947900,0.8686713,0.0000000,0.0000000,0.0000000
0.3319940,1.5424213,1.3395571,0.0000000,0.7460003,1.1886046,0.0000000,1.0749796,0.0000000
0.0000000,1.7073704,1.8970464,0.9483471,1.1575993,0.9476536,0.0000000,0.8232898,0.0000000
0.3633937,1.5310417,1.8992393,0.9500783,1.7603652,0.9058760,0.0000000,0.8664136,0.0000000
0.3576486,1.5236810,1.6595147,0.9359633,0.4880292,0.8583115,0.0000000,0.0000000,0.0000000
0.3576256,1.3003373,1.3043722,0.0000000,1.9274903,0.9468569,0.0000000,0.8970972,0.0000000
0.3436333,1.2929369,1.5018592,0.9367967,0.5856536,1.9144482,0.0000000,0.8385019,0.0000000
0.3575078,1.7225888,1.6936770,0.9396679,1.7266479,1.9728584,0.0000000,0.9138223,0.0000000
0.4033185,1.5107334,1.5490046,1.9205638,1.2391067,0.9116570,0.0000000,0.9710699,0.9007944
0.3314246,1.1395041,1.5627634,0.9398459,1.0873619,1.8508942,0.0000000,0.0000000,0.0000000
0.3904779,1.1690395,0.2307400,0.0000000,0.0000000,0.9255938,0.0000000,0.0000000,0.0000000
0.0000000,1.1066516,0.4565095,0.0000000,0.0000000,0.9557259,0.0000000,0.0000000,0.0000000
0.0000000,1.7583628,1.0845892,0.9245079,1.2640512,0.0000000,0.0000000,0.0000000,0.0000000
0.0000000,1.4314511,1.2642556,0.0000000,1.1676103,0.8602582,0.0000000,0.0000000,0.0000000
0.3481897,1.5587853,1.3085844,0.8819926,1.8722589,0.6605994,0.0000000,0.0000000,0.0000000
0.3467729,1.0561610,1.1382821,0.9956114,0.0000000,0.0000000,0.0000000,0.0000000,0.0000000
0.0000000,1.1455134,1.1582501,0.0000000,0.0000000,0.0000000,0.0000000,0.0000000,0.5046550
0.3417876,1.5611389,1.1016454,0.9968427,1.2815285,0.8681317,0.0000000,0.0000000,0.0000000
0.0000000,1.2341320,1.0976826,0.9305727,0.5884870,0.0000000,0.0000000,0.0000000,0.0000000
0.0000000,1.2667215,0.6425217,0.9096303,0.7022912,0.0000000,0.0000000,0.0000000,0.0000000
0.0000000,1.3673251,0.8787290,0.8886283,0.7104975,0.0000000,0.0000000,0.0000000,0.0000000
0.0000000,1.2402444,1.1373590,0.8857973,0.0000000,0.0000000,0.0000000,0.8989551,0.4668509
0.3599114,1.1794687,0.8400073,0.9650947,0.7245304,0.0000000,0.0000000,0.0000000,0.0000000
0.3983378,1.2304266,1.1230807,1.6938134,1.8616258,0.0000000,0.0000000,0.9067386,0.0000000
0.0000000,1.5584102,0.8927166,0.0000000,0.0000000,0.0000000,0.0000000,0.0000000,0.0000000
0.4346546,0.6714274,0.2263725,0.0000000,0.0000000,0.0000000,0.0000000,0.0000000,1.0152665
0.3299980,1.5709587,1.3397772,0.9783504,0.5386487,0.0000000,0.0000000,0.0000000,0.0000000
0.0000000,1.4997581,1.5485027,0.8240023,1.3629540,1.0564656,0.0000000,0.9565017,0.8181159
0.0000000,1.5217046,1.3421917,0.9444897,1.2453149,0.7918625,0.0000000,1.9647684,0.0000000
0.0000000,1.6038599,1.2617123,0.7810037,1.9366755,1.0653574,0.0000000,0.9758644,0.0000000
0.0000000,1.5434273,1.6963371,0.9279665,1.7852855,0.0000000,0.0000000,0.9194511,0.0000000
0.0000000,1.0633319,0.9064787,0.0000000,1.8757684,0.0000000,0.0000000,0.0000000,0.0000000
0.3431785,1.7143874,1.3134147,0.7984094,1.8539348,0.0000000,0.0000000,0.8522557,0.0000000
0.0000000,1.5624856,1.1044530,0.9065022,1.1415785,1.0271954,0.0000000,0.9992238,0.0000000
0.0000000,1.5462662,1.6262956,0.8364724,0.7185031,0.0000000,0.0000000,0.9182417,0.0000000
1.5598996,1.7142208,1.2265645,0.0000000,1.8366443,0.0000000,0.0000000,0.0000000,0.0000000
0.0000000,1.5513578,1.4875607,0.9010533,1.2544754,0.0000000,0.0000000,1.0190238,0.0000000
0.3206881,1.7206200,1.6651233,0.9446992,1.8696870,1.0477791,0.0000000,0.9213530,0.0000000
0.3693405,1.5490303,1.8945389,0.0000000,1.9748388,0.9494261,0.0000000,1.0017358,0.0000000
0.4035857,1.7315474,1.4925477,0.9033595,1.1699461,1.0117213,0.0000000,0.8912927,0.0000000
0.0000000,1.5000975,1.1418162,1.7317933,1.1298208,0.7921394,0.0000000,0.7741820,0.0000000
0.0000000,1.1287688,1.1290356,0.8950477,0.0000000,0.0000000,0.0000000,0.9878137,0.0000000
0.3167365,1.3934683,1.2903764,1.0160013,0.7045877,0.9187580,0.0000000,0.8573523,0.0000000
0.3616054,1.4460435,1.0978267,0.0000000,1.2681477,0.9997991,0.0000000,0.8478432,0.0000000
0.3070199,1.4398311,1.4785121,0.0000000,1.2133160,1.1391187,0.0000000,0.0000000,0.0000000
0.0000000,1.3772795,0.8729452,0.8015302,1.3384776,1.0321518,0.0000000,0.0000000,0.0000000
0.6569013,1.5873095,1.0808016,0.8696828,1.8428935,0.8631009,0.0000000,0.0000000,0.0000000
0.0000000,1.3626283,1.2920415,0.0000000,1.8920449,0.9578463,0.0000000,0.0000000,0.0000000
0.3571541,1.5540553,1.3143455,0.8254799,1.8504825,1.0767360,0.0000000,0.8172263,0.0000000
0.0000000,1.3864846,1.1139781,0.8785232,1.8811205,1.0451251,0.0000000,0.0000000,0.0000000
0.3034605,1.6364131,1.2654569,0.9215633,1.2056749,0.8497682,0.0000000,0.8652885,0.0000000
1.4528684,1.2607454,1.3330085,0.0000000,1.1395803,1.0561123,0.0000000,0.9721929,0.0000000
0.3649504,1.6647288,1.3412586,0.8533802,1.9877671,0.0000000,0.0000000,0.9625069,0.0000000
0.3783770,1.6715460,0.9129293,0.9234384,1.2129306,1.8374174,0.0000000,0.8978931,0.0000000
0.3973773,1.6839024,1.2890293,0.8992395,1.3088721,0.9924278,0.0000000,0.8768127,0.0000000
1.3893713,1.5192261,1.0330870,0.7930911,0.6393319,0.0000000,0.0000000,0.8940812,0.0000000
1.6102167,1.2388927,0.8850685,1.7589482,0.6518225,0.0000000,0.0000000,0.8576545,0.0000000
0.6691598,1.6247028,1.2897569,0.9223748,1.2564910,0.7281309,0.0000000,0.9751010,0.0000000
0.3830069,1.5791728,1.0531903,0.8782158,1.2125839,0.0000000,0.0000000,0.9089244,0.0000000
0.3478988,1.3585350,0.7049306,0.0000000,1.1927681,0.0000000,0.0000000,0.9215127,0.0000000
0.3765741,1.8101913,1.5125247,0.8900490,1.8872155,0.0000000,0.0000000,0.9146698,0.0000000
0.3058958,1.3722396,1.2821248,0.9696004,0.6417228,1.9567169,0.0000000,0.0000000,0.0000000
0.0000000,1.4370936,1.0692268,0.9143640,0.7086599,0.8433121,0.0000000,0.9336596,0.0000000
0.3551993,1.0653378,1.1098949,0.9866192,0.0000000,0.9523865,0.0000000,0.8129124,0.0000000
0.3507805,1.1670741,0.7177547,0.0000000,0.6734229,0.0000000,0.0000000,0.9927006,0.0000000
0.3307108,1.5458808,1.1114967,0.8979313,1.2396833,0.8636516,0.0000000,0.9070365,0.0000000
0.3593899,1.7252288,1.5226256,0.9980304,1.2639592,0.0000000,0.0000000,0.0000000,0.0000000
0.7732627,1.5383948,1.5681613,1.7985564,1.2700297,1.8749719,0.0000000,0.0000000,0.0000000
0.3643559,1.5369354,0.9360885,0.9990138,1.1056453,1.9211752,0.0000000,0.9441659,0.0000000
0.3599007,1.6888165,1.3150437,0.9229144,1.8382200,0.7710911,0.0000000,0.8653141,0.0000000
0.0000000,1.5232258,1.6687393,0.9349443,1.8854200,0.8706808,0.0000000,0.9263771,0.0000000
0.3150568,1.8375527,1.3179389,0.9102606,1.8351754,1.1114694,0.0000000,0.8636864,0.0000000
0.3059074,1.4412867,1.2433364,0.9420456,0.6953156,0.8470250,0.0000000,0.9141521,0.0000000
0.3492950,1.5320376,1.1214435,0.9135651,1.1729158,0.7516842,0.0000000,0.0000000,0.0000000
0.0000000,1.6938402,1.4759591,0.9299365,1.8140460,0.9238381,0.0000000,0.0000000,0.0000000
0.0000000,1.8013474,1.4889341,0.9306781,1.1960081,0.9096026,0.0000000,0.9820829,0.0000000
0.0000000,1.2784278,0.4330981,0.0000000,0.0000000,0.0000000,0.0000000,0.0000000,0.0000000
0.2863462,1.5520767,1.0224863,0.9158586,1.2235959,0.7902906,0.0000000,0.0000000,0.9807638
0.0000000,1.7302001,0.8051912,0.9102010,0.6730567,0.7412030,0.0000000,0.0000000,0.8726122
0.0000000,1.5335885,1.0297273,0.8860230,1.2705206,1.1532052,0.0000000,0.0000000,0.0000000
0.3988127,1.7101056,0.9818051,0.0000000,0.6392096,0.8912508,0.0000000,0.0000000,0.0000000
0.3924798,1.8460974,1.0311113,0.9679712,1.3704618,0.9147814,0.0000000,0.8887090,0.0000000
0.0000000,1.6426781,0.7862186,0.8899209,0.6686116,0.0000000,0.0000000,0.0000000,0.0000000
0.4138098,1.5154987,0.7624533,0.0000000,0.6426707,0.9981149,0.0000000,0.0000000,0.0000000
0.3917932,1.5478608,0.8536823,0.0000000,0.6869497,0.0000000,0.0000000,0.0000000,0.0000000
0.0000000,1.4290417,0.9218165,0.0000000,1.2481745,1.0079255,0.0000000,0.0000000,0.0000000
0.4041440,1.4726332,0.7749350,0.8043184,1.3499811,0.9556934,0.0000000,0.0000000,0.0000000
0.3748486,1.5487921,0.6195654,0.0000000,1.3289662,0.0000000,0.0000000,0.0000000,0.0000000
0.3852250,1.7165297,1.4488557,0.8988097,0.6665350,0.0000000,0.0000000,0.0000000,0.0000000
0.4048238,1.7166420,1.3516124,0.6303834,1.8255134,0.0000000,0.0000000,0.0000000,0.7877190
0.0000000,1.2677530,1.1152588,0.0000000,1.4192637,0.0000000,0.0000000,0.0000000,0.8038925
0.3592205,1.6401176,0.9433308,0.9277255,1.2957141,0.0000000,0.0000000,0.0000000,0.0000000
1.0521552,1.6387445,1.1758000,0.0000000,1.9385693,1.0624730,0.0000000,0.0000000,0.3783961
0.0000000,1.5288997,0.5614099,0.7643014,0.5176374,0.0000000,0.0000000,0.0000000,0.7051326
0.4027258,1.2608430,0.4334061,0.0000000,0.6897871,0.0000000,0.0000000,0.0000000,0.0000000
0.0000000,1.6708600,0.5604104,0.7209154,0.5914358,0.0000000,0.0000000,0.0000000,0.0000000
0.3475531,1.4475563,0.6797620,0.0000000,1.7737128,0.0000000,0.0000000,0.0000000,0.0000000
0.0000000,1.5569732,1.0353177,0.0000000,0.6576249,0.0000000,0.0000000,0.7154201,0.0000000
0.3809615,1.5840082,0.4034294,0.6724637,1.3274371,0.0000000,0.0000000,0.0000000,0.0000000
0.4028922,1.4958326,0.8694026,0.8742574,0.6805633,0.0000000,0.0000000,0.0000000,0.4623450
0.4087811,1.8457880,0.8218712,0.0000000,0.6630757,1.1325820,0.0000000,0.8097675,0.7694939
0.3847212,1.3817784,1.2691266,0.5987074,1.3764470,0.0000000,0.0000000,0.0000000,0.0000000
0.3179193,1.6093215,1.4709867,0.0000000,0.6980818,0.0000000,0.0000000,0.9023467,0.0000000
0.0000000,1.0888702,0.7027636,0.9700545,0.0000000,0.9788581,0.0000000,0.0000000,0.6098160
0.3885343,1.1238269,1.6356030,1.8686546,0.0000000,2.2271745,0.0000000,0.8686469,0.0000000
0.3440011,1.1139312,1.4102241,0.9458451,0.0000000,0.9138570,0.5362368,0.0000000,0.0000000
0.8315088,0.4317664,1.1571301,0.9698558,0.0000000,2.1900065,0.0000000,0.0000000,0.0000000
0.0000000,0.6187925,1.3701430,0.9582741,0.6334176,1.8608259,0.0000000,0.0000000,0.4150663
0.0000000,1.4609555,1.1540689,0.0000000,0.6269023,0.0000000,0.0000000,0.0000000,0.0000000
0.0000000,1.5761846,1.3642395,0.0000000,0.0000000,1.9200596,0.0000000,0.9593545,0.8984554
0.0000000,1.2167560,1.1740986,0.8385984,0.0000000,0.0000000,0.0000000,1.9272851,0.5147325
0.3466861,1.0450873,1.5431326,0.9070557,0.5721952,1.0405381,0.7218750,0.0000000,0.0000000
0.3796411,1.2987889,1.3655998,0.9342518,0.4823661,0.0000000,0.0000000,0.0000000,0.0000000
0.3880552,1.1360868,1.3689811,1.0017160,0.6135227,0.9519792,0.0000000,0.0000000,0.9165159
0.0000000,1.2464504,1.4103474,0.0000000,0.0000000,0.0000000,0.0000000,0.0000000,0.0000000
0.0000000,1.3609526,1.3329664,0.9253331,1.7592286,0.0000000,0.0000000,0.0000000,0.0000000
0.3799267,1.1034370,1.6097464,1.8745260,0.6174178,0.9386834,0.0000000,0.0000000,0.3955455
0.4722986,1.1672056,0.7147513,0.0000000,0.5309137,1.0084590,0.0000000,0.0000000,0.0000000
0.4317991,1.2425090,1.4117555,0.7685323,1.1468475,0.9279878,0.0000000,0.9013607,0.0000000
0.0000000,0.9912543,1.3425417,0.0000000,0.0000000,1.0692916,0.0000000,0.0000000,0.0000000
0.4391685,1.0099709,1.4163338,0.0000000,0.0000000,0.9793760,0.0000000,0.0000000,0.0000000
0.0000000,1.5105071,1.3930026,0.9656659,0.5790762,0.8797401,0.0000000,1.0074774,0.0000000
0.0000000,1.7121667,1.3540121,0.9283159,0.5364449,1.0671855,0.7053960,0.0000000,0.0000000
0.3461495,0.8793582,1.3907108,0.0000000,0.0000000,0.9987962,0.0000000,1.0301243,0.4322975
0.3270976,1.1007961,1.6345136,0.8963927,0.0000000,0.9762787,0.0000000,1.8799596,0.4783116
0.3804228,1.5185176,1.5745573,1.0004197,0.6185877,1.8361373,0.0000000,0.8443607,0.5248617
0.3896160,1.2118090,0.9304021,0.0000000,0.0000000,0.0000000,0.0000000,1.0585889,0.0000000
0.0000000,1.1351999,1.1169436,0.0000000,0.6329508,0.0000000,0.0000000,0.0000000,0.0000000
0.4053844,2.0566470,1.1781175,0.8979804,1.2738801,0.0000000,0.0000000,0.0000000,0.0000000
0.0000000,1.4832608,1.3917716,0.0000000,0.5216613,1.0507875,0.0000000,0.8671322,0.5311455
0.3736453,1.1125304,1.3600542,0.0000000,0.0000000,0.8757167,0.0000000,0.9992595,0.0000000
0.0000000,1.5272458,1.3557280,0.9513981,0.5575822,1.0486386,0.0000000,0.0000000,0.0000000
0.0000000,1.1866371,0.6443981,0.0000000,0.6860904,2.1177597,0.0000000,0.0000000,0.0000000
0.3731854,1.5212029,1.1232157,0.7982710,0.6653685,0.0000000,0.0000000,0.0000000,0.0000000
0.0000000,1.3507160,1.1813506,1.0133333,1.2468258,0.0000000,0.0000000,0.0000000,0.0000000
0.0000000,0.5361491,1.1992634,0.0000000,0.0000000,0.9951817,0.0000000,0.0000000,0.0000000
0.3798083,1.3173162,1.3299972,0.0000000,0.5774409,0.0000000,0.0000000,0.0000000,0.0000000
0.7369838,1.4294173,1.4338751,1.0157958,1.2268031,0.9512364,0.0000000,0.0000000,0.0000000
0.0000000,0.7212938,1.3760015,0.9841519,0.5741331,0.0000000,0.0000000,0.0000000,0.0000000
0.3862042,1.0648584,0.9696316,0.0000000,0.6070080,0.0000000,0.0000000,0.0000000,0.0000000
0.4417123,1.1955140,1.6550268,0.7046219,0.0000000,1.0148003,0.0000000,0.0000000,0.0000000
0.4599881,1.5600352,1.3684745,0.0000000,0.5776762,0.9950065,0.0000000,0.0000000,0.0000000
1.2046492,0.5368549,1.6093514,0.9745374,0.0000000,2.3009173,0.0000000,0.0000000,0.0000000
0.3738895,1.5483265,1.5909115,1.8687148,1.1540145,0.9777124,0.0000000,0.8774525,0.0000000
0.4354343,0.6579368,1.1944288,0.0000000,0.0000000,0.0000000,0.0000000,0.0000000,0.0000000
0.0000000,0.6465407,0.5078792,0.0000000,0.0000000,0.0000000,0.0000000,0.0000000,0.0000000
0.3863687,1.0509955,0.6916721,0.0000000,0.0000000,0.0000000,0.0000000,0.0000000,0.0000000
0.0000000,0.6454696,1.1525756,1.0057595,0.0000000,0.0000000,0.0000000,0.0000000,0.0000000
0.0000000,1.5162814,1.5912475,0.9272981,0.5642850,0.0000000,0.0000000,0.0000000,0.0000000
0.3894091,1.3255100,0.9216189,0.0000000,1.2433428,0.9820814,0.0000000,0.0000000,0.0000000
0.3699117,1.5181925,0.9236714,0.9158797,0.6559928,0.0000000,0.0000000,0.0000000,0.0000000
0.3984390,1.3679185,1.2213393,0.9092178,1.2287686,1.0377890,0.0000000,0.0000000,0.4024800
0.3828737,1.5698962,1.8158848,0.9744303,0.0000000,1.0036115,0.0000000,0.8982796,0.4441460
0.0000000,1.5963279,1.5909491,1.0011846,1.0770534,1.0940135,0.0000000,1.6909675,0.4404824
0.4118841,1.4881302,1.2156343,1.8804518,0.5494795,0.0000000,0.0000000,0.0000000,0.7810926
0.3616314,1.2809049,1.1723717,1.0134003,0.5871208,0.9447873,0.0000000,0.0000000,0.5210017
0.7437315,0.8327338,1.4420104,2.1423450,0.0000000,1.0326617,1.2640219,0.9081546,0.0000000
2.3187932,0.9019847,1.1858845,0.9949620,0.6854937,1.8448147,0.6120358,0.9851281,1.4496012
0.0000000,0.6337612,1.2080837,1.0650612,0.0000000,0.9639060,0.0000000,0.0000000,0.5337758
0.0000000,1.7885320,0.9152047,0.7916703,1.2035626,0.0000000,0.0000000,0.0000000,0.0000000
0.0000000,1.3982814,0.9083041,0.0000000,0.0000000,0.0000000,0.0000000,0.0000000,0.4105644
0.0000000,1.3059636,1.0878711,0.8051790,1.0695085,0.0000000,0.0000000,0.0000000,0.0000000
0.0000000,1.6364953,0.8547272,0.8453954,1.2623922,0.0000000,0.0000000,0.0000000,0.0000000
0.0000000,1.0177215,1.3386570,0.0000000,0.0000000,0.0000000,0.0000000,0.0000000,0.0000000
0.0000000,1.6414334,0.7812384,0.0000000,0.6704953,0.0000000,0.0000000,0.0000000,0.0000000
0.3912706,1.0900403,0.8424349,0.9276296,0.6363976,0.0000000,0.0000000,0.0000000,0.0000000
0.3808104,1.1450139,1.3402586,0.0000000,0.5609984,0.0000000,0.0000000,0.8797541,0.0000000
0.0000000,0.9769742,0.6503119,0.8719546,0.6768960,0.0000000,0.0000000,0.0000000,0.0000000
0.7798260,1.1062237,1.3513321,0.0000000,0.0000000,0.0000000,0.0000000,0.0000000,0.0000000
0.0000000,1.5754614,1.5562054,1.0036756,1.7556353,0.9055633,0.0000000,0.0000000,0.4059471
0.0000000,1.6315474,1.3581667,0.9868218,1.7114858,0.9126950,0.0000000,0.8664472,0.3424389
0.3551541,1.4318234,1.3779441,1.8377250,1.2136462,0.8600210,0.0000000,0.0000000,0.0000000
0.3359653,1.5571919,1.3742412,1.8302597,1.1931078,0.9195513,0.0000000,0.0000000,0.0000000
0.0000000,1.1894274,1.3383223,0.9720350,0.0000000,0.9118587,0.0000000,0.0000000,0.5604567
0.3203753,1.4915358,0.8991538,0.9059394,0.5771367,0.8933113,0.0000000,0.0000000,0.0000000
0.3191339,1.2982748,1.2546021,0.9604450,0.0000000,0.9003502,0.0000000,0.0000000,0.8531778
0.0000000,1.2366664,1.3584780,0.9365605,0.6155802,0.0000000,0.0000000,0.0000000,0.5682636
0.0000000,1.4206665,1.7730633,0.9075669,0.0000000,0.9516460,0.0000000,0.8700436,0.0000000
0.4354034,1.4615886,1.5982967,0.0000000,0.6484772,0.0000000,0.0000000,0.0000000,1.0041156
0.3127484,1.2212543,1.2728226,0.9194351,1.2914799,0.8910168,0.0000000,0.0000000,0.5121647
0.3791087,1.4443169,1.3397040,0.9454599,0.6135359,0.8673481,0.0000000,0.0000000,0.0000000
0.3882198,1.3804726,1.5211700,0.9813280,0.5928476,2.0960195,0.0000000,0.0000000,0.5597827
0.3737818,1.5941207,1.5416209,0.8957037,1.2125629,0.0000000,0.0000000,0.0000000,0.0000000
0.0000000,1.1672408,0.7228260,0.0000000,0.0000000,1.9381629,0.0000000,0.0000000,0.0000000
0.0000000,1.5601979,1.6467356,1.9972373,1.8620055,1.0199634,0.0000000,0.9660800,0.0000000
0.0000000,1.4617985,1.4006019,1.9705547,0.0000000,0.8946604,0.0000000,0.9630044,0.3905139
0.0000000,1.5797454,1.5410739,0.9442519,1.2276782,1.8202259,0.0000000,0.0000000,0.9453310
0.3809693,1.5409262,1.3871930,0.9849855,0.0000000,1.0959589,0.0000000,0.9494773,0.0000000
0.0000000,1.6118164,1.1392562,0.8960462,0.0000000,1.0721069,0.0000000,0.8501537,0.9561494
0.9504718,1.8051756,1.3354746,1.9433493,0.6090521,2.2639499,0.0000000,1.0156069,0.9832545
0.0000000,1.5586287,1.1895987,0.9578710,1.8237522,0.9044277,0.0000000,0.0000000,0.9642067
0.4324850,1.7572966,1.4081683,0.9197671,1.2919248,0.0000000,0.0000000,0.0000000,0.4967000
0.3713840,1.3429672,1.5368796,0.9650405,0.5251544,1.0129002,0.0000000,0.8020424,0.9748459
0.3626472,1.9550044,1.5914171,1.8322721,1.7208221,1.9466996,0.0000000,0.0000000,1.4375205
0.3649930,1.6157904,1.7487164,0.9568268,0.5951630,0.0000000,0.0000000,0.0000000,1.0518396
0.3698136,1.6394416,1.5282907,0.8672070,0.4299836,1.9663546,0.0000000,2.1721516,1.4690324
1.1165425,1.6868815,1.5526386,0.7742343,1.0515229,2.0143749,0.0000000,0.0000000,0.8380327
0.3671805,1.7657188,1.5656714,0.9575105,1.8193489,0.9326870,0.0000000,1.7705139,0.4917454
0.3857546,1.6970923,1.9904552,1.7232456,1.0562765,2.0821211,0.0000000,1.0131690,0.9988797
1.3882314,1.7092232,1.3105882,0.0000000,1.1597671,0.8239733,0.0000000,0.6985639,0.9522023
0.3346137,1.4541876,1.5136820,0.8107100,1.5984593,1.0617818,0.0000000,0.0000000,0.0000000
0.0000000,1.7348436,1.3665370,0.7732343,1.6549922,1.0436342,0.0000000,0.0000000,0.0000000
0.3562863,1.9710163,1.7605006,0.8421686,1.6673188,0.8478004,0.0000000,0.0000000,0.8827031
0.3240377,1.3046495,1.3722821,1.7192721,1.0062705,1.8890423,0.0000000,0.7649141,0.5086640
0.3763907,1.7380653,1.7925696,1.5780285,0.9472560,0.9392747,0.0000000,0.0000000,0.4187163
0.7549190,1.4145986,1.5442506,1.7986979,1.1899260,2.1184307,1.4670032,0.9679386,1.5991188
0.3602853,1.8314516,1.7211250,0.8841447,1.1451970,1.9094731,0.0000000,0.0000000,0.3729032
0.3415904,1.9486984,1.5515697,0.7986657,0.5025212,1.9776473,0.0000000,0.9455551,0.4836406
0.7404308,1.7386387,1.7336212,1.8476621,1.2116174,1.9107871,0.5961232,2.0632428,1.4017547
0.3827490,1.9143960,1.3014995,0.7971359,1.2158815,0.9878832,0.0000000,0.0000000,0.9099466
0.7522931,1.9370017,1.3694077,0.0000000,1.8394181,2.1236049,0.4227027,1.0379145,1.0350279
0.3458277,1.6643339,1.5290988,0.8491178,0.5086493,0.0000000,0.0000000,0.0000000,0.0000000
0.0000000,1.5440588,1.4071845,1.7929971,0.0000000,0.9020693,0.0000000,0.9211186,0.4668412
0.0000000,1.7512341,1.5173589,0.9705090,1.2099704,1.7701541,0.0000000,0.8050878,0.9866916
0.0000000,1.0315061,1.3393615,0.9679310,1.2287022,2.0383835,0.0000000,0.9009070,1.4771836
0.3560074,1.5730948,1.5785262,0.0000000,1.0837252,1.0281580,0.0000000,1.9496527,0.8710884
0.3561823,1.3744044,1.1428326,0.7976157,0.6163559,1.0984514,0.0000000,0.0000000,1.0293034
1.5946057,1.9673460,1.5723814,0.9377697,1.7707920,2.0519867,0.0000000,0.9179554,0.8778748
0.0000000,1.4726908,1.1415203,1.7143142,0.0000000,0.0000000,0.0000000,1.6982422,0.9851096
0.3502065,1.8553692,1.2678035,0.0000000,0.6568044,0.9646861,0.0000000,1.6177675,1.1065107
0.3505317,1.6469267,1.7387032,1.8895978,0.5332259,0.0000000,0.0000000,0.8317130,0.0000000
0.0000000,1.4483514,1.3046224,0.7151220,1.0898721,0.9075097,0.5550335,0.0000000,0.3189087
0.3797366,1.5400009,1.7349618,0.8786799,0.5984606,0.0000000,0.0000000,0.8160852,0.5645425
0.3157404,1.4304914,1.1079626,0.0000000,0.0000000,0.0000000,0.0000000,0.0000000,1.3729337
1.0826288,1.8213256,1.7268634,1.7779807,1.7239698,2.0841243,0.0000000,0.0000000,0.3899904
0.3712827,1.5262614,1.4015996,0.7267751,0.0000000,0.9487338,0.0000000,2.0337176,0.8885556
0.3643050,1.6491812,1.4876119,0.8588980,1.8854589,0.8868807,0.0000000,0.0000000,0.0000000
0.4034037,1.6512740,1.3744612,1.6290965,1.0940668,0.9529370,0.0000000,0.9337180,0.0000000
0.3686781,1.8777591,1.5770466,0.8849920,1.7681021,0.8776260,0.0000000,0.8228945,1.2970757
0.3817315,1.4834198,1.3781328,1.8761723,0.0000000,0.9465740,0.0000000,0.0000000,0.5031186
0.9808171,1.9861332,1.7491943,0.8257636,1.6286310,0.8855515,0.0000000,0.0000000,0.9949415
0.3524878,1.7046123,1.3694527,0.0000000,0.6134698,0.9647709,0.0000000,0.8799572,0.0000000
1.5102478,1.8524481,1.5546904,1.8423342,1.2539585,0.0000000,0.5974089,0.0000000,0.9622030
0.6776203,2.0621848,1.6747368,1.8008859,1.2697654,0.0000000,0.0000000,0.8513911,0.4326741
0.3809233,1.4568025,1.5876439,0.9179677,1.7658548,0.8854088,0.0000000,0.8249808,0.5156127
0.3403512,1.4442690,1.5741565,0.8711709,0.0000000,1.0084452,0.0000000,0.0000000,0.0000000
0.0000000,1.1972546,1.5122511,0.0000000,0.5373297,0.9505833,0.0000000,1.8345222,1.4136674
0.3729982,1.7551194,1.5634912,0.7412408,1.8148152,0.9024235,0.0000000,1.8073358,0.7413815
1.7024172,1.5116062,1.3614149,0.8179158,1.2157633,0.0000000,0.0000000,1.8995468,0.4895399
0.3760507,1.5299353,1.7544852,0.7479367,1.8081786,0.9418705,0.0000000,0.8072477,1.2412910
0.3698463,1.6013878,1.9594772,0.9173173,1.5870565,0.8434255,0.0000000,0.0000000,0.4239430
0.3665957,1.7587435,1.7691897,1.6517881,1.7038063,0.9484251,0.0000000,1.5872005,0.4154866
0.6646770,1.7085577,1.7487129,0.8944774,1.7354945,1.7307008,0.0000000,0.8418223,0.0000000
0.0000000,1.7320488,1.1349732,0.0000000,0.0000000,0.0000000,0.0000000,0.0000000,1.5385146
0.0000000,1.2643108,1.4018981,0.0000000,0.0000000,0.9494031,0.0000000,0.0000000,1.0759258
0.3067479,1.4561828,1.6673080,0.0000000,1.6267160,0.9138701,0.0000000,0.7745738,0.3736160
0.9377195,1.4727567,1.8802605,0.8831603,0.8706366,1.9530745,0.0000000,0.9131753,0.3315245
0.3544041,1.8308497,1.5262102,0.8856616,1.7590593,0.8769586,0.0000000,1.7679505,0.3894977
0.3485030,1.7422226,1.7308749,0.8385863,1.7199601,0.9458370,0.0000000,1.6687266,0.0000000
1.4622988,1.4489338,1.4505430,1.7530980,1.7571573,1.9928692,0.0000000,0.0000000,1.4454289
0.3489467,1.6273534,1.6739539,0.7453382,1.2812127,0.9303442,0.0000000,0.0000000,0.7634474
0.7012608,1.8249541,1.5475314,1.8267587,0.5254967,0.0000000,0.6212604,1.7276467,0.9356009
0.3751750,1.5619675,1.8562400,0.0000000,1.7732296,0.9385325,0.0000000,0.0000000,0.9506596
0.3708219,1.3105676,1.8186238,0.9585859,1.1478977,1.0164627,0.0000000,0.8847435,0.0000000
0.3926238,1.6053982,1.5841238,0.7453021,1.1315308,0.9190409,0.0000000,0.6921745,0.0000000
0.3590610,1.6441278,1.3138800,0.9321738,1.7236786,0.7100135,0.0000000,0.8626257,0.0000000
0.3582161,1.1500594,1.3469340,0.0000000,0.0000000,0.9464294,0.0000000,2.0546160,0.4571128
0.3742745,1.5635837,1.3551923,0.8257636,1.2859973,0.8511144,0.0000000,0.0000000,0.0000000
1.0737433,1.7167354,1.5315183,1.5513214,1.1712260,0.9557236,0.0000000,1.8435693,0.4365306
0.3471968,1.0064571,0.8340023,0.0000000,0.5420521,0.9286845,0.0000000,0.0000000,0.0000000
0.3396092,1.4361837,1.1281472,0.0000000,1.1266670,0.9182417,0.0000000,0.0000000,0.0000000
0.3682716,1.5628057,1.4583682,0.7663276,1.1481477,0.0000000,0.0000000,0.0000000,1.3221451
0.0000000,1.1064167,0.9308878,0.0000000,0.0000000,0.0000000,0.0000000,0.0000000,0.0000000
0.0000000,1.2425093,1.5760687,0.8638343,0.0000000,1.0268439,0.0000000,0.9293498,0.9607546
0.0000000,1.4154541,1.3465742,0.0000000,0.6520981,0.0000000,0.0000000,0.0000000,0.0000000
0.3789095,1.6446649,1.5431766,0.9305386,0.5269762,1.9175679,0.0000000,1.6975103,1.3961130
0.0000000,1.4196328,0.9000243,0.0000000,0.0000000,0.0000000,0.0000000,0.0000000,0.4669677
0.0000000,1.6088180,1.8247132,0.8556392,1.8068145,1.6283529,0.0000000,0.9574450,0.0000000
0.3564188,1.5417236,1.3297642,0.0000000,0.6168765,0.9676696,0.0000000,0.9372048,0.0000000
0.3600958,1.1813105,0.9358657,0.0000000,0.0000000,0.0000000,0.0000000,0.0000000,0.0000000
0.0000000,1.1205224,1.3947973,0.0000000,0.0000000,1.0063741,0.0000000,0.0000000,0.4721979
0.6996294,1.1241903,1.5684663,0.0000000,0.5770858,2.1016606,0.0000000,2.1556550,0.8924737
0.0000000,0.9094921,1.1992205,0.0000000,0.7051227,1.8125749,0.0000000,2.0606101,0.5231076
0.4061302,1.7380037,1.1173838,0.0000000,1.2366590,1.1868980,0.0000000,0.0000000,1.1239509
0.3586928,1.8346447,1.5172845,0.9650586,0.6190178,0.9465820,0.0000000,1.9109388,0.9487008
0.0000000,1.5002983,1.1378871,0.0000000,0.0000000,2.1252500,0.0000000,0.0000000,1.0998678
0.3782947,1.6069741,1.3718029,0.0000000,1.3060359,1.8878796,0.0000000,0.0000000,0.9880825
0.0000000,1.3382438,0.8898565,0.0000000,0.0000000,0.0000000,0.0000000,0.0000000,0.9628477
0.3876640,1.6082135,1.8118532,0.9813790,0.5186824,0.8900124,0.0000000,0.0000000,1.0738975
0.0000000,1.3180579,1.5666933,1.7932982,1.1798871,0.0000000,0.0000000,0.8613256,0.4204397
0.3717150,1.1256052,1.1700080,0.9292596,0.5985881,0.8120116,0.0000000,0.0000000,0.9463495
0.7512784,1.9528985,1.1085601,0.9631059,0.5930687,0.0000000,0.0000000,0.0000000,0.9099875
0.4113990,1.5337363,0.7269320,0.0000000,0.0000000,1.7514673,0.0000000,0.0000000,1.1952502
0.3672362,1.4638110,1.1490841,1.0767231,0.5182801,0.9875319,0.0000000,0.9571480,1.1335109
0.3408658,1.2213283,0.9663038,0.9554909,0.0000000,1.6897808,0.0000000,0.9700675,0.4355342
0.3703560,1.2711901,1.4031768,0.9949497,0.0000000,0.0000000,0.0000000,0.0000000,1.0645728
0.3818338,1.0694853,1.1855250,0.0000000,0.0000000,0.9897502,0.0000000,0.0000000,1.0868874
0.0000000,1.2895506,1.5548011,1.0203132,0.0000000,0.9441076,0.0000000,0.9305795,0.0000000
0.3575887,1.1330089,1.5739205,1.9400793,1.1304960,0.0000000,0.0000000,0.0000000,0.0000000
0.3398780,1.9355344,1.7198199,0.9215555,1.7347802,0.7595203,0.0000000,0.0000000,1.0831934
0.8720004,1.7768978,1.8131603,1.9062703,1.2322085,2.1999273,0.0000000,0.0000000,0.0000000
0.0000000,1.2591102,1.3466929,0.8924093,0.6009106,1.0848685,0.0000000,0.8127962,0.0000000
0.3954033,1.6579845,1.5185302,0.8794236,0.6258331,1.0350301,0.0000000,0.0000000,0.9787767
1.1179833,1.6175133,1.5416175,0.0000000,0.5692315,2.0193482,0.0000000,2.0052180,0.9378196
0.3166852,1.4533996,1.3824862,1.8738946,0.0000000,1.0001165,0.0000000,0.8190933,0.9878592
0.0000000,1.3981215,1.5468896,0.9394150,0.0000000,0.9787194,0.0000000,0.0000000,1.0392193
0.3701303,1.6628183,1.2688316,0.8135897,1.1320437,1.9980460,0.0000000,0.9205765,0.5121422
0.3146872,1.5323025,1.3777255,0.9166524,0.0000000,1.9626808,0.0000000,0.9728915,0.9760173
0.3535520,1.6753190,0.9404818,0.0000000,0.6447157,1.0838863,0.0000000,0.0000000,1.0778437
0.3459376,1.4141614,1.7552292,0.0000000,0.0000000,0.0000000,0.0000000,0.8846057,0.9331670
0.3831816,1.4632973,1.6000962,0.9597354,0.6380835,2.2233989,0.0000000,1.0730529,0.0000000
0.3765857,1.4555457,1.3797322,1.8125133,0.0000000,1.0638852,0.0000000,0.0000000,0.0000000
0.0000000,1.2213269,1.3495666,0.9479999,0.0000000,1.0587231,0.0000000,0.0000000,0.5380124
0.0000000,1.3127422,1.1274194,0.0000000,0.5411507,1.1222395,0.0000000,0.0000000,0.0000000
0.3478860,1.5605413,1.7330083,0.9689394,1.2713946,0.9391880,0.0000000,0.0000000,1.4450996
0.3699754,1.6324024,1.7142222,1.8845656,0.6483027,2.0146973,0.0000000,0.7857610,0.3692218
0.8019366,1.6177559,1.3359592,0.9120151,0.5570254,1.0342599,0.0000000,0.0000000,1.0801155
0.3416378,1.3382624,1.2938119,0.7552834,0.5888761,0.0000000,0.0000000,0.0000000,0.0000000
0.4004787,1.7321056,1.5388192,0.9035765,1.1898699,2.0444433,0.0000000,1.0414637,1.0987198
0.3655132,1.7071569,1.7370568,0.9607744,0.6364370,1.9842242,0.0000000,0.7584015,0.3806924
0.3465789,1.5718561,1.3187900,0.0000000,1.6084839,0.9654009,0.0000000,0.9188875,0.9274373
0.3806584,1.7864887,1.7236177,0.9436002,1.8499811,2.1116289,0.0000000,0.0000000,0.0000000
0.3650815,1.7151905,1.7344595,0.9358218,0.6029253,1.0095484,0.0000000,0.0000000,0.9168361
0.7016629,1.6917311,1.5394456,1.0105561,1.2003513,2.1775346,0.0000000,0.7200211,0.9762241
0.0000000,1.9768818,1.3586773,0.9734579,0.6588677,0.9143078,0.0000000,0.0000000,0.0000000
0.3705320,1.8450248,1.5617983,0.9004503,1.8891855,0.9638058,0.0000000,1.9436352,0.0000000
0.3489838,1.7425264,1.3742268,0.9200022,1.1742054,1.6388878,0.0000000,0.0000000,0.0000000
0.7510539,1.8274432,1.3163970,0.7809310,0.5447860,0.0000000,0.0000000,0.0000000,0.0000000
0.3237688,1.8256729,1.5308265,0.9483028,1.1954606,0.9426985,0.0000000,0.0000000,0.0000000
0.3330305,1.6609253,1.5826618,0.9944068,0.0000000,1.0003994,0.0000000,0.0000000,0.0000000
0.0000000,1.6683368,1.5321281,0.9695200,0.6164699,0.0000000,0.0000000,0.0000000,0.4127683
0.3362908,1.7184674,0.9339655,0.9444069,0.6293921,0.9698911,0.0000000,0.9091388,0.9710000
1.2307282,1.8846215,1.1059949,1.6440531,1.7736394,0.9669275,0.0000000,0.8628725,0.4185630
0.0000000,1.2601110,1.1715104,0.8389232,0.0000000,0.0000000,0.0000000,0.0000000,1.1456383
0.0000000,1.5177214,1.7449415,0.9254838,1.0656404,0.9907528,0.0000000,0.0000000,0.0000000
1.1468436,1.5874755,0.6344901,0.9463945,0.6233811,0.0000000,0.0000000,0.0000000,1.0012499
1.1199406,1.6508774,1.3449683,1.9047222,0.5758142,0.9710699,0.0000000,0.0000000,1.0344004
1.1160561,1.8606487,1.9861995,0.9827985,1.9552335,2.0076958,0.0000000,0.0000000,0.9446103
0.3533310,1.5369945,1.3620870,0.9665797,1.1682507,0.9786662,0.0000000,0.0000000,0.0000000
0.3938931,1.3466742,1.3149060,1.9227784,0.0000000,0.9340356,0.0000000,0.0000000,0.0000000
0.3847710,1.3172911,1.2727818,0.9160273,0.6253608,0.7939698,0.0000000,1.9637739,0.0000000
0.3445984,1.9123670,1.5909250,1.8928570,1.1314332,0.8302666,0.0000000,0.0000000,0.4976917
0.0000000,1.5374337,1.5482884,0.9871139,0.0000000,0.0000000,0.0000000,0.8206774,0.0000000
0.0000000,1.6408957,1.5656677,0.0000000,1.0242031,0.8780221,0.0000000,0.0000000,0.0000000
0.0000000,0.9001147,1.3847913,0.0000000,0.0000000,0.0000000,0.0000000,0.0000000,0.0000000
0.0000000,1.2300398,1.0277736,1.9379915,1.2106700,0.9728915,0.0000000,0.0000000,0.0000000
0.3570132,1.2418015,1.7529440,1.9490005,0.6466956,0.9497556,0.0000000,0.0000000,0.9900573
0.3434663,0.9894421,1.5593182,0.0000000,1.2761216,0.0000000,0.0000000,0.0000000,0.0000000
0.0000000,1.6174479,1.5504376,0.9969337,0.0000000,1.9583991,0.0000000,0.0000000,0.5564615
0.3762330,0.8235319,1.1670371,0.9393045,0.0000000,0.9597964,0.0000000,0.8347953,0.5486150
1.1732313,1.2830704,1.7303348,0.9973973,0.7033560,0.0000000,0.0000000,0.0000000,0.5352840
0.0000000,1.1296216,1.5350704,1.0459215,0.5697507,1.1101306,0.0000000,0.0000000,0.5985753
0.3903951,1.3355397,1.5309513,0.0000000,1.2261739,1.6752241,0.0000000,0.9361202,0.0000000
0.3998442,0.9287117,1.7915644,0.9781227,0.0000000,0.9918355,0.0000000,0.0000000,0.3956207
0.3477636,1.2373679,1.1686093,0.9790574,0.5637588,0.9684543,0.0000000,0.0000000,0.0000000
0.6931176,1.2802315,1.3875852,1.8977499,0.4746577,0.9434966,0.0000000,0.0000000,0.5206984
0.0000000,1.6148725,1.3351139,0.9687542,0.5650070,0.9348964,0.0000000,0.0000000,0.0000000
0.3672689,1.1357570,1.1681258,1.9840781,0.0000000,0.9435162,0.0000000,0.0000000,0.5257843
0.4088677,1.2104229,0.9422667,0.0000000,1.2545594,0.9936962,0.0000000,0.0000000,0.0000000
0.3884870,1.5794855,1.0814958,0.9894150,1.8022103,0.9681320,0.0000000,0.0000000,0.0000000
0.3339889,1.0766152,1.1679079,0.8766300,0.0000000,0.9826109,0.0000000,0.0000000,0.0000000
1.8041144,1.1961688,1.1826296,1.9617685,0.5991310,1.0496815,0.0000000,0.0000000,0.5701922
0.3604213,1.1493098,1.5110515,1.9136492,0.0000000,1.0314790,0.0000000,0.0000000,0.9978182
0.3811554,1.5753984,0.8421620,0.8973562,0.0000000,1.8907880,0.0000000,0.0000000,0.0000000
0.3794448,1.2222916,1.0691966,0.9141694,0.6410101,1.0352201,0.0000000,0.0000000,0.0000000
0.0000000,1.2171814,0.9506903,1.0158123,0.6002440,0.9560295,0.0000000,0.0000000,0.0000000
0.0000000,0.9169008,0.9294813,0.9629089,0.0000000,1.0129605,0.0000000,0.0000000,0.0000000
0.0000000,1.4387231,1.1971673,1.0259511,0.6599618,0.9440715,0.0000000,0.0000000,0.0000000
0.0000000,1.4013355,1.1854325,1.0066023,0.0000000,2.1479903,0.6496559,0.0000000,0.0000000
0.6532364,1.6215262,1.5820277,0.9771985,0.5854246,0.8688097,0.0000000,0.0000000,0.0000000
0.3142493,1.3176746,1.3930995,0.9884394,0.0000000,0.0000000,0.0000000,0.0000000,0.0000000
0.3461937,1.3693567,1.5475304,0.9863347,0.0000000,0.0000000,0.6234342,0.8688829,0.0000000
0.3645025,1.7460611,1.3368202,0.9503893,1.1495249,1.7731838,0.0000000,0.0000000,0.4912402
0.0000000,1.1319016,1.1601246,0.9867992,0.0000000,0.8718454,0.0000000,0.0000000,0.9413595
0.3693148,1.1648181,1.5450499,0.9548135,0.0000000,0.9669938,0.0000000,0.9618516,0.0000000
0.0000000,1.3401591,1.5893464,0.9140308,0.0000000,0.8618536,0.0000000,0.0000000,0.0000000
0.0000000,1.4547740,1.2171267,0.8441813,0.6083600,0.0000000,0.0000000,0.0000000,0.0000000
0.6565112,1.8001438,1.3152690,0.9530533,0.5519531,0.0000000,0.0000000,0.0000000,0.0000000
0.3893888,1.1811431,1.1476519,0.9992618,1.1178572,2.1803987,0.0000000,0.0000000,1.1056168
0.4292772,1.0521214,1.1780699,0.9677504,0.0000000,1.0478677,0.0000000,2.0978866,0.4376801
0.3804517,1.4433728,1.3459670,0.9246158,0.0000000,0.0000000,0.0000000,1.8665753,0.0000000
0.0000000,1.2850028,1.5823141,0.9510369,0.0000000,0.0000000,0.0000000,0.9497709,0.0000000
0.0000000,1.4914720,1.6842931,0.9812877,1.6788385,0.8228651,0.0000000,0.0000000,0.0000000
0.3589337,1.3587056,1.5997029,0.0000000,0.6088742,1.0056252,1.3529159,2.2475540,1.2807849
0.7055258,1.3545710,1.3573837,0.9409738,0.5181117,0.9959213,0.0000000,0.8402682,0.0000000
0.0000000,1.2486723,1.0775482,0.0000000,0.0000000,0.0000000,0.0000000,0.0000000,0.5057668
0.0000000,1.6381949,1.5341600,0.8675137,0.0000000,0.0000000,0.0000000,0.0000000,0.5275792
0.3863481,1.4608772,1.1110177,0.9551355,1.3066625,0.0000000,0.0000000,0.0000000,1.0662938
0.3066453,1.3784673,1.3498362,0.9524183,0.5997139,0.0000000,0.0000000,0.0000000,0.5587009
0.3951944,1.4494568,1.2513348,0.0000000,1.2388183,0.0000000,0.0000000,0.0000000,0.4777885
0.0000000,1.4526400,1.2826865,0.0000000,0.0000000,0.0000000,0.0000000,1.0967997,0.0000000
0.3415666,1.0473690,1.3509242,0.9626343,0.0000000,1.0648661,0.0000000,0.0000000,0.0000000
0.0000000,1.1356539,0.8965533,0.8584142,0.0000000,2.1461015,0.0000000,0.0000000,0.0000000
0.3717981,1.1373855,1.1702510,0.9929734,0.7265439,0.9810116,0.0000000,0.9614620,0.9815509
0.0000000,1.4611512,1.5662477,0.9958677,1.2929529,0.9327694,0.0000000,0.0000000,0.9992342
0.0000000,1.7053277,1.5501779,0.9912808,0.5126148,0.9073905,0.5900034,0.0000000,0.0000000
0.3685848,0.9757287,0.9032383,0.0000000,0.0000000,0.0000000,0.0000000,0.0000000,0.0000000
0.0000000,1.3711758,0.9429551,0.8808127,1.8412837,1.9541490,0.0000000,0.0000000,1.0085148
0.0000000,1.1405657,1.5857027,0.8265810,0.0000000,1.8965951,0.0000000,0.0000000,0.0000000
0.3837471,1.3119345,0.7294396,1.6069595,1.1275274,0.0000000,0.0000000,0.8421110,0.5305472
1.4653208,1.6383804,1.7551973,0.8515239,1.1608807,0.0000000,0.0000000,0.9022184,0.0000000
0.3701538,1.6740058,1.5638723,0.8266931,0.6011042,0.8127297,0.0000000,0.0000000,0.0000000
0.3107656,1.8055531,1.5219614,0.9712139,1.2154786,0.9010690,0.0000000,0.0000000,0.4335078
0.0000000,1.2557823,1.5275480,0.7535842,0.4723912,0.9134427,0.0000000,0.8593510,0.4246063
0.3712121,1.7906224,1.2946023,0.7487055,1.2134051,0.0000000,0.0000000,0.0000000,0.0000000
0.3744104,1.4900885,1.4695316,0.9109033,1.1457143,1.8457355,0.0000000,0.0000000,0.3584241
0.3235187,1.2272825,1.2961721,0.0000000,0.6633937,0.0000000,0.0000000,0.0000000,0.9111337
0.0000000,2.0086818,1.3562389,0.8665310,1.2850377,0.0000000,0.0000000,1.9992700,0.7340280
0.3939767,1.6147911,1.5537438,0.9929517,1.2377513,1.0891347,0.0000000,0.0000000,0.0000000
0.3550309,1.2451782,1.0949267,0.9191658,0.0000000,1.0237058,0.0000000,0.0000000,0.0000000
0.0000000,1.2327112,1.1768636,0.9915352,0.0000000,0.7233210,0.0000000,0.0000000,0.9877262
0.3602033,1.7022012,1.5759864,0.9275335,0.5730480,0.8695702,0.0000000,1.8194683,0.3865244
0.3738895,1.4222881,1.1528578,0.7302776,0.5468562,0.0000000,0.0000000,0.0000000,1.0289567
0.3418661,1.6261751,1.3526236,0.9268931,0.4925803,1.8410749,0.0000000,1.9113114,0.0000000
0.3920456,0.9591004,1.1231943,0.0000000,0.0000000,0.0000000,0.0000000,2.1339558,0.4194376
0.3658645,1.3583579,1.3899664,0.0000000,1.2688139,0.0000000,0.0000000,0.0000000,0.0000000
0.6642873,1.5338515,1.1277654,0.8915019,0.5942271,1.9524344,0.6055715,0.0000000,0.9985280
0.0000000,1.2470096,1.5433640,0.9805668,0.0000000,0.0000000,0.0000000,0.0000000,0.4516140
0.3363658,1.5707190,1.5676559,0.0000000,0.0000000,0.8077614,0.0000000,0.9303954,1.0531438
0.2918384,1.6258861,1.3337145,0.9332618,0.6443747,0.8549001,0.0000000,0.7687832,0.0000000
0.6879932,1.5973487,1.6982244,0.9718946,0.6410270,0.9937921,0.0000000,1.8859181,0.7174102
0.3831484,1.4163296,1.1352890,1.7307567,0.5167981,0.9092504,0.0000000,1.0679140,0.9907115
0.3669087,1.9394900,1.2977128,1.5494928,1.8374064,2.1270913,0.0000000,0.0000000,0.5386412
0.2865629,1.5095361,1.3562907,0.0000000,1.1452766,0.0000000,0.0000000,0.0000000,0.0000000
0.0000000,1.3187359,1.5624952,0.9350972,1.7721066,0.0000000,0.0000000,0.0000000,0.3875856
1.0356271,1.6912345,1.5263845,1.7747434,0.0000000,0.0000000,1.1469364,1.0767686,1.3177508
0.3733152,1.0514234,0.9154765,0.0000000,0.0000000,2.0209642,0.0000000,1.1810377,0.4763409
0.0000000,1.7548356,1.7409646,0.8988097,0.6609519,0.0000000,0.0000000,0.0000000,0.0000000
0.3641518,1.6192072,1.4726263,0.9307529,1.7917737,0.8503302,0.0000000,0.7133138,0.4504639
0.3977966,0.8646471,0.9376396,0.0000000,0.0000000,0.0000000,0.0000000,0.0000000,0.4879533
0.3427396,1.5061893,1.5120414,0.0000000,0.6305490,0.0000000,0.0000000,0.0000000,0.4029251
0.0000000,1.5180854,1.3762336,1.7984661,0.0000000,0.9722717,0.0000000,0.0000000,0.0000000
0.4021074,1.8033842,0.9545261,0.8497995,0.6005453,0.9534877,0.0000000,0.8455279,0.9345343
0.3795152,1.8262413,1.4766450,0.0000000,1.2530716,0.7670118,0.0000000,0.0000000,1.0552069
0.0000000,1.5559065,1.3160467,0.0000000,1.2453496,0.9282102,0.0000000,0.0000000,0.0000000
0.3693814,1.7099555,1.3043326,0.8744913,0.6569291,0.7922882,0.0000000,0.8361000,0.5047471
0.6752717,1.6241000,1.3579157,0.0000000,1.2361985,0.0000000,0.3890331,0.0000000,0.0000000
0.3522031,1.3022622,1.3360581,0.0000000,0.0000000,0.0000000,0.0000000,0.0000000,0.0000000
0.3441906,1.5226903,1.1250785,0.7568559,0.0000000,1.1373866,0.0000000,0.0000000,0.4762922
0.0000000,1.0952931,0.7041905,0.9928314,0.0000000,0.0000000,0.0000000,0.0000000,0.5112982
0.0000000,0.9113066,1.3132999,0.9380442,0.6321080,0.9066229,0.0000000,0.0000000,0.0000000
0.0000000,1.3437848,1.3703620,0.9460881,0.0000000,1.9080113,0.0000000,0.0000000,0.4415064
0.0000000,1.6311142,0.8990572,0.8641118,1.1291822,0.8406449,0.0000000,0.0000000,0.0000000
0.3196704,1.5325434,1.4276729,0.0000000,1.1947763,0.9413919,0.3711789,1.8184872,0.4757028
1.0647365,1.6963552,1.8478840,0.9220166,1.1044647,0.9581132,0.0000000,0.9583076,0.9495546
0.3367520,1.6329291,1.4986488,0.9197631,1.7796366,0.0000000,0.0000000,0.0000000,0.3711272
0.0000000,0.6728577,0.7064818,0.0000000,0.0000000,1.1915299,0.0000000,1.0016872,0.0000000
0.0000000,0.7654562,0.9074813,0.8918057,0.0000000,0.0000000,0.0000000,0.0000000,0.0000000
0.0000000,0.9488769,0.8969785,0.9162125,0.0000000,0.9326606,0.0000000,0.0000000,0.4669693
0.3452193,1.6364265,1.4857000,0.9531211,1.2826458,0.8433802,0.0000000,0.8696185,0.5361027
0.3803728,1.2291797,1.9947492,0.9153498,0.6235167,2.0251738,0.0000000,0.0000000,0.4933493
0.3743514,0.8664640,0.7194843,0.0000000,0.0000000,0.0000000,0.0000000,2.0065382,0.0000000
0.0000000,0.8612534,1.3726594,0.0000000,0.6387466,0.0000000,0.0000000,0.0000000,0.0000000
0.0000000,0.8382246,0.9524973,0.9445698,0.6916843,0.0000000,0.0000000,0.0000000,0.0000000
0.0000000,1.2137957,1.3603259,0.9851819,0.5537160,1.9910853,0.0000000,0.8809509,0.8838682
0.0000000,1.3387318,1.3302229,0.9457314,1.2702172,0.9551542,0.0000000,0.0000000,0.5229994
0.3939376,1.2997405,1.3855385,0.0000000,0.0000000,0.9524721,0.0000000,0.0000000,0.4658350
0.3892076,1.2802752,1.5652103,0.9506888,0.6002159,0.9895801,0.0000000,0.0000000,0.5028663
0.3938486,1.5493044,1.3841882,2.0591913,0.6754908,0.8955685,0.0000000,0.0000000,0.9503349
0.0000000,1.0477665,1.5237135,0.9444677,0.0000000,0.0000000,0.0000000,0.0000000,0.5863578
0.3829028,1.3216354,0.9170119,1.8269461,0.5951317,2.1094481,0.0000000,0.0000000,0.5080487
1.5899731,0.8109985,1.4049403,1.8899703,0.6247065,2.1656432,0.0000000,0.0000000,0.9416659
0.0000000,0.9549645,1.5656167,1.9089780,0.6293347,1.0104267,0.0000000,0.0000000,0.0000000
1.6803890,0.5278020,1.1627307,1.9658068,0.0000000,1.0201901,0.0000000,0.0000000,0.0000000
0.3650001,0.8220069,1.1933477,0.9869419,0.0000000,1.0635362,0.0000000,0.0000000,0.5190217
0.3613195,1.1779378,1.2139328,0.9974816,0.5559366,0.0000000,0.0000000,0.0000000,0.0000000
0.3410838,0.5998340,1.4036199,0.8759461,0.0000000,0.0000000,0.0000000,0.0000000,0.0000000
0.0000000,0.4243355,0.9657798,0.9518658,0.5683320,0.9370196,0.0000000,0.0000000,0.0000000
0.3961676,0.9145596,1.6091241,0.9900902,0.0000000,0.9228114,0.0000000,0.0000000,0.0000000
0.3580123,1.4728627,1.3146121,0.9916216,1.2805154,0.9213296,0.0000000,0.8165626,0.0000000
0.3727896,1.3428185,1.0907038,1.8996780,1.2556358,0.8983339,0.0000000,0.0000000,0.0000000
0.3874235,1.3648531,1.7213918,1.8787060,0.6552181,0.9157317,0.0000000,0.8482278,0.0000000
0.3972481,1.5373765,1.3620707,1.0241456,1.8108103,0.9111343,0.0000000,0.0000000,0.0000000
0.3604359,1.5455974,1.3289351,0.9713212,1.1567395,0.9739634,0.0000000,0.0000000,0.0000000
0.3733491,1.4466948,1.7769535,1.0168026,1.2995380,0.9501062,0.0000000,0.8957656,0.0000000
0.3786296,1.4300294,1.7680597,0.9968559,1.2754566,0.8722347,0.0000000,0.0000000,0.0000000
0.3645296,1.5054357,1.2992550,0.9707919,1.2930869,0.7811247,0.0000000,0.0000000,0.3662712
0.3804288,1.5423286,1.5821072,0.9802999,1.7511486,0.9255755,0.0000000,0.8656711,0.0000000
0.3680454,1.4497587,0.9001406,1.8280880,1.2420088,0.8261593,0.0000000,0.0000000,0.0000000
0.3705697,1.4442057,1.1102821,0.9835193,1.2554238,0.9119794,0.0000000,0.0000000,0.0000000
0.3768320,1.4450039,1.1301935,0.9919344,1.8216946,0.8808127,0.0000000,0.0000000,0.3998708
0.0000000,1.7021989,1.7297587,0.9198748,0.6691356,0.8851486,0.0000000,0.9082018,0.0000000
0.3321174,1.6449339,1.5260989,0.9861076,0.6179766,0.0000000,0.0000000,0.9007656,0.0000000
0.3260746,1.1667451,1.2567915,0.9185877,1.3546883,1.0902447,0.0000000,0.9882463,0.0000000
0.3098399,1.5374317,1.4982514,0.9342808,1.2912685,0.0000000,0.0000000,0.9542860,0.0000000
0.3618168,1.5272958,1.5618327,0.9221748,1.3156034,0.0000000,0.0000000,0.8913047,0.0000000
0.3601063,1.4339441,1.5096714,0.9619508,1.3203807,0.8200110,0.0000000,0.9427411,0.0000000
0.3433171,1.4332410,1.7310636,0.9555514,1.3401673,0.0000000,0.0000000,0.9246381,0.0000000
0.0000000,1.0625460,1.5345562,0.8979259,0.5780715,0.8950080,0.0000000,0.0000000,0.0000000
0.3410757,1.3572923,1.5038885,0.9592315,1.2249643,0.8325892,0.0000000,0.9464053,0.0000000
0.0000000,1.3781652,1.1141062,0.9166816,1.3561059,0.0000000,0.0000000,0.9412528,0.0000000
0.3535016,1.3455835,1.3082452,0.9491773,1.3276517,0.8715324,0.0000000,0.9526989,0.0000000
0.3328112,1.5521844,1.2729934,0.9498523,1.3420500,0.7917344,0.0000000,0.9692651,0.0000000
0.0000000,1.3566986,1.2840400,0.9698539,1.2934119,0.0000000,0.0000000,0.9054849,0.0000000
0.0000000,1.5331640,1.5335167,0.9785433,1.9209636,1.8839979,0.0000000,0.9186445,0.0000000
0.3395585,1.2834212,1.5527496,0.9658168,1.8154661,0.7985475,0.0000000,1.0038655,0.0000000
0.0000000,1.4480693,1.3529374,0.9007865,1.2860060,0.0000000,0.0000000,0.9107943,0.0000000
0.3662808,1.5747407,1.5836164,0.9475061,0.5739709,0.8891604,0.0000000,0.9835431,0.0000000
0.3552844,1.6466087,1.7497871,0.9656261,0.6176064,0.8720091,0.0000000,0.0000000,0.0000000
0.3685350,1.6236881,1.5957066,0.9785271,1.1095558,0.8293644,0.0000000,1.0928831,0.0000000
0.3593314,1.6527416,1.3373862,0.9544568,1.7943919,0.8306274,0.0000000,1.0607141,0.0000000
0.3415746,1.6957040,1.9060305,0.9506738,1.2499015,1.9218653,0.0000000,0.9819927,0.0000000
0.3742518,1.7379327,1.7683935,0.9830141,1.1104150,0.8792684,0.0000000,0.9517918,0.3210843
0.3507192,1.5471965,1.5556772,0.9525136,1.2431041,0.8751364,0.0000000,0.9860303,0.0000000
0.0000000,1.6593652,1.5285475,0.7696420,1.1663722,0.0000000,0.0000000,1.0552517,0.3667248
0.3502778,1.6808494,1.3484922,1.8447823,1.8534217,0.9018631,0.0000000,1.0521176,0.0000000
0.3497664,1.6816296,1.5840458,1.8082973,1.7490408,0.8589629,0.0000000,0.0000000,0.0000000
0.3670639,1.6458925,1.3527489,1.7675803,1.1690631,1.7460747,0.0000000,0.9835387,0.0000000
0.3697704,1.7386512,0.9514534,0.8841183,1.2224146,0.8573334,0.0000000,1.0163690,0.0000000
0.3817656,1.6827361,1.5956932,0.9716258,1.2040288,0.9201095,0.0000000,1.0786423,0.0000000
0.3768159,1.6544223,1.3783081,0.9437875,1.8173301,0.8341475,0.0000000,0.9798246,0.0000000
0.3746976,1.7196110,1.4069244,0.9712757,1.7284717,0.8484937,0.0000000,1.0316287,0.0000000
0.3533203,1.5365718,1.5363251,1.7938808,1.3317364,0.9263336,0.0000000,0.0000000,0.0000000
0.3680708,1.4586845,1.3214805,0.9499057,1.2352609,0.8160053,0.0000000,0.8216073,0.3712204
0.3738883,1.4382961,1.5393669,1.9375604,1.7611942,0.9599619,0.0000000,0.9067627,0.0000000
0.3625989,1.5338202,1.1167311,1.8314234,0.6258171,0.0000000,0.0000000,0.8436971,0.3800986
0.3628951,1.5290847,1.5283393,0.9702581,0.6494793,0.9409010,0.0000000,0.8489279,0.0000000
0.3577680,1.5270909,1.2239894,1.7768303,1.2690365,0.8847304,0.0000000,0.0000000,0.0000000
0.3842754,1.4668291,1.2133222,1.8451517,1.2867531,0.8621740,0.0000000,0.0000000,0.3745784
0.3814642,1.5414596,1.7248514,1.8953789,1.2332685,0.8694655,0.0000000,0.8974551,0.0000000
0.3727522,1.5427264,1.5368084,1.0250233,1.3251913,0.8636168,0.0000000,0.8328619,0.0000000
0.3621390,1.4539118,1.2682039,1.8484709,1.2952120,0.8964038,0.0000000,0.0000000,0.0000000
0.0000000,1.4391886,1.3157480,0.9952925,0.6547382,0.0000000,0.0000000,0.0000000,0.0000000
0.3593205,1.5365090,1.7305780,1.0014880,1.2702642,1.7975891,0.0000000,0.0000000,0.0000000
0.0000000,1.4358083,1.3338958,0.8696587,1.1927624,0.0000000,0.0000000,0.8674227,0.0000000
0.3719897,1.2508317,1.5427964,0.9589382,1.3368312,0.8716969,0.0000000,1.0061522,0.0000000
0.3401197,1.5336896,1.1562049,0.9360261,1.2879891,0.0000000,0.0000000,0.9137308,0.0000000
0.3491291,1.4498421,1.3520485,0.8923445,1.3016904,0.0000000,0.0000000,0.9033241,0.0000000
0.3580826,1.5151409,1.1477428,0.9203355,1.3054866,0.0000000,0.0000000,0.8975923,0.0000000
0.3793180,1.6412816,1.1607488,0.8872804,0.6128738,0.0000000,0.0000000,0.9794940,0.0000000
0.3098608,1.5543908,1.5692022,0.8914422,0.6135042,0.0000000,0.0000000,0.0000000,0.0000000
0.3874372,1.6345524,1.3744658,0.9189400,1.2024691,0.0000000,0.0000000,0.0000000,0.0000000
0.3968319,1.6415977,1.5717277,0.8932589,1.1556014,0.7944885,0.0000000,0.0000000,0.0000000
0.3887557,1.7052056,1.5582091,0.9443626,1.2356828,0.9459613,0.0000000,1.0370806,0.0000000
0.3778345,1.3317723,1.6863127,1.8118790,1.3408682,1.9328094,0.0000000,0.8562081,0.0000000
0.3891304,1.6151632,1.6892996,1.9079078,1.1707708,1.9075450,0.0000000,0.8003421,0.0000000
0.3772107,1.3015829,1.2661194,0.9527500,1.3111792,1.9173789,0.0000000,0.9173876,0.0000000
0.3925392,1.2338053,0.9303343,0.9820875,1.3223969,1.7737553,0.0000000,0.9085640,0.3921409
0.0000000,1.2524298,1.3612759,0.0000000,0.6098743,2.1648346,0.6579312,0.8888453,0.6082658
0.0000000,1.2566664,1.3721426,0.0000000,0.0000000,1.1043464,0.0000000,1.0962327,1.2141695
0.3893339,1.3560802,1.5340837,0.9530751,1.6856938,1.9104078,0.0000000,0.9333075,0.0000000
0.0000000,1.2712000,1.1513860,0.9921291,0.5783535,0.0000000,0.0000000,0.0000000,0.0000000
0.3960120,1.3490036,1.3431682,0.9256780,1.2603203,0.7491222,0.0000000,0.8950818,0.0000000
0.3872008,1.0659172,1.3102985,0.0000000,1.2920737,0.0000000,0.0000000,0.0000000,0.0000000
0.0000000,1.2474855,1.1068947,0.0000000,0.0000000,0.0000000,0.0000000,0.0000000,1.1900979
0.0000000,0.9436997,1.1845434,0.8805287,0.7286229,0.0000000,0.0000000,0.0000000,1.1950007
0.0000000,1.3380921,1.7829256,0.0000000,0.0000000,0.0000000,0.0000000,0.9315828,1.1827016
0.0000000,1.1010955,1.1155171,0.0000000,0.0000000,0.0000000,0.0000000,0.0000000,1.2189985
0.0000000,1.1645901,1.3565180,0.0000000,0.0000000,0.9124913,0.0000000,0.0000000,1.1967462
0.0000000,1.0296548,1.4046179,0.0000000,0.6812377,0.0000000,0.0000000,0.0000000,1.1626754
0.4205730,1.0646070,0.6949736,0.0000000,0.0000000,0.0000000,0.0000000,0.0000000,1.1653283
0.3805304,1.2852942,1.1000519,0.0000000,0.0000000,0.0000000,0.0000000,0.0000000,1.1353888
0.0000000,1.3787780,1.3340767,0.0000000,0.6841098,0.9050817,0.0000000,0.0000000,0.0000000
0.0000000,1.2580421,1.5024714,0.8821489,0.0000000,0.0000000,0.0000000,0.0000000,0.0000000
0.3952764,1.3327903,1.5767309,0.0000000,0.5838408,0.9665934,0.0000000,1.0972537,0.4505293
0.0000000,1.3518644,1.5256970,0.8639992,0.0000000,0.0000000,0.0000000,1.9116416,0.0000000
0.3898522,1.1835181,1.3665998,0.8803132,0.5951317,0.0000000,0.0000000,1.1295073,0.0000000
0.3918994,1.1629012,1.1568563,0.0000000,0.0000000,0.0000000,0.0000000,1.1325709,0.0000000
0.3922618,1.6190897,1.3536889,0.9426815,0.5415643,0.8745139,0.0000000,0.0000000,0.3930748
0.3587416,1.6651972,1.5475540,0.0000000,0.0000000,0.0000000,0.0000000,1.1423198,0.0000000
0.0000000,1.2498674,1.6009543,0.0000000,1.2401154,0.0000000,0.0000000,0.0000000,1.1592474
0.0000000,1.4303399,1.3903707,0.0000000,0.6506719,1.1070746,0.6644882,1.8118828,0.9821501
0.0000000,1.5273737,1.3502571,0.0000000,0.0000000,0.0000000,0.0000000,0.9346374,1.1565259
0.0000000,1.2985135,1.1372265,0.8290523,0.6229740,1.0007203,0.7504708,0.8224382,1.1421798
0.0000000,1.5062368,1.7831192,0.0000000,0.0000000,1.8753729,0.0000000,0.9196353,1.2009502
0.0000000,1.3875622,1.3635679,0.0000000,0.6523967,1.7501003,0.0000000,0.9008442,0.4080506
0.0000000,1.3304135,1.5458525,0.9139092,0.5344549,0.8921555,0.0000000,0.0000000,0.0000000
0.0000000,1.4842516,1.1695360,0.0000000,1.1766450,0.0000000,0.0000000,0.0000000,0.4009550
0.0000000,1.1131871,1.4941541,0.0000000,0.0000000,0.0000000,0.0000000,0.0000000,1.1602014
0.0000000,1.0507182,1.3578370,0.0000000,1.2922954,0.0000000,0.0000000,1.0563719,1.1408408
0.3352847,1.2482434,1.6026433,0.0000000,0.6758277,1.0335795,0.0000000,1.0212440,1.1336306
0.0000000,1.3725740,1.5569048,0.0000000,0.0000000,1.0068742,0.0000000,2.0088572,1.1506636
0.0000000,0.9495432,0.9106513,0.0000000,0.0000000,0.0000000,0.0000000,0.0000000,1.2182178
0.0000000,1.3944290,1.1115905,0.0000000,0.0000000,0.9593765,0.0000000,0.9799387,1.1752388
0.0000000,1.3265817,1.5220891,0.0000000,0.0000000,1.0270885,0.0000000,0.9654428,1.1604541
0.0000000,1.5243536,1.5406394,0.0000000,1.2253091,0.0000000,0.0000000,1.0214697,0.5512748
0.0000000,1.6417901,1.5012516,0.0000000,0.0000000,0.9750617,0.0000000,0.9192946,1.1246382
0.3601886,0.8482695,0.7209935,0.0000000,0.0000000,0.0000000,0.0000000,1.0716635,1.1014907
0.0000000,1.6217899,1.3727378,0.0000000,0.0000000,0.0000000,0.0000000,0.0000000,1.1819132
0.0000000,1.4544583,1.5549964,0.0000000,0.0000000,1.1654722,0.0000000,1.0193401,0.5889950
0.4034623,1.3139175,1.3656628,0.0000000,0.5972707,0.9762132,0.0000000,2.0062930,1.1443994
0.0000000,1.1847936,1.6315232,0.0000000,0.6232855,0.8877723,0.0000000,1.9985320,1.1622424
0.0000000,1.0270021,1.3696454,0.0000000,0.7186608,2.1375442,0.0000000,1.9512867,1.1616051
0.0000000,1.1325072,0.9215953,0.0000000,0.6786712,0.0000000,0.0000000,0.9890956,1.0839130
0.4083100,1.3248638,1.3405316,0.0000000,0.0000000,0.0000000,0.0000000,1.0492273,1.1561027
0.0000000,1.1617033,1.3616410,0.0000000,0.0000000,0.0000000,0.0000000,0.0000000,1.1994696
0.0000000,0.7150695,0.4456698,0.0000000,0.0000000,1.0093245,0.0000000,0.0000000,1.0795676
0.0000000,0.5117882,0.9044195,0.0000000,0.0000000,1.0003101,0.0000000,1.0256613,1.1628311
0.0000000,0.8533365,0.7185476,0.0000000,0.5964250,1.0713389,0.0000000,0.0000000,1.1446081
0.0000000,0.8542295,0.4536402,0.0000000,0.0000000,0.0000000,0.0000000,0.0000000,1.1752398
0.3925039,1.1462413,1.3565121,0.0000000,0.0000000,0.0000000,0.0000000,1.1078292,1.2069711
0.0000000,0.9152504,0.9606329,0.0000000,0.0000000,1.0076375,0.0000000,0.0000000,0.5892958
0.0000000,0.8730227,0.9079980,0.9277255,0.0000000,0.9527573,0.0000000,0.0000000,0.0000000
0.0000000,1.2192424,1.0992797,0.0000000,1.2572519,0.8866895,0.0000000,0.8649297,0.0000000
0.0000000,1.1257058,1.2386800,0.0000000,0.5374379,0.0000000,0.0000000,0.8469925,1.1172655
0.0000000,0.6319041,0.4867405,0.0000000,0.6685387,0.0000000,0.0000000,1.0620987,1.2076725
0.0000000,1.0446375,0.9402205,0.0000000,0.7261889,0.0000000,0.0000000,1.0173212,1.1901045
0.3557627,0.8963030,0.9632138,0.0000000,0.6031108,0.0000000,0.0000000,1.0317734,1.1476607
0.0000000,1.1201280,0.8660691,0.0000000,0.5977510,0.0000000,0.0000000,1.0184059,1.1165034
0.0000000,0.9209393,1.0856965,0.0000000,1.3759863,1.1115429,0.0000000,0.0000000,1.1180371
0.0000000,0.7127085,1.0916813,0.0000000,0.6346019,0.0000000,0.0000000,0.0000000,0.0000000
0.0000000,0.9509488,0.9161774,0.0000000,0.6320366,0.0000000,0.0000000,1.0844504,1.1839738
0.0000000,1.1147116,1.6218906,0.0000000,0.6616409,0.9947552,0.0000000,0.9207183,1.1650140
0.0000000,0.8181901,0.6311184,0.0000000,0.5635306,0.0000000,0.0000000,0.0000000,0.5533984
0.0000000,1.4263049,1.4906819,0.0000000,0.6203273,0.0000000,0.0000000,0.9317938,1.1445293
0.0000000,1.3038293,0.8985842,0.0000000,0.0000000,0.0000000,0.0000000,1.0112244,1.1374153
0.0000000,0.9507706,0.4928427,0.0000000,0.7013127,0.0000000,0.0000000,1.1552887,1.2040510
0.0000000,1.0972480,1.5836781,0.0000000,0.6711522,0.9491388,0.0000000,2.0472790,1.1093832
0.3786307,1.1906104,1.3266480,0.0000000,0.6475014,0.0000000,0.0000000,1.0914947,0.5884707
0.0000000,1.4366411,0.7152029,0.0000000,0.0000000,0.8829726,0.0000000,1.8690852,1.1334429
0.0000000,1.3326208,1.5316923,0.0000000,0.6797963,0.9697776,0.0000000,0.9896125,0.5979854
0.0000000,1.2457019,0.9487534,0.0000000,0.6226990,0.9949917,0.0000000,0.0000000,0.0000000
0.0000000,1.1077384,0.7141662,0.0000000,0.0000000,0.9429223,0.7057273,0.0000000,1.1685283
0.0000000,0.7367438,0.2482507,0.0000000,0.0000000,2.0828747,0.0000000,1.8918726,1.1422805
0.3497875,1.5400451,1.3420501,0.9825412,1.1541505,0.9175321,0.0000000,0.0000000,0.0000000
0.3832694,1.4635459,1.7813241,0.9899359,0.6710791,0.9530340,0.0000000,0.0000000,0.0000000
0.0000000,1.3535113,1.5270791,0.9798532,0.6526010,0.8905950,0.0000000,0.0000000,0.0000000
0.0000000,1.1977128,1.0420729,1.0183577,1.1696330,0.8849333,0.0000000,0.7168970,0.0000000
0.0000000,1.6539521,1.5603686,2.0498700,0.5511101,0.8574469,0.0000000,0.0000000,0.4176435
0.3543293,1.4208228,1.1434251,1.0399850,0.0000000,0.0000000,0.0000000,0.0000000,0.3764610
0.0000000,1.4379298,1.1088769,0.8491494,0.0000000,0.0000000,0.0000000,0.0000000,0.0000000
0.0000000,1.6953308,1.5865194,0.0000000,0.0000000,0.9827516,0.0000000,0.0000000,1.1458336
0.0000000,1.0686571,0.8774771,0.0000000,0.0000000,0.8760642,0.0000000,0.0000000,0.5423195
0.4136685,0.4934107,0.9172945,0.0000000,0.6590715,0.0000000,0.0000000,0.9705587,1.1831014
0.0000000,0.9579056,1.5414495,0.0000000,0.0000000,0.0000000,0.0000000,0.0000000,1.1876897
0.0000000,1.3360708,0.9043529,0.0000000,0.6799584,0.0000000,0.0000000,0.0000000,1.1694446
0.0000000,1.2986667,1.5350821,0.9044377,1.1490370,0.0000000,0.0000000,1.0018043,1.1395038
0.3745993,1.4258415,1.5400983,1.8588500,1.1663574,1.8634515,0.0000000,0.0000000,0.0000000
0.3771248,1.3634773,1.1342394,1.0253038,1.3935554,0.9580886,0.0000000,0.0000000,0.0000000
0.3736646,1.2350348,1.3286076,0.9787920,1.2749495,0.0000000,0.0000000,0.0000000,0.3930406
0.3425447,1.2486510,0.9232869,0.9738413,1.2853861,0.0000000,0.0000000,0.0000000,0.0000000
0.0000000,1.2452127,1.3335234,0.9457910,0.5361263,0.0000000,0.0000000,0.0000000,0.0000000
0.0000000,1.6670940,0.8862712,0.0000000,0.5578378,1.0632093,0.0000000,0.9389121,0.0000000
0.0000000,1.0585508,1.0952292,0.0000000,0.6424060,0.9574879,0.0000000,0.0000000,1.2244814
0.0000000,1.0564251,1.1367759,0.0000000,0.0000000,0.0000000,0.0000000,0.0000000,1.2103366
0.0000000,1.1005954,1.3236795,0.0000000,0.0000000,2.0941311,0.0000000,0.9647870,1.1068789
0.0000000,1.3972648,1.2875777,0.0000000,0.0000000,0.9846772,0.0000000,1.5854931,1.1521641
0.0000000,0.9085626,1.2754789,0.0000000,0.6773867,0.8280123,0.7185995,0.0000000,0.5226214
0.0000000,1.3539997,1.3543095,0.0000000,0.0000000,1.8854768,0.0000000,0.8901767,1.0840605
0.3724488,1.3037135,1.1727768,0.0000000,0.7147288,1.0517442,0.0000000,0.9004714,1.1521493
0.0000000,0.9857173,1.4175494,1.0245925,1.3829135,0.0000000,0.0000000,0.9574743,0.0000000
0.3757481,1.5597307,0.8773848,0.0000000,0.0000000,0.8551343,0.0000000,0.9819360,1.1498240
0.0000000,1.3184572,1.1848399,0.0000000,0.0000000,0.0000000,0.0000000,1.1358806,0.5728658
0.3673733,1.2399820,1.2865627,0.9697925,1.3061279,0.7846540,0.0000000,0.7630037,0.0000000
0.2624949,1.2724701,1.3383742,0.9493595,1.2688960,1.8734507,0.0000000,0.9088356,0.3783802
0.4211941,1.1394735,1.3807962,0.0000000,1.3546503,1.0570737,0.0000000,1.0387008,1.1585892
0.0000000,1.3655100,1.1308996,0.0000000,0.0000000,1.0587665,0.0000000,1.0246998,1.1651955
0.0000000,1.5374230,1.5527248,0.9435750,1.1668808,0.0000000,0.0000000,0.0000000,1.1758417
0.0000000,1.4787080,1.3530133,0.0000000,1.3257476,0.9660622,0.0000000,0.0000000,1.1816157
0.0000000,1.4103179,1.3584066,0.0000000,0.0000000,0.0000000,0.0000000,1.9193390,1.2086599
0.0000000,1.8450134,1.5980280,0.0000000,0.6218441,1.7716040,0.0000000,0.9132324,1.1649511
0.0000000,1.1551836,1.3949998,0.0000000,0.0000000,2.1994423,0.0000000,1.0559070,1.1745568
0.4124974,1.3600787,1.4932769,0.0000000,0.0000000,0.9358973,0.0000000,1.0094177,1.1914429
0.0000000,1.2517429,0.6749382,0.0000000,0.0000000,0.0000000,0.0000000,0.0000000,1.1573026
0.0000000,1.4132651,1.5767271,0.9677619,0.0000000,0.9965688,0.0000000,0.0000000,1.0952232
0.4035560,1.6897541,1.3806761,0.9069502,1.1951272,0.9533697,0.0000000,0.9849344,1.1029422
0.0000000,1.3380183,1.5350695,0.0000000,0.6004894,1.0159034,0.0000000,0.0000000,1.1689861
0.0000000,1.4987767,1.3423969,0.0000000,0.6466448,0.9527694,0.0000000,0.9580908,1.1897328
0.0000000,1.1310660,1.3939915,0.0000000,0.5967326,0.9734912,0.0000000,1.0012959,1.1905354
0.0000000,1.7824150,1.3421813,0.0000000,0.6062999,0.0000000,0.0000000,0.9109668,1.1821323
0.4029845,1.4243359,1.1428399,0.0000000,0.0000000,0.0000000,0.0000000,0.8785232,1.1742710
0.0000000,0.9269727,1.1458585,0.8933404,0.0000000,0.0000000,0.0000000,0.9900084,0.6062442
0.0000000,1.3103256,1.3421165,0.0000000,0.0000000,0.8412999,0.0000000,0.9680919,1.1839508
0.4322825,1.3492339,1.5411070,0.0000000,0.0000000,2.0883564,0.0000000,1.0085220,1.1258594
0.0000000,1.2758432,1.1297766,0.0000000,0.0000000,0.8367814,0.0000000,0.0000000,0.0000000
0.3227852,1.2446285,1.1674875,0.0000000,1.3605054,0.0000000,0.0000000,0.8251951,0.0000000
0.0000000,1.4929494,1.3953584,0.0000000,1.2378014,0.9885894,0.0000000,1.0605459,1.1847685
0.3807680,1.4169608,1.5678005,0.9690620,1.2874041,1.7924151,0.0000000,0.0000000,0.4318040
0.0000000,1.4069967,1.5599524,1.0002943,0.6645258,0.9960161,0.0000000,0.9804508,0.3472672
0.4141480,1.0258361,1.1754783,0.0000000,0.0000000,1.0994781,0.0000000,2.0123325,1.2210438
0.4152919,1.2719429,0.9316127,0.0000000,0.5750602,0.0000000,0.7971661,0.0000000,1.1638576
0.0000000,1.3558206,1.3442977,0.9347143,1.3037358,1.0113398,0.0000000,0.8371997,0.0000000
0.3451384,1.3209001,1.7285956,0.9968079,0.6321010,1.9212318,0.0000000,0.0000000,0.3965350
0.3387970,1.0544686,0.6825430,0.9336400,0.0000000,0.0000000,0.0000000,0.0000000,0.0000000
0.3702097,0.8338813,1.4045387,0.0000000,0.6781379,0.9552854,0.0000000,0.0000000,1.1852704
0.3436222,1.3933797,1.6011942,0.0000000,1.1462270,0.9807591,0.0000000,0.0000000,1.1695006
0.0000000,1.4907592,1.3671579,0.0000000,1.1776137,0.9890274,0.0000000,1.0401594,1.1562238
0.3659314,1.4736366,1.6057404,0.0000000,0.6209231,0.0000000,0.0000000,0.9620624,1.1792182
0.3402150,1.2546012,0.7181301,0.0000000,1.2385565,0.0000000,0.0000000,0.0000000,1.2102108
0.3320423,1.3545953,1.3369283,1.8291928,1.2498878,0.9277078,0.0000000,0.0000000,0.0000000
0.0000000,0.4120660,0.4476907,0.0000000,0.7509191,1.0133559,0.0000000,0.0000000,1.1976691
0.3747942,1.2748730,1.0849106,0.0000000,0.0000000,0.7979341,0.0000000,0.0000000,1.1376234
0.0000000,1.3813287,1.3663441,0.0000000,1.2266213,0.0000000,0.0000000,0.0000000,1.7122354
0.3797243,1.3326045,1.0980566,0.0000000,0.5461134,1.7990082,0.0000000,1.0247868,1.1859684
0.4189040,1.3438940,0.8955226,0.0000000,0.0000000,0.0000000,0.0000000,1.1112442,1.1486731
0.0000000,1.5656404,1.5782067,0.0000000,0.0000000,0.0000000,0.0000000,0.0000000,1.2193117
0.0000000,1.5582872,1.5560014,0.0000000,1.1658275,0.0000000,0.0000000,1.8418675,1.1846523
0.3558828,1.5545898,1.7608361,1.8057458,1.2425751,0.9395133,0.0000000,0.7790449,0.0000000
0.3823535,1.3709976,1.7935318,1.9115530,1.8730532,0.9797183,0.0000000,0.0000000,0.3891619
0.0000000,1.1587298,1.1512140,0.0000000,0.0000000,0.9219393,0.0000000,0.0000000,1.1692557
0.0000000,1.3482085,1.3663290,0.0000000,0.6795257,0.9082112,0.0000000,0.9859285,0.5900348
0.0000000,1.7255868,1.5761586,0.0000000,0.0000000,0.8821693,0.0000000,0.0000000,1.1415855
0.0000000,1.1203205,1.6107392,0.0000000,0.7100853,0.9747717,0.0000000,0.0000000,1.1893648
0.0000000,1.4548201,1.1292554,0.0000000,0.6758535,0.8948828,0.0000000,0.0000000,1.1918510
0.4070449,1.3627524,1.3364560,0.0000000,0.5438863,0.0000000,0.0000000,0.8368308,1.1374773
0.3184510,1.5515579,1.5531547,0.8908183,1.3002636,0.0000000,0.0000000,0.8661613,0.0000000
0.3675242,1.4704415,1.5651978,0.9052196,1.8740850,0.0000000,0.0000000,0.0000000,0.0000000
0.3977177,1.6427278,1.5229018,0.0000000,0.6157464,1.7936260,0.0000000,1.6886184,0.5623147
0.3878080,1.8984784,1.7352428,0.0000000,0.5644084,0.9458316,0.6688074,0.0000000,1.0303294
0.0000000,1.5037003,1.5644246,0.0000000,0.0000000,1.9236759,0.0000000,0.8882671,1.1471433
0.3739317,1.6408403,1.5786353,0.9006291,1.0951790,0.8409965,0.0000000,0.9241832,0.3461814
0.0000000,1.2691210,1.3920789,0.0000000,0.0000000,2.0861046,0.0000000,0.0000000,1.2011695
0.4121375,1.0514379,1.3062942,0.0000000,0.0000000,1.0435608,0.7716984,0.0000000,1.1639416
0.4059914,1.5790998,1.1445973,0.0000000,0.7010243,2.1472034,0.0000000,0.0000000,1.1672326
0.3866507,1.7043400,1.3834448,0.0000000,0.5015703,0.9602981,0.0000000,0.0000000,1.1503656
0.4147887,1.7650489,0.8981611,0.0000000,0.0000000,0.0000000,0.0000000,0.0000000,1.1736562
0.0000000,1.4316598,1.5815019,0.0000000,0.6325254,0.0000000,0.0000000,0.0000000,1.1378875
0.0000000,1.4412407,1.5816229,0.7437724,0.6267472,0.8214581,0.0000000,0.0000000,1.1456878
0.0000000,0.9323824,0.8847640,0.9913924,0.0000000,0.8511657,0.0000000,1.0589416,1.1911343
0.3825897,1.5376012,1.5827783,0.0000000,1.0986824,0.0000000,0.0000000,0.0000000,0.5550590
0.0000000,1.7302432,1.5424399,0.0000000,1.1048683,0.0000000,0.0000000,0.0000000,1.1476784
0.3433844,1.3399430,1.4677792,0.0000000,0.5652645,0.0000000,0.0000000,0.0000000,0.0000000
0.3235117,1.2584456,1.3495765,0.8856422,0.0000000,0.9840321,0.0000000,0.0000000,0.0000000
0.3190383,1.3522658,1.3172427,0.8381268,0.6173207,0.7888219,0.0000000,0.8453512,0.0000000
0.3313149,1.5705827,1.4805615,0.8865618,1.2189661,0.8858683,0.0000000,0.9629608,0.0000000
0.0000000,1.2965499,1.3140797,0.0000000,0.0000000,0.9858452,0.0000000,0.0000000,1.1548860
0.3929594,1.1724091,1.3513075,0.0000000,0.6630193,1.0480395,0.0000000,0.0000000,1.1267295
0.0000000,0.7512877,1.1880770,0.0000000,0.6751106,1.1106589,0.0000000,1.0643890,0.5899939
0.3886879,1.5345367,0.8739442,0.0000000,0.6201246,1.0516397,0.0000000,1.8185430,1.1392362
0.4342470,1.4018110,1.5926955,0.0000000,0.0000000,0.9942405,0.0000000,0.0000000,0.5724764
0.3488504,1.5361344,1.0768499,0.0000000,0.0000000,0.9152944,0.0000000,0.8531806,1.1605339
0.0000000,1.8323512,1.8107915,0.0000000,0.6227744,0.0000000,0.0000000,0.0000000,1.1272363
0.4148392,1.3710142,1.2702327,0.0000000,0.5041876,0.0000000,0.0000000,0.0000000,1.1532520
0.0000000,1.6150549,1.5307618,0.0000000,0.5545192,0.0000000,0.0000000,0.8337512,1.1963050
0.0000000,1.5547962,1.3175686,1.7480185,0.6650501,0.0000000,0.0000000,0.9624651,0.3666221
0.0000000,1.5758169,1.7024711,0.7811488,0.4847512,1.9621286,0.0000000,0.9855224,0.0000000
0.0000000,1.4658143,1.7593169,0.9021053,0.6715975,0.8723821,0.0000000,0.9173132,0.4387696
0.3533470,1.4084912,1.7538240,0.8455279,0.9875745,0.0000000,0.0000000,0.0000000,0.3782526
0.3808379,1.5270196,1.5496290,0.8991698,1.7567143,0.0000000,0.0000000,0.0000000,0.0000000
0.4160466,1.7019865,1.3124028,0.0000000,0.5422944,0.8778927,0.0000000,0.8994267,1.1652562
0.0000000,1.9540521,1.0660292,0.0000000,0.5675122,0.9422601,0.0000000,0.8632587,1.1598947
0.3711058,2.0401992,1.3476345,0.0000000,0.5754474,0.9812475,0.0000000,0.7908538,1.1679873
0.0000000,1.3323864,1.0751780,0.8094221,0.0000000,0.7690334,0.0000000,0.8134910,1.0646260
0.3886612,1.5364664,1.3179158,0.0000000,0.5965088,0.0000000,0.0000000,0.8422032,1.1095897
0.0000000,1.7093656,1.2639941,0.0000000,0.6517864,0.9375461,0.0000000,0.0000000,1.1185606
0.3627993,1.4917514,1.3218311,0.0000000,0.6493588,0.0000000,0.6647539,0.0000000,1.1957115
0.0000000,1.6947577,1.5709892,0.8950080,0.5611454,0.8851812,0.0000000,1.6639123,1.1595614
0.0000000,1.5985262,1.3284847,0.0000000,0.5680692,0.9842036,0.0000000,0.8948087,1.1647749
0.0000000,1.4303356,1.5838325,0.0000000,0.5449118,1.0074704,0.0000000,1.8529061,1.1630800
0.3992605,0.8872390,1.0966768,0.0000000,0.7025233,0.0000000,0.0000000,0.0000000,1.1491357
0.0000000,1.2451566,1.3502357,0.0000000,0.5719328,0.0000000,0.0000000,1.0287058,1.1722663
0.4127626,1.5650697,0.8709014,0.0000000,0.0000000,0.0000000,0.0000000,0.0000000,1.1123233
0.0000000,1.3689389,0.8711878,0.0000000,0.0000000,0.0000000,0.0000000,0.0000000,1.1085964
0.4064517,1.6548896,1.5639753,0.0000000,0.0000000,0.0000000,0.0000000,0.8185841,1.1554154
0.0000000,1.2372937,1.1168965,0.0000000,1.1281510,0.9389512,0.0000000,0.0000000,1.1361533
0.0000000,1.7355958,1.2191192,0.0000000,1.1752163,0.8270005,0.0000000,0.8051243,1.1262658
0.3985078,1.3549605,0.8603642,0.0000000,0.0000000,0.0000000,0.0000000,0.9147213,1.1763311
0.4109839,1.4106398,1.3336628,0.0000000,0.6646193,0.8539463,0.0000000,1.0086145,1.1665373
0.4397120,1.4149494,1.5811161,0.0000000,0.0000000,1.7812349,0.0000000,0.8976142,0.5953295
0.0000000,0.9108672,1.1124239,1.0596942,1.3237479,0.0000000,0.0000000,0.9870449,0.0000000
0.0000000,1.6126305,1.5636822,0.9797548,0.5772608,0.9652570,0.0000000,1.0137677,0.0000000
0.0000000,1.2606070,1.3106292,1.0070359,0.0000000,0.9024389,0.0000000,0.0000000,0.5951643
0.0000000,1.0559334,1.1050132,0.0000000,0.6892720,0.0000000,0.0000000,0.0000000,1.1552160
0.0000000,1.4075721,1.5907253,1.0067445,0.6408896,0.9319407,0.0000000,1.0591196,0.0000000
0.3482723,1.7206900,1.5229834,0.9388310,0.5823979,1.8190803,0.0000000,1.0378285,0.0000000
0.3495848,1.3947775,1.0516103,0.0000000,1.2712251,0.0000000,0.0000000,0.0000000,0.0000000
0.0000000,1.3563318,0.8881495,0.9430748,1.0876565,0.9936255,0.0000000,0.9424199,0.0000000
0.0000000,1.3554171,1.5490728,0.9504196,1.1309887,0.0000000,0.0000000,0.0000000,0.0000000
0.0000000,1.7338004,1.3339863,1.0063292,0.6574394,0.9629878,0.0000000,0.8968650,0.0000000
0.0000000,1.1591277,1.3200874,0.9353385,0.6736089,0.9096858,0.0000000,0.9540074,0.0000000
0.0000000,0.9943458,1.3321637,0.0000000,0.6417395,0.0000000,0.0000000,0.8413930,0.0000000
0.0000000,1.1758949,1.5154726,0.9776352,0.0000000,0.0000000,0.0000000,0.0000000,0.0000000
0.0000000,1.2216139,1.1035684,0.0000000,1.2893139,0.0000000,0.0000000,0.9185755,0.0000000
0.3445697,1.4051616,1.5158331,1.0019012,1.2162459,0.9893594,0.0000000,0.9420284,0.0000000
0.0000000,1.2729003,1.1133402,0.0000000,0.0000000,0.0000000,0.0000000,0.0000000,0.0000000
0.0000000,1.1080951,1.1241788,0.0000000,1.3189025,1.8973169,0.0000000,0.9103887,0.0000000
0.0000000,1.6459640,1.3364017,1.0204127,1.1453849,0.9949954,0.0000000,0.9123226,0.0000000
0.0000000,1.5121057,1.5520013,1.9470557,1.1563661,0.0000000,0.0000000,0.9741791,0.4207895
0.0000000,1.3342961,1.3149900,0.8756722,1.8551645,0.0000000,0.0000000,0.0000000,0.0000000
0.0000000,1.5178476,1.2857948,0.9214465,0.6492019,0.9824151,0.0000000,0.9721122,0.0000000
0.0000000,1.7085516,1.7288426,1.9151097,1.1548793,0.8355381,0.0000000,0.9498879,0.4259352
0.0000000,1.4586791,1.5410575,1.0116178,1.0888418,0.9119034,0.0000000,0.0000000,0.4345671
0.0000000,1.2673510,1.5760482,0.0000000,0.6586573,0.0000000,0.0000000,0.9620645,0.0000000
0.3634200,1.4118674,1.3488985,1.8850757,1.2464314,0.9255021,0.0000000,0.9381719,0.3498096
0.0000000,1.6281770,1.5240321,1.9079616,1.0870031,0.8499352,0.0000000,0.7872601,0.0000000
0.0000000,1.2214378,1.3530946,1.8950352,1.2947280,0.0000000,0.0000000,0.9550698,0.0000000
0.0000000,1.3998970,1.3896190,0.9287894,1.2447127,0.9796278,0.0000000,1.0999673,0.0000000
0.3723486,1.4131913,1.2646695,0.7994106,0.6647713,0.7962694,0.0000000,0.0000000,0.0000000
0.3049511,1.2758901,1.3847839,1.0670955,1.7680652,0.8399726,0.0000000,0.0000000,0.0000000
0.0000000,1.4575005,1.1230678,0.9890929,1.8556008,0.9021310,0.0000000,0.0000000,0.0000000
0.0000000,1.5548902,1.1779272,1.0536587,1.1044511,0.8880734,0.0000000,0.9073858,0.4638201
0.0000000,1.5277596,1.3259143,0.9406995,0.5451939,0.7959650,0.0000000,0.0000000,0.0000000
0.3388100,1.6013124,1.3814235,1.0113820,1.3719932,0.0000000,0.0000000,1.0932519,0.0000000
0.3768560,1.7780451,1.5462470,0.9342132,1.3888972,0.9736122,0.0000000,1.8283907,0.0000000
0.3478442,1.5806934,1.5682417,0.9912019,0.6578765,0.0000000,0.0000000,0.9968714,0.4294675
0.3580077,1.4667896,1.4851927,0.8857780,1.1890937,0.7730754,0.0000000,0.9032735,0.3510477
0.0000000,1.6711671,1.5092887,0.9403359,2.0064935,0.0000000,0.0000000,1.0164592,0.3649261
0.3175212,1.4821747,1.3354285,0.9250936,0.6310440,0.9435862,0.0000000,0.9036218,0.3786343
0.0000000,1.5790528,1.1151529,0.9401297,1.2903754,0.0000000,0.0000000,0.9317035,0.3801752
0.0000000,1.5879239,1.5465016,0.9369609,0.6988980,0.0000000,0.0000000,1.0264909,0.0000000
0.0000000,1.4527731,1.5335645,0.9457531,1.8981193,0.0000000,0.0000000,1.0068995,0.0000000
0.0000000,1.4928713,1.5286376,0.9926235,1.8716410,0.8090926,0.0000000,0.9090456,0.4039601
0.0000000,1.6621082,1.3484714,0.8792755,1.9943889,0.8346053,0.0000000,0.0000000,0.0000000
0.3232033,1.5514249,1.6855193,0.9790382,0.6913883,0.8683038,0.0000000,1.0464921,0.3953945
0.3420693,1.7016138,1.5295144,0.0000000,1.9920803,0.9043430,0.0000000,0.0000000,0.0000000
0.3638225,1.5369527,1.7624744,0.9771786,1.1815692,0.7365177,0.0000000,0.0000000,0.0000000
0.0000000,1.4550137,1.5240686,0.8952180,1.9306160,0.0000000,0.0000000,0.9701471,0.0000000
0.0000000,1.4515708,1.5667080,0.9205449,0.0000000,0.8918294,0.0000000,0.9319540,0.0000000
0.0000000,1.1705373,1.1225770,1.0353947,0.0000000,0.0000000,0.0000000,0.0000000,0.0000000
0.0000000,1.2642967,1.8140474,0.9941266,0.5773959,0.0000000,0.0000000,0.9904764,0.4385230
0.3143593,1.4813037,1.0952405,0.9883015,0.6765512,0.8491073,0.0000000,0.0000000,0.0000000
0.0000000,1.2009565,1.5716059,0.0000000,0.0000000,1.1477176,0.0000000,0.0000000,0.0000000
0.3433694,1.1844189,0.8810422,0.0000000,0.6305490,0.0000000,0.0000000,0.0000000,0.3982964
0.0000000,1.2699650,0.8948483,0.8910829,0.6123159,0.0000000,0.0000000,0.0000000,0.0000000
0.3687866,1.6277654,1.3725167,0.7949218,0.6392730,0.9493160,0.0000000,0.8879794,0.4006603
0.0000000,1.3366353,1.1263552,0.8758870,0.0000000,0.0000000,0.0000000,0.0000000,0.0000000
0.0000000,1.4190143,1.3521199,0.9532709,0.5959080,1.7549585,0.0000000,0.0000000,0.3516131
0.0000000,1.1189051,1.5691727,1.0181754,0.6084692,0.8630921,0.0000000,0.8829860,0.4010685
0.0000000,1.1561787,0.4658558,0.0000000,0.6882033,1.0725777,0.0000000,0.0000000,0.0000000
0.0000000,0.9432508,1.3995573,0.9454518,0.6384592,0.9078992,0.0000000,1.1313755,0.3810090
0.0000000,1.6846360,1.7606378,0.9765802,1.3674061,0.8416369,0.0000000,1.8425091,0.0000000
0.0000000,1.5293754,1.8133351,0.9522175,1.8471917,0.9570684,0.0000000,0.8835610,0.0000000
0.0000000,1.6372716,1.4181376,0.9331505,1.6473920,0.9561519,0.0000000,0.9589316,0.3992540
0.3295081,1.7137908,1.5158897,0.9298781,1.2336114,2.1088200,0.0000000,1.0255976,0.4978210
0.3724069,1.4152824,1.3424791,0.9429392,1.1539550,0.9448038,0.0000000,1.0065240,0.0000000
0.3559464,1.2761406,1.3371655,1.0430125,0.5908235,0.9939344,0.0000000,0.8856680,0.4171502
0.0000000,1.2908234,1.1210516,0.9817688,1.1684117,0.0000000,0.0000000,0.0000000,0.0000000
0.3699250,1.6693715,1.3582798,0.9292735,1.9199966,1.0033166,0.0000000,0.0000000,0.0000000
0.0000000,1.5568632,1.1575893,0.9977183,0.5720517,2.1424620,0.0000000,0.9174248,0.0000000
0.3491691,1.6312032,1.5608298,0.9627468,1.7996205,2.1435385,0.0000000,1.9211754,0.3992146
0.0000000,1.5435315,1.5855579,0.9729889,1.1373788,2.1017434,0.0000000,0.8561601,0.0000000
0.3480558,1.6272978,1.5769868,0.9918772,1.5791545,0.9761594,0.0000000,0.9262211,0.4302837
0.0000000,1.6773377,1.3497612,0.9464642,1.2177244,0.9351099,0.0000000,0.8522860,0.0000000
0.3746230,1.7328960,1.5738717,0.9598008,1.8050754,0.0000000,0.0000000,0.9044576,0.3762278
0.3616134,1.5050943,1.7750595,0.9920176,1.0864322,0.8289979,0.0000000,0.9329996,0.0000000
0.0000000,1.6391310,1.7368695,0.9665189,1.1886046,0.8949852,0.0000000,1.5864257,0.0000000
0.3648792,1.6651022,1.5325456,1.0052955,0.6611742,0.9723289,0.0000000,0.9819222,0.3583262
0.0000000,1.4535799,1.5718837,0.9811979,1.8188966,0.8701715,0.0000000,1.0785752,0.4670340
0.3193480,1.7207678,1.6003234,1.0205561,1.6593408,0.9331898,0.0000000,0.0000000,0.0000000
0.0000000,1.6164754,1.5778918,0.9918485,0.6355605,2.1841232,0.0000000,1.0205441,0.4075125
0.7324932,1.4724312,1.5658335,1.0258432,0.5350343,1.0269656,0.0000000,0.0000000,0.0000000
0.3699813,1.5495007,1.8178584,0.9777845,1.6949640,0.9241495,0.0000000,1.0057780,0.0000000
0.0000000,1.5064388,1.2818914,0.0000000,1.2941284,2.0908419,0.0000000,1.5993517,0.0000000
1.6449685,1.4284839,1.1357390,1.0111435,0.6112683,0.9463704,0.0000000,0.0000000,0.0000000
0.3203676,1.5560407,1.7153527,0.9525087,1.8192398,1.8972177,0.0000000,0.9546106,0.0000000
0.3690665,1.5031407,1.5890076,0.9735193,1.2017580,1.0056696,0.0000000,1.8009977,0.0000000
0.0000000,1.4859067,1.3743992,1.0158392,1.1741949,0.0000000,0.0000000,0.0000000,0.0000000
0.0000000,1.6652938,1.5311138,0.9670366,1.3537097,0.8902861,0.0000000,0.0000000,0.0000000
0.0000000,1.4690910,1.5933540,1.0598352,0.0000000,0.8742800,0.0000000,0.0000000,0.0000000
0.3828737,1.2218460,1.3834510,0.9308987,1.2602702,0.8283696,0.0000000,0.8787084,0.4286951
0.0000000,1.5286278,1.6581939,0.0000000,0.0000000,0.0000000,0.0000000,0.9281891,0.0000000
0.3793097,1.3188170,1.3093028,0.9047307,0.5545542,1.6774365,0.0000000,0.9318105,0.0000000
0.3269408,1.3255004,1.5266278,0.8357384,0.5394182,0.8497786,0.0000000,0.9863903,0.0000000
0.0000000,1.3715978,1.1327228,0.9457396,0.6719092,0.0000000,0.0000000,0.9021516,0.0000000
0.7941416,0.7484771,1.4037994,0.0000000,0.0000000,0.0000000,0.0000000,0.0000000,0.9814628
0.0000000,1.3456611,1.0853681,0.9320307,0.0000000,0.0000000,0.0000000,0.9064780,0.0000000
0.0000000,1.2919455,1.4955660,0.9657771,0.5611531,0.8480357,0.0000000,0.9146053,0.0000000
0.0000000,1.2838626,1.4984685,1.0161518,1.1678067,0.9087280,0.0000000,0.7361197,0.0000000
0.0000000,1.4320300,1.3408531,0.9744770,0.6677030,0.8972846,0.0000000,0.0000000,0.0000000
0.3828774,1.3180310,1.3557563,0.9747098,0.6196612,0.0000000,0.0000000,0.6449754,1.0434576
0.0000000,1.1895562,1.5711923,0.9610743,0.5231646,0.0000000,0.0000000,0.0000000,0.0000000
0.0000000,1.4391999,1.7705475,1.0000097,1.1752036,0.9445863,0.0000000,0.0000000,0.0000000
0.3626627,1.6097415,1.5369924,0.9539048,1.2318192,0.0000000,0.0000000,0.9439575,0.0000000
1.9232017,1.1093394,1.5671779,1.8116940,0.6000503,0.9109487,0.0000000,0.9169981,0.9396296
0.0000000,0.8766582,0.9047685,0.9484511,0.6193975,0.0000000,0.0000000,0.0000000,0.0000000
0.0000000,0.9451498,0.9077077,0.0000000,0.6287579,0.0000000,0.0000000,0.0000000,0.0000000
0.0000000,1.0623538,1.3286466,0.0000000,0.0000000,0.0000000,0.0000000,0.0000000,0.4789972
0.0000000,1.2235609,0.9248869,1.7291436,0.0000000,0.0000000,0.0000000,0.9613068,0.3560190
0.3222605,1.1895456,0.9424178,1.9132576,1.0621317,0.0000000,0.0000000,0.8197673,0.0000000
0.0000000,1.2129625,1.3094890,0.0000000,0.0000000,0.0000000,0.0000000,0.9395371,0.0000000
0.3509491,1.5864072,1.2667440,0.9336433,1.2432965,1.0012124,0.0000000,0.0000000,0.5172250
0.3656331,1.6660823,1.7256311,1.7231105,1.6448690,2.0189893,0.0000000,0.0000000,0.3800526
0.0000000,1.7762351,1.7779254,0.8952350,1.7247257,0.0000000,0.0000000,0.9291172,0.7919546
0.3956867,1.5158901,1.5200345,0.8859070,1.2255887,0.0000000,0.0000000,0.9470722,1.0032061
0.7107112,1.8383286,1.7336733,0.7887334,1.1462548,1.7420677,0.0000000,1.8659915,1.3613522
0.0000000,1.2645309,1.1752121,0.9506436,0.0000000,1.0177251,0.0000000,0.0000000,0.0000000
0.3511052,1.6440786,1.5754131,0.8895846,1.1586489,0.0000000,0.0000000,2.0163106,0.4713833
0.3383081,1.6563344,0.8929087,0.9057784,0.5991777,0.0000000,0.0000000,2.0611198,0.0000000
0.3262805,1.4688121,1.1553402,0.8643452,0.0000000,0.0000000,0.0000000,2.0635175,0.0000000
0.3800729,1.6194960,1.3614609,0.9313713,0.0000000,0.0000000,0.0000000,2.0502042,0.4215082
0.0000000,1.7454021,1.3669767,1.7798180,1.7261335,0.9792929,0.0000000,1.0777482,0.4874957
0.3718962,1.7520136,1.7930245,1.5909190,1.7681011,1.8508610,0.0000000,0.8652971,0.9931162
0.3392485,1.9456166,1.5812166,0.9317603,1.7875929,1.7486898,0.0000000,0.9680172,0.0000000
0.3463362,1.9171655,1.7496485,1.7948407,0.5209589,2.1066834,0.0000000,0.0000000,0.8919153
0.3119629,1.7877015,1.7239980,0.0000000,1.2706275,0.9342841,0.0000000,0.0000000,0.0000000
0.0000000,1.3403017,1.1511526,0.8451408,0.0000000,1.8680334,0.0000000,0.0000000,0.9253490
0.3216463,1.4197729,1.3781530,0.8503302,0.0000000,0.8860488,0.0000000,0.0000000,0.4472502
0.3635399,1.7503398,1.8041305,1.7536340,1.7361832,0.8996880,1.3500051,1.8035648,0.4113664
0.3386146,1.6565577,1.5930572,1.6778690,1.2004739,0.8871094,0.0000000,1.0525434,0.4366150
0.0000000,1.5207473,1.7786290,0.9309630,1.0896665,1.0545644,0.0000000,0.0000000,0.0000000
0.0000000,1.5516985,1.5595588,1.8308166,0.5140246,1.0402363,0.0000000,0.0000000,0.0000000
0.0000000,1.5665309,0.8713458,0.0000000,1.8806509,1.9148024,0.0000000,2.1907724,0.5217788
0.3754806,1.7883842,1.7598335,0.9278568,1.2653697,2.0207119,0.0000000,1.0136271,0.0000000
0.3129587,1.9636697,1.5413059,0.8603129,1.2122388,0.9742537,0.0000000,0.9885935,0.4089579
0.0000000,1.1500837,1.1511575,0.8455720,0.0000000,1.7804533,0.0000000,2.2761506,0.5390991
0.0000000,1.0554741,0.9189511,0.0000000,0.6706265,0.0000000,0.0000000,0.9873597,0.4476684
0.3769634,1.6321005,2.0185340,0.0000000,0.5244182,2.1192352,0.0000000,0.0000000,0.0000000
0.3346038,1.7294971,1.3435459,0.9275442,1.7920458,0.0000000,0.0000000,0.0000000,1.0217494
0.0000000,1.1849785,1.3793466,1.0334821,0.6437096,0.9850583,0.0000000,0.0000000,0.0000000
0.3703136,1.4975012,1.3580037,1.0076085,0.0000000,0.9347750,0.0000000,0.0000000,0.0000000
0.0000000,1.2819367,1.5594628,1.0225330,0.5770405,0.0000000,0.0000000,0.0000000,0.0000000
0.0000000,1.1863189,1.3744368,1.0244574,0.5457743,0.0000000,0.0000000,0.0000000,0.0000000
0.7610837,1.2614371,1.1224057,0.9134733,1.8157538,0.0000000,0.0000000,0.8818563,0.0000000
0.7200775,1.3324964,1.5681453,1.0076505,0.6531773,0.8856680,0.0000000,0.8449521,0.5247832
1.1399225,1.6207635,1.7703046,0.9593413,0.6149754,0.0000000,0.0000000,0.0000000,0.3828335
0.3267391,1.5604094,1.5766927,1.8994238,1.1416499,0.9229144,0.0000000,1.9458633,0.8901423
0.3403471,1.6740021,1.0689633,0.8326022,1.3353675,0.8840720,0.0000000,0.0000000,0.9547887
0.0000000,1.3998401,1.2955764,0.9949979,1.1641145,1.9790190,0.0000000,0.0000000,0.0000000
0.3196704,1.6935324,1.7323404,0.9822919,1.6286889,0.9363797,0.0000000,0.8299849,0.0000000
0.3622957,1.4610955,1.5186437,0.9317202,1.1380216,2.0061621,0.0000000,0.9220861,0.0000000
0.0000000,1.3480586,1.3702682,0.9301321,1.8317163,0.0000000,0.0000000,0.8737873,0.0000000
0.3315065,1.3390531,1.5518580,0.9662871,1.2561748,0.0000000,0.0000000,0.0000000,0.4865095
0.3656435,1.3379716,0.9099855,0.9290719,1.2447629,0.7617472,0.0000000,0.0000000,0.0000000
0.3689868,1.2698587,1.5420645,0.6733750,0.0000000,0.9743559,0.0000000,0.9361484,1.0530676
0.0000000,1.6063587,0.6748266,0.9501568,0.6563595,0.8740833,0.0000000,0.0000000,0.0000000
0.0000000,1.3852405,1.1842059,0.9770760,1.2012491,0.8889691,0.0000000,0.0000000,0.9069449
0.0000000,1.2433220,1.1835907,0.9705348,0.0000000,0.8674475,0.0000000,0.8670157,0.4533476
0.0000000,1.3232028,1.0678051,0.9801551,1.1294551,0.0000000,0.0000000,0.8759239,0.3764610
0.3384223,1.6040646,0.9115811,0.9351035,1.3476430,0.9601031,0.0000000,0.9857977,0.0000000
1.1082240,1.5244940,1.0794805,0.9482846,0.0000000,0.8720013,0.0000000,2.2001496,0.0000000
0.2957644,1.4260446,1.3371001,0.9286179,1.3113330,0.8214431,0.0000000,0.0000000,0.0000000
0.0000000,1.6312445,1.5561429,1.0142586,1.7861687,1.9871150,0.0000000,0.0000000,0.0000000
0.0000000,1.0390487,1.3133770,1.0079782,0.6066139,0.9245972,0.0000000,0.0000000,0.5209971
0.8211334,1.0277307,0.9671781,0.9473662,0.6457312,0.0000000,1.5818136,0.0000000,1.3378508
0.0000000,1.1867652,1.1113611,0.8551051,1.3627584,0.0000000,0.0000000,0.0000000,0.4972738
0.0000000,1.3878936,0.8543580,0.8843295,0.6899311,0.9877817,0.0000000,0.0000000,0.4982531
0.0000000,1.2279188,1.3580342,0.9955196,0.6118033,0.9473213,0.0000000,0.0000000,0.5530504
0.0000000,1.4324714,1.1275140,0.9596458,1.2735676,0.9339029,0.0000000,0.8586751,0.0000000
0.3234838,1.1257515,1.3245270,1.7600436,0.5706707,1.9548043,0.0000000,0.8639905,0.5029590
0.0000000,1.2020742,1.1923835,1.0354679,0.5959619,0.8872741,0.0000000,0.8818700,0.0000000
0.0000000,0.8536542,1.3507538,0.8775826,0.0000000,2.0647672,0.0000000,0.0000000,0.0000000
0.0000000,1.4336386,1.1861908,1.0529032,1.2131728,2.1229903,0.0000000,0.9145493,0.0000000
0.0000000,1.0394014,1.1248982,1.0338378,0.0000000,0.8969701,0.0000000,0.8367321,0.0000000
0.7330827,1.4157448,1.6069919,0.9910636,0.5832996,0.8538176,0.0000000,0.0000000,0.8979685
0.0000000,1.3608964,1.1894598,1.8098010,0.6183438,0.9168525,0.0000000,0.8461981,0.0000000
0.0000000,1.5491551,1.1864902,0.9983409,1.2908762,0.8926212,0.0000000,0.9136829,0.0000000
0.0000000,0.9971610,1.3743701,0.0000000,0.0000000,0.0000000,0.0000000,1.1103613,0.0000000
0.0000000,1.2608466,0.9170370,1.0203156,1.8125599,0.8161171,0.0000000,0.0000000,0.0000000
0.0000000,1.3288706,1.1409053,0.8638082,1.2625278,0.9331996,0.0000000,0.0000000,0.0000000
0.0000000,1.1392392,0.9235747,0.9855441,1.2900537,1.1047184,0.0000000,0.0000000,0.0000000
0.0000000,1.3817370,1.3638167,1.7523830,1.2278429,0.9143035,0.0000000,1.1343800,0.5319633
0.6686570,1.2379862,1.5703546,1.0132743,0.5234575,2.1649511,0.0000000,0.9136262,0.0000000
0.3036099,1.3337625,0.9092126,0.9018115,0.6022026,0.9583879,0.0000000,0.0000000,0.0000000
0.3730484,1.4589124,1.3061404,0.9553929,1.3580026,0.0000000,0.0000000,0.0000000,0.4068031
0.3562525,1.1134516,0.9437923,0.9781390,0.0000000,1.1389164,0.0000000,0.0000000,0.9389955
0.3577566,1.1559971,1.1828564,1.0292772,1.7869006,1.7601087,0.0000000,0.0000000,0.0000000
0.0000000,1.1211551,1.5107447,0.9974828,0.6214536,2.0556423,0.0000000,0.0000000,0.5034690
0.3684052,1.3479233,1.3239837,1.0136100,0.6181820,1.1086108,0.0000000,0.9982509,0.0000000
0.0000000,0.7319828,0.8870660,1.0254759,0.6625020,0.0000000,0.0000000,0.0000000,0.5470428
0.3578207,0.8994961,1.2786779,0.9402741,0.6480867,0.9202998,0.0000000,0.0000000,0.0000000
0.3897084,1.6123671,1.5416596,0.9825472,1.3010864,0.8590092,0.0000000,0.8185531,0.5218033
0.6160772,1.3172410,1.3122000,0.9980598,1.1799605,0.9262792,0.0000000,0.7891088,0.3764942
0.0000000,1.2205788,1.3979183,1.0522230,0.4858534,1.9486212,0.0000000,0.9607336,1.0019156
0.0000000,1.4141188,1.3790849,1.8010991,1.2544703,0.9584748,0.0000000,0.0000000,0.5210066
0.0000000,1.1659701,0.9014400,0.0000000,1.1720328,0.0000000,0.0000000,0.0000000,0.0000000
0.3865950,1.6114672,1.3383128,1.7645973,1.2734940,1.9343061,0.0000000,0.9202365,0.8713887
0.3580894,1.3247807,1.3376349,0.9606325,1.7524622,0.9071372,0.0000000,0.8884728,0.3680000
0.0000000,1.2268778,0.9549603,0.9790301,0.0000000,0.9087889,0.0000000,1.0048510,0.0000000
0.3762423,1.2174234,1.1234482,1.0332023,1.1523378,0.0000000,0.0000000,0.0000000,0.5353046
1.2445046,1.2522755,1.1761242,0.9966843,0.5909261,0.9163385,0.0000000,0.9859113,0.0000000
0.3596894,1.2426133,0.9130765,0.8628549,0.5890673,0.0000000,0.0000000,2.1944958,0.4447770
0.0000000,1.0398315,1.3434572,0.0000000,0.0000000,0.0000000,0.0000000,1.1238134,0.0000000
0.7280359,1.1402056,0.9625233,0.9158754,0.6303664,0.0000000,0.0000000,2.1917279,1.5519376
0.3596443,1.6150071,1.5316687,0.8997146,1.8203250,0.0000000,0.0000000,0.9730650,0.0000000
0.3906093,1.5154736,1.3213716,0.9204778,1.2406963,0.0000000,0.0000000,1.9439954,0.0000000
0.0000000,1.3251389,1.1546988,0.9227656,0.5515749,0.8672236,0.0000000,0.9283511,0.0000000
0.0000000,1.4336953,1.1428289,0.9726714,1.1494021,0.8705141,0.0000000,0.9428232,0.5267640
0.0000000,1.4267674,1.3803376,1.9434792,0.0000000,0.0000000,1.4478688,1.0494164,0.0000000
0.2977433,1.3333593,1.3610209,0.9034706,0.6048411,2.0415022,0.0000000,0.9409826,0.0000000
0.0000000,1.3403410,1.3347236,0.8936712,0.5561833,0.0000000,0.0000000,0.8374203,0.0000000
0.0000000,1.6919680,0.8825879,0.0000000,1.3043380,0.0000000,0.0000000,0.0000000,0.0000000
0.3750050,1.7478268,1.4906176,0.8521241,1.3037383,0.0000000,0.0000000,0.0000000,0.0000000
0.3866444,1.8429850,1.2994676,0.8966487,1.8614902,0.0000000,0.0000000,0.0000000,0.0000000
0.0000000,1.7988468,1.2723849,0.9429053,1.1879503,1.1940341,0.0000000,1.0026376,0.0000000
0.3969127,1.9869190,1.4708594,0.6833118,1.9518702,0.0000000,0.0000000,0.7964111,0.0000000
0.3711965,1.8847926,1.0893196,0.0000000,1.3913082,0.0000000,0.0000000,0.0000000,0.0000000
0.3968283,1.8751447,1.2720018,1.5796089,1.3177595,0.0000000,0.0000000,0.8321850,0.0000000
0.3574569,1.3720686,0.4726149,0.0000000,1.3391187,0.0000000,0.0000000,0.0000000,0.9784047
0.3883658,1.9312322,1.2665431,0.8880546,1.3011588,0.9476036,0.0000000,0.8899697,0.0000000
0.3835187,1.3535668,1.5177567,0.8541637,1.2722725,0.0000000,0.0000000,0.0000000,0.0000000
0.4045554,1.4420313,1.0716284,0.0000000,0.6769572,1.7607979,0.0000000,0.0000000,0.5414030
0.0000000,1.2489973,0.9338331,0.9416403,1.2039747,0.0000000,0.0000000,0.0000000,0.0000000
0.3953162,1.4970767,0.4607724,0.0000000,0.7199442,0.0000000,0.0000000,0.0000000,0.0000000
0.4195919,1.3566918,0.4957394,0.0000000,0.7395003,0.0000000,0.0000000,0.0000000,0.0000000
0.3686642,1.2667100,0.6245127,0.0000000,0.5857724,1.0547449,0.0000000,0.0000000,0.0000000
0.3925200,1.0281503,1.2564452,0.9495361,1.2452539,0.8508058,0.0000000,0.9191819,0.0000000
0.3553243,1.6269622,1.0858102,0.9221594,1.8282270,0.7457345,0.0000000,0.9408397,0.0000000
0.3390515,1.8515140,1.3165728,0.8634161,1.8469552,0.0000000,0.0000000,1.0430201,0.0000000
0.3240583,1.6398850,1.2896614,0.9062844,1.1870551,0.8290115,0.0000000,1.0248365,0.0000000
0.3881749,1.6099067,1.4857758,0.9074001,1.1900774,0.0000000,0.0000000,1.0066887,0.0000000
0.3845278,1.4153818,1.3364930,0.8099568,1.8252761,0.0000000,0.0000000,0.9063861,0.0000000
0.0000000,1.3478844,1.4030397,0.9447240,0.0000000,0.0000000,0.0000000,0.0000000,1.0182766
0.0000000,1.5290593,1.3812125,0.9749520,0.5937783,0.0000000,0.0000000,0.9907329,0.0000000
0.3228706,1.3597483,1.5695269,0.0000000,1.1583326,0.9866391,0.0000000,0.0000000,0.0000000
0.0000000,1.6254923,1.5040135,0.9084137,1.2705993,1.6384278,0.0000000,1.6883709,0.0000000
0.0000000,1.3132626,1.3060609,0.9065939,1.8698432,0.0000000,0.0000000,0.0000000,0.0000000
0.0000000,1.1514531,1.3985300,0.9644839,0.6467956,0.9900044,0.0000000,0.0000000,0.4518386
0.0000000,1.1540354,0.6610927,0.0000000,0.6719298,0.0000000,0.0000000,0.0000000,0.0000000
0.0000000,1.0521876,1.2810771,1.7885918,1.2419519,0.9246455,0.0000000,0.0000000,0.0000000
0.3669054,0.8573436,1.3034233,0.7953939,0.5010329,0.7955779,0.0000000,2.1026905,1.5782955
0.3657387,0.9587748,1.1530144,0.0000000,1.2226568,0.9233324,0.0000000,0.0000000,0.0000000
0.0000000,1.3455007,1.3479125,0.7545357,0.6471445,0.9486923,0.0000000,0.8897683,0.4907289
0.0000000,0.9284259,1.1396345,0.0000000,0.6947745,0.0000000,0.0000000,0.0000000,0.0000000
0.0000000,1.2001532,1.4582132,0.0000000,0.6657309,0.0000000,0.0000000,0.8934973,0.0000000
0.4319221,1.3868761,0.9442246,0.0000000,0.7405118,0.0000000,0.0000000,0.0000000,0.4432809
1.1133175,1.3828137,1.5603985,0.9905868,1.1879724,2.0090287,0.0000000,0.0000000,0.0000000
1.1651501,1.4836180,1.6892999,0.9850583,1.6722130,1.7993550,0.0000000,0.8107951,0.0000000
1.5737443,1.5348425,1.7348771,0.9805511,1.8309570,0.8322895,0.0000000,0.8081489,0.3995783
1.1129490,1.5535692,1.4797590,0.9809555,1.7102281,1.5854993,0.0000000,0.9011107,0.0000000
1.1809607,1.4166836,1.0827315,0.9845070,1.1056605,0.9245860,0.0000000,0.8673232,0.0000000
1.2060385,1.4956524,1.3079383,0.9904644,1.2503285,1.9896427,0.0000000,0.9339936,0.0000000
1.1540770,1.3852615,1.1262884,0.9680440,0.5761380,1.8116116,0.0000000,0.8782587,0.0000000
1.5018839,1.3252391,1.5622818,1.0124639,0.6423155,1.8050524,0.0000000,0.8704663,0.0000000
1.2506292,1.0293024,1.1350005,1.0240907,1.1902573,1.9236194,0.0000000,0.9959845,0.0000000
1.4348554,1.3353696,0.8906752,0.9737819,1.2622335,0.9762636,0.0000000,0.9299468,0.0000000
1.2113059,1.2900342,1.0923985,0.9630790,1.7319116,1.8503433,0.0000000,0.9859328,0.0000000
1.2186489,1.3077523,1.1067989,0.9703283,0.5656767,0.9513161,0.0000000,0.9694863,0.0000000
0.8854639,1.1238800,1.1233148,0.0000000,1.2878800,0.9202404,0.0000000,0.9021104,0.0000000
0.8617683,1.1425285,1.3448876,0.9396561,1.2825722,1.5979281,0.0000000,0.9828377,0.0000000
0.8766790,1.3116685,1.1755324,1.7236366,1.3795371,0.0000000,0.0000000,0.0000000,0.0000000
0.8906112,1.2797938,1.1380759,1.0323667,0.6584291,1.8260551,0.0000000,0.9480261,0.3513878
0.8620739,1.3838835,0.9797870,1.0217626,1.3669884,1.8714029,0.0000000,1.0329423,0.0000000
0.8679123,1.1032930,1.1186337,0.7673803,0.6359477,0.9400027,0.0000000,0.9401474,0.0000000
1.1237337,1.4548234,1.1170717,0.8204206,0.6416323,0.9220475,0.0000000,0.9150469,0.0000000
1.0944283,1.3864569,1.1484496,0.6985050,0.5629967,1.9077663,0.0000000,1.8527662,0.0000000
0.8820666,1.0286467,1.1567896,1.8600869,0.6810883,0.0000000,0.0000000,0.9475904,0.0000000
0.8583998,1.1289614,1.1235673,1.7726568,1.2013739,0.0000000,0.0000000,0.9692351,0.0000000
0.8022511,1.2065174,1.1595645,1.8818307,0.0000000,0.9219625,0.0000000,1.0021210,0.0000000
0.7248481,0.8190209,0.9421677,0.9334740,1.1872565,0.9048495,0.0000000,0.9665699,0.0000000
0.8680021,0.9408013,1.1660380,0.9682008,0.6156810,0.8238864,0.0000000,0.0000000,0.0000000
0.8678849,1.1245579,1.1222344,0.9839996,0.0000000,1.8463231,0.0000000,0.8075315,0.0000000
1.1994069,1.0987680,1.3578691,0.9745357,0.5493928,0.0000000,0.0000000,0.0000000,0.0000000
0.8921284,0.9458081,0.9232434,0.9112879,0.5844736,0.9584970,0.0000000,0.9566072,0.0000000
0.8812107,1.3163618,1.0330589,0.8684265,0.6130262,0.8914004,0.0000000,0.9146655,0.0000000
1.2126419,1.5980652,1.4676250,0.9931189,1.2841499,0.9714845,0.0000000,0.9733981,0.3176795
0.9023366,1.1754457,1.3492813,0.0000000,1.2919974,1.1045036,0.0000000,0.9559115,0.0000000
0.8736841,1.2748329,1.5193058,0.9760366,0.6422152,2.0567231,0.0000000,0.9339839,0.0000000
1.2302982,1.3898412,1.3537471,0.9634650,0.6588364,0.9925077,0.0000000,1.0236914,0.0000000
1.2381179,1.3192108,1.3189117,0.9647910,1.2469356,1.8249670,0.0000000,0.8831536,0.0000000
1.2370004,1.3696420,1.5338503,0.8734595,0.5629743,0.0000000,0.0000000,0.8636603,0.0000000
0.8317007,1.2051643,0.9044886,1.8061202,0.5097680,0.0000000,0.0000000,0.0000000,0.0000000
1.1392245,1.0858822,1.3836251,0.9811094,1.1101616,1.9251154,0.0000000,0.8926036,0.0000000
1.2848733,0.9559673,1.3725334,0.9825791,1.2998564,0.9528302,0.0000000,1.0543457,0.0000000
1.2397883,1.2786778,0.9565487,0.9840247,0.6412879,2.0067145,0.0000000,0.0000000,0.0000000
0.8393872,0.9020465,0.9593449,0.9962320,0.5584837,0.0000000,0.0000000,0.0000000,0.0000000
1.1673966,1.3662784,0.9547751,0.9739477,0.0000000,1.0031152,0.0000000,0.9743161,0.0000000
0.8456345,1.0143782,0.7134725,0.9139440,1.2745630,0.0000000,0.0000000,0.8968151,0.0000000
0.7179542,1.2981130,1.5412607,0.8723744,1.8325690,1.8181090,0.0000000,0.9956040,0.0000000
1.2048885,1.2185579,1.2912387,0.9664640,1.2165020,0.8248806,0.0000000,0.8981329,0.3798373
1.5774563,1.4069759,1.7499939,1.0151115,1.7580947,2.1277007,0.0000000,0.9789417,0.3695513
1.4444461,1.0072933,1.1038269,0.9730508,1.2841596,0.0000000,0.0000000,0.9985579,0.3795279
0.7323220,1.4903376,1.0794230,0.9368835,0.6219253,0.0000000,0.0000000,0.9198589,0.3684372
0.0000000,1.2479549,0.9430788,0.9893756,1.9746424,0.8899575,0.0000000,0.0000000,0.0000000
0.0000000,1.0731483,1.1554856,0.9510519,0.6311419,1.0296256,0.0000000,0.0000000,0.5224489
0.0000000,0.9102597,1.0730837,0.9608559,0.5960810,0.9245116,0.0000000,0.0000000,0.5222852
0.0000000,0.9521209,1.0072120,0.9163007,1.2537112,1.6889297,0.0000000,0.0000000,0.4612642
0.0000000,1.0740544,0.8241490,0.8718610,1.3539243,2.3490828,0.0000000,0.8254799,0.5591345
0.0000000,1.2217024,0.9713920,1.0286795,1.2932637,1.0736278,0.0000000,0.8406567,0.5575374
0.0000000,0.7915054,0.9624284,0.9131446,0.6567724,2.1401501,0.0000000,0.0000000,0.5481248
0.0000000,1.3188318,1.3564231,0.8708946,1.2535176,0.9569500,0.0000000,0.8350479,0.0000000
0.0000000,1.0108319,1.2931228,0.9357746,1.2694389,0.8744536,0.6388955,0.0000000,0.5109783
0.0000000,0.9557627,0.4846583,0.0000000,1.3076028,2.1967572,0.0000000,0.0000000,0.5646271
0.3873261,1.2454820,0.7629903,0.9083855,0.0000000,0.9195032,0.0000000,0.0000000,0.4838165
0.0000000,1.1967715,1.6086965,0.9882573,0.6652187,1.8045600,0.0000000,0.9241906,0.5819700
0.0000000,1.2289846,1.6081294,0.9666698,0.6357945,2.0563966,0.0000000,0.0000000,0.4697432
0.0000000,0.7344686,0.8822155,0.9921615,0.0000000,0.0000000,0.0000000,0.0000000,0.0000000
0.0000000,1.0337906,1.2879400,0.8383206,0.5998877,1.1239178,0.6690657,0.0000000,0.5300124
0.3896973,1.4786288,1.5345141,0.9380898,0.6303030,1.0636226,0.0000000,0.0000000,0.5178472
0.0000000,0.9179267,1.3839259,0.9944205,0.6860335,1.0510682,0.0000000,0.0000000,0.5794089
0.3730378,0.8619987,1.5719106,0.7580568,1.1778159,1.9385256,0.0000000,0.8287527,0.0000000
0.0000000,0.6400432,1.1337419,0.0000000,0.6334413,0.0000000,0.0000000,0.0000000,0.5273894
1.1623974,1.8449606,1.7891148,0.9174165,1.1560827,0.7095929,0.5935038,0.8698354,0.2362462
0.0000000,1.3920492,1.3248940,0.9678734,1.2385193,1.7332688,0.6681727,1.5570859,0.3844611
0.0000000,1.3608377,1.0705707,0.0000000,1.0394116,1.1258366,0.0000000,0.0000000,0.0000000
0.0000000,1.2211000,1.5128188,1.0630893,1.2564804,0.9262792,0.0000000,0.9800872,0.0000000
0.3885481,1.6216219,1.7895616,0.9756512,1.2307211,0.9727016,0.0000000,0.9499540,0.9279053
0.0000000,1.3385033,1.3154147,0.9972571,1.2242831,1.0203132,0.4594942,1.0242140,0.0000000
0.0000000,1.5281999,1.1197836,0.0000000,1.7814339,0.9266951,0.0000000,0.0000000,0.0000000
0.0000000,1.6567503,1.3083511,1.0018186,1.8317437,1.6403641,0.0000000,0.8062647,0.0000000
0.0000000,1.5905619,1.3084894,0.9977100,1.8369001,0.7850246,0.0000000,1.6434281,0.0000000
0.3738242,1.7142285,1.5797567,1.0243227,1.2902000,0.9987973,0.7108644,0.8396759,0.3344076
0.9950292,1.6504217,1.7365088,0.9848045,1.2597572,0.9396471,0.0000000,0.9482872,0.0000000
0.0000000,1.0231745,1.0567425,0.8731226,0.6167881,0.0000000,0.0000000,0.0000000,0.3686346
0.0000000,1.5421312,1.4860996,0.9118049,1.3355298,0.9631473,0.0000000,1.0410590,0.0000000
0.0000000,1.4012798,1.5080279,1.8704391,1.3033661,0.8051607,0.0000000,0.0000000,0.5067901
0.3108670,1.5565726,1.4720809,0.9376044,1.3408957,0.7591800,0.0000000,1.8229490,0.3175713
0.3778610,1.4586086,0.8659817,1.0056376,1.4231995,2.0502722,0.0000000,0.9212789,0.3063216
0.3051896,1.5896712,0.8912383,0.9128673,2.0072998,0.0000000,0.0000000,0.8174620,0.3915660
0.0000000,1.0918933,1.0858391,0.9490126,0.0000000,0.8034489,0.0000000,1.0044537,0.3551377
0.0000000,1.4816096,0.9092567,0.8884230,1.1930785,0.9347814,0.0000000,0.8900611,0.0000000
0.0000000,1.5571680,1.0571961,0.8958274,1.2008402,1.0129349,0.0000000,0.9140698,0.0000000
0.3940983,1.8256962,1.1478751,0.8399963,1.2559663,0.7909616,0.0000000,0.8387188,0.3085309
0.4036851,1.6701331,1.5147801,0.0000000,1.3122204,0.7688945,0.0000000,0.0000000,1.0163539
0.0000000,1.4059386,1.2981391,1.7938760,1.3109515,1.8240152,0.0000000,0.9151921,0.3899046
0.3849082,1.7274854,1.3019895,1.8772206,1.1335799,0.0000000,0.0000000,1.6265839,0.4556033
0.0000000,1.4465394,0.9543535,0.7664706,1.7248757,0.9951028,0.0000000,0.9585659,0.0000000
0.0000000,1.4054108,1.3591205,0.9135083,0.6331296,0.0000000,0.0000000,1.0135288,0.0000000
0.0000000,1.4505686,1.7564832,0.9624087,0.6666095,0.9483653,0.0000000,0.0000000,0.5204038
0.3658679,1.5499469,1.1131923,0.8725061,1.3184102,0.9529758,0.0000000,0.8734366,1.0219258
0.0000000,1.0487054,1.1585061,1.0355699,0.6184481,1.0017414,0.0000000,0.0000000,0.0000000
0.3471837,1.3351018,1.6078119,0.0000000,1.2182231,1.9546372,0.0000000,0.0000000,0.0000000
0.0000000,1.3112354,1.3436326,1.8201528,0.5402799,0.0000000,0.0000000,0.0000000,0.5039190
0.0000000,1.1483864,0.7229568,0.0000000,0.5712962,0.9603392,0.0000000,0.0000000,0.0000000
0.0000000,1.2631334,1.3539843,1.0318226,0.6075794,0.0000000,0.0000000,0.0000000,0.0000000
0.3469923,1.2797467,1.7796184,0.9473001,0.6112100,2.0989950,0.0000000,2.2292685,0.9689369
0.0000000,1.2376755,1.1559108,0.0000000,0.6666883,1.0239627,0.0000000,2.2048552,0.9608232
0.0000000,0.6331386,1.1271120,1.0034594,0.0000000,0.0000000,0.5581822,0.0000000,0.4447862
0.3315883,1.1480327,1.7329181,0.0000000,0.6425849,0.0000000,0.0000000,0.0000000,0.0000000
0.0000000,0.9784116,1.3775227,0.0000000,0.0000000,0.0000000,0.0000000,0.0000000,0.0000000
0.0000000,0.9672896,1.1541662,0.0000000,1.2643177,1.1253255,0.0000000,0.0000000,0.0000000
0.0000000,0.8906439,1.3623118,1.8254880,0.0000000,1.0221351,0.0000000,0.0000000,0.5218195
0.0000000,1.2310008,1.1708245,0.7758931,0.0000000,0.0000000,0.0000000,0.0000000,0.0000000
0.0000000,1.1244668,1.3647716,0.0000000,1.1972871,1.0414410,0.0000000,0.0000000,0.0000000
0.3523279,1.0732457,1.2033644,1.8811425,0.5407792,1.0055756,0.0000000,0.8736579,0.9342801
0.0000000,1.1599030,1.7558813,0.9647043,0.0000000,1.0554334,0.0000000,0.0000000,0.8680559
0.7955874,1.4702671,1.5620633,0.9062795,1.7243537,0.0000000,0.0000000,1.6763649,0.4568262
0.3438435,1.4260438,1.2933035,0.8963313,1.2364917,0.8855904,0.0000000,0.0000000,0.0000000
0.3939533,1.5814817,1.1710691,0.9549383,1.1887326,0.9049435,0.0000000,0.8388751,0.7354835
0.3665672,1.4232295,1.3732156,1.9027928,0.6379332,1.8819600,0.0000000,0.0000000,0.5165559
0.0000000,1.1736622,1.9426221,1.0027799,0.5826413,0.0000000,0.0000000,0.0000000,0.5421395
0.0000000,1.2595002,1.3762984,0.9379467,0.6566686,0.9939822,0.0000000,0.0000000,0.4069017
0.0000000,0.8138329,1.2682298,0.8934160,0.5580595,0.9886882,0.0000000,0.0000000,0.5756679
0.3752031,1.5074195,1.8144063,1.0246022,0.6306067,1.1001621,0.0000000,1.0129422,0.0000000
0.3653175,1.2365153,1.3666148,0.9904218,1.2005778,1.0749254,0.0000000,0.0000000,0.0000000
0.0000000,1.5079281,1.6847730,0.9946024,0.6653990,1.9722839,0.0000000,0.9002500,0.0000000
0.3531783,1.0937527,1.1611153,0.9730208,1.3124049,1.9970170,0.0000000,0.8718766,0.4958519
0.3242908,1.3779492,1.7339741,1.9240333,1.1367081,0.9816350,0.0000000,0.7902471,0.5234720
0.3752748,1.3767478,1.5459707,1.9140960,1.2354663,1.0612888,0.0000000,0.8837805,0.5089532
0.3788066,1.3009167,1.4780389,1.7452664,1.7306253,0.9737697,0.0000000,0.0000000,0.0000000
0.3431183,1.3063982,1.7858165,1.0116681,1.2546270,1.0174480,0.0000000,0.8387068,0.9812024
0.0000000,1.1987880,1.1209213,0.9101643,0.6541557,0.9068252,0.0000000,0.0000000,0.0000000
0.0000000,1.0471887,1.3520198,0.9794637,0.7321405,0.9261230,0.0000000,0.0000000,0.0000000
0.3628893,1.2399822,1.1167387,0.9341680,1.2570771,0.9556259,0.0000000,0.0000000,0.0000000
0.3586795,1.2064099,1.4305881,0.9223326,1.0973529,1.0510729,0.0000000,0.6787513,0.3263529
0.0000000,1.4342517,1.0191624,0.0000000,1.9095047,0.8595628,0.0000000,0.0000000,0.0000000
0.0000000,0.9593847,1.5393972,0.9056856,1.2614158,0.9759691,0.0000000,0.0000000,0.0000000
0.0000000,1.1328589,0.8920845,0.0000000,1.3497148,0.7383658,0.0000000,0.0000000,0.0000000
0.0000000,0.8198661,1.1600242,0.9650706,0.6137203,1.0125981,0.0000000,0.0000000,0.3940111
0.3669517,1.3870360,1.1324686,0.7756617,0.6529652,0.9193106,0.0000000,0.0000000,0.0000000
0.0000000,1.2261130,1.4654501,0.9627010,1.8543715,0.9758086,0.0000000,0.0000000,0.0000000
0.0000000,0.6398776,0.9094022,0.9585126,0.5988820,1.0638311,0.0000000,0.8804384,0.5479711
0.3682227,1.2161116,1.7020674,1.8579836,0.6455524,1.0586191,0.0000000,0.0000000,0.5329001
0.2993008,1.2713501,1.8418147,1.0013726,1.2340868,2.1238727,0.0000000,0.0000000,0.8949992
0.0000000,0.9505432,1.1140497,0.0000000,1.2553845,0.9019972,0.0000000,0.0000000,0.0000000
0.2595832,0.9021910,1.3222879,0.8991806,0.5642631,1.0766314,0.0000000,0.0000000,0.5348404
0.3950714,1.2317432,1.3693851,0.0000000,1.1259783,0.0000000,0.0000000,0.0000000,1.0620239
0.3227424,0.6566879,1.3772608,0.9648193,1.1067646,1.0138863,0.0000000,0.8891728,0.5471893
0.6056528,1.3650241,1.6782232,0.9834147,1.0897990,1.0254972,0.0000000,0.0000000,0.3794658
0.0000000,1.0157837,1.3358847,0.0000000,1.1275665,0.0000000,0.0000000,0.0000000,1.0443940
0.0000000,1.3282143,1.5448519,0.0000000,0.5915540,0.0000000,0.0000000,2.0520978,0.3305555
0.0000000,0.6585975,0.9695697,0.0000000,0.0000000,0.0000000,0.0000000,0.0000000,0.0000000
0.0000000,1.2400998,1.3217950,0.0000000,1.8462479,0.7245014,0.0000000,0.0000000,1.1250063
0.0000000,1.0324259,1.7657195,0.0000000,0.6482360,0.8833543,0.0000000,0.0000000,0.5026893
0.0000000,1.2092338,1.5734849,0.8818359,1.2930134,1.8055402,0.0000000,0.0000000,0.4077302
0.0000000,1.1041423,1.1041430,0.8193237,1.1975269,0.0000000,0.0000000,0.0000000,0.5305706
0.8570799,0.3997422,0.9730126,0.0000000,0.0000000,0.0000000,0.0000000,0.0000000,0.5403078
0.0000000,0.8912420,0.4300306,0.0000000,0.7027540,0.0000000,0.0000000,0.0000000,0.0000000
