1.657642,2.426411,2.250658,1.871442,1.880889,2.000672,0.000000,1.699202,1.5753288
0.000000,2.349828,2.187694,0.000000,0.000000,0.000000,0.000000,0.000000,0.0000000
1.744811,2.348571,2.257305,0.000000,1.898483,1.872159,0.000000,2.081110,1.6656978
1.763794,2.488975,2.184451,1.347354,1.975680,1.862985,0.000000,1.557146,2.0195369
1.834320,2.332595,2.284675,1.877926,1.796266,1.873618,0.000000,1.740295,2.1979847
1.803323,2.363532,2.226317,1.861275,1.949921,1.485848,0.000000,0.000000,1.6278691
1.818035,2.377362,2.248900,0.000000,1.699055,1.633632,0.000000,1.845554,1.7450585
1.923859,2.315757,2.285084,1.857977,1.885107,1.800045,0.000000,0.000000,1.8889022
0.000000,2.349300,2.274772,0.000000,1.960007,1.816441,0.000000,1.800584,1.1806656
1.889635,2.335536,2.239066,1.750123,1.794778,1.813419,0.000000,1.882128,1.8758141
0.000000,2.266166,2.229575,0.000000,0.000000,0.000000,0.000000,0.000000,0.0000000
0.000000,2.346934,2.262995,0.000000,1.734314,1.823771,0.000000,1.762191,0.0000000
0.000000,2.401078,2.223017,0.000000,0.000000,0.000000,2.124679,2.211295,2.0990287
0.000000,2.364345,2.239992,0.000000,2.000702,0.000000,0.000000,0.000000,0.0000000
2.228908,2.388228,2.347197,2.045847,0.000000,2.428368,2.091992,0.000000,2.1444819
2.071697,2.328035,2.243848,1.843173,1.676059,2.202993,2.207680,2.022779,0.0000000
1.896454,2.312810,2.249755,1.895370,1.949808,2.219108,0.000000,1.997167,0.0000000
0.000000,2.338487,2.295729,1.687281,1.868600,1.913081,0.000000,0.000000,0.0000000
0.000000,2.331561,2.261009,0.000000,2.094463,0.000000,0.000000,0.000000,0.0000000
1.786844,2.436273,2.224093,1.737652,1.672747,1.828590,0.000000,1.884937,1.6893920
1.685759,2.352975,2.154505,1.594272,1.837678,1.956662,0.000000,0.000000,0.0000000
1.790243,2.325366,2.215460,1.776547,1.914310,1.744981,0.000000,1.859301,0.0000000
1.752084,2.336622,2.178967,1.706601,1.825796,1.969486,0.000000,0.000000,0.0000000
1.580364,2.349065,2.145892,1.565412,1.829443,1.593428,0.000000,0.000000,0.0000000
1.665542,2.320308,2.222790,1.783135,1.840306,2.375367,0.000000,1.742625,0.0000000
0.000000,2.410348,2.260366,1.490604,1.475089,1.985039,0.000000,1.659889,1.8316918
0.000000,2.344573,2.211631,1.442952,1.745769,1.795983,0.000000,1.622066,0.0000000
1.834965,2.317989,2.205695,1.804990,1.835484,1.490965,0.000000,1.640569,0.0000000
0.000000,2.337582,2.157823,1.783433,0.000000,1.700016,0.000000,1.513457,0.0000000
1.872672,2.269255,2.271197,1.867722,1.702495,1.895407,0.000000,1.845707,0.0000000
1.753333,2.321293,2.209966,1.905855,1.727703,1.772432,0.000000,1.585381,1.7058808
1.702208,2.340444,2.232744,1.809748,1.737343,0.000000,0.000000,1.455566,0.0000000
0.000000,2.350914,2.218928,1.778321,1.838348,0.902422,0.000000,1.717573,1.4624978
0.000000,2.361373,2.163293,1.815429,1.871297,1.774738,0.000000,1.690481,0.0000000
1.890735,2.337336,2.206270,1.826544,1.875570,1.843228,0.000000,1.759873,0.0000000
0.000000,2.350985,2.194659,1.736198,1.565838,1.581059,0.000000,1.483084,0.0000000
1.689236,2.382341,2.192058,1.795502,1.903909,1.871411,0.000000,1.771788,1.5153587
1.617384,2.259501,2.178000,1.828564,1.814848,1.799865,0.000000,1.862048,1.3437034
0.000000,2.313436,2.278315,1.815010,1.770102,1.696114,0.000000,1.851758,1.2336132
0.000000,2.369142,2.142979,1.654780,1.837662,0.000000,0.000000,0.000000,0.0000000
0.000000,2.357327,2.211051,1.851605,0.000000,0.000000,0.000000,0.000000,0.0000000
0.000000,2.334450,2.233094,1.671727,1.888021,1.946599,0.000000,1.806557,1.7380254
1.710580,2.335010,2.221311,1.741868,1.810597,1.759873,0.000000,1.707853,0.0000000
0.000000,2.363890,2.222238,1.460555,1.869569,1.827879,0.000000,1.760612,0.0000000
0.000000,2.338455,2.255657,1.614140,1.570280,1.983851,0.000000,1.784098,1.8303586
1.312653,2.351796,2.272150,1.648005,1.840536,2.058354,0.000000,1.861247,0.0000000
1.670373,2.338649,2.177368,0.000000,2.010749,1.907843,0.000000,0.000000,2.0930326
0.000000,2.337486,2.206637,1.744811,1.833255,2.204391,0.000000,0.000000,0.0000000
1.770545,2.354619,2.253984,1.740295,1.932857,1.731901,0.000000,1.792260,0.0000000
1.767627,2.331818,2.136203,0.000000,1.680678,2.158629,0.000000,0.000000,0.0000000
1.847954,2.446506,2.236586,1.709036,1.717220,1.797112,0.000000,1.887865,1.6532461
0.000000,2.343979,2.249109,0.000000,1.972630,1.847420,0.000000,0.000000,0.0000000
1.671552,2.356770,2.261375,1.771685,1.923792,1.828477,0.000000,1.736951,0.0000000
1.755512,2.332684,2.186194,1.744096,1.782561,1.858512,0.000000,1.369620,0.0000000
0.000000,2.319303,2.205123,1.701178,1.853880,1.781154,0.000000,0.000000,1.4414556
0.000000,2.304308,2.190206,1.753333,1.777604,1.837297,0.000000,1.672076,0.0000000
0.000000,2.344582,2.089559,0.000000,0.000000,0.000000,0.000000,0.000000,0.0000000
0.000000,2.289388,2.252054,0.000000,0.000000,0.000000,0.000000,0.000000,2.2417173
0.000000,2.340518,2.285503,0.000000,0.000000,1.833913,0.000000,0.000000,2.4272695
0.000000,2.307635,2.298614,1.776184,0.000000,1.931958,0.000000,0.000000,0.0000000
0.000000,2.308099,2.221660,1.795239,0.000000,2.017056,0.000000,1.982738,0.0000000
0.000000,2.320389,2.248699,1.885090,1.625393,2.085599,0.000000,0.000000,0.0000000
0.000000,2.371343,2.279000,1.962328,0.000000,2.085852,0.000000,1.977752,2.2299716
0.000000,2.324638,2.207728,1.923935,0.000000,0.000000,0.000000,0.000000,0.0000000
0.000000,2.327642,2.244011,0.000000,0.000000,0.000000,0.000000,0.000000,0.0000000
0.000000,2.344283,2.278355,0.000000,0.000000,1.933077,0.000000,0.000000,2.2067206
0.000000,2.423671,2.294709,0.000000,0.000000,0.000000,0.000000,0.000000,2.1386788
1.740758,2.326109,2.288741,1.910603,1.674694,2.156654,0.000000,0.000000,1.7793040
0.000000,2.349289,2.244821,0.000000,0.000000,1.867378,0.000000,1.934837,0.0000000
0.000000,2.352031,2.308996,1.722597,1.729276,0.000000,0.000000,0.000000,2.1650660
0.000000,2.399407,2.246735,1.761902,0.000000,0.000000,0.000000,0.000000,0.0000000
1.693160,2.337529,2.189320,1.939231,1.869920,2.404658,0.000000,0.000000,0.0000000
1.711124,2.294957,2.312761,0.000000,0.000000,0.000000,0.000000,0.000000,0.0000000
1.695386,2.351503,2.269068,1.884646,1.708643,2.137370,0.000000,0.000000,0.0000000
1.357215,2.340868,2.291954,1.842237,0.000000,1.917903,1.718222,0.000000,0.0000000
0.000000,2.338176,2.304613,1.676665,1.674694,0.000000,0.000000,1.853203,0.0000000
1.971293,2.319260,2.257056,1.859859,2.041779,1.842041,0.000000,0.000000,2.0625650
0.000000,2.358531,2.206353,1.843685,1.922328,1.837920,0.000000,0.000000,0.0000000
0.000000,2.404762,1.988531,0.000000,2.077339,1.914378,0.000000,0.000000,0.0000000
0.000000,2.337917,2.310332,1.848501,1.984276,1.628979,0.000000,0.000000,0.0000000
1.752453,2.343666,2.262685,1.871757,1.827383,0.000000,0.000000,1.873569,1.9566001
0.000000,2.404340,2.104302,1.892106,1.704774,0.000000,0.000000,0.000000,2.1931315
0.000000,2.350244,2.242104,1.712685,1.976277,0.000000,0.000000,1.817381,0.0000000
0.000000,2.368011,2.201645,0.000000,1.828546,0.000000,0.000000,0.000000,0.0000000
1.392959,2.368848,2.276087,1.941972,1.867663,2.136131,0.000000,1.841366,1.8316326
0.000000,2.336276,2.237618,1.856082,0.000000,0.000000,0.000000,0.000000,2.1884062
0.000000,2.404103,2.255303,0.000000,1.651952,0.000000,0.000000,0.000000,0.0000000
0.000000,2.439507,2.321315,0.000000,0.000000,0.000000,0.000000,0.000000,0.0000000
0.000000,2.362744,2.230566,0.000000,0.000000,0.000000,0.000000,0.000000,0.0000000
1.701364,2.438686,2.251292,0.000000,0.000000,1.617384,0.000000,1.992340,0.0000000
0.000000,2.332617,2.288601,1.678278,0.000000,1.589967,0.000000,1.692265,0.0000000
0.000000,2.344897,2.310656,0.000000,0.000000,0.000000,0.000000,0.000000,0.0000000
0.000000,2.362450,2.273965,1.521677,0.000000,0.000000,0.000000,0.000000,0.0000000
0.000000,2.366028,2.232251,0.000000,0.000000,0.000000,0.000000,0.000000,0.0000000
0.000000,2.408269,2.195831,0.000000,0.000000,0.000000,0.000000,0.000000,0.0000000
0.000000,2.329424,2.181285,0.000000,0.000000,0.000000,0.000000,0.000000,0.0000000
0.000000,2.391453,2.217604,0.000000,0.000000,0.000000,0.000000,1.799024,0.0000000
1.598000,2.322226,2.199504,1.611700,1.843220,0.000000,0.000000,0.000000,0.0000000
0.000000,2.336017,2.253381,1.807997,0.000000,0.000000,0.000000,0.000000,0.0000000
0.000000,2.379540,2.276840,0.000000,1.750198,0.000000,0.000000,0.000000,2.0557896
1.837823,2.381137,2.162360,1.898811,1.632521,0.000000,0.000000,0.000000,1.8406947
0.000000,2.382270,2.083133,1.881335,1.838187,2.144008,0.000000,0.000000,0.0000000
1.831150,2.403798,2.216352,0.000000,0.000000,0.000000,0.000000,0.000000,1.8825173
0.000000,2.313857,2.194620,1.706241,0.000000,0.000000,0.000000,0.000000,0.0000000
0.000000,2.286335,2.093002,0.000000,1.988002,1.653778,0.000000,0.000000,2.1685354
1.683853,2.348340,2.217888,0.000000,0.000000,0.000000,0.000000,0.000000,1.9334804
1.939782,2.384167,2.261735,1.910865,0.000000,0.000000,0.000000,0.000000,0.0000000
0.000000,2.396461,2.290595,1.923111,1.637724,0.000000,0.000000,0.000000,2.0188702
0.000000,2.432618,1.976672,1.709272,1.684153,2.034252,0.000000,0.000000,1.5305247
1.505977,2.355820,2.202514,1.718923,0.000000,0.000000,0.000000,0.000000,2.0342880
1.765744,2.343203,2.171648,0.000000,0.000000,1.714496,0.000000,0.000000,0.0000000
2.005007,2.325175,2.254526,0.000000,1.638310,1.829606,0.000000,0.000000,1.9827691
0.000000,2.330634,2.258353,0.000000,1.482179,1.859550,0.000000,1.591971,0.0000000
0.000000,2.380701,2.271075,1.678732,1.759480,0.000000,0.000000,2.151210,0.0000000
1.666112,2.340555,2.161117,0.000000,0.000000,0.000000,0.000000,0.000000,0.0000000
0.000000,2.363232,2.318378,0.000000,0.000000,0.000000,0.000000,0.000000,2.0496656
0.000000,2.315946,2.301099,0.000000,0.000000,0.000000,0.000000,0.000000,0.0000000
0.000000,2.376015,2.213649,1.846892,1.844141,1.587481,0.000000,0.000000,2.0063878
0.000000,2.368275,2.222494,1.703456,2.027169,0.000000,0.000000,0.000000,1.9923913
0.000000,2.284166,2.306259,0.000000,1.924335,2.300425,0.000000,0.000000,0.0000000
0.000000,2.311527,2.203095,0.000000,1.748045,0.000000,0.000000,0.000000,0.0000000
0.000000,2.406563,2.204183,0.000000,0.000000,0.000000,0.000000,0.000000,1.8656903
0.000000,2.382895,2.176794,0.000000,2.102456,2.056922,0.000000,0.000000,0.0000000
0.000000,2.342461,2.258181,1.608453,0.000000,1.643899,0.000000,1.600220,1.4388087
1.603365,2.257425,2.338810,1.724614,1.830222,0.000000,0.000000,1.837880,1.2839307
1.491469,2.368995,2.293318,1.837208,0.000000,0.000000,0.000000,1.658512,1.3255966
1.482859,2.282407,2.299781,1.859619,0.000000,0.000000,0.000000,1.837216,1.1704807
0.000000,2.349287,2.338551,1.464919,0.000000,0.000000,0.000000,1.360918,1.3823279
0.000000,2.365484,2.273153,1.653554,0.000000,0.000000,0.000000,1.269417,1.5110841
0.000000,2.460155,2.145614,1.546892,1.857851,2.030262,0.000000,1.207945,1.2498714
1.747954,2.437362,2.301956,1.744904,1.310146,0.000000,0.000000,2.020920,1.8914358
1.588355,2.380538,2.304028,0.000000,0.000000,0.000000,0.000000,1.788013,1.3911448
1.680135,2.391150,2.365263,0.000000,0.000000,0.000000,0.000000,1.811888,1.4329126
1.605103,2.274486,2.339078,0.000000,1.355484,0.000000,0.000000,1.350199,0.0000000
1.047880,2.333874,2.233336,0.000000,0.000000,0.000000,0.000000,1.830682,0.0000000
0.000000,2.467071,2.497094,1.942286,0.000000,0.000000,0.000000,1.877113,0.0000000
0.000000,2.350277,2.360666,0.000000,0.000000,1.448189,0.000000,1.938354,1.9041895
1.328588,2.366080,2.268860,1.990469,0.000000,0.000000,0.000000,1.037204,0.0000000
0.000000,2.382070,2.372127,1.700660,0.000000,0.000000,0.000000,0.000000,0.7266560
0.000000,2.344012,2.312935,0.000000,0.000000,0.000000,0.000000,1.263911,0.0000000
1.268763,2.325628,2.262866,1.852457,0.000000,0.000000,0.000000,1.386225,0.0000000
1.313008,2.351280,2.309866,1.739863,0.000000,0.000000,0.000000,1.503705,0.0000000
0.000000,2.317927,2.214987,1.772688,0.000000,0.000000,0.000000,1.450441,1.6481783
0.000000,2.416130,2.269775,1.776234,0.000000,1.906542,0.000000,2.066731,0.0000000
0.000000,2.323656,2.235885,1.853138,1.617524,1.941521,0.000000,0.000000,0.0000000
0.000000,2.402233,2.304041,1.900491,1.974264,0.000000,0.000000,2.188146,1.8669675
1.645142,2.306111,2.186336,1.754543,1.812782,1.626982,0.000000,2.246975,1.8392546
0.000000,2.348540,2.256046,1.808816,1.847164,1.488058,0.000000,2.178010,1.6602653
0.000000,2.326050,2.234445,1.750810,1.875123,1.605253,0.000000,2.198172,1.7274251
0.000000,2.377871,2.290447,1.883188,1.970500,1.583169,0.000000,2.176023,0.0000000
0.000000,2.361211,2.247121,1.892987,1.857684,1.586266,0.000000,2.187264,0.0000000
0.000000,2.334454,2.259906,1.882622,0.000000,1.672200,0.000000,2.201440,0.0000000
0.000000,2.352320,2.278889,1.824369,1.936783,1.656602,0.000000,2.229242,0.0000000
0.000000,2.351549,2.270240,1.903262,1.963233,0.000000,0.000000,2.206753,0.0000000
0.000000,2.316914,2.240848,1.790572,1.407350,1.862311,0.000000,2.128451,1.3692143
0.000000,2.332375,2.252442,1.844727,1.451246,1.602718,0.000000,2.172770,0.0000000
0.000000,2.340423,2.270921,1.780487,1.783849,1.811586,0.000000,2.212634,0.0000000
1.888797,2.365019,2.299830,1.770870,1.790209,1.637724,0.000000,2.215820,1.4854767
1.515233,2.334194,2.274515,1.835780,1.831616,1.678062,0.000000,2.117271,0.0000000
0.000000,2.351574,2.294446,1.928473,1.695236,1.643780,0.000000,2.163377,1.4045317
0.000000,2.321668,2.272500,1.777530,0.000000,0.000000,0.000000,2.239681,1.5680502
0.000000,2.346595,2.293077,1.779659,2.003036,1.679732,0.000000,2.235607,0.0000000
0.000000,2.332721,2.269803,1.787006,1.971131,0.000000,0.000000,2.086534,0.0000000
1.640265,2.336414,2.285998,1.806719,0.000000,1.675207,0.000000,2.124381,0.0000000
1.551169,2.339810,2.279374,1.801143,0.000000,1.695900,0.000000,2.258567,0.0000000
0.000000,2.331624,2.261462,1.821133,0.000000,1.532197,0.000000,2.080804,0.0000000
0.000000,2.359690,2.295756,1.812190,1.766213,0.000000,0.000000,2.069708,1.5531163
1.735589,2.343460,2.272446,1.840044,1.928473,1.691034,0.000000,2.094199,1.5478395
0.000000,2.332271,2.254453,1.900243,1.881065,1.531622,0.000000,2.211199,0.0000000
0.000000,2.341063,2.269381,1.736477,1.767840,0.000000,0.000000,0.000000,1.3447749
0.000000,2.337256,2.253657,1.827322,0.000000,0.000000,0.000000,2.282616,0.0000000
1.583938,2.372272,2.255880,0.000000,1.917336,1.704693,0.000000,1.929320,1.7605706
1.630921,2.343347,2.212010,1.816451,1.854525,1.538289,0.000000,2.143674,1.6382481
1.598039,2.362291,2.208341,0.000000,1.971733,1.783504,0.000000,2.262900,1.6635049
1.414494,2.333922,2.213875,1.651272,1.835500,1.457733,0.000000,2.128396,1.7043697
1.646492,2.360021,2.244361,1.830060,1.988105,1.666963,0.000000,2.210152,1.6561899
1.688340,2.349432,2.246507,1.824770,0.000000,1.738737,0.000000,2.209641,1.6433041
0.000000,2.293385,2.207228,1.637106,2.056189,1.727251,0.000000,1.749359,1.7402471
1.728759,2.336658,2.229992,1.786471,0.000000,0.000000,0.000000,2.021106,1.7559723
0.000000,2.326591,2.234316,1.765555,1.882151,1.631915,0.000000,2.197316,1.6801583
0.000000,2.318214,2.246847,1.663715,1.770128,0.000000,0.000000,2.159728,1.7511664
0.000000,2.327639,2.242393,1.799227,1.881241,1.575105,0.000000,2.187443,1.7138695
1.734547,2.336170,2.243769,1.467963,1.664944,0.000000,0.000000,2.258545,1.6817355
0.000000,2.339230,2.189400,1.956402,1.947074,0.000000,0.000000,2.270327,1.9907521
1.590624,2.368686,2.199126,0.000000,1.806476,2.027871,0.000000,1.981665,2.3658486
0.000000,2.324559,2.240761,1.814035,1.917403,2.267201,0.000000,1.625193,0.0000000
0.000000,2.327751,2.239862,1.812598,1.972661,0.000000,0.000000,0.000000,0.0000000
0.000000,2.320034,2.207538,1.816451,1.985211,2.293729,0.000000,1.750422,0.0000000
1.570188,2.310628,2.211613,1.796462,1.907172,1.640781,0.000000,1.818315,0.0000000
0.000000,2.340919,2.246299,1.875954,1.920219,1.729310,0.000000,1.814408,0.0000000
0.000000,2.337067,2.234857,1.835229,1.976465,1.617489,0.000000,1.851824,0.0000000
0.000000,2.333277,2.215207,1.866707,1.903958,1.908320,0.000000,1.569169,1.7135647
0.000000,2.317955,2.229679,1.921101,1.890680,1.571522,0.000000,1.779329,0.0000000
0.000000,2.306613,2.204264,1.891766,1.970146,1.756346,0.000000,1.842175,0.0000000
0.000000,2.303435,2.215726,0.000000,1.899057,0.000000,0.000000,1.876490,0.0000000
0.000000,2.319311,2.237829,1.854389,2.029700,0.000000,0.000000,1.813583,0.0000000
0.000000,2.322755,2.241119,1.861302,2.002095,1.509137,0.000000,1.802305,0.0000000
0.000000,2.326626,2.226698,1.808007,1.976130,1.603327,0.000000,1.813872,0.0000000
0.000000,2.322207,2.235448,1.812355,1.987640,1.639687,0.000000,1.737538,0.0000000
0.000000,2.311837,2.232642,1.849788,1.931356,1.493258,0.000000,1.899674,0.0000000
0.000000,2.323479,2.231294,1.857397,1.891110,1.753771,0.000000,1.713527,0.0000000
0.000000,2.327157,2.235601,1.821716,2.007603,1.602145,0.000000,1.935358,0.0000000
0.000000,2.341744,2.266824,1.851656,1.984626,1.497759,0.000000,1.914926,0.0000000
0.000000,2.323431,2.223440,1.874329,1.973488,1.615098,0.000000,1.783956,0.0000000
1.697306,2.326337,2.239247,1.771012,1.996138,0.000000,0.000000,1.838235,0.0000000
1.788289,2.327351,2.238288,1.827383,1.908814,0.000000,0.000000,1.684659,0.0000000
1.693334,2.319845,2.215776,1.881130,1.947396,1.566311,0.000000,1.769093,0.0000000
1.738850,2.305234,2.174454,1.710813,1.908786,0.000000,0.000000,1.710561,0.0000000
1.698530,2.305174,2.199639,1.801258,1.906208,0.000000,0.000000,1.711762,0.0000000
1.583127,2.340801,2.247324,1.849958,1.977959,1.452579,0.000000,1.757032,0.0000000
0.000000,2.320225,2.229452,1.699306,1.983689,0.000000,0.000000,1.698572,0.0000000
0.000000,2.319723,2.251475,1.794679,1.641445,0.000000,0.000000,1.574925,0.0000000
1.844218,2.293437,2.203304,1.875013,1.893990,2.157760,0.000000,1.915729,0.0000000
1.688632,2.390003,2.157453,1.793719,2.062019,2.322892,0.000000,2.061874,0.0000000
1.639870,2.344242,2.188557,1.857621,2.017217,2.286122,0.000000,1.960095,0.0000000
0.000000,2.346589,2.200358,1.704936,1.960829,2.218533,0.000000,1.439379,0.0000000
0.000000,2.343776,2.235837,1.888758,1.981269,2.265730,0.000000,1.734381,0.0000000
1.774662,2.343223,2.168528,1.833397,1.906440,1.641536,0.000000,1.830614,0.0000000
0.000000,2.326441,2.210387,1.867176,1.963970,2.146087,0.000000,1.924171,0.0000000
1.708051,2.353435,2.211867,1.806101,1.917580,1.628686,0.000000,1.643006,0.0000000
0.000000,2.343271,2.181764,1.807606,1.856639,2.231200,0.000000,1.670197,0.0000000
1.736771,2.338990,2.266774,1.886217,1.797242,0.000000,0.000000,1.731867,0.0000000
1.719015,2.317707,2.227158,1.803240,1.819538,1.620840,0.000000,1.737375,0.0000000
1.735193,2.343130,2.216928,1.813004,1.973048,1.939175,0.000000,0.000000,2.1132915
1.730099,2.304987,2.220874,1.503907,1.772701,0.000000,0.000000,1.633537,0.0000000
1.873283,2.359558,2.220810,1.811537,1.931895,2.170115,0.000000,1.835097,0.0000000
0.000000,2.339934,2.114783,0.000000,1.946112,2.067107,0.000000,1.822621,0.0000000
1.797382,2.322060,2.286054,1.749118,0.000000,0.000000,0.000000,0.000000,0.0000000
0.000000,2.314893,2.267387,1.908790,1.813814,1.813313,0.000000,0.000000,2.1340154
0.000000,2.421006,2.143089,1.975705,2.000955,2.179229,0.000000,1.851466,1.6921115
0.000000,2.452626,2.208097,0.000000,0.000000,2.048398,0.000000,0.000000,2.1932479
1.762288,2.353611,2.116388,0.000000,0.000000,0.000000,0.000000,0.000000,1.7306453
0.000000,2.417680,2.201074,0.000000,0.000000,0.000000,1.539118,0.000000,1.5622009
0.000000,2.307065,2.224360,0.000000,1.338734,0.000000,0.000000,0.000000,0.0000000
0.000000,2.385134,2.289513,0.000000,0.000000,0.000000,0.000000,0.000000,0.0000000
0.000000,2.363460,2.159561,1.583981,0.000000,0.000000,0.000000,0.000000,0.0000000
0.000000,2.341826,2.179727,1.415999,0.000000,0.000000,0.000000,0.000000,1.4903873
0.000000,2.382494,2.197436,0.000000,0.000000,0.000000,0.000000,0.000000,0.0000000
0.000000,2.357170,2.220583,1.750988,0.000000,0.000000,0.000000,0.000000,2.0341505
0.000000,2.294692,2.296384,1.931689,0.000000,0.000000,0.000000,1.553167,2.2537799
0.000000,2.328471,2.197649,1.672895,0.000000,0.000000,0.000000,0.000000,1.4430450
0.000000,2.394929,2.121716,0.000000,0.000000,0.000000,0.000000,0.000000,0.0000000
0.000000,2.376596,2.088672,1.686511,0.000000,0.000000,0.000000,0.000000,0.0000000
0.000000,2.365234,2.228804,1.394398,0.000000,0.000000,0.000000,1.252235,1.9773325
0.000000,2.312938,2.209441,0.000000,0.000000,0.000000,0.000000,0.000000,0.0000000
1.626421,2.317053,2.175572,1.865268,0.000000,1.874397,0.000000,0.000000,1.5606462
0.000000,2.336237,2.231091,1.980108,0.000000,1.875313,0.000000,0.000000,1.4199220
1.624191,2.352750,2.230054,1.885992,0.000000,0.000000,0.000000,0.000000,1.8496621
0.000000,2.484858,2.241860,1.868207,0.000000,0.000000,0.000000,0.000000,1.4457261
0.000000,2.393015,2.249719,0.000000,0.000000,1.878382,0.000000,0.000000,2.3388511
0.000000,2.293963,2.172097,1.804745,0.000000,1.328423,0.000000,0.000000,2.3164691
1.734978,2.356803,2.246035,1.838106,0.000000,1.868935,0.000000,0.000000,0.0000000
2.073629,2.350243,2.296776,1.869499,1.828460,2.222566,0.000000,0.000000,1.8397177
1.716193,2.364597,2.274930,0.000000,0.000000,0.000000,0.000000,0.000000,2.1303938
0.000000,2.472060,2.194566,1.896944,0.000000,1.688115,0.000000,0.000000,2.1671607
1.770062,2.362128,2.201982,1.952120,1.989788,2.295344,0.000000,0.000000,0.0000000
0.000000,2.358974,2.284547,2.118298,0.000000,2.152174,0.000000,0.000000,2.4356475
2.114236,2.295213,2.343274,2.027467,0.000000,0.000000,0.000000,0.000000,2.3664560
0.000000,2.355422,2.342614,1.988401,0.000000,0.000000,0.000000,1.975181,2.2499982
0.000000,2.143910,2.286088,1.796895,0.000000,0.000000,0.000000,0.000000,2.2967339
1.963614,2.330862,2.335217,2.025361,0.000000,0.000000,0.000000,0.000000,2.4879306
0.000000,2.377688,2.366950,2.174170,0.000000,0.000000,0.000000,1.744003,2.5066244
0.000000,2.265897,2.321320,2.139897,0.000000,0.000000,0.000000,0.000000,2.2620392
2.208955,2.277812,2.305059,2.012068,0.000000,0.000000,0.000000,2.081732,2.1587105
1.968770,2.334482,2.317809,2.111406,0.000000,0.000000,0.000000,0.000000,2.5119852
0.000000,2.335229,2.366613,2.096381,0.000000,0.000000,0.000000,0.000000,2.3367339
0.000000,2.197061,2.333981,2.088546,0.000000,0.000000,0.000000,0.000000,2.3745763
0.000000,2.400361,2.366305,2.173876,0.000000,0.000000,0.000000,0.000000,2.2912192
2.114355,2.281008,2.391190,2.247184,0.000000,0.000000,0.000000,0.000000,2.2772496
0.000000,2.378594,2.234509,1.907158,1.964991,2.286127,0.000000,0.000000,0.0000000
0.000000,2.370639,2.263608,1.979692,1.685508,2.275682,0.000000,0.000000,0.0000000
1.669287,2.373792,2.259423,1.912769,1.986426,1.840948,0.000000,1.777381,0.0000000
1.899857,2.326315,2.215819,1.996799,1.926522,2.059014,0.000000,1.889514,2.3003452
1.776034,2.356896,2.257370,1.935827,1.819621,1.750839,0.000000,0.000000,0.0000000
0.000000,2.285966,2.195560,1.641717,1.428243,0.000000,0.000000,0.000000,1.4662413
1.708367,2.444817,2.309938,2.031956,0.000000,0.000000,0.000000,0.000000,0.0000000
0.000000,2.331931,2.163612,1.765097,0.000000,0.000000,0.000000,0.000000,2.0421333
0.000000,2.371276,2.273485,1.695622,0.000000,0.000000,0.000000,0.000000,2.0508210
0.000000,2.317057,2.268323,1.840687,1.256196,0.000000,0.000000,0.000000,1.8944149
1.751567,2.367280,2.224795,2.028312,1.978044,2.172410,0.000000,0.000000,0.0000000
1.722291,2.321566,2.208182,1.924583,1.893244,1.790164,0.000000,1.584958,0.0000000
0.000000,2.353523,2.285318,1.862608,1.916816,0.000000,0.000000,0.000000,2.2891284
0.000000,2.350423,2.198595,1.916361,2.063993,2.243058,0.000000,0.000000,0.0000000
1.862937,2.331272,2.173838,1.938316,2.103865,2.233015,0.000000,0.000000,0.0000000
1.788462,2.354855,2.181427,2.016673,1.832677,1.890161,0.000000,0.000000,1.8351466
2.033723,2.304023,2.183189,1.974596,2.006308,2.062103,0.000000,1.757914,2.0677200
0.000000,2.352425,2.179861,1.822702,1.729001,1.730662,0.000000,0.000000,0.0000000
0.000000,2.323495,2.211663,1.976432,2.004463,1.771077,0.000000,1.854539,0.0000000
0.000000,2.323194,2.177697,2.009417,2.028081,1.831717,0.000000,1.683088,0.0000000
1.774130,2.313908,2.235689,1.985588,2.006381,1.798479,0.000000,0.000000,0.0000000
1.928517,2.377437,2.204936,1.994809,1.907244,1.814044,0.000000,0.000000,0.0000000
1.596977,2.348986,2.198116,1.849350,1.810695,0.000000,0.000000,1.775318,2.1304764
1.764826,2.360300,2.186775,1.951861,1.822097,2.042837,0.000000,1.570234,0.0000000
1.698908,2.346944,2.174719,1.914014,1.910958,1.712435,0.000000,0.000000,0.0000000
0.000000,2.397838,2.210934,1.924423,1.599094,0.000000,0.000000,0.000000,0.0000000
1.821398,2.466108,2.277219,1.956509,1.876732,0.000000,0.000000,0.000000,0.0000000
0.000000,2.449419,2.215545,0.000000,1.898169,1.679114,0.000000,2.003866,1.7446712
1.735523,2.378609,2.228724,1.818983,1.811537,1.778086,0.000000,1.893073,1.7992269
1.637694,2.364322,2.300580,0.000000,1.812093,1.695150,0.000000,0.000000,0.0000000
0.000000,2.351264,2.269820,0.000000,0.000000,1.942788,0.000000,0.000000,0.0000000
2.108240,2.325208,2.191107,1.936833,1.937826,2.106622,0.000000,0.000000,0.0000000
1.787978,2.338844,2.259820,1.910196,1.866602,2.167146,0.000000,1.661601,1.5851274
2.162182,2.376007,2.294091,1.875350,1.864633,2.291077,0.000000,0.000000,0.0000000
2.176331,2.370157,2.263386,1.939287,0.000000,0.000000,0.000000,0.000000,0.0000000
1.854546,2.365102,2.214982,0.000000,0.000000,1.920601,0.000000,0.000000,0.0000000
1.713068,2.361249,2.231136,1.947021,0.000000,0.000000,0.000000,0.000000,0.0000000
0.000000,2.378251,2.211338,1.855650,1.844434,0.000000,0.000000,0.000000,1.8433674
0.000000,2.397166,2.180218,1.933433,1.834734,2.125061,0.000000,0.000000,1.8548389
0.000000,2.246999,2.255892,1.981731,1.937311,2.302412,0.000000,0.000000,0.0000000
1.680866,2.376995,2.214502,1.690747,1.786844,1.745630,0.000000,0.000000,1.9789952
0.000000,2.350543,2.142999,1.955703,1.690592,0.000000,0.000000,0.000000,2.1435343
0.000000,2.412783,2.094481,1.976727,0.000000,1.840536,0.000000,0.000000,2.1398771
1.900116,2.326890,2.202640,1.904646,1.933644,0.000000,0.000000,0.000000,1.3744305
1.928566,2.326497,2.306565,1.934578,1.804867,2.090770,0.000000,0.000000,1.8080768
0.000000,2.350149,2.270174,1.896026,1.694504,1.805328,0.000000,0.000000,1.9487222
1.836508,2.339601,2.121784,1.942143,1.876198,1.776322,0.000000,0.000000,0.0000000
0.000000,2.357137,2.194680,1.949033,1.852442,0.000000,0.000000,1.810547,1.8367768
1.723672,2.223559,2.134825,1.961246,1.774548,0.000000,0.000000,0.000000,2.2069552
1.925423,2.347101,2.268122,1.968481,1.810262,1.711916,0.000000,0.000000,0.0000000
1.906503,2.321789,2.138555,0.000000,1.943587,1.883908,0.000000,0.000000,2.1723990
0.000000,2.325822,2.182502,1.833338,1.956343,0.000000,0.000000,0.000000,0.0000000
1.791812,2.302801,2.173803,0.000000,0.000000,0.000000,0.000000,0.000000,0.0000000
0.000000,2.339892,2.235972,2.030175,0.000000,0.000000,2.239018,2.044410,2.0608126
1.771375,2.341948,2.193205,0.000000,0.000000,0.000000,0.000000,0.000000,0.0000000
0.000000,2.336910,2.207414,1.871423,1.773787,1.686624,0.000000,1.576713,0.0000000
0.000000,2.380104,2.165124,1.828616,0.000000,0.000000,0.000000,0.000000,0.0000000
0.000000,2.419436,2.151524,0.000000,0.000000,0.000000,0.000000,0.000000,0.0000000
0.000000,2.428688,2.203382,1.993577,1.827636,0.000000,2.174138,1.988636,2.0447409
1.705117,2.362529,2.260469,1.953050,1.890369,2.036890,0.000000,0.000000,2.2360272
1.889767,2.320807,2.301009,1.761127,1.516678,2.041633,2.073339,1.807445,2.1879776
1.856983,2.384635,2.196822,1.892553,1.958512,0.000000,0.000000,0.000000,0.0000000
0.000000,2.357795,2.159044,1.948066,1.949880,1.891012,0.000000,0.000000,1.9910097
1.756489,2.350352,2.307941,1.916316,0.000000,1.833463,0.000000,0.000000,1.8962352
0.000000,2.371033,2.242969,1.775381,1.511019,1.636175,0.000000,0.000000,1.7390116
0.000000,2.428830,2.198661,1.873959,1.707615,0.000000,0.000000,0.000000,0.0000000
0.000000,2.344542,2.268669,1.848598,0.000000,0.000000,0.000000,0.000000,2.0929429
1.973119,2.363555,2.324365,1.902940,1.810232,1.994250,0.000000,1.843894,2.1022255
2.020232,2.363715,2.280342,1.956876,1.762288,1.949684,0.000000,0.000000,2.1724709
0.000000,2.334269,2.263528,1.961939,1.849477,2.091051,0.000000,2.231353,2.0627133
0.000000,2.346408,2.303514,0.000000,1.689971,0.000000,0.000000,2.250876,2.2218277
2.016537,2.349571,2.264840,1.951901,1.651669,1.909391,0.000000,0.000000,2.0061289
0.000000,2.356199,2.225207,1.916731,1.684820,0.000000,0.000000,0.000000,1.9995183
1.918832,2.311307,2.263253,1.883234,1.582354,0.000000,0.000000,0.000000,1.4741440
1.711065,2.369704,2.301277,1.995465,0.000000,1.832853,2.079860,2.012237,1.9981778
1.822990,2.386383,2.124997,1.818603,1.906522,1.880725,0.000000,0.000000,0.0000000
0.000000,2.436917,2.211586,1.888891,0.000000,0.000000,0.000000,1.990179,1.5383995
0.000000,2.340680,2.170302,1.905032,0.000000,0.000000,0.000000,2.032734,1.8917497
0.000000,2.349792,2.230287,1.954437,1.869185,2.081927,0.000000,0.000000,1.4108996
1.611520,2.345180,2.204069,1.936912,1.745999,0.000000,0.000000,1.996270,1.9063727
1.745707,2.324652,2.192084,1.992285,1.964748,0.000000,0.000000,1.667912,1.6516972
1.876502,2.338377,2.204380,1.925043,1.611737,1.638033,0.000000,0.000000,2.2873188
1.826017,2.322654,2.169707,1.785407,1.864161,1.859976,0.000000,0.000000,1.5847036
1.807485,2.349424,2.223866,0.000000,0.000000,1.924104,0.000000,0.000000,1.7077936
1.782705,2.402559,2.268302,1.859797,1.906324,2.265475,0.000000,0.000000,0.0000000
0.000000,2.416346,2.269773,1.971299,0.000000,0.000000,0.000000,0.000000,0.0000000
0.000000,2.327967,2.220077,1.812452,1.865367,2.089441,0.000000,1.602068,1.7068203
1.763180,2.360861,2.239983,1.839853,1.696966,0.000000,0.000000,0.000000,0.0000000
0.000000,2.374492,2.209138,1.930602,1.962045,1.886127,0.000000,1.818751,1.5267781
1.848576,2.344608,2.159551,1.897902,1.824503,1.614638,0.000000,0.000000,0.0000000
1.825381,2.378286,2.131234,1.912091,1.920362,1.991218,0.000000,1.750407,0.0000000
1.688945,2.353233,2.147314,1.913927,1.908672,1.872234,0.000000,1.746598,0.0000000
0.000000,2.333156,2.162915,1.790583,1.913535,1.739173,0.000000,1.464087,0.0000000
1.861824,2.231837,2.171131,1.912405,1.912976,1.918044,0.000000,1.773685,0.0000000
1.801835,2.364016,2.187572,1.918542,1.892332,1.843049,0.000000,1.765663,0.0000000
0.000000,2.367129,2.145349,1.869057,1.809689,1.865598,0.000000,1.674375,0.0000000
1.602908,2.360137,2.163749,1.814370,2.151356,2.263251,0.000000,2.027206,0.0000000
1.779463,2.366576,2.171128,1.849810,1.784370,1.737343,0.000000,0.000000,0.0000000
1.659970,2.355826,2.186785,0.000000,2.238001,2.377209,0.000000,2.149959,0.0000000
0.000000,2.344046,2.208905,1.896694,1.763330,1.895307,0.000000,1.646580,0.0000000
1.816968,2.356007,2.175095,1.900157,1.963731,1.811752,0.000000,1.732827,0.0000000
1.788243,2.350062,2.161277,1.871927,1.464087,1.716623,0.000000,0.000000,0.0000000
1.788128,2.254211,2.163621,0.000000,2.009800,1.893714,0.000000,1.794194,0.0000000
1.718166,2.269518,2.173732,1.873593,1.756961,2.000471,0.000000,1.677004,0.0000000
1.787539,2.356814,2.166276,1.879336,1.856096,2.088923,0.000000,1.827645,0.0000000
2.016592,2.336373,2.386655,2.060944,1.911860,1.823314,0.000000,1.942140,1.8036953
1.657123,2.359642,2.235364,1.879692,1.659216,1.923653,0.000000,0.000000,0.0000000
1.952390,2.344358,2.076660,0.000000,0.000000,1.851188,0.000000,0.000000,0.0000000
0.000000,2.364662,2.087403,0.000000,0.000000,1.911452,0.000000,0.000000,0.0000000
0.000000,2.357506,2.219904,1.849016,1.980363,0.000000,0.000000,0.000000,0.0000000
0.000000,2.318026,2.168657,0.000000,1.963657,1.720516,0.000000,0.000000,0.0000000
1.740949,2.365248,2.201112,1.763985,2.017361,1.321199,0.000000,0.000000,0.0000000
1.733865,2.358046,2.281368,1.991223,0.000000,0.000000,0.000000,0.000000,0.0000000
0.000000,2.348862,2.323567,0.000000,0.000000,0.000000,0.000000,0.000000,2.0186199
1.708938,2.376943,2.242447,1.993685,1.967563,1.736263,0.000000,0.000000,0.0000000
0.000000,2.339659,2.274581,1.861145,1.765461,0.000000,0.000000,0.000000,0.0000000
0.000000,2.375149,2.077024,1.819261,2.106873,0.000000,0.000000,0.000000,0.0000000
0.000000,2.383817,2.102710,1.777257,2.131493,0.000000,0.000000,0.000000,0.0000000
0.000000,2.348654,2.328461,1.771595,0.000000,0.000000,0.000000,1.797910,1.8674036
1.799557,2.405042,2.062630,1.930189,2.173591,0.000000,0.000000,0.000000,0.0000000
1.991689,2.352671,2.212228,1.777269,1.957358,0.000000,0.000000,1.813477,0.0000000
0.000000,2.355099,2.134317,0.000000,0.000000,0.000000,0.000000,0.000000,0.0000000
2.173273,2.301366,2.037352,0.000000,0.000000,0.000000,0.000000,0.000000,2.1480394
1.649990,2.364031,2.219703,1.956701,1.615946,0.000000,0.000000,0.000000,0.0000000
0.000000,2.279218,2.169142,1.648005,2.120638,2.112931,0.000000,1.913003,1.8418219
0.000000,2.347786,2.258411,1.888979,1.892655,1.583725,0.000000,2.008194,0.0000000
0.000000,2.338464,2.190072,1.562007,2.128279,2.130715,0.000000,1.951729,0.0000000
0.000000,2.318905,2.159201,1.855933,2.001683,0.000000,0.000000,1.838902,0.0000000
0.000000,2.428993,2.207005,0.000000,1.984835,0.000000,0.000000,0.000000,0.0000000
1.715892,2.367268,2.227320,1.596819,2.023030,0.000000,0.000000,1.704511,0.0000000
0.000000,2.320557,2.189993,1.813004,1.874083,2.054391,0.000000,1.998448,0.0000000
0.000000,2.426941,2.169046,1.672945,2.155509,0.000000,0.000000,1.836483,0.0000000
2.201087,2.377422,2.171659,0.000000,2.010880,0.000000,0.000000,0.000000,0.0000000
0.000000,2.444416,2.249734,1.802107,2.032628,0.000000,0.000000,2.038048,0.0000000
1.603441,2.342983,2.230481,1.889398,1.973128,2.095558,0.000000,1.842706,0.0000000
1.846703,2.434705,2.227010,0.000000,2.062925,1.898852,0.000000,2.003472,0.0000000
2.017928,2.343356,2.254162,1.806719,1.936176,2.023443,0.000000,1.782585,0.0000000
0.000000,2.357889,2.142872,1.916378,1.795874,1.584279,0.000000,1.548364,0.0000000
0.000000,2.367146,2.212599,1.790095,0.000000,0.000000,0.000000,1.975627,0.0000000
1.583682,2.330974,2.197871,2.032003,2.113763,1.837516,0.000000,1.714705,0.0000000
1.808027,2.329425,2.220109,0.000000,2.125306,1.999598,0.000000,1.695686,0.0000000
1.535100,2.445440,2.202850,0.000000,1.850696,2.278237,0.000000,0.000000,0.0000000
0.000000,2.370594,2.061039,1.603060,2.071528,2.064304,0.000000,0.000000,0.0000000
1.745830,2.368558,2.176180,1.739366,1.943143,1.726202,0.000000,0.000000,0.0000000
0.000000,2.350651,2.125637,0.000000,2.117690,1.915693,0.000000,0.000000,0.0000000
1.785770,2.389566,2.178035,1.650960,2.109105,2.153472,0.000000,1.634453,0.0000000
0.000000,2.361562,2.169334,1.757046,2.040737,2.090250,0.000000,0.000000,0.0000000
1.517303,2.419122,2.135285,1.843127,2.018243,1.699536,0.000000,1.730577,0.0000000
1.965113,2.419525,2.207010,0.000000,1.781480,2.112225,0.000000,1.944386,0.0000000
1.824752,2.365165,2.291910,1.706760,2.073359,0.000000,0.000000,1.925014,0.0000000
1.891885,2.415574,2.248731,1.846877,1.823896,2.149006,0.000000,1.795786,0.0000000
1.986886,2.354092,2.142435,1.798479,2.087610,1.984856,0.000000,1.753625,0.0000000
2.105197,2.309299,2.125726,1.586182,1.917996,0.000000,0.000000,1.788162,0.0000000
2.214859,2.292029,2.263236,1.857096,1.955467,0.000000,0.000000,1.715309,0.0000000
1.934132,2.351869,2.244432,1.844750,1.998629,1.456262,0.000000,1.950202,0.0000000
1.915035,2.309096,2.177960,1.756432,1.958567,0.000000,0.000000,1.817849,0.0000000
1.739494,2.350221,2.282029,0.000000,1.916146,0.000000,0.000000,1.843025,0.0000000
1.882871,2.328412,2.251619,1.780098,1.921566,0.000000,0.000000,1.829340,0.0000000
1.529479,2.352021,2.146815,1.939201,1.925168,2.139076,0.000000,0.000000,0.0000000
0.000000,2.344122,2.188406,1.828728,2.125980,1.686624,0.000000,1.867319,0.0000000
1.775996,2.362510,2.232064,1.973238,0.000000,1.904773,0.000000,1.625825,0.0000000
1.753903,2.374285,2.268165,0.000000,2.020269,0.000000,0.000000,1.985401,0.0000000
1.653554,2.310685,2.282415,1.795863,2.014195,1.727303,0.000000,1.814073,0.0000000
1.796950,2.376983,2.251531,1.996061,2.031949,0.000000,0.000000,0.000000,0.0000000
1.985524,2.319898,2.198399,1.859591,1.960694,1.932610,0.000000,0.000000,0.0000000
1.821779,2.365309,2.255322,1.998028,1.934481,2.312697,0.000000,1.888332,0.0000000
1.799504,2.368483,2.199393,1.845829,2.006366,1.542182,0.000000,1.730628,0.0000000
0.000000,2.366931,2.153373,1.869889,1.966569,1.741362,0.000000,1.852754,0.0000000
1.575284,2.349951,2.210324,1.820521,1.909131,2.222939,0.000000,1.727373,0.0000000
1.529537,2.364103,2.182413,1.884091,2.085947,1.694050,0.000000,1.828304,0.0000000
1.746475,2.362096,2.175131,1.827130,2.007986,1.503368,0.000000,0.000000,0.0000000
0.000000,2.366715,2.194047,1.859873,2.069755,1.847676,0.000000,0.000000,0.0000000
0.000000,2.335314,2.191165,1.861356,1.807113,1.819205,0.000000,1.964166,0.0000000
0.000000,2.319212,2.057656,0.000000,0.000000,0.000000,0.000000,0.000000,0.0000000
1.431731,2.344392,2.088126,1.831717,2.065722,1.580581,0.000000,0.000000,1.9894185
0.000000,2.350426,2.130290,1.820402,2.019170,1.482406,0.000000,0.000000,1.8981128
0.000000,2.338831,2.048013,1.772046,1.927677,2.306410,0.000000,0.000000,0.0000000
1.994063,2.334097,2.160275,0.000000,1.917629,1.782502,0.000000,0.000000,0.0000000
1.962399,2.337023,2.183116,1.935942,2.094592,1.829563,0.000000,1.777418,0.0000000
0.000000,2.404667,2.201120,1.779842,2.005835,0.000000,0.000000,0.000000,0.0000000
2.069049,2.362878,2.086000,0.000000,1.928012,1.996230,0.000000,0.000000,0.0000000
1.958966,2.347222,2.072379,0.000000,2.060849,0.000000,0.000000,0.000000,0.0000000
0.000000,2.304311,2.186452,0.000000,1.901342,2.015851,0.000000,0.000000,0.0000000
2.020720,2.283797,2.086336,1.608637,2.063260,1.911387,0.000000,0.000000,0.0000000
1.874243,2.359460,2.076190,0.000000,2.031205,0.000000,0.000000,0.000000,0.0000000
1.926125,2.366591,2.209856,1.797619,1.999605,0.000000,0.000000,0.000000,0.0000000
2.024119,2.393079,2.151990,1.260767,1.929441,0.000000,0.000000,0.000000,1.7775048
0.000000,2.420335,2.201712,0.000000,2.142895,0.000000,0.000000,0.000000,1.7743962
1.796103,2.405646,2.166008,1.855451,2.016351,0.000000,0.000000,0.000000,0.0000000
1.983131,2.404987,2.039772,0.000000,1.994847,2.124946,0.000000,0.000000,1.5135846
0.000000,2.346774,1.952638,1.528603,1.552912,0.000000,0.000000,0.000000,1.7007020
2.013629,2.368247,1.960917,0.000000,2.069361,0.000000,0.000000,0.000000,0.0000000
0.000000,2.368507,2.151339,1.441831,1.774308,0.000000,0.000000,0.000000,0.0000000
1.737766,2.386332,2.169485,0.000000,1.854817,0.000000,0.000000,0.000000,0.0000000
0.000000,2.377211,2.108455,0.000000,1.972875,0.000000,0.000000,1.430840,0.0000000
1.904807,2.391520,2.064884,1.344927,2.072496,0.000000,0.000000,0.000000,0.0000000
2.014461,2.309857,2.189444,1.748515,2.041690,0.000000,0.000000,0.000000,1.8493801
2.043905,2.408400,2.169239,0.000000,1.989227,2.265164,0.000000,1.619535,1.8490083
1.923606,2.407926,2.073362,1.197415,2.115919,0.000000,0.000000,0.000000,0.0000000
1.589596,2.423432,2.246103,0.000000,2.094245,0.000000,0.000000,1.804693,0.0000000
0.000000,2.361714,2.291424,1.940109,0.000000,1.957716,0.000000,0.000000,1.2406551
1.942671,2.415828,2.258658,1.980049,0.000000,2.426501,0.000000,1.737294,0.0000000
1.720006,2.390751,2.364850,1.891690,0.000000,1.827714,1.608710,0.000000,0.0000000
2.239411,2.383467,2.330865,1.939712,0.000000,2.496617,0.000000,0.000000,0.0000000
0.000000,2.317290,2.353515,1.916548,1.900253,2.020370,0.000000,0.000000,1.6602653
0.000000,2.314372,2.245701,0.000000,1.880707,0.000000,0.000000,0.000000,0.0000000
0.000000,2.325160,2.220910,0.000000,0.000000,1.960291,0.000000,1.918709,2.0533835
0.000000,2.338672,2.259689,1.677197,0.000000,0.000000,0.000000,2.012701,2.0589301
1.733430,2.312742,2.106139,1.814111,1.716586,2.081076,2.165625,0.000000,0.0000000
1.898205,2.351738,2.243087,1.868504,1.447098,0.000000,0.000000,0.000000,0.0000000
1.940276,2.381287,2.274022,2.003432,1.840568,1.903958,0.000000,0.000000,2.1917616
0.000000,2.322087,2.303931,0.000000,0.000000,0.000000,0.000000,0.000000,0.0000000
0.000000,2.346715,2.232628,1.850666,1.946944,0.000000,0.000000,0.000000,0.0000000
1.899633,2.342935,2.313554,1.911415,1.852253,1.877367,0.000000,0.000000,1.5821818
2.361493,2.351687,2.281832,0.000000,1.592741,2.016918,0.000000,0.000000,0.0000000
2.158995,2.325448,2.288834,1.537065,1.842269,1.855976,0.000000,1.802721,0.0000000
0.000000,2.324772,2.367003,0.000000,0.000000,2.138583,0.000000,0.000000,0.0000000
2.195843,2.384253,2.292521,0.000000,0.000000,1.958752,0.000000,0.000000,0.0000000
0.000000,2.319936,2.269491,1.931332,1.737229,1.759480,0.000000,2.014955,0.0000000
0.000000,2.320558,2.229025,1.856632,1.609335,2.134371,2.116188,0.000000,0.0000000
1.730747,2.316457,2.386559,0.000000,0.000000,1.997592,0.000000,2.060249,1.7291901
1.635488,2.339410,2.250458,1.792785,0.000000,1.952557,0.000000,1.980627,1.9132465
1.902114,2.348522,2.224856,2.000839,1.855763,1.862487,0.000000,1.688721,2.0994467
1.948080,2.356997,2.295719,0.000000,0.000000,0.000000,0.000000,2.117178,0.0000000
0.000000,2.351801,2.298041,0.000000,1.898852,0.000000,0.000000,0.000000,0.0000000
2.026922,2.317289,2.216851,1.795961,2.027579,0.000000,0.000000,0.000000,0.0000000
0.000000,2.355207,2.242564,0.000000,1.564984,2.101575,0.000000,1.734264,2.1245821
1.868226,2.349066,2.237696,0.000000,0.000000,1.751433,0.000000,1.998519,0.0000000
0.000000,2.373532,2.174666,1.902796,1.672747,2.097277,0.000000,0.000000,0.0000000
0.000000,2.409546,2.114053,0.000000,2.058271,2.364437,0.000000,0.000000,0.0000000
1.865927,2.328709,2.222377,1.596542,1.996105,0.000000,0.000000,0.000000,0.0000000
0.000000,2.326705,2.211103,2.026667,1.926683,0.000000,0.000000,0.000000,0.0000000
0.000000,2.340245,2.363957,0.000000,0.000000,1.990363,0.000000,0.000000,0.0000000
1.899042,2.344915,2.218902,0.000000,1.732323,0.000000,0.000000,0.000000,0.0000000
1.939074,2.403249,2.305982,2.031592,1.906826,1.902473,0.000000,0.000000,0.0000000
0.000000,2.355832,2.355345,1.968304,1.722399,0.000000,0.000000,0.000000,0.0000000
1.931021,2.377159,2.326798,0.000000,1.821024,0.000000,0.000000,0.000000,0.0000000
2.208562,2.418386,2.305187,1.409244,0.000000,2.029601,0.000000,0.000000,0.0000000
2.299941,2.405398,2.276627,0.000000,1.733029,1.990013,0.000000,0.000000,0.0000000
2.129554,2.360073,2.304213,1.949075,0.000000,2.519783,0.000000,0.000000,0.0000000
1.869448,2.321383,2.266420,1.987471,1.907810,1.955425,0.000000,1.754905,0.0000000
2.177171,2.387030,2.295899,0.000000,0.000000,0.000000,0.000000,0.000000,0.0000000
0.000000,2.342721,2.361230,0.000000,0.000000,0.000000,0.000000,0.000000,0.0000000
1.931844,2.354866,2.216991,0.000000,0.000000,0.000000,0.000000,0.000000,0.0000000
0.000000,2.368359,2.400499,2.011519,0.000000,0.000000,0.000000,0.000000,0.0000000
0.000000,2.449164,2.214685,1.854596,1.692855,0.000000,0.000000,0.000000,0.0000000
1.947046,2.352913,2.185147,0.000000,1.926117,1.964163,0.000000,0.000000,0.0000000
1.849558,2.316228,2.161927,1.831759,1.967978,0.000000,0.000000,0.000000,0.0000000
1.992195,2.292231,2.295971,1.818436,1.899811,2.075578,0.000000,0.000000,1.6099202
1.914369,2.326179,2.257935,1.948861,0.000000,2.007223,0.000000,1.796559,1.7765842
0.000000,2.366588,2.270579,2.002369,1.850490,2.188027,0.000000,1.778456,1.7619294
2.059420,2.281932,2.335660,1.940172,1.648438,0.000000,0.000000,0.000000,1.8441336
1.808157,2.352090,2.220612,2.026801,1.761362,1.889575,0.000000,0.000000,2.0840068
2.082920,2.327017,2.369984,2.208852,0.000000,2.065323,1.939160,1.816309,0.0000000
2.485400,2.424703,2.238272,1.989924,2.056481,1.922988,1.836107,1.970256,2.2459898
0.000000,2.370344,2.295220,2.130122,0.000000,1.927812,0.000000,0.000000,2.1351034
0.000000,2.430863,2.247679,1.583341,1.897581,0.000000,0.000000,0.000000,0.0000000
0.000000,2.385053,2.202876,0.000000,0.000000,0.000000,0.000000,0.000000,1.6422575
0.000000,2.404034,2.244512,1.610358,1.782813,0.000000,0.000000,0.000000,0.0000000
0.000000,2.318052,2.176004,1.690791,1.906841,0.000000,0.000000,0.000000,0.0000000
0.000000,2.330951,2.102069,0.000000,0.000000,0.000000,0.000000,0.000000,0.0000000
0.000000,2.438540,2.042274,0.000000,2.011486,0.000000,0.000000,0.000000,0.0000000
1.956353,2.305134,2.161011,1.855259,1.909193,0.000000,0.000000,0.000000,0.0000000
1.904052,2.451180,2.345599,0.000000,1.682995,0.000000,0.000000,1.759508,0.0000000
0.000000,2.273070,2.135587,1.743909,2.030688,0.000000,0.000000,0.000000,0.0000000
2.104176,2.278256,2.227659,0.000000,0.000000,0.000000,0.000000,0.000000,0.0000000
0.000000,2.390709,2.286271,2.007351,1.953913,1.811127,0.000000,0.000000,1.6237883
0.000000,2.358248,2.316613,1.973644,2.007443,1.825390,0.000000,1.732894,1.3697555
1.775771,2.391340,2.307305,1.902403,1.980164,1.720042,0.000000,0.000000,0.0000000
1.679827,2.342051,2.307326,1.848164,2.011976,1.839103,0.000000,0.000000,0.0000000
0.000000,2.332309,2.288391,1.944070,0.000000,1.823717,0.000000,0.000000,2.2418266
1.601877,2.325575,2.225284,1.811879,1.731410,1.786623,0.000000,0.000000,0.0000000
1.595669,2.292194,2.320978,1.920890,0.000000,1.800700,0.000000,0.000000,1.7621501
0.000000,2.348215,2.160559,1.873121,1.846740,0.000000,0.000000,0.000000,2.2730544
0.000000,2.342534,2.249625,1.815134,0.000000,1.903292,0.000000,1.740087,0.0000000
2.177017,2.362897,2.263273,0.000000,1.945432,0.000000,0.000000,0.000000,2.2715895
1.563742,2.309176,2.168201,1.838870,1.962219,1.782034,0.000000,0.000000,2.0486589
1.895544,2.388575,2.221138,1.890920,1.840608,1.734696,0.000000,0.000000,0.0000000
1.941099,2.409707,2.213850,1.962656,1.778543,2.146826,0.000000,0.000000,2.2391309
1.868909,2.309414,2.181869,1.791407,1.838878,0.000000,0.000000,0.000000,0.0000000
0.000000,2.390134,2.274231,0.000000,0.000000,2.008339,0.000000,0.000000,0.0000000
0.000000,2.352252,2.299040,2.055330,1.999233,2.039927,0.000000,1.932160,0.0000000
0.000000,2.351846,2.306725,1.997065,0.000000,1.789321,0.000000,1.926009,1.5620558
0.000000,2.376113,2.285815,1.888504,1.886606,1.824209,0.000000,0.000000,2.0712700
1.904846,2.338742,2.296950,1.969971,0.000000,2.191918,0.000000,1.898955,0.0000000
0.000000,2.422213,2.392930,1.792092,0.000000,2.144214,0.000000,1.700307,2.0900174
1.646404,2.353614,2.231208,2.022437,1.827156,2.383928,0.000000,2.031214,1.9813331
0.000000,2.323125,2.331852,1.915742,1.968041,1.808855,0.000000,0.000000,2.0906938
2.162425,2.451040,2.374205,1.839534,1.969556,0.000000,0.000000,0.000000,1.9868000
1.856920,2.369289,2.267210,1.930081,1.575463,2.025800,0.000000,1.604085,1.9548295
1.813236,2.311168,2.164499,1.895780,1.849558,1.980194,0.000000,0.000000,2.0611902
1.824965,2.355722,2.239936,1.913654,1.785489,0.000000,0.000000,0.000000,2.1379596
1.849068,2.331591,2.269761,1.734414,1.289951,2.144305,0.000000,2.230863,2.2330690
1.964221,2.350936,2.210492,1.548469,1.838211,2.125468,0.000000,0.000000,1.6865106
1.835903,2.302245,2.201781,1.915021,1.932952,1.865374,0.000000,1.787111,1.9669818
1.928773,2.356770,2.306740,1.837597,1.630985,2.194625,0.000000,2.026338,2.1404946
1.983008,2.334682,2.253598,0.000000,1.958173,1.647947,0.000000,1.397128,2.0473359
1.673069,2.372457,2.209073,1.621420,2.050771,2.123564,0.000000,0.000000,0.0000000
0.000000,2.352737,2.241208,1.546469,1.872478,2.087268,0.000000,0.000000,0.0000000
1.781432,2.462824,2.222880,1.684337,1.815039,1.695601,0.000000,0.000000,1.8720836
1.620189,2.315698,2.375411,1.779059,1.649733,2.027186,0.000000,1.529828,2.0346559
1.881953,2.338074,2.213402,1.768962,1.718240,1.878549,0.000000,0.000000,1.6748651
1.974773,2.380136,2.191803,1.921969,1.793019,2.186202,2.409325,1.935877,2.2422459
1.801426,2.378103,2.191988,1.768289,2.042873,1.914237,0.000000,0.000000,1.4916127
1.707952,2.367253,2.317452,1.597331,1.507564,2.103187,0.000000,1.891110,1.9345625
1.903044,2.321518,2.316257,1.916020,1.923496,2.012938,1.788370,2.114534,1.9423440
1.913745,2.372817,2.305777,1.594272,1.919230,1.975766,0.000000,0.000000,1.8368990
1.934861,2.350334,2.269343,0.000000,2.040504,2.238909,1.268108,2.075829,2.0778743
1.729138,2.363189,2.286307,1.698236,1.525948,0.000000,0.000000,0.000000,0.0000000
0.000000,2.310238,2.371510,1.898668,0.000000,1.804139,0.000000,1.842237,1.8673646
0.000000,2.335971,2.243234,1.941018,1.916499,1.816940,0.000000,1.610176,2.0246865
0.000000,2.303073,2.330333,1.935862,1.917105,2.207479,0.000000,1.801814,2.0373157
1.780037,2.376967,2.304244,0.000000,1.816601,2.056316,0.000000,1.975627,1.8020335
1.780912,2.372066,2.222129,1.595231,1.849068,2.196903,0.000000,0.000000,2.1529469
1.882175,2.360114,2.295552,1.875539,1.970894,2.162338,0.000000,1.835911,1.8195192
0.000000,2.371119,2.226522,1.732642,0.000000,0.000000,0.000000,1.782238,2.0647828
1.751033,2.388317,2.294322,0.000000,1.970413,1.929372,0.000000,1.768144,2.3083257
1.752658,2.331004,2.314522,1.974318,1.599678,0.000000,0.000000,1.663426,0.0000000
0.000000,2.419204,2.209269,1.430244,1.780317,1.815019,1.665100,0.000000,1.2756349
1.898683,2.288661,2.237951,1.757360,1.795382,0.000000,0.000000,1.632170,2.2581700
1.578702,2.355742,2.271280,0.000000,0.000000,0.000000,0.000000,0.000000,1.9279796
1.899710,2.362923,2.264251,1.840370,1.947144,2.239504,0.000000,0.000000,1.5599616
1.856413,2.344387,2.288051,1.453550,0.000000,1.897468,0.000000,2.135034,1.9338278
1.821525,2.480294,2.155119,1.717796,2.138248,1.773761,0.000000,0.000000,0.0000000
2.017018,2.313764,2.250286,1.693638,1.721262,1.905874,0.000000,1.867436,0.0000000
1.843391,2.370480,2.223954,1.769984,1.939130,1.755252,0.000000,1.645789,2.1468086
1.908657,2.352338,2.378038,2.005670,0.000000,1.893148,0.000000,0.000000,2.0124743
1.806961,2.398278,2.274853,1.651527,1.923255,1.771103,0.000000,0.000000,2.1358720
1.762439,2.336984,2.297616,0.000000,1.840409,1.929542,0.000000,1.759914,0.0000000
2.004262,2.323686,2.251883,1.932924,1.918322,0.000000,1.792227,0.000000,1.9368364
1.854817,2.353468,2.076695,1.854639,1.939663,0.000000,0.000000,1.702782,1.7306964
1.904616,2.365660,2.271821,1.835935,1.944246,1.770818,0.000000,1.649962,2.0624510
1.701756,2.350666,2.299178,1.742342,0.000000,2.016890,0.000000,0.000000,0.0000000
0.000000,2.448554,2.238972,0.000000,1.611989,1.901167,0.000000,1.967990,2.0758444
1.864991,2.374047,2.213244,1.482482,1.929920,1.804847,0.000000,1.880141,1.6252265
2.272918,2.298450,2.265267,1.635832,1.880194,0.000000,0.000000,2.038273,1.9581598
1.880254,2.355373,2.205880,1.495873,1.896965,1.883741,0.000000,1.614495,1.8671044
1.849232,2.352133,2.211973,1.834635,1.789332,1.686851,0.000000,0.000000,1.6957721
1.832979,2.341288,2.179124,1.805470,1.838388,1.896850,0.000000,1.702721,1.6619464
1.804283,2.317470,2.207241,1.788955,1.954981,1.762892,0.000000,1.683645,0.0000000
0.000000,2.374966,2.288386,0.000000,0.000000,0.000000,0.000000,0.000000,2.3539181
0.000000,2.359778,2.378548,0.000000,0.000000,1.898806,0.000000,0.000000,2.2532474
1.533739,2.364171,2.244022,0.000000,1.958041,1.827740,0.000000,1.549148,1.4944641
1.868633,2.372507,2.228891,1.766321,1.483535,1.964870,0.000000,1.826351,1.3260982
1.772020,2.320582,2.173671,1.771323,1.828209,1.753917,0.000000,1.853022,1.5579907
1.742515,2.333109,2.288757,1.677173,1.913320,1.891674,0.000000,1.879033,0.0000000
1.935758,2.359584,2.165601,1.771982,1.877397,1.996740,0.000000,0.000000,2.1340912
1.744733,2.357090,2.165682,1.490676,2.029096,1.860688,0.000000,0.000000,1.5945123
1.836410,2.301084,2.239499,1.941968,1.576490,0.000000,1.863781,1.782944,1.8800114
1.875875,2.335827,2.153192,0.000000,1.943537,1.877065,0.000000,0.000000,1.9530132
1.854109,2.328530,2.206984,1.917172,1.758254,2.032925,0.000000,1.769487,0.0000000
1.963119,2.397008,2.292389,1.490604,1.831379,1.838082,0.000000,1.384349,0.0000000
1.795305,2.304265,2.213267,1.864348,1.756575,1.420027,0.000000,1.725251,0.0000000
1.791081,2.399698,2.281877,0.000000,0.000000,1.892859,0.000000,2.116277,1.8284514
1.871373,2.341876,2.236437,1.651527,2.013627,1.702229,0.000000,0.000000,0.0000000
1.854467,2.352977,2.221423,1.757715,1.766012,1.911447,0.000000,2.026525,1.7461223
1.735984,2.323914,2.217344,0.000000,1.626156,1.857369,0.000000,0.000000,0.0000000
1.698046,2.349759,2.230131,0.000000,1.723207,1.836483,0.000000,0.000000,0.0000000
1.841358,2.380431,2.069946,1.532655,1.884874,0.000000,0.000000,0.000000,1.8320546
0.000000,2.364582,2.285787,0.000000,0.000000,0.000000,0.000000,0.000000,0.0000000
0.000000,2.354593,2.114646,1.727669,0.000000,2.053688,0.000000,1.858700,2.0134728
0.000000,2.374495,2.305127,0.000000,1.956294,0.000000,0.000000,0.000000,0.0000000
1.894547,2.363699,2.182453,1.861077,1.580929,1.984403,0.000000,1.718573,2.1145276
0.000000,2.346376,2.306922,0.000000,0.000000,0.000000,0.000000,0.000000,1.8678706
0.000000,2.403217,2.262804,1.711278,1.923564,1.779585,0.000000,1.914890,0.0000000
1.782094,2.328696,2.162906,0.000000,1.850629,1.935339,0.000000,1.874410,0.0000000
1.800479,2.416096,2.401569,0.000000,0.000000,0.000000,0.000000,0.000000,0.0000000
0.000000,2.350581,2.435000,0.000000,0.000000,2.012748,0.000000,0.000000,1.8887916
1.865881,2.363861,2.306117,0.000000,1.731257,2.251870,0.000000,2.282078,1.9968220
0.000000,2.319535,2.451529,0.000000,2.115368,1.851312,0.000000,2.189420,2.0924303
2.030651,2.341058,2.206962,0.000000,1.862000,2.373796,0.000000,0.000000,2.3037473
1.793464,2.309782,2.265694,1.930117,1.857054,1.893164,0.000000,2.134416,2.1113440
0.000000,2.336653,2.314549,0.000000,0.000000,2.244546,0.000000,0.000000,2.3114386
1.891474,2.316156,2.330476,0.000000,1.966626,1.915975,0.000000,0.000000,1.9868964
0.000000,2.343270,2.287578,0.000000,0.000000,0.000000,0.000000,0.000000,2.0532871
1.938320,2.350077,2.263899,1.962758,1.556047,1.780025,0.000000,0.000000,2.1847422
0.000000,2.329247,2.264009,1.849254,1.905398,0.000000,0.000000,1.722651,1.6817589
1.858575,2.317335,2.321562,1.858519,1.795764,1.624023,0.000000,0.000000,2.1533872
1.969723,2.360653,2.250967,1.926212,1.779206,0.000000,0.000000,0.000000,1.8808069
2.056995,2.309282,2.240431,0.000000,0.000000,1.802378,0.000000,0.000000,2.4400302
1.836181,2.326482,2.267667,2.153446,1.554840,1.975064,0.000000,1.914296,2.3200783
1.704329,2.303800,2.284672,1.910982,0.000000,1.732137,0.000000,1.940135,1.7421367
1.851780,2.320611,2.257053,1.989899,0.000000,0.000000,0.000000,0.000000,2.2710756
1.909169,2.309739,2.258154,0.000000,0.000000,1.979500,0.000000,0.000000,2.2451047
0.000000,2.315029,2.302665,2.040626,0.000000,1.888215,0.000000,1.861159,0.0000000
1.787943,2.333796,2.225573,2.002322,2.030288,0.000000,0.000000,0.000000,0.0000000
1.699390,2.341342,2.201796,1.843111,1.747270,1.519041,0.000000,0.000000,2.1745288
1.795950,2.368687,2.255229,2.014857,1.958892,2.333708,0.000000,0.000000,0.0000000
0.000000,2.336596,2.274880,1.784819,1.802732,2.169737,0.000000,1.625592,0.0000000
1.977017,2.384369,2.320978,1.758847,1.877499,2.070060,0.000000,0.000000,2.0626643
1.974753,2.377459,2.306101,0.000000,1.707695,2.023430,0.000000,2.148957,1.8806776
1.583426,2.333217,2.279459,1.891587,0.000000,2.000233,0.000000,1.638187,2.0064825
0.000000,2.345659,2.346699,1.878830,0.000000,1.957439,0.000000,0.000000,2.1249662
1.850652,2.421906,2.252613,1.627179,1.904518,2.034125,0.000000,1.841153,2.0485690
1.573436,2.325153,2.307375,1.833305,0.000000,2.144148,0.000000,1.945783,2.2437504
1.767760,2.330587,2.248035,0.000000,1.934147,2.167773,0.000000,0.000000,2.1615513
1.729688,2.286368,2.295925,0.000000,0.000000,0.000000,0.000000,1.769211,2.0925549
1.915908,2.362968,2.317536,1.919471,1.914251,2.307133,0.000000,2.146106,0.0000000
1.882928,2.369283,2.274956,1.933574,0.000000,2.127770,0.000000,0.000000,0.0000000
0.000000,2.403945,2.311707,1.896000,0.000000,2.117446,0.000000,0.000000,2.1520495
0.000000,2.332906,2.225866,0.000000,1.623452,2.244479,0.000000,0.000000,0.0000000
1.739430,2.340301,2.258916,1.937879,1.984372,1.878376,0.000000,0.000000,2.1622427
1.849877,2.318450,2.317353,1.945907,1.944908,2.099559,0.000000,1.571522,1.4768872
2.011319,2.327692,2.118972,1.824030,1.671076,2.068520,0.000000,0.000000,2.1988774
1.708189,2.427085,2.108767,1.510567,1.766628,0.000000,0.000000,0.000000,0.0000000
2.002394,2.341396,2.208436,1.807153,1.820026,2.150477,0.000000,2.082927,2.2272063
1.827566,2.352763,2.312511,1.921549,1.909311,2.032112,0.000000,1.516803,1.5227698
1.732894,2.342336,2.204137,0.000000,1.873469,1.930802,0.000000,1.837775,1.9210238
1.903292,2.378191,2.202894,1.887200,1.966338,2.307507,0.000000,0.000000,0.0000000
1.825408,2.362529,2.232801,1.871644,1.808776,2.019097,0.000000,0.000000,1.8816561
1.845600,2.424720,2.181563,2.021112,1.892687,2.295821,0.000000,1.440042,1.9889657
0.000000,2.333622,2.217134,1.946916,1.976603,1.828616,0.000000,0.000000,0.0000000
1.852660,2.327952,2.279423,1.800901,1.981863,1.927612,0.000000,1.983288,0.0000000
1.744919,2.327900,2.248981,1.840004,1.797878,1.734081,0.000000,0.000000,0.0000000
1.973477,2.387995,2.115206,1.561862,1.634358,0.000000,0.000000,0.000000,0.0000000
1.618844,2.321157,2.239932,1.896606,1.802711,1.885397,0.000000,0.000000,0.0000000
1.665152,2.327790,2.302314,1.988814,0.000000,2.000799,0.000000,0.000000,0.0000000
0.000000,2.326099,2.235147,1.939040,1.849410,0.000000,0.000000,0.000000,1.6510734
1.681454,2.300258,2.251410,1.888814,1.888176,1.939782,0.000000,1.818278,2.0214596
2.218205,2.334284,2.298614,1.861479,1.872735,1.933855,0.000000,1.725745,1.6742521
0.000000,2.316541,2.308603,1.677846,0.000000,0.000000,0.000000,0.000000,2.3156647
0.000000,2.352648,2.199925,1.850968,1.800384,1.981506,0.000000,0.000000,0.0000000
2.022219,2.440259,2.139331,1.892789,1.870143,0.000000,0.000000,0.000000,2.0315742
1.928842,2.345942,2.208518,2.001929,1.727443,1.942140,0.000000,0.000000,2.0833562
1.877992,2.293602,2.275133,1.965597,2.025156,2.212774,0.000000,0.000000,1.9792143
1.766655,2.327943,2.250675,1.933159,1.816300,1.957332,0.000000,0.000000,0.0000000
1.969466,2.352458,2.264844,2.043743,0.000000,1.868071,0.000000,0.000000,0.0000000
1.923855,2.332769,2.237423,1.832055,1.876082,1.587940,0.000000,2.198151,0.0000000
1.722992,2.353159,2.241685,2.008209,1.920393,1.660533,0.000000,0.000000,1.9907669
0.000000,2.346129,2.293808,1.974228,0.000000,0.000000,0.000000,1.641355,0.0000000
0.000000,2.389252,2.247264,0.000000,1.660614,1.756044,0.000000,0.000000,0.0000000
0.000000,2.337771,2.252681,0.000000,0.000000,0.000000,0.000000,0.000000,0.0000000
0.000000,2.353268,2.176867,1.993529,2.139037,1.945783,0.000000,0.000000,0.0000000
1.785066,2.302702,2.244088,2.039996,1.940087,1.899511,0.000000,0.000000,1.9973322
1.717332,2.366482,2.339498,0.000000,1.936512,0.000000,0.000000,0.000000,0.0000000
0.000000,2.327627,2.240147,1.993867,0.000000,2.059548,0.000000,0.000000,2.2258460
1.881165,2.342867,2.193808,1.878609,0.000000,1.919593,0.000000,1.669591,2.1944599
2.119762,2.349369,2.083690,1.994795,2.110068,0.000000,0.000000,0.000000,2.1411361
0.000000,2.380404,2.213103,2.091843,1.709252,2.220261,0.000000,0.000000,2.3943010
1.951975,2.417514,2.299525,0.000000,1.882430,1.836165,0.000000,1.872240,0.0000000
1.999221,2.360121,2.266636,1.956245,0.000000,1.983671,0.000000,0.000000,1.5824830
1.738818,2.340952,2.201124,1.958115,1.691276,1.936909,0.000000,0.000000,0.0000000
1.852377,2.357599,2.311505,1.963344,1.423973,1.886993,0.000000,0.000000,2.0827937
0.000000,2.364179,2.257375,1.937508,1.695021,1.869793,0.000000,0.000000,0.0000000
1.836345,2.281373,2.266933,2.027932,0.000000,1.887032,0.000000,0.000000,2.1031371
2.044339,2.307164,2.270533,0.000000,1.992277,1.987392,0.000000,0.000000,0.0000000
1.942435,2.394020,2.240031,1.978830,1.913173,1.936264,0.000000,0.000000,0.0000000
1.669944,2.338609,2.307228,1.753260,0.000000,1.965222,0.000000,0.000000,0.0000000
2.003465,2.326579,2.356108,2.030957,1.797393,2.099363,0.000000,0.000000,2.2807689
1.802107,2.347406,2.290340,2.020529,0.000000,2.062958,0.000000,0.000000,2.2477539
1.905777,2.423309,2.057975,1.794712,0.000000,1.965986,0.000000,0.000000,0.0000000
1.897224,2.365327,2.252011,1.828339,1.923030,2.070440,0.000000,0.000000,0.0000000
0.000000,2.371740,2.250192,2.031625,1.800732,1.912059,0.000000,0.000000,0.0000000
0.000000,2.394438,2.295458,1.925818,0.000000,2.025921,0.000000,0.000000,0.0000000
0.000000,2.343248,2.236253,2.051902,1.979885,1.888143,0.000000,0.000000,0.0000000
0.000000,2.355978,2.242092,2.013205,0.000000,2.253981,1.948968,0.000000,0.0000000
1.748817,2.291037,2.259679,1.954397,1.756274,1.737619,0.000000,0.000000,0.0000000
1.571247,2.362422,2.279284,1.976879,0.000000,0.000000,0.000000,0.000000,0.0000000
1.730969,2.314675,2.244755,1.972669,0.000000,0.000000,1.870302,1.737766,0.0000000
1.822513,2.344973,2.223898,1.900779,1.799589,1.853513,0.000000,0.000000,1.9649609
0.000000,2.348158,2.262176,1.973598,0.000000,1.743691,0.000000,0.000000,1.9325347
1.846574,2.310438,2.287526,1.909627,0.000000,1.933988,0.000000,1.923703,0.0000000
0.000000,2.317685,2.281746,1.828062,0.000000,1.723707,0.000000,0.000000,0.0000000
0.000000,2.326867,2.017484,1.688363,1.825080,0.000000,0.000000,0.000000,0.0000000
1.662952,2.337699,2.174771,1.906107,1.655859,0.000000,0.000000,0.000000,0.0000000
1.946944,2.364353,2.171945,1.998524,1.742342,2.318558,0.000000,0.000000,2.3017471
2.146386,2.438859,2.243305,1.935501,0.000000,2.095735,0.000000,2.172698,1.7507203
1.902259,2.393537,2.245777,1.849232,0.000000,0.000000,0.000000,1.940020,0.0000000
0.000000,2.257698,2.234847,1.902074,0.000000,0.000000,0.000000,1.899542,0.0000000
0.000000,2.374667,2.243552,1.962575,1.814370,1.645730,0.000000,0.000000,0.0000000
1.794668,2.346081,2.235398,0.000000,1.826623,2.011250,2.092320,2.271013,1.8226120
1.778210,2.415690,2.314834,1.881948,1.554335,1.991843,0.000000,1.680536,0.0000000
0.000000,2.365959,2.158323,0.000000,0.000000,0.000000,0.000000,0.000000,2.0230674
0.000000,2.337171,2.206302,1.735027,0.000000,0.000000,0.000000,0.000000,2.1103169
1.931741,2.328463,2.189927,1.910271,2.066338,0.000000,0.000000,0.000000,2.3211700
1.533227,2.328930,2.170935,1.904837,1.799142,0.000000,0.000000,0.000000,2.2348035
1.975972,2.359120,2.191715,0.000000,1.894975,0.000000,0.000000,0.000000,1.9111541
0.000000,2.417724,2.152878,0.000000,0.000000,0.000000,0.000000,2.193599,0.0000000
1.707833,2.369285,2.243081,1.925269,0.000000,2.129732,0.000000,0.000000,0.0000000
0.000000,2.341220,2.100680,1.716828,0.000000,2.266783,0.000000,0.000000,0.0000000
1.858991,2.345889,2.232827,1.985947,2.179632,1.962023,0.000000,1.922924,1.9841442
0.000000,2.339919,2.256083,1.991735,1.999185,1.865539,0.000000,0.000000,2.1130520
0.000000,2.321062,2.322338,1.982562,1.537845,1.814781,1.770010,0.000000,0.0000000
1.842924,2.384623,2.102835,0.000000,0.000000,0.000000,0.000000,0.000000,0.0000000
0.000000,2.318503,2.232358,1.761625,2.015099,2.134868,0.000000,0.000000,2.0277403
0.000000,2.333495,2.271947,1.653162,0.000000,1.971420,0.000000,0.000000,0.0000000
1.918735,2.338691,2.320390,1.771995,1.928065,0.000000,0.000000,1.684222,2.1221887
2.002291,2.349340,2.203598,1.703048,1.835829,0.000000,0.000000,1.804437,0.0000000
1.850769,2.340001,2.211559,1.653386,1.803313,1.625459,0.000000,0.000000,0.0000000
1.553828,2.317173,2.237942,1.942428,1.944783,1.802138,0.000000,0.000000,1.7340313
0.000000,2.387839,2.280591,1.507168,1.417174,1.826885,0.000000,1.718702,1.6984251
1.856060,2.328510,2.201274,1.497411,1.843103,0.000000,0.000000,0.000000,0.0000000
1.872052,2.343113,2.130650,1.821807,1.957629,1.863132,0.000000,0.000000,1.4336962
1.617593,2.388538,2.188628,0.000000,1.990181,0.000000,0.000000,0.000000,1.9917379
0.000000,2.340004,2.295171,1.733062,2.050174,0.000000,0.000000,2.104157,1.5518889
1.969883,2.411496,2.222585,1.985903,1.906575,2.178269,0.000000,0.000000,0.0000000
1.775154,2.338187,2.214716,1.838332,0.000000,2.047412,0.000000,0.000000,0.0000000
0.000000,2.361263,2.208907,1.983070,0.000000,1.446642,0.000000,0.000000,1.9789275
1.801016,2.354325,2.231986,1.855067,1.719144,1.739140,0.000000,1.904224,1.5460977
1.869448,2.351553,2.267664,1.460555,1.640569,0.000000,0.000000,0.000000,2.0984623
1.709330,2.303481,2.243958,1.853786,1.477741,1.932251,0.000000,2.046614,0.0000000
1.960228,2.328403,2.281481,0.000000,0.000000,0.000000,0.000000,2.186756,1.6777503
1.829322,2.348022,2.264944,0.000000,1.949206,0.000000,0.000000,0.000000,0.0000000
1.749869,2.352512,2.144808,1.783004,1.782681,2.189729,1.816714,0.000000,2.0276271
0.000000,2.372628,2.251832,1.961134,0.000000,0.000000,0.000000,0.000000,1.8064560
1.681829,2.349666,2.267591,0.000000,0.000000,1.615523,0.000000,1.860791,2.1780090
1.459192,2.341720,2.222426,1.866524,1.933124,1.709800,0.000000,1.537566,0.0000000
1.904415,2.286682,2.305877,1.943789,1.923081,1.987584,0.000000,1.993985,1.4721596
1.915742,2.363330,2.273067,1.857921,1.550394,1.818501,0.000000,2.135828,2.0917890
1.834544,2.424184,2.099578,1.764379,2.037435,2.270080,0.000000,0.000000,2.1545647
1.432814,2.353639,2.173759,0.000000,1.751700,0.000000,0.000000,0.000000,0.0000000
0.000000,2.413802,2.269072,1.870194,1.814762,0.000000,0.000000,0.000000,1.5503425
1.954314,2.316440,2.215988,1.944647,0.000000,0.000000,1.738786,2.153537,2.0360737
1.866576,2.339654,2.317121,0.000000,0.000000,2.112823,0.000000,2.362075,1.9053636
0.000000,2.372011,2.214940,1.797619,1.982856,0.000000,0.000000,0.000000,0.0000000
1.820759,2.289189,2.222526,1.861506,1.922873,1.700660,0.000000,1.426628,1.8018558
1.988983,2.355314,2.216950,0.000000,0.000000,0.000000,0.000000,0.000000,1.9518133
1.713698,2.314750,2.195164,0.000000,1.891647,0.000000,0.000000,0.000000,1.6117004
0.000000,2.398808,2.291167,2.010961,0.000000,1.944543,0.000000,0.000000,0.0000000
2.010537,2.356857,2.300640,1.699599,1.801636,1.906975,0.000000,1.691056,2.0004528
1.897576,2.348541,2.082258,0.000000,1.974408,1.534024,0.000000,0.000000,2.1577745
0.000000,2.357098,2.245874,0.000000,1.927902,1.856420,0.000000,0.000000,0.0000000
1.846907,2.361378,2.249608,1.748983,1.970787,1.584576,0.000000,1.672200,2.0189884
1.707198,2.304065,2.212099,0.000000,1.957355,0.000000,1.167099,0.000000,0.0000000
1.761016,2.390712,2.221245,0.000000,0.000000,0.000000,0.000000,0.000000,0.0000000
1.720953,2.355123,2.230494,1.513712,0.000000,2.274773,0.000000,0.000000,1.9051687
0.000000,2.385069,2.262710,1.985663,0.000000,0.000000,0.000000,0.000000,2.0451927
0.000000,2.353691,2.181239,1.876088,1.896324,1.813246,0.000000,0.000000,0.0000000
0.000000,2.369090,2.240259,1.892176,0.000000,2.216190,0.000000,0.000000,1.7660257
0.000000,2.346678,2.101816,1.728224,1.743143,1.681290,0.000000,0.000000,0.0000000
1.598352,2.352293,2.311409,0.000000,1.807072,1.882784,1.113537,1.992778,1.9028111
1.892235,2.349845,2.285177,1.844033,1.821279,1.916226,0.000000,1.916615,1.9724840
1.683760,2.359679,2.153819,1.839526,1.931288,0.000000,0.000000,0.000000,1.4845086
0.000000,2.466021,2.304405,0.000000,0.000000,2.383060,0.000000,2.003374,0.0000000
0.000000,2.365033,2.285008,1.783611,0.000000,0.000000,0.000000,0.000000,0.0000000
0.000000,2.367013,2.269332,1.832425,0.000000,1.865321,0.000000,0.000000,1.8678771
1.726097,2.325274,2.184983,1.906242,2.023586,1.686760,0.000000,1.739237,2.1444107
1.901864,2.346771,2.308833,1.830700,1.870550,2.241313,0.000000,0.000000,1.9733973
1.871757,2.317924,2.251168,0.000000,0.000000,0.000000,0.000000,2.104433,0.0000000
0.000000,2.381889,2.251065,0.000000,1.916240,0.000000,0.000000,0.000000,0.0000000
0.000000,2.373996,2.432333,1.889140,2.075053,0.000000,0.000000,0.000000,0.0000000
0.000000,2.343204,2.356363,1.970364,1.661148,2.095677,0.000000,1.761902,1.8485084
0.000000,2.283909,2.338315,1.891463,2.003862,1.910308,0.000000,0.000000,2.0919977
1.969688,2.448575,2.420661,0.000000,0.000000,1.904944,0.000000,0.000000,1.8633400
1.946038,2.365908,2.187000,1.901378,1.800648,1.979160,0.000000,0.000000,2.0114653
1.969243,2.382731,2.315131,2.106310,2.026472,1.791137,0.000000,0.000000,2.0921858
0.000000,2.375567,2.161397,1.888935,0.000000,0.000000,0.000000,0.000000,2.3454310
1.914514,2.325896,2.279026,1.853065,1.785395,2.193385,0.000000,0.000000,2.0321947
2.179620,2.296396,2.311936,2.016802,1.874120,2.271989,0.000000,0.000000,2.2108673
0.000000,2.324836,2.235310,1.952648,1.888004,2.020853,0.000000,0.000000,0.0000000
2.204771,2.361526,2.429455,1.988087,0.000000,2.040380,0.000000,0.000000,0.0000000
1.825000,2.305516,2.411056,1.973884,0.000000,2.127072,0.000000,0.000000,2.0760867
1.806598,2.303704,2.385823,1.994963,1.667810,0.000000,0.000000,0.000000,0.0000000
1.705419,2.328481,2.244794,1.751892,0.000000,0.000000,0.000000,0.000000,0.0000000
0.000000,2.363220,2.384420,1.903732,1.704996,1.874039,0.000000,0.000000,0.0000000
1.980838,2.378582,2.283979,1.980180,0.000000,1.845623,0.000000,0.000000,0.0000000
1.790061,2.352219,2.241236,1.983243,1.956359,1.842659,0.000000,1.633125,0.0000000
1.863948,2.350138,2.213741,1.999374,1.919789,1.796668,0.000000,0.000000,0.0000000
1.937118,2.397288,2.267067,1.975547,1.965654,1.831463,0.000000,1.696456,0.0000000
1.986240,2.353499,2.218342,2.048291,2.018760,1.822269,0.000000,0.000000,0.0000000
1.802180,2.350823,2.233033,1.942642,1.899938,1.947927,0.000000,0.000000,0.0000000
1.866746,2.329489,2.254811,2.033605,1.988025,1.900212,0.000000,1.791531,0.0000000
1.893148,2.335663,2.218778,1.993712,1.917974,1.744469,0.000000,0.000000,0.0000000
1.822648,2.336475,2.204498,1.941584,1.985100,1.562249,0.000000,0.000000,1.4650847
1.902144,2.339501,2.256040,1.960600,1.955932,1.851151,0.000000,1.731342,0.0000000
1.840227,2.339957,2.215613,1.922745,1.923378,1.652319,0.000000,0.000000,0.0000000
1.852848,2.348932,2.216473,1.967039,1.955047,1.823959,0.000000,0.000000,0.0000000
1.884160,2.336991,2.253652,1.983869,1.990405,1.761625,0.000000,0.000000,1.5994834
0.000000,2.339512,2.211845,1.839750,2.007407,1.770297,0.000000,1.816404,0.0000000
1.660587,2.344139,2.228974,1.972215,1.853930,0.000000,0.000000,1.801531,0.0000000
1.630373,2.277256,2.263538,1.837175,2.157441,2.180489,0.000000,1.976493,0.0000000
1.549200,2.322175,2.195922,1.868562,1.951217,0.000000,0.000000,1.908572,0.0000000
1.809084,2.319750,2.215924,1.844350,2.019174,0.000000,0.000000,1.782609,0.0000000
1.800532,2.336060,2.212864,1.923902,2.044077,1.640022,0.000000,1.885482,0.0000000
1.716586,2.291198,2.228543,1.911103,2.032485,0.000000,0.000000,1.849276,0.0000000
0.000000,2.365588,2.278740,1.795852,1.734214,1.790016,0.000000,0.000000,0.0000000
1.705379,2.328436,2.231752,1.918463,1.989065,1.665178,0.000000,1.892811,0.0000000
0.000000,2.318747,2.201027,1.833363,2.050104,0.000000,0.000000,1.882506,0.0000000
1.767508,2.317148,2.218047,1.898355,2.054271,1.743065,0.000000,1.905398,0.0000000
1.664056,2.308645,2.201774,1.899705,2.017784,1.583469,0.000000,1.938530,0.0000000
0.000000,2.338820,2.186854,1.939708,1.971351,0.000000,0.000000,1.810970,0.0000000
0.000000,2.301892,2.243112,1.957087,1.995321,2.130611,0.000000,1.837289,0.0000000
1.697793,2.347184,2.202226,1.931634,1.982393,1.597095,0.000000,2.007731,0.0000000
0.000000,2.301908,2.223203,1.801573,1.960282,0.000000,0.000000,1.821589,0.0000000
1.831404,2.313153,2.222665,1.895012,1.721913,1.778321,0.000000,1.967086,0.0000000
1.776422,2.328854,2.233397,1.931252,1.852819,1.744018,0.000000,0.000000,0.0000000
1.842675,2.314260,2.303325,1.957054,1.667733,1.658729,0.000000,2.185766,0.0000000
1.796657,2.313168,2.224263,1.908914,1.834395,1.661255,0.000000,2.121428,0.0000000
1.707873,2.332965,2.263333,1.901348,1.922435,2.067910,0.000000,1.963985,0.0000000
1.871259,2.323120,2.263411,1.966028,1.896282,1.758537,0.000000,1.903584,1.2843373
1.753596,2.306130,2.251562,1.905027,1.939126,1.750273,0.000000,1.972061,0.0000000
0.000000,2.297203,2.242687,1.539284,1.844642,0.000000,0.000000,2.110503,1.4668991
1.751389,2.301809,2.293177,1.958477,1.899771,1.803726,0.000000,2.104235,0.0000000
1.748832,2.303949,2.253517,1.950250,1.897803,1.717926,0.000000,0.000000,0.0000000
1.835320,2.309544,2.258238,1.926745,1.760194,1.809946,0.000000,1.967077,0.0000000
1.848852,2.316734,2.231447,1.768237,1.912774,1.714667,0.000000,2.032738,0.0000000
1.908828,2.306710,2.239489,1.943252,1.845271,1.840219,0.000000,2.157285,0.0000000
1.884080,2.324840,2.240467,1.887575,1.889073,1.668295,0.000000,1.959649,0.0000000
1.873488,2.308874,2.255806,1.942551,1.735160,1.696987,0.000000,2.063257,0.0000000
1.766602,2.346935,2.273920,1.920054,2.040720,1.852667,0.000000,0.000000,0.0000000
1.840354,2.347786,2.237481,1.899811,1.890658,1.632011,0.000000,1.643215,1.4848816
1.869441,2.332255,2.198174,2.020832,2.028049,1.919924,0.000000,1.813525,0.0000000
1.812995,2.350360,2.256791,1.919719,1.877451,0.000000,0.000000,1.687394,1.5203946
1.814475,2.342322,2.208898,1.940516,1.948438,1.881802,0.000000,1.697856,0.0000000
1.788840,2.360435,2.269497,1.897994,1.967256,1.769461,0.000000,0.000000,0.0000000
1.921377,2.330858,2.204544,1.913832,1.981078,1.724348,0.000000,0.000000,1.4983137
1.907321,2.334728,2.251060,1.930350,1.865552,1.738931,0.000000,1.794910,0.0000000
1.863761,2.360809,2.269322,2.050047,1.989617,1.727234,0.000000,1.665724,0.0000000
1.810695,2.342946,2.238627,1.892187,1.978104,1.792808,0.000000,0.000000,0.0000000
0.000000,2.364129,2.210246,1.990585,1.964215,0.000000,0.000000,0.000000,0.0000000
1.796603,2.357210,2.205407,2.002976,1.969073,1.848688,0.000000,0.000000,0.0000000
0.000000,2.302622,2.237746,1.739317,1.849373,0.000000,0.000000,1.734845,0.0000000
1.859949,2.339141,2.261829,1.917876,2.082379,1.743394,0.000000,2.012304,0.0000000
1.700598,2.324121,2.232772,1.872052,1.960745,0.000000,0.000000,1.827462,0.0000000
1.745645,2.340423,2.236342,1.784689,1.975368,0.000000,0.000000,1.806648,0.0000000
1.790413,2.325915,2.230200,1.840671,2.055002,0.000000,0.000000,1.795185,0.0000000
1.896590,2.305373,2.275978,1.774561,1.838621,0.000000,0.000000,1.958988,0.0000000
1.549304,2.334900,2.272408,1.782884,1.840513,0.000000,0.000000,0.000000,0.0000000
1.937186,2.345316,2.253196,1.837880,1.923994,0.000000,0.000000,0.000000,0.0000000
1.984160,2.334507,2.290943,1.786518,1.743347,1.588977,0.000000,0.000000,0.0000000
1.943778,2.315501,2.255547,1.888725,1.901242,1.891923,0.000000,2.074161,0.0000000
1.889173,2.357925,2.244294,1.841185,2.042935,2.133989,0.000000,1.712416,0.0000000
1.945652,2.347890,2.235128,1.910935,1.874742,2.071712,0.000000,1.600684,0.0000000
1.886054,2.336944,2.253082,1.905500,1.992328,2.051444,0.000000,1.834775,0.0000000
1.962696,2.303809,2.287368,1.964175,2.026648,1.835229,0.000000,1.817128,1.5685638
0.000000,2.312879,2.252552,0.000000,1.829623,2.268964,1.973793,1.777691,2.4330634
0.000000,2.363583,2.251317,0.000000,0.000000,2.208693,0.000000,2.192465,2.4464237
1.946670,2.325864,2.230087,1.906150,2.034972,2.134737,0.000000,1.866615,0.0000000
0.000000,2.332349,2.256312,1.984258,1.735061,0.000000,0.000000,0.000000,0.0000000
1.980060,2.326469,2.252811,1.851356,2.030077,1.498244,0.000000,1.790164,0.0000000
1.936004,2.325857,2.217798,0.000000,1.950636,0.000000,0.000000,0.000000,0.0000000
0.000000,2.373569,2.119490,0.000000,0.000000,0.000000,0.000000,0.000000,2.4364661
0.000000,2.367193,2.294532,1.761057,2.185869,0.000000,0.000000,0.000000,2.4175176
0.000000,2.313879,2.219845,0.000000,0.000000,0.000000,0.000000,1.863166,2.4206573
0.000000,2.394508,2.129898,0.000000,0.000000,0.000000,0.000000,0.000000,2.4621064
0.000000,2.330961,2.236732,0.000000,0.000000,1.824983,0.000000,0.000000,2.4236891
0.000000,2.400652,2.278024,0.000000,2.043713,0.000000,0.000000,0.000000,2.3306236
2.102865,2.351104,2.208870,0.000000,0.000000,0.000000,0.000000,0.000000,2.3848157
1.902652,2.372121,2.272487,0.000000,0.000000,0.000000,0.000000,0.000000,2.3359459
0.000000,2.324554,2.223606,0.000000,2.052329,1.810163,0.000000,0.000000,0.0000000
0.000000,2.360111,2.257799,1.764298,0.000000,0.000000,0.000000,0.000000,0.0000000
1.976382,2.305604,2.238031,0.000000,1.751522,1.933187,0.000000,2.194507,1.8021171
0.000000,2.357188,2.262474,1.727998,0.000000,0.000000,0.000000,2.077931,0.0000000
1.949261,2.319091,2.213132,1.760626,1.785395,0.000000,0.000000,2.259015,0.0000000
1.959497,2.341550,2.279434,0.000000,0.000000,0.000000,0.000000,2.265142,0.0000000
1.961309,2.321631,2.254625,1.885363,1.624693,1.749028,0.000000,0.000000,1.5722992
1.793708,2.248180,2.264757,0.000000,0.000000,0.000000,0.000000,2.284640,0.0000000
0.000000,2.317049,2.232890,0.000000,1.996389,0.000000,0.000000,0.000000,2.3579794
0.000000,2.308369,2.260114,0.000000,1.952016,2.214149,1.993465,1.921557,2.0438976
0.000000,2.342474,2.241045,0.000000,0.000000,0.000000,0.000000,1.869275,2.3964248
0.000000,2.347498,2.256832,1.658105,1.868922,2.001441,2.251412,1.644876,2.3611819
0.000000,2.315061,2.262384,0.000000,0.000000,2.060730,0.000000,1.839271,2.4712931
0.000000,2.308117,2.275010,0.000000,1.957190,1.852544,0.000000,1.801688,1.6322022
0.000000,2.408251,2.248332,1.827818,1.603365,1.784311,0.000000,0.000000,0.0000000
0.000000,2.356150,2.279912,0.000000,1.931387,0.000000,0.000000,0.000000,1.6038199
0.000000,2.313493,2.187003,0.000000,0.000000,0.000000,0.000000,0.000000,2.4537549
0.000000,2.344456,2.260666,0.000000,2.068021,0.000000,0.000000,2.112744,2.3671174
1.676423,2.346513,2.243046,0.000000,2.027483,2.067159,0.000000,2.042488,2.2691734
0.000000,2.251875,2.199440,0.000000,0.000000,2.013748,0.000000,2.019350,2.3619209
0.000000,2.344395,2.302714,0.000000,0.000000,0.000000,0.000000,0.000000,2.5250732
0.000000,2.325863,2.202036,0.000000,0.000000,1.918753,0.000000,1.959877,2.4260623
0.000000,2.306443,2.206070,0.000000,0.000000,2.054177,0.000000,1.930886,2.3983650
0.000000,2.354243,2.218741,0.000000,1.857278,0.000000,0.000000,2.042939,2.2050994
0.000000,2.270852,2.268592,0.000000,0.000000,1.950123,0.000000,1.838589,2.3035384
1.800943,2.282738,2.339297,0.000000,0.000000,0.000000,0.000000,2.143327,2.3506003
0.000000,2.316530,2.216732,0.000000,0.000000,0.000000,0.000000,0.000000,2.4038998
0.000000,2.327958,2.221700,0.000000,0.000000,2.330944,0.000000,2.038680,2.3559800
2.017311,2.241529,2.367526,0.000000,1.791812,1.952426,0.000000,2.128529,2.3576551
0.000000,2.246173,2.401824,0.000000,1.869857,1.775545,0.000000,2.042584,2.3954045
0.000000,2.374492,2.283586,0.000000,2.155982,2.219540,0.000000,2.108037,2.4135725
0.000000,2.361005,2.228653,0.000000,2.036013,0.000000,0.000000,1.978191,2.2844436
2.041550,2.335787,2.238969,0.000000,0.000000,0.000000,0.000000,2.098455,2.3620552
0.000000,2.346667,2.201048,0.000000,0.000000,0.000000,0.000000,0.000000,2.4281236
0.000000,2.283302,2.136724,0.000000,0.000000,2.018649,0.000000,0.000000,2.1947403
0.000000,2.237431,2.232987,0.000000,0.000000,2.000620,0.000000,2.051323,2.3935570
0.000000,2.280385,2.194297,0.000000,1.789275,2.142678,0.000000,0.000000,2.3472347
0.000000,2.395924,2.107609,0.000000,0.000000,0.000000,0.000000,0.000000,2.3549182
1.962520,2.359629,2.225826,0.000000,0.000000,0.000000,0.000000,2.215658,2.4286008
0.000000,2.351463,2.245414,0.000000,0.000000,2.015275,0.000000,0.000000,2.3571830
0.000000,2.387808,2.295735,1.855451,0.000000,1.905515,0.000000,0.000000,0.0000000
0.000000,2.335257,2.204574,0.000000,1.957051,1.773379,0.000000,1.729859,0.0000000
0.000000,2.270062,2.163313,0.000000,1.612314,0.000000,0.000000,1.693985,2.3278975
0.000000,2.281312,2.206214,0.000000,2.005616,0.000000,0.000000,2.124197,2.5320945
0.000000,2.413019,2.285058,0.000000,2.178567,0.000000,0.000000,2.034642,2.4835931
1.778813,2.280518,2.354337,0.000000,1.809332,0.000000,0.000000,2.063547,2.3594791
0.000000,2.322397,2.125279,0.000000,1.793253,0.000000,0.000000,2.036812,2.2982180
0.000000,2.287117,2.205054,0.000000,2.217585,2.223086,0.000000,0.000000,2.3409868
0.000000,2.293597,2.138364,0.000000,1.903806,0.000000,0.000000,0.000000,0.0000000
0.000000,2.352363,2.242631,0.000000,1.896110,0.000000,0.000000,2.168901,2.4144944
0.000000,2.325600,2.310675,0.000000,1.984923,1.989510,0.000000,1.841437,2.4004966
0.000000,2.303801,2.199079,0.000000,1.690592,0.000000,0.000000,0.000000,2.2135938
0.000000,2.314070,2.228938,0.000000,1.860982,0.000000,0.000000,1.863588,2.3510251
0.000000,2.326385,2.307140,0.000000,0.000000,0.000000,0.000000,2.022449,2.3315685
0.000000,2.365184,2.277073,0.000000,2.103938,0.000000,0.000000,2.310577,2.5017605
0.000000,2.228196,2.172986,0.000000,2.013457,1.898278,0.000000,2.177711,2.2747816
1.893153,2.254380,2.230766,0.000000,1.942504,0.000000,0.000000,2.182989,2.3538828
0.000000,2.363491,2.284810,0.000000,0.000000,1.765945,0.000000,1.926975,2.3074064
0.000000,2.333346,2.219010,0.000000,2.039389,1.939555,0.000000,1.979225,2.3919417
0.000000,2.379267,2.269707,0.000000,1.868097,1.989983,0.000000,0.000000,0.0000000
0.000000,2.379821,2.230093,0.000000,0.000000,1.885845,2.117182,0.000000,2.4409909
0.000000,2.352464,2.234256,0.000000,0.000000,2.115692,0.000000,2.001483,2.4109576
1.748937,2.335064,2.250662,1.965082,1.787122,1.835064,0.000000,0.000000,0.0000000
1.916347,2.385250,2.266758,1.979872,2.013237,1.906068,0.000000,0.000000,0.0000000
0.000000,2.332885,2.233780,1.959706,1.957803,1.781190,0.000000,0.000000,0.0000000
0.000000,2.304317,2.158379,2.036715,1.792819,1.769867,0.000000,1.433794,0.0000000
0.000000,2.385153,2.317463,2.098637,1.653330,1.714894,0.000000,0.000000,1.6705742
1.771646,2.333918,2.202460,2.079970,0.000000,0.000000,0.000000,0.000000,1.5058440
0.000000,2.426045,2.339485,1.698299,0.000000,0.000000,0.000000,0.000000,0.0000000
0.000000,2.330090,2.261388,0.000000,0.000000,1.965503,0.000000,0.000000,2.3525132
0.000000,2.284863,2.185388,0.000000,0.000000,1.752128,0.000000,0.000000,2.1692778
2.068342,2.173327,2.309074,0.000000,1.977214,0.000000,0.000000,1.941117,2.4599413
0.000000,2.340434,2.425428,0.000000,0.000000,0.000000,0.000000,0.000000,2.3987188
0.000000,2.391781,2.192756,0.000000,2.039875,0.000000,0.000000,0.000000,2.4179603
0.000000,2.338747,2.187341,1.808875,1.846118,0.000000,0.000000,2.003609,2.3346284
1.872996,2.339963,2.203753,1.971056,1.908448,1.894764,0.000000,0.000000,0.0000000
1.885624,2.394608,2.326935,2.050608,2.207536,1.916177,0.000000,0.000000,0.0000000
1.868323,2.323240,2.234299,1.957584,1.931268,0.000000,0.000000,0.000000,1.5721623
1.712723,2.367143,2.285964,1.947683,2.072096,0.000000,0.000000,0.000000,0.0000000
0.000000,2.396920,2.281453,1.891582,1.608379,0.000000,0.000000,0.000000,0.0000000
0.000000,2.418642,2.258381,0.000000,1.673513,2.126419,0.000000,1.877824,0.0000000
0.000000,2.234116,2.079208,0.000000,1.927218,1.914976,0.000000,0.000000,2.4831239
0.000000,2.314139,2.238274,0.000000,0.000000,0.000000,0.000000,0.000000,2.4804048
0.000000,2.342197,2.323016,0.000000,0.000000,2.126970,0.000000,1.929574,2.3553830
0.000000,2.369447,2.209564,0.000000,0.000000,1.969354,0.000000,1.651329,2.4063255
0.000000,2.355148,2.213625,0.000000,2.032160,1.656025,2.155798,0.000000,2.0904857
0.000000,2.378818,2.319084,0.000000,0.000000,1.928131,0.000000,1.780353,2.1779098
1.862244,2.393557,2.179476,0.000000,2.144186,2.103488,0.000000,1.800943,2.3738097
0.000000,2.332924,2.276636,2.049185,2.126282,0.000000,0.000000,1.914949,0.0000000
1.878740,2.307666,2.160193,0.000000,0.000000,1.710269,0.000000,1.963872,2.3829307
0.000000,2.346615,2.318178,0.000000,0.000000,0.000000,0.000000,2.271761,2.2914631
1.836866,2.350992,2.238549,1.939585,1.972530,1.569308,0.000000,1.526007,0.0000000
1.312475,2.314718,2.263022,1.898719,1.904474,2.278612,0.000000,1.817671,1.5135209
2.105970,2.296914,2.247654,0.000000,2.234981,2.114147,0.000000,2.077402,2.3650844
0.000000,2.350879,2.210528,0.000000,0.000000,2.117533,0.000000,2.049400,2.3771183
0.000000,2.327262,2.240756,1.887150,1.923441,0.000000,0.000000,0.000000,2.4271602
0.000000,2.344422,2.259810,0.000000,2.211311,1.932124,0.000000,0.000000,2.4285349
0.000000,2.295293,2.260756,0.000000,0.000000,0.000000,0.000000,1.974770,2.4836998
0.000000,2.332095,2.218912,0.000000,1.865532,2.059448,0.000000,1.826465,2.3804397
0.000000,2.357437,2.250546,0.000000,0.000000,2.257251,0.000000,2.111814,2.4060446
2.062487,2.333481,2.221243,0.000000,0.000000,1.871795,0.000000,2.018835,2.4603815
0.000000,2.381699,2.295411,0.000000,0.000000,0.000000,0.000000,0.000000,2.3549682
0.000000,2.325389,2.304754,1.935524,0.000000,1.993138,0.000000,0.000000,2.2930556
2.017780,2.329786,2.372740,1.813900,1.798329,1.906739,0.000000,1.969869,2.2116840
0.000000,2.312290,2.344326,0.000000,1.801468,2.031807,0.000000,0.000000,2.3625804
0.000000,2.359136,2.318604,0.000000,1.939935,1.905539,0.000000,1.916182,2.3892069
0.000000,2.322380,2.279955,0.000000,1.790198,1.946982,0.000000,2.002592,2.4136575
0.000000,2.354602,2.232339,0.000000,1.818900,0.000000,0.000000,1.821934,2.4232871
2.014923,2.260638,2.272737,0.000000,0.000000,0.000000,0.000000,1.757046,2.4379096
0.000000,2.372924,2.278930,1.786681,0.000000,0.000000,0.000000,1.980017,2.4249769
0.000000,2.348081,2.254504,0.000000,0.000000,1.682600,0.000000,1.936184,2.4463105
2.161413,2.325381,2.231990,0.000000,0.000000,2.259857,0.000000,2.017044,2.3136676
0.000000,2.328104,2.350964,0.000000,0.000000,1.673563,0.000000,0.000000,0.0000000
1.613926,2.335934,2.304827,0.000000,2.067015,0.000000,0.000000,1.650390,0.0000000
0.000000,2.354661,2.279249,0.000000,1.928939,1.977179,0.000000,2.121092,2.4423556
1.903840,2.346701,2.222431,1.938124,1.964900,1.862917,0.000000,0.000000,1.7272161
0.000000,2.357434,2.253702,2.000589,1.993577,1.992032,0.000000,1.960902,1.3890689
2.070740,2.252999,2.299364,0.000000,0.000000,2.198956,0.000000,2.079668,2.5156148
2.076460,2.321947,2.231553,0.000000,1.725181,0.000000,2.391498,0.000000,2.3930682
0.000000,2.375762,2.274044,1.869429,2.040258,2.022680,0.000000,1.674399,0.0000000
1.725692,2.354062,2.268392,1.993616,1.896303,2.062062,0.000000,0.000000,1.5861401
1.693985,2.394747,2.254215,1.867280,0.000000,0.000000,0.000000,0.000000,0.0000000
1.851048,2.287078,2.357694,0.000000,2.034414,1.910571,0.000000,0.000000,2.4171971
1.718111,2.346806,2.203231,0.000000,1.758523,1.961518,0.000000,0.000000,2.3928221
0.000000,2.304546,2.241144,0.000000,1.823413,1.978055,0.000000,2.080319,2.3875608
1.829657,2.311234,2.288231,0.000000,1.862769,0.000000,0.000000,1.924125,2.3856509
1.701075,2.282427,2.262837,0.000000,1.956639,0.000000,0.000000,0.000000,2.4629978
1.660212,2.344924,2.208360,1.959414,1.942722,1.855416,0.000000,0.000000,0.0000000
0.000000,2.239661,2.064413,0.000000,2.252757,2.026712,0.000000,0.000000,2.4386304
1.873971,2.355938,2.171280,0.000000,0.000000,1.595868,0.000000,0.000000,2.4129005
0.000000,2.337962,2.226345,0.000000,1.942766,0.000000,0.000000,0.000000,2.4425871
1.898622,2.455175,2.244435,0.000000,1.638340,2.015147,0.000000,2.049574,2.4242388
2.094520,2.319651,2.241960,0.000000,0.000000,0.000000,0.000000,2.222488,2.3255080
0.000000,2.313539,2.247440,0.000000,0.000000,0.000000,0.000000,0.000000,2.4513698
0.000000,2.390199,2.304609,0.000000,1.862716,0.000000,0.000000,1.964095,2.3973929
1.779414,2.341335,2.219074,1.974169,1.957781,1.879027,0.000000,1.558090,0.0000000
1.911767,2.395269,2.250538,1.996352,1.940568,1.959437,0.000000,0.000000,1.5566475
0.000000,2.317336,2.235292,0.000000,0.000000,1.843879,0.000000,0.000000,2.3918601
0.000000,2.347409,2.292276,0.000000,2.038577,1.816422,0.000000,1.971857,2.3601394
0.000000,2.372378,2.260285,0.000000,0.000000,1.764339,0.000000,0.000000,2.3502609
0.000000,2.359218,2.301946,0.000000,2.130256,1.949543,0.000000,0.000000,2.4419957
0.000000,2.309617,2.172939,0.000000,2.027561,1.789766,0.000000,0.000000,2.4337754
2.035225,2.315898,2.297067,0.000000,1.631659,0.000000,0.000000,1.673662,2.3772176
1.592255,2.308723,2.257564,1.781637,1.970329,0.000000,0.000000,1.732323,0.0000000
1.837621,2.313340,2.213919,1.810439,1.954115,0.000000,0.000000,0.000000,0.0000000
1.988589,2.326899,2.220747,0.000000,1.847239,1.800130,0.000000,1.740503,2.2492590
1.939040,2.322296,2.264582,0.000000,1.693225,1.891663,2.006422,0.000000,2.1679971
0.000000,2.280394,2.313989,0.000000,0.000000,1.957481,0.000000,1.776534,2.3744085
1.869659,2.302302,2.223424,1.801258,1.856491,1.681993,0.000000,1.848366,1.3847257
0.000000,2.418518,2.288930,0.000000,0.000000,2.284394,0.000000,0.000000,2.4447851
2.060687,2.352179,2.233514,0.000000,0.000000,2.087122,2.315095,0.000000,2.3317612
2.029957,2.373332,2.194247,0.000000,2.103073,2.288732,0.000000,0.000000,2.3767615
1.933253,2.340239,2.307566,0.000000,1.504711,1.920596,0.000000,0.000000,2.3777594
2.073943,2.390583,2.177710,0.000000,0.000000,0.000000,0.000000,0.000000,2.4289163
0.000000,2.364141,2.206946,0.000000,1.897576,0.000000,0.000000,0.000000,2.2935217
0.000000,2.382301,2.136389,1.487545,1.880242,1.642916,0.000000,0.000000,2.3356614
0.000000,2.329753,2.218511,1.982785,0.000000,1.702331,0.000000,2.117883,2.4365421
1.912948,2.396473,2.252367,0.000000,1.772252,0.000000,0.000000,0.000000,2.2202360
0.000000,2.301936,2.314989,0.000000,1.722309,0.000000,0.000000,0.000000,2.3633175
1.716922,2.337565,2.247745,0.000000,1.695793,0.000000,0.000000,0.000000,0.0000000
1.617558,2.344935,2.210564,1.771284,0.000000,1.968064,0.000000,0.000000,0.0000000
1.595192,2.359778,2.278899,1.676254,1.851962,1.577644,0.000000,1.690702,0.0000000
1.656575,2.325021,2.197419,1.773124,1.872422,1.771737,0.000000,1.925922,0.0000000
0.000000,2.275202,2.331551,0.000000,0.000000,1.971690,0.000000,0.000000,2.4106415
1.964797,2.292780,2.284873,0.000000,1.989058,2.096079,0.000000,0.000000,2.3996539
0.000000,2.342973,2.339012,0.000000,2.025332,2.221318,0.000000,2.128778,2.3599756
1.943439,2.325406,2.242582,0.000000,1.860374,2.103279,0.000000,1.856927,2.4325905
2.171235,2.319324,2.386985,0.000000,0.000000,1.988481,0.000000,0.000000,2.2899058
1.744252,2.270835,2.085182,0.000000,0.000000,1.830589,0.000000,1.706361,2.3767307
0.000000,2.335340,2.152561,0.000000,1.868323,0.000000,0.000000,0.000000,2.2585293
2.074196,2.307581,2.149013,0.000000,1.512563,0.000000,0.000000,0.000000,2.3397587
0.000000,2.350001,2.241333,0.000000,1.663557,0.000000,0.000000,1.667502,2.4472309
0.000000,2.420370,2.282288,1.898077,1.995150,0.000000,0.000000,1.924930,1.4664883
0.000000,2.335457,2.218431,1.562298,1.454254,1.989761,0.000000,1.971045,0.0000000
0.000000,2.394803,2.147268,1.804211,2.014792,1.744764,0.000000,1.834626,1.7550785
1.766735,2.374032,2.285473,1.691056,1.612673,0.000000,0.000000,0.000000,1.5130106
1.904190,2.327695,2.247387,1.798340,1.933726,0.000000,0.000000,0.000000,0.0000000
2.080233,2.327310,2.226112,0.000000,1.626883,1.755785,0.000000,1.798853,2.4033817
0.000000,2.403401,1.958752,0.000000,1.702536,1.884520,0.000000,1.726517,2.3821024
1.855529,2.402057,2.193341,0.000000,1.726342,1.962495,0.000000,1.581708,2.3952551
0.000000,2.248654,2.129454,1.618844,0.000000,1.538067,0.000000,1.626982,2.2037435
1.943306,2.328176,2.206521,0.000000,1.789526,0.000000,0.000000,1.684406,2.2717121
0.000000,2.327459,2.278555,0.000000,1.955359,1.875092,0.000000,0.000000,2.2965140
1.813996,2.375772,2.318963,0.000000,1.948077,0.000000,1.994262,0.000000,2.4560296
0.000000,2.324848,2.255977,1.790016,1.683436,1.770362,0.000000,1.717722,2.3328175
0.000000,2.361362,2.238702,0.000000,1.704208,1.968407,0.000000,1.789617,2.3596632
0.000000,2.363258,2.331282,0.000000,1.634736,2.014941,0.000000,1.898488,2.4075854
1.996303,2.393389,2.257688,0.000000,2.107570,0.000000,0.000000,0.000000,2.4197614
0.000000,2.301640,2.194374,0.000000,1.715798,0.000000,0.000000,2.057412,2.4212066
2.063813,2.370127,2.226072,0.000000,0.000000,0.000000,0.000000,0.000000,2.3091901
0.000000,2.359218,2.086355,0.000000,0.000000,0.000000,0.000000,0.000000,2.3129712
2.032259,2.352453,2.229765,0.000000,0.000000,0.000000,0.000000,1.637168,2.3946995
0.000000,2.354526,2.205118,0.000000,1.897865,1.877902,0.000000,0.000000,2.3432864
0.000000,2.362381,1.933945,0.000000,1.805041,1.654001,0.000000,1.610249,2.3347285
1.992539,2.348217,2.078305,0.000000,0.000000,0.000000,0.000000,1.829443,2.4232810
2.054920,2.343565,2.249292,0.000000,1.993858,1.707893,0.000000,2.017229,2.4299058
2.198560,2.342074,2.372846,0.000000,0.000000,1.873748,0.000000,1.795228,2.3813181
0.000000,2.245275,2.287943,2.119388,2.066383,0.000000,0.000000,1.974090,0.0000000
0.000000,2.303506,2.270541,1.959510,1.731782,1.930514,0.000000,2.027535,0.0000000
0.000000,2.353739,2.236410,2.014072,0.000000,1.804878,0.000000,0.000000,2.3806574
0.000000,2.322106,2.282602,0.000000,2.067816,0.000000,0.000000,0.000000,2.4250211
0.000000,2.315247,2.300000,2.013489,1.922669,1.863881,0.000000,2.118239,0.0000000
1.741362,2.341672,2.278630,1.877662,1.747194,1.867968,0.000000,2.075657,0.0000000
1.747924,2.325637,2.202298,0.000000,1.923492,0.000000,0.000000,0.000000,0.0000000
0.000000,2.334296,2.246558,1.886150,1.735424,1.987251,0.000000,1.884840,0.0000000
0.000000,2.306024,2.201089,1.900839,1.822133,0.000000,0.000000,0.000000,0.0000000
0.000000,2.350017,2.202313,2.012658,1.972318,1.925976,0.000000,1.793730,0.0000000
0.000000,2.361588,2.262944,1.870677,2.020827,1.819372,0.000000,1.908015,0.0000000
0.000000,2.373657,2.286145,0.000000,1.925218,0.000000,0.000000,1.682786,0.0000000
0.000000,2.343723,2.131078,1.955270,0.000000,0.000000,0.000000,0.000000,0.0000000
0.000000,2.424769,2.227599,0.000000,2.095883,0.000000,0.000000,1.837151,0.0000000
1.722849,2.291936,2.223573,2.003802,1.895507,1.978719,0.000000,1.884057,0.0000000
0.000000,2.382359,2.297956,0.000000,0.000000,0.000000,0.000000,0.000000,0.0000000
0.000000,2.378871,2.242073,0.000000,1.989872,1.923729,0.000000,1.820777,0.0000000
0.000000,2.371164,2.289989,2.040825,1.907962,1.989991,0.000000,1.824645,0.0000000
0.000000,2.392224,2.295127,2.056790,1.914763,0.000000,0.000000,1.948358,1.6831579
0.000000,2.339029,2.239811,1.751344,2.155059,0.000000,0.000000,0.000000,0.0000000
0.000000,2.364414,2.298484,1.842893,1.947606,1.964830,0.000000,1.944224,0.0000000
0.000000,2.374282,2.258033,1.992178,1.911828,1.671076,0.000000,1.899776,1.7037407
0.000000,2.305208,2.229293,2.023236,1.870461,1.823807,0.000000,0.000000,1.7382685
0.000000,2.373765,2.286579,0.000000,1.975972,0.000000,0.000000,1.924129,0.0000000
1.817100,2.347649,2.246129,2.017905,2.027301,1.851004,0.000000,1.876344,1.3992384
0.000000,2.355601,2.215467,2.007028,1.874286,1.699870,0.000000,1.574520,0.0000000
0.000000,2.342552,2.178019,2.012070,2.032674,0.000000,0.000000,1.910140,0.0000000
0.000000,2.290142,2.255471,1.857579,1.980542,1.959256,0.000000,2.199935,0.0000000
1.861743,2.362455,2.262708,1.598821,1.994314,1.592539,0.000000,0.000000,0.0000000
1.524755,2.287846,2.270006,2.134191,1.996532,1.679945,0.000000,0.000000,0.0000000
0.000000,2.311209,2.182755,1.978186,2.077774,1.804262,0.000000,0.000000,0.0000000
0.000000,2.353283,2.289666,2.107317,1.742153,1.776147,0.000000,1.814772,1.8552805
0.000000,2.452954,2.303610,1.881399,1.635582,1.591930,0.000000,0.000000,0.0000000
1.694050,2.333801,2.312820,2.022764,2.129131,0.000000,0.000000,2.186504,0.0000000
1.884280,2.329766,2.181329,1.868426,2.091537,1.947224,0.000000,2.062470,0.0000000
1.739221,2.360107,2.231691,1.982404,1.973629,0.000000,0.000000,1.993743,1.7178702
1.790039,2.319462,2.208230,1.771556,1.868142,1.546151,0.000000,1.806547,1.4041908
0.000000,2.326007,2.181902,1.880672,2.131247,0.000000,0.000000,2.032918,1.4597043
1.587606,2.275391,2.228971,1.850187,1.893132,1.887172,0.000000,1.807244,1.5145371
0.000000,2.363460,2.231375,1.880259,2.068675,0.000000,0.000000,1.863407,1.5207008
0.000000,2.341254,2.187356,1.873922,2.096694,0.000000,0.000000,2.052982,0.0000000
0.000000,2.324997,2.125171,1.891506,1.969114,0.000000,0.000000,2.013799,0.0000000
0.000000,2.354041,2.191904,1.985247,2.102645,1.618185,0.000000,1.818091,1.6158403
0.000000,2.324775,2.207565,1.758551,2.080532,1.669211,0.000000,0.000000,0.0000000
1.616016,2.326970,2.156747,1.958076,2.074165,1.736608,0.000000,2.092984,1.5815779
1.710346,2.357247,2.182741,0.000000,2.077445,1.808686,0.000000,0.000000,0.0000000
1.819113,2.271038,2.193721,1.954357,1.895176,1.473035,0.000000,0.000000,0.0000000
0.000000,2.317289,2.204882,1.790436,2.082677,0.000000,0.000000,1.940294,0.0000000
0.000000,2.305577,2.244983,1.841090,0.000000,1.783659,0.000000,1.863908,0.0000000
0.000000,2.378533,2.285428,2.070789,0.000000,0.000000,0.000000,0.000000,0.0000000
0.000000,2.361910,2.264648,1.988253,1.732188,0.000000,0.000000,1.980953,1.7540920
1.571797,2.355076,2.217390,1.976603,2.029654,1.698215,0.000000,0.000000,0.0000000
0.000000,2.326333,2.318007,0.000000,0.000000,2.295435,0.000000,0.000000,0.0000000
1.716847,2.380340,2.290113,0.000000,1.891647,0.000000,0.000000,0.000000,1.5931857
0.000000,2.361621,2.237506,1.782166,1.836948,0.000000,0.000000,0.000000,0.0000000
1.843933,2.352131,2.244056,1.589844,1.917819,1.898632,0.000000,1.775959,1.6026413
0.000000,2.477022,2.275580,1.751774,0.000000,0.000000,0.000000,0.000000,0.0000000
0.000000,2.356586,2.230015,1.906542,1.787724,1.812569,0.000000,0.000000,1.4064526
0.000000,2.263114,2.249887,2.036351,1.825408,1.726184,0.000000,1.765972,1.6042739
0.000000,2.297801,2.280888,0.000000,2.064610,2.145155,0.000000,0.000000,0.0000000
0.000000,2.331516,2.272457,1.890904,1.915378,1.815798,0.000000,2.262751,1.5240358
0.000000,2.322008,2.249149,1.953160,2.060055,1.683274,0.000000,2.143542,0.0000000
0.000000,2.308342,2.280015,1.904435,1.899266,1.914137,0.000000,1.767122,0.0000000
0.000000,2.404979,2.186521,1.866301,2.061884,1.912304,0.000000,1.917863,1.5970162
1.647541,2.302259,2.219848,1.859756,2.063388,2.247730,0.000000,2.051195,1.9912839
1.862034,2.427633,2.278438,1.885878,1.770545,1.889608,0.000000,2.013048,0.0000000
1.779732,2.295521,2.284797,2.086025,1.772470,1.987869,0.000000,1.771336,1.6686009
0.000000,2.358523,2.188494,1.963538,1.760068,0.000000,0.000000,0.000000,0.0000000
1.849625,2.341944,2.245454,1.858547,2.048560,2.006633,0.000000,0.000000,0.0000000
0.000000,2.341803,2.254693,1.995437,1.716155,2.372768,0.000000,1.834850,0.0000000
1.745846,2.332267,2.196319,1.925494,2.066270,2.369990,0.000000,2.246244,1.5968583
0.000000,2.349510,2.244792,1.945978,1.802180,2.344434,0.000000,1.712320,0.0000000
1.740279,2.415533,2.227186,1.983754,1.712896,1.952319,0.000000,1.852442,1.7211346
0.000000,2.341965,2.186674,1.892928,1.904356,1.870220,0.000000,1.704572,0.0000000
1.873115,2.282796,2.248114,1.919602,2.037458,0.000000,0.000000,1.808915,1.5049113
1.808067,2.392680,2.226101,1.984035,1.820393,1.657996,0.000000,1.865999,0.0000000
0.000000,2.377911,2.195400,1.933038,1.901548,1.789970,0.000000,1.706940,0.0000000
1.824396,2.399846,2.280502,2.010591,1.983522,1.944658,0.000000,1.963844,1.4333048
0.000000,2.333029,2.243000,1.962396,2.020290,1.740343,0.000000,2.157150,1.8681358
1.596740,2.323220,2.280699,2.041112,1.816818,1.866380,0.000000,0.000000,0.0000000
0.000000,2.362972,2.232315,1.983697,1.906682,2.371408,0.000000,2.041088,1.6300500
1.841908,2.323108,2.271532,2.051686,1.605103,2.053931,0.000000,0.000000,0.0000000
1.849906,2.403823,2.228321,1.955569,1.897297,1.848299,0.000000,2.011556,0.0000000
0.000000,2.375645,2.236653,0.000000,1.977344,2.359487,0.000000,1.876992,0.0000000
2.326381,2.328937,2.216209,2.022287,1.833805,1.892741,0.000000,0.000000,0.0000000
1.601838,2.322780,2.230287,1.905017,1.985458,2.306450,0.000000,1.909221,0.0000000
1.845332,2.339973,2.282728,1.947039,1.839382,2.011339,0.000000,1.976702,0.0000000
0.000000,2.307826,2.258757,2.031678,2.032053,0.000000,0.000000,0.000000,0.0000000
0.000000,2.372867,2.252296,1.934073,2.035205,1.780572,0.000000,0.000000,0.0000000
0.000000,2.300419,2.308812,2.119670,0.000000,1.748560,0.000000,0.000000,0.0000000
1.914369,2.307106,2.213665,1.861797,1.946176,1.656739,0.000000,1.757417,1.7147803
0.000000,2.411116,2.252330,0.000000,0.000000,0.000000,0.000000,1.856378,0.0000000
1.896548,2.354025,2.280838,1.809461,1.663663,1.727234,0.000000,1.863621,0.0000000
1.634704,2.413478,2.289318,1.671477,1.618255,1.699557,0.000000,1.972781,0.0000000
0.000000,2.374369,2.205574,1.891479,2.015728,0.000000,0.000000,1.804303,0.0000000
2.084660,2.432400,2.308741,0.000000,0.000000,0.000000,0.000000,0.000000,2.0259993
0.000000,2.365180,2.235610,1.864061,0.000000,0.000000,0.000000,1.812956,0.0000000
0.000000,2.422283,2.206406,1.931554,1.683459,1.696071,0.000000,1.829211,0.0000000
0.000000,2.374105,2.216657,2.032304,1.859343,1.817456,0.000000,1.472239,0.0000000
0.000000,2.321326,2.234251,1.948954,2.003109,1.794569,0.000000,0.000000,0.0000000
1.914387,2.385358,2.256733,1.949420,1.858984,0.000000,0.000000,1.289951,2.0924860
0.000000,2.398515,2.361340,1.922149,1.569494,0.000000,0.000000,0.000000,0.0000000
0.000000,2.399326,2.308110,2.000019,1.964526,1.889173,0.000000,0.000000,0.0000000
1.813313,2.319497,2.302761,1.907810,1.954764,0.000000,0.000000,1.887915,0.0000000
2.188009,2.327492,2.327463,1.944203,1.800151,1.821897,0.000000,1.833996,2.1257109
0.000000,2.329158,2.287585,1.896902,1.858193,0.000000,0.000000,0.000000,0.0000000
0.000000,2.332275,2.204148,0.000000,1.886274,0.000000,0.000000,0.000000,0.0000000
0.000000,2.355881,2.303398,0.000000,0.000000,0.000000,0.000000,0.000000,1.9159889
0.000000,2.332084,2.276228,1.832164,0.000000,0.000000,0.000000,1.922614,1.4240759
1.611302,2.350781,2.250605,2.026216,1.865881,0.000000,0.000000,1.639535,0.0000000
0.000000,2.352429,2.283893,0.000000,0.000000,0.000000,0.000000,1.879074,0.0000000
1.754746,2.355577,2.210270,1.867287,2.008700,2.002425,0.000000,0.000000,2.0689000
1.828166,2.361754,2.211334,1.960373,1.784654,2.129540,0.000000,0.000000,1.5202106
0.000000,2.335248,2.298788,1.790470,1.852304,0.000000,0.000000,1.858234,1.6186710
1.978434,2.354286,2.179104,1.771814,1.926613,0.000000,0.000000,1.894144,2.0104308
1.839079,2.327793,2.189981,1.577467,1.772265,1.894251,0.000000,1.893330,1.9983116
0.000000,2.351438,2.270682,1.901287,0.000000,2.035450,0.000000,0.000000,0.0000000
1.755526,2.325495,2.281351,1.779169,1.882116,0.000000,0.000000,2.061098,1.8855332
1.691541,2.354471,2.250152,1.811557,1.797533,0.000000,0.000000,2.162018,0.0000000
1.631402,2.330573,2.199111,1.728690,0.000000,0.000000,0.000000,2.158247,0.0000000
1.900364,2.363327,2.221901,1.862743,0.000000,0.000000,0.000000,2.102115,1.6860328
0.000000,2.330925,2.307841,1.957990,1.966874,1.958586,0.000000,2.155496,1.9499829
1.859481,2.322808,2.298555,1.784122,1.888919,1.905947,0.000000,1.730594,2.0578422
1.696242,2.399860,2.270278,1.863521,1.966584,1.928769,0.000000,1.936034,0.0000000
1.731681,2.363617,2.219508,1.913695,1.562877,2.254522,0.000000,0.000000,2.1852062
1.559815,2.361479,2.115960,0.000000,1.951153,1.868568,0.000000,0.000000,0.0000000
0.000000,2.381735,2.314225,1.690282,0.000000,2.116670,0.000000,0.000000,1.9528660
1.608232,2.360651,2.260013,1.700660,0.000000,1.772098,0.000000,0.000000,1.7890006
1.817699,2.327020,2.230234,1.878028,1.861608,1.799376,2.116445,1.939987,1.6454657
1.693073,2.328304,2.236388,1.887530,1.808347,1.774219,0.000000,2.105087,1.7464599
0.000000,2.333469,2.221773,1.861926,1.764623,2.109129,0.000000,0.000000,0.0000000
0.000000,2.332579,2.195705,1.916544,1.542074,2.080473,0.000000,0.000000,0.0000000
0.000000,2.333063,2.069676,0.000000,2.009949,2.079048,0.000000,2.215238,2.0871153
1.877403,2.347468,2.149387,1.855714,1.940885,2.169021,0.000000,2.027254,0.0000000
1.564793,2.356292,2.150663,1.720626,1.895291,1.948507,0.000000,1.977187,1.6358316
0.000000,2.337123,2.277399,1.691144,0.000000,1.808307,0.000000,2.280330,2.1563962
0.000000,2.411407,2.272701,0.000000,2.011879,0.000000,0.000000,1.974719,1.7906737
1.884817,2.359758,2.228361,0.000000,1.573255,2.329405,0.000000,0.000000,0.0000000
1.673019,2.351374,2.300474,1.855088,1.823341,0.000000,0.000000,0.000000,2.1083767
0.000000,2.311089,2.348490,2.066964,1.931129,1.970117,0.000000,0.000000,0.0000000
1.851568,2.328156,2.350474,2.015217,0.000000,1.869550,0.000000,0.000000,0.0000000
0.000000,2.330671,2.326210,2.045066,1.731122,0.000000,0.000000,0.000000,0.0000000
0.000000,2.322435,2.317036,2.048915,1.637323,0.000000,0.000000,0.000000,0.0000000
2.014169,2.322157,2.226505,1.826947,1.921097,0.000000,0.000000,1.763713,0.0000000
1.841484,2.336951,2.198180,2.015301,1.959532,1.771336,0.000000,1.689904,2.0991326
2.016260,2.316687,2.256291,1.918683,1.844926,0.000000,0.000000,0.000000,1.5313339
1.633695,2.314307,2.192785,1.976570,1.776309,1.845829,0.000000,2.095973,2.0698207
1.701735,2.358043,2.211310,1.665204,2.013479,1.768144,0.000000,0.000000,2.0267825
0.000000,2.356500,2.213511,1.989996,1.833263,2.188695,0.000000,0.000000,0.0000000
1.598352,2.369970,2.194577,1.964584,1.705519,1.872759,0.000000,1.659970,0.0000000
1.811479,2.324363,2.260950,1.863440,1.869352,2.297185,0.000000,1.844172,0.0000000
0.000000,2.364355,2.232534,1.860264,2.036717,0.000000,0.000000,1.747575,0.0000000
1.657533,2.338185,2.219600,1.932574,1.960688,0.000000,0.000000,0.000000,1.9460380
1.828218,2.309128,2.268736,1.858144,2.053093,1.523494,0.000000,0.000000,0.0000000
1.844934,2.325603,2.195326,1.346750,0.000000,1.948712,0.000000,1.872297,2.1372329
0.000000,2.288746,2.128440,1.900314,1.969079,1.748167,0.000000,0.000000,0.0000000
0.000000,2.289841,2.228013,1.954152,1.952248,1.777938,0.000000,0.000000,2.1711705
0.000000,2.342423,2.231450,1.941070,0.000000,1.734895,0.000000,1.734031,1.8133904
0.000000,2.352489,2.136174,1.960310,1.776484,0.000000,0.000000,1.751848,1.5058440
1.692111,2.354758,2.218552,1.870207,2.034512,1.920206,0.000000,1.971595,0.0000000
2.081335,2.290863,2.234708,1.896569,0.000000,1.744003,0.000000,2.337327,0.0000000
1.478822,2.352972,2.236835,1.857236,1.979011,1.642886,0.000000,0.000000,0.0000000
0.000000,2.315476,2.245939,2.028517,1.990504,2.300125,0.000000,0.000000,0.0000000
0.000000,2.292448,2.233883,2.015956,1.819842,1.849194,0.000000,0.000000,2.0839882
2.172637,2.305796,2.251973,1.894732,1.937194,0.000000,2.447639,0.000000,2.1821746
0.000000,2.332028,2.254113,1.710210,2.122235,0.000000,0.000000,0.000000,1.9890952
0.000000,2.360142,2.173944,1.768659,2.069793,1.975563,0.000000,0.000000,1.9930124
0.000000,2.337064,2.196882,1.991039,1.835410,1.894643,0.000000,0.000000,2.2122015
0.000000,2.327990,2.175621,1.919292,1.957584,1.867806,0.000000,1.717350,0.0000000
1.617419,2.274054,2.240854,2.038059,1.712012,2.095114,0.000000,1.727981,2.0118362
0.000000,2.422738,2.312257,2.070936,1.787886,1.774548,0.000000,1.763740,0.0000000
0.000000,2.362221,2.202616,1.755165,0.000000,2.228443,0.000000,0.000000,0.0000000
0.000000,2.325064,2.218241,2.105806,1.902274,2.204630,0.000000,1.829099,0.0000000
0.000000,2.367363,2.303157,2.067676,0.000000,1.793940,0.000000,1.673464,0.0000000
1.854159,2.324406,2.221529,1.982127,1.749899,1.707635,0.000000,0.000000,1.8502906
0.000000,2.234753,2.230304,2.013300,1.855031,1.833705,0.000000,1.692396,0.0000000
0.000000,2.290113,2.286878,1.996682,1.963252,1.785242,0.000000,1.827366,0.0000000
0.000000,2.377331,2.242058,0.000000,0.000000,0.000000,0.000000,2.220723,0.0000000
0.000000,2.310463,2.217378,2.040631,1.908129,1.632234,0.000000,0.000000,0.0000000
0.000000,2.326555,2.224888,1.727616,1.911800,1.866399,0.000000,0.000000,0.0000000
0.000000,2.274374,2.275598,1.971088,1.959586,2.209437,0.000000,0.000000,0.0000000
0.000000,2.308317,2.226243,1.943486,2.011403,1.828607,0.000000,2.268760,2.1278530
1.819851,2.307432,2.271396,2.026549,1.570372,2.391207,0.000000,1.827252,0.0000000
1.518050,2.348200,2.242024,1.803623,1.806608,1.916776,0.000000,0.000000,0.0000000
1.865242,2.305261,2.270464,1.910786,2.043365,0.000000,0.000000,0.000000,1.6272124
1.781262,2.303452,2.276323,1.956278,0.000000,2.277833,0.000000,0.000000,2.0172446
1.788783,2.304877,2.261475,2.058554,1.857173,1.856660,0.000000,0.000000,0.0000000
0.000000,2.354993,2.278686,1.994966,1.864361,2.352043,0.000000,0.000000,2.0138759
1.842026,2.291605,2.317377,2.027220,1.854546,2.217222,0.000000,1.996502,0.0000000
0.000000,2.282986,2.277144,2.050952,1.987506,0.000000,0.000000,0.000000,2.1881712
1.789104,2.219624,2.248313,1.880548,1.944260,1.840600,0.000000,0.000000,0.0000000
1.948542,2.323078,2.243055,1.965094,2.093185,1.718018,0.000000,1.637106,2.0872131
1.606637,2.319821,2.192962,1.996120,1.907201,1.852558,0.000000,1.578218,1.5059769
0.000000,2.327399,2.315145,2.104446,1.457560,2.020710,0.000000,1.921467,2.2299593
0.000000,2.357576,2.257222,1.944066,1.898857,1.916950,0.000000,0.000000,2.0840265
0.000000,2.398846,2.266607,0.000000,2.014354,0.000000,0.000000,0.000000,0.0000000
1.932975,2.380395,2.249895,1.937224,2.028490,2.206666,0.000000,1.840473,2.0069638
1.790447,2.326310,2.249556,1.921265,1.810636,1.814274,0.000000,1.776946,1.4719999
0.000000,2.292000,2.341512,1.958060,0.000000,1.817578,0.000000,2.009702,0.0000000
1.881212,2.345778,2.246484,2.066405,1.763549,0.000000,0.000000,0.000000,2.1412185
2.231584,2.326979,2.215454,1.993369,1.772778,1.832677,0.000000,1.971823,0.0000000
1.798447,2.329597,2.238885,1.725710,1.767202,0.000000,0.000000,2.216412,1.7791079
0.000000,2.366701,2.257922,0.000000,0.000000,0.000000,0.000000,2.247627,0.0000000
1.983358,2.333102,2.291304,1.831751,1.891099,0.000000,0.000000,2.318171,2.2852116
1.798222,2.329196,2.225164,1.799429,1.949151,0.000000,0.000000,1.946130,0.0000000
1.953047,2.336752,2.228924,1.840956,2.042002,0.000000,0.000000,2.130588,0.0000000
0.000000,2.336509,2.292032,1.845531,1.654725,1.734447,0.000000,1.856702,0.0000000
0.000000,2.312913,2.282538,1.945343,1.743331,1.741028,0.000000,1.885646,2.1070562
0.000000,2.339130,2.232615,2.037667,0.000000,0.000000,2.310133,2.098833,0.0000000
1.488716,2.386933,2.264999,1.806941,1.814523,2.327032,0.000000,1.881965,0.0000000
0.000000,2.341531,2.249417,1.787342,1.668550,0.000000,0.000000,1.674841,0.0000000
0.000000,2.363284,2.052937,0.000000,2.104159,0.000000,0.000000,0.000000,0.0000000
1.875025,2.361826,2.165760,1.704248,2.046675,0.000000,0.000000,0.000000,0.0000000
1.933222,2.348396,2.132638,1.793297,1.993851,0.000000,0.000000,0.000000,0.0000000
0.000000,2.430679,2.218635,1.885811,1.841830,2.388068,0.000000,2.005275,0.0000000
1.984564,2.357582,2.188179,1.366624,2.117090,0.000000,0.000000,1.592822,0.0000000
1.855983,2.381750,2.114602,0.000000,2.128357,0.000000,0.000000,0.000000,0.0000000
1.984142,2.357862,2.205001,1.772868,2.081270,0.000000,0.000000,1.664370,0.0000000
1.787285,2.357302,2.207604,0.000000,2.012928,0.000000,0.000000,0.000000,2.1243778
1.941829,2.365176,2.179118,1.776109,2.050809,1.895207,0.000000,1.779939,0.0000000
1.917593,2.302148,2.214542,1.708327,1.921321,0.000000,0.000000,0.000000,0.0000000
2.022777,2.334994,2.271928,0.000000,2.030872,1.790084,0.000000,0.000000,2.1656121
0.000000,2.459576,2.212714,1.883281,1.893591,0.000000,0.000000,0.000000,0.0000000
1.976581,2.395440,2.100928,0.000000,2.159833,0.000000,0.000000,0.000000,0.0000000
2.097960,2.306747,2.243030,0.000000,2.218501,0.000000,0.000000,0.000000,0.0000000
1.843321,2.359664,2.193917,0.000000,1.757317,2.109490,0.000000,0.000000,0.0000000
1.962600,2.350033,2.279563,1.899072,2.072968,1.701612,0.000000,1.838364,0.0000000
1.776622,2.448699,2.193151,1.844319,1.964599,1.491469,0.000000,1.881679,0.0000000
1.695257,2.432307,2.187437,1.726832,2.045580,0.000000,0.000000,2.086040,0.0000000
1.620292,2.398414,2.243775,1.812569,1.964505,1.658023,0.000000,2.049673,0.0000000
1.940874,2.343142,2.274627,1.814800,1.953724,0.000000,0.000000,2.013377,0.0000000
1.922639,2.318328,2.203480,1.619914,2.020502,0.000000,0.000000,1.812772,0.0000000
0.000000,2.274243,2.306846,1.889448,0.000000,0.000000,0.000000,0.000000,2.1477211
0.000000,2.329482,2.228805,1.949904,1.781335,0.000000,0.000000,1.981466,0.0000000
1.614353,2.329824,2.267167,0.000000,1.759087,1.973278,0.000000,0.000000,0.0000000
0.000000,2.316049,2.241503,1.816827,2.015815,1.743972,0.000000,1.797996,0.0000000
0.000000,2.330916,2.302620,1.813188,2.017351,0.000000,0.000000,0.000000,0.0000000
0.000000,2.351919,2.297290,1.928968,1.940387,1.980009,0.000000,0.000000,1.8073543
0.000000,2.304208,2.159037,0.000000,2.015789,0.000000,0.000000,0.000000,0.0000000
0.000000,2.390654,2.131400,1.807435,2.032326,1.849291,0.000000,0.000000,0.0000000
1.834527,2.403123,2.225150,1.590788,1.503099,1.591156,0.000000,2.184602,2.1692803
1.828693,2.351388,2.250517,0.000000,1.991208,1.846665,0.000000,0.000000,0.0000000
0.000000,2.340404,2.273921,1.509071,1.941433,1.897385,0.000000,1.779537,1.9629155
0.000000,2.361433,2.262102,0.000000,2.084324,0.000000,0.000000,0.000000,0.0000000
0.000000,2.360443,2.300933,0.000000,1.997193,0.000000,0.000000,1.786995,0.0000000
2.159611,2.381412,2.255398,0.000000,2.221535,0.000000,0.000000,0.000000,1.7731237
2.138222,2.317975,2.240412,1.981174,1.877998,2.163247,0.000000,0.000000,0.0000000
2.175480,2.334764,2.260015,1.970117,1.914804,1.914028,0.000000,1.621590,0.0000000
2.221788,2.346069,2.259611,1.961102,1.989478,1.664579,0.000000,1.616298,1.5983130
2.201855,2.345165,2.242062,1.961911,1.868986,1.754572,0.000000,1.802221,0.0000000
2.155094,2.325420,2.244538,1.969014,1.841578,1.849172,0.000000,1.734646,0.0000000
2.204378,2.356362,2.236580,1.980929,1.899323,2.008163,0.000000,1.867987,0.0000000
2.182046,2.335965,2.269741,1.936088,1.728414,1.868304,0.000000,1.756517,0.0000000
2.201045,2.413340,2.241972,2.024928,1.926947,1.890118,0.000000,1.740933,0.0000000
2.264666,2.292358,2.270539,2.048181,1.867235,2.080624,0.000000,1.991969,0.0000000
2.186147,2.416108,2.238103,1.947564,1.931954,1.952527,0.000000,1.859894,0.0000000
2.200054,2.329187,2.225905,1.926158,1.921798,1.879098,0.000000,1.971866,0.0000000
2.200411,2.407629,2.234109,1.940657,1.697030,1.902632,0.000000,1.938973,0.0000000
2.233167,2.402043,2.287460,0.000000,1.998187,1.840481,0.000000,1.804221,0.0000000
2.211384,2.424766,2.281705,1.879312,1.998634,1.602832,0.000000,1.965675,0.0000000
2.215091,2.406772,2.264547,1.889531,2.117049,0.000000,0.000000,0.000000,0.0000000
2.245405,2.238212,2.304424,2.064733,1.975287,2.035672,0.000000,1.896052,1.4055510
2.214148,2.270448,2.271985,2.043525,2.075441,2.098077,0.000000,2.065885,0.0000000
2.185528,2.266919,2.290971,1.534761,1.907843,1.880005,0.000000,1.880295,0.0000000
2.165388,2.249287,2.255400,1.640841,1.924897,1.844095,0.000000,1.830094,0.0000000
2.166801,2.345292,2.269132,1.397010,1.688990,1.991083,0.000000,2.005412,0.0000000
2.216975,2.243298,2.319933,2.025735,2.043265,0.000000,0.000000,1.895181,0.0000000
2.151197,2.255796,2.300440,1.884486,1.992674,0.000000,0.000000,1.938470,0.0000000
2.017431,2.333470,2.280143,2.021257,0.000000,1.843925,0.000000,2.004242,0.0000000
1.838154,2.272050,2.267515,1.866948,1.793308,1.809699,0.000000,1.933140,0.0000000
2.185026,2.357926,2.288763,1.936402,1.847043,1.647773,0.000000,0.000000,0.0000000
2.204487,2.379391,2.272317,1.967999,0.000000,2.086307,0.000000,1.615063,0.0000000
2.261726,2.354922,2.260134,1.949071,1.648178,0.000000,0.000000,0.000000,0.0000000
2.246593,2.370855,2.264265,1.822576,1.753421,1.916994,0.000000,1.913214,0.0000000
2.205901,2.290824,2.329654,1.736853,1.839079,1.782801,0.000000,1.829331,0.0000000
2.239501,2.339998,2.277648,1.986238,1.993017,1.942969,0.000000,1.946796,1.2707179
2.263674,2.240887,2.389109,0.000000,2.102498,2.209007,0.000000,1.911823,0.0000000
2.202268,2.381354,2.262762,1.952073,1.926646,2.204646,0.000000,1.867968,0.0000000
2.176525,2.356820,2.248512,1.926930,1.976509,1.985015,0.000000,2.047383,0.0000000
2.198550,2.322015,2.222521,1.929582,1.915355,2.133569,0.000000,1.766307,0.0000000
2.224351,2.419644,2.274789,1.746919,1.688923,0.000000,0.000000,1.727321,0.0000000
2.109755,2.395516,2.255087,1.917801,1.529304,0.000000,0.000000,0.000000,0.0000000
2.160872,2.355780,2.286617,1.962219,1.784228,1.976799,0.000000,1.785207,0.0000000
2.323626,2.331590,2.197542,1.965158,2.030416,1.905660,0.000000,2.108691,0.0000000
2.233785,2.356064,2.290576,1.968049,1.923864,2.167562,0.000000,0.000000,0.0000000
2.142888,2.359334,2.281666,1.992464,1.675451,0.000000,0.000000,0.000000,0.0000000
2.127260,2.314359,2.273967,1.947895,0.000000,2.006230,0.000000,1.948632,0.0000000
2.146635,2.395354,2.184575,1.827888,1.979201,0.000000,0.000000,1.793630,0.0000000
2.132470,2.336985,2.239793,1.744749,1.953744,2.002175,0.000000,1.991208,0.0000000
2.133483,2.349133,2.169841,1.932928,1.865776,1.649761,0.000000,1.796266,1.5193493
2.241117,2.366062,2.215431,2.030223,1.974453,2.254122,0.000000,1.957883,1.4782051
2.115056,2.316932,2.221946,1.946102,1.931196,0.000000,0.000000,1.997116,1.5181117
1.977203,2.331050,2.179658,1.873767,1.865776,0.000000,0.000000,1.839718,1.4737488
0.000000,2.317859,2.239515,1.978751,2.053672,1.779915,0.000000,0.000000,0.0000000
0.000000,2.343493,2.200759,1.902104,1.893426,2.059251,0.000000,0.000000,2.0897955
0.000000,2.293373,2.229203,1.921712,1.788243,1.849023,0.000000,0.000000,2.0891407
0.000000,2.319164,2.247930,1.832601,2.019487,1.893724,0.000000,0.000000,1.8450567
0.000000,2.386101,2.204154,1.743722,2.054031,2.535384,0.000000,1.650960,2.2365379
0.000000,2.422630,2.252785,2.057359,2.040536,2.147256,0.000000,1.681313,2.2301495
0.000000,2.243089,2.307812,1.826289,1.970317,2.148503,0.000000,0.000000,2.1924993
0.000000,2.394955,2.140320,1.741789,1.937932,1.913900,0.000000,1.670096,0.0000000
0.000000,2.333435,2.176060,1.871549,1.985452,1.748907,1.916687,0.000000,2.0439132
0.000000,2.332541,2.195380,0.000000,1.976813,2.366219,0.000000,0.000000,2.2585084
1.936631,2.331640,1.933991,1.816771,0.000000,1.839006,0.000000,0.000000,1.9352659
0.000000,2.291411,2.373256,1.976515,1.995656,1.845981,0.000000,1.848381,2.3278798
0.000000,2.313905,2.347840,1.933340,1.907384,2.193659,0.000000,0.000000,1.8789730
0.000000,2.329854,2.283886,1.984323,0.000000,0.000000,0.000000,0.000000,0.0000000
0.000000,2.282316,2.166792,1.676641,1.799663,2.247836,2.007197,0.000000,2.1200497
1.948487,2.299677,2.361667,1.876180,1.890909,2.127245,0.000000,0.000000,2.0713889
0.000000,2.272544,2.358918,1.988841,2.058100,2.102136,0.000000,0.000000,2.3176356
1.865189,2.339657,2.284463,1.516114,1.909693,2.124305,0.000000,1.657505,0.0000000
0.000000,2.332056,2.306491,0.000000,1.900324,0.000000,0.000000,0.000000,2.1095574
1.983619,2.311390,2.250346,1.834833,1.831235,1.419186,1.780511,1.739671,0.9449847
0.000000,2.316744,2.334186,1.935747,1.931958,1.918331,2.004518,1.724490,1.5378445
0.000000,2.318005,2.279801,0.000000,1.690193,2.251673,0.000000,0.000000,0.0000000
0.000000,2.286790,2.302674,2.126179,1.932550,1.852558,0.000000,1.960174,0.0000000
1.942740,2.308095,2.310135,1.951302,1.922349,1.945403,0.000000,1.899908,2.1735545
0.000000,2.341185,2.201611,1.994514,1.978583,2.040626,1.378483,2.048428,0.0000000
0.000000,2.325221,2.278921,0.000000,1.985722,1.853390,0.000000,0.000000,0.0000000
0.000000,2.322130,2.226392,2.003637,2.132729,1.754543,0.000000,1.612529,0.0000000
0.000000,2.332762,2.241683,1.995420,2.056592,1.570049,0.000000,1.802721,0.0000000
1.869121,2.305429,2.274875,2.048645,1.982241,1.997595,2.132593,1.679352,1.3376305
1.822160,2.336275,2.261607,1.969609,2.017895,1.879294,0.000000,1.896574,0.0000000
0.000000,2.338608,2.059452,1.746245,1.850364,0.000000,0.000000,0.000000,1.4745384
0.000000,2.353782,2.232895,1.823610,2.071977,1.926295,0.000000,2.082118,0.0000000
0.000000,2.321205,2.250776,1.975633,1.995290,1.610321,0.000000,0.000000,2.0271604
1.554335,2.311374,2.212158,1.875209,2.061497,1.518360,0.000000,1.978139,1.2702850
1.889305,2.381907,2.186507,2.011275,2.169556,2.227349,0.000000,1.842558,1.2252865
1.525948,2.340779,2.291929,1.825735,2.087420,0.000000,0.000000,1.634924,1.5662642
0.000000,2.255008,2.288121,1.898025,0.000000,1.606898,0.000000,2.008907,1.4205508
0.000000,2.365073,2.249618,1.776846,1.913279,1.869563,0.000000,1.780122,0.0000000
0.000000,2.336044,2.220496,1.791655,1.808437,2.025870,0.000000,1.828140,0.0000000
1.970492,2.378535,2.056998,1.679993,2.106724,1.581923,0.000000,1.677438,1.2341235
2.018426,2.327222,2.231395,0.000000,2.088145,1.537789,0.000000,0.000000,2.1208223
0.000000,2.329577,2.192087,1.954215,1.969720,1.954370,0.000000,1.830384,1.5596183
1.924541,2.350000,2.212179,1.934058,1.717907,0.000000,0.000000,1.735242,1.8224133
0.000000,2.331543,2.235430,1.532941,1.978938,1.990206,0.000000,1.917132,0.0000000
0.000000,2.362939,2.334049,1.827017,1.899389,0.000000,0.000000,2.027058,0.0000000
0.000000,2.320259,2.216370,1.924817,1.999828,1.896731,0.000000,0.000000,2.0816151
1.829340,2.350824,2.252531,1.745012,1.987397,1.905952,0.000000,1.746873,2.1269429
0.000000,2.266754,2.249453,2.071140,1.855344,2.003483,0.000000,0.000000,0.0000000
1.735918,2.247590,2.196443,0.000000,1.922178,1.993505,0.000000,0.000000,0.0000000
0.000000,2.314426,2.294747,1.854231,1.620840,0.000000,0.000000,0.000000,2.0156759
0.000000,2.356403,2.289803,0.000000,1.713889,1.920678,0.000000,0.000000,0.0000000
0.000000,2.262097,2.243769,2.063645,1.822738,0.000000,0.000000,0.000000,0.0000000
1.734961,2.314485,2.270247,1.894600,1.833630,2.207501,0.000000,2.330626,2.0420509
0.000000,2.304713,2.233407,0.000000,2.000065,2.047925,0.000000,2.324177,1.9819978
0.000000,2.408094,2.245578,2.006919,0.000000,0.000000,1.674547,0.000000,1.7791447
1.657941,2.334205,2.233510,0.000000,1.927755,0.000000,0.000000,0.000000,0.0000000
0.000000,2.328688,2.401326,0.000000,0.000000,0.000000,0.000000,0.000000,0.0000000
0.000000,2.385545,2.303330,0.000000,1.911350,2.250651,0.000000,0.000000,0.0000000
0.000000,2.380722,2.247754,1.970889,0.000000,2.044270,0.000000,0.000000,2.0872779
0.000000,2.307105,2.298418,1.551786,0.000000,0.000000,0.000000,0.000000,0.0000000
0.000000,2.359558,2.288756,0.000000,2.013247,2.082882,0.000000,0.000000,0.0000000
1.761639,2.392397,2.382515,1.975686,1.622338,2.011151,0.000000,1.747316,2.1032987
0.000000,2.315877,2.297349,1.929409,0.000000,2.110867,0.000000,0.000000,1.7786288
2.032264,2.425602,2.234841,1.812559,1.956986,0.000000,0.000000,1.823601,1.8273047
1.719217,2.322568,2.238166,1.792663,1.871587,1.771181,0.000000,0.000000,0.0000000
1.969767,2.319495,2.355846,1.909877,1.878082,1.809887,0.000000,1.677750,1.6113748
1.832836,2.275220,2.287970,1.972900,1.913800,1.896361,0.000000,0.000000,2.0662238
0.000000,2.317344,2.295796,2.005560,1.747924,0.000000,0.000000,0.000000,2.1685581
0.000000,2.336528,2.291702,1.875893,1.970006,1.987964,0.000000,0.000000,1.6276067
0.000000,2.244615,2.211842,1.786832,1.674178,1.977376,0.000000,0.000000,2.3026715
1.876015,2.291408,2.303643,2.049204,1.891820,2.200324,0.000000,2.025884,0.0000000
1.826588,2.339024,2.305063,1.980844,1.989528,2.149851,0.000000,0.000000,0.0000000
0.000000,2.305082,2.280609,1.989205,1.996197,2.000584,0.000000,1.800500,0.0000000
1.765891,2.333800,2.325278,1.946042,2.003930,2.105741,0.000000,1.743753,1.9834077
1.621454,2.331449,2.267874,1.984152,1.774168,1.963270,0.000000,1.580494,2.0938880
1.876374,2.416079,2.297665,1.962101,1.870283,2.122578,0.000000,1.767561,2.0358126
1.894033,2.331279,2.356046,1.935743,1.754252,1.947539,0.000000,0.000000,0.0000000
1.715592,2.325968,2.281012,2.023336,1.913104,2.034896,0.000000,1.677414,2.2169764
0.000000,2.325963,2.232123,1.820329,1.962467,1.813650,0.000000,0.000000,0.0000000
0.000000,2.283447,2.261577,1.958927,2.196422,1.852246,0.000000,0.000000,0.0000000
1.814447,2.340404,2.286043,1.868336,1.974857,1.911252,0.000000,0.000000,0.0000000
1.793397,2.263254,2.229800,1.844665,1.863514,2.102146,0.000000,1.357503,1.3054116
0.000000,2.331947,2.131885,0.000000,2.091369,1.719126,0.000000,0.000000,0.0000000
0.000000,2.338903,2.259937,1.811371,1.928846,1.951938,0.000000,0.000000,0.0000000
0.000000,2.315060,2.216104,0.000000,2.035228,1.476732,0.000000,0.000000,0.0000000
0.000000,2.405164,2.248922,1.930141,1.841161,2.025196,0.000000,0.000000,1.5760444
1.834759,2.303740,2.233503,1.551323,1.958896,1.838621,0.000000,0.000000,0.0000000
0.000000,2.332085,2.150737,1.925402,1.906551,1.951617,0.000000,0.000000,0.0000000
0.000000,2.346458,2.248084,1.917025,1.796646,2.127662,0.000000,1.760877,2.1918844
1.841114,2.362178,2.237583,1.967000,1.936657,2.117238,0.000000,0.000000,2.1316004
1.496504,2.361864,2.298273,2.002745,1.898565,2.143625,0.000000,0.000000,2.0937048
0.000000,2.260230,2.188508,0.000000,1.898990,1.803994,0.000000,0.000000,0.0000000
1.297916,2.357284,2.265007,1.798361,1.692789,2.153263,0.000000,0.000000,2.1393616
1.975357,2.300208,2.290592,0.000000,1.886898,0.000000,0.000000,0.000000,2.1304444
1.613712,2.283656,2.323166,1.929639,1.761265,2.027773,0.000000,1.778346,2.1887572
1.728639,2.309564,2.230384,1.966829,1.958352,2.050994,0.000000,0.000000,1.5178632
0.000000,2.296136,2.280811,0.000000,1.889299,0.000000,0.000000,0.000000,2.0943112
0.000000,2.336562,2.282113,0.000000,1.774662,0.000000,0.000000,2.136042,1.3222219
0.000000,2.355078,2.239205,0.000000,0.000000,0.000000,0.000000,0.000000,0.0000000
0.000000,2.337399,2.258476,0.000000,2.061800,1.449003,0.000000,0.000000,2.3055050
0.000000,2.390160,2.292810,0.000000,1.944708,1.766709,0.000000,0.000000,2.0107573
0.000000,2.333498,2.210165,1.763672,2.024981,1.887195,0.000000,0.000000,1.6309207
0.000000,2.383328,2.292209,1.638647,1.978797,0.000000,0.000000,0.000000,2.1222826
2.175757,2.328503,2.402223,0.000000,0.000000,0.000000,0.000000,0.000000,2.1612310
0.000000,2.347011,2.068682,0.000000,2.108262,0.000000,0.000000,0.000000,0.0000000
