0.000000,2.0636145,1.906416,0.9357210,1.821643,1.0003362,0.000000,0.8496009,0.0000000
0.000000,1.9429438,0.000000,0.0000000,0.000000,0.0000000,0.000000,0.0000000,0.0000000
0.000000,1.9036810,1.756331,0.0000000,0.000000,0.9360794,0.000000,1.9754003,0.0000000
0.000000,2.1044548,1.799099,0.6736770,1.688990,0.9314923,0.000000,0.7785731,0.6433805
0.000000,2.0215184,1.903638,0.9389632,1.593830,1.8111646,0.000000,0.8701475,1.0922792
0.000000,2.0509532,1.929824,0.9306373,0.000000,0.7429239,0.000000,0.0000000,0.0000000
0.000000,1.9986226,2.007082,0.0000000,1.577776,0.8168160,0.000000,0.9227770,0.8256219
0.000000,2.0304942,1.951685,0.9289884,1.566783,0.9000225,0.000000,0.0000000,0.8638169
0.000000,2.0255426,1.606526,0.0000000,1.891998,0.9082206,0.000000,0.9002922,0.0000000
0.000000,1.9107039,1.996513,0.8750617,1.789469,0.9067097,0.000000,0.9410641,0.7958226
0.000000,0.0000000,1.964678,0.0000000,0.000000,0.0000000,0.000000,0.0000000,0.0000000
0.000000,1.9525631,1.718370,0.0000000,0.000000,0.9118855,0.000000,0.8810957,0.0000000
0.000000,0.9159092,0.000000,0.0000000,0.000000,0.0000000,0.000000,1.1056473,1.8567855
0.000000,1.8759921,0.000000,0.0000000,0.000000,0.0000000,0.000000,0.0000000,0.0000000
2.059281,0.0000000,2.023252,1.0229236,0.000000,2.2789263,0.000000,0.0000000,0.8338153
1.702249,1.8655448,1.995122,0.9215866,0.000000,2.0646356,0.000000,1.7954146,0.0000000
0.000000,2.0450251,1.913914,1.7166630,1.766481,2.0222666,0.000000,0.9985835,0.0000000
0.000000,1.8488629,1.917593,0.8436406,1.784901,0.9565407,0.000000,0.0000000,0.0000000
0.000000,1.8852919,1.700370,0.0000000,2.008186,0.0000000,0.000000,0.0000000,0.0000000
0.000000,1.8174850,1.888537,1.5624974,0.000000,0.9142949,0.000000,1.7282522,0.7926483
0.000000,2.0764015,1.856216,0.7971359,1.165390,0.9783309,0.000000,0.0000000,0.0000000
0.000000,1.8492362,1.818696,0.8882734,1.711414,0.8724906,0.000000,0.9296507,0.0000000
0.000000,2.0368126,1.929300,0.8533005,1.817044,0.9847430,0.000000,0.0000000,0.0000000
0.000000,2.0021486,1.887139,0.7827058,1.704228,0.7967138,0.000000,0.0000000,0.0000000
0.000000,1.8617613,2.009955,0.8915675,1.775419,2.1977144,0.000000,1.6074721,0.0000000
0.000000,1.7093595,1.906826,0.7453021,0.000000,0.9925193,0.000000,0.8299446,0.7648559
0.000000,2.0137136,1.811664,0.7214759,1.316183,0.8979913,0.000000,1.4580667,0.0000000
0.000000,1.8726259,1.910187,0.9024952,0.000000,0.7454825,0.000000,0.8202843,0.0000000
0.000000,1.8273348,1.874157,0.8917165,0.000000,0.8500081,0.000000,0.7567286,0.0000000
0.000000,2.0850292,1.735721,0.9338608,0.000000,0.9477036,0.000000,0.9228534,0.0000000
0.000000,2.0072404,1.943980,1.6966630,1.710968,0.8862159,0.000000,0.7926906,0.8079730
0.000000,0.0000000,1.913320,1.6983849,0.000000,0.0000000,0.000000,0.7277829,0.0000000
0.000000,2.0255616,1.737082,0.8891604,1.837053,0.4512110,0.000000,1.5510867,0.0000000
0.000000,2.0797655,1.921179,0.9077143,1.795819,0.8873690,0.000000,0.8452405,0.0000000
0.000000,2.0121180,1.885227,1.5649600,1.768382,0.9216138,0.000000,1.4306095,0.0000000
0.000000,1.9796868,1.875441,0.8680989,1.443231,0.7905293,0.000000,0.7415422,0.0000000
0.000000,2.0798094,1.928334,0.8977511,1.818770,0.9357053,0.000000,0.8858941,0.0000000
0.000000,1.8749288,1.662424,0.9142819,1.242382,0.8999324,0.000000,0.9310239,0.0000000
0.000000,1.9125168,1.768025,0.9075050,0.000000,0.8480571,0.000000,0.9258790,0.0000000
0.000000,2.0281651,1.884771,0.8273901,1.813371,0.0000000,0.000000,0.0000000,0.0000000
0.000000,0.0000000,0.000000,0.9258023,0.000000,0.0000000,0.000000,0.0000000,0.0000000
0.000000,1.8138157,1.905670,0.8358633,0.000000,0.9732996,0.000000,0.9032786,0.0000000
0.000000,2.0093679,1.915711,0.8709341,1.773417,0.8799363,0.000000,0.8539265,0.0000000
0.000000,2.0727057,1.950987,0.7302776,1.844619,0.9139396,0.000000,0.8803062,0.0000000
0.000000,1.4568277,1.814924,0.8070699,0.000000,0.9919253,0.000000,1.6824915,0.8333658
0.000000,1.7417309,1.888991,0.8240023,0.000000,1.0291769,0.000000,0.9306237,0.0000000
0.000000,1.7222844,1.834957,0.0000000,1.961381,0.9539215,0.000000,0.0000000,0.0000000
0.000000,1.9075184,1.825054,0.8724054,1.245068,2.0876025,0.000000,0.0000000,0.0000000
0.000000,1.7445491,1.778173,0.8701475,0.000000,1.5975348,0.000000,0.8961302,0.0000000
0.000000,1.8975713,1.616719,0.0000000,0.000000,2.0044415,0.000000,0.0000000,0.0000000
0.000000,1.4656080,1.914523,0.8545181,0.000000,1.6483341,0.000000,0.9439324,0.7265987
0.000000,1.9844509,1.735556,0.0000000,0.000000,0.9237101,0.000000,0.0000000,0.0000000
0.000000,2.0724566,1.802867,0.8858425,0.000000,0.9142387,0.000000,0.8684756,0.0000000
0.000000,2.0233653,1.894033,0.8720481,1.524336,0.9292562,0.000000,0.6848102,0.0000000
0.000000,2.0429474,1.712647,0.8505891,0.000000,0.8905769,0.000000,0.0000000,0.0000000
0.000000,2.0672954,1.892478,0.8766665,1.762357,0.9186485,0.000000,0.8360378,0.0000000
0.000000,0.0000000,0.000000,0.0000000,0.000000,0.0000000,0.000000,0.0000000,0.0000000
0.000000,0.0000000,0.000000,0.0000000,0.000000,0.0000000,0.000000,0.0000000,0.0000000
0.000000,1.8751676,1.989123,0.0000000,0.000000,0.9169566,0.000000,0.0000000,1.1253395
0.000000,1.9980703,1.891679,0.8880921,0.000000,0.9659792,0.000000,0.0000000,0.0000000
0.000000,1.9009090,1.986627,0.8976197,0.000000,1.0085279,0.000000,0.9913688,0.0000000
0.000000,1.9760058,1.980178,0.9425451,0.000000,1.0427995,0.000000,0.0000000,0.0000000
0.000000,1.9396005,1.948864,0.9811638,0.000000,1.9585137,0.000000,0.9888758,0.0000000
0.000000,1.8382832,0.000000,0.9619677,0.000000,0.0000000,0.000000,0.0000000,0.0000000
0.000000,1.8710842,1.894965,0.0000000,0.000000,0.0000000,0.000000,0.0000000,0.0000000
0.000000,0.9917639,0.000000,0.0000000,0.000000,0.9665385,0.000000,0.0000000,0.9553555
0.000000,0.0000000,0.000000,0.0000000,0.000000,0.0000000,0.000000,0.0000000,0.0000000
0.000000,1.9903078,1.886802,1.6549209,0.000000,2.0228389,0.000000,0.0000000,0.0000000
0.000000,0.0000000,1.776484,0.0000000,0.000000,0.9336888,0.000000,1.9160359,0.0000000
0.000000,1.8775947,0.000000,0.8612986,0.000000,0.0000000,0.000000,0.0000000,0.0000000
0.000000,0.0000000,1.726290,0.8809509,0.000000,0.0000000,0.000000,0.0000000,0.0000000
0.000000,2.0782360,1.958717,0.9696153,1.661548,2.1765704,0.000000,0.0000000,0.0000000
0.000000,0.0000000,0.000000,0.0000000,0.000000,0.0000000,0.000000,0.0000000,0.0000000
0.000000,1.8408903,1.958343,1.6729818,1.675792,1.0686849,0.000000,0.0000000,0.0000000
0.000000,2.0021257,2.019876,1.7208603,0.000000,1.8216389,0.000000,0.0000000,0.0000000
0.000000,1.9586474,1.945346,0.8383327,0.000000,0.0000000,0.000000,0.9266013,0.0000000
0.000000,2.0862634,1.838565,0.9299297,1.904253,0.9210207,0.000000,0.0000000,1.0279982
0.000000,2.1089177,1.801772,1.5594484,1.855820,0.9189602,0.000000,0.0000000,0.0000000
0.000000,1.9370094,1.915926,0.0000000,1.601454,0.9571889,0.000000,0.0000000,0.0000000
0.000000,2.0842935,1.759326,0.9242505,0.000000,0.8144897,0.000000,0.0000000,0.0000000
0.000000,0.8432439,1.905539,0.9358785,0.000000,0.0000000,0.000000,0.9367843,0.0000000
0.000000,2.0452456,1.956148,0.9460530,0.000000,0.0000000,0.000000,0.0000000,0.0000000
0.000000,1.9000608,1.946979,0.8563425,1.502896,0.0000000,0.000000,0.9086906,0.0000000
0.000000,1.7710521,1.960073,0.0000000,1.493400,0.0000000,0.000000,0.0000000,0.0000000
0.000000,1.9855077,1.941986,0.9709859,1.772970,1.0680655,0.000000,0.9206829,0.0000000
0.000000,1.8062555,1.996551,0.9280408,0.000000,0.0000000,0.000000,0.0000000,0.0000000
0.000000,0.9864288,0.000000,0.0000000,0.000000,0.0000000,0.000000,0.0000000,0.0000000
0.000000,0.0000000,1.826447,0.0000000,0.000000,0.0000000,0.000000,0.0000000,0.0000000
0.000000,1.9038200,1.890189,0.0000000,0.000000,0.0000000,0.000000,0.0000000,0.0000000
0.000000,0.9357368,1.882308,0.0000000,0.000000,0.8086920,0.000000,0.9961702,0.0000000
0.000000,1.9554362,1.964909,0.8391390,0.000000,0.7949835,0.000000,0.8461324,0.0000000
0.000000,0.9016564,0.000000,0.0000000,0.000000,0.0000000,0.000000,0.0000000,0.0000000
0.000000,1.8706610,1.898990,0.7608387,0.000000,0.0000000,0.000000,0.0000000,0.0000000
0.000000,0.9613578,1.563838,0.0000000,0.000000,0.0000000,0.000000,0.0000000,0.0000000
0.000000,0.0000000,0.000000,0.0000000,0.000000,0.0000000,0.000000,0.0000000,0.0000000
0.000000,1.9749272,1.660131,0.0000000,0.000000,0.0000000,0.000000,0.0000000,0.0000000
0.000000,0.0000000,1.862756,0.0000000,0.000000,0.0000000,0.000000,0.8995121,0.0000000
0.000000,1.9137000,1.709193,0.8058502,1.784866,0.0000000,0.000000,0.0000000,0.0000000
0.000000,0.0000000,1.652741,0.9039984,0.000000,0.0000000,0.000000,0.0000000,0.0000000
0.000000,1.9270903,1.751389,0.0000000,0.000000,0.0000000,0.000000,0.0000000,0.0000000
0.000000,1.9997554,2.025627,0.9494057,0.000000,0.0000000,0.000000,0.0000000,0.0000000
0.000000,2.0411106,1.883684,0.9406673,1.712070,1.9639640,0.000000,0.0000000,0.0000000
0.000000,0.9673974,2.002934,0.0000000,0.000000,0.0000000,0.000000,0.0000000,0.0000000
0.000000,1.9994401,0.000000,0.8531206,0.000000,0.0000000,0.000000,0.0000000,0.0000000
0.000000,0.0000000,0.000000,0.0000000,1.835698,0.8268889,0.000000,0.0000000,1.0068256
0.000000,2.0314844,1.656080,0.0000000,0.000000,0.0000000,0.000000,0.0000000,0.8045023
0.000000,1.7239554,1.943237,0.9554325,0.000000,0.0000000,0.000000,0.0000000,0.0000000
0.000000,1.9643054,1.739414,0.9615554,0.000000,0.0000000,0.000000,0.0000000,0.9621402
0.000000,1.9904481,1.408577,0.8546358,0.000000,1.0171262,0.000000,0.0000000,0.0000000
0.000000,1.9347816,1.866661,0.8594616,0.000000,0.0000000,0.000000,0.0000000,0.9958726
0.000000,1.8918888,1.877866,0.0000000,0.000000,0.8572481,0.000000,0.0000000,0.0000000
0.000000,1.9766019,1.757459,0.0000000,1.549876,0.9148029,0.000000,0.0000000,0.8353876
0.000000,1.7517249,1.914682,0.0000000,0.000000,0.9297748,0.000000,0.7959853,0.0000000
0.000000,1.9816448,1.925127,0.8393661,0.000000,0.0000000,0.000000,1.0756052,0.0000000
0.000000,1.7895646,1.906956,0.0000000,0.000000,0.0000000,0.000000,0.0000000,0.0000000
0.000000,2.0026787,1.719566,0.0000000,0.000000,0.0000000,0.000000,0.0000000,0.0000000
0.000000,0.0000000,0.000000,0.0000000,0.000000,0.0000000,0.000000,0.0000000,0.0000000
0.000000,1.9906771,1.855933,0.9234459,0.000000,0.7937405,0.000000,0.0000000,0.0000000
0.000000,2.0311251,1.885782,0.8517279,1.912207,0.0000000,0.000000,0.0000000,0.0000000
0.000000,0.8662202,1.769644,0.0000000,0.000000,1.1502124,0.000000,0.0000000,0.0000000
0.000000,1.9140188,0.000000,0.0000000,0.000000,0.0000000,0.000000,0.0000000,0.0000000
0.000000,0.9634897,0.000000,0.0000000,0.000000,0.0000000,0.000000,0.0000000,0.0000000
0.000000,1.9747918,1.598078,0.0000000,1.951122,1.0284612,0.000000,0.0000000,0.0000000
0.000000,1.7646665,1.600027,0.8042264,0.000000,0.8219496,0.000000,0.8001102,0.6574770
0.000000,1.8848900,0.000000,0.8623072,0.000000,0.0000000,0.000000,0.9189400,0.5081616
0.000000,1.9130994,1.604085,1.6677608,0.000000,0.0000000,0.000000,0.8292560,0.0000000
0.000000,1.6376908,0.000000,1.6608479,0.000000,0.0000000,0.000000,0.9186080,0.0000000
0.000000,1.7605808,0.000000,0.7324594,0.000000,0.0000000,0.000000,0.6804590,0.5603276
0.000000,1.8810119,1.553269,0.8267771,0.000000,0.0000000,0.000000,0.6347084,0.0000000
0.000000,1.8669676,0.000000,0.7734458,0.000000,1.0151308,0.000000,0.6039727,0.0000000
0.000000,2.0158001,0.000000,1.4952284,0.000000,0.0000000,0.000000,1.0104600,0.7649141
0.000000,1.7695901,0.000000,0.0000000,0.000000,0.0000000,0.000000,0.8940063,0.6242206
0.000000,1.9394578,1.809422,0.0000000,0.000000,0.0000000,0.000000,1.6994967,0.6905910
0.000000,1.8404424,0.000000,0.0000000,0.000000,0.0000000,0.000000,0.6750995,0.0000000
0.000000,1.8479475,0.000000,0.0000000,0.000000,0.0000000,0.000000,0.9153412,0.0000000
0.000000,1.8528067,0.000000,0.9711428,0.000000,0.0000000,0.000000,1.7658357,0.0000000
0.000000,1.9712904,0.000000,0.0000000,0.000000,0.7240945,0.000000,0.9691768,0.8190471
0.000000,1.4627140,1.201273,0.9952347,0.000000,0.0000000,0.000000,0.5186021,0.0000000
0.000000,1.5776431,0.000000,0.8503302,0.000000,0.0000000,0.000000,0.0000000,0.0000000
0.000000,0.0000000,1.445910,0.0000000,0.000000,0.0000000,0.000000,0.6319556,0.0000000
0.000000,1.4473489,0.000000,0.9262284,0.000000,0.0000000,0.000000,0.6931127,0.0000000
0.000000,1.5571795,0.000000,0.8699316,0.000000,0.0000000,0.000000,0.7518525,0.0000000
0.000000,1.8981004,0.000000,0.8863442,0.000000,0.0000000,0.000000,0.7252206,0.0000000
0.000000,0.0000000,1.744501,0.8881172,0.000000,0.9532709,0.000000,1.8958408,0.0000000
0.000000,1.9065699,2.020760,0.9265688,0.000000,0.9707607,0.000000,0.0000000,0.0000000
0.000000,1.9356847,0.000000,0.9502454,0.000000,0.0000000,0.000000,1.0940731,0.0000000
0.000000,2.0151671,1.690525,1.6326841,0.000000,0.8134910,0.000000,1.1234877,0.0000000
0.000000,1.9674950,1.798189,0.9044078,0.000000,0.7440291,0.000000,1.0890050,0.0000000
0.000000,1.9550061,1.913329,0.8754048,0.000000,0.8026267,0.000000,1.0990859,0.0000000
0.000000,2.0020439,1.997151,0.9415942,1.779439,0.7915847,0.000000,1.0880116,0.0000000
0.000000,1.0216246,1.795031,0.9464937,1.604538,0.7931331,0.000000,1.0936320,0.0000000
0.000000,1.8290820,1.719621,0.9413108,0.000000,0.8361000,0.000000,1.1007201,0.0000000
0.000000,1.8078443,1.559815,0.9121846,1.898468,0.8283011,0.000000,1.1146208,0.0000000
0.000000,1.8955500,1.720826,0.9516311,0.000000,0.0000000,0.000000,1.1033764,0.0000000
0.000000,1.7786237,1.790719,0.8952859,0.000000,0.9311556,0.000000,1.0642255,0.0000000
0.000000,1.7816393,1.651697,0.9223633,0.000000,0.8013588,0.000000,1.0863848,0.0000000
0.000000,2.0178186,1.334446,0.8902436,1.452667,1.6561540,0.000000,1.1063171,0.0000000
0.000000,1.9452459,1.804406,0.8854348,1.554537,0.8188622,0.000000,1.9049455,0.0000000
0.000000,1.7859935,1.893314,0.9178898,1.620737,0.8390311,0.000000,1.0586357,0.0000000
0.000000,1.9788767,1.762728,0.9642363,1.524815,0.8218902,0.000000,1.0816884,0.0000000
0.000000,1.9545356,1.710366,0.8887648,0.000000,0.0000000,0.000000,1.1198407,0.0000000
0.000000,1.9751317,1.676229,0.8898294,0.000000,0.8398659,0.000000,1.1178033,0.0000000
0.000000,1.9391426,1.520456,0.8935031,0.000000,0.0000000,0.000000,1.0432671,0.0000000
0.000000,1.9518472,1.768935,0.9033595,0.000000,0.8376036,0.000000,1.0621904,0.0000000
0.000000,1.9982814,1.836573,0.9005713,0.000000,0.8479502,0.000000,1.1292835,0.0000000
0.000000,1.9857128,1.955916,0.9105667,0.000000,0.7660984,0.000000,1.0404020,0.0000000
0.000000,1.9394603,1.912216,0.9060951,1.678134,0.0000000,0.000000,1.0348538,0.0000000
0.000000,1.9895227,1.998795,0.9200221,0.000000,0.8455169,0.000000,1.0470993,0.0000000
0.000000,1.9918150,1.606600,0.9501214,1.675354,0.7658110,0.000000,1.1055993,0.0000000
0.000000,1.9702761,1.932081,0.8682383,1.492759,0.0000000,0.000000,0.0000000,0.0000000
0.000000,0.9950028,1.570280,0.9136611,0.000000,0.0000000,0.000000,1.1413079,0.0000000
0.000000,1.8532359,0.000000,0.0000000,0.000000,0.8523466,0.000000,0.9646599,0.0000000
0.000000,2.0028184,1.742986,1.7132767,1.700204,0.7691443,0.000000,1.8741437,0.0000000
0.000000,1.9117628,1.227922,0.0000000,0.000000,0.8917522,0.000000,1.1314500,0.0000000
0.000000,1.9316985,1.488716,1.5884911,0.000000,0.7288663,0.000000,1.0641979,0.0000000
0.000000,1.9395935,1.932763,0.9150298,0.000000,0.8334816,0.000000,1.1050758,0.0000000
0.000000,1.9434155,1.650732,0.9123848,0.000000,0.8693687,0.000000,1.1048205,0.0000000
0.000000,1.9815849,1.821952,0.8185531,1.582869,0.8636255,0.000000,1.7173875,0.0000000
0.000000,1.8385270,0.000000,1.7478420,0.000000,0.0000000,0.000000,1.0105532,0.7277829
0.000000,2.0044777,1.913676,1.7238092,0.000000,0.8159574,0.000000,1.0986580,0.0000000
0.000000,1.9398837,1.532941,0.8318575,1.371638,0.0000000,0.000000,1.8507105,0.0000000
0.000000,1.9694150,1.926394,0.8996135,0.000000,0.7875523,0.000000,1.0937216,0.0000000
0.000000,1.7863831,1.817821,0.7339816,0.000000,0.0000000,0.000000,1.1292727,0.0000000
0.000000,2.1322012,1.777083,0.9782009,1.857460,0.0000000,0.000000,2.1125520,0.0000000
0.000000,1.9889439,1.690570,0.0000000,0.000000,1.7870640,0.000000,0.9908323,0.9733542
0.000000,1.9919191,1.915607,0.9070174,1.819399,1.9253350,0.000000,0.8125966,0.0000000
0.000000,1.9939711,1.864958,0.9062989,1.728137,0.0000000,0.000000,0.0000000,0.0000000
0.000000,2.0358743,1.570095,0.9082253,1.852362,1.9063540,0.000000,0.8752111,0.0000000
0.000000,2.0404961,1.696860,0.8982308,1.816290,0.8203903,0.000000,0.9091574,0.0000000
0.000000,1.9678534,1.526956,0.9379772,1.867819,0.8646552,0.000000,0.9072042,0.0000000
0.000000,2.1045275,1.700723,0.9176145,1.937345,0.8087443,0.000000,0.9259118,0.0000000
0.000000,1.9993775,1.626189,0.9333533,1.703802,0.9541599,0.000000,0.7845844,0.0000000
0.000000,2.0782304,1.813448,0.9605507,1.879003,0.7857610,0.000000,0.8896643,0.0000000
0.000000,2.0292075,1.772136,0.9458830,1.968540,0.8781728,0.000000,0.9210873,0.0000000
0.000000,2.0434050,1.704612,0.0000000,1.802524,0.0000000,0.000000,0.9382448,0.0000000
0.000000,2.1021198,1.599289,0.9271944,2.012399,0.0000000,0.000000,0.9067915,0.0000000
0.000000,2.0779155,1.579403,0.9306509,0.000000,0.7545684,0.000000,0.9011524,0.0000000
0.000000,2.0510750,1.618463,0.9040034,1.908529,0.8016633,0.000000,0.9069358,0.0000000
0.000000,1.9807924,1.582440,0.9061777,1.887508,1.5112611,0.000000,0.8687690,0.0000000
0.000000,2.0044819,1.635582,0.9248940,0.000000,0.7466288,0.000000,0.9498370,0.0000000
0.000000,2.0366842,1.636206,0.9286985,1.870924,1.6324923,0.000000,0.8567633,0.0000000
0.000000,1.9990064,1.659674,0.9108579,1.928919,0.8010723,0.000000,0.9676792,0.0000000
0.000000,2.0293025,1.477741,0.9258279,1.907115,0.7488794,0.000000,0.9574630,0.0000000
0.000000,2.0543943,1.913873,0.9371647,1.892257,0.8075492,0.000000,0.8919778,0.0000000
0.000000,2.0868649,1.905777,0.8855061,0.000000,0.0000000,0.000000,0.9191175,0.0000000
0.000000,2.0666945,1.943602,0.9136916,1.831979,0.0000000,0.000000,0.8423297,0.0000000
0.000000,2.0393250,1.939313,0.9405648,0.000000,0.7831557,0.000000,0.8845466,0.0000000
0.000000,2.0501236,1.855038,0.8554066,1.723761,0.0000000,0.000000,0.8552803,0.0000000
0.000000,1.9822316,1.905490,0.9006291,0.000000,0.0000000,0.000000,0.8558808,0.0000000
0.000000,1.9959123,1.817006,0.9249791,1.753406,0.7262893,0.000000,0.8785160,0.0000000
0.000000,2.0363253,1.694698,0.8496532,1.833547,0.0000000,0.000000,0.8492862,0.0000000
0.000000,2.1024738,0.000000,0.8973397,0.000000,0.0000000,0.000000,0.7874625,0.0000000
0.000000,1.9901958,1.932006,0.9375063,1.761349,1.9515794,0.000000,0.9578643,0.0000000
0.000000,2.0862555,1.705519,0.8968594,2.030744,2.1272729,0.000000,1.0309369,0.0000000
0.000000,2.0303663,1.765474,0.9288104,1.960020,1.1430611,0.000000,0.9800477,0.0000000
0.000000,2.0136615,1.680158,0.8524678,1.599289,1.1092664,0.000000,0.7196895,0.0000000
0.000000,1.9365840,1.917810,0.9443792,1.620257,2.0661105,0.000000,0.8671904,0.0000000
0.000000,1.9911200,1.776809,0.9166983,1.904288,0.8207679,0.000000,0.9153072,0.0000000
0.000000,1.9331255,1.931356,0.9335880,0.000000,1.9389771,0.000000,0.9620856,0.0000000
0.000000,1.9975301,1.720935,0.9030506,1.825655,1.5366537,0.000000,0.8215029,0.0000000
0.000000,2.0351893,1.613997,0.9038028,1.839486,2.1129889,0.000000,0.8350983,0.0000000
0.000000,2.0434437,1.858053,0.9431086,1.774927,0.0000000,0.000000,0.8659335,0.0000000
0.000000,2.0812574,1.607009,0.9016201,0.000000,0.8104198,0.000000,0.8686876,0.0000000
0.000000,2.0468155,1.852696,0.9065022,1.827060,0.9695873,0.000000,0.0000000,0.0000000
0.000000,2.0874925,1.812801,0.7519533,1.704511,0.0000000,0.000000,0.8167686,0.0000000
0.000000,2.0329791,1.861105,0.9057687,1.477509,1.0850577,0.000000,0.9175486,0.0000000
0.000000,1.9748573,0.000000,0.0000000,0.000000,1.0335534,0.000000,0.9113105,0.0000000
0.000000,1.9804558,1.958953,0.8745591,0.000000,0.0000000,0.000000,0.0000000,0.0000000
0.000000,1.8192612,1.834295,0.9543951,0.000000,0.9066567,0.000000,0.0000000,0.0000000
0.000000,2.0210836,1.794646,0.9878526,1.970952,1.9033849,0.000000,0.9257329,0.0000000
0.000000,1.4790524,0.000000,0.0000000,0.000000,1.0241990,0.000000,0.0000000,0.0000000
0.000000,1.5031637,0.000000,0.0000000,0.000000,0.0000000,0.000000,0.0000000,0.8311456
0.000000,1.8419392,0.000000,0.0000000,0.000000,0.0000000,0.000000,0.0000000,0.7004901
0.000000,1.3767825,0.000000,0.0000000,0.000000,0.0000000,0.000000,0.0000000,0.0000000
0.000000,1.7489556,0.000000,0.0000000,0.000000,0.0000000,0.000000,0.0000000,0.0000000
0.000000,1.7264340,1.720060,0.7919904,0.000000,0.0000000,0.000000,0.0000000,0.0000000
0.000000,1.7229201,0.000000,0.7079995,0.000000,0.0000000,0.000000,0.0000000,0.0000000
0.000000,1.5510194,0.000000,0.0000000,0.000000,0.0000000,0.000000,0.0000000,0.0000000
0.000000,1.7341778,0.000000,1.6336764,0.000000,0.0000000,0.000000,0.0000000,1.7083595
0.000000,0.6808112,0.000000,0.9658445,0.000000,0.0000000,0.000000,0.7765836,1.0994874
0.000000,1.7574477,0.000000,0.8364477,0.000000,0.0000000,0.000000,0.0000000,0.4716836
0.000000,0.0000000,0.000000,0.0000000,0.000000,0.0000000,0.000000,0.0000000,0.0000000
0.000000,1.6934718,0.000000,0.8432553,0.000000,0.0000000,0.000000,0.0000000,0.0000000
0.000000,0.0000000,1.449183,0.6971990,0.000000,0.0000000,0.000000,0.6261174,0.0000000
0.000000,1.9350494,0.000000,0.0000000,0.000000,0.0000000,0.000000,0.0000000,0.0000000
0.000000,1.7213864,0.000000,1.7818362,0.000000,0.9371987,0.000000,0.0000000,0.6817910
0.000000,1.8832306,0.000000,1.9064386,0.000000,0.9376565,0.000000,0.0000000,0.6344907
0.000000,1.7397214,0.000000,1.7602692,0.000000,0.0000000,0.000000,0.0000000,0.8842240
0.000000,1.8044172,1.482482,1.6482251,0.000000,0.0000000,0.000000,0.0000000,0.6928634
0.000000,1.5486548,0.000000,0.0000000,0.000000,0.9391910,0.000000,0.0000000,1.1499818
0.000000,1.7106822,1.652488,1.7056164,0.000000,0.6642115,0.000000,0.0000000,2.0478818
0.000000,1.8453845,1.978537,0.9190530,0.000000,0.9344674,0.000000,0.0000000,0.0000000
0.000000,1.8839472,1.961371,0.9347494,1.754861,1.1112830,0.000000,0.0000000,0.0000000
0.000000,0.0000000,1.846543,0.0000000,0.000000,0.0000000,0.000000,0.0000000,1.0012926
0.000000,1.8618090,0.000000,0.9484719,0.000000,0.8440577,0.000000,0.0000000,1.0413155
0.000000,1.9768767,1.952390,0.9760601,1.907771,2.1475360,0.000000,0.0000000,0.0000000
0.000000,1.8741900,1.264134,2.0745374,0.000000,1.0760868,0.000000,0.0000000,2.3155193
0.000000,0.0000000,0.000000,1.9871984,0.000000,0.0000000,0.000000,0.0000000,2.2304220
0.000000,1.3977950,1.656876,0.9942005,0.000000,0.0000000,0.000000,1.6544117,1.1055108
0.000000,0.6023892,0.000000,0.8984477,0.000000,0.0000000,0.000000,0.0000000,2.1167322
0.000000,1.7432964,0.000000,1.0126806,0.000000,0.0000000,0.000000,0.0000000,1.2359903
0.000000,1.6495157,0.000000,2.1214609,0.000000,0.0000000,0.000000,0.8720013,2.4130504
0.000000,0.9509420,0.000000,2.0514959,0.000000,0.0000000,0.000000,0.0000000,2.0956267
1.830290,0.0000000,0.000000,1.0060342,0.000000,0.0000000,0.000000,1.0408662,2.1228465
0.000000,0.0000000,0.000000,2.0938860,0.000000,0.0000000,0.000000,0.0000000,1.0773842
0.000000,0.0000000,0.000000,1.9167556,0.000000,0.0000000,0.000000,0.0000000,2.3100235
0.000000,0.0000000,0.000000,2.0593326,0.000000,0.0000000,0.000000,0.0000000,1.1298159
0.000000,1.8357922,0.000000,2.1175887,0.000000,0.0000000,0.000000,0.0000000,2.2484488
0.000000,0.8710368,0.000000,2.1883305,0.000000,0.0000000,0.000000,0.0000000,2.2376187
0.000000,2.0016395,1.970958,0.9535790,1.893169,2.1432037,0.000000,0.0000000,0.0000000
0.000000,1.7940646,1.973757,0.9898458,0.000000,2.1458538,0.000000,0.0000000,0.0000000
0.000000,1.8907920,1.943688,0.9563846,1.922911,0.9204739,0.000000,0.8886903,0.0000000
0.000000,1.7806090,2.061788,0.9983993,1.870696,1.8972518,0.000000,0.9447570,0.0000000
0.000000,1.7982144,1.965349,0.9679137,0.000000,0.8754197,0.000000,0.0000000,0.0000000
0.000000,1.6619693,0.000000,0.8208583,0.000000,0.0000000,0.000000,0.0000000,0.6803884
0.000000,1.9003931,1.707655,1.9399700,0.000000,0.0000000,0.000000,0.0000000,0.0000000
0.000000,1.4532239,1.198013,0.8825484,0.000000,0.0000000,0.000000,0.0000000,1.0064465
0.000000,1.9614778,0.000000,0.8478111,0.000000,0.0000000,0.000000,0.0000000,0.9195713
0.000000,1.5565184,0.000000,0.9203434,0.000000,0.0000000,0.000000,0.0000000,0.8117765
0.000000,1.6120400,2.018122,1.0141559,1.646696,1.9907374,0.000000,0.0000000,0.0000000
0.000000,1.8775646,0.000000,0.9622914,0.000000,0.8950818,0.000000,0.7924790,0.0000000
0.000000,0.7415422,0.000000,0.9313040,0.000000,0.0000000,0.000000,0.0000000,1.1205188
0.000000,2.0324522,1.998985,0.9581803,1.946666,2.0875420,0.000000,0.0000000,0.0000000
0.000000,2.0471299,1.925335,1.9023052,2.000727,2.1162049,0.000000,0.0000000,0.0000000
0.000000,1.9336489,1.901282,1.0083367,0.000000,0.9450807,0.000000,0.0000000,0.0000000
0.000000,1.7811509,1.970773,0.9872980,1.743096,1.9324433,0.000000,0.8789570,0.0000000
0.000000,1.9274141,1.930842,0.9113511,0.000000,0.8653311,0.000000,0.0000000,0.0000000
0.000000,1.8510843,1.962026,0.9882159,0.000000,0.8855385,0.000000,0.9272695,0.0000000
0.000000,1.9588498,1.973241,1.0047083,1.719658,0.9158586,0.000000,0.8415441,0.0000000
0.000000,1.9051537,1.956698,0.9927942,0.000000,0.8992395,0.000000,0.0000000,0.0000000
0.000000,2.0235036,1.979840,1.9176568,1.803344,0.9070222,0.000000,0.0000000,0.0000000
0.000000,1.8213516,1.973290,1.8341297,1.704552,0.0000000,0.000000,0.8876591,0.0000000
0.000000,1.6976611,2.034358,0.9759303,1.700162,1.9209786,0.000000,0.7851170,0.0000000
0.000000,1.8659633,0.000000,0.9570070,1.811097,0.8562177,0.000000,0.0000000,0.0000000
0.000000,1.8631459,0.000000,0.9622116,0.000000,0.0000000,0.000000,0.0000000,0.0000000
0.000000,1.6829500,1.896141,0.9782545,1.749389,0.0000000,0.000000,0.0000000,0.0000000
0.000000,1.7338267,2.023547,0.0000000,1.780936,0.8395569,0.000000,1.8850868,0.0000000
0.000000,1.7457341,2.005811,0.9094916,1.703395,0.8890432,0.000000,0.9465365,0.0000000
0.000000,0.0000000,0.000000,0.0000000,0.000000,0.8475750,0.000000,0.0000000,0.0000000
0.000000,1.9268296,1.777343,0.0000000,0.000000,0.9713938,0.000000,0.0000000,0.0000000
0.000000,1.9961374,1.954938,0.9684163,1.355048,2.0035108,0.000000,0.0000000,0.0000000
0.000000,2.0259942,2.010185,0.9550980,1.694633,2.1194098,0.000000,0.8308005,0.0000000
0.000000,1.8932127,1.944633,0.9376748,0.000000,1.1455387,0.000000,0.0000000,0.0000000
0.000000,1.8783178,1.960876,0.9696433,0.000000,0.0000000,0.000000,0.0000000,0.0000000
0.000000,1.9443831,2.027406,0.0000000,0.000000,0.9603003,0.000000,0.0000000,0.0000000
0.000000,1.9052482,1.990280,1.9467097,0.000000,0.0000000,0.000000,0.0000000,0.0000000
0.000000,1.9535161,1.905208,0.9278249,1.792685,0.0000000,0.000000,0.0000000,0.0000000
0.000000,1.9643444,1.886031,0.9667167,1.794051,1.8545847,0.000000,0.0000000,0.0000000
0.000000,0.0000000,1.675938,0.9908654,0.000000,2.0424448,0.000000,0.0000000,0.0000000
0.000000,1.7513058,1.818082,0.8453733,0.000000,0.8728150,0.000000,0.0000000,0.7535182
0.000000,1.9346280,1.781226,0.9778516,0.000000,0.0000000,0.000000,0.0000000,0.0000000
0.000000,1.9254135,1.935574,0.9883636,0.000000,0.9202682,0.000000,0.0000000,0.0000000
0.000000,1.9737515,1.825434,0.9523229,0.000000,0.0000000,0.000000,0.0000000,0.0000000
0.000000,0.7897455,1.911419,0.9672890,1.538400,1.0453850,0.000000,0.0000000,0.7525891
0.000000,1.8948891,1.955313,0.9480130,1.548049,0.9026638,0.000000,0.0000000,0.0000000
0.000000,1.9462059,1.990828,0.9710717,1.863801,0.8881609,0.000000,0.0000000,0.0000000
0.000000,2.0189469,1.850003,0.9745167,0.000000,0.0000000,0.000000,0.9052737,0.0000000
1.696029,1.8162998,1.720042,0.9806231,1.588894,0.0000000,0.000000,0.0000000,2.0968873
0.000000,1.9056977,1.963749,0.9842405,1.554689,0.8559579,0.000000,0.0000000,0.0000000
0.000000,2.0073695,1.664579,0.0000000,1.834088,0.9419538,0.000000,0.0000000,0.0000000
0.000000,1.8855533,1.834874,0.9166691,0.000000,0.0000000,0.000000,0.0000000,0.0000000
0.000000,0.0000000,0.000000,0.0000000,0.000000,0.0000000,0.000000,0.0000000,0.0000000
0.000000,1.8923833,2.004483,1.0150877,0.000000,0.0000000,0.000000,1.8848043,0.9397985
0.000000,1.9069667,1.827601,0.0000000,0.000000,0.0000000,0.000000,0.0000000,0.0000000
0.000000,1.9926508,1.964483,0.9357116,1.772612,0.8433121,0.000000,0.7883563,0.0000000
0.000000,1.9133540,0.000000,0.9143078,0.000000,0.0000000,0.000000,0.0000000,0.0000000
0.000000,0.0000000,0.000000,0.0000000,0.000000,0.0000000,0.000000,0.0000000,0.0000000
0.000000,1.6519351,1.854560,1.9274499,0.000000,0.0000000,0.000000,0.9943181,0.8564958
0.000000,1.9929914,1.955034,1.8344618,0.000000,1.0184449,0.000000,0.0000000,0.0000000
0.000000,1.5717348,1.905544,0.8805634,0.000000,1.0208163,0.000000,0.9037224,0.8938909
1.631595,1.8678180,1.896991,1.8046533,1.549460,0.0000000,0.000000,0.0000000,0.0000000
0.000000,1.9660441,2.000566,0.9740330,1.514727,0.9455062,0.000000,0.0000000,0.0000000
0.000000,1.9485150,1.933457,0.9581579,0.000000,0.9167317,0.000000,0.0000000,0.8149441
0.000000,1.9972555,1.918265,0.8876906,0.000000,0.8180873,0.000000,0.0000000,0.0000000
0.000000,1.7966780,1.902642,0.9369794,0.000000,0.0000000,0.000000,0.0000000,0.0000000
0.000000,1.9676318,0.000000,0.9242990,0.000000,0.0000000,0.000000,0.0000000,0.0000000
0.000000,1.8956712,1.881819,0.9514701,0.000000,0.9971248,0.000000,0.9219471,1.6502082
0.000000,1.9171968,1.978976,1.8637493,0.000000,0.9748422,0.000000,0.0000000,0.0000000
0.000000,1.9480996,1.906489,1.8913262,0.000000,1.0455253,0.000000,2.0710506,1.8396009
0.000000,0.8196757,1.804765,0.0000000,0.000000,0.0000000,0.000000,1.1254381,0.0000000
0.000000,1.9750727,1.717759,0.9759506,0.000000,1.8977986,0.000000,0.0000000,0.9788887
0.000000,1.8435783,1.912101,0.9583656,0.000000,0.0000000,0.000000,0.0000000,0.0000000
0.000000,1.9039636,1.882215,0.9416172,1.548887,0.0000000,0.000000,0.0000000,0.0000000
0.000000,1.9429915,1.777876,1.9400953,0.000000,0.9164265,0.000000,1.0061183,0.9965809
0.000000,1.9196903,1.878651,0.9093015,1.881522,0.9403623,0.000000,0.0000000,0.0000000
0.000000,0.8742120,0.000000,0.9444456,0.000000,0.0000000,0.000000,0.9950893,0.0000000
0.000000,1.9468949,1.806557,0.9525160,0.000000,0.0000000,0.000000,1.0163672,0.0000000
0.000000,1.9533214,1.913517,0.9772183,0.000000,1.0409633,0.000000,0.0000000,0.0000000
0.000000,1.8706824,1.743566,0.9684562,0.000000,0.0000000,0.000000,1.8874124,0.7920756
0.000000,2.0573548,1.861946,1.9279829,1.814647,0.0000000,0.000000,0.8339560,0.8226887
0.000000,2.0311487,1.914319,0.9625216,0.000000,0.8190163,0.000000,0.0000000,1.8628616
0.000000,2.0178035,0.000000,0.8927034,1.759438,0.9299881,0.000000,0.0000000,0.0000000
0.000000,1.8292612,1.946462,0.0000000,0.000000,1.9157508,0.000000,0.0000000,0.0000000
0.000000,2.0141099,1.971325,0.9298987,1.675158,2.0386088,0.000000,0.0000000,0.0000000
0.000000,1.7429239,1.964535,0.9856494,0.000000,0.0000000,0.000000,0.0000000,0.0000000
0.000000,2.0207582,1.849432,0.9062262,1.783207,1.0447205,0.000000,0.8010340,0.6394956
0.000000,1.9978178,1.614424,0.9199266,0.000000,0.0000000,0.000000,0.0000000,0.0000000
0.000000,2.0140850,1.902214,0.9653010,1.936061,0.9430635,0.000000,0.9093757,0.0000000
0.000000,1.9571522,1.885918,0.9489508,0.000000,0.8073188,0.000000,0.0000000,0.0000000
0.000000,2.0299169,1.994906,0.9560457,1.518979,1.8999320,0.000000,0.8752036,0.0000000
0.000000,1.9413976,1.929231,0.9569637,1.765259,0.9361170,0.000000,0.8732989,0.0000000
0.000000,1.9900279,1.653917,0.8952916,1.607344,0.8695863,0.000000,0.7320437,0.0000000
0.000000,1.8909616,1.976573,0.9562027,1.399937,1.8762567,0.000000,0.8868425,0.0000000
0.000000,1.8145772,1.940896,0.9592710,0.000000,0.9215244,0.000000,0.8828315,0.0000000
0.000000,1.9165650,1.926910,0.9345284,0.000000,0.9327990,0.000000,0.8371875,0.0000000
0.000000,1.9923656,1.954155,0.9071851,1.951644,2.1744120,0.000000,1.0136028,0.0000000
0.000000,1.9286111,1.849217,0.9249051,0.000000,0.8686713,0.000000,0.0000000,0.0000000
0.000000,1.9509339,1.912373,0.0000000,0.000000,1.1886046,0.000000,1.0749796,0.0000000
0.000000,2.0149159,1.925294,0.9483471,1.709468,0.9476536,0.000000,0.8232898,0.0000000
0.000000,1.9161540,1.986571,0.9500783,1.844488,0.9058760,0.000000,0.8664136,0.0000000
0.000000,1.9391918,1.855678,0.9359633,0.000000,0.8583115,0.000000,0.0000000,0.0000000
0.000000,1.8452738,1.737424,0.0000000,1.964824,0.9468569,0.000000,0.8970972,0.0000000
0.000000,1.8047175,1.953906,0.9367967,0.000000,1.9144482,0.000000,0.8385019,0.0000000
0.000000,1.9756095,1.944088,0.9396679,1.721895,1.9728584,0.000000,0.9138223,0.0000000
0.000000,1.9038745,1.934473,1.9205638,1.805460,0.9116570,0.000000,0.9710699,0.8997412
0.000000,1.8466390,2.019703,0.9398459,1.602870,1.8508942,0.000000,0.0000000,0.0000000
0.000000,1.8406817,0.000000,0.0000000,0.000000,0.9255938,0.000000,0.0000000,0.0000000
0.000000,1.0292346,0.000000,0.0000000,0.000000,0.9557259,0.000000,0.0000000,0.0000000
0.000000,2.1242092,1.457388,0.9245079,1.811791,0.0000000,0.000000,0.0000000,0.0000000
0.000000,1.9689663,1.780766,0.0000000,1.539174,0.8602582,0.000000,0.0000000,0.0000000
0.000000,2.0844922,1.915571,0.8819926,1.811888,0.6605994,0.000000,0.0000000,0.0000000
0.000000,0.9088076,1.860271,0.9956114,0.000000,0.0000000,0.000000,0.0000000,0.0000000
0.000000,1.8000466,1.921896,0.0000000,0.000000,0.0000000,0.000000,0.0000000,0.0000000
0.000000,2.0270806,1.721768,0.9968427,1.877023,0.8681317,0.000000,0.0000000,0.0000000
0.000000,1.8933873,1.724561,0.9305727,0.000000,0.0000000,0.000000,0.0000000,0.0000000
0.000000,1.9425037,0.000000,0.9096303,0.000000,0.0000000,0.000000,0.0000000,0.0000000
0.000000,1.9168999,0.000000,0.8886283,0.000000,0.0000000,0.000000,0.0000000,0.0000000
0.000000,1.8830327,1.837419,0.8857973,0.000000,0.0000000,0.000000,0.8989551,0.0000000
0.000000,1.8094282,0.000000,0.9650947,0.000000,0.0000000,0.000000,0.0000000,0.0000000
0.000000,1.8077999,1.700909,1.6938134,1.895754,0.0000000,0.000000,0.9067386,0.0000000
0.000000,1.9777088,0.000000,0.0000000,0.000000,0.0000000,0.000000,0.0000000,0.0000000
0.000000,0.0000000,0.000000,0.0000000,0.000000,0.0000000,0.000000,0.0000000,0.9565132
0.000000,2.0217159,1.958256,0.9783504,0.000000,0.0000000,0.000000,0.0000000,0.0000000
0.000000,1.8791826,1.966764,0.8240023,1.968224,1.0564656,0.000000,0.9565017,0.7153209
0.000000,1.8462935,1.884537,0.9444897,1.843290,0.7918625,0.000000,1.9647684,0.0000000
0.000000,1.9032795,1.681595,0.7810037,1.902861,1.0653574,0.000000,0.9758644,0.0000000
0.000000,1.9711477,1.899149,0.9279665,1.709859,0.0000000,0.000000,0.9194511,0.0000000
0.000000,0.8534400,0.000000,0.0000000,1.861111,0.0000000,0.000000,0.0000000,0.0000000
0.000000,1.9922758,1.779769,0.7984094,1.896517,0.0000000,0.000000,0.8522557,0.0000000
0.000000,1.9547152,1.774003,0.9065022,1.550653,1.0271954,0.000000,0.9992238,0.0000000
0.000000,1.9696435,1.780948,0.8364724,0.000000,0.0000000,0.000000,0.9182417,0.0000000
1.848479,2.0368069,1.592377,0.0000000,1.764772,0.0000000,0.000000,0.0000000,0.0000000
0.000000,1.9318369,1.843662,0.9010533,1.730799,0.0000000,0.000000,1.0190238,0.0000000
0.000000,1.9375511,1.857502,0.9446992,1.860401,1.0477791,0.000000,0.9213530,0.0000000
0.000000,1.9379307,1.922379,0.0000000,1.948052,0.9494261,0.000000,1.0017358,0.0000000
0.000000,1.9539248,1.917828,0.9033595,1.573662,1.0117213,0.000000,0.8912927,0.0000000
0.000000,1.8708047,1.908134,1.7317933,1.593589,0.7921394,0.000000,0.7741820,0.0000000
0.000000,1.7478343,1.851100,0.8950477,0.000000,0.0000000,0.000000,0.9878137,0.0000000
0.000000,2.0645040,1.747240,1.0160013,0.000000,0.9187580,0.000000,0.8573523,0.0000000
0.000000,1.9506447,1.480966,0.0000000,1.679138,0.9997991,0.000000,0.8478432,0.0000000
0.000000,1.9882135,1.805857,0.0000000,1.789252,1.1391187,0.000000,0.0000000,0.0000000
0.000000,1.9068385,0.000000,0.8015302,1.943904,1.0321518,0.000000,0.0000000,0.0000000
0.000000,2.0643019,1.580189,0.8696828,1.855387,0.8631009,0.000000,0.0000000,0.0000000
0.000000,1.9636671,1.846581,0.0000000,1.857453,0.9578463,0.000000,0.0000000,0.0000000
0.000000,1.9978173,1.866576,0.8254799,1.753084,1.0767360,0.000000,0.8172263,0.0000000
0.000000,2.0319922,1.712953,0.8785232,1.902587,1.0451251,0.000000,0.0000000,0.0000000
0.000000,2.0553645,1.804025,0.9215633,1.598782,0.8497682,0.000000,0.8652885,0.0000000
1.767773,1.9051426,1.977916,0.0000000,1.637261,1.0561123,0.000000,0.9721929,0.0000000
0.000000,2.0570319,1.847999,0.8533802,1.967265,0.0000000,0.000000,0.9625069,0.0000000
0.000000,1.8840802,0.000000,0.9234384,1.814896,1.8374174,0.000000,0.8978931,0.0000000
0.000000,2.0669589,1.881317,0.8992395,1.839006,0.9924278,0.000000,0.8768127,0.0000000
1.575598,1.9901088,1.546416,0.7930911,0.000000,0.0000000,0.000000,0.8940812,0.0000000
1.921471,1.7719354,0.000000,1.7589482,0.000000,0.0000000,0.000000,0.8576545,0.0000000
0.000000,1.9503392,1.871763,0.9223748,1.770844,0.7281309,0.000000,0.9751010,0.0000000
0.000000,1.9197614,1.457215,0.8782158,1.679185,0.0000000,0.000000,0.9089244,0.0000000
0.000000,1.9415707,0.000000,0.0000000,1.662159,0.0000000,0.000000,0.9215127,0.0000000
0.000000,2.0165914,1.850475,0.8900490,1.904047,0.0000000,0.000000,0.9146698,0.0000000
0.000000,1.9634929,1.795983,0.9696004,0.000000,1.9567169,0.000000,0.0000000,0.0000000
0.000000,1.8516753,1.576089,0.9143640,0.000000,0.8433121,0.000000,0.9336596,0.0000000
0.000000,0.8906856,1.602183,0.9866192,0.000000,0.9523865,0.000000,0.8129124,0.0000000
0.000000,1.8103096,0.000000,0.0000000,0.000000,0.0000000,0.000000,0.9927006,0.0000000
0.000000,1.9857513,1.819528,0.8979313,1.704855,0.8636516,0.000000,0.9070365,0.0000000
0.000000,1.9830422,1.897917,0.9980304,1.759928,0.0000000,0.000000,0.0000000,0.0000000
0.000000,2.0061872,1.969784,1.7985564,1.849395,1.8749719,0.000000,0.0000000,0.0000000
0.000000,1.9471584,0.000000,0.9990138,1.382455,1.9211752,0.000000,0.9441659,0.0000000
0.000000,1.9101347,1.788955,0.9229144,1.915350,0.7710911,0.000000,0.8653141,0.0000000
0.000000,1.8969623,1.986437,0.9349443,1.961727,0.8706808,0.000000,0.9263771,0.0000000
0.000000,2.0108804,1.941081,0.9102606,1.873009,1.1114694,0.000000,0.8636864,0.0000000
0.000000,1.9742541,1.557246,0.9420456,0.000000,0.8470250,0.000000,0.9141521,0.0000000
0.000000,1.9481489,1.830734,0.9135651,1.510761,0.7516842,0.000000,0.0000000,0.0000000
0.000000,2.0312300,1.726867,0.9299365,1.714496,0.9238381,0.000000,0.0000000,0.0000000
0.000000,2.0290979,1.906841,0.9306781,1.780912,0.9096026,0.000000,0.9820829,0.0000000
0.000000,2.0058386,0.000000,0.0000000,0.000000,0.0000000,0.000000,0.0000000,0.0000000
0.000000,2.0519144,1.559864,0.9158586,1.605065,0.7902906,0.000000,0.0000000,0.9668183
0.000000,2.0015457,0.000000,0.9102010,0.000000,0.7412030,0.000000,0.0000000,0.7961680
0.000000,1.9461462,1.465581,0.8860230,1.883885,1.1532052,0.000000,0.0000000,0.0000000
0.000000,1.9412432,1.135469,0.0000000,0.000000,0.8912508,0.000000,0.0000000,0.0000000
0.000000,2.0098218,1.247483,0.9679712,2.016794,0.9147814,0.000000,0.8887090,0.0000000
0.000000,1.9295234,0.000000,0.8899209,0.000000,0.0000000,0.000000,0.0000000,0.0000000
0.000000,1.8464017,0.000000,0.0000000,0.000000,0.9981149,0.000000,0.0000000,0.0000000
0.000000,1.8988219,0.000000,0.0000000,0.000000,0.0000000,0.000000,0.0000000,0.0000000
0.000000,1.9130806,0.000000,0.0000000,1.843181,1.0079255,0.000000,0.0000000,0.0000000
0.000000,1.8458612,0.000000,0.8043184,1.986683,0.9556934,0.000000,0.0000000,0.0000000
0.000000,2.0530872,0.000000,0.0000000,1.955693,0.0000000,0.000000,0.0000000,0.0000000
0.000000,1.9102370,1.821225,0.8988097,0.000000,0.0000000,0.000000,0.0000000,0.0000000
0.000000,1.9644352,1.965733,0.6303834,1.924423,0.0000000,0.000000,0.0000000,0.6866857
0.000000,1.7763479,1.864805,0.0000000,2.114896,0.0000000,0.000000,0.0000000,0.7205869
0.000000,2.0047441,1.176448,0.9277255,1.870791,0.0000000,0.000000,0.0000000,0.0000000
1.414386,2.0218829,1.498175,0.0000000,1.968390,1.0624730,0.000000,0.0000000,0.0000000
0.000000,1.9368107,0.000000,0.7643014,0.000000,0.0000000,0.000000,0.0000000,0.5599141
0.000000,1.8871178,0.000000,0.0000000,0.000000,0.0000000,0.000000,0.0000000,0.0000000
0.000000,1.8598273,0.000000,0.7209154,0.000000,0.0000000,0.000000,0.0000000,0.0000000
0.000000,1.9729672,0.000000,0.0000000,1.836271,0.0000000,0.000000,0.0000000,0.0000000
0.000000,1.9917289,1.454692,0.0000000,0.000000,0.0000000,0.000000,0.7154201,0.0000000
0.000000,2.0942393,0.000000,0.6724637,1.909815,0.0000000,0.000000,0.0000000,0.0000000
0.000000,2.0670916,0.000000,0.8742574,0.000000,0.0000000,0.000000,0.0000000,0.0000000
0.000000,2.0046409,0.000000,0.0000000,0.000000,1.1325820,0.000000,0.8097675,0.6144836
0.000000,2.0067046,1.775091,0.5987074,2.013422,0.0000000,0.000000,0.0000000,0.0000000
0.000000,2.0807090,1.922054,0.0000000,0.000000,0.0000000,0.000000,0.9023467,0.0000000
0.000000,1.5123639,0.000000,0.9700545,0.000000,0.9788581,0.000000,0.0000000,0.5993044
0.000000,1.7771158,2.019539,1.8686546,0.000000,2.2271745,0.000000,0.8686469,0.0000000
0.000000,1.8118773,2.019327,0.9458451,0.000000,0.9138570,0.000000,0.0000000,0.0000000
0.000000,0.0000000,1.937061,0.9698558,0.000000,2.1900065,0.000000,0.0000000,0.0000000
0.000000,0.0000000,1.955205,0.9582741,0.000000,1.8608259,0.000000,0.0000000,0.0000000
0.000000,1.9745484,1.818510,0.0000000,0.000000,0.0000000,0.000000,0.0000000,0.0000000
0.000000,2.0483385,1.972155,0.0000000,0.000000,1.9200596,0.000000,0.9593545,0.7702190
0.000000,1.8409322,2.040446,0.8385984,0.000000,0.0000000,0.000000,1.9272851,0.0000000
0.000000,0.9450040,1.979517,0.9070557,0.000000,1.0405381,0.000000,0.0000000,0.0000000
0.000000,1.8487203,2.027189,0.9342518,0.000000,0.0000000,0.000000,0.0000000,0.0000000
0.000000,1.8089703,2.017398,1.0017160,0.000000,0.9519792,0.000000,0.0000000,0.7371509
0.000000,1.8122646,1.999790,0.0000000,0.000000,0.0000000,0.000000,0.0000000,0.0000000
0.000000,1.9646803,1.837872,0.9253331,1.677076,0.0000000,0.000000,0.0000000,0.0000000
0.000000,1.6575796,2.039241,1.8745260,0.000000,0.9386834,0.000000,0.0000000,0.0000000
0.000000,1.8502517,0.000000,0.0000000,0.000000,1.0084590,0.000000,0.0000000,0.0000000
0.000000,1.6671510,2.055662,0.7685323,1.598274,0.9279878,0.000000,0.9013607,0.0000000
0.000000,0.8245074,1.916365,0.0000000,0.000000,1.0692916,0.000000,0.0000000,0.0000000
0.000000,0.8341603,2.030721,0.0000000,0.000000,0.9793760,0.000000,0.0000000,0.0000000
0.000000,1.9135440,2.042179,0.9656659,0.000000,0.8797401,0.000000,1.0074774,0.0000000
0.000000,1.9582146,1.936802,0.9283159,0.000000,1.0671855,0.000000,0.0000000,0.0000000
0.000000,0.0000000,1.906445,0.0000000,0.000000,0.9987962,0.000000,1.0301243,0.0000000
0.000000,1.6274536,2.099413,0.8963927,0.000000,0.9762787,0.000000,1.8799596,0.0000000
0.000000,1.9174123,2.036291,1.0004197,0.000000,1.8361373,0.000000,0.8443607,0.0000000
0.000000,1.8150156,0.000000,0.0000000,0.000000,0.0000000,0.000000,1.0585889,0.0000000
0.000000,1.8433649,1.579403,0.0000000,0.000000,0.0000000,0.000000,0.0000000,0.0000000
0.000000,2.0454542,2.053873,0.8979804,1.794062,0.0000000,0.000000,0.0000000,0.0000000
0.000000,1.8584195,1.981163,0.0000000,0.000000,1.0507875,0.000000,0.8671322,0.0000000
0.000000,1.7131174,1.908296,0.0000000,0.000000,0.8757167,0.000000,0.9992595,0.0000000
0.000000,1.8999981,1.896110,0.9513981,0.000000,1.0486386,0.000000,0.0000000,0.0000000
0.000000,1.8444414,0.000000,0.0000000,0.000000,2.1177597,0.000000,0.0000000,0.0000000
0.000000,1.9238350,1.751715,0.7982710,0.000000,0.0000000,0.000000,0.0000000,0.0000000
0.000000,1.9530290,2.091121,1.0133333,1.813795,0.0000000,0.000000,0.0000000,0.0000000
0.000000,0.0000000,1.916276,0.0000000,0.000000,0.9951817,0.000000,0.0000000,0.0000000
0.000000,1.8588857,1.909179,0.0000000,0.000000,0.0000000,0.000000,0.0000000,0.0000000
0.000000,1.9829123,2.071212,1.0157958,1.773583,0.9512364,0.000000,0.0000000,0.0000000
0.000000,0.0000000,2.051252,0.9841519,0.000000,0.0000000,0.000000,0.0000000,0.0000000
0.000000,0.9676233,0.000000,0.0000000,0.000000,0.0000000,0.000000,0.0000000,0.0000000
0.000000,1.7481563,2.089866,0.7046219,0.000000,1.0148003,0.000000,0.0000000,0.0000000
0.000000,1.8839286,1.917748,0.0000000,0.000000,0.9950065,0.000000,0.0000000,0.0000000
1.943056,0.0000000,2.007808,0.9745374,0.000000,2.3009173,0.000000,0.0000000,0.0000000
0.000000,2.0156477,2.098998,1.8687148,1.554234,0.9777124,0.000000,0.8774525,0.0000000
0.000000,0.0000000,1.953451,0.0000000,0.000000,0.0000000,0.000000,0.0000000,0.0000000
0.000000,0.0000000,0.000000,0.0000000,0.000000,0.0000000,0.000000,0.0000000,0.0000000
0.000000,0.8929963,0.000000,0.0000000,0.000000,0.0000000,0.000000,0.0000000,0.0000000
0.000000,0.0000000,1.832114,1.0057595,0.000000,0.0000000,0.000000,0.0000000,0.0000000
0.000000,1.9221303,2.023729,0.9272981,0.000000,0.0000000,0.000000,0.0000000,0.0000000
0.000000,1.7868629,0.000000,0.0000000,1.803912,0.9820814,0.000000,0.0000000,0.0000000
0.000000,1.8946846,0.000000,0.9158797,0.000000,0.0000000,0.000000,0.0000000,0.0000000
0.000000,1.8597858,2.045114,0.9092178,1.786494,1.0377890,0.000000,0.0000000,0.0000000
0.000000,1.8950516,2.039039,0.9744303,0.000000,1.0036115,0.000000,0.8982796,0.0000000
0.000000,2.0051098,1.995616,1.0011846,1.380671,1.0940135,0.000000,1.6909675,0.0000000
0.000000,1.9299186,2.059631,1.8804518,0.000000,0.0000000,0.000000,0.0000000,0.6401183
0.000000,1.7372184,2.018172,1.0134003,0.000000,0.9447873,0.000000,0.0000000,0.0000000
0.000000,0.0000000,2.116256,2.1423450,0.000000,1.0326617,1.852906,0.9081546,0.0000000
2.375958,0.0000000,2.032046,0.9949620,0.000000,1.8448147,0.000000,0.9851281,1.7762075
0.000000,0.0000000,2.069230,1.0650612,0.000000,0.9639060,0.000000,0.0000000,0.0000000
0.000000,1.9334291,0.000000,0.7916703,1.713106,0.0000000,0.000000,0.0000000,0.0000000
0.000000,1.8081247,0.000000,0.0000000,0.000000,0.0000000,0.000000,0.0000000,0.0000000
0.000000,1.8012577,1.774826,0.8051790,1.425713,0.0000000,0.000000,0.0000000,0.0000000
0.000000,1.9659599,0.000000,0.8453954,1.880336,0.0000000,0.000000,0.0000000,0.0000000
0.000000,0.8773655,1.981908,0.0000000,0.000000,0.0000000,0.000000,0.0000000,0.0000000
0.000000,1.9545822,0.000000,0.0000000,0.000000,0.0000000,0.000000,0.0000000,0.0000000
0.000000,1.6031820,0.000000,0.9276296,0.000000,0.0000000,0.000000,0.0000000,0.0000000
0.000000,1.7278492,1.881539,0.0000000,0.000000,0.0000000,0.000000,0.8797541,0.0000000
0.000000,0.7413162,0.000000,0.8719546,0.000000,0.0000000,0.000000,0.0000000,0.0000000
0.000000,1.6544013,1.892483,0.0000000,0.000000,0.0000000,0.000000,0.0000000,0.0000000
0.000000,1.8513615,1.976763,1.0036756,1.847164,0.9055633,0.000000,0.0000000,0.0000000
0.000000,1.9907758,1.974593,0.9868218,1.829099,0.9126950,0.000000,0.8664472,0.0000000
0.000000,1.9782858,1.985545,1.8377250,1.660774,0.8600210,0.000000,0.0000000,0.0000000
0.000000,1.9884003,1.955215,1.8302597,1.567347,0.9195513,0.000000,0.0000000,0.0000000
0.000000,1.9199698,1.897783,0.9720350,0.000000,0.9118587,0.000000,0.0000000,0.0000000
0.000000,1.7998203,0.000000,0.9059394,0.000000,0.8933113,0.000000,0.0000000,0.0000000
0.000000,1.8091897,1.829142,0.9604450,0.000000,0.9003502,0.000000,0.0000000,0.8252806
0.000000,1.8476731,1.950079,0.9365605,0.000000,0.0000000,0.000000,0.0000000,0.0000000
0.000000,1.9143225,1.975418,0.9075669,0.000000,0.9516460,0.000000,0.8700436,0.0000000
0.000000,1.9422539,1.995439,0.0000000,0.000000,0.0000000,0.000000,0.0000000,0.8724364
0.000000,1.8927543,1.795393,0.9194351,1.912221,0.8910168,0.000000,0.0000000,0.0000000
0.000000,1.9420110,1.923225,0.9454599,0.000000,0.8673481,0.000000,0.0000000,0.0000000
0.000000,2.0135234,1.942581,0.9813280,0.000000,2.0960195,0.000000,0.0000000,0.0000000
0.000000,2.0312556,1.855522,0.8957037,1.798811,0.0000000,0.000000,0.0000000,0.0000000
0.000000,1.8380958,0.000000,0.0000000,0.000000,1.9381629,0.000000,0.0000000,0.0000000
0.000000,2.0045805,2.024871,1.9972373,1.845867,1.0199634,0.000000,0.9660800,0.0000000
0.000000,2.0124391,2.085089,1.9705547,0.000000,0.8946604,0.000000,0.9630044,0.0000000
0.000000,2.0753019,1.861220,0.9442519,1.796429,1.8202259,0.000000,0.0000000,0.8550270
0.000000,1.9851710,1.956613,0.9849855,0.000000,1.0959589,0.000000,0.9494773,0.0000000
0.000000,1.9695314,1.793785,0.8960462,0.000000,1.0721069,0.000000,0.8501537,0.8672900
1.503772,2.0404637,1.831531,1.9433493,0.000000,2.2639499,0.000000,1.0156069,0.9758425
0.000000,2.0645128,1.853858,0.9578710,1.915818,0.9044277,0.000000,0.0000000,0.8830665
0.000000,2.0467953,1.979721,0.9197671,1.906218,0.0000000,0.000000,0.0000000,0.0000000
0.000000,1.9310631,1.872622,0.9650405,0.000000,1.0129002,0.000000,0.8020424,0.9722771
0.000000,2.0942928,2.019547,1.8322721,1.671101,1.9466996,0.000000,0.0000000,1.8444459
0.000000,1.9317352,1.963181,0.9568268,0.000000,0.0000000,0.000000,0.0000000,1.0346993
0.000000,1.9809059,1.886600,0.8672070,0.000000,1.9663546,0.000000,2.1721516,1.8215304
1.805806,2.0200369,1.904636,0.7742343,1.316358,2.0143749,0.000000,0.0000000,0.8328100
0.000000,2.1083447,2.016315,0.9575105,1.779096,0.9326870,0.000000,1.7705139,0.0000000
0.000000,1.9295932,1.953434,1.7232456,1.537845,2.0821211,0.000000,1.0131690,0.9275121
1.708662,2.0073107,1.892585,0.0000000,1.521129,0.8239733,0.000000,0.6985639,0.8807366
0.000000,1.9665335,1.959903,0.8107100,1.452490,1.0617818,0.000000,0.0000000,0.0000000
0.000000,2.0525223,1.955598,0.7732343,1.580320,1.0436342,0.000000,0.0000000,0.0000000
0.000000,2.0323425,1.972421,0.8421686,1.607121,0.8478004,0.000000,0.0000000,0.8293644
0.000000,1.8742965,1.918998,1.7192721,1.369079,1.8890423,0.000000,0.7649141,0.0000000
0.000000,2.0823837,1.973957,1.5780285,1.123527,0.9392747,0.000000,0.0000000,0.0000000
0.000000,1.9988298,2.013367,1.7986979,1.776759,2.1184307,1.991684,0.9679386,2.0771146
0.000000,2.0412164,1.912295,0.8841447,1.392718,1.9094731,0.000000,0.0000000,0.0000000
0.000000,2.0809876,1.951370,0.7986657,0.000000,1.9776473,0.000000,0.9455551,0.0000000
0.000000,2.0394907,1.971604,1.8476621,1.711356,1.9107871,0.000000,2.0632428,1.8323373
0.000000,2.0709519,1.838388,0.7971359,1.728414,0.9878832,0.000000,0.0000000,0.9014438
0.000000,2.0985155,1.938007,0.0000000,1.758367,2.1236049,0.000000,1.0379145,1.0311186
0.000000,2.0773931,1.953291,0.8491178,0.000000,0.0000000,0.000000,0.0000000,0.0000000
0.000000,2.0114549,2.048189,1.7929971,0.000000,0.9020693,0.000000,0.9211186,0.0000000
0.000000,2.0661060,1.827957,0.9705090,1.713412,1.7701541,0.000000,0.8050878,0.9610401
0.000000,0.8660010,1.885465,0.9679310,1.769001,2.0383835,0.000000,0.9009070,1.9357093
0.000000,1.7923989,2.015923,0.0000000,1.434574,1.0281580,0.000000,1.9496527,0.8411600
0.000000,2.0125407,1.748076,0.7976157,0.000000,1.0984514,0.000000,0.0000000,0.9821333
1.636424,2.0432769,1.900663,0.9377697,1.689191,2.0519867,0.000000,0.9179554,0.8459900
0.000000,1.9285993,1.924377,1.7143142,0.000000,0.0000000,0.000000,1.6982422,0.9378277
0.000000,1.9317954,1.883770,0.0000000,0.000000,0.9646861,0.000000,1.6177675,1.0588585
0.000000,2.0685732,1.901914,1.8895978,0.000000,0.0000000,0.000000,0.8317130,0.0000000
0.000000,1.9916027,1.702311,0.7151220,1.489299,0.9075097,0.000000,0.0000000,0.0000000
0.000000,1.9690005,1.981755,0.8786799,0.000000,0.0000000,0.000000,0.8160852,0.0000000
0.000000,1.9614199,1.844734,0.0000000,0.000000,0.0000000,0.000000,0.0000000,1.7818776
1.748500,2.0231108,1.952698,1.7779807,1.687032,2.0841243,0.000000,0.0000000,0.0000000
0.000000,1.9184899,1.978621,0.7267751,0.000000,0.9487338,0.000000,2.0337176,0.8101972
0.000000,2.1386907,1.947063,0.8588980,1.826280,0.8868807,0.000000,0.0000000,0.0000000
0.000000,1.9856131,1.977074,1.6290965,1.560939,0.9529370,0.000000,0.9337180,0.0000000
0.000000,2.1156333,1.936958,0.8849920,1.740550,0.8776260,0.000000,0.8228945,1.5207471
0.000000,1.8981727,2.048234,1.8761723,0.000000,0.9465740,0.000000,0.0000000,0.0000000
1.520456,1.9915460,1.912138,0.8257636,1.633885,0.8855515,0.000000,0.0000000,0.9219471
0.000000,2.0007512,1.956607,0.0000000,0.000000,0.9647709,0.000000,0.8799572,0.0000000
1.814609,2.0276426,1.993522,1.8423342,1.843554,0.0000000,0.000000,0.0000000,0.9559879
0.000000,2.1310401,1.893826,1.8008859,1.869633,0.0000000,0.000000,0.8513911,0.0000000
0.000000,2.0098666,2.041318,0.9179677,1.819408,0.8854088,0.000000,0.8249808,0.0000000
0.000000,1.9504453,1.945300,0.8711709,0.000000,1.0084452,0.000000,0.0000000,0.0000000
0.000000,1.6962122,1.848501,0.0000000,0.000000,0.9505833,0.000000,1.8345222,1.7894125
0.000000,2.0487853,1.969948,0.7412408,1.905227,0.9024235,0.000000,1.8073358,0.6701498
2.141056,1.9207624,1.844272,0.8179158,1.767095,0.0000000,0.000000,1.8995468,0.0000000
0.000000,1.9712455,2.006897,0.7479367,1.782142,0.9418705,0.000000,0.8072477,1.5490298
0.000000,1.9458511,2.002215,0.9173173,1.497063,0.8434255,0.000000,0.0000000,0.0000000
0.000000,2.0521711,1.972378,1.6517881,1.696007,0.9484251,0.000000,1.5872005,0.0000000
0.000000,2.0074579,1.875649,0.8944774,1.865776,1.7307008,0.000000,0.8418223,0.0000000
0.000000,2.0100147,1.821879,0.0000000,0.000000,0.0000000,0.000000,0.0000000,1.9000702
0.000000,1.9020526,1.916463,0.0000000,0.000000,0.9494031,0.000000,0.0000000,1.0252279
0.000000,2.0541077,1.785911,0.0000000,1.530235,0.9138701,0.000000,0.7745738,0.0000000
1.401096,1.8752501,2.011768,0.8831603,1.128375,1.9530745,0.000000,0.9131753,0.0000000
0.000000,2.0160952,2.002436,0.8856616,1.821625,0.8769586,0.000000,1.7679505,0.0000000
0.000000,2.0572786,2.025872,0.8385863,1.860709,0.9458370,0.000000,1.6687266,0.0000000
1.886353,1.9751335,1.780378,1.7530980,1.768118,1.9928692,0.000000,0.0000000,1.8238122
0.000000,2.0150553,1.865433,0.7453382,1.814542,0.9303442,0.000000,0.0000000,0.7296387
0.000000,2.0404865,1.954532,1.8267587,0.000000,0.0000000,0.000000,1.7276467,0.9311961
0.000000,2.0429577,1.919667,0.0000000,1.696349,0.9385325,0.000000,0.0000000,0.9248125
0.000000,1.8733162,2.070064,0.9585859,1.685439,1.0164627,0.000000,0.8847435,0.0000000
0.000000,1.9654783,2.031362,0.7453021,1.563214,0.9190409,0.000000,0.6921745,0.0000000
0.000000,1.9829660,1.911573,0.9321738,1.710619,0.7100135,0.000000,0.8626257,0.0000000
0.000000,1.8569785,1.951296,0.0000000,0.000000,0.9464294,0.000000,2.0546160,0.0000000
0.000000,2.1084029,1.980258,0.8257636,1.844365,0.8511144,0.000000,0.0000000,0.0000000
1.690282,2.0042987,2.006375,1.5513214,1.747666,0.9557236,0.000000,1.8435693,0.0000000
0.000000,0.6605139,0.000000,0.0000000,0.000000,0.9286845,0.000000,0.0000000,0.0000000
0.000000,1.9672518,1.886381,0.0000000,1.656794,0.9182417,0.000000,0.0000000,0.0000000
0.000000,1.8588005,1.885612,0.7663276,1.559569,0.0000000,0.000000,0.0000000,1.7282628
0.000000,1.7734173,0.000000,0.0000000,0.000000,0.0000000,0.000000,0.0000000,0.0000000
0.000000,1.8770203,2.041026,0.8638343,0.000000,1.0268439,0.000000,0.9293498,0.9147728
0.000000,1.8983148,1.873127,0.0000000,0.000000,0.0000000,0.000000,0.0000000,0.0000000
0.000000,2.0001029,1.924100,0.9305386,0.000000,1.9175679,0.000000,1.6975103,1.7349622
0.000000,1.9215226,0.000000,0.0000000,0.000000,0.0000000,0.000000,0.0000000,0.0000000
0.000000,1.9187831,1.907953,0.8556392,1.761902,1.6283529,0.000000,0.9574450,0.0000000
0.000000,1.9844251,1.843445,0.0000000,0.000000,0.9676696,0.000000,0.9372048,0.0000000
0.000000,1.9130589,0.000000,0.0000000,0.000000,0.0000000,0.000000,0.0000000,0.0000000
0.000000,1.8426375,1.923077,0.0000000,0.000000,1.0063741,0.000000,0.0000000,0.0000000
0.000000,1.8291349,1.884845,0.0000000,0.000000,2.1016606,0.000000,2.1556550,0.7865365
0.000000,0.0000000,1.953770,0.0000000,0.000000,1.8125749,0.000000,2.0606101,0.0000000
0.000000,2.0802413,1.699118,0.0000000,1.847977,1.1868980,0.000000,0.0000000,1.0960282
0.000000,2.0349982,1.897814,0.9650586,0.000000,0.9465820,0.000000,1.9109388,0.8417297
0.000000,1.8783450,1.758946,0.0000000,0.000000,2.1252500,0.000000,0.0000000,1.0440162
0.000000,1.9993389,1.897157,0.0000000,1.951482,1.8878796,0.000000,0.0000000,0.9827169
0.000000,1.8951714,0.000000,0.0000000,0.000000,0.0000000,0.000000,0.0000000,0.8990518
0.000000,1.9492318,1.992723,0.9813790,0.000000,0.8900124,0.000000,0.0000000,1.0554240
0.000000,1.9382034,1.987395,1.7932982,1.634264,0.0000000,0.000000,0.8613256,0.0000000
0.000000,1.7926054,1.762026,0.9292596,0.000000,0.8120116,0.000000,0.0000000,0.8160053
0.000000,2.0352332,1.703598,0.9631059,0.000000,0.0000000,0.000000,0.0000000,0.8795715
0.000000,1.9233056,0.000000,0.0000000,0.000000,1.7514673,0.000000,0.0000000,1.1704854
0.000000,2.0018236,1.783242,1.0767231,0.000000,0.9875319,0.000000,0.9571480,1.1069826
0.000000,1.8748225,0.000000,0.9554909,0.000000,1.6897808,0.000000,0.9700675,0.0000000
0.000000,1.9326311,2.031519,0.9949497,0.000000,0.0000000,0.000000,0.0000000,0.9936078
0.000000,0.9599358,2.089490,0.0000000,0.000000,0.9897502,0.000000,0.0000000,1.0512224
0.000000,2.0733373,1.983962,1.0203132,0.000000,0.9441076,0.000000,0.9305795,0.0000000
0.000000,1.8442748,1.986482,1.9400793,1.361200,0.0000000,0.000000,0.0000000,0.0000000
0.000000,2.0641563,1.974972,0.9215555,1.734779,0.7595203,0.000000,0.0000000,1.0791223
1.276689,2.1257191,1.992971,1.9062703,1.737733,2.1999273,0.000000,0.0000000,0.0000000
0.000000,1.9275372,1.892047,0.8924093,0.000000,1.0848685,0.000000,0.8127962,0.0000000
0.000000,2.0075809,1.825054,0.8794236,0.000000,1.0350301,0.000000,0.0000000,0.9262211
1.771788,1.9817710,1.995543,0.0000000,0.000000,2.0193482,0.000000,2.0052180,0.9353005
0.000000,2.0049919,1.986261,1.8738946,0.000000,1.0001165,0.000000,0.8190933,0.9724772
0.000000,1.9044351,1.966901,0.9394150,0.000000,0.9787194,0.000000,0.0000000,1.0159554
0.000000,2.0324450,1.617174,0.8135897,1.491613,1.9980460,0.000000,0.9205765,0.0000000
0.000000,1.9828107,1.902059,0.9166524,0.000000,1.9626808,0.000000,0.9728915,0.8301595
0.000000,2.0604945,0.000000,0.0000000,0.000000,1.0838863,0.000000,0.0000000,1.0749118
0.000000,1.9082215,2.038282,0.0000000,0.000000,0.0000000,0.000000,0.8846057,0.8200566
0.000000,1.9775678,2.059439,0.9597354,0.000000,2.2233989,0.000000,1.0730529,0.0000000
0.000000,1.9372184,2.027792,1.8125133,0.000000,1.0638852,0.000000,0.0000000,0.0000000
0.000000,1.7927588,1.910280,0.9479999,0.000000,1.0587231,0.000000,0.0000000,0.0000000
0.000000,1.8501678,1.792305,0.0000000,0.000000,1.1222395,0.000000,0.0000000,0.0000000
0.000000,2.0468346,2.014318,0.9689394,1.829811,0.9391880,0.000000,0.0000000,1.8090778
0.000000,2.0299751,1.832778,1.8845656,0.000000,2.0146973,0.000000,0.7857610,0.0000000
0.000000,1.9760957,1.936405,0.9120151,0.000000,1.0342599,0.000000,0.0000000,1.0607924
0.000000,1.9050561,1.891425,0.7552834,0.000000,0.0000000,0.000000,0.0000000,0.0000000
0.000000,2.0385821,1.931475,0.9035765,1.749584,2.0444433,0.000000,1.0414637,1.0838364
0.000000,2.0184256,1.831040,0.9607744,0.000000,1.9842242,0.000000,0.7584015,0.0000000
0.000000,2.0224862,1.796375,0.0000000,1.546997,0.9654009,0.000000,0.9188875,0.8943628
0.000000,2.1494435,1.987076,0.9436002,1.862998,2.1116289,0.000000,0.0000000,0.0000000
0.000000,1.9963061,1.965391,0.9358218,0.000000,1.0095484,0.000000,0.0000000,0.8928442
0.000000,1.9575670,1.930614,1.0105561,1.708367,2.1775346,0.000000,0.7200211,0.9579653
0.000000,2.0949030,2.000614,0.9734579,0.000000,0.9143078,0.000000,0.0000000,0.0000000
0.000000,2.0617647,2.034498,0.9004503,1.872303,0.9638058,0.000000,1.9436352,0.0000000
0.000000,2.0469779,1.962042,0.9200022,1.724738,1.6388878,0.000000,0.0000000,0.0000000
0.000000,2.0156686,1.851795,0.7809310,0.000000,0.0000000,0.000000,0.0000000,0.0000000
0.000000,2.0229215,1.915332,0.9483028,1.783671,0.9426985,0.000000,0.0000000,0.0000000
0.000000,2.0195322,2.031440,0.9944068,0.000000,1.0003994,0.000000,0.0000000,0.0000000
0.000000,1.9366075,1.876119,0.9695200,0.000000,0.0000000,0.000000,0.0000000,0.0000000
0.000000,1.9442902,0.000000,0.9444069,0.000000,0.9698911,0.000000,0.9091388,0.9312703
1.916967,2.0042282,1.705419,1.6440531,1.769906,0.9669275,0.000000,0.8628725,0.0000000
0.000000,1.8684646,1.982609,0.8389232,0.000000,0.0000000,0.000000,0.0000000,1.1334442
0.000000,1.9592074,1.904135,0.9254838,1.396538,0.9907528,0.000000,0.0000000,0.0000000
1.805399,2.0369907,0.000000,0.9463945,0.000000,0.0000000,0.000000,0.0000000,0.9867128
1.826920,2.0407922,1.865242,1.9047222,0.000000,0.9710699,0.000000,0.0000000,1.0271227
1.824512,2.1164224,2.019495,0.9827985,2.002358,2.0076958,0.000000,0.0000000,0.8996135
0.000000,1.9389768,2.018159,0.9665797,1.688452,0.9786662,0.000000,0.0000000,0.0000000
0.000000,1.8941324,1.815761,1.9227784,0.000000,0.9340356,0.000000,0.0000000,0.0000000
0.000000,1.8966768,1.775293,0.9160273,0.000000,0.7939698,0.000000,1.9637739,0.0000000
0.000000,2.0529225,2.029454,1.8928570,1.473907,0.8302666,0.000000,0.0000000,0.0000000
0.000000,1.9416492,1.956753,0.9871139,0.000000,0.0000000,0.000000,0.8206774,0.0000000
0.000000,1.9513403,1.905578,0.0000000,1.411996,0.8780221,0.000000,0.0000000,0.0000000
0.000000,0.0000000,2.072535,0.0000000,0.000000,0.0000000,0.000000,0.0000000,0.0000000
0.000000,1.8600879,1.368536,1.9379915,1.492973,0.9728915,0.000000,0.0000000,0.0000000
0.000000,1.8377928,1.972612,1.9490005,0.000000,0.9497556,0.000000,0.0000000,0.9814485
0.000000,0.0000000,2.075227,0.0000000,1.891852,0.0000000,0.000000,0.0000000,0.0000000
0.000000,1.9415865,2.032283,0.9969337,0.000000,1.9583991,0.000000,0.0000000,0.0000000
0.000000,0.0000000,1.922971,0.9393045,0.000000,0.9597964,0.000000,0.8347953,0.0000000
1.692024,1.9303218,1.886471,0.9973973,0.000000,0.0000000,0.000000,0.0000000,0.0000000
0.000000,1.6506704,1.905913,1.0459215,0.000000,1.1101306,0.000000,0.0000000,0.0000000
0.000000,1.9068828,1.921943,0.0000000,1.796092,1.6752241,0.000000,0.9361202,0.0000000
0.000000,0.0000000,2.061653,0.9781227,0.000000,0.9918355,0.000000,0.0000000,0.0000000
0.000000,1.8917277,2.013955,0.9790574,0.000000,0.9684543,0.000000,0.0000000,0.0000000
0.000000,1.7771807,2.025029,1.8977499,0.000000,0.9434966,0.000000,0.0000000,0.0000000
0.000000,1.9741154,1.907134,0.9687542,0.000000,0.9348964,0.000000,0.0000000,0.0000000
0.000000,1.8419313,2.007539,1.9840781,0.000000,0.9435162,0.000000,0.0000000,0.0000000
0.000000,1.7885847,0.000000,0.0000000,1.771401,0.9936962,0.000000,0.0000000,0.0000000
0.000000,2.0517469,1.714515,0.9894150,1.784618,0.9681320,0.000000,0.0000000,0.0000000
0.000000,1.6956715,2.020821,0.8766300,0.000000,0.9826109,0.000000,0.0000000,0.0000000
1.751166,1.7724273,2.063033,1.9617685,0.000000,1.0496815,0.000000,0.0000000,0.0000000
0.000000,1.8021753,1.957261,1.9136492,0.000000,1.0314790,0.000000,0.0000000,0.8717594
0.000000,2.0248630,0.000000,0.8973562,0.000000,1.8907880,0.000000,0.0000000,0.0000000
0.000000,1.8617636,1.432618,0.9141694,0.000000,1.0352201,0.000000,0.0000000,0.0000000
0.000000,1.8641969,0.000000,1.0158123,0.000000,0.9560295,0.000000,0.0000000,0.0000000
0.000000,0.0000000,0.000000,0.9629089,0.000000,1.0129605,0.000000,0.0000000,0.0000000
0.000000,1.9141287,2.094108,1.0259511,0.000000,0.9440715,0.000000,0.0000000,0.0000000
0.000000,1.8419355,2.053422,1.0066023,0.000000,2.1479903,0.000000,0.0000000,0.0000000
0.000000,2.0621081,1.953374,0.9771985,0.000000,0.8688097,0.000000,0.0000000,0.0000000
0.000000,1.9075192,2.034908,0.9884394,0.000000,0.0000000,0.000000,0.0000000,0.0000000
0.000000,1.9556574,1.952839,0.9863347,0.000000,0.0000000,0.000000,0.8688829,0.0000000
0.000000,2.0566313,1.960867,0.9503893,1.648986,1.7731838,0.000000,0.0000000,0.0000000
0.000000,1.6703026,1.833772,0.9867992,0.000000,0.8718454,0.000000,0.0000000,0.9164516
0.000000,1.9687433,1.872834,0.9548135,0.000000,0.9669938,0.000000,0.9618516,0.0000000
0.000000,1.8866238,1.932955,0.9140308,0.000000,0.8618536,0.000000,0.0000000,0.0000000
0.000000,2.0197044,1.723225,0.8441813,0.000000,0.0000000,0.000000,0.0000000,0.0000000
0.000000,2.0363854,1.802388,0.9530533,0.000000,0.0000000,0.000000,0.0000000,0.0000000
0.000000,1.9273797,1.990391,0.9992618,1.611230,2.1803987,0.000000,0.0000000,1.0603600
0.000000,0.9015579,1.973071,0.9677504,0.000000,1.0478677,0.000000,2.0978866,0.0000000
0.000000,1.9030503,1.839941,0.9246158,0.000000,0.0000000,0.000000,1.8665753,0.0000000
0.000000,1.8066471,2.018942,0.9510369,0.000000,0.0000000,0.000000,0.9497709,0.0000000
0.000000,1.9733891,1.875625,0.9812877,1.623519,0.8228651,0.000000,0.0000000,0.0000000
0.000000,2.0015601,1.983593,0.0000000,0.000000,1.0056252,1.966428,2.2475540,1.6502639
0.000000,1.9485059,1.898909,0.9409738,0.000000,0.9959213,0.000000,0.8402682,0.0000000
0.000000,1.9313725,1.668499,0.0000000,0.000000,0.0000000,0.000000,0.0000000,0.0000000
0.000000,2.0291384,1.860477,0.8675137,0.000000,0.0000000,0.000000,0.0000000,0.0000000
0.000000,2.0206833,1.846528,0.9551355,1.853649,0.0000000,0.000000,0.0000000,0.9720026
0.000000,1.9846021,1.900955,0.9524183,0.000000,0.0000000,0.000000,0.0000000,0.0000000
0.000000,1.9844323,1.504911,0.0000000,1.821480,0.0000000,0.000000,0.0000000,0.0000000
0.000000,1.9821945,1.737847,0.0000000,0.000000,0.0000000,0.000000,1.0967997,0.0000000
0.000000,0.9013711,1.963584,0.9626343,0.000000,1.0648661,0.000000,0.0000000,0.0000000
0.000000,1.7568253,0.000000,0.8584142,0.000000,2.1461015,0.000000,0.0000000,0.0000000
0.000000,1.8551700,1.953910,0.9929734,0.000000,0.9810116,0.000000,0.9614620,0.9710297
0.000000,1.9229025,1.995413,0.9958677,1.879674,0.9327694,0.000000,0.0000000,0.9419423
0.000000,1.9513777,1.951644,0.9912808,0.000000,0.9073905,0.000000,0.0000000,0.0000000
0.000000,0.0000000,0.000000,0.0000000,0.000000,0.0000000,0.000000,0.0000000,0.0000000
0.000000,2.0162178,0.000000,0.8808127,1.757942,1.9541490,0.000000,0.0000000,1.0031594
0.000000,1.7701757,1.942420,0.8265810,0.000000,1.8965951,0.000000,0.0000000,0.0000000
0.000000,1.7063961,0.000000,1.6069595,1.454517,0.0000000,0.000000,0.8421110,0.0000000
1.763412,1.9726008,1.985018,0.8515239,1.646813,0.0000000,0.000000,0.9022184,0.0000000
0.000000,2.0653731,1.884532,0.8266931,0.000000,0.8127297,0.000000,0.0000000,0.0000000
0.000000,2.0753281,1.938819,0.9712139,1.701653,0.9010690,0.000000,0.0000000,0.0000000
0.000000,1.9419422,1.945083,0.7535842,0.000000,0.9134427,0.000000,0.8593510,0.0000000
0.000000,1.8735850,1.853152,0.7487055,1.797112,0.0000000,0.000000,0.0000000,0.0000000
0.000000,1.8541969,1.945535,0.9109033,1.479514,1.8457355,0.000000,0.0000000,0.0000000
0.000000,1.8374873,1.794316,0.0000000,0.000000,0.0000000,0.000000,0.0000000,0.8263985
0.000000,2.0493626,1.926782,0.8665310,1.804939,0.0000000,0.000000,1.9992700,0.6921116
0.000000,2.1091807,1.993585,0.9929517,1.806679,1.0891347,0.000000,0.0000000,0.0000000
0.000000,1.8038718,1.646580,0.9191658,0.000000,1.0237058,0.000000,0.0000000,0.0000000
0.000000,1.8864485,2.037554,0.9915352,0.000000,0.7233210,0.000000,0.0000000,0.9859887
0.000000,1.9113714,2.002258,0.9275335,0.000000,0.8695702,0.000000,1.8194683,0.0000000
0.000000,1.8606347,1.941375,0.7302776,0.000000,0.0000000,0.000000,0.0000000,1.0086822
0.000000,1.9644573,2.000555,0.9268931,0.000000,1.8410749,0.000000,1.9113114,0.0000000
0.000000,0.0000000,1.688721,0.0000000,0.000000,0.0000000,0.000000,2.1339558,0.0000000
0.000000,1.9105736,1.964572,0.0000000,1.857236,0.0000000,0.000000,0.0000000,0.0000000
0.000000,1.9278296,1.929485,0.8915019,0.000000,1.9524344,0.000000,0.0000000,0.9832425
0.000000,1.9034983,1.994109,0.9805668,0.000000,0.0000000,0.000000,0.0000000,0.0000000
0.000000,2.0780400,1.997286,0.0000000,0.000000,0.8077614,0.000000,0.9303954,1.0172831
0.000000,1.9377855,1.892031,0.9332618,0.000000,0.8549001,0.000000,0.7687832,0.0000000
0.000000,2.0461681,1.834544,0.9718946,0.000000,0.9937921,0.000000,1.8859181,0.6987406
0.000000,1.9562676,1.857327,1.7307567,0.000000,0.9092504,0.000000,1.0679140,0.9355285
0.000000,2.0477373,1.903953,1.5494928,1.750988,2.1270913,0.000000,0.0000000,0.0000000
0.000000,1.8682340,2.003167,0.0000000,1.684130,0.0000000,0.000000,0.0000000,0.0000000
0.000000,1.8692245,2.006038,0.9350972,1.757758,0.0000000,0.000000,0.0000000,0.0000000
1.402133,1.9445938,2.023215,1.7747434,0.000000,0.0000000,1.702023,1.0767686,1.6174648
0.000000,0.9602050,0.000000,0.0000000,0.000000,2.0209642,0.000000,1.1810377,0.0000000
0.000000,2.0553012,1.973994,0.8988097,0.000000,0.0000000,0.000000,0.0000000,0.0000000
0.000000,2.0363594,1.881241,0.9307529,1.757815,0.8503302,0.000000,0.7133138,0.0000000
0.000000,0.0000000,0.000000,0.0000000,0.000000,0.0000000,0.000000,0.0000000,0.0000000
0.000000,1.9050097,1.883511,0.0000000,0.000000,0.0000000,0.000000,0.0000000,0.0000000
0.000000,1.9266945,1.942755,1.7984661,0.000000,0.9722717,0.000000,0.0000000,0.0000000
0.000000,1.9892842,0.000000,0.8497995,0.000000,0.9534877,0.000000,0.8455279,0.8688422
0.000000,1.9829264,1.925294,0.0000000,1.784807,0.7670118,0.000000,0.0000000,1.0315265
0.000000,2.0052642,1.799472,0.0000000,1.808147,0.9282102,0.000000,0.0000000,0.0000000
0.000000,2.0319220,1.713546,0.8744913,0.000000,0.7922882,0.000000,0.8361000,0.0000000
0.000000,2.0301489,2.003390,0.0000000,1.751241,0.0000000,0.000000,0.0000000,0.0000000
0.000000,1.7442362,2.006027,0.0000000,0.000000,0.0000000,0.000000,0.0000000,0.0000000
0.000000,1.8899228,1.607751,0.7568559,0.000000,1.1373866,0.000000,0.0000000,0.0000000
0.000000,1.6264122,0.000000,0.9928314,0.000000,0.0000000,0.000000,0.0000000,0.0000000
0.000000,0.0000000,1.904288,0.9380442,0.000000,0.9066229,0.000000,0.0000000,0.0000000
0.000000,1.9369904,1.946860,0.9460881,0.000000,1.9080113,0.000000,0.0000000,0.0000000
0.000000,2.0278964,0.000000,0.8641118,1.644403,0.8406449,0.000000,0.0000000,0.0000000
0.000000,2.0121942,1.722165,0.0000000,1.777257,0.9413919,0.000000,1.8184872,0.0000000
1.711954,1.9799229,2.008654,0.9220166,1.492115,0.9581132,0.000000,0.9583076,0.9128673
0.000000,2.0195875,1.824867,0.9197631,1.776059,0.0000000,0.000000,0.0000000,0.0000000
0.000000,0.0000000,0.000000,0.0000000,0.000000,1.1915299,0.000000,1.0016872,0.0000000
0.000000,0.0000000,0.000000,0.8918057,0.000000,0.0000000,0.000000,0.0000000,0.0000000
0.000000,0.0000000,0.000000,0.9162125,0.000000,0.9326606,0.000000,0.0000000,0.0000000
0.000000,1.9671163,1.932641,0.9531211,1.824351,0.8433802,0.000000,0.8696185,0.0000000
0.000000,1.8370321,2.055812,0.9153498,0.000000,2.0251738,0.000000,0.0000000,0.0000000
0.000000,0.0000000,0.000000,0.0000000,0.000000,0.0000000,0.000000,2.0065382,0.0000000
0.000000,0.0000000,1.926670,0.0000000,0.000000,0.0000000,0.000000,0.0000000,0.0000000
0.000000,0.0000000,0.000000,0.9445698,0.000000,0.0000000,0.000000,0.0000000,0.0000000
0.000000,1.7677323,1.829546,0.9851819,0.000000,1.9910853,0.000000,0.8809509,0.8434822
0.000000,1.9894573,1.820924,0.9457314,1.806790,0.9551542,0.000000,0.0000000,0.0000000
0.000000,2.0442409,1.942446,0.0000000,0.000000,0.9524721,0.000000,0.0000000,0.0000000
0.000000,1.9661934,1.986039,0.9506888,0.000000,0.9895801,0.000000,0.0000000,0.0000000
0.000000,2.0115855,1.994947,2.0591913,0.000000,0.8955685,0.000000,0.0000000,0.8545770
0.000000,0.8915914,1.899384,0.9444677,0.000000,0.0000000,0.000000,0.0000000,0.0000000
0.000000,1.8914433,0.000000,1.8269461,0.000000,2.1094481,0.000000,0.0000000,0.0000000
1.926456,0.0000000,2.056072,1.8899703,0.000000,2.1656432,0.000000,0.0000000,0.7778982
0.000000,0.0000000,1.957232,1.9089780,0.000000,1.0104267,0.000000,0.0000000,0.0000000
2.069662,0.0000000,1.751033,1.9658068,0.000000,1.0201901,0.000000,0.0000000,0.0000000
0.000000,0.0000000,1.996768,0.9869419,0.000000,1.0635362,0.000000,0.0000000,0.0000000
0.000000,1.7403815,2.005805,0.9974816,0.000000,0.0000000,0.000000,0.0000000,0.0000000
0.000000,0.0000000,2.035435,0.8759461,0.000000,0.0000000,0.000000,0.0000000,0.0000000
0.000000,0.0000000,0.000000,0.9518658,0.000000,0.9370196,0.000000,0.0000000,0.0000000
0.000000,0.0000000,1.975850,0.9900902,0.000000,0.9228114,0.000000,0.0000000,0.0000000
0.000000,2.0630702,1.829340,0.9916216,1.885187,0.9213296,0.000000,0.8165626,0.0000000
0.000000,1.9222534,1.684843,1.8996780,1.847119,0.8983339,0.000000,0.0000000,0.0000000
0.000000,1.9371227,1.956863,1.8787060,0.000000,0.9157317,0.000000,0.8482278,0.0000000
0.000000,1.9980126,1.924201,1.0241456,1.832786,0.9111343,0.000000,0.0000000,0.0000000
0.000000,2.0187063,1.785007,0.9713212,1.570280,0.9739634,0.000000,0.0000000,0.0000000
0.000000,2.0128516,1.969425,1.0168026,1.910589,0.9501062,0.000000,0.8957656,0.0000000
0.000000,1.9374025,1.982795,0.9968559,1.908396,0.8722347,0.000000,0.0000000,0.0000000
0.000000,1.9221532,1.782346,0.9707919,1.894160,0.7811247,0.000000,0.0000000,0.0000000
0.000000,1.9500680,1.989644,0.9802999,1.835689,0.9255755,0.000000,0.8656711,0.0000000
0.000000,2.0107687,0.000000,1.8280880,1.802649,0.8261593,0.000000,0.0000000,0.0000000
0.000000,1.9903679,1.658756,0.9835193,1.811224,0.9119794,0.000000,0.0000000,0.0000000
0.000000,1.9579868,1.778123,0.9919344,1.983786,0.8808127,0.000000,0.0000000,0.0000000
0.000000,2.0649468,1.936428,0.9198748,0.000000,0.8851486,0.000000,0.9082018,0.0000000
0.000000,2.0681292,1.902543,0.9861076,0.000000,0.0000000,0.000000,0.9007656,0.0000000
0.000000,1.9139015,1.593186,0.9185877,1.906624,1.0902447,0.000000,0.9882463,0.0000000
0.000000,2.0185008,1.777257,0.9342808,1.922588,0.0000000,0.000000,0.9542860,0.0000000
0.000000,2.0126531,1.966103,0.9221748,1.927636,0.0000000,0.000000,0.8913047,0.0000000
0.000000,1.9712196,1.884817,0.9619508,1.917065,0.8200110,0.000000,0.9427411,0.0000000
0.000000,1.9877450,1.923136,0.9555514,1.988017,0.0000000,0.000000,0.9246381,0.0000000
0.000000,0.9739477,1.923918,0.8979259,0.000000,0.8950080,0.000000,0.0000000,0.0000000
0.000000,1.9789518,1.856131,0.9592315,1.685828,0.8325892,0.000000,0.9464053,0.0000000
0.000000,2.0499082,1.811557,0.9166816,2.018213,0.0000000,0.000000,0.9412528,0.0000000
0.000000,1.9677326,1.864925,0.9491773,1.928684,0.8715324,0.000000,0.9526989,0.0000000
0.000000,2.0505778,1.651867,0.9498523,2.008366,0.7917344,0.000000,0.9692651,0.0000000
0.000000,1.9749764,1.778198,0.9698539,1.908885,0.0000000,0.000000,0.9054849,0.0000000
0.000000,2.0387770,1.937224,0.9785433,1.987241,1.8839979,0.000000,0.9186445,0.0000000
0.000000,1.9941523,1.963909,0.9658168,1.925938,0.7985475,0.000000,1.0038655,0.0000000
0.000000,2.0381219,1.995458,0.9007865,1.897736,0.0000000,0.000000,0.9107943,0.0000000
0.000000,2.0893406,2.016549,0.9475061,0.000000,0.8891604,0.000000,0.9835431,0.0000000
0.000000,2.0579083,1.888836,0.9656261,0.000000,0.8720091,0.000000,0.0000000,0.0000000
0.000000,2.0108031,2.007835,0.9785271,1.660935,0.8293644,0.000000,1.0928831,0.0000000
0.000000,2.0770016,2.011345,0.9544568,1.784878,0.8306274,0.000000,1.0607141,0.0000000
0.000000,2.1073368,1.974955,0.9506738,1.827270,1.9218653,0.000000,0.9819927,0.0000000
0.000000,2.0561234,1.986200,0.9830141,1.434963,0.8792684,0.000000,0.9517918,0.0000000
0.000000,2.0424095,1.966365,0.9525136,1.790186,0.8751364,0.000000,0.9860303,0.0000000
0.000000,2.0668673,1.952712,0.7696420,1.654475,0.0000000,0.000000,1.0552517,0.0000000
0.000000,2.0797826,1.858012,1.8447823,1.889547,0.9018631,0.000000,1.0521176,0.0000000
0.000000,2.1056181,2.049030,1.8082973,1.739655,0.8589629,0.000000,0.0000000,0.0000000
0.000000,2.0809115,2.030984,1.7675803,1.746995,1.7460747,0.000000,0.9835387,0.0000000
0.000000,2.0468352,0.000000,0.8841183,1.754470,0.8573334,0.000000,1.0163690,0.0000000
0.000000,2.0612747,2.029555,0.9716258,1.766815,0.9201095,0.000000,1.0786423,0.0000000
0.000000,2.0183488,2.063530,0.9437875,1.847759,0.8341475,0.000000,0.9798246,0.0000000
0.000000,1.9894316,2.014358,0.9712757,1.725181,0.8484937,0.000000,1.0316287,0.0000000
0.000000,1.9975008,1.894001,1.7938808,1.954490,0.9263336,0.000000,0.0000000,0.0000000
0.000000,1.9734930,1.834005,0.9499057,1.815124,0.8160053,0.000000,0.8216073,0.0000000
0.000000,1.8734515,1.984144,1.9375604,1.766307,0.9599619,0.000000,0.9067627,0.0000000
0.000000,1.9768048,1.848209,1.8314234,0.000000,0.0000000,0.000000,0.8436971,0.0000000
0.000000,1.9411416,1.897711,0.9702581,0.000000,0.9409010,0.000000,0.8489279,0.0000000
0.000000,1.9993026,1.677726,1.7768303,1.839853,0.8847304,0.000000,0.0000000,0.0000000
0.000000,2.0182897,1.510761,1.8451517,1.879181,0.8621740,0.000000,0.0000000,0.0000000
0.000000,2.0156264,1.933367,1.8953789,1.834254,0.8694655,0.000000,0.8974551,0.0000000
0.000000,2.0301714,1.812161,1.0250233,1.985957,0.8636168,0.000000,0.8328619,0.0000000
0.000000,1.9888278,1.617104,1.8484709,1.907532,0.8964038,0.000000,0.0000000,0.0000000
0.000000,2.0159511,1.860257,0.9952925,0.000000,0.0000000,0.000000,0.0000000,0.0000000
0.000000,2.0129974,1.893964,1.0014880,1.841720,1.7975891,0.000000,0.0000000,0.0000000
0.000000,1.9594471,1.871076,0.8696587,1.728915,0.0000000,0.000000,0.8674227,0.0000000
0.000000,1.8301059,1.946045,0.9589382,1.928114,0.8716969,0.000000,1.0061522,0.0000000
0.000000,2.0396085,1.929320,0.9360261,1.903223,0.0000000,0.000000,0.9137308,0.0000000
0.000000,1.9993424,1.944045,0.8923445,1.929703,0.0000000,0.000000,0.9033241,0.0000000
0.000000,1.9524104,1.916289,0.9203355,1.861458,0.0000000,0.000000,0.8975923,0.0000000
0.000000,2.0232746,1.927992,0.8872804,0.000000,0.0000000,0.000000,0.9794940,0.0000000
0.000000,2.0182068,2.002046,0.8914422,0.000000,0.0000000,0.000000,0.0000000,0.0000000
0.000000,1.9868482,1.974056,0.9189400,1.683413,0.0000000,0.000000,0.0000000,0.0000000
0.000000,2.0192697,1.968578,0.8932589,1.723457,0.7944885,0.000000,0.0000000,0.0000000
0.000000,2.0091521,2.008086,0.9443626,1.805806,0.9459613,0.000000,1.0370806,0.0000000
0.000000,1.8392314,1.937448,1.8118790,1.979670,1.9328094,0.000000,0.8562081,0.0000000
0.000000,1.9670754,1.875246,1.9079078,1.637570,1.9075450,0.000000,0.8003421,0.0000000
0.000000,1.8062328,1.807254,0.9527500,1.941209,1.9173789,0.000000,0.9173876,0.0000000
0.000000,1.8732407,0.000000,0.9820875,1.940542,1.7737553,0.000000,0.9085640,0.0000000
0.000000,1.8849372,1.895712,0.0000000,0.000000,2.1648346,0.000000,0.8888453,0.0000000
0.000000,1.8843202,1.984905,0.0000000,0.000000,1.1043464,0.000000,1.0962327,1.2051273
0.000000,1.9486254,1.964102,0.9530751,1.588023,1.9104078,0.000000,0.9333075,0.0000000
0.000000,1.9817310,1.623317,0.9921291,0.000000,0.0000000,0.000000,0.0000000,0.0000000
0.000000,1.9935517,1.882291,0.9256780,1.750884,0.7491222,0.000000,0.8950818,0.0000000
0.000000,0.9259957,1.862109,0.0000000,1.925585,0.0000000,0.000000,0.0000000,0.0000000
0.000000,1.8303384,1.786028,0.0000000,0.000000,0.0000000,0.000000,0.0000000,1.1619627
0.000000,0.0000000,1.916963,0.8805287,0.000000,0.0000000,0.000000,0.0000000,1.1812426
0.000000,1.9345105,1.985072,0.0000000,0.000000,0.0000000,0.000000,0.9315828,1.1550746
0.000000,0.9961933,1.839446,0.0000000,0.000000,0.0000000,0.000000,0.0000000,1.2069437
0.000000,1.9219155,1.925710,0.0000000,0.000000,0.9124913,0.000000,0.0000000,1.1816479
0.000000,0.8273346,2.064023,0.0000000,0.000000,0.0000000,0.000000,0.0000000,1.1600391
0.000000,0.8949739,0.000000,0.0000000,0.000000,0.0000000,0.000000,0.0000000,1.1382488
0.000000,2.0005364,1.765002,0.0000000,0.000000,0.0000000,0.000000,0.0000000,1.1028048
0.000000,2.0185603,1.982958,0.0000000,0.000000,0.9050817,0.000000,0.0000000,0.0000000
0.000000,1.8879261,1.778592,0.8821489,0.000000,0.0000000,0.000000,0.0000000,0.0000000
0.000000,1.8940891,2.036134,0.0000000,0.000000,0.9665934,0.000000,1.0972537,0.0000000
0.000000,1.9034904,1.891197,0.8639992,0.000000,0.0000000,0.000000,1.9116416,0.0000000
0.000000,1.9629394,1.830921,0.8803132,0.000000,0.0000000,0.000000,1.1295073,0.0000000
0.000000,1.9143240,1.920345,0.0000000,0.000000,0.0000000,0.000000,1.1325709,0.0000000
0.000000,2.0093368,1.868349,0.9426815,0.000000,0.8745139,0.000000,0.0000000,0.0000000
0.000000,2.0382644,1.816507,0.0000000,0.000000,0.0000000,0.000000,1.1423198,0.0000000
0.000000,1.9152437,2.082722,0.0000000,1.723957,0.0000000,0.000000,0.0000000,1.1395051
0.000000,1.8717106,2.040567,0.0000000,0.000000,1.1070746,0.000000,1.8118828,0.9423515
0.000000,1.9853230,1.869371,0.0000000,0.000000,0.0000000,0.000000,0.9346374,1.1148395
0.000000,1.8584887,1.794624,0.8290523,0.000000,1.0007203,0.000000,0.8224382,1.1037686
0.000000,2.0753232,1.998111,0.0000000,0.000000,1.8753729,0.000000,0.9196353,1.1662539
0.000000,1.9838472,1.893820,0.0000000,0.000000,1.7501003,0.000000,0.9008442,0.0000000
0.000000,1.8800818,1.865427,0.9139092,0.000000,0.8921555,0.000000,0.0000000,0.0000000
0.000000,2.0544778,1.931598,0.0000000,1.598548,0.0000000,0.000000,0.0000000,0.0000000
0.000000,1.5774666,1.824725,0.0000000,0.000000,0.0000000,0.000000,0.0000000,1.0935253
0.000000,0.8999112,1.977017,0.0000000,1.808865,0.0000000,0.000000,1.0563719,1.0981230
0.000000,1.8344719,2.005057,0.0000000,0.000000,1.0335795,0.000000,1.0212440,1.1326744
0.000000,2.0206709,1.932932,0.0000000,0.000000,1.0068742,0.000000,2.0088572,1.1203667
0.000000,0.0000000,0.000000,0.0000000,0.000000,0.0000000,0.000000,0.0000000,1.1738990
0.000000,2.0466905,1.680300,0.0000000,0.000000,0.9593765,0.000000,0.9799387,1.1374465
0.000000,1.8934407,1.862924,0.0000000,0.000000,1.0270885,0.000000,0.9654428,1.1217256
0.000000,1.9785809,1.987279,0.0000000,1.818649,0.0000000,0.000000,1.0214697,0.0000000
0.000000,2.0516655,1.781057,0.0000000,0.000000,0.9750617,0.000000,0.9192946,1.0975072
0.000000,0.0000000,0.000000,0.0000000,0.000000,0.0000000,0.000000,1.0716635,1.0276812
0.000000,1.9681673,1.956210,0.0000000,0.000000,0.0000000,0.000000,0.0000000,1.1618764
0.000000,2.0479729,2.018934,0.0000000,0.000000,1.1654722,0.000000,1.0193401,0.0000000
0.000000,1.8983624,1.904925,0.0000000,0.000000,0.9762132,0.000000,2.0062930,1.1099713
0.000000,1.8472491,2.108510,0.0000000,0.000000,0.8877723,0.000000,1.9985320,1.1267826
0.000000,0.8758352,2.010817,0.0000000,0.000000,2.1375442,0.000000,1.9512867,1.1164239
0.000000,1.8065425,0.000000,0.0000000,0.000000,0.0000000,0.000000,0.9890956,1.0256042
0.000000,1.8720702,1.838718,0.0000000,0.000000,0.0000000,0.000000,1.0492273,1.1311778
0.000000,1.7650243,1.906174,0.0000000,0.000000,0.0000000,0.000000,0.0000000,1.1848775
0.000000,0.0000000,0.000000,0.0000000,0.000000,1.0093245,0.000000,0.0000000,1.0617651
0.000000,0.0000000,0.000000,0.0000000,0.000000,1.0003101,0.000000,1.0256613,1.1288837
0.000000,0.0000000,0.000000,0.0000000,0.000000,1.0713389,0.000000,0.0000000,1.1155989
0.000000,0.0000000,0.000000,0.0000000,0.000000,0.0000000,0.000000,0.0000000,1.1730205
0.000000,1.8396112,1.900622,0.0000000,0.000000,0.0000000,0.000000,1.1078292,1.1996419
0.000000,0.0000000,0.000000,0.0000000,0.000000,1.0076375,0.000000,0.0000000,0.0000000
0.000000,0.0000000,0.000000,0.9277255,0.000000,0.9527573,0.000000,0.0000000,0.0000000
0.000000,1.7758079,1.662318,0.0000000,1.814705,0.8866895,0.000000,0.8649297,0.0000000
0.000000,1.6865378,1.508483,0.0000000,0.000000,0.0000000,0.000000,0.8469925,1.0705822
0.000000,0.0000000,0.000000,0.0000000,0.000000,0.0000000,0.000000,1.0620987,1.1492977
0.000000,0.9616698,0.000000,0.0000000,0.000000,0.0000000,0.000000,1.0173212,1.1384124
0.000000,0.0000000,0.000000,0.0000000,0.000000,0.0000000,0.000000,1.0317734,1.1155819
0.000000,1.7518100,0.000000,0.0000000,0.000000,0.0000000,0.000000,1.0184059,1.0838978
0.000000,0.0000000,1.702229,0.0000000,1.910374,1.1115429,0.000000,0.0000000,1.0655809
0.000000,0.0000000,1.796646,0.0000000,0.000000,0.0000000,0.000000,0.0000000,0.0000000
0.000000,0.0000000,0.000000,0.0000000,0.000000,0.0000000,0.000000,1.0844504,1.1607003
0.000000,1.7270277,2.011304,0.0000000,0.000000,0.9947552,0.000000,0.9207183,1.1297796
0.000000,0.0000000,0.000000,0.0000000,0.000000,0.0000000,0.000000,0.0000000,0.0000000
0.000000,1.9333939,1.971837,0.0000000,0.000000,0.0000000,0.000000,0.9317938,1.1135462
0.000000,1.8901222,0.000000,0.0000000,0.000000,0.0000000,0.000000,1.0112244,1.1090465
0.000000,0.0000000,0.000000,0.0000000,0.000000,0.0000000,0.000000,1.1552887,1.1572218
0.000000,1.6974979,2.024677,0.0000000,0.000000,0.9491388,0.000000,2.0472790,1.0813755
0.000000,1.8256820,1.805215,0.0000000,0.000000,0.0000000,0.000000,1.0914947,0.0000000
0.000000,1.9854283,0.000000,0.0000000,0.000000,0.8829726,0.000000,1.8690852,1.1131825
0.000000,1.9095696,1.813718,0.0000000,0.000000,0.9697776,0.000000,0.9896125,0.0000000
0.000000,1.7955869,0.000000,0.0000000,0.000000,0.9949917,0.000000,0.0000000,0.0000000
0.000000,1.7183126,0.000000,0.0000000,0.000000,0.9429223,0.000000,0.0000000,1.1165612
0.000000,0.0000000,0.000000,0.0000000,0.000000,2.0828747,0.000000,1.8918726,1.0790821
0.000000,2.0206598,1.851261,0.9825412,1.675329,0.9175321,0.000000,0.0000000,0.0000000
0.000000,2.0231122,1.966674,0.9899359,0.000000,0.9530340,0.000000,0.0000000,0.0000000
0.000000,1.9290741,1.840441,0.9798532,0.000000,0.8905950,0.000000,0.0000000,0.0000000
0.000000,1.7857920,1.559028,1.0183577,1.716080,0.8849333,0.000000,0.7168970,0.0000000
0.000000,2.0084110,1.952745,2.0498700,0.000000,0.8574469,0.000000,0.0000000,0.0000000
0.000000,1.9730463,1.751374,1.0399850,0.000000,0.0000000,0.000000,0.0000000,0.0000000
0.000000,1.9550539,1.612529,0.8491494,0.000000,0.0000000,0.000000,0.0000000,0.0000000
0.000000,1.9919559,1.967916,0.0000000,0.000000,0.9827516,0.000000,0.0000000,1.1154106
0.000000,1.6437221,0.000000,0.0000000,0.000000,0.8760642,0.000000,0.0000000,0.0000000
0.000000,0.0000000,0.000000,0.0000000,0.000000,0.0000000,0.000000,0.9705587,1.1362322
0.000000,0.8093701,1.972000,0.0000000,0.000000,0.0000000,0.000000,0.0000000,1.1760199
0.000000,1.9314103,0.000000,0.0000000,0.000000,0.0000000,0.000000,0.0000000,1.1299091
0.000000,1.7869831,1.951306,0.9044377,1.600993,0.0000000,0.000000,1.0018043,1.1116933
0.000000,1.9339840,1.923310,1.8588500,1.590624,1.8634515,0.000000,0.0000000,0.0000000
0.000000,1.9774817,1.629175,1.0253038,1.973131,0.9580886,0.000000,0.0000000,0.0000000
0.000000,1.7861270,1.750765,0.9787920,1.893581,0.0000000,0.000000,0.0000000,0.0000000
0.000000,1.7911819,0.000000,0.9738413,1.784062,0.0000000,0.000000,0.0000000,0.0000000
0.000000,1.8528398,1.921815,0.9457910,0.000000,0.0000000,0.000000,0.0000000,0.0000000
0.000000,2.0152653,0.000000,0.0000000,0.000000,1.0632093,0.000000,0.9389121,0.0000000
0.000000,0.8972296,1.893495,0.0000000,0.000000,0.9574879,0.000000,0.0000000,1.2074009
0.000000,0.9717071,1.874212,0.0000000,0.000000,0.0000000,0.000000,0.0000000,1.1804708
0.000000,1.5617476,1.733230,0.0000000,0.000000,2.0941311,0.000000,0.9647870,1.0360663
0.000000,1.8932854,1.717480,0.0000000,0.000000,0.9846772,0.000000,1.5854931,1.1011655
0.000000,0.0000000,1.639351,0.0000000,0.000000,0.8280123,0.000000,0.0000000,0.0000000
0.000000,1.6459761,1.886943,0.0000000,0.000000,1.8854768,0.000000,0.8901767,1.0791661
0.000000,2.0645753,1.997239,0.0000000,0.000000,1.0517442,0.000000,0.9004714,1.1173937
0.000000,0.0000000,1.991752,1.0245925,2.022458,0.0000000,0.000000,0.9574743,0.0000000
0.000000,1.9775120,0.000000,0.0000000,0.000000,0.8551343,0.000000,0.9819360,1.1081826
0.000000,1.8994341,1.920709,0.0000000,0.000000,0.0000000,0.000000,1.1358806,0.0000000
0.000000,1.8361983,1.822972,0.9697925,1.945854,0.7846540,0.000000,0.7630037,0.0000000
0.000000,1.9574735,1.860374,0.9493595,1.902214,1.8734507,0.000000,0.9088356,0.0000000
0.000000,1.8525216,1.958726,0.0000000,1.828969,1.0570737,0.000000,1.0387008,1.1346361
0.000000,1.9489461,1.806081,0.0000000,0.000000,1.0587665,0.000000,1.0246998,1.1418319
0.000000,1.9948450,1.948303,0.9435750,1.577201,0.0000000,0.000000,0.0000000,1.1381033
0.000000,2.0206262,1.926975,0.0000000,1.765932,0.9660622,0.000000,0.0000000,1.1489640
0.000000,1.8889173,1.873965,0.0000000,0.000000,0.0000000,0.000000,1.9193390,1.1754699
0.000000,2.0332011,2.011676,0.0000000,0.000000,1.7716040,0.000000,0.9132324,1.1396823
0.000000,1.8362156,1.948625,0.0000000,0.000000,2.1994423,0.000000,1.0559070,1.1460912
0.000000,1.9760693,1.764067,0.0000000,0.000000,0.9358973,0.000000,1.0094177,1.1526951
0.000000,1.8911515,0.000000,0.0000000,0.000000,0.0000000,0.000000,0.0000000,1.1371210
0.000000,1.9058632,1.938410,0.9677619,0.000000,0.9965688,0.000000,0.0000000,1.0439186
0.000000,1.9647776,1.952171,0.9069502,1.787053,0.9533697,0.000000,0.9849344,1.1000424
0.000000,1.9097957,1.946384,0.0000000,0.000000,1.0159034,0.000000,0.0000000,1.1566820
0.000000,1.8836606,1.875729,0.0000000,0.000000,0.9527694,0.000000,0.9580908,1.1848622
0.000000,1.8027742,1.993695,0.0000000,0.000000,0.9734912,0.000000,1.0012959,1.1742420
0.000000,2.0658219,1.937307,0.0000000,0.000000,0.0000000,0.000000,0.9109668,1.1526211
0.000000,1.8650273,1.619914,0.0000000,0.000000,0.0000000,0.000000,0.8785232,1.1295871
0.000000,0.0000000,1.778333,0.8933404,0.000000,0.0000000,0.000000,0.9900084,0.0000000
0.000000,1.8065431,1.942103,0.0000000,0.000000,0.8412999,0.000000,0.9680919,1.1447464
0.000000,1.9535177,1.798853,0.0000000,0.000000,2.0883564,0.000000,1.0085220,1.0948850
0.000000,1.9462328,1.760640,0.0000000,0.000000,0.8367814,0.000000,0.0000000,0.0000000
0.000000,1.9234263,1.909453,0.0000000,2.014501,0.0000000,0.000000,0.8251951,0.0000000
0.000000,2.0328875,1.989287,0.0000000,1.784465,0.9885894,0.000000,1.0605459,1.1483591
0.000000,1.9652673,1.913017,0.9690620,1.897312,1.7924151,0.000000,0.0000000,0.0000000
0.000000,1.9701942,1.921265,1.0002943,0.000000,0.9960161,0.000000,0.9804508,0.0000000
0.000000,0.8955120,1.874052,0.0000000,0.000000,1.0994781,0.000000,2.0123325,1.1842803
0.000000,1.9470702,0.000000,0.0000000,0.000000,0.0000000,0.000000,0.0000000,1.1311810
0.000000,1.9317648,1.925356,0.9347143,1.870949,1.0113398,0.000000,0.8371997,0.0000000
0.000000,1.9118781,1.884640,0.9968079,0.000000,1.9212318,0.000000,0.0000000,0.0000000
0.000000,0.9411629,0.000000,0.9336400,0.000000,0.0000000,0.000000,0.0000000,0.0000000
0.000000,0.0000000,2.010218,0.0000000,0.000000,0.9552854,0.000000,0.0000000,1.1619422
0.000000,2.0094603,2.039538,0.0000000,1.680158,0.9807591,0.000000,0.0000000,1.1425902
0.000000,2.0379255,1.994842,0.0000000,1.709428,0.9890274,0.000000,1.0401594,1.1186672
0.000000,2.0497772,2.001513,0.0000000,0.000000,0.0000000,0.000000,0.9620624,1.1656110
0.000000,1.9587162,0.000000,0.0000000,1.759030,0.0000000,0.000000,0.0000000,1.1889227
0.000000,1.9472674,1.879615,1.8291928,1.806941,0.9277078,0.000000,0.0000000,0.0000000
0.000000,0.0000000,0.000000,0.0000000,0.000000,1.0133559,0.000000,0.0000000,1.1760231
0.000000,1.9311153,1.630631,0.0000000,0.000000,0.7979341,0.000000,0.0000000,1.0687966
0.000000,2.0180382,2.003151,0.0000000,1.737098,0.0000000,0.000000,0.0000000,2.2031773
0.000000,1.8626672,1.711220,0.0000000,0.000000,1.7990082,0.000000,1.0247868,1.1598175
0.000000,1.9661849,0.000000,0.0000000,0.000000,0.0000000,0.000000,1.1112442,1.1345921
0.000000,2.0294208,1.966452,0.0000000,0.000000,0.0000000,0.000000,0.0000000,1.2129384
0.000000,1.9948976,1.869063,0.0000000,1.634767,0.0000000,0.000000,1.8418675,1.1706081
0.000000,2.0871291,1.972823,1.8057458,1.769945,0.9395133,0.000000,0.7790449,0.0000000
0.000000,1.9344002,2.009993,1.9115530,1.895123,0.9797183,0.000000,0.0000000,0.0000000
0.000000,1.9172196,1.781202,0.0000000,0.000000,0.9219393,0.000000,0.0000000,1.1425813
0.000000,1.9442090,1.906778,0.0000000,0.000000,0.9082112,0.000000,0.9859285,0.0000000
0.000000,1.9887716,1.938718,0.0000000,0.000000,0.8821693,0.000000,0.0000000,1.1080406
0.000000,1.7086520,1.965316,0.0000000,0.000000,0.9747717,0.000000,0.0000000,1.1577318
0.000000,1.9760673,1.847646,0.0000000,0.000000,0.8948828,0.000000,0.0000000,1.1668143
0.000000,2.0349622,1.877638,0.0000000,0.000000,0.0000000,0.000000,0.8368308,1.0863458
0.000000,2.0437828,1.934058,0.8908183,1.930462,0.0000000,0.000000,0.8661613,0.0000000
0.000000,2.0473527,1.950660,0.9052196,1.853980,0.0000000,0.000000,0.0000000,0.0000000
0.000000,1.9956584,1.855926,0.0000000,0.000000,1.7936260,0.000000,1.6886184,0.0000000
0.000000,1.9750235,1.931610,0.0000000,0.000000,0.9458316,0.000000,0.0000000,0.9766603
0.000000,1.9707658,1.966976,0.0000000,0.000000,1.9236759,0.000000,0.8882671,1.1070823
0.000000,2.0415942,2.015043,0.9006291,1.429046,0.8409965,0.000000,0.9241832,0.0000000
0.000000,1.9446805,1.981176,0.0000000,0.000000,2.0861046,0.000000,0.0000000,1.1799465
0.000000,0.8897255,1.861512,0.0000000,0.000000,1.0435608,0.000000,0.0000000,1.1620026
0.000000,2.0351884,1.951184,0.0000000,0.000000,2.1472034,0.000000,0.0000000,1.1460844
0.000000,1.9472598,2.001629,0.0000000,0.000000,0.9602981,0.000000,0.0000000,1.1118516
0.000000,2.0223064,0.000000,0.0000000,0.000000,0.0000000,0.000000,0.0000000,1.1328543
0.000000,1.9333995,1.990331,0.0000000,0.000000,0.0000000,0.000000,0.0000000,1.1290141
0.000000,1.9020372,2.023159,0.7437724,0.000000,0.8214581,0.000000,0.0000000,1.1235448
0.000000,0.0000000,0.000000,0.9913924,0.000000,0.8511657,0.000000,1.0589416,1.1639976
0.000000,1.9577367,1.986896,0.0000000,1.523795,0.0000000,0.000000,0.0000000,0.0000000
0.000000,2.0381512,1.968437,0.0000000,1.592296,0.0000000,0.000000,0.0000000,1.1136981
0.000000,1.9430646,1.823825,0.0000000,0.000000,0.0000000,0.000000,0.0000000,0.0000000
0.000000,1.8519533,1.877836,0.8856422,0.000000,0.9840321,0.000000,0.0000000,0.0000000
0.000000,1.9504819,1.862068,0.8381268,0.000000,0.7888219,0.000000,0.8453512,0.0000000
0.000000,2.0240620,1.826631,0.8865618,1.784476,0.8858683,0.000000,0.9629608,0.0000000
0.000000,1.7569493,1.746307,0.0000000,0.000000,0.9858452,0.000000,0.0000000,1.1044513
0.000000,1.9368645,1.836704,0.0000000,0.000000,1.0480395,0.000000,0.0000000,1.0536321
0.000000,0.0000000,2.029876,0.0000000,0.000000,1.1106589,0.000000,1.0643890,0.0000000
0.000000,1.9506358,0.000000,0.0000000,0.000000,1.0516397,0.000000,1.8185430,1.0621772
0.000000,1.9004448,2.067023,0.0000000,0.000000,0.9942405,0.000000,0.0000000,0.0000000
0.000000,1.9792587,1.764569,0.0000000,0.000000,0.9152944,0.000000,0.8531806,1.1327024
0.000000,2.0761405,2.029835,0.0000000,0.000000,0.0000000,0.000000,0.0000000,1.1252081
0.000000,2.0086370,1.777604,0.0000000,0.000000,0.0000000,0.000000,0.0000000,1.1366246
0.000000,2.0150548,1.910477,0.0000000,0.000000,0.0000000,0.000000,0.8337512,1.1689944
0.000000,2.0159080,1.841641,1.7480185,0.000000,0.0000000,0.000000,0.9624651,0.0000000
0.000000,2.0687449,1.921699,0.7811488,0.000000,1.9621286,0.000000,0.9855224,0.0000000
0.000000,2.0152345,1.967140,0.9021053,0.000000,0.8723821,0.000000,0.9173132,0.0000000
0.000000,1.8746796,1.907972,0.8455279,1.350050,0.0000000,0.000000,0.0000000,0.0000000
0.000000,2.0361723,1.923441,0.8991698,1.871581,0.0000000,0.000000,0.0000000,0.0000000
0.000000,1.9724170,1.830495,0.0000000,0.000000,0.8778927,0.000000,0.8994267,1.1288215
0.000000,2.0770699,1.863501,0.0000000,0.000000,0.9422601,0.000000,0.8632587,1.1287383
0.000000,2.0782149,1.979974,0.0000000,0.000000,0.9812475,0.000000,0.7908538,1.1383471
0.000000,1.7516517,1.634232,0.8094221,0.000000,0.7690334,0.000000,0.8134910,1.0273803
0.000000,1.9851663,1.925951,0.0000000,0.000000,0.0000000,0.000000,0.8422032,1.0833234
0.000000,1.9810180,1.937784,0.0000000,0.000000,0.9375461,0.000000,0.0000000,1.0888641
0.000000,2.0430675,1.886330,0.0000000,0.000000,0.0000000,0.000000,0.0000000,1.1634082
0.000000,1.9399587,1.989768,0.8950080,0.000000,0.8851812,0.000000,1.6639123,1.1527141
0.000000,1.9560271,1.942958,0.0000000,0.000000,0.9842036,0.000000,0.8948087,1.1497181
0.000000,1.9499509,1.934864,0.0000000,0.000000,1.0074704,0.000000,1.8529061,1.1223674
0.000000,0.0000000,1.617034,0.0000000,0.000000,0.0000000,0.000000,0.0000000,1.0883907
0.000000,1.8694904,1.913301,0.0000000,0.000000,0.0000000,0.000000,1.0287058,1.1339292
0.000000,1.8707842,0.000000,0.0000000,0.000000,0.0000000,0.000000,0.0000000,1.0700515
0.000000,1.9165545,0.000000,0.0000000,0.000000,0.0000000,0.000000,0.0000000,1.0607071
0.000000,2.0038754,1.966608,0.0000000,0.000000,0.0000000,0.000000,0.8185841,1.1134810
0.000000,1.8286421,1.875025,0.0000000,1.486588,0.9389512,0.000000,0.0000000,1.1006635
0.000000,2.0246025,1.752128,0.0000000,1.720608,0.8270005,0.000000,0.8051243,1.0851674
0.000000,1.9627406,0.000000,0.0000000,0.000000,0.0000000,0.000000,0.9147213,1.1410217
0.000000,1.8654373,1.955811,0.0000000,0.000000,0.8539463,0.000000,1.0086145,1.1181217
0.000000,1.8937903,1.973505,0.0000000,0.000000,1.7812349,0.000000,0.8976142,0.0000000
0.000000,0.0000000,1.605028,1.0596942,1.904861,0.0000000,0.000000,0.9870449,0.0000000
0.000000,2.0168785,1.948854,0.9797548,0.000000,0.9652570,0.000000,1.0137677,0.0000000
0.000000,1.9011903,1.872759,1.0070359,0.000000,0.9024389,0.000000,0.0000000,0.0000000
0.000000,0.9043829,1.641747,0.0000000,0.000000,0.0000000,0.000000,0.0000000,1.0979214
0.000000,2.1031329,1.925294,1.0067445,0.000000,0.9319407,0.000000,1.0591196,0.0000000
0.000000,2.0228929,1.941646,0.9388310,0.000000,1.8190803,0.000000,1.0378285,0.0000000
0.000000,2.0627274,1.636268,0.0000000,1.890183,0.0000000,0.000000,0.0000000,0.0000000
0.000000,1.9146351,0.000000,0.9430748,1.527546,0.9936255,0.000000,0.9424199,0.0000000
0.000000,1.9519444,1.990018,0.9504196,1.570833,0.0000000,0.000000,0.0000000,0.0000000
0.000000,2.0764730,1.836606,1.0063292,0.000000,0.9629878,0.000000,0.8968650,0.0000000
0.000000,1.8738882,1.820841,0.9353385,0.000000,0.9096858,0.000000,0.9540074,0.0000000
0.000000,0.0000000,1.842722,0.0000000,0.000000,0.0000000,0.000000,0.8413930,0.0000000
0.000000,1.8892165,1.905490,0.9776352,0.000000,0.0000000,0.000000,0.0000000,0.0000000
0.000000,1.5894370,1.663110,0.0000000,1.772059,0.0000000,0.000000,0.9185755,0.0000000
0.000000,1.8782688,1.883379,1.0019012,1.753231,0.9893594,0.000000,0.9420284,0.0000000
0.000000,1.9438791,1.810360,0.0000000,0.000000,0.0000000,0.000000,0.0000000,0.0000000
0.000000,1.0256020,1.851092,0.0000000,1.966835,1.8973169,0.000000,0.9103887,0.0000000
0.000000,1.9728306,1.803416,1.0204127,1.528192,0.9949954,0.000000,0.9123226,0.0000000
0.000000,2.0032735,1.852848,1.9470557,1.554335,0.0000000,0.000000,0.9741791,0.0000000
0.000000,1.8809472,1.913311,0.8756722,1.810291,0.0000000,0.000000,0.0000000,0.0000000
0.000000,1.9505115,1.758777,0.9214465,0.000000,0.9824151,0.000000,0.9721122,0.0000000
0.000000,2.0113475,1.954288,1.9151097,1.552810,0.8355381,0.000000,0.9498879,0.0000000
0.000000,1.9903320,1.877403,1.0116178,1.396064,0.9119034,0.000000,0.0000000,0.0000000
0.000000,1.8755668,2.005898,0.0000000,0.000000,0.0000000,0.000000,0.9620645,0.0000000
0.000000,1.8748490,1.927939,1.8850757,1.711993,0.9255021,0.000000,0.9381719,0.0000000
0.000000,2.0251186,1.867059,1.9079616,1.386723,0.8499352,0.000000,0.7872601,0.0000000
0.000000,1.7978729,1.986599,1.8950352,1.851510,0.0000000,0.000000,0.9550698,0.0000000
0.000000,2.0702301,2.017655,0.9287894,1.753596,0.9796278,0.000000,1.0999673,0.0000000
0.000000,1.9213491,1.804714,0.7994106,0.000000,0.7962694,0.000000,0.0000000,0.0000000
0.000000,1.9158533,1.904278,1.0670955,1.723725,0.8399726,0.000000,0.0000000,0.0000000
0.000000,1.9867286,1.775028,0.9890929,1.795174,0.9021310,0.000000,0.0000000,0.0000000
0.000000,1.9518743,1.969892,1.0536587,1.571201,0.8880734,0.000000,0.9073858,0.0000000
0.000000,1.9636246,1.818547,0.9406995,0.000000,0.7959650,0.000000,0.0000000,0.0000000
0.000000,2.1383034,1.934624,1.0113820,1.986848,0.0000000,0.000000,1.0932519,0.0000000
0.000000,2.1486657,1.988926,0.9342132,2.075155,0.9736122,0.000000,1.8283907,0.0000000
0.000000,2.0423574,1.896892,0.9912019,0.000000,0.0000000,0.000000,0.9968714,0.0000000
0.000000,2.0437087,1.771517,0.8857780,1.699139,0.7730754,0.000000,0.9032735,0.0000000
0.000000,2.1429210,1.970637,0.9403359,2.083284,0.0000000,0.000000,1.0164592,0.0000000
0.000000,2.0702179,1.828053,0.9250936,0.000000,0.9435862,0.000000,0.9036218,0.0000000
0.000000,2.0612482,1.781865,0.9401297,1.802451,0.0000000,0.000000,0.9317035,0.0000000
0.000000,2.1345266,1.912994,0.9369609,0.000000,0.0000000,0.000000,1.0264909,0.0000000
0.000000,2.0406382,1.954357,0.9457531,1.929392,0.0000000,0.000000,1.0068995,0.0000000
0.000000,2.1495611,1.988689,0.9926235,1.855401,0.8090926,0.000000,0.9090456,0.0000000
0.000000,2.1045748,1.949647,0.8792755,2.035980,0.8346053,0.000000,0.0000000,0.0000000
0.000000,2.0246508,1.949921,0.9790382,0.000000,0.8683038,0.000000,1.0464921,0.0000000
0.000000,2.1522543,1.898878,0.0000000,2.053970,0.9043430,0.000000,0.0000000,0.0000000
0.000000,2.0076986,2.034832,0.9771786,1.649532,0.7365177,0.000000,0.0000000,0.0000000
0.000000,1.9461248,1.963482,0.8952180,1.872434,0.0000000,0.000000,0.9701471,0.0000000
0.000000,2.0069955,1.932908,0.9205449,0.000000,0.8918294,0.000000,0.9319540,0.0000000
0.000000,1.7780255,1.616859,1.0353947,0.000000,0.0000000,0.000000,0.0000000,0.0000000
0.000000,1.9595303,1.986110,0.9941266,0.000000,0.0000000,0.000000,0.9904764,0.0000000
0.000000,2.0545281,1.805368,0.9883015,0.000000,0.8491073,0.000000,0.0000000,0.0000000
0.000000,1.6511983,1.925047,0.0000000,0.000000,1.1477176,0.000000,0.0000000,0.0000000
0.000000,1.9633455,0.000000,0.0000000,0.000000,0.0000000,0.000000,0.0000000,0.0000000
0.000000,1.9479112,0.000000,0.8910829,0.000000,0.0000000,0.000000,0.0000000,0.0000000
0.000000,1.9296495,1.991553,0.7949218,0.000000,0.9493160,0.000000,0.8879794,0.0000000
0.000000,1.8568678,1.917642,0.8758870,0.000000,0.0000000,0.000000,0.0000000,0.0000000
0.000000,1.8701733,1.936703,0.9532709,0.000000,1.7549585,0.000000,0.0000000,0.0000000
0.000000,1.7244572,1.942092,1.0181754,0.000000,0.8630921,0.000000,0.8829860,0.0000000
0.000000,1.7902347,0.000000,0.0000000,0.000000,1.0725777,0.000000,0.0000000,0.0000000
0.000000,0.0000000,2.008025,0.9454518,0.000000,0.9078992,0.000000,1.1313755,0.0000000
0.000000,2.1356806,1.974053,0.9765802,2.042163,0.8416369,0.000000,1.8425091,0.0000000
0.000000,1.9522853,2.050806,0.9522175,1.833463,0.9570684,0.000000,0.8835610,0.0000000
0.000000,1.9771401,1.598000,0.9331505,1.472160,0.9561519,0.000000,0.9589316,0.0000000
0.000000,2.1399386,1.866524,0.9298781,1.637447,2.1088200,0.000000,1.0255976,0.0000000
0.000000,1.8405417,1.949358,0.9429392,1.691320,0.9448038,0.000000,1.0065240,0.0000000
0.000000,1.9589987,1.862594,1.0430125,0.000000,0.9939344,0.000000,0.8856680,0.0000000
0.000000,1.9117822,1.751419,0.9817688,1.745167,0.0000000,0.000000,0.0000000,0.0000000
0.000000,2.1344653,1.997141,0.9292735,1.991132,1.0033166,0.000000,0.0000000,0.0000000
0.000000,1.9817970,1.870493,0.9977183,0.000000,2.1424620,0.000000,0.9174248,0.0000000
0.000000,2.0434794,2.003639,0.9627468,1.982690,2.1435385,0.000000,1.9211754,0.0000000
0.000000,1.9902374,1.975083,0.9729889,1.609957,2.1017434,0.000000,0.8561601,0.0000000
0.000000,1.9796201,1.981588,0.9918772,1.577378,0.9761594,0.000000,0.9262211,0.0000000
0.000000,2.0914154,1.935007,0.9464642,1.748817,0.9351099,0.000000,0.8522860,0.0000000
0.000000,2.1140557,1.970889,0.9598008,1.933609,0.0000000,0.000000,0.9044576,0.0000000
0.000000,1.9462154,1.942063,0.9920176,1.438904,0.8289979,0.000000,0.9329996,0.0000000
0.000000,1.9564336,2.011095,0.9665189,1.664265,0.8949852,0.000000,1.5864257,0.0000000
0.000000,2.0355478,1.912534,1.0052955,0.000000,0.9723289,0.000000,0.9819222,0.0000000
0.000000,2.0330753,1.999427,0.9811979,1.887670,0.8701715,0.000000,1.0785752,0.0000000
0.000000,1.9939596,2.001663,1.0205561,1.793896,0.9331898,0.000000,0.0000000,0.0000000
0.000000,1.9341572,2.010757,0.9918485,0.000000,2.1841232,0.000000,1.0205441,0.0000000
0.000000,1.9969257,1.955899,1.0258432,0.000000,1.0269656,0.000000,0.0000000,0.0000000
0.000000,1.9456710,2.076368,0.9777845,1.620154,0.9241495,0.000000,1.0057780,0.0000000
0.000000,1.9303840,1.799769,0.0000000,1.905042,2.0908419,0.000000,1.5993517,0.0000000
1.886257,2.0012527,1.593307,1.0111435,0.000000,0.9463704,0.000000,0.0000000,0.0000000
0.000000,2.0090441,1.986602,0.9525087,1.838219,1.8972177,0.000000,0.9546106,0.0000000
0.000000,1.8959452,2.011931,0.9735193,1.765891,1.0056696,0.000000,1.8009977,0.0000000
0.000000,1.9509398,1.951265,1.0158392,1.490532,0.0000000,0.000000,0.0000000,0.0000000
0.000000,2.0608217,1.917646,0.9670366,2.025925,0.8902861,0.000000,0.0000000,0.0000000
0.000000,2.0344935,1.945126,1.0598352,0.000000,0.8742800,0.000000,0.0000000,0.0000000
0.000000,1.7370255,2.000342,0.9308987,1.834635,0.8283696,0.000000,0.8787084,0.0000000
0.000000,2.0126108,1.751300,0.0000000,0.000000,0.0000000,0.000000,0.9281891,0.0000000
0.000000,1.8940837,1.965989,0.9047307,0.000000,1.6774365,0.000000,0.9318105,0.0000000
0.000000,1.8280859,1.840790,0.8357384,0.000000,0.8497786,0.000000,0.9863903,0.0000000
0.000000,2.0034052,1.875380,0.9457396,0.000000,0.0000000,0.000000,0.9021516,0.0000000
0.000000,0.0000000,2.025152,0.0000000,0.000000,0.0000000,0.000000,0.0000000,0.9499260
0.000000,1.9483168,1.568331,0.9320307,0.000000,0.0000000,0.000000,0.9064780,0.0000000
0.000000,1.8069483,1.959573,0.9657771,0.000000,0.8480357,0.000000,0.9146053,0.0000000
0.000000,1.7449738,1.967839,1.0161518,1.644077,0.9087280,0.000000,0.7361197,0.0000000
0.000000,1.8590811,2.007897,0.9744770,0.000000,0.8972846,0.000000,0.0000000,0.0000000
0.000000,1.9015997,1.833455,0.9747098,0.000000,0.0000000,0.000000,0.6449754,1.0406721
0.000000,1.9515851,1.948684,0.9610743,0.000000,0.0000000,0.000000,0.0000000,0.0000000
0.000000,1.9548385,2.033082,1.0000097,1.561085,0.9445863,0.000000,0.0000000,0.0000000
0.000000,1.9869303,1.793719,0.9539048,1.740694,0.0000000,0.000000,0.9439575,0.0000000
1.877337,1.7123229,2.000208,1.8116940,0.000000,0.9109487,0.000000,0.9169981,0.8164037
0.000000,0.0000000,0.000000,0.9484511,0.000000,0.0000000,0.000000,0.0000000,0.0000000
0.000000,0.0000000,0.000000,0.0000000,0.000000,0.0000000,0.000000,0.0000000,0.0000000
0.000000,0.8049053,1.788174,0.0000000,0.000000,0.0000000,0.000000,0.0000000,0.0000000
0.000000,1.8412805,0.000000,1.7291436,0.000000,0.0000000,0.000000,0.9613068,0.0000000
0.000000,1.7301329,0.000000,1.9132576,1.320514,0.0000000,0.000000,0.8197673,0.0000000
0.000000,1.7785056,1.874718,0.0000000,0.000000,0.0000000,0.000000,0.9395371,0.0000000
0.000000,2.1012326,1.850504,0.9336433,1.721189,1.0012124,0.000000,0.0000000,0.0000000
0.000000,2.0785902,2.002367,1.7231105,1.659566,2.0189893,0.000000,0.0000000,0.0000000
0.000000,1.9132761,1.975360,0.8952350,1.798318,0.0000000,0.000000,0.9291172,0.7745738
0.000000,1.9731071,1.949234,0.8859070,1.750153,0.0000000,0.000000,0.9470722,1.0011968
0.000000,2.0115369,1.929287,0.7887334,1.666500,1.7420677,0.000000,1.8659915,1.7235486
0.000000,1.9858738,1.952349,0.9506436,0.000000,1.0177251,0.000000,0.0000000,0.0000000
0.000000,2.0128795,1.925231,0.8895846,1.593830,0.0000000,0.000000,2.0163106,0.0000000
0.000000,2.0196028,0.000000,0.9057784,0.000000,0.0000000,0.000000,2.0611198,0.0000000
0.000000,2.0287560,1.945542,0.8643452,0.000000,0.0000000,0.000000,2.0635175,0.0000000
0.000000,1.9876413,2.019826,0.9313713,0.000000,0.0000000,0.000000,2.0502042,0.0000000
0.000000,2.0789555,1.863159,1.7798180,1.609957,0.9792929,0.000000,1.0777482,0.0000000
0.000000,2.0535878,2.016470,1.5909190,1.816837,1.8508610,0.000000,0.8652971,0.9573114
0.000000,2.1122302,1.950748,0.9317603,1.826377,1.7486898,0.000000,0.9680172,0.0000000
0.000000,2.0145043,1.979379,1.7948407,0.000000,2.1066834,0.000000,0.0000000,0.6912274
0.000000,2.0795145,1.935520,0.0000000,1.860729,0.9342841,0.000000,0.0000000,0.0000000
0.000000,1.8939272,1.771750,0.8451408,0.000000,1.8680334,0.000000,0.0000000,0.8742649
0.000000,1.8850675,1.917278,0.8503302,0.000000,0.8860488,0.000000,0.0000000,0.0000000
0.000000,2.0170216,2.095167,1.7536340,1.730679,0.8996880,1.933570,1.8035648,0.0000000
0.000000,2.0345610,2.020064,1.6778690,1.793075,0.8871094,0.000000,1.0525434,0.0000000
0.000000,2.0147805,1.969202,0.9309630,1.504376,1.0545644,0.000000,0.0000000,0.0000000
0.000000,2.0384818,1.913818,1.8308166,0.000000,1.0402363,0.000000,0.0000000,0.0000000
0.000000,2.0165777,0.000000,0.0000000,1.855245,1.9148024,0.000000,2.1907724,0.0000000
0.000000,2.0891433,1.933820,0.9278568,1.855224,2.0207119,0.000000,1.0136271,0.0000000
0.000000,2.1110523,1.919375,0.8603129,1.741425,0.9742537,0.000000,0.9885935,0.0000000
0.000000,1.8833369,1.689926,0.8455720,0.000000,1.7804533,0.000000,2.2761506,0.0000000
0.000000,0.9262175,0.000000,0.0000000,0.000000,0.0000000,0.000000,0.9873597,0.0000000
0.000000,1.9826421,1.954059,0.0000000,0.000000,2.1192352,0.000000,0.0000000,0.0000000
0.000000,2.0163654,1.889084,0.9275442,1.811166,0.0000000,0.000000,0.0000000,0.9893105
0.000000,1.9603247,1.927730,1.0334821,0.000000,0.9850583,0.000000,0.0000000,0.0000000
0.000000,2.0485998,1.915540,1.0076085,0.000000,0.9347750,0.000000,0.0000000,0.0000000
0.000000,1.9957960,1.973394,1.0225330,0.000000,0.0000000,0.000000,0.0000000,0.0000000
0.000000,1.9649877,1.945204,1.0244574,0.000000,0.0000000,0.000000,0.0000000,0.0000000
0.000000,1.9262423,1.574250,0.9134733,1.908885,0.0000000,0.000000,0.8818563,0.0000000
0.000000,1.9424048,1.992445,1.0076505,0.000000,0.8856680,0.000000,0.8449521,0.0000000
1.701715,1.9506963,1.981315,0.9593413,0.000000,0.0000000,0.000000,0.0000000,0.0000000
0.000000,1.8570526,2.017635,1.8994238,1.648640,0.9229144,0.000000,1.9458633,0.7453743
0.000000,2.0898910,1.585592,0.8326022,1.992624,0.8840720,0.000000,0.0000000,0.8961861
0.000000,1.8504075,1.821161,0.9949979,1.659081,1.9790190,0.000000,0.0000000,0.0000000
0.000000,2.0191000,1.974885,0.9822919,1.648178,0.9363797,0.000000,0.8299849,0.0000000
0.000000,1.9718672,1.864752,0.9317202,1.544713,2.0061621,0.000000,0.9220861,0.0000000
0.000000,1.9386774,2.008364,0.9301321,1.800627,0.0000000,0.000000,0.8737873,0.0000000
0.000000,1.9836598,2.030314,0.9662871,1.807836,0.0000000,0.000000,0.0000000,0.0000000
0.000000,1.9842452,0.000000,0.9290719,1.681196,0.7617472,0.000000,0.0000000,0.0000000
0.000000,2.0764239,1.933956,0.6733750,0.000000,0.9743559,0.000000,0.9361484,1.0375187
0.000000,2.0121816,0.000000,0.9501568,0.000000,0.8740833,0.000000,0.0000000,0.0000000
0.000000,1.8752750,2.059057,0.9770760,1.651499,0.8889691,0.000000,0.0000000,0.7283045
0.000000,1.8342225,1.943320,0.9705348,0.000000,0.8674475,0.000000,0.8670157,0.0000000
0.000000,1.7665651,1.526778,0.9801551,1.611881,0.0000000,0.000000,0.8759239,0.0000000
0.000000,1.9989481,0.000000,0.9351035,2.008417,0.9601031,0.000000,0.9857977,0.0000000
1.621896,1.9903664,1.569818,0.9482846,0.000000,0.8720013,0.000000,2.2001496,0.0000000
0.000000,1.9243902,1.987183,0.9286179,1.954988,0.8214431,0.000000,0.0000000,0.0000000
0.000000,2.0191967,1.893057,1.0142586,1.717071,1.9871150,0.000000,0.0000000,0.0000000
0.000000,0.8939775,1.895937,1.0079782,0.000000,0.9245972,0.000000,0.0000000,0.0000000
0.000000,0.8795926,0.000000,0.9473662,0.000000,0.0000000,2.297802,0.0000000,1.5846144
0.000000,2.0344528,1.667707,0.8551051,1.966040,0.0000000,0.000000,0.0000000,0.0000000
0.000000,2.1044366,0.000000,0.8843295,0.000000,0.9877817,0.000000,0.0000000,0.0000000
0.000000,1.8374586,1.992486,0.9955196,0.000000,0.9473213,0.000000,0.0000000,0.0000000
0.000000,1.9417982,1.960638,0.9596458,1.863119,0.9339029,0.000000,0.8586751,0.0000000
0.000000,1.7987878,1.962095,1.7600436,0.000000,1.9548043,0.000000,0.8639905,0.0000000
0.000000,1.6970281,1.920202,1.0354679,0.000000,0.8872741,0.000000,0.8818700,0.0000000
0.000000,0.0000000,1.942395,0.8775826,0.000000,2.0647672,0.000000,0.0000000,0.0000000
0.000000,1.9809753,2.047096,1.0529032,1.737245,2.1229903,0.000000,0.9145493,0.0000000
0.000000,0.8393661,1.753172,1.0338378,0.000000,0.8969701,0.000000,0.8367321,0.0000000
0.000000,1.8773948,2.022040,0.9910636,0.000000,0.8538176,0.000000,0.0000000,0.8707917
0.000000,1.9933127,2.063443,1.8098010,0.000000,0.9168525,0.000000,0.8461981,0.0000000
0.000000,2.0769148,2.036336,0.9983409,1.909377,0.8926212,0.000000,0.9136829,0.0000000
0.000000,0.7911555,1.900293,0.0000000,0.000000,0.0000000,0.000000,1.1103613,0.0000000
0.000000,1.8660826,0.000000,1.0203156,1.782250,0.8161171,0.000000,0.0000000,0.0000000
0.000000,1.9077262,1.863447,0.8638082,1.875784,0.9331996,0.000000,0.0000000,0.0000000
0.000000,1.8002287,0.000000,0.9855441,1.910575,1.1047184,0.000000,0.0000000,0.0000000
0.000000,1.8091794,1.912778,1.7523830,1.672125,0.9143035,0.000000,1.1343800,0.0000000
0.000000,1.8572677,2.048477,1.0132743,0.000000,2.1649511,0.000000,0.9136262,0.0000000
0.000000,1.9589942,0.000000,0.9018115,0.000000,0.9583879,0.000000,0.0000000,0.0000000
0.000000,1.9948131,1.755468,0.9553929,2.030642,0.0000000,0.000000,0.0000000,0.0000000
0.000000,1.7037851,0.000000,0.9781390,0.000000,1.1389164,0.000000,0.0000000,0.8693687
0.000000,1.7474703,1.996946,1.0292772,1.819399,1.7601087,0.000000,0.0000000,0.0000000
0.000000,1.5418303,1.915778,0.9974828,0.000000,2.0556423,0.000000,0.0000000,0.0000000
0.000000,1.9724926,1.875796,1.0136100,0.000000,1.1086108,0.000000,0.9982509,0.0000000
0.000000,0.0000000,0.000000,1.0254759,0.000000,0.0000000,0.000000,0.0000000,0.0000000
0.000000,0.0000000,1.701137,0.9402741,0.000000,0.9202998,0.000000,0.0000000,0.0000000
0.000000,2.0248941,1.866687,0.9825472,1.810075,0.8590092,0.000000,0.8185531,0.0000000
0.000000,1.8349405,1.929574,0.9980598,1.632680,0.9262792,0.000000,0.7891088,0.0000000
0.000000,1.8273420,2.076347,1.0522230,0.000000,1.9486212,0.000000,0.9607336,0.8888515
0.000000,1.8799490,1.940948,1.8010991,1.864553,0.9584748,0.000000,0.0000000,0.0000000
0.000000,1.8218281,0.000000,0.0000000,1.501744,0.0000000,0.000000,0.0000000,0.0000000
0.000000,1.9147227,1.869812,1.7645973,1.791992,1.9343061,0.000000,0.9202365,0.7392955
0.000000,1.8447009,1.800806,0.9606325,1.808257,0.9071372,0.000000,0.8884728,0.0000000
0.000000,1.7811383,0.000000,0.9790301,0.000000,0.9087889,0.000000,1.0048510,0.0000000
0.000000,1.8196609,1.574295,1.0332023,1.693464,0.0000000,0.000000,0.0000000,0.0000000
1.770584,1.8846954,2.012985,0.9966843,0.000000,0.9163385,0.000000,0.9859113,0.0000000
0.000000,1.8779884,0.000000,0.8628549,0.000000,0.0000000,0.000000,2.1944958,0.0000000
0.000000,0.8342622,1.920267,0.0000000,0.000000,0.0000000,0.000000,1.1238134,0.0000000
0.000000,1.8107585,0.000000,0.9158754,0.000000,0.0000000,0.000000,2.1917279,1.9612695
0.000000,1.9546579,1.937580,0.8997146,1.776995,0.0000000,0.000000,0.9730650,0.0000000
0.000000,1.9393667,1.947791,0.9204778,1.680087,0.0000000,0.000000,1.9439954,0.0000000
0.000000,1.8456954,1.929796,0.9227656,0.000000,0.8672236,0.000000,0.9283511,0.0000000
0.000000,1.8725427,1.642707,0.9726714,1.704875,0.8705141,0.000000,0.9428232,0.0000000
0.000000,1.9306039,2.059371,1.9434792,0.000000,0.0000000,2.033474,1.0494164,0.0000000
0.000000,1.8752342,1.857949,0.9034706,0.000000,2.0415022,0.000000,0.9409826,0.0000000
0.000000,1.9089072,1.963119,0.8936712,0.000000,0.0000000,0.000000,0.8374203,0.0000000
0.000000,2.0646018,0.000000,0.0000000,1.808855,0.0000000,0.000000,0.0000000,0.0000000
0.000000,2.0383318,1.842659,0.8521241,1.864540,0.0000000,0.000000,0.0000000,0.0000000
0.000000,2.0067822,1.939391,0.8966487,1.898903,0.0000000,0.000000,0.0000000,0.0000000
0.000000,1.9335544,1.738770,0.9429053,1.722021,1.1940341,0.000000,1.0026376,0.0000000
0.000000,2.1268110,1.768738,0.6833118,1.911033,0.0000000,0.000000,0.7964111,0.0000000
0.000000,2.1064942,1.638033,0.0000000,2.045567,0.0000000,0.000000,0.0000000,0.0000000
0.000000,2.0565841,1.730901,1.5796089,1.872008,0.0000000,0.000000,0.8321850,0.0000000
0.000000,1.9538135,0.000000,0.0000000,2.004428,0.0000000,0.000000,0.0000000,0.8946204
0.000000,2.0683197,1.781407,0.8880546,1.852667,0.9476036,0.000000,0.8899697,0.0000000
0.000000,1.9229690,1.950253,0.8541637,1.895496,0.0000000,0.000000,0.0000000,0.0000000
0.000000,1.9920903,1.381310,0.0000000,0.000000,1.7607979,0.000000,0.0000000,0.0000000
0.000000,1.8952863,0.000000,0.9416403,1.718333,0.0000000,0.000000,0.0000000,0.0000000
0.000000,2.1032671,0.000000,0.0000000,0.000000,0.0000000,0.000000,0.0000000,0.0000000
0.000000,1.9637506,0.000000,0.0000000,0.000000,0.0000000,0.000000,0.0000000,0.0000000
0.000000,1.9386647,0.000000,0.0000000,0.000000,1.0547449,0.000000,0.0000000,0.0000000
0.000000,0.8474352,1.617872,0.9495361,1.662794,0.8508058,0.000000,0.9191819,0.0000000
0.000000,1.9633119,1.619810,0.9221594,1.814121,0.7457345,0.000000,0.9408397,0.0000000
0.000000,2.0287387,1.912285,0.8634161,1.875716,0.0000000,0.000000,1.0430201,0.0000000
0.000000,1.9582274,1.837321,0.9062844,1.596661,0.8290115,0.000000,1.0248365,0.0000000
0.000000,1.9427822,1.911443,0.9074001,1.616509,0.0000000,0.000000,1.0066887,0.0000000
0.000000,1.8819790,1.970140,0.8099568,1.801353,0.0000000,0.000000,0.9063861,0.0000000
0.000000,1.9900840,1.975666,0.9447240,0.000000,0.0000000,0.000000,0.0000000,0.9626926
0.000000,1.9483130,2.060879,0.9749520,0.000000,0.0000000,0.000000,0.9907329,0.0000000
0.000000,1.9460993,1.954066,0.0000000,1.715911,0.9866391,0.000000,0.0000000,0.0000000
0.000000,1.9712911,1.865960,0.9084137,1.795983,1.6384278,0.000000,1.6883709,0.0000000
0.000000,1.8458364,1.772098,0.9065939,1.981421,0.0000000,0.000000,0.0000000,0.0000000
0.000000,1.8628095,1.963279,0.9644839,0.000000,0.9900044,0.000000,0.0000000,0.0000000
0.000000,1.7798625,0.000000,0.0000000,0.000000,0.0000000,0.000000,0.0000000,0.0000000
0.000000,0.8987396,1.793530,1.7885918,1.693530,0.9246455,0.000000,0.0000000,0.0000000
0.000000,0.0000000,1.799589,0.7953939,0.000000,0.7955779,0.000000,2.1026905,2.0719509
0.000000,0.0000000,1.869710,0.0000000,1.676762,0.9233324,0.000000,0.0000000,0.0000000
0.000000,1.7806220,1.911934,0.7545357,0.000000,0.9486923,0.000000,0.8897683,0.0000000
0.000000,0.0000000,1.818584,0.0000000,0.000000,0.0000000,0.000000,0.0000000,0.0000000
0.000000,1.8400645,1.720152,0.0000000,0.000000,0.0000000,0.000000,0.8934973,0.0000000
0.000000,1.8548983,0.000000,0.0000000,0.000000,0.0000000,0.000000,0.0000000,0.0000000
1.713965,1.9142021,1.954988,0.9905868,1.685919,2.0090287,0.000000,0.0000000,0.0000000
1.713889,1.9194303,2.016693,0.9850583,1.849365,1.7993550,0.000000,0.8107951,0.0000000
1.922490,2.0219726,1.982269,0.9805511,1.954506,0.8322895,0.000000,0.8081489,0.0000000
1.481649,1.9593349,1.817250,0.9809555,1.791464,1.5854993,0.000000,0.9011107,0.0000000
1.616474,1.8795447,1.484509,0.9845070,1.475403,0.9245860,0.000000,0.8673232,0.0000000
1.632553,1.9515812,1.755425,0.9904644,1.851663,1.9896427,0.000000,0.9339936,0.0000000
1.428745,1.8574996,1.590173,0.9680440,0.000000,1.8116116,0.000000,0.8782587,0.0000000
1.602832,1.9541467,1.922029,1.0124639,0.000000,1.8050524,0.000000,0.8704663,0.0000000
1.776734,0.7781738,1.743691,1.0240907,1.703537,1.9236194,0.000000,0.9959845,0.0000000
1.436895,1.9394392,0.000000,0.9737819,1.854746,0.9762636,0.000000,0.9299468,0.0000000
1.661760,1.7923783,1.557246,0.9630790,1.748227,1.8503433,0.000000,0.9859328,0.0000000
1.693225,1.8421439,1.509593,0.9703283,0.000000,0.9513161,0.000000,0.9694863,0.0000000
0.000000,1.7742062,1.501268,0.0000000,1.865453,0.9202404,0.000000,0.9021104,0.0000000
0.000000,1.8398633,1.914105,0.9396561,1.849083,1.5979281,0.000000,0.9828377,0.0000000
0.000000,1.8738301,1.895727,1.7236366,2.021562,0.0000000,0.000000,0.0000000,0.0000000
0.000000,1.7496088,1.590049,1.0323667,0.000000,1.8260551,0.000000,0.9480261,0.0000000
0.000000,1.7891813,0.000000,1.0217626,2.025524,1.8714029,0.000000,1.0329423,0.0000000
0.000000,1.7247736,1.495100,0.7673803,0.000000,0.9400027,0.000000,0.9401474,0.0000000
1.370026,1.8544358,1.579884,0.8204206,0.000000,0.9220475,0.000000,0.9150469,0.0000000
1.238416,1.9066795,1.655887,0.6985050,0.000000,1.9077663,0.000000,1.8527662,0.0000000
0.000000,0.8871474,1.633759,1.8600869,0.000000,0.0000000,0.000000,0.9475904,0.0000000
0.000000,1.8443843,1.687055,1.7726568,1.611447,0.0000000,0.000000,0.9692351,0.0000000
0.000000,1.7822376,1.785466,1.8818307,0.000000,0.9219625,0.000000,1.0021210,0.0000000
0.000000,0.0000000,0.000000,0.9334740,1.768461,0.9048495,0.000000,0.9665699,0.0000000
0.000000,0.0000000,1.772868,0.9682008,0.000000,0.8238864,0.000000,0.0000000,0.0000000
0.000000,1.7121359,1.673637,0.9839996,0.000000,1.8463231,0.000000,0.8075315,0.0000000
1.583981,1.6787838,1.918586,0.9745357,0.000000,0.0000000,0.000000,0.0000000,0.0000000
0.000000,0.0000000,0.000000,0.9112879,0.000000,0.9584970,0.000000,0.9566072,0.0000000
0.000000,1.8635292,1.572071,0.8684265,0.000000,0.8914004,0.000000,0.9146655,0.0000000
1.650419,1.9025564,1.649044,0.9931189,1.859433,0.9714845,0.000000,0.9733981,0.0000000
0.000000,1.6290439,1.870169,0.0000000,1.773494,1.1045036,0.000000,0.9559115,0.0000000
0.000000,1.7974097,1.949371,0.9760366,0.000000,2.0567231,0.000000,0.9339839,0.0000000
1.873860,1.7637076,1.955707,0.9634650,0.000000,0.9925077,0.000000,1.0236914,0.0000000
1.880536,1.8478959,2.016232,0.9647910,1.825452,1.8249670,0.000000,0.8831536,0.0000000
1.818900,1.6788206,1.890860,0.8734595,0.000000,0.0000000,0.000000,0.8636603,0.0000000
0.000000,1.8941716,0.000000,1.8061202,0.000000,0.0000000,0.000000,0.0000000,0.0000000
1.403393,1.5339934,2.023631,0.9811094,1.546257,1.9251154,0.000000,0.8926036,0.0000000
1.873382,0.0000000,1.980841,0.9825791,1.869153,0.9528302,0.000000,1.0543457,0.0000000
1.762164,1.7871411,0.000000,0.9840247,0.000000,2.0067145,0.000000,0.0000000,0.0000000
0.000000,0.0000000,0.000000,0.9962320,0.000000,0.0000000,0.000000,0.0000000,0.0000000
1.636237,1.6934016,0.000000,0.9739477,0.000000,1.0031152,0.000000,0.9743161,0.0000000
0.000000,0.7015822,0.000000,0.9139440,1.844488,0.0000000,0.000000,0.8968151,0.0000000
0.000000,1.8385928,2.060935,0.8723744,1.938860,1.8181090,0.000000,0.9956040,0.0000000
1.836997,1.7992505,1.942038,0.9664640,1.783730,0.8248806,0.000000,0.8981329,0.0000000
1.903958,1.8673078,2.066197,1.0151115,1.870385,2.1277007,0.000000,0.9789417,0.0000000
1.798661,0.6788947,1.440609,0.9730508,1.921282,0.0000000,0.000000,0.9985579,0.0000000
0.000000,1.8836920,1.696626,0.9368835,0.000000,0.0000000,0.000000,0.9198589,0.0000000
0.000000,1.7577884,0.000000,0.9893756,1.972632,0.8899575,0.000000,0.0000000,0.0000000
0.000000,0.9662457,2.028092,0.9510519,0.000000,1.0296256,0.000000,0.0000000,0.0000000
0.000000,0.0000000,1.761349,0.9608559,0.000000,0.9245116,0.000000,0.0000000,0.0000000
0.000000,0.7487751,1.531622,0.9163007,1.741647,1.6889297,0.000000,0.0000000,0.0000000
0.000000,1.5231484,0.000000,0.8718610,2.007742,2.3490828,0.000000,0.8254799,0.0000000
0.000000,1.8310993,0.000000,1.0286795,1.839255,1.0736278,0.000000,0.8406567,0.0000000
0.000000,0.0000000,0.000000,0.9131446,0.000000,2.1401501,0.000000,0.0000000,0.0000000
0.000000,1.8306469,1.877523,0.8708946,1.822621,0.9569500,0.000000,0.8350479,0.0000000
0.000000,0.7412030,1.910496,0.9357746,1.822864,0.8744536,0.000000,0.0000000,0.0000000
0.000000,0.0000000,0.000000,0.0000000,1.945996,2.1967572,0.000000,0.0000000,0.0000000
0.000000,1.8213378,0.000000,0.9083855,0.000000,0.9195032,0.000000,0.0000000,0.0000000
0.000000,1.7932377,2.003805,0.9882573,0.000000,1.8045600,0.000000,0.9241906,0.0000000
0.000000,1.8337204,2.002983,0.9666698,0.000000,2.0563966,0.000000,0.0000000,0.0000000
0.000000,0.0000000,0.000000,0.9921615,0.000000,0.0000000,0.000000,0.0000000,0.0000000
0.000000,0.8667904,1.780207,0.8383206,0.000000,1.1239178,0.000000,0.0000000,0.0000000
0.000000,1.9789009,1.925568,0.9380898,0.000000,1.0636226,0.000000,0.0000000,0.0000000
0.000000,0.0000000,2.033849,0.9944205,0.000000,1.0510682,0.000000,0.0000000,0.0000000
0.000000,0.0000000,1.969556,0.7580568,1.623755,1.9385256,0.000000,0.8287527,0.0000000
0.000000,0.0000000,1.635832,0.0000000,0.000000,0.0000000,0.000000,0.0000000,0.0000000
1.904660,1.9837049,1.997509,0.9174165,1.637013,0.7095929,0.000000,0.8698354,0.0000000
0.000000,1.9190495,1.943797,0.9678734,1.783599,1.7332688,0.000000,1.5570859,0.0000000
0.000000,1.8701054,1.528603,0.0000000,1.428042,1.1258366,0.000000,0.0000000,0.0000000
0.000000,1.8212746,1.957461,1.0630893,1.836891,0.9262792,0.000000,0.9800872,0.0000000
0.000000,1.9881178,1.977959,0.9756512,1.769814,0.9727016,0.000000,0.9499540,0.7690334
0.000000,1.9265501,1.921291,0.9972571,1.694266,1.0203132,0.000000,1.0242140,0.0000000
0.000000,2.0171320,1.697898,0.0000000,1.917500,0.9266951,0.000000,0.0000000,0.0000000
0.000000,1.9985537,1.878142,1.0018186,1.791531,1.6403641,0.000000,0.8062647,0.0000000
0.000000,1.9627185,1.642946,0.9977100,1.886245,0.7850246,0.000000,1.6434281,0.0000000
0.000000,2.0159230,2.011366,1.0243227,1.888360,0.9987973,0.000000,0.8396759,0.0000000
1.431435,2.0211209,1.832433,0.9848045,1.761376,0.9396471,0.000000,0.9482872,0.0000000
0.000000,0.6896932,1.464753,0.8731226,0.000000,0.0000000,0.000000,0.0000000,0.0000000
0.000000,1.9951173,1.748121,0.9118049,1.934613,0.9631473,0.000000,1.0410590,0.0000000
0.000000,1.9457588,1.807746,1.8704391,1.914808,0.8051607,0.000000,0.0000000,0.0000000
0.000000,2.0158453,1.775482,0.9376044,1.961190,0.7591800,0.000000,1.8229490,0.0000000
0.000000,2.0061491,0.000000,1.0056376,2.100042,2.0502722,0.000000,0.9212789,0.0000000
0.000000,1.9600806,0.000000,0.9128673,2.037354,0.0000000,0.000000,0.8174620,0.0000000
0.000000,1.7916315,1.408132,0.9490126,0.000000,0.8034489,0.000000,1.0044537,0.0000000
0.000000,2.0749820,0.000000,0.8884230,1.665957,0.9347814,0.000000,0.8900611,0.0000000
0.000000,2.0298354,1.575821,0.8958274,1.794084,1.0129349,0.000000,0.9140698,0.0000000
0.000000,2.0702875,1.448189,0.8399963,1.661175,0.7909616,0.000000,0.8387188,0.0000000
0.000000,2.0595960,1.835138,0.0000000,1.848516,0.7688945,0.000000,0.0000000,0.9722967
0.000000,1.8878012,1.830768,1.7938760,1.963135,1.8240152,0.000000,0.9151921,0.0000000
0.000000,2.0515012,1.745136,1.8772206,1.682833,0.0000000,0.000000,1.6265839,0.0000000
0.000000,2.0433415,0.000000,0.7664706,1.758890,0.9951028,0.000000,0.9585659,0.0000000
0.000000,2.0171637,1.802794,0.9135083,0.000000,0.0000000,0.000000,1.0135288,0.0000000
0.000000,1.9506151,2.001250,0.9624087,0.000000,0.9483653,0.000000,0.0000000,0.0000000
0.000000,2.0504003,1.736001,0.8725061,1.967833,0.9529758,0.000000,0.8734366,0.9803801
0.000000,0.9063135,1.846384,1.0355699,0.000000,1.0017414,0.000000,0.0000000,0.0000000
0.000000,1.9083806,2.014664,0.0000000,1.732491,1.9546372,0.000000,0.0000000,0.0000000
0.000000,1.8230050,1.814073,1.8201528,0.000000,0.0000000,0.000000,0.0000000,0.0000000
0.000000,1.7834036,0.000000,0.0000000,0.000000,0.9603392,0.000000,0.0000000,0.0000000
0.000000,1.9905099,1.956743,1.0318226,0.000000,0.0000000,0.000000,0.0000000,0.0000000
0.000000,1.9942035,1.928834,0.9473001,0.000000,2.0989950,0.000000,2.2292685,0.9168484
0.000000,1.9702220,1.941565,0.0000000,0.000000,1.0239627,0.000000,2.2048552,0.9306475
0.000000,0.0000000,1.628393,1.0034594,0.000000,0.0000000,0.000000,0.0000000,0.0000000
0.000000,1.6529987,1.935239,0.0000000,0.000000,0.0000000,0.000000,0.0000000,0.0000000
0.000000,0.7897017,1.989426,0.0000000,0.000000,0.0000000,0.000000,0.0000000,0.0000000
0.000000,0.0000000,1.930350,0.0000000,1.881604,1.1253255,0.000000,0.0000000,0.0000000
0.000000,0.0000000,1.888603,1.8254880,0.000000,1.0221351,0.000000,0.0000000,0.0000000
0.000000,1.7808983,1.959049,0.7758931,0.000000,0.0000000,0.000000,0.0000000,0.0000000
0.000000,1.8025992,1.914641,0.0000000,1.578614,1.0414410,0.000000,0.0000000,0.0000000
0.000000,1.6177792,1.993740,1.8811425,0.000000,1.0055756,0.000000,0.8736579,0.8169109
0.000000,1.6637606,1.945850,0.9647043,0.000000,1.0554334,0.000000,0.0000000,0.8467974
0.000000,1.9235003,1.991110,0.9062795,1.818594,0.0000000,0.000000,1.6763649,0.0000000
0.000000,1.9838731,1.782896,0.8963313,1.837888,0.8855904,0.000000,0.0000000,0.0000000
0.000000,1.7341537,1.917483,0.9549383,1.688115,0.9049435,0.000000,0.8388751,0.6652795
0.000000,1.9256367,1.999550,1.9027928,0.000000,1.8819600,0.000000,0.0000000,0.0000000
0.000000,1.6196904,1.955693,1.0027799,0.000000,0.0000000,0.000000,0.0000000,0.0000000
0.000000,1.9496331,1.932184,0.9379467,0.000000,0.9939822,0.000000,0.0000000,0.0000000
0.000000,0.0000000,1.798500,0.8934160,0.000000,0.9886882,0.000000,0.0000000,0.0000000
0.000000,1.9661478,1.985995,1.0246022,0.000000,1.1001621,0.000000,1.0129422,0.0000000
0.000000,1.8970578,1.897416,0.9904218,1.612206,1.0749254,0.000000,0.0000000,0.0000000
0.000000,1.9589007,1.843383,0.9946024,0.000000,1.9722839,0.000000,0.9002500,0.0000000
0.000000,1.5615568,1.801122,0.9730208,1.933285,1.9970170,0.000000,0.8718766,0.0000000
0.000000,1.8870103,1.899572,1.9240333,1.635956,0.9816350,0.000000,0.7902471,0.0000000
0.000000,1.9226066,2.005737,1.9140960,1.836116,1.0612888,0.000000,0.8837805,0.0000000
0.000000,1.8381327,1.933777,1.7452664,1.728863,0.9737697,0.000000,0.0000000,0.0000000
0.000000,1.7487556,2.003111,1.0116681,1.850777,1.0174480,0.000000,0.8387068,0.8539166
0.000000,1.6573267,1.717610,0.9101643,0.000000,0.9068252,0.000000,0.0000000,0.0000000
0.000000,1.5107353,1.863387,0.9794637,0.000000,0.9261230,0.000000,0.0000000,0.0000000
0.000000,1.8991621,1.639657,0.9341680,1.796375,0.9556259,0.000000,0.0000000,0.0000000
0.000000,1.5340865,1.812714,0.9223326,1.428545,1.0510729,0.000000,0.6787513,0.0000000
0.000000,1.9850468,1.664108,0.0000000,1.833347,0.8595628,0.000000,0.0000000,0.0000000
0.000000,0.0000000,1.886054,0.9056856,1.855401,0.9759691,0.000000,0.0000000,0.0000000
0.000000,1.7348071,0.000000,0.0000000,2.013916,0.7383658,0.000000,0.0000000,0.0000000
0.000000,0.0000000,1.865888,0.9650706,0.000000,1.0125981,0.000000,0.0000000,0.0000000
0.000000,1.8233391,1.780984,0.7756617,0.000000,0.9193106,0.000000,0.0000000,0.0000000
0.000000,1.8370435,1.758988,0.9627010,1.880141,0.9758086,0.000000,0.0000000,0.0000000
0.000000,0.0000000,0.000000,0.9585126,0.000000,1.0638311,0.000000,0.8804384,0.0000000
0.000000,1.7866258,1.956749,1.8579836,0.000000,1.0586191,0.000000,0.0000000,0.0000000
0.000000,1.8159746,1.967316,1.0013726,1.803695,2.1238727,0.000000,0.0000000,0.7431460
0.000000,0.0000000,1.774219,0.0000000,1.867163,0.9019972,0.000000,0.0000000,0.0000000
0.000000,0.0000000,1.859605,0.8991806,0.000000,1.0766314,0.000000,0.0000000,0.0000000
0.000000,1.8623739,1.982201,0.0000000,1.491037,0.0000000,0.000000,0.0000000,1.0588256
0.000000,0.0000000,1.951296,0.9648193,1.559028,1.0138863,0.000000,0.8891728,0.0000000
0.000000,2.0291674,1.814991,0.9834147,1.311045,1.0254972,0.000000,0.0000000,0.0000000
0.000000,0.7867406,1.861526,0.0000000,1.493400,0.0000000,0.000000,0.0000000,1.0416324
0.000000,1.9289957,1.945460,0.0000000,0.000000,0.0000000,0.000000,2.0520978,0.0000000
0.000000,0.0000000,0.000000,0.0000000,0.000000,0.0000000,0.000000,0.0000000,0.0000000
0.000000,1.9035997,1.899903,0.0000000,1.784547,0.7245014,0.000000,0.0000000,1.0972602
0.000000,0.8496323,2.004975,0.0000000,0.000000,0.8833543,0.000000,0.0000000,0.0000000
0.000000,1.8178053,2.019808,0.8818359,1.854059,1.8055402,0.000000,0.0000000,0.0000000
0.000000,1.5989782,1.489445,0.8193237,1.613783,0.0000000,0.000000,0.0000000,0.0000000
0.000000,0.0000000,0.000000,0.0000000,0.000000,0.0000000,0.000000,0.0000000,0.0000000
0.000000,0.0000000,0.000000,0.0000000,0.000000,0.0000000,0.000000,0.0000000,0.0000000
