0.000000,1.760166,1.9509865,0.000000,0.0000000,0.000000,0.0000000,0.000000,1.865387,0.000000,0.0000000,2.0943052,2.199829,2.558600,2.267437,2.379197,0.000000,2.3230865,1.847999,2.066714,0.0000000,2.063085,2.058912,2.231981,2.042271,2.102077,1.909306,1.926000,1.6964130,0.000000,1.764772,0.000000,1.940955,0.000000,1.959484,0.000000,2.385209,1.914881,0.000000,0.0000000,0.0000000,0.000000,0.000000,2.180808,0.0000000,0.000000,1.6989713,0.000000,0.000000,2.1239257,0.000000,1.798393,1.9423949,0.0000000,2.302770,1.804416,0.000000,1.699202,0.000000,2.218591,0.000000,1.725569,1.8799937,2.159643,0.000000,0.0000000,2.527747,0.000000,0.0000000
0.000000,0.000000,0.0000000,0.000000,0.0000000,0.000000,0.0000000,2.085220,0.000000,2.304652,2.0232486,2.1976283,2.054717,2.477662,2.251331,2.382990,0.000000,2.3354830,1.987997,2.009595,0.0000000,2.237894,2.087577,2.294536,1.941195,2.217890,1.762123,0.000000,0.0000000,0.000000,1.983018,0.000000,0.000000,0.000000,0.000000,0.000000,2.390260,1.811625,0.000000,0.0000000,0.0000000,0.000000,0.000000,1.932278,0.0000000,0.000000,0.0000000,0.000000,1.885476,0.0000000,0.000000,0.000000,0.0000000,0.0000000,2.443695,2.239394,0.000000,0.000000,2.235074,2.140141,0.000000,0.000000,1.9964713,2.204206,0.000000,0.0000000,2.308235,0.000000,0.0000000
0.000000,1.948539,1.8704740,1.706840,0.0000000,0.000000,1.6625029,1.905539,1.314072,0.000000,1.9406271,0.0000000,0.000000,2.487205,2.213964,2.382945,0.000000,2.2922792,1.810577,0.000000,1.9405015,2.040620,2.002155,2.227854,1.581621,2.149132,1.797436,1.952745,0.0000000,0.000000,1.746153,0.000000,2.002819,1.886943,1.819611,0.000000,2.410709,0.000000,0.000000,2.1731642,0.0000000,0.000000,1.095020,2.189290,1.1035677,0.000000,1.5545373,0.000000,0.000000,1.6917824,2.240999,2.008662,0.0000000,0.0000000,2.056027,0.000000,0.000000,2.081110,0.000000,2.079573,0.000000,0.000000,2.1081040,2.006919,0.000000,0.0000000,2.515137,0.000000,0.0000000
0.000000,1.810242,1.9362105,1.682670,1.9752734,0.000000,1.3399873,1.835237,0.000000,1.548782,1.5615710,1.9494884,2.110775,2.574959,2.272249,2.301831,0.000000,2.3963310,2.059701,2.133155,1.7450431,2.340735,2.218739,2.241064,2.171000,2.198983,2.027931,1.978276,0.0000000,0.000000,2.042466,0.000000,0.000000,1.519842,1.945040,0.000000,2.360495,0.000000,1.779083,1.4619929,0.0000000,1.661388,0.000000,0.000000,0.0000000,0.000000,1.6245926,0.000000,0.000000,1.5468916,0.000000,2.058341,1.8189646,0.0000000,0.000000,1.701756,1.428645,1.884297,1.270285,2.010439,1.828572,0.000000,2.1919260,2.113573,0.000000,0.0000000,2.452991,1.653610,1.6516406
0.000000,1.941650,1.9113542,1.752482,0.0000000,0.000000,1.7438000,1.915382,1.752364,0.000000,0.0000000,2.0544521,2.151400,2.508517,2.162990,2.421920,0.000000,2.3029274,1.844172,2.002358,0.0000000,2.063851,1.973307,2.226697,2.047898,2.079623,1.719328,1.537789,0.0000000,0.000000,1.789526,0.000000,0.000000,1.879062,1.779585,0.000000,2.412631,1.440891,1.966134,1.9532204,2.1495606,1.676955,0.000000,1.803282,0.0000000,0.000000,1.7139075,0.000000,1.753917,1.6865333,2.196642,1.922516,1.5213118,0.0000000,2.295997,1.940594,2.068815,1.740295,1.273511,2.147692,2.076579,1.336521,2.1826220,1.982000,0.000000,0.0000000,2.472277,1.708367,1.7340147
0.000000,1.837654,1.8910939,0.000000,0.0000000,0.000000,0.0000000,0.000000,1.648525,1.820228,1.7758711,2.1136499,0.000000,2.521592,2.270615,2.386024,1.615805,2.3687613,2.040361,2.023867,0.0000000,2.187965,2.151175,2.261941,2.017266,2.137136,0.000000,2.058488,0.0000000,0.000000,1.981495,0.000000,0.000000,0.000000,1.752849,0.000000,2.386533,0.000000,0.000000,0.0000000,0.0000000,1.749494,0.000000,1.932073,0.0000000,0.000000,1.5356633,0.000000,2.010118,2.0784013,2.170091,1.922417,0.0000000,0.0000000,2.160444,1.940242,1.663689,0.000000,0.000000,2.081407,0.000000,0.000000,2.0328892,2.062308,1.800943,0.0000000,2.504915,0.000000,0.0000000
0.000000,1.818035,1.9051687,1.588563,1.4551294,0.000000,1.5479970,1.947759,1.851787,0.000000,2.1085927,2.2745896,1.455566,2.452904,2.203657,2.449825,0.000000,2.2201737,1.734646,1.897607,1.7840505,2.011116,1.802690,2.332884,1.925959,2.107609,1.608268,1.901719,1.3217110,0.000000,1.483084,0.000000,2.109863,1.994114,1.901979,0.000000,2.352295,1.702762,0.000000,1.8233947,2.0631849,1.871927,1.132342,2.166962,1.3576461,1.484509,1.6357380,0.000000,0.000000,2.0632218,0.000000,2.038566,2.1335105,0.0000000,2.428246,0.000000,1.721714,1.845554,1.670700,2.143207,1.793453,1.658458,1.8496991,2.140922,1.754789,0.0000000,2.547687,0.000000,1.8779384
1.647366,1.923859,1.9164232,1.259633,0.0000000,0.000000,1.5425615,1.932881,1.930486,0.000000,0.0000000,2.1317097,2.188359,2.449298,2.216370,2.391426,0.000000,2.3505845,1.508286,1.838074,1.2024475,2.106361,1.961964,2.280823,1.917052,2.244788,1.938958,2.146582,0.0000000,1.661068,0.000000,0.000000,1.527192,1.958243,1.717629,0.000000,2.330664,1.855820,0.000000,1.9689993,0.0000000,1.758480,0.000000,2.223438,0.0000000,2.068194,1.9214714,0.000000,0.000000,2.2236190,0.000000,1.972570,2.0174959,1.7523642,2.448115,2.072798,1.811996,1.807596,1.624392,2.113021,1.572071,1.868439,1.9987420,2.124449,1.645319,1.6739817,2.582861,0.000000,1.7946023
0.000000,0.000000,2.0151930,0.000000,2.1101775,0.000000,0.0000000,1.609335,1.846952,0.000000,1.5638856,1.7385759,0.000000,2.503631,2.257112,2.367441,0.000000,2.3042737,1.915206,1.956421,1.8974002,2.099688,1.958819,2.164286,1.868973,2.152250,2.103711,1.508745,0.0000000,0.000000,1.781685,0.000000,0.000000,0.000000,1.805185,0.000000,2.354861,1.382074,0.000000,0.0000000,0.0000000,0.000000,1.661441,2.185619,0.0000000,1.867182,1.6623441,0.000000,1.855756,2.1549864,0.000000,1.971923,1.3399873,0.0000000,2.377488,0.000000,1.525472,1.800584,1.598938,2.151891,1.532541,1.462750,1.9945927,2.152374,1.566406,0.0000000,2.457840,0.000000,1.7500037
1.751359,1.889635,1.8608659,1.513712,2.1897472,0.000000,0.9441771,1.953377,1.876962,2.013793,1.4822549,2.0763858,2.163493,2.426213,2.217318,2.412504,0.000000,0.0000000,0.000000,1.946631,1.7680779,0.000000,1.947996,2.228107,2.042925,2.103669,1.690193,0.000000,0.0000000,0.000000,0.000000,0.000000,0.000000,1.774801,1.809402,0.000000,2.348541,1.477741,0.000000,2.1386220,1.4774310,1.781250,1.421073,2.185483,0.0000000,0.000000,1.6471918,0.000000,1.895989,1.7416468,0.000000,2.024745,1.5565976,1.6388926,2.175222,0.000000,1.658105,1.882128,1.262793,2.195683,1.623721,1.671901,2.0427770,1.964147,1.141607,1.2762681,2.492612,1.788220,1.5986259
0.000000,1.926979,2.0761512,0.000000,1.7437376,0.000000,0.0000000,0.000000,0.000000,0.000000,0.0000000,0.0000000,2.176734,2.415297,2.165856,2.361498,0.000000,2.3435885,0.000000,1.924142,1.9964502,2.352952,2.056057,2.236162,1.894727,2.196389,2.125991,1.997859,0.0000000,0.000000,0.000000,0.000000,0.000000,0.000000,0.000000,0.000000,2.396813,1.942682,0.000000,0.0000000,0.0000000,0.000000,0.000000,2.091464,0.0000000,1.779059,0.0000000,0.000000,0.000000,1.7783579,0.000000,2.176640,0.0000000,0.0000000,1.996371,2.210418,1.916941,0.000000,0.000000,1.895360,0.000000,0.000000,1.8729404,2.030462,0.000000,0.0000000,2.382062,0.000000,2.2572397
0.000000,0.000000,0.0000000,0.000000,0.0000000,0.000000,0.0000000,0.000000,0.000000,0.000000,0.0000000,2.1011079,0.000000,2.469143,2.294825,2.332556,0.000000,2.2838727,0.000000,1.997493,0.0000000,2.067343,2.018719,2.288763,1.857872,2.061055,2.003963,1.799695,0.0000000,0.000000,2.025308,1.415140,0.000000,0.000000,0.000000,0.000000,2.321845,0.000000,0.000000,0.0000000,0.0000000,0.000000,0.000000,1.990703,0.0000000,0.000000,0.0000000,0.000000,0.000000,2.1371814,0.000000,0.000000,0.0000000,0.0000000,2.147049,0.000000,0.000000,1.762191,0.000000,1.948819,0.000000,0.000000,1.5979995,1.978776,1.773545,0.0000000,2.256462,0.000000,0.0000000
0.000000,2.081026,1.8250979,1.881235,2.3661898,0.000000,0.0000000,0.000000,0.000000,0.000000,0.0000000,1.7116458,2.087771,2.438861,2.075411,2.382383,0.000000,2.2733863,1.621113,0.000000,2.0380427,2.211687,1.945072,2.360081,0.000000,2.112751,1.445174,1.779915,1.6735875,0.000000,1.743143,0.000000,0.000000,1.753669,0.000000,0.000000,2.246894,0.000000,0.000000,2.3014568,2.3809634,0.000000,0.000000,2.026047,1.8753741,1.939507,0.0000000,0.000000,0.000000,2.2155986,0.000000,2.218204,0.0000000,0.0000000,1.946465,0.000000,0.000000,2.211295,1.661255,1.852232,2.172280,1.794635,0.0000000,2.168920,0.000000,1.8653542,2.330496,0.000000,0.0000000
0.000000,1.836883,0.0000000,0.000000,1.7770825,0.000000,0.0000000,0.000000,0.000000,0.000000,1.7868087,1.7310366,1.926390,2.364345,2.171574,2.370300,1.680111,0.0000000,0.000000,2.029507,0.0000000,2.216133,2.060482,2.208117,0.000000,2.018221,1.974753,0.000000,0.0000000,0.000000,2.177174,0.000000,0.000000,1.706441,0.000000,0.000000,0.000000,1.918779,0.000000,0.0000000,0.0000000,0.000000,0.000000,0.000000,0.0000000,0.000000,1.7236180,0.000000,1.886701,2.1917715,0.000000,2.158331,2.1214468,0.0000000,2.026489,1.640781,0.000000,1.922110,0.000000,0.000000,0.000000,1.859598,0.0000000,2.094856,0.000000,1.7636036,2.302558,0.000000,1.7997056
0.000000,2.300258,1.9270535,1.777926,0.0000000,0.000000,2.0980318,0.000000,1.918141,0.000000,2.3657207,0.0000000,2.140596,2.418745,2.237923,2.410467,0.000000,2.2185736,1.544446,0.000000,1.8407264,1.959719,2.045847,2.208127,0.000000,2.106181,1.622642,1.955618,0.0000000,2.190464,0.000000,1.695922,2.071120,2.089786,1.855657,0.000000,2.492975,1.905149,1.956801,2.2611515,2.2929701,2.095190,0.000000,1.960829,2.1103504,1.848082,2.0530697,2.016486,0.000000,1.6651524,0.000000,2.204021,0.0000000,2.1267187,2.088660,1.968508,2.126225,1.923834,1.355194,2.039608,1.806699,0.000000,2.4625875,1.806931,0.000000,1.3752211,2.362172,1.859322,1.5979603
0.000000,2.093103,1.8323409,0.000000,0.0000000,0.000000,1.9394060,0.000000,1.515359,0.000000,2.0169594,2.1404220,2.207851,2.415898,2.187280,2.417178,0.000000,2.3506176,1.941741,1.828495,1.8825462,2.174328,2.029945,2.296871,1.915166,2.246406,1.787308,2.173832,0.0000000,0.000000,1.778444,0.000000,1.758183,0.000000,1.550653,0.000000,2.402247,1.798511,0.000000,2.1649047,2.2076796,0.000000,0.000000,1.976994,0.0000000,0.000000,1.5744300,0.000000,1.809005,1.9610270,2.128610,2.046684,0.0000000,1.6760352,2.342253,1.901634,1.798725,2.022779,0.000000,2.085348,0.000000,1.782154,1.9610082,1.994293,0.000000,0.0000000,2.339818,0.000000,0.0000000
0.000000,1.896454,1.8518383,0.000000,0.0000000,0.000000,1.2381654,1.887608,1.762384,2.094309,2.0334036,2.1067953,2.176451,2.453348,2.223099,2.415491,0.000000,2.3524287,1.920449,1.924842,1.8861722,2.182373,2.070888,2.212327,1.919077,2.231206,1.686556,2.143315,0.0000000,1.724277,1.771271,0.000000,1.362884,0.000000,1.848052,0.000000,2.425265,1.827383,0.000000,1.9654095,1.4769650,1.697009,1.730031,2.250911,0.0000000,0.000000,1.5772897,0.000000,0.000000,1.8287279,2.038783,2.136474,1.2292278,1.5446596,2.265122,0.000000,1.824956,1.997167,0.000000,2.148057,1.715403,1.201861,2.1111718,2.005902,0.000000,0.0000000,2.489559,0.000000,1.6584306
0.000000,1.989020,1.9700321,0.000000,0.0000000,0.000000,0.0000000,2.020508,1.935716,0.000000,2.0901996,0.0000000,2.231399,2.440675,2.272408,2.364949,1.978814,2.4113213,1.979756,2.020456,1.6046890,2.265979,2.043466,2.297314,2.058157,2.218736,1.715648,2.117294,0.0000000,0.000000,2.119207,0.000000,0.000000,0.000000,1.981638,0.000000,2.411993,1.778506,1.787018,0.0000000,0.0000000,1.959786,1.640022,2.206706,0.0000000,0.000000,1.9969900,0.000000,0.000000,0.0000000,2.071768,2.109933,0.0000000,0.0000000,2.178679,1.685713,0.000000,1.834544,1.435738,2.186514,0.000000,0.000000,2.0835882,2.112188,0.000000,0.0000000,2.400200,0.000000,1.8549245
0.000000,0.000000,0.0000000,0.000000,0.0000000,0.000000,0.0000000,0.000000,0.000000,0.000000,0.0000000,0.0000000,0.000000,2.479373,2.319328,2.447356,0.000000,2.3894876,0.000000,1.987672,0.0000000,2.196587,2.007676,2.337714,1.877974,2.128728,0.000000,1.881177,0.0000000,0.000000,0.000000,0.000000,0.000000,0.000000,0.000000,0.000000,2.309163,1.846437,0.000000,0.0000000,0.0000000,0.000000,1.905052,2.029772,0.0000000,2.009377,0.0000000,0.000000,0.000000,2.1788104,2.078808,2.297671,0.0000000,0.0000000,1.896538,0.000000,0.000000,1.825160,0.000000,1.897685,1.829640,1.675597,2.0530063,2.041096,0.000000,1.4636704,2.428543,0.000000,0.0000000
0.000000,1.786844,1.8867070,1.624057,0.0000000,0.000000,0.0000000,1.776322,1.907129,0.000000,1.4279414,2.0684531,2.225857,2.436273,2.193268,2.418016,1.548939,2.2865092,1.830162,1.905056,2.0234202,2.162500,2.038258,2.325423,1.977590,2.071912,1.704653,1.856223,2.1543345,0.000000,2.109296,1.067486,0.000000,0.000000,1.588729,0.000000,2.363116,0.000000,1.688856,0.0000000,0.0000000,1.558139,1.786109,0.000000,1.4375672,0.000000,1.3232400,0.000000,2.002449,0.0000000,2.007400,2.125166,0.0000000,0.0000000,2.181566,2.112921,2.226861,1.884937,1.351976,2.077479,1.576802,0.000000,2.0892513,1.850172,0.000000,1.3787413,2.341410,0.000000,1.8446651
0.000000,1.685759,1.6413549,0.000000,0.0000000,0.000000,0.0000000,1.777827,1.447280,0.000000,2.0673319,2.1079652,2.121815,2.470446,2.223654,2.428377,0.000000,0.0000000,0.000000,1.993210,1.4971325,0.000000,2.047199,2.203081,1.955595,1.914867,1.287363,0.000000,0.0000000,0.000000,2.151270,0.000000,1.418658,0.000000,1.908325,0.000000,2.426029,0.000000,0.000000,0.0000000,0.0000000,1.615240,1.575374,1.906121,0.0000000,0.000000,1.4763418,0.000000,1.764975,0.0000000,2.224406,2.092844,0.0000000,0.0000000,2.283414,0.000000,1.510372,0.000000,0.000000,2.135146,0.000000,1.844226,2.0884809,2.083034,0.000000,0.0000000,2.244866,1.993558,1.8161297
0.000000,1.790243,1.6135332,0.000000,0.0000000,0.000000,0.0000000,1.919466,2.093550,0.000000,2.0117188,2.0721812,2.283960,2.435000,2.179890,2.425675,2.023791,2.4315539,1.842620,1.907451,1.9140185,2.230265,2.052791,2.219597,1.978868,2.207409,1.823350,2.200910,2.2397580,1.150531,2.179840,0.000000,0.000000,0.000000,1.746766,0.000000,2.335862,1.604915,0.000000,0.0000000,0.0000000,1.693530,0.000000,2.213624,1.5706951,0.000000,0.0000000,0.000000,0.000000,1.8867351,0.000000,2.129389,0.0000000,0.0000000,2.302623,1.826631,1.805450,1.859301,0.000000,2.109896,1.484060,0.000000,2.0482341,1.965805,0.000000,0.0000000,2.455578,0.000000,1.8505485
0.000000,1.752084,1.2607668,0.000000,0.0000000,0.000000,1.5212508,1.796222,1.773889,0.000000,2.0041301,2.1233064,2.256785,2.433366,2.214978,2.414867,1.961868,2.3680879,1.790549,2.018996,1.9640924,2.215214,2.103514,2.199564,2.037509,2.185193,1.666603,2.001265,2.2075809,0.000000,2.154221,0.000000,0.000000,0.000000,1.870664,0.000000,2.354041,0.000000,0.000000,0.0000000,0.0000000,1.697623,1.523012,2.201557,0.0000000,0.000000,0.0000000,0.000000,1.758777,1.7300820,2.171454,2.019468,0.0000000,0.0000000,2.166757,2.005401,1.567957,1.753742,0.000000,2.153941,0.000000,1.427639,2.0993412,1.895775,0.000000,1.4124325,2.267463,0.000000,1.7979531
0.000000,1.580364,0.0000000,0.000000,0.0000000,0.000000,1.4805846,1.589926,1.605703,0.000000,1.8485308,1.9972438,2.247936,2.423297,2.247249,2.383752,1.853036,2.3760572,1.885039,1.999951,1.9001312,2.263376,2.170315,2.249338,2.049012,2.208326,0.000000,2.051271,2.2510242,0.000000,2.172828,1.181948,1.804806,0.000000,1.800415,0.000000,2.238977,0.000000,0.000000,0.0000000,0.0000000,0.000000,1.468696,0.000000,0.0000000,0.000000,1.4886433,0.000000,0.000000,1.6104308,2.184408,2.070970,0.0000000,0.0000000,2.141351,1.884988,0.000000,1.640569,0.000000,1.883528,0.000000,1.464919,2.0188004,1.864527,0.000000,0.0000000,2.184194,0.000000,1.7701146
0.000000,1.936977,1.3289179,0.000000,0.0000000,0.000000,0.0000000,1.751330,1.898030,0.000000,2.0516222,2.0216925,2.219941,2.427151,2.230177,2.460993,1.922187,2.2967912,1.726026,1.914790,1.8907402,2.198104,2.077752,2.275236,1.907594,2.142063,1.935146,1.928465,2.1901883,0.000000,2.145062,0.000000,0.000000,0.000000,1.897208,0.000000,2.456984,1.978453,0.000000,0.0000000,0.0000000,1.601646,1.648120,1.496784,1.4454505,0.000000,0.0000000,0.000000,1.807606,1.8536351,2.252869,2.040551,0.0000000,1.6877101,2.237652,1.678589,0.000000,1.742625,0.000000,2.134357,0.000000,0.000000,2.0041235,2.008603,0.000000,0.0000000,2.398563,0.000000,1.7363290
0.000000,1.953973,1.5701878,0.000000,0.0000000,0.000000,0.0000000,1.993306,1.978757,0.000000,0.0000000,2.0572506,2.103434,2.462368,2.214607,2.369023,1.940955,2.2755165,0.000000,1.814198,1.7642299,0.000000,1.983632,2.181087,1.869774,2.046056,1.254108,1.868123,2.0928329,1.426425,2.058491,0.000000,1.401442,0.000000,1.807606,0.000000,2.412559,0.000000,1.244095,0.0000000,0.0000000,0.000000,1.405099,2.156791,0.0000000,0.000000,1.8689926,0.000000,1.677678,0.0000000,2.172369,2.098669,0.0000000,0.0000000,2.119165,2.085232,2.018911,1.659889,0.000000,2.164995,0.000000,1.866778,2.0198717,1.965766,0.000000,1.1657332,2.334722,1.655141,1.8373701
0.000000,1.995578,1.5751045,0.000000,0.0000000,0.000000,0.0000000,1.716866,0.000000,0.000000,0.0000000,2.0375371,2.217304,2.458126,2.230105,2.348075,1.847744,2.3507857,1.860415,2.026696,1.5743850,2.298862,2.042000,2.252556,2.056959,2.169922,1.928399,2.041199,2.2911518,0.000000,2.188843,0.000000,0.000000,0.000000,1.886223,0.000000,2.338319,0.000000,0.000000,0.0000000,0.0000000,1.638433,1.425917,1.772085,0.0000000,0.000000,1.8215977,0.000000,0.000000,0.0000000,1.998088,2.070231,0.0000000,0.0000000,2.319106,0.000000,0.000000,1.708367,0.000000,2.128863,0.000000,0.000000,2.0974632,1.946968,0.000000,0.0000000,2.418805,0.000000,2.0364159
0.000000,1.834965,1.7726756,1.383088,0.0000000,0.000000,1.6942879,1.453814,0.000000,0.000000,1.0968442,2.1034811,2.140693,2.447578,2.255385,2.440045,1.292899,0.0000000,0.000000,1.986521,1.7440806,0.000000,1.804990,2.175234,2.040667,2.064401,1.523072,0.000000,0.0000000,0.000000,0.000000,0.000000,0.000000,0.000000,1.699703,0.000000,2.257638,0.000000,1.574024,0.0000000,0.0000000,1.610212,1.565980,0.000000,1.5920113,0.000000,0.0000000,0.000000,1.830487,0.0000000,1.992270,2.143810,1.4292463,0.0000000,2.102945,0.000000,1.187010,1.640569,0.000000,2.023817,0.000000,0.000000,2.0772843,1.874329,0.000000,0.0000000,2.424737,1.815352,1.9092826
0.000000,1.887307,1.8480517,1.654419,0.0000000,0.000000,1.5173650,1.823905,1.995448,0.000000,0.0000000,2.1092139,2.141819,2.453842,2.224506,2.393789,1.455042,0.0000000,0.000000,1.964068,1.8635006,0.000000,1.978567,2.217563,2.074975,1.843080,1.857032,0.000000,0.0000000,1.688632,0.000000,0.000000,0.000000,0.000000,1.858866,0.000000,2.291554,0.000000,1.694504,1.1354695,0.0000000,1.745059,1.528310,2.158083,1.1701447,0.000000,0.0000000,0.000000,1.759873,1.3692143,2.112452,2.079589,1.2988673,1.4493634,1.991081,1.951999,1.941935,1.819565,0.000000,2.074051,1.493542,1.350199,2.2646680,1.990492,0.000000,1.1291731,2.417954,1.971685,1.8790564
0.000000,1.872672,1.7933529,1.273083,0.0000000,0.000000,0.0000000,1.996120,2.057514,0.000000,2.0749270,2.1223318,2.085777,2.490716,2.289854,2.433681,0.000000,2.2526695,0.000000,2.019282,1.4698309,2.070517,1.980191,2.158380,2.050746,1.911145,1.426729,1.676375,2.2116421,0.000000,2.108109,0.000000,0.000000,0.000000,1.953574,0.000000,2.412454,1.639626,0.000000,0.0000000,0.0000000,1.781468,1.550291,2.224257,0.0000000,0.000000,1.7347127,0.000000,1.754005,1.6391986,1.890925,2.023813,0.0000000,0.0000000,2.102515,0.000000,0.000000,1.845707,0.000000,2.139542,0.000000,0.000000,2.0387847,2.072543,1.615523,0.0000000,2.478445,1.753771,1.7905379
0.000000,1.844719,1.6963063,0.000000,2.0532296,0.000000,0.0000000,1.746781,1.979802,0.000000,0.0000000,2.0485360,2.082839,2.451211,2.182009,2.420748,1.942304,2.2606127,1.595908,1.954486,1.8852778,2.130914,2.084464,2.214374,2.006586,2.153074,0.000000,2.059041,2.2342769,0.000000,2.095191,1.457128,0.000000,0.000000,1.870086,0.000000,2.425274,0.000000,0.000000,1.2070861,1.6279018,1.692221,1.487030,2.140410,1.3117610,1.502964,0.0000000,0.000000,1.668855,1.4906763,1.817428,2.134681,1.4597896,0.0000000,1.942635,2.054321,1.420551,1.585381,0.000000,2.068782,1.806759,1.685256,2.0404382,1.838235,0.000000,0.0000000,2.393182,0.000000,1.8540088
0.000000,1.702208,1.4155702,0.000000,0.0000000,0.000000,0.0000000,1.537789,2.013580,0.000000,0.0000000,2.1158372,2.196391,2.467349,2.193612,2.408740,0.000000,1.1940991,0.000000,1.968502,2.0906990,0.000000,1.974104,2.231101,1.988878,1.769853,0.000000,0.000000,2.2047810,0.000000,2.205203,0.000000,0.000000,0.000000,1.802732,0.000000,2.373665,0.000000,0.000000,0.0000000,0.0000000,1.762892,1.392235,2.114068,1.4198170,0.000000,0.0000000,0.000000,1.883643,0.0000000,2.164924,2.151018,0.0000000,0.0000000,2.043285,0.000000,0.000000,1.455566,0.000000,2.233022,0.000000,0.000000,2.0764046,1.915800,0.000000,0.0000000,2.409735,1.728518,1.8536135
0.000000,1.996051,0.0000000,1.847533,0.0000000,0.000000,0.0000000,1.547524,1.261670,0.000000,1.4130859,2.1092886,2.235777,2.446194,2.271916,2.405645,1.078471,2.3578908,0.000000,1.991862,2.0460174,2.311394,1.927959,2.200022,1.999753,2.069330,1.902498,1.766722,0.0000000,1.483160,2.085487,0.000000,0.000000,0.000000,1.875448,0.000000,2.289492,0.000000,1.823305,0.0000000,0.0000000,1.663768,1.995753,2.206453,1.7512406,0.000000,1.6850956,0.000000,0.000000,0.0000000,2.165405,2.042626,2.0524425,0.0000000,1.987735,1.215815,0.000000,1.717573,0.000000,1.959230,1.441831,1.657369,2.0393873,1.950370,0.000000,0.0000000,2.412774,1.687733,1.8535271
0.000000,2.045729,0.0000000,1.662529,0.0000000,0.000000,0.0000000,1.859018,1.211070,0.000000,1.6267841,2.0746120,2.305049,2.447715,2.036868,2.437932,1.567769,2.4095970,1.048430,2.012785,1.5551932,2.188413,2.039512,2.217109,1.979014,2.194847,1.569540,2.110865,2.1555233,0.000000,2.051194,0.000000,0.000000,0.000000,1.862102,0.000000,2.320529,0.000000,1.812908,0.0000000,0.0000000,1.650618,1.604500,1.995811,1.7840386,0.000000,1.8330372,0.000000,0.000000,1.7243481,2.148193,2.062785,1.5653642,0.0000000,2.205971,0.000000,0.000000,1.759690,0.000000,2.153341,1.554133,1.479667,2.0888228,1.886155,0.000000,0.0000000,2.449911,0.000000,1.9116004
0.000000,1.905874,1.8138619,0.000000,0.0000000,0.000000,1.0690122,1.785395,1.990003,1.518360,1.2220835,2.0199562,2.287978,2.439969,2.205097,2.443736,0.000000,0.0000000,0.000000,2.011327,1.7698273,0.000000,1.869441,2.212123,1.963765,2.064914,1.589514,0.000000,1.0428776,1.303004,0.000000,1.328423,0.000000,0.000000,1.877505,0.000000,2.399546,0.000000,0.000000,0.0000000,1.9006323,1.683042,1.731951,2.205673,1.7840268,0.000000,0.0000000,0.000000,1.815761,1.8194454,2.079106,2.114135,1.5902548,0.0000000,2.310113,0.000000,1.749674,1.759873,0.000000,2.031741,1.512499,1.857656,2.1033858,1.962296,0.000000,1.3240847,2.449110,0.000000,1.8526962
0.000000,1.424486,0.0000000,0.000000,0.0000000,0.000000,1.7889663,0.000000,1.969568,0.000000,0.0000000,2.1224279,2.231286,2.478377,2.255648,2.427203,0.000000,0.9125455,0.000000,2.001031,1.6760109,0.000000,1.906223,2.217395,2.004839,2.009740,0.000000,0.000000,0.0000000,0.000000,0.000000,0.000000,0.000000,0.000000,1.923783,0.000000,2.261882,0.000000,1.822196,0.0000000,0.0000000,1.903168,1.097751,2.175915,0.0000000,0.000000,1.1934912,0.000000,1.886617,0.0000000,2.028813,2.096674,1.5005851,0.0000000,2.200660,0.000000,1.339675,1.701735,0.000000,2.040222,0.000000,0.000000,2.0944874,1.904086,0.000000,0.0000000,2.373998,1.625891,1.9401757
0.000000,1.689236,1.7650157,1.943074,0.0000000,0.000000,0.0000000,1.160189,1.263465,0.000000,0.0000000,2.0772087,2.174804,2.435208,2.246035,2.401891,0.000000,2.3860103,0.000000,2.021181,2.0455843,2.268131,2.163681,2.188337,2.009861,2.158992,1.993135,1.891474,2.2311553,0.000000,2.090298,0.000000,1.901689,1.481270,1.962054,0.000000,2.376322,0.000000,0.000000,0.0000000,0.0000000,1.740295,1.709291,2.167719,0.0000000,0.000000,1.6853018,0.000000,0.000000,1.2665711,1.986942,2.086261,1.6137118,0.0000000,2.075349,1.834858,1.459875,1.771788,0.000000,1.944576,1.567535,1.324758,2.1232889,1.947711,0.000000,0.0000000,2.390161,1.665022,2.0059950
0.000000,1.915382,1.6227099,0.000000,0.0000000,0.000000,0.0000000,0.000000,1.893746,0.000000,1.6751096,2.0172977,2.285074,2.422260,2.220199,2.422325,1.949006,2.3680062,1.857159,1.913265,1.9595192,2.201459,2.137635,2.259242,1.886324,2.214932,2.111220,2.107293,1.6128887,0.000000,1.750944,1.713221,0.000000,0.000000,1.787064,0.000000,2.326337,0.000000,1.791733,0.0000000,0.0000000,1.740949,1.732558,2.023138,0.0000000,0.000000,0.0000000,0.000000,0.000000,0.0000000,2.180985,2.090269,1.3030042,0.0000000,2.051786,0.000000,1.929328,1.862048,1.706201,2.178223,0.000000,0.000000,2.0711006,1.996389,0.000000,1.7595643,2.344106,0.000000,1.8550599
0.000000,2.141234,1.7610157,1.592133,0.0000000,0.000000,1.6994319,2.057226,0.000000,0.000000,1.9141186,2.0757832,2.246276,2.378138,2.188681,2.419944,0.000000,2.3472773,0.000000,1.840845,1.7887485,2.207719,2.084563,2.229740,1.996598,2.158739,0.000000,2.000140,0.0000000,1.295808,0.000000,1.264801,0.000000,0.000000,1.921170,0.000000,2.231100,1.448913,1.751003,0.0000000,0.0000000,1.914736,0.000000,1.925656,0.0000000,0.000000,1.5694009,0.000000,0.000000,1.6997243,0.000000,2.117364,2.0991793,0.0000000,2.063189,0.000000,1.774675,1.851758,1.665126,2.054435,0.000000,1.321881,1.9681353,1.869812,1.778000,1.6382173,2.382963,1.176775,1.9985558
0.000000,0.000000,0.0000000,0.000000,0.0000000,0.000000,0.0000000,0.000000,0.000000,0.000000,0.0000000,2.1230332,2.222544,2.441755,2.257479,2.412577,2.016266,2.4557883,0.000000,2.033332,0.0000000,2.339016,2.248796,2.259125,0.000000,2.258879,1.429646,2.236727,2.3374949,0.000000,2.273493,0.000000,0.000000,0.000000,0.000000,0.000000,2.375689,0.000000,0.000000,0.0000000,0.0000000,0.000000,0.000000,0.000000,0.0000000,0.000000,0.0000000,0.000000,1.814523,0.0000000,2.202528,1.945307,0.0000000,0.0000000,2.291963,0.000000,0.000000,0.000000,0.000000,2.002912,0.000000,1.496923,2.0355778,1.934469,1.517614,0.0000000,2.263109,0.000000,1.6765202
0.000000,1.930802,0.0000000,0.000000,0.0000000,0.000000,1.4565222,0.000000,0.000000,0.000000,0.0000000,0.0000000,2.268291,2.406077,2.180197,2.398503,0.000000,0.0000000,1.830384,0.000000,0.0000000,0.000000,1.851605,2.225254,0.000000,2.098497,0.000000,0.000000,0.0000000,0.000000,2.199390,0.000000,0.000000,0.000000,0.000000,0.000000,2.298854,0.000000,0.000000,0.0000000,0.0000000,0.000000,0.000000,0.000000,0.0000000,0.000000,0.0000000,0.000000,0.000000,0.0000000,2.173893,0.000000,0.0000000,0.0000000,2.031273,0.000000,0.000000,0.000000,0.000000,0.000000,0.000000,0.000000,1.9173406,1.942194,0.000000,0.0000000,2.394896,0.000000,1.8404333
0.000000,0.000000,0.0000000,0.000000,0.0000000,0.000000,0.0000000,1.749223,1.623452,0.000000,1.8084367,2.1299744,2.190794,2.426140,2.202500,2.420735,1.887335,2.4014888,1.791126,1.871234,1.7789975,2.189234,1.926439,2.212263,1.927558,2.161515,0.000000,2.197919,2.1826138,1.509528,2.102116,0.000000,0.000000,0.000000,0.000000,0.000000,2.423570,0.000000,0.000000,0.0000000,0.0000000,0.000000,0.000000,1.719859,0.0000000,0.000000,0.0000000,0.000000,1.813968,0.0000000,2.172896,2.064585,0.0000000,0.0000000,2.084699,2.045038,1.688654,1.806557,0.000000,2.192352,0.000000,0.000000,2.0783277,1.963808,0.000000,0.0000000,2.379520,0.000000,1.7099175
0.000000,1.710580,0.0000000,0.000000,0.0000000,0.000000,0.0000000,0.000000,2.009551,0.000000,1.9494919,2.1037126,2.208697,2.451513,2.234744,2.434074,1.711472,2.3491176,1.853599,1.943067,2.0204104,2.268868,2.067557,2.184575,1.987768,2.006547,1.866876,0.000000,2.2610522,0.000000,2.203517,0.000000,0.000000,0.000000,1.746337,0.000000,2.360950,0.000000,0.000000,0.0000000,0.0000000,1.582741,1.536953,2.164105,0.0000000,0.000000,1.6575599,0.000000,0.000000,0.0000000,1.974899,2.102876,0.0000000,0.0000000,2.270503,0.000000,1.732255,1.707853,0.000000,2.165690,0.000000,0.000000,2.1096925,1.964979,0.000000,0.0000000,1.977225,0.000000,1.8243781
0.000000,1.985977,1.7332966,0.000000,0.0000000,0.000000,0.0000000,1.712186,0.000000,0.000000,2.0702089,2.1034317,2.204627,2.481738,2.249123,2.355713,1.300381,2.3385941,1.889140,1.942773,2.1474795,2.139744,2.047713,2.200873,2.011620,2.137407,2.120470,1.901156,2.2711787,0.000000,2.223966,0.000000,0.000000,0.000000,1.910767,0.000000,2.362294,0.000000,1.725657,0.0000000,0.0000000,1.797361,1.444159,1.913786,0.0000000,0.000000,1.7394460,0.000000,0.000000,1.7885075,2.097336,2.126182,2.0452467,0.0000000,2.331430,1.835394,1.608195,1.760612,0.000000,2.163575,0.000000,0.000000,2.1214654,2.001909,1.453726,0.0000000,2.132692,1.843523,1.8966733
0.000000,1.944633,1.7626041,0.000000,0.0000000,0.000000,0.0000000,2.057769,1.936951,0.000000,0.0000000,2.0641247,2.102289,2.465058,2.215390,2.358879,1.269417,1.0725379,0.000000,1.837427,1.7633988,0.000000,1.702434,2.172416,1.897571,1.897183,0.000000,0.000000,0.0000000,0.000000,0.000000,0.000000,0.000000,0.000000,1.979444,0.000000,2.379289,1.436895,0.000000,0.0000000,0.0000000,1.703007,0.000000,2.118683,1.2462787,0.000000,1.4294462,0.000000,1.714288,0.0000000,2.198015,2.110393,0.0000000,0.0000000,2.119915,2.043276,1.967818,1.784098,0.000000,2.170164,0.000000,1.867585,2.0688962,1.987069,0.000000,0.0000000,2.364074,1.923255,1.8793596
0.000000,1.312653,1.5251139,0.000000,0.0000000,0.000000,1.4230457,1.902895,0.000000,0.000000,0.0000000,2.0053795,2.062538,2.477472,2.197179,2.411175,1.466571,0.0000000,0.000000,1.914913,1.4265262,0.000000,2.014600,2.218779,1.877409,1.816016,1.808826,0.000000,1.7817931,0.000000,2.146822,0.000000,0.000000,0.000000,1.878717,0.000000,2.514856,1.975655,0.000000,1.5198419,0.0000000,0.000000,1.331863,1.944994,0.0000000,0.000000,0.0000000,0.000000,1.808736,1.5737076,2.267361,2.166314,0.0000000,0.0000000,2.272979,0.000000,0.000000,1.861247,0.000000,2.228431,0.000000,1.885210,2.1258182,2.020926,0.000000,0.0000000,2.440783,1.731968,2.1643759
0.000000,1.670373,1.5496681,0.000000,0.0000000,0.000000,0.0000000,1.767893,2.087141,0.000000,0.0000000,2.0900992,2.168521,2.474494,2.262248,2.402688,1.277739,2.1832098,0.000000,2.055338,1.7963311,1.884942,2.058890,2.233668,2.091280,2.004704,1.873959,0.000000,2.2846176,0.000000,2.245179,0.000000,1.623351,0.000000,1.809837,0.000000,2.377808,0.000000,0.000000,0.0000000,0.0000000,1.628164,0.000000,2.180237,0.0000000,0.000000,1.5208844,0.000000,1.845524,0.0000000,2.255598,2.128650,0.0000000,0.0000000,2.075910,1.929892,0.000000,1.669540,0.000000,2.118426,0.000000,1.882535,2.1784446,2.061120,0.000000,1.2845403,2.455132,1.804385,1.8440873
0.000000,0.000000,1.4453585,0.000000,0.0000000,0.000000,0.0000000,1.729482,2.024354,0.000000,0.0000000,2.1410936,2.115080,2.470744,2.206684,2.415474,1.438618,2.1874318,1.573073,2.059828,2.1498704,1.944432,2.027667,2.221602,2.037883,2.035736,0.000000,0.000000,2.2666191,0.000000,2.240074,0.000000,0.000000,0.000000,1.799461,0.000000,2.376671,0.000000,0.000000,0.0000000,0.0000000,0.000000,0.000000,2.120548,0.0000000,0.000000,1.9070811,0.000000,0.000000,0.0000000,2.167307,2.075355,1.4478261,0.0000000,2.162574,2.077096,2.004964,1.797220,0.000000,2.177398,0.000000,0.000000,2.1094699,1.928558,0.000000,1.5566974,2.366672,1.679708,1.8576697
0.000000,1.877548,0.0000000,0.000000,0.0000000,0.000000,0.0000000,1.957290,0.000000,0.000000,0.0000000,2.1135397,2.141095,2.461221,2.190568,2.395076,0.000000,2.2411144,0.000000,1.884891,1.9466626,2.108279,2.104189,2.267467,2.046956,1.879437,1.859412,1.885380,2.3136568,0.000000,2.251047,0.000000,0.000000,0.000000,1.505178,0.000000,2.344046,0.000000,0.000000,1.3275957,0.0000000,0.000000,0.000000,1.938045,0.0000000,0.000000,0.0000000,0.000000,0.000000,1.7615148,2.142884,2.167932,0.0000000,0.0000000,2.336381,1.786494,1.678541,1.792260,0.000000,2.092145,0.000000,0.000000,2.0466930,1.898427,0.000000,0.0000000,2.277206,1.797393,1.8547890
0.000000,1.767627,0.0000000,0.000000,0.0000000,0.000000,0.0000000,1.527957,2.114926,0.000000,0.0000000,2.1320415,2.138899,2.433820,2.219950,2.396442,1.204488,2.1146880,0.000000,1.976235,2.1877153,2.021412,2.095345,2.234518,1.956183,1.832417,1.875154,0.000000,2.3070509,0.000000,2.232496,0.000000,1.462666,0.000000,1.926357,0.000000,2.417023,0.000000,0.000000,1.2215452,0.0000000,0.000000,1.650846,2.204379,0.0000000,0.000000,0.0000000,0.000000,1.815172,1.7363454,2.145205,2.108230,0.0000000,0.0000000,2.130181,0.000000,0.000000,1.459363,0.000000,2.055709,0.000000,0.000000,2.0531245,1.964462,0.000000,0.0000000,2.357551,1.778887,1.8191497
0.000000,1.847954,1.9338707,1.657259,0.0000000,0.000000,0.0000000,1.757942,0.000000,0.000000,1.5036376,2.0741994,2.106039,2.446506,2.181069,2.366525,1.343857,2.1858084,0.000000,1.882146,1.9885011,1.931534,2.098726,2.336952,2.037827,1.967346,1.774003,1.905154,2.2383785,1.882749,2.209030,0.000000,0.000000,0.000000,1.655224,0.000000,2.396471,0.000000,1.693443,0.0000000,0.0000000,0.000000,1.787782,1.704915,0.0000000,0.000000,0.0000000,0.000000,2.033795,0.0000000,2.023051,2.162457,0.0000000,0.0000000,2.229073,2.151831,2.285514,1.887865,0.000000,2.112455,1.689837,0.000000,2.1603750,1.849484,0.000000,1.4476444,2.444531,0.000000,1.8696523
0.000000,0.000000,1.9320573,0.000000,0.0000000,0.000000,1.3352466,0.000000,2.074124,1.502829,2.0646957,2.0952624,2.088892,2.439920,2.337261,2.397474,1.722219,2.1940009,0.000000,1.973349,0.0000000,1.836891,2.014270,2.204798,1.939827,1.968248,0.000000,0.000000,2.2311442,0.000000,0.000000,0.000000,0.000000,0.000000,1.911777,0.000000,2.445399,1.804878,0.000000,0.0000000,0.0000000,0.000000,1.631595,2.151854,0.0000000,0.000000,1.4634198,0.000000,0.000000,1.7218406,2.177674,2.399209,0.0000000,0.0000000,2.147811,0.000000,0.000000,1.747833,0.000000,2.170836,0.000000,0.000000,2.1386926,1.943602,0.000000,0.0000000,2.412162,1.937489,1.6412342
0.000000,1.671552,1.8334967,0.000000,0.0000000,0.000000,0.0000000,0.000000,1.832811,0.000000,1.6221680,2.0397198,2.154180,2.513531,2.248906,2.390762,1.498452,2.2277548,1.631467,1.968372,0.0000000,2.109617,2.052080,2.227000,1.989210,1.907810,1.355048,1.825505,2.2892713,1.698067,2.228736,0.000000,0.000000,0.000000,0.000000,0.000000,2.389159,0.000000,0.000000,0.0000000,0.0000000,0.000000,1.580320,0.000000,0.0000000,0.000000,0.0000000,0.000000,1.794194,1.5834260,2.047608,2.092590,0.0000000,0.0000000,2.303614,0.000000,1.646696,1.736951,0.000000,2.199435,0.000000,0.000000,2.0392703,2.068389,0.000000,0.0000000,2.395460,1.823134,1.7409168
0.000000,1.755512,1.7671353,0.000000,0.0000000,0.000000,1.5764011,1.948681,0.000000,0.000000,0.0000000,2.1321089,2.209710,2.409187,2.245027,2.424031,0.000000,0.0000000,0.000000,1.993075,1.6395346,0.000000,1.979314,2.179799,1.965337,2.066399,1.751907,0.000000,0.0000000,0.000000,0.000000,0.000000,0.000000,0.000000,1.954390,0.000000,2.414407,1.720462,0.000000,0.0000000,0.0000000,1.846460,1.472000,0.000000,0.0000000,0.000000,1.2404074,0.000000,1.712723,1.6979403,2.262375,2.162884,1.7442674,0.0000000,2.283111,0.000000,1.445726,1.558139,0.000000,2.044572,0.000000,0.000000,2.0793557,2.065748,0.000000,0.0000000,2.354381,1.521921,1.8158458
0.000000,0.000000,1.8304013,0.000000,0.0000000,0.000000,0.0000000,1.927583,0.000000,1.629272,0.0000000,2.0803776,2.066683,2.503754,2.291641,2.378997,0.000000,0.0000000,0.000000,1.995531,1.2371617,0.000000,1.955968,2.175055,1.980558,2.018198,0.000000,0.000000,0.0000000,0.000000,0.000000,0.000000,0.000000,0.000000,1.909041,0.000000,2.405392,1.205935,1.886499,1.0917962,1.5974496,1.651471,1.527722,1.971339,0.0000000,0.000000,0.0000000,0.000000,0.000000,0.0000000,2.146633,2.385534,0.0000000,0.0000000,2.158718,0.000000,0.000000,1.281475,0.000000,2.076048,0.000000,0.000000,2.0690902,2.091724,1.355773,0.0000000,2.417259,2.019891,1.8109795
0.000000,0.000000,1.5290121,0.000000,0.0000000,0.000000,0.0000000,0.000000,1.836516,0.000000,1.6595393,2.0560679,2.188839,2.456977,2.231508,2.374238,1.616684,2.3868772,1.722759,1.993577,1.3924766,2.274281,2.129171,2.223470,2.001315,2.171514,1.375221,2.086535,0.0000000,0.000000,2.082728,0.000000,0.000000,0.000000,1.645142,0.000000,2.204327,1.693660,1.552810,0.0000000,0.0000000,1.728932,1.592174,1.708327,0.0000000,0.000000,1.4601302,0.000000,0.000000,2.0829749,2.074394,0.000000,1.9643582,0.0000000,2.272068,0.000000,0.000000,1.672076,0.000000,2.052644,1.470718,1.524336,1.9164142,2.028904,1.778740,1.3076099,2.415210,1.699683,1.8777762
0.000000,0.000000,1.8531448,0.000000,0.0000000,0.000000,0.0000000,0.000000,0.000000,0.000000,0.0000000,1.9490127,2.109848,2.477352,2.265961,2.399796,0.000000,2.3943105,0.000000,2.058884,0.0000000,2.277393,2.122448,2.185565,0.000000,0.000000,0.000000,0.000000,0.0000000,0.000000,0.000000,0.000000,0.000000,0.000000,0.000000,0.000000,0.000000,1.821106,0.000000,1.8482091,0.0000000,0.000000,0.000000,2.015773,0.0000000,0.000000,0.0000000,0.000000,0.000000,0.0000000,0.000000,0.000000,0.0000000,0.0000000,2.369355,0.000000,0.000000,0.000000,0.000000,0.000000,0.000000,0.000000,0.0000000,2.178740,0.000000,0.0000000,2.537274,0.000000,0.0000000
0.000000,0.000000,0.0000000,0.000000,0.0000000,0.000000,0.0000000,0.000000,0.000000,0.000000,0.0000000,0.0000000,2.180591,2.434968,2.168670,2.406184,0.000000,2.3582222,2.057407,0.000000,0.0000000,2.181663,2.060201,2.257569,0.000000,2.276155,0.000000,2.168759,0.0000000,0.000000,1.983793,1.782621,0.000000,0.000000,0.000000,0.000000,0.000000,1.990737,0.000000,0.0000000,0.0000000,0.000000,0.000000,0.000000,0.0000000,1.888365,0.0000000,0.000000,0.000000,0.0000000,0.000000,1.972966,0.0000000,0.0000000,0.000000,0.000000,0.000000,0.000000,0.000000,0.000000,0.000000,0.000000,0.0000000,0.000000,0.000000,1.9852649,2.495598,0.000000,0.0000000
0.000000,0.000000,1.9265136,0.000000,2.1170946,0.000000,0.0000000,0.000000,2.045174,0.000000,0.0000000,2.1342811,2.116385,2.470500,2.224156,2.362003,0.000000,2.3167290,0.000000,2.027289,1.9628012,2.167008,2.104644,2.217557,2.016537,1.966775,0.000000,0.000000,0.0000000,0.000000,0.000000,0.000000,0.000000,0.000000,0.000000,0.000000,2.416576,0.000000,1.971025,0.0000000,0.0000000,0.000000,0.000000,2.063820,0.0000000,0.000000,0.0000000,0.000000,1.855614,1.8718575,2.100175,2.172075,0.0000000,0.0000000,2.212699,2.280322,2.044888,0.000000,0.000000,0.000000,1.988691,0.000000,2.0141284,2.245871,1.915414,0.0000000,2.427269,0.000000,0.0000000
0.000000,1.815713,0.0000000,0.000000,0.0000000,0.000000,0.0000000,0.000000,2.058013,0.000000,2.1683452,1.8011322,2.164311,2.433869,2.208258,2.443653,1.738754,2.3024256,0.000000,1.819528,1.8653542,2.159208,2.040605,2.253251,1.920432,2.020512,1.823995,2.156239,0.0000000,0.000000,0.000000,0.000000,0.000000,0.000000,0.000000,0.000000,2.459118,2.032063,1.835459,0.0000000,0.0000000,0.000000,0.000000,0.000000,0.0000000,1.997300,0.0000000,0.000000,0.000000,2.0842407,0.000000,2.024113,0.0000000,0.0000000,2.414432,0.000000,0.000000,0.000000,0.000000,2.267788,0.000000,0.000000,1.8979686,2.048085,1.781889,0.0000000,2.543827,0.000000,0.0000000
0.000000,0.000000,0.0000000,0.000000,0.0000000,0.000000,0.0000000,0.000000,2.010601,0.000000,2.2089933,2.1728227,2.184818,2.445209,2.218627,2.454067,1.754208,2.3221615,0.000000,1.829107,1.8868979,2.188661,2.062038,2.263620,1.913114,2.052334,1.844427,2.167318,0.0000000,0.000000,0.000000,0.000000,0.000000,0.000000,0.000000,0.000000,2.510549,2.029083,0.000000,0.0000000,0.0000000,0.000000,0.000000,0.000000,0.0000000,2.054636,0.0000000,0.000000,1.903919,2.0999597,2.286892,2.014255,0.0000000,0.0000000,2.150287,0.000000,0.000000,1.982738,0.000000,2.303750,0.000000,0.000000,2.0165489,2.043582,0.000000,0.0000000,2.550929,0.000000,0.0000000
0.000000,1.966593,0.0000000,0.000000,0.0000000,0.000000,0.0000000,0.000000,1.874798,0.000000,2.0708903,2.1899926,2.219813,2.438253,2.207957,2.417707,1.796440,2.3625666,2.018239,1.948170,1.8660255,2.200056,2.086750,2.243729,2.048410,1.955798,1.902244,2.159956,0.0000000,0.000000,1.867780,0.000000,0.000000,0.000000,0.000000,0.000000,2.361339,1.689971,0.000000,0.0000000,0.0000000,0.000000,0.000000,0.000000,0.0000000,1.927099,0.0000000,0.000000,0.000000,1.9273083,2.114190,1.856583,0.0000000,0.0000000,2.220620,2.000720,0.000000,0.000000,0.000000,2.282625,0.000000,0.000000,1.8927193,2.127623,1.664579,0.0000000,2.478596,0.000000,0.0000000
0.000000,0.000000,1.7997162,0.000000,0.0000000,0.000000,0.0000000,0.000000,2.067570,0.000000,0.0000000,2.1088414,2.171285,2.457898,2.241844,2.415863,0.000000,2.2650880,0.000000,2.006781,1.8677864,2.076145,1.962328,2.322273,0.000000,0.000000,0.000000,2.052215,0.0000000,0.000000,0.000000,0.000000,0.000000,1.852819,0.000000,0.000000,2.438392,2.024911,0.000000,1.9071532,1.6716516,0.000000,0.000000,1.946042,0.0000000,0.000000,0.0000000,0.000000,0.000000,1.9984729,2.189772,1.773047,0.0000000,0.0000000,2.328883,1.871101,1.645348,1.977752,0.000000,2.204134,0.000000,0.000000,1.8107440,2.098488,0.000000,0.0000000,2.501638,0.000000,0.0000000
0.000000,0.000000,0.0000000,0.000000,0.0000000,0.000000,0.0000000,0.000000,0.000000,0.000000,1.9514413,0.0000000,1.988669,2.454000,2.244749,2.392922,0.000000,0.0000000,2.097046,2.085910,1.9996096,2.267808,1.923935,2.238631,0.000000,1.894711,1.990703,0.000000,0.0000000,0.000000,1.927152,0.000000,1.737343,0.000000,0.000000,0.000000,2.319496,1.822603,0.000000,0.0000000,0.0000000,0.000000,0.000000,0.000000,0.0000000,0.000000,0.0000000,0.000000,0.000000,0.0000000,2.207513,0.000000,0.0000000,0.0000000,2.390497,0.000000,0.000000,0.000000,0.000000,0.000000,0.000000,0.000000,0.0000000,2.121747,1.538122,0.0000000,2.572173,0.000000,0.0000000
0.000000,0.000000,0.0000000,0.000000,0.0000000,0.000000,0.0000000,1.909240,1.885646,0.000000,1.8867463,2.1526017,2.101088,2.449473,2.196192,2.419965,1.705097,2.3637517,2.186327,2.066501,1.9256101,2.272268,2.101585,2.249012,2.044230,1.873730,1.833913,2.148220,0.0000000,0.000000,2.043625,0.000000,0.000000,0.000000,0.000000,0.000000,2.360502,1.865552,0.000000,0.0000000,0.0000000,0.000000,0.000000,0.000000,0.0000000,0.000000,0.0000000,0.000000,0.000000,1.9514480,0.000000,1.920089,0.0000000,1.7293792,2.157308,1.839805,1.842378,0.000000,0.000000,2.269621,0.000000,0.000000,1.8603875,2.024922,0.000000,0.0000000,2.398760,0.000000,0.0000000
0.000000,0.000000,0.0000000,0.000000,0.0000000,0.000000,0.0000000,0.000000,0.000000,0.000000,0.0000000,2.1551184,2.144767,2.479980,2.205483,2.441628,0.000000,2.3926487,2.049194,1.977127,0.0000000,2.275867,2.103585,2.228215,0.000000,1.991046,0.000000,2.115720,0.0000000,0.000000,1.986284,0.000000,0.000000,2.091402,0.000000,0.000000,2.435199,0.000000,0.000000,0.0000000,0.0000000,0.000000,0.000000,1.961024,0.0000000,0.000000,0.0000000,0.000000,0.000000,0.0000000,2.176053,0.000000,0.0000000,0.0000000,2.258001,2.172333,0.000000,0.000000,0.000000,2.179645,0.000000,0.000000,1.9455169,2.139771,0.000000,0.0000000,2.450907,0.000000,0.0000000
0.000000,0.000000,0.0000000,0.000000,0.0000000,0.000000,0.0000000,0.000000,0.000000,0.000000,0.0000000,2.0946305,2.274395,2.465681,2.193436,2.432301,0.000000,2.3048648,0.000000,0.000000,0.0000000,1.889624,0.000000,2.208955,0.000000,1.968082,0.000000,0.000000,0.0000000,0.000000,0.000000,0.000000,0.000000,0.000000,0.000000,0.000000,0.000000,0.000000,0.000000,0.0000000,0.0000000,0.000000,0.000000,2.197888,0.0000000,0.000000,0.0000000,0.000000,0.000000,0.0000000,0.000000,0.000000,0.0000000,0.0000000,0.000000,2.342000,0.000000,0.000000,0.000000,0.000000,0.000000,0.000000,0.0000000,2.069637,0.000000,0.0000000,2.421744,0.000000,0.0000000
0.000000,1.975418,1.8090742,0.000000,0.0000000,0.000000,0.0000000,1.804704,2.048986,0.000000,1.7180184,2.1588601,2.117645,2.450632,2.243377,2.398455,1.978605,2.3643783,1.869454,1.871581,1.7642570,2.150317,1.974014,2.202984,1.948462,2.213811,0.000000,2.132840,0.0000000,1.605403,0.000000,0.000000,1.977319,0.000000,1.926257,0.000000,2.468443,1.914164,0.000000,0.0000000,0.0000000,1.778012,1.636143,2.233510,0.0000000,0.000000,1.6228113,0.000000,1.840647,1.9025973,0.000000,1.798864,0.0000000,0.0000000,2.326469,1.810744,0.000000,0.000000,1.897633,2.230814,0.000000,0.000000,2.2038600,2.100645,1.836712,0.0000000,2.546269,1.632043,1.7422156
0.000000,1.820768,0.0000000,0.000000,0.0000000,0.000000,0.0000000,0.000000,1.972641,0.000000,2.1269885,2.1116358,2.008485,2.503549,2.230799,2.367272,0.000000,2.3852809,0.000000,2.022189,0.0000000,2.245073,0.000000,2.278425,2.036679,2.075642,0.000000,1.799886,0.0000000,0.000000,0.000000,0.000000,1.906522,0.000000,0.000000,0.000000,2.494320,0.000000,0.000000,1.8202461,0.0000000,0.000000,0.000000,0.000000,0.0000000,0.000000,0.0000000,0.000000,0.000000,0.0000000,0.000000,2.355201,0.0000000,0.0000000,2.407766,0.000000,0.000000,1.934837,0.000000,2.259257,0.000000,0.000000,0.0000000,2.130390,0.000000,0.0000000,2.418471,0.000000,1.5323688
0.000000,0.000000,0.0000000,0.000000,1.8214886,0.000000,0.0000000,0.000000,1.981733,0.000000,0.0000000,2.1265156,2.123032,2.507342,2.249259,2.414148,0.000000,2.3409459,1.907585,1.958310,0.0000000,2.172476,1.978227,2.257539,1.961356,2.197066,0.000000,0.000000,0.0000000,0.000000,0.000000,0.000000,0.000000,1.848785,0.000000,0.000000,2.410447,0.000000,1.932334,0.0000000,0.0000000,0.000000,0.000000,2.199109,0.0000000,0.000000,0.0000000,0.000000,0.000000,0.0000000,0.000000,0.000000,0.0000000,0.0000000,2.071260,2.136970,0.000000,0.000000,1.876756,2.152742,0.000000,0.000000,0.0000000,2.196532,0.000000,0.0000000,2.415340,0.000000,0.0000000
0.000000,1.907508,0.0000000,0.000000,0.0000000,0.000000,0.0000000,1.758197,0.000000,0.000000,0.0000000,2.2242924,2.099976,2.462671,2.203200,2.369114,0.000000,0.0000000,0.000000,1.975697,0.0000000,0.000000,1.761902,2.290597,2.034987,2.088439,0.000000,2.087992,0.0000000,0.000000,0.000000,0.000000,0.000000,0.000000,0.000000,0.000000,2.376263,0.000000,0.000000,0.0000000,0.0000000,0.000000,0.000000,0.000000,0.0000000,0.000000,0.0000000,0.000000,0.000000,0.0000000,0.000000,0.000000,0.0000000,0.0000000,2.433399,2.237481,0.000000,0.000000,0.000000,2.055080,0.000000,0.000000,1.9806087,2.029294,0.000000,0.0000000,2.571634,0.000000,0.0000000
0.000000,1.693160,0.0000000,0.000000,0.0000000,0.000000,0.0000000,0.000000,0.000000,2.030882,2.0311895,2.1300645,2.173043,2.437024,2.232464,2.430280,1.940420,2.3772018,1.864494,2.007435,0.0000000,2.192777,2.092313,2.253622,2.020234,2.223315,1.877264,2.117109,1.4516019,0.000000,1.609518,0.000000,1.918031,0.000000,1.862877,0.000000,2.508504,1.972250,0.000000,0.0000000,1.8432043,0.000000,1.454692,2.209741,0.0000000,1.991735,0.0000000,0.000000,0.000000,1.9496947,2.315214,2.126271,0.0000000,1.5494081,2.367723,1.865262,0.000000,1.604915,0.000000,2.163081,1.673365,0.000000,2.0401578,2.149110,1.770362,0.0000000,2.569631,0.000000,0.0000000
0.000000,1.711124,0.0000000,0.000000,0.0000000,0.000000,0.0000000,0.000000,0.000000,0.000000,1.7110460,0.0000000,0.000000,2.455261,2.266144,2.386687,0.000000,2.3234049,0.000000,1.962154,0.0000000,2.093239,1.944174,2.223049,0.000000,2.185968,0.000000,2.067486,0.0000000,0.000000,0.000000,0.000000,0.000000,0.000000,0.000000,0.000000,2.311188,0.000000,0.000000,0.0000000,0.0000000,0.000000,0.000000,0.000000,0.0000000,2.042662,1.5897613,0.000000,0.000000,1.7516408,0.000000,1.606302,0.0000000,0.0000000,2.045222,2.109705,0.000000,0.000000,1.976113,0.000000,0.000000,0.000000,1.8949805,2.076640,0.000000,0.0000000,2.388375,0.000000,0.0000000
0.000000,1.695386,0.0000000,0.000000,0.0000000,0.000000,0.0000000,0.000000,1.726727,0.000000,0.0000000,2.1012304,2.221016,2.486204,2.224937,2.433497,2.034798,2.4018140,2.015183,2.014812,1.9559812,2.279088,2.141806,2.241060,2.159730,2.231843,1.463420,0.000000,1.6132113,0.000000,1.801856,0.000000,1.929663,0.000000,0.000000,0.000000,2.315849,0.000000,0.000000,0.0000000,0.0000000,1.782801,1.988506,1.792629,0.0000000,0.000000,0.0000000,0.000000,0.000000,1.9272261,2.117318,1.744003,1.7412187,1.3732386,2.179936,1.894256,1.804663,0.000000,1.894996,2.030518,0.000000,1.390780,2.0363125,2.047740,0.000000,0.0000000,2.498672,0.000000,1.8331376
0.000000,1.357215,1.7835519,0.000000,0.0000000,0.000000,0.0000000,0.000000,1.698383,0.000000,1.9979583,2.0009568,2.122509,2.477202,2.246504,2.416997,2.090640,2.3782342,1.927251,1.960540,1.9026620,2.160870,2.150001,2.218267,1.997692,2.244792,1.763604,2.160468,0.0000000,1.677414,1.940087,0.000000,1.956756,0.000000,1.775154,0.000000,1.917903,1.942431,0.000000,1.9168783,1.9870662,1.603441,1.761929,1.976827,0.0000000,0.000000,0.0000000,0.000000,0.000000,1.9171452,0.000000,2.000185,0.0000000,0.0000000,2.291626,1.688407,1.750914,0.000000,0.000000,1.959341,0.000000,0.000000,1.9932748,2.003670,0.000000,0.0000000,2.483555,0.000000,1.6986564
0.000000,1.795622,0.0000000,0.000000,0.0000000,0.000000,0.0000000,0.000000,2.016369,0.000000,0.0000000,0.0000000,2.155205,2.462437,2.240518,2.443629,2.088131,2.3993679,1.945680,1.930274,1.9752259,2.245474,2.058344,2.206963,1.864361,2.275992,1.919353,2.188835,0.0000000,0.000000,0.000000,0.000000,1.989389,0.000000,0.000000,0.000000,2.311138,1.784748,0.000000,0.0000000,0.0000000,0.000000,0.000000,1.844588,0.0000000,0.000000,0.0000000,0.000000,0.000000,1.8147524,2.046080,1.560890,0.0000000,1.8219245,2.331833,0.000000,1.847458,1.853203,0.000000,2.105854,0.000000,0.000000,1.6327121,1.967548,0.000000,0.0000000,2.481948,0.000000,0.0000000
0.000000,1.971293,1.9152783,0.000000,0.0000000,0.000000,0.0000000,0.000000,1.832954,0.000000,1.6732418,2.0595647,2.127972,2.495864,2.252819,2.394479,2.112840,2.4415624,1.889723,2.102284,1.8474278,2.269856,2.134802,2.195673,2.100317,2.300038,2.158242,0.000000,0.0000000,0.000000,1.926670,0.000000,1.990526,1.415999,0.000000,0.000000,2.332718,0.000000,1.804796,0.0000000,0.0000000,0.000000,0.000000,2.270864,0.0000000,1.500585,0.0000000,0.000000,1.738995,2.2162536,2.085005,2.272658,2.0563805,0.0000000,2.030945,2.112375,2.085235,1.915621,1.903633,1.985288,1.957568,0.000000,2.2244416,2.146506,0.000000,0.0000000,2.404401,1.533683,1.6954506
0.000000,0.000000,0.0000000,0.000000,0.0000000,0.000000,0.0000000,2.014822,0.000000,0.000000,1.9327472,2.1019899,2.157237,2.506886,2.293593,2.410312,2.068530,2.4244262,2.018903,2.060262,1.9888559,2.287774,2.172913,2.195467,2.089785,2.281492,1.850718,2.140793,0.0000000,0.000000,1.960619,0.000000,2.024876,0.000000,1.910243,0.000000,2.352279,1.691563,1.505178,0.0000000,0.0000000,1.824574,0.000000,2.249433,0.0000000,0.000000,0.0000000,0.000000,0.000000,1.9716386,2.145873,1.958765,1.5712926,0.0000000,2.194145,1.775180,0.000000,1.813130,1.599444,2.033643,1.608637,1.438046,2.0264034,2.085290,1.374166,0.0000000,2.468295,0.000000,1.8407580
0.000000,0.000000,0.0000000,0.000000,0.0000000,0.000000,0.0000000,0.000000,1.815865,0.000000,0.0000000,2.0921075,2.069269,2.492267,2.338583,2.325855,0.000000,2.4419158,2.122595,2.110889,1.8331794,2.335385,2.192663,2.223198,0.000000,2.025802,1.959510,0.000000,0.0000000,0.000000,2.016760,0.000000,0.000000,0.000000,0.000000,0.000000,2.378119,0.000000,1.865526,0.0000000,0.0000000,0.000000,0.000000,1.897974,0.0000000,0.000000,1.7068800,0.000000,0.000000,0.0000000,2.106415,1.812685,0.0000000,0.0000000,2.057066,1.696285,1.664056,1.817287,0.000000,2.059347,0.000000,0.000000,2.1798710,2.138940,0.000000,0.0000000,2.310102,0.000000,0.0000000
0.000000,1.505778,0.0000000,0.000000,0.0000000,0.000000,1.8335968,0.000000,0.000000,0.000000,0.0000000,2.0737409,0.000000,2.527513,2.274744,2.417084,0.000000,0.0000000,0.000000,2.122710,0.0000000,0.000000,1.848501,2.277994,2.193358,1.976484,0.000000,0.000000,0.0000000,0.000000,0.000000,0.000000,0.000000,0.000000,0.000000,0.000000,2.295568,0.000000,0.000000,0.0000000,0.0000000,0.000000,0.000000,0.000000,0.0000000,0.000000,1.5967398,0.000000,0.000000,0.0000000,0.000000,1.948483,1.9524298,0.0000000,2.115666,0.000000,0.000000,0.000000,0.000000,2.038030,0.000000,0.000000,2.1620294,2.082495,0.000000,0.0000000,2.497352,0.000000,1.5953112
0.000000,1.909396,0.0000000,0.000000,0.0000000,0.000000,1.8742184,0.000000,1.949061,0.000000,2.0789568,2.1340251,2.226464,2.469238,2.243787,2.440226,0.000000,2.2853489,1.432520,1.926112,1.9253478,1.956512,1.871757,2.269285,2.098584,2.103809,1.754499,1.925855,0.0000000,0.000000,0.000000,0.000000,1.619673,0.000000,0.000000,0.000000,2.344900,0.000000,0.000000,0.0000000,0.0000000,1.922894,1.775217,1.951661,0.0000000,0.000000,1.5804942,0.000000,0.000000,2.1866124,1.812210,1.894362,0.0000000,0.0000000,2.259425,1.800785,0.000000,1.873569,1.801845,2.297653,0.000000,0.000000,2.2934830,2.051289,0.000000,0.0000000,2.483944,0.000000,1.8219699
0.000000,0.000000,0.0000000,0.000000,0.0000000,0.000000,0.0000000,0.000000,0.000000,0.000000,0.0000000,2.1005955,2.213383,2.494261,2.280311,2.380189,2.133995,2.4327866,2.090689,2.053461,2.0756535,2.375095,2.226524,2.256966,1.667195,2.296202,1.926864,2.170492,0.0000000,0.000000,1.899379,0.000000,1.968330,0.000000,0.000000,0.000000,2.283897,0.000000,0.000000,0.0000000,0.0000000,0.000000,0.000000,1.999130,0.0000000,1.728656,0.0000000,0.000000,0.000000,0.0000000,2.229622,0.000000,0.0000000,0.0000000,2.290426,0.000000,0.000000,0.000000,0.000000,0.000000,0.000000,0.000000,0.0000000,2.046034,0.000000,0.0000000,2.459492,0.000000,0.0000000
0.000000,0.000000,0.0000000,0.000000,0.0000000,0.000000,0.0000000,1.760278,1.637570,0.000000,0.0000000,0.0000000,2.237961,2.478478,2.232416,2.425282,1.525233,0.0000000,0.000000,2.059800,1.9877631,0.000000,1.712685,2.243839,2.066540,1.909749,1.888631,0.000000,0.0000000,0.000000,0.000000,0.000000,0.000000,0.000000,0.000000,0.000000,2.371410,0.000000,0.000000,0.0000000,0.0000000,0.000000,0.000000,2.226367,0.0000000,0.000000,1.7286041,0.000000,1.742389,1.9276198,1.900207,2.003901,1.5805377,0.0000000,1.884412,0.000000,1.776334,1.817381,1.892907,1.983421,0.000000,0.000000,2.0863543,2.030066,0.000000,0.0000000,2.292711,0.000000,0.0000000
0.000000,0.000000,0.0000000,0.000000,2.1182161,0.000000,0.0000000,0.000000,2.085539,0.000000,1.8345519,1.6315948,2.171732,2.509722,2.314930,2.399498,1.527546,0.0000000,0.000000,2.134315,0.0000000,0.000000,0.000000,2.219456,2.152557,2.050277,1.536505,0.000000,0.0000000,0.000000,0.000000,0.000000,0.000000,0.000000,0.000000,0.000000,2.288945,0.000000,0.000000,0.0000000,0.0000000,0.000000,1.952896,2.190994,0.0000000,0.000000,0.0000000,0.000000,0.000000,1.9119341,2.232094,0.000000,0.0000000,0.0000000,2.097490,2.030001,0.000000,0.000000,0.000000,1.777418,0.000000,0.000000,2.0649075,1.978431,0.000000,0.0000000,2.206861,0.000000,0.0000000
0.000000,2.019853,0.0000000,0.000000,0.0000000,0.000000,0.0000000,1.741631,0.000000,0.000000,1.7554252,2.0072871,2.162423,2.480269,2.229925,2.402436,2.045999,2.4126097,1.729585,2.053454,1.9833842,2.258046,2.198416,2.249152,1.997244,2.267415,1.910107,2.202505,0.0000000,1.684222,1.845248,0.000000,0.000000,0.000000,0.000000,0.000000,2.413198,1.649216,0.000000,0.0000000,0.0000000,1.781841,1.853188,2.260458,0.0000000,0.000000,0.0000000,0.000000,0.000000,2.2330527,2.125159,1.769028,0.0000000,0.0000000,2.325151,0.000000,0.000000,1.841366,0.000000,2.240438,0.000000,0.000000,2.0195793,1.970058,0.000000,0.0000000,2.512784,0.000000,2.0705427
0.000000,0.000000,0.0000000,0.000000,0.0000000,0.000000,0.0000000,0.000000,1.775268,0.000000,1.8801827,0.0000000,2.229245,2.458652,2.246513,2.413256,2.085928,2.4058745,1.748015,2.015221,1.9085244,2.231537,2.184433,2.224679,1.916432,2.310422,1.566689,0.000000,0.0000000,0.000000,1.954135,0.000000,1.935862,0.000000,0.000000,0.000000,2.237687,0.000000,0.000000,1.8130720,0.0000000,0.000000,0.000000,0.000000,0.0000000,0.000000,0.0000000,0.000000,0.000000,0.0000000,1.902652,0.000000,0.0000000,0.0000000,2.083617,0.000000,0.000000,0.000000,0.000000,2.001083,0.000000,0.000000,1.9310411,2.029675,0.000000,0.0000000,2.414615,0.000000,1.7267798
0.000000,0.000000,0.0000000,0.000000,0.0000000,0.000000,0.0000000,0.000000,0.000000,0.000000,0.0000000,0.0000000,2.156892,2.486902,2.257736,2.430584,2.107598,2.4036036,0.000000,2.061846,0.0000000,2.229634,2.090082,2.244955,1.942147,2.274225,0.000000,2.195112,0.0000000,0.000000,0.000000,0.000000,0.000000,0.000000,0.000000,0.000000,1.866654,0.000000,0.000000,1.8553302,0.0000000,0.000000,0.000000,0.000000,0.0000000,0.000000,1.6681164,0.000000,0.000000,2.1914739,0.000000,0.000000,0.0000000,0.0000000,2.202952,0.000000,0.000000,0.000000,0.000000,0.000000,0.000000,0.000000,0.0000000,2.113157,0.000000,0.0000000,2.466340,0.000000,0.0000000
0.000000,0.000000,0.0000000,0.000000,0.0000000,0.000000,0.0000000,0.000000,0.000000,0.000000,0.0000000,2.1887447,2.098514,2.494553,2.180765,2.377690,2.049517,2.3632479,0.000000,1.988936,0.0000000,2.216471,2.095898,2.270621,0.000000,2.212747,0.000000,2.139632,0.0000000,0.000000,0.000000,0.000000,0.000000,0.000000,0.000000,0.000000,0.000000,1.793752,0.000000,0.0000000,0.0000000,0.000000,0.000000,0.000000,0.0000000,0.000000,0.0000000,0.000000,0.000000,0.0000000,0.000000,1.885992,0.0000000,0.0000000,2.152859,0.000000,0.000000,1.961465,0.000000,0.000000,0.000000,0.000000,1.9291662,2.082239,2.002400,0.0000000,2.415465,0.000000,0.0000000
0.000000,0.000000,0.0000000,0.000000,0.0000000,0.000000,0.0000000,0.000000,0.000000,0.000000,0.0000000,0.0000000,2.262740,2.512803,2.284363,2.399401,2.087620,2.4271773,0.000000,2.041325,0.0000000,2.284757,2.201845,2.225842,2.038131,2.268583,0.000000,2.155167,0.0000000,0.000000,1.772136,0.000000,0.000000,0.000000,0.000000,0.000000,2.328577,0.000000,0.000000,0.0000000,0.0000000,0.000000,0.000000,0.000000,0.0000000,0.000000,0.0000000,0.000000,0.000000,0.0000000,0.000000,0.000000,0.0000000,0.0000000,2.086530,0.000000,0.000000,0.000000,0.000000,0.000000,0.000000,0.000000,1.6608009,1.952208,0.000000,0.0000000,2.501332,0.000000,0.0000000
0.000000,1.701364,0.0000000,0.000000,0.0000000,0.000000,0.0000000,0.000000,0.000000,0.000000,0.0000000,1.9608607,2.102585,2.468942,2.220219,2.404347,0.000000,2.3889326,0.000000,0.000000,1.7195112,2.170497,0.000000,2.289221,0.000000,2.192822,0.000000,2.167405,1.7512852,0.000000,0.000000,0.000000,2.082818,0.000000,0.000000,0.000000,2.376790,1.876465,0.000000,0.0000000,0.0000000,0.000000,0.000000,1.904587,0.0000000,0.000000,0.0000000,0.000000,0.000000,0.0000000,0.000000,1.574295,0.0000000,0.0000000,1.961396,0.000000,0.000000,1.992340,0.000000,2.084965,0.000000,0.000000,0.0000000,2.114961,0.000000,0.0000000,2.446850,0.000000,0.0000000
0.000000,0.000000,0.0000000,0.000000,0.0000000,0.000000,0.0000000,0.000000,1.689392,0.000000,1.9099894,0.0000000,2.121845,2.461342,2.220240,2.431217,2.059310,2.3415000,0.000000,0.000000,1.8714232,2.182645,2.124413,2.226560,1.967256,2.205748,0.000000,2.146363,0.0000000,0.000000,1.813410,0.000000,0.000000,0.000000,1.723618,0.000000,2.319066,1.868562,1.774333,1.8156468,0.0000000,1.761349,1.694547,0.000000,0.0000000,0.000000,1.8933083,0.000000,0.000000,2.1585280,1.846899,0.000000,0.0000000,0.0000000,2.112103,0.000000,1.774738,1.692265,0.000000,1.995363,0.000000,0.000000,1.9321126,1.857837,0.000000,0.0000000,2.494141,0.000000,0.0000000
0.000000,0.000000,0.0000000,0.000000,0.0000000,0.000000,0.0000000,0.000000,0.000000,0.000000,0.0000000,0.0000000,2.165759,2.470985,2.250804,2.474665,2.137076,2.4612291,1.812452,0.000000,0.0000000,2.303457,2.125865,2.240987,0.000000,2.319253,0.000000,2.246297,0.0000000,0.000000,0.000000,0.000000,0.000000,0.000000,0.000000,0.000000,0.000000,0.000000,0.000000,0.0000000,0.0000000,0.000000,0.000000,0.000000,0.0000000,0.000000,0.0000000,0.000000,0.000000,0.0000000,0.000000,0.000000,0.0000000,0.0000000,2.171189,0.000000,0.000000,0.000000,0.000000,0.000000,0.000000,0.000000,0.0000000,0.000000,0.000000,0.0000000,2.459890,0.000000,0.0000000
0.000000,1.811547,0.0000000,0.000000,0.0000000,0.000000,0.0000000,0.000000,0.000000,0.000000,0.0000000,0.0000000,2.179427,2.445793,2.188627,2.451937,2.017799,2.3948507,1.824823,1.923729,1.6654383,2.252475,2.077527,2.254101,0.000000,2.253192,0.000000,2.184239,0.0000000,0.000000,1.745151,0.000000,0.000000,0.000000,0.000000,0.000000,2.279858,0.000000,0.000000,0.0000000,0.0000000,0.000000,0.000000,1.895017,0.0000000,0.000000,0.0000000,0.000000,0.000000,2.1719100,2.199370,0.000000,0.0000000,0.0000000,2.238192,1.934178,1.758282,0.000000,0.000000,2.024278,0.000000,1.937512,1.8270166,1.861336,0.000000,0.0000000,2.417174,0.000000,0.0000000
0.000000,0.000000,0.0000000,0.000000,0.0000000,0.000000,0.0000000,0.000000,0.000000,0.000000,0.0000000,0.0000000,2.211836,2.439848,2.215747,2.397831,2.101645,2.4413161,1.967572,2.013239,0.0000000,2.311549,2.202567,2.252407,0.000000,2.304174,0.000000,2.209863,0.0000000,0.000000,1.990262,0.000000,0.000000,0.000000,0.000000,0.000000,0.000000,0.000000,0.000000,0.0000000,0.0000000,0.000000,0.000000,0.000000,0.0000000,0.000000,0.0000000,0.000000,0.000000,0.0000000,0.000000,1.836066,0.0000000,0.0000000,2.156773,0.000000,0.000000,0.000000,0.000000,0.000000,0.000000,0.000000,0.0000000,1.972607,0.000000,0.0000000,2.256185,0.000000,0.0000000
0.000000,0.000000,0.0000000,0.000000,0.0000000,0.000000,0.0000000,0.000000,0.000000,0.000000,0.0000000,0.0000000,2.232250,2.446634,2.204363,2.452738,2.057932,2.4410250,1.979807,1.984152,0.0000000,2.320601,2.163327,2.214416,0.000000,2.286210,0.000000,2.187927,1.7743329,0.000000,0.000000,0.000000,0.000000,0.000000,0.000000,0.000000,0.000000,0.000000,0.000000,0.0000000,0.0000000,0.000000,0.000000,0.000000,0.0000000,0.000000,0.0000000,0.000000,0.000000,0.0000000,2.103598,1.895869,2.0382463,0.0000000,1.883597,0.000000,0.000000,0.000000,0.000000,0.000000,0.000000,0.000000,0.0000000,0.000000,0.000000,0.0000000,2.330121,0.000000,0.0000000
0.000000,0.000000,0.0000000,0.000000,0.0000000,0.000000,0.0000000,1.839494,0.000000,0.000000,0.0000000,2.0323536,2.134846,2.468137,2.295229,2.341901,0.000000,2.3812774,1.444898,2.008453,1.7647317,2.247637,2.087287,2.204067,1.673242,2.179804,0.000000,1.589349,0.0000000,0.000000,0.000000,0.000000,0.000000,0.000000,1.818119,0.000000,2.271608,0.000000,1.708958,0.0000000,0.0000000,0.000000,0.000000,1.717610,0.0000000,0.000000,0.0000000,0.000000,0.000000,0.0000000,2.040752,0.000000,0.0000000,0.0000000,2.050472,0.000000,1.378741,0.000000,0.000000,1.778998,0.000000,0.000000,0.0000000,1.939522,0.000000,0.0000000,2.341671,0.000000,0.0000000
0.000000,0.000000,0.0000000,0.000000,0.0000000,0.000000,0.0000000,0.000000,0.000000,0.000000,0.0000000,2.0385477,2.138750,2.416412,2.165028,2.427997,2.054712,2.3483519,1.736329,1.746613,0.0000000,2.132206,1.997910,2.228376,1.751419,2.211321,0.000000,2.174130,0.0000000,0.000000,0.000000,0.000000,0.000000,0.000000,0.000000,0.000000,2.314061,1.493968,0.000000,0.0000000,0.0000000,0.000000,0.000000,0.000000,0.0000000,0.000000,0.0000000,0.000000,0.000000,0.0000000,0.000000,2.152186,0.0000000,0.0000000,2.119088,0.000000,0.000000,1.799024,0.000000,2.144330,0.000000,0.000000,0.0000000,1.876332,0.000000,2.1046473,2.430537,0.000000,0.0000000
0.000000,1.598000,0.0000000,0.000000,0.0000000,0.000000,0.0000000,0.000000,0.000000,0.000000,0.0000000,0.0000000,2.166280,2.430109,2.205100,2.384163,2.071450,0.0000000,2.042509,2.004735,1.8508941,2.269642,2.154481,2.246078,0.000000,2.262552,1.763876,2.201117,0.0000000,0.000000,1.958394,0.000000,0.000000,0.000000,1.595391,0.000000,2.181578,0.000000,0.000000,0.0000000,0.0000000,0.000000,0.000000,0.000000,0.0000000,0.000000,0.0000000,0.000000,0.000000,0.0000000,0.000000,1.765367,2.0193016,0.0000000,2.163139,0.000000,0.000000,0.000000,0.000000,1.672399,0.000000,0.000000,1.9506699,1.760445,0.000000,0.0000000,2.347567,0.000000,0.0000000
0.000000,0.000000,0.0000000,0.000000,0.0000000,0.000000,0.0000000,0.000000,0.000000,0.000000,0.0000000,2.1064251,2.197257,2.463414,2.223051,2.432903,2.092720,2.4406656,0.000000,2.046865,0.0000000,2.245726,2.155680,2.243964,1.870347,2.280006,0.000000,2.219474,0.0000000,0.000000,0.000000,0.000000,0.000000,0.000000,0.000000,0.000000,0.000000,1.898015,0.000000,0.0000000,0.0000000,0.000000,0.000000,2.008466,0.0000000,0.000000,0.0000000,0.000000,0.000000,2.1792831,0.000000,1.906000,0.0000000,0.0000000,2.227340,0.000000,0.000000,0.000000,0.000000,0.000000,0.000000,0.000000,0.0000000,2.060407,0.000000,0.0000000,2.521947,0.000000,0.0000000
0.000000,0.000000,0.0000000,0.000000,2.0010447,0.000000,0.0000000,0.000000,0.000000,0.000000,0.0000000,0.0000000,2.207351,2.451695,2.258655,2.444914,2.147759,2.4671696,2.059468,2.054374,0.0000000,2.336902,2.238948,2.302481,2.003934,2.337410,1.894791,2.231597,1.9173717,0.000000,1.985980,0.000000,0.000000,0.000000,0.000000,0.000000,2.265684,0.000000,1.833204,1.8038398,0.0000000,0.000000,0.000000,1.859880,0.0000000,0.000000,0.0000000,0.000000,0.000000,0.0000000,0.000000,1.715761,1.9871877,0.0000000,2.093096,2.033668,2.143762,1.634798,1.684337,0.000000,1.896913,0.000000,2.2524806,2.049680,1.757559,0.0000000,2.489432,0.000000,0.0000000
0.000000,1.837823,1.9333474,0.000000,0.0000000,0.000000,0.0000000,1.774738,0.000000,0.000000,0.0000000,2.0688285,2.251758,2.478661,2.242870,2.458724,2.031512,2.4130271,1.910622,2.096553,1.9725782,2.279462,2.179043,2.292737,1.989160,2.269026,1.826509,2.121794,0.0000000,0.000000,1.838195,0.000000,1.546469,0.000000,1.586350,0.000000,2.171270,0.000000,2.085622,0.0000000,1.8695181,0.000000,0.000000,1.859653,0.0000000,0.000000,0.0000000,0.000000,0.000000,1.9090414,2.193958,1.997877,1.7105800,0.0000000,2.250703,2.072197,2.230924,1.684130,1.822882,1.980127,0.000000,0.000000,2.1944905,2.047660,0.000000,0.0000000,2.446917,1.786878,0.0000000
0.000000,0.000000,0.0000000,0.000000,0.0000000,0.000000,0.0000000,0.000000,2.059885,0.000000,0.0000000,2.1534113,2.206857,2.457536,2.274099,2.401415,2.016026,2.4029343,1.967634,2.087134,0.0000000,2.371153,2.247544,2.234885,1.988015,2.258958,2.004183,2.122496,0.0000000,0.000000,1.925839,0.000000,1.996616,0.000000,1.894288,0.000000,2.350062,1.822558,0.000000,0.0000000,0.0000000,0.000000,0.000000,0.000000,0.0000000,0.000000,0.0000000,0.000000,1.726587,1.6819462,2.249821,0.000000,0.0000000,0.0000000,2.300652,0.000000,0.000000,1.742074,0.000000,2.017343,0.000000,0.000000,2.0591297,1.988421,1.638248,0.0000000,2.430666,0.000000,0.0000000
0.000000,1.873295,0.0000000,0.000000,0.0000000,0.000000,0.0000000,0.000000,1.953190,2.180437,2.0506548,2.1739350,2.014644,2.494940,2.063182,2.425517,0.000000,2.4028779,0.000000,2.007918,0.0000000,2.249219,2.154376,2.253668,1.982101,2.233535,0.000000,2.102958,0.0000000,0.000000,2.064229,0.000000,2.013386,0.000000,0.000000,0.000000,2.227698,0.000000,0.000000,0.0000000,0.0000000,0.000000,0.000000,2.231732,0.0000000,0.000000,0.0000000,0.000000,0.000000,1.9009904,0.000000,1.865453,0.0000000,0.0000000,2.352406,2.248318,0.000000,0.000000,0.000000,1.875954,0.000000,0.000000,2.0312226,2.010179,1.726061,0.0000000,2.564884,0.000000,1.6353315
0.000000,1.694913,0.0000000,0.000000,0.0000000,0.000000,0.0000000,0.000000,0.000000,0.000000,0.0000000,0.0000000,2.226057,2.455240,2.226744,2.439508,1.961446,2.4359214,0.000000,2.032044,0.0000000,2.252314,2.141717,2.242311,0.000000,2.270838,1.822332,2.182604,0.0000000,0.000000,1.686533,0.000000,0.000000,0.000000,0.000000,0.000000,2.236795,0.000000,0.000000,1.7116458,0.0000000,0.000000,0.000000,1.892155,0.0000000,0.000000,0.0000000,0.000000,1.970605,1.7041873,0.000000,1.699118,0.0000000,0.0000000,2.282167,0.000000,1.868568,0.000000,0.000000,0.000000,0.000000,0.000000,1.7483030,1.927481,0.000000,0.0000000,2.416472,0.000000,0.0000000
0.000000,1.932318,1.5498759,0.000000,2.2344363,0.000000,0.0000000,2.071339,1.830640,0.000000,2.0640933,0.0000000,2.261066,2.468939,2.322546,2.446934,0.000000,2.4192341,0.000000,2.075844,0.0000000,2.284912,2.157331,2.245291,1.958723,2.247517,1.834129,2.097224,0.0000000,1.634987,0.000000,0.000000,0.000000,0.000000,1.767468,0.000000,2.367884,0.000000,0.000000,0.0000000,0.0000000,0.000000,0.000000,1.990354,0.0000000,0.000000,0.0000000,0.000000,0.000000,2.1597572,1.862257,2.170055,0.0000000,0.0000000,1.950038,2.129835,0.000000,0.000000,1.832004,2.168555,2.012634,0.000000,2.0517171,2.120110,1.573028,0.0000000,2.321245,0.000000,2.0677073
0.000000,1.801416,2.0264470,0.000000,0.0000000,0.000000,0.0000000,0.000000,2.065389,0.000000,2.0272795,2.0243837,2.043876,2.439515,2.227676,2.367514,1.946239,2.3691659,0.000000,2.024814,1.9555395,2.290742,1.882442,2.264758,2.122239,2.228620,2.033675,2.122684,0.0000000,0.000000,0.000000,0.000000,0.000000,0.000000,0.000000,0.000000,2.298071,0.000000,1.970735,0.0000000,0.0000000,0.000000,0.000000,2.203653,0.0000000,0.000000,0.0000000,0.000000,0.000000,2.0621733,2.111939,2.195343,0.0000000,0.0000000,2.218014,2.184714,2.262140,0.000000,0.000000,1.942933,0.000000,0.000000,2.1379702,1.863085,1.688968,0.0000000,2.504242,0.000000,0.0000000
0.000000,1.939782,0.0000000,0.000000,0.0000000,0.000000,0.0000000,0.000000,2.180481,0.000000,1.8106359,2.1531790,0.000000,2.491010,2.215339,2.413838,0.000000,2.3276728,0.000000,1.881959,1.9139410,2.214939,1.929594,2.273169,1.964538,2.179917,1.929618,2.071256,0.0000000,0.000000,0.000000,0.000000,1.917930,0.000000,1.933933,0.000000,2.441742,2.084370,0.000000,0.0000000,0.0000000,1.875264,0.000000,2.118832,0.0000000,0.000000,0.0000000,0.000000,0.000000,2.1029274,0.000000,1.983371,0.0000000,0.0000000,2.382293,0.000000,0.000000,0.000000,0.000000,2.187721,0.000000,0.000000,2.0093095,2.042614,0.000000,0.0000000,2.505547,0.000000,0.0000000
0.000000,0.000000,0.0000000,0.000000,2.0236995,0.000000,0.0000000,0.000000,1.895170,0.000000,0.0000000,2.0621055,1.979786,2.503630,2.203502,2.391342,1.668652,2.3673357,0.000000,2.040216,1.8501725,2.135144,2.021982,2.240876,2.094382,2.201361,1.829666,2.023954,0.0000000,0.000000,0.000000,0.000000,0.000000,0.000000,0.000000,0.000000,2.362963,1.694612,1.914319,0.0000000,1.8831768,0.000000,0.000000,2.208162,0.0000000,1.976440,0.0000000,0.000000,0.000000,1.8993225,2.234875,0.000000,0.0000000,0.0000000,2.117881,2.060060,2.077667,1.725216,1.942541,2.079662,0.000000,0.000000,2.0394360,1.995143,0.000000,0.0000000,2.333954,0.000000,1.6701210
0.000000,1.492973,1.8157322,0.000000,0.0000000,0.000000,0.0000000,1.814169,1.921720,0.000000,1.8019290,1.7966461,2.040462,2.494016,2.296488,2.295274,0.000000,2.3818114,1.860079,1.952090,1.4062276,2.202323,2.175056,2.123958,2.009700,2.211689,1.790764,2.044460,0.0000000,0.000000,1.695536,0.000000,0.000000,0.000000,1.491397,0.000000,2.189138,0.000000,0.000000,0.0000000,0.0000000,0.000000,1.665412,2.169509,0.0000000,0.000000,0.0000000,0.000000,0.000000,1.9796216,1.945282,1.832878,0.0000000,0.0000000,2.031177,1.724099,1.353005,1.434769,1.800595,1.751018,0.000000,0.000000,1.9157645,2.063086,0.000000,1.4586782,2.409909,0.000000,0.0000000
0.000000,1.505977,2.2196315,0.000000,0.0000000,0.000000,2.1188822,1.686556,0.000000,0.000000,1.7937300,1.9951977,2.000001,2.430586,2.208316,2.415165,1.978922,2.3670627,1.867150,2.000555,1.6569037,1.841759,2.082056,2.258844,2.042369,2.206897,0.000000,2.080129,1.8296744,2.235406,1.992556,0.000000,0.000000,0.000000,0.000000,0.000000,2.306263,0.000000,2.154925,1.9697696,2.0672315,0.000000,0.000000,2.134247,1.8385248,1.773328,0.0000000,0.000000,2.088915,0.0000000,2.257258,1.922937,0.0000000,0.0000000,2.286867,2.263012,2.440783,0.000000,0.000000,2.197554,2.064305,0.000000,2.2562266,2.079250,0.000000,0.0000000,2.457450,0.000000,2.0698257
0.000000,1.765744,0.0000000,0.000000,0.0000000,0.000000,0.0000000,0.000000,0.000000,0.000000,0.0000000,2.1348569,2.268328,2.419469,2.192202,2.475154,2.046696,2.4137836,1.930969,0.000000,2.0140739,2.321825,2.148758,2.310517,0.000000,2.289593,2.065260,2.238278,0.0000000,0.000000,0.000000,0.000000,0.000000,0.000000,0.000000,0.000000,2.312573,1.882320,0.000000,0.0000000,0.0000000,0.000000,0.000000,0.000000,0.0000000,1.896340,0.0000000,0.000000,0.000000,2.0712062,0.000000,1.716735,0.0000000,0.0000000,2.260939,2.155681,1.851867,0.000000,0.000000,2.127564,0.000000,0.000000,1.7430648,2.049872,0.000000,0.0000000,2.537067,0.000000,0.0000000
0.000000,2.005007,1.7636854,0.000000,0.0000000,0.000000,0.0000000,0.000000,2.097962,2.114188,0.0000000,1.9307618,2.235984,2.456254,2.279782,2.470721,2.134287,2.4178148,1.784394,1.907733,1.7804993,2.300722,2.221431,2.238647,1.850585,2.281081,1.966796,2.191241,1.7270417,1.556997,1.727024,0.000000,0.000000,0.000000,0.000000,0.000000,2.309553,1.907336,0.000000,0.0000000,0.0000000,0.000000,0.000000,1.988661,0.0000000,0.000000,0.0000000,0.000000,0.000000,2.2275007,2.197083,2.289309,0.0000000,0.0000000,2.219368,2.078840,1.928651,0.000000,0.000000,1.980167,0.000000,0.000000,1.8928105,2.110750,1.661681,0.0000000,2.489913,0.000000,0.0000000
0.000000,1.846718,0.0000000,0.000000,0.0000000,0.000000,0.0000000,2.119396,1.882790,0.000000,2.1110693,2.1012042,2.192594,2.431108,2.209309,2.447532,1.689057,2.3666474,0.000000,0.000000,0.0000000,2.146784,2.017441,2.195409,1.912617,2.223498,1.802044,2.135640,0.0000000,1.481725,0.000000,0.000000,0.000000,0.000000,0.000000,0.000000,2.431993,1.886059,0.000000,2.0511087,1.8528338,0.000000,0.000000,2.215660,0.0000000,0.000000,0.0000000,0.000000,0.000000,2.1322330,2.189020,2.063917,0.0000000,0.0000000,2.217134,1.936268,1.652347,1.591971,1.877872,2.227972,0.000000,1.900728,2.0074431,2.094149,0.000000,0.0000000,2.361913,0.000000,1.9338122
0.000000,0.000000,1.7796588,0.000000,0.0000000,0.000000,0.0000000,0.000000,1.854710,0.000000,1.9337693,1.9907276,2.130237,2.484945,2.234304,2.422250,0.000000,0.0000000,0.000000,1.979284,1.7403270,2.205834,1.806121,2.257511,1.957342,2.262925,1.779439,2.177663,0.0000000,0.000000,0.000000,0.000000,0.000000,0.000000,0.000000,0.000000,2.348448,0.000000,0.000000,2.0959240,0.0000000,0.000000,0.000000,2.195565,0.0000000,0.000000,0.0000000,0.000000,0.000000,0.0000000,2.106509,0.000000,0.0000000,0.0000000,2.237092,2.055196,0.000000,2.151210,0.000000,2.098198,0.000000,0.000000,2.0145494,2.013761,0.000000,0.0000000,2.538988,0.000000,0.0000000
0.000000,1.666112,0.0000000,0.000000,0.0000000,0.000000,0.0000000,0.000000,1.706741,0.000000,0.0000000,2.0868608,2.223256,2.456017,2.209678,2.426493,1.712416,2.3491081,0.000000,2.011039,1.8555220,2.223085,2.153761,2.249358,1.856336,2.195753,0.000000,2.104540,0.0000000,0.000000,0.000000,0.000000,1.812394,0.000000,0.000000,0.000000,2.276725,0.000000,0.000000,0.0000000,0.0000000,0.000000,0.000000,2.189591,0.0000000,0.000000,0.0000000,0.000000,0.000000,0.0000000,0.000000,0.000000,0.0000000,0.0000000,2.210915,0.000000,1.969489,0.000000,0.000000,2.009181,0.000000,0.000000,0.0000000,1.924528,0.000000,0.0000000,2.378200,0.000000,0.0000000
0.000000,1.866130,0.0000000,0.000000,0.0000000,0.000000,0.0000000,0.000000,2.109261,0.000000,0.0000000,1.9150707,2.061593,2.489566,2.313007,2.356346,2.113024,2.4022854,1.687530,2.064305,0.0000000,2.274568,2.106710,2.271038,1.848493,2.261387,0.000000,2.172101,0.0000000,0.000000,0.000000,0.000000,1.971670,0.000000,1.697771,0.000000,2.341838,0.000000,1.668499,1.7802318,1.8892829,0.000000,0.000000,2.243586,0.0000000,0.000000,0.0000000,0.000000,1.689593,0.0000000,0.000000,2.285379,0.0000000,0.0000000,2.209135,1.794128,0.000000,0.000000,0.000000,2.021333,0.000000,0.000000,1.7673882,2.029811,0.000000,0.0000000,2.395564,0.000000,0.0000000
0.000000,0.000000,0.0000000,0.000000,0.0000000,0.000000,0.0000000,0.000000,0.000000,0.000000,1.8065369,1.9595795,2.161395,2.466244,2.221542,2.436353,0.000000,2.3570636,0.000000,1.826824,0.0000000,2.103598,1.895397,2.209630,0.000000,2.180290,0.000000,2.102021,0.0000000,0.000000,0.000000,0.000000,0.000000,0.000000,0.000000,0.000000,1.870417,1.939096,0.000000,0.0000000,0.0000000,0.000000,0.000000,1.792036,0.0000000,0.000000,0.0000000,0.000000,0.000000,0.0000000,0.000000,0.000000,1.8227022,0.0000000,2.001860,0.000000,0.000000,0.000000,0.000000,0.000000,0.000000,0.000000,0.0000000,2.083993,0.000000,0.0000000,2.493946,0.000000,1.5306405
0.000000,2.062003,1.8011637,0.000000,1.9359578,0.000000,0.0000000,1.983929,1.810124,0.000000,1.7885075,2.0695844,2.188695,2.491461,2.167679,2.443436,0.000000,0.0000000,1.975991,2.072353,1.6536101,2.018659,2.126868,2.291390,2.157454,2.127596,1.551889,2.071342,0.0000000,0.000000,0.000000,0.000000,0.000000,0.000000,1.640508,0.000000,2.230042,0.000000,0.000000,1.8466496,1.9645594,1.418341,1.899271,0.000000,0.0000000,0.000000,1.6264870,0.000000,1.823610,0.0000000,0.000000,2.035464,0.0000000,0.0000000,2.056509,2.086258,1.442018,1.577112,1.748530,2.022792,0.000000,0.000000,2.2324195,0.000000,0.000000,0.0000000,2.531087,1.941855,1.9306340
0.000000,0.000000,1.6383711,0.000000,2.0826376,0.000000,0.0000000,1.918340,2.127956,0.000000,0.0000000,0.0000000,2.231398,2.464737,1.914241,2.447956,1.758579,2.4498710,1.985345,2.055502,0.0000000,2.383818,2.142284,2.319950,2.075721,2.315503,2.193839,2.142629,0.0000000,0.000000,0.000000,0.000000,0.000000,0.000000,1.669312,0.000000,2.347356,1.689169,1.864241,1.5742948,2.0594285,0.000000,1.770584,2.294225,1.8324838,0.000000,0.0000000,0.000000,0.000000,2.2189069,0.000000,2.069554,0.0000000,0.0000000,2.073288,1.868439,2.040380,0.000000,0.000000,2.173372,0.000000,0.000000,2.0395739,1.748877,0.000000,1.6463750,2.470365,0.000000,1.9598805
0.000000,1.816912,1.8265262,0.000000,0.0000000,0.000000,0.0000000,2.136842,2.010790,0.000000,0.0000000,2.1538097,2.108635,2.509156,2.303226,2.417465,0.000000,2.4541842,1.956187,1.848762,1.5620074,2.399285,2.154445,2.103900,2.062499,2.313766,1.874002,2.156278,0.0000000,0.000000,1.800795,0.000000,0.000000,0.000000,1.838838,0.000000,2.434294,0.000000,1.568983,0.0000000,0.0000000,0.000000,0.000000,2.225083,0.0000000,0.000000,0.0000000,0.000000,0.000000,0.0000000,2.132780,2.007274,0.0000000,0.0000000,2.128642,2.083213,0.000000,0.000000,0.000000,2.257450,1.718296,0.000000,2.0971879,2.041684,0.000000,0.0000000,2.534129,0.000000,0.0000000
0.000000,1.806992,1.7239924,0.000000,2.1088292,0.000000,0.0000000,1.617802,0.000000,0.000000,0.0000000,0.0000000,2.098128,2.490234,2.279814,2.412959,2.137882,2.4248550,1.428344,2.062758,0.0000000,2.311294,2.111486,2.280442,0.000000,2.277070,1.484956,2.192439,0.0000000,0.000000,1.822882,0.000000,0.000000,0.000000,0.000000,0.000000,2.373505,0.000000,0.000000,0.0000000,0.0000000,0.000000,0.000000,1.895538,0.0000000,0.000000,1.4676364,0.000000,1.513457,0.0000000,2.018383,1.790968,0.0000000,0.0000000,2.195519,0.000000,0.000000,1.599639,0.000000,2.056057,0.000000,1.767972,1.9806461,2.032324,0.000000,0.0000000,2.282686,0.000000,0.0000000
0.000000,0.000000,0.0000000,0.000000,0.0000000,0.000000,0.0000000,0.000000,0.000000,0.000000,0.0000000,0.0000000,2.081193,2.489857,2.226970,2.426345,2.096422,2.4373894,0.000000,1.961353,0.0000000,2.280846,2.101908,2.279684,0.000000,2.286913,0.000000,2.198580,0.0000000,0.000000,2.030318,0.000000,0.000000,0.000000,0.000000,0.000000,2.370823,0.000000,0.000000,0.0000000,1.7129915,0.000000,0.000000,2.032514,0.0000000,0.000000,1.8468918,0.000000,0.000000,0.0000000,1.936676,0.000000,0.0000000,0.0000000,2.079405,1.968838,0.000000,0.000000,0.000000,1.925884,0.000000,0.000000,1.7523790,2.108115,0.000000,1.8140635,2.374812,0.000000,0.0000000
0.000000,1.924049,0.0000000,0.000000,0.0000000,0.000000,0.0000000,0.000000,0.000000,0.000000,0.0000000,1.9601050,2.231018,2.497248,2.263005,2.407290,2.015181,2.4801828,0.000000,2.004082,0.0000000,2.225772,2.045907,2.226673,1.956223,2.298490,1.795130,2.134201,0.0000000,0.000000,0.000000,0.000000,0.000000,0.000000,0.000000,0.000000,2.459620,0.000000,0.000000,2.2221602,0.0000000,0.000000,0.000000,2.042447,0.0000000,0.000000,0.0000000,0.000000,0.000000,2.2879892,1.945407,2.085194,0.0000000,0.0000000,2.123394,2.057367,0.000000,0.000000,0.000000,2.187970,1.845692,0.000000,2.1192311,2.220577,0.000000,0.0000000,2.385446,0.000000,0.0000000
0.000000,1.805572,1.3769237,2.049753,1.9720978,0.000000,1.3354064,0.000000,0.000000,0.000000,1.3696203,2.0097061,1.486735,2.419786,2.086350,2.358327,0.000000,2.4485599,2.279888,2.074358,0.0000000,2.198888,2.193354,2.143926,2.122224,2.164913,2.222316,0.000000,0.0000000,1.517365,2.117048,1.942693,0.000000,0.000000,1.813602,1.309063,1.954816,0.000000,0.000000,0.8121574,0.0000000,0.000000,0.000000,1.997917,0.0000000,0.000000,0.0000000,0.000000,0.000000,0.0000000,0.000000,2.216083,1.6725729,0.0000000,1.832282,1.458249,0.000000,1.600220,0.000000,1.827200,0.000000,1.826798,1.7967871,1.216092,0.000000,1.1088188,2.213268,1.939537,1.5571960
1.144244,1.971521,1.4629174,2.037026,1.8730027,0.000000,2.1576052,0.000000,1.975195,0.000000,1.2501089,1.6126014,1.482783,2.426923,2.086310,2.414465,0.000000,2.3686936,2.027065,2.033236,2.1210249,2.243519,2.119578,2.318061,2.133232,2.253939,1.943786,0.000000,0.0000000,0.000000,1.732961,2.085545,1.339205,1.737814,1.827592,0.000000,1.903034,0.000000,1.297534,1.5293623,0.0000000,0.000000,0.000000,2.147589,1.5224670,0.000000,0.0000000,0.000000,0.000000,0.9409234,0.000000,2.307165,1.7473614,0.0000000,0.000000,1.609847,1.498452,1.837880,0.000000,1.807334,0.000000,1.697094,1.6240233,0.000000,0.000000,1.2665711,2.241196,1.646463,1.5882307
0.000000,1.875490,1.0774914,1.920150,1.7511516,0.000000,1.5163019,0.000000,1.400169,0.000000,0.0000000,1.8171655,0.000000,2.392871,2.047803,2.393319,0.000000,2.4351241,2.205662,2.026585,1.9781422,2.078446,2.114395,2.272709,2.073648,2.210047,1.957584,0.000000,2.1485321,1.829038,1.993337,1.959608,0.000000,0.000000,1.778543,0.000000,1.947840,0.000000,0.000000,0.0000000,0.0000000,0.000000,0.000000,2.032985,0.0000000,0.000000,0.0000000,0.000000,0.000000,0.0000000,2.191372,2.201055,1.7017353,1.7860394,0.000000,0.000000,0.000000,1.658512,0.000000,1.774054,0.000000,1.894785,1.4990050,1.702700,0.000000,1.4902426,2.079696,0.000000,1.4833101
0.000000,1.886758,1.1327348,1.976636,1.7409168,0.000000,2.0610802,0.000000,2.023013,0.000000,1.9528626,1.4725582,2.063636,2.397444,2.048145,2.387625,0.000000,2.4218387,2.100041,2.006388,2.0178444,1.985691,2.100744,2.285255,2.085953,2.167107,1.912507,0.000000,2.2402104,0.000000,1.662794,1.913182,0.000000,0.000000,1.716754,1.722471,1.834577,1.378612,0.000000,0.0000000,1.0533276,0.000000,0.000000,2.126759,0.0000000,0.000000,0.8411730,0.000000,0.000000,0.0000000,1.867443,2.281919,0.0000000,1.5584361,1.976766,1.599561,1.451691,1.837216,0.000000,1.805582,0.000000,1.112686,1.3537372,1.777045,0.000000,1.5612795,2.298070,1.612170,0.9769423
0.000000,2.046461,1.2300079,1.736951,0.0000000,0.000000,0.0000000,0.000000,0.000000,0.000000,0.0000000,0.0000000,2.050169,2.473483,2.109873,2.420320,0.000000,2.4383281,2.183489,2.095144,0.0000000,2.082123,2.150957,2.248751,2.149401,2.250118,1.987572,0.000000,0.0000000,0.000000,1.822927,2.059018,1.359075,0.000000,1.696860,0.000000,1.856011,1.328258,0.000000,0.0000000,0.0000000,0.000000,0.000000,2.227375,0.0000000,0.000000,0.0000000,0.000000,0.000000,1.0576045,2.132156,2.155112,1.7476962,0.0000000,1.940553,1.283523,0.000000,1.360918,0.000000,1.686874,0.000000,1.767401,1.7172386,0.000000,0.000000,0.0000000,2.320318,0.000000,1.6391986
0.000000,1.907211,1.2359008,2.035546,1.6093714,0.000000,1.8541667,0.000000,1.403735,0.000000,0.0000000,1.9683216,2.050174,2.374015,2.010842,2.359175,0.000000,2.4206657,2.127828,2.111128,0.0000000,2.296718,2.242768,2.191124,2.197428,2.144723,1.777132,0.000000,0.0000000,0.000000,1.977804,1.952866,0.000000,0.000000,1.853101,0.000000,1.554537,0.000000,0.000000,1.3830882,1.1472227,0.000000,0.000000,2.139377,0.0000000,0.000000,1.6105400,0.000000,0.000000,0.0000000,2.222748,2.299607,1.7880818,0.0000000,2.086645,1.931479,0.000000,1.524096,0.000000,1.824396,0.000000,0.000000,1.1919643,0.000000,0.000000,0.0000000,2.330081,1.127573,0.0000000
0.000000,1.654168,1.2191072,1.957594,0.0000000,0.000000,1.4794371,0.000000,2.110885,0.000000,1.3693497,1.9064355,0.000000,2.460155,2.130634,2.308448,0.000000,2.4573916,2.201293,2.103207,0.0000000,2.424604,2.283522,2.192617,2.098936,2.167631,2.070136,1.335087,0.0000000,1.796668,2.015499,1.950240,0.000000,0.000000,1.794547,0.000000,2.036207,0.000000,0.000000,0.0000000,1.9702330,0.000000,0.000000,1.870924,1.1389409,1.950359,1.5925793,0.000000,0.000000,0.0000000,2.189239,2.265315,1.7440650,0.8899815,1.650931,1.475560,0.000000,1.532139,1.032575,1.740023,0.000000,1.626751,1.7125315,1.762604,0.000000,1.6919360,2.330151,0.000000,0.0000000
0.000000,2.005071,1.6513572,2.091469,1.8640214,0.000000,1.8229004,0.000000,1.870112,0.000000,0.0000000,2.0479722,2.188770,2.483885,2.187208,2.433180,0.000000,2.5492988,2.324980,2.163065,1.6318828,2.249516,2.230336,2.337157,2.283707,2.283348,2.144742,0.000000,2.3156284,0.000000,0.000000,2.064753,2.095476,0.000000,1.975273,0.000000,2.101567,0.000000,0.000000,1.8695501,1.3052273,0.000000,0.000000,1.774801,0.0000000,0.000000,0.0000000,0.000000,0.000000,1.6225069,1.966401,2.252064,1.9163472,1.8545247,2.136672,1.667963,1.866994,2.020920,0.000000,1.987132,0.000000,1.900045,1.8449800,1.367855,0.000000,1.3360443,2.409804,0.000000,1.3719060
0.000000,2.034718,1.2406551,2.046962,1.8407738,0.000000,2.2105151,0.000000,0.000000,0.000000,1.6081208,1.5716593,0.000000,2.465426,2.112943,2.456812,0.000000,2.4249609,2.214312,2.004358,1.6730686,2.340218,2.155835,2.344835,2.093999,2.283448,2.056450,0.000000,0.0000000,0.000000,1.906648,2.037158,0.000000,1.712608,1.902393,0.000000,1.920912,1.477973,0.000000,1.6666542,1.6037062,0.000000,1.344163,2.098037,1.0009918,0.000000,1.3849764,0.000000,0.000000,1.6261893,0.000000,2.290504,1.7133739,1.7708565,0.000000,0.000000,1.520762,1.788013,0.000000,1.861377,0.000000,1.843103,2.0515317,0.000000,0.000000,1.6397480,1.811136,0.000000,1.2661300
0.000000,2.093555,1.4205508,2.063637,1.8721839,0.000000,2.2317081,1.231302,0.000000,0.000000,1.8464904,0.0000000,2.157404,2.486985,2.167455,2.467479,0.000000,2.4315254,2.208837,2.043882,1.5163647,2.343773,2.166134,2.370299,2.117162,2.182506,2.047713,1.078959,0.0000000,0.000000,1.913347,2.037064,1.644729,1.656135,1.951292,0.000000,2.040319,0.000000,0.000000,1.8627493,1.7687512,0.000000,1.245553,1.807585,1.1389409,0.000000,0.0000000,0.000000,1.376271,1.1354695,0.000000,2.355849,1.7687644,1.6966686,0.000000,0.000000,1.359360,1.811888,0.000000,1.947186,0.000000,1.834469,2.1357785,0.000000,0.000000,1.6541126,2.233392,0.000000,0.0000000
0.000000,2.013688,1.2932892,1.849142,1.7184068,0.000000,1.6715517,0.000000,1.946493,0.000000,0.0000000,1.9971461,0.000000,2.396004,2.031249,2.388020,0.000000,2.4463185,1.979355,1.995474,1.5059105,2.335313,2.062701,2.220291,2.023896,2.222633,1.897374,0.000000,0.0000000,1.924184,1.913182,1.989053,0.000000,1.175135,1.896980,0.000000,1.880919,0.000000,0.000000,0.0000000,0.0000000,0.000000,0.000000,2.166066,0.0000000,0.000000,0.0000000,0.000000,0.000000,0.0000000,0.000000,1.967197,1.5939508,1.3399873,0.000000,0.000000,1.371906,1.350199,0.000000,1.833004,0.000000,1.642197,1.6562724,1.272441,0.000000,1.5777764,1.646901,0.000000,1.7579850
0.000000,1.814399,1.7498390,1.967590,1.5825689,0.000000,1.3975988,0.000000,0.000000,0.000000,0.0000000,1.7557998,2.007255,2.449383,2.081495,2.379005,0.000000,2.4094165,2.188491,2.046478,0.9747784,2.068559,2.168885,2.285146,2.071969,2.206178,1.994980,0.000000,1.7379443,0.000000,1.926361,2.066511,1.980143,0.000000,1.795611,0.000000,1.760320,0.000000,0.000000,0.0000000,0.0000000,0.000000,0.000000,2.194201,1.6237211,0.000000,0.0000000,0.000000,0.000000,0.0000000,2.106522,2.030402,2.0347878,0.0000000,1.702905,0.000000,0.000000,1.830682,0.000000,1.763508,0.000000,1.674571,0.7491218,0.000000,0.000000,0.0000000,2.201062,1.252235,0.0000000
0.000000,2.241389,0.0000000,2.217661,2.0128135,0.000000,2.1203149,0.000000,0.000000,1.723725,1.7034151,0.0000000,1.411448,2.514398,2.226035,2.543597,0.000000,2.3992793,2.211935,2.162306,1.7329614,2.322504,2.259239,2.481115,2.254644,2.269784,2.054277,0.000000,0.0000000,0.000000,1.450531,2.010174,1.722399,0.000000,2.140721,1.476420,2.060391,0.000000,0.000000,1.8739588,1.9652248,0.000000,1.769343,2.026034,0.0000000,0.000000,0.0000000,0.000000,0.000000,0.0000000,0.000000,2.481972,1.9020988,0.0000000,0.000000,0.000000,1.545992,1.877113,0.000000,2.088030,0.000000,1.991957,2.1774429,0.000000,0.000000,0.0000000,2.384012,0.000000,0.0000000
0.000000,2.050574,1.5421822,2.042733,1.8135349,0.000000,1.7388987,0.000000,2.018135,0.000000,0.0000000,2.0284780,0.000000,2.433918,2.195878,2.430278,0.000000,2.5069675,2.195258,2.145629,1.3689431,2.126104,2.164542,2.312717,2.240785,2.293929,2.067111,0.000000,0.0000000,0.000000,1.922941,2.080169,0.000000,1.421178,1.997824,1.723046,1.889772,0.000000,0.000000,1.4792835,0.0000000,0.000000,0.000000,2.214473,0.0000000,0.000000,1.3401435,0.000000,0.000000,0.0000000,0.000000,2.221091,1.8985447,0.0000000,0.000000,1.611194,0.000000,1.938354,0.000000,1.967307,0.000000,1.945118,1.5280749,0.000000,0.000000,0.0000000,2.397422,0.000000,1.6713517
0.000000,1.937114,0.0000000,1.866739,1.7629472,0.000000,0.0000000,0.000000,0.000000,0.000000,0.0000000,1.7852307,0.000000,2.380209,2.047481,2.401039,0.000000,2.4065336,2.055972,2.053739,0.0000000,2.295799,2.085917,2.277621,2.046844,2.177250,1.877932,0.000000,0.0000000,1.749314,1.867397,1.940546,1.404759,0.000000,1.686874,0.000000,1.937735,0.000000,0.000000,0.0000000,0.9819256,0.000000,0.000000,1.734646,1.1530721,0.000000,0.0000000,0.000000,0.000000,0.0000000,0.000000,2.176821,1.6884524,1.7059009,0.000000,0.000000,0.000000,1.037204,0.000000,1.669666,0.000000,1.777306,1.2665711,0.000000,0.000000,1.1825870,2.187255,0.000000,1.6657237
0.000000,2.071980,0.0000000,1.953274,1.8710570,0.000000,1.4407973,0.000000,2.075793,0.000000,0.0000000,1.8124621,2.195576,2.437874,2.139162,2.436280,1.212476,2.4319788,2.080348,2.123835,2.0140194,2.397343,2.195687,2.296910,2.204964,2.264772,1.974972,0.000000,0.0000000,1.719419,1.942624,2.036393,1.561134,1.544927,1.801510,0.000000,1.983538,0.000000,0.000000,0.0000000,0.0000000,0.000000,0.000000,2.245700,0.0000000,0.000000,0.0000000,0.000000,0.000000,0.0000000,0.000000,2.222465,1.8104589,1.8155140,0.000000,1.320342,0.000000,0.000000,0.000000,1.766735,0.000000,1.798383,1.7315625,0.000000,0.000000,0.0000000,2.134244,0.000000,1.7575022
0.000000,1.967068,0.0000000,1.431435,0.0000000,0.000000,0.0000000,0.000000,0.000000,0.000000,0.0000000,0.0000000,0.000000,2.352166,1.949285,2.347390,0.000000,2.4897807,2.230453,1.782573,1.9555362,2.382496,2.030662,2.264348,1.986500,2.212282,1.972207,2.195785,0.0000000,0.000000,1.872996,1.908015,0.000000,1.349901,1.424486,0.000000,1.708485,0.000000,0.000000,0.0000000,0.0000000,0.000000,0.000000,2.099966,0.0000000,0.000000,0.0000000,0.000000,0.000000,0.0000000,0.000000,2.228537,1.3297401,0.0000000,0.000000,0.000000,0.000000,1.263911,0.000000,1.489808,0.000000,0.000000,1.2575770,0.000000,0.000000,1.6219983,1.950212,0.000000,0.0000000
0.000000,1.881153,0.0000000,1.712992,1.7357538,0.000000,1.8410978,0.000000,0.000000,0.000000,0.0000000,1.7423260,1.781877,2.363170,2.019654,2.375552,0.000000,2.3698079,1.970996,1.961446,1.9124376,2.243922,1.945857,2.204935,2.017490,2.121743,1.836124,0.000000,0.0000000,1.733648,1.722201,1.861621,0.000000,0.000000,1.638402,0.000000,1.855919,0.000000,0.000000,0.0000000,0.8159389,0.000000,0.000000,1.585254,0.0000000,0.000000,0.0000000,0.000000,0.000000,0.0000000,0.000000,2.197506,1.6257916,0.0000000,0.000000,1.240903,0.000000,1.386225,0.000000,1.549876,0.000000,1.614140,1.2185619,0.000000,0.000000,0.0000000,2.163746,0.000000,0.0000000
0.000000,1.958246,0.0000000,1.889371,1.9320770,0.000000,0.0000000,0.000000,2.016778,0.000000,1.1615871,1.8432509,2.084833,2.388271,2.044888,2.408454,0.000000,2.3963167,2.016474,2.020668,1.9591187,2.263185,2.010275,2.248313,2.010527,2.195272,1.888875,0.000000,0.0000000,1.570188,1.776184,1.964251,1.230785,0.000000,1.703435,0.000000,1.748741,0.000000,0.000000,1.6506182,0.0000000,0.000000,0.000000,1.987218,0.0000000,0.000000,0.0000000,0.000000,0.000000,0.0000000,1.045669,2.052221,1.6652564,1.5962649,0.000000,0.000000,1.094103,1.503705,0.000000,1.704552,0.000000,1.733998,1.3395181,0.000000,0.000000,0.0000000,2.061580,0.000000,0.0000000
0.000000,1.719529,1.4252028,1.914164,1.8701752,0.000000,0.0000000,0.000000,0.000000,0.000000,1.6731676,1.8892994,2.099025,2.450581,2.031358,2.456987,0.000000,2.4094668,2.121094,2.085092,2.0134971,2.285618,2.166452,2.303649,1.984595,2.220588,2.092878,2.114973,1.0500728,1.752055,2.022306,2.092029,0.000000,1.503166,1.576713,0.000000,1.862142,0.000000,0.000000,1.6824367,1.5119857,0.000000,0.000000,1.802305,0.0000000,0.000000,0.0000000,0.000000,0.000000,0.0000000,0.000000,2.128709,1.7217683,1.6715517,1.886960,1.968552,1.323747,1.450441,1.683714,1.580885,0.000000,1.452756,1.5032336,0.000000,0.000000,1.7446092,2.263368,0.000000,0.0000000
0.000000,1.992505,1.8336468,0.000000,0.0000000,0.000000,0.0000000,1.949853,0.000000,0.000000,0.0000000,1.9633101,1.985100,2.458274,2.203942,2.376161,0.000000,2.2266042,0.000000,1.765394,1.8836434,1.935227,1.776234,2.195329,1.823628,1.483835,1.584066,1.961902,1.9885136,1.495452,1.930937,0.000000,0.000000,0.000000,0.000000,0.000000,2.459750,1.478899,0.000000,1.9760108,2.0190638,0.000000,1.789766,1.915697,0.0000000,0.000000,1.8122290,0.000000,1.729345,1.8164601,2.141897,2.042873,2.0858585,0.0000000,2.240148,0.000000,0.000000,2.066731,0.000000,2.138018,0.000000,0.000000,2.2434538,2.097750,0.000000,0.0000000,2.235003,1.676859,0.0000000
0.000000,0.000000,0.0000000,0.000000,0.0000000,0.000000,0.0000000,1.914328,2.145091,0.000000,0.0000000,2.2869054,2.166488,2.429929,2.223307,2.418301,0.000000,2.3322209,1.569076,1.888060,2.0116756,2.181825,1.853138,2.319373,1.836972,2.049195,2.053908,0.000000,0.0000000,0.000000,0.000000,0.000000,0.000000,0.000000,1.906961,2.020582,2.527142,2.025093,0.000000,0.0000000,0.0000000,0.000000,0.000000,2.193672,0.0000000,0.000000,0.0000000,0.000000,0.000000,2.1785645,1.872384,1.878967,1.9964080,0.0000000,2.428927,0.000000,0.000000,0.000000,0.000000,2.286797,1.907211,1.997968,2.1778258,2.168283,1.845156,0.0000000,2.570245,0.000000,0.0000000
1.935532,1.855174,1.9574647,0.000000,0.0000000,0.000000,0.0000000,1.849692,1.768157,0.000000,0.0000000,1.9852084,2.128355,2.549726,2.288548,2.357352,0.000000,2.3739228,1.905981,2.086761,0.0000000,2.154374,2.003040,2.291093,2.083009,2.152169,1.903440,0.000000,0.0000000,0.000000,1.786203,0.000000,1.891987,1.886206,1.845386,0.000000,2.350796,1.757374,0.000000,2.2845271,1.5931857,0.000000,0.000000,2.143321,0.0000000,0.000000,1.9591314,0.000000,1.920739,1.6081577,0.000000,1.861098,0.0000000,0.0000000,2.342554,0.000000,0.000000,2.188146,0.000000,1.927833,0.000000,0.000000,1.8163280,2.128564,0.000000,0.0000000,2.602655,0.000000,1.5102428
1.820411,2.078933,1.9043761,1.756675,0.0000000,0.000000,0.0000000,1.717071,1.996105,1.802461,0.0000000,2.0694473,2.093651,2.518346,2.297262,2.405068,0.000000,2.3271692,1.857733,1.962272,1.6998078,2.139147,1.975719,2.124500,2.043048,2.139758,1.762191,1.971782,0.0000000,0.000000,1.845049,0.000000,0.000000,1.632871,1.958173,0.000000,2.404203,1.813573,1.762879,2.2904804,1.8930998,1.783075,0.000000,2.112778,0.0000000,0.000000,0.0000000,0.000000,1.916325,2.1405050,0.000000,1.978768,0.0000000,0.0000000,2.176967,0.000000,0.000000,2.246975,0.000000,2.092742,0.000000,1.938489,2.1571670,2.115979,0.000000,0.0000000,2.549010,1.675036,0.0000000
1.867514,1.580320,1.8671369,1.630534,0.0000000,0.000000,1.8677929,1.758353,1.845913,0.000000,0.0000000,0.0000000,2.076389,2.474798,2.260423,2.389766,0.000000,2.3112829,1.819150,1.892864,1.3645547,2.088694,1.912105,2.178280,1.991816,2.108201,1.885232,1.905748,0.0000000,0.000000,1.806121,0.000000,0.000000,1.544873,1.911364,0.000000,2.339988,1.469426,0.000000,2.1676669,1.8427216,1.500790,0.000000,2.176535,0.0000000,0.000000,1.7965376,0.000000,1.872478,1.8448035,0.000000,1.918841,2.0138314,0.0000000,2.256902,1.476732,1.674498,2.178010,0.000000,2.040218,0.000000,0.000000,2.0342133,2.082527,0.000000,0.0000000,2.540570,0.000000,0.0000000
1.688363,1.459790,1.8667457,1.590747,0.0000000,0.000000,0.0000000,1.733230,1.835985,0.000000,0.0000000,0.0000000,1.926872,2.483771,2.239260,2.365559,0.000000,2.3172918,1.789549,1.993645,1.3644160,2.099330,1.936493,2.185614,1.959421,2.113866,1.861438,2.014207,0.0000000,0.000000,1.677750,0.000000,0.000000,1.821779,1.892682,0.000000,2.345034,1.679257,1.763276,2.1986785,1.8082269,1.493684,0.000000,2.225873,0.0000000,0.000000,0.0000000,0.000000,1.864534,1.8863413,0.000000,1.852551,2.0010898,0.0000000,2.218547,1.398771,1.727286,2.198172,0.000000,2.025281,0.000000,0.000000,2.0436771,2.049606,0.000000,0.0000000,2.523807,0.000000,0.0000000
1.567300,0.000000,1.8750800,1.516678,0.0000000,0.000000,0.0000000,0.000000,1.556897,0.000000,0.0000000,0.0000000,2.015618,2.519349,2.282853,2.400164,0.000000,2.3204713,1.871379,1.894864,0.0000000,2.148098,2.013194,2.208650,0.000000,2.151276,1.928379,2.052647,0.0000000,0.000000,1.837419,0.000000,0.000000,1.728310,1.931899,0.000000,2.376579,1.809590,1.495100,2.2060137,0.0000000,1.535382,0.000000,2.277585,0.0000000,0.000000,1.8593497,0.000000,0.000000,2.1409092,0.000000,2.030655,0.0000000,0.0000000,2.259612,1.597843,1.789583,2.176023,0.000000,2.083535,0.000000,1.936195,2.1094509,2.112509,0.000000,0.0000000,2.571318,0.000000,0.0000000
2.034246,1.760236,1.8206402,0.000000,0.0000000,0.000000,1.9927639,1.687688,1.860955,1.773850,1.8754476,2.0801355,2.005701,2.475034,2.256608,2.383966,0.000000,2.3269182,1.724614,2.020844,0.0000000,2.122093,1.953983,2.255790,1.986894,0.000000,1.655113,1.625825,0.0000000,0.000000,1.512307,0.000000,0.000000,1.813756,0.000000,0.000000,2.391219,0.000000,0.000000,0.0000000,1.9233016,0.000000,1.489081,2.162023,0.0000000,0.000000,0.0000000,0.000000,1.857075,1.8936818,1.860141,2.043519,0.0000000,0.0000000,2.232721,0.000000,0.000000,2.187264,0.000000,2.083817,1.556548,0.000000,2.0905980,2.056791,0.000000,0.0000000,2.583282,1.618046,0.0000000
2.036958,1.633600,1.7997481,1.779512,0.0000000,0.000000,1.9937668,1.636019,0.000000,1.839622,1.8795318,2.0378140,1.941609,2.500536,2.257924,2.388947,0.000000,2.3072227,1.834013,1.961771,0.0000000,2.020787,1.948490,2.241792,1.932940,0.000000,1.777008,0.000000,2.1040448,0.000000,2.053011,0.000000,1.645024,1.788645,1.734131,0.000000,2.381272,0.000000,0.000000,0.0000000,1.9380524,0.000000,0.000000,0.000000,0.0000000,0.000000,1.6771726,0.000000,1.836001,2.0886016,1.836614,1.956782,0.0000000,0.0000000,2.229389,1.567910,0.000000,2.201440,0.000000,2.122607,0.000000,0.000000,2.0476023,2.098403,0.000000,0.0000000,2.579891,1.798383,1.7629335
1.998134,1.839742,1.8294341,1.606749,0.0000000,0.000000,1.9637433,0.000000,1.927468,1.789800,1.6795657,2.0137423,2.058114,2.490359,2.244239,2.367268,0.000000,2.3318094,1.840298,2.037302,0.0000000,2.053510,1.983994,2.267132,1.972063,1.661068,1.754876,0.000000,2.1329600,0.000000,1.692724,0.000000,0.000000,1.802409,1.691232,0.000000,2.369609,0.000000,0.000000,2.1981939,1.9026819,0.000000,0.000000,2.232161,1.5130745,0.000000,1.7513741,0.000000,1.837880,2.0936457,1.767029,1.975033,0.0000000,0.0000000,2.240036,0.000000,0.000000,2.229242,1.722291,2.150942,0.000000,0.000000,2.0007039,2.103477,0.000000,0.0000000,2.569551,1.873488,1.5028286
2.037700,1.543856,1.8018035,1.736378,0.0000000,0.000000,1.9779512,0.000000,1.981627,0.000000,1.8371916,0.0000000,2.058607,2.508628,2.269208,2.415044,0.000000,2.3363666,1.751152,1.990723,0.0000000,1.980873,1.963156,2.259200,2.012556,1.906648,1.622338,1.639535,2.0823837,0.000000,2.095961,0.000000,0.000000,1.571980,0.000000,0.000000,2.381686,0.000000,0.000000,2.1999488,1.8504306,0.000000,0.000000,2.200588,1.6767622,0.000000,1.6459063,0.000000,1.757203,1.8035506,1.797350,1.995821,0.0000000,0.0000000,2.216436,0.000000,0.000000,2.206753,0.000000,2.107340,0.000000,0.000000,2.0331090,2.107283,0.000000,0.0000000,2.576262,0.000000,1.7702972
2.075552,1.920821,1.8112636,1.842026,0.0000000,0.000000,2.1006482,0.000000,0.000000,0.000000,2.0253154,2.0888364,2.006833,2.499368,2.288104,2.397856,0.000000,2.2991033,1.774561,1.931530,0.0000000,1.977434,1.937886,2.216712,1.951580,1.557296,1.731698,0.000000,2.0827826,0.000000,1.471039,0.000000,0.000000,1.668575,1.690636,0.000000,2.364652,0.000000,0.000000,2.1868325,1.9596049,0.000000,0.000000,1.903114,0.0000000,0.000000,0.0000000,0.000000,1.434379,2.1161122,0.000000,1.959757,0.0000000,0.0000000,2.175397,0.000000,0.000000,2.128451,1.900758,2.125689,0.000000,0.000000,2.0590368,2.121367,0.000000,0.0000000,2.519143,1.737961,1.8493356
2.035937,1.392838,1.8037056,1.650704,0.0000000,0.000000,0.0000000,0.000000,1.931244,0.000000,1.6972846,1.6098471,1.981892,2.479101,2.240933,2.356740,0.000000,2.1983875,1.630631,1.939983,1.5264228,1.883976,1.906203,2.197395,1.937732,1.779231,1.698383,0.000000,2.0470218,0.000000,1.990504,0.000000,0.000000,1.590624,1.586308,0.000000,2.324780,0.000000,0.000000,2.1031004,1.9112146,0.000000,1.819768,2.160177,0.0000000,0.000000,1.7795365,0.000000,1.736853,0.0000000,1.894129,1.694201,0.0000000,0.0000000,1.372173,0.000000,0.000000,2.172770,0.000000,2.055656,0.000000,0.000000,1.9909264,2.050780,0.000000,0.0000000,2.536166,1.876405,0.0000000
1.814217,0.000000,0.0000000,1.677414,0.0000000,0.000000,1.9656090,0.000000,2.010720,1.849892,0.0000000,2.0409393,2.006693,2.502914,2.271460,2.415408,0.000000,2.3356102,0.000000,1.999125,0.0000000,2.142693,2.004435,2.229454,1.932045,1.578262,1.757559,1.909858,0.0000000,0.000000,1.724721,0.000000,0.000000,0.000000,0.000000,0.000000,2.357786,0.000000,1.720862,2.1461573,1.8579976,1.780548,0.000000,1.951817,0.0000000,0.000000,1.8286588,0.000000,0.000000,2.1540650,1.851188,2.119095,0.0000000,0.0000000,2.236321,0.000000,0.000000,2.212634,0.000000,2.047213,0.000000,0.000000,2.0810065,2.094040,0.000000,0.0000000,2.535019,0.000000,0.0000000
1.920575,1.888797,1.8607772,1.679161,0.0000000,0.000000,1.8756432,1.514600,1.921712,0.000000,1.6330299,0.0000000,2.041478,2.513986,2.290434,2.383749,0.000000,2.2666426,1.700079,1.990248,0.0000000,2.037636,1.922153,2.244487,1.932128,1.775117,1.734048,0.000000,0.0000000,0.000000,1.478899,0.000000,0.000000,1.929291,1.570049,0.000000,2.375908,1.562153,0.000000,2.1810626,1.8568498,0.000000,1.540328,2.241711,1.6864652,0.000000,1.8141306,0.000000,1.840695,2.1195615,1.323916,1.933555,0.0000000,0.0000000,2.242407,0.000000,1.436992,2.215820,0.000000,2.100721,0.000000,0.000000,2.0827306,2.154002,0.000000,0.0000000,2.506482,1.846990,1.7667486
1.867637,1.515233,1.6611747,1.723171,0.0000000,0.000000,0.0000000,0.000000,1.919375,0.000000,1.8219880,1.9324875,1.976763,2.481835,2.284175,2.370650,0.000000,2.3040834,1.752791,2.008112,0.0000000,2.112039,1.897266,2.216487,1.957067,1.883159,1.732171,0.000000,0.0000000,0.000000,1.671402,0.000000,0.000000,1.928082,1.589184,0.000000,2.336867,0.000000,0.000000,2.1765698,1.8730339,0.000000,1.559815,1.869812,0.0000000,0.000000,1.4653331,0.000000,1.891241,1.8729840,1.856583,1.965361,0.0000000,0.0000000,2.200315,0.000000,1.576624,2.117271,0.000000,2.042254,0.000000,0.000000,2.0116426,2.088885,0.000000,0.0000000,2.556332,1.845018,1.7918345
1.911438,1.537120,1.5541325,1.621488,0.0000000,0.000000,0.0000000,0.000000,1.921110,0.000000,0.0000000,2.1037035,2.004927,2.521287,2.282194,2.369489,0.000000,2.3184305,1.731054,1.988356,0.0000000,2.098831,1.935992,2.221489,2.051742,0.000000,1.866465,0.000000,0.0000000,0.000000,1.717666,0.000000,0.000000,0.000000,1.643423,0.000000,2.371504,0.000000,0.000000,2.2110692,1.9606313,0.000000,0.000000,2.181562,0.0000000,0.000000,1.8411688,0.000000,1.876865,1.8817845,1.894568,1.786820,0.0000000,0.0000000,1.385727,0.000000,1.634861,2.163377,0.000000,2.130847,0.000000,0.000000,2.0488250,2.151836,0.000000,0.0000000,2.582624,1.823995,0.0000000
1.748892,1.631017,0.0000000,0.000000,0.0000000,0.000000,1.9375992,0.000000,1.987319,0.000000,1.7745735,1.9562226,1.899598,2.506389,2.280599,2.394453,0.000000,2.2724170,1.819879,2.035141,0.0000000,2.077862,1.971590,2.244914,1.958015,1.780791,1.801090,0.000000,0.0000000,0.000000,1.792506,0.000000,0.000000,1.638555,0.000000,0.000000,2.375494,1.692484,0.000000,2.1985373,1.8994347,0.000000,1.593186,2.174371,0.0000000,0.000000,1.8055621,0.000000,0.000000,1.9147677,0.000000,2.000620,0.0000000,0.0000000,2.184661,0.000000,1.514600,2.239681,0.000000,2.088402,0.000000,0.000000,2.0401030,2.130373,0.000000,0.0000000,2.547299,1.745676,0.0000000
1.728310,0.000000,0.0000000,1.618046,0.0000000,0.000000,2.0900112,0.000000,0.000000,0.000000,1.8210149,1.9538333,1.924285,2.503830,2.261241,2.369811,0.000000,2.2991047,1.754484,1.952946,0.0000000,1.984460,1.931768,2.219814,2.009331,1.523193,1.773723,0.000000,2.0668162,0.000000,1.440420,0.000000,0.000000,0.000000,1.563981,0.000000,2.415450,0.000000,0.000000,2.1907247,1.9377164,0.000000,1.795108,1.851129,1.5446596,0.000000,1.7596484,0.000000,0.000000,1.8524350,0.000000,1.926551,1.7822738,0.0000000,2.196823,0.000000,0.000000,2.235607,0.000000,2.090353,0.000000,0.000000,2.1276871,2.088246,0.000000,0.0000000,2.533291,1.735984,1.6964343
2.024145,1.667066,1.7026594,1.706840,0.0000000,0.000000,1.8508648,0.000000,0.000000,0.000000,1.9700117,2.0280094,2.013736,2.506723,2.261613,2.402808,0.000000,2.3227269,1.817353,2.033796,0.0000000,2.090499,1.994695,2.260908,2.029820,1.683135,1.817746,0.000000,2.1451405,0.000000,1.771659,0.000000,0.000000,1.885232,1.417493,0.000000,2.380759,0.000000,0.000000,2.2325349,1.9366039,0.000000,0.000000,1.878070,0.0000000,0.000000,1.8107440,0.000000,1.736869,1.9646477,0.000000,1.986220,0.0000000,0.0000000,2.208049,1.811908,0.000000,2.086534,0.000000,2.039158,1.757999,0.000000,2.0223679,2.110166,0.000000,0.0000000,2.572620,0.000000,1.8857257
2.052037,1.861824,1.7920476,1.710910,0.0000000,0.000000,1.9108698,0.000000,0.000000,0.000000,1.9531804,0.0000000,2.025957,2.508091,2.272237,2.372753,0.000000,2.3184811,1.865940,2.055815,0.0000000,2.043161,1.976788,2.282836,2.004492,1.869812,1.783528,1.577997,2.1241195,0.000000,2.038919,0.000000,0.000000,1.849447,0.000000,0.000000,2.358364,0.000000,0.000000,2.2052742,1.9455489,0.000000,1.752805,0.000000,0.0000000,0.000000,0.0000000,0.000000,1.809283,2.1478160,0.000000,0.000000,0.0000000,0.0000000,2.196541,1.665646,0.000000,2.124381,0.000000,2.074377,0.000000,0.000000,2.0976276,2.133871,0.000000,0.0000000,2.563216,1.738107,0.0000000
2.050289,1.714060,1.6834130,0.000000,0.0000000,0.000000,1.9262532,1.610212,1.889586,0.000000,1.7704405,0.0000000,2.009715,2.502798,2.267747,2.363645,0.000000,2.2912319,1.799014,2.043923,0.0000000,2.105436,1.938875,2.233889,1.962138,1.565031,1.784512,0.000000,0.0000000,0.000000,1.649331,0.000000,0.000000,1.863018,1.491684,0.000000,2.362357,0.000000,0.000000,2.1861969,1.9307898,0.000000,0.000000,2.198722,0.0000000,0.000000,1.7422629,0.000000,1.799780,1.9382746,0.000000,2.069607,0.0000000,0.0000000,2.205866,1.750720,1.542994,2.258567,0.000000,2.129323,0.000000,0.000000,2.1179232,2.102873,0.000000,0.0000000,2.577134,1.797198,0.0000000
1.906903,1.820356,0.0000000,0.000000,0.0000000,0.000000,1.9688170,1.584534,0.000000,0.000000,0.0000000,1.9587136,1.976260,2.483377,2.248558,2.363128,0.000000,2.2934175,1.806466,2.024125,1.9829395,2.116770,1.952933,2.215628,1.985350,1.688430,1.634798,0.000000,0.0000000,0.000000,1.699432,0.000000,0.000000,0.000000,1.489081,0.000000,2.347166,0.000000,0.000000,2.1886647,1.8985139,0.000000,0.000000,1.832853,0.0000000,0.000000,1.5193493,0.000000,1.670825,1.8674556,1.701261,1.656684,0.0000000,0.0000000,2.222443,1.714117,0.000000,2.080804,0.000000,2.043769,0.000000,0.000000,2.0739027,2.055067,0.000000,0.0000000,2.543239,1.596067,1.4915408
1.830299,1.667092,1.8442571,0.000000,0.0000000,0.000000,1.8919496,0.000000,0.000000,0.000000,1.8912568,1.9487845,1.954440,2.491278,2.254983,2.347733,0.000000,2.2601291,1.718018,2.013781,0.0000000,2.073176,1.886386,2.197724,1.960493,1.921054,1.718074,0.000000,0.0000000,0.000000,1.597292,0.000000,0.000000,0.000000,0.000000,0.000000,2.280824,0.000000,0.000000,2.2051173,1.8672346,0.000000,0.000000,1.869121,0.0000000,0.000000,1.9307778,0.000000,1.720917,2.0779494,1.720771,2.045335,0.0000000,0.0000000,2.193109,1.732306,1.619121,2.069708,0.000000,1.977749,0.000000,0.000000,2.0418698,2.113631,0.000000,0.0000000,2.540194,0.000000,0.0000000
2.043699,1.735589,1.7646098,1.772893,0.0000000,0.000000,0.0000000,0.000000,0.000000,0.000000,1.8711707,1.9578996,1.980285,2.508603,2.295809,2.390849,0.000000,2.2804685,1.734414,2.012349,0.0000000,2.109235,1.957642,2.241061,1.976376,2.093295,1.812588,0.000000,0.0000000,0.000000,1.591727,0.000000,0.000000,1.818909,1.459534,0.000000,2.356641,1.667784,1.812724,2.1909642,1.8721902,0.000000,1.744283,2.269865,0.0000000,0.000000,1.7437063,0.000000,1.792852,2.1567929,1.842612,1.920652,0.0000000,0.0000000,2.230545,1.770362,1.768303,2.094199,0.000000,2.060772,0.000000,0.000000,2.0980010,2.104562,0.000000,0.0000000,2.574292,1.836336,0.0000000
1.955952,1.528134,1.7133548,1.797684,0.0000000,0.000000,2.0552438,0.000000,0.000000,0.000000,0.0000000,1.9129897,1.983869,2.483742,2.273015,2.391866,0.000000,2.3087662,1.802138,1.957271,0.0000000,2.095990,1.957329,2.197225,1.899226,1.598391,1.689303,0.000000,0.0000000,0.000000,1.622100,0.000000,0.000000,1.598743,1.614033,0.000000,2.362915,0.000000,0.000000,2.1490805,1.9231235,0.000000,0.000000,1.799950,0.0000000,0.000000,1.5738433,0.000000,1.552094,1.7050565,1.938162,1.905578,0.0000000,0.0000000,2.192344,0.000000,1.631851,2.211199,0.000000,2.060461,0.000000,0.000000,2.0630055,2.028542,0.000000,0.0000000,2.553747,1.834982,1.7981680
1.773251,1.681313,1.7353415,1.681806,0.0000000,0.000000,0.0000000,0.000000,1.863941,0.000000,0.0000000,1.8700479,2.033861,2.489926,2.275786,2.338738,0.000000,2.2639132,1.671826,1.978550,0.0000000,2.043425,1.894727,2.224674,1.882482,1.787828,1.730935,0.000000,0.0000000,0.000000,1.654919,0.000000,0.000000,1.778912,0.000000,0.000000,2.320164,0.000000,0.000000,2.0536706,1.8590666,0.000000,0.000000,2.227135,0.0000000,0.000000,1.8119274,0.000000,1.720589,1.8497436,0.000000,1.907747,0.0000000,0.0000000,2.226120,1.515925,0.000000,1.522224,0.000000,1.970439,0.000000,0.000000,1.9880523,2.109250,0.000000,0.0000000,2.524133,1.660828,0.0000000
2.051472,0.000000,0.0000000,1.812015,0.0000000,0.000000,0.0000000,0.000000,1.892456,0.000000,0.0000000,2.0402127,2.078843,2.495176,2.274016,2.414212,0.000000,2.3359144,1.850637,2.035980,0.0000000,2.148945,1.989813,2.235320,2.029964,0.000000,1.921930,0.000000,0.0000000,0.000000,1.593307,0.000000,0.000000,0.000000,1.711298,0.000000,2.381734,0.000000,0.000000,2.2557905,1.9388716,0.000000,0.000000,2.203812,0.0000000,0.000000,0.0000000,0.000000,0.000000,1.9476338,1.933394,1.837167,0.0000000,0.0000000,2.197871,0.000000,0.000000,2.282616,0.000000,2.134713,0.000000,0.000000,2.0960290,2.076029,0.000000,0.0000000,2.574393,1.880189,0.0000000
1.959589,1.583938,1.9044399,1.768395,0.0000000,0.000000,1.7192726,0.000000,1.928822,0.000000,1.7885649,0.0000000,2.060349,2.522730,2.302938,2.384135,1.649618,2.3674109,1.972086,1.682273,0.0000000,2.210282,2.073753,2.071318,0.000000,2.284340,1.962182,2.160313,0.0000000,0.000000,1.870544,0.000000,0.000000,0.000000,1.855664,0.000000,1.704693,1.717777,0.000000,0.0000000,0.0000000,0.000000,0.000000,2.237972,0.0000000,0.000000,1.7215875,0.000000,0.000000,2.1227838,0.000000,0.000000,0.0000000,0.0000000,2.133327,0.000000,0.000000,1.929320,0.000000,0.000000,0.000000,1.750183,1.9785450,2.155153,0.000000,0.0000000,2.487028,0.000000,0.0000000
2.025220,1.630921,1.8443033,1.771504,0.0000000,0.000000,1.9400311,1.795261,1.816319,1.561328,1.5544362,2.0955051,1.982635,2.469371,2.238362,2.356342,0.000000,2.3508717,1.828546,1.976669,1.6646834,2.167579,2.014618,2.189578,2.002012,2.286957,1.797123,2.144915,0.0000000,1.374034,1.613104,0.000000,1.634924,0.000000,1.872822,1.637416,2.287729,1.663557,1.626057,2.1450562,1.8538580,1.730884,1.481877,2.173534,1.3609181,0.000000,1.6990342,0.000000,0.000000,2.0487951,1.381819,2.046972,2.0112980,0.0000000,2.251004,1.733514,1.752688,2.143674,0.000000,1.980089,0.000000,1.375615,1.9910612,2.074976,0.000000,0.0000000,2.543628,1.735556,0.0000000
2.029236,1.598039,2.0040620,1.880942,0.0000000,0.000000,1.6408412,1.650419,0.000000,1.834162,0.0000000,1.8903637,2.022635,2.479590,2.171413,2.320339,0.000000,2.4337144,1.970419,2.008090,0.0000000,2.210609,2.014338,2.242060,1.814667,2.232453,1.656327,2.138675,0.0000000,0.000000,1.712762,0.000000,0.000000,1.809332,2.013138,0.000000,2.388048,0.000000,0.000000,2.2747948,0.0000000,1.695579,0.000000,0.000000,0.0000000,0.000000,0.0000000,0.000000,0.000000,0.0000000,1.541585,2.069954,0.0000000,0.0000000,1.672324,0.000000,0.000000,2.262900,0.000000,2.112714,0.000000,0.000000,2.1209564,2.020278,0.000000,0.0000000,2.492539,1.501472,0.0000000
1.910916,1.575955,1.8106949,1.538953,0.0000000,0.000000,0.0000000,1.728932,1.826368,0.000000,0.0000000,2.0341199,2.046269,2.476354,2.239250,2.372617,0.000000,2.3007948,1.840655,1.902955,0.0000000,2.076458,1.910205,2.185818,1.900385,2.127831,1.913895,2.046905,0.0000000,0.000000,1.888531,0.000000,1.559520,1.665853,1.786948,0.000000,2.309423,1.287162,1.838219,0.0000000,1.7066608,1.518793,0.000000,2.183201,1.6723493,0.000000,1.6230476,0.000000,1.762012,2.0495141,0.000000,1.749464,1.9960584,0.0000000,1.684291,0.000000,1.711762,2.128396,0.000000,1.952480,0.000000,1.658512,1.9795138,2.068688,0.000000,0.0000000,2.495084,1.766962,0.0000000
2.031940,1.742499,1.8552236,1.870677,0.0000000,0.000000,1.9701108,0.000000,1.843755,1.777058,0.0000000,2.0487966,1.914023,2.485378,2.257730,2.374089,0.000000,2.3329152,1.850416,1.985178,1.6270807,2.158601,2.005906,2.210278,2.006760,2.256380,1.776122,2.080820,0.0000000,1.513839,1.646930,0.000000,0.000000,1.900516,1.937372,0.000000,2.364495,1.603517,1.918159,2.2207731,1.8526672,1.688025,1.599910,2.226465,0.0000000,0.000000,1.6326802,0.000000,0.000000,2.1042442,0.000000,1.964184,1.4871036,0.0000000,2.265957,0.000000,1.737571,2.210152,0.000000,1.987705,0.000000,0.000000,2.0954351,2.074494,0.000000,0.0000000,2.539111,1.707159,0.0000000
2.049194,1.729928,1.8477138,1.794161,0.0000000,0.000000,1.6823900,0.000000,1.890925,1.810911,1.6135690,2.0518483,2.044253,2.467488,2.226051,2.395209,0.000000,2.3683717,1.998459,1.993731,1.6853247,2.197563,2.070242,2.210783,2.006831,2.232769,2.005229,1.955743,0.0000000,0.000000,1.978800,0.000000,0.000000,1.943476,1.945378,0.000000,2.367760,0.000000,0.000000,0.0000000,1.8791159,1.688452,0.000000,2.181950,1.4439738,0.000000,1.8540447,0.000000,0.000000,1.6518386,1.792819,2.077657,0.0000000,0.0000000,2.270512,1.717852,1.764732,2.209641,0.000000,1.994390,0.000000,0.000000,2.1018486,2.047171,0.000000,0.0000000,2.543130,1.746214,0.0000000
0.000000,1.676181,1.7652992,1.937901,0.0000000,0.000000,2.1213894,0.000000,1.979987,0.000000,0.0000000,2.0096370,1.861329,2.489550,2.230984,2.422017,1.602908,2.4687618,1.878316,1.806951,0.0000000,2.276653,2.038969,2.140131,2.095825,2.362408,0.000000,2.179516,0.0000000,0.000000,1.699620,0.000000,0.000000,0.000000,2.046780,1.704106,2.444554,1.962020,0.000000,0.0000000,1.9091029,0.000000,0.000000,2.116850,0.0000000,0.000000,0.0000000,0.000000,1.844919,2.0501975,0.000000,2.060708,0.0000000,0.0000000,0.000000,1.859646,1.896428,1.749359,0.000000,2.138978,0.000000,0.000000,2.1905113,2.118738,1.864414,0.0000000,2.575711,2.123873,0.0000000
1.922123,1.728759,1.6446696,0.000000,0.0000000,0.000000,1.8608114,0.000000,0.000000,0.000000,0.0000000,1.9016135,1.989210,2.489371,2.246204,2.376231,0.000000,2.3752590,1.986294,1.913494,0.0000000,2.147638,2.066417,2.162350,0.000000,2.103155,2.071103,0.000000,0.0000000,0.000000,2.041628,0.000000,1.733280,1.792551,0.000000,0.000000,2.138313,0.000000,0.000000,2.0670954,1.6090413,0.000000,0.000000,1.879745,0.0000000,0.000000,1.4917563,0.000000,1.872778,1.7240814,0.000000,0.000000,0.0000000,0.0000000,0.000000,0.000000,0.000000,2.021106,0.000000,0.000000,0.000000,0.000000,0.0000000,2.130215,1.790674,0.0000000,2.531797,1.627377,1.3395181
1.931626,1.650390,1.8212337,1.804724,1.3713705,0.000000,1.8438787,1.551786,1.592377,0.000000,1.6578053,2.0834519,1.891674,2.495186,2.272167,2.363936,0.000000,2.4005930,1.904504,2.003266,1.3788705,2.231656,2.104663,2.221657,2.010581,2.276404,1.990040,2.088016,0.0000000,0.000000,1.900430,0.000000,0.000000,1.818816,1.889992,0.000000,2.342763,1.650846,1.851561,2.1820134,1.8179794,1.558337,0.000000,1.939018,1.5900082,0.000000,1.4461846,0.000000,0.000000,2.1071634,0.000000,1.943364,0.0000000,0.0000000,2.230467,0.000000,1.699849,2.197316,0.000000,2.057689,0.000000,1.720608,2.0546768,2.096362,0.000000,0.0000000,2.517398,1.847103,0.0000000
0.000000,0.000000,1.8820001,1.409022,0.0000000,0.000000,1.7277555,0.000000,2.002425,0.000000,0.0000000,1.9704742,1.919501,2.508923,2.280867,2.401166,0.000000,2.3929107,1.976041,1.889018,0.0000000,2.283969,2.140240,2.121896,1.968525,2.257534,1.818974,2.173089,0.0000000,0.000000,1.824832,0.000000,0.000000,0.000000,1.804847,1.741995,2.252737,1.678875,1.840449,2.1482442,1.7190888,0.000000,0.000000,2.236034,0.0000000,0.000000,1.6385553,0.000000,1.720880,2.1293145,0.000000,1.860757,0.0000000,0.0000000,1.608453,0.000000,1.782382,2.159728,0.000000,1.866425,0.000000,1.641536,1.5794473,2.097311,0.000000,0.0000000,2.473596,0.000000,0.0000000
1.857397,0.000000,1.8080668,1.490821,0.0000000,0.000000,0.0000000,1.540438,2.052518,0.000000,1.7304236,2.0457642,1.878328,2.483667,2.250493,2.387582,0.000000,2.3835045,1.823995,2.013789,1.5835542,2.186029,2.039363,2.199841,1.987382,2.241138,1.937296,2.110415,0.0000000,0.000000,1.741012,0.000000,0.000000,1.783528,1.875680,0.000000,2.352019,1.534817,1.484882,2.1649872,1.7918233,1.671502,0.000000,2.228442,0.0000000,0.000000,1.8270341,0.000000,0.000000,2.0951270,1.935235,1.841145,2.0140678,0.0000000,2.214679,0.000000,1.752173,2.187443,0.000000,1.959163,0.000000,0.000000,2.0727491,2.044590,0.000000,0.0000000,2.492528,0.000000,0.0000000
1.853880,1.976185,1.8485234,1.858074,0.0000000,0.000000,0.0000000,0.000000,0.000000,1.546310,0.0000000,2.0243319,2.077458,2.478339,2.263635,2.393484,0.000000,2.4410916,1.621828,1.945549,1.8886533,2.345279,2.251082,2.137534,2.066190,2.323681,2.132624,2.228872,0.0000000,0.000000,2.145501,0.000000,0.000000,1.679018,1.996992,0.000000,2.424079,0.000000,0.000000,0.0000000,0.0000000,1.653162,0.000000,2.236586,0.0000000,0.000000,0.0000000,0.000000,0.000000,2.1167671,0.000000,1.843608,0.0000000,0.0000000,0.000000,0.000000,1.748439,2.258545,0.000000,2.130741,1.906271,0.000000,2.2044071,2.055912,0.000000,0.0000000,2.567856,2.054452,0.0000000
0.000000,1.941180,1.8967514,0.000000,1.9825905,0.000000,0.0000000,0.000000,1.971172,0.000000,0.0000000,2.0199082,2.165913,2.472681,2.245826,2.369283,0.000000,2.3922085,1.791924,2.044086,0.0000000,2.271378,2.155195,2.235755,2.012930,2.123272,1.835509,2.149259,1.5290706,0.000000,2.038100,0.000000,0.000000,1.620566,0.000000,0.000000,2.362663,1.825717,0.000000,2.3708151,0.0000000,0.000000,1.866091,2.177783,0.0000000,1.954764,1.6444625,0.000000,1.806081,2.1646661,2.164008,1.996873,0.0000000,0.0000000,2.300314,0.000000,0.000000,2.270327,0.000000,2.136692,0.000000,0.000000,1.9915111,2.155845,0.000000,0.0000000,2.561401,0.000000,2.0744369
0.000000,1.979506,1.9220331,2.052496,0.0000000,0.000000,0.0000000,0.000000,0.000000,0.000000,1.9169718,1.9761605,2.139137,2.478867,2.125901,2.410631,0.000000,2.3069250,1.632776,2.069465,0.0000000,2.122286,1.947154,2.339621,2.001954,1.730696,0.000000,0.000000,0.0000000,0.000000,0.000000,0.000000,0.000000,0.000000,0.000000,0.000000,2.272118,0.000000,1.972052,2.1842239,2.3276812,1.628131,1.868181,0.000000,0.0000000,0.000000,0.0000000,0.000000,0.000000,0.0000000,0.000000,0.000000,0.0000000,0.0000000,2.326831,0.000000,0.000000,1.981665,1.836230,1.866294,1.709585,0.000000,2.0208381,2.110048,0.000000,0.0000000,2.493801,1.665827,0.0000000
0.000000,1.446642,1.9263690,1.422425,1.4728764,0.000000,0.0000000,1.753742,0.000000,0.000000,1.9159620,2.0543524,2.087692,2.454473,2.231631,2.351275,0.000000,2.4052767,0.000000,1.999979,1.6053660,2.184358,1.972877,2.223381,1.918661,1.781805,1.859053,2.145888,0.0000000,0.000000,1.854782,0.000000,0.000000,1.489953,1.304304,0.000000,2.359832,1.780317,0.000000,1.8461182,0.0000000,0.000000,1.863233,0.000000,1.8481941,1.610504,0.0000000,0.000000,0.000000,0.0000000,2.164388,2.037291,1.9969620,0.0000000,2.278938,0.000000,0.000000,1.841271,0.000000,2.034958,1.494039,1.490532,2.0618297,2.144194,0.000000,1.4556529,2.478057,1.617349,1.3614818
0.000000,0.000000,1.8820990,0.000000,0.0000000,0.000000,0.0000000,1.643215,2.056371,0.000000,1.8751536,2.0366456,2.177311,2.458263,2.207418,2.436543,1.739237,2.3652145,0.000000,1.970439,0.0000000,2.048771,2.024430,2.147284,1.908477,1.659512,1.719548,1.965727,2.1401005,0.000000,1.847593,0.000000,0.000000,1.650047,0.000000,1.375747,2.315525,1.570603,1.889178,1.8176993,0.0000000,0.000000,1.713164,2.210817,1.7594661,0.000000,1.6591886,0.000000,1.775230,2.1069994,2.160224,2.045987,1.5580897,0.0000000,2.045587,0.000000,1.621556,1.808297,0.000000,2.009668,1.487765,0.000000,1.9130172,2.107101,1.820969,0.0000000,2.522159,1.777219,0.0000000
0.000000,0.000000,1.8664777,1.470073,0.0000000,0.000000,0.0000000,1.663610,1.973912,0.000000,1.6737355,2.0744262,2.171673,2.449282,2.223901,2.364233,0.000000,2.3592880,1.890631,1.990119,2.0115746,2.079678,1.974812,2.221180,1.893105,1.779096,1.699306,2.072902,2.1319235,0.000000,1.840243,0.000000,0.000000,1.752143,0.000000,0.000000,2.357833,1.781661,1.897881,1.8823954,0.0000000,0.000000,1.668575,2.152353,0.0000000,1.760640,1.7087609,0.000000,1.764080,2.0987602,2.135895,2.072889,1.4270328,0.0000000,2.024554,0.000000,0.000000,1.801720,0.000000,2.049248,1.493186,1.769605,2.0312121,2.088840,0.000000,0.0000000,2.501787,1.870987,0.0000000
0.000000,1.570188,1.7924393,0.000000,0.0000000,0.000000,0.0000000,1.650590,2.052085,0.000000,1.7459532,2.0658112,2.185846,2.454198,2.225285,2.431720,0.000000,2.3725664,1.743691,2.023941,1.6260900,2.094080,2.010965,2.207302,1.971371,1.785254,1.693421,2.051559,2.1558818,0.000000,1.787377,0.000000,1.759803,1.784406,0.000000,0.000000,2.384334,1.682110,0.000000,2.0281831,0.0000000,0.000000,1.655445,2.195916,1.2764788,1.744438,1.6576690,0.000000,1.748136,2.1110984,2.124025,2.041770,1.2508198,0.0000000,2.301944,0.000000,1.755064,1.818315,0.000000,2.100465,0.000000,1.765448,2.1008473,2.092805,0.000000,0.0000000,2.526315,1.849721,0.0000000
0.000000,0.000000,1.8983495,0.000000,0.0000000,0.000000,0.0000000,0.000000,2.020760,0.000000,1.9649579,2.0890707,2.178631,2.434346,2.210691,2.429162,0.000000,2.3960522,1.879899,2.022163,1.3835935,2.097192,1.983125,2.238328,1.940742,1.880271,1.752305,2.062269,2.1439972,0.000000,1.871587,0.000000,0.000000,1.653917,0.000000,1.604538,2.385195,1.767029,0.000000,1.9560334,0.0000000,0.000000,1.726692,2.215826,0.0000000,1.435254,1.7505266,0.000000,0.000000,2.1151692,2.220711,2.050155,0.0000000,0.0000000,2.312716,0.000000,0.000000,1.814408,0.000000,2.078460,1.536897,0.000000,2.0700491,2.093210,0.000000,0.0000000,2.527276,1.884034,0.0000000
0.000000,0.000000,1.9119109,0.000000,0.0000000,0.000000,0.0000000,0.000000,2.044606,0.000000,1.9494609,2.0687520,2.194830,2.445158,2.202734,2.420872,0.000000,2.3922447,1.787354,2.051979,1.6624764,2.114617,1.986676,2.230058,1.929626,1.742955,1.726587,2.041933,2.1734754,0.000000,1.927562,0.000000,1.868355,1.687688,0.000000,0.000000,2.373974,1.771969,1.837678,1.9894011,0.0000000,0.000000,1.593911,2.156887,1.7839675,1.521860,1.7624254,0.000000,1.712339,2.1197759,2.197958,2.051223,0.0000000,0.0000000,2.312387,0.000000,1.811752,1.851824,0.000000,2.069995,0.000000,0.000000,2.0711018,2.093754,0.000000,0.0000000,2.542721,1.836720,0.0000000
0.000000,1.489299,1.8850732,1.387219,0.0000000,0.000000,0.0000000,1.661867,1.717555,0.000000,1.7095655,2.1071173,2.110912,2.454470,2.222748,2.364505,0.000000,2.3766085,0.000000,1.997588,0.0000000,2.056350,1.948798,2.249977,1.864088,1.793597,0.000000,2.122271,2.1370958,0.000000,1.843747,0.000000,0.000000,2.002767,1.148698,0.000000,2.377547,0.000000,1.725340,1.6092614,0.0000000,0.000000,1.693551,2.184565,1.7192358,1.794910,1.7214971,0.000000,1.905515,1.9083151,2.188282,2.055385,1.4759512,0.0000000,2.287537,1.873680,0.000000,1.816564,0.000000,2.058596,2.091924,1.773647,2.2419039,2.110069,0.000000,0.0000000,2.427976,1.878370,1.6345784
0.000000,1.636361,1.8806188,0.000000,0.0000000,0.000000,0.0000000,1.660104,2.045259,0.000000,1.7790589,2.1173552,2.179280,2.444626,2.181782,2.436674,0.000000,2.3904667,1.937614,2.016407,1.6700453,2.201100,2.043972,2.246248,1.980737,1.889151,1.753289,2.039718,0.0000000,0.000000,1.896183,0.000000,0.000000,1.551940,0.000000,0.000000,2.382623,1.791261,0.000000,1.9200890,0.0000000,0.000000,1.674277,2.156132,1.7827171,1.907843,1.6871681,0.000000,1.605141,2.1039874,2.229645,2.025528,0.0000000,0.0000000,2.316847,0.000000,1.713355,1.787551,0.000000,2.057775,0.000000,0.000000,2.0680095,2.094113,0.000000,0.0000000,2.552531,1.857830,0.0000000
0.000000,0.000000,1.8567514,0.000000,0.0000000,0.000000,0.0000000,1.729859,2.019666,0.000000,1.7042886,2.0662546,2.186869,2.441776,2.240163,2.430281,0.000000,2.4384526,1.275000,2.012031,2.0164797,2.208313,2.006668,2.239633,1.879276,1.901156,1.861608,2.115892,0.0000000,0.000000,2.015574,0.000000,0.000000,1.688721,1.489590,0.000000,2.397177,1.602946,0.000000,0.0000000,0.0000000,0.000000,1.648986,2.180314,0.0000000,1.774536,1.6904367,0.000000,0.000000,2.0862365,2.207128,2.073214,0.0000000,0.0000000,2.071866,0.000000,0.000000,1.842175,0.000000,2.060211,0.000000,1.802305,2.1056045,2.116763,0.000000,0.0000000,2.559829,1.840695,0.0000000
0.000000,1.894102,1.7499139,0.000000,0.0000000,0.000000,0.0000000,1.725198,0.000000,0.000000,1.5517862,1.7147424,2.186128,2.455631,2.245841,2.412628,0.000000,2.3969975,0.000000,2.054097,0.0000000,2.129762,2.040251,2.192702,1.968194,1.944543,1.680229,2.090829,2.1678334,0.000000,1.905753,0.000000,0.000000,1.569076,0.000000,0.000000,2.341132,1.826263,0.000000,1.9486494,0.0000000,0.000000,1.705620,2.263395,1.7309006,1.661628,1.7418050,0.000000,0.000000,2.1790580,2.164750,1.949354,2.0098234,0.0000000,2.266597,0.000000,0.000000,1.876490,0.000000,2.074195,0.000000,0.000000,2.0742126,2.100044,0.000000,0.0000000,2.542799,0.000000,1.8977518
0.000000,1.592214,1.8885813,0.000000,0.0000000,0.000000,0.0000000,1.539504,2.012669,0.000000,0.0000000,2.1028758,2.147622,2.453106,2.210684,2.378413,0.000000,2.3741496,0.000000,1.997801,0.0000000,2.081187,2.030353,2.176018,1.916905,1.790379,1.769539,2.033469,2.1332374,0.000000,1.842402,0.000000,0.000000,1.756288,0.000000,0.000000,2.412434,1.778862,0.000000,1.9262780,0.0000000,0.000000,1.742089,2.212901,0.0000000,1.730952,1.6475407,0.000000,1.815039,2.1127531,2.186766,2.120930,1.3079741,0.0000000,2.080208,0.000000,0.000000,1.813583,0.000000,2.126855,1.627541,1.807686,2.1162116,2.127819,0.000000,0.0000000,2.536287,1.907312,0.0000000
0.000000,0.000000,1.8830324,0.000000,0.0000000,0.000000,0.0000000,1.653806,2.001362,0.000000,0.0000000,2.0580948,2.104267,2.463401,2.236914,2.432960,0.000000,2.3698177,1.913905,2.017307,2.0480746,2.087759,1.995656,2.161181,1.898442,1.755598,1.779010,1.987415,2.1723442,0.000000,1.847699,0.000000,0.000000,1.698551,0.000000,0.000000,2.328716,1.718905,0.000000,0.0000000,0.0000000,0.000000,1.743800,2.138275,0.0000000,1.340143,1.7142117,0.000000,1.780487,2.1068655,2.195515,2.072951,0.0000000,0.0000000,2.062896,0.000000,1.640265,1.802305,1.217467,2.075547,1.613247,1.727303,2.0106222,2.114127,0.000000,0.0000000,2.535399,1.901207,0.0000000
0.000000,0.000000,1.8930784,0.000000,0.0000000,0.000000,0.0000000,0.000000,2.024570,0.000000,0.0000000,2.1000912,2.176139,2.437761,2.205713,2.436303,0.000000,2.3870000,1.909155,1.995496,2.0258552,2.123958,1.984871,2.146659,1.905660,1.753304,1.826087,2.055022,2.1656579,0.000000,1.880271,0.000000,0.000000,1.608968,1.385852,0.000000,2.372743,1.782274,0.000000,1.9075991,0.0000000,0.000000,1.780839,2.156994,1.1724866,1.846634,1.7536692,0.000000,1.779854,2.1059247,2.142143,2.058194,1.3336421,0.0000000,2.078053,1.483160,0.000000,1.813872,0.000000,2.091333,1.502626,0.000000,2.0509958,2.112927,1.429646,0.0000000,2.514377,1.885867,0.0000000
0.000000,0.000000,1.8932656,0.000000,0.0000000,0.000000,0.0000000,0.000000,0.000000,0.000000,0.0000000,0.0000000,2.167271,2.445820,2.214057,2.437306,0.000000,2.3699229,1.856885,1.990885,2.0200330,2.174481,1.957416,2.228747,1.858665,1.740614,1.758339,2.024631,0.0000000,0.000000,1.866752,0.000000,0.000000,1.715328,1.319827,0.000000,2.363866,1.855401,0.000000,1.9430669,0.0000000,0.000000,1.469264,1.923382,1.8677346,1.721044,1.8182124,0.000000,1.793431,2.0818072,2.161045,2.069847,1.3642773,0.0000000,2.045870,0.000000,1.694806,1.819224,0.000000,2.050580,1.591278,1.379000,2.0312365,2.117220,1.666396,0.0000000,2.529397,2.038520,0.0000000
0.000000,0.000000,1.8470053,1.485328,0.0000000,0.000000,0.0000000,1.962693,2.049440,0.000000,0.0000000,2.1027800,2.172670,2.439909,2.188772,2.426498,0.000000,2.3785735,1.116493,1.985442,2.0186199,2.084329,2.037653,2.243055,1.933187,1.733280,1.782837,2.025557,2.1626673,0.000000,1.807405,0.000000,0.000000,1.670524,1.198311,0.000000,2.381995,1.817914,0.000000,1.7256921,0.0000000,0.000000,1.783492,2.193886,1.7463986,1.761819,0.0000000,0.000000,1.737993,2.0873639,2.173220,2.080878,0.0000000,0.0000000,2.095102,0.000000,1.486661,1.899674,0.000000,2.063430,1.639290,1.858025,2.0527045,2.078819,0.000000,0.0000000,2.532978,1.912626,1.3063303
0.000000,0.000000,1.9084674,1.356351,0.0000000,0.000000,0.0000000,0.000000,2.003697,0.000000,0.0000000,2.0526901,2.193020,2.460235,2.211950,2.454100,0.000000,2.3820461,1.879395,2.010045,0.0000000,2.168631,1.979530,2.248319,1.937361,1.700971,1.765313,2.088611,0.0000000,1.626189,1.849995,0.000000,0.000000,1.771672,1.366624,0.000000,2.365938,1.839175,0.000000,1.7599145,0.0000000,0.000000,1.805001,2.159439,1.8286761,1.612925,1.7745102,0.000000,1.817269,2.1148176,2.170805,2.046085,1.4993497,0.0000000,2.072498,0.000000,0.000000,1.791148,0.000000,2.041571,1.519102,1.806881,2.0355946,2.102715,0.000000,0.0000000,2.540139,1.928818,0.0000000
0.000000,0.000000,1.9020339,1.470396,0.0000000,0.000000,0.0000000,1.664605,1.996983,0.000000,0.0000000,2.0439756,2.190951,2.450826,2.223547,2.441179,0.000000,2.3435605,1.746995,2.020200,1.3935597,2.085934,1.998770,2.246962,1.902189,0.000000,1.690348,1.985445,2.1533729,0.000000,2.106477,0.000000,0.000000,1.662503,1.565127,0.000000,2.375561,1.801856,0.000000,0.0000000,0.0000000,0.000000,1.784842,2.157895,0.0000000,1.681219,1.7003906,0.000000,0.000000,2.1036130,2.150402,2.063285,1.5221030,0.0000000,2.056874,0.000000,0.000000,1.935358,0.000000,2.091506,1.508483,1.745368,2.0598040,2.109564,1.540821,1.3797726,2.534126,1.913836,0.0000000
0.000000,0.000000,1.9222681,0.000000,0.0000000,0.000000,0.0000000,1.719713,2.012272,0.000000,1.9767107,2.0082326,2.143885,2.470389,2.225500,2.451180,1.692593,2.3785491,1.382201,2.003820,2.0727225,2.099002,1.962098,2.236990,1.882790,1.760515,1.695086,2.058694,2.1722393,0.000000,1.806527,0.000000,0.000000,1.621590,1.529012,0.000000,2.410151,1.855344,1.880689,2.0033634,0.0000000,0.000000,1.747635,2.224166,1.8372484,1.340767,1.7232785,0.000000,1.787238,2.1311879,2.154470,2.077794,0.0000000,0.0000000,2.011624,0.000000,1.411777,1.914926,0.000000,2.125450,1.662635,0.000000,2.1142477,2.150227,0.000000,0.0000000,2.524438,1.840425,0.0000000
0.000000,0.000000,1.8978190,0.000000,0.0000000,0.000000,0.0000000,1.634200,1.952806,0.000000,2.0145353,2.1079450,2.183851,2.428577,2.197979,2.447504,0.000000,2.3815511,1.882413,2.051188,2.0259227,2.121302,2.074480,2.272183,1.951411,1.715328,1.710910,2.050129,2.1834187,0.000000,1.889184,0.000000,0.000000,1.738979,1.546257,0.000000,2.403248,1.844596,0.000000,1.9121098,0.0000000,0.000000,1.759241,2.139317,0.0000000,0.000000,1.6110487,0.000000,1.804447,2.0936467,2.205107,2.052010,1.2564265,0.0000000,2.074991,0.000000,1.564650,1.797458,0.000000,2.114780,1.592579,1.876167,2.1180810,2.093924,0.000000,0.0000000,2.548980,1.934473,0.0000000
0.000000,1.697306,1.9350692,0.000000,0.0000000,0.000000,0.0000000,0.000000,2.003094,0.000000,0.0000000,2.0608786,2.199858,2.472570,2.206454,2.336269,0.000000,2.3870963,1.987849,1.996152,2.0224844,2.203249,2.027620,2.211787,1.919060,1.940550,1.809253,2.044088,0.0000000,0.000000,1.946881,0.000000,0.000000,1.548887,0.000000,0.000000,2.407927,1.761667,1.871411,0.0000000,0.0000000,0.000000,1.530583,2.152742,1.7860861,0.000000,1.6076401,0.000000,1.686238,2.0985381,2.194293,2.069766,0.0000000,0.0000000,2.301133,0.000000,0.000000,1.838235,0.000000,2.113796,0.000000,1.841728,2.1294001,2.092154,0.000000,0.0000000,2.507464,1.829297,0.0000000
0.000000,1.788289,1.9441920,0.000000,1.4306417,0.000000,0.0000000,0.000000,2.045129,0.000000,0.0000000,2.0510031,2.214451,2.453642,2.213966,2.348689,0.000000,2.3881090,1.967673,2.016222,2.0249830,2.190477,2.014646,2.229358,1.927534,2.034069,1.981453,2.044704,0.0000000,0.000000,1.939801,0.000000,0.000000,1.457819,0.000000,0.000000,2.348342,1.767122,1.865664,1.8351630,0.0000000,0.000000,1.719603,2.165292,0.0000000,1.638647,1.5194726,0.000000,1.749118,2.1244118,2.129302,2.018010,0.0000000,0.0000000,2.308321,0.000000,1.802326,1.803271,0.000000,2.019614,0.000000,0.000000,2.0277977,2.100227,1.415140,0.0000000,2.520052,1.844711,1.4405145
0.000000,1.693334,1.9209893,0.000000,0.0000000,0.000000,0.0000000,1.708958,1.981622,2.085695,2.0338748,2.0987200,2.194917,2.461194,2.200377,2.362676,0.000000,2.3896476,1.838806,1.996244,0.0000000,2.204369,2.012245,2.224650,1.944170,1.957578,1.851458,2.058355,0.0000000,1.794844,1.905670,0.000000,0.000000,0.000000,0.000000,0.000000,2.382767,1.656602,0.000000,1.8938468,0.0000000,0.000000,1.377835,2.215675,1.7813712,1.523675,1.5437481,0.000000,1.722003,1.6508175,2.213276,1.996658,0.0000000,0.0000000,2.078402,0.000000,1.539339,1.796048,0.000000,2.032378,0.000000,1.840044,2.0863319,2.095572,0.000000,0.0000000,2.533072,1.840536,0.0000000
0.000000,1.738850,1.9718369,0.000000,0.0000000,0.000000,0.0000000,0.000000,2.062531,1.940005,0.0000000,2.0178737,2.258722,2.489668,2.244178,2.408623,1.672821,2.4530995,0.000000,1.978814,2.0448695,2.215262,2.040171,2.199957,1.930386,1.822918,1.878274,2.224172,0.0000000,1.909787,2.021942,0.000000,0.000000,0.000000,0.000000,0.000000,2.316970,0.000000,0.000000,1.8607431,0.0000000,0.000000,1.789743,2.251691,1.6512721,0.000000,0.0000000,0.000000,0.000000,2.1523439,2.131312,1.847834,0.0000000,0.0000000,2.006144,0.000000,0.000000,1.710561,0.000000,1.958391,0.000000,0.000000,1.9935559,2.156034,0.000000,0.0000000,2.495291,1.800415,0.0000000
0.000000,1.698530,1.8782083,0.000000,0.0000000,0.000000,0.0000000,1.574565,1.986503,2.001654,1.7296367,2.0398557,1.939085,2.453248,2.204835,2.434955,0.000000,2.4605187,1.958442,1.994495,1.7065011,2.261339,2.106037,2.212615,1.920942,1.988321,1.941628,2.185425,0.0000000,1.675354,1.931717,0.000000,0.000000,0.000000,0.000000,0.000000,2.359489,0.000000,0.000000,1.7653801,0.0000000,0.000000,0.000000,2.207239,1.7440494,0.000000,0.0000000,0.000000,1.694956,2.1041268,2.175480,2.019294,0.0000000,0.0000000,2.296148,0.000000,1.592133,1.767985,0.000000,1.989008,0.000000,1.881691,2.0677845,2.071999,0.000000,0.0000000,2.287679,1.807846,0.0000000
0.000000,1.583127,1.9032227,0.000000,0.0000000,0.000000,0.0000000,0.000000,2.012005,0.000000,1.9495813,2.0431942,2.173724,2.471747,2.182835,2.342102,0.000000,2.4589312,1.826193,2.021084,1.5978033,2.225624,2.024323,2.215315,1.905237,1.947449,1.873631,2.071161,0.0000000,1.778444,1.909754,0.000000,0.000000,1.477818,0.000000,0.000000,2.331088,0.000000,0.000000,0.0000000,0.0000000,0.000000,1.658566,2.176382,1.7511516,0.000000,1.7074368,0.000000,1.682273,2.0845764,2.155609,1.971584,0.0000000,0.0000000,2.301771,0.000000,0.000000,1.830000,0.000000,2.003242,0.000000,0.000000,2.0153289,2.121772,0.000000,0.0000000,2.279958,1.780499,0.0000000
0.000000,1.530583,1.8962038,0.000000,0.0000000,0.000000,0.0000000,0.000000,2.024406,2.092418,0.0000000,2.0021930,2.233415,2.473687,2.216741,2.318927,0.000000,2.4444640,1.910781,1.964785,0.0000000,2.204974,2.034974,2.198870,1.886634,1.983167,1.792406,2.062630,0.0000000,0.000000,1.864553,0.000000,1.614033,0.000000,0.000000,0.000000,2.342381,1.836793,1.828823,1.8748713,0.0000000,0.000000,1.640508,2.154894,0.0000000,0.000000,1.7362306,0.000000,0.000000,2.1165465,2.096769,1.968561,0.0000000,0.0000000,2.320279,0.000000,1.786762,1.790561,0.000000,1.941994,0.000000,1.846687,2.0299800,2.125834,1.916981,0.0000000,2.314364,1.768738,0.0000000
0.000000,0.000000,1.8851471,0.000000,0.0000000,0.000000,0.0000000,1.489735,0.000000,0.000000,1.6652304,1.9852855,2.115168,2.471766,2.263914,2.331894,0.000000,2.4213114,1.949344,2.025768,1.9839520,2.200966,2.017054,2.199785,1.913877,1.667886,1.846369,0.000000,1.5283097,0.000000,1.909867,0.000000,0.000000,0.000000,0.000000,0.000000,2.331809,1.674105,0.000000,1.7489977,1.3727066,0.000000,1.673735,2.025598,0.0000000,1.575284,1.6434531,0.000000,1.725956,2.1012136,2.124911,1.796222,0.0000000,0.0000000,1.750735,0.000000,0.000000,1.819575,0.000000,2.005971,0.000000,0.000000,1.9873722,2.154514,0.000000,0.0000000,2.198891,1.703109,0.0000000
0.000000,1.844218,1.5616196,0.000000,0.0000000,0.000000,0.0000000,0.000000,0.000000,0.000000,2.0767741,2.0855105,2.165764,2.404877,2.231683,2.420629,0.000000,2.4500501,0.000000,1.707179,2.0186801,2.195446,1.983316,2.293380,1.879656,2.254381,1.405099,2.119009,0.0000000,0.000000,1.736116,0.000000,0.000000,1.534930,1.725868,0.000000,2.314103,1.839359,1.937996,0.0000000,0.0000000,0.000000,1.862000,0.000000,0.0000000,1.340767,0.0000000,0.000000,0.000000,1.9655547,2.177720,1.968908,0.0000000,0.0000000,2.272450,0.000000,0.000000,1.915729,0.000000,1.996030,0.000000,1.545407,1.8576697,2.012564,0.000000,0.0000000,2.502076,1.860010,1.9816752
0.000000,1.688632,1.9189415,0.000000,0.0000000,0.000000,0.0000000,1.889750,2.034344,0.000000,1.6889229,1.6769313,2.284379,2.467468,2.187970,2.472361,1.507564,2.4522043,0.000000,2.030572,2.0364809,2.234851,2.020271,2.250879,1.731206,1.863273,1.979974,2.197826,0.0000000,1.596898,1.811459,1.555244,0.000000,0.000000,1.951567,0.000000,2.443391,1.809253,0.000000,1.9877077,0.0000000,0.000000,0.000000,2.212707,0.0000000,1.610758,1.5732092,0.000000,1.710735,1.7751292,2.297836,2.158572,0.0000000,0.0000000,2.334685,0.000000,1.800574,2.061874,0.000000,2.033576,1.837985,0.000000,2.1973483,2.028817,0.000000,1.5747002,2.354424,1.906802,1.6475116
0.000000,1.856547,1.8956015,0.000000,0.0000000,0.000000,0.0000000,0.000000,0.000000,0.000000,0.0000000,0.0000000,2.209961,2.447237,2.229549,2.448158,1.484583,2.4042656,0.000000,1.964852,2.0221551,2.220286,2.075107,2.222403,1.909537,2.178268,1.776809,1.942704,0.0000000,0.000000,1.762095,0.000000,0.000000,0.000000,1.726885,1.741884,2.366240,1.792975,1.651697,0.0000000,0.0000000,0.000000,1.562684,1.957883,1.7577012,0.000000,1.7208986,0.000000,0.000000,2.1084869,2.141349,2.083780,0.0000000,0.0000000,2.349940,0.000000,1.484509,1.960095,0.000000,2.048531,1.878478,1.889959,2.0455596,2.042955,0.000000,0.0000000,2.281327,1.875092,1.6903703
0.000000,1.872522,1.8079466,0.000000,0.0000000,0.000000,0.0000000,0.000000,2.005116,0.000000,0.0000000,2.0315238,2.231683,2.453026,2.227753,2.424423,1.516553,2.4555063,0.000000,1.934551,0.0000000,2.195059,1.990843,2.197670,1.834577,2.056961,1.839143,2.201227,1.5922144,0.000000,1.682180,0.000000,0.000000,0.000000,1.726167,0.000000,2.357633,1.353298,0.000000,1.7984897,0.0000000,1.327596,1.788530,2.194460,1.5325407,0.000000,1.5097882,0.000000,1.623788,2.1391839,2.155540,1.977118,0.0000000,0.0000000,2.323390,0.000000,1.578174,1.648900,0.000000,1.956037,0.000000,1.862332,2.0502625,2.040351,0.000000,1.5246356,2.251886,1.794150,1.6723244
1.461571,1.828183,1.8557844,0.000000,0.0000000,0.000000,0.0000000,1.706980,1.948906,0.000000,0.0000000,2.1213522,2.190043,2.479573,2.209118,2.359833,0.000000,2.4582051,0.000000,2.023735,1.8832287,2.241321,2.155599,2.254528,1.972473,2.324317,1.720589,2.195467,0.0000000,0.000000,1.634169,0.000000,0.000000,0.000000,1.844673,0.000000,2.278023,1.391023,0.000000,1.8844003,0.0000000,1.606227,1.703395,2.179718,0.0000000,1.459790,0.0000000,0.000000,0.000000,2.0939070,2.260826,2.086601,0.0000000,0.0000000,2.374766,0.000000,1.665360,1.734381,0.000000,1.971937,0.000000,1.893607,2.0495631,2.015754,0.000000,0.0000000,2.530629,1.803943,2.1109292
0.000000,1.779108,1.7648129,0.000000,0.0000000,0.000000,0.0000000,1.864348,1.974391,0.000000,0.0000000,2.0445066,2.220336,2.440307,2.222686,2.434198,0.000000,2.4728759,0.000000,1.978789,1.6792804,2.186040,1.996640,2.290887,1.923289,2.321554,1.821834,2.194382,0.0000000,0.000000,1.684705,0.000000,1.334606,0.000000,1.728050,0.000000,2.335498,1.773175,1.891501,1.9171897,0.0000000,0.000000,1.861009,2.207504,0.0000000,1.922707,1.4415495,0.000000,0.000000,1.8519403,2.117245,1.955057,2.0308052,0.0000000,2.326367,0.000000,0.000000,1.830614,0.000000,1.915296,0.000000,0.000000,2.0028696,2.048225,0.000000,0.0000000,2.320467,1.883073,1.5901726
0.000000,0.000000,1.6813603,0.000000,0.0000000,0.000000,0.0000000,0.000000,0.000000,0.000000,0.0000000,2.0362073,2.195570,2.454901,2.254234,2.443609,0.000000,2.4175924,1.858596,1.564698,1.9010256,2.210445,1.982000,2.169586,1.914110,2.315632,0.000000,2.208322,0.0000000,0.000000,1.575239,0.000000,0.000000,0.000000,1.729482,0.000000,2.357040,1.712934,0.000000,0.0000000,0.0000000,0.000000,0.000000,2.019095,0.0000000,1.352711,1.5983130,0.000000,0.000000,0.0000000,2.223687,1.989180,1.8852040,0.0000000,2.269020,0.000000,1.781057,1.924171,0.000000,1.831768,0.000000,0.000000,2.1076219,1.991655,0.000000,0.0000000,2.298348,1.621352,1.5595692
0.000000,1.800690,1.8596461,0.000000,0.0000000,0.000000,0.0000000,1.906000,1.931181,0.000000,0.0000000,2.0005140,2.194140,2.451449,2.221693,2.423932,1.412759,2.4579269,0.000000,1.961593,1.9750974,2.196643,2.011947,2.272859,1.901709,2.182306,1.778801,2.187557,0.0000000,1.595987,1.704693,1.587773,1.883223,1.607307,1.653358,0.000000,2.342285,1.782657,1.928903,1.8849594,0.0000000,0.000000,1.844565,2.185417,0.0000000,1.677149,1.2650234,0.000000,0.000000,2.1425215,2.160528,2.001180,1.2781570,0.0000000,2.327358,0.000000,0.000000,1.701302,0.000000,1.790061,0.000000,0.000000,2.0473420,2.027027,0.000000,0.0000000,2.280407,1.839079,1.6760595
0.000000,1.827191,1.8435458,0.000000,0.0000000,0.000000,0.0000000,1.705258,0.000000,0.000000,0.0000000,2.0833133,2.185845,2.463732,2.215198,2.443258,0.000000,2.4608433,1.823878,1.932983,1.6883850,2.279724,2.032417,2.205040,1.831683,2.340146,0.000000,2.203982,1.5727093,0.000000,1.830239,0.000000,1.792875,1.847654,1.703435,0.000000,2.353396,0.000000,0.000000,1.8236636,1.6146375,0.000000,1.737684,2.035702,0.0000000,1.860675,1.5957490,0.000000,1.680158,1.9071724,2.152132,1.968855,0.0000000,0.0000000,2.290211,1.877812,1.725481,1.732575,0.000000,1.786832,2.062129,1.574205,2.1793686,2.022166,0.000000,0.0000000,2.394149,2.013298,1.6633734
0.000000,1.736771,1.9291379,0.000000,0.0000000,0.000000,0.0000000,0.000000,1.986526,2.036571,0.0000000,2.0301227,2.224837,2.467867,2.212770,2.346406,1.513712,2.4543928,0.000000,2.065254,0.0000000,2.217748,2.108992,2.220135,1.936302,1.972957,1.792629,2.171536,0.0000000,0.000000,1.902274,0.000000,1.797101,1.637447,0.000000,0.000000,2.340463,1.632871,0.000000,0.0000000,0.0000000,0.000000,1.484210,2.174086,0.0000000,1.518484,1.5342507,0.000000,0.000000,2.1345803,2.208918,1.872847,0.0000000,0.0000000,2.315115,0.000000,1.719713,1.743956,0.000000,2.020933,0.000000,1.764203,2.0266684,2.127104,0.000000,0.0000000,2.290967,1.888886,0.0000000
0.000000,1.719015,1.8733388,0.000000,0.0000000,0.000000,0.0000000,0.000000,2.019421,1.963890,1.7236537,0.0000000,2.193773,2.459892,2.213401,2.460325,0.000000,2.4379653,1.939152,1.983509,1.5947523,2.185986,2.108415,2.298259,1.913164,0.000000,1.971345,2.003796,0.0000000,0.000000,1.980331,0.000000,0.000000,0.000000,0.000000,0.000000,2.361067,1.778592,0.000000,0.0000000,0.0000000,0.000000,1.699034,2.148978,1.6635575,0.000000,1.6449354,0.000000,1.632935,2.0980260,2.168850,1.968351,0.0000000,0.0000000,2.302701,0.000000,1.694827,1.799695,0.000000,2.083057,0.000000,1.806860,2.0333848,2.095720,0.000000,0.0000000,2.247164,1.828581,0.0000000
0.000000,1.750527,1.8770710,0.000000,0.0000000,0.000000,0.0000000,0.000000,2.079602,2.063267,0.0000000,0.0000000,2.058979,2.462630,2.212061,2.351866,0.000000,2.4609686,1.853714,1.944084,0.0000000,2.218337,2.017347,2.207195,1.804036,1.769211,1.764962,2.128160,0.0000000,0.000000,1.754325,0.000000,0.000000,1.877427,0.000000,0.000000,2.370580,0.000000,0.000000,0.0000000,1.6004138,0.000000,1.805093,2.169901,0.0000000,1.725128,1.7013847,0.000000,0.000000,1.8861778,2.156711,1.946374,0.0000000,0.0000000,2.296425,1.812103,1.643036,1.795064,0.000000,2.069473,1.880625,1.860504,2.1943495,2.109945,0.000000,0.0000000,2.415785,1.810989,0.0000000
0.000000,1.730099,1.8923431,0.000000,0.0000000,0.000000,0.0000000,0.000000,2.012276,1.885969,0.0000000,2.0111449,2.229721,2.449315,2.222325,2.476387,0.000000,2.4509648,1.980761,2.017484,0.0000000,2.216707,2.078227,2.204479,1.939648,1.980076,1.751966,2.193418,0.0000000,0.000000,1.792518,0.000000,0.000000,1.657150,0.000000,0.000000,2.339123,1.718850,0.000000,1.8751536,0.0000000,0.000000,1.549200,2.177922,0.0000000,1.705157,0.0000000,0.000000,1.671202,2.1294735,2.151487,1.835640,0.0000000,0.0000000,2.321898,0.000000,1.779365,1.751003,0.000000,1.926893,0.000000,0.000000,1.9578642,2.128130,0.000000,0.0000000,2.289082,1.728102,0.0000000
0.000000,1.873283,1.8468994,0.000000,2.2456818,0.000000,0.0000000,0.000000,0.000000,0.000000,0.0000000,1.9950983,2.168253,2.449976,2.219708,2.430643,0.000000,2.4072148,1.880354,2.028446,0.0000000,2.110940,2.108374,2.233350,1.881370,2.183517,1.907038,2.044514,2.1887410,0.000000,1.683645,0.000000,1.815798,1.761529,0.000000,0.000000,2.341037,1.568936,0.000000,0.0000000,0.0000000,0.000000,1.774814,1.913141,1.6206343,0.000000,0.0000000,0.000000,0.000000,2.0982309,2.129273,1.920881,0.0000000,0.0000000,2.060144,0.000000,0.000000,1.835097,0.000000,2.036717,0.000000,1.861512,2.0893451,2.051695,0.000000,0.0000000,2.514300,1.887530,0.0000000
0.000000,1.804283,1.7977164,0.000000,0.0000000,0.000000,0.0000000,0.000000,2.057983,0.000000,0.0000000,1.7356385,2.176055,2.521866,2.299191,2.493373,0.000000,2.2427744,1.625825,1.965799,2.0895784,2.070392,2.029167,2.180935,1.822990,2.093577,1.989259,1.908805,2.1427437,0.000000,1.506110,0.000000,0.000000,0.000000,1.653526,0.000000,2.392736,1.828719,0.000000,1.9885136,0.0000000,0.000000,1.885629,2.211407,0.0000000,0.000000,1.7730342,0.000000,0.000000,2.1613139,2.120414,1.845890,0.0000000,0.0000000,2.301658,0.000000,1.785090,1.822621,0.000000,1.933030,0.000000,0.000000,2.1107811,2.153280,0.000000,1.8122679,2.513977,2.281894,0.0000000
0.000000,1.797382,0.0000000,0.000000,0.0000000,0.000000,0.0000000,0.000000,2.039152,0.000000,0.0000000,2.2347931,2.194019,2.463864,2.236409,2.404742,1.660399,2.3889294,0.000000,1.966560,0.0000000,2.179809,2.064684,2.255464,1.864201,1.978854,1.577997,2.189200,1.7138505,0.000000,0.000000,0.000000,0.000000,0.000000,0.000000,0.000000,2.385247,1.885357,0.000000,0.0000000,0.0000000,0.000000,0.000000,2.188181,0.0000000,1.881551,0.0000000,0.000000,0.000000,1.9657751,2.107926,0.000000,0.0000000,1.8492835,2.230580,2.024073,0.000000,0.000000,0.000000,2.311125,0.000000,0.000000,0.0000000,2.041738,0.000000,0.0000000,2.483830,0.000000,0.0000000
0.000000,0.000000,1.5862242,0.000000,0.0000000,0.000000,0.0000000,0.000000,0.000000,0.000000,0.0000000,1.9494678,2.238516,2.453228,2.221962,2.486303,0.000000,2.3340961,1.546310,1.847751,0.0000000,2.037819,2.003419,2.214880,1.829666,1.902836,0.000000,2.083977,0.0000000,0.000000,0.000000,0.000000,0.000000,0.000000,0.000000,0.000000,2.362043,2.011321,0.000000,1.8251510,0.0000000,0.000000,0.000000,1.798714,0.0000000,0.000000,0.0000000,0.000000,1.787597,1.8809185,0.000000,1.952033,0.0000000,0.0000000,2.284638,0.000000,1.700204,1.715874,0.000000,1.894065,0.000000,0.000000,1.7150260,1.945079,0.000000,0.0000000,2.505881,1.975808,0.0000000
0.000000,1.796157,0.0000000,0.000000,0.0000000,0.000000,0.0000000,0.000000,1.972333,0.000000,1.7529668,2.1084265,2.155605,2.472293,2.304028,2.370283,0.000000,2.4705389,1.927074,2.063306,1.9649640,2.294675,2.183630,2.222567,2.088054,2.321690,1.867397,2.117519,0.0000000,0.000000,1.925331,0.000000,0.000000,0.000000,1.749223,0.000000,2.356379,1.807163,0.000000,0.0000000,0.0000000,0.000000,1.781624,2.232600,0.0000000,0.000000,1.8505853,0.000000,0.000000,2.0966090,2.124823,2.025795,1.6403259,0.0000000,2.139523,0.000000,1.833988,1.851466,1.833680,2.095986,1.515422,0.000000,2.2025457,1.976191,0.000000,1.7831112,2.497364,2.079243,2.1010320
0.000000,1.935293,0.0000000,1.923805,1.1412278,0.000000,2.0088610,0.000000,2.066148,0.000000,0.0000000,1.7287767,2.196012,2.465234,2.207851,2.424572,2.322001,2.5407515,2.341472,2.061882,2.1272040,2.533820,2.320263,2.343609,2.262539,2.413481,2.265704,2.321081,0.0000000,1.792484,2.032740,1.882442,0.000000,0.000000,1.732928,0.000000,2.048398,0.000000,0.000000,0.0000000,1.5660751,0.000000,0.000000,2.059607,0.0000000,0.000000,1.8712023,0.000000,0.000000,1.6434531,2.470567,2.254217,0.0000000,1.6288818,2.307927,1.992345,1.339361,0.000000,1.421490,1.785759,0.000000,1.987162,1.7188311,0.000000,0.000000,1.7584662,2.455404,0.000000,0.0000000
0.000000,1.779830,0.0000000,1.750601,0.7898075,0.000000,0.0000000,0.000000,1.249157,0.000000,1.4384276,1.6057034,1.847661,2.371297,2.102887,2.279875,2.229679,2.4626404,2.218899,1.989113,1.9161144,2.428363,2.257776,2.216968,2.101142,2.343056,2.031966,0.000000,0.0000000,1.745738,1.970657,2.028154,0.000000,0.000000,1.484210,0.000000,1.838998,1.735011,0.000000,0.0000000,1.4113388,0.000000,0.000000,2.116309,0.0000000,1.225287,0.8676389,0.000000,0.000000,0.0000000,2.216491,1.798853,1.4732735,1.7983075,2.088643,1.874249,0.000000,0.000000,0.000000,1.515674,0.000000,1.702557,2.0810807,1.710463,0.000000,0.0000000,2.465117,0.000000,0.0000000
0.000000,1.963461,0.0000000,1.779781,2.0171857,0.000000,0.0000000,0.000000,1.514347,0.000000,0.0000000,1.9258303,1.528837,2.428531,2.136775,2.413588,2.203400,2.4532685,2.267815,2.083870,0.0000000,2.440201,2.306247,2.358578,2.212558,2.307045,2.103552,0.000000,0.0000000,1.615098,2.059794,1.558535,0.000000,0.000000,1.798286,0.000000,1.840742,1.785841,0.000000,1.6196039,1.8910830,1.671176,0.000000,2.029289,0.0000000,1.531910,0.0000000,0.000000,0.000000,0.0000000,2.383890,1.816592,1.6977714,0.0000000,2.266284,1.982769,1.735077,0.000000,0.000000,1.818556,0.000000,1.954334,1.9390774,2.005703,0.000000,0.0000000,2.504416,0.000000,1.4171736
0.000000,1.931296,0.0000000,1.766374,0.0000000,0.000000,0.0000000,0.000000,1.974036,0.000000,0.0000000,1.3832146,1.873779,2.422915,2.193506,2.283142,2.110151,2.3888448,2.031744,1.867436,1.8454624,2.309865,2.200841,2.170880,2.117133,2.223485,1.986271,0.000000,0.5864008,1.708977,1.964068,1.656630,0.000000,0.000000,1.511213,0.000000,1.698614,0.000000,0.000000,0.0000000,0.0000000,0.000000,0.000000,2.105075,0.0000000,1.885890,0.9861257,0.000000,0.000000,0.0000000,2.233249,1.871637,0.0000000,1.0254753,1.998171,1.748258,0.000000,0.000000,0.000000,1.574159,0.000000,1.562394,0.0000000,0.000000,0.000000,0.0000000,2.329326,0.000000,0.0000000
0.000000,1.795568,1.7992908,2.114931,0.0000000,0.000000,0.0000000,0.000000,0.000000,0.000000,0.0000000,2.1292806,0.000000,2.484957,2.166961,2.313161,0.000000,0.0000000,0.000000,0.000000,0.0000000,0.000000,0.000000,2.282077,2.297760,2.121132,1.810410,0.000000,0.0000000,0.000000,2.010655,0.000000,1.887703,1.763139,0.000000,0.000000,1.920024,0.000000,0.000000,0.0000000,0.0000000,0.000000,0.000000,1.974047,0.0000000,0.000000,0.0000000,0.000000,0.000000,0.0000000,2.332098,1.484135,0.0000000,0.0000000,2.031345,0.000000,0.000000,0.000000,0.000000,1.587856,0.000000,1.835221,2.1781677,0.000000,0.000000,0.0000000,2.384464,0.000000,0.0000000
0.000000,2.107425,0.0000000,0.000000,1.4788991,0.000000,0.0000000,0.000000,1.987609,0.000000,0.0000000,0.0000000,0.000000,2.379223,2.100673,2.414714,1.872791,2.4859780,1.659081,1.934361,2.1146723,2.301626,2.077170,2.282336,2.092575,2.241037,1.975563,2.107591,2.3468076,1.951384,2.185755,1.599133,0.000000,0.000000,1.476965,1.237413,1.828226,1.443138,0.000000,0.0000000,0.0000000,0.000000,0.000000,2.195987,0.0000000,0.000000,0.9703988,0.000000,0.000000,0.0000000,2.250468,1.978504,0.0000000,1.5225276,2.228579,0.000000,1.874163,0.000000,0.000000,1.484284,0.000000,1.631049,1.7698273,0.000000,0.000000,0.0000000,2.393571,0.000000,0.0000000
0.000000,1.893703,0.0000000,1.964593,1.7642978,0.000000,0.0000000,0.000000,2.040092,0.000000,0.0000000,0.7412763,2.180750,2.367516,2.098222,2.419897,2.120533,2.4776465,1.673019,1.942519,2.0092654,2.238390,2.118050,2.288603,2.084349,2.299109,1.812821,2.179531,0.0000000,1.782190,2.153033,1.682763,0.000000,0.000000,1.621930,0.000000,0.000000,1.378741,0.000000,0.0000000,0.0000000,0.000000,0.000000,2.191553,0.0000000,0.000000,0.0000000,0.000000,0.000000,0.0000000,2.228919,2.065375,1.1718199,1.6484384,2.044550,0.000000,1.751537,0.000000,0.000000,1.608195,0.000000,1.415785,1.6928549,1.835435,0.000000,1.8642877,2.372355,0.000000,0.0000000
1.518793,1.898883,0.0000000,1.946451,0.0000000,0.000000,0.0000000,0.000000,1.535607,0.000000,0.0000000,1.7408531,2.003456,2.382494,2.120058,2.414419,0.000000,2.5099263,1.863801,1.437854,2.0699089,2.363154,2.183294,2.352045,2.158234,2.338412,1.887469,2.207905,0.0000000,0.000000,2.259794,0.000000,1.726254,0.000000,1.344775,0.000000,1.712089,1.529071,0.000000,0.0000000,0.0000000,0.000000,0.000000,2.253459,0.0000000,0.000000,1.8717947,0.000000,0.000000,0.0000000,2.326637,0.000000,0.0000000,0.0000000,2.360797,0.000000,1.311940,0.000000,0.000000,0.000000,0.000000,1.998958,1.8624192,1.706780,0.000000,0.0000000,2.509756,0.000000,0.0000000
0.000000,1.964105,1.3205140,2.053758,0.0000000,0.000000,1.4062276,0.000000,1.922025,0.000000,0.0000000,0.9703988,1.866452,2.453720,2.215892,2.494721,0.000000,0.0000000,1.942008,2.098014,0.0000000,2.084593,2.299055,2.404542,2.239468,2.301446,1.978968,0.000000,0.0000000,0.000000,2.320365,1.964751,0.000000,0.000000,1.847992,0.000000,1.774751,1.809422,0.000000,0.0000000,1.4453585,0.000000,0.000000,1.912272,0.0000000,0.000000,1.9835668,0.000000,0.000000,0.0000000,2.317980,1.628066,1.6572868,0.0000000,2.219919,0.000000,1.936756,0.000000,0.000000,1.708387,0.000000,1.904895,1.9344345,0.000000,0.000000,1.8302733,2.517947,0.000000,0.0000000
0.000000,2.044687,1.3302318,2.013042,0.0000000,0.000000,1.6252265,0.000000,1.759817,0.000000,0.0000000,1.2234236,2.119955,2.320450,2.072535,2.359200,2.192276,2.4128305,1.810577,1.879881,1.9274682,2.164910,2.017001,2.217333,2.214703,2.181159,1.819519,2.148328,2.2153127,1.689637,2.162743,1.776709,1.815533,0.000000,1.757928,0.000000,1.946729,1.577157,0.000000,0.0000000,1.5731638,0.000000,0.000000,0.000000,0.0000000,1.611194,0.0000000,0.000000,0.000000,0.0000000,2.226237,1.930538,0.0000000,0.0000000,1.980467,0.000000,0.000000,1.553167,0.000000,1.841822,0.000000,0.000000,2.1015255,0.000000,0.000000,1.8236367,2.395338,0.000000,0.0000000
0.000000,1.915278,1.2659091,1.833280,1.2948425,0.000000,1.5671595,0.000000,1.598156,0.000000,0.0000000,1.0417527,2.096852,2.328471,2.147247,2.371687,2.146931,2.4551325,1.746122,2.030805,0.0000000,2.359533,2.180878,2.268479,2.143109,2.288786,1.763358,0.000000,0.0000000,1.373239,2.134033,1.700245,1.913690,0.000000,1.770727,0.000000,0.000000,0.000000,0.000000,0.0000000,1.1400870,0.000000,1.581664,2.012836,0.0000000,1.187947,0.0000000,0.000000,0.000000,1.0428776,2.233091,1.912138,1.5852543,0.0000000,2.003774,0.000000,1.410349,0.000000,0.000000,1.376401,0.000000,1.660908,0.0000000,0.000000,0.000000,0.0000000,2.448189,0.000000,0.0000000
0.000000,1.786016,0.0000000,1.551684,0.0000000,0.000000,0.0000000,0.000000,1.592377,0.000000,0.0000000,0.0000000,2.174875,2.394929,2.103045,2.411680,2.201822,2.5188844,1.906918,1.648813,2.0964675,2.345860,2.318895,2.422306,0.000000,2.348225,0.000000,2.224264,2.3646074,1.792417,2.293757,0.000000,0.000000,0.000000,1.618532,0.000000,1.434477,0.000000,0.000000,0.0000000,0.0000000,0.000000,0.000000,2.077486,0.0000000,0.000000,0.0000000,0.000000,0.000000,2.0234239,2.359211,2.179662,0.0000000,0.0000000,2.327124,0.000000,0.000000,0.000000,0.000000,0.000000,0.000000,2.113747,1.8538508,0.000000,0.000000,0.0000000,2.527277,0.000000,0.0000000
0.000000,0.000000,1.5856345,1.834502,0.0000000,0.000000,0.0000000,0.000000,1.691188,0.000000,0.0000000,0.0000000,0.000000,2.408824,2.172923,2.455349,0.000000,2.5177684,0.000000,1.949942,2.1697170,2.411369,2.272176,2.406525,0.000000,2.378901,2.027460,2.296120,0.0000000,1.900385,0.000000,1.800922,1.669185,0.000000,0.000000,0.000000,0.000000,1.787770,0.000000,0.0000000,0.0000000,0.000000,0.000000,2.285530,0.0000000,1.826754,0.0000000,0.000000,0.000000,0.0000000,2.236242,0.000000,0.0000000,1.8022840,2.263586,0.000000,0.000000,0.000000,0.000000,0.000000,0.000000,0.000000,1.7324404,0.000000,0.000000,0.0000000,2.426474,0.000000,0.0000000
0.000000,2.080166,0.0000000,1.827226,0.0000000,0.000000,0.0000000,0.000000,2.009872,0.000000,0.0000000,0.0000000,2.268236,2.446276,2.199715,2.468314,0.000000,0.0000000,0.000000,2.052325,2.1611423,0.000000,1.483460,2.416015,2.179771,2.315182,2.054603,0.000000,0.0000000,0.000000,0.000000,1.991998,1.953930,0.000000,1.877722,0.000000,0.000000,1.763412,0.000000,0.0000000,0.0000000,0.000000,0.000000,0.000000,0.0000000,0.000000,1.7313761,0.000000,0.000000,1.3818194,2.280975,2.185818,1.6692360,1.7889548,2.279109,0.000000,0.000000,1.252235,0.000000,1.605666,0.000000,1.662767,0.0000000,0.000000,0.000000,0.0000000,2.453344,0.000000,0.0000000
0.000000,1.703984,0.0000000,1.907910,1.5795785,0.000000,1.5122424,0.000000,1.609335,0.000000,0.0000000,1.8904511,2.176373,2.380963,2.098557,2.381617,0.000000,2.4282153,1.697348,1.982562,2.0435472,2.333723,2.182023,2.294665,2.152236,2.267611,1.867521,2.071287,0.0000000,0.000000,0.000000,1.516427,1.883332,0.000000,1.791114,0.000000,0.000000,1.589514,1.519965,0.0000000,0.0000000,0.000000,0.000000,1.187947,0.0000000,0.000000,1.8847200,0.000000,0.000000,0.0000000,2.272701,2.148522,1.5672065,0.0000000,2.172060,0.000000,1.828140,0.000000,0.000000,1.695729,0.000000,1.719859,0.0000000,0.000000,0.000000,0.0000000,2.337411,0.000000,1.9053977
1.776547,1.642017,1.4430450,2.047624,1.8499434,0.000000,2.1128178,0.000000,1.946803,0.000000,0.0000000,1.8757714,2.043491,2.382158,2.221390,2.360202,1.517427,2.5276590,2.133142,1.958886,2.1437519,2.423068,2.245099,2.296539,2.087599,2.269171,2.054198,2.263352,0.0000000,0.000000,1.960779,1.785184,0.000000,0.000000,0.000000,1.528544,1.971854,1.885403,0.000000,0.0000000,1.6837602,0.000000,0.000000,2.202705,0.0000000,1.964022,1.3627445,0.000000,0.000000,2.1105866,2.131620,1.996453,0.0000000,1.8038913,2.340614,1.927853,1.406677,0.000000,0.000000,1.442205,0.000000,1.930025,2.1231416,2.000260,0.000000,0.0000000,2.522851,0.000000,0.0000000
0.000000,1.782932,0.0000000,2.067407,1.8643675,0.000000,0.0000000,0.000000,1.802482,0.000000,0.0000000,0.0000000,2.144738,2.392253,2.198364,2.358798,0.000000,0.5604247,2.171881,2.062675,2.0888845,2.158950,2.035756,2.273737,2.196880,2.271986,1.979977,0.000000,1.0394884,0.000000,2.104079,1.561134,1.898575,0.000000,1.041753,0.000000,1.893394,1.418975,0.000000,0.0000000,1.7016323,0.000000,0.000000,1.594352,0.7627772,1.849098,1.1311583,0.000000,0.000000,2.0639323,2.229054,2.106221,1.7380417,1.7003075,1.844988,0.000000,1.757502,0.000000,0.000000,1.542778,0.000000,1.150531,2.0266521,1.346447,0.000000,1.2366582,2.506053,0.000000,0.0000000
1.814781,1.709409,0.0000000,1.890549,0.0000000,1.391993,2.0905496,0.000000,1.853520,0.000000,1.0977512,0.0000000,1.866543,2.352750,2.156243,2.362294,0.000000,2.4769936,2.144943,1.905641,2.1178471,2.381492,2.265651,2.276159,2.132146,2.228418,1.975441,0.000000,0.0000000,1.489590,1.896068,1.719932,1.902293,0.000000,1.343703,0.000000,1.846930,0.000000,0.000000,0.0000000,0.0000000,0.000000,0.000000,0.000000,0.0000000,1.217741,0.0000000,0.000000,0.000000,1.9789925,2.230443,2.025042,0.0000000,0.0000000,2.280738,1.619673,1.863775,0.000000,0.000000,1.469345,0.000000,1.948871,2.2852576,2.044586,0.000000,1.5286027,2.283270,1.238666,0.0000000
0.000000,1.764975,1.1640144,2.023487,0.0000000,0.000000,0.0000000,0.000000,1.998401,0.000000,0.0000000,1.8095604,2.005471,2.484858,2.212048,2.347175,0.000000,2.5840992,2.204672,2.098770,1.9992212,2.489985,2.333747,2.265291,2.168364,2.211563,1.880395,0.000000,0.0000000,0.000000,2.066465,1.622642,0.000000,0.000000,1.370160,0.000000,1.805072,1.680016,0.000000,1.6058906,0.0000000,0.000000,0.000000,2.199331,0.0000000,0.000000,1.1148079,0.000000,0.000000,1.7000786,0.000000,1.998088,1.7330956,1.6018766,2.185571,0.000000,1.828252,0.000000,0.000000,1.314602,0.000000,1.767813,1.7376194,1.705821,0.000000,1.9591091,2.458497,0.000000,0.0000000
0.000000,1.990585,0.0000000,2.089476,0.0000000,0.000000,0.0000000,0.000000,2.062046,0.000000,0.0000000,0.0000000,2.134510,2.393015,2.272207,2.370928,0.000000,2.5211706,2.093433,2.124912,2.1800281,2.375876,2.249475,2.282887,2.264807,2.143965,1.887937,2.194503,1.3935597,0.000000,2.085622,0.000000,1.990619,0.000000,1.584746,1.612996,2.286413,0.000000,0.000000,0.0000000,1.4070140,0.000000,0.000000,2.215531,1.5223458,0.000000,0.0000000,0.000000,0.000000,1.7370654,1.374694,2.008231,0.0000000,0.0000000,1.814609,0.000000,0.000000,0.000000,0.000000,1.756245,0.000000,0.000000,2.1927007,1.636858,0.000000,1.3024447,2.433123,1.931300,0.0000000
0.000000,1.778875,1.6250932,1.936478,1.7798663,0.000000,0.0000000,0.000000,0.000000,0.000000,0.0000000,0.0000000,2.149290,2.372025,2.199599,2.371238,0.000000,1.4876917,2.132665,1.966383,2.1306871,2.326034,2.214632,2.287601,2.155018,2.237766,1.965391,2.238800,2.3717538,0.000000,2.267598,1.727582,0.000000,0.000000,1.121068,0.000000,2.143341,1.914064,0.000000,0.0000000,0.0000000,0.000000,0.000000,0.000000,0.0000000,0.000000,0.0000000,0.000000,0.000000,2.0921401,2.162128,1.919462,1.4969930,2.0233270,2.031242,0.000000,1.815181,0.000000,0.000000,1.032575,0.000000,1.617279,1.7582258,2.077601,0.000000,0.0000000,2.333556,0.000000,0.0000000
0.000000,1.734978,0.0000000,0.000000,1.8412161,0.000000,0.0000000,0.000000,1.899989,0.000000,1.7808390,2.0997277,2.166589,2.442693,2.206697,2.411683,0.000000,2.3729112,1.825911,0.000000,0.0000000,2.209204,2.141409,2.193583,0.000000,2.192080,0.000000,2.161090,0.0000000,1.858165,0.000000,0.000000,0.000000,1.741235,0.000000,0.000000,2.318259,0.000000,0.000000,0.0000000,0.0000000,0.000000,0.000000,2.202282,0.0000000,0.000000,0.0000000,0.000000,0.000000,1.9037760,0.000000,0.000000,2.0513460,0.0000000,2.066531,2.002732,2.243166,0.000000,0.000000,1.907158,0.000000,0.000000,2.0165667,2.090709,0.000000,0.0000000,2.328953,0.000000,0.0000000
0.000000,2.073629,0.0000000,0.000000,0.0000000,0.000000,1.6033267,0.000000,2.073273,0.000000,1.8575159,2.1010086,2.127847,2.456001,2.221429,2.437283,1.542778,2.3288119,0.000000,1.947522,2.0058155,1.991274,1.874675,2.232688,1.833104,1.953093,0.000000,1.979665,2.0292359,0.000000,1.973270,0.000000,0.000000,0.000000,1.524875,0.000000,2.527315,1.985581,0.000000,1.9485073,1.6550022,0.000000,0.000000,2.195040,1.6746447,1.964830,0.0000000,0.000000,0.000000,2.2078396,2.141985,1.971693,0.0000000,0.0000000,2.248162,1.894341,0.000000,0.000000,0.000000,2.283995,1.680819,0.000000,1.8643808,2.213745,0.000000,1.6414755,2.492077,0.000000,0.0000000
0.000000,1.716193,0.0000000,0.000000,0.0000000,0.000000,0.0000000,0.000000,2.134849,0.000000,0.0000000,2.1385534,1.901202,2.460910,2.226666,2.408043,0.000000,2.1356822,0.000000,1.821988,1.9776149,2.084782,0.000000,2.299120,0.000000,2.034475,0.000000,0.000000,0.0000000,0.000000,0.000000,0.000000,0.000000,0.000000,0.000000,0.000000,2.396223,0.000000,0.000000,0.0000000,0.0000000,0.000000,1.890773,1.989302,0.0000000,0.000000,0.0000000,0.000000,0.000000,2.1145434,0.000000,0.000000,0.0000000,0.0000000,2.040705,1.715648,0.000000,0.000000,0.000000,2.210668,0.000000,0.000000,0.0000000,2.115191,0.000000,0.0000000,2.432698,0.000000,0.0000000
0.000000,1.845439,0.0000000,1.914387,1.9158677,0.000000,0.0000000,0.000000,2.105159,0.000000,0.0000000,0.0000000,0.000000,2.472060,2.250226,2.498191,2.288816,2.5813066,2.204091,0.000000,2.1035947,2.449702,2.387633,2.399388,2.304414,2.440815,1.905066,2.285436,0.0000000,1.783718,2.018818,0.000000,0.000000,0.000000,1.360918,0.000000,1.928057,0.000000,0.000000,0.0000000,0.0000000,0.000000,0.000000,2.220353,0.0000000,0.000000,0.0000000,0.000000,0.000000,0.0000000,2.289074,2.222625,1.6438695,1.5744751,2.228535,0.000000,1.553218,0.000000,0.000000,1.567629,0.000000,1.780086,1.8401793,0.000000,0.000000,1.9868964,2.453050,0.000000,0.0000000
0.000000,1.915589,1.5991721,0.000000,0.0000000,0.000000,0.0000000,2.014034,1.946694,2.283967,0.0000000,2.2221199,2.191033,2.458931,2.223400,2.416612,1.826333,2.4274728,1.885238,1.925385,1.8115373,2.328229,2.094271,2.205243,1.911322,2.291952,2.170134,2.176226,1.7137172,0.000000,1.308156,0.000000,0.000000,0.000000,1.715761,0.000000,2.430768,1.833722,0.000000,0.0000000,0.0000000,1.706860,0.000000,2.021806,0.0000000,0.000000,0.0000000,0.000000,0.000000,2.1023644,2.233112,2.073362,1.4981058,0.0000000,2.343008,0.000000,1.827279,0.000000,0.000000,2.098033,0.000000,1.920189,2.2127354,2.104514,0.000000,0.0000000,2.508695,0.000000,1.8381383
0.000000,2.006317,1.9142187,1.763084,0.0000000,0.000000,0.0000000,0.000000,0.000000,2.008347,2.1156630,0.0000000,1.983468,2.443916,2.099082,2.460507,0.000000,0.0000000,0.000000,2.186483,0.0000000,0.000000,2.118298,2.260042,2.263818,2.207728,1.735110,0.000000,0.0000000,1.484434,0.000000,0.000000,0.000000,1.707338,1.747240,0.000000,2.152174,1.892494,0.000000,1.6504472,1.8643342,0.000000,0.000000,1.558535,1.8283302,0.000000,0.0000000,0.000000,1.602832,2.0974632,2.230713,2.241372,1.8144180,1.2406551,1.377835,2.208659,1.928765,1.664318,1.553473,1.679898,1.771556,1.841271,2.2736122,2.021772,0.000000,1.6380019,2.564076,0.000000,1.6800162
0.000000,2.114236,2.3849068,1.782346,0.0000000,1.997766,2.1791066,0.000000,1.976036,0.000000,2.3001087,0.0000000,2.209424,2.423166,1.910519,2.443999,2.015191,2.4286962,2.179838,0.000000,1.8931801,2.266920,2.191733,2.296840,0.000000,2.260811,1.985537,2.179433,0.0000000,0.000000,2.033894,0.000000,0.000000,2.101453,0.000000,1.835640,1.933590,1.643334,1.718684,1.4298455,1.9912203,0.000000,0.000000,2.208132,2.1505155,0.000000,1.9618644,2.174989,2.188030,2.0166912,2.305950,2.319130,0.0000000,1.3937996,2.079470,1.414170,2.352945,0.000000,2.072017,1.831472,2.004218,0.000000,2.5477887,2.288327,0.000000,1.5173027,2.637371,2.054810,2.1481503
0.000000,2.041902,2.0587726,2.003350,1.2252865,0.000000,1.6919799,0.000000,1.998097,0.000000,2.0663930,2.2130900,1.245553,2.394268,1.926452,2.443821,0.000000,2.4439047,2.180657,1.729979,0.0000000,2.372841,2.317453,2.336090,2.142114,2.207287,2.055653,0.000000,0.0000000,1.768962,2.130713,1.829228,1.499005,2.007422,0.000000,0.000000,1.901568,1.168458,0.000000,1.7708695,1.5055115,0.000000,0.000000,2.083218,1.9828898,0.000000,1.5464157,1.804087,1.746460,2.1156073,0.000000,1.954361,0.0000000,1.8000345,2.131893,1.127974,1.915944,1.975181,1.941422,1.603175,1.963805,1.888543,2.3279857,1.967140,0.000000,1.5787897,2.523345,1.681431,1.8287452
1.939410,2.065009,2.3047664,1.485551,0.0000000,1.608158,2.0986655,0.000000,1.235394,0.000000,2.1179112,0.0000000,1.573617,2.305758,1.838243,2.445579,1.956613,0.0000000,2.100088,1.284946,1.8485533,2.046129,2.149999,2.297587,0.000000,2.158159,1.947400,0.000000,0.0000000,1.354612,2.041998,0.000000,0.000000,2.089033,0.000000,1.966626,1.925264,1.658077,1.685096,1.6921772,1.9012018,1.414602,0.000000,2.046019,2.0699374,0.000000,1.8959632,2.146857,2.028840,1.9715408,1.605965,2.230463,0.0000000,1.6991389,2.138820,0.000000,2.303632,0.000000,1.959998,1.649561,2.023219,1.905656,2.3852555,2.226063,0.000000,1.5693545,2.567753,2.111977,1.9870637
0.000000,2.130052,2.2276349,1.833271,0.0000000,0.000000,1.6246260,0.000000,0.000000,0.000000,2.2089397,2.2853337,1.784972,2.362812,2.074111,2.489316,2.020008,2.4668576,2.127724,1.597882,1.9834051,2.378367,2.307217,2.328011,2.210739,2.335049,2.103234,2.052441,0.0000000,1.914487,2.162291,0.000000,0.000000,2.043866,0.000000,0.000000,1.907556,1.506441,2.147516,2.0202937,2.0644470,1.907876,0.000000,2.291958,2.1514110,0.000000,1.9363902,2.024780,2.026661,2.0656798,2.274407,2.238210,0.0000000,0.0000000,2.240332,1.547997,2.309614,0.000000,2.053679,0.000000,1.991245,2.069141,2.4074656,2.254773,0.000000,1.9433274,2.487931,2.150460,1.9150662
0.000000,2.170933,2.2858131,1.904665,0.0000000,0.000000,1.9835955,0.000000,1.972564,0.000000,2.3469389,0.0000000,1.647715,2.489113,2.131925,2.528333,1.686351,2.5136959,2.307841,0.000000,2.1507996,2.515181,2.379953,2.365652,0.000000,2.356253,2.213009,0.000000,0.0000000,2.073157,2.265342,0.000000,2.008979,1.864407,0.000000,0.000000,2.216867,1.995214,0.000000,1.5999105,2.1069728,0.000000,0.000000,2.288344,2.1366807,0.000000,0.0000000,2.170271,2.136822,2.1333602,2.422474,2.444409,0.0000000,0.0000000,2.336189,0.000000,2.278579,1.744003,2.026491,1.460894,2.219479,2.089815,2.5042305,2.161069,0.000000,1.5619105,2.604282,2.092211,2.2143510
0.000000,1.901267,2.1776657,0.000000,1.5195958,0.000000,1.9085006,0.000000,0.000000,0.000000,1.8838560,2.3568266,2.197778,2.336211,2.160353,2.482952,0.000000,2.4055827,0.000000,0.000000,0.0000000,1.924285,2.267280,2.290490,2.097580,2.261748,1.880548,2.218821,2.2591999,1.728466,0.000000,0.000000,2.026134,2.118199,0.000000,0.000000,2.198885,1.937232,0.000000,0.0000000,1.7434407,0.000000,1.757730,0.000000,1.9590964,0.000000,1.9678806,1.956314,0.000000,2.1179473,2.218769,2.277287,0.0000000,1.7471327,2.234118,2.352662,2.410945,0.000000,1.887592,0.000000,1.833697,1.889387,2.2967822,2.234762,0.000000,0.0000000,2.616223,0.000000,0.0000000
0.000000,2.372488,2.4049831,1.926518,0.0000000,0.000000,1.6322980,0.000000,2.085478,2.372726,2.5807683,0.0000000,2.053510,2.438596,2.305919,2.487966,0.000000,2.3373201,2.010012,0.000000,0.0000000,0.000000,2.022622,2.376303,2.037771,2.221379,0.000000,0.000000,0.0000000,0.000000,1.963017,2.109719,2.046395,2.302042,0.000000,2.160499,2.134377,0.000000,1.749989,2.3096782,2.1412945,0.000000,0.000000,0.000000,1.8898162,0.000000,2.0820101,2.503521,2.026423,2.0598271,1.928208,2.316050,0.0000000,0.0000000,2.092074,2.309635,2.601809,2.081732,2.136820,0.000000,1.975198,0.000000,2.4996188,2.158292,0.000000,0.0000000,2.649105,0.000000,2.2450513
0.000000,2.255360,2.4576114,2.271511,0.0000000,0.000000,2.2823132,0.000000,0.000000,0.000000,2.5792096,2.2631397,2.274440,2.477328,1.825999,2.517187,0.000000,0.0000000,2.084807,0.000000,0.0000000,0.000000,2.111406,2.370111,0.000000,2.280772,2.181903,0.000000,0.0000000,1.810163,2.280822,0.000000,0.000000,2.245964,0.000000,2.202580,2.051178,0.000000,2.124693,2.1016215,2.1525722,1.733313,1.970085,2.337844,2.2645394,0.000000,2.2024927,2.413317,2.221871,2.0075178,0.000000,2.381401,0.0000000,0.0000000,0.000000,0.000000,2.369442,0.000000,2.156621,0.000000,2.228873,0.000000,2.5453230,2.394238,0.000000,2.0319316,2.621789,2.199939,2.3012346
0.000000,2.288733,2.4364478,1.963122,0.0000000,0.000000,2.1208012,0.000000,2.284637,0.000000,2.3416754,2.2186607,2.198973,2.417162,2.259609,2.451552,0.000000,2.4864992,0.000000,0.000000,0.0000000,2.032492,2.299561,2.274021,2.191254,2.339289,0.000000,2.225594,1.9051833,0.000000,1.999473,0.000000,2.153880,2.213657,0.000000,0.000000,2.309562,1.949375,0.000000,0.0000000,1.9988981,0.000000,1.824414,2.162436,2.1017975,0.000000,1.9329751,2.148347,1.785583,2.1667129,2.333043,2.413480,0.0000000,2.0330712,2.337575,2.327326,2.429991,0.000000,2.088786,0.000000,2.184313,0.000000,2.4221625,2.238684,0.000000,0.0000000,2.630554,1.937095,0.0000000
0.000000,2.093558,2.4420738,1.880707,1.7749652,2.258155,2.1932964,0.000000,0.000000,0.000000,2.4497659,0.0000000,1.496364,2.479880,1.805613,2.485840,0.000000,0.0000000,1.956314,0.000000,0.0000000,0.000000,2.245057,2.278307,2.238332,2.276505,1.979066,0.000000,0.0000000,0.000000,0.000000,0.000000,0.000000,2.065405,0.000000,2.203126,1.887452,0.000000,1.998323,1.9771403,2.0903133,2.066224,0.000000,2.159930,2.1932304,0.000000,2.0792507,2.293163,0.000000,1.9643704,2.214689,2.079477,0.0000000,1.8871501,0.000000,2.149233,2.434359,0.000000,2.192635,2.000765,2.074612,0.000000,2.6751553,2.011984,0.000000,0.0000000,2.627493,2.132794,2.3960290
0.000000,2.248033,2.4064048,2.039840,0.0000000,0.000000,2.1637542,0.000000,1.739317,0.000000,2.4608992,2.1771886,1.954251,2.400361,2.182109,2.459098,1.688856,2.5058746,2.170010,1.362324,1.9883609,2.368493,2.306975,2.208376,2.239709,2.287586,2.048169,0.000000,0.0000000,1.836197,2.157274,1.645260,1.944708,2.087010,0.000000,0.000000,1.894139,2.027785,0.000000,1.7975116,2.0781514,2.068953,1.936539,2.101985,2.0767472,2.048133,1.9468806,2.049471,1.809094,2.0826487,2.296860,2.404061,0.0000000,1.6926584,2.246115,2.206338,2.231616,0.000000,2.038450,0.000000,2.064748,0.000000,2.4720586,2.065975,0.000000,1.4710390,2.638603,1.986008,2.0484730
0.000000,2.263989,2.4942570,1.882221,0.0000000,1.900592,1.9467576,0.000000,2.103587,0.000000,2.2798892,0.0000000,2.374688,2.397867,2.006706,2.579092,0.000000,0.0000000,2.043843,1.515799,0.0000000,0.000000,2.361137,2.462483,2.256169,2.370778,2.157223,0.000000,0.0000000,0.000000,0.000000,1.950407,2.024922,2.291134,0.000000,0.000000,2.210321,2.099440,2.363900,1.8863244,1.9390138,0.000000,1.994211,2.133564,2.1651284,0.000000,2.1383301,2.309451,1.779952,2.1940167,0.000000,2.195086,0.0000000,1.8804775,0.000000,2.365042,2.293869,0.000000,2.088419,1.868052,2.274082,2.055391,2.5515585,2.313489,0.000000,1.6388313,2.742476,0.000000,2.0896043
0.000000,1.889062,1.7395263,0.000000,0.0000000,0.000000,0.0000000,1.819980,1.921287,2.045704,0.0000000,2.1037355,2.186668,2.454329,2.191919,2.419545,2.018806,2.4017141,1.543479,1.967637,0.0000000,2.109171,2.051535,2.224635,1.885306,2.269380,1.692505,2.103444,0.0000000,0.000000,0.000000,0.000000,0.000000,0.000000,1.723654,0.000000,2.373297,1.478591,0.000000,0.0000000,0.0000000,1.618116,0.000000,2.206124,0.0000000,1.918199,0.0000000,0.000000,1.420760,2.2043242,2.171253,2.070162,0.0000000,0.0000000,2.311515,1.983697,1.631499,0.000000,0.000000,2.092040,0.000000,0.000000,2.2765838,1.995847,0.000000,0.0000000,2.444343,0.000000,1.9121098
0.000000,2.021934,1.8127819,0.000000,0.0000000,0.000000,0.0000000,2.006265,2.042868,0.000000,0.0000000,2.2512331,2.160271,2.420638,2.167426,2.400450,2.047986,2.3491446,0.000000,1.835072,0.0000000,1.971587,1.979692,2.260873,0.000000,2.196284,0.000000,2.129358,0.0000000,0.000000,0.000000,0.000000,0.000000,1.701199,1.898642,0.000000,2.480219,1.890391,0.000000,0.0000000,0.0000000,1.822431,0.000000,2.214468,0.0000000,0.000000,0.0000000,0.000000,0.000000,2.2052518,2.111526,2.016583,2.0987621,0.0000000,2.419313,0.000000,0.000000,0.000000,0.000000,2.151494,0.000000,2.026840,2.0114611,2.127061,1.841232,0.0000000,2.196185,0.000000,2.0189438
0.000000,1.669287,1.4547796,0.000000,0.0000000,0.000000,1.3928383,1.884383,1.983825,2.026491,0.0000000,2.1347933,2.146255,2.413758,2.189239,2.326336,1.981516,2.3488501,0.000000,1.685508,1.9029997,2.173071,1.912769,2.226712,1.446276,2.200989,2.177451,2.111526,1.9437281,0.000000,0.000000,0.000000,0.000000,0.000000,1.523675,0.000000,2.433760,1.839143,0.000000,0.0000000,0.0000000,0.000000,0.000000,2.064640,0.0000000,0.000000,1.2857544,0.000000,0.000000,2.1223603,2.219322,1.982201,0.0000000,0.0000000,2.274506,0.000000,0.000000,1.777381,0.000000,1.862897,0.000000,0.000000,2.0927864,2.049341,1.954608,0.0000000,2.431563,1.981067,1.5914006
2.084633,1.899857,0.0000000,2.108151,0.0000000,0.000000,1.5772010,2.053176,1.694935,2.211310,1.9240406,2.1894479,2.218141,2.436283,2.169184,2.365788,2.071871,2.3689592,0.000000,1.938301,2.0724922,2.184843,2.081813,2.273801,1.724969,2.179300,2.080442,0.000000,0.0000000,0.000000,1.213036,1.809956,1.826526,0.000000,1.696434,0.000000,2.467242,2.052345,1.651612,0.0000000,0.0000000,1.920674,0.000000,1.747468,0.0000000,0.000000,1.6927240,0.000000,0.000000,2.0583895,2.281098,1.863815,0.0000000,1.8226300,2.145106,1.599172,0.000000,1.889514,0.000000,2.138805,1.715573,1.779671,2.2066451,2.016064,0.000000,0.0000000,2.534196,0.000000,0.0000000
0.000000,1.776034,0.0000000,0.000000,0.0000000,0.000000,0.0000000,0.000000,0.000000,0.000000,0.0000000,2.1631126,2.313268,2.451923,2.180187,2.502036,2.088440,2.4250007,1.814542,1.809877,0.0000000,2.200855,2.036671,2.226831,0.000000,2.261114,0.000000,2.191366,0.0000000,0.000000,0.000000,0.000000,0.000000,0.000000,0.000000,0.000000,2.322265,1.771750,0.000000,0.0000000,0.0000000,0.000000,0.000000,1.651556,0.0000000,1.984933,0.0000000,0.000000,0.000000,2.1708977,2.187362,0.000000,0.0000000,0.0000000,2.319475,1.963418,1.973658,1.704349,0.000000,2.050125,0.000000,1.999228,1.6453480,2.113527,0.000000,0.0000000,2.459314,1.787666,0.0000000
0.000000,1.813226,0.0000000,1.885856,0.0000000,0.000000,0.0000000,0.000000,2.081011,0.000000,0.9755016,1.8334967,1.979675,2.399355,1.923306,2.231214,1.209938,2.4404140,1.754499,1.911605,2.0096454,2.224942,2.087921,2.268814,2.111586,2.279884,1.815732,2.101732,0.0000000,1.731308,1.857348,0.000000,0.000000,0.000000,1.543694,0.000000,1.617837,1.571888,0.000000,0.0000000,0.0000000,0.000000,0.000000,2.149076,0.0000000,0.000000,0.0000000,0.000000,0.000000,0.0000000,0.000000,0.000000,1.2171928,0.0000000,2.242977,0.000000,1.279615,0.000000,0.000000,1.587898,0.000000,1.652938,1.8278619,1.266130,0.000000,0.0000000,2.425921,0.000000,0.0000000
0.000000,1.980408,0.3852649,2.074739,1.8975865,0.000000,1.5385657,0.000000,2.008279,0.000000,0.0000000,0.0000000,2.004121,2.444817,2.301315,2.436743,2.317970,2.5574724,2.062231,2.007937,2.1709702,2.460807,2.342644,2.367244,2.127659,2.443258,1.952157,2.291403,0.0000000,1.848044,2.010308,1.899506,1.995011,0.000000,1.600414,1.543748,1.753655,1.749839,0.000000,1.4407973,1.5672535,0.000000,1.528544,2.206408,0.0000000,0.000000,0.0000000,0.000000,0.000000,0.0000000,0.000000,2.207839,1.6275739,1.9785531,2.065404,1.842745,2.036146,0.000000,0.000000,1.738931,0.000000,1.610613,1.7988962,0.000000,0.000000,1.8007953,2.495336,1.670197,0.0000000
0.000000,1.766628,0.0000000,1.805633,0.0000000,0.000000,1.0296402,0.000000,2.016472,0.000000,0.0000000,0.0000000,2.119254,2.393928,2.223065,2.407725,2.183820,2.4971303,2.001661,1.799387,2.1098178,2.294419,2.136585,2.226621,2.084029,2.331043,1.966076,2.137045,2.3322280,0.000000,2.183986,1.584491,0.000000,0.000000,1.277948,1.540876,1.959033,1.732726,0.000000,0.0000000,0.0000000,0.000000,0.000000,1.644522,0.0000000,0.000000,1.2779479,0.000000,1.462750,1.6311457,0.000000,1.855202,0.0000000,1.7466284,1.864839,0.000000,1.525948,0.000000,0.000000,1.529362,1.703537,1.426932,1.9555428,2.066666,0.000000,0.0000000,2.304108,0.000000,0.0000000
0.000000,2.024760,1.5196574,2.028893,0.0000000,0.000000,1.7197860,0.000000,2.096701,0.000000,1.2273971,0.0000000,2.291302,2.414297,2.138057,2.430357,0.000000,2.4835125,2.223117,2.142232,2.0266901,2.426703,2.329047,2.319870,2.211793,2.331974,2.085529,2.219804,0.0000000,1.718997,2.100394,0.000000,0.000000,0.000000,1.577688,0.000000,1.988363,0.000000,0.000000,0.0000000,1.5183599,0.000000,0.000000,2.218230,1.0995553,0.000000,0.0000000,0.000000,0.000000,1.6331568,0.000000,2.190489,1.7730470,1.4362212,2.191280,1.640022,0.000000,0.000000,0.000000,1.795195,0.000000,1.968602,2.2371999,1.501336,0.000000,0.0000000,2.452532,0.000000,1.8317087
0.000000,1.985465,0.5888980,1.906436,1.6928985,0.000000,0.0000000,0.000000,1.760932,0.000000,0.0000000,0.0000000,2.225732,2.323335,2.121709,2.395596,2.022815,2.4501807,1.912382,1.891284,1.9514887,2.347886,2.235455,2.261167,1.941888,2.248787,1.870391,0.000000,0.0000000,1.572709,1.784654,0.000000,1.864148,0.000000,1.075522,0.000000,1.792283,1.734464,1.295808,0.0000000,0.0000000,0.000000,0.000000,2.183590,0.3057733,1.934034,0.0000000,0.000000,0.000000,0.0000000,0.000000,2.028197,1.0866447,1.7855594,2.069662,1.188569,1.627015,0.000000,0.000000,1.304858,0.000000,1.459790,0.0000000,0.000000,0.000000,1.8952282,2.389853,0.000000,0.0000000
0.000000,1.751567,0.0000000,0.000000,0.0000000,0.000000,0.0000000,1.872828,2.120387,0.000000,1.6124575,2.2676782,2.235480,2.427105,2.104594,2.422388,2.031748,2.3897332,1.550705,1.779915,1.7584097,2.254947,2.028312,2.256375,1.487177,2.241718,2.088868,2.135476,0.0000000,0.000000,0.000000,0.000000,0.000000,1.937323,1.150165,0.000000,2.404486,1.984804,0.000000,0.0000000,0.0000000,0.000000,0.000000,2.147006,0.0000000,1.833605,1.3504961,0.000000,0.000000,2.0464642,2.121159,1.787423,0.0000000,0.0000000,2.336792,1.718794,1.798939,0.000000,0.000000,2.142676,0.000000,2.017923,1.9724583,2.034597,2.035563,0.0000000,2.548719,1.983452,1.9092401
0.000000,1.722291,0.0000000,0.000000,0.0000000,0.000000,0.0000000,1.732373,2.081827,0.000000,1.8688255,2.1559713,2.135005,2.426120,2.122077,2.417395,2.060320,2.3912416,1.399821,1.820319,1.8640547,2.217715,1.924583,2.215408,1.562587,2.218130,2.048584,2.165631,0.0000000,0.000000,0.000000,0.000000,0.000000,1.641023,1.150895,0.000000,2.390749,1.868941,0.000000,0.0000000,0.0000000,1.455217,0.000000,2.198219,0.0000000,0.000000,0.0000000,0.000000,0.000000,1.9689464,2.018715,1.655611,2.1167995,1.7094284,2.237304,0.000000,1.914332,1.584958,0.000000,2.104142,0.000000,0.000000,2.0808288,2.019575,0.000000,0.0000000,2.524251,1.933594,1.6722498
0.000000,2.046132,1.5164273,1.900152,0.0000000,0.000000,0.0000000,0.000000,2.183539,0.000000,0.0000000,0.0000000,2.087892,2.365027,2.224547,2.421543,0.000000,2.5240798,2.084563,1.998044,2.0385428,2.379184,2.230065,2.293649,2.396709,2.271257,2.070378,0.000000,0.0000000,0.000000,2.263348,0.000000,1.605291,0.000000,1.591482,0.000000,1.995403,0.000000,0.000000,0.0000000,0.0000000,0.000000,0.000000,2.020653,0.0000000,1.881936,0.0000000,0.000000,0.000000,0.0000000,0.000000,2.037959,0.0000000,0.0000000,2.089415,0.000000,0.000000,0.000000,0.000000,1.766079,0.000000,1.807264,1.7578573,0.000000,0.000000,0.0000000,2.289128,0.000000,0.0000000
0.000000,0.000000,0.0000000,0.000000,0.0000000,0.000000,0.0000000,1.955500,1.855117,0.000000,1.9548493,2.1904790,2.198318,2.498591,2.277022,2.402853,1.954450,2.3816047,0.000000,2.045600,0.0000000,2.286473,2.100979,2.271165,1.964669,2.210755,1.973553,2.076928,0.0000000,0.000000,2.165684,0.000000,1.917890,0.000000,0.000000,0.000000,2.421204,1.693095,0.000000,0.0000000,0.0000000,1.895318,1.650533,1.926897,0.0000000,0.000000,0.0000000,0.000000,0.000000,2.0465894,2.141944,1.959671,0.0000000,0.0000000,2.253685,0.000000,0.000000,0.000000,0.000000,2.253516,0.000000,1.777777,2.1679499,2.082941,0.000000,0.0000000,2.484273,1.843313,0.0000000
0.000000,2.182273,0.0000000,0.000000,2.2787758,0.000000,0.0000000,1.929069,2.040076,0.000000,1.9500720,2.2069065,2.191792,2.496458,2.287663,2.408920,1.674473,2.3750746,1.619224,2.133811,0.0000000,2.192713,2.100210,2.275914,2.034057,2.218872,0.000000,2.084798,0.0000000,0.000000,2.066233,0.000000,0.000000,0.000000,1.705077,0.000000,2.463664,0.000000,1.646726,0.0000000,0.0000000,0.000000,1.623385,0.000000,0.0000000,0.000000,0.0000000,0.000000,0.000000,2.0154686,2.268400,2.011873,0.0000000,0.0000000,2.271985,0.000000,1.693530,1.798650,0.000000,2.179479,0.000000,1.890855,2.2408716,2.160219,0.000000,0.0000000,2.500876,1.733364,0.0000000
0.000000,1.788462,0.0000000,0.000000,0.0000000,0.000000,0.0000000,1.737749,1.912640,0.000000,0.0000000,2.1679758,2.193541,2.446343,2.213715,2.420426,1.826149,2.3363479,0.000000,1.981850,0.0000000,2.221360,2.091225,2.287756,2.019278,2.176975,0.000000,2.095968,0.0000000,0.000000,1.898965,0.000000,0.000000,0.000000,1.762865,0.000000,2.413696,0.000000,0.000000,0.0000000,0.0000000,0.000000,0.000000,2.197912,0.0000000,0.000000,0.0000000,0.000000,1.901156,1.9105660,2.170964,2.046589,0.0000000,0.0000000,2.184763,0.000000,0.000000,0.000000,1.748968,2.139782,0.000000,0.000000,2.0261214,1.999033,0.000000,0.0000000,2.597019,1.904479,1.7376357
0.000000,2.033723,0.0000000,0.000000,0.0000000,0.000000,1.8277576,0.000000,0.000000,0.000000,0.0000000,2.1991425,2.211860,2.445500,2.256824,2.426322,2.005805,0.0000000,0.000000,2.164724,1.9677767,2.278424,2.100140,2.268384,1.967295,2.254859,0.000000,2.174599,0.0000000,0.000000,0.000000,0.000000,0.000000,0.000000,0.000000,0.000000,2.397503,1.724827,0.000000,0.0000000,0.0000000,1.769343,0.000000,2.034636,0.0000000,1.958726,0.0000000,0.000000,0.000000,2.0099552,2.128590,1.823395,0.0000000,0.0000000,2.359765,0.000000,1.890008,1.757914,0.000000,2.068615,0.000000,1.604990,2.1249880,2.144056,0.000000,0.0000000,2.588470,0.000000,1.8493281
0.000000,0.000000,0.0000000,0.000000,0.0000000,0.000000,0.0000000,0.000000,0.000000,0.000000,0.0000000,2.2169119,2.106005,2.436835,2.239239,2.352692,0.000000,2.1961017,0.000000,1.959931,1.6735875,2.003094,1.865657,2.232008,1.908567,2.008186,0.000000,1.562201,0.0000000,0.000000,0.000000,0.000000,1.985234,0.000000,0.000000,0.000000,2.353681,0.000000,1.928899,0.0000000,0.0000000,0.000000,0.000000,0.000000,0.0000000,0.000000,1.7674679,0.000000,0.000000,1.8044676,0.000000,1.977850,1.9831568,0.0000000,2.305241,0.000000,0.000000,0.000000,0.000000,2.178799,0.000000,0.000000,2.0749306,2.081303,0.000000,0.0000000,2.537679,0.000000,1.6653864
0.000000,1.844796,0.0000000,0.000000,0.0000000,0.000000,1.7717109,2.078324,0.000000,0.000000,1.6917824,2.1476213,2.164516,2.427255,2.204689,2.387337,1.976285,2.3604757,0.000000,1.998514,1.8404571,2.158021,2.060827,2.223185,1.860989,2.132313,2.085264,2.132461,0.0000000,0.000000,1.900374,0.000000,0.000000,1.642527,1.643840,0.000000,2.357707,1.770375,0.000000,0.0000000,0.0000000,1.849973,0.000000,2.172983,0.0000000,0.000000,0.0000000,0.000000,0.000000,2.0840451,0.000000,2.075769,0.0000000,0.0000000,2.224372,0.000000,0.000000,1.854539,0.000000,2.072787,0.000000,0.000000,2.1435739,2.053120,0.000000,0.0000000,2.531622,0.000000,1.8464980
0.000000,1.774193,0.0000000,0.000000,0.0000000,0.000000,0.0000000,1.872753,1.814044,0.000000,1.9612150,2.0850520,2.183415,2.429196,2.216200,2.394719,1.516803,2.3250285,1.536673,2.011587,1.7752804,2.108739,2.009417,2.216281,1.931760,2.068717,2.095399,0.000000,0.0000000,0.000000,1.903193,0.000000,0.000000,1.653302,1.504978,0.000000,2.328542,1.704835,0.000000,0.0000000,0.0000000,1.826122,0.000000,2.213367,0.0000000,0.000000,0.0000000,0.000000,0.000000,2.1014826,0.000000,1.989369,2.0917227,0.0000000,2.198942,0.000000,0.000000,1.683088,0.000000,2.120984,0.000000,0.000000,2.0763389,2.083956,0.000000,0.0000000,2.510100,0.000000,1.8174935
0.000000,1.912253,0.0000000,0.000000,0.0000000,0.000000,1.7213884,1.953870,0.000000,0.000000,0.0000000,2.1573210,2.164393,2.434897,2.238837,2.398322,2.017003,2.4230973,0.000000,2.025691,1.7561877,2.204295,2.051103,2.224732,1.931622,2.236920,2.149868,2.196832,0.0000000,0.000000,0.000000,0.000000,0.000000,1.812190,1.646053,0.000000,2.436289,0.000000,0.000000,1.6386474,0.0000000,1.787366,0.000000,2.262430,0.0000000,0.000000,0.0000000,0.000000,0.000000,2.1071722,2.046360,1.944887,0.0000000,0.0000000,2.304393,0.000000,1.658837,0.000000,0.000000,2.135288,0.000000,0.000000,2.1766210,2.129534,0.000000,0.0000000,2.571148,0.000000,1.7698011
0.000000,1.928517,0.0000000,0.000000,0.0000000,0.000000,0.0000000,0.000000,2.050547,0.000000,1.8270078,2.1315116,2.208049,2.458288,2.247815,2.425299,0.000000,2.2997199,0.000000,1.987748,1.9348180,2.088640,1.994809,2.230347,1.965028,2.125951,0.000000,2.055940,1.6914746,0.000000,1.819630,0.000000,0.000000,0.000000,1.621760,0.000000,2.442353,0.000000,0.000000,0.0000000,0.0000000,0.000000,0.000000,2.227304,0.0000000,0.000000,0.0000000,0.000000,1.863928,1.9281958,2.137375,2.083909,0.0000000,0.0000000,2.211488,0.000000,0.000000,0.000000,1.887865,2.127308,0.000000,1.838557,2.0476870,2.118073,0.000000,0.0000000,2.561945,0.000000,1.7892408
0.000000,1.596977,0.0000000,0.000000,0.0000000,0.000000,1.8761005,1.758480,0.000000,0.000000,2.0736112,2.1830868,2.238035,2.432492,2.242566,2.451008,1.793197,2.3288367,0.000000,1.978567,1.8422842,2.166655,2.043439,2.224207,1.779781,2.160366,1.772149,2.124265,0.0000000,0.000000,0.000000,0.000000,0.000000,0.000000,0.000000,0.000000,2.378530,1.895654,0.000000,0.0000000,0.0000000,1.793053,0.000000,2.264704,0.0000000,0.000000,0.0000000,0.000000,0.000000,2.0352382,2.154031,1.907532,1.8495805,0.0000000,2.247261,1.696583,1.912599,1.775318,0.000000,2.166791,0.000000,1.482331,2.1264882,2.123690,0.000000,0.0000000,2.589689,0.000000,1.7223094
0.000000,2.011161,0.0000000,0.000000,0.0000000,0.000000,0.0000000,2.016521,0.000000,0.000000,1.8690953,2.2378741,2.171236,2.452322,2.246027,2.428377,0.000000,2.3749137,0.000000,1.953377,1.8314465,2.143153,1.979217,2.284518,1.830776,2.172971,0.000000,2.119403,0.0000000,0.000000,0.000000,0.000000,0.000000,0.000000,1.396419,0.000000,2.376821,1.884166,1.678708,0.0000000,0.0000000,1.926133,0.000000,2.223123,0.0000000,0.000000,1.7210983,0.000000,0.000000,1.9044203,2.155900,2.021340,0.0000000,0.0000000,2.269991,1.622202,1.767069,1.570234,0.000000,2.216404,0.000000,1.649790,2.0880620,2.080903,1.648957,0.0000000,2.527865,0.000000,1.9112658
0.000000,1.953120,0.0000000,0.000000,0.0000000,0.000000,0.0000000,0.000000,1.909938,0.000000,0.0000000,2.1903210,2.183753,2.450942,2.263874,2.457159,1.878818,2.3600511,0.000000,1.907915,1.5299445,2.173145,2.078011,2.167519,1.876568,2.193910,0.000000,2.143717,0.0000000,0.000000,0.000000,0.000000,0.000000,0.000000,1.735094,0.000000,2.380558,0.000000,0.000000,0.0000000,0.0000000,1.849172,1.828183,2.206866,0.0000000,0.000000,1.7715301,0.000000,0.000000,1.8830729,0.000000,0.000000,2.0544435,0.0000000,2.301810,0.000000,1.859212,0.000000,0.000000,2.183028,0.000000,1.849432,2.0818619,2.102178,0.000000,0.0000000,2.539712,0.000000,1.9143823
0.000000,0.000000,0.0000000,0.000000,1.5323688,0.000000,0.0000000,0.000000,0.000000,0.000000,0.0000000,2.1453319,2.277169,2.449554,2.215736,2.471866,1.831235,2.3206096,0.000000,2.048069,0.0000000,2.059359,1.937110,2.284488,2.014780,2.120403,1.832719,2.017809,0.0000000,0.000000,0.000000,0.000000,1.969451,0.000000,1.846468,0.000000,2.338061,1.814494,0.000000,0.0000000,0.0000000,0.000000,0.000000,2.278284,1.5376777,0.000000,1.8901067,0.000000,0.000000,1.9409444,2.198106,1.822684,0.0000000,0.0000000,2.248973,1.753494,0.000000,0.000000,1.898770,2.028879,0.000000,0.000000,1.8246096,2.111621,0.000000,0.0000000,2.585332,0.000000,1.9709205
0.000000,2.009063,0.0000000,0.000000,0.0000000,0.000000,0.0000000,1.877186,0.000000,0.000000,0.0000000,2.2530298,2.215452,2.466998,2.170972,2.438303,0.000000,2.3527345,0.000000,1.976205,1.6533582,2.141403,1.956509,2.317319,1.847194,2.150455,1.743441,2.105175,0.0000000,0.000000,1.804519,0.000000,0.000000,0.000000,1.889586,0.000000,2.426289,1.729894,0.000000,0.0000000,0.0000000,1.832122,0.000000,0.000000,0.0000000,0.000000,1.7546876,0.000000,0.000000,1.9001566,1.997337,1.908134,0.0000000,0.0000000,2.403577,0.000000,1.814284,0.000000,0.000000,2.119623,0.000000,1.905811,1.9649457,2.152210,0.000000,0.0000000,2.581469,1.879128,1.9904620
0.000000,1.947063,0.0000000,0.000000,1.8152003,0.000000,0.0000000,1.760849,0.000000,1.715441,0.0000000,2.1259877,2.171049,2.453179,2.154879,2.410134,1.781130,2.4574708,0.000000,1.861295,1.6023358,2.165716,1.931796,2.268967,0.000000,2.263981,1.767906,2.204096,0.0000000,0.000000,0.000000,0.000000,0.000000,0.000000,0.000000,0.000000,2.356040,0.000000,0.000000,0.0000000,0.0000000,0.000000,1.883546,1.952641,0.0000000,0.000000,0.0000000,0.000000,0.000000,2.1454606,2.107377,1.954476,0.0000000,0.0000000,2.298724,0.000000,1.636765,2.003866,0.000000,1.955224,0.000000,0.000000,2.0295564,2.030474,1.635238,0.0000000,2.117303,2.121864,1.9252685
0.000000,1.947930,0.0000000,0.000000,0.0000000,0.000000,0.0000000,1.676132,0.000000,2.077382,0.0000000,2.1541356,1.856180,2.413386,2.132317,2.430458,0.000000,2.4101325,1.569633,1.849744,1.9392530,2.177490,1.908596,2.252108,1.698278,2.221843,0.000000,2.166950,0.0000000,0.000000,1.873773,0.000000,0.000000,0.000000,0.000000,0.000000,2.323180,0.000000,0.000000,0.0000000,0.0000000,1.695086,1.807193,1.906575,1.5053116,0.000000,0.0000000,0.000000,1.567347,2.1217248,2.170979,2.026134,0.0000000,0.0000000,2.308412,0.000000,1.612529,1.893073,0.000000,1.934011,0.000000,0.000000,1.9979444,1.967131,0.000000,0.0000000,2.503661,1.951999,1.9738838
0.000000,1.938954,0.0000000,0.000000,0.0000000,0.000000,0.0000000,2.048163,0.000000,0.000000,0.0000000,2.2130467,2.143354,2.460154,2.196281,2.438835,1.662053,1.8395741,0.000000,1.912511,0.0000000,2.151018,0.000000,2.388244,1.734131,1.966946,0.000000,0.000000,0.0000000,0.000000,0.000000,0.000000,0.000000,0.000000,0.000000,0.000000,2.409280,0.000000,0.000000,0.0000000,0.0000000,0.000000,0.000000,1.952869,0.0000000,0.000000,0.0000000,0.000000,0.000000,0.0000000,0.000000,1.987851,0.0000000,0.0000000,2.202582,0.000000,0.000000,0.000000,0.000000,2.132146,0.000000,0.000000,1.9298036,2.079050,0.000000,0.0000000,2.290245,1.950103,1.8692812
0.000000,0.000000,0.0000000,0.000000,0.0000000,0.000000,0.0000000,0.000000,0.000000,0.000000,0.0000000,2.2142132,2.084321,2.439185,2.174589,2.400235,0.000000,2.3979123,0.000000,1.910818,0.0000000,1.971469,0.000000,2.246778,1.914677,2.131857,0.000000,2.154120,2.0327878,1.900632,0.000000,0.000000,0.000000,0.000000,0.000000,0.000000,2.251837,2.034062,0.000000,1.6111937,0.0000000,1.775066,1.925043,1.827444,0.0000000,0.000000,0.0000000,0.000000,0.000000,2.0803753,2.166762,0.000000,0.0000000,0.0000000,2.377106,0.000000,0.000000,0.000000,0.000000,1.964642,0.000000,0.000000,0.0000000,1.923610,0.000000,0.0000000,2.471893,0.000000,0.0000000
0.000000,2.108240,1.7054190,0.000000,0.0000000,0.000000,0.0000000,1.920739,0.000000,0.000000,0.0000000,2.1175234,2.191634,2.452072,2.189153,2.426546,1.979837,2.3633057,1.755512,1.891647,0.0000000,2.234316,2.056144,2.218796,1.969079,2.208827,1.986113,2.154582,1.3430887,1.571980,1.697496,0.000000,0.000000,0.000000,1.799419,0.000000,2.426162,1.849543,0.000000,0.0000000,0.0000000,1.590460,0.000000,2.207211,0.0000000,0.000000,0.0000000,0.000000,1.694741,2.0235525,1.879223,2.105355,0.0000000,0.0000000,2.253564,0.000000,1.903455,1.314425,0.000000,2.182599,1.560011,1.515988,2.1648493,1.982212,1.726815,0.0000000,2.532798,0.000000,1.9376748
0.000000,1.826193,1.6363925,0.000000,0.0000000,0.000000,0.0000000,1.922609,1.900864,2.009326,1.8457907,2.2059690,2.163141,2.450302,2.222557,2.405297,0.000000,0.0000000,0.000000,1.842245,1.4936844,1.548626,1.910196,2.186832,1.689570,2.025141,0.000000,0.000000,0.0000000,0.000000,0.000000,0.000000,0.000000,0.000000,0.000000,0.000000,2.462246,1.944783,1.858609,0.0000000,0.0000000,1.494252,0.000000,1.999906,0.0000000,0.000000,0.0000000,0.000000,1.504644,1.8994398,2.155289,2.071773,0.0000000,0.0000000,2.337005,0.000000,0.000000,1.661601,1.881370,2.230130,0.000000,0.000000,1.9872661,2.078468,0.000000,0.0000000,2.420597,1.822232,1.9425915
0.000000,2.162182,0.0000000,0.000000,0.0000000,0.000000,0.0000000,1.996310,0.000000,0.000000,0.0000000,2.2475131,2.119419,2.498494,2.254621,2.416225,2.083595,2.4349857,0.000000,1.869556,0.0000000,2.205476,2.033945,2.219308,0.000000,2.272116,0.000000,2.233748,0.0000000,0.000000,1.969296,0.000000,0.000000,0.000000,1.917549,0.000000,2.442301,1.900743,2.047043,0.0000000,0.0000000,1.802065,0.000000,1.959402,0.0000000,0.000000,1.6859416,0.000000,0.000000,2.1703859,2.170651,1.803912,0.0000000,0.0000000,2.333813,0.000000,0.000000,1.746245,0.000000,2.154433,0.000000,0.000000,1.9344927,2.183833,1.835418,0.0000000,2.536490,1.794910,1.9394060
0.000000,2.176331,0.0000000,0.000000,0.0000000,0.000000,0.0000000,1.864447,0.000000,1.950188,0.0000000,2.2371242,2.212972,2.486743,2.245146,2.425123,2.076751,2.4174303,0.000000,1.921532,0.0000000,2.180897,2.003701,2.259333,0.000000,2.251593,1.782298,2.179321,0.0000000,0.000000,0.000000,0.000000,2.171677,0.000000,0.000000,0.000000,2.417337,1.948823,0.000000,0.0000000,0.0000000,0.000000,0.000000,2.011517,2.0592430,0.000000,1.6182546,0.000000,0.000000,2.1182681,2.174709,1.747590,0.0000000,0.0000000,2.396408,0.000000,0.000000,1.995826,0.000000,2.041884,0.000000,1.550032,1.8840797,2.108686,1.751152,0.0000000,2.279731,1.734248,1.9757636
0.000000,1.946186,0.0000000,0.000000,0.0000000,0.000000,0.0000000,1.944851,1.820035,2.297025,0.0000000,2.2015742,2.196900,2.503357,2.239361,2.441535,0.000000,2.4094478,0.000000,2.004857,0.0000000,2.218824,2.156275,2.244859,1.894452,2.255967,0.000000,2.123446,0.0000000,0.000000,0.000000,0.000000,0.000000,0.000000,0.000000,0.000000,2.319623,1.854653,0.000000,1.7836589,0.0000000,0.000000,0.000000,2.206822,0.0000000,0.000000,0.0000000,0.000000,0.000000,0.0000000,2.172094,1.879840,0.0000000,0.0000000,2.340324,0.000000,0.000000,0.000000,0.000000,1.996532,0.000000,0.000000,1.9701283,2.004365,1.876908,0.0000000,2.612069,1.689659,1.9586913
0.000000,1.713068,0.0000000,0.000000,0.0000000,0.000000,0.0000000,0.000000,0.000000,2.346348,0.0000000,2.1603589,2.202204,2.484661,2.226262,2.374806,0.000000,2.3913122,0.000000,1.927820,0.0000000,2.170453,2.108888,2.247212,1.619155,2.221343,0.000000,2.051186,0.0000000,0.000000,0.000000,0.000000,0.000000,0.000000,0.000000,0.000000,2.277579,1.843398,0.000000,0.0000000,1.7195662,0.000000,0.000000,2.190628,0.0000000,0.000000,0.0000000,0.000000,0.000000,1.8151813,2.185987,1.802991,0.0000000,0.0000000,2.396596,0.000000,0.000000,1.558436,0.000000,1.928996,0.000000,0.000000,1.8655915,2.001103,0.000000,0.0000000,2.561706,1.660373,1.9499898
0.000000,2.017046,2.2055794,0.000000,0.0000000,0.000000,0.0000000,1.785805,0.000000,0.000000,1.7781358,2.1403707,2.167933,2.457080,2.240615,2.380025,1.914391,2.4020101,1.817886,1.980953,2.0198487,2.270521,1.955149,2.241695,1.992566,2.192914,1.948268,2.082128,0.0000000,1.706760,0.000000,0.000000,0.000000,0.000000,1.658620,0.000000,2.377638,1.860278,2.020294,1.7529668,1.8111265,1.555092,0.000000,2.225502,0.0000000,0.000000,0.0000000,1.843677,1.857018,1.7949980,2.196812,2.263738,0.0000000,0.0000000,2.300836,2.176621,2.245518,0.000000,0.000000,2.024757,1.894806,0.000000,2.2331135,1.935896,1.768619,0.0000000,2.519858,1.802096,1.8674556
0.000000,2.053484,2.1849690,1.764840,0.0000000,0.000000,1.8031366,0.000000,1.950260,0.000000,1.8349734,2.1745689,2.199788,2.448452,2.230207,2.402225,1.951526,2.4185010,1.884680,1.962479,2.0258187,2.321404,1.933433,2.294602,0.000000,2.244993,1.935266,2.123920,0.0000000,1.734131,0.000000,0.000000,0.000000,0.000000,1.607714,0.000000,2.371505,1.828762,2.081029,0.0000000,1.7646098,1.597843,1.449633,2.235195,0.0000000,0.000000,1.7708955,1.829133,1.814494,1.8237531,2.197156,2.290886,1.5443385,0.0000000,2.312619,2.171065,2.256355,0.000000,1.648698,2.074351,1.854518,1.827322,2.2328403,1.904121,0.000000,0.0000000,2.523485,1.765434,2.0216793
0.000000,1.946130,0.0000000,0.000000,2.1085438,0.000000,0.0000000,1.831852,1.986610,1.851070,0.0000000,2.1143024,2.194636,2.473366,2.167157,2.453149,1.787018,2.4475927,0.000000,2.028726,1.7416468,2.248532,2.025890,2.254802,1.993731,2.289143,1.847202,2.141188,0.0000000,0.000000,0.000000,0.000000,0.000000,0.000000,1.763849,0.000000,2.435061,0.000000,1.802357,0.0000000,1.8974261,0.000000,2.056315,1.975950,0.0000000,1.838291,0.0000000,0.000000,0.000000,1.8823838,2.241950,2.026471,0.0000000,0.0000000,2.148280,2.083926,2.121301,0.000000,1.784536,2.184826,0.000000,0.000000,2.0795039,1.868787,0.000000,0.0000000,2.364492,0.000000,1.9669519
0.000000,1.918009,1.4827079,1.459960,2.1040038,0.000000,1.6046136,1.878214,1.965003,1.983217,0.0000000,2.1696323,2.145647,2.455646,2.193774,2.433034,2.014376,2.4136555,1.582182,1.968540,1.3765321,2.251169,2.077081,2.314838,0.000000,2.257799,1.596423,2.161997,0.0000000,1.495663,2.040433,0.000000,0.000000,0.000000,1.722453,0.000000,2.378705,1.797468,1.812375,0.0000000,1.8555646,1.519657,0.000000,2.095975,1.6127092,2.082484,0.0000000,0.000000,1.634861,0.0000000,2.218633,1.905816,2.1016877,0.0000000,2.151238,2.112382,2.129281,0.000000,1.900035,2.068122,1.500174,1.799780,2.0781791,1.943320,0.000000,0.0000000,2.503412,2.045071,1.9782048
0.000000,0.000000,0.0000000,0.000000,0.0000000,0.000000,0.0000000,0.000000,0.000000,0.000000,0.0000000,2.1670699,2.233442,2.483445,2.259138,2.416168,1.698992,2.3642512,0.000000,2.055041,2.0313341,2.286503,2.055968,2.261034,1.904494,2.172020,2.023961,2.122932,0.0000000,0.000000,2.031111,0.000000,1.334606,0.000000,1.834659,0.000000,2.275155,1.888570,0.000000,0.0000000,0.0000000,0.000000,0.000000,2.018963,0.0000000,0.000000,0.0000000,0.000000,0.000000,1.8578372,2.220063,0.000000,0.0000000,0.0000000,2.312042,0.000000,0.000000,0.000000,0.000000,1.931009,0.000000,1.432618,1.8215250,1.987544,0.000000,0.0000000,2.490567,0.000000,1.7978563
0.000000,0.000000,0.0000000,0.000000,0.0000000,0.000000,0.0000000,0.000000,0.000000,1.939399,0.0000000,2.1427272,2.207010,2.457884,2.266348,2.412719,2.046614,2.4052691,1.943157,2.080397,2.0527782,2.356352,2.211459,2.253805,2.018861,2.252354,1.914985,2.119153,1.7983933,0.000000,1.675987,0.000000,2.036552,0.000000,1.945978,0.000000,2.358737,1.824048,0.000000,0.0000000,0.0000000,0.000000,0.000000,2.002892,0.0000000,1.714136,0.0000000,0.000000,0.000000,1.9446006,2.322284,0.000000,0.0000000,0.0000000,2.288447,0.000000,0.000000,0.000000,0.000000,2.011379,0.000000,0.000000,2.0581183,2.019327,1.687935,0.0000000,2.486396,0.000000,1.7718657
0.000000,1.900116,0.0000000,0.000000,2.1189711,0.000000,0.0000000,0.000000,0.000000,0.000000,0.0000000,2.0140557,2.181284,2.461510,2.235091,2.385998,1.997875,0.0000000,2.086900,2.082086,2.0491119,1.968852,2.124425,2.202728,2.045027,2.251473,1.964970,2.102162,0.0000000,0.000000,0.000000,1.649216,0.000000,0.000000,0.000000,0.000000,2.230479,0.000000,0.000000,0.0000000,1.8556426,0.000000,0.000000,2.216245,0.0000000,1.879585,1.6514990,0.000000,0.000000,1.8558977,0.000000,1.845302,1.5814915,0.0000000,1.997928,0.000000,0.000000,1.873395,1.924247,1.892214,0.000000,0.000000,2.0514893,1.995665,0.000000,2.0182601,2.477288,0.000000,0.0000000
0.000000,1.928566,1.9505642,0.000000,0.0000000,0.000000,0.0000000,1.897938,0.000000,0.000000,0.0000000,2.0587986,2.140533,2.447847,2.259306,2.396709,2.059994,2.4267809,1.318099,1.914201,1.9939846,2.269140,2.101276,2.177599,1.930886,2.250668,1.763494,2.160667,1.4775086,0.000000,1.947525,0.000000,0.000000,0.000000,0.000000,0.000000,2.454253,2.006161,0.000000,0.0000000,0.0000000,0.000000,0.000000,1.859694,2.0540484,1.700391,0.0000000,0.000000,0.000000,2.1498497,2.106574,0.000000,2.0140517,0.0000000,1.949609,2.076376,0.000000,0.000000,1.865387,2.017313,0.000000,0.000000,0.0000000,2.000387,1.550911,0.0000000,2.450214,1.817306,0.0000000
0.000000,0.000000,1.7825854,0.000000,0.0000000,0.000000,0.0000000,1.976454,2.096513,0.000000,0.0000000,2.1226099,2.072770,2.445408,2.230871,2.339457,1.915508,2.4199824,2.003240,2.011496,1.6354879,2.283724,1.987248,2.196921,1.824325,2.265409,2.055552,2.125922,1.6797318,0.000000,0.000000,0.000000,1.825302,0.000000,0.000000,0.000000,2.201027,1.599716,0.000000,0.0000000,0.0000000,0.000000,0.000000,2.033697,0.0000000,1.575642,0.0000000,0.000000,0.000000,1.9255810,2.120639,0.000000,2.0742723,0.0000000,2.220041,0.000000,1.830997,0.000000,0.000000,1.973661,0.000000,0.000000,1.6977080,1.947004,0.000000,0.0000000,2.419323,1.878208,0.0000000
0.000000,1.836508,1.7511813,0.000000,0.0000000,0.000000,0.0000000,1.953144,1.860504,0.000000,0.0000000,2.0493415,2.093409,2.451992,2.290332,2.360215,1.941804,2.4298969,1.976194,2.055925,2.0196409,2.292626,2.112209,2.202498,1.928745,2.311346,1.844434,2.172953,1.8259461,0.000000,1.851180,0.000000,1.920176,0.000000,0.000000,0.000000,2.308021,1.955981,0.000000,0.0000000,0.0000000,0.000000,0.000000,1.924687,0.0000000,0.000000,0.0000000,0.000000,1.709448,2.1084983,2.049347,1.906145,0.0000000,1.7053385,2.178110,1.528895,1.765070,1.839271,1.864520,1.886634,0.000000,0.000000,2.0600333,2.017743,0.000000,0.0000000,2.456197,0.000000,0.0000000
0.000000,0.000000,1.7065810,0.000000,2.0426745,0.000000,0.0000000,2.044767,0.000000,0.000000,0.0000000,2.1055398,2.210655,2.441244,2.238779,2.394422,0.000000,2.4319906,1.928862,1.994716,0.0000000,2.278916,2.129312,2.248692,0.000000,2.284454,0.000000,2.165267,0.0000000,0.000000,2.013302,0.000000,0.000000,1.805246,1.484060,0.000000,2.342975,1.955461,0.000000,0.0000000,0.0000000,0.000000,0.000000,2.221022,0.0000000,0.000000,0.0000000,0.000000,1.722111,2.1131559,1.976432,1.879917,0.0000000,0.0000000,2.125872,1.947756,1.643483,1.810547,1.730952,0.000000,0.000000,0.000000,1.9582207,1.915454,0.000000,0.0000000,2.542569,0.000000,1.5518889
0.000000,2.034062,2.2137643,0.000000,0.0000000,0.000000,0.0000000,2.143224,1.967146,0.000000,0.0000000,2.2284112,2.212682,2.436919,2.205737,2.413755,1.690835,2.3840549,0.000000,0.000000,1.8703406,2.195162,2.115258,2.245925,1.995731,2.225379,0.000000,2.128415,0.0000000,0.000000,0.000000,0.000000,0.000000,0.000000,1.805031,0.000000,2.289452,0.000000,2.076613,0.0000000,0.0000000,0.000000,0.000000,2.177198,1.6890794,0.000000,1.7818172,1.880318,1.900496,1.9098483,2.215382,2.102666,0.0000000,0.0000000,2.121427,2.173255,2.403990,0.000000,0.000000,0.000000,1.922622,0.000000,2.3721972,1.995491,0.000000,0.0000000,2.539339,0.000000,0.0000000
0.000000,1.925423,1.6954506,0.000000,2.1545664,0.000000,0.0000000,0.000000,1.944879,0.000000,0.0000000,2.1495606,2.197865,2.426893,2.226427,2.462053,1.597685,2.3655285,1.893692,1.966461,0.0000000,2.245336,2.183231,2.230757,0.000000,2.199198,1.744950,2.147846,0.0000000,0.000000,1.896298,0.000000,0.000000,0.000000,0.000000,0.000000,2.301924,1.772624,0.000000,0.0000000,0.0000000,0.000000,1.776771,2.210726,0.0000000,1.717443,0.0000000,0.000000,0.000000,1.8324166,2.049944,1.699829,0.0000000,0.0000000,1.870855,1.819961,0.000000,0.000000,1.571842,1.996004,0.000000,0.000000,1.9802716,1.963215,0.000000,0.0000000,2.506561,1.806172,0.0000000
0.000000,1.906503,0.0000000,0.000000,0.0000000,0.000000,1.7028231,0.000000,2.016770,0.000000,0.0000000,2.1063198,2.239719,2.449478,2.263380,2.420860,1.912617,2.3693681,0.000000,1.993970,0.0000000,2.232991,2.157253,2.242245,0.000000,2.157717,0.000000,2.113018,1.5381778,1.649962,1.916553,0.000000,0.000000,0.000000,1.742971,0.000000,2.325016,0.000000,0.000000,0.0000000,0.0000000,0.000000,1.740151,2.196358,0.0000000,0.000000,1.4737488,0.000000,0.000000,1.9192523,0.000000,0.000000,2.0412178,1.5598636,2.157522,0.000000,0.000000,1.453374,0.000000,2.034759,0.000000,1.533626,2.0419333,1.929409,1.722974,0.0000000,2.416304,0.000000,1.9220758
0.000000,0.000000,0.0000000,0.000000,0.0000000,0.000000,0.0000000,0.000000,0.000000,0.000000,1.8597149,2.0373190,2.180208,2.457866,2.176378,2.358752,1.655583,0.0000000,0.000000,1.909202,1.8621627,2.182926,2.012272,2.231907,1.848262,2.231064,2.100233,2.161187,0.0000000,0.000000,0.000000,0.000000,0.000000,0.000000,0.000000,0.000000,2.269256,1.662556,0.000000,0.0000000,0.0000000,0.000000,0.000000,2.199656,0.0000000,1.947109,0.0000000,0.000000,0.000000,2.1603927,2.143581,1.890189,0.0000000,0.0000000,2.310531,0.000000,1.752893,0.000000,0.000000,2.012267,0.000000,0.000000,1.9681856,2.099759,0.000000,0.0000000,2.244061,0.000000,0.0000000
0.000000,1.791812,0.0000000,0.000000,0.0000000,0.000000,0.0000000,0.000000,2.080190,0.000000,0.0000000,2.0574907,2.108065,2.432416,2.169304,2.406893,1.988569,2.4161763,0.000000,0.000000,0.0000000,2.185817,1.882709,2.259469,0.000000,2.250164,0.000000,2.214662,0.0000000,0.000000,0.000000,0.000000,0.000000,0.000000,0.000000,0.000000,2.355565,0.000000,0.000000,0.0000000,0.0000000,0.000000,0.000000,2.157242,0.0000000,0.000000,0.0000000,0.000000,0.000000,2.1038140,0.000000,0.000000,0.0000000,0.0000000,0.000000,2.148773,0.000000,0.000000,0.000000,2.072843,0.000000,0.000000,0.0000000,0.000000,0.000000,0.0000000,2.342970,1.764339,1.9221827
0.000000,0.000000,0.0000000,0.000000,0.0000000,0.000000,0.0000000,1.974963,1.859632,0.000000,0.0000000,2.1115159,2.129807,2.438203,2.235286,2.403164,0.000000,2.3680256,0.000000,1.834146,0.0000000,2.148024,2.030175,2.211836,0.000000,2.261544,1.731156,2.134100,1.6910338,0.000000,0.000000,0.000000,2.012838,0.000000,0.000000,0.000000,2.383210,1.936421,0.000000,2.2218977,2.2390176,0.000000,0.000000,2.019180,0.0000000,1.871209,0.0000000,0.000000,0.000000,2.0276702,0.000000,1.888193,2.0777968,0.0000000,2.136404,1.890691,0.000000,2.044410,1.910168,2.249824,0.000000,0.000000,1.8003520,1.942875,1.583512,0.0000000,2.508870,2.115575,1.6063391
0.000000,1.839702,0.0000000,0.000000,0.0000000,0.000000,0.0000000,0.000000,0.000000,0.000000,0.0000000,0.0000000,2.234687,2.472411,2.232532,2.447704,2.133178,2.4636721,1.762012,1.974994,0.0000000,2.375843,2.227348,2.157482,0.000000,2.248271,2.022208,2.164486,0.0000000,0.000000,2.107636,0.000000,0.000000,0.000000,0.000000,0.000000,1.953207,1.926547,0.000000,0.0000000,0.0000000,0.000000,1.946849,2.051796,0.0000000,0.000000,0.0000000,0.000000,0.000000,2.1640813,0.000000,0.000000,0.0000000,0.0000000,2.096724,1.756216,0.000000,0.000000,0.000000,1.837281,0.000000,0.000000,0.0000000,1.564268,0.000000,0.0000000,2.389664,0.000000,0.0000000
0.000000,0.000000,0.0000000,0.000000,0.0000000,0.000000,0.0000000,0.000000,0.000000,0.000000,0.0000000,2.0080373,2.258504,2.427121,2.216917,2.433230,2.061744,2.4111453,0.000000,1.954258,1.7392209,2.159343,2.069346,2.280559,0.000000,2.220419,1.672076,2.149767,0.0000000,0.000000,1.339205,1.622777,0.000000,0.000000,1.682670,0.000000,2.206410,1.882975,0.000000,0.0000000,0.0000000,0.000000,0.000000,2.203689,0.0000000,1.755035,0.0000000,0.000000,1.538233,2.1860053,1.855103,1.803994,0.0000000,1.6228451,2.081990,0.000000,0.000000,1.592782,0.000000,1.829185,0.000000,0.000000,1.5899671,1.890467,0.000000,0.0000000,2.449883,0.000000,1.7962549
0.000000,0.000000,0.0000000,0.000000,0.0000000,0.000000,0.0000000,1.846111,2.057600,0.000000,0.0000000,2.1417328,2.212469,2.458289,2.201771,2.412375,0.000000,2.4942244,0.000000,1.884320,0.0000000,2.270244,2.107111,2.296887,1.725340,2.330227,0.000000,2.272057,0.0000000,0.000000,0.000000,0.000000,0.000000,0.000000,0.000000,0.000000,2.288183,1.663321,0.000000,0.0000000,0.0000000,0.000000,0.000000,2.165933,0.0000000,1.936768,1.7147613,0.000000,0.000000,2.1346427,2.145306,0.000000,0.0000000,0.0000000,1.820978,0.000000,0.000000,0.000000,0.000000,0.000000,0.000000,0.000000,0.0000000,2.097302,0.000000,0.0000000,2.537914,0.000000,0.0000000
0.000000,0.000000,0.0000000,0.000000,0.0000000,0.000000,0.0000000,0.000000,1.952019,0.000000,0.0000000,2.0435550,2.103412,2.457727,2.107158,2.401355,2.067711,2.4824354,0.000000,0.000000,0.0000000,2.236268,1.814924,2.279060,0.000000,2.307983,0.000000,2.267488,0.0000000,0.000000,0.000000,0.000000,0.000000,0.000000,0.000000,0.000000,2.380155,0.000000,0.000000,0.0000000,0.0000000,0.000000,0.000000,2.197380,0.0000000,0.000000,0.0000000,0.000000,0.000000,2.0093221,0.000000,0.000000,0.0000000,0.0000000,2.156256,2.155490,0.000000,0.000000,0.000000,0.000000,0.000000,0.000000,0.0000000,0.000000,0.000000,0.0000000,2.311842,0.000000,0.0000000
0.000000,1.908358,0.0000000,0.000000,0.0000000,0.000000,0.0000000,1.876496,2.097974,0.000000,0.0000000,2.0770574,2.080115,2.444644,2.258775,2.410406,2.107539,2.4411823,1.774965,1.829811,0.0000000,2.252402,2.029057,2.285172,1.887491,2.318068,0.000000,2.250052,0.0000000,0.000000,1.569215,0.000000,0.000000,0.000000,0.000000,0.000000,2.273689,1.920080,0.000000,2.1338271,2.1741380,0.000000,0.000000,2.214142,0.0000000,0.000000,0.0000000,0.000000,0.000000,1.9656604,0.000000,0.000000,2.1428046,0.0000000,2.120812,1.778703,0.000000,1.988636,1.877950,2.061142,0.000000,0.000000,0.0000000,2.006549,0.000000,0.0000000,2.495482,1.886982,0.0000000
0.000000,1.930530,0.0000000,0.000000,0.0000000,0.000000,0.0000000,0.000000,1.933136,0.000000,1.8221691,2.1341800,2.169405,2.414582,2.193611,2.420832,2.119709,2.4545182,1.603896,1.968079,1.9467118,2.256748,2.077725,2.239403,1.846915,2.305443,1.838974,2.269491,0.0000000,0.000000,0.000000,1.378870,2.084940,2.107356,1.664318,0.000000,2.378534,0.000000,0.000000,0.0000000,0.0000000,0.000000,0.000000,2.220012,0.0000000,0.000000,0.0000000,0.000000,1.364138,1.9538566,0.000000,1.767641,0.0000000,0.0000000,2.305568,1.872341,1.839901,0.000000,0.000000,2.165352,0.000000,0.000000,2.0097522,2.000108,0.000000,0.0000000,2.444223,1.658431,1.9477141
0.000000,2.188685,2.0385461,1.761653,1.7623016,0.000000,0.0000000,2.040213,2.003778,0.000000,2.2325151,2.2008709,2.107513,2.455886,2.255577,2.434563,0.000000,2.3523089,0.000000,1.767109,0.0000000,2.137467,1.943786,2.237732,1.806030,2.235540,0.000000,1.903267,0.0000000,0.000000,0.000000,0.000000,1.670926,0.000000,1.921192,0.000000,2.414938,2.043560,1.925056,2.3236465,2.2262893,1.883592,1.896407,2.263760,1.9349842,0.000000,1.6906360,0.000000,2.078417,2.0114240,1.362744,2.402117,0.0000000,1.9997213,2.193553,0.000000,2.194973,1.807445,1.909420,2.225739,2.007214,0.000000,2.2401529,2.224950,1.688542,1.3000035,2.354085,2.231293,2.0676769
0.000000,1.856983,0.0000000,0.000000,2.0454796,0.000000,0.0000000,1.644522,1.693073,0.000000,0.0000000,2.0149127,2.166170,2.440250,2.212225,2.412249,2.083076,2.4239518,0.000000,2.056829,1.9371633,2.291485,2.125378,2.208316,2.086562,2.251874,1.915863,2.185301,0.0000000,0.000000,1.630212,0.000000,0.000000,0.000000,1.908705,0.000000,2.296633,1.663084,1.764908,2.1292258,0.0000000,0.000000,2.062569,1.854568,0.0000000,1.724721,1.5945123,0.000000,0.000000,2.0909458,0.000000,0.000000,0.0000000,0.0000000,2.116990,1.818324,0.000000,0.000000,0.000000,1.900268,1.562684,0.000000,2.0729100,1.927312,0.000000,0.0000000,2.527279,0.000000,1.9585442
0.000000,1.681407,1.6636626,0.000000,0.0000000,0.000000,0.0000000,1.981105,2.036860,0.000000,0.0000000,2.1817578,2.174526,2.452028,2.262792,2.423325,0.000000,2.4211213,1.913201,2.004896,1.6267512,2.262798,2.117753,2.279807,1.881714,2.272683,1.836614,2.157605,1.7022904,0.000000,1.874564,0.000000,0.000000,0.000000,0.000000,0.000000,2.393160,2.014062,0.000000,0.0000000,0.0000000,0.000000,1.675036,2.223045,0.0000000,0.000000,1.7964724,0.000000,0.000000,1.9581630,2.141546,1.911112,2.0296589,0.0000000,2.285528,1.886403,0.000000,0.000000,1.898883,2.200244,0.000000,0.000000,2.0411266,2.014112,1.931073,0.0000000,2.462518,0.000000,2.1238074
0.000000,1.963979,1.7919131,0.000000,1.8321810,0.000000,0.0000000,1.971667,2.100192,0.000000,0.0000000,2.0569585,2.159957,2.464514,2.261128,2.408216,2.095588,2.4207921,1.891354,1.920306,1.6993064,2.229702,2.113497,2.222638,1.759831,2.318449,1.933801,2.218409,0.0000000,1.800943,1.936015,0.000000,0.000000,1.809640,0.000000,0.000000,2.409366,2.017674,0.000000,0.0000000,1.8080468,0.000000,0.000000,2.214300,0.0000000,2.036837,1.8353607,0.000000,0.000000,1.7934528,2.085108,2.002394,2.0147101,1.8309376,2.193799,1.880171,0.000000,0.000000,2.029140,2.165321,0.000000,0.000000,1.8377830,2.168023,1.726061,0.0000000,2.529807,0.000000,0.0000000
0.000000,0.000000,1.7564172,0.000000,0.0000000,0.000000,0.0000000,1.917243,2.082484,0.000000,0.0000000,2.1657108,2.151329,2.463047,2.246984,2.429815,2.084397,2.4529791,2.050499,2.058388,1.9932748,2.302760,2.174861,2.217100,1.902503,2.331189,1.954013,2.219559,0.0000000,0.000000,1.933375,0.000000,0.000000,0.000000,0.000000,0.000000,2.247174,1.831531,0.000000,0.0000000,0.0000000,0.000000,0.000000,2.234512,0.0000000,1.933652,1.7367713,0.000000,0.000000,1.6111937,2.169520,0.000000,0.0000000,1.8376617,2.069996,0.000000,1.841153,1.811205,1.712819,2.082328,0.000000,0.000000,1.9605338,2.104082,0.000000,0.0000000,2.361379,0.000000,0.0000000
0.000000,1.861953,1.4913251,0.000000,0.0000000,0.000000,0.0000000,1.857460,2.043276,0.000000,0.0000000,2.1763001,2.158111,2.474791,2.232686,2.407020,2.057773,2.4733244,1.928061,1.840290,1.6825532,2.309850,2.193076,2.258463,1.891409,2.336547,0.000000,2.259619,1.7428451,1.731291,1.767601,0.000000,0.000000,0.000000,0.000000,0.000000,2.289771,0.000000,0.000000,0.0000000,0.0000000,0.000000,0.000000,2.118442,0.0000000,2.043061,0.0000000,0.000000,0.000000,2.0825578,2.101889,1.917003,0.0000000,0.0000000,1.901999,0.000000,1.952353,0.000000,1.662026,2.041671,1.756718,0.000000,1.9322745,2.074211,1.822124,0.0000000,2.473120,1.787180,0.0000000
0.000000,1.755497,1.8241463,0.000000,2.0216698,0.000000,2.0726498,1.981296,0.000000,0.000000,0.0000000,2.0536075,2.151877,2.436233,2.245309,2.343931,2.007458,2.4093260,2.019983,1.945004,0.0000000,2.244782,2.117564,2.230798,1.820640,2.285490,0.000000,2.244243,0.0000000,1.754150,2.028432,0.000000,2.058949,0.000000,1.511407,0.000000,2.352253,2.043916,0.000000,2.0482943,2.0406151,0.000000,0.000000,2.031148,0.0000000,1.669388,1.9152783,0.000000,0.000000,1.9230599,0.000000,2.282309,1.9940754,0.0000000,1.893932,0.000000,1.886954,0.000000,0.000000,2.189193,2.016967,0.000000,1.9552836,2.089599,1.671051,0.0000000,2.466507,0.000000,0.0000000
0.000000,1.973119,1.4849561,0.000000,0.0000000,0.000000,0.0000000,1.652459,1.917167,0.000000,0.0000000,1.9568144,2.058888,2.481965,2.296281,2.408819,2.131253,2.4309690,1.962622,2.046605,0.0000000,2.355059,2.271874,2.177929,1.998735,2.287115,1.858887,2.211090,0.0000000,0.000000,1.960405,0.000000,0.000000,0.000000,0.000000,0.000000,2.325408,1.782502,0.000000,0.0000000,0.0000000,0.000000,0.000000,2.004708,1.4202366,2.009394,1.8320125,0.000000,1.389437,1.7800735,1.925992,2.038397,2.0373917,0.0000000,2.184405,1.815950,1.530583,1.843894,1.973457,2.020386,0.000000,0.000000,1.7836589,2.023818,1.831540,0.0000000,2.413723,0.000000,0.0000000
0.000000,2.020232,1.5901315,1.891490,0.0000000,0.000000,0.0000000,2.026409,2.010387,0.000000,2.1527499,2.2046046,2.130371,2.478720,2.239017,2.410576,2.085656,2.4202950,1.911056,1.971630,1.4520465,2.322033,2.187784,2.283426,1.844604,2.307813,1.908923,2.219156,0.0000000,0.000000,2.011345,0.000000,0.000000,0.000000,0.000000,0.000000,2.359596,1.910355,0.000000,0.0000000,0.0000000,0.000000,0.000000,2.264026,0.0000000,1.699411,1.5784819,0.000000,0.000000,1.9988912,2.181974,1.932586,0.0000000,1.8013738,2.210641,1.391509,1.887094,1.419186,1.919099,2.188467,0.000000,1.847360,1.8779324,2.085728,1.838130,0.0000000,2.444427,1.883574,0.0000000
0.000000,1.834891,2.0101974,0.000000,2.0361389,0.000000,0.0000000,1.936939,2.161440,0.000000,2.1435122,2.1550005,2.162865,2.445467,2.276799,2.419391,2.149384,2.3945192,1.861036,1.944772,1.9807528,2.296761,2.037115,2.245831,2.183761,2.308189,1.935931,2.184954,0.0000000,1.893517,0.000000,0.000000,0.000000,0.000000,1.730850,0.000000,2.420168,1.984336,1.697581,2.1193418,1.9434467,0.000000,0.000000,2.239606,1.8225488,2.049288,1.7958190,0.000000,0.000000,2.2236663,2.035280,0.000000,0.0000000,0.0000000,2.105885,2.090903,2.158732,2.231353,2.009293,2.154490,1.509918,0.000000,2.1939135,2.199153,1.738479,0.0000000,2.400643,1.619121,0.0000000
0.000000,1.791644,0.0000000,0.000000,2.0175645,0.000000,1.9736012,0.000000,0.000000,0.000000,0.0000000,1.8569271,2.214778,2.495965,2.295942,2.420603,2.173474,2.4238124,1.827139,0.000000,0.0000000,2.307241,2.157694,2.151264,0.000000,2.327622,1.889310,2.237116,0.0000000,1.739831,1.709546,0.000000,2.206340,2.079962,0.000000,0.000000,2.303964,0.000000,0.000000,0.0000000,2.0713215,1.890418,0.000000,2.258911,1.9576453,2.062446,0.0000000,0.000000,0.000000,1.9505710,0.000000,2.152729,0.0000000,0.0000000,1.754019,2.216176,0.000000,2.250876,2.054798,2.032666,0.000000,0.000000,2.2274826,2.097298,0.000000,0.0000000,2.503218,2.053127,1.3115822
0.000000,2.243737,2.2598690,2.133950,2.0404495,0.000000,2.1197539,2.095911,1.924184,0.000000,1.9092164,2.1480068,2.155226,2.477738,2.260712,2.395066,2.080957,2.4110270,1.902970,1.917797,0.0000000,2.252471,2.176785,2.201710,2.037646,2.308923,1.731630,2.161949,0.0000000,1.709272,1.917545,0.000000,0.000000,0.000000,1.606190,1.488278,2.353282,1.927021,2.168870,0.0000000,1.8536423,1.850438,0.000000,2.260143,1.7171641,1.811224,1.8921276,2.149537,1.870449,2.1380227,2.185523,2.152873,0.0000000,0.0000000,2.249332,2.287404,2.353019,0.000000,2.014849,2.205228,2.147004,0.000000,2.3892197,2.142345,1.990578,0.0000000,2.448212,0.000000,0.0000000
0.000000,2.007733,1.6204973,0.000000,1.4736697,0.000000,0.0000000,1.858824,0.000000,0.000000,1.8699587,2.0761101,2.174940,2.485417,2.306609,2.395532,2.114985,2.4451431,1.991735,2.007746,2.0138739,2.309896,2.233348,2.240066,1.961746,2.339365,1.887653,2.225024,0.0000000,0.000000,1.994013,0.000000,0.000000,1.908325,0.000000,0.000000,2.254305,1.726797,0.000000,0.0000000,0.0000000,0.000000,0.000000,1.790300,0.0000000,1.762150,1.8594187,0.000000,1.657996,1.9459743,1.509983,0.000000,2.0576168,1.8163186,2.061686,0.000000,1.901443,1.803478,1.885028,2.028482,0.000000,0.000000,1.9544598,2.161080,1.749959,0.0000000,2.369017,0.000000,0.0000000
0.000000,1.918832,1.5917673,0.000000,1.7248446,0.000000,0.0000000,2.081875,1.946772,0.000000,0.0000000,2.0896740,2.162038,2.422437,2.264474,2.420079,2.085165,2.3952900,1.773889,1.956004,1.9329005,2.236654,2.114304,2.259564,2.078080,2.270978,0.000000,2.222173,0.0000000,1.582569,1.689882,0.000000,0.000000,0.000000,1.435738,0.000000,2.303182,1.951367,0.000000,0.0000000,0.0000000,0.000000,1.892295,2.238525,0.0000000,1.750377,1.6872133,0.000000,1.619363,2.1364136,0.000000,1.964151,2.0905713,1.6701714,1.907939,1.557693,1.766682,0.000000,1.748802,2.133220,0.000000,1.567206,1.8451563,2.096054,1.835780,1.3963010,2.424932,0.000000,1.9034700
0.000000,1.950359,1.8137947,0.000000,0.0000000,0.000000,0.0000000,1.976758,1.920912,0.000000,1.7873309,2.1369953,2.125847,2.478144,2.264741,2.415237,2.109451,2.3875024,1.849669,1.930213,0.0000000,2.172465,2.041123,2.258236,1.953351,2.285064,1.585803,2.185628,0.0000000,0.000000,1.713125,0.000000,0.000000,0.000000,1.696903,0.000000,2.379747,1.869050,0.000000,2.0984633,2.1381738,0.000000,0.000000,2.166563,0.0000000,2.027332,1.9202409,0.000000,0.000000,1.8352289,0.000000,1.906349,2.1453876,0.0000000,2.133833,1.912608,0.000000,2.012237,1.952769,2.154348,0.000000,1.850335,1.9286027,2.051557,1.646784,0.0000000,2.466550,1.964553,0.0000000
0.000000,1.822990,1.8064560,0.000000,0.0000000,0.000000,0.0000000,1.878758,1.603441,0.000000,0.0000000,2.1546689,2.197089,2.473959,2.228921,2.417227,0.000000,2.4284481,1.955883,1.949265,0.0000000,2.270605,2.130781,2.262199,0.000000,2.251356,1.899735,2.156347,0.0000000,0.000000,1.958854,0.000000,1.805256,1.628490,1.440042,0.000000,2.252752,0.000000,1.842448,0.0000000,0.0000000,0.000000,0.000000,0.000000,1.5670184,0.000000,1.6059281,0.000000,0.000000,2.1232317,0.000000,1.982601,2.0681294,0.0000000,2.260871,1.580233,1.625659,1.534761,0.000000,1.885022,0.000000,1.968737,2.0617723,1.902732,1.802856,1.7759338,2.427268,1.883108,1.7464139
0.000000,0.000000,1.6046136,0.000000,0.0000000,0.000000,0.0000000,0.000000,1.959887,0.000000,0.0000000,2.0114673,2.256581,2.451912,2.167883,2.530605,1.654753,2.4074939,1.898990,1.655002,1.9643368,2.307850,2.062741,2.288503,0.000000,2.278397,1.892494,2.201124,0.0000000,0.000000,1.648005,0.000000,0.000000,0.000000,1.627738,0.000000,2.436376,1.803788,0.000000,1.8615125,0.0000000,0.000000,0.000000,2.180044,1.5295954,0.000000,0.0000000,0.000000,0.000000,0.0000000,2.148948,1.963042,2.0880725,0.0000000,2.398788,0.000000,0.000000,1.990179,1.563933,2.030198,1.732407,0.000000,1.7471633,1.981075,1.880259,0.0000000,2.511985,0.000000,0.0000000
0.000000,0.000000,1.8987345,0.000000,1.7991203,0.000000,0.0000000,0.000000,0.000000,0.000000,0.0000000,2.0699858,2.202124,2.489762,2.221213,2.440076,0.000000,2.4374378,1.926728,1.974820,0.0000000,2.291611,2.090604,2.231963,1.804827,2.306879,1.878919,2.134220,0.0000000,0.000000,1.782310,0.000000,0.000000,0.000000,1.665126,0.000000,2.325687,1.718757,0.000000,0.0000000,1.7605149,0.000000,0.000000,2.019162,1.7562451,0.000000,0.0000000,0.000000,0.000000,2.0910731,0.000000,2.373398,0.0000000,0.0000000,2.239026,0.000000,1.808107,2.032734,0.000000,2.077792,1.905874,1.617733,2.0368318,2.017615,0.000000,1.6919799,2.525568,1.910182,0.0000000
2.069026,0.000000,1.5230116,0.000000,0.0000000,0.000000,0.0000000,1.678708,0.000000,0.000000,0.0000000,1.9579639,2.244616,2.401918,2.179891,2.411221,2.093335,2.3538952,1.953357,0.000000,1.9347406,2.158096,2.062872,2.336444,1.769343,2.243057,1.863494,2.155477,0.0000000,0.000000,1.799992,1.661628,0.000000,1.612817,0.000000,0.000000,2.361023,1.912511,0.000000,0.0000000,0.0000000,0.000000,0.000000,2.225798,0.0000000,1.723207,0.0000000,0.000000,1.796744,1.8320462,2.205494,1.679257,0.0000000,1.8078163,2.160774,0.000000,0.000000,0.000000,0.000000,1.656767,0.000000,0.000000,1.9110283,1.967895,0.000000,0.0000000,2.460793,0.000000,0.0000000
0.000000,1.903292,1.7959717,0.000000,1.9938889,0.000000,0.0000000,1.868291,1.919641,0.000000,0.0000000,2.0975309,2.112049,2.426152,2.212509,2.441286,0.000000,2.3504253,1.792941,1.854639,0.0000000,2.156398,1.938504,2.224498,1.727443,2.219218,1.833772,0.000000,0.0000000,1.528427,1.777095,0.000000,0.000000,0.000000,0.000000,0.000000,2.374723,1.880330,0.000000,2.0722639,1.9507449,1.507102,0.000000,2.181691,0.0000000,1.661281,1.6868737,0.000000,1.762026,1.9119711,0.000000,2.311205,0.0000000,0.0000000,2.302910,0.000000,1.746353,1.996270,0.000000,2.130612,1.884509,0.000000,1.9252060,1.987291,0.000000,1.8711012,2.571253,0.000000,1.9803064
0.000000,1.745707,1.8066179,0.000000,0.0000000,0.000000,0.0000000,1.964120,0.000000,0.000000,1.6729201,2.1251139,2.176596,2.468699,2.231157,2.426494,1.583341,2.3869628,1.862460,2.061047,1.8652948,2.228668,2.096573,2.258141,0.000000,2.276331,1.918335,2.186689,0.0000000,0.000000,0.000000,0.000000,0.000000,1.584279,0.000000,0.000000,2.269919,1.548416,0.000000,0.0000000,0.0000000,0.000000,0.000000,2.054160,0.0000000,1.403507,0.0000000,0.000000,0.000000,2.0805967,1.802054,1.673316,0.0000000,0.0000000,2.253813,2.031781,1.884988,1.667912,1.855152,1.792986,1.598548,0.000000,2.1380618,2.019207,0.000000,0.0000000,2.516307,1.801311,1.7271987
0.000000,2.062369,1.7822378,0.000000,0.0000000,0.000000,0.0000000,2.015197,1.924671,0.000000,0.0000000,2.1218145,2.160681,2.425203,2.215075,2.378476,0.000000,2.3657708,1.866733,1.923064,0.0000000,2.180943,1.976050,2.223845,0.000000,2.251588,1.450531,2.179932,0.0000000,0.000000,1.665983,1.765151,1.496714,0.000000,1.287963,0.000000,2.319753,1.841256,0.000000,2.0636531,2.1612969,1.545354,1.503368,2.204122,1.4539023,1.652488,0.0000000,0.000000,0.000000,2.0940878,0.000000,1.908966,0.0000000,1.7771198,2.125512,1.893458,1.990904,0.000000,0.000000,2.171294,0.000000,1.907441,2.1802661,2.063145,0.000000,0.0000000,2.431958,1.811518,1.7619846
0.000000,1.826017,1.6725729,0.000000,0.0000000,0.000000,0.0000000,1.918326,2.038212,0.000000,0.0000000,2.1773653,2.193782,2.461595,2.214141,2.410533,1.947400,2.4098453,1.958301,1.917801,0.0000000,2.277684,2.212195,2.293899,0.000000,2.297029,1.772406,2.203638,0.0000000,0.000000,1.808985,0.000000,0.000000,0.000000,0.000000,0.000000,2.351307,0.000000,0.000000,0.0000000,0.0000000,0.000000,0.000000,2.207279,0.0000000,0.000000,0.0000000,0.000000,1.694741,1.9663289,2.298936,1.699411,0.0000000,0.0000000,2.263666,1.849980,1.848277,0.000000,1.676375,2.218123,0.000000,0.000000,2.0346998,1.930550,1.733146,0.0000000,2.429058,0.000000,0.0000000
0.000000,1.886448,1.7436595,0.000000,0.0000000,0.000000,0.0000000,1.880754,1.984987,1.665464,0.0000000,2.1663001,2.196456,2.446768,2.224055,2.402667,0.000000,2.4190017,1.935015,1.964441,0.0000000,2.297315,2.135139,2.277526,1.975379,2.316554,2.090761,2.179285,0.0000000,1.607603,1.971627,0.000000,0.000000,0.000000,1.613533,0.000000,2.324131,0.000000,0.000000,0.0000000,0.0000000,0.000000,0.000000,2.228194,1.4916127,1.579447,1.7357044,0.000000,0.000000,1.8229364,2.151572,1.801059,2.0966598,0.0000000,2.326356,0.000000,0.000000,0.000000,0.000000,2.104981,0.000000,1.831633,1.9899982,2.092392,1.724845,0.0000000,2.386635,0.000000,1.6400828
0.000000,1.782705,1.8552449,0.000000,0.0000000,0.000000,0.0000000,0.000000,0.000000,0.000000,1.7356055,1.9397970,2.209021,2.434713,2.195999,2.432919,2.016955,2.3854865,1.842511,1.952245,2.0014362,2.260855,2.100436,2.242089,1.930334,2.137278,1.873046,2.086309,1.4469159,0.000000,1.796015,1.613462,1.965591,0.000000,1.559127,0.000000,2.353842,1.782705,0.000000,1.8835226,1.6156992,0.000000,1.678661,1.554487,0.0000000,0.000000,1.4091329,0.000000,1.620360,2.1257869,2.187229,1.968112,2.1047705,1.6141397,2.127920,1.750362,0.000000,1.673588,1.740455,1.835303,0.000000,0.000000,2.0343729,2.002554,0.000000,0.0000000,2.410685,0.000000,0.0000000
0.000000,0.000000,1.6316268,0.000000,0.0000000,0.000000,0.0000000,1.930610,2.079818,0.000000,0.0000000,2.1118920,2.165589,2.450035,2.221414,2.410707,0.000000,2.3981266,1.988416,1.749719,0.0000000,2.241655,1.971299,2.254631,1.851268,2.276622,0.000000,2.168125,0.0000000,1.739269,1.713412,0.000000,0.000000,0.000000,0.000000,0.000000,2.275652,0.000000,0.000000,0.0000000,0.0000000,0.000000,0.000000,1.956382,0.0000000,0.000000,0.0000000,0.000000,0.000000,2.0773017,0.000000,0.000000,0.0000000,1.7068003,2.327100,0.000000,0.000000,0.000000,0.000000,2.066635,0.000000,0.000000,1.8951282,2.039038,0.000000,0.0000000,2.532848,0.000000,0.0000000
0.000000,1.548521,1.8128303,0.000000,0.0000000,0.000000,0.0000000,1.729705,1.977847,2.008751,0.0000000,0.0000000,2.207822,2.441434,2.203058,2.412435,0.000000,2.3999379,1.753069,1.994828,1.9448223,2.220302,2.110316,2.247813,0.000000,2.286612,1.802430,0.000000,0.0000000,0.000000,1.912599,0.000000,0.000000,0.000000,1.525353,0.000000,2.344891,1.826430,0.000000,0.0000000,0.0000000,1.461824,1.720917,2.209940,1.5822249,1.645906,1.5976855,0.000000,1.736869,2.1347249,2.221228,1.758579,0.0000000,1.4802029,2.305584,1.606264,0.000000,1.602068,1.798800,2.106587,0.000000,1.654057,1.9495469,2.082243,1.685805,0.0000000,2.513280,0.000000,0.0000000
0.000000,1.914091,1.6400524,0.000000,0.0000000,0.000000,0.0000000,1.907508,1.911066,0.000000,0.0000000,2.1188544,2.103671,2.478507,2.295198,2.363629,0.000000,2.3959200,1.833104,1.937645,2.0839893,2.185260,2.007740,2.171792,1.910636,2.177172,1.835204,2.025473,2.2335350,0.000000,2.108034,0.000000,0.000000,0.000000,1.632075,0.000000,2.409368,1.732205,1.889525,0.0000000,0.0000000,1.499212,0.000000,2.185377,1.5840234,0.000000,1.5680970,0.000000,1.645495,1.6380635,2.063636,2.103358,0.0000000,0.0000000,2.311162,0.000000,1.732171,1.351385,0.000000,2.179321,0.000000,1.784488,2.0515025,2.023872,0.000000,0.0000000,2.320603,2.097785,1.8988779
0.000000,1.470878,1.8035713,0.000000,0.0000000,0.000000,1.7654340,1.751033,2.053044,0.000000,0.0000000,2.1278990,2.154303,2.476509,2.261456,2.418116,0.000000,2.3023457,1.695193,1.995500,1.7939955,2.176942,1.969679,2.295967,1.953361,2.089950,1.938436,1.995578,0.0000000,0.000000,1.916262,0.000000,0.000000,0.000000,1.670272,0.000000,2.423519,0.000000,1.704956,0.0000000,0.0000000,0.000000,0.000000,2.210216,1.3732386,0.000000,0.0000000,0.000000,0.000000,1.8948064,2.085129,2.117521,0.0000000,0.0000000,2.299608,0.000000,1.858443,1.818751,0.000000,2.198386,0.000000,0.000000,2.1644176,2.035853,0.000000,0.0000000,2.568110,1.776946,1.8679095
0.000000,1.848576,1.7133357,0.000000,0.0000000,0.000000,0.0000000,1.794855,1.962048,0.000000,0.0000000,2.0763835,2.187617,2.453288,2.239687,2.393244,0.000000,2.3883652,1.784713,1.904003,0.0000000,2.255242,2.031647,2.248475,1.860107,2.186025,1.911196,2.117099,0.0000000,1.546627,1.559077,0.000000,0.000000,0.000000,1.566264,0.000000,2.388958,0.000000,0.000000,0.0000000,0.0000000,0.000000,0.000000,2.199836,1.4402312,0.000000,1.7020850,0.000000,0.000000,2.0284976,2.004706,2.061501,0.0000000,0.0000000,2.268714,0.000000,1.890189,1.628849,0.000000,2.117382,0.000000,0.000000,2.0512479,2.005774,0.000000,0.0000000,2.193332,1.816111,1.9853549
0.000000,1.825381,1.7010127,0.000000,0.0000000,0.000000,1.4275381,1.838509,1.955739,0.000000,0.0000000,2.0984259,2.161697,2.448466,2.232608,2.418630,0.000000,2.3859480,1.761210,1.937205,1.7535962,2.251181,2.063641,2.237936,1.857865,2.188627,1.881720,2.108825,1.5997553,0.000000,1.564793,0.000000,0.000000,0.000000,1.636019,0.000000,2.407797,1.707972,0.000000,0.0000000,1.5447666,1.424691,0.000000,2.191642,0.0000000,0.000000,1.6507321,0.000000,0.000000,1.7863429,2.087833,2.083152,0.0000000,0.0000000,2.287293,0.000000,1.845340,1.750407,0.000000,2.178073,0.000000,0.000000,2.0993002,1.978938,1.700640,0.0000000,2.317810,1.732508,2.0024316
0.000000,1.795239,1.7099956,0.000000,0.0000000,0.000000,0.0000000,1.872153,1.978011,0.000000,0.0000000,2.1414506,2.196369,2.452869,2.224722,2.402592,0.000000,2.0281974,0.000000,1.940391,1.7444384,0.000000,1.962671,2.248350,1.900880,2.085244,1.853181,0.000000,0.0000000,0.000000,0.000000,0.000000,0.000000,0.000000,1.727755,0.000000,2.422002,1.697157,1.878896,0.0000000,0.0000000,1.630792,0.000000,2.166220,1.1731515,0.000000,1.6503331,0.000000,0.000000,1.7598445,2.109017,2.119103,0.0000000,0.0000000,2.284368,0.000000,1.864918,1.746598,0.000000,2.189117,0.000000,1.953960,2.1258100,1.983112,0.000000,0.0000000,2.542799,1.735193,1.9593541
0.000000,1.883084,1.5504460,0.000000,0.0000000,0.000000,0.0000000,1.934330,1.985798,0.000000,0.0000000,2.1089956,2.216591,2.449421,2.180837,2.407570,1.479053,2.4036537,0.000000,1.822413,1.9283994,2.284297,2.086180,2.122159,1.953043,2.239334,1.679921,2.149396,0.0000000,0.000000,1.603327,0.000000,0.000000,0.000000,1.630728,0.000000,2.416480,1.837102,0.000000,0.0000000,0.0000000,1.639076,0.000000,2.074113,0.0000000,0.000000,0.0000000,0.000000,1.506904,1.8033127,0.000000,2.096982,0.0000000,0.0000000,2.257291,0.000000,1.906257,1.464087,0.000000,2.171552,0.000000,1.874045,2.1041678,1.933676,1.733330,0.0000000,2.316672,0.000000,2.0080841
0.000000,1.861824,1.7063413,0.000000,0.0000000,0.000000,1.6414152,1.845783,1.940620,0.000000,0.0000000,2.0936267,2.182655,2.445990,2.236106,2.428558,0.000000,2.3612214,1.815637,1.937141,1.8090941,2.247160,2.062566,2.228981,1.885454,2.219695,1.907465,2.116399,1.6262224,0.000000,1.637539,0.000000,0.000000,0.000000,1.668040,0.000000,2.407507,1.718610,0.000000,0.0000000,0.0000000,0.000000,0.000000,2.191292,0.0000000,0.000000,1.6530217,0.000000,0.000000,1.8314549,2.092856,2.060486,0.0000000,0.0000000,2.297053,0.000000,1.898801,1.773685,0.000000,2.176011,1.378224,1.950373,2.1288214,2.008481,0.000000,0.0000000,2.185666,1.858921,1.9887636
0.000000,1.801835,1.7088592,0.000000,0.0000000,0.000000,0.0000000,1.871360,1.903039,0.000000,0.0000000,2.1169168,2.157328,2.444546,2.226923,2.401245,1.629499,2.3674547,1.712474,1.964572,1.7468731,2.224629,2.024498,2.226295,1.917633,2.219183,1.909471,2.120637,0.0000000,0.000000,1.556047,0.000000,0.000000,0.000000,1.693486,0.000000,2.400593,0.000000,1.650618,0.0000000,0.0000000,1.664030,0.000000,2.191533,0.0000000,0.000000,1.6054410,0.000000,0.000000,1.8503569,2.068446,2.071390,0.0000000,0.0000000,2.315950,0.000000,1.786890,1.765663,0.000000,2.183070,0.000000,1.975114,2.1230118,2.003443,0.000000,0.0000000,2.543711,1.813342,1.8559826
0.000000,1.797695,1.6951500,0.000000,0.0000000,0.000000,0.0000000,1.822936,1.940734,0.000000,0.0000000,2.0887400,2.150189,2.445244,2.230863,2.411792,0.000000,2.0642109,0.000000,1.930366,1.7147424,0.000000,1.955178,2.213122,1.879300,2.087284,1.897068,0.000000,0.0000000,1.654669,0.000000,0.000000,0.000000,0.000000,1.703354,0.000000,2.381899,1.563214,0.000000,0.0000000,0.0000000,1.576267,0.000000,2.200258,0.0000000,0.000000,1.6591346,0.000000,0.000000,1.7700102,2.097022,1.996321,2.0368135,0.0000000,2.309409,0.000000,1.757772,1.674375,0.000000,2.164408,0.000000,1.862264,2.0733996,2.018581,0.000000,0.0000000,2.553461,1.794084,1.8234934
0.000000,1.602908,1.6627672,0.000000,0.0000000,0.000000,0.0000000,0.000000,1.932932,0.000000,0.0000000,2.0546569,2.210745,2.544138,2.197319,2.430615,1.486956,2.2801940,0.000000,1.941789,2.0600035,2.120710,1.876568,2.247088,1.884925,2.118469,1.804734,0.000000,0.0000000,0.000000,0.000000,0.000000,0.000000,0.000000,1.931828,0.000000,2.547374,1.713183,0.000000,0.0000000,0.0000000,1.943577,0.000000,2.215445,0.0000000,0.000000,0.0000000,0.000000,1.442018,1.8976434,2.273559,2.296919,0.0000000,0.0000000,2.273308,0.000000,1.881457,2.027206,0.000000,2.247593,0.000000,1.909051,2.3044770,2.042411,0.000000,0.0000000,2.543688,0.000000,1.7136981
0.000000,1.942435,1.6662672,0.000000,0.0000000,0.000000,0.0000000,1.846437,0.000000,0.000000,0.0000000,2.0967436,2.212453,2.442011,2.223856,2.394508,1.502287,2.4146439,0.000000,1.936661,1.6731923,2.294266,2.110428,2.221555,1.915499,2.235670,1.891831,2.169692,0.0000000,0.000000,1.668982,0.000000,1.326599,0.000000,1.629856,0.000000,2.384483,1.596265,1.878310,0.0000000,0.0000000,1.529654,0.000000,0.000000,1.5562976,0.000000,1.5436944,0.000000,0.000000,1.8421981,2.044584,2.061405,2.0338032,0.0000000,2.281024,0.000000,1.859646,1.414062,0.000000,2.139481,0.000000,1.815751,2.0721228,1.986747,0.000000,0.0000000,2.290737,1.842135,2.0341420
0.000000,1.812908,1.6793280,0.000000,0.0000000,0.000000,2.1435771,1.876429,1.850143,0.000000,0.0000000,2.0343356,2.134724,2.618876,2.190357,2.433591,1.671126,2.3373050,1.747833,1.933351,1.7729830,2.221870,2.035851,2.370933,1.886443,2.160240,1.790662,1.997283,0.0000000,0.000000,1.498036,0.000000,0.000000,0.000000,1.533512,0.000000,2.609383,0.000000,0.000000,0.0000000,0.0000000,0.000000,0.000000,2.182630,0.0000000,0.000000,0.0000000,0.000000,1.722129,1.8354840,0.000000,2.402802,0.0000000,0.0000000,2.283703,0.000000,1.815827,2.149959,0.000000,2.419128,0.000000,0.000000,2.4069158,1.983146,0.000000,0.0000000,2.493062,0.000000,0.0000000
0.000000,1.791058,1.6212495,0.000000,0.0000000,0.000000,0.0000000,1.890325,1.942526,0.000000,0.0000000,2.0989026,2.169693,2.458252,2.197091,2.400047,0.000000,2.3191443,1.967215,1.976788,1.7850660,2.287944,2.140390,2.221801,1.950735,2.172293,1.915332,1.984915,0.0000000,1.367991,1.343089,0.000000,0.000000,0.000000,1.754267,0.000000,2.372048,1.574790,1.589844,0.0000000,0.0000000,1.622744,0.000000,2.218036,1.2538743,0.000000,1.6585120,0.000000,0.000000,1.8704042,0.000000,2.002963,2.1155426,0.0000000,2.270423,0.000000,1.799706,1.646580,0.000000,2.135379,0.000000,1.965334,2.0377811,2.047290,0.000000,0.0000000,2.552599,1.868607,1.8562511
0.000000,1.816968,1.6903481,0.000000,0.0000000,0.000000,1.4546045,0.000000,1.932207,0.000000,0.0000000,2.0825578,2.176912,2.438862,2.216868,2.422616,0.000000,2.3949743,1.408355,1.926699,1.7911482,2.255883,2.065655,2.212783,1.900587,2.220662,1.914605,2.131136,0.0000000,0.000000,1.692637,0.000000,1.224224,0.000000,1.663452,0.000000,2.393196,1.524336,1.711626,0.0000000,0.0000000,1.482179,0.000000,2.196420,0.0000000,0.000000,1.6063764,0.000000,0.000000,1.9005615,2.090324,2.112000,0.0000000,0.0000000,2.274502,0.000000,1.834750,1.732827,0.000000,2.169191,0.000000,1.988571,2.1033611,2.024080,1.514030,0.0000000,2.318782,1.814303,1.7741172
0.000000,1.788243,1.7052580,0.000000,0.0000000,0.000000,0.0000000,1.801887,1.940527,0.000000,0.0000000,2.0570421,2.172009,2.431305,2.181679,2.390706,0.000000,0.0000000,0.000000,1.936417,1.7354076,0.000000,1.909405,2.214703,1.897068,2.066169,1.825637,0.000000,1.5796222,1.661601,1.371772,0.000000,0.000000,0.000000,1.615028,0.000000,2.312668,1.871637,0.000000,0.0000000,0.0000000,1.462666,0.000000,2.165803,0.0000000,0.000000,1.6087105,0.000000,0.000000,1.7712455,1.962743,1.982362,2.1330811,0.0000000,2.277337,0.000000,1.782980,1.402477,0.000000,2.052999,0.000000,1.941180,1.8920683,1.977330,1.654836,0.0000000,2.295985,1.826955,1.8223139
0.000000,1.788128,1.7607238,0.000000,0.0000000,0.000000,0.0000000,1.639443,1.992541,0.000000,0.0000000,1.7004529,2.236539,2.458931,2.242200,2.450666,0.000000,2.4318466,1.904626,0.000000,0.0000000,2.299591,2.126482,2.162745,1.800743,2.270482,1.954361,2.177621,1.7966136,0.000000,1.842081,0.000000,0.000000,0.000000,1.777604,0.000000,2.445465,1.819020,1.678613,0.0000000,0.0000000,0.000000,0.000000,2.209627,0.0000000,0.000000,1.5717966,0.000000,0.000000,1.9556312,0.000000,2.174506,0.0000000,0.0000000,2.045781,0.000000,0.000000,1.794194,0.000000,2.218313,0.000000,1.931966,2.2013216,2.040001,1.633125,0.0000000,2.313879,1.899159,0.0000000
0.000000,1.718166,1.6849809,0.000000,0.0000000,0.000000,0.0000000,1.718425,1.937747,0.000000,0.0000000,2.0558529,2.184387,2.428738,2.188959,2.413815,0.000000,2.3680462,1.533113,1.919854,1.7392209,2.267745,2.071980,2.218077,1.895517,2.255594,1.911364,2.144470,0.0000000,0.000000,1.786203,0.000000,0.000000,0.000000,1.665672,0.000000,2.373864,1.675354,1.668550,0.0000000,0.0000000,1.478128,0.000000,2.186549,0.0000000,0.000000,1.5933067,0.000000,0.000000,1.8825926,0.000000,2.054920,2.0042069,0.0000000,2.289614,0.000000,1.824903,1.677004,0.000000,2.172005,0.000000,1.974871,2.0695918,2.005482,0.000000,0.0000000,2.170504,1.866104,1.8034990
0.000000,1.787539,1.7281197,0.000000,0.0000000,0.000000,0.0000000,1.844627,1.859508,0.000000,0.0000000,2.0776498,2.187097,2.430231,2.196955,2.412417,0.000000,2.3363835,1.774675,1.933668,1.7345468,2.228635,2.042931,2.214299,1.892128,2.200774,1.872616,2.108525,0.0000000,1.521068,1.622811,0.000000,0.000000,0.000000,1.728137,0.000000,2.395873,1.750720,0.000000,0.0000000,0.0000000,1.525174,0.000000,2.179903,0.0000000,0.000000,1.5101779,0.000000,1.702925,1.8863018,0.000000,2.110659,2.1210592,0.0000000,2.296995,1.485551,1.841853,1.827645,0.000000,2.160732,0.000000,0.000000,2.1104553,1.988165,1.523434,0.0000000,2.311085,0.000000,1.8298971
1.491253,2.016592,1.8316749,0.000000,2.0112980,0.000000,0.0000000,2.074457,2.118315,0.000000,1.9018088,2.1548730,2.052164,2.511019,2.279806,2.386655,1.824423,2.3256772,1.872828,2.072141,1.4964340,2.249455,2.060944,2.219601,1.883136,2.163919,1.923251,2.025903,0.0000000,1.615558,1.661574,0.000000,0.000000,0.000000,1.737016,0.000000,2.483498,1.914355,1.921002,1.9681856,2.0278588,1.911243,0.000000,2.170898,2.0619790,1.970547,0.0000000,0.000000,0.000000,1.9970226,2.156210,0.000000,0.0000000,0.0000000,2.123574,2.279686,2.080707,1.942140,2.001744,2.229933,1.709859,0.000000,2.0971015,2.050914,1.764216,1.8514658,2.361581,2.176292,0.0000000
0.000000,1.657123,0.0000000,0.000000,0.0000000,0.000000,0.0000000,0.000000,1.928858,0.000000,0.0000000,2.1386115,2.220849,2.445558,2.143992,2.448653,2.012601,2.3625322,0.000000,0.000000,1.9175136,2.138661,1.879692,2.228845,0.000000,2.210426,1.759592,2.180390,0.0000000,0.000000,1.866216,0.000000,0.000000,0.000000,0.000000,0.000000,2.443025,1.889948,0.000000,0.0000000,0.0000000,0.000000,0.000000,2.193959,0.0000000,1.930378,0.0000000,0.000000,0.000000,2.0824958,2.192179,0.000000,2.0387553,1.5429939,2.262237,2.191642,1.896533,0.000000,0.000000,2.081905,0.000000,0.000000,2.2334659,1.907062,0.000000,0.0000000,2.460723,1.713698,1.6911441
0.000000,1.952390,0.0000000,0.000000,0.0000000,0.000000,0.0000000,1.887329,2.042916,1.980451,0.0000000,2.0321982,2.294006,2.467362,2.323384,2.430230,0.000000,2.3752978,0.000000,1.882285,0.0000000,2.165732,0.000000,2.261993,1.803074,2.161840,0.000000,0.000000,0.0000000,0.000000,2.072034,0.000000,2.164026,0.000000,0.000000,0.000000,2.472136,0.000000,0.000000,0.0000000,0.0000000,0.000000,0.000000,2.171651,0.0000000,0.000000,0.0000000,0.000000,0.000000,0.0000000,0.000000,0.000000,0.0000000,0.0000000,2.416619,0.000000,0.000000,1.930133,0.000000,2.245939,0.000000,0.000000,1.8897009,2.240416,0.000000,0.0000000,2.547985,0.000000,1.7216960
0.000000,0.000000,0.0000000,0.000000,0.0000000,0.000000,0.0000000,0.000000,2.074370,2.011877,0.0000000,1.9851312,2.164993,2.501048,2.292472,2.491895,1.867644,2.4552712,0.000000,1.880766,0.0000000,2.254628,1.973290,2.319900,0.000000,2.210089,0.000000,2.198192,0.0000000,0.000000,2.100265,0.000000,2.055368,0.000000,0.000000,0.000000,2.406229,0.000000,0.000000,0.0000000,0.0000000,0.000000,0.000000,2.220998,0.0000000,2.022419,0.0000000,0.000000,0.000000,0.0000000,2.311361,0.000000,0.0000000,0.0000000,2.418681,0.000000,0.000000,1.987117,0.000000,2.166265,0.000000,0.000000,2.0101077,2.183976,1.656162,0.0000000,2.563470,0.000000,0.0000000
0.000000,0.000000,0.0000000,0.000000,0.0000000,0.000000,0.0000000,1.866752,0.000000,0.000000,0.0000000,2.2127536,2.242325,2.487377,2.236643,2.492956,1.685987,2.3288414,1.958940,1.867143,0.0000000,2.264384,2.161066,2.324293,1.985234,2.179959,1.857460,1.853491,0.0000000,0.000000,1.960518,0.000000,0.000000,0.000000,1.971802,0.000000,2.413069,1.940926,0.000000,0.0000000,0.0000000,0.000000,0.000000,1.662424,0.0000000,1.848389,0.0000000,0.000000,0.000000,1.9716731,2.215290,2.054234,0.0000000,0.0000000,2.306077,0.000000,0.000000,1.758226,0.000000,2.154515,0.000000,1.850209,2.0198679,2.025464,0.000000,0.0000000,2.482858,0.000000,1.6602116
0.000000,0.000000,0.0000000,0.000000,0.0000000,0.000000,0.0000000,1.890920,0.000000,0.000000,0.0000000,2.1532519,2.182990,2.476153,2.326683,2.431471,2.003525,2.5036544,2.088106,1.766722,1.6153814,2.339184,2.167448,2.172452,2.100543,2.352531,0.000000,2.202294,0.0000000,0.000000,1.893794,0.000000,0.000000,0.000000,1.610795,0.000000,2.262530,0.000000,1.838452,0.0000000,0.0000000,1.576490,0.000000,0.000000,0.0000000,0.000000,0.0000000,0.000000,0.000000,1.8763863,2.130918,1.873525,0.0000000,0.0000000,2.095714,0.000000,0.000000,0.000000,0.000000,1.908287,0.000000,1.777368,2.1324109,2.057188,0.000000,0.0000000,2.233593,0.000000,0.0000000
0.000000,1.740949,0.0000000,0.000000,1.3756153,0.000000,0.0000000,0.000000,1.649819,0.000000,2.0153249,2.1826526,2.220575,2.464496,2.275785,2.432021,2.062838,2.4890585,1.982630,1.890953,0.0000000,2.328022,2.176523,2.241975,2.133733,2.338358,1.835599,2.251394,0.0000000,0.000000,2.140595,0.000000,0.000000,0.000000,0.000000,0.000000,2.300515,1.327596,0.000000,0.0000000,0.0000000,1.606302,0.000000,2.223003,0.0000000,0.000000,0.0000000,0.000000,1.355918,1.9329476,0.000000,2.170527,0.0000000,0.0000000,2.151222,1.900177,1.605441,1.563502,0.000000,2.158411,0.000000,0.000000,2.1832655,2.135204,0.000000,0.0000000,2.478526,0.000000,1.6348612
0.000000,1.733865,0.0000000,0.000000,0.0000000,0.000000,0.0000000,2.081954,2.067441,0.000000,0.0000000,2.1053725,2.031897,2.483753,2.267604,2.427447,1.782274,2.3519803,1.986891,1.841421,0.0000000,2.220204,2.069279,2.275214,0.000000,2.186850,0.000000,2.203464,0.0000000,0.000000,2.082540,0.000000,0.000000,0.000000,0.000000,0.000000,2.372446,0.000000,0.000000,0.0000000,0.0000000,0.000000,0.000000,2.207155,0.0000000,0.000000,0.0000000,0.000000,0.000000,1.8792527,2.021921,1.761210,2.0748819,0.0000000,2.271230,0.000000,0.000000,0.000000,0.000000,2.206361,0.000000,0.000000,0.0000000,2.128957,0.000000,0.0000000,2.297998,0.000000,0.0000000
0.000000,0.000000,0.0000000,0.000000,0.0000000,0.000000,0.0000000,2.001501,2.075709,0.000000,0.0000000,1.9802073,2.160977,2.486518,2.226872,2.387200,0.000000,2.4276511,1.867345,1.808367,0.0000000,2.261282,1.938950,2.199985,0.000000,2.219370,0.000000,2.169363,0.0000000,0.000000,0.000000,0.000000,0.000000,0.000000,0.000000,0.000000,2.417345,0.000000,0.000000,0.0000000,0.0000000,0.000000,0.000000,2.181311,0.0000000,0.000000,0.0000000,0.000000,0.000000,1.8244761,1.994302,1.871284,0.0000000,0.0000000,1.988118,0.000000,0.000000,0.000000,0.000000,2.268715,0.000000,0.000000,0.0000000,2.024113,0.000000,0.0000000,2.277747,1.900753,0.0000000
0.000000,1.745830,1.7656226,0.000000,2.2172740,0.000000,0.0000000,2.039337,1.764894,0.000000,0.0000000,2.1147548,2.261251,2.496396,2.269846,2.430273,0.000000,2.3090629,1.859777,2.017919,1.6932035,2.179546,2.019037,2.277439,2.031956,2.191711,1.822720,2.016000,0.0000000,0.000000,2.032561,0.000000,0.000000,0.000000,1.681689,0.000000,2.397709,0.000000,1.784417,0.0000000,0.0000000,0.000000,0.000000,0.000000,1.6725232,0.000000,0.0000000,0.000000,1.871404,2.1764669,2.143585,1.975427,0.0000000,0.0000000,2.192144,0.000000,1.897146,1.862014,0.000000,1.964669,1.723957,0.000000,2.0950677,2.126624,0.000000,0.0000000,2.334325,0.000000,0.0000000
0.000000,0.000000,0.0000000,0.000000,0.0000000,0.000000,0.0000000,2.051115,1.978030,0.000000,0.0000000,2.1751536,2.181886,2.489655,2.243915,2.443968,0.000000,2.3971309,1.767932,1.888348,0.0000000,2.075663,2.010070,2.227395,1.900935,2.178778,0.000000,2.152707,2.1195757,0.000000,2.032221,0.000000,0.000000,0.000000,1.708525,0.000000,2.380850,0.000000,0.000000,0.0000000,0.0000000,0.000000,0.000000,2.122389,0.0000000,0.000000,1.9543771,0.000000,0.000000,1.7278075,0.000000,1.857390,0.0000000,0.0000000,2.267607,0.000000,0.000000,0.000000,0.000000,2.191744,0.000000,0.000000,1.9443750,2.127453,0.000000,0.0000000,2.543284,1.835853,0.0000000
0.000000,0.000000,0.0000000,0.000000,0.0000000,0.000000,0.0000000,2.005633,0.000000,0.000000,0.0000000,2.1309336,2.179124,2.524827,2.270683,2.388639,0.000000,2.4600424,0.000000,1.986187,0.0000000,2.251560,2.181993,2.273342,1.974736,2.275463,1.781480,2.072582,2.1837806,0.000000,0.000000,0.000000,0.000000,1.710774,0.000000,0.000000,2.332924,0.000000,1.608637,0.0000000,0.0000000,0.000000,0.000000,0.000000,0.0000000,0.000000,1.8440641,0.000000,0.000000,1.8301708,2.104940,0.000000,0.0000000,0.0000000,2.009694,0.000000,0.000000,0.000000,0.000000,0.000000,0.000000,0.000000,1.9004452,2.026101,0.000000,0.0000000,2.508779,1.901523,1.5862662
0.000000,0.000000,0.0000000,0.000000,0.0000000,0.000000,0.0000000,1.979063,0.000000,0.000000,0.0000000,2.0678705,2.150438,2.517915,2.274013,2.437271,0.000000,2.4499205,0.000000,1.960461,0.0000000,2.304819,2.185233,2.248312,1.985172,2.253551,2.101508,2.118942,0.0000000,0.000000,2.199437,0.000000,0.000000,0.000000,0.000000,0.000000,2.353153,0.000000,1.948285,0.0000000,0.0000000,0.000000,0.000000,0.000000,0.0000000,0.000000,1.7663876,0.000000,0.000000,2.0807004,0.000000,1.979163,2.0212357,0.0000000,1.946472,0.000000,0.000000,0.000000,0.000000,0.000000,0.000000,0.000000,0.0000000,2.116156,0.000000,0.0000000,2.498298,1.876216,0.0000000
0.000000,0.000000,1.8195930,0.000000,0.0000000,0.000000,0.0000000,2.024395,0.000000,0.000000,0.0000000,2.0622770,2.135799,2.495787,2.253742,2.404405,0.000000,2.4163603,1.728120,1.859777,2.0073149,2.192884,1.909641,2.164115,1.840020,2.201495,1.778530,2.159689,2.1176287,0.000000,1.987395,0.000000,0.000000,0.000000,0.000000,0.000000,2.398714,0.000000,1.872334,0.0000000,1.7998012,0.000000,1.749464,0.000000,1.5431558,0.000000,1.9293157,0.000000,0.000000,1.8141402,2.046383,1.759016,0.0000000,0.0000000,2.049856,0.000000,1.528954,1.797910,0.000000,2.286455,0.000000,0.000000,1.8869371,2.066102,0.000000,0.0000000,2.511823,1.933038,0.0000000
0.000000,1.799557,0.0000000,0.000000,0.0000000,0.000000,0.0000000,0.000000,2.083078,0.000000,0.0000000,2.1618020,1.732272,2.525227,2.317228,2.427585,1.850924,2.5032950,1.764569,2.052719,0.0000000,2.369046,2.250930,2.311734,1.859660,2.305694,2.133796,2.227168,0.0000000,0.000000,2.204171,0.000000,0.000000,1.997499,0.000000,0.000000,2.338914,0.000000,1.855010,0.0000000,0.0000000,0.000000,0.000000,2.200046,0.0000000,0.000000,1.8841370,0.000000,0.000000,2.1458419,0.000000,0.000000,0.0000000,0.0000000,1.913311,0.000000,0.000000,0.000000,0.000000,1.921952,0.000000,0.000000,0.0000000,2.186314,0.000000,0.0000000,2.503200,2.247703,1.8260429
0.000000,1.991689,1.3575027,0.000000,0.0000000,0.000000,0.0000000,1.786716,2.089498,0.000000,0.0000000,2.0854090,2.095355,2.484620,2.282100,2.458993,0.000000,2.4793362,1.826938,1.895123,2.0920221,2.376161,2.158047,2.147636,1.803168,2.318335,1.834684,2.245359,0.0000000,0.000000,2.073543,0.000000,0.000000,1.942158,0.000000,0.000000,2.231433,1.563069,0.000000,1.7885304,0.0000000,0.000000,1.796657,2.188648,0.0000000,0.000000,0.0000000,0.000000,0.000000,2.1280741,0.000000,1.930906,0.0000000,0.0000000,2.235796,0.000000,1.696903,1.813477,0.000000,0.000000,0.000000,0.000000,1.9822563,2.056111,0.000000,0.0000000,2.544560,0.000000,0.0000000
0.000000,0.000000,0.0000000,0.000000,0.0000000,0.000000,0.0000000,0.000000,0.000000,0.000000,0.0000000,2.0524454,2.129494,2.513797,2.287787,2.447077,1.899822,2.4427056,0.000000,1.986901,0.0000000,2.093489,2.050017,2.249147,0.000000,2.258058,1.796505,2.146206,2.1065445,0.000000,0.000000,0.000000,0.000000,0.000000,0.000000,0.000000,2.425314,2.044407,0.000000,0.0000000,0.0000000,0.000000,0.000000,0.000000,0.0000000,1.698362,1.8865158,0.000000,0.000000,2.2043794,2.170306,1.722111,0.0000000,0.0000000,2.133511,0.000000,0.000000,0.000000,0.000000,1.994564,0.000000,0.000000,0.0000000,2.176596,0.000000,0.0000000,2.607129,1.721153,0.0000000
0.000000,2.334494,2.4573375,0.000000,0.0000000,0.000000,0.0000000,0.000000,0.000000,0.000000,2.3307914,1.9722410,2.237112,2.486260,2.230811,2.425615,2.251474,2.4670546,0.000000,0.000000,0.0000000,2.281145,2.138737,2.293068,0.000000,2.342618,0.000000,2.215812,0.0000000,0.000000,0.000000,0.000000,0.000000,2.059067,0.000000,2.213026,2.226308,0.000000,0.000000,0.0000000,0.0000000,0.000000,0.000000,2.289060,0.0000000,2.026329,2.2075930,2.093494,0.000000,2.0958199,0.000000,2.411845,0.0000000,2.0706303,2.392625,0.000000,2.410451,0.000000,0.000000,0.000000,0.000000,2.019626,2.2281005,2.278464,0.000000,0.0000000,2.624014,0.000000,0.0000000
0.000000,1.649990,0.0000000,0.000000,0.0000000,0.000000,0.0000000,0.000000,2.069768,0.000000,0.0000000,2.1316927,2.267566,2.473941,2.259023,2.431997,1.829871,2.3913229,0.000000,1.979899,0.0000000,2.183583,1.967077,2.249723,1.889942,2.168111,1.914509,2.169492,0.0000000,1.642767,0.000000,0.000000,0.000000,0.000000,0.000000,0.000000,2.377698,2.069044,0.000000,0.0000000,0.0000000,0.000000,0.000000,2.274331,0.0000000,1.962039,0.0000000,0.000000,0.000000,2.2128976,2.201508,0.000000,0.0000000,0.0000000,2.432112,1.936623,1.783635,0.000000,0.000000,2.011451,0.000000,2.039849,1.7814798,2.165543,0.000000,0.0000000,2.612198,1.724898,0.0000000
1.719291,1.986123,0.0000000,1.588148,0.0000000,0.000000,0.0000000,1.759185,1.911438,0.000000,1.8667000,1.8376617,1.786238,2.460398,2.307476,2.369819,2.075506,0.0000000,2.246332,2.115106,2.0987191,2.126964,2.217528,2.256936,2.082268,2.185488,2.053725,2.144286,0.0000000,0.000000,2.018001,0.000000,0.000000,0.000000,1.901197,1.842284,2.331430,0.000000,1.957067,0.0000000,0.0000000,0.000000,2.113641,0.000000,0.0000000,1.517552,0.0000000,0.000000,0.000000,0.0000000,2.192586,2.097701,0.0000000,0.0000000,1.939317,2.113077,0.000000,1.913003,0.000000,1.970698,1.870252,0.000000,2.2743001,1.951377,0.000000,1.8151337,2.412302,1.542182,0.0000000
0.000000,1.659674,1.7979101,0.000000,0.0000000,0.000000,0.0000000,1.938722,1.702721,0.000000,0.0000000,2.0510853,2.171973,2.447165,2.216307,2.386731,0.000000,2.4425200,1.994328,1.960823,1.9002123,2.209095,2.020792,2.243161,1.971475,2.266086,1.715704,2.210295,0.0000000,0.000000,1.783135,0.000000,0.000000,0.000000,0.000000,0.000000,2.382134,1.568890,0.000000,2.1009064,0.0000000,0.000000,0.000000,1.978534,0.0000000,0.000000,1.6428265,0.000000,0.000000,2.1629984,0.000000,2.085481,0.0000000,0.0000000,2.229321,0.000000,1.870220,2.008194,0.000000,2.100675,0.000000,1.650761,2.0565358,2.001432,0.000000,1.3942785,2.562563,1.915161,2.0012946
0.000000,0.000000,0.0000000,1.814380,2.2187018,0.000000,1.7148559,1.591645,1.857011,0.000000,0.0000000,1.8820699,1.925210,2.470932,2.262986,2.305082,1.632202,2.4731249,1.982824,2.111801,2.0379128,2.363997,2.175315,2.271133,0.000000,2.295692,1.807103,2.056594,1.8296744,0.000000,1.822223,0.000000,0.000000,1.868581,1.986233,1.836598,2.242712,0.000000,1.618116,1.9774998,1.8220695,0.000000,2.067071,0.000000,0.0000000,0.000000,0.0000000,0.000000,0.000000,2.0685185,1.967898,2.204890,1.6565747,0.0000000,1.901111,0.000000,0.000000,1.951729,0.000000,1.899343,0.000000,1.505977,2.3002656,1.801699,0.000000,0.0000000,2.418541,0.000000,2.1659922
0.000000,1.591401,0.0000000,0.000000,0.0000000,0.000000,0.0000000,1.884515,1.549252,0.000000,0.0000000,1.8668175,2.063278,2.474770,2.300528,2.349687,0.000000,0.0000000,1.944353,2.077132,2.0539870,2.238746,2.075087,2.220843,2.020374,2.215076,1.889882,2.078068,0.0000000,0.000000,1.895727,0.000000,1.668167,1.699160,1.701219,0.000000,2.308123,0.000000,0.000000,0.0000000,0.0000000,0.000000,2.019914,2.004321,0.0000000,0.000000,0.0000000,0.000000,0.000000,0.0000000,0.000000,2.004881,0.0000000,0.0000000,2.148506,0.000000,0.000000,1.838902,0.000000,1.989525,0.000000,0.000000,2.2006035,2.008118,0.000000,0.0000000,2.488007,0.000000,0.0000000
0.000000,0.000000,0.0000000,0.000000,0.0000000,0.000000,1.9520124,0.000000,0.000000,0.000000,0.0000000,1.7815522,2.077966,2.428993,2.302298,2.321433,2.093282,1.4454505,2.151670,2.139398,0.0000000,2.403372,2.317234,2.227094,0.000000,2.354952,2.088496,2.215594,0.0000000,0.000000,2.161812,0.000000,0.000000,0.000000,0.000000,0.000000,2.091702,0.000000,0.000000,0.0000000,0.0000000,0.000000,2.128315,0.000000,0.0000000,0.000000,0.0000000,0.000000,0.000000,0.0000000,0.000000,0.000000,0.0000000,0.0000000,0.000000,0.000000,0.000000,0.000000,0.000000,0.000000,0.000000,0.000000,2.0812703,2.008303,0.000000,0.0000000,2.354046,0.000000,0.0000000
0.000000,1.715892,0.0000000,0.000000,0.0000000,0.000000,0.0000000,1.655583,2.060755,0.000000,0.0000000,0.0000000,2.172104,2.454610,2.300750,2.378023,1.461571,2.4949083,2.081211,2.012756,2.0549890,2.339894,2.188034,2.246787,1.927759,2.314091,1.918467,2.228495,1.9170608,0.000000,1.943038,1.820007,0.000000,0.000000,0.000000,0.000000,2.276691,0.000000,1.684889,0.0000000,0.0000000,0.000000,2.016187,2.192377,0.0000000,0.000000,0.0000000,0.000000,0.000000,2.1701182,1.941033,2.052470,0.0000000,1.6518386,2.042712,0.000000,0.000000,1.704511,0.000000,1.884343,0.000000,0.000000,2.1117394,1.961221,0.000000,1.6410529,2.499707,1.939268,0.0000000
0.000000,0.000000,0.0000000,1.625692,0.0000000,0.000000,0.0000000,1.649561,1.628229,0.000000,0.0000000,1.8689862,2.166999,2.465641,2.292666,2.384366,1.631627,0.0000000,1.643215,1.990048,1.8858615,2.269584,2.101424,2.299122,1.765501,2.169298,1.509202,2.085698,0.0000000,0.000000,0.000000,0.000000,0.000000,1.861036,1.732272,0.000000,2.381576,1.758551,0.000000,0.0000000,0.0000000,0.000000,1.962262,0.000000,0.0000000,1.863821,0.0000000,0.000000,0.000000,2.2038196,0.000000,2.121110,0.0000000,0.0000000,2.190928,0.000000,0.000000,1.998448,0.000000,2.002927,0.000000,0.000000,2.0934662,2.113511,0.000000,1.5104373,2.501616,0.000000,0.0000000
0.000000,1.900869,0.0000000,0.000000,2.1960281,0.000000,0.0000000,1.760807,1.564603,0.000000,0.0000000,1.9051833,1.723010,2.448999,2.341689,2.333573,0.000000,2.5373198,1.808307,2.124122,1.9822563,2.441430,2.305963,2.257394,0.000000,2.364270,1.980322,2.229205,0.0000000,0.000000,1.884497,1.698362,0.000000,1.704532,1.803313,0.000000,2.227417,0.000000,0.000000,0.0000000,0.0000000,0.000000,2.064097,1.844095,0.0000000,0.000000,0.0000000,0.000000,0.000000,1.5093976,2.019947,2.093943,0.0000000,0.0000000,2.087679,0.000000,0.000000,1.836483,0.000000,1.864971,0.000000,0.000000,2.2776739,2.008218,0.000000,0.0000000,2.493760,0.000000,0.0000000
2.198085,2.201087,1.6332203,0.000000,0.0000000,0.000000,2.2067020,1.698866,0.000000,0.000000,0.0000000,0.0000000,1.774168,2.462080,2.263275,2.335261,0.000000,2.5192191,2.035977,2.089903,1.9212908,2.371020,2.254297,2.218625,0.000000,2.362100,1.981195,2.204643,0.0000000,0.000000,1.834361,0.000000,0.000000,0.000000,1.691804,0.000000,2.184897,0.000000,0.000000,1.8081369,0.0000000,0.000000,1.997590,2.047253,0.0000000,0.000000,0.0000000,0.000000,0.000000,0.0000000,1.740103,2.024002,0.0000000,1.4871036,1.521434,1.737506,0.000000,0.000000,0.000000,0.000000,0.000000,0.000000,2.1812174,1.981731,0.000000,2.0647230,2.466603,0.000000,0.0000000
0.000000,0.000000,0.0000000,0.000000,0.0000000,0.000000,0.0000000,1.851546,1.555193,0.000000,0.0000000,1.7773931,2.183053,2.444416,2.235652,2.348478,1.988070,2.4907373,2.047254,2.048377,1.9718484,2.309009,2.151069,2.240922,0.000000,2.344232,1.977629,2.257206,0.0000000,0.000000,1.919863,1.461740,0.000000,0.000000,1.733698,0.000000,2.314801,1.684521,1.837403,1.6988244,0.0000000,0.000000,1.952943,1.976302,0.0000000,1.659674,0.0000000,0.000000,0.000000,1.6180809,2.134351,2.050771,0.0000000,0.0000000,1.702044,0.000000,0.000000,2.038048,0.000000,1.902886,0.000000,0.000000,2.1327740,2.081249,0.000000,0.0000000,2.501900,1.797242,0.0000000
0.000000,1.603441,0.0000000,0.000000,2.2113419,0.000000,1.6210447,0.000000,1.570372,0.000000,0.0000000,1.9067057,1.884137,2.446929,2.236954,2.383773,1.824120,0.0000000,0.000000,2.068604,2.0829981,2.182774,2.003357,2.290447,0.000000,2.261150,0.000000,2.047409,0.0000000,0.000000,0.000000,0.000000,0.000000,0.000000,1.754383,0.000000,2.301737,0.000000,0.000000,0.0000000,0.0000000,0.000000,2.010289,0.000000,0.0000000,1.917615,1.6502474,0.000000,0.000000,1.6630574,0.000000,1.936421,0.0000000,1.5572457,2.193344,0.000000,0.000000,1.842706,0.000000,1.807957,0.000000,1.689860,2.1213304,2.052703,0.000000,0.0000000,2.507753,0.000000,0.0000000
0.000000,1.846703,0.0000000,0.000000,2.2330571,0.000000,0.0000000,1.867443,0.000000,0.000000,0.0000000,0.0000000,0.000000,2.490835,2.297765,2.356961,0.000000,2.5425411,1.942271,2.137948,2.0361522,2.438272,2.162944,2.269474,0.000000,2.379965,2.073237,2.179098,1.8389343,0.000000,1.902841,0.000000,1.661946,0.000000,1.804447,0.000000,2.236748,0.000000,0.000000,0.0000000,0.0000000,0.000000,2.036328,1.639626,0.0000000,0.000000,0.0000000,0.000000,0.000000,0.0000000,1.694266,1.913233,1.7377495,0.0000000,1.593428,0.000000,0.000000,2.003472,0.000000,1.914985,0.000000,0.000000,2.1898551,1.831133,0.000000,1.6490149,2.398418,0.000000,0.0000000
0.000000,2.017928,0.0000000,0.000000,0.0000000,0.000000,1.5988992,0.000000,1.813612,0.000000,0.0000000,1.8396699,2.176394,2.450917,2.280205,2.356602,1.966817,0.0000000,1.707794,0.000000,2.0429267,2.274105,2.165506,2.222931,0.000000,2.288854,1.774573,2.126958,0.0000000,0.000000,1.711704,0.000000,1.924057,0.000000,1.925868,1.723457,2.277933,0.000000,0.000000,2.0958651,1.6313062,0.000000,2.039749,0.000000,0.0000000,1.696242,1.6878228,0.000000,0.000000,1.8189831,0.000000,1.910337,0.0000000,1.7276512,1.694374,0.000000,0.000000,1.782585,0.000000,1.788771,0.000000,0.000000,2.0638367,2.087540,0.000000,0.0000000,2.495295,0.000000,0.0000000
1.711414,1.710074,1.1366321,1.614068,1.4648359,0.000000,0.0000000,1.436992,1.906310,0.000000,0.0000000,1.9790277,2.177036,2.442433,2.249274,2.416739,1.894325,2.3827742,1.735176,1.861946,1.6094813,2.157709,2.031532,2.238144,1.667784,2.132366,1.896814,2.031001,0.0000000,0.000000,1.951160,0.000000,0.000000,0.000000,1.725886,0.000000,2.337914,1.786809,1.686964,0.0000000,0.0000000,1.579491,0.000000,2.200151,0.0000000,0.000000,1.4737488,0.000000,0.000000,2.1123985,0.000000,2.023075,0.0000000,0.0000000,2.240441,0.000000,0.000000,1.548364,0.000000,2.106350,0.000000,0.000000,1.9018939,1.828218,0.000000,0.0000000,2.479433,1.876756,1.8188071
0.000000,0.000000,0.0000000,0.000000,0.0000000,0.000000,0.0000000,0.000000,0.000000,1.835492,0.0000000,1.8993582,2.226047,2.423880,2.229059,2.378785,2.027449,0.0000000,1.917474,0.000000,1.9521708,2.266616,2.206926,2.306681,0.000000,2.253847,1.765313,2.189706,0.0000000,0.000000,1.740455,1.694827,0.000000,0.000000,1.552759,1.681525,2.287037,0.000000,1.815789,0.0000000,0.0000000,0.000000,1.893207,1.618983,0.0000000,1.617663,0.0000000,0.000000,0.000000,0.0000000,0.000000,1.833730,0.0000000,0.0000000,0.000000,0.000000,0.000000,1.975627,0.000000,1.576267,0.000000,0.000000,2.1430427,1.877776,0.000000,0.0000000,2.442943,0.000000,1.5265413
0.000000,1.583682,0.0000000,0.000000,0.0000000,0.000000,0.0000000,0.000000,0.000000,2.182740,0.0000000,2.0260704,2.274702,2.438043,2.240857,2.447786,1.998498,2.4348691,1.862372,2.057010,1.8965222,2.305276,2.217965,2.250692,2.031273,2.256249,1.801027,2.174172,0.0000000,0.000000,0.000000,0.000000,0.000000,1.790345,1.625792,0.000000,2.364882,0.000000,1.612170,1.8228193,0.0000000,0.000000,0.000000,0.000000,0.0000000,0.000000,0.0000000,0.000000,0.000000,0.0000000,0.000000,2.074783,0.0000000,0.0000000,2.259964,0.000000,0.000000,1.714705,0.000000,1.626883,0.000000,0.000000,2.1451827,1.962514,0.000000,0.0000000,2.565810,0.000000,0.0000000
0.000000,1.870683,0.0000000,0.000000,0.0000000,0.000000,0.0000000,0.000000,0.000000,1.681313,0.0000000,1.9082628,2.191040,2.436851,2.236952,2.415519,1.987683,2.4387455,1.336997,1.927123,2.0900682,2.355192,2.027038,2.254269,0.000000,2.177930,1.972063,2.136259,0.0000000,0.000000,1.545407,0.000000,1.729173,0.000000,0.000000,0.000000,2.235136,0.000000,0.000000,0.0000000,0.0000000,0.000000,1.969568,2.049504,0.0000000,0.000000,0.0000000,0.000000,0.000000,0.0000000,1.930953,2.099721,2.0603148,0.0000000,2.107708,1.465085,0.000000,1.695686,0.000000,1.688093,0.000000,0.000000,1.9748988,1.814169,0.000000,0.0000000,2.360694,0.000000,1.5291873
0.000000,1.535100,1.3895593,1.881878,2.1599499,0.000000,0.0000000,0.000000,1.699055,0.000000,1.6369514,0.0000000,2.228245,2.445440,2.225775,2.423002,1.957032,2.4631648,1.939365,2.039308,2.0619897,2.360228,2.134091,2.352028,2.105154,2.220652,1.973912,2.110964,0.0000000,1.890844,2.113587,1.819667,0.000000,0.000000,1.642677,1.544713,2.347819,0.000000,1.849083,0.0000000,0.0000000,0.000000,2.001714,2.209770,0.0000000,0.000000,0.0000000,0.000000,0.000000,0.0000000,2.099182,2.130561,0.0000000,0.0000000,1.983102,0.000000,0.000000,0.000000,0.000000,1.671851,0.000000,0.000000,2.2553732,1.553116,0.000000,0.0000000,2.384139,1.760348,1.6547803
0.000000,0.000000,0.0000000,0.000000,0.0000000,0.000000,0.0000000,0.000000,0.000000,0.000000,0.0000000,2.0035887,2.264354,2.459013,2.254451,2.417179,1.964315,0.0000000,1.962993,2.066977,1.9761023,2.287214,2.115674,2.270655,0.000000,2.271949,1.848172,2.104025,0.0000000,0.000000,1.695836,0.000000,0.000000,0.000000,1.679921,0.000000,2.264415,0.000000,0.000000,0.0000000,0.0000000,0.000000,1.929522,0.000000,0.0000000,0.000000,0.0000000,0.000000,0.000000,0.0000000,0.000000,2.022451,0.0000000,0.0000000,2.348268,0.000000,0.000000,0.000000,0.000000,1.698824,0.000000,1.966644,2.1675231,1.953083,0.000000,0.0000000,2.469515,0.000000,0.0000000
0.000000,1.745830,1.4329126,0.000000,0.0000000,0.000000,0.0000000,0.000000,1.383972,0.000000,0.0000000,0.0000000,2.243504,2.438455,2.284674,2.415589,2.087051,2.4468197,1.898868,2.006058,2.0811840,2.289987,2.162641,2.241437,2.016206,2.313136,1.782825,2.142327,1.6361434,1.898770,1.861865,1.585423,0.000000,0.000000,1.760640,1.670146,2.272078,0.000000,0.000000,0.0000000,0.0000000,0.000000,1.958864,1.751552,0.0000000,0.000000,0.0000000,0.000000,0.000000,1.6186363,0.000000,2.001934,0.0000000,0.0000000,2.076925,0.000000,0.000000,1.241643,0.000000,1.752143,0.000000,0.000000,2.2054947,1.930506,0.000000,0.0000000,2.470604,0.000000,1.7023314
0.000000,1.822278,0.0000000,0.000000,0.0000000,0.000000,0.0000000,0.000000,1.642527,0.000000,1.8279834,1.9432913,2.157207,2.433284,2.265113,2.371498,2.143005,0.0000000,1.858046,1.950400,2.1440286,1.867163,2.151510,2.257639,2.157637,1.875399,1.888775,2.162810,0.0000000,0.000000,1.707099,0.000000,0.000000,1.854510,1.901172,0.000000,2.301108,0.000000,0.000000,1.9572806,2.0602553,0.000000,1.923204,0.000000,0.0000000,0.000000,0.0000000,0.000000,0.000000,0.0000000,2.264304,2.034434,0.0000000,0.0000000,2.098486,0.000000,0.000000,0.000000,0.000000,1.863045,0.000000,0.000000,2.2128195,1.949151,0.000000,0.0000000,2.426471,0.000000,0.0000000
2.106830,1.785770,0.0000000,1.737863,2.1438586,0.000000,0.0000000,0.000000,0.000000,0.000000,0.0000000,1.8802299,1.940874,2.443342,2.250658,2.412376,2.103485,2.4630630,1.955814,2.062377,2.0367022,2.350218,2.235654,2.277619,2.039256,2.334576,1.857362,2.136635,0.0000000,1.732205,1.977050,0.000000,0.000000,1.848501,1.791407,0.000000,2.278717,0.000000,0.000000,0.0000000,0.0000000,0.000000,1.978175,0.000000,0.0000000,1.781130,0.0000000,0.000000,0.000000,0.0000000,1.939801,2.148559,1.3960641,0.0000000,1.917452,1.678326,0.000000,1.634453,0.000000,1.797025,0.000000,0.000000,2.2057266,1.705097,0.000000,0.0000000,2.408597,1.990914,0.0000000
0.000000,1.427336,1.5202719,0.000000,0.0000000,0.000000,0.0000000,0.000000,0.000000,0.000000,0.0000000,1.9653339,2.231145,2.449284,2.220580,2.391748,2.072507,0.0000000,1.796700,2.028380,2.0276612,2.274857,2.168953,2.292887,1.952228,2.153853,1.897058,2.163236,0.0000000,0.000000,1.654252,0.000000,0.000000,0.000000,0.000000,0.000000,2.271623,0.000000,0.000000,0.0000000,0.0000000,0.000000,1.899343,2.011682,0.0000000,0.000000,0.0000000,0.000000,0.000000,0.0000000,0.000000,2.021655,2.1079081,0.0000000,2.281680,0.000000,0.000000,0.000000,0.000000,0.000000,0.000000,0.000000,2.2072208,1.787354,0.000000,0.0000000,2.031954,0.000000,1.6311136
0.000000,1.517303,1.4880583,0.000000,2.1255185,0.000000,0.0000000,0.000000,0.000000,0.000000,0.0000000,1.9431104,2.256803,2.445081,2.270725,2.433960,2.070880,2.4737019,1.630082,2.050892,1.8791932,2.389578,2.183085,2.248083,2.083768,2.355677,1.939990,2.198003,0.0000000,0.000000,1.985211,0.000000,0.000000,1.798511,1.856173,0.000000,2.184598,0.000000,0.000000,0.0000000,0.0000000,0.000000,1.801048,1.671577,0.0000000,0.000000,0.0000000,0.000000,2.047333,0.0000000,1.899593,2.025282,2.1213312,0.0000000,0.000000,1.923136,1.966082,1.730577,0.000000,1.848149,1.807606,0.000000,2.2813073,1.590706,0.000000,0.0000000,2.454839,0.000000,1.7581408
0.000000,1.965113,0.0000000,0.000000,0.0000000,0.000000,1.7875623,0.000000,1.935808,0.000000,1.7010954,2.0485315,2.240798,2.429518,2.157508,2.458809,2.005375,2.3780959,1.585930,0.000000,1.8521006,2.071825,1.969448,2.283940,1.654252,2.194384,0.000000,2.142424,0.0000000,0.000000,1.841271,0.000000,1.932444,0.000000,0.000000,0.000000,2.326965,0.000000,0.000000,0.0000000,0.0000000,0.000000,1.435738,2.190192,0.0000000,0.000000,0.0000000,0.000000,0.000000,1.7296024,0.000000,2.112342,0.0000000,0.0000000,1.975352,1.951512,2.074181,1.944386,0.000000,1.871889,1.709624,1.807626,2.2517228,1.890101,0.000000,0.0000000,2.513446,0.000000,1.6760109
0.000000,1.824752,1.6174538,0.000000,2.2263129,0.000000,0.0000000,0.000000,1.486809,0.000000,1.5755080,1.6664737,1.775607,2.468597,2.289412,2.330053,0.000000,2.4834908,2.084168,2.106041,2.0296324,2.393552,2.115890,2.224538,2.066066,2.308513,2.036077,2.159338,0.0000000,0.000000,1.847676,0.000000,0.000000,0.000000,1.673932,0.000000,2.263472,0.000000,1.846725,0.0000000,0.0000000,0.000000,2.042823,1.618948,0.0000000,0.000000,0.0000000,0.000000,0.000000,1.9076183,1.870709,2.082863,1.5861821,1.4268303,0.000000,0.000000,0.000000,1.925014,0.000000,2.027169,0.000000,0.000000,2.2020920,1.836017,0.000000,0.0000000,2.366553,0.000000,1.4302440
0.000000,1.891885,0.0000000,0.000000,0.0000000,0.000000,0.0000000,1.738366,2.001281,0.000000,1.8284514,2.0170421,2.051719,2.489077,2.280455,2.347876,0.000000,2.3202559,1.846877,1.950359,1.8261837,2.067209,1.944776,2.230470,1.895065,2.041956,1.547892,1.952913,2.1079714,1.412542,2.039665,1.484807,0.000000,0.000000,1.697136,0.000000,2.373337,1.573028,0.000000,0.0000000,0.0000000,0.000000,1.958905,2.147092,0.0000000,1.872391,1.6596740,0.000000,0.000000,2.1117954,1.539449,2.096525,0.0000000,0.0000000,1.892768,0.000000,0.000000,1.795786,0.000000,1.917483,0.000000,1.557693,2.0043538,2.113409,0.000000,0.0000000,2.492809,1.945008,0.0000000
0.000000,1.986886,1.8767200,0.000000,2.2180331,0.000000,1.2934840,1.737082,1.485179,0.000000,0.0000000,1.8613562,1.846316,2.501511,2.334572,2.349793,1.847804,2.4392553,2.021899,2.111156,2.0138759,2.350023,2.141506,2.204407,2.053425,2.271415,1.912525,2.070497,0.0000000,1.373769,2.160120,1.908951,1.792964,0.000000,1.800405,0.000000,2.242742,0.000000,0.000000,0.0000000,0.0000000,0.000000,2.073451,1.321370,0.0000000,0.000000,1.6145665,0.000000,0.000000,1.5511690,1.858408,2.121354,1.7293964,0.0000000,1.542994,0.000000,1.777950,1.753625,0.000000,2.011789,0.000000,0.000000,2.2966376,2.068596,0.000000,0.0000000,2.474006,0.000000,0.0000000
2.135786,2.105197,1.7930638,1.717944,2.1390237,0.000000,2.1151108,0.000000,1.980569,0.000000,0.0000000,0.0000000,2.006131,2.497097,2.288788,2.343109,0.000000,2.4068740,2.014292,2.047702,1.8149909,2.167922,2.177271,2.207214,1.976321,2.177129,1.834618,1.731732,2.2650430,0.000000,2.182781,1.759298,0.000000,0.000000,0.000000,0.000000,2.152282,0.000000,0.000000,1.8723406,0.0000000,0.000000,2.045858,2.128721,1.5723448,0.000000,1.7231174,0.000000,1.670272,1.5032336,0.000000,2.109825,0.0000000,0.0000000,1.492901,1.674767,0.000000,1.788162,0.000000,1.949451,0.000000,1.660854,2.2263942,2.048579,0.000000,1.9962697,2.417492,2.198652,2.0822371
2.288722,2.214859,0.0000000,1.721895,0.0000000,0.000000,2.3944753,0.000000,0.000000,0.000000,0.0000000,1.6703226,1.892467,2.505661,2.323659,2.326613,1.879639,2.3180268,0.000000,2.061061,2.0527811,2.130456,2.098807,2.260018,1.946409,2.134573,1.677510,2.043615,2.2049122,0.000000,2.082640,0.000000,1.865301,0.000000,0.000000,0.000000,2.417523,0.000000,0.000000,0.0000000,0.0000000,0.000000,1.954324,1.929425,0.0000000,0.000000,0.0000000,0.000000,1.813371,1.8018976,0.000000,2.075389,0.0000000,0.0000000,1.807405,0.000000,1.856899,1.715309,0.000000,1.936592,0.000000,0.000000,2.1634038,2.080291,0.000000,0.0000000,2.563623,0.000000,0.0000000
0.000000,1.934132,1.8381786,0.000000,2.1868726,0.000000,0.0000000,0.000000,0.000000,1.608968,0.0000000,1.9698397,1.938774,2.468122,2.272422,2.344192,1.976730,2.4081618,0.000000,2.030139,2.0174645,2.174149,2.002685,2.220120,1.963875,2.204567,0.000000,2.065169,0.0000000,0.000000,2.003313,1.826702,1.963516,0.000000,1.678589,0.000000,2.350187,1.497550,0.000000,1.5257696,0.0000000,0.000000,2.006362,1.952745,0.0000000,2.003388,1.7238499,0.000000,0.000000,2.1486485,0.000000,2.137441,1.4947468,1.5345341,2.144633,1.598938,0.000000,1.950202,0.000000,1.883707,0.000000,1.415892,2.1606873,2.049909,0.000000,0.0000000,2.497884,0.000000,0.0000000
0.000000,1.915035,1.8647392,0.000000,0.0000000,0.000000,0.0000000,0.000000,1.931780,0.000000,1.6199481,1.8203929,2.100507,2.454439,2.250430,2.313996,1.789378,2.3756012,1.710191,2.038508,1.8895195,2.164535,1.998668,2.201527,1.966518,2.164126,1.689704,2.096897,0.0000000,0.000000,2.016679,1.604085,1.980020,0.000000,1.795338,0.000000,2.333967,1.456609,0.000000,2.1205263,1.8125688,1.391630,1.962897,2.111966,0.0000000,1.816394,1.5214947,0.000000,0.000000,2.1407858,0.000000,2.075768,0.0000000,1.3473540,2.019269,0.000000,0.000000,1.817849,0.000000,1.969064,0.000000,1.452313,2.1146186,2.036141,0.000000,0.0000000,2.504386,0.000000,1.5616681
0.000000,1.739494,1.6442552,0.000000,0.0000000,0.000000,0.0000000,0.000000,0.000000,0.000000,0.0000000,1.9254061,2.089231,2.510588,2.336940,2.359622,0.000000,2.3728296,1.615311,1.977667,1.7712196,2.123357,2.029726,2.226993,1.811635,2.142996,1.731782,2.096561,2.1597082,0.000000,0.000000,0.000000,0.000000,0.000000,0.000000,0.000000,2.332579,0.000000,0.000000,0.0000000,0.0000000,0.000000,1.934306,1.917478,0.0000000,0.000000,1.6953648,0.000000,0.000000,1.8205486,0.000000,2.017466,0.0000000,0.0000000,0.000000,0.000000,1.787759,1.843025,0.000000,0.000000,0.000000,0.000000,2.0190929,2.118964,0.000000,0.0000000,2.242843,2.010568,1.8746438
0.000000,1.882871,1.6717265,0.000000,0.0000000,0.000000,0.0000000,0.000000,0.000000,0.000000,0.0000000,1.5871468,2.197715,2.454260,2.296923,2.385862,0.000000,2.4716456,1.965899,2.037926,2.0017682,2.327949,2.183196,2.250096,1.927386,2.297369,1.910069,2.191797,0.0000000,0.000000,1.987907,1.810045,1.748333,0.000000,1.794998,0.000000,2.297183,0.000000,0.000000,0.0000000,0.0000000,0.000000,2.011552,2.202115,0.0000000,1.446368,0.0000000,0.000000,0.000000,1.7783086,0.000000,2.090833,0.0000000,1.6021829,2.072906,0.000000,0.000000,1.829340,0.000000,1.867449,0.000000,0.000000,2.1373344,1.984540,0.000000,0.0000000,2.500542,0.000000,0.0000000
0.000000,1.529479,0.0000000,0.000000,0.0000000,0.000000,0.0000000,0.000000,0.000000,1.742861,0.0000000,1.9370759,2.227519,2.435657,2.229034,2.427194,1.849261,2.3721529,1.572846,1.973159,2.0091012,2.179201,1.992607,2.218509,2.004481,2.139719,1.803644,2.073678,2.2432522,0.000000,2.030430,0.000000,0.000000,1.851532,0.000000,0.000000,2.434005,0.000000,0.000000,0.0000000,0.0000000,0.000000,1.759101,0.000000,0.0000000,0.000000,0.0000000,0.000000,0.000000,2.1367109,0.000000,2.044908,2.0874583,0.0000000,2.179188,0.000000,1.926617,0.000000,0.000000,2.146744,0.000000,0.000000,2.1594961,1.941062,0.000000,0.0000000,2.515632,1.959036,0.0000000
0.000000,1.740805,0.0000000,0.000000,0.0000000,0.000000,0.0000000,0.000000,0.000000,0.000000,0.0000000,1.6338534,2.138094,2.440871,2.284539,2.379254,1.944002,2.4195448,1.777988,2.094949,2.0762334,2.180873,2.161987,2.261063,2.169603,2.167742,0.000000,2.015507,2.2295021,0.000000,2.145186,0.000000,0.000000,0.000000,1.703578,0.000000,2.281893,0.000000,0.000000,0.0000000,0.0000000,0.000000,1.970329,1.900612,0.0000000,0.000000,0.0000000,0.000000,0.000000,0.0000000,0.000000,2.015411,1.4577326,0.0000000,0.000000,0.000000,0.000000,1.867319,0.000000,1.850534,0.000000,0.000000,2.1894886,1.912059,0.000000,0.0000000,2.262883,0.000000,0.0000000
0.000000,1.775996,0.0000000,0.000000,0.0000000,0.000000,0.0000000,0.000000,0.000000,0.000000,1.9822748,1.9839520,2.216742,2.435997,2.171827,2.445699,1.946493,2.3721193,1.638494,0.000000,0.0000000,2.211160,2.092198,2.266764,2.001813,1.832021,1.629791,2.115316,0.0000000,0.000000,2.083095,0.000000,0.000000,0.000000,1.626553,0.000000,2.281423,0.000000,0.000000,0.0000000,0.0000000,0.000000,0.000000,0.000000,0.0000000,1.733731,1.5095930,0.000000,0.000000,1.8239945,0.000000,1.953451,1.7658646,0.0000000,2.224205,2.032585,1.918696,1.625825,0.000000,1.850276,1.695172,0.000000,2.0170421,1.912640,0.000000,0.0000000,2.529616,0.000000,1.8599074
0.000000,2.085694,0.0000000,0.000000,0.0000000,0.000000,0.0000000,0.000000,2.043550,0.000000,0.0000000,2.1619445,2.274268,2.533904,2.242176,2.428805,0.000000,2.2128683,0.000000,1.900060,2.0683902,1.779891,1.917132,2.327276,1.891056,2.111391,0.000000,1.831065,2.0044634,0.000000,0.000000,0.000000,0.000000,0.000000,1.765838,0.000000,2.266912,0.000000,0.000000,0.0000000,0.0000000,0.000000,1.876429,2.227866,0.0000000,0.000000,1.8751413,0.000000,0.000000,0.0000000,0.000000,2.108300,0.0000000,0.0000000,2.293063,2.043885,0.000000,1.985401,0.000000,2.036820,0.000000,0.000000,1.9898350,1.930181,0.000000,0.0000000,2.439006,1.979176,2.0311406
0.000000,1.653554,0.0000000,0.000000,0.0000000,0.000000,0.0000000,0.000000,0.000000,0.000000,0.0000000,1.8422920,2.062790,2.504824,2.311705,2.370970,1.964334,2.3527843,0.000000,2.025066,1.7004945,2.196530,2.033508,2.221434,1.963522,2.147270,1.734663,2.046702,0.0000000,0.000000,0.000000,0.000000,0.000000,0.000000,0.000000,0.000000,2.388174,0.000000,0.000000,1.7983397,0.0000000,0.000000,1.968452,1.709624,0.0000000,1.403963,0.0000000,0.000000,0.000000,2.1351525,0.000000,2.030457,0.0000000,0.0000000,2.179742,0.000000,0.000000,1.814073,0.000000,1.937201,0.000000,0.000000,2.0537952,2.067044,0.000000,0.0000000,2.543228,1.956060,0.0000000
0.000000,1.796950,0.0000000,0.000000,0.0000000,0.000000,1.7617637,0.000000,1.746858,0.000000,1.7198409,1.9643185,2.207553,2.471811,2.307653,2.386483,0.000000,2.2853422,1.766187,2.076223,0.0000000,2.186557,1.996061,2.230101,2.044491,2.084751,0.000000,1.880029,0.0000000,0.000000,2.022931,0.000000,0.000000,0.000000,0.000000,0.000000,2.319279,0.000000,0.000000,0.0000000,0.0000000,0.000000,0.000000,0.000000,0.0000000,0.000000,1.6029463,0.000000,0.000000,1.8976020,1.827549,2.006515,0.0000000,0.0000000,2.122695,0.000000,0.000000,1.751848,0.000000,1.959624,0.000000,0.000000,2.1231149,2.107336,0.000000,0.0000000,2.572549,0.000000,0.0000000
0.000000,1.985524,0.0000000,0.000000,0.0000000,0.000000,0.0000000,1.774447,1.813737,0.000000,0.0000000,2.0719157,2.133102,2.445333,2.244610,2.380317,2.028391,2.4131789,1.775192,2.043619,2.0212281,2.317042,2.155445,2.245159,1.968690,2.252120,1.963832,2.199220,0.0000000,0.000000,1.644640,0.000000,2.144499,0.000000,0.000000,2.007840,2.388406,1.796201,0.000000,0.0000000,0.0000000,0.000000,0.000000,1.981800,0.0000000,0.000000,0.0000000,0.000000,1.716417,1.9961876,2.089539,2.062663,0.0000000,0.0000000,2.281578,0.000000,1.855416,0.000000,0.000000,2.119431,0.000000,0.000000,2.0344153,2.012419,0.000000,1.4534620,2.378010,0.000000,0.0000000
0.000000,1.821779,1.8498694,0.000000,0.0000000,0.000000,0.0000000,0.000000,1.965500,0.000000,0.0000000,2.1569474,1.703944,2.457598,2.178017,2.415792,0.000000,2.4677209,1.258721,2.014483,1.8573269,2.305390,2.154707,2.237641,1.951353,2.339454,1.660077,2.186464,1.3491553,0.000000,1.836842,0.000000,0.000000,1.800563,1.660077,0.000000,2.355777,1.457646,0.000000,0.0000000,0.0000000,0.000000,1.676035,2.145261,1.3621843,1.420969,1.2948425,0.000000,0.000000,2.0978583,0.000000,2.169744,0.0000000,0.0000000,2.339109,0.000000,1.723743,1.888332,0.000000,2.061665,0.000000,1.833638,2.0772180,2.077212,0.000000,0.0000000,2.564662,1.639290,1.7858640
0.000000,1.799504,1.8884206,0.000000,0.0000000,0.000000,0.0000000,1.417705,2.020485,0.000000,0.0000000,2.0419461,2.193504,2.448373,2.196235,2.481951,0.000000,2.4715414,1.874662,1.936810,1.6034786,2.318412,2.054681,2.223401,1.839279,2.352619,1.673563,2.248233,0.0000000,0.000000,1.889844,0.000000,0.000000,1.612601,1.628914,1.705399,2.360055,1.837791,0.000000,0.0000000,0.0000000,0.000000,1.513457,2.169860,0.0000000,1.760501,1.5740240,0.000000,1.625526,2.1126715,2.153487,2.001800,0.0000000,0.0000000,2.311374,0.000000,0.000000,1.731968,0.000000,1.932369,0.000000,1.313008,2.0432554,2.001551,0.000000,0.0000000,2.522717,1.919737,1.6236875
0.000000,1.740598,1.7686458,0.000000,0.0000000,0.000000,0.0000000,1.508941,1.995760,0.000000,0.0000000,2.0379671,2.255966,2.469117,2.247537,2.363751,1.413737,2.4701199,1.698025,1.980135,1.7279637,2.218977,1.986691,2.220607,1.863226,2.323980,1.787470,2.159146,0.0000000,0.000000,1.712992,0.000000,0.000000,0.000000,1.769749,0.000000,2.347339,1.825425,1.930933,0.0000000,0.0000000,1.536617,0.000000,2.229810,0.0000000,1.862682,1.4805083,0.000000,1.537622,2.1400309,2.139196,2.027817,0.0000000,0.0000000,2.345930,0.000000,0.000000,1.852754,0.000000,2.040612,1.795075,1.922601,0.0000000,2.044653,0.000000,0.0000000,2.273630,1.665905,1.7324236
0.000000,1.860360,1.8387257,0.000000,0.0000000,0.000000,0.0000000,1.702208,1.970724,0.000000,0.0000000,0.0000000,2.173352,2.440054,2.207735,2.464076,1.522709,2.3906509,1.725340,1.921853,1.6163681,2.139612,1.920237,2.231713,1.846004,2.290460,1.717332,2.118407,0.0000000,0.000000,1.663768,1.681313,0.000000,1.440986,1.665490,0.000000,2.333001,1.867065,0.000000,0.0000000,0.0000000,0.000000,1.409687,2.136424,1.5842363,0.000000,1.5112131,0.000000,0.000000,1.8912514,2.101481,2.018544,1.2438510,0.0000000,2.316957,0.000000,0.000000,1.727373,0.000000,1.980598,0.000000,0.000000,2.0130398,2.027638,0.000000,0.0000000,2.247589,1.831472,1.6801819
0.000000,1.911350,1.8772763,0.000000,0.0000000,0.000000,0.0000000,1.773545,0.000000,1.877854,0.0000000,1.9480835,2.255536,2.442179,2.176679,2.490170,0.000000,2.5197266,0.000000,1.997847,1.9514006,2.268497,2.123215,2.261801,1.912050,2.381862,1.730253,2.295650,0.0000000,0.000000,1.835927,0.000000,0.000000,0.000000,1.789264,0.000000,2.447748,1.671627,1.553167,1.9141960,0.0000000,0.000000,1.438237,0.000000,1.4986597,1.768408,0.0000000,0.000000,0.000000,1.5554951,2.165655,2.194785,2.0210723,0.0000000,2.346917,0.000000,1.798243,1.828304,0.000000,1.765811,1.845981,0.000000,2.2140391,2.041854,0.000000,1.5044431,2.542589,1.856554,2.1435468
0.000000,1.816752,1.8263155,0.000000,0.0000000,0.000000,0.0000000,1.915693,2.020458,0.000000,0.0000000,2.0129012,2.253842,2.441785,2.280774,2.349091,0.000000,2.4975864,0.000000,1.934690,1.4315335,2.272019,2.088776,2.158363,1.889294,1.934640,0.000000,2.224500,0.0000000,0.000000,1.767786,0.000000,0.000000,0.000000,1.729259,0.000000,2.314376,1.542670,1.974531,1.7578573,0.0000000,0.000000,1.887088,2.233103,0.0000000,2.013937,1.7189600,0.000000,0.000000,2.1843854,2.144152,1.922439,0.0000000,0.0000000,2.323978,0.000000,0.000000,1.697560,0.000000,1.776309,0.000000,0.000000,1.8719518,2.070336,0.000000,0.0000000,2.243241,1.871971,1.5147271
0.000000,1.830665,1.8285379,1.727755,0.0000000,0.000000,0.0000000,1.628098,1.880189,0.000000,0.0000000,1.9758692,2.189051,2.448948,2.202896,2.443978,0.000000,2.4855927,1.863888,1.941022,1.8866676,2.325633,2.106748,2.226991,1.735391,2.360869,1.611157,2.161163,0.0000000,0.000000,1.769997,0.000000,0.000000,0.000000,1.714667,0.000000,2.421531,1.490243,0.000000,1.5632137,0.0000000,0.000000,0.000000,2.075993,0.0000000,0.000000,1.6829721,0.000000,1.676399,1.7610296,2.180111,1.297916,0.0000000,0.0000000,2.324952,0.000000,0.000000,1.688430,0.000000,2.028710,0.000000,0.000000,2.1728284,1.981405,0.000000,0.0000000,2.531484,1.788473,0.0000000
0.000000,1.782178,1.7916773,1.453990,0.0000000,0.000000,0.0000000,1.728068,1.933875,0.000000,1.6963490,2.0572534,2.200598,2.432909,2.195248,2.414628,0.000000,2.1563595,1.826438,1.977850,1.7989389,2.219790,2.107304,2.232719,1.925097,2.062846,1.722003,0.000000,0.0000000,0.000000,1.812753,0.000000,1.464504,0.000000,1.681993,0.000000,1.819205,1.742074,0.000000,1.9621443,0.0000000,0.000000,0.000000,2.190376,0.0000000,0.000000,0.0000000,0.000000,0.000000,1.7876317,2.177037,1.871511,2.0660826,0.0000000,2.305879,0.000000,1.754557,1.964166,0.000000,1.852377,0.000000,1.755569,1.6833666,1.979301,0.000000,0.0000000,2.517600,0.000000,0.0000000
0.000000,0.000000,1.9610678,0.000000,0.0000000,0.000000,0.0000000,0.000000,0.000000,0.000000,0.0000000,0.0000000,1.974219,2.440605,2.294122,2.351712,0.000000,2.5104555,2.097419,2.032023,0.0000000,2.283251,2.180006,2.211497,1.945218,2.109679,1.956688,0.000000,0.0000000,0.000000,1.942639,0.000000,0.000000,0.000000,0.000000,0.000000,2.229840,0.000000,0.000000,0.0000000,0.0000000,0.000000,1.734530,0.000000,0.0000000,0.000000,0.0000000,0.000000,1.763985,0.0000000,0.000000,2.051216,0.0000000,0.0000000,2.014437,0.000000,0.000000,1.765218,0.000000,0.000000,0.000000,0.000000,2.1329705,1.823825,0.000000,0.0000000,2.368769,0.000000,0.0000000
0.000000,1.946105,2.1263053,0.000000,2.0586121,0.000000,0.0000000,0.000000,0.000000,0.000000,1.5450336,1.7907642,2.067839,2.461741,2.292997,2.378010,0.000000,2.4174287,2.055587,2.023082,2.1223210,2.179441,2.003884,2.245018,2.049212,2.243031,1.699641,1.990023,2.2258192,0.000000,2.175009,1.742751,0.000000,0.000000,1.821389,0.000000,2.323237,0.000000,1.686806,0.0000000,0.0000000,0.000000,1.919558,0.000000,1.8630584,0.000000,0.0000000,0.000000,2.251371,0.0000000,2.265623,2.145588,1.9923792,0.0000000,2.123321,1.996004,2.122454,1.617524,0.000000,2.061237,2.094920,0.000000,2.3829436,1.452844,0.000000,0.0000000,2.308856,0.000000,0.0000000
0.000000,1.892187,1.9707352,1.957503,2.2120141,0.000000,0.0000000,1.747803,2.093528,0.000000,0.0000000,1.9784009,1.941316,2.490805,2.360284,2.317594,2.131310,2.4312515,1.858186,2.037360,1.7075558,2.234490,1.987410,2.241510,1.830214,2.241171,1.792863,2.124572,2.2735192,1.692942,2.092413,1.914028,0.000000,0.000000,1.775318,0.000000,2.334675,0.000000,0.000000,0.0000000,0.0000000,0.000000,2.135632,2.258900,0.0000000,0.000000,1.5516321,1.962746,2.214242,1.6854163,2.111637,2.058982,1.3966558,0.0000000,1.974815,2.053795,2.115749,1.693225,0.000000,2.021245,1.871908,0.000000,2.3849954,1.986671,0.000000,1.6997660,2.458564,0.000000,0.0000000
0.000000,0.000000,1.7603895,2.076189,2.1978322,0.000000,1.6994319,1.673637,2.057509,0.000000,0.0000000,1.9027862,2.075611,2.489376,2.367017,2.378441,1.937262,2.4679893,2.050637,2.088055,2.0793728,2.429164,2.081874,2.262409,1.954948,2.206474,1.918053,2.104213,0.0000000,0.000000,2.210098,0.000000,0.000000,0.000000,1.813053,0.000000,2.306410,0.000000,0.000000,0.0000000,0.0000000,0.000000,2.046236,2.262117,0.0000000,0.000000,1.8548246,0.000000,1.505778,0.0000000,2.391824,2.221571,1.5485732,0.0000000,2.135282,0.000000,1.772033,1.710813,0.000000,1.939227,0.000000,1.899608,2.2114534,1.942078,0.000000,0.0000000,2.281293,0.000000,0.0000000
0.000000,1.994063,1.6229801,0.000000,2.2580992,0.000000,0.0000000,1.782884,2.114440,0.000000,0.0000000,1.8857201,1.994202,2.447429,2.292951,2.321272,2.040732,2.4605364,0.000000,2.084378,2.1734791,2.288523,2.125570,2.252483,1.753245,2.239577,1.927583,1.990735,2.3045643,0.000000,1.643334,2.001609,0.000000,0.000000,1.747575,0.000000,2.413523,1.742704,1.972815,1.6536101,2.0290371,0.000000,2.185654,2.265219,0.0000000,0.000000,0.0000000,0.000000,1.380671,0.0000000,2.243272,1.649933,0.0000000,0.0000000,2.246325,1.994647,0.000000,1.718886,0.000000,1.862958,0.000000,0.000000,2.2446142,2.115373,0.000000,0.0000000,1.919597,0.000000,0.0000000
0.000000,1.962399,1.6313704,1.879994,2.1681254,0.000000,0.0000000,1.613890,1.594752,0.000000,0.0000000,1.9456979,1.929138,2.468488,2.091822,2.336858,2.073053,0.0000000,1.748832,2.111111,2.0663328,2.198285,2.095302,2.238627,1.803364,2.162374,1.775431,2.109531,2.1787902,1.897865,1.986248,0.000000,0.000000,0.000000,1.817783,0.000000,2.417383,0.000000,0.000000,0.0000000,0.0000000,0.000000,2.067505,1.558634,0.0000000,0.000000,0.0000000,0.000000,1.532770,1.5439093,2.275761,2.023889,1.9732214,0.0000000,1.957229,0.000000,0.000000,1.777418,0.000000,1.963596,0.000000,1.812083,2.2931988,1.853951,0.000000,0.0000000,2.445962,0.000000,0.0000000
0.000000,0.000000,1.7292245,1.932712,2.2521623,0.000000,0.0000000,1.869703,1.698635,0.000000,0.0000000,1.7594801,2.280373,2.429500,2.183432,2.345473,1.764772,2.1336537,1.808067,2.066579,1.9450436,1.671277,2.154093,2.261879,1.902214,2.241998,1.923077,1.688205,0.0000000,0.000000,2.196407,1.964141,1.636392,0.000000,0.000000,0.000000,2.338918,1.740231,0.000000,0.0000000,0.0000000,0.000000,2.178278,0.000000,0.0000000,0.000000,0.0000000,0.000000,0.000000,2.1131609,0.000000,2.073016,0.0000000,0.0000000,2.310430,1.912912,0.000000,1.781938,0.000000,1.936768,0.000000,1.897999,2.0203205,2.032992,1.571568,0.0000000,2.195007,1.637848,0.0000000
1.706780,2.069049,1.6040092,2.076183,2.2562868,0.000000,0.0000000,1.664422,0.000000,0.000000,2.0868448,2.0211863,1.975357,2.456491,2.385056,2.336494,2.062967,2.4132279,1.854639,2.010618,2.2017713,0.000000,2.161226,2.210836,1.697602,2.262230,1.941419,1.958867,2.2505479,0.000000,2.143953,2.015648,0.000000,0.000000,1.760431,0.000000,2.348247,1.604198,0.000000,0.0000000,0.0000000,0.000000,2.135578,1.912534,0.0000000,0.000000,0.0000000,0.000000,0.000000,1.9201932,2.321449,2.059246,1.5200263,0.0000000,2.170239,0.000000,0.000000,1.448913,0.000000,1.661255,0.000000,0.000000,2.2517062,1.889745,0.000000,0.0000000,2.402380,1.730560,0.0000000
0.000000,1.958966,0.0000000,0.000000,1.6444625,0.000000,0.0000000,0.000000,2.043051,0.000000,0.0000000,1.6090046,0.000000,2.456752,2.362495,2.292176,1.945503,2.3114175,0.000000,0.000000,2.1343862,2.184377,2.081184,2.230858,0.000000,2.246750,1.871914,1.922937,2.2261457,0.000000,1.643334,0.000000,0.000000,0.000000,1.710269,0.000000,2.323924,1.675889,0.000000,0.0000000,0.0000000,0.000000,2.117509,2.133501,0.0000000,0.000000,0.0000000,0.000000,0.000000,0.0000000,2.135608,2.119416,0.0000000,0.0000000,2.121901,0.000000,0.000000,0.000000,0.000000,1.783504,0.000000,0.000000,2.1801240,1.917376,0.000000,0.0000000,1.799907,0.000000,0.0000000
0.000000,0.000000,1.5539297,0.000000,2.2477403,0.000000,2.0691965,1.901538,1.682507,0.000000,0.0000000,2.0503467,1.874354,2.422421,2.403888,2.339136,2.072112,2.4156139,0.000000,2.018851,2.1676978,1.724295,1.965107,2.215977,1.716996,2.250011,1.973629,2.096420,2.2654635,0.000000,2.049682,1.946585,0.000000,0.000000,0.000000,0.000000,2.266496,1.849179,0.000000,0.0000000,0.0000000,0.000000,2.175037,1.632362,0.0000000,0.000000,1.6862833,0.000000,1.536057,2.1748554,0.000000,2.039192,0.0000000,1.6125295,2.205595,1.932751,0.000000,1.525710,0.000000,2.000485,0.000000,0.000000,2.2027029,2.066544,0.000000,0.0000000,2.117549,1.829623,0.0000000
0.000000,2.020720,1.5698642,0.000000,2.2169608,0.000000,0.0000000,1.655500,1.659539,0.000000,0.0000000,1.9204447,1.953764,2.460814,2.395130,2.280618,2.091695,2.4574143,1.863038,2.078176,2.1100034,2.342489,2.178584,2.210318,1.705036,2.288396,1.868935,2.090053,0.0000000,1.499350,2.115087,0.000000,0.000000,0.000000,1.321711,0.000000,2.266569,0.000000,0.000000,0.0000000,0.0000000,0.000000,2.127965,1.928326,0.0000000,1.454955,0.0000000,0.000000,1.525770,2.0942235,2.051807,1.750452,1.5763120,0.0000000,2.051621,1.501676,1.491541,0.000000,0.000000,1.913127,0.000000,1.780232,2.1315391,1.975262,0.000000,0.0000000,2.334002,0.000000,2.0511351
0.000000,1.874243,0.0000000,0.000000,0.0000000,0.000000,0.0000000,1.785090,2.114385,0.000000,0.0000000,1.9318317,2.034298,2.510582,2.384928,2.327950,0.000000,0.0000000,1.561765,2.091719,2.1772154,2.167662,2.165462,2.223970,1.771672,2.260070,1.964824,1.865169,2.2376829,1.661335,2.159605,0.000000,0.000000,0.000000,1.588563,0.000000,2.341475,1.770766,0.000000,0.0000000,0.0000000,0.000000,2.151588,2.258049,0.0000000,0.000000,0.0000000,0.000000,0.000000,2.2039496,2.222528,0.000000,0.0000000,0.0000000,0.000000,0.000000,0.000000,0.000000,0.000000,0.000000,0.000000,1.404418,2.2408876,2.025165,0.000000,0.0000000,2.199576,1.853419,0.0000000
0.000000,1.926125,1.6153814,1.962039,2.1693598,0.000000,1.5571462,1.676132,0.000000,0.000000,0.0000000,1.9792386,2.016890,2.479283,2.305953,2.360026,1.654780,2.2355726,1.628654,1.990887,2.0842341,2.021783,2.007122,2.245961,1.909098,2.148419,1.417174,1.839996,2.1265429,0.000000,1.232075,0.000000,0.000000,1.950803,1.749254,0.000000,2.273725,0.000000,0.000000,0.0000000,0.0000000,0.000000,1.975608,1.822792,0.0000000,0.000000,1.2440949,0.000000,1.521434,1.3485566,0.000000,2.128870,1.4650018,0.0000000,0.000000,0.000000,0.000000,1.670448,0.000000,1.872772,0.000000,0.000000,2.1357025,1.941917,1.108819,0.0000000,2.382903,0.000000,1.9805125
0.000000,2.024119,1.5341373,0.000000,2.1987376,0.000000,0.0000000,0.000000,0.000000,0.000000,0.0000000,1.8438478,1.645112,2.492278,2.339654,2.320430,1.785876,2.2945771,0.000000,2.089323,2.1343697,2.128593,2.176307,2.244344,1.754861,2.242834,1.890953,0.000000,2.2345162,0.000000,2.106805,0.000000,0.000000,0.000000,1.464004,0.000000,2.234604,0.000000,0.000000,0.0000000,0.0000000,0.000000,2.105550,1.420969,0.0000000,0.000000,1.4195017,0.000000,1.595311,2.1426434,2.054310,2.021717,1.7118195,0.0000000,1.953694,2.068678,1.758875,1.400285,0.000000,2.011548,0.000000,0.000000,2.0790129,1.830563,0.000000,0.0000000,2.387751,0.000000,0.0000000
0.000000,0.000000,1.5222245,0.000000,2.2666242,0.000000,0.0000000,0.000000,0.000000,0.000000,0.0000000,1.6783258,0.000000,2.507433,2.375178,2.319752,1.789777,2.3832837,1.826438,2.187006,1.8611386,2.210545,2.210123,2.192742,1.940179,2.276384,0.000000,1.950704,2.2668416,1.869576,2.188221,1.954783,0.000000,0.000000,0.000000,0.000000,2.230552,0.000000,2.027417,0.0000000,0.0000000,0.000000,2.133019,1.741282,0.0000000,0.000000,0.0000000,0.000000,1.477818,1.6310815,2.178240,2.095714,0.0000000,0.0000000,1.864746,2.100813,2.180600,0.000000,0.000000,2.016951,1.734746,0.000000,2.2652253,1.814428,0.000000,0.0000000,2.396107,2.166740,0.0000000
0.000000,1.796103,1.6274754,0.000000,2.2701643,0.000000,0.0000000,1.804786,0.000000,0.000000,0.0000000,2.0154766,1.954513,2.491548,2.351869,2.327936,1.898370,2.4183942,1.824182,2.136581,1.8902161,1.790776,2.202986,2.261160,1.912696,2.264653,1.987798,2.060818,2.3157964,0.000000,2.091237,1.958423,0.000000,0.000000,1.552453,0.000000,2.327405,0.000000,0.000000,0.0000000,0.0000000,0.000000,2.065446,0.000000,1.7552375,0.000000,1.4843592,0.000000,1.589555,2.0854036,2.193339,1.858200,1.9955097,0.0000000,2.066072,0.000000,0.000000,1.503638,0.000000,2.142940,0.000000,0.000000,2.1536110,2.131276,1.516803,0.0000000,2.543425,2.185075,0.0000000
0.000000,1.983131,2.0193344,1.824832,2.2541607,0.000000,0.0000000,0.000000,2.068196,0.000000,1.3325115,1.8603191,1.795371,2.495408,2.363327,2.367364,2.139184,2.4580889,1.920972,2.099138,2.1489198,1.941433,2.144547,2.247012,1.968112,2.246798,1.824387,2.176033,0.0000000,1.872940,1.833488,0.000000,0.000000,0.000000,1.772868,0.000000,2.299662,1.904871,1.928794,0.0000000,0.0000000,0.000000,2.083430,2.156706,0.0000000,1.795447,0.0000000,0.000000,2.081262,2.1664542,2.036338,1.970370,1.4439738,1.8766412,0.000000,2.038783,2.273500,0.000000,0.000000,1.711800,1.930838,0.000000,2.3685582,1.737831,0.000000,0.0000000,2.457312,0.000000,0.0000000
0.000000,1.928968,1.6560798,2.068736,2.1686634,0.000000,0.0000000,1.396301,0.000000,0.000000,0.0000000,1.9092259,1.929715,2.486729,2.316221,2.360678,2.033996,2.4434686,1.988424,2.042276,0.0000000,1.899526,2.115407,2.209465,1.927792,2.227131,1.878442,1.955162,0.0000000,1.580885,2.150583,1.849781,0.000000,0.000000,1.843422,0.000000,2.355630,0.000000,0.000000,0.0000000,0.0000000,0.000000,2.044965,1.632043,0.0000000,0.000000,0.0000000,0.000000,1.675232,0.0000000,2.101526,1.851078,0.0000000,0.0000000,1.846642,1.936015,0.000000,0.000000,0.000000,1.825973,0.000000,0.000000,2.0693114,1.878681,0.000000,0.0000000,2.417709,2.232560,1.2453108
0.000000,2.013629,1.8198141,0.000000,0.0000000,0.000000,0.0000000,1.873779,0.000000,0.000000,0.0000000,0.0000000,1.906894,2.532567,2.313534,2.384886,1.991801,2.4424248,2.098680,2.034503,2.1480442,1.975499,2.066408,2.268122,2.027798,2.234872,0.000000,1.981437,0.0000000,0.000000,2.295286,0.000000,0.000000,0.000000,1.646463,0.000000,2.308653,0.000000,0.000000,0.0000000,0.0000000,0.000000,0.000000,0.000000,0.0000000,0.000000,0.0000000,0.000000,0.000000,0.0000000,2.054245,0.000000,2.0429441,0.0000000,1.776759,0.000000,0.000000,1.898760,0.000000,1.899052,0.000000,0.000000,2.0680928,1.771168,0.000000,0.0000000,2.461349,1.889547,0.0000000
0.000000,1.845340,1.8255403,2.041973,2.1189131,0.000000,0.0000000,1.720771,0.000000,0.000000,0.0000000,1.8015311,1.839022,2.517790,2.351634,2.345009,1.909127,2.4619577,1.960889,2.006551,2.1807848,2.303668,2.090766,2.211169,1.907134,2.289253,1.843002,1.982161,0.0000000,0.000000,2.150184,1.746690,0.000000,0.000000,1.761418,0.000000,2.239789,0.000000,1.852282,0.0000000,0.0000000,0.000000,2.054008,0.000000,0.0000000,0.000000,1.6071580,0.000000,1.682646,0.0000000,2.172020,2.076470,0.0000000,0.0000000,2.113032,0.000000,0.000000,0.000000,0.000000,1.821934,0.000000,1.738754,2.0089812,1.846756,0.000000,1.3799011,2.376784,1.852529,0.0000000
0.000000,1.737766,1.9022935,0.000000,0.0000000,0.000000,0.0000000,1.707794,0.000000,0.000000,0.0000000,1.7742695,1.858693,2.532533,2.337989,2.242062,1.766935,2.3720229,1.943197,2.020619,0.0000000,2.292978,2.084796,2.172101,0.000000,2.248264,1.714686,2.021103,0.0000000,0.000000,1.828685,1.730202,0.000000,0.000000,1.701570,0.000000,2.330512,0.000000,0.000000,0.0000000,0.0000000,0.000000,2.008320,1.882227,0.0000000,0.000000,0.0000000,0.000000,1.738963,0.0000000,0.000000,1.995776,2.0922487,0.0000000,1.859935,0.000000,0.000000,0.000000,0.000000,0.000000,0.000000,0.000000,2.0675121,1.793097,0.000000,0.0000000,2.405935,1.824111,0.0000000
0.000000,0.000000,1.8742431,0.000000,2.2056064,0.000000,0.0000000,0.000000,1.364832,0.000000,0.0000000,1.8899697,2.031939,2.503405,2.314644,2.379285,0.000000,2.4326735,2.052761,2.062869,1.7676804,2.335044,2.097499,2.234972,1.824912,2.260489,2.019220,2.034050,0.0000000,0.000000,1.816149,1.934306,0.000000,0.000000,1.812171,0.000000,2.247115,0.000000,0.000000,0.0000000,0.0000000,0.000000,2.063413,1.813948,0.0000000,0.000000,0.0000000,0.000000,1.853635,0.0000000,2.171174,2.076920,1.9492370,0.0000000,1.429146,0.000000,0.000000,1.517925,0.000000,1.978376,0.000000,1.707695,2.1847245,1.933734,0.000000,1.1866968,2.383196,1.782693,0.0000000
0.000000,1.904807,1.9357928,0.000000,2.2380196,0.000000,0.0000000,0.000000,0.000000,0.000000,1.8009217,0.0000000,1.941036,2.534764,2.398575,2.376510,0.000000,2.3849362,2.019309,2.123413,1.5988992,2.390650,2.085320,2.241043,2.011869,2.249113,1.900764,2.002701,0.0000000,0.000000,2.184402,1.958710,0.000000,0.000000,1.907460,0.000000,2.309448,1.397716,0.000000,0.0000000,0.0000000,0.000000,2.102185,1.570049,0.0000000,0.000000,0.0000000,0.000000,0.000000,0.0000000,2.178020,2.064563,1.4222176,0.0000000,1.871644,0.000000,0.000000,0.000000,0.000000,1.896078,0.000000,1.410790,2.2574947,1.937973,0.000000,1.7294994,2.399766,0.000000,0.0000000
0.000000,2.014461,1.9224175,0.000000,2.1906737,0.000000,1.6664737,1.775167,2.131489,0.000000,1.7342810,1.7985433,1.928623,2.530054,2.351262,2.344671,0.000000,2.3852564,2.054915,2.128349,1.4277398,2.021978,2.076444,2.269710,1.972840,2.219216,1.878370,2.042637,0.0000000,0.000000,1.804036,2.007688,0.000000,0.000000,1.757331,1.410129,2.292727,0.000000,0.000000,0.0000000,0.0000000,1.412105,2.154405,2.156254,0.0000000,0.000000,0.0000000,0.000000,1.993867,0.0000000,0.000000,2.058638,1.9849071,0.0000000,1.722705,2.070392,1.901949,1.858679,0.000000,1.918128,0.000000,0.000000,2.2381400,1.939998,0.000000,0.0000000,2.354824,1.825257,1.9982931
0.000000,2.043905,1.9501987,1.855245,2.1878279,0.000000,0.0000000,0.000000,0.000000,0.000000,0.0000000,1.7310536,1.971391,2.532902,2.373606,2.376405,1.849031,2.3637696,1.877137,0.000000,1.9298801,2.163573,2.097633,2.187764,1.923458,2.223583,1.789993,0.000000,2.2463358,1.630115,2.219977,1.951340,0.000000,0.000000,1.899323,0.000000,2.338599,0.000000,1.739831,0.0000000,0.0000000,0.000000,2.120462,2.203403,0.0000000,1.281886,0.0000000,0.000000,0.000000,0.0000000,2.178127,2.127664,2.0014115,0.0000000,1.858353,2.027747,2.286733,1.730219,0.000000,1.857495,1.925060,1.672449,2.2994757,2.054320,0.000000,1.6540011,2.397414,0.000000,1.4964340
0.000000,1.923606,1.9460627,1.381947,2.1822715,0.000000,0.0000000,0.000000,0.000000,0.000000,0.0000000,0.0000000,1.997311,2.528948,2.318160,2.384757,0.000000,2.3800062,2.022189,0.000000,1.9162398,1.937444,2.127791,2.239089,1.967206,2.184083,1.894664,2.075285,0.0000000,0.000000,2.188936,1.943598,0.000000,0.000000,1.799663,0.000000,2.238919,0.000000,0.000000,0.0000000,0.0000000,0.000000,2.126632,1.913727,0.0000000,0.000000,0.0000000,0.000000,0.000000,0.0000000,0.000000,1.983887,2.0517827,0.0000000,1.523615,0.000000,0.000000,0.000000,0.000000,1.767149,0.000000,0.000000,2.2091551,1.892821,0.000000,1.6822266,2.283606,2.080776,2.0197775
0.000000,1.589596,1.9333200,0.000000,2.1920992,0.000000,1.5919706,0.000000,1.621556,0.000000,1.2207355,1.2356477,1.927837,2.556662,2.398882,2.332304,1.447826,2.2842081,1.749088,2.096526,1.7532160,2.182054,1.998799,2.299674,1.868954,2.230031,2.070402,1.881650,0.0000000,1.388577,2.060814,1.854324,0.000000,0.000000,1.887726,0.000000,2.274306,0.000000,0.000000,0.0000000,0.0000000,1.690614,2.088742,0.000000,1.9181987,0.000000,1.7924393,0.000000,1.986437,0.0000000,2.089636,2.004205,1.6725977,0.0000000,1.986113,0.000000,1.821589,1.934706,0.000000,2.065806,0.000000,1.679993,2.1838121,2.091047,0.000000,1.5420194,2.288928,1.940601,1.8462170
1.823637,1.895927,0.0000000,2.069291,0.0000000,0.000000,1.5409849,0.000000,2.070270,0.000000,0.0000000,0.0000000,1.959814,2.421818,2.249238,2.409797,1.623385,2.4127399,2.167067,2.080135,2.2090787,2.376010,2.260786,2.381525,2.335949,2.281848,2.044558,1.959443,2.4155686,1.955716,2.361429,2.116194,0.000000,0.000000,1.845760,0.000000,1.981789,0.000000,0.000000,0.0000000,1.8279053,0.000000,0.000000,2.242467,0.0000000,0.000000,0.0000000,0.000000,0.000000,0.0000000,2.348417,2.220430,1.6909896,0.0000000,2.297569,0.000000,0.000000,0.000000,0.000000,1.852442,0.000000,1.987766,2.2275297,2.042586,0.000000,1.9054123,2.594737,2.146263,0.0000000
0.000000,1.977549,1.5987821,1.978243,0.0000000,0.000000,0.0000000,0.000000,0.000000,0.000000,2.1230508,0.0000000,1.930478,2.415828,2.044416,2.378235,0.000000,2.3714539,1.866025,0.000000,1.9898597,2.170602,2.048001,2.203293,1.751270,1.994152,1.875221,0.000000,0.0000000,1.993200,1.974132,0.000000,0.000000,0.000000,0.000000,0.000000,2.426501,2.050616,0.000000,1.6238219,1.6086001,0.000000,1.450441,2.058279,1.6064137,0.000000,1.5239156,0.000000,1.812132,0.0000000,0.000000,2.119290,2.0572590,0.0000000,0.000000,1.819103,0.000000,1.737294,0.000000,2.081178,2.029708,0.000000,1.7959499,1.878997,0.000000,0.0000000,2.279520,2.055403,1.8971255
0.000000,1.720006,0.0000000,1.598470,0.0000000,0.000000,0.0000000,0.000000,0.000000,0.000000,0.0000000,1.8498694,2.060936,2.442403,2.130792,2.378042,0.000000,2.2529690,0.000000,1.838493,1.9553066,2.082948,1.892784,2.196291,1.597489,1.908110,1.596423,2.089151,0.0000000,0.000000,1.587856,0.000000,1.968788,0.000000,0.000000,0.000000,2.420121,2.019647,0.000000,0.0000000,1.6087105,0.000000,1.761002,1.502761,2.1844722,0.000000,0.0000000,1.705077,1.619397,0.0000000,1.905149,1.905573,0.0000000,0.0000000,1.567629,0.000000,1.677365,0.000000,0.000000,2.022102,0.000000,0.000000,1.9504448,1.899633,0.000000,0.0000000,2.341868,1.798490,0.0000000
2.290343,2.239411,1.9258885,2.281719,0.0000000,0.000000,2.0182348,0.000000,0.000000,0.000000,2.4691426,0.0000000,2.045956,2.404463,2.069795,2.386986,0.000000,2.1773934,0.000000,0.000000,1.7758083,1.820622,1.939712,2.159059,0.000000,1.883810,0.000000,2.015483,0.0000000,0.000000,0.000000,0.000000,1.817494,0.000000,0.000000,0.000000,2.496617,1.808067,0.000000,0.0000000,0.0000000,0.000000,0.000000,1.895906,1.9704945,0.000000,1.6384939,0.000000,0.000000,0.0000000,2.152578,1.909221,0.0000000,0.0000000,2.062893,1.975683,0.000000,1.766975,0.000000,2.155328,0.000000,0.000000,2.1649964,1.571934,0.000000,1.8527614,2.410534,1.881574,0.0000000
0.000000,2.092066,1.6085632,1.884337,0.0000000,0.000000,0.0000000,0.000000,1.837005,0.000000,2.0336770,2.0699833,2.234114,2.446830,2.203658,2.379947,0.000000,1.9734851,0.000000,0.000000,1.8999283,0.000000,1.916548,2.217757,0.000000,0.000000,1.915706,1.861919,0.0000000,1.763958,0.000000,0.000000,0.000000,0.000000,1.766922,0.000000,2.467053,2.088663,0.000000,0.0000000,0.0000000,0.000000,0.000000,1.957597,2.0369712,1.929405,1.6436317,1.901202,1.555495,2.0940259,0.000000,2.208354,0.0000000,1.8524060,2.199752,2.108143,0.000000,0.000000,0.000000,2.213103,0.000000,0.000000,1.7838133,2.031402,1.689124,0.0000000,2.453932,2.086044,0.0000000
0.000000,0.000000,1.9322035,0.000000,0.0000000,0.000000,0.0000000,0.000000,2.095441,0.000000,0.0000000,2.1195038,2.130550,2.453270,2.243422,2.441037,0.000000,2.3253750,1.813352,1.876374,1.9341821,2.107039,1.968755,2.217403,1.857257,1.824770,1.937747,2.175227,0.0000000,0.000000,1.772932,0.000000,0.000000,0.000000,0.000000,0.000000,2.320563,2.000251,0.000000,0.0000000,0.0000000,0.000000,0.000000,2.236113,0.0000000,0.000000,0.0000000,0.000000,1.654974,1.9434395,1.697814,1.822990,0.0000000,0.0000000,2.226986,0.000000,0.000000,0.000000,0.000000,2.145881,0.000000,0.000000,0.0000000,2.195039,0.000000,0.0000000,2.321857,1.849031,1.7828725
0.000000,1.816054,1.8624597,0.000000,0.0000000,0.000000,0.0000000,2.085651,2.125378,0.000000,0.0000000,2.0758997,2.175108,2.474909,2.259928,2.435566,0.000000,2.3374188,1.902353,1.953087,0.0000000,2.185101,1.985496,2.273309,1.913242,1.906971,1.840663,0.000000,0.0000000,0.000000,1.871404,0.000000,0.000000,0.000000,0.000000,0.000000,2.358005,1.779194,0.000000,0.0000000,0.0000000,0.000000,0.000000,2.222103,0.0000000,0.000000,0.0000000,0.000000,1.712416,1.9662898,2.090975,2.388853,0.0000000,0.0000000,1.884823,2.019566,0.000000,1.918709,0.000000,2.108725,0.000000,0.000000,1.7788624,2.150426,0.000000,0.0000000,2.465879,0.000000,1.7642706
0.000000,0.000000,1.7688170,0.000000,0.0000000,0.000000,0.0000000,0.000000,1.621215,0.000000,0.0000000,2.1010461,1.738641,2.452702,2.197674,2.413298,0.000000,2.2728084,0.000000,0.000000,1.9355854,2.098315,1.755886,2.280746,0.000000,0.000000,1.754194,0.000000,0.0000000,0.000000,0.000000,0.000000,0.000000,0.000000,0.000000,0.000000,2.332632,1.618498,0.000000,0.0000000,0.0000000,0.000000,0.000000,2.119697,0.0000000,0.000000,1.7807056,0.000000,0.000000,1.9802046,0.000000,1.949530,0.0000000,0.0000000,2.187862,0.000000,0.000000,2.012701,0.000000,2.145301,0.000000,0.000000,0.0000000,2.130602,0.000000,0.0000000,2.487207,1.885828,0.0000000
1.879038,1.733430,1.6560522,0.000000,0.0000000,0.000000,0.0000000,0.000000,0.000000,0.000000,0.0000000,1.9221186,2.047375,2.456101,2.255572,2.371593,0.000000,2.3288266,1.744221,1.938609,2.0754481,2.254087,2.035292,2.198746,0.000000,0.000000,2.058825,0.000000,0.0000000,0.000000,0.000000,0.000000,0.000000,0.000000,0.000000,0.000000,2.425050,1.809233,0.000000,0.0000000,2.1656249,0.000000,0.000000,2.170617,0.0000000,0.000000,0.0000000,0.000000,0.000000,2.1273993,0.000000,1.717555,0.0000000,0.0000000,0.000000,0.000000,0.000000,0.000000,0.000000,2.020027,0.000000,0.000000,2.0019629,1.975181,0.000000,0.0000000,2.432372,0.000000,1.8888414
0.000000,1.898205,0.0000000,0.000000,0.0000000,0.000000,0.0000000,2.013211,1.841508,0.000000,0.0000000,2.2348167,2.076602,2.444758,2.220291,2.394280,0.000000,2.1716180,0.000000,2.027409,1.7383980,1.944808,1.868504,2.268050,1.987919,2.016691,0.000000,1.928151,0.0000000,0.000000,1.490025,0.000000,0.000000,0.000000,1.820182,0.000000,2.357346,1.882407,0.000000,0.0000000,0.0000000,1.705238,0.000000,1.875790,0.0000000,0.000000,1.7596063,0.000000,0.000000,2.1259045,0.000000,1.850128,0.0000000,0.0000000,2.165425,1.603820,1.849358,1.480508,0.000000,2.182887,0.000000,1.937690,1.9045576,2.191158,0.000000,0.0000000,2.514009,0.000000,0.0000000
0.000000,1.940276,1.7859341,0.000000,0.0000000,0.000000,1.7545861,0.000000,2.120875,1.640992,0.0000000,2.0441316,1.848792,2.435638,2.190106,2.364696,0.000000,2.1831905,1.666937,2.020676,0.0000000,2.000328,2.003432,2.233451,1.917846,2.094806,1.938778,1.824716,1.5333978,1.658539,1.603706,0.000000,0.000000,0.000000,1.890046,0.000000,2.447759,1.922307,0.000000,0.0000000,0.0000000,0.000000,0.000000,2.160757,0.0000000,0.000000,1.9782893,0.000000,0.000000,1.8393985,0.000000,1.891398,2.1563551,0.0000000,2.010674,1.984786,1.805276,1.799355,0.000000,2.087319,1.671502,0.000000,1.8663075,1.975254,0.000000,0.0000000,2.469991,0.000000,0.0000000
0.000000,2.011118,1.9517424,0.000000,0.0000000,0.000000,0.0000000,2.227813,2.052237,0.000000,0.0000000,2.2203473,0.000000,2.508334,2.136248,2.438371,0.000000,2.2476438,0.000000,1.976365,2.2194777,2.095604,2.077420,2.342388,0.000000,2.133294,0.000000,1.835517,0.0000000,1.867319,0.000000,0.000000,0.000000,0.000000,1.812908,0.000000,2.504564,1.711356,0.000000,0.0000000,0.0000000,1.936402,0.000000,2.124056,1.8530653,0.000000,1.8726283,0.000000,1.967170,0.0000000,0.000000,2.058948,0.0000000,0.0000000,1.951088,2.110313,0.000000,0.000000,0.000000,2.309803,1.833154,0.000000,2.1143240,2.128090,0.000000,0.0000000,2.508632,2.056601,0.0000000
0.000000,1.911163,0.0000000,0.000000,0.0000000,0.000000,0.0000000,1.962715,1.958419,0.000000,2.1144615,2.0283226,1.965920,2.468969,2.245263,2.352226,0.000000,2.2505632,1.787470,2.036614,2.0712123,2.134769,1.925735,2.198326,1.955690,2.112002,2.089342,0.000000,0.0000000,1.898030,1.558880,0.000000,0.000000,0.000000,1.773774,0.000000,2.395761,1.849758,0.000000,0.0000000,0.0000000,0.000000,1.811811,2.162140,1.6039335,1.875710,0.0000000,0.000000,0.000000,2.1091148,0.000000,2.049179,2.1028077,0.0000000,1.748136,2.066766,1.786832,1.738737,0.000000,2.273072,0.000000,1.730492,2.0117559,2.166243,0.000000,0.0000000,2.506919,1.794613,0.0000000
1.985190,1.975145,1.6279346,1.846975,0.0000000,0.000000,0.0000000,2.093846,2.002998,0.000000,2.0625862,2.2615490,2.305039,2.447887,2.103367,2.406409,0.000000,2.4296009,1.962337,1.904602,2.0951735,2.271735,2.032086,2.154609,2.119755,2.291597,1.393680,2.158439,0.0000000,1.695472,1.996836,0.000000,0.000000,1.858700,1.948507,0.000000,2.455394,1.964693,0.000000,0.0000000,0.0000000,1.825478,1.711298,2.141918,0.0000000,1.993743,0.0000000,0.000000,0.000000,1.6215562,2.105078,2.048912,2.0988673,0.0000000,2.205831,2.017097,1.866393,0.000000,0.000000,2.265201,1.851319,0.000000,2.1904746,2.036642,0.000000,0.0000000,2.485963,2.044057,1.5899259
0.000000,2.361493,0.0000000,0.000000,1.9089372,0.000000,0.0000000,2.016107,1.838581,0.000000,0.0000000,2.0008869,1.921385,2.455444,2.335698,2.412746,1.811273,2.2877617,1.643780,1.804960,1.7256217,2.137527,1.759087,2.269451,0.000000,2.152715,0.000000,1.673859,1.8816795,1.756489,1.616228,0.000000,2.400930,0.000000,2.116887,0.000000,2.464118,2.040371,0.000000,0.0000000,0.0000000,0.000000,2.042194,0.000000,0.0000000,0.000000,0.0000000,0.000000,0.000000,2.1332526,0.000000,1.971748,2.0053317,0.0000000,0.000000,1.991426,1.864646,2.207971,0.000000,2.109519,0.000000,0.000000,2.2827786,2.113744,0.000000,0.0000000,0.000000,0.000000,0.0000000
0.000000,2.158995,0.0000000,0.000000,1.5468388,0.000000,0.0000000,0.000000,1.744842,0.000000,0.0000000,1.8871221,2.070017,2.443616,2.215881,2.375071,0.000000,2.0056313,0.000000,1.963329,1.9118229,0.000000,1.897348,2.230373,1.655113,1.768131,0.000000,1.611121,1.7883695,0.000000,1.640144,0.000000,0.000000,0.000000,1.757317,1.553980,2.348481,1.970466,0.000000,0.0000000,0.0000000,1.624860,1.757018,2.196119,0.0000000,0.000000,1.7168658,0.000000,0.000000,2.0474980,0.000000,1.883027,2.0765450,0.0000000,2.221349,0.000000,1.937565,1.802721,0.000000,2.062801,0.000000,0.000000,1.8412319,2.056684,0.000000,0.0000000,2.385686,0.000000,1.2822967
0.000000,2.010672,1.9596588,0.000000,2.0809346,0.000000,0.0000000,2.191091,1.854460,0.000000,0.0000000,2.0780441,2.146284,2.443842,2.178353,2.367003,0.000000,2.3811762,1.937436,1.874391,0.0000000,2.243062,2.080769,2.206084,1.763399,2.232633,1.868973,0.000000,0.0000000,0.000000,0.000000,0.000000,0.000000,0.000000,1.612673,0.000000,2.461811,2.139851,0.000000,0.0000000,0.0000000,0.000000,0.000000,1.789321,2.2019748,0.000000,0.0000000,0.000000,1.707357,0.0000000,1.877992,2.041602,0.0000000,1.8097287,2.024441,2.137106,0.000000,0.000000,1.557991,2.026623,0.000000,0.000000,1.9799202,2.077259,1.940944,1.4891537,2.379148,0.000000,1.8932389
0.000000,2.195843,1.5566475,0.000000,0.0000000,0.000000,0.0000000,0.000000,2.009570,0.000000,0.0000000,1.9669549,1.925988,2.435234,2.258959,2.414573,0.000000,2.1446222,1.383972,0.000000,1.6567667,0.000000,1.917123,2.241960,0.000000,2.079603,0.000000,2.003915,0.0000000,0.000000,1.621420,0.000000,0.000000,0.000000,0.000000,0.000000,2.399407,2.062705,0.000000,0.0000000,0.0000000,0.000000,0.000000,2.067491,1.7023725,0.000000,0.0000000,0.000000,1.880666,2.1364075,0.000000,0.000000,0.0000000,0.0000000,2.295675,0.000000,0.000000,0.000000,0.000000,0.000000,0.000000,0.000000,2.1836514,1.926819,0.000000,0.0000000,2.124391,0.000000,0.0000000
0.000000,2.026376,1.7853599,0.000000,0.0000000,0.000000,0.0000000,1.838041,1.972238,0.000000,1.7908886,2.1333178,2.199758,2.460251,2.216142,2.442377,1.736951,2.2387782,1.723207,1.760166,1.8978551,2.051577,1.931332,2.292340,1.626487,2.145798,1.758805,2.010047,0.0000000,0.000000,0.000000,0.000000,0.000000,0.000000,1.843623,0.000000,2.375970,2.047078,0.000000,0.0000000,0.0000000,0.000000,0.000000,2.111377,0.0000000,0.000000,1.8158080,0.000000,0.000000,2.1160470,0.000000,1.943811,2.0308717,1.6491299,2.254590,1.758650,1.953764,2.014955,0.000000,1.994524,0.000000,1.491253,1.8943566,2.109734,0.000000,0.0000000,2.484406,0.000000,0.0000000
0.000000,0.000000,0.0000000,0.000000,0.0000000,0.000000,1.6425871,0.000000,0.000000,0.000000,0.0000000,2.0226234,2.075566,2.437433,2.255632,2.391928,0.000000,2.2798835,1.918419,1.970567,0.0000000,2.159784,1.971647,2.193583,1.771375,2.154455,2.064841,2.018122,1.7205347,0.000000,0.000000,0.000000,0.000000,0.000000,1.745892,0.000000,2.399252,2.059090,0.000000,0.0000000,2.1161879,0.000000,0.000000,2.007362,0.0000000,0.000000,0.0000000,0.000000,1.786785,2.1374993,1.827148,1.897814,0.0000000,0.0000000,1.744438,0.000000,1.541367,1.583981,0.000000,1.949729,0.000000,0.000000,1.9801671,1.956252,0.000000,0.0000000,2.301769,0.000000,0.0000000
0.000000,1.743378,1.9644192,0.000000,2.0060771,0.000000,0.0000000,1.871631,2.120745,0.000000,0.0000000,2.0685361,1.960663,2.459640,2.194058,2.398487,1.584491,1.9483130,0.000000,1.745953,1.4924012,1.592174,0.000000,2.207486,0.000000,1.901136,1.829811,1.576979,0.0000000,1.665100,0.000000,0.000000,1.838694,0.000000,0.000000,0.000000,2.391337,2.042747,0.000000,0.0000000,0.0000000,0.000000,0.000000,2.027481,2.0891146,0.000000,0.0000000,1.506309,0.000000,2.0932471,0.000000,2.071946,0.0000000,0.0000000,1.913494,1.815656,1.675962,2.060249,0.000000,1.967634,0.000000,0.000000,1.7629061,1.886903,1.860852,1.8771314,2.275767,0.000000,0.0000000
2.171981,2.229609,1.7190704,2.275447,1.8560674,0.000000,2.0688887,0.000000,0.000000,0.000000,0.0000000,1.8725658,2.108525,2.425430,2.196437,2.381301,0.000000,2.3659932,1.774700,1.905898,1.9925173,2.207707,2.017919,2.214859,1.689926,2.206365,2.090631,2.131327,0.0000000,0.000000,1.673883,1.845271,0.000000,2.101814,0.000000,0.000000,2.394197,1.997104,2.000435,0.0000000,1.8752026,0.000000,0.000000,2.206730,1.6843142,1.959443,2.0928480,0.000000,1.875521,1.6513005,0.000000,2.181291,0.0000000,1.9636850,1.805989,1.610940,0.000000,1.980627,0.000000,1.812646,0.000000,0.000000,0.0000000,2.142666,0.000000,1.8625675,2.323148,0.000000,0.0000000
0.000000,1.948867,0.0000000,0.000000,0.0000000,0.000000,0.0000000,1.910022,1.847428,0.000000,0.0000000,0.0000000,2.185577,2.436130,2.200314,2.400015,0.000000,0.0000000,0.000000,1.945140,1.7982002,1.999484,2.000839,2.233269,1.820264,2.117794,2.156613,1.930306,0.0000000,0.000000,0.000000,0.000000,0.000000,1.764867,1.731681,0.000000,2.378397,1.969076,0.000000,2.0812681,2.0999900,1.673489,0.000000,2.215918,0.0000000,0.000000,1.7325751,0.000000,0.000000,2.0591174,1.948632,1.956912,0.0000000,1.9566131,2.168323,0.000000,1.546839,1.688721,0.000000,2.185013,1.607936,1.760640,1.9539662,2.035737,1.879247,1.6323617,2.505420,0.000000,0.0000000
0.000000,1.948080,0.0000000,0.000000,1.7772317,0.000000,0.0000000,1.936161,0.000000,0.000000,1.9243015,2.0443013,0.000000,2.440024,2.242697,2.346476,0.000000,0.0000000,0.000000,1.835122,0.0000000,0.000000,0.000000,2.230183,1.742515,1.844534,1.852812,0.000000,0.0000000,0.000000,0.000000,0.000000,0.000000,1.586979,0.000000,0.000000,2.401295,1.848770,0.000000,0.0000000,0.0000000,0.000000,0.000000,0.000000,0.0000000,2.166326,1.8131203,0.000000,1.688025,2.1772395,0.000000,0.000000,0.0000000,0.0000000,2.065735,0.000000,0.000000,2.117178,0.000000,2.263333,0.000000,0.000000,0.0000000,2.049258,1.856053,0.0000000,2.364085,0.000000,0.0000000
0.000000,0.000000,0.0000000,0.000000,0.0000000,0.000000,0.0000000,1.996232,0.000000,0.000000,0.0000000,2.1231851,1.935512,2.456363,2.217578,2.366850,0.000000,2.0341437,0.000000,1.852391,1.7324573,1.474853,0.000000,2.180561,1.734845,1.927685,2.037226,0.000000,0.0000000,0.000000,0.000000,0.000000,0.000000,0.000000,1.710093,0.000000,2.220318,2.006194,0.000000,1.6202229,1.9989119,0.000000,0.000000,2.034069,0.0000000,0.000000,1.8748528,0.000000,0.000000,2.1646702,0.000000,0.000000,0.0000000,0.0000000,2.018026,0.000000,0.000000,0.000000,0.000000,2.076280,0.000000,0.000000,1.6029082,2.131587,0.000000,0.0000000,2.230447,0.000000,0.0000000
0.000000,2.026922,1.8486205,0.000000,0.0000000,0.000000,0.0000000,0.000000,0.000000,2.068405,1.8490306,0.0000000,2.112725,2.463292,2.249848,2.397210,1.718997,2.2709343,1.902204,1.988439,1.9713421,2.083422,2.069363,2.257995,1.860791,2.101534,2.152342,1.967750,0.0000000,0.000000,0.000000,0.000000,0.000000,0.000000,1.726762,0.000000,2.377524,2.020100,0.000000,0.0000000,0.0000000,1.615134,1.686329,2.005462,0.0000000,0.000000,1.7486356,0.000000,1.845179,2.2165985,0.000000,2.046653,2.0189767,1.9020389,2.293011,0.000000,1.900920,1.863708,0.000000,2.103564,0.000000,1.763590,2.0169515,2.178529,0.000000,0.0000000,2.391838,0.000000,0.0000000
0.000000,1.763822,1.7540920,0.000000,0.0000000,0.000000,0.0000000,0.000000,2.057542,0.000000,1.9577548,1.9497084,2.214960,2.385391,2.205746,2.398398,1.404532,2.0570602,0.000000,1.789298,2.0364958,1.798254,1.688677,2.249234,1.702106,2.123485,1.961209,1.763057,1.8321978,0.000000,0.000000,1.671302,0.000000,0.000000,1.741837,0.000000,2.404092,2.195913,0.000000,0.0000000,1.6080469,0.000000,0.000000,2.239546,0.0000000,0.000000,1.6752561,0.000000,0.000000,1.7855125,1.954321,1.961506,2.0504971,1.7743582,2.119487,0.000000,1.846179,1.734264,0.000000,2.005982,1.679898,0.000000,1.8714610,2.076030,1.640204,0.0000000,2.303889,0.000000,0.0000000
0.000000,1.868226,0.0000000,0.000000,0.0000000,0.000000,0.0000000,1.974070,0.000000,0.000000,0.0000000,2.0775107,2.066206,2.431516,2.260172,2.362423,0.000000,2.2614719,0.000000,0.000000,0.0000000,0.000000,0.000000,2.224884,1.857236,2.124804,0.000000,2.059116,0.0000000,0.000000,0.000000,0.000000,0.000000,1.899287,1.714950,0.000000,2.288134,2.116824,1.610212,0.0000000,0.0000000,0.000000,0.000000,0.000000,0.0000000,0.000000,0.0000000,0.000000,1.646813,2.1937732,0.000000,0.000000,0.0000000,0.0000000,2.127773,2.073088,1.821197,1.998519,0.000000,0.000000,0.000000,0.000000,1.8053275,2.189160,1.817550,0.0000000,2.392421,0.000000,0.0000000
0.000000,1.661415,0.0000000,0.000000,0.0000000,0.000000,0.0000000,1.908524,2.035653,0.000000,0.0000000,2.0881821,1.836451,2.447631,2.238716,2.337834,0.000000,2.1889974,0.000000,1.997365,1.7114139,2.001360,1.902796,2.207009,0.000000,2.069961,2.117911,1.809491,0.0000000,0.000000,0.000000,0.000000,0.000000,0.000000,1.875924,0.000000,2.456390,2.037107,0.000000,0.0000000,0.0000000,0.000000,0.000000,2.207651,0.0000000,1.914573,0.0000000,0.000000,0.000000,2.1218624,0.000000,1.949870,0.0000000,0.0000000,2.035489,0.000000,0.000000,1.607158,0.000000,2.189251,0.000000,1.678422,1.9609235,2.083988,1.757246,0.0000000,2.255612,0.000000,0.0000000
0.000000,1.951942,0.0000000,0.000000,0.0000000,0.000000,0.0000000,0.000000,1.944815,0.000000,0.0000000,2.2135571,2.055790,2.496129,2.259958,2.412444,0.000000,2.4961641,2.059532,1.898816,2.1197838,2.408558,2.295837,2.163495,1.974635,2.218119,1.954575,0.000000,0.0000000,0.000000,2.086264,0.000000,0.000000,0.000000,1.800405,0.000000,2.525871,0.000000,0.000000,0.0000000,0.0000000,0.000000,0.000000,2.163875,0.0000000,1.820081,0.0000000,0.000000,0.000000,2.0714415,2.145593,2.235555,1.9162935,0.0000000,2.166891,0.000000,0.000000,0.000000,0.000000,2.240875,0.000000,0.000000,2.2037205,2.137068,0.000000,0.0000000,2.461037,0.000000,0.0000000
0.000000,1.865927,1.7024135,0.000000,0.0000000,0.000000,0.0000000,2.007878,1.863507,0.000000,0.0000000,2.1237452,2.011844,2.455374,2.236331,2.364613,0.000000,1.7571604,0.000000,1.969913,1.6390457,2.044866,1.911284,2.212217,1.863440,2.221584,1.586560,1.977642,1.9277385,0.000000,0.000000,0.000000,0.000000,0.000000,1.862338,0.000000,2.412835,1.921943,0.000000,0.0000000,0.0000000,0.000000,0.000000,2.043539,0.0000000,1.713240,0.0000000,0.000000,1.710346,2.0972141,0.000000,2.214965,0.0000000,0.0000000,2.106335,0.000000,0.000000,0.000000,0.000000,2.216243,0.000000,0.000000,1.6849809,2.109186,0.000000,0.0000000,2.227505,0.000000,0.0000000
0.000000,1.897700,0.0000000,0.000000,0.0000000,0.000000,0.0000000,0.000000,2.105916,0.000000,0.0000000,2.1480485,2.049265,2.447120,2.246709,2.412012,0.000000,2.3540647,1.768422,1.925135,2.0128339,2.158537,2.026667,2.160834,1.901398,2.277003,2.125380,2.093289,1.5958682,0.000000,0.000000,0.000000,0.000000,0.000000,1.822666,0.000000,2.435487,1.929429,0.000000,0.0000000,0.0000000,0.000000,1.662978,2.250673,0.0000000,0.000000,0.0000000,0.000000,0.000000,2.1933855,0.000000,0.000000,0.0000000,0.0000000,2.249438,0.000000,0.000000,0.000000,0.000000,2.262973,0.000000,1.739959,2.0806666,2.151872,0.000000,0.0000000,2.450134,0.000000,0.0000000
2.000564,1.948843,2.1435160,2.185811,0.0000000,0.000000,0.0000000,2.097522,0.000000,0.000000,2.1350931,2.2414646,2.281036,2.433059,2.134860,2.423817,0.000000,2.2634017,0.000000,0.000000,2.0403239,2.046415,0.000000,2.220421,0.000000,2.108730,1.976813,2.016256,0.0000000,0.000000,0.000000,0.000000,0.000000,0.000000,1.985629,2.099050,2.536928,2.119644,0.000000,0.0000000,0.0000000,0.000000,0.000000,2.075655,2.0969217,1.957774,0.0000000,0.000000,0.000000,1.9074650,2.262338,0.000000,0.0000000,2.0101619,2.300117,2.186729,0.000000,1.776384,0.000000,2.351797,0.000000,1.897509,1.9499898,2.095222,1.778198,0.0000000,2.411808,2.080801,0.0000000
0.000000,1.899042,0.0000000,0.000000,2.1257951,0.000000,0.0000000,1.971068,0.000000,0.000000,0.0000000,2.1497240,2.171683,2.482095,2.226293,2.364499,0.000000,2.3508302,0.000000,1.941360,0.0000000,2.089799,1.931256,2.155669,0.000000,2.226020,1.948351,1.983402,0.0000000,0.000000,0.000000,0.000000,0.000000,1.724099,1.816790,0.000000,2.341677,1.946909,1.840036,0.0000000,0.0000000,0.000000,0.000000,2.032827,0.0000000,0.000000,0.0000000,0.000000,0.000000,2.1331763,0.000000,2.017813,0.0000000,0.0000000,2.161529,0.000000,0.000000,0.000000,0.000000,2.189588,0.000000,0.000000,0.0000000,2.075665,0.000000,0.0000000,2.280844,0.000000,0.0000000
0.000000,1.939074,0.0000000,1.847473,1.8959946,0.000000,0.0000000,0.000000,2.056069,0.000000,2.1115848,2.2384586,2.189050,2.453173,2.184626,2.453419,0.000000,2.3058674,0.000000,1.991474,1.8994245,2.086058,2.031592,2.215799,1.815029,2.201624,2.169379,2.121040,0.0000000,0.000000,0.000000,0.000000,0.000000,1.684452,1.882395,1.660077,2.447812,2.023874,1.698130,0.0000000,0.0000000,0.000000,0.000000,2.112400,1.4778959,2.086318,1.9591314,0.000000,0.000000,2.1959104,2.103433,2.010485,2.0460113,1.8730339,2.061399,1.840020,1.729379,0.000000,0.000000,2.237383,1.641023,1.719383,2.0045006,2.145950,0.000000,0.0000000,2.507226,1.926394,0.0000000
0.000000,1.912557,1.5935485,0.000000,1.5999492,0.000000,0.0000000,1.977360,1.835270,1.801384,0.0000000,2.0901189,2.108789,2.406066,2.158602,2.384398,0.000000,2.2529723,0.000000,0.000000,1.8283995,1.862203,1.968304,2.233131,0.000000,2.148514,0.000000,2.082209,0.0000000,1.754019,0.000000,0.000000,0.000000,0.000000,0.000000,0.000000,2.469166,1.977025,0.000000,0.0000000,0.0000000,0.000000,0.000000,2.150844,1.9487083,2.073040,0.0000000,1.728310,0.000000,2.1156172,1.817447,1.882215,2.1401889,0.0000000,2.309772,1.997011,0.000000,0.000000,0.000000,2.346592,0.000000,1.693116,1.7026184,2.130890,1.697412,0.0000000,2.477631,0.000000,0.0000000
0.000000,1.931021,0.0000000,0.000000,0.0000000,0.000000,0.0000000,1.860161,0.000000,0.000000,0.0000000,2.1616223,2.101335,2.447911,2.172086,2.388421,0.000000,2.3415415,0.000000,1.807274,0.0000000,2.016863,0.000000,2.239197,0.000000,2.166290,0.000000,2.105319,0.0000000,0.000000,0.000000,0.000000,0.000000,0.000000,1.843561,0.000000,2.444805,2.064249,0.000000,0.0000000,0.0000000,0.000000,0.000000,0.000000,0.0000000,0.000000,0.0000000,0.000000,0.000000,2.2054411,0.000000,2.166729,2.0805086,0.0000000,2.365894,0.000000,0.000000,0.000000,0.000000,2.199148,0.000000,0.000000,0.0000000,2.082348,0.000000,0.0000000,2.499197,1.837823,0.0000000
0.000000,2.208562,1.7860978,0.000000,1.7290696,0.000000,0.0000000,1.724756,1.871788,0.000000,0.0000000,2.1111803,1.955634,2.452161,2.295880,2.415676,0.000000,2.1157162,0.000000,0.000000,1.9234370,0.000000,1.409244,2.225125,1.561231,2.030056,1.947532,2.017247,1.8029810,1.829931,0.000000,0.000000,1.195612,0.000000,1.684014,0.000000,2.404867,2.093243,0.000000,0.0000000,0.0000000,0.000000,0.000000,2.004988,0.0000000,0.000000,1.8601889,0.000000,1.895738,0.0000000,0.000000,1.823753,2.1698040,1.6628464,2.216920,0.000000,0.000000,1.521921,0.000000,2.019677,0.000000,0.000000,0.0000000,1.972029,1.888115,0.0000000,1.955123,0.000000,0.0000000
0.000000,2.299941,1.7658377,0.000000,0.0000000,0.000000,0.0000000,0.000000,0.000000,0.000000,1.8729404,2.0265614,1.551066,2.414876,2.159767,2.399768,1.491828,2.1482761,1.531622,1.920687,1.6497040,1.918621,0.000000,2.208878,1.753421,2.016230,1.519534,1.845187,1.7638490,1.747651,0.000000,0.000000,2.423916,0.000000,2.006854,0.000000,2.383805,1.976793,0.000000,0.0000000,1.8127916,1.889701,0.000000,1.826157,0.0000000,0.000000,0.0000000,0.000000,0.000000,2.1228244,0.000000,1.911517,2.0260486,1.5983130,2.115223,0.000000,0.000000,2.160134,1.917881,0.000000,0.000000,0.000000,2.1332235,2.037765,0.000000,1.8200532,2.068900,0.000000,1.8063445
2.267238,2.133423,0.0000000,2.255667,0.0000000,0.000000,2.0273444,1.918722,0.000000,2.227370,2.4712044,0.0000000,2.078974,2.387363,2.016969,2.390152,0.000000,2.1111265,0.000000,0.000000,1.8548603,1.860059,1.949075,2.173352,0.000000,2.057553,0.000000,1.925010,0.0000000,0.000000,0.000000,0.000000,0.000000,0.000000,1.773965,0.000000,2.519783,1.921695,0.000000,0.0000000,0.0000000,0.000000,0.000000,1.890800,1.9075177,0.000000,0.0000000,1.762260,0.000000,0.0000000,2.218520,2.119813,0.0000000,0.0000000,1.891701,2.061448,0.000000,1.826052,0.000000,2.156344,0.000000,0.000000,2.1642166,1.770115,0.000000,1.9092448,2.382475,1.991604,1.6343580
0.000000,1.869448,1.8687741,0.000000,0.0000000,0.000000,0.0000000,0.000000,1.853296,0.000000,1.6453186,2.1411574,2.176618,2.416261,2.225706,2.426051,0.000000,2.2413972,1.572071,1.969784,1.9515835,2.043255,1.987471,2.211889,1.866948,2.140863,2.137734,2.068425,1.6837140,0.000000,1.580451,0.000000,0.000000,1.670171,1.766374,0.000000,2.397943,1.984432,0.000000,0.0000000,0.0000000,1.778973,0.000000,2.174741,0.0000000,0.000000,1.6597547,0.000000,1.743738,2.1115703,2.007052,2.119597,0.0000000,1.6598893,2.209217,1.806658,1.707159,1.756303,1.630018,2.157551,0.000000,0.000000,2.0346051,2.164339,1.704268,0.0000000,2.459081,0.000000,0.0000000
0.000000,2.177171,0.0000000,0.000000,0.0000000,0.000000,0.0000000,0.000000,0.000000,2.103512,0.0000000,0.0000000,2.060869,2.445604,2.178900,2.394362,0.000000,1.9399123,0.000000,0.000000,0.0000000,0.000000,0.000000,2.187567,0.000000,0.000000,0.000000,1.994833,0.0000000,0.000000,0.000000,2.052803,2.278039,0.000000,0.000000,0.000000,2.476356,2.319747,0.000000,0.0000000,1.9437749,0.000000,0.000000,0.000000,0.0000000,0.000000,0.0000000,0.000000,0.000000,2.0595769,0.000000,0.000000,0.0000000,0.0000000,1.940435,0.000000,0.000000,0.000000,0.000000,0.000000,0.000000,0.000000,0.0000000,1.867508,0.000000,0.0000000,2.136778,0.000000,0.0000000
0.000000,0.000000,0.0000000,0.000000,0.0000000,0.000000,0.0000000,0.000000,0.000000,0.000000,0.0000000,0.0000000,1.918084,2.555468,2.205540,2.361230,0.000000,2.1577295,0.000000,0.000000,0.0000000,0.000000,0.000000,2.265116,1.876210,2.057853,2.051685,0.000000,0.0000000,0.000000,0.000000,0.000000,0.000000,0.000000,0.000000,0.000000,2.263558,2.117441,0.000000,0.0000000,0.0000000,0.000000,0.000000,1.953890,0.0000000,0.000000,0.0000000,0.000000,0.000000,0.0000000,0.000000,0.000000,0.0000000,0.0000000,1.859660,0.000000,0.000000,0.000000,0.000000,0.000000,0.000000,0.000000,0.0000000,2.247404,0.000000,0.0000000,2.433811,0.000000,0.0000000
0.000000,1.931844,0.0000000,0.000000,2.0915992,0.000000,0.0000000,1.870423,0.000000,0.000000,0.0000000,2.0574533,2.085472,2.482216,2.202042,2.355692,0.000000,2.3836499,0.000000,2.019583,0.0000000,2.203891,2.018377,2.184722,0.000000,2.257695,0.000000,1.924679,0.0000000,0.000000,0.000000,0.000000,0.000000,0.000000,0.000000,0.000000,2.279587,0.000000,1.846597,0.0000000,0.0000000,0.000000,0.000000,1.966467,0.0000000,0.000000,0.0000000,0.000000,0.000000,1.9883433,0.000000,0.000000,0.0000000,0.0000000,1.995658,0.000000,0.000000,0.000000,0.000000,2.267519,0.000000,0.000000,0.0000000,2.050675,1.931312,0.0000000,2.279898,0.000000,0.0000000
0.000000,1.959843,2.1061877,2.026045,0.0000000,0.000000,0.0000000,1.951329,0.000000,0.000000,0.0000000,2.0541812,2.140901,2.444860,2.183593,2.407531,0.000000,2.2777273,0.000000,0.000000,1.9964525,2.055614,2.011519,2.119623,0.000000,2.167157,1.945222,2.036144,0.0000000,0.000000,0.000000,0.000000,2.073329,0.000000,1.657068,2.092596,2.280155,2.102433,0.000000,0.0000000,0.0000000,0.000000,0.000000,2.113163,2.0636360,1.742986,0.0000000,0.000000,0.000000,1.7917110,1.999598,0.000000,0.0000000,0.0000000,2.183801,2.142490,0.000000,0.000000,0.000000,2.098544,0.000000,0.000000,0.0000000,2.065219,0.000000,0.0000000,2.430260,2.097737,0.0000000
0.000000,0.000000,0.0000000,0.000000,0.0000000,0.000000,0.0000000,1.740167,2.097806,0.000000,0.0000000,2.0785048,2.035188,2.449164,2.186970,2.374980,1.753289,2.3970971,1.887564,1.730372,1.9059274,2.254435,2.099432,2.149446,0.000000,2.257184,2.054971,2.206911,0.0000000,0.000000,1.748500,0.000000,0.000000,0.000000,0.000000,0.000000,2.400364,1.942711,0.000000,0.0000000,0.0000000,0.000000,1.822404,2.170129,0.0000000,0.000000,0.0000000,0.000000,0.000000,2.1163320,2.014901,0.000000,2.0115292,1.5011316,2.167956,0.000000,1.699139,0.000000,0.000000,2.183469,0.000000,1.806466,1.9927373,2.046594,0.000000,0.0000000,2.412853,0.000000,0.0000000
0.000000,1.989686,0.0000000,0.000000,0.0000000,0.000000,0.0000000,2.052855,2.072237,0.000000,0.0000000,2.0233344,2.161184,2.438872,2.262590,2.422398,0.000000,0.0000000,0.000000,1.863011,0.0000000,2.264744,2.141721,2.168557,0.000000,2.297808,2.021181,2.205753,0.0000000,0.000000,0.000000,0.000000,0.000000,0.000000,1.733614,0.000000,2.440709,1.965003,0.000000,0.0000000,0.0000000,1.735474,0.000000,2.251738,0.0000000,1.999778,0.0000000,0.000000,0.000000,2.1976646,2.177533,2.194772,0.0000000,0.0000000,2.255667,0.000000,1.679827,0.000000,0.000000,2.224949,0.000000,0.000000,2.0787620,2.134771,0.000000,0.0000000,2.466352,0.000000,0.0000000
0.000000,1.868013,0.0000000,0.000000,0.0000000,0.000000,0.0000000,0.000000,1.830989,0.000000,0.0000000,2.1261934,2.217213,2.467218,2.252553,2.382700,0.000000,2.4154359,1.841916,1.945843,0.0000000,2.242650,2.106844,2.142072,0.000000,2.271797,1.946141,2.151700,0.0000000,0.000000,1.677654,0.000000,1.739767,1.778062,1.751508,0.000000,2.386654,0.000000,0.000000,1.8921061,0.0000000,0.000000,0.000000,2.008542,0.0000000,1.837573,0.0000000,0.000000,0.000000,2.1558544,2.119468,1.737733,0.0000000,0.0000000,2.006064,0.000000,0.000000,0.000000,0.000000,2.178867,0.000000,1.856378,2.0045378,2.163453,1.849899,0.0000000,2.538546,0.000000,0.0000000
0.000000,1.992195,1.7454757,0.000000,0.0000000,0.000000,1.3825817,2.073265,2.049301,1.888570,1.8828185,1.6088576,1.825054,2.439534,2.180166,2.350754,2.173584,2.3920843,1.946532,0.000000,1.7396387,2.008135,2.160388,2.111755,1.815438,2.288546,1.999338,2.237163,2.0414318,1.837102,1.948854,0.000000,0.000000,0.000000,1.733246,0.000000,2.415750,1.886561,0.000000,0.0000000,0.0000000,1.521190,1.823887,2.155577,0.0000000,0.000000,1.9301131,0.000000,1.715817,2.0483078,0.000000,2.060954,0.0000000,0.0000000,1.981240,0.000000,1.845080,1.575284,1.553523,2.062493,0.000000,0.000000,2.0046778,1.970634,1.438523,0.0000000,2.234305,1.779927,0.0000000
0.000000,1.914369,1.6534702,0.000000,0.0000000,0.000000,0.0000000,2.009131,2.113461,0.000000,0.0000000,2.1370536,2.105888,2.412460,2.202503,2.398714,0.000000,2.4023754,1.784382,1.854460,0.0000000,2.229331,2.109918,2.188553,1.903534,2.309641,1.799067,2.259175,1.9378335,0.000000,1.463085,0.000000,0.000000,0.000000,1.687530,0.000000,2.458989,1.983468,0.000000,0.0000000,0.0000000,1.819989,1.741583,2.191878,0.0000000,2.258569,1.7288111,0.000000,0.000000,2.1269694,1.931276,2.000548,0.0000000,1.7928634,2.368982,0.000000,1.655113,1.796559,0.000000,2.261449,0.000000,1.763043,1.8659007,2.038719,1.978041,1.4351570,2.422383,1.746491,0.0000000
0.000000,1.490098,1.8517069,0.000000,0.0000000,0.000000,0.0000000,2.075285,2.008831,1.956788,0.0000000,2.2228083,2.205670,2.427859,2.230269,2.420021,1.512947,2.3617181,1.488132,1.966826,1.9586274,2.133373,2.002369,2.259046,1.923162,2.181765,1.918599,2.112621,0.0000000,1.515988,0.000000,0.000000,0.000000,0.000000,1.989572,0.000000,2.472357,1.916687,0.000000,0.0000000,0.0000000,1.960631,0.000000,2.196652,0.0000000,1.716174,1.7947783,0.000000,0.000000,2.1504984,2.181990,1.996417,2.1405445,0.0000000,2.221669,0.000000,1.829614,1.778456,1.713240,2.208680,0.000000,1.778420,2.0586395,2.094805,1.767879,1.4721596,2.458281,0.000000,1.6120253
0.000000,2.059420,1.9598900,1.994106,1.4379501,0.000000,0.0000000,1.980670,1.952167,0.000000,1.8848398,2.1488564,2.204716,2.466246,2.219099,2.352850,0.000000,2.3958037,1.843879,1.965134,1.8967826,2.208967,2.064447,2.186016,1.999400,2.291335,1.788231,2.166256,1.7697881,0.000000,1.894314,0.000000,0.000000,0.000000,1.574925,0.000000,2.382175,1.941697,0.000000,0.0000000,1.7012608,1.791531,1.838565,2.155720,2.1351831,1.955458,0.0000000,0.000000,1.260767,1.8567655,0.000000,2.361574,0.0000000,1.9737624,2.051985,2.072730,1.844704,1.958688,1.694482,2.056887,1.597685,0.000000,1.8970736,2.056894,1.769225,0.0000000,2.364875,1.720097,1.3459926
0.000000,1.808157,0.0000000,0.000000,0.0000000,0.000000,1.7604731,1.964040,1.971860,0.000000,1.7762593,2.1576762,2.095070,2.447552,2.249515,2.388823,0.000000,2.3594674,1.883735,1.930422,1.6803947,2.178194,2.058960,2.226651,1.850924,2.188499,2.010195,2.098356,0.0000000,0.000000,1.800236,0.000000,0.000000,0.000000,1.964450,0.000000,2.405829,1.926687,0.000000,0.0000000,0.0000000,1.799110,0.000000,2.198844,0.0000000,0.000000,1.8210605,0.000000,1.757900,1.9428131,2.023269,1.748696,2.0474616,1.6093714,2.060520,0.000000,0.000000,0.000000,0.000000,2.236812,1.765636,1.763207,1.9760912,2.156172,1.454867,0.0000000,2.474974,1.756216,0.0000000
2.244585,2.220369,2.1249309,2.141608,1.7376844,0.000000,0.0000000,2.141753,2.147727,0.000000,2.2011626,2.1948980,2.311492,2.420591,2.120863,2.445453,2.063473,2.2675827,0.000000,0.000000,2.0307737,2.072006,2.208852,2.120306,0.000000,1.848044,2.001744,2.017176,0.0000000,0.000000,0.000000,0.000000,2.007750,0.000000,1.943504,2.102589,2.530500,2.083355,0.000000,2.1241845,1.9391596,1.958822,0.000000,2.076219,2.1813946,1.948940,0.0000000,1.849365,0.000000,1.8758019,2.265817,1.918035,0.0000000,2.0574172,2.264323,2.158871,0.000000,1.903084,0.000000,2.321799,0.000000,1.894817,2.1842723,2.027573,1.733447,2.0264870,2.550224,2.092799,0.0000000
0.000000,2.485400,0.0000000,0.000000,2.0833342,0.000000,0.0000000,0.000000,1.944127,0.000000,0.0000000,2.0957708,2.201110,2.476839,2.308140,2.395953,0.000000,2.3394815,1.635550,1.863514,2.1314184,2.285163,1.989924,2.241380,0.000000,2.183142,2.137478,2.088991,0.0000000,2.002409,0.000000,0.000000,0.000000,0.000000,0.000000,1.767322,2.004741,2.059871,0.000000,2.2464645,2.3214097,1.680158,0.000000,2.009257,0.0000000,0.000000,0.0000000,0.000000,0.000000,2.1487779,0.000000,1.919602,0.0000000,1.6175584,2.039135,1.955195,1.718481,1.970256,0.000000,2.163098,0.000000,0.000000,2.1169128,2.061883,0.000000,1.8294255,2.509963,0.000000,0.0000000
0.000000,0.000000,0.0000000,0.000000,0.0000000,0.000000,0.0000000,0.000000,0.000000,0.000000,0.0000000,0.0000000,2.207656,2.430104,2.002050,2.406165,0.000000,2.3079006,0.000000,1.809926,0.0000000,2.020773,2.130122,2.092695,1.821288,0.000000,0.000000,1.998779,0.0000000,0.000000,0.000000,2.100391,2.179096,0.000000,1.763221,0.000000,2.497727,2.306378,0.000000,0.0000000,2.1374586,0.000000,0.000000,2.040540,0.0000000,0.000000,0.0000000,0.000000,0.000000,2.0611473,0.000000,0.000000,0.0000000,0.0000000,2.194217,0.000000,0.000000,0.000000,0.000000,0.000000,0.000000,0.000000,0.0000000,0.000000,0.000000,0.0000000,2.291930,1.785066,0.0000000
0.000000,1.541094,0.0000000,0.000000,0.0000000,0.000000,0.0000000,0.000000,1.501200,0.000000,0.0000000,0.0000000,2.181854,2.450009,2.287573,2.376419,1.623620,2.4746333,1.584661,2.020475,1.9340187,2.321546,2.211083,2.238784,1.963985,2.296104,1.695922,2.192955,0.0000000,0.000000,1.833813,1.768633,0.000000,0.000000,0.000000,0.000000,0.000000,0.000000,0.000000,0.0000000,0.0000000,0.000000,2.023239,0.000000,0.0000000,0.000000,0.0000000,0.000000,1.805021,2.2066234,0.000000,1.948313,0.0000000,0.0000000,2.021556,1.804169,1.706860,1.720261,0.000000,0.000000,0.000000,1.573345,0.0000000,1.901111,0.000000,0.0000000,2.194708,0.000000,0.0000000
0.000000,1.504711,0.0000000,0.000000,0.0000000,0.000000,0.0000000,0.000000,2.062529,0.000000,0.0000000,1.6055535,2.148345,2.470026,2.245238,2.360857,1.620017,0.0000000,2.028701,1.895454,1.9886387,2.303578,2.289347,2.183970,0.000000,1.996166,1.719089,2.219416,0.0000000,0.000000,1.939133,1.676883,0.000000,0.000000,0.000000,0.000000,1.920141,0.000000,0.000000,0.0000000,0.0000000,0.000000,0.000000,2.182698,0.0000000,2.003529,0.0000000,0.000000,0.000000,1.8257963,0.000000,1.708446,0.0000000,0.0000000,2.138387,2.144293,1.812452,0.000000,0.000000,0.000000,0.000000,0.000000,1.7244546,1.960279,0.000000,0.0000000,2.153317,0.000000,0.0000000
0.000000,0.000000,0.0000000,0.000000,0.0000000,0.000000,0.0000000,0.000000,0.000000,0.000000,0.0000000,0.0000000,2.102092,2.477059,2.246765,2.290224,0.000000,2.4486248,0.000000,1.948469,2.0130846,2.314587,2.205117,2.182227,2.048557,2.279206,0.000000,2.121448,0.0000000,0.000000,0.000000,1.729156,0.000000,0.000000,0.000000,0.000000,0.000000,0.000000,1.844642,0.0000000,0.0000000,0.000000,0.000000,1.890800,0.0000000,0.000000,1.7469801,0.000000,0.000000,0.0000000,0.000000,1.708268,0.0000000,0.0000000,1.674154,1.961068,1.881749,1.580277,0.000000,0.000000,0.000000,0.000000,0.0000000,2.034179,0.000000,0.0000000,2.208683,0.000000,0.0000000
0.000000,0.000000,0.0000000,0.000000,2.2570430,0.000000,0.0000000,0.000000,0.000000,0.000000,0.0000000,0.0000000,2.242115,2.489382,2.131586,2.408409,1.980713,1.9798879,2.011221,2.045575,1.9302736,2.308652,2.181005,2.180421,1.993012,2.243318,0.000000,2.162803,2.2662420,0.000000,2.196526,0.000000,0.000000,0.000000,0.000000,1.930330,2.135178,0.000000,0.000000,0.0000000,0.0000000,0.000000,2.032107,2.097284,0.0000000,1.920881,0.0000000,0.000000,0.000000,2.1658806,0.000000,1.841563,0.0000000,0.0000000,2.221625,0.000000,0.000000,1.752467,0.000000,0.000000,0.000000,0.000000,0.0000000,1.898319,0.000000,0.0000000,2.078315,0.000000,0.0000000
0.000000,0.000000,0.0000000,0.000000,0.0000000,0.000000,0.0000000,0.000000,1.625426,0.000000,0.0000000,0.0000000,2.171300,2.429267,2.285292,2.372275,1.961490,2.1146285,1.994562,1.892805,2.0766690,1.992865,2.191271,2.204899,2.057968,2.145246,2.169798,2.188309,2.2207549,0.000000,1.827688,1.814236,0.000000,0.000000,0.000000,0.000000,0.000000,0.000000,0.000000,0.0000000,0.0000000,0.000000,1.908139,1.953956,0.0000000,2.062373,0.0000000,0.000000,0.000000,2.2272648,0.000000,0.000000,0.0000000,0.0000000,2.173013,2.015197,1.901804,1.563214,0.000000,0.000000,0.000000,0.000000,0.0000000,2.035201,0.000000,0.0000000,2.232209,0.000000,0.0000000
0.000000,0.000000,0.0000000,0.000000,0.0000000,0.000000,0.0000000,0.000000,1.834303,0.000000,0.0000000,1.9224601,1.584236,2.439336,2.103098,2.297410,1.910860,2.5131323,1.256887,2.107939,2.1033272,1.991791,2.151709,2.239358,0.000000,2.128166,1.918582,2.170018,0.0000000,0.000000,1.833888,1.785512,0.000000,0.000000,1.569029,0.000000,1.982580,0.000000,1.937879,0.0000000,2.0348807,0.000000,2.139216,2.065806,0.0000000,1.304304,1.6439586,0.000000,0.000000,2.2387513,0.000000,1.699223,1.8954544,1.6387087,2.001779,1.721551,1.648265,1.875497,0.000000,1.732306,0.000000,1.490098,0.0000000,2.048672,0.000000,0.0000000,2.314614,0.000000,0.0000000
0.000000,1.956353,1.8038501,0.000000,0.0000000,0.000000,0.0000000,0.000000,0.000000,0.000000,0.0000000,0.0000000,0.000000,2.465627,2.109514,2.334398,2.241734,0.0000000,2.107839,0.000000,2.0121608,2.084386,2.311540,2.241343,2.114033,2.129237,2.024308,2.229355,2.2441436,0.000000,2.005477,1.721895,0.000000,0.000000,1.758381,0.000000,0.000000,0.000000,0.000000,0.0000000,0.0000000,0.000000,2.066554,0.000000,0.0000000,1.751107,0.0000000,0.000000,0.000000,0.0000000,1.950643,1.864991,1.8355251,0.0000000,1.652347,0.000000,0.000000,1.610467,0.000000,1.820521,0.000000,0.000000,0.0000000,1.996834,0.000000,1.7561877,2.255436,0.000000,0.0000000
0.000000,1.904052,0.0000000,0.000000,0.0000000,0.000000,0.0000000,0.000000,0.000000,0.000000,0.0000000,1.6480336,2.186186,2.516216,2.134833,2.356378,0.000000,2.0488774,1.942766,1.856660,0.0000000,2.178472,2.098283,2.280336,2.024524,1.982180,1.841476,2.142592,0.0000000,0.000000,0.000000,0.000000,0.000000,0.000000,0.000000,0.000000,0.000000,0.000000,2.151680,0.0000000,0.0000000,0.000000,1.788668,2.046542,0.0000000,1.988801,0.0000000,0.000000,1.640902,0.0000000,1.532311,1.729620,0.0000000,0.0000000,0.000000,1.972018,0.000000,1.759508,0.000000,2.008920,0.000000,0.000000,0.0000000,1.841468,0.000000,0.0000000,1.963449,0.000000,0.0000000
0.000000,1.587731,0.0000000,0.000000,0.0000000,0.000000,0.0000000,0.000000,2.079668,0.000000,0.0000000,0.0000000,2.077450,2.444594,2.161104,2.303416,2.226305,0.0000000,1.967405,2.111370,0.0000000,1.914341,2.256561,2.167614,1.838308,2.113872,1.605216,2.202159,2.2010256,0.000000,2.151921,0.000000,0.000000,0.000000,0.000000,1.896470,0.000000,0.000000,0.000000,0.0000000,0.0000000,0.000000,1.932101,2.042384,0.0000000,0.000000,1.5643162,0.000000,0.000000,0.0000000,0.000000,1.873730,0.0000000,1.6754025,0.000000,0.000000,0.000000,0.000000,0.000000,0.000000,0.000000,0.000000,0.0000000,1.902776,0.000000,0.0000000,2.112394,1.674252,0.0000000
2.135162,2.104176,0.0000000,0.000000,0.0000000,0.000000,2.3498991,0.000000,0.000000,0.000000,0.0000000,1.9091455,2.089988,2.412144,2.191276,2.325871,2.012185,0.0000000,1.777492,2.084863,0.0000000,2.231517,2.144799,2.231066,2.059169,2.030321,2.084162,2.156609,0.0000000,0.000000,1.787805,1.689347,0.000000,0.000000,0.000000,0.000000,0.000000,0.000000,1.682553,0.0000000,0.0000000,0.000000,2.036956,1.788439,0.0000000,1.916477,0.0000000,0.000000,1.880448,2.1455940,0.000000,1.811508,1.6669375,1.5192876,1.885782,1.918348,0.000000,0.000000,0.000000,0.000000,0.000000,0.000000,0.0000000,2.096497,0.000000,1.4224250,2.291341,0.000000,0.0000000
0.000000,1.672150,1.7643792,0.000000,0.0000000,0.000000,1.7000162,2.147945,1.947382,0.000000,1.5549413,2.2070754,1.795874,2.474963,2.273779,2.391703,1.696924,2.3616498,1.943811,1.998222,1.7281024,2.146355,2.050637,2.244734,1.968670,2.234289,1.940502,2.036277,0.0000000,1.625393,1.698130,0.000000,0.000000,0.000000,1.951021,0.000000,2.422420,1.908058,1.678804,0.0000000,0.0000000,1.812336,0.000000,2.178511,1.7100346,1.822368,1.6667573,0.000000,1.815523,1.9541586,2.184970,2.091245,0.0000000,0.0000000,2.155365,2.094491,1.825990,1.707278,0.000000,2.183157,1.722345,1.877463,1.9765755,2.174771,1.753289,0.0000000,2.580262,0.000000,1.4761857
0.000000,1.633410,1.5168655,0.000000,0.0000000,0.000000,0.0000000,2.118604,1.963571,0.000000,1.9947401,2.1559679,2.137743,2.506339,2.292927,2.365298,0.000000,2.3541276,1.963384,1.974574,1.7422787,2.160539,2.043013,2.269961,2.019209,2.151242,1.816347,2.055623,0.0000000,0.000000,2.096465,0.000000,0.000000,1.601608,2.011178,0.000000,2.449172,1.898175,1.744392,0.0000000,0.0000000,1.924717,0.000000,1.947773,0.0000000,1.747117,1.7778268,0.000000,1.826210,1.9322824,2.097395,2.119686,0.0000000,0.0000000,1.975900,1.878130,1.817419,1.732894,0.000000,2.240674,1.787435,1.882459,2.0844631,2.151780,0.000000,0.0000000,2.585833,1.750467,0.0000000
1.619673,1.775771,0.0000000,0.000000,0.0000000,0.000000,0.0000000,2.056089,1.699641,0.000000,2.1334170,0.0000000,2.212493,2.488504,2.278824,2.439076,0.000000,2.3012911,1.880960,1.948500,1.8894260,2.092834,1.974135,2.210273,1.901764,2.098867,1.649072,2.052660,0.0000000,0.000000,2.088653,0.000000,0.000000,0.000000,1.889316,0.000000,2.450568,1.872560,0.000000,0.0000000,0.0000000,0.000000,0.000000,2.235928,0.0000000,0.000000,0.0000000,0.000000,0.000000,2.0410802,2.139186,2.147301,0.0000000,0.0000000,2.019548,0.000000,0.000000,1.825487,0.000000,2.198656,0.000000,1.919972,2.1062395,2.176204,0.000000,0.0000000,2.497907,1.811537,0.0000000
0.000000,1.679827,1.6436912,0.000000,0.0000000,0.000000,0.0000000,0.000000,0.000000,0.000000,0.0000000,2.1445461,2.189819,2.487753,2.239467,2.397848,0.000000,2.3510809,1.950629,1.898010,0.0000000,2.124293,2.021910,2.231496,1.905310,2.211661,1.908387,2.107255,0.0000000,0.000000,1.900349,0.000000,0.000000,0.000000,1.865986,0.000000,2.445677,1.918287,0.000000,0.0000000,0.0000000,0.000000,0.000000,2.264334,0.0000000,0.000000,0.0000000,0.000000,0.000000,2.0861003,2.152834,1.808716,0.0000000,0.0000000,2.207797,1.757103,0.000000,1.800352,0.000000,2.202716,0.000000,1.835072,2.0371783,2.150917,0.000000,0.0000000,2.357189,0.000000,0.0000000
0.000000,0.000000,0.0000000,0.000000,0.0000000,0.000000,0.0000000,2.064724,1.731596,1.942533,2.1058978,2.1342302,2.220319,2.462279,2.284043,2.356610,0.000000,2.3429863,0.000000,1.933140,1.7247561,2.191720,2.124188,2.212310,1.867104,2.152007,1.967203,2.027366,0.0000000,0.000000,1.994500,0.000000,0.000000,0.000000,1.953137,0.000000,2.421960,1.659997,1.931570,0.0000000,0.0000000,1.766735,0.000000,1.867033,0.0000000,1.536113,0.0000000,0.000000,1.787943,1.9816831,2.161409,2.080865,0.0000000,0.0000000,2.176029,1.866242,0.000000,1.863139,0.000000,2.182542,0.000000,1.915179,1.9435730,2.174468,0.000000,0.0000000,2.594004,1.705801,0.0000000
0.000000,1.806881,1.7254101,1.527428,0.0000000,0.000000,0.0000000,2.013823,1.806881,0.000000,0.0000000,0.0000000,2.195328,2.454641,2.220411,2.434531,0.000000,2.3819523,1.965887,1.871675,1.6627936,2.175308,2.046224,2.259460,1.919139,2.021253,0.000000,2.097954,0.0000000,0.000000,1.812675,0.000000,0.000000,0.000000,1.679589,0.000000,2.418428,1.967486,0.000000,0.0000000,0.0000000,0.000000,0.000000,0.000000,0.0000000,0.000000,1.7431432,0.000000,1.846877,1.7579991,0.000000,1.968058,2.0520200,0.0000000,2.263649,1.404985,0.000000,1.577112,0.000000,2.196542,0.000000,1.825169,2.1663173,2.097757,1.935962,0.0000000,2.454921,1.785852,0.0000000
0.000000,1.715554,1.8152479,2.008464,2.0236772,0.000000,1.3898040,1.826482,1.953337,0.000000,0.0000000,0.0000000,2.204306,2.446395,2.166241,2.407200,0.000000,2.3347509,1.958749,1.788335,0.0000000,2.272480,2.063145,2.179747,1.922025,1.802888,1.762040,2.056772,0.0000000,0.000000,1.450441,0.000000,0.000000,0.000000,1.841790,0.000000,2.463337,2.006715,0.000000,1.6204287,1.5917673,0.000000,1.572025,2.080642,1.5793159,2.176473,0.0000000,1.687778,1.750616,1.5127549,0.000000,2.193050,2.1408246,0.0000000,2.037979,2.051615,2.055084,1.408689,1.549512,2.062842,1.901548,1.626156,2.0753157,2.071532,1.790561,1.4259165,2.424616,1.848971,1.5610849
0.000000,0.000000,0.0000000,0.000000,0.0000000,0.000000,0.0000000,0.000000,0.000000,0.000000,0.0000000,0.0000000,2.186327,2.484613,2.236097,2.468393,0.000000,2.4143403,2.004778,1.942001,0.0000000,2.255883,2.127195,2.302111,1.787655,2.116555,2.060854,0.000000,0.0000000,0.000000,2.109373,0.000000,0.000000,0.000000,1.647454,0.000000,2.498858,2.013862,1.919872,0.0000000,0.0000000,0.000000,0.000000,1.937072,0.0000000,0.000000,1.7334304,0.000000,0.000000,0.0000000,2.159945,1.913959,0.0000000,0.0000000,2.299870,0.000000,1.661840,1.589720,0.000000,2.188698,0.000000,0.000000,2.0172662,2.071863,1.967343,0.0000000,2.488527,1.760891,0.0000000
0.000000,0.000000,0.0000000,0.000000,0.0000000,0.000000,0.0000000,1.864872,1.807606,0.000000,0.0000000,2.0470127,2.108772,2.458146,2.238186,2.421525,0.000000,2.3145824,0.000000,1.912626,1.8892608,2.109821,1.844673,2.288499,1.875478,2.024223,1.667246,1.930566,2.0949410,0.000000,2.087984,0.000000,0.000000,0.000000,1.716511,0.000000,2.401091,1.797177,0.000000,0.0000000,0.0000000,0.000000,0.000000,1.782190,0.0000000,0.000000,0.0000000,0.000000,1.940553,1.9831176,1.873909,1.912119,0.0000000,0.0000000,2.218489,1.600568,1.589844,1.802232,1.745306,2.217013,0.000000,0.000000,1.9914061,2.126160,0.000000,0.0000000,2.377218,0.000000,0.0000000
0.000000,2.177017,0.0000000,0.000000,0.0000000,0.000000,0.0000000,1.898827,2.056341,0.000000,2.0861314,2.1121409,2.145754,2.498810,2.290090,2.405526,0.000000,2.2815640,0.000000,1.971085,0.0000000,0.000000,1.888592,2.286592,1.979794,2.009752,2.086401,1.995472,0.0000000,0.000000,0.000000,0.000000,0.000000,0.000000,0.000000,0.000000,2.410337,0.000000,1.825434,0.0000000,0.0000000,0.000000,0.000000,2.205049,0.0000000,0.000000,1.7837539,0.000000,1.976975,1.9987673,0.000000,1.972355,0.0000000,0.0000000,2.370005,2.014965,0.000000,1.944160,0.000000,2.233516,0.000000,1.771025,1.8844517,2.133443,0.000000,0.0000000,2.517193,0.000000,0.0000000
0.000000,1.563742,1.8377102,0.000000,0.0000000,0.000000,0.0000000,2.031571,1.944411,0.000000,2.0286902,0.0000000,2.138181,2.495557,2.279139,2.409533,0.000000,2.3448145,2.026529,2.088702,0.0000000,2.218570,2.155760,2.252019,0.000000,2.096090,1.852500,0.000000,2.1771836,0.000000,2.168971,0.000000,0.000000,0.000000,1.858102,0.000000,2.341458,0.000000,0.000000,0.0000000,0.0000000,0.000000,0.000000,2.157162,1.7360335,0.000000,1.7084260,0.000000,1.901578,0.0000000,2.053798,1.692374,0.0000000,0.0000000,0.000000,1.503503,1.608637,1.754310,1.686942,2.232791,0.000000,0.000000,2.1789146,2.093342,0.000000,0.0000000,2.441354,0.000000,1.7097807
0.000000,1.895544,0.0000000,1.704794,0.0000000,0.000000,0.0000000,0.000000,1.847789,0.000000,0.0000000,2.1444513,2.240831,2.460077,2.222567,2.392765,0.000000,2.3083844,0.000000,1.881650,0.0000000,2.151911,2.066903,2.272469,1.962300,2.068473,0.000000,2.010479,2.1294872,0.000000,2.175781,0.000000,0.000000,0.000000,1.785184,0.000000,2.406937,1.974281,0.000000,0.0000000,0.0000000,0.000000,0.000000,2.167315,0.0000000,0.000000,0.0000000,0.000000,0.000000,1.7743836,2.101664,0.000000,2.0421191,0.0000000,2.134161,0.000000,0.000000,1.667297,0.000000,2.289782,0.000000,0.000000,2.0073512,2.139817,0.000000,0.0000000,2.524068,0.000000,0.0000000
0.000000,1.941099,1.7850072,0.000000,0.0000000,0.000000,0.0000000,1.866301,0.000000,0.000000,0.0000000,2.0237404,2.161431,2.480934,2.196457,2.382155,0.000000,2.3764479,1.997998,2.075090,1.7079718,2.220683,2.184266,2.269550,2.098777,2.201054,2.036710,2.080348,2.1971486,0.000000,2.262237,0.000000,0.000000,0.000000,1.890315,0.000000,2.436183,1.984972,0.000000,0.0000000,0.0000000,0.000000,0.000000,2.234546,0.0000000,0.000000,0.0000000,0.000000,1.869416,0.0000000,1.993745,0.000000,0.0000000,0.0000000,1.874459,0.000000,1.727007,1.928420,0.000000,2.160477,0.000000,0.000000,2.1640880,2.137782,0.000000,0.0000000,2.533168,0.000000,0.0000000
0.000000,1.868909,1.9317247,0.000000,0.0000000,0.000000,0.0000000,1.987344,2.048222,0.000000,0.0000000,2.1376778,2.090852,2.492648,2.292592,2.384406,0.000000,2.3251611,1.794283,2.115159,0.0000000,2.142067,2.069369,2.222427,2.164289,2.156778,2.094348,1.976653,2.0975831,0.000000,2.166636,0.000000,0.000000,0.000000,1.856498,0.000000,2.370645,1.969173,0.000000,0.0000000,1.7769581,0.000000,0.000000,2.244220,0.0000000,1.559077,0.0000000,0.000000,1.939141,1.8776017,0.000000,1.824867,0.0000000,0.0000000,1.794668,0.000000,1.822558,1.858457,0.000000,2.162533,0.000000,0.000000,2.0739662,2.106170,0.000000,0.0000000,2.343364,1.688003,0.0000000
0.000000,0.000000,0.0000000,0.000000,0.0000000,0.000000,0.0000000,2.063877,0.000000,0.000000,0.0000000,0.0000000,1.955664,2.520444,2.248251,2.411198,0.000000,0.0000000,0.000000,2.017099,0.0000000,0.000000,0.000000,2.311378,1.977324,0.000000,1.960383,0.000000,0.0000000,0.000000,2.186933,0.000000,0.000000,0.000000,1.910529,0.000000,2.499508,0.000000,0.000000,0.0000000,0.0000000,0.000000,0.000000,2.029906,0.0000000,0.000000,1.8329870,0.000000,0.000000,1.7777526,0.000000,1.921351,0.0000000,0.0000000,2.406992,0.000000,0.000000,0.000000,0.000000,2.278752,0.000000,0.000000,1.9386767,2.209803,0.000000,0.0000000,2.426513,0.000000,0.0000000
0.000000,0.000000,1.9537336,1.935758,0.0000000,0.000000,0.0000000,2.149134,1.998549,0.000000,1.7264122,2.2736034,2.256647,2.471249,2.208051,2.387624,0.000000,2.3504253,1.793253,1.982963,1.9834364,2.144800,2.055330,2.273089,0.000000,2.048132,1.742719,0.000000,2.1081163,0.000000,2.115424,1.838982,0.000000,0.000000,1.929287,0.000000,2.532214,2.003372,0.000000,0.0000000,0.0000000,0.000000,1.711298,2.121016,0.0000000,1.654919,1.8176712,0.000000,0.000000,2.1961431,2.209607,2.034312,0.0000000,0.0000000,2.064512,1.882093,1.698593,1.932160,1.650533,2.370844,1.587481,1.844896,2.0301491,2.162640,0.000000,0.0000000,2.558911,0.000000,1.6192590
1.927407,0.000000,1.9883784,1.804755,0.0000000,0.000000,1.9965953,2.085763,2.051882,0.000000,2.1575997,2.2319043,2.170590,2.490520,2.243127,2.398940,0.000000,2.3671144,2.193879,1.945225,1.9739036,2.274303,2.043558,2.228648,1.964315,2.042040,2.126988,0.000000,0.0000000,1.758268,1.935774,2.003954,0.000000,1.900491,2.030070,0.000000,2.339760,1.946726,1.668906,1.8385007,0.0000000,1.821325,1.590747,2.181945,0.0000000,0.000000,0.0000000,0.000000,2.027215,2.1106260,2.165763,2.089437,0.0000000,0.0000000,2.274917,2.178936,2.150383,1.926009,1.627245,2.346746,1.897395,1.883061,2.1521400,2.216619,0.000000,1.4492733,2.560952,1.496923,0.0000000
0.000000,1.772650,1.7918794,0.000000,0.0000000,0.000000,0.0000000,2.017347,2.077211,0.000000,1.7270766,2.2680140,2.171905,2.474183,2.269611,2.408702,0.000000,2.3838072,1.974739,2.068989,0.0000000,2.188352,2.141975,2.241480,2.145263,2.087647,1.854853,2.062546,2.1878811,0.000000,2.212102,1.946045,0.000000,0.000000,1.715309,0.000000,2.477544,1.805419,0.000000,0.0000000,0.0000000,0.000000,0.000000,2.230185,0.0000000,0.000000,0.0000000,0.000000,1.978047,1.6841067,2.076715,1.995257,0.0000000,0.0000000,2.160086,0.000000,0.000000,1.804765,1.786820,2.348927,1.924972,0.000000,2.1647349,2.075304,0.000000,0.0000000,2.581624,0.000000,0.0000000
0.000000,1.904846,0.0000000,0.000000,2.0617056,0.000000,0.0000000,2.099336,1.635800,1.958618,0.0000000,2.1961484,2.213173,2.466885,2.208279,2.400887,0.000000,2.3387070,0.000000,1.888587,0.0000000,2.135353,2.109967,2.239426,2.027783,2.138910,1.824663,2.052589,2.0979885,0.000000,1.898380,0.000000,1.888348,0.000000,1.815903,0.000000,2.512816,1.905782,1.744749,0.0000000,0.0000000,0.000000,0.000000,2.157558,0.0000000,0.000000,0.0000000,0.000000,1.910524,1.8690439,2.249575,2.026967,0.0000000,0.0000000,2.120768,0.000000,0.000000,1.898955,1.679042,2.288883,1.806253,0.000000,1.9895352,2.094027,0.000000,0.0000000,2.318024,0.000000,0.0000000
0.000000,1.735027,0.0000000,2.032209,0.0000000,0.000000,0.0000000,1.913297,1.605028,0.000000,1.9545655,2.0791044,2.162244,2.544826,2.224391,2.392930,0.000000,2.2806607,1.903163,1.903505,2.0152050,2.197945,2.111350,2.272255,1.882911,2.036164,1.984917,2.042741,2.1900575,0.000000,2.090440,2.037681,2.053417,1.984445,1.662185,0.000000,2.403752,1.933171,0.000000,0.0000000,0.0000000,0.000000,0.000000,2.003558,0.0000000,0.000000,1.9828294,0.000000,0.000000,1.9593604,2.154923,1.958624,0.0000000,0.0000000,2.020223,1.961381,1.816950,1.700307,1.890276,2.310318,0.000000,1.760124,2.1592858,2.216434,0.000000,0.0000000,2.448061,1.889206,0.0000000
0.000000,2.099074,2.2773612,2.161036,0.0000000,0.000000,2.0305004,2.090921,1.907273,0.000000,2.1116375,2.2605968,2.245169,2.435175,2.178979,2.423265,0.000000,2.0122039,1.650105,1.973321,1.8878927,1.691386,2.022437,2.318986,0.000000,2.042760,1.571980,0.000000,1.7802805,0.000000,2.122532,2.071054,0.000000,1.923517,1.866974,0.000000,2.421516,2.057256,2.264743,1.9098060,2.0950212,0.000000,0.000000,2.114046,1.7450431,0.000000,1.8482540,0.000000,2.174262,1.8501799,2.333966,2.233115,0.0000000,0.0000000,2.285785,2.232335,2.472615,2.031214,1.547208,2.262811,2.097433,0.000000,2.3885528,2.105539,1.811762,1.5164900,2.503745,2.143966,1.9847291
1.953740,0.000000,1.9157600,0.000000,1.5825689,0.000000,0.0000000,2.043470,1.962293,0.000000,0.0000000,1.5699567,2.168840,2.478069,2.249581,2.357576,0.000000,2.2981380,1.483685,1.966230,0.0000000,2.074368,1.993369,2.214418,2.164563,2.008362,1.803427,1.978344,2.0856259,0.000000,2.144673,2.089407,0.000000,0.000000,2.018073,0.000000,2.451734,1.946828,0.000000,0.0000000,0.0000000,0.000000,0.000000,2.104796,1.6937683,0.000000,1.7515816,0.000000,0.000000,1.9014680,1.922890,0.000000,0.0000000,0.0000000,2.201996,1.898796,2.043474,0.000000,0.000000,2.109397,1.606861,0.000000,2.2522724,1.995488,0.000000,0.0000000,2.505426,1.580146,0.0000000
0.000000,2.162425,2.1073226,0.000000,0.0000000,0.000000,0.0000000,1.955425,2.086962,0.000000,0.0000000,2.2150371,1.920778,2.551838,2.315872,2.379530,0.000000,2.1523699,1.863594,2.013229,0.0000000,2.040954,1.947095,2.203902,2.092902,1.877986,1.664422,0.000000,0.0000000,0.000000,0.000000,2.013333,2.336061,0.000000,1.993200,0.000000,2.451136,1.890637,0.000000,1.2745753,0.0000000,0.000000,1.679898,2.000090,0.0000000,0.000000,1.7784072,0.000000,0.000000,1.8404888,0.000000,2.119096,2.1146359,0.0000000,2.213586,0.000000,0.000000,2.061458,0.000000,2.245228,1.867248,0.000000,2.1174075,2.151301,1.838404,1.6223714,2.360544,0.000000,1.8287107
0.000000,1.981376,2.2534928,1.928883,0.0000000,0.000000,1.9172874,2.029025,1.616438,0.000000,2.1216343,2.2320515,2.245317,2.484291,2.166096,2.411631,0.000000,2.2834953,1.828538,1.914718,0.0000000,1.783052,2.085869,2.214152,0.000000,2.144624,2.030525,0.000000,2.0393353,0.000000,2.137090,1.879798,0.000000,1.929263,1.775946,1.873301,2.483888,1.987130,2.240152,1.8011637,2.0607857,0.000000,0.000000,2.080441,0.0000000,2.128009,1.7643113,2.053944,2.155887,1.6814073,2.239060,2.123680,0.0000000,0.0000000,2.293367,2.194176,2.449863,1.721171,0.000000,2.266413,2.182759,1.850069,2.3892586,2.175682,1.851371,0.0000000,2.475634,2.093535,2.0722359
1.813650,1.970645,1.6617339,0.000000,2.0950578,0.000000,0.0000000,0.000000,1.781504,0.000000,0.0000000,2.1038752,2.229467,2.413444,2.202113,2.438053,1.859295,2.3362734,1.835476,2.025577,1.9353044,2.074155,2.045644,2.218533,2.091154,2.160813,1.809323,2.041661,1.5676289,1.616228,1.780803,0.000000,1.962928,0.000000,1.814647,0.000000,2.339099,1.980638,0.000000,1.8175216,1.8638747,0.000000,0.000000,0.000000,0.0000000,0.000000,0.0000000,0.000000,1.873227,1.9169762,2.126912,1.901222,0.0000000,1.8137947,2.072047,1.926914,0.000000,1.775859,1.775129,1.932606,0.000000,0.000000,2.0707241,1.986782,0.000000,1.6600774,2.541279,1.721967,1.5499278
0.000000,1.824965,1.7465671,0.000000,0.0000000,0.000000,0.0000000,1.853657,1.734912,0.000000,0.0000000,2.1264586,2.247164,2.426712,2.178764,2.466043,1.821197,2.3380163,1.896324,1.789058,1.9808622,2.152711,1.996011,2.301465,0.000000,2.209141,1.962752,2.141277,1.7136028,0.000000,1.697623,0.000000,1.957032,1.676205,0.000000,0.000000,2.349655,1.984961,1.813149,0.0000000,0.0000000,0.000000,0.000000,2.021414,0.0000000,0.000000,0.0000000,0.000000,0.000000,2.0217625,2.228000,0.000000,0.0000000,1.9177261,2.262551,2.212364,2.033508,0.000000,1.725498,2.103327,0.000000,1.932566,1.8614853,2.150942,0.000000,0.0000000,2.350970,1.955942,0.0000000
0.000000,1.919261,1.8888856,1.712128,1.4687775,0.000000,1.7948552,1.928521,1.849921,0.000000,1.9837127,2.1139904,2.118242,2.463307,2.196737,2.358066,0.000000,2.3748123,2.043310,1.893282,0.0000000,2.224935,2.097168,2.198670,0.000000,2.154470,1.981643,0.000000,0.0000000,2.138342,1.946367,0.000000,2.027755,2.106849,1.592660,0.000000,2.444340,1.787666,1.743128,2.2658042,2.1578744,0.000000,1.661946,2.176503,2.0434030,1.995877,1.9470702,1.823305,0.000000,1.8405997,0.000000,2.169627,1.5189789,1.4885703,2.082438,2.179311,2.203504,2.230863,1.866602,2.180526,2.071778,0.000000,2.3481627,2.139977,1.645789,0.0000000,2.498728,1.959144,0.0000000
0.000000,1.964221,1.8934045,0.000000,0.0000000,0.000000,0.0000000,1.910065,1.632106,0.000000,1.6961356,2.1124727,2.083788,2.524131,2.274226,2.384638,0.000000,2.3015387,1.960174,2.054634,1.8019813,2.135322,1.966284,2.271017,2.206572,2.117212,1.621488,1.899984,0.0000000,1.444252,1.831260,0.000000,1.994266,1.756646,1.786727,0.000000,2.462656,1.637106,1.532998,1.7757079,0.0000000,0.000000,1.710288,1.902891,1.7785427,0.000000,0.0000000,0.000000,1.956769,1.6491299,2.094703,1.951682,1.6466964,0.0000000,2.320941,2.077395,0.000000,1.876405,1.786004,2.009169,0.000000,1.757701,2.0883442,2.131624,0.000000,0.0000000,2.594378,0.000000,1.5971345
0.000000,1.835903,1.9458610,0.000000,0.0000000,0.000000,0.0000000,2.053238,1.799174,0.000000,1.9304619,2.1491145,2.030355,2.479890,2.253759,2.357833,0.000000,2.3665260,1.800584,2.012185,1.7496141,2.054958,1.959668,2.184917,2.036166,2.249187,1.318792,2.049134,0.0000000,0.000000,0.000000,1.274150,1.806233,2.108205,1.846899,0.000000,2.366109,1.740503,1.684774,0.0000000,0.0000000,1.725004,0.000000,1.491828,0.0000000,0.000000,0.0000000,0.000000,0.000000,1.7662671,0.000000,1.995120,0.0000000,0.0000000,2.253362,2.084721,1.678565,1.787111,1.961549,2.178828,0.000000,0.000000,2.1000968,2.071221,1.615134,1.3103263,2.433019,0.000000,0.0000000
0.000000,1.928773,1.8883207,0.000000,1.6628200,0.000000,0.0000000,0.000000,1.538787,0.000000,1.8670132,2.1275276,2.196707,2.485185,2.223230,2.400471,0.000000,2.2387674,1.792518,1.920488,1.8582900,2.096737,1.953694,2.306839,1.927423,2.112747,1.790005,2.004684,0.0000000,1.609591,0.000000,0.000000,2.148825,1.959637,1.862156,0.000000,2.517266,1.964596,0.000000,2.0982213,2.1223564,1.740263,1.846050,1.468696,0.0000000,0.000000,1.8582900,0.000000,1.949406,1.8813932,2.084532,2.344906,0.0000000,1.5003113,2.329287,1.541802,0.000000,2.026338,1.743409,2.118076,0.000000,1.500517,2.0351001,2.109612,0.000000,0.0000000,2.605166,0.000000,1.7051976
2.015895,2.130692,2.0070902,1.795502,0.0000000,1.233613,1.5529633,1.969096,1.903129,0.000000,1.9962439,1.8919496,2.131665,2.497691,2.214285,2.435263,0.000000,2.3413490,1.953860,2.041186,1.8116350,2.189173,2.043727,2.223114,2.049255,2.169755,1.857600,1.995096,0.0000000,1.491541,1.858346,0.000000,2.050708,1.954430,1.782322,0.000000,2.378468,0.000000,2.043666,2.1093355,2.0454256,1.609664,0.000000,2.160616,0.0000000,0.000000,1.5353253,1.913791,1.899654,1.5815347,2.189985,2.014058,1.6883177,0.0000000,2.140757,2.073966,2.192011,1.884982,1.571614,1.844527,2.051478,1.366898,2.4956942,2.110882,1.705016,1.7683291,2.473804,1.613247,1.9772227
0.000000,1.673069,1.9545226,0.000000,0.0000000,0.000000,0.0000000,1.933320,1.934694,0.000000,2.0795061,2.0859735,2.064004,2.498922,2.248913,2.393510,0.000000,2.3613841,1.988986,2.061788,2.0514148,2.281367,2.049530,2.249296,2.165859,2.050947,1.971287,0.000000,0.0000000,1.703700,1.912884,0.000000,1.758169,0.000000,1.737082,0.000000,2.344194,0.000000,0.000000,0.0000000,0.0000000,0.000000,0.000000,0.000000,0.0000000,0.000000,0.0000000,0.000000,1.869473,1.7853951,2.073773,1.997741,0.0000000,0.0000000,2.342002,2.241449,0.000000,0.000000,0.000000,2.054709,0.000000,0.000000,2.1460861,2.136364,0.000000,0.0000000,2.584048,0.000000,1.4616556
0.000000,1.841657,1.9570089,0.000000,0.0000000,0.000000,0.0000000,0.000000,1.940265,0.000000,1.6762294,2.1639872,2.114288,2.526196,2.249932,2.400334,0.000000,2.3588653,1.996497,2.077844,1.5863923,2.236862,2.103890,2.234976,2.151468,2.132418,1.898452,1.984222,0.0000000,0.000000,1.904347,0.000000,1.628098,0.000000,1.812743,0.000000,2.349205,1.431039,0.000000,0.0000000,0.0000000,1.749734,0.000000,1.901252,0.0000000,0.000000,0.0000000,0.000000,1.898308,1.5930646,2.137635,1.969126,2.0708497,0.0000000,2.197986,1.734181,1.535888,1.663005,0.000000,2.089919,0.000000,0.000000,2.0569460,2.140305,0.000000,0.0000000,2.522678,0.000000,1.7235466
1.705338,1.845615,1.7797931,1.544231,2.0020836,0.000000,0.0000000,1.775268,1.456522,0.000000,1.5479970,1.9395477,2.118211,2.551714,2.232795,2.391502,0.000000,2.3406530,1.972144,0.000000,1.9050369,2.193928,2.199016,2.183000,2.060272,2.201395,1.886769,1.971917,0.0000000,0.000000,1.946807,0.000000,1.937856,1.029049,1.887703,0.000000,2.353707,1.259178,1.425815,1.9082580,2.0547620,1.493684,1.630082,2.175292,1.1744756,1.771827,1.6393209,0.000000,0.000000,1.5438019,0.000000,2.090711,2.0001376,0.0000000,1.645994,1.901709,1.680064,1.637971,1.581621,2.074361,0.000000,1.119828,2.1390585,1.955297,0.000000,0.0000000,2.425967,0.000000,1.5152325
0.000000,1.620189,1.9298237,0.000000,0.0000000,0.000000,0.0000000,1.962001,1.718702,0.000000,1.7841926,2.0624881,2.216679,2.539372,2.185025,2.409985,1.314072,2.2761909,1.909443,0.000000,1.5805377,2.113995,2.029595,2.263629,1.682180,2.094903,1.577024,0.000000,0.0000000,0.000000,1.845455,0.000000,2.064394,0.000000,1.843329,0.000000,2.276092,1.517365,0.000000,1.5149800,1.5261855,1.405212,1.648149,1.575508,1.5443920,0.000000,0.0000000,0.000000,0.000000,1.8342370,0.000000,1.790628,1.4560011,1.3112241,2.054265,0.000000,1.763903,1.664944,0.000000,2.118984,0.000000,0.000000,1.8275923,2.070723,1.255965,0.0000000,2.581105,0.000000,1.5701878
0.000000,1.881953,1.8527469,1.538953,0.0000000,0.000000,0.0000000,1.809907,1.312118,0.000000,2.0221042,2.1172084,2.187242,2.491496,2.240022,2.394313,1.579710,2.3267778,2.008377,2.015710,1.8580812,2.236091,2.119781,2.282325,2.137507,2.043885,1.678469,1.674105,0.9061446,0.000000,1.977601,0.000000,2.038464,1.661999,1.810842,0.000000,1.959275,0.000000,0.000000,0.0000000,0.0000000,1.577157,1.224490,2.133542,0.0000000,0.000000,1.5329412,0.000000,0.000000,1.2591776,1.913968,1.742908,1.2783658,1.3787413,2.159443,1.998039,1.654280,1.761667,0.000000,1.800816,0.000000,0.000000,1.8552236,2.016547,0.000000,0.9249329,2.482238,0.000000,1.7088199
1.672623,2.031718,2.2012056,0.000000,0.0000000,0.000000,1.9749296,2.204829,1.861770,0.000000,1.9061260,2.1934718,2.172984,2.488221,2.185761,2.428661,0.000000,2.2029414,0.000000,1.885284,1.8583248,2.057270,1.921969,2.279754,1.965736,2.153502,1.757928,1.686964,0.0000000,2.470052,0.000000,1.704126,0.000000,0.000000,1.804231,0.000000,2.524876,1.813833,2.113299,2.4265989,2.5583800,1.850423,0.000000,2.141855,0.0000000,0.000000,1.8422060,1.918013,1.982435,1.6649702,0.000000,2.023922,0.0000000,0.0000000,2.142139,2.134242,2.270288,1.935877,1.779083,2.116301,2.156729,0.000000,2.4323157,2.063703,0.000000,0.0000000,2.500248,0.000000,2.0306967
0.000000,1.829597,1.9253561,1.853007,0.0000000,0.000000,1.3862254,1.880783,1.621828,0.000000,0.0000000,2.1058826,2.144788,2.511300,2.266928,2.431294,0.000000,2.2984384,1.939432,2.026837,1.6887214,2.109591,2.030392,2.261537,2.070105,2.137529,1.722597,1.945257,0.0000000,0.000000,1.743049,0.000000,1.654780,0.000000,1.839925,0.000000,2.400294,0.000000,1.763453,0.0000000,0.0000000,1.620771,1.144244,1.750079,0.0000000,0.000000,1.6328710,0.000000,1.962532,1.5510659,2.093967,2.185161,1.5789214,0.0000000,2.276309,1.541203,1.711143,1.696562,1.385602,2.066289,1.533853,0.000000,2.2204497,2.051435,1.295036,0.0000000,2.475200,0.000000,1.7563885
0.000000,1.707952,1.9904669,0.000000,0.0000000,0.000000,0.0000000,0.000000,1.742436,0.000000,0.0000000,2.0723101,2.155312,2.540026,2.255007,2.421817,0.000000,2.3264897,1.873314,2.040541,1.6922210,2.162592,2.095271,2.280423,1.887072,2.172287,1.739783,2.043166,0.0000000,0.000000,1.861132,0.000000,2.144484,0.000000,1.883896,0.000000,2.388959,1.737733,0.000000,0.0000000,0.0000000,0.000000,0.000000,1.607047,0.0000000,1.934295,1.6491587,0.000000,0.000000,1.8281049,0.000000,2.330749,0.0000000,0.0000000,2.347125,1.735787,1.755915,1.891110,0.000000,2.088409,0.000000,0.000000,1.8513268,2.174433,1.618394,0.0000000,2.477952,0.000000,0.0000000
1.844188,1.903044,1.9422601,0.000000,0.0000000,0.000000,1.7520841,1.982522,0.000000,1.534930,1.9841727,2.0589095,2.167487,2.512647,2.185727,2.419410,0.000000,2.3134018,1.841963,1.948601,1.8298029,2.141162,2.016723,2.275844,1.981659,2.145446,1.835418,2.032421,0.0000000,0.000000,1.699076,0.000000,1.968667,2.068352,1.849425,0.000000,2.412871,1.530583,0.000000,1.9221186,2.0285262,1.674326,0.000000,1.512050,0.0000000,1.576802,0.0000000,0.000000,0.000000,1.8014158,2.278255,2.013882,0.0000000,0.0000000,2.242576,1.970006,1.835919,2.114534,0.000000,2.114345,0.000000,1.721533,2.1803217,2.126636,1.501948,0.0000000,2.543021,0.000000,1.4783596
0.000000,1.913745,1.8980871,0.000000,0.0000000,0.000000,0.0000000,0.000000,0.000000,0.000000,1.8387738,2.0395869,2.192993,2.520156,2.249771,2.429035,0.000000,2.3679074,2.009171,2.017553,1.7822618,2.218068,2.196587,2.240727,2.022944,2.119750,1.968570,2.084880,0.0000000,0.000000,1.953747,0.000000,1.870207,0.000000,1.829563,0.000000,2.335653,1.730304,1.634421,1.8427450,0.0000000,0.000000,0.000000,1.802399,0.0000000,0.000000,0.0000000,0.000000,1.946465,2.0278624,0.000000,1.860784,2.0229327,0.0000000,2.140373,2.065752,1.808187,1.895759,0.000000,1.860518,0.000000,0.000000,2.0337401,2.060512,0.000000,0.0000000,2.338435,0.000000,0.0000000
0.000000,1.934861,1.9199499,1.998933,0.0000000,0.000000,0.0000000,1.972370,0.000000,0.000000,1.9062518,2.1143116,2.156017,2.495073,2.211127,2.410252,0.000000,2.3128467,1.993306,2.047720,1.8201176,2.216826,2.100183,2.249256,2.062904,2.125847,1.884171,2.015149,0.0000000,0.000000,1.817400,0.000000,1.930149,1.920323,1.933222,1.772688,2.480264,1.740726,1.930862,2.1713035,2.3480532,1.622575,0.000000,2.114581,0.0000000,0.000000,0.0000000,0.000000,1.896287,1.7269195,2.241628,2.005588,2.0407645,0.0000000,2.259409,2.072019,2.001777,2.075829,1.650447,2.227150,0.000000,0.000000,2.1768626,2.068404,1.608121,0.0000000,2.535605,0.000000,1.9882381
0.000000,1.729138,1.9586977,0.000000,0.0000000,0.000000,0.0000000,1.955467,1.877566,0.000000,1.8533902,2.1769624,2.175596,2.543488,2.263090,2.396679,0.000000,2.3483098,2.067055,2.104922,0.0000000,2.275576,2.113199,2.264405,2.000163,2.197024,1.929651,2.042663,0.0000000,1.638402,0.000000,0.000000,1.967206,0.000000,2.017880,0.000000,2.322386,1.710599,0.000000,0.0000000,0.0000000,0.000000,0.000000,0.000000,0.0000000,0.000000,0.0000000,0.000000,0.000000,1.7933973,0.000000,0.000000,2.1033345,0.0000000,2.267808,0.000000,0.000000,1.776197,1.746061,2.062358,0.000000,0.000000,1.8181192,2.106706,0.000000,0.0000000,2.487070,0.000000,0.0000000
0.000000,0.000000,2.1526473,0.000000,0.0000000,0.000000,0.0000000,1.839758,1.931542,0.000000,2.0519851,2.1508066,2.221170,2.479639,2.169450,2.423504,0.000000,2.3493222,2.036334,1.963939,1.9243561,2.218269,2.122437,2.261745,2.010126,2.216191,1.446093,2.111901,0.0000000,0.000000,1.839175,0.000000,1.907211,1.678995,1.783849,0.000000,2.370881,1.807545,0.000000,0.0000000,1.8047446,0.000000,0.000000,2.019906,2.2529254,0.000000,0.0000000,0.000000,0.000000,1.9220801,2.154397,1.952312,0.0000000,1.4690211,2.308352,2.120157,1.811097,2.088179,0.000000,2.202738,0.000000,0.000000,1.9456731,2.110569,0.000000,0.0000000,2.464504,0.000000,0.0000000
0.000000,0.000000,1.9129392,1.609957,0.0000000,0.000000,1.4999685,2.032912,1.942468,0.000000,1.6388007,2.1356632,2.133228,2.449951,2.193417,2.402196,0.000000,2.3493302,1.930850,1.986480,1.6459063,2.140004,2.060455,2.255560,2.037223,2.219373,0.000000,2.080364,0.0000000,0.000000,1.717685,0.000000,0.000000,1.441549,1.822873,0.000000,2.373841,1.600954,0.000000,0.0000000,1.8014892,1.752438,0.000000,1.548312,0.0000000,1.613855,1.6735382,0.000000,0.000000,2.0674018,0.000000,2.077199,0.0000000,0.0000000,2.268589,2.147814,1.724366,1.745445,1.821625,2.095198,1.710599,1.544285,2.0777227,2.033786,1.812462,1.3199989,2.403714,0.000000,1.7896973
1.938534,2.118973,1.7426094,0.000000,0.0000000,0.000000,1.9470702,2.140559,1.601454,0.000000,1.8376941,0.0000000,2.223093,2.501296,2.108085,2.469165,0.000000,0.0000000,0.000000,2.151163,0.0000000,0.000000,1.935862,2.320182,0.000000,1.960767,0.000000,0.000000,0.0000000,2.256190,0.000000,0.000000,0.000000,2.189840,1.838001,0.000000,2.499822,0.000000,1.810803,2.2871653,2.3287741,1.891105,1.752570,1.752276,1.5422907,0.000000,1.4016725,0.000000,0.000000,0.0000000,0.000000,2.159875,0.0000000,0.0000000,2.390734,2.158999,2.166330,1.845417,0.000000,2.240429,1.756503,0.000000,2.2853766,1.905738,0.000000,0.0000000,2.607448,2.061706,1.8752945
0.000000,1.780037,1.8619598,1.793741,0.0000000,0.000000,0.0000000,0.000000,0.000000,0.000000,0.0000000,1.9347987,1.762081,2.542399,2.196608,2.441238,0.000000,2.3717273,1.888498,0.000000,1.8444574,2.210751,2.227691,2.229325,1.766722,2.236835,0.000000,2.106552,0.0000000,0.000000,1.876435,0.000000,1.942526,2.046402,1.821352,0.000000,2.360431,1.586770,1.754121,2.2562740,0.0000000,0.000000,0.000000,2.180129,0.0000000,0.000000,0.0000000,0.000000,1.867722,0.0000000,0.000000,1.925218,0.0000000,0.0000000,2.091445,1.960058,2.013621,1.975627,0.000000,1.815229,1.779939,0.000000,2.1641820,1.993000,0.000000,0.0000000,2.440495,0.000000,0.0000000
0.000000,2.025471,2.2219183,1.968852,2.0716214,0.000000,1.7517444,0.000000,0.000000,0.000000,1.8264122,2.1789499,2.230287,2.505445,2.161122,2.459477,0.000000,2.3609250,2.148364,1.945652,1.9039091,2.254823,2.188350,2.248086,2.141176,2.128995,0.000000,1.664318,0.0000000,0.000000,2.065132,0.000000,2.028004,0.000000,1.876398,0.000000,2.410161,0.000000,2.043213,1.6827395,0.0000000,1.588811,0.000000,1.665334,0.0000000,0.000000,0.0000000,0.000000,1.941081,0.0000000,2.275276,2.137569,0.0000000,0.0000000,2.176542,2.122583,2.350417,1.661335,0.000000,2.216211,2.081597,0.000000,2.2784878,2.032688,0.000000,0.0000000,2.467340,1.820411,0.0000000
0.000000,1.882175,1.9795650,1.664030,0.0000000,0.000000,1.6772449,1.934725,1.912442,0.000000,1.9597412,2.0961868,2.188984,2.495422,2.249683,2.413640,0.000000,2.3382262,1.945108,2.015063,1.8218883,2.108712,2.009431,2.250866,2.028482,2.199241,1.651329,2.069696,0.0000000,0.000000,1.718831,1.605441,0.000000,1.719841,1.841468,0.000000,2.369827,1.755872,0.000000,1.6546692,0.0000000,1.660614,0.000000,2.190196,1.3245899,1.692658,1.6312420,0.000000,1.945368,1.8856068,2.198736,2.089469,1.6804655,0.0000000,2.124060,2.060621,1.752114,1.835911,1.721026,2.173349,0.000000,1.723689,2.2523211,2.156106,1.579797,1.1681189,2.522444,0.000000,1.7730086
0.000000,1.546098,1.9587136,0.000000,0.0000000,0.000000,0.0000000,1.876465,0.000000,0.000000,0.0000000,2.0333403,2.144717,2.519599,2.231856,2.376294,0.000000,2.3660504,1.931268,2.005397,1.7103270,2.168874,2.088956,2.273158,2.087125,2.237142,1.818566,2.001994,0.0000000,0.000000,1.854689,0.000000,1.813246,0.000000,1.716791,0.000000,2.341080,0.000000,0.000000,1.8938788,0.0000000,0.000000,0.000000,0.000000,0.0000000,0.000000,0.0000000,0.000000,0.000000,1.7469648,2.198234,1.765918,0.0000000,0.0000000,1.864188,2.264560,0.000000,1.782238,1.415892,2.009131,0.000000,0.000000,2.1518648,2.037560,0.000000,0.0000000,2.451078,0.000000,1.7068003
0.000000,1.962386,1.9801617,1.816818,1.8544030,0.000000,1.8012688,1.857921,1.418764,0.000000,0.0000000,2.0482567,2.147337,2.535156,2.203551,2.407066,0.000000,2.2579614,1.867026,1.995150,1.7596204,2.171852,2.023082,2.272185,2.039516,2.080805,1.569401,1.905549,0.0000000,0.000000,1.441924,0.000000,1.812995,1.991662,1.898344,0.000000,2.462944,1.460300,1.810193,1.9903782,0.0000000,1.520272,0.000000,1.943825,1.4739070,0.000000,1.3657986,0.000000,1.955883,1.4539902,0.000000,2.109575,0.0000000,0.0000000,2.067697,1.636517,1.912870,1.769251,1.375615,2.179592,2.034671,1.318099,2.2607350,2.073782,0.000000,1.4648359,2.334086,0.000000,1.6076771
0.000000,1.841900,1.8533613,0.000000,0.0000000,0.000000,0.0000000,1.891403,1.825160,1.681946,1.8498620,2.0324520,2.171015,2.459459,2.162940,2.367682,2.163353,2.3849391,2.044823,2.045376,1.9036675,2.247172,2.081607,2.232976,2.002850,2.259940,1.870131,2.172325,0.0000000,0.000000,1.777468,0.000000,1.991852,0.000000,0.000000,0.000000,2.167492,1.787029,0.000000,0.0000000,0.0000000,0.000000,0.000000,1.520762,0.0000000,0.000000,0.0000000,0.000000,0.000000,1.7371307,1.892982,1.947836,0.0000000,0.0000000,2.323551,0.000000,0.000000,1.956889,0.000000,1.988996,0.000000,0.000000,0.0000000,1.980923,0.000000,0.0000000,2.563392,0.000000,0.0000000
0.000000,1.980844,1.9012168,0.000000,0.0000000,0.000000,1.4585924,1.680631,1.432224,0.000000,1.9091928,2.1241338,2.226377,2.493598,2.232933,2.409132,0.000000,0.0000000,0.000000,1.979767,1.5379557,1.981702,2.039951,2.257047,2.033754,2.198569,1.952648,2.018872,0.0000000,1.571339,1.851393,0.000000,1.719529,1.552401,1.659674,0.000000,2.355254,0.000000,1.527546,1.9824933,1.6651004,1.713125,1.363303,1.910008,1.8489487,0.000000,1.7389149,0.000000,0.000000,2.0217058,0.000000,1.810301,0.0000000,0.0000000,2.060293,2.059508,0.000000,1.743706,0.000000,2.119437,0.000000,0.000000,2.0541241,2.073878,0.000000,0.0000000,2.545829,0.000000,1.7371960
0.000000,1.898683,2.0022086,0.000000,0.0000000,0.000000,0.0000000,1.918757,1.808776,0.000000,2.0162936,2.0343237,1.592620,2.511916,2.214374,2.408210,0.000000,2.3453386,1.859163,2.019829,1.5646026,2.060873,2.030320,2.228998,2.084571,2.239891,0.000000,2.088468,0.0000000,0.000000,0.000000,0.000000,0.000000,1.739607,1.547419,0.000000,2.320421,0.000000,0.000000,1.5974102,1.5458323,1.733931,0.000000,0.000000,0.0000000,0.000000,1.7766216,0.000000,0.000000,1.8381867,0.000000,2.038468,0.0000000,0.0000000,2.158695,2.089685,0.000000,1.740119,1.769014,1.885301,0.000000,0.000000,2.0656411,2.059952,1.795415,0.0000000,2.524080,0.000000,0.0000000
0.000000,1.578702,1.9265426,0.000000,0.0000000,0.000000,0.0000000,0.000000,0.000000,0.000000,0.0000000,0.0000000,2.183874,2.506810,2.225232,2.377160,0.000000,2.2898607,1.854425,1.906503,1.8117033,2.136693,2.052716,2.275261,2.014433,2.189753,1.833730,1.865149,0.0000000,0.000000,1.778862,0.000000,0.000000,2.205102,0.000000,0.000000,2.362508,0.000000,1.806951,1.9686756,0.0000000,0.000000,0.000000,0.000000,0.0000000,0.000000,0.0000000,0.000000,2.161172,1.5872304,2.219430,0.000000,0.0000000,0.0000000,1.803551,2.022700,1.868587,0.000000,0.000000,2.160511,0.000000,0.000000,2.2891542,2.102986,0.000000,0.0000000,2.491015,0.000000,2.0234258
0.000000,1.899710,1.9387966,1.689949,0.0000000,0.000000,1.4475535,1.852071,1.335247,0.000000,1.9106642,2.1222110,2.164777,2.515347,2.228553,2.393482,0.000000,2.3297807,1.926141,2.022878,1.8643076,2.145227,1.997111,2.234245,2.021810,2.189558,1.804591,1.991906,0.0000000,0.000000,1.647017,0.000000,1.671377,1.743769,1.764271,0.000000,2.448448,1.284743,1.295036,0.0000000,1.1977139,1.645466,1.574340,0.000000,0.0000000,0.000000,1.5036376,0.000000,1.926324,1.8049392,2.127923,2.100409,1.4814217,1.4084662,2.287023,1.462414,1.610249,1.613426,1.709056,1.934186,1.588853,0.000000,2.1128741,2.075736,1.587773,0.0000000,2.529267,0.000000,1.5621526
0.000000,1.941804,0.0000000,0.000000,0.0000000,0.000000,1.8468767,1.822828,1.828702,0.000000,0.0000000,2.1354717,2.211356,2.436985,2.191916,2.444617,2.141193,2.3074647,1.724401,1.864088,1.9652612,2.052000,1.984219,2.268043,1.834957,2.201453,1.780584,2.149073,0.0000000,0.000000,0.000000,0.000000,1.960716,2.150585,0.000000,0.000000,2.447150,1.814542,1.498729,2.0452761,1.9310571,0.000000,0.000000,2.246077,0.0000000,0.000000,0.0000000,0.000000,0.000000,1.9275133,2.223834,2.132687,0.0000000,0.0000000,2.265514,2.084390,2.163594,2.135034,1.807062,2.208194,0.000000,1.754048,2.2659815,2.077438,1.742672,0.0000000,2.471947,2.011509,0.0000000
0.000000,1.883131,2.0214274,0.000000,0.0000000,0.000000,0.0000000,1.782358,1.507102,1.912590,0.0000000,2.0756865,2.127014,2.590527,2.295844,2.371995,0.000000,2.4239935,2.154018,2.168969,0.0000000,2.274911,2.197470,2.236733,2.126840,2.315156,1.849232,0.000000,0.0000000,0.000000,1.988519,0.000000,0.000000,0.000000,1.894198,0.000000,2.404925,0.000000,0.000000,0.0000000,1.9265178,0.000000,0.000000,1.753684,0.0000000,0.000000,0.0000000,0.000000,0.000000,1.5160509,2.201387,2.290463,1.7323899,0.0000000,1.851597,2.000690,0.000000,1.897994,0.000000,2.008470,1.641023,0.000000,2.2110857,2.160486,0.000000,1.7228845,2.513807,0.000000,0.0000000
0.000000,2.017018,0.0000000,0.000000,2.0334464,1.727443,0.0000000,0.000000,0.000000,0.000000,0.0000000,1.9722238,2.191733,2.462330,2.261027,2.411873,1.803012,2.3452928,1.948157,1.849388,0.0000000,2.088276,2.068649,2.251157,0.000000,2.200695,1.844596,2.119731,0.0000000,0.000000,1.851385,1.797274,2.128926,1.859315,0.000000,0.000000,2.205016,1.960260,0.000000,0.0000000,0.0000000,0.000000,1.855174,2.181900,0.0000000,0.000000,0.0000000,0.000000,1.816611,1.8084267,0.000000,1.953063,0.0000000,1.6978136,2.199272,1.544338,1.919484,1.867436,0.000000,0.000000,0.000000,0.000000,0.0000000,2.056645,0.000000,0.0000000,2.414649,0.000000,0.0000000
0.000000,2.017739,1.9772392,0.000000,0.0000000,0.000000,1.3390478,2.005510,1.619363,0.000000,2.0069359,2.1517456,2.201984,2.509023,2.201932,2.389384,1.831090,2.3587174,2.115729,2.110270,1.9130264,2.270001,2.065477,2.280529,2.126365,2.218510,2.111767,2.063816,0.0000000,1.615523,1.683760,0.000000,0.000000,1.457905,1.889151,0.000000,2.297308,1.758664,0.000000,0.0000000,0.0000000,1.853930,1.549564,2.162741,1.3869711,0.000000,1.6556938,0.000000,1.845401,1.8138907,0.000000,2.030630,1.7494640,0.0000000,2.278376,2.066715,1.835484,2.005594,0.000000,2.072387,1.559028,1.563069,2.1035169,2.031673,1.602527,0.0000000,2.480325,0.000000,1.8580951
0.000000,2.028011,2.0675261,0.000000,0.0000000,0.000000,0.0000000,1.758367,1.791924,0.000000,2.0102391,2.1588677,2.144138,2.462947,2.172452,2.382462,2.007748,2.2830820,1.833012,1.951996,1.9598520,2.133555,2.005670,2.242733,1.736886,2.133620,1.980496,2.008360,0.0000000,1.704126,0.000000,0.000000,0.000000,0.000000,1.956879,0.000000,2.375534,0.000000,1.436895,2.0663136,2.0877738,0.000000,0.000000,2.188737,2.1051896,0.000000,0.0000000,0.000000,0.000000,1.8133133,0.000000,2.228760,0.0000000,1.4061150,2.123570,2.096148,1.783266,2.033244,1.903317,2.054230,1.836614,0.000000,2.1294965,2.042790,0.000000,0.0000000,2.532847,2.076129,0.0000000
0.000000,1.960682,1.7998012,1.783742,0.0000000,0.000000,1.8095505,1.706081,1.504108,0.000000,0.0000000,2.0006633,2.162088,2.534749,2.246477,2.420132,0.000000,2.3085294,2.012474,1.971512,1.6812664,2.133504,2.125120,2.229832,2.021696,2.142945,1.840608,1.978308,0.0000000,0.000000,1.889575,0.000000,1.975600,1.329904,1.801573,0.000000,2.389000,0.000000,0.000000,0.0000000,0.0000000,1.345537,1.431731,1.395114,0.0000000,1.241150,1.5979603,0.000000,0.000000,1.6649181,2.109731,2.092957,1.4312367,0.0000000,2.075580,2.110724,1.614673,1.948296,1.648120,2.065985,1.561085,1.565174,2.1028666,1.967996,0.000000,0.0000000,2.487004,1.219107,1.6851873
0.000000,2.082990,1.8948645,0.000000,0.0000000,0.000000,0.0000000,1.838565,1.889651,0.000000,2.0387635,2.1649134,2.090325,2.476306,2.206637,2.378078,1.932113,2.2749324,1.739510,0.000000,1.8400203,2.069128,1.974374,2.203891,1.736608,2.142081,1.503301,2.030961,0.0000000,0.000000,0.000000,0.000000,2.073186,0.000000,1.834907,0.000000,2.420056,1.800627,0.000000,0.0000000,0.0000000,0.000000,0.000000,0.000000,0.0000000,0.000000,0.0000000,0.000000,0.000000,0.0000000,2.048154,0.000000,0.0000000,0.0000000,2.201365,0.000000,1.771569,1.759914,0.000000,2.151484,0.000000,0.000000,2.0055337,2.147896,0.000000,0.0000000,2.392563,0.000000,0.0000000
0.000000,2.021283,1.7975008,0.000000,0.0000000,0.000000,0.0000000,1.852391,1.965630,0.000000,0.0000000,2.1137090,2.182838,2.462864,2.234166,2.442139,2.044902,2.3806234,1.843064,2.031062,1.7028231,2.127908,2.086642,2.248918,1.933859,2.252663,0.000000,2.121202,0.0000000,0.000000,1.765488,0.000000,1.999480,1.764148,1.706141,0.000000,2.113988,1.943476,0.000000,1.9877833,2.0148225,0.000000,1.520578,0.000000,0.0000000,1.753392,0.0000000,0.000000,1.769644,2.2384106,2.119598,0.000000,0.0000000,1.8538005,2.272528,2.202767,1.984460,0.000000,1.942293,1.864931,0.000000,1.733798,2.0835948,2.139389,1.816583,0.0000000,2.491015,0.000000,0.0000000
0.000000,1.854817,1.8692171,0.000000,2.1782230,0.000000,1.7027003,1.839303,1.767853,0.000000,0.0000000,2.0416661,2.172131,2.488672,2.259325,2.396072,1.993397,2.3997625,2.051255,2.100145,1.9868558,2.277306,2.196090,2.159415,2.122340,2.252526,1.898226,2.073644,0.0000000,0.000000,1.909707,0.000000,1.805133,0.000000,0.000000,0.000000,2.229297,1.669109,1.864068,0.0000000,1.7655687,0.000000,0.000000,1.797899,0.0000000,0.000000,0.0000000,0.000000,1.907910,1.9795246,2.058576,1.884045,1.7152147,0.0000000,2.243049,2.074664,2.196617,1.702782,1.743628,2.130210,0.000000,0.000000,2.1033336,2.036107,0.000000,0.0000000,2.496449,1.994854,0.0000000
0.000000,1.904616,1.8959371,0.000000,0.0000000,0.000000,0.0000000,1.746153,1.960483,1.451869,0.0000000,2.1660196,1.897736,2.498439,2.210745,2.373696,0.000000,2.3414065,1.953247,2.009534,1.8543529,2.179994,2.091828,2.237030,2.031545,2.189535,2.111621,0.000000,0.0000000,0.000000,1.880936,0.000000,0.000000,1.824316,1.827069,0.000000,2.348954,0.000000,0.000000,0.0000000,0.0000000,1.576490,0.000000,2.159497,0.0000000,0.000000,1.6347670,0.000000,1.916110,1.8380496,0.000000,1.894791,1.5419108,0.0000000,2.079141,1.567676,1.897053,1.882778,0.000000,2.083180,1.782705,1.868935,2.0905403,2.017572,0.000000,0.0000000,2.459703,0.000000,1.6066746
0.000000,1.869889,1.7557854,0.000000,0.0000000,0.000000,0.0000000,0.000000,0.000000,0.000000,0.0000000,2.0884189,2.221754,2.470597,2.202631,2.416829,0.000000,2.3033763,1.858603,1.868896,1.7957317,2.109261,2.074415,2.248221,1.876962,2.180937,0.000000,2.060106,0.0000000,0.000000,1.707357,0.000000,2.024637,0.000000,0.000000,0.000000,2.333347,0.000000,0.000000,0.0000000,0.0000000,1.793730,0.000000,2.219842,0.0000000,0.000000,0.0000000,0.000000,0.000000,2.1501887,2.169919,1.788484,0.0000000,1.4104594,2.064854,0.000000,1.781661,0.000000,0.000000,2.011766,0.000000,0.000000,1.7474528,2.090232,0.000000,0.0000000,2.469776,0.000000,0.0000000
0.000000,2.015718,1.8500173,0.000000,1.6031366,0.000000,1.8097188,2.051777,1.821097,0.000000,2.1012379,2.1960802,1.796657,2.448554,2.208995,2.403040,0.000000,2.0692127,0.000000,1.928895,1.9888035,1.744283,1.904636,2.321407,1.897535,1.997525,2.005425,0.000000,0.0000000,1.840987,0.000000,0.000000,1.840900,2.123071,1.953707,1.555545,2.454852,0.000000,1.673415,2.0826952,1.8762405,1.774269,0.000000,2.138146,1.6394125,0.000000,1.5193493,0.000000,1.934477,1.8975917,0.000000,2.243315,0.0000000,0.0000000,2.413343,2.110279,2.127114,1.967990,1.810479,2.148896,0.000000,0.000000,2.0357087,2.151734,1.736099,0.0000000,2.494838,0.000000,1.9558668
0.000000,1.864991,1.9294046,1.418341,2.1303267,1.159135,0.0000000,2.002429,2.004903,0.000000,2.0863672,2.0704563,2.006362,2.469732,2.223055,2.371642,0.000000,2.3592997,1.846103,2.011684,1.8792883,2.206416,1.992377,2.252685,1.909250,2.252976,2.052287,0.000000,0.0000000,1.550601,1.826798,0.000000,1.535551,1.963289,1.909089,0.000000,2.392405,0.000000,1.432323,1.9012973,1.9814605,1.738269,0.000000,2.134062,0.0000000,0.000000,1.6075290,0.000000,0.000000,2.1304893,0.000000,2.104935,0.0000000,0.0000000,2.002028,1.897726,1.832366,1.880141,1.753873,2.166060,1.490315,1.608637,2.2739212,2.164453,0.000000,1.7304065,2.463689,0.000000,1.6707501
0.000000,2.272918,2.0020992,1.681689,0.0000000,1.746337,2.1807865,1.819251,0.000000,0.000000,0.0000000,1.9643673,0.000000,2.417914,2.231679,2.353993,0.000000,2.0868352,0.000000,1.958979,1.7729830,1.874681,1.952909,2.173886,1.944954,2.091606,0.000000,0.000000,0.0000000,0.000000,0.000000,0.000000,1.940838,1.806992,0.000000,0.000000,2.241897,1.763399,1.631402,0.0000000,2.0647815,0.000000,0.000000,1.841853,0.0000000,0.000000,0.0000000,0.000000,1.877119,0.0000000,1.702925,1.914759,0.0000000,1.5674413,2.289387,0.000000,0.000000,2.038273,0.000000,1.923462,0.000000,0.000000,2.2068676,2.097545,0.000000,2.1852654,2.526735,0.000000,0.0000000
0.000000,1.897571,1.9201802,1.549148,2.1087996,0.000000,1.6814777,1.796396,2.021405,0.000000,0.0000000,2.1441738,0.000000,2.447719,2.248308,2.377764,0.000000,1.3046737,1.933847,1.962057,1.9569700,2.043260,1.945787,2.220089,2.013109,1.761321,1.952036,0.000000,0.0000000,1.761985,1.798714,0.000000,0.000000,1.972749,1.832475,0.000000,2.337623,0.000000,1.276479,0.0000000,1.5132021,1.708406,1.495592,2.235185,1.1677795,0.000000,1.7299622,1.627081,1.895817,2.1154426,0.000000,2.012779,1.3753526,0.0000000,2.096090,2.027704,2.133044,1.685531,1.543102,2.063209,1.891001,1.161935,2.3751493,2.011031,1.379386,0.0000000,2.356529,0.000000,1.7006190
0.000000,1.849232,1.7976086,0.000000,0.0000000,0.000000,0.0000000,1.990669,1.881053,2.061660,2.0334429,2.2014324,2.221392,2.445042,2.210387,2.424031,0.000000,0.0000000,1.865986,1.958615,1.9078143,0.000000,2.016883,2.267029,2.001717,2.130902,1.670020,0.000000,0.0000000,1.526304,1.762067,0.000000,0.000000,1.693551,1.817109,0.000000,2.346591,1.514093,0.000000,0.0000000,0.0000000,1.737619,0.000000,2.204260,0.0000000,0.000000,1.5767127,0.000000,1.903973,2.1477755,1.939163,2.008483,1.3682637,0.0000000,2.358250,0.000000,1.787701,1.386847,1.458077,2.179161,1.520395,1.342472,2.0674868,2.071882,1.548154,0.0000000,2.578335,0.000000,1.5050448
1.351828,1.832979,1.7495841,1.241150,0.0000000,0.000000,0.0000000,0.000000,1.757175,0.000000,2.0172348,2.1317371,2.202422,2.426254,2.230680,2.401984,0.000000,2.3497852,1.978806,1.966194,1.8727782,2.209973,2.152523,2.241535,2.041243,2.213218,2.050135,2.134219,0.0000000,1.590870,1.950058,1.690923,1.992626,1.905626,1.772650,0.000000,2.367191,1.568237,0.000000,0.0000000,1.2589497,1.660560,1.176120,2.223475,0.0000000,1.871958,1.6446991,0.000000,0.000000,2.0832737,2.000812,1.990346,1.6035165,0.0000000,2.260526,2.100721,1.967833,1.702721,1.651130,1.993116,0.000000,0.000000,2.0643545,2.034093,1.798918,0.0000000,2.473192,1.630663,1.4818766
0.000000,1.804283,1.8889077,1.271796,0.0000000,0.000000,1.5019481,1.914446,1.909787,0.000000,2.0895773,2.1991012,2.101029,2.455711,2.238152,2.383831,0.000000,2.3969411,1.959567,1.951397,1.9252018,2.240344,2.116880,2.256794,1.993570,2.297647,1.994678,2.149596,0.0000000,1.482179,1.936977,0.000000,1.949444,0.000000,1.887971,0.000000,2.309488,1.482783,0.000000,0.0000000,0.0000000,1.702639,0.000000,0.000000,0.0000000,0.000000,0.0000000,0.000000,0.000000,2.0616067,1.896225,1.957323,1.5454068,1.4696692,2.237520,2.014284,1.774890,1.750392,1.569076,2.140741,1.724046,1.819020,2.0924982,2.014247,1.702311,0.0000000,2.466499,1.601185,1.8444959
0.000000,1.830282,2.1541146,0.000000,1.8303160,0.000000,0.0000000,1.704996,1.793386,0.000000,0.0000000,2.0406730,2.158472,2.448677,2.238796,2.369482,1.689949,2.2870487,1.890424,1.921557,0.0000000,2.004022,2.132905,2.209541,1.951489,2.141453,2.089313,1.991964,2.0080288,0.000000,2.014215,2.082878,0.000000,1.699557,0.000000,0.000000,2.190813,1.684659,1.995179,0.0000000,0.0000000,0.000000,0.000000,2.172773,0.0000000,0.000000,0.0000000,0.000000,1.967232,2.0861464,0.000000,2.197220,0.0000000,0.0000000,2.143932,2.030938,2.224579,0.000000,1.632680,2.056675,2.006010,0.000000,2.2703941,2.107319,1.657887,0.0000000,2.394468,0.000000,0.0000000
0.000000,0.000000,1.9250849,0.000000,0.0000000,0.000000,0.0000000,2.072317,2.161689,0.000000,0.0000000,2.2744356,1.684153,2.503197,2.258827,2.399049,0.000000,1.9982124,0.000000,2.050007,1.6932253,2.217137,1.998740,2.255102,1.981174,2.034241,2.208877,0.000000,0.0000000,0.000000,2.110188,2.058775,0.000000,0.000000,2.027310,0.000000,2.491600,1.708209,0.000000,0.0000000,1.7908095,0.000000,0.000000,1.916544,0.0000000,0.000000,0.0000000,0.000000,0.000000,2.0941537,0.000000,2.236808,0.0000000,0.0000000,2.334603,1.836891,2.017099,0.000000,0.000000,2.341296,0.000000,1.840100,1.9725953,2.222611,0.000000,0.0000000,2.529415,0.000000,2.2333575
0.000000,1.637539,2.0145876,0.000000,0.0000000,0.000000,0.0000000,1.926021,1.778936,0.000000,0.0000000,2.0754269,1.929763,2.461951,2.207962,2.388566,0.000000,0.0000000,0.000000,1.940490,1.9290812,0.000000,1.921390,2.185987,1.923568,1.547892,1.704370,0.000000,1.5347040,0.000000,0.000000,0.000000,0.000000,1.951184,1.862082,0.000000,2.347182,0.000000,1.479053,1.6323298,0.0000000,1.723225,1.654753,2.183692,0.0000000,0.000000,1.7263597,0.000000,1.874847,1.8087060,0.000000,2.004406,2.1032216,0.0000000,2.104714,1.648525,1.665412,1.811361,0.000000,2.135024,1.819528,1.784512,2.1065480,2.051941,1.622946,0.0000000,2.364050,0.000000,1.7813712
0.000000,1.943624,1.7906398,1.433501,0.0000000,0.000000,1.4778185,2.069863,1.903722,0.000000,2.0173546,2.1355546,2.197270,2.420313,2.180539,2.434910,0.000000,1.6053660,0.000000,1.805511,1.9138681,0.000000,1.766321,2.244944,1.826684,2.123605,1.889029,0.000000,0.0000000,1.758805,0.000000,0.000000,0.000000,1.021852,1.728102,0.000000,2.347275,1.597843,0.000000,1.3741662,1.9163785,1.796885,0.000000,2.152797,0.0000000,0.000000,0.0000000,0.000000,0.000000,2.0926338,2.074193,1.978811,1.0690122,0.0000000,2.336290,1.822990,1.349305,1.826351,1.201273,2.163592,1.576535,1.805470,1.9488329,2.016153,1.467800,1.0750267,2.476529,0.000000,1.6540011
0.000000,1.772020,1.7245256,0.000000,0.0000000,0.000000,0.0000000,1.860709,0.000000,1.766842,1.5456728,1.9564863,2.293010,2.427056,2.233475,2.464579,1.967587,2.3589686,1.885136,1.907853,1.9688582,2.186262,2.073010,2.219965,1.975744,2.206818,1.904988,2.109251,0.0000000,0.000000,1.624023,1.658756,1.917704,1.880413,1.865479,0.000000,2.314586,1.787701,1.777257,1.8732766,0.0000000,1.784878,1.686420,2.261132,0.0000000,0.000000,1.6192590,0.000000,0.000000,2.0407501,2.155900,2.095060,2.0631875,0.0000000,2.256395,1.916459,1.909514,1.853022,1.506242,2.079970,1.691980,0.000000,2.1692179,1.930362,0.000000,0.0000000,2.468386,0.000000,1.6853018
0.000000,1.742515,1.9033365,1.275423,1.3988882,0.000000,0.0000000,2.022313,1.836695,1.905013,0.0000000,2.1065080,2.106251,2.452821,2.249490,2.375801,0.000000,0.0000000,1.857145,2.008220,1.8837411,1.993539,2.045108,2.225270,1.910505,2.012029,1.758480,0.000000,0.0000000,0.000000,1.825222,0.000000,1.965872,2.017339,1.731529,0.000000,2.378007,1.571842,0.000000,1.9375121,1.3985374,1.696349,1.589308,2.168651,1.4235615,0.000000,1.3000035,0.000000,1.822504,1.7781235,1.316882,2.015157,1.4633361,1.4569554,2.307979,0.000000,1.540766,1.879033,1.588064,2.175029,1.616544,1.054940,2.0405717,2.113026,1.598000,0.0000000,2.474495,0.000000,1.5231928
0.000000,2.112798,1.8310226,1.695622,0.0000000,0.000000,0.0000000,2.092471,1.866524,0.000000,2.1114649,2.2305149,2.127966,2.422620,2.235306,2.426910,0.000000,1.1694714,0.000000,2.019392,1.9080721,0.000000,1.771982,2.275864,1.653190,2.101336,1.534817,0.000000,0.0000000,1.278366,0.000000,0.000000,0.000000,1.877499,1.882535,1.970947,2.387079,0.000000,2.056173,0.0000000,2.0261724,1.551117,1.719694,2.218433,0.0000000,0.000000,1.6813838,0.000000,0.000000,1.9828924,2.049663,2.233679,1.3285881,0.0000000,2.241294,2.151537,1.863815,1.826517,1.830171,2.214262,1.610613,0.000000,2.3488178,2.073225,1.728085,1.2053575,2.464331,1.734945,2.2201000
0.000000,1.744733,1.8407026,0.000000,2.1102627,0.000000,0.0000000,1.971299,1.818631,0.000000,0.0000000,2.2012990,1.937592,2.466272,2.222520,2.397207,1.136632,1.5576434,1.554335,2.041647,0.0000000,1.779132,1.892945,2.247407,1.999992,1.766508,1.699160,0.000000,0.0000000,0.000000,1.975636,0.000000,0.000000,1.663189,1.857719,0.000000,2.376081,0.000000,1.667579,0.0000000,0.0000000,0.000000,0.000000,2.153361,0.0000000,0.000000,0.0000000,0.000000,1.852304,1.7322551,0.000000,1.947098,1.3592175,0.0000000,2.113001,1.958102,1.257577,1.799206,1.474775,2.141533,0.000000,0.000000,2.1216684,1.989230,0.000000,0.0000000,2.326996,0.000000,1.8325342
1.927853,1.929993,1.7399912,0.000000,2.1291905,0.000000,0.0000000,1.916092,1.706760,0.000000,1.8023257,1.9959997,2.213603,2.449299,2.232073,2.446501,1.994790,2.3431032,1.918080,1.995484,1.8145518,2.186327,2.055121,2.206003,1.975268,2.215322,1.841342,2.081718,1.6644484,0.000000,1.833530,0.000000,0.000000,0.000000,0.000000,0.000000,2.376557,1.911512,0.000000,2.0865159,2.0155384,0.000000,0.000000,2.041680,0.0000000,0.000000,0.0000000,0.000000,0.000000,1.9224985,1.758155,0.000000,0.0000000,0.0000000,2.233868,2.075277,0.000000,1.782944,0.000000,0.000000,0.000000,0.000000,2.2788336,2.066032,0.000000,0.0000000,2.458833,1.781166,0.0000000
0.000000,1.875875,1.9051931,0.000000,2.1336088,0.000000,0.0000000,1.922660,1.757232,0.000000,1.5833833,2.1515452,2.240023,2.437787,2.227343,2.404127,0.000000,0.0000000,0.000000,2.026098,1.4979671,0.000000,2.015477,2.283562,2.052305,2.092563,2.069306,0.000000,0.0000000,1.556047,0.000000,0.000000,0.000000,0.000000,1.790968,0.000000,2.316783,1.654753,1.377835,0.0000000,0.0000000,1.512371,1.552657,2.216761,1.2079455,0.000000,1.1566569,0.000000,0.000000,2.1268309,2.124446,2.181567,1.6281964,0.0000000,2.155426,2.262039,1.958352,1.715234,1.365661,2.121180,1.768712,0.000000,2.0903412,2.150848,0.000000,1.1555871,2.364916,1.579710,2.1965282
0.000000,1.854109,1.6784455,1.515548,0.0000000,0.000000,1.4727969,1.864387,0.000000,2.184068,1.9441992,1.9494402,2.196039,2.409273,2.149032,2.442108,2.058424,2.3300601,0.000000,1.854846,1.8581300,0.000000,2.032678,2.221167,1.887128,2.194122,1.924385,2.162042,0.0000000,0.000000,1.719364,1.864514,2.094665,1.752350,1.924662,0.000000,2.458680,2.063348,0.000000,1.9148628,0.0000000,1.781154,1.579097,1.918920,0.0000000,2.079084,0.0000000,0.000000,1.840703,2.2240125,2.140804,2.099793,0.0000000,1.9791980,1.940572,1.317752,1.915292,1.769487,0.000000,2.137562,1.588355,1.336044,1.7695001,1.967572,1.780960,1.7283794,2.437817,0.000000,1.7088789
0.000000,1.963119,0.0000000,0.000000,1.7804507,0.000000,0.0000000,0.000000,0.000000,0.000000,1.5695400,2.0629223,1.924335,2.462273,2.263013,2.430875,1.936688,2.2670082,0.000000,1.922524,1.6965834,1.898714,1.490604,2.206642,1.819593,2.109302,0.000000,2.027591,0.0000000,0.000000,0.000000,0.000000,0.000000,0.000000,1.900379,0.000000,2.390465,1.677966,0.000000,0.0000000,0.0000000,1.705177,1.714818,1.869659,0.0000000,0.000000,1.8766897,0.000000,0.000000,2.2126898,0.000000,1.734347,0.0000000,1.3527114,2.345983,0.000000,0.000000,1.659431,0.000000,2.094306,0.000000,0.000000,1.8295972,2.040920,1.586266,0.0000000,2.438383,0.000000,1.6940283
0.000000,1.795305,1.7169404,0.000000,0.0000000,0.000000,0.0000000,0.000000,0.000000,0.000000,0.0000000,2.0490865,2.169259,2.449281,2.214360,2.413676,1.978112,2.3707804,1.953184,1.988017,1.8494841,2.191328,2.011770,2.227183,2.031920,2.238740,1.489445,2.143399,0.0000000,0.000000,1.710346,0.000000,1.982338,1.681571,1.733146,0.000000,2.188851,0.000000,0.000000,1.9427259,1.6777983,1.658159,0.000000,2.187142,0.0000000,0.000000,0.0000000,0.000000,0.000000,1.8796978,0.000000,0.000000,0.0000000,1.5310453,2.250957,1.647221,1.846452,1.725251,0.000000,1.893223,0.000000,1.337630,1.9184761,2.009848,1.534364,0.0000000,2.474078,0.000000,2.1291472
0.000000,1.843523,0.0000000,0.000000,0.0000000,0.000000,0.0000000,0.000000,0.000000,0.000000,0.0000000,2.1028823,2.231885,2.458179,2.184182,2.447785,1.567394,2.2825228,1.760974,0.000000,0.0000000,1.948243,1.866746,2.261624,0.000000,2.100126,0.000000,0.000000,0.0000000,0.000000,1.523555,0.000000,0.000000,2.020548,0.000000,0.000000,2.415163,1.969263,0.000000,2.0038927,0.0000000,1.921759,0.000000,2.057647,0.0000000,0.000000,0.0000000,0.000000,0.000000,2.1507538,1.827025,2.218547,0.0000000,1.6524594,2.296464,2.230297,0.000000,2.116277,0.000000,2.039374,0.000000,0.000000,1.8767685,1.985622,1.641325,0.0000000,2.500420,0.000000,0.0000000
0.000000,1.871373,0.0000000,0.000000,0.0000000,0.000000,0.0000000,1.974585,1.901413,0.000000,1.9014028,2.1138481,2.131315,2.498018,2.249925,2.403599,2.065357,2.3829805,1.775683,2.077204,0.0000000,2.241117,2.060020,2.253556,2.070645,2.262223,0.000000,2.128161,0.0000000,0.000000,0.000000,0.000000,0.000000,0.000000,1.964562,0.000000,2.271512,0.000000,0.000000,0.0000000,0.0000000,1.837759,0.000000,1.957300,0.0000000,0.000000,1.7034965,0.000000,0.000000,1.7267098,0.000000,0.000000,0.0000000,0.0000000,1.944188,1.820677,0.000000,1.864792,0.000000,2.145709,0.000000,0.000000,1.8791397,1.980678,0.000000,0.0000000,2.368421,0.000000,2.0114074
0.000000,1.854467,1.6483228,0.000000,0.0000000,0.000000,0.0000000,0.000000,0.000000,0.000000,1.4058896,2.0544763,2.214114,2.412432,2.176872,2.447273,2.088365,2.3643709,1.654725,1.867864,1.8990058,2.157261,1.970787,2.308953,1.903178,2.302763,1.736771,2.175405,0.0000000,0.000000,1.199797,1.654475,1.251528,2.234863,1.210505,0.000000,2.344652,1.709389,0.000000,2.0182854,1.9772968,0.000000,0.000000,2.206904,0.0000000,1.986307,1.5795347,0.000000,1.752394,1.7658646,1.922843,1.922405,0.0000000,1.7850660,2.199685,2.010437,1.866452,2.026525,0.000000,1.985488,0.000000,1.686351,1.9586785,1.936367,1.678493,1.2138732,2.470340,1.662503,2.0248615
0.000000,1.735984,0.0000000,0.000000,2.1736657,0.000000,0.0000000,0.000000,1.688205,0.000000,0.0000000,2.0514235,0.000000,2.474760,2.255636,2.395862,0.000000,0.0000000,0.000000,1.886729,1.6290770,0.000000,1.893436,2.207558,1.756087,0.000000,0.000000,0.000000,0.0000000,0.000000,0.000000,0.000000,0.000000,2.004479,1.839343,0.000000,2.389387,0.000000,0.000000,0.0000000,0.0000000,0.000000,0.000000,1.697348,0.0000000,0.000000,0.0000000,0.000000,0.000000,1.7759338,0.000000,0.000000,0.0000000,0.0000000,2.191544,0.000000,1.930113,0.000000,0.000000,1.889822,0.000000,0.000000,1.8640414,1.961253,0.000000,0.0000000,2.352934,1.893735,1.7399112
0.000000,1.698046,0.0000000,0.000000,0.0000000,0.000000,0.0000000,0.000000,1.695300,0.000000,0.0000000,2.0040664,1.723957,2.438201,2.238288,2.384430,0.000000,2.0442142,0.000000,1.893682,0.0000000,0.000000,1.777678,2.177679,0.000000,1.731223,1.755771,0.000000,0.0000000,0.000000,1.882581,0.000000,0.000000,0.000000,1.968782,0.000000,2.416164,1.703211,0.000000,0.0000000,0.0000000,0.000000,0.000000,1.886606,0.0000000,0.000000,0.0000000,0.000000,1.715874,1.8767140,0.000000,0.000000,0.0000000,0.0000000,2.306656,0.000000,1.430741,0.000000,0.000000,1.940756,0.000000,1.719877,1.8102619,2.042909,1.614850,0.0000000,2.237176,1.500174,1.8172406
0.000000,1.841358,0.0000000,1.893788,0.0000000,0.000000,0.0000000,0.000000,2.030314,0.000000,0.0000000,2.0450165,2.072929,2.441482,2.209215,2.437099,0.000000,0.0000000,0.000000,1.941360,0.0000000,2.138880,2.067926,2.228506,0.000000,2.081548,1.678899,0.000000,0.0000000,0.000000,0.000000,0.000000,0.000000,1.947281,0.000000,1.834328,2.217328,1.640022,1.907244,0.0000000,0.0000000,0.000000,0.000000,2.224258,0.0000000,0.000000,1.5030987,0.000000,0.000000,1.9513566,0.000000,2.191162,0.0000000,0.0000000,2.159791,2.173426,1.912801,1.504443,1.722741,0.000000,0.000000,0.000000,0.0000000,2.008169,1.770934,0.0000000,2.410167,1.866393,1.7691327
0.000000,1.886645,1.8536999,0.000000,0.0000000,0.000000,0.0000000,0.000000,0.000000,0.000000,2.0310621,2.1275349,0.000000,2.486558,2.248083,2.386690,0.000000,2.0470658,0.000000,1.978697,0.0000000,1.772842,1.841822,2.255741,0.000000,1.981049,0.000000,1.433794,0.0000000,0.000000,0.000000,0.000000,0.000000,2.015397,1.736165,0.000000,2.130080,0.000000,0.000000,1.8484112,0.0000000,0.000000,0.000000,0.000000,0.0000000,0.000000,0.0000000,0.000000,0.000000,2.1154377,0.000000,1.883292,0.0000000,0.0000000,2.272266,1.755613,2.030038,0.000000,0.000000,1.993039,0.000000,0.000000,0.0000000,2.045658,1.906349,0.0000000,2.446918,0.000000,0.0000000
0.000000,0.000000,1.8498250,1.606414,0.0000000,0.000000,0.0000000,2.001103,1.688856,0.000000,1.8818369,2.1067953,2.168923,2.423719,2.264657,2.358702,0.000000,2.4263758,0.000000,2.061599,1.6371682,2.282733,2.194403,2.269905,2.016264,2.348795,2.099607,2.126040,0.0000000,0.000000,1.922149,0.000000,0.000000,0.000000,1.985622,0.000000,2.444308,1.893014,1.804734,0.0000000,1.7275643,1.711858,0.000000,2.238706,0.0000000,0.000000,0.0000000,0.000000,1.781311,0.0000000,0.000000,1.897922,0.0000000,1.6972422,2.231808,2.360604,1.947007,1.858700,1.592903,2.129165,0.000000,0.000000,2.0368534,2.103253,0.000000,0.0000000,2.596936,0.000000,1.9953869
0.000000,0.000000,1.8586095,0.000000,1.9037958,0.000000,0.0000000,0.000000,0.000000,0.000000,1.8152384,2.0361238,0.000000,2.470997,2.221040,2.361897,0.000000,2.1017361,0.000000,1.904553,1.5141567,1.518360,1.930414,2.236169,1.738236,2.013633,0.000000,0.000000,0.0000000,0.000000,1.305412,0.000000,0.000000,0.000000,1.752996,0.000000,2.171964,0.000000,0.000000,0.0000000,0.0000000,0.000000,1.703720,0.000000,0.0000000,0.000000,0.0000000,0.000000,0.000000,2.2207481,0.000000,1.756130,0.0000000,1.4052118,2.158227,0.000000,0.000000,0.000000,0.000000,1.703415,0.000000,0.000000,1.6318828,2.072417,0.000000,0.0000000,2.439380,0.000000,0.0000000
0.000000,2.067080,1.8302818,0.000000,0.0000000,0.000000,0.0000000,1.847887,1.660747,0.000000,1.7965267,2.0883348,2.218585,2.457860,2.243196,2.434111,0.000000,2.4015717,1.936634,0.000000,1.9762519,2.269499,2.123442,2.223274,2.015954,2.307013,1.776484,2.112549,0.0000000,1.614247,1.799003,0.000000,0.000000,1.738236,1.783457,0.000000,2.396731,0.000000,0.000000,0.0000000,1.9489677,1.662978,1.878633,2.245946,0.0000000,1.813843,1.3279270,0.000000,0.000000,1.9033365,1.977779,2.001674,1.6823667,0.0000000,2.322057,2.144834,1.736967,1.730458,1.617244,2.125100,0.000000,0.000000,2.1561790,1.972333,0.000000,0.0000000,2.490673,1.769172,1.8558198
0.000000,1.602145,1.7959172,0.000000,0.0000000,0.000000,0.0000000,0.000000,2.048635,0.000000,0.0000000,2.0164718,1.809778,2.473250,2.239555,2.333442,1.820686,2.1034500,1.507564,1.962045,0.0000000,1.936172,1.906034,2.242803,1.658403,2.034464,1.942493,0.000000,0.0000000,0.000000,1.683483,0.000000,0.000000,2.139478,0.000000,0.000000,2.318458,1.978349,0.000000,0.0000000,0.0000000,0.000000,0.000000,2.194482,0.0000000,0.000000,0.0000000,0.000000,0.000000,2.0998376,0.000000,2.084503,0.0000000,0.0000000,2.112094,0.000000,1.882140,0.000000,0.000000,0.000000,0.000000,0.000000,0.0000000,2.157371,1.686442,0.0000000,2.509633,0.000000,0.0000000
0.000000,0.000000,1.8020022,0.000000,0.0000000,0.000000,1.4687775,1.688968,1.461656,0.000000,0.0000000,1.6901485,2.169695,2.454022,2.274288,2.448871,0.000000,2.3086622,0.000000,1.766053,1.7761718,2.104537,1.930362,2.187350,1.756159,2.214963,1.656135,2.026851,0.0000000,0.000000,1.326599,0.000000,1.666293,1.665048,1.597803,0.000000,2.387128,1.687191,1.723903,0.0000000,0.0000000,1.298106,0.000000,1.952097,0.0000000,2.078171,1.5921332,0.000000,0.000000,2.1148522,2.054358,2.054267,0.0000000,0.0000000,1.853275,0.000000,1.274363,1.914890,0.000000,2.105225,0.000000,1.414602,2.0633153,1.938740,1.440326,0.0000000,2.456860,0.000000,1.7322720
0.000000,1.782094,0.0000000,0.000000,2.0729692,0.000000,0.0000000,0.000000,1.683853,0.000000,1.8553658,2.0719315,1.762714,2.434824,2.257068,2.355633,0.000000,2.2847389,0.000000,0.000000,1.9239943,2.151020,1.965805,2.209438,1.856427,2.196033,0.000000,1.577334,0.0000000,0.000000,1.703089,0.000000,0.000000,0.000000,1.675597,0.000000,2.345417,1.757146,0.000000,0.0000000,0.0000000,0.000000,0.000000,1.996971,0.0000000,0.000000,0.0000000,0.000000,0.000000,1.7057805,0.000000,1.551014,0.0000000,0.0000000,2.153113,1.900859,1.663031,1.874410,1.585423,1.902493,0.000000,0.000000,0.0000000,1.950891,0.000000,0.0000000,2.492444,0.000000,0.0000000
0.000000,1.800479,1.8636009,0.000000,0.0000000,0.000000,0.0000000,1.929473,2.211452,0.000000,0.0000000,2.1852373,2.159735,2.544926,2.239174,2.401569,0.000000,0.0000000,1.671926,1.952765,0.0000000,1.863112,2.060339,2.219141,1.974784,2.085881,0.000000,0.000000,0.0000000,0.000000,2.093643,2.117579,0.000000,0.000000,1.959373,0.000000,2.520156,0.000000,0.000000,0.0000000,0.0000000,0.000000,0.000000,2.070763,0.0000000,0.000000,0.0000000,0.000000,1.958672,2.1616286,0.000000,1.938917,0.0000000,0.0000000,2.160961,0.000000,0.000000,0.000000,0.000000,2.310136,0.000000,0.000000,1.8883096,2.235115,1.751552,0.0000000,2.498369,0.000000,0.0000000
0.000000,0.000000,1.8155804,0.000000,0.0000000,0.000000,0.0000000,2.090688,2.265238,0.000000,0.0000000,2.2725404,2.100207,2.451952,2.384929,2.435000,0.000000,2.1193339,0.000000,1.773341,1.8045497,0.000000,1.850504,2.293074,0.000000,1.858248,0.000000,0.000000,0.0000000,0.000000,1.775720,2.262905,0.000000,0.000000,1.820475,0.000000,2.561557,1.935601,0.000000,2.0946752,0.0000000,0.000000,0.000000,2.124882,0.0000000,1.786948,0.0000000,0.000000,0.000000,2.1180826,0.000000,1.700992,0.0000000,0.0000000,2.209319,0.000000,0.000000,1.845714,0.000000,2.322663,0.000000,0.000000,2.2110945,2.112698,1.887217,2.1273164,2.507739,0.000000,0.0000000
0.000000,2.152987,1.7599145,0.000000,0.0000000,0.000000,1.8087359,2.064766,1.673809,0.000000,1.9981385,1.6393209,2.276970,2.450674,2.194374,2.447924,0.000000,2.2996977,1.881837,0.000000,1.8372159,2.111544,1.941690,2.327216,0.000000,2.181689,1.848336,2.002625,0.0000000,0.000000,1.825735,2.102086,0.000000,2.106599,1.911126,0.000000,2.519133,1.998496,1.683158,2.2697073,0.0000000,0.000000,0.000000,2.084510,0.0000000,0.000000,0.0000000,0.000000,2.023426,2.0642670,0.000000,2.100240,0.0000000,0.0000000,2.332589,1.920449,2.179130,2.282078,1.840251,2.346005,1.680253,0.000000,2.3862990,2.156802,1.937724,0.0000000,2.604711,1.928664,0.0000000
0.000000,0.000000,1.8737545,1.914998,0.0000000,0.000000,0.0000000,2.065744,2.275655,0.000000,0.0000000,0.0000000,2.018287,2.455419,1.982848,2.451529,0.000000,2.0914735,0.000000,0.000000,1.8931480,1.790900,1.604877,2.131478,0.000000,2.034930,0.000000,1.536393,0.0000000,0.000000,0.000000,2.252487,2.020330,0.000000,1.994626,0.000000,2.515473,1.857348,0.000000,0.0000000,2.1543123,0.000000,0.000000,2.148622,0.0000000,1.772509,0.0000000,0.000000,0.000000,1.7125315,0.000000,2.373031,0.0000000,0.0000000,2.090920,1.845524,0.000000,2.189420,0.000000,2.323800,2.093045,0.000000,2.2326990,2.140874,0.000000,2.0003123,2.200974,0.000000,0.0000000
0.000000,2.180790,2.2805845,2.129517,2.1345200,0.000000,0.0000000,2.081978,1.889646,0.000000,2.2713055,2.2454446,1.956369,2.430772,2.179152,2.432410,1.658105,2.2972751,1.999591,1.995210,0.0000000,1.943157,2.012284,2.311264,1.956633,2.154413,1.737522,1.966985,1.8663533,1.977261,2.108224,2.111351,1.866857,2.029694,1.744221,2.163804,2.524620,1.997223,2.215753,2.0883789,1.7085049,0.000000,0.000000,2.278239,2.0337640,0.000000,0.0000000,0.000000,2.048897,2.0048874,0.000000,2.386309,0.0000000,1.7171641,1.887904,2.174630,2.363952,1.830759,0.000000,2.288204,2.347401,0.000000,2.4512750,2.264229,0.000000,0.0000000,2.391261,1.971463,1.9522348
0.000000,1.793464,1.8503348,1.491325,0.0000000,0.000000,0.0000000,1.893671,0.000000,2.076928,1.5463098,2.0692339,1.485254,2.450290,2.218022,2.379403,1.960807,2.2348159,1.788185,1.990816,1.8993531,2.099786,2.008707,2.326846,1.938410,2.197926,1.814016,1.989488,0.0000000,0.000000,1.579797,1.810045,1.900420,1.687304,1.919793,0.000000,2.444491,1.920388,1.733514,2.2010547,0.0000000,1.613676,1.366074,1.676448,1.7329447,1.491037,0.0000000,0.000000,0.000000,1.8183706,2.251793,2.123518,2.0167622,1.6533582,1.822278,1.589638,0.000000,2.134416,0.000000,2.150862,0.000000,1.817783,2.0957728,2.104330,1.534024,0.0000000,2.567591,0.000000,0.0000000
0.000000,0.000000,2.0918725,0.000000,0.0000000,0.000000,0.0000000,2.002195,0.000000,0.000000,0.0000000,2.1382765,2.073431,2.451367,2.216398,2.401752,1.743347,2.0845285,0.000000,0.000000,1.7204254,1.750765,1.839805,2.276381,1.749824,2.011019,0.000000,1.463336,1.5920925,0.000000,1.936329,2.075599,1.662688,0.000000,1.887184,0.000000,2.522465,1.836655,1.977899,0.0000000,0.0000000,0.000000,0.000000,2.016490,1.8038501,2.121093,0.0000000,0.000000,1.718536,1.9195493,0.000000,2.202678,0.0000000,0.0000000,1.955408,2.254067,2.259782,0.000000,0.000000,2.260897,1.945243,1.718813,2.2053006,2.167901,0.000000,0.0000000,2.559435,0.000000,0.0000000
0.000000,2.231417,2.1717787,0.000000,2.1641521,0.000000,0.0000000,2.163133,1.991796,0.000000,0.0000000,2.2798560,2.193514,2.458692,2.212553,2.340685,0.000000,2.1589551,1.593549,1.990455,0.0000000,1.947934,2.004358,2.264909,1.987919,2.085770,0.000000,1.787366,0.0000000,0.000000,1.856920,2.108492,2.052642,0.000000,1.969035,0.000000,2.519635,1.891701,1.864068,0.0000000,0.0000000,0.000000,0.000000,2.142117,0.0000000,1.939036,0.0000000,0.000000,2.039295,1.7962332,0.000000,2.220190,0.0000000,0.0000000,2.197949,2.243039,2.115289,1.632489,1.966916,2.366044,2.020703,0.000000,2.2184777,2.110323,1.836899,0.0000000,2.477743,0.000000,0.0000000
0.000000,0.000000,0.0000000,0.000000,0.0000000,0.000000,0.0000000,1.971082,1.766187,0.000000,0.0000000,2.1228642,1.963970,2.465089,2.248575,2.404701,0.000000,2.1886842,1.953906,1.999491,0.0000000,2.195186,2.016206,2.274644,1.832887,2.091794,1.861417,1.850710,0.0000000,0.000000,0.000000,2.088128,0.000000,0.000000,1.987420,0.000000,2.472917,2.006959,0.000000,1.8709748,0.0000000,0.000000,0.000000,0.000000,0.0000000,1.915949,1.7620674,0.000000,0.000000,2.0701569,1.767175,1.901513,0.0000000,0.0000000,1.942464,1.953504,0.000000,0.000000,0.000000,2.219550,0.000000,0.000000,2.1225423,2.126281,1.623519,0.0000000,2.510966,0.000000,0.0000000
0.000000,2.117768,2.2123517,1.756130,0.0000000,0.000000,0.0000000,1.774219,1.680040,0.000000,1.9590836,2.1988011,2.197819,2.420405,2.190071,2.444279,0.000000,2.3196845,1.894176,1.954205,1.9035935,1.807585,2.082219,2.227416,2.107172,2.248867,1.863172,2.148571,0.0000000,0.000000,1.812578,0.000000,2.005488,0.000000,1.622304,0.000000,2.362837,1.825293,2.099053,0.0000000,0.0000000,0.000000,0.000000,2.184597,1.7316979,0.000000,1.7407417,1.845638,1.751122,1.9253436,2.277596,2.049867,0.0000000,1.5145371,2.249861,2.266189,2.339488,1.717052,1.766521,2.177579,1.718055,0.000000,2.3420879,2.141150,1.752025,0.0000000,2.523176,2.120754,0.0000000
0.000000,1.688878,1.7842636,0.000000,0.0000000,0.000000,0.0000000,0.000000,1.774422,0.000000,1.8152764,0.0000000,2.187369,2.436749,2.215279,2.434169,0.000000,2.3640268,2.057346,1.742342,0.0000000,2.134357,2.023655,2.255817,0.000000,2.066926,1.963107,0.000000,0.0000000,0.000000,1.885181,0.000000,0.000000,0.000000,1.882233,0.000000,2.454203,1.783409,0.000000,0.0000000,0.0000000,0.000000,0.000000,0.000000,0.0000000,2.035184,0.0000000,0.000000,1.910683,2.1208675,0.000000,2.114183,1.6766412,0.0000000,2.164110,2.009790,0.000000,1.722651,1.895197,0.000000,0.000000,0.000000,1.9172474,2.143324,1.845049,0.0000000,2.516484,0.000000,0.0000000
0.000000,1.858575,1.6999745,0.000000,0.0000000,0.000000,0.0000000,0.000000,1.932124,1.685873,0.0000000,2.1476497,2.097147,2.456767,2.218050,2.390256,0.000000,2.2903457,1.793008,1.803798,0.0000000,2.150229,2.039869,2.254914,1.783314,1.927054,1.810134,2.058977,0.0000000,0.000000,1.559618,0.000000,2.023108,0.000000,0.000000,0.000000,2.387652,1.919239,0.000000,0.0000000,1.9081722,0.000000,0.000000,2.203523,0.0000000,1.890789,1.8229274,0.000000,0.000000,1.9035540,2.071153,2.216408,0.0000000,0.0000000,2.091096,0.000000,0.000000,0.000000,1.825089,2.119193,0.000000,0.000000,0.0000000,2.040943,0.000000,1.9726638,2.517605,0.000000,1.9896294
1.902841,2.205845,1.7567750,0.000000,2.1398563,0.000000,0.0000000,0.000000,1.784394,0.000000,1.8618177,0.0000000,2.179898,2.487249,2.273914,2.412320,0.000000,2.2983158,1.778530,2.076580,0.0000000,2.052371,1.956944,2.249623,1.995842,2.105913,0.000000,0.000000,0.0000000,0.000000,1.772496,0.000000,0.000000,0.000000,0.000000,0.000000,2.277393,0.000000,0.000000,0.0000000,0.0000000,0.000000,0.000000,2.243527,0.0000000,0.000000,0.0000000,0.000000,1.787920,1.8157701,1.990450,1.706241,0.0000000,0.0000000,2.175307,1.984822,1.853721,1.714022,1.887681,1.965748,0.000000,0.000000,2.3093439,2.029176,0.000000,0.0000000,2.440367,1.660426,0.0000000
0.000000,2.174265,2.1811177,1.897509,1.9448473,0.000000,1.8517215,0.000000,2.002284,0.000000,2.1976628,2.1333574,2.102477,2.457028,2.243376,2.409666,0.000000,2.3072939,1.932507,1.781805,2.0345644,2.203318,0.000000,2.191016,1.947291,2.084902,0.000000,0.000000,0.0000000,1.925473,0.000000,0.000000,0.000000,1.976777,1.952410,0.000000,2.429029,1.793929,2.069627,2.2993141,2.1720702,0.000000,0.000000,2.363682,2.1344171,0.000000,2.1610779,2.178946,2.081384,2.1844984,2.162592,2.319411,0.0000000,2.0011348,2.163732,2.075798,2.197940,0.000000,0.000000,2.213069,2.127578,0.000000,2.3965180,2.307286,1.903993,0.0000000,2.440030,2.133080,0.0000000
0.000000,2.177090,2.1838649,2.007037,1.9847523,0.000000,0.0000000,0.000000,2.004807,0.000000,2.1165246,2.2035793,2.148351,2.465978,2.134230,2.417936,0.000000,2.3201839,1.896235,2.040346,2.0864015,1.863995,2.153446,2.309522,2.003978,2.003023,1.809263,0.000000,0.0000000,0.000000,1.774649,0.000000,1.787180,1.767587,0.000000,0.000000,2.439348,1.821070,2.131394,2.0104808,2.1036779,0.000000,0.000000,2.171950,1.9300167,1.878064,1.6824600,1.992788,1.922809,1.9177748,1.758607,2.325338,0.0000000,0.0000000,2.294207,2.224152,2.241545,1.914296,0.000000,2.250853,2.093372,0.000000,2.3150311,2.101753,0.000000,0.0000000,2.370194,2.091739,0.0000000
0.000000,1.968460,0.0000000,0.000000,0.0000000,0.000000,0.0000000,0.000000,1.819066,0.000000,2.0721836,2.1555940,2.116935,2.479470,2.234664,2.426944,0.000000,2.1795642,1.633980,1.938995,1.7172013,1.845340,1.910982,2.239095,1.934124,2.050038,0.000000,0.000000,0.0000000,0.000000,0.000000,0.000000,2.050090,0.000000,0.000000,0.000000,2.382817,1.800901,0.000000,2.0570560,0.0000000,0.000000,0.000000,0.000000,0.0000000,0.000000,0.0000000,0.000000,0.000000,1.6291421,1.900354,1.900465,0.0000000,0.0000000,2.298429,0.000000,0.000000,1.940135,1.833688,2.190527,0.000000,0.000000,2.1715488,2.115949,0.000000,0.0000000,2.504388,0.000000,0.0000000
0.000000,2.216566,2.2820480,0.000000,1.7978025,0.000000,0.0000000,0.000000,2.026572,0.000000,2.2198189,2.1278465,2.089111,2.477528,2.233507,2.375022,0.000000,2.3513957,0.000000,2.081721,0.0000000,2.184561,2.018223,2.296687,1.825673,1.960785,1.975494,2.032600,0.0000000,0.000000,1.732272,0.000000,0.000000,0.000000,0.000000,0.000000,2.447837,1.967789,2.047083,2.3067097,2.2789089,0.000000,0.000000,2.263450,2.0674855,0.000000,2.1511637,2.395108,2.348834,2.1330073,0.000000,2.248594,0.0000000,0.0000000,2.091990,2.244472,1.999221,0.000000,1.932550,0.000000,2.176787,0.000000,2.4270072,2.172485,0.000000,0.0000000,2.550057,2.016083,1.7561877
0.000000,2.211314,2.2987268,0.000000,0.0000000,0.000000,2.1193236,0.000000,1.899689,0.000000,1.9544763,2.2467286,2.205004,2.442757,2.203615,2.440549,0.000000,2.3843445,2.009754,0.000000,2.0003690,1.888509,2.091102,2.240380,0.000000,1.997898,0.000000,0.000000,0.0000000,0.000000,1.920189,0.000000,1.878764,0.000000,0.000000,0.000000,2.392415,2.018258,2.036398,0.0000000,2.0894004,0.000000,0.000000,2.196213,0.0000000,0.000000,0.0000000,0.000000,0.000000,2.0884462,2.298657,1.968687,0.0000000,1.6449649,2.364827,2.352301,2.345937,0.000000,0.000000,2.209659,2.118454,0.000000,2.3611533,2.142562,0.000000,0.0000000,2.546866,1.901884,0.0000000
0.000000,0.000000,0.0000000,0.000000,0.0000000,0.000000,0.0000000,0.000000,2.009095,0.000000,2.1900643,2.2499574,2.202560,2.471723,2.204714,2.445236,1.713221,2.3585069,2.061283,2.098695,1.8631322,2.175310,2.180812,2.285359,2.129118,2.008067,1.940974,0.000000,0.0000000,0.000000,2.035395,0.000000,0.000000,0.000000,1.839917,0.000000,2.342238,0.000000,0.000000,0.0000000,0.0000000,0.000000,0.000000,2.195947,0.0000000,0.000000,0.0000000,0.000000,0.000000,1.8439714,2.264245,1.863554,0.0000000,0.0000000,2.147948,1.984017,0.000000,1.861159,0.000000,2.226228,0.000000,0.000000,1.9507006,2.082529,0.000000,0.0000000,2.572874,0.000000,0.0000000
0.000000,1.787943,1.7077936,1.559815,0.0000000,0.000000,1.9094243,2.085795,2.018915,0.000000,2.0320563,2.1704772,2.180330,2.443279,2.142400,2.391067,0.000000,0.0000000,1.921532,1.884269,1.9416644,2.224651,2.002322,2.236060,2.068344,2.006811,2.064379,0.000000,0.0000000,1.703964,0.000000,0.000000,1.894875,1.644581,1.799886,0.000000,2.504148,2.060073,0.000000,0.0000000,0.0000000,1.654530,0.000000,2.151966,0.0000000,0.000000,0.0000000,0.000000,1.757758,1.9468771,2.174437,2.163890,0.0000000,0.0000000,2.315336,2.021181,2.218897,0.000000,0.000000,2.349906,1.865202,1.785395,2.2178260,2.064478,0.000000,0.0000000,2.594033,1.722956,1.7080311
0.000000,1.838742,1.8149337,1.720225,0.0000000,0.000000,0.0000000,2.037877,1.687372,0.000000,1.9390325,2.1563411,2.220651,2.438257,2.204874,2.419362,1.782046,2.3312507,1.860401,1.992367,1.9575002,2.185129,2.124056,2.241358,2.049998,2.201101,1.806658,2.042547,0.0000000,0.000000,1.863908,0.000000,1.419502,1.748015,1.832627,0.000000,2.354759,1.501336,1.929409,0.0000000,0.0000000,1.720261,0.000000,2.208315,0.0000000,1.570142,0.0000000,0.000000,0.000000,2.1078588,2.142536,2.096791,2.0400287,1.5486778,2.155607,2.245413,2.160749,1.616754,0.000000,1.905174,2.012462,0.000000,2.1399749,2.025866,0.000000,0.0000000,2.531181,0.000000,1.8327776
0.000000,1.830793,1.8941020,1.815997,0.0000000,0.000000,1.6364857,2.073917,1.994761,0.000000,1.9116189,2.2536498,2.221502,2.458932,2.150668,2.407163,0.000000,2.2662724,1.920202,1.988761,1.8651561,2.086991,2.014857,2.243200,2.060947,2.096756,1.971883,1.826307,0.0000000,1.481422,0.000000,0.000000,0.000000,0.000000,1.820182,0.000000,2.527833,1.989582,0.000000,0.0000000,0.0000000,1.825981,1.442392,2.188196,0.0000000,0.000000,0.0000000,0.000000,1.620908,2.2231656,2.252984,2.103031,0.0000000,1.7273381,2.173340,1.805908,1.901779,0.000000,0.000000,2.293142,0.000000,0.000000,2.1222495,2.032755,0.000000,0.0000000,2.593548,1.393560,1.7552664
0.000000,1.799812,1.8348661,0.000000,0.0000000,0.000000,0.0000000,2.173863,1.954780,0.000000,2.0833947,2.1808479,2.166814,2.469599,2.217470,2.377221,0.000000,2.2888329,1.745275,1.963933,1.5101779,2.040699,1.797296,2.269380,1.972510,2.134481,1.540985,1.758749,0.0000000,0.000000,0.000000,0.000000,1.684130,0.000000,1.880607,0.000000,2.517614,1.849239,0.000000,0.0000000,0.0000000,1.828754,0.000000,0.000000,0.0000000,0.000000,0.0000000,0.000000,0.000000,2.0594898,2.133348,1.679661,0.0000000,0.0000000,2.137835,2.089773,0.000000,1.625592,0.000000,2.236337,0.000000,1.903317,2.0747477,2.117632,2.009618,0.0000000,2.475680,0.000000,0.0000000
0.000000,1.977017,1.9578835,0.000000,0.0000000,0.000000,0.0000000,2.004807,1.809996,0.000000,0.0000000,2.1665617,2.102066,2.509397,2.216441,2.366039,0.000000,2.3155771,1.942340,2.029097,0.0000000,2.260442,2.085408,2.259634,2.073324,2.200450,1.575732,1.979090,0.0000000,1.687372,1.691892,0.000000,2.080759,0.000000,2.031777,0.000000,2.459359,1.733631,0.000000,0.0000000,0.0000000,1.715045,0.000000,0.000000,0.0000000,0.000000,0.0000000,0.000000,1.800764,1.7372938,2.144266,1.765474,2.0937929,0.0000000,2.414679,2.204427,0.000000,2.082306,0.000000,2.236147,0.000000,1.892241,2.0229420,2.120131,0.000000,0.0000000,2.575216,0.000000,1.7214428
0.000000,1.974753,1.8519841,0.000000,0.0000000,0.000000,0.0000000,1.884920,0.000000,0.000000,0.0000000,2.1866070,2.202228,2.528035,2.241018,2.435041,1.554739,2.2810613,1.862352,0.000000,1.8038501,2.112475,1.980555,2.255374,1.952819,2.143591,1.854346,2.006760,0.0000000,0.000000,1.583853,0.000000,2.021664,2.077632,0.000000,0.000000,2.477630,1.853987,1.381819,0.0000000,0.0000000,0.000000,0.000000,1.456262,0.0000000,0.000000,1.7446712,0.000000,0.000000,1.9879015,0.000000,1.800880,0.0000000,0.0000000,2.275402,1.984703,1.707179,2.148957,1.739751,2.072017,1.562587,1.415140,2.0533993,2.169064,1.792975,0.0000000,2.595726,1.786366,1.6133187
0.000000,1.841271,1.9113496,0.000000,0.0000000,0.000000,0.0000000,2.003956,1.987881,0.000000,1.9918620,2.1658618,2.090932,2.498052,2.247755,2.391555,0.000000,2.3007781,1.736771,2.004415,0.0000000,2.018847,1.954265,2.262931,2.151252,2.144535,0.000000,0.000000,0.0000000,0.000000,0.000000,0.000000,2.040088,0.000000,1.924180,0.000000,2.309798,0.000000,0.000000,0.0000000,0.0000000,0.000000,0.000000,2.128060,0.0000000,0.000000,0.0000000,0.000000,1.956203,0.0000000,0.000000,2.079425,0.0000000,0.0000000,2.184361,2.348141,2.020937,1.638187,1.768975,2.182232,0.000000,0.000000,2.1552383,2.086106,0.000000,0.0000000,2.455003,0.000000,0.0000000
0.000000,1.743143,1.8622032,0.000000,0.0000000,0.000000,0.0000000,1.746153,1.767335,0.000000,1.6070466,2.1480581,2.147731,2.481756,2.213274,2.404263,0.000000,2.2578287,1.898868,1.969255,1.6645790,2.082568,2.033407,2.253196,1.991352,2.137025,0.000000,2.001495,0.0000000,0.000000,1.750123,0.000000,1.863213,1.922101,1.910013,0.000000,2.457820,1.786809,0.000000,0.0000000,0.0000000,0.000000,0.000000,0.000000,1.8000239,0.000000,0.0000000,0.000000,1.890746,0.0000000,2.107535,1.896850,2.1075523,1.7619432,2.358165,2.155767,2.125748,1.915513,0.000000,2.003851,0.000000,1.565459,1.9097354,2.125106,1.854675,0.0000000,2.520796,0.000000,0.0000000
0.000000,1.850652,1.9042878,1.724135,0.0000000,0.000000,0.0000000,2.043783,1.793231,0.000000,2.0068458,2.2309872,2.093062,2.568779,2.111458,2.415857,0.000000,2.2707240,1.970146,2.162212,1.8091239,2.133429,2.044175,2.275109,2.191059,2.007829,1.845003,1.749914,2.2061539,0.000000,2.175996,0.000000,2.029085,0.000000,1.875141,0.000000,2.479101,0.000000,0.000000,1.8698630,1.6228788,1.733364,0.000000,0.000000,1.6737847,0.000000,1.8594532,0.000000,0.000000,1.4908207,0.000000,1.982617,2.0739578,0.0000000,2.224102,1.868948,0.000000,2.029333,0.000000,2.096839,0.000000,0.000000,2.1657536,1.922550,0.000000,0.0000000,2.628629,0.000000,1.6430356
0.000000,1.750093,1.9093062,0.000000,0.0000000,0.000000,0.0000000,1.811352,0.000000,2.183782,0.0000000,2.0104683,2.208153,2.490420,2.196235,2.429058,0.000000,2.2600856,1.944922,1.990351,1.9068791,2.203665,2.046363,2.231602,2.018969,2.119440,1.961080,1.945794,0.0000000,0.000000,1.805806,0.000000,1.944508,0.000000,1.832475,0.000000,2.319380,1.823878,0.000000,2.0337640,0.0000000,0.000000,0.000000,2.188512,1.5588311,1.371371,1.5894728,0.000000,1.885952,1.8447881,0.000000,1.753582,2.0177936,0.0000000,2.266655,1.772957,1.760292,1.945783,0.000000,1.919152,0.000000,0.000000,1.8504970,2.072793,1.479360,0.0000000,2.558140,0.000000,1.7348950
0.000000,1.767760,1.9032326,1.767135,0.0000000,0.000000,0.0000000,0.000000,0.000000,1.722831,0.0000000,2.1366713,2.244311,2.487873,2.235914,2.468322,2.082702,2.3696315,2.053314,2.038925,1.8689862,2.264114,2.146445,2.281073,1.592458,2.221341,1.684176,2.065901,0.0000000,0.000000,1.927869,0.000000,1.944969,1.958886,0.000000,0.000000,2.276743,1.995245,1.992887,1.8198417,0.0000000,0.000000,0.000000,1.938714,1.8229994,1.623418,0.0000000,0.000000,1.758212,2.0429252,2.236815,2.275556,0.0000000,1.7297738,2.315136,2.191383,2.279899,1.832534,0.000000,1.878124,2.112373,0.000000,2.2622976,2.183351,1.905694,0.0000000,2.493106,0.000000,0.0000000
0.000000,2.035100,1.9379053,0.000000,2.0520011,0.000000,0.0000000,0.000000,1.586476,1.968138,0.0000000,2.1439226,2.109750,2.478797,2.196244,2.397193,0.000000,2.2652225,1.801080,0.000000,2.0560188,2.027907,1.886302,2.198497,1.888226,2.173908,1.929150,2.017745,0.0000000,0.000000,0.000000,0.000000,1.993889,1.684014,1.988709,0.000000,2.338347,0.000000,0.000000,0.0000000,2.0284744,0.000000,0.000000,1.967928,0.0000000,0.000000,0.0000000,0.000000,1.742641,1.7135647,0.000000,2.324317,0.0000000,0.0000000,2.296891,2.161309,0.000000,1.769211,0.000000,1.818844,1.958547,0.000000,1.9042337,2.104838,0.000000,0.0000000,2.579647,0.000000,0.0000000
0.000000,1.915908,0.0000000,0.000000,0.0000000,0.000000,0.0000000,1.998613,0.000000,0.000000,1.8722717,2.1601573,2.252726,2.505224,2.176038,2.434952,0.000000,2.3541980,2.022537,1.950264,1.8385328,2.165830,2.138762,2.289948,0.000000,2.207735,1.859928,2.090066,0.0000000,0.000000,2.055013,1.724951,2.076513,0.000000,0.000000,0.000000,2.375187,2.002663,0.000000,1.8420101,0.0000000,0.000000,0.000000,0.000000,0.0000000,0.000000,0.0000000,0.000000,1.901844,1.8980871,2.264707,1.914055,2.1017016,0.0000000,2.123745,0.000000,1.843530,2.146106,1.749419,1.977393,0.000000,1.581880,1.7938517,2.065821,0.000000,0.0000000,2.305758,0.000000,0.0000000
0.000000,1.882928,0.0000000,0.000000,0.0000000,0.000000,0.0000000,1.869300,0.000000,0.000000,0.0000000,0.0000000,2.248768,2.510414,2.227496,2.442483,0.000000,2.3572537,2.138582,2.003692,1.6747671,2.186626,2.190794,2.301014,1.607529,2.235824,1.868168,2.137922,0.0000000,0.000000,2.040338,0.000000,1.912732,0.000000,0.000000,0.000000,2.318802,2.032190,0.000000,1.7909563,0.0000000,0.000000,0.000000,1.935724,0.0000000,1.800806,0.0000000,0.000000,1.858575,1.9512718,2.259389,1.624057,0.0000000,1.9261083,2.269554,0.000000,0.000000,0.000000,0.000000,2.096316,0.000000,1.881843,0.0000000,2.102636,0.000000,0.0000000,2.572742,0.000000,0.0000000
0.000000,0.000000,0.0000000,0.000000,0.0000000,0.000000,0.0000000,0.000000,1.787319,0.000000,0.0000000,2.1477259,2.120033,2.522865,2.244219,2.412434,2.099021,2.3511459,2.164848,2.025027,1.8819535,2.245562,2.145679,2.240652,0.000000,2.236824,2.048765,2.073856,0.0000000,0.000000,2.021427,0.000000,1.704309,0.000000,0.000000,0.000000,2.322534,1.991567,0.000000,1.7140026,0.0000000,0.000000,0.000000,1.564650,0.0000000,1.840306,0.0000000,0.000000,0.000000,1.8419552,2.002685,0.000000,2.0118465,1.7055998,2.261465,1.756030,0.000000,1.691585,1.764935,1.969574,0.000000,0.000000,0.0000000,2.138174,0.000000,0.0000000,2.487280,0.000000,0.0000000
0.000000,0.000000,0.0000000,0.000000,0.0000000,0.000000,0.0000000,0.000000,2.043821,2.114597,0.0000000,2.0591570,2.221432,2.474474,2.221719,2.433984,1.510308,2.2865531,1.946232,0.000000,2.0269671,2.156931,2.051957,2.261116,0.000000,2.156682,2.018797,1.952732,2.1991056,0.000000,2.133639,0.000000,1.773914,0.000000,0.000000,0.000000,2.298141,1.804816,0.000000,0.0000000,0.0000000,0.000000,0.000000,0.000000,0.0000000,2.074995,0.0000000,0.000000,0.000000,1.9372658,2.108966,0.000000,0.0000000,0.0000000,2.391517,2.066585,0.000000,0.000000,0.000000,1.799918,0.000000,0.000000,0.0000000,2.101273,0.000000,0.0000000,2.598138,0.000000,0.0000000
1.966710,1.885278,1.9476373,0.000000,0.0000000,0.000000,1.7742695,2.119027,1.998415,0.000000,1.6816652,2.2218451,2.197153,2.481145,2.200812,2.427620,0.000000,2.3579431,1.925514,2.054996,0.0000000,2.190757,1.996859,2.292257,2.166702,2.208502,0.000000,1.969994,0.0000000,1.711375,1.745907,0.000000,0.000000,1.814063,1.958819,0.000000,2.426355,1.857809,1.573888,0.0000000,0.0000000,1.787516,0.000000,1.845539,0.0000000,0.000000,0.0000000,0.000000,0.000000,1.7903339,0.000000,1.971716,2.0759138,0.0000000,2.250056,1.896699,2.130352,0.000000,0.000000,1.905339,1.523615,0.000000,2.2664054,2.034103,0.000000,0.0000000,2.559286,1.743519,1.7819375
0.000000,1.873674,1.9011716,1.575687,0.0000000,0.000000,0.0000000,1.954513,1.781299,0.000000,1.9476547,2.2006820,2.175793,2.499433,2.202243,2.389891,1.836712,2.3157603,1.983421,1.979705,1.7830516,2.153339,2.058226,2.220960,2.095978,2.159608,1.806507,2.022291,0.0000000,0.000000,1.782872,1.486514,1.948906,0.000000,1.804673,0.000000,2.444365,1.798297,1.623183,0.0000000,0.0000000,1.760054,0.000000,0.000000,0.0000000,0.000000,1.4939683,0.000000,1.848299,1.6183935,0.000000,1.831294,1.5638856,0.0000000,2.213555,1.712589,1.764148,1.749689,0.000000,2.161559,1.772213,0.000000,2.1296015,1.976986,1.721298,0.0000000,2.417215,0.000000,1.6137832
0.000000,2.086268,2.2518302,1.847804,2.0882843,0.000000,0.0000000,1.944450,1.662820,0.000000,1.8609000,2.1644408,2.149881,2.489359,2.192160,2.411394,1.796516,2.3731944,2.048483,2.063417,1.9402572,2.326187,2.090954,2.217002,2.119590,2.243606,2.178919,0.000000,0.0000000,1.762178,1.994192,0.000000,1.780560,0.000000,1.799078,2.118089,2.282276,1.735721,2.156318,0.0000000,1.9921415,0.000000,0.000000,2.266101,1.9718484,1.963033,0.0000000,1.976680,1.943901,1.8825694,2.180869,2.300014,0.0000000,0.0000000,2.205592,2.138435,2.379054,0.000000,0.000000,1.820163,1.870334,0.000000,2.3844550,2.147175,0.000000,0.0000000,2.433329,0.000000,2.1337878
0.000000,1.830316,1.7920588,0.000000,0.0000000,0.000000,0.0000000,1.820255,1.733096,0.000000,0.0000000,2.1193988,2.188725,2.565515,2.232292,2.426410,0.000000,2.3566299,2.073354,2.025226,1.9064162,2.327406,2.245379,2.186688,1.942566,2.228853,2.124735,2.040612,0.0000000,1.642976,1.995997,0.000000,1.822936,0.000000,0.000000,0.000000,2.150331,1.861043,0.000000,0.0000000,0.0000000,0.000000,0.000000,1.788691,0.0000000,0.000000,0.0000000,0.000000,1.790220,1.9937381,2.032688,0.000000,0.0000000,0.0000000,2.164193,0.000000,1.679684,0.000000,0.000000,1.887982,0.000000,0.000000,0.0000000,2.056208,0.000000,0.0000000,2.416319,0.000000,0.0000000
0.000000,2.002394,2.1646835,2.019908,0.0000000,0.000000,0.0000000,2.106789,1.978281,0.000000,1.9620511,2.2400431,2.199238,2.468464,2.180800,2.399021,1.816016,2.3396994,2.070462,1.970715,0.0000000,2.219778,2.104605,2.272965,2.109241,2.097200,1.822006,2.072940,1.5093324,1.961049,1.987107,0.000000,1.967800,2.043444,1.866366,1.991545,2.532917,1.825761,2.112176,0.0000000,1.9598330,1.895664,1.627672,2.166069,0.0000000,1.766521,0.0000000,1.637323,0.000000,1.8458898,2.203708,2.236370,0.0000000,0.0000000,2.265175,2.285920,2.298901,2.082927,1.834477,2.331221,1.908201,1.852638,2.2765018,2.158172,1.930798,0.0000000,2.539722,2.020231,0.0000000
0.000000,1.884572,1.8704867,0.000000,0.0000000,0.000000,0.0000000,2.064465,2.023482,0.000000,1.8975037,2.2440783,2.206065,2.488930,2.181148,2.409991,0.000000,2.3101108,2.018398,1.964349,1.7728038,2.144640,2.007058,2.271955,2.021893,2.155235,1.590419,1.981492,0.0000000,0.000000,1.724490,0.000000,1.997634,1.545194,1.743800,0.000000,2.478951,1.920250,0.000000,0.0000000,0.0000000,1.813525,0.000000,2.163871,1.6196383,0.000000,0.0000000,0.000000,1.881399,1.8264999,2.224414,2.040744,0.0000000,0.0000000,2.407652,0.000000,1.676520,1.531045,1.633632,2.216143,0.000000,1.773149,2.0772157,2.107054,1.846604,0.0000000,2.582962,0.000000,1.7053385
0.000000,1.779267,2.2993481,1.925706,0.0000000,0.000000,0.0000000,2.103930,1.832316,0.000000,1.9285824,2.2483956,2.197684,2.462056,2.188138,2.417872,1.480737,2.3891052,2.022550,2.033905,1.8435303,2.245150,2.053563,2.226034,2.162604,2.263783,1.734729,2.122654,0.0000000,0.000000,1.872934,0.000000,0.000000,2.024125,1.821042,0.000000,2.450023,1.828978,2.136773,0.0000000,0.0000000,1.820347,0.000000,1.730219,0.0000000,0.000000,0.0000000,1.901096,0.000000,1.7462298,2.233136,2.257042,1.7903792,1.6772208,2.222949,2.190986,2.318464,1.874521,0.000000,2.267725,2.063783,1.823905,2.2247448,2.028248,0.000000,0.0000000,2.495682,0.000000,1.5289537
0.000000,1.903292,1.8605312,0.000000,0.0000000,0.000000,0.0000000,1.965113,1.667143,2.223700,2.0530423,2.1905077,2.184343,2.481970,2.254823,2.424211,0.000000,2.3852269,1.905042,2.089081,1.5234943,2.262015,2.196414,2.211301,2.130476,2.245448,1.684659,2.034329,0.0000000,0.000000,2.054722,0.000000,2.032212,0.000000,1.904734,0.000000,2.451240,1.847744,0.000000,0.0000000,0.0000000,1.774409,0.000000,0.000000,0.0000000,0.000000,0.0000000,0.000000,1.884503,1.7967221,2.268505,1.964876,1.5564476,1.5968583,2.336757,2.093060,1.702803,1.862561,0.000000,2.183983,0.000000,0.000000,2.1388704,2.148319,1.685141,0.0000000,2.609871,0.000000,0.0000000
0.000000,1.854696,1.7943599,0.000000,0.0000000,0.000000,0.0000000,1.879798,0.000000,1.943775,0.0000000,2.1867825,2.173044,2.457635,2.210380,2.400650,0.000000,2.3079452,1.975058,1.984690,1.5856345,2.177472,2.015203,2.274060,2.027079,2.139360,1.718481,2.000645,0.0000000,0.000000,1.765097,0.000000,2.030151,1.667528,1.902995,0.000000,2.483733,1.773596,0.000000,1.5484686,0.0000000,1.748575,1.674399,0.000000,0.0000000,0.000000,0.0000000,0.000000,1.922941,1.6467256,2.232215,1.965416,0.0000000,0.0000000,2.296530,2.114587,2.100139,1.742845,0.000000,2.210350,1.631659,1.698278,2.3609167,1.957200,1.445082,0.0000000,2.538470,0.000000,1.6985092
0.000000,2.032488,2.2189042,1.973680,0.0000000,0.000000,1.9520630,2.075124,1.857509,0.000000,2.1172746,2.2208074,2.175917,2.430953,2.213858,2.422611,0.000000,1.9614558,1.900445,1.976385,0.0000000,2.106715,2.117779,2.279250,1.989696,2.138446,1.508221,0.000000,0.0000000,0.000000,1.901533,0.000000,1.663057,1.868600,1.906489,0.000000,2.518248,1.863634,2.238828,1.7800004,1.9720090,1.804847,1.515988,2.179731,1.6376010,0.000000,1.5048445,1.893815,2.092427,2.0608086,2.304468,2.261268,0.0000000,1.4816493,2.199326,2.093820,2.421147,1.475795,1.471600,2.170597,2.168649,0.000000,2.4189832,2.056802,0.000000,0.0000000,2.463725,1.929025,1.9608011
0.000000,1.627771,0.0000000,0.000000,2.2080183,0.000000,0.0000000,0.000000,1.764908,0.000000,1.7503625,2.1490841,2.199778,2.438150,2.218147,2.432691,0.000000,2.3641680,2.076709,2.052412,1.9855781,2.244218,2.118703,2.169424,2.148049,2.068408,1.915571,0.000000,0.0000000,0.000000,1.812763,0.000000,1.903138,0.000000,0.000000,0.000000,2.369705,1.770558,0.000000,2.0371568,0.0000000,0.000000,0.000000,1.978697,0.0000000,0.000000,0.0000000,0.000000,0.000000,2.0256835,2.117067,1.843080,0.0000000,0.0000000,2.098022,1.697115,0.000000,1.860518,0.000000,2.096291,0.000000,0.000000,2.1133133,2.065354,0.000000,0.0000000,2.494194,0.000000,0.0000000
0.000000,1.852660,1.9916599,0.000000,2.0443962,0.000000,0.0000000,1.904131,1.932869,0.000000,2.0764315,2.2001958,2.146874,2.458047,2.207523,2.393358,0.000000,2.2994656,2.169420,1.961221,1.8765745,2.180172,1.983298,2.210617,2.048704,2.111556,2.088512,0.000000,0.0000000,1.719034,1.861804,0.000000,1.844527,1.474775,1.868639,0.000000,2.383830,1.741852,0.000000,0.0000000,0.0000000,0.000000,1.269851,2.207279,1.6400220,0.000000,1.7489223,0.000000,0.000000,2.0953039,2.236144,2.142945,0.0000000,0.0000000,2.204000,0.000000,0.000000,1.983288,1.816968,2.187271,1.782034,1.381310,2.1221494,2.103930,1.521190,0.0000000,2.367010,0.000000,0.0000000
0.000000,1.744919,1.8784955,0.000000,2.1291018,0.000000,0.0000000,0.000000,2.128850,0.000000,0.0000000,2.0029450,2.215589,2.457977,2.226243,2.420529,1.974739,2.3668776,2.143032,1.984385,2.0291525,2.244838,2.094389,2.208798,1.948805,2.104214,2.103215,0.000000,0.0000000,0.000000,0.000000,0.000000,1.831158,0.000000,0.000000,0.000000,2.273249,1.768870,0.000000,2.0040774,0.0000000,0.000000,0.000000,2.083358,0.0000000,0.000000,0.0000000,0.000000,0.000000,2.0294113,2.172148,1.961973,2.0401078,1.5294789,2.250959,0.000000,1.888276,1.802180,0.000000,0.000000,0.000000,0.000000,1.7730342,2.073056,0.000000,0.0000000,2.406543,0.000000,0.0000000
0.000000,1.973477,1.7246498,0.000000,2.1332068,0.000000,0.0000000,0.000000,0.000000,0.000000,1.7842281,1.9748176,2.174033,2.460348,2.232650,2.411614,0.000000,2.3315979,2.051276,1.997974,1.9606219,2.251296,2.231592,2.200291,2.043054,2.052229,2.078724,1.949602,0.0000000,0.000000,1.995802,0.000000,1.798318,0.000000,0.000000,0.000000,2.190530,1.793220,0.000000,0.0000000,0.0000000,0.000000,0.000000,1.587731,0.0000000,0.000000,0.0000000,0.000000,0.000000,2.1634953,2.080734,0.000000,0.0000000,1.7790834,2.168068,1.998916,0.000000,0.000000,0.000000,0.000000,0.000000,0.000000,2.2319423,2.037517,0.000000,0.0000000,2.534102,1.788358,0.0000000
0.000000,1.618844,0.0000000,0.000000,0.0000000,0.000000,0.0000000,0.000000,0.000000,0.000000,1.6890347,2.0761524,2.201859,2.442806,2.229916,2.404647,0.000000,2.3343707,1.979360,1.989495,1.8827027,2.167430,2.129454,2.195903,2.016737,2.257618,1.949223,2.082641,0.0000000,0.000000,1.895649,0.000000,0.000000,0.000000,1.721985,0.000000,2.332290,0.000000,1.581059,0.0000000,0.0000000,0.000000,0.000000,0.000000,0.0000000,0.000000,0.0000000,0.000000,0.000000,1.7712584,2.241315,1.866648,2.0488176,1.3679912,2.169708,1.967949,1.753040,1.653610,0.000000,2.194048,0.000000,1.790232,2.2336246,2.020954,1.529537,0.0000000,2.462376,0.000000,0.0000000
0.000000,1.716978,0.0000000,0.000000,0.0000000,0.000000,0.0000000,0.000000,1.986031,0.000000,0.0000000,2.2126933,2.083741,2.452138,2.193608,2.412561,0.000000,2.3585765,1.938376,2.016228,1.9650702,2.123792,2.016381,2.257589,2.036029,2.040569,1.580929,0.000000,0.0000000,0.000000,0.000000,0.000000,0.000000,0.000000,1.836540,0.000000,2.437107,1.691342,0.000000,0.0000000,0.0000000,0.000000,0.000000,1.421698,0.0000000,0.000000,0.0000000,0.000000,0.000000,2.1653864,2.165937,2.043328,0.0000000,0.0000000,2.281763,0.000000,1.695622,1.763317,1.896595,2.229091,1.725375,0.000000,1.9982655,2.081311,0.000000,0.0000000,2.503100,0.000000,0.0000000
0.000000,1.948577,1.8210331,0.000000,0.0000000,0.000000,1.8755026,1.965325,1.993313,0.000000,0.0000000,2.1955634,2.115428,2.457458,2.281225,2.400860,1.932633,2.3807333,0.000000,1.897271,1.8695373,2.144132,2.096057,2.247938,1.938470,2.241010,1.590788,2.126225,0.0000000,0.000000,1.773723,0.000000,0.000000,0.000000,1.516928,0.000000,2.347634,1.958663,0.000000,0.0000000,0.0000000,1.679779,1.542778,2.190835,0.0000000,0.000000,0.0000000,0.000000,1.722579,1.7536838,2.167273,1.824396,0.0000000,0.0000000,2.307688,1.887809,1.651442,0.000000,1.950147,2.022255,0.000000,1.830085,1.9852547,2.113188,0.000000,0.0000000,2.467800,1.747818,1.7776535
0.000000,1.681454,1.8916524,0.000000,0.0000000,0.000000,0.0000000,0.000000,1.831014,0.000000,1.8572359,2.1701962,2.118403,2.451286,2.224968,2.404823,0.000000,2.3369729,2.029624,1.954635,1.9959809,2.181297,1.888814,2.212014,1.985929,2.045885,1.998958,0.000000,0.0000000,1.947553,1.542724,0.000000,0.000000,0.000000,1.725956,0.000000,2.444963,0.000000,0.000000,0.0000000,0.0000000,0.000000,0.000000,0.000000,0.0000000,0.000000,0.0000000,0.000000,1.883902,2.1769861,0.000000,1.866091,0.0000000,0.0000000,2.206197,2.168371,1.795426,1.818278,1.712704,2.197202,0.000000,0.000000,2.0664430,2.217800,1.638002,0.0000000,2.422078,0.000000,0.0000000
0.000000,2.234338,2.0271478,2.002349,1.9854935,0.000000,2.2418782,1.243362,1.738737,0.000000,1.9919228,2.0734201,2.031055,2.474426,2.262729,2.344223,0.000000,2.3676450,2.078407,1.993294,0.0000000,2.226145,2.058853,2.211493,2.045646,2.018641,2.061184,0.000000,0.0000000,0.000000,1.942504,1.606227,1.967652,1.195008,1.747133,0.000000,2.305858,1.433403,0.000000,1.9177925,1.6521211,0.000000,1.826465,1.424998,0.0000000,0.000000,1.7714266,0.000000,0.000000,1.6057034,0.000000,2.168773,1.5295372,0.0000000,2.035598,1.898463,0.000000,1.822738,1.758480,2.059249,0.000000,1.691122,2.2290918,2.124477,1.129969,1.3652467,2.484744,0.000000,0.0000000
0.000000,2.166790,2.2738214,1.927620,0.0000000,0.000000,0.0000000,0.000000,2.202641,0.000000,1.8778122,1.9017187,2.134837,2.450291,2.211156,2.400781,0.000000,2.3776398,2.152188,0.000000,2.0040949,2.288733,2.116647,2.190170,1.896725,2.049830,2.266278,0.000000,0.0000000,0.000000,2.042632,0.000000,0.000000,0.000000,0.000000,1.611809,2.348260,2.150650,2.120922,2.0867829,0.0000000,0.000000,0.000000,2.353852,2.2176681,0.000000,2.1103006,2.047386,1.992142,2.0761160,2.044576,2.400374,0.0000000,0.0000000,2.032643,0.000000,2.260896,0.000000,0.000000,1.951346,1.933820,0.000000,2.4135360,2.190558,0.000000,0.0000000,2.418971,2.156984,0.0000000
0.000000,1.699202,0.0000000,0.000000,0.0000000,0.000000,0.0000000,0.000000,0.000000,1.942631,0.0000000,2.0014789,2.176268,2.445623,2.216911,2.388338,0.000000,0.0000000,1.886285,2.005336,1.6594584,1.923931,1.964227,2.240027,2.075839,2.132194,0.000000,0.000000,0.0000000,0.000000,1.824672,0.000000,0.000000,0.000000,0.000000,0.000000,2.330465,1.643036,0.000000,0.0000000,0.0000000,0.000000,1.501404,2.157706,0.0000000,0.000000,0.0000000,0.000000,0.000000,1.6941798,2.060501,1.892553,0.0000000,0.0000000,2.125566,0.000000,0.000000,1.571797,0.000000,2.040404,0.000000,0.000000,0.0000000,2.005086,0.000000,0.0000000,2.461205,0.000000,0.0000000
0.000000,2.022219,2.2346783,0.000000,2.1719617,0.000000,0.0000000,0.000000,1.966022,0.000000,1.9754156,2.1089660,2.125987,2.492043,2.216079,2.422207,0.000000,2.3842095,2.157179,2.146247,0.0000000,2.270752,2.204236,2.284916,2.078660,1.594752,1.959487,0.000000,0.0000000,0.000000,2.073931,0.000000,0.000000,0.000000,0.000000,1.651471,2.354153,0.000000,2.124615,0.0000000,0.0000000,0.000000,0.000000,2.172231,0.0000000,0.000000,0.0000000,0.000000,2.033955,1.8094613,2.244429,1.680040,0.0000000,0.0000000,2.300904,2.252859,2.325475,1.828909,0.000000,2.178830,1.793907,0.000000,2.3283091,1.985373,0.000000,0.0000000,2.497497,0.000000,1.7174060
0.000000,2.099374,2.1616831,0.000000,0.0000000,0.000000,0.0000000,1.772458,1.783147,0.000000,0.0000000,2.1771008,2.149367,2.446325,2.253450,2.390399,0.000000,2.3746166,2.115869,2.069571,1.9179118,2.202785,2.126674,2.225711,2.100716,2.048375,1.796516,0.000000,0.0000000,0.000000,2.034811,0.000000,1.651159,0.000000,0.000000,0.000000,2.293665,0.000000,2.077269,2.0009162,0.0000000,0.000000,0.000000,1.407686,0.0000000,0.000000,0.0000000,0.000000,0.000000,1.8718764,2.215388,1.791835,0.0000000,0.0000000,2.267087,2.098056,2.086943,1.612853,1.801887,0.000000,0.000000,0.000000,2.3426971,2.035627,0.000000,0.0000000,2.536734,2.054081,0.0000000
0.000000,1.877992,1.9529664,1.591971,2.1047623,0.000000,0.0000000,1.896798,1.883361,0.000000,1.8542383,2.2471275,2.201920,2.441823,2.218660,2.412537,0.000000,2.4016428,2.080476,2.005930,1.9233524,2.261289,2.107331,2.229268,2.142444,2.033836,1.810380,0.000000,1.4394739,0.000000,1.907220,0.000000,1.571293,0.000000,1.851246,0.000000,2.406052,1.803778,1.948888,1.5267781,2.0395772,1.510178,0.000000,0.000000,0.0000000,0.000000,0.0000000,0.000000,0.000000,1.9289476,2.159369,2.117367,0.0000000,1.3140718,2.186852,2.212630,2.025906,1.866759,1.696924,2.071328,1.740980,0.000000,2.2299644,2.128375,1.529187,1.1615871,2.495014,0.000000,0.0000000
0.000000,2.079115,1.8203654,0.000000,0.0000000,0.000000,0.0000000,0.000000,1.880023,0.000000,1.9160337,2.1514892,2.149253,2.486551,2.201725,2.411977,0.000000,2.3524977,1.955349,1.922430,2.0076116,2.082577,2.067266,2.162318,1.970489,2.134799,0.000000,0.000000,0.0000000,0.000000,1.994517,0.000000,0.000000,0.000000,0.000000,0.000000,2.460847,1.858179,0.000000,0.0000000,0.0000000,0.000000,0.000000,0.000000,0.0000000,0.000000,0.0000000,0.000000,1.908239,2.2329838,2.286597,2.032540,0.0000000,0.0000000,2.224983,2.008491,1.640871,0.000000,0.000000,2.177393,0.000000,0.000000,1.9292996,2.108174,1.679803,0.0000000,2.453142,0.000000,0.0000000
0.000000,1.969466,0.0000000,0.000000,0.0000000,0.000000,0.0000000,1.735951,0.000000,1.948646,1.9723468,0.0000000,2.070078,2.472395,2.147311,2.359328,0.000000,2.3646728,2.023357,2.089415,2.0250437,2.245793,2.144856,2.214246,0.000000,2.317091,1.928094,1.652065,0.0000000,0.000000,1.937417,0.000000,2.093039,0.000000,0.000000,0.000000,2.299194,0.000000,0.000000,0.0000000,0.0000000,0.000000,0.000000,2.174095,0.0000000,0.000000,0.0000000,0.000000,1.889860,1.8587897,2.111969,1.847066,0.0000000,1.6578325,2.344821,0.000000,0.000000,0.000000,1.786168,1.978556,0.000000,0.000000,1.7156104,2.012315,0.000000,0.0000000,2.531393,0.000000,0.0000000
2.016083,1.923855,1.7521579,1.738414,0.0000000,0.000000,0.0000000,0.000000,0.000000,0.000000,1.7151204,2.0227359,1.980068,2.476556,2.246478,2.336881,0.000000,2.2323757,0.000000,1.864918,1.9280490,1.588148,1.890920,2.180843,1.899659,0.000000,0.000000,0.000000,1.8118398,0.000000,0.000000,0.000000,0.000000,0.000000,1.374958,0.000000,2.344505,0.000000,0.000000,2.1210996,1.8811062,0.000000,0.000000,1.823017,0.0000000,0.000000,1.4605552,0.000000,1.683783,0.0000000,1.859426,2.000231,0.0000000,0.0000000,2.171925,1.357503,1.398537,2.198151,0.000000,2.062805,0.000000,0.000000,2.0080756,2.039793,0.000000,0.0000000,2.550280,1.592984,0.0000000
0.000000,1.742153,1.8911754,0.000000,2.0541755,0.000000,0.0000000,0.000000,0.000000,0.000000,0.0000000,2.0330661,2.098002,2.471801,2.243607,2.384253,0.000000,2.3939573,2.099619,2.063742,1.8941869,2.219974,2.137323,2.198038,2.109191,2.071637,2.068753,0.000000,0.0000000,0.000000,2.029657,0.000000,1.978990,0.000000,0.000000,0.000000,2.295693,1.601031,0.000000,0.0000000,1.9368173,0.000000,0.000000,0.000000,0.0000000,0.000000,0.0000000,0.000000,1.964636,1.5897201,1.988130,1.846293,2.0171267,0.0000000,2.158270,2.030052,2.022655,1.487838,1.754397,1.595550,0.000000,0.000000,2.1563551,2.046682,0.000000,0.0000000,2.529721,1.762961,0.0000000
0.000000,0.000000,1.8768956,0.000000,0.0000000,0.000000,0.0000000,0.000000,0.000000,0.000000,1.9892047,1.9854396,2.258593,2.469409,2.238391,2.434165,0.000000,2.3887012,2.115149,2.039020,1.8437394,2.242793,2.126482,2.234495,2.088667,2.129112,1.996834,2.141229,0.0000000,0.000000,2.013728,0.000000,1.656959,0.000000,0.000000,0.000000,2.218963,0.000000,0.000000,0.0000000,0.0000000,0.000000,0.000000,2.069526,0.0000000,0.000000,0.0000000,0.000000,1.899057,1.6645268,2.141233,1.971235,0.0000000,0.0000000,2.236863,0.000000,1.803478,1.731935,0.000000,1.894732,0.000000,0.000000,1.8364752,2.151251,0.000000,0.0000000,2.495505,1.851722,0.0000000
0.000000,0.000000,1.8499508,0.000000,0.0000000,0.000000,0.0000000,0.000000,1.775406,1.966784,2.0517375,2.1694393,2.106183,2.443559,2.185200,2.410011,0.000000,2.4406035,2.046048,2.003941,1.9622748,2.244941,2.142400,2.300756,2.078755,2.232971,1.919305,2.228318,0.0000000,0.000000,2.037730,0.000000,2.047422,0.000000,1.767308,0.000000,2.390760,1.790152,1.477741,0.0000000,0.0000000,0.000000,0.000000,1.861730,0.0000000,0.000000,0.0000000,0.000000,1.924893,1.7573599,2.244466,2.100806,0.0000000,0.0000000,2.330455,2.085148,0.000000,0.000000,0.000000,2.172355,1.841602,0.000000,2.0446835,2.167203,0.000000,0.0000000,2.525040,0.000000,0.0000000
0.000000,0.000000,0.0000000,0.000000,0.0000000,0.000000,0.0000000,0.000000,1.970666,0.000000,0.0000000,2.1353881,0.000000,2.489413,2.270443,2.406019,0.000000,2.2416096,0.000000,1.891977,0.0000000,2.050291,1.776259,2.217827,1.737896,1.893490,1.884811,0.000000,0.0000000,0.000000,0.000000,0.000000,0.000000,0.000000,0.000000,0.000000,2.406171,1.801866,0.000000,0.0000000,0.0000000,0.000000,0.000000,1.922703,0.0000000,0.000000,1.9005565,0.000000,0.000000,1.8482990,0.000000,1.807384,0.0000000,0.0000000,1.964346,0.000000,0.000000,0.000000,0.000000,2.217992,0.000000,0.000000,1.7327768,2.080899,1.805419,0.0000000,2.395628,1.995884,0.0000000
0.000000,0.000000,0.0000000,0.000000,0.0000000,0.000000,0.0000000,0.000000,1.888880,0.000000,0.0000000,2.0292306,2.151017,2.453472,2.187724,2.469511,0.000000,2.2333131,0.000000,1.542019,1.8562723,0.000000,1.993529,2.264128,0.000000,1.980641,0.000000,0.000000,0.0000000,0.000000,0.000000,0.000000,0.000000,0.000000,1.555042,0.000000,2.439990,1.913352,0.000000,0.0000000,0.0000000,0.000000,0.000000,2.015081,0.0000000,0.000000,0.0000000,0.000000,1.914064,1.7986503,1.877095,1.994502,2.1324451,0.0000000,2.206363,0.000000,0.000000,0.000000,0.000000,1.926245,0.000000,0.000000,2.0173487,2.177123,1.439284,0.0000000,2.441662,1.796559,0.0000000
0.000000,1.785066,2.1609358,2.035274,0.0000000,0.000000,0.0000000,1.910809,1.942904,0.000000,1.9227753,2.1932013,2.149839,2.485429,2.183902,2.385961,0.000000,2.3463798,2.022646,2.014670,2.0969130,1.953774,2.212308,2.211719,2.120966,2.272714,1.888897,2.121215,0.0000000,0.000000,1.980253,0.000000,2.049686,0.000000,1.961930,0.000000,2.438111,1.882876,2.138869,0.0000000,2.0259392,0.000000,0.000000,2.254720,0.0000000,1.992873,0.0000000,0.000000,1.820741,1.7586498,2.293201,2.275273,0.0000000,0.0000000,2.287483,2.161768,2.327287,1.875710,0.000000,2.238014,1.917832,0.000000,2.4128588,2.110437,0.000000,0.0000000,2.515812,0.000000,0.0000000
1.901036,1.717332,1.9132236,1.772535,0.0000000,0.000000,0.0000000,0.000000,1.990563,0.000000,0.0000000,0.0000000,2.134183,2.501294,2.249907,2.339498,0.000000,2.3873864,0.000000,2.055442,0.0000000,2.240485,2.182210,2.211277,2.146444,2.028690,1.878764,0.000000,0.0000000,1.739959,1.847812,0.000000,0.000000,0.000000,0.000000,0.000000,2.361891,2.055187,0.000000,0.0000000,1.8623720,0.000000,0.000000,2.208743,0.0000000,0.000000,0.0000000,0.000000,0.000000,1.9584642,0.000000,1.875649,0.0000000,0.0000000,2.145394,1.889239,1.780839,0.000000,0.000000,2.116430,0.000000,0.000000,2.0921644,2.235737,0.000000,0.0000000,2.526727,0.000000,1.8619192
0.000000,0.000000,0.0000000,0.000000,0.0000000,0.000000,0.0000000,1.890778,1.839183,1.899827,0.0000000,2.1421630,2.260090,2.410142,2.192924,2.453417,0.000000,2.2747487,0.000000,1.686806,1.9585314,1.957639,1.993867,2.300943,1.509918,2.128358,0.000000,2.032542,0.0000000,0.000000,0.000000,0.000000,1.956125,1.761432,0.000000,0.000000,2.289581,2.145724,0.000000,0.0000000,0.0000000,0.000000,0.000000,2.145866,0.0000000,0.000000,0.0000000,0.000000,0.000000,2.0966939,2.124920,1.681970,0.0000000,0.0000000,2.193482,2.054912,0.000000,0.000000,0.000000,2.081372,0.000000,1.645818,1.6906803,2.146354,0.000000,0.0000000,2.566396,0.000000,1.5928625
0.000000,1.881165,1.6314987,0.000000,0.0000000,0.000000,0.0000000,1.931188,1.957935,2.257593,1.8791516,2.0717241,2.182755,2.427705,2.224724,2.409630,0.000000,2.0330129,1.280030,0.000000,2.0329167,1.888913,1.878609,2.133557,0.000000,2.084700,1.996434,0.000000,1.9212822,0.000000,1.574835,0.000000,0.000000,0.000000,0.000000,0.000000,2.416740,1.988346,0.000000,1.8621627,0.0000000,0.000000,0.000000,2.225895,0.0000000,0.000000,0.0000000,0.000000,0.000000,2.0390180,2.053435,0.000000,0.0000000,1.6494172,2.285573,1.882140,1.726377,1.669591,0.000000,2.242065,0.000000,0.000000,0.0000000,2.185274,1.761874,0.0000000,2.558590,1.823950,0.0000000
2.253587,2.249543,1.8897009,2.529764,1.9029997,1.913749,0.0000000,0.000000,1.951357,0.000000,2.5207844,0.0000000,2.184502,2.476460,2.233943,2.439281,1.774092,2.2628575,0.000000,1.949787,0.0000000,2.073904,1.994795,2.209424,2.103609,1.926005,2.032150,0.000000,0.0000000,0.000000,0.000000,0.000000,0.000000,0.000000,0.000000,0.000000,2.422471,0.000000,0.000000,0.0000000,0.0000000,0.000000,0.000000,2.019232,0.0000000,0.000000,0.0000000,0.000000,1.760849,2.0373537,2.139867,2.035014,0.0000000,2.0996831,2.013505,2.194721,0.000000,0.000000,0.000000,2.288819,0.000000,0.000000,1.9304819,2.151170,0.000000,2.0734466,2.560030,2.250948,0.0000000
0.000000,1.886116,0.0000000,0.000000,0.0000000,0.000000,0.0000000,0.000000,0.000000,0.000000,2.1312276,2.2127510,2.218014,2.497115,2.290622,2.417427,0.000000,2.3711235,0.000000,2.052005,0.0000000,2.226615,2.187362,2.245311,0.000000,2.062693,0.000000,1.716679,0.0000000,0.000000,0.000000,0.000000,0.000000,0.000000,0.000000,0.000000,2.513566,0.000000,0.000000,0.0000000,0.0000000,0.000000,0.000000,2.016183,0.0000000,0.000000,0.0000000,0.000000,0.000000,1.8909525,2.145083,0.000000,0.0000000,0.0000000,2.176167,1.716230,0.000000,0.000000,0.000000,2.239736,0.000000,0.000000,1.7045316,2.208111,0.000000,0.0000000,2.527342,0.000000,1.7101321
0.000000,1.951975,0.0000000,0.000000,0.0000000,0.000000,0.0000000,0.000000,2.085068,0.000000,0.0000000,1.9894235,0.000000,2.459476,2.245805,2.357691,0.000000,2.2399270,1.480279,1.917350,1.5055780,2.026303,1.854546,2.228452,1.763358,1.997506,1.997307,2.015534,0.0000000,0.000000,1.303376,0.000000,0.000000,1.734414,0.000000,0.000000,2.349686,1.785911,0.000000,1.9426605,0.0000000,0.000000,0.000000,2.213824,0.0000000,1.722255,0.0000000,0.000000,0.000000,2.2249001,1.552350,1.904866,2.0934672,1.2810630,1.852682,1.619810,2.092550,1.872240,0.000000,2.121643,0.000000,1.363860,1.8693068,2.065178,0.000000,0.0000000,2.421343,0.000000,1.8237710
0.000000,1.999221,0.0000000,0.000000,0.0000000,0.000000,0.0000000,1.990442,1.877210,0.000000,2.0931746,2.1057051,2.215476,2.448000,2.179734,2.426661,0.000000,2.2938998,1.739959,1.828935,1.9408043,2.081414,1.956245,2.256145,1.758339,2.051006,0.000000,0.000000,0.0000000,0.000000,1.972341,0.000000,0.000000,0.000000,0.000000,0.000000,2.382693,0.000000,0.000000,0.0000000,0.0000000,0.000000,0.000000,2.138816,0.0000000,0.000000,0.0000000,0.000000,1.781069,2.0734225,2.036211,0.000000,1.8420336,0.0000000,2.086600,1.880094,1.781009,1.460470,0.000000,2.199570,0.000000,0.000000,1.6979826,2.188903,0.000000,0.0000000,2.510508,1.764826,0.0000000
0.000000,1.738818,1.6105400,0.000000,0.0000000,0.000000,0.0000000,1.691056,2.147963,0.000000,0.0000000,2.1796898,2.282331,2.415943,2.115431,2.488637,0.000000,2.2992783,1.873177,1.613569,2.0745072,2.187504,1.958115,2.289691,1.513266,2.071546,2.021065,2.180396,2.2233309,0.000000,2.065688,0.000000,0.000000,0.000000,0.000000,0.000000,2.442505,1.926290,0.000000,0.0000000,0.0000000,0.000000,0.000000,2.155847,0.0000000,1.844511,0.0000000,0.000000,0.000000,1.9375462,0.000000,2.017357,0.0000000,0.0000000,1.907302,1.806810,0.000000,0.000000,0.000000,2.116247,0.000000,0.000000,1.7904132,2.139878,1.618740,0.0000000,2.499682,0.000000,0.0000000
0.000000,1.852377,1.7118195,1.940742,0.0000000,0.000000,0.0000000,0.000000,1.722165,0.000000,0.0000000,2.1679076,2.188844,2.472459,2.166637,2.403754,0.000000,2.1746939,0.000000,1.695622,0.0000000,1.790855,1.963344,2.295419,1.803747,2.072964,0.000000,0.000000,0.0000000,0.000000,0.000000,0.000000,0.000000,1.894775,0.000000,1.819316,2.414907,1.927321,1.834701,0.0000000,0.0000000,0.000000,0.000000,2.189939,0.0000000,0.000000,0.0000000,0.000000,1.861818,1.7854303,2.136325,1.863280,0.0000000,0.0000000,2.119063,1.956964,0.000000,0.000000,0.000000,2.037038,0.000000,1.878298,0.0000000,2.048212,0.000000,0.0000000,2.452801,1.813708,1.8360665
0.000000,0.000000,1.8234754,0.000000,0.0000000,0.000000,0.0000000,1.879958,1.829443,2.058831,0.0000000,0.0000000,2.169383,2.465185,2.229138,2.447347,0.000000,2.2321234,1.952100,1.993791,1.7457686,2.135214,2.015877,2.248465,2.053389,2.097840,1.846634,0.000000,0.0000000,0.000000,1.946589,0.000000,1.964559,0.000000,0.000000,0.000000,2.438989,1.781492,0.000000,0.0000000,0.0000000,0.000000,0.000000,2.241302,0.0000000,0.000000,0.0000000,0.000000,0.000000,1.8859915,2.284085,2.037717,0.0000000,0.0000000,2.326316,0.000000,0.000000,0.000000,0.000000,2.240440,0.000000,0.000000,1.8227292,2.092182,0.000000,0.0000000,2.482597,1.880141,0.0000000
1.968328,2.032348,0.0000000,1.733915,0.0000000,0.000000,0.0000000,1.992938,2.003251,0.000000,2.0773424,2.0701606,2.271263,2.431151,2.239566,2.375237,0.000000,2.1349450,0.000000,0.000000,1.8188905,1.896590,2.027932,2.285033,0.000000,2.039793,1.910135,1.917225,0.0000000,0.000000,0.000000,0.000000,1.849105,2.025055,0.000000,0.000000,2.437716,2.063461,0.000000,0.0000000,2.0341318,0.000000,0.000000,1.996063,0.0000000,0.000000,1.8054398,0.000000,1.880601,2.0448432,1.971033,1.613855,0.0000000,1.7952393,2.266285,1.698782,0.000000,0.000000,0.000000,2.226353,0.000000,1.907388,1.8572429,2.151820,0.000000,0.0000000,2.596274,0.000000,0.0000000
0.000000,2.044339,0.0000000,0.000000,0.0000000,0.000000,0.0000000,1.958487,2.163019,0.000000,1.9956607,2.1886363,0.000000,2.504194,2.276475,2.348356,0.000000,2.2826065,0.000000,0.000000,2.1078817,2.186210,2.068986,2.140654,1.925639,2.054701,2.191249,0.000000,0.0000000,0.000000,0.000000,0.000000,0.000000,0.000000,0.000000,0.000000,2.515431,2.028806,1.914509,1.6151692,0.0000000,0.000000,0.000000,2.164145,0.0000000,0.000000,0.0000000,0.000000,0.000000,2.1712168,1.778395,1.571797,0.0000000,0.0000000,2.084296,1.770310,1.652206,0.000000,0.000000,2.329395,0.000000,1.954991,2.0973024,2.166214,1.935578,0.0000000,2.257532,0.000000,1.5745651
0.000000,2.071936,1.9382069,0.000000,0.0000000,0.000000,2.0004052,1.772278,2.057625,0.000000,1.8118690,2.2121970,1.676835,2.521164,2.269388,2.376444,0.000000,2.2542025,0.000000,2.043616,1.8310905,2.145428,1.978830,2.213681,1.996319,1.997006,0.000000,0.000000,0.0000000,0.000000,0.000000,0.000000,0.000000,2.011480,0.000000,0.000000,2.415102,0.000000,0.000000,2.2400362,1.6719261,0.000000,1.538233,2.110254,0.0000000,0.000000,1.7729958,0.000000,1.600954,1.8269029,1.693138,2.219597,0.0000000,0.0000000,2.333966,0.000000,0.000000,1.848620,0.000000,2.147844,0.000000,0.000000,2.2767665,2.146246,0.000000,0.0000000,2.557953,0.000000,1.7967980
0.000000,1.748454,0.0000000,1.927775,2.0545303,0.000000,0.0000000,1.821788,1.921562,0.000000,1.6962210,2.1691682,2.253624,2.416041,2.241223,2.380954,0.000000,2.2410541,0.000000,0.000000,1.9387179,2.054665,1.753260,2.240929,0.000000,1.626817,1.903010,2.039760,0.0000000,1.827879,1.664082,0.000000,0.000000,0.000000,0.000000,0.000000,2.440722,1.862412,0.000000,0.0000000,0.0000000,0.000000,0.000000,2.009013,0.0000000,1.939771,0.0000000,0.000000,0.000000,2.1719119,0.000000,1.743738,0.0000000,0.0000000,2.115502,1.865717,1.515674,0.000000,0.000000,2.211700,0.000000,1.838581,0.0000000,2.181468,0.000000,0.0000000,2.335061,1.866124,0.0000000
0.000000,2.003465,0.0000000,2.136636,0.0000000,0.000000,0.0000000,1.785360,1.954443,0.000000,2.1603102,2.2306286,2.137849,2.439491,2.217174,2.397914,0.000000,2.1463444,0.000000,1.801059,1.8159878,1.658918,2.030957,2.197361,1.807515,2.028081,2.008918,1.515548,0.0000000,0.000000,0.000000,0.000000,1.808357,1.990496,1.565791,0.000000,2.468584,2.161706,0.000000,0.0000000,0.0000000,0.000000,0.000000,2.056593,0.0000000,2.077877,1.9276812,0.000000,1.663794,2.1440881,2.186662,1.631691,0.0000000,1.7200969,2.244757,2.191494,0.000000,0.000000,0.000000,2.305175,1.727112,1.945570,1.9582496,2.176732,0.000000,0.0000000,2.501429,0.000000,1.6295318
0.000000,1.802107,0.0000000,0.000000,0.0000000,0.000000,0.0000000,2.027902,1.732137,0.000000,2.1287823,2.1907716,2.108151,2.490568,2.232275,2.400583,0.000000,2.2963818,0.000000,2.040689,0.0000000,2.064053,2.020529,2.267897,2.036681,2.052910,0.000000,0.000000,0.0000000,0.000000,0.000000,0.000000,0.000000,0.000000,0.000000,0.000000,2.478389,1.907546,0.000000,0.0000000,0.0000000,0.000000,0.000000,2.181647,0.0000000,0.000000,0.0000000,0.000000,0.000000,1.9288908,0.000000,1.755223,0.0000000,0.0000000,2.345802,0.000000,1.564077,1.826403,0.000000,2.236062,0.000000,1.632425,1.9125989,2.222309,1.554992,0.0000000,2.608482,0.000000,1.7085837
0.000000,1.905777,1.8328111,0.000000,0.0000000,0.000000,0.0000000,1.846574,1.944865,0.000000,0.0000000,2.1907887,1.863253,2.538188,2.303352,2.396098,0.000000,2.2404631,0.000000,2.033013,2.0055879,1.915818,1.989177,2.231941,1.889018,0.000000,1.782118,0.000000,0.0000000,0.000000,0.000000,0.000000,0.000000,0.000000,0.000000,0.000000,2.495280,2.043111,0.000000,0.0000000,1.9135257,0.000000,0.000000,2.161751,0.0000000,0.000000,0.0000000,0.000000,1.659916,2.1261979,0.000000,2.449192,0.0000000,0.0000000,0.000000,0.000000,0.000000,1.754208,0.000000,2.205913,0.000000,1.930786,0.0000000,2.222600,0.000000,0.0000000,2.500083,1.679684,1.7491031
0.000000,2.041018,0.0000000,0.000000,0.0000000,0.000000,0.0000000,0.000000,2.109820,0.000000,0.0000000,1.9600228,1.908082,2.435134,2.194400,2.367624,0.000000,2.1367781,0.000000,1.765811,2.0302722,1.698992,1.828339,2.157474,0.000000,1.884274,2.039109,0.000000,1.4531974,1.546204,1.469588,0.000000,0.000000,0.000000,0.000000,0.000000,2.257658,2.143230,1.480279,0.0000000,0.0000000,0.000000,0.000000,2.124977,0.0000000,1.928073,1.7331794,0.000000,1.688048,2.1159278,0.000000,1.556248,2.0536089,0.0000000,2.232004,1.466735,1.942140,0.000000,0.000000,0.000000,0.000000,1.924725,0.0000000,2.058703,1.799546,0.0000000,2.378348,0.000000,0.0000000
0.000000,0.000000,0.0000000,0.000000,0.0000000,0.000000,0.0000000,1.953407,2.119447,0.000000,0.0000000,2.2208691,2.202415,2.457741,2.249362,2.442528,0.000000,2.3599129,1.826316,1.869121,2.0452406,2.253348,2.031625,2.287922,0.000000,2.045589,2.110285,2.109267,1.6032126,0.000000,2.032583,0.000000,0.000000,1.948226,1.686715,1.792048,2.434019,2.050925,0.000000,0.0000000,0.0000000,0.000000,0.000000,2.227454,0.0000000,0.000000,0.0000000,0.000000,0.000000,2.1429357,0.000000,0.000000,0.0000000,0.0000000,2.141191,1.851751,2.107449,0.000000,0.000000,2.262301,0.000000,0.000000,1.9877329,2.230614,1.972917,0.0000000,2.510517,1.776622,2.0033104
0.000000,0.000000,0.0000000,0.000000,0.0000000,0.000000,0.0000000,1.885697,2.025894,0.000000,0.0000000,2.2341446,2.232663,2.474498,2.238681,2.423456,0.000000,2.1318448,0.000000,1.966728,0.0000000,1.606190,1.925818,2.273737,0.000000,1.989227,0.000000,0.000000,0.0000000,0.000000,1.763207,0.000000,0.000000,0.000000,0.000000,0.000000,2.480887,1.956983,0.000000,0.0000000,1.9371481,0.000000,0.000000,2.100825,0.0000000,2.019429,1.7935970,0.000000,0.000000,1.6232500,1.642557,1.532827,0.0000000,0.0000000,2.139288,0.000000,0.000000,0.000000,0.000000,2.225086,0.000000,0.000000,1.6011468,2.014981,0.000000,0.0000000,2.370220,1.937387,0.0000000
0.000000,1.570971,0.0000000,0.000000,0.0000000,0.000000,0.0000000,1.805164,1.996443,0.000000,1.9210755,2.2890618,2.129653,2.428292,2.234649,2.452358,0.000000,2.3488677,0.000000,1.930113,1.8646463,2.149699,2.051902,2.266825,1.854267,1.921278,2.068936,2.145637,1.7611407,0.000000,1.929243,0.000000,0.000000,1.532941,0.000000,0.000000,2.470408,1.971943,0.000000,0.0000000,0.0000000,0.000000,1.543587,2.009209,0.0000000,2.148605,0.0000000,0.000000,0.000000,2.1689664,2.183301,0.000000,2.0132392,0.0000000,2.377755,1.877566,1.865189,0.000000,0.000000,2.326315,0.000000,2.010903,0.0000000,2.153757,1.955634,0.0000000,2.497470,1.955546,0.0000000
0.000000,0.000000,1.4574739,0.000000,0.0000000,0.000000,0.0000000,1.954377,1.896329,0.000000,0.0000000,2.1796410,2.200933,2.419905,2.208508,2.415704,0.000000,2.3189392,1.626916,1.549148,0.0000000,1.934830,2.013205,2.217240,0.000000,1.990388,0.000000,2.152538,1.9417670,0.000000,1.591604,0.000000,1.973621,1.884994,0.000000,0.000000,2.504409,2.109942,1.822251,1.9911958,1.9489677,0.000000,1.621045,2.022055,0.0000000,0.000000,0.0000000,0.000000,0.000000,1.8803243,2.110348,1.712762,0.0000000,0.0000000,2.312102,1.911266,0.000000,0.000000,0.000000,2.147583,1.584916,1.567629,1.9285661,2.142471,1.766401,0.0000000,2.554935,1.703395,0.0000000
0.000000,1.748817,1.9946474,0.000000,0.0000000,0.000000,0.0000000,1.853937,1.927616,0.000000,2.0371436,2.0948785,2.108431,2.475238,2.282154,2.376523,0.000000,2.3703690,1.971501,2.058368,1.9053734,2.156829,2.060764,2.263168,2.075255,2.116907,1.760026,0.000000,0.0000000,0.000000,1.831404,0.000000,0.000000,0.000000,0.000000,0.000000,2.336427,1.670423,0.000000,0.0000000,0.0000000,0.000000,0.000000,0.000000,0.0000000,0.000000,0.0000000,0.000000,1.975340,1.8809479,0.000000,1.963153,0.0000000,0.0000000,2.253267,1.722615,0.000000,1.583810,0.000000,2.156374,0.000000,0.000000,1.9313556,2.125975,0.000000,1.4150328,2.525113,0.000000,0.0000000
0.000000,1.793874,1.8924399,0.000000,0.0000000,0.000000,0.0000000,1.816215,2.033726,1.804180,1.7930082,2.1841255,2.207152,2.432526,2.162147,2.465494,0.000000,0.0000000,2.038023,1.868562,1.8909253,2.138561,1.976879,2.270068,1.928179,2.007906,1.710171,0.000000,0.0000000,0.000000,0.000000,0.000000,0.000000,0.000000,1.849543,0.000000,2.408971,1.930562,0.000000,0.0000000,0.0000000,0.000000,0.000000,2.158684,0.0000000,0.000000,0.0000000,0.000000,0.000000,1.9194489,2.134288,1.945183,0.0000000,0.0000000,2.329784,0.000000,0.000000,0.000000,0.000000,2.202778,0.000000,0.000000,1.8988625,2.003650,0.000000,1.7327600,2.501251,0.000000,0.0000000
0.000000,1.730969,0.0000000,0.000000,0.0000000,0.000000,0.0000000,0.000000,1.867922,0.000000,1.8215341,2.0212300,2.117729,2.470481,2.235861,2.397518,0.000000,2.4208384,2.239026,2.021498,1.9703580,2.324057,2.119486,2.197122,2.143761,2.078961,2.114068,0.000000,0.0000000,0.000000,2.030550,0.000000,0.000000,0.000000,0.000000,0.000000,2.356073,1.873544,0.000000,2.1455057,2.1219690,0.000000,0.000000,1.976766,0.0000000,0.000000,0.0000000,0.000000,0.000000,1.7888058,0.000000,1.973680,0.0000000,0.0000000,2.229994,1.835960,1.724738,1.925623,0.000000,0.000000,0.000000,0.000000,2.3195702,2.118372,1.623250,1.6771967,2.527499,0.000000,0.0000000
0.000000,1.822513,1.9019789,0.000000,2.0253759,0.000000,0.0000000,0.000000,1.660480,0.000000,1.8289005,1.9840170,2.203354,2.415575,2.221217,2.401191,0.000000,2.3599142,2.178273,2.031848,1.7604870,2.236820,2.163497,2.240721,2.100653,2.007648,1.963329,0.000000,0.0000000,1.565601,2.057674,0.000000,0.000000,0.000000,1.734563,0.000000,2.359685,1.873314,1.680371,0.0000000,0.0000000,0.000000,0.000000,1.656190,0.0000000,0.000000,0.0000000,0.000000,0.000000,0.0000000,2.037243,2.269148,0.0000000,0.0000000,2.120189,2.091884,1.877198,0.000000,0.000000,1.666319,0.000000,0.000000,2.1640870,2.140763,0.000000,0.0000000,2.443543,0.000000,0.0000000
0.000000,1.970480,0.0000000,0.000000,0.0000000,0.000000,0.0000000,0.000000,1.913334,0.000000,1.9918766,2.2160612,2.248902,2.452079,2.222987,2.437837,0.000000,2.3530973,2.019056,1.818835,1.8715807,2.135650,2.012454,2.305428,2.005177,2.037544,0.000000,2.111480,0.0000000,0.000000,0.000000,0.000000,0.000000,0.000000,0.000000,0.000000,2.438575,1.911948,1.619914,0.0000000,0.0000000,0.000000,0.000000,2.113633,0.0000000,0.000000,0.0000000,0.000000,0.000000,1.9127323,2.245802,2.007603,0.0000000,0.0000000,2.271717,2.176413,1.805552,0.000000,1.968796,2.262818,0.000000,0.000000,2.1974131,2.072333,0.000000,0.0000000,2.526483,0.000000,0.0000000
0.000000,1.846574,1.7835757,0.000000,0.0000000,0.000000,0.0000000,0.000000,1.742263,0.000000,0.0000000,2.0978429,2.126947,2.464073,2.196784,2.412583,0.000000,2.3488318,2.059989,2.007654,1.5563476,2.185393,2.118181,2.211799,1.887268,2.060654,1.772085,0.000000,1.7224714,0.000000,1.917731,0.000000,0.000000,1.805766,1.693312,0.000000,2.031536,1.763098,0.000000,0.0000000,0.0000000,0.000000,0.000000,1.987167,0.0000000,0.000000,0.0000000,0.000000,0.000000,0.0000000,0.000000,2.334882,0.0000000,0.0000000,2.272404,0.000000,0.000000,1.923703,0.000000,2.216598,0.000000,0.000000,1.9876498,2.034536,0.000000,0.0000000,2.423509,0.000000,0.0000000
0.000000,1.934957,0.0000000,0.000000,0.0000000,0.000000,0.0000000,0.000000,0.000000,0.000000,0.0000000,0.0000000,2.244940,2.434451,2.174392,2.445708,2.128294,2.3854984,1.980108,0.000000,1.7640939,2.255556,2.142699,2.212256,0.000000,2.259713,1.785641,0.000000,0.0000000,0.000000,1.704653,0.000000,0.000000,0.000000,0.000000,0.000000,2.309445,1.926406,0.000000,1.5944722,1.9771485,0.000000,1.704228,1.902518,0.0000000,2.032939,0.0000000,0.000000,0.000000,1.8884705,0.000000,0.000000,0.0000000,1.4778959,2.158651,0.000000,0.000000,0.000000,1.827322,1.788324,0.000000,0.000000,1.9776368,2.029795,0.000000,0.0000000,2.491449,0.000000,1.5960667
0.000000,0.000000,0.0000000,0.000000,0.0000000,0.000000,0.0000000,0.000000,1.814006,0.000000,0.0000000,2.0002942,2.194725,2.483267,2.292358,2.368508,1.911498,2.4369239,1.918885,2.026859,0.0000000,2.335683,2.225699,2.264191,1.972478,2.251431,1.760152,2.164492,0.0000000,0.000000,1.947515,0.000000,0.000000,0.000000,1.626322,0.000000,2.243353,0.000000,0.000000,0.0000000,0.0000000,0.000000,0.000000,1.923691,0.0000000,0.000000,0.0000000,0.000000,0.000000,1.6891688,1.736657,0.000000,1.9672533,0.0000000,2.054030,0.000000,1.748500,0.000000,1.727599,2.104978,0.000000,0.000000,1.9981616,1.910060,0.000000,0.0000000,2.355417,1.628979,0.0000000
0.000000,1.662952,0.0000000,0.000000,0.0000000,0.000000,0.0000000,0.000000,1.613032,0.000000,1.9478571,2.0321757,2.092147,2.469283,2.284620,2.374036,2.051223,2.4348554,2.088318,2.095372,2.0030625,2.347398,2.150397,2.189990,0.000000,2.298931,2.039112,2.132681,0.0000000,0.000000,1.893565,0.000000,1.738204,0.000000,0.000000,0.000000,0.000000,0.000000,0.000000,0.0000000,2.0674348,0.000000,0.000000,1.674694,0.0000000,0.000000,0.0000000,0.000000,0.000000,1.8513048,0.000000,0.000000,1.8832287,1.5993667,2.246880,2.031244,1.692002,0.000000,1.725022,1.695879,0.000000,0.000000,1.9562487,2.025775,1.680890,0.0000000,2.531326,0.000000,0.0000000
0.000000,2.231599,2.1302560,0.000000,2.0798803,0.000000,0.0000000,2.016697,1.948021,0.000000,2.2314462,2.2487784,2.099814,2.475992,2.277900,2.400989,0.000000,2.3743190,1.826938,1.936951,0.0000000,2.096648,2.042049,2.238065,2.006291,2.163239,0.000000,1.990651,2.1805462,0.000000,1.867845,0.000000,0.000000,0.000000,0.000000,1.953247,2.495107,1.758579,2.241406,0.0000000,0.0000000,0.000000,0.000000,2.381043,2.0699908,2.027641,0.0000000,0.000000,2.142946,2.0419778,2.282801,2.358598,0.0000000,0.0000000,2.152946,2.060827,2.273782,0.000000,1.876568,2.304107,2.260392,0.000000,2.3265030,2.131640,1.729551,0.0000000,2.442646,2.272412,0.0000000
0.000000,2.146386,0.0000000,0.000000,1.8670718,0.000000,0.0000000,0.000000,0.000000,2.011764,0.0000000,2.0847438,2.086044,2.487827,2.234282,2.395638,0.000000,2.2807179,0.000000,0.000000,0.0000000,2.115150,2.128316,2.269136,0.000000,2.251969,0.000000,2.053516,2.1577943,0.000000,0.000000,0.000000,2.249634,0.000000,0.000000,0.000000,2.482851,0.000000,0.000000,2.0641469,0.0000000,0.000000,0.000000,2.153434,0.0000000,0.000000,0.0000000,0.000000,1.773060,2.2218131,2.190990,2.273886,0.0000000,0.0000000,1.876853,0.000000,0.000000,2.172698,0.000000,2.293512,0.000000,0.000000,1.9252310,2.023383,0.000000,0.0000000,2.562142,0.000000,0.0000000
0.000000,1.902259,0.0000000,1.735836,0.0000000,0.000000,0.0000000,0.000000,1.586644,0.000000,0.0000000,2.0314124,2.116222,2.452996,2.203626,2.382579,0.000000,2.3709436,1.978721,1.831031,2.0193074,2.249492,1.965482,2.194073,1.772200,1.985226,1.937262,2.171272,0.0000000,0.000000,0.000000,0.000000,0.000000,1.770349,0.000000,0.000000,2.411105,0.000000,1.764678,0.0000000,0.0000000,0.000000,0.000000,1.933758,0.0000000,0.000000,0.0000000,0.000000,0.000000,2.1720425,2.165861,1.871234,0.0000000,0.0000000,2.226231,2.067830,1.695408,1.940020,0.000000,2.208790,0.000000,0.000000,2.1119547,1.990553,0.000000,0.0000000,2.482506,1.885686,0.0000000
0.000000,0.000000,1.6091147,0.000000,0.0000000,0.000000,0.0000000,0.000000,2.009375,2.012673,0.0000000,1.9798100,2.200060,2.460454,2.235037,2.458387,1.527957,2.3423460,0.000000,1.658918,1.9894110,2.094246,1.902074,2.239032,0.000000,2.200200,1.822684,2.102671,1.8758385,0.000000,0.000000,0.000000,0.000000,0.000000,0.000000,0.000000,2.382705,1.976005,1.756044,0.0000000,2.1009017,0.000000,0.000000,2.213345,0.0000000,0.000000,0.0000000,0.000000,0.000000,1.8999029,2.045421,1.929461,0.0000000,0.0000000,2.113155,1.503166,0.000000,1.899542,0.000000,2.182208,0.000000,0.000000,2.0972306,2.020840,0.000000,1.4950291,2.409401,1.761168,1.8435923
0.000000,1.576624,1.6980248,0.000000,0.0000000,0.000000,0.0000000,1.834717,1.907671,0.000000,0.0000000,2.1451244,2.148944,2.483909,2.231010,2.403411,0.000000,2.4036090,1.914273,2.007302,1.4579909,2.272305,2.124366,2.243956,1.980862,1.731715,0.000000,2.107236,0.0000000,0.000000,1.760654,0.000000,0.000000,0.000000,0.000000,0.000000,2.353584,0.000000,1.529770,0.0000000,0.0000000,0.000000,0.000000,2.191468,0.0000000,1.757232,1.6771003,0.000000,0.000000,1.5755080,2.039166,0.000000,0.0000000,0.0000000,2.170380,1.734530,1.852798,0.000000,1.864792,2.137009,0.000000,0.000000,2.0104766,1.944525,0.000000,0.0000000,2.445029,1.831768,0.0000000
1.883171,1.794668,1.7204983,0.000000,0.0000000,0.000000,0.0000000,0.000000,0.000000,0.000000,1.9140139,2.1791944,2.232448,2.425788,2.236412,2.472954,0.000000,2.3206264,1.672275,0.000000,2.0362858,2.106106,0.000000,2.336454,1.898950,2.238118,0.000000,1.910678,0.0000000,0.000000,0.000000,0.000000,0.000000,0.000000,0.000000,0.000000,2.464019,2.068776,0.000000,2.4052174,2.2688858,0.000000,1.890304,2.077719,0.0000000,0.000000,0.0000000,0.000000,0.000000,2.1505073,2.300091,2.025700,0.0000000,0.0000000,2.236233,2.150591,1.791745,2.271013,1.889024,2.351703,0.000000,0.000000,2.2813480,2.146871,0.000000,0.0000000,2.567342,2.040877,1.9059855
0.000000,1.778210,0.0000000,2.098309,0.0000000,0.000000,0.0000000,0.000000,1.728984,0.000000,0.0000000,1.9735191,2.179458,2.469159,2.194121,2.399978,0.000000,2.3654825,0.000000,1.884240,1.6645268,2.186610,2.004667,2.265462,0.000000,1.871013,0.000000,2.122956,0.0000000,0.000000,0.000000,0.000000,0.000000,2.063257,0.000000,1.781142,2.466080,1.908857,0.000000,0.0000000,0.0000000,0.000000,0.000000,2.127558,0.0000000,1.827235,1.8745329,0.000000,0.000000,2.2298062,2.157578,1.932282,0.0000000,0.0000000,2.143537,1.990469,1.698467,1.680536,1.766012,0.000000,0.000000,0.000000,2.0393856,2.049010,0.000000,0.0000000,2.446487,1.873214,2.2833807
0.000000,0.000000,1.5642206,0.000000,2.0310621,0.000000,0.0000000,1.875264,1.979708,0.000000,0.0000000,2.1250022,2.181874,2.482954,2.202425,2.408682,0.000000,2.3646355,1.861377,1.999694,2.0747429,2.279933,2.037374,2.208509,1.986291,1.861919,1.820558,1.721913,0.0000000,0.000000,1.619293,0.000000,0.000000,0.000000,0.000000,0.000000,2.362722,0.000000,0.000000,0.0000000,0.0000000,0.000000,0.000000,2.120338,0.0000000,0.000000,0.0000000,0.000000,1.551220,0.0000000,2.155172,1.935393,0.0000000,0.0000000,2.037307,2.036745,0.000000,0.000000,0.000000,2.205231,1.728518,0.000000,2.0366456,1.851955,0.000000,0.0000000,2.485942,1.980432,2.0631348
0.000000,0.000000,1.5079583,0.000000,2.0308577,0.000000,0.0000000,1.669008,1.954019,0.000000,0.0000000,2.1137815,2.150848,2.476433,2.234721,2.443224,1.605178,2.3995379,1.867475,2.056935,0.0000000,2.216499,2.083967,2.287924,2.041173,1.518855,0.000000,2.105177,0.0000000,0.000000,1.866216,0.000000,0.000000,0.000000,0.000000,0.000000,2.322869,0.000000,0.000000,0.0000000,0.0000000,0.000000,0.000000,1.865334,0.0000000,0.000000,0.0000000,0.000000,1.883827,1.7606820,0.000000,1.890194,0.0000000,0.0000000,2.067836,2.155195,0.000000,0.000000,1.779304,2.266967,0.000000,0.000000,2.0013036,1.937966,0.000000,0.0000000,2.564146,2.011226,1.9439549
0.000000,2.258013,2.1942462,0.000000,2.0724133,0.000000,1.8684908,0.000000,1.982472,0.000000,2.0531850,2.1322828,2.171823,2.492870,2.219396,2.354733,0.000000,2.4707763,2.048396,2.049443,0.0000000,2.316996,2.221624,2.232526,2.098014,1.977170,1.643959,0.000000,0.0000000,0.000000,2.064140,0.000000,0.000000,0.000000,0.000000,0.000000,2.370801,0.000000,2.155135,1.8674816,1.8142839,0.000000,0.000000,2.261661,1.9053101,0.000000,1.6339797,1.883165,1.876040,1.6251599,2.196466,2.271145,0.0000000,1.7406780,2.080995,1.798393,2.283746,0.000000,0.000000,2.241623,2.196774,0.000000,2.4850936,2.013993,0.000000,0.0000000,2.401484,2.085343,0.0000000
0.000000,1.934884,0.0000000,0.000000,0.0000000,0.000000,0.0000000,1.777975,0.000000,2.030314,1.8462702,2.1287888,2.179270,2.469713,2.082144,2.445622,2.004743,2.4294020,1.851977,0.000000,1.7375218,2.304336,2.086122,2.252020,2.051425,2.273725,1.941891,2.177553,2.2509040,1.872077,2.223047,0.000000,0.000000,0.000000,0.000000,0.000000,2.321868,1.847699,0.000000,0.0000000,0.0000000,0.000000,0.000000,2.196372,0.0000000,0.000000,0.0000000,0.000000,0.000000,2.1150005,0.000000,1.760348,0.0000000,0.0000000,2.334662,2.179354,1.889354,0.000000,1.787087,2.091287,0.000000,0.000000,1.9999626,2.121024,0.000000,0.0000000,2.570708,0.000000,0.0000000
0.000000,1.975972,1.7384627,0.000000,2.1285446,0.000000,0.0000000,1.876768,2.005618,0.000000,0.0000000,2.1371219,2.120111,2.521145,2.236394,2.428900,0.000000,2.4300932,1.807133,2.099654,1.6361434,2.278028,2.136239,2.206617,1.928008,2.227087,0.000000,2.030642,0.0000000,0.000000,2.108943,0.000000,0.000000,0.000000,0.000000,0.000000,2.300349,0.000000,0.000000,0.0000000,0.0000000,0.000000,0.000000,2.163556,0.0000000,0.000000,0.0000000,0.000000,0.000000,1.6062644,2.122001,1.767720,0.0000000,0.0000000,2.051167,2.274182,1.971863,0.000000,0.000000,2.136614,2.014618,0.000000,2.1165498,1.990169,0.000000,0.0000000,2.352302,1.874705,1.6350495
0.000000,1.953906,1.9377769,2.106481,2.1067011,0.000000,0.0000000,1.866406,0.000000,0.000000,0.0000000,0.0000000,2.105079,2.537309,2.298689,2.341584,1.775091,2.3440387,0.000000,1.975095,0.0000000,2.217896,2.127659,2.232044,0.000000,2.181752,0.000000,1.979942,0.0000000,0.000000,0.000000,0.000000,0.000000,1.885941,0.000000,0.000000,2.319736,0.000000,0.000000,0.0000000,0.0000000,1.778592,0.000000,2.221969,0.0000000,0.000000,0.0000000,0.000000,0.000000,0.0000000,0.000000,2.305552,0.0000000,0.0000000,2.056724,1.804334,0.000000,2.193599,0.000000,1.653302,0.000000,0.000000,1.9793709,2.054532,0.000000,0.0000000,2.458487,0.000000,1.5604998
0.000000,1.707833,0.0000000,0.000000,0.0000000,0.000000,0.0000000,1.730628,0.000000,0.000000,0.0000000,0.0000000,2.233456,2.460961,2.169902,2.438401,2.080107,2.4073658,2.033390,1.983512,1.9097212,2.237381,2.132096,2.284526,0.000000,2.277026,0.000000,0.000000,0.0000000,1.592052,1.567347,0.000000,1.844803,0.000000,0.000000,0.000000,2.316378,0.000000,0.000000,0.0000000,0.0000000,0.000000,0.000000,0.000000,0.0000000,1.826017,0.0000000,0.000000,0.000000,1.6573415,2.198372,0.000000,0.0000000,0.0000000,2.247441,1.795895,1.834651,0.000000,0.000000,1.818063,0.000000,0.000000,1.9648607,1.972872,0.000000,0.0000000,2.508519,0.000000,0.0000000
0.000000,1.937478,0.0000000,0.000000,0.0000000,0.000000,0.0000000,1.815077,1.831345,1.824432,0.0000000,0.0000000,2.160903,2.473567,2.030237,2.454932,0.000000,2.4209218,1.798415,2.020741,1.8367687,2.343868,2.120404,2.272412,0.000000,2.259249,0.000000,2.140255,0.0000000,0.000000,0.000000,0.000000,0.000000,0.000000,0.000000,0.000000,2.394801,1.879804,0.000000,0.0000000,0.0000000,0.000000,0.000000,0.000000,0.0000000,0.000000,0.0000000,0.000000,0.000000,1.8892884,2.216145,1.904057,0.0000000,1.7221112,2.267175,0.000000,1.692811,0.000000,0.000000,2.191386,0.000000,0.000000,2.1177323,2.015281,1.812763,0.0000000,2.462831,1.909146,0.0000000
0.000000,2.006146,1.5877730,0.000000,0.0000000,0.000000,0.0000000,0.000000,2.069887,0.000000,1.8630785,2.1115100,2.265146,2.436283,2.220537,2.467850,1.971354,2.3260782,1.841547,0.000000,0.0000000,2.168798,1.989533,2.296374,0.000000,2.184548,1.846998,2.124714,0.0000000,0.000000,0.000000,0.000000,2.110621,2.404670,1.564936,0.000000,2.426848,2.071175,1.912719,2.1456415,2.0693650,0.000000,0.000000,2.242603,0.0000000,0.000000,0.0000000,0.000000,1.749674,2.2146038,2.301576,1.776759,0.0000000,0.0000000,2.287265,2.001288,0.000000,1.922924,0.000000,2.138636,1.877932,0.000000,1.7927854,2.223278,0.000000,0.0000000,2.590597,1.954615,0.0000000
0.000000,0.000000,0.0000000,0.000000,0.0000000,0.000000,0.0000000,0.000000,1.989726,2.170868,2.0709777,2.2586917,2.087298,2.489587,2.247244,2.400145,0.000000,2.4248848,2.192785,2.038600,1.6361123,2.320395,2.127864,2.260295,2.140560,1.860100,1.898463,0.000000,0.0000000,0.000000,1.977722,0.000000,0.000000,0.000000,0.000000,0.000000,2.444783,1.837192,1.834643,0.0000000,0.0000000,0.000000,0.000000,0.000000,0.0000000,0.000000,1.8911319,0.000000,0.000000,1.9202843,2.229263,2.054250,0.0000000,0.0000000,2.269989,2.107703,0.000000,1.789936,0.000000,2.322352,0.000000,0.000000,2.1166722,2.157540,1.786971,0.0000000,2.521014,0.000000,0.0000000
0.000000,1.774244,1.7583531,0.000000,0.0000000,0.000000,0.0000000,0.000000,2.035295,0.000000,0.0000000,2.0723781,2.123322,2.480065,2.267143,2.432252,0.000000,2.1927752,0.000000,1.832677,0.0000000,1.940287,1.982562,2.221243,0.000000,2.025440,0.000000,2.108048,1.9757803,0.000000,0.000000,0.000000,1.917190,0.000000,0.000000,0.000000,2.363005,0.000000,0.000000,1.9926165,1.7700102,0.000000,0.000000,2.225715,0.0000000,0.000000,1.7775420,0.000000,0.000000,1.9676758,2.106538,1.970044,0.0000000,0.0000000,2.260336,0.000000,1.814025,0.000000,0.000000,2.049277,0.000000,0.000000,2.0299113,1.973579,0.000000,0.0000000,2.524147,1.790889,0.0000000
0.000000,1.842924,0.0000000,0.000000,0.0000000,0.000000,0.0000000,0.000000,0.000000,0.000000,1.9484449,2.2069437,2.170857,2.479111,2.258089,2.430454,0.000000,2.3735902,0.000000,0.000000,0.0000000,2.121753,2.070189,2.287013,0.000000,2.224097,0.000000,1.853369,0.0000000,0.000000,0.000000,0.000000,2.093224,0.000000,0.000000,0.000000,2.342382,0.000000,0.000000,0.0000000,0.0000000,0.000000,0.000000,1.959906,0.0000000,0.000000,0.0000000,0.000000,0.000000,0.0000000,2.216022,0.000000,0.0000000,0.0000000,2.300666,1.828728,0.000000,0.000000,0.000000,1.850040,0.000000,0.000000,0.0000000,2.057378,0.000000,0.0000000,2.536397,0.000000,0.0000000
0.000000,0.000000,1.8304439,0.000000,0.0000000,0.000000,0.0000000,0.000000,2.046847,0.000000,0.0000000,2.1276132,2.181835,2.481538,2.211756,2.434120,2.056358,0.0000000,0.000000,2.111320,1.8251953,2.323059,2.153239,2.231558,2.045137,2.306017,1.723672,2.181278,0.0000000,0.000000,0.000000,0.000000,0.000000,0.000000,0.000000,0.000000,2.366183,0.000000,1.796960,0.0000000,0.0000000,0.000000,0.000000,2.230313,0.0000000,1.917930,0.0000000,0.000000,0.000000,2.1982201,2.152371,2.291393,2.1260539,0.0000000,2.211060,2.080592,2.122682,1.752673,0.000000,0.000000,2.056420,0.000000,2.2854973,2.106057,0.000000,0.0000000,2.418527,0.000000,0.0000000
0.000000,1.960408,0.0000000,0.000000,0.0000000,0.000000,1.6920238,0.000000,0.000000,0.000000,0.0000000,2.0257200,2.171698,2.453438,2.198948,2.440554,1.978270,2.3654449,0.000000,1.848576,1.9540259,2.193283,2.080335,2.218024,0.000000,2.178659,0.000000,2.109567,0.0000000,0.000000,0.000000,0.000000,1.737587,0.000000,0.000000,0.000000,2.312052,0.000000,0.000000,0.0000000,0.0000000,0.000000,0.000000,1.885714,0.0000000,0.000000,0.0000000,0.000000,0.000000,2.2142114,2.246582,1.759648,0.0000000,0.0000000,2.213582,1.973051,0.000000,0.000000,0.000000,2.101548,0.000000,1.697961,1.9710043,1.977014,1.666474,0.0000000,2.466656,0.000000,1.7735831
0.000000,2.126302,2.2581632,0.000000,1.7178516,0.000000,1.6175236,1.872084,1.899414,0.000000,1.9715926,2.2142607,2.175659,2.452565,2.228771,2.412205,0.000000,2.3902987,1.704430,1.959443,0.0000000,2.234930,2.188851,2.275856,1.989503,2.077260,0.000000,0.000000,0.0000000,0.000000,2.048488,0.000000,0.000000,1.787932,0.000000,0.000000,2.386545,1.555796,1.690126,0.0000000,1.6387700,0.000000,0.000000,2.118231,0.0000000,0.000000,1.6842220,2.077879,2.224529,1.8204387,2.137455,1.886167,0.0000000,1.7727525,2.251838,2.035371,2.346672,1.883684,0.000000,2.082857,2.302348,0.000000,2.2535505,1.997801,0.000000,0.0000000,2.377119,2.064347,0.0000000
0.000000,2.057824,1.6329028,1.890473,0.0000000,0.000000,0.0000000,1.771349,1.617907,1.936432,0.0000000,2.0939909,2.124705,2.462230,2.266918,2.339814,0.000000,2.4008909,1.978499,1.991431,1.7789361,2.251856,2.151957,2.223135,1.970221,1.682483,1.841413,0.000000,0.0000000,0.000000,1.853973,0.000000,0.000000,0.000000,1.612025,0.000000,2.370639,1.730543,0.000000,0.0000000,0.0000000,0.000000,0.000000,1.981710,0.0000000,0.000000,0.0000000,0.000000,1.867748,2.2025524,2.196963,1.958998,0.0000000,1.7471785,2.020403,1.940550,2.088846,1.804437,1.892047,2.112848,0.000000,0.000000,2.1130830,2.013918,1.691386,1.4378544,2.499779,1.326931,0.0000000
0.000000,1.850769,0.0000000,0.000000,0.0000000,0.000000,0.0000000,0.000000,1.736886,0.000000,1.7146288,2.0535573,2.233566,2.469269,2.232643,2.435850,2.031991,2.4065991,2.052155,2.020546,1.9793547,2.264708,2.155372,2.217348,0.000000,2.268942,1.596186,2.158345,0.0000000,0.000000,0.000000,0.000000,2.013146,0.000000,0.000000,0.000000,2.236009,0.000000,0.000000,0.0000000,0.0000000,0.000000,0.000000,2.240714,0.0000000,0.000000,0.0000000,0.000000,1.871373,0.0000000,2.199129,1.857698,0.0000000,0.0000000,2.243215,0.000000,1.857348,0.000000,1.580320,1.843398,0.000000,0.000000,1.9128335,1.987997,1.397481,0.0000000,2.388769,0.000000,1.8326350
0.000000,1.564984,0.0000000,0.000000,0.0000000,0.000000,0.0000000,1.733213,1.590501,0.000000,1.9877002,2.1151347,2.155830,2.464373,2.236320,2.410507,2.009878,2.4120766,1.946585,2.096318,1.8356812,2.238282,2.107744,2.272529,2.123624,2.240935,0.000000,2.093877,0.0000000,0.000000,1.551838,0.000000,1.827897,0.000000,1.678995,0.000000,2.332548,0.000000,0.000000,1.8825636,0.0000000,1.647250,0.000000,1.751433,0.0000000,0.000000,0.0000000,0.000000,1.757417,1.7422787,0.000000,1.837540,1.9935343,0.0000000,2.254592,2.000982,1.730082,1.584916,1.723761,2.047666,0.000000,0.000000,2.1922619,1.921999,0.000000,0.0000000,2.531983,0.000000,1.8431188
0.000000,0.000000,0.0000000,0.000000,0.0000000,0.000000,0.0000000,0.000000,1.945197,0.000000,2.0029938,2.1714431,2.171961,2.469367,2.248568,2.424741,1.870943,2.3475183,1.707695,1.965594,1.6982145,2.107648,1.978675,2.314238,1.932144,2.209627,0.000000,2.033609,0.0000000,0.000000,0.000000,0.000000,0.000000,0.000000,0.000000,0.000000,2.293696,0.000000,0.000000,0.0000000,0.0000000,1.752570,0.000000,0.000000,0.0000000,0.000000,0.0000000,0.000000,1.752217,0.0000000,0.000000,1.760668,0.0000000,0.0000000,2.165352,1.854946,0.000000,1.718702,1.906764,2.233260,0.000000,0.000000,2.1957475,1.948677,0.000000,0.0000000,2.456935,0.000000,1.8374755
0.000000,1.856060,1.8700988,0.000000,0.0000000,0.000000,0.0000000,0.000000,0.000000,0.000000,0.0000000,1.7790711,2.167182,2.443538,2.252187,2.375780,1.983293,2.4340956,1.578482,1.992870,0.0000000,2.229482,2.123257,2.188004,1.982958,2.195220,1.968779,2.148940,2.1821014,0.000000,1.865664,1.776084,0.000000,1.837459,1.536841,0.000000,2.125563,0.000000,0.000000,0.0000000,0.0000000,0.000000,1.939801,2.009541,0.0000000,0.000000,1.6124575,0.000000,1.796375,0.0000000,0.000000,1.923610,2.0246699,0.0000000,2.070315,0.000000,0.000000,0.000000,0.000000,1.813766,0.000000,0.000000,1.7893779,1.858005,0.000000,1.4165338,2.260289,0.000000,1.7457994
0.000000,1.930530,0.0000000,0.000000,0.0000000,0.000000,0.0000000,0.000000,1.943288,0.000000,1.6894143,2.0883148,2.224114,2.446342,2.237006,2.410702,0.000000,2.3451888,0.000000,2.025143,1.7207713,2.149485,1.996178,2.237863,1.950489,2.132750,1.842542,0.000000,0.0000000,1.620292,0.000000,0.000000,1.861865,0.000000,1.729637,0.000000,2.282716,0.000000,1.963918,0.0000000,1.6351749,1.707019,0.000000,2.215992,0.0000000,0.000000,0.0000000,0.000000,0.000000,2.0807635,2.153105,1.885391,0.0000000,0.0000000,2.141150,2.123258,2.136615,1.512691,1.804426,2.205498,0.000000,0.000000,2.1658100,2.010116,0.000000,0.0000000,2.372731,0.000000,1.7157608
0.000000,1.861519,2.1343388,0.000000,2.0183399,0.000000,0.0000000,0.000000,1.872002,0.000000,2.0202190,2.1478178,2.135377,2.490497,2.042881,2.389929,2.002767,2.4169421,0.000000,1.982233,1.8448035,2.261459,2.147066,2.239166,2.097519,2.279902,0.000000,2.119707,0.0000000,1.737831,0.000000,0.000000,0.000000,0.000000,1.759859,0.000000,2.334191,0.000000,1.982441,0.0000000,0.0000000,0.000000,0.000000,2.166541,0.0000000,0.000000,0.0000000,0.000000,2.077101,0.0000000,2.195695,1.843693,0.0000000,0.0000000,2.261073,2.141976,2.287149,0.000000,2.069238,2.087728,2.097545,0.000000,2.1913424,2.027791,0.000000,0.0000000,2.488813,0.000000,0.0000000
0.000000,0.000000,1.8397496,0.000000,2.1196277,0.000000,1.5363933,0.000000,1.537344,0.000000,1.9949679,2.0427660,2.156467,2.474819,2.250529,2.370136,0.000000,2.3050906,1.747148,2.025985,2.0561872,2.023826,1.968593,2.201245,1.871272,2.208287,1.955113,2.085794,0.0000000,0.000000,0.000000,0.000000,1.908339,1.961331,0.000000,0.000000,2.383927,1.874231,1.634106,2.1123935,0.0000000,0.000000,1.663136,2.271940,0.0000000,0.000000,1.6573688,1.775971,1.649532,2.2778893,2.054685,2.003659,0.0000000,0.0000000,1.967149,2.209496,0.000000,2.104157,1.923534,1.875356,1.623688,0.000000,2.1215863,2.023534,0.000000,0.0000000,2.442579,1.574340,0.0000000
0.000000,1.969883,0.0000000,0.000000,0.0000000,0.000000,0.0000000,1.815704,0.000000,0.000000,0.0000000,2.1552434,2.218365,2.489382,2.262156,2.441036,2.047521,2.4330986,1.705459,2.134377,1.5798406,2.232001,2.192945,2.239294,2.064206,2.271293,2.121890,2.130595,1.6813838,0.000000,0.000000,0.000000,2.024496,0.000000,0.000000,0.000000,2.353910,1.982283,0.000000,0.0000000,0.0000000,0.000000,0.000000,1.740039,0.0000000,1.605065,0.0000000,0.000000,0.000000,2.3373561,0.000000,1.720971,0.0000000,1.6884524,2.290244,0.000000,1.766668,1.786762,0.000000,2.019699,0.000000,0.000000,1.8143605,2.084992,0.000000,0.0000000,2.534811,0.000000,1.6379711
0.000000,1.775154,0.0000000,0.000000,1.5833833,0.000000,0.0000000,0.000000,1.344927,0.000000,0.0000000,0.0000000,1.810901,2.472371,2.205551,2.359454,1.968567,2.3720705,0.000000,2.027868,1.9716357,2.224021,2.144106,2.229985,0.000000,2.224130,2.006955,2.134278,0.0000000,1.675987,2.081072,0.000000,1.950117,0.000000,0.000000,0.000000,2.180818,0.000000,0.000000,0.0000000,0.0000000,0.000000,0.000000,0.000000,0.0000000,0.000000,0.0000000,0.000000,0.000000,1.7756828,0.000000,1.689169,0.0000000,0.0000000,2.234830,1.950123,1.833263,1.705660,0.000000,1.733765,0.000000,0.000000,1.7519217,2.014310,0.000000,0.0000000,2.556399,0.000000,1.7319177
0.000000,1.848179,2.1489383,0.000000,0.0000000,0.000000,0.0000000,1.940502,1.785207,0.000000,2.0189748,2.1293303,2.220675,2.455988,2.093789,2.452670,0.000000,2.3137284,0.000000,2.106860,1.8593359,2.100276,1.983070,2.296196,0.000000,2.132271,0.000000,1.825602,0.0000000,0.000000,0.000000,0.000000,0.000000,1.934073,0.000000,0.000000,2.420725,0.000000,1.966245,0.0000000,0.0000000,0.000000,0.000000,2.195822,0.0000000,0.000000,0.0000000,0.000000,0.000000,2.0676376,0.000000,0.000000,0.0000000,1.6593236,2.315455,2.135982,2.229165,0.000000,0.000000,0.000000,0.000000,0.000000,2.3181533,1.786331,1.816968,0.0000000,2.552503,0.000000,1.9044203
0.000000,1.952174,1.7414409,0.000000,0.0000000,1.716399,0.0000000,0.000000,1.698572,0.000000,1.9702476,1.9754017,2.182829,2.447013,2.157465,2.418881,0.000000,2.3436781,1.823404,1.853765,1.8592945,2.143238,1.980870,2.220544,1.950871,2.198347,1.912746,2.122621,0.0000000,0.000000,0.000000,0.000000,1.833363,0.000000,1.711742,0.000000,2.244077,1.848299,1.583426,0.0000000,1.7333635,0.000000,1.351533,2.195625,0.0000000,0.000000,0.0000000,0.000000,1.833321,2.1288402,0.000000,1.946719,0.0000000,0.0000000,2.014390,1.920540,1.954523,1.904224,0.000000,1.992969,0.000000,0.000000,2.2018831,1.934628,1.411119,1.4868826,2.411767,0.000000,1.7979746
0.000000,1.869448,2.1400693,0.000000,0.0000000,0.000000,0.0000000,0.000000,1.744081,0.000000,0.0000000,0.0000000,2.137573,2.463966,2.271660,2.436794,2.075346,2.4071639,1.798404,1.995477,0.0000000,2.180318,2.031724,2.217935,1.960474,2.274910,0.000000,2.160462,0.0000000,0.000000,0.000000,0.000000,0.000000,0.000000,0.000000,0.000000,2.344774,1.713679,1.730679,0.0000000,0.0000000,0.000000,0.000000,2.153653,0.0000000,0.000000,0.0000000,0.000000,1.768791,2.1968329,2.024208,0.000000,0.0000000,0.0000000,2.192067,2.145057,2.306408,0.000000,0.000000,2.084766,0.000000,0.000000,1.9295660,2.106808,0.000000,0.0000000,2.408328,0.000000,1.6314987
0.000000,1.903430,1.7666685,0.000000,0.0000000,0.000000,0.0000000,0.000000,1.991472,0.000000,1.8955017,2.0114653,2.197251,2.457390,2.221178,2.420012,2.062113,2.3763205,1.929287,1.921385,1.8076558,2.225233,2.079993,2.233346,1.944697,2.194664,1.903495,2.136783,0.0000000,0.000000,0.000000,0.000000,1.903218,0.000000,1.585339,0.000000,2.283091,1.778309,0.000000,2.0236120,0.0000000,1.674694,0.000000,2.258079,0.0000000,0.000000,0.0000000,0.000000,0.000000,1.7396066,2.143093,1.723582,0.0000000,1.5922144,2.247589,1.795042,1.917363,2.046614,0.000000,1.866032,0.000000,0.000000,1.8698949,2.006562,0.000000,0.0000000,2.512884,0.000000,1.8656047
0.000000,1.960228,1.7477570,2.139323,2.0223603,0.000000,0.0000000,0.000000,0.000000,0.000000,0.0000000,1.9903955,2.099495,2.448960,2.184210,2.387854,2.098269,2.4326743,0.000000,0.000000,1.9097872,2.212100,2.097451,2.340225,0.000000,2.292818,0.000000,2.247498,0.0000000,0.000000,2.006118,0.000000,2.197972,1.960487,0.000000,0.000000,2.351217,2.036830,0.000000,0.0000000,2.0574921,0.000000,0.000000,2.140969,1.7733791,0.000000,1.9908871,0.000000,1.715196,0.0000000,0.000000,2.045159,0.0000000,0.0000000,1.984804,2.024988,0.000000,2.186756,1.896267,2.118277,1.894277,0.000000,1.7993760,1.907364,0.000000,0.0000000,2.493954,0.000000,0.0000000
1.834436,1.984165,0.0000000,1.928550,1.7525850,1.652544,1.7234394,0.000000,1.943165,0.000000,0.0000000,2.0638328,2.143099,2.469102,2.219616,2.434399,1.953107,2.4262721,0.000000,1.934582,2.0786875,2.186048,2.017170,2.209178,2.008616,2.284388,1.502761,2.066923,0.0000000,0.000000,0.000000,0.000000,1.952983,1.653274,1.952986,0.000000,2.316191,0.000000,0.000000,2.0652264,0.0000000,0.000000,1.650789,2.239737,0.0000000,0.000000,0.0000000,0.000000,0.000000,2.2164819,2.242918,1.869933,0.0000000,0.0000000,2.185236,1.856152,1.528251,0.000000,0.000000,2.109621,0.000000,1.634515,2.3171914,2.042848,0.000000,2.1742297,2.504241,0.000000,1.7424520
0.000000,1.749869,2.2884593,1.833138,0.0000000,0.000000,2.2271592,0.000000,1.932739,0.000000,0.0000000,2.1039983,2.202432,2.437386,2.219216,2.424598,0.000000,2.4445097,2.015905,1.989359,1.9499761,1.922127,2.175805,2.295413,1.934531,2.312288,1.685691,2.209436,0.0000000,0.000000,2.003465,0.000000,0.000000,0.000000,0.000000,0.000000,2.362346,0.000000,2.200035,2.0960241,2.1873434,0.000000,0.000000,2.218710,0.0000000,1.731325,0.0000000,0.000000,2.193606,1.8102816,2.286346,2.162166,0.0000000,0.0000000,2.324608,2.233653,2.446297,0.000000,1.683367,2.244843,2.196283,0.000000,2.3518379,2.115760,0.000000,0.0000000,2.506620,1.712359,2.1040658
0.000000,0.000000,0.0000000,0.000000,2.0813633,0.000000,0.0000000,1.958169,2.002570,0.000000,2.0734730,2.2111062,2.181414,2.456501,2.190051,2.427441,2.025667,2.3622786,1.949058,1.948223,1.9959691,2.305380,2.028137,2.254216,0.000000,2.249642,2.111763,2.104370,0.0000000,1.868045,0.000000,0.000000,0.000000,0.000000,1.796113,0.000000,2.379367,1.951688,0.000000,0.0000000,0.0000000,1.710249,0.000000,1.724685,0.0000000,2.006377,0.0000000,0.000000,1.950949,2.0636111,2.116092,0.000000,0.0000000,0.0000000,2.204642,2.117155,2.215626,0.000000,1.864779,1.979885,0.000000,0.000000,2.2112633,1.989262,0.000000,0.0000000,2.535242,0.000000,1.9413894
0.000000,2.107576,2.1012267,0.000000,2.0630226,0.000000,0.0000000,1.640538,0.000000,0.000000,1.8209327,2.1516326,2.146079,2.496649,2.277237,2.398048,0.000000,2.4326173,1.962940,2.114846,1.8933778,2.279915,2.129374,2.228848,2.102116,2.286325,1.801353,2.100052,0.0000000,0.000000,1.825425,0.000000,1.860873,0.000000,1.733364,0.000000,2.346916,0.000000,0.000000,0.0000000,0.0000000,0.000000,0.000000,1.690680,0.0000000,0.000000,0.0000000,0.000000,0.000000,0.0000000,0.000000,2.073402,0.0000000,0.0000000,2.175673,2.162304,1.915359,1.860791,1.927202,2.077729,1.987066,0.000000,2.3553306,2.066444,0.000000,0.0000000,2.431758,0.000000,1.7043494
0.000000,1.954009,1.7227050,0.000000,1.5598146,0.000000,0.0000000,1.548469,0.000000,0.000000,1.9338512,2.0639402,2.162333,2.428572,2.219057,2.437039,2.052312,2.3666109,1.816583,1.949925,2.0149127,2.154001,1.973816,2.239247,1.960048,2.228212,0.000000,2.153217,0.0000000,0.000000,1.550446,0.000000,0.000000,0.000000,1.678254,0.000000,2.246927,0.000000,1.604651,0.0000000,0.0000000,1.637075,1.573391,0.000000,0.0000000,0.000000,1.4028212,0.000000,0.000000,2.1155467,2.029558,1.820649,0.0000000,0.0000000,2.207516,0.000000,0.000000,1.537566,1.846597,2.073902,0.000000,1.504644,1.9113356,1.861002,0.000000,0.0000000,2.436062,0.000000,1.9792440
0.000000,1.904415,1.9101021,0.000000,1.7720074,0.000000,0.0000000,2.023943,1.713431,1.749554,0.0000000,2.1604066,2.043119,2.477685,2.263134,2.353469,0.000000,2.2141749,1.910613,2.057016,1.5871050,2.225947,2.064888,2.245705,2.100355,2.037562,1.519041,0.000000,0.0000000,0.000000,1.800911,0.000000,1.979597,1.866582,1.938425,0.000000,2.451640,1.850239,0.000000,2.1535681,0.0000000,1.706041,1.817905,2.192297,1.7232964,0.000000,1.5617166,0.000000,1.823422,1.6719510,2.062019,1.989242,1.9657751,0.0000000,2.240308,1.996108,0.000000,1.993985,1.742326,2.151086,0.000000,1.640992,2.0769817,2.075702,0.000000,0.0000000,2.535693,0.000000,1.8038294
0.000000,1.915742,1.9158408,1.938064,1.7555405,0.000000,0.0000000,0.000000,0.000000,2.042736,2.2055001,0.0000000,2.195033,2.478024,2.219195,2.413102,0.000000,2.2139072,0.000000,1.981617,0.0000000,2.066673,1.997400,2.238710,1.981394,2.068678,0.000000,0.000000,0.0000000,0.000000,0.000000,0.000000,2.227022,0.000000,0.000000,0.000000,2.378445,0.000000,0.000000,2.1095011,2.0776591,0.000000,0.000000,2.155085,0.0000000,0.000000,0.0000000,0.000000,1.886685,1.8921115,0.000000,2.353297,0.0000000,0.0000000,2.350301,1.890931,0.000000,2.135828,1.743033,1.933695,0.000000,0.000000,1.9072924,2.037251,0.000000,0.0000000,2.585760,0.000000,2.0875865
0.000000,2.071323,1.8587482,2.003628,2.0949974,0.000000,0.0000000,0.000000,1.679542,0.000000,1.9495744,2.0823726,2.193224,2.485684,2.248993,2.374811,2.007906,2.3784254,1.988691,2.126967,1.9215101,2.291849,2.198561,2.227768,2.133649,2.249900,1.871562,2.048504,0.0000000,0.000000,1.921665,0.000000,1.932282,1.688699,1.882552,1.612673,2.373810,1.789115,1.946863,0.0000000,0.0000000,1.332512,1.353883,2.185447,1.5797533,0.000000,0.0000000,0.000000,0.000000,2.0668813,2.126491,2.269899,1.6957721,1.5127549,2.104423,1.837475,1.748106,1.926241,0.000000,2.004494,1.748227,0.000000,2.1488133,1.960782,0.000000,1.2818862,2.368071,2.073645,1.9862404
0.000000,1.432814,0.0000000,0.000000,0.0000000,0.000000,0.0000000,0.000000,1.611339,1.947637,1.6237211,1.9554772,2.235830,2.479055,2.239348,2.450502,2.018614,2.3842494,1.907862,1.953327,1.9824143,2.237107,2.241893,2.246976,1.964982,2.254761,0.000000,2.153273,0.0000000,0.000000,1.777975,0.000000,0.000000,0.000000,0.000000,0.000000,2.083333,0.000000,0.000000,0.0000000,0.0000000,0.000000,0.000000,2.272290,0.0000000,0.000000,0.0000000,0.000000,0.000000,2.1080522,0.000000,0.000000,2.0883653,0.0000000,2.033482,0.000000,0.000000,0.000000,0.000000,0.000000,0.000000,0.000000,0.0000000,1.887279,0.000000,0.0000000,2.410671,0.000000,2.0641050
0.000000,0.000000,1.8210514,0.000000,2.1139347,0.000000,0.0000000,1.542453,1.886099,0.000000,1.6847513,2.0781652,2.149365,2.446171,2.181752,2.432293,2.080147,2.3765527,1.886059,1.956876,1.7633578,2.197381,1.948434,2.220367,1.753538,2.239748,0.000000,2.136572,0.0000000,1.347203,0.000000,0.000000,0.000000,0.000000,1.719951,0.000000,2.369928,1.752849,0.000000,0.0000000,0.0000000,1.467555,0.000000,2.197923,0.0000000,1.863146,0.0000000,0.000000,0.000000,0.0000000,2.149764,1.797975,0.0000000,0.0000000,2.153299,2.106183,0.000000,1.486440,1.816356,2.121276,0.000000,0.000000,2.0282117,1.985563,1.970535,0.0000000,2.450096,0.000000,1.9808088
0.000000,1.970405,0.0000000,0.000000,1.9788164,0.000000,0.0000000,1.811078,2.072478,0.000000,1.9918499,2.1513578,2.095187,2.457639,2.268223,2.402788,1.957093,2.3924714,1.761293,1.958410,0.0000000,2.225415,2.105584,2.210039,0.000000,2.237079,1.627475,2.076702,0.0000000,0.000000,0.000000,0.000000,1.765623,1.959782,1.735556,0.000000,2.320184,0.000000,0.000000,2.1212994,2.0097229,1.661601,2.091918,2.249033,1.7261141,0.000000,1.6910338,0.000000,0.000000,1.6659310,1.895033,1.740742,0.0000000,0.0000000,2.118018,2.023071,1.604802,2.153537,1.880094,2.109607,0.000000,0.000000,2.2430472,1.992253,0.000000,0.0000000,2.592015,0.000000,2.0093053
0.000000,1.999033,1.6368894,0.000000,2.1460301,0.000000,0.0000000,2.044738,2.016703,0.000000,0.0000000,2.0450676,2.121346,2.470639,2.238119,2.359441,2.013158,2.3918876,0.000000,1.851918,0.0000000,2.218330,0.000000,2.222294,1.781021,2.217478,0.000000,2.150319,0.0000000,0.000000,0.000000,0.000000,1.846187,2.028567,1.892955,0.000000,2.383912,0.000000,0.000000,2.0842810,1.8051437,0.000000,1.846171,2.193923,0.0000000,0.000000,0.0000000,0.000000,0.000000,1.7470564,0.000000,0.000000,0.0000000,0.0000000,2.303604,1.942340,0.000000,2.362075,0.000000,2.024424,0.000000,0.000000,1.9817016,2.054809,0.000000,1.6585662,2.469649,0.000000,0.0000000
0.000000,1.903223,1.8434139,0.000000,2.0424121,0.000000,0.0000000,1.719841,1.844118,0.000000,1.9278121,2.0792164,2.172296,2.492275,2.256535,2.403916,1.845264,2.3984753,1.940105,2.089560,1.9082247,2.278573,2.128845,2.275111,2.106044,2.202032,1.733045,2.032231,0.0000000,0.000000,1.584406,0.000000,0.000000,0.000000,1.786623,0.000000,2.249098,0.000000,0.000000,0.0000000,0.0000000,0.000000,0.000000,2.207371,0.0000000,0.000000,0.0000000,0.000000,0.000000,0.0000000,0.000000,1.847639,1.5319671,0.0000000,1.896517,1.967334,0.000000,0.000000,1.743175,2.069291,0.000000,0.000000,2.1239886,1.853693,0.000000,0.0000000,2.476405,0.000000,1.9251016
0.000000,1.820759,1.8529930,0.000000,2.0778812,0.000000,0.0000000,1.714420,1.744081,0.000000,1.9611054,2.0229533,2.103448,2.476908,2.262657,2.372908,1.807455,2.3423784,1.780499,2.058550,1.6323298,2.132655,1.984346,2.243089,0.000000,2.148634,0.000000,1.863721,0.0000000,1.228706,0.000000,0.000000,1.693443,0.000000,1.863119,0.000000,2.309636,0.000000,0.000000,1.4671452,0.0000000,1.635738,0.000000,2.236599,0.0000000,0.000000,1.4430450,0.000000,0.000000,0.0000000,0.000000,1.828425,1.6333471,0.0000000,1.960080,1.685348,0.000000,1.426628,1.655639,2.003326,0.000000,0.000000,2.0686466,1.949660,0.000000,0.0000000,2.511179,0.000000,1.8103801
0.000000,1.988983,0.0000000,0.000000,2.1049342,0.000000,0.0000000,0.000000,0.000000,0.000000,0.0000000,0.0000000,2.153851,2.471567,2.215866,2.428824,0.000000,2.3956321,0.000000,0.000000,0.0000000,2.166888,1.662556,2.299262,0.000000,2.260433,0.000000,2.150458,0.0000000,0.000000,0.000000,0.000000,2.116836,1.834874,0.000000,0.000000,2.325575,0.000000,0.000000,0.0000000,2.1965030,0.000000,0.000000,0.000000,0.0000000,0.000000,0.0000000,0.000000,0.000000,0.0000000,0.000000,1.592498,0.0000000,0.0000000,2.314915,1.833230,0.000000,1.729362,0.000000,1.963863,0.000000,0.000000,0.0000000,2.048022,0.000000,0.0000000,2.402858,0.000000,0.0000000
1.560890,1.909632,1.7391887,0.000000,2.0888898,0.000000,0.0000000,1.783552,0.000000,1.869332,2.1074269,2.0446168,2.220474,2.460844,2.251885,2.425619,0.000000,2.3781596,1.472080,1.983702,1.6035165,2.281148,2.218761,2.249833,2.148999,2.238888,1.998044,2.066648,0.0000000,0.000000,1.752996,0.000000,1.528427,0.000000,1.697856,0.000000,2.293087,0.000000,0.000000,0.0000000,0.0000000,0.000000,1.941888,2.261860,0.0000000,0.000000,0.0000000,0.000000,0.000000,2.0719340,2.154603,2.078221,0.0000000,0.0000000,2.185745,1.979071,1.860709,0.000000,1.794261,2.058167,0.000000,0.000000,2.0749769,1.873977,0.000000,0.0000000,2.537009,1.885782,1.8045702
0.000000,1.850534,0.0000000,0.000000,0.0000000,0.000000,0.0000000,2.099959,2.013811,0.000000,1.7223454,2.2319248,2.206759,2.438490,2.197908,2.446213,0.000000,2.2089397,0.000000,1.942722,1.9816963,2.060069,2.010961,2.271202,1.856025,2.011844,1.926864,0.000000,2.1917612,1.757260,0.000000,0.000000,2.052593,0.000000,1.673686,0.000000,2.448263,1.773532,0.000000,0.0000000,0.0000000,1.669565,0.000000,2.201756,0.0000000,0.000000,1.5696327,0.000000,0.000000,1.9029302,2.190507,2.026547,2.1568311,0.0000000,2.346205,0.000000,0.000000,0.000000,0.000000,2.307965,0.000000,1.653778,2.0330455,2.027796,0.000000,0.0000000,2.571657,1.895260,1.9358005
0.000000,2.010537,1.8109795,0.000000,2.0262998,0.000000,0.0000000,0.000000,0.000000,0.000000,0.0000000,2.0781202,2.147613,2.442963,2.218593,2.395132,2.112426,2.4016274,1.833647,1.962715,1.7665749,2.250997,2.117436,2.251546,1.890025,2.253922,1.809223,2.150563,1.6828558,0.000000,1.727686,0.000000,2.183424,0.000000,0.000000,0.000000,2.400711,1.868896,0.000000,0.0000000,0.0000000,0.000000,0.000000,2.219874,0.0000000,0.000000,0.0000000,0.000000,0.000000,2.1437010,2.174050,2.314922,0.0000000,0.0000000,2.256027,0.000000,1.844010,1.843189,0.000000,2.003489,0.000000,0.000000,2.0212452,2.008559,1.819556,0.0000000,2.497432,1.810960,0.0000000
0.000000,2.097483,2.1828192,0.000000,2.0893691,0.000000,1.7933529,2.033008,1.797025,0.000000,2.0457488,2.1001365,2.270448,2.449287,2.251444,2.300598,2.093418,2.4087262,1.888637,2.013078,1.9549350,2.308162,2.189354,2.246216,1.812132,2.271238,0.000000,0.000000,0.0000000,0.000000,1.892580,0.000000,1.777492,0.000000,1.773812,0.000000,2.396449,1.800140,2.039085,0.0000000,0.0000000,0.000000,1.457301,2.251532,1.7623016,0.000000,0.0000000,0.000000,2.107752,1.9506972,2.175857,2.040862,0.0000000,0.0000000,2.166564,2.104090,2.249579,0.000000,1.835418,2.147647,2.090921,0.000000,2.2860993,2.116480,0.000000,0.0000000,2.387922,0.000000,0.0000000
0.000000,0.000000,1.7986931,0.000000,0.0000000,0.000000,0.0000000,0.000000,0.000000,0.000000,2.0054794,1.9762824,2.213330,2.443400,2.046319,2.382624,2.042715,2.4048671,1.810911,1.908239,1.7440650,2.246055,2.133624,2.235856,1.828555,2.290190,1.813872,0.000000,0.0000000,0.000000,1.750527,0.000000,0.000000,0.000000,0.000000,0.000000,2.404694,1.819888,0.000000,1.9146590,1.8652618,0.000000,0.000000,2.051431,0.0000000,0.000000,0.0000000,0.000000,0.000000,2.1943449,2.238552,1.853195,0.0000000,1.7685139,2.256294,2.001591,1.812908,0.000000,0.000000,2.206080,0.000000,0.000000,2.1347748,1.795206,1.624492,0.0000000,2.451174,0.000000,0.0000000
0.000000,1.927726,1.9576259,0.000000,2.0233512,0.000000,1.4986597,0.000000,0.000000,0.000000,0.0000000,0.0000000,2.133177,2.454742,2.186844,2.413446,2.033214,2.4137015,1.784819,2.061477,1.9248843,2.266846,2.033008,2.223430,2.058517,2.281458,1.700536,2.092526,0.0000000,0.000000,0.000000,0.000000,0.000000,0.000000,1.814131,0.000000,2.311602,0.000000,1.875055,1.9493851,0.0000000,0.000000,0.000000,2.196583,0.0000000,0.000000,0.0000000,1.736460,1.776372,0.0000000,0.000000,1.982627,0.0000000,0.0000000,2.051311,1.777950,2.237907,1.799120,0.000000,2.072407,1.897400,0.000000,2.2343111,1.985742,0.000000,0.0000000,2.431131,0.000000,1.8951703
0.000000,1.804714,1.7197311,0.000000,0.0000000,0.000000,0.0000000,1.996532,1.909146,0.000000,0.0000000,2.1324885,1.626553,2.466886,2.248291,2.408322,2.003040,2.3974804,1.673957,2.059038,1.9333396,2.283095,2.069954,2.250516,2.036438,2.270838,1.514284,2.126550,0.0000000,0.000000,0.000000,0.000000,0.000000,0.000000,0.000000,0.000000,2.331185,1.547313,0.000000,1.9055778,2.0884987,0.000000,0.000000,2.215357,0.0000000,0.000000,0.0000000,0.000000,0.000000,1.8752272,0.000000,1.797738,0.0000000,0.0000000,2.163216,0.000000,1.759213,0.000000,1.858186,2.032688,0.000000,0.000000,2.0836101,1.957671,0.000000,1.9213554,2.506897,0.000000,0.0000000
0.000000,1.861723,0.0000000,0.000000,0.0000000,0.000000,0.0000000,0.000000,1.755656,0.000000,1.9556803,2.1821252,2.179768,2.441895,2.194929,2.399599,1.935127,2.3753059,1.807012,1.994635,1.5503943,2.195210,2.018983,2.315398,1.886274,2.222508,0.000000,2.139772,0.0000000,0.000000,0.000000,0.000000,1.704410,0.000000,0.000000,0.000000,2.381854,1.826386,0.000000,0.0000000,0.0000000,0.000000,0.000000,2.208581,0.0000000,0.000000,0.0000000,0.000000,0.000000,1.8936711,0.000000,1.827540,0.0000000,0.0000000,2.368279,1.843033,1.686192,0.000000,0.000000,2.217101,0.000000,0.000000,1.9068502,1.965808,1.680371,0.0000000,2.485394,0.000000,1.7580983
0.000000,2.035777,2.3492572,1.730048,0.0000000,0.000000,0.0000000,1.883839,1.838958,1.941128,2.0545759,2.0965886,2.191980,2.421433,2.172406,2.473682,2.087654,2.3565964,1.555244,1.961777,1.9573000,1.716174,2.107528,2.327839,1.959519,2.223828,1.885686,2.134356,0.0000000,0.000000,1.977069,0.000000,2.014612,0.000000,0.000000,0.000000,2.436762,2.160977,2.168297,0.0000000,0.0000000,0.000000,0.000000,2.227416,0.0000000,1.876653,1.8557064,1.932452,2.277790,1.9856883,2.383511,1.903732,0.0000000,0.0000000,2.282701,2.207471,2.370023,0.000000,0.000000,2.119238,1.980534,0.000000,2.4711136,2.083594,0.000000,0.0000000,2.476551,0.000000,0.0000000
0.000000,1.995524,1.7328943,0.000000,0.0000000,0.000000,0.0000000,2.191250,1.984992,0.000000,0.0000000,2.1547566,2.058922,2.494631,2.084644,2.425497,0.000000,2.2118852,0.000000,2.067437,0.0000000,2.221465,1.985663,2.350809,2.036042,2.039793,0.000000,0.000000,0.0000000,0.000000,0.000000,0.000000,0.000000,0.000000,0.000000,0.000000,2.474881,0.000000,0.000000,0.0000000,0.0000000,1.769001,0.000000,0.000000,0.0000000,0.000000,0.0000000,0.000000,0.000000,0.0000000,1.912364,1.755757,2.1015162,0.0000000,2.208475,0.000000,0.000000,0.000000,0.000000,2.271221,0.000000,0.000000,1.9756580,1.857032,0.000000,0.0000000,2.504565,0.000000,1.8664581
0.000000,1.880948,1.7137362,0.000000,0.0000000,0.000000,0.0000000,0.000000,1.834899,0.000000,0.0000000,2.0427676,2.154862,2.478033,2.250459,2.364761,2.081874,2.3917096,1.749884,1.954922,0.0000000,2.175553,2.059722,2.246178,1.915975,2.245585,0.000000,2.134822,0.0000000,0.000000,1.711453,0.000000,1.564936,1.950195,1.622066,0.000000,2.431305,1.748000,0.000000,0.0000000,0.0000000,0.000000,0.000000,2.163552,0.0000000,0.000000,1.4387135,0.000000,0.000000,1.7423417,2.165448,1.881259,2.0803448,0.0000000,2.105870,1.909486,0.000000,0.000000,0.000000,2.143003,0.000000,0.000000,1.9735276,2.070011,0.000000,0.0000000,2.349270,0.000000,1.7747758
0.000000,1.890254,0.0000000,0.000000,1.8730463,0.000000,0.0000000,2.133835,1.929053,0.000000,0.0000000,2.0492804,2.135508,2.459990,2.210954,2.359389,1.944081,2.3945145,1.984432,1.979608,1.9258179,2.263331,2.178326,2.260981,2.039021,2.264766,1.842690,2.158226,0.0000000,1.362465,1.969676,0.000000,0.000000,0.000000,1.890309,0.000000,2.261761,0.000000,0.000000,0.0000000,0.0000000,0.000000,0.000000,2.196254,0.0000000,0.000000,1.7404707,0.000000,0.000000,2.1319228,2.163007,2.009459,2.1050706,0.0000000,2.303065,2.178574,0.000000,1.692090,1.663452,2.032812,0.000000,0.000000,1.9030245,1.980162,0.000000,0.0000000,2.484258,0.000000,1.9698835
0.000000,1.764352,0.0000000,0.000000,0.0000000,0.000000,0.0000000,0.000000,0.000000,0.000000,1.7377170,0.0000000,2.138217,2.478538,2.261503,2.405480,2.065085,2.4136810,1.917651,2.076561,0.0000000,2.296624,2.200413,2.233970,2.014368,2.286073,1.761695,2.152197,0.0000000,0.000000,1.792797,0.000000,0.000000,0.000000,0.000000,0.000000,2.319940,0.000000,0.000000,0.0000000,0.0000000,0.000000,0.000000,2.227033,0.0000000,0.000000,0.0000000,0.000000,0.000000,2.1031095,0.000000,0.000000,2.0424991,0.0000000,2.239201,0.000000,0.000000,1.764135,0.000000,1.689793,0.000000,0.000000,1.8895635,2.047410,0.000000,0.0000000,2.451998,0.000000,0.0000000
0.000000,1.602221,1.9115818,0.000000,0.0000000,0.000000,0.0000000,1.943508,1.813246,0.000000,2.0485435,2.1274763,2.034451,2.437987,2.219039,2.375099,0.000000,2.0093873,0.000000,1.989771,1.5886457,1.866628,1.954476,2.298231,1.791385,0.000000,1.639961,0.000000,0.0000000,0.000000,0.000000,0.000000,0.000000,1.748605,1.886364,0.000000,2.312786,1.656547,0.000000,1.9514006,2.0643206,0.000000,0.000000,2.185759,0.0000000,0.000000,1.3889461,0.000000,1.866968,2.1161195,0.000000,2.201880,0.0000000,0.0000000,1.769028,1.619466,1.903223,1.992778,1.655777,2.033025,1.686579,0.000000,2.0826321,2.058111,0.000000,1.2287063,2.439221,1.634074,1.6380635
0.000000,1.892235,1.9389577,1.792986,0.0000000,0.000000,0.0000000,1.973909,1.854589,0.000000,2.0383545,2.1363105,2.138067,2.450080,2.169084,2.418746,0.000000,0.0000000,0.000000,1.887189,1.6485250,0.000000,1.844033,2.272130,2.048898,2.097851,1.945673,0.000000,0.0000000,1.622202,0.000000,0.000000,0.000000,1.802117,1.817409,1.796505,2.429516,1.664475,1.948916,0.0000000,0.0000000,1.786425,1.337788,1.925585,0.0000000,0.000000,1.6958149,0.000000,1.790027,1.8883263,1.833930,2.051115,0.9747784,1.4306417,2.345830,2.172842,2.064670,1.916615,0.000000,2.160759,1.193491,1.807274,2.2236210,2.059758,1.740901,0.0000000,2.540124,0.000000,1.7737741
0.000000,1.683760,1.8647590,0.000000,0.0000000,0.000000,0.0000000,1.955857,1.821279,0.000000,1.7920364,2.1363833,2.195014,2.469356,2.239660,2.426272,1.345993,2.3442215,1.884600,1.948278,1.8984933,2.127056,2.063240,2.205047,2.033868,2.223162,1.618532,2.019180,0.0000000,0.000000,1.760348,0.000000,0.000000,0.000000,1.761556,0.000000,2.284170,0.000000,0.000000,0.0000000,0.0000000,1.671402,0.000000,2.228170,0.0000000,0.000000,0.0000000,0.000000,1.865288,2.0656050,2.165936,2.032087,0.0000000,0.0000000,2.286219,1.663977,1.827871,1.663741,1.475560,2.156430,0.000000,1.548312,2.1161627,1.970724,0.000000,1.5800151,2.129074,0.000000,1.5003798
0.000000,0.000000,0.0000000,0.000000,2.2137085,0.000000,0.0000000,0.000000,0.000000,2.109454,1.8510189,2.1505679,2.196969,2.466021,2.393260,2.486068,1.941191,2.4173508,0.000000,0.000000,1.9443606,2.276129,1.906426,2.420080,0.000000,2.220549,0.000000,2.124826,0.0000000,0.000000,0.000000,0.000000,0.000000,0.000000,0.000000,1.995654,2.506251,0.000000,0.000000,0.0000000,0.0000000,1.929848,1.915016,2.095239,0.0000000,0.000000,1.8165544,0.000000,0.000000,0.0000000,2.294788,2.303318,0.0000000,0.0000000,2.240366,0.000000,0.000000,2.003374,0.000000,0.000000,0.000000,1.793153,2.2761611,1.965461,0.000000,0.0000000,2.199668,0.000000,2.1176167
0.000000,0.000000,0.0000000,0.000000,0.0000000,0.000000,0.0000000,1.874675,0.000000,0.000000,0.0000000,2.1885730,0.000000,2.533102,2.226814,2.415565,0.000000,2.4339920,0.000000,2.014084,0.0000000,2.222007,2.001236,2.234413,0.000000,2.209773,0.000000,2.033169,0.0000000,0.000000,0.000000,0.000000,0.000000,0.000000,1.869089,0.000000,2.474765,1.929105,0.000000,0.0000000,0.0000000,0.000000,0.000000,0.000000,0.0000000,0.000000,1.7710511,0.000000,0.000000,0.0000000,2.106616,0.000000,2.0091476,0.0000000,2.331820,0.000000,0.000000,0.000000,0.000000,0.000000,0.000000,0.000000,0.0000000,1.933933,0.000000,0.0000000,2.317850,0.000000,0.0000000
0.000000,1.779695,0.0000000,0.000000,0.0000000,0.000000,1.9290164,0.000000,2.125091,0.000000,2.1706479,2.0993697,2.143862,2.471869,2.209316,2.391395,1.906643,2.4253414,1.723475,1.960902,2.0692602,2.181241,1.978287,2.234746,1.860757,2.163210,1.763971,2.184884,2.2493088,0.000000,2.075591,0.000000,0.000000,0.000000,1.821961,0.000000,2.437400,0.000000,0.000000,0.0000000,0.0000000,0.000000,0.000000,2.130002,0.0000000,0.000000,1.8020439,0.000000,0.000000,0.0000000,2.249308,1.976758,2.0228053,0.0000000,2.296713,2.182897,2.184931,0.000000,0.000000,2.161840,1.800764,1.921845,2.5657227,2.039720,0.000000,0.0000000,2.324703,1.752305,1.9285296
0.000000,1.900288,0.0000000,0.000000,0.0000000,0.000000,0.0000000,0.000000,1.962983,1.881481,0.0000000,2.1333130,2.132810,2.451477,2.257026,2.415405,1.889679,2.4475257,1.466735,1.997870,2.0418030,2.248224,2.084150,2.161779,1.982180,2.203115,1.692330,2.116408,0.0000000,0.000000,1.987748,0.000000,0.000000,0.000000,1.697306,0.000000,2.350008,1.961080,0.000000,0.0000000,0.0000000,1.489808,1.579972,2.232155,0.0000000,0.000000,1.5065736,0.000000,0.000000,1.8905221,2.173443,2.080451,2.0165865,0.0000000,2.102712,0.000000,1.853231,1.739237,0.000000,2.153522,0.000000,0.000000,2.1428623,1.951424,0.000000,0.0000000,2.405016,0.000000,1.8479692
0.000000,1.901864,0.0000000,0.000000,0.0000000,0.000000,0.0000000,0.000000,1.914976,0.000000,0.0000000,2.2664559,2.195576,2.480359,2.235795,2.474876,1.914528,2.3316220,0.000000,1.920046,1.9177571,2.056287,1.901172,2.207572,1.860244,2.151645,1.971134,2.077103,0.0000000,0.000000,0.000000,2.029340,0.000000,0.000000,1.897483,0.000000,2.395133,2.054357,0.000000,1.6889005,0.0000000,1.905767,0.000000,2.247523,0.0000000,1.740423,0.0000000,0.000000,1.774308,1.9536272,0.000000,1.947941,2.0930437,1.7879550,2.296034,0.000000,0.000000,0.000000,0.000000,2.191876,0.000000,1.919514,1.6919580,1.996392,1.971296,0.0000000,2.544003,0.000000,1.9258096
0.000000,2.007908,0.0000000,0.000000,2.1960274,0.000000,0.0000000,0.000000,2.102709,0.000000,0.0000000,0.0000000,2.178146,2.382978,2.140876,2.446228,2.075948,2.3873855,0.000000,0.000000,1.9906145,2.221436,1.920907,2.155944,0.000000,2.247941,1.950966,2.205221,0.0000000,0.000000,0.000000,0.000000,0.000000,2.085932,0.000000,0.000000,2.209849,0.000000,0.000000,0.0000000,0.0000000,0.000000,2.042848,2.146565,0.0000000,0.000000,0.0000000,0.000000,0.000000,0.0000000,2.281931,2.315570,0.0000000,0.0000000,2.396145,0.000000,0.000000,2.104433,0.000000,1.882980,0.000000,0.000000,0.0000000,2.110548,0.000000,1.7529668,2.532285,0.000000,0.0000000
0.000000,0.000000,0.0000000,0.000000,0.0000000,0.000000,0.0000000,1.969129,2.091829,0.000000,0.0000000,2.1351307,2.010653,2.544250,2.229524,2.440093,0.000000,2.3169880,0.000000,1.993546,0.0000000,2.038486,2.031725,2.163962,0.000000,2.142100,0.000000,0.000000,2.1635420,0.000000,0.000000,0.000000,0.000000,0.000000,1.881802,0.000000,2.524344,1.948369,0.000000,0.0000000,0.0000000,0.000000,0.000000,0.000000,0.0000000,0.000000,0.0000000,0.000000,0.000000,1.9601587,0.000000,2.121881,1.9939798,0.0000000,2.437110,0.000000,0.000000,0.000000,0.000000,2.211831,0.000000,1.902398,0.0000000,2.067281,0.000000,0.0000000,2.581781,2.099832,0.0000000
0.000000,0.000000,0.0000000,0.000000,0.0000000,0.000000,0.0000000,0.000000,2.056263,0.000000,0.0000000,2.1404913,2.204181,2.438863,2.262802,2.438593,1.802960,2.3422922,0.000000,0.000000,1.9955569,2.196261,1.889140,2.248474,0.000000,2.183202,2.030393,2.022757,0.0000000,0.000000,0.000000,2.192717,0.000000,1.911512,0.000000,0.000000,2.442536,1.853563,0.000000,0.0000000,0.0000000,0.000000,0.000000,1.887820,0.0000000,1.781081,0.0000000,0.000000,0.000000,2.1280150,2.058366,2.004356,0.0000000,0.0000000,2.314418,0.000000,0.000000,0.000000,0.000000,2.175277,0.000000,0.000000,0.0000000,2.046247,0.000000,0.0000000,2.541836,0.000000,0.0000000
0.000000,1.895727,1.7973173,2.086608,1.5613767,0.000000,1.5859717,1.944181,1.986309,0.000000,0.0000000,2.1256923,2.162643,2.485068,2.275699,2.437180,0.000000,2.1539813,0.000000,1.856906,0.0000000,2.043469,1.970364,2.259520,1.958592,1.952225,1.688003,0.000000,2.1574340,0.000000,2.037081,0.000000,0.000000,0.000000,2.064255,0.000000,2.478034,1.983133,0.000000,1.6451123,1.7869597,1.839901,1.881533,1.500859,1.8700224,0.000000,1.5847036,1.820062,0.000000,2.0327465,0.000000,2.261334,2.1685082,0.0000000,2.097842,2.029920,2.079586,1.761902,1.688677,2.169600,1.892928,1.571842,2.0071052,2.120362,0.000000,1.8720648,2.417424,1.926125,2.0655069
0.000000,1.945140,1.7664010,1.878034,0.0000000,0.000000,0.0000000,0.000000,1.623822,0.000000,0.0000000,2.1648042,0.000000,2.511091,2.348554,2.418730,0.000000,2.2776561,1.792182,2.120718,0.0000000,2.089446,2.079725,2.269192,2.125355,2.063880,0.000000,0.000000,2.1800524,0.000000,2.042279,0.000000,0.000000,0.000000,1.992894,0.000000,2.328863,0.000000,0.000000,0.0000000,0.0000000,1.866425,0.000000,1.847526,0.0000000,0.000000,0.0000000,0.000000,0.000000,1.7538006,1.949361,1.906691,2.0352466,0.0000000,1.984121,0.000000,0.000000,1.702372,1.791317,2.229897,0.000000,0.000000,2.1999680,1.908106,0.000000,0.0000000,2.424722,1.861723,0.0000000
0.000000,1.969688,1.5968188,0.000000,0.0000000,0.000000,0.0000000,2.039545,1.761376,0.000000,0.0000000,2.2432194,2.118479,2.578935,2.278499,2.420661,0.000000,2.4502327,0.000000,0.000000,0.0000000,2.197893,2.156734,2.233876,2.108730,2.285182,0.000000,0.000000,0.0000000,0.000000,2.027269,2.044891,0.000000,0.000000,1.930234,0.000000,2.408974,2.105830,0.000000,1.9805098,2.0115478,1.774105,0.000000,0.000000,0.0000000,0.000000,0.0000000,0.000000,1.907230,0.0000000,0.000000,2.039116,0.0000000,0.0000000,1.872290,0.000000,0.000000,0.000000,0.000000,2.221386,0.000000,0.000000,2.0275371,2.028264,0.000000,0.0000000,2.501760,2.145595,2.0310062
0.000000,1.946038,1.9762769,1.724401,0.0000000,0.000000,0.0000000,0.000000,1.898663,0.000000,0.0000000,0.0000000,2.154651,2.477452,2.233182,2.389875,1.983225,2.3703599,2.005349,1.989833,0.0000000,2.273449,2.166282,2.200095,1.999689,2.188123,1.781456,2.093837,0.0000000,0.000000,2.105054,0.000000,0.000000,0.000000,1.736050,0.000000,2.414459,2.061342,1.881387,0.0000000,0.0000000,1.758819,0.000000,2.144911,0.0000000,1.608710,0.0000000,0.000000,0.000000,1.7224714,2.192455,2.287825,0.0000000,0.0000000,2.099237,2.103706,1.908823,0.000000,1.740167,2.244750,0.000000,0.000000,2.1042251,2.155573,0.000000,0.0000000,2.472003,0.000000,1.5841086
0.000000,2.149405,1.8527034,1.941811,2.0674601,0.000000,0.0000000,1.930538,1.916749,0.000000,2.0908965,2.2568082,2.200145,2.456638,2.239677,2.407069,0.000000,2.3154233,0.000000,2.013066,1.9697988,2.181125,2.106310,2.195590,0.000000,2.143698,2.042711,1.970352,0.0000000,0.000000,0.000000,0.000000,2.099792,2.146889,1.636175,0.000000,2.431270,1.965597,1.993224,0.0000000,0.0000000,0.000000,0.000000,2.107975,1.9725953,0.000000,1.8090742,0.000000,2.239432,2.1183998,0.000000,2.324378,0.0000000,1.9380637,2.155070,2.155750,2.283620,1.871228,1.858443,2.050658,2.131191,0.000000,2.2543899,2.075626,0.000000,0.0000000,2.376596,2.103139,0.0000000
0.000000,0.000000,0.0000000,0.000000,0.0000000,0.000000,0.0000000,2.079595,0.000000,0.000000,0.0000000,0.0000000,2.251377,2.494221,2.282891,2.426543,0.000000,2.4544796,1.863654,1.985334,0.0000000,2.277508,2.146495,2.321226,2.010774,2.271569,0.000000,2.195362,0.0000000,0.000000,2.079030,0.000000,0.000000,0.000000,1.742735,0.000000,2.464993,2.008362,0.000000,0.0000000,0.0000000,1.777616,0.000000,1.736902,1.7897998,0.000000,1.8773728,0.000000,1.775142,0.0000000,2.175426,1.761515,0.0000000,0.0000000,2.298424,0.000000,0.000000,0.000000,1.816026,2.154672,0.000000,0.000000,1.9778938,1.944246,0.000000,0.0000000,2.557678,0.000000,0.0000000
0.000000,1.914514,1.8257257,0.000000,0.0000000,0.000000,1.6455245,1.937232,1.900794,0.000000,2.1109848,2.2979304,2.102164,2.478858,2.160328,2.470645,0.000000,2.4287991,1.969758,1.913576,0.0000000,2.231647,1.971039,2.212537,1.865552,1.997179,0.000000,0.000000,0.0000000,0.000000,1.846498,0.000000,0.000000,0.000000,1.873314,0.000000,2.399983,1.928996,0.000000,1.7046731,1.5617166,0.000000,0.000000,1.656135,0.0000000,0.000000,1.8832691,0.000000,1.674718,1.8933350,2.062313,1.938632,0.0000000,0.0000000,2.206762,0.000000,0.000000,1.907513,0.000000,2.255558,0.000000,0.000000,1.9607979,2.069178,0.000000,0.0000000,2.472528,1.780803,1.7021877
2.246794,2.285433,1.8245473,0.000000,0.0000000,0.000000,1.9014329,1.923238,2.086366,0.000000,2.1656635,2.1758612,2.154231,2.457343,2.192346,2.407812,1.932877,2.2993857,1.637137,1.975318,1.9410549,2.163980,2.049989,2.258477,0.000000,2.176712,1.784275,2.109504,0.0000000,0.000000,1.669616,0.000000,0.000000,0.000000,1.977918,0.000000,2.516200,2.107987,0.000000,2.1899890,1.9489435,1.789401,0.000000,2.240626,0.0000000,1.915030,0.0000000,0.000000,0.000000,1.8219427,0.000000,2.074371,0.0000000,1.8937031,2.195818,1.895717,0.000000,1.877186,0.000000,2.193210,1.882215,0.000000,2.0626312,2.042054,0.000000,0.0000000,2.589512,1.876082,1.7547166
0.000000,2.087703,0.0000000,0.000000,0.0000000,0.000000,0.0000000,0.000000,2.013779,0.000000,0.0000000,2.1640761,2.122618,2.458209,2.202748,2.431689,1.955293,2.3751985,0.000000,1.902204,0.0000000,2.129696,1.987912,2.193734,1.934341,2.203464,1.759873,2.071223,0.0000000,0.000000,0.000000,0.000000,0.000000,0.000000,1.856018,0.000000,2.457134,2.109910,0.000000,1.9691608,0.0000000,1.849506,0.000000,2.156342,0.0000000,0.000000,0.0000000,0.000000,0.000000,0.0000000,1.776684,1.868871,0.0000000,0.0000000,2.184610,0.000000,1.937743,0.000000,0.000000,2.156838,1.895060,0.000000,1.8979943,1.880795,0.000000,0.0000000,2.461750,0.000000,1.6841067
2.348381,2.428362,1.9746353,2.076108,0.0000000,0.000000,1.8945261,0.000000,1.695000,0.000000,0.0000000,1.9012671,0.000000,2.443956,2.213117,2.429455,0.000000,2.2156633,0.000000,0.000000,1.9603164,2.006416,1.988087,2.245464,0.000000,2.021009,1.771310,1.654057,2.0497962,0.000000,1.875759,0.000000,1.684820,0.000000,0.000000,0.000000,2.463394,1.814494,0.000000,2.3112221,1.9507279,0.000000,0.000000,1.802117,1.9784661,0.000000,0.0000000,1.568003,0.000000,0.0000000,0.000000,1.829640,2.1680876,1.8030018,1.833171,0.000000,0.000000,1.898903,0.000000,1.969005,0.000000,0.000000,2.2043648,1.760040,0.000000,0.0000000,2.319550,1.718333,1.9881653
1.785829,2.104577,1.9815851,0.000000,0.0000000,0.000000,0.0000000,1.822115,1.728708,0.000000,2.0562573,2.0325037,2.220817,2.464432,2.227308,2.411056,1.871593,2.2016519,0.000000,1.752467,2.0040466,2.045907,1.973884,2.201146,0.000000,1.983569,1.799567,2.071812,0.0000000,0.000000,1.391266,0.000000,0.000000,1.888237,1.896902,0.000000,2.486417,2.119168,0.000000,0.0000000,1.6690330,0.000000,0.000000,2.160880,2.0590436,1.876908,0.0000000,1.671026,0.000000,2.0065041,0.000000,2.220575,0.0000000,1.8739403,2.204218,1.898627,0.000000,1.950048,1.815200,2.005887,0.000000,0.000000,1.7890349,1.948729,1.562877,0.0000000,2.580161,1.832945,1.8841255
0.000000,1.834029,0.0000000,0.000000,0.0000000,0.000000,0.0000000,2.033926,1.879467,0.000000,2.1022709,2.1561131,2.156925,2.476276,2.206938,2.423171,1.839486,2.2490469,0.000000,1.874644,0.0000000,2.002160,1.994963,2.177691,1.878310,2.168618,0.000000,2.070946,0.0000000,0.000000,0.000000,0.000000,0.000000,0.000000,1.710677,0.000000,2.476327,1.990664,0.000000,1.9243477,1.7695918,1.886172,1.518050,2.177066,2.0972762,0.000000,0.0000000,1.759396,0.000000,2.0770516,1.857502,1.810626,0.0000000,1.7359677,2.255957,1.709409,1.769723,2.044987,0.000000,2.213673,0.000000,0.000000,1.9030393,2.035526,1.641927,1.8793299,2.549354,1.806961,0.0000000
2.114204,1.928858,0.0000000,0.000000,0.0000000,0.000000,0.0000000,0.000000,2.061706,0.000000,0.0000000,2.0745394,2.065689,2.422886,2.203144,2.359976,0.000000,2.2627764,0.000000,0.000000,2.0115767,1.719162,1.826815,2.233749,1.665100,2.188314,1.954836,2.153600,0.0000000,1.792115,0.000000,0.000000,0.000000,1.829589,1.638310,0.000000,2.317675,0.000000,0.000000,0.0000000,0.0000000,1.659674,0.000000,1.896073,0.0000000,0.000000,1.7700755,0.000000,0.000000,1.7115878,2.015471,1.741536,0.0000000,0.0000000,2.300215,2.078694,1.810587,0.000000,0.000000,2.033610,1.581880,0.000000,1.8236188,2.051451,1.669287,0.0000000,2.352699,0.000000,1.7602499
0.000000,1.859653,2.0670457,0.000000,0.0000000,0.000000,0.0000000,1.764420,1.991991,0.000000,0.0000000,2.0831426,0.000000,2.455398,2.155708,2.404947,1.713603,2.2361958,0.000000,0.000000,1.8277576,2.059934,1.903732,2.225433,0.000000,2.055916,1.605291,2.085116,0.0000000,0.000000,0.000000,0.000000,0.000000,0.000000,1.543156,0.000000,2.457435,1.976631,0.000000,0.0000000,0.0000000,0.000000,0.000000,2.161041,2.1291487,1.655887,0.0000000,0.000000,0.000000,1.7391565,2.100883,0.000000,0.0000000,0.0000000,2.340774,0.000000,0.000000,0.000000,0.000000,2.185820,0.000000,1.909401,1.7193644,2.043804,0.000000,1.7003075,2.538682,0.000000,0.0000000
0.000000,1.980838,0.0000000,0.000000,0.0000000,0.000000,0.0000000,0.000000,2.079317,0.000000,0.0000000,1.8134579,2.151806,2.436755,2.167573,2.380519,2.012489,2.3118139,0.000000,0.000000,1.9212220,2.073060,1.980180,2.202673,0.000000,2.236799,1.866915,2.168910,0.0000000,0.000000,0.000000,0.000000,0.000000,0.000000,1.839462,0.000000,2.435747,1.954556,0.000000,0.0000000,0.0000000,0.000000,0.000000,2.193964,0.0000000,1.810449,0.0000000,0.000000,1.589018,0.0000000,0.000000,0.000000,2.0475661,0.0000000,2.270097,0.000000,1.766160,0.000000,0.000000,2.229597,0.000000,0.000000,1.9142642,1.977006,0.000000,0.0000000,2.554095,0.000000,1.6838065
0.000000,1.838814,1.8753925,0.000000,0.0000000,0.000000,0.0000000,0.000000,1.681172,0.000000,0.0000000,2.0862569,2.228837,2.475626,2.200361,2.389299,0.000000,2.3494877,1.877956,1.966127,0.0000000,2.187642,2.056282,2.180553,1.853973,2.070820,0.000000,2.111237,0.0000000,0.000000,1.981399,0.000000,2.044409,0.000000,1.820448,0.000000,2.355216,0.000000,0.000000,0.0000000,0.0000000,1.837864,0.000000,1.960260,0.0000000,0.000000,1.7604731,0.000000,0.000000,2.0655856,1.991377,1.815770,0.0000000,0.0000000,2.153812,2.053847,0.000000,1.762879,0.000000,2.120679,1.633030,0.000000,2.0529933,2.127514,0.000000,0.0000000,2.567929,1.836915,1.6450239
0.000000,1.863948,1.8581578,0.000000,0.0000000,0.000000,0.0000000,0.000000,0.000000,0.000000,0.0000000,2.1280777,2.189549,2.473743,2.215453,2.400261,0.000000,2.3649157,1.857117,1.991191,1.6196039,2.169906,2.039848,2.261292,1.845455,2.182825,1.692046,2.124397,0.0000000,0.000000,1.941261,0.000000,0.000000,0.000000,1.856301,0.000000,2.360540,1.563838,0.000000,0.0000000,0.0000000,0.000000,0.000000,1.959119,0.0000000,0.000000,1.8063648,0.000000,0.000000,2.0664775,1.972903,2.010289,2.0655972,0.0000000,2.045341,1.962275,1.534251,1.561814,0.000000,2.089917,0.000000,1.790027,2.0555149,2.092930,0.000000,0.0000000,2.582897,1.895218,1.7830635
0.000000,1.937118,1.8407264,0.000000,0.0000000,0.000000,1.7371470,0.000000,1.864155,1.981500,1.6636363,2.0784669,2.209654,2.451460,2.225707,2.390847,2.019751,2.3382535,1.919147,1.911689,0.0000000,2.158042,2.057021,2.167278,1.813814,2.204380,0.000000,2.122291,0.0000000,0.000000,1.744252,0.000000,2.054302,0.000000,1.879775,0.000000,2.376944,0.000000,0.000000,0.0000000,0.0000000,1.588189,0.000000,2.184186,0.0000000,0.000000,1.8072637,0.000000,0.000000,2.1184109,0.000000,1.835394,2.0955267,0.0000000,2.186337,0.000000,0.000000,1.696456,0.000000,2.148300,0.000000,1.913946,2.1233993,2.168473,0.000000,0.0000000,2.576105,1.909117,1.7548035
0.000000,1.986240,1.8570184,0.000000,0.0000000,0.000000,0.0000000,2.103815,1.925531,1.977124,1.8533397,2.1354792,2.182630,2.479457,2.228931,2.447885,0.000000,2.3488854,1.902567,1.972258,1.6080469,2.168980,2.048291,2.254389,1.919819,2.166143,1.380030,2.102393,0.0000000,0.000000,1.686374,0.000000,0.000000,0.000000,1.849588,0.000000,2.414099,1.516365,0.000000,0.0000000,0.0000000,1.590255,0.000000,2.197491,0.0000000,0.000000,1.7093697,0.000000,0.000000,1.6330616,1.891679,2.125673,0.0000000,0.0000000,2.238625,0.000000,0.000000,0.000000,0.000000,2.167220,0.000000,1.775796,2.1531945,2.083855,0.000000,0.0000000,2.583392,1.857691,1.8530147
0.000000,1.802180,1.8259197,0.000000,0.0000000,0.000000,0.0000000,1.926522,1.802649,1.917708,0.0000000,2.1801522,2.199974,2.475689,2.207254,2.399528,1.498729,2.3836239,1.886948,1.970058,1.7694870,2.211066,2.063597,2.251697,1.880224,2.210605,1.993152,2.086528,0.0000000,0.000000,2.004203,0.000000,0.000000,1.483160,1.851144,0.000000,2.354020,1.738349,0.000000,0.0000000,0.0000000,1.621284,0.000000,1.965530,0.0000000,0.000000,1.8784896,0.000000,0.000000,2.0941257,1.975379,2.022306,2.1489730,0.0000000,2.050260,1.902234,0.000000,1.564793,0.000000,2.112903,1.549095,1.830810,2.0733274,2.076928,1.694741,0.0000000,2.526946,1.875074,1.8339131
0.000000,1.997833,1.7845237,0.000000,0.0000000,0.000000,0.0000000,1.894510,1.837500,0.000000,0.0000000,0.0000000,2.199324,2.460400,2.195705,2.453874,0.000000,2.4006788,1.952611,1.981022,1.5304088,2.233694,2.097941,2.263978,1.886521,2.220779,1.495873,2.153323,0.0000000,0.000000,2.032846,0.000000,0.000000,1.625293,1.981829,1.395946,2.418278,1.551375,0.000000,0.0000000,0.0000000,1.791655,0.000000,2.162018,0.0000000,0.000000,1.7166230,0.000000,0.000000,2.0905465,1.980870,2.068820,0.0000000,0.0000000,2.130207,0.000000,1.812346,1.791531,0.000000,2.179906,1.627147,1.816130,2.1683150,2.059790,1.686579,0.0000000,2.531312,1.747179,1.9390550
0.000000,1.893148,1.8101239,0.000000,0.0000000,0.000000,0.0000000,1.937977,1.812956,0.000000,0.0000000,2.1296812,2.218759,2.471787,2.219958,2.441911,1.818519,2.3829194,1.948705,1.987914,1.9416937,2.204527,2.070261,2.282357,2.016715,2.214511,1.654085,2.113897,0.0000000,0.000000,2.040697,0.000000,0.000000,1.601416,1.844064,0.000000,2.364666,1.748212,0.000000,0.0000000,0.0000000,1.683181,0.000000,2.163922,0.0000000,0.000000,1.6997660,0.000000,0.000000,2.1027920,1.969956,2.069279,2.0361506,0.0000000,2.060615,1.540821,1.712051,1.548102,0.000000,2.135865,1.457819,1.832794,2.0642696,2.094806,0.000000,0.0000000,2.560727,1.877023,1.8712149
0.000000,1.822648,1.7852894,0.000000,0.0000000,0.000000,0.0000000,1.864001,1.929073,0.000000,0.0000000,2.2063789,2.212195,2.468691,2.210956,2.412814,0.000000,2.4023112,1.963676,1.994223,0.0000000,2.235076,2.095266,2.278383,1.894341,2.225432,1.615523,2.167242,0.0000000,0.000000,2.039392,0.000000,0.000000,1.535043,1.814456,0.000000,2.397576,1.756575,0.000000,0.0000000,0.0000000,1.548469,0.000000,2.137013,0.0000000,0.000000,1.7374404,0.000000,0.000000,2.0870791,2.037798,2.097786,2.1374719,0.0000000,2.022170,0.000000,0.000000,1.480126,0.000000,2.171250,1.745275,1.888974,2.1352724,2.076715,0.000000,0.0000000,2.557422,1.888093,1.7891150
0.000000,1.902144,0.0000000,0.000000,0.0000000,0.000000,0.0000000,0.000000,0.000000,0.000000,0.0000000,2.0928107,2.217605,2.458821,2.216481,2.382634,1.870880,2.2837786,1.840821,1.863621,1.7590022,2.098321,2.022289,2.144920,1.815789,2.114673,0.000000,2.039731,0.0000000,0.000000,0.000000,0.000000,0.000000,1.597174,1.829090,0.000000,2.367365,1.944289,0.000000,0.0000000,0.0000000,1.750750,0.000000,2.211661,0.0000000,0.000000,1.7093893,0.000000,0.000000,2.1267055,1.879086,1.815257,0.0000000,0.0000000,2.180002,0.000000,1.841578,1.731342,0.000000,2.124514,0.000000,1.835352,2.1297824,2.068448,1.684360,0.0000000,2.588533,0.000000,0.0000000
0.000000,1.840227,1.7634261,0.000000,0.0000000,0.000000,0.0000000,0.000000,0.000000,0.000000,0.0000000,2.0856711,2.221476,2.462437,2.201076,2.386820,0.000000,2.3833387,1.844957,1.985152,0.0000000,2.201658,2.056627,2.177837,1.855990,2.210399,1.609481,2.145252,0.0000000,0.000000,2.030446,0.000000,0.000000,0.000000,1.771814,0.000000,2.352522,1.781468,0.000000,0.0000000,0.0000000,0.000000,0.000000,1.980894,0.0000000,0.000000,1.6928113,0.000000,0.000000,2.0729390,0.000000,0.000000,0.0000000,0.0000000,2.047272,2.033963,0.000000,0.000000,0.000000,2.104327,0.000000,1.701405,2.0515521,2.048555,1.882645,0.0000000,2.295612,1.854846,1.7440339
0.000000,1.852848,1.7822498,0.000000,0.0000000,0.000000,0.0000000,0.000000,1.887413,1.857663,0.0000000,2.1003479,2.206713,2.468529,2.213235,2.388512,0.000000,2.3650728,1.912742,1.974109,1.7583107,2.193645,2.060249,2.210817,1.793641,2.190160,0.000000,2.123414,0.0000000,0.000000,1.978765,0.000000,0.000000,0.000000,1.829124,0.000000,2.370865,1.788599,0.000000,0.0000000,0.0000000,1.634767,0.000000,2.134487,0.0000000,0.000000,1.5572955,0.000000,0.000000,2.0608718,1.867579,1.932688,2.1478849,0.0000000,1.938346,0.000000,0.000000,1.483535,0.000000,2.113939,0.000000,1.718240,2.0628734,2.053442,0.000000,0.0000000,2.540173,1.897328,1.7029457
0.000000,2.053759,1.8473675,1.618810,0.0000000,0.000000,0.0000000,1.906715,1.865717,0.000000,0.0000000,0.0000000,2.217367,2.470480,2.176733,2.435357,1.916114,2.3645890,1.889646,2.018833,1.9199325,2.188345,2.029959,2.281765,1.922584,2.167373,1.513266,2.107839,0.0000000,0.000000,1.745861,0.000000,0.000000,0.000000,1.928237,0.000000,2.432166,1.775419,0.000000,0.0000000,0.0000000,1.900960,0.000000,2.142986,0.0000000,0.000000,1.8946584,0.000000,0.000000,2.0729958,1.737879,1.623923,2.0435331,0.0000000,2.084857,1.954862,1.719034,1.683737,0.000000,2.187722,0.000000,0.000000,2.1683725,2.062296,1.677654,0.0000000,2.525046,1.804241,1.8886090
2.125909,1.849395,1.8543171,0.000000,0.0000000,0.000000,1.5005851,1.825213,1.947242,0.000000,0.0000000,2.0536103,2.202295,2.470408,2.187561,2.373019,1.909792,2.3577307,1.805185,2.003644,0.0000000,2.105908,1.999404,2.211244,1.971186,2.181696,1.975273,2.090322,0.0000000,0.000000,1.974481,0.000000,0.000000,1.519041,1.760654,0.000000,2.361174,0.000000,0.000000,1.5042421,0.0000000,0.000000,1.461993,2.200210,0.0000000,0.000000,1.5586830,0.000000,0.000000,2.1084257,2.157977,2.029657,0.0000000,0.0000000,2.295975,0.000000,1.821761,1.816404,0.000000,2.080685,1.652290,1.959001,2.1085201,2.095337,0.000000,0.0000000,2.324085,1.811449,1.7369674
2.165922,1.904253,1.9103975,0.000000,0.0000000,0.000000,1.6260569,0.000000,1.965588,0.000000,0.0000000,2.0355291,2.208276,2.454943,2.235006,2.405518,1.974259,2.4037841,1.883540,1.951251,0.0000000,2.063301,2.035114,2.242674,1.922473,2.223582,2.097786,2.148563,2.0827826,1.566122,1.982530,0.000000,1.926476,0.000000,1.659997,0.000000,2.304381,1.724898,0.000000,0.0000000,0.0000000,0.000000,0.000000,2.221135,1.5197189,1.683668,1.6742030,0.000000,1.670976,2.1107700,2.202243,2.074015,0.0000000,0.0000000,2.115058,1.690791,1.899893,1.801531,0.000000,2.032709,0.000000,1.988574,2.0638891,2.040647,1.618636,0.0000000,2.371221,1.577024,1.7918008
2.227630,1.919558,0.0000000,0.000000,0.0000000,0.000000,2.3341707,0.000000,0.000000,0.000000,0.0000000,0.0000000,2.094585,2.504491,2.256596,2.448931,1.875239,2.3997634,1.463754,1.938440,0.0000000,2.260555,2.127619,2.212390,2.190430,2.283056,1.913599,2.141069,2.2040464,0.000000,2.172287,0.000000,0.000000,0.000000,1.863527,0.000000,2.477122,0.000000,0.000000,0.0000000,0.0000000,0.000000,0.000000,2.076744,0.0000000,0.000000,0.0000000,0.000000,0.000000,2.1043206,2.139955,2.138884,0.0000000,0.0000000,2.358982,0.000000,0.000000,1.976493,0.000000,2.195028,1.778309,1.930077,2.2420916,2.168734,0.000000,0.0000000,2.428306,1.911424,1.8640814
2.149818,1.718628,1.8154950,0.000000,0.0000000,0.000000,1.5383441,1.825443,2.010333,0.000000,0.0000000,2.0671425,2.154522,2.472629,2.231286,2.382609,2.007049,2.4085779,1.847458,1.979106,0.0000000,2.223781,2.037003,2.349151,1.980403,2.232673,1.907086,2.163591,0.0000000,0.000000,1.990580,0.000000,0.000000,1.726342,1.614247,0.000000,2.350885,1.703007,0.000000,0.0000000,0.0000000,0.000000,0.000000,2.141662,0.0000000,0.000000,1.7066408,0.000000,0.000000,2.0300487,0.000000,2.008296,0.0000000,0.0000000,2.127826,1.716903,1.744252,1.908572,0.000000,1.994037,0.000000,1.940105,2.0640161,2.097361,1.583938,0.0000000,2.318520,1.790662,1.7246852
2.132456,1.809084,1.8832287,0.000000,0.0000000,0.000000,2.3067709,1.749344,0.000000,0.000000,0.0000000,1.9939487,2.163203,2.470713,2.235267,2.344399,1.957655,2.3694028,1.774422,1.945978,0.0000000,2.140808,2.008831,2.352770,1.779316,2.198890,1.957197,2.124126,0.0000000,0.000000,1.969442,0.000000,1.846869,1.799344,1.607751,0.000000,2.349641,1.754528,0.000000,0.0000000,0.0000000,0.000000,0.000000,1.912193,0.0000000,0.000000,1.6602653,0.000000,0.000000,2.1058799,2.105318,1.933010,0.0000000,1.4684522,2.061908,1.641083,1.702721,1.782609,0.000000,2.015946,0.000000,1.978984,2.0749627,2.114741,0.000000,0.0000000,2.321189,1.836923,1.6386167
2.156170,1.800532,1.8776679,0.000000,0.0000000,0.000000,2.3348525,1.613605,0.000000,0.000000,0.0000000,2.0412594,2.152610,2.460168,2.219352,2.365535,1.976127,2.3579206,1.838517,2.005129,1.7195478,2.192147,2.002505,2.242578,1.977176,2.198306,1.932136,2.130134,0.0000000,0.000000,1.972086,0.000000,1.857201,1.949516,1.768316,0.000000,2.389848,1.633157,0.000000,0.0000000,0.0000000,0.000000,0.000000,1.894785,0.0000000,0.000000,0.0000000,0.000000,0.000000,2.0796735,2.136810,2.101363,0.0000000,0.0000000,2.237099,0.000000,1.683760,1.885482,0.000000,1.937883,1.541856,1.981768,2.1489634,2.087810,0.000000,0.0000000,2.569142,1.755829,1.5977641
2.177099,1.730287,1.8868249,0.000000,0.0000000,0.000000,1.6829023,1.735803,0.000000,0.000000,0.0000000,2.0573756,2.161494,2.452602,2.221388,2.416345,1.925185,2.3566608,1.740933,1.957413,1.5946323,2.185262,1.992921,2.372633,1.874311,2.189125,1.930961,2.119065,0.0000000,1.554689,1.937171,0.000000,0.000000,1.740726,1.747438,0.000000,2.381145,1.752232,0.000000,0.0000000,0.0000000,1.531507,0.000000,1.931057,0.0000000,0.000000,1.6142109,0.000000,1.752482,2.1015460,2.198502,2.030390,0.0000000,0.0000000,2.131952,0.000000,1.818668,1.849276,0.000000,2.081305,1.510048,1.963765,2.1410827,2.081523,1.595471,0.0000000,2.375784,1.829786,1.5764457
0.000000,2.031137,0.0000000,1.701900,0.0000000,0.000000,0.0000000,2.108534,0.000000,0.000000,0.0000000,1.7800979,1.442672,2.471405,2.291158,2.337662,0.000000,2.3784597,0.000000,2.006185,0.0000000,2.320163,2.005486,2.287561,2.050903,2.286878,1.984634,2.083205,0.0000000,0.000000,0.000000,0.000000,0.000000,0.000000,1.780013,0.000000,2.297957,0.000000,0.000000,1.8280355,0.0000000,1.895596,0.000000,0.000000,0.0000000,0.000000,1.9702737,0.000000,0.000000,2.1430800,2.084086,1.896626,0.0000000,0.0000000,2.220385,0.000000,1.476498,0.000000,0.000000,2.069531,0.000000,1.859749,2.1120944,1.962104,0.000000,0.0000000,2.234255,0.000000,1.9422893
2.180428,1.705379,1.8705629,0.000000,0.0000000,0.000000,2.3352245,0.000000,0.000000,0.000000,0.0000000,2.0762803,2.159985,2.451568,2.216067,2.402395,1.918832,2.3414457,1.728552,2.003481,1.8030433,2.177967,1.967021,2.187414,1.927673,2.174137,1.507695,2.108584,0.0000000,0.000000,1.481270,0.000000,1.817858,1.879360,1.808487,0.000000,2.362349,1.740007,0.000000,0.0000000,0.0000000,0.000000,0.000000,1.917070,1.5671125,0.000000,1.6672972,0.000000,0.000000,2.0720010,2.205584,1.993027,0.0000000,0.0000000,2.077241,1.643185,1.781637,1.892811,0.000000,1.926104,0.000000,1.814791,2.0903866,2.080846,1.741330,0.0000000,2.358012,1.744345,0.0000000
2.181502,0.000000,1.8613562,0.000000,0.0000000,0.000000,1.6172092,0.000000,0.000000,0.000000,0.0000000,2.0155145,2.130150,2.455698,2.198928,2.420952,1.725991,2.4103742,1.970250,1.954367,0.0000000,2.219385,2.064369,2.184157,1.896308,2.233055,1.521982,2.159253,0.0000000,0.000000,0.000000,0.000000,0.000000,1.648265,1.770818,0.000000,2.378588,0.000000,0.000000,0.0000000,0.0000000,0.000000,0.000000,1.935505,0.0000000,1.697009,1.7296538,0.000000,0.000000,2.0901489,2.186551,2.015249,0.0000000,0.0000000,2.239875,0.000000,1.594952,1.882506,0.000000,2.046754,1.604047,1.975474,2.1214933,2.014219,0.000000,0.0000000,2.334086,1.914219,0.0000000
2.162761,1.767508,1.8910178,0.000000,0.0000000,0.000000,2.3174517,1.711704,2.058870,0.000000,0.0000000,2.0504440,2.113901,2.459718,2.204241,2.446695,0.000000,2.3820540,1.859011,2.017821,0.0000000,2.211744,2.025071,2.257191,0.000000,2.202816,0.000000,2.120409,0.0000000,0.000000,0.000000,0.000000,0.000000,1.790266,1.818035,0.000000,2.396290,0.000000,0.000000,0.0000000,0.0000000,0.000000,0.000000,2.160789,0.0000000,0.000000,1.7198775,0.000000,0.000000,2.0620469,2.205123,2.043904,0.0000000,0.0000000,2.088740,0.000000,0.000000,1.905398,0.000000,2.075164,0.000000,1.880683,2.2069859,2.068056,0.000000,0.0000000,2.569431,1.836124,0.0000000
2.037456,1.664056,1.8698758,0.000000,0.0000000,0.000000,0.0000000,0.000000,2.115158,0.000000,0.0000000,2.0654113,2.163439,2.470355,2.216219,2.360395,1.645671,2.3733083,1.881405,1.965808,0.0000000,2.192758,2.013588,2.179374,1.884166,2.202822,1.580625,2.124792,0.0000000,1.746107,0.000000,0.000000,0.000000,1.882366,1.819519,0.000000,2.350974,1.668652,0.000000,0.0000000,0.0000000,0.000000,0.000000,2.166719,1.6197416,0.000000,1.6788277,0.000000,0.000000,2.0721447,2.156692,2.073317,0.0000000,0.0000000,2.268615,0.000000,1.567582,1.938530,0.000000,2.078144,1.601723,1.889953,2.0946553,2.083246,0.000000,0.0000000,2.346536,1.748303,0.0000000
2.213830,1.805898,1.8575509,0.000000,0.0000000,0.000000,2.2939696,0.000000,2.024688,0.000000,0.0000000,2.0173978,2.169616,2.471030,2.242535,2.425021,0.000000,2.3784795,1.844072,1.887066,1.4845833,2.205573,2.038892,2.199306,1.897281,2.218717,1.619017,2.138230,0.0000000,0.000000,1.997877,0.000000,0.000000,1.926133,1.721678,1.637724,2.332615,1.781154,0.000000,0.0000000,0.0000000,0.000000,0.000000,2.139278,0.0000000,0.000000,1.6602116,0.000000,0.000000,2.0449531,2.134867,2.047139,0.0000000,0.0000000,2.289823,1.564841,1.771362,1.810970,1.388700,2.011610,0.000000,1.857740,1.9492059,2.113767,0.000000,0.0000000,2.384656,1.878178,0.0000000
2.187885,1.662741,1.8886145,0.000000,0.0000000,0.000000,1.6936382,1.913822,2.038853,0.000000,0.0000000,2.1010329,2.133492,2.449468,2.192724,2.395907,1.662952,2.3695317,1.896183,1.953734,1.7167725,2.189685,2.006981,2.130455,1.420132,2.200784,1.952826,2.127711,1.4044182,1.613175,1.661255,0.000000,0.000000,1.822341,1.776584,0.000000,2.375131,1.762796,0.000000,1.6929421,0.0000000,0.000000,0.000000,2.199155,0.0000000,0.000000,1.6687027,0.000000,0.000000,2.0745620,2.215704,2.073366,0.0000000,1.5622009,2.247710,1.675134,1.871051,1.837289,0.000000,2.079303,1.649446,1.941151,2.1286113,2.073726,1.777839,0.0000000,2.344641,1.830231,1.5638377
2.194214,1.779439,1.8589559,0.000000,0.0000000,0.000000,1.6807722,1.805928,0.000000,0.000000,0.0000000,2.0774364,2.180751,2.462776,2.190858,2.396436,1.913754,2.3902010,1.863708,1.969714,1.9548229,2.209389,2.033757,2.257858,2.018612,2.218269,1.942220,2.142469,0.0000000,0.000000,1.631755,0.000000,0.000000,1.896381,1.758579,0.000000,2.364013,1.760668,0.000000,0.0000000,0.0000000,0.000000,0.000000,1.954096,0.0000000,0.000000,1.7404866,0.000000,0.000000,2.1126934,2.197628,2.065601,0.0000000,0.0000000,2.334758,1.460215,1.866445,2.007731,0.000000,2.072657,1.589844,1.978477,2.0914797,2.069503,0.000000,0.0000000,2.351680,0.000000,1.7623154
2.112711,0.000000,1.8401952,0.000000,0.0000000,0.000000,1.6866469,0.000000,2.000194,0.000000,0.0000000,2.0819054,2.151829,2.456552,2.217448,2.411485,1.984100,2.3892453,1.874963,1.939018,1.5849580,2.158448,2.033634,2.253948,2.009461,2.204966,1.667989,2.145292,0.0000000,0.000000,1.996319,0.000000,1.804980,1.870061,1.775444,0.000000,2.283195,1.721515,0.000000,0.0000000,0.0000000,1.718739,0.000000,2.211397,1.3692143,0.000000,1.6212495,0.000000,0.000000,2.1082181,2.203873,2.012875,0.0000000,0.0000000,2.253209,0.000000,1.808626,1.821589,0.000000,2.061910,1.690525,1.945613,2.0025852,2.101121,0.000000,0.0000000,2.339247,0.000000,1.6838989
0.000000,1.831404,1.8271826,0.000000,1.9718196,0.000000,0.0000000,1.882871,1.952672,2.077043,0.0000000,2.0881474,2.171344,2.465765,2.249119,2.365557,0.000000,2.3971729,1.628360,1.990423,1.4351570,2.218227,2.027276,2.172790,1.762357,2.224709,2.094563,0.000000,1.6557214,0.000000,2.044808,0.000000,1.784960,0.000000,1.879455,0.000000,2.417124,1.661095,0.000000,0.0000000,0.0000000,1.762604,0.000000,2.214996,1.5477344,0.000000,1.6346413,0.000000,0.000000,2.1822079,0.000000,1.989319,0.0000000,0.0000000,2.288785,0.000000,1.458421,1.967086,0.000000,2.198436,1.667554,1.734015,2.0683134,2.060058,0.000000,0.0000000,2.552557,1.872478,1.9211660
0.000000,1.864387,1.8840224,0.000000,0.0000000,0.000000,0.0000000,1.934283,2.082100,1.933777,0.0000000,2.1245648,2.087699,2.482118,2.235783,2.389284,1.995927,2.4247395,1.663951,1.963027,0.0000000,2.185972,2.047309,2.159670,1.752350,2.245155,1.937622,2.182884,1.4813457,0.000000,2.076442,0.000000,1.732575,0.000000,1.787215,0.000000,2.443919,0.000000,1.628784,0.0000000,0.0000000,0.000000,0.000000,2.189638,0.0000000,0.000000,1.5685172,0.000000,0.000000,2.1190893,1.870099,2.083126,0.0000000,0.0000000,2.090793,0.000000,0.000000,1.583426,0.000000,2.200694,1.790843,1.692396,2.1437167,2.067954,0.000000,0.0000000,2.557382,1.886324,0.0000000
0.000000,2.000487,1.8904293,0.000000,1.7775048,0.000000,0.0000000,1.981744,2.054486,0.000000,2.1667124,0.0000000,2.222853,2.470725,2.235148,2.384766,1.800690,2.3178581,1.454604,1.977275,1.4154629,2.188755,1.986711,2.214919,1.819103,2.206207,2.020058,2.114712,0.0000000,1.464919,1.672821,0.000000,1.694892,0.000000,1.920704,0.000000,2.470409,1.776622,0.000000,1.8654201,0.0000000,1.867261,1.595987,2.218884,1.8389904,0.000000,1.6462579,0.000000,0.000000,2.1611221,1.924771,2.124082,1.3247580,0.0000000,2.217042,0.000000,1.754615,2.185766,0.000000,2.215303,1.820942,1.794448,2.1604574,2.052051,1.777802,1.3975988,2.545918,1.809223,1.7843819
0.000000,1.796657,1.8899916,0.000000,2.0162481,0.000000,0.0000000,1.914736,1.970233,2.110813,0.0000000,2.0915798,2.062213,2.477717,2.239337,2.371495,0.000000,2.3954666,1.741773,1.957174,0.0000000,2.157059,2.052563,2.169031,1.642047,2.208145,1.964912,2.133540,1.7152525,1.570049,2.051069,0.000000,0.000000,0.000000,1.785301,0.000000,2.423599,1.740726,0.000000,1.8341955,0.0000000,1.600259,0.000000,2.165996,0.0000000,0.000000,0.0000000,0.000000,0.000000,2.1293166,0.000000,2.076974,0.0000000,0.0000000,2.306921,0.000000,0.000000,2.121428,0.000000,2.176484,1.646112,1.426018,2.1128153,2.105601,0.000000,0.0000000,2.545456,1.906720,0.0000000
0.000000,1.707873,1.8714043,0.000000,1.9627209,0.000000,0.0000000,1.956197,1.975354,1.627179,0.0000000,2.1377350,2.125899,2.467059,2.220588,2.417608,0.000000,2.3609078,1.556697,1.977374,0.0000000,2.176396,2.001259,2.163644,1.602106,2.180564,1.968174,2.089772,0.0000000,1.561862,2.002941,0.000000,1.864805,0.000000,1.785301,0.000000,2.431325,1.721895,1.737847,1.9328887,0.0000000,1.754673,1.611411,2.176934,0.0000000,0.000000,1.4601302,0.000000,0.000000,2.1482960,1.950636,2.052855,0.0000000,0.0000000,2.330862,0.000000,1.508941,1.963985,0.000000,2.204123,1.785148,1.745907,2.1109437,2.001833,0.000000,0.0000000,2.530264,0.000000,0.0000000
0.000000,1.943367,1.9038352,0.000000,1.9134479,0.000000,0.0000000,1.993587,1.970233,2.071055,0.0000000,0.0000000,2.168135,2.488631,2.232168,2.395410,1.683019,2.3350460,0.000000,1.971423,1.3762706,2.145200,1.966028,2.162283,1.797846,2.151442,1.939938,2.058231,1.6540847,1.455653,1.510048,0.000000,1.820145,0.000000,1.880430,0.000000,2.435058,1.717257,1.548312,1.8703851,0.0000000,1.897224,1.569215,2.162025,1.4213860,1.313363,1.6839451,0.000000,0.000000,2.1275906,1.978109,2.047657,0.0000000,0.0000000,2.133059,1.482179,0.000000,1.903584,0.000000,2.196388,0.000000,1.723207,2.1081637,2.101880,1.499694,0.0000000,2.532811,1.752099,1.7395745
0.000000,1.958282,1.8975606,0.000000,0.0000000,0.000000,0.0000000,2.027726,1.887870,2.103101,1.9989876,2.0809379,2.116702,2.464861,2.215956,2.397926,1.646170,2.3713482,0.000000,2.017207,0.0000000,2.137298,2.003310,2.249685,1.711182,2.187478,1.752820,2.111267,1.4615712,1.591278,2.018163,0.000000,1.923750,0.000000,1.819307,0.000000,2.435359,1.680584,1.590214,0.0000000,0.0000000,1.862588,0.000000,0.000000,0.0000000,0.000000,0.0000000,0.000000,0.000000,1.9590773,2.048189,2.055588,0.0000000,0.0000000,2.331309,0.000000,1.762988,1.972061,0.000000,2.202925,0.000000,0.000000,2.1109557,2.046051,0.000000,0.0000000,2.532089,1.815134,0.0000000
0.000000,0.000000,1.8797688,0.000000,1.6126014,0.000000,0.0000000,1.979328,1.715930,0.000000,0.0000000,2.0407645,2.073430,2.458405,2.222108,2.362394,1.793242,2.3751639,1.680536,1.961643,1.2726551,2.189634,1.975279,2.204264,1.655252,2.211026,1.931649,2.100607,0.0000000,1.479284,1.527310,0.000000,1.735836,0.000000,1.757331,0.000000,2.406664,1.699369,0.000000,1.7929525,0.0000000,1.829546,1.620532,0.000000,1.3497523,0.000000,1.4805083,0.000000,0.000000,2.1314304,1.942016,1.985000,0.0000000,0.0000000,1.963199,0.000000,0.000000,2.110503,0.000000,2.169627,0.000000,1.704936,2.0656695,2.098091,1.823923,0.0000000,2.481785,0.000000,1.6678353
0.000000,1.751389,1.8646132,0.000000,1.8504085,0.000000,0.0000000,1.897690,1.985742,2.138272,0.0000000,2.1016839,2.081672,2.459862,2.241368,2.393607,1.759002,2.3722766,0.000000,1.980011,0.0000000,2.154140,1.958477,2.185818,1.801688,2.178869,0.000000,2.038700,1.7187758,1.497272,1.501744,0.000000,0.000000,1.689593,1.895549,0.000000,2.477919,1.910158,0.000000,0.0000000,0.0000000,1.607047,0.000000,2.148656,0.0000000,1.339987,1.5321968,0.000000,0.000000,2.1105617,1.854267,2.114007,0.0000000,0.0000000,2.149194,0.000000,1.876702,2.104235,0.000000,2.152851,0.000000,1.864938,2.1981909,2.003564,0.000000,1.4578187,2.591271,0.000000,0.0000000
0.000000,1.748832,1.8512389,0.000000,1.8762040,0.000000,0.0000000,1.875417,2.068283,0.000000,0.0000000,2.1047886,2.126396,2.469555,2.234053,2.365198,1.930037,2.3997743,0.000000,1.976501,0.0000000,2.161597,2.037081,2.190692,1.769840,2.231739,2.068413,0.000000,1.5767127,0.000000,2.049772,0.000000,1.778998,0.000000,1.848037,0.000000,2.415250,1.794194,0.000000,1.8547818,0.0000000,1.738786,1.546469,2.210314,0.0000000,0.000000,1.5578419,0.000000,0.000000,2.1771613,1.757942,1.975123,0.0000000,0.0000000,2.322426,0.000000,1.537789,1.615629,0.000000,2.201981,0.000000,0.000000,2.1284262,2.051246,0.000000,0.0000000,2.569766,0.000000,1.6297911
0.000000,1.835320,1.7945913,0.000000,1.9077139,0.000000,0.0000000,1.832702,2.061201,2.072334,0.0000000,2.1160584,2.059467,2.469365,2.240256,2.383842,1.976052,2.4048557,0.000000,1.981003,0.0000000,2.183960,2.061082,2.173384,1.809788,2.229269,1.979109,2.158200,1.5177388,0.000000,2.066701,0.000000,0.000000,0.000000,1.844365,0.000000,2.432045,1.651669,0.000000,0.0000000,0.0000000,1.708544,0.000000,2.192746,0.0000000,0.000000,0.0000000,0.000000,0.000000,2.1594183,1.957861,1.955175,0.0000000,0.0000000,2.342082,0.000000,0.000000,1.967077,0.000000,2.193585,0.000000,1.751641,2.1183240,2.031355,0.000000,0.0000000,2.572243,1.832038,0.0000000
0.000000,1.853908,0.0000000,0.000000,1.7916211,0.000000,0.0000000,0.000000,1.694849,0.000000,0.0000000,2.0756877,1.946923,2.463547,2.247273,2.386576,0.000000,0.0000000,0.000000,1.956278,1.7514038,2.184991,2.025886,2.103435,1.574520,2.187190,2.055947,2.113970,1.6918921,0.000000,1.931570,0.000000,1.936516,1.639474,1.838726,0.000000,2.410672,1.805328,0.000000,0.0000000,0.0000000,0.000000,0.000000,2.067168,0.0000000,0.000000,1.6413851,0.000000,0.000000,2.1463481,1.693399,1.964175,0.0000000,0.0000000,2.160847,0.000000,1.781045,2.032738,0.000000,2.181435,0.000000,1.859804,2.1219018,2.023783,0.000000,0.0000000,2.527270,1.836042,0.0000000
0.000000,1.908828,1.8309546,0.000000,1.8059183,0.000000,0.0000000,1.861533,1.969586,0.000000,2.1298433,2.0770330,2.080434,2.469365,2.239618,2.376874,1.780013,2.3610099,1.605778,2.004815,1.9589466,2.160994,2.012730,2.048750,0.000000,2.223247,2.021732,2.104595,1.8145423,0.000000,1.818454,0.000000,1.990314,1.579841,1.905417,0.000000,2.403790,1.886859,0.000000,0.0000000,0.0000000,1.740805,1.811586,2.217491,0.0000000,0.000000,1.8440024,0.000000,0.000000,2.1723085,1.784015,1.860340,0.0000000,1.5037049,1.931994,1.805358,1.833730,2.157285,0.000000,2.203548,1.718868,1.777517,2.0858639,2.021704,1.812772,0.0000000,2.543123,1.752938,0.0000000
0.000000,1.884080,1.8308356,0.000000,1.9265013,0.000000,0.0000000,0.000000,1.966067,1.996129,0.0000000,2.0899957,2.075859,2.463273,2.235293,2.385567,1.532655,2.3542318,1.723475,1.961836,1.5941515,2.164596,2.007047,2.198193,0.000000,2.185050,2.055693,2.097298,1.6642654,0.000000,1.876599,0.000000,0.000000,1.633948,1.691386,0.000000,2.398725,1.808636,0.000000,0.0000000,0.0000000,1.593991,1.592539,2.186335,0.0000000,0.000000,1.5434253,0.000000,1.733865,2.1487210,0.000000,1.887937,0.0000000,0.0000000,2.052829,1.874410,1.778764,1.959649,0.000000,2.133634,0.000000,1.747651,2.0878868,2.013781,0.000000,0.0000000,2.526374,1.843352,0.0000000
0.000000,1.873488,1.8590942,0.000000,0.0000000,0.000000,0.0000000,1.830563,1.830657,0.000000,0.0000000,2.0997211,1.978175,2.466388,2.249984,2.367110,1.827287,2.3666820,1.716679,1.945967,0.0000000,2.175571,2.009679,2.202372,0.000000,2.209250,1.668397,2.121768,1.5619105,0.000000,1.497481,0.000000,0.000000,1.727582,1.615911,0.000000,2.384699,0.000000,0.000000,0.0000000,0.0000000,0.000000,0.000000,1.903742,0.0000000,0.000000,1.5996388,0.000000,0.000000,2.1493423,1.956385,2.077445,0.0000000,0.0000000,2.274167,1.675695,1.840940,2.063257,0.000000,2.175892,0.000000,1.630921,2.1378115,2.019217,0.000000,0.0000000,2.526828,0.000000,0.0000000
0.000000,1.975195,1.8000557,0.000000,0.0000000,0.000000,0.0000000,0.000000,1.637848,0.000000,0.0000000,2.1269164,2.202041,2.480100,2.218540,2.380005,0.000000,2.3435441,1.914364,1.966158,0.0000000,2.194157,2.061890,2.232366,1.801447,2.028446,1.621828,2.070076,0.0000000,0.000000,1.885079,0.000000,0.000000,0.000000,1.941694,0.000000,2.386061,1.577467,0.000000,0.0000000,0.0000000,0.000000,0.000000,1.950571,0.0000000,0.000000,1.9160517,0.000000,1.674522,2.0680486,0.000000,1.900864,2.1329294,0.0000000,1.859777,0.000000,0.000000,1.771750,0.000000,2.157808,0.000000,0.000000,2.0782563,2.100607,0.000000,0.0000000,2.526957,1.673859,0.0000000
0.000000,1.840354,1.9205313,0.000000,0.0000000,0.000000,0.0000000,1.824432,1.891923,0.000000,0.0000000,2.1098351,2.174522,2.489311,2.228353,2.393677,0.000000,2.3913131,2.012654,1.927902,0.0000000,2.236798,2.094594,2.246829,1.790821,2.068766,1.818175,2.127368,0.0000000,0.000000,1.640265,0.000000,0.000000,0.000000,1.889844,0.000000,2.382597,1.667425,0.000000,0.0000000,0.0000000,0.000000,0.000000,2.075474,0.0000000,0.000000,1.8876531,0.000000,1.839215,2.0236176,1.930902,2.142208,0.0000000,0.0000000,1.967845,0.000000,1.585761,1.643215,0.000000,2.127261,0.000000,1.630856,2.0250565,2.119871,0.000000,0.0000000,2.518796,1.745260,0.0000000
0.000000,1.869441,1.6940933,0.000000,0.0000000,0.000000,0.0000000,1.777058,1.919497,0.000000,0.0000000,2.1331026,2.200335,2.456236,2.230847,2.413559,0.000000,2.3284832,1.832828,1.913370,1.7663340,2.164358,2.040092,2.216653,1.893196,2.151327,0.000000,2.064112,1.5839808,0.000000,1.464337,0.000000,0.000000,1.717592,1.909032,0.000000,2.412177,1.739092,0.000000,0.0000000,0.0000000,0.000000,0.000000,2.162796,0.0000000,1.607121,1.7796710,0.000000,0.000000,2.0936828,0.000000,2.163974,1.9933061,0.0000000,1.961531,0.000000,0.000000,1.813525,0.000000,2.186559,1.707437,1.818026,2.1622190,2.043456,1.567816,0.0000000,2.570048,0.000000,1.7721233
0.000000,1.812995,1.9112705,0.000000,0.0000000,0.000000,0.0000000,1.803199,0.000000,0.000000,0.0000000,2.1324612,2.160439,2.470018,2.218181,2.369288,0.000000,2.3779930,2.028551,1.954895,0.0000000,2.219398,2.115800,2.254562,1.794734,2.043999,1.860052,2.108112,0.0000000,0.000000,1.979681,0.000000,0.000000,0.000000,1.851012,0.000000,2.366769,0.000000,0.000000,0.0000000,0.0000000,0.000000,0.000000,1.885215,1.7301162,0.000000,1.8663861,0.000000,1.784145,1.6385553,1.918502,2.029176,2.1248243,0.0000000,1.735490,0.000000,0.000000,1.687394,0.000000,2.114848,0.000000,1.835254,2.0401578,2.091788,0.000000,0.0000000,2.562027,1.674694,1.4566956
0.000000,1.814475,1.7315963,0.000000,0.0000000,0.000000,0.0000000,0.000000,1.892494,0.000000,0.0000000,2.1188893,2.222519,2.452946,2.204235,2.396483,0.000000,2.3842047,1.815514,1.923720,1.5953510,2.204930,2.067802,2.202204,1.714610,2.207074,1.431929,2.122896,0.0000000,0.000000,1.527369,0.000000,0.000000,0.000000,1.722507,0.000000,2.368221,1.721461,0.000000,0.0000000,0.0000000,0.000000,0.000000,2.156387,0.0000000,0.000000,1.6358628,0.000000,1.675768,2.0808063,0.000000,1.915382,2.1346256,0.0000000,1.982061,0.000000,1.519288,1.697856,0.000000,2.124216,1.675841,1.787874,2.0961467,2.043815,0.000000,0.0000000,2.512688,1.897752,1.7421525
0.000000,1.788840,1.9174382,0.000000,0.0000000,0.000000,0.0000000,1.865017,1.931939,1.704592,0.0000000,2.1294419,2.169941,2.487534,2.223867,2.367874,0.000000,2.3723750,1.980242,1.939771,0.0000000,2.223119,2.099572,2.225661,1.804097,2.162609,1.708347,2.124419,0.0000000,0.000000,1.731664,0.000000,0.000000,0.000000,1.915899,0.000000,2.411847,1.670851,0.000000,0.0000000,0.0000000,0.000000,0.000000,2.126333,0.0000000,0.000000,1.8699969,0.000000,1.804385,2.0609525,2.032357,2.078833,0.0000000,0.0000000,1.929546,0.000000,0.000000,1.544820,0.000000,2.145354,1.638310,1.800034,2.1219875,2.122999,0.000000,0.0000000,2.492531,1.780475,1.5585843
0.000000,1.921377,1.7955349,0.000000,0.0000000,0.000000,1.6470754,1.867644,1.980764,0.000000,0.0000000,2.1300266,2.209238,2.478638,2.234496,2.378758,0.000000,2.3931583,1.994954,1.961521,0.0000000,2.268792,2.119914,2.202868,1.859674,2.047829,0.000000,2.124633,0.0000000,0.000000,1.740439,0.000000,0.000000,0.000000,1.923302,0.000000,2.384101,1.684728,0.000000,0.0000000,0.0000000,0.000000,0.000000,2.106517,1.7490730,0.000000,1.8132361,0.000000,0.000000,2.0699287,1.929489,2.132345,0.0000000,0.0000000,1.987703,0.000000,1.689882,0.000000,0.000000,2.161919,1.694007,0.000000,2.0571005,2.126453,0.000000,0.0000000,2.502083,1.813881,1.9354315
0.000000,1.907321,1.8597768,0.000000,0.0000000,0.000000,0.0000000,1.896715,1.849165,0.000000,0.0000000,2.0537437,2.230591,2.473512,2.201938,2.402342,0.000000,2.3645211,1.921935,1.973482,0.0000000,2.209491,2.095519,2.278134,1.784913,2.128653,1.478822,2.071528,0.0000000,0.000000,1.810449,0.000000,0.000000,1.594712,1.824369,0.000000,2.382125,1.727599,0.000000,0.0000000,0.0000000,1.770414,0.000000,2.139569,0.0000000,1.457128,1.7889663,0.000000,0.000000,2.0832362,1.931507,2.153913,0.0000000,0.0000000,2.000754,0.000000,1.412759,1.794910,1.675110,2.106089,0.000000,1.715967,2.0894014,2.108559,0.000000,0.0000000,2.512046,1.703984,1.5621042
0.000000,2.008451,1.8739588,0.000000,0.0000000,0.000000,0.0000000,1.927562,1.803012,2.016292,0.0000000,1.7145910,2.216678,2.473980,2.189592,2.461474,0.000000,2.3490007,1.804097,1.985075,1.5646503,2.127754,2.050047,2.273315,1.888360,2.173665,0.000000,2.092467,0.0000000,0.000000,1.953770,0.000000,0.000000,1.643780,1.780754,0.000000,2.397745,0.000000,0.000000,0.0000000,0.0000000,1.646755,0.000000,2.126852,0.0000000,0.000000,1.7634261,0.000000,1.849506,2.0497740,1.939261,2.122561,2.1060876,0.0000000,2.143089,1.968496,1.871240,1.665724,0.000000,2.157003,1.532369,1.801258,2.1081426,2.091327,1.683158,0.0000000,2.555203,1.819177,2.0048176
0.000000,1.810695,1.8680777,0.000000,0.0000000,0.000000,0.0000000,1.846907,1.638954,0.000000,0.0000000,2.1006886,2.217242,2.488842,2.209411,2.386388,0.000000,2.3814106,2.014580,1.966272,0.0000000,2.233263,2.112909,2.261165,1.786226,2.156058,1.823825,2.098430,0.0000000,0.000000,1.830273,0.000000,0.000000,0.000000,1.854224,0.000000,2.405599,1.761584,0.000000,0.0000000,0.0000000,0.000000,0.000000,1.950144,0.0000000,0.000000,1.8183427,0.000000,0.000000,2.0528245,1.895921,2.176656,0.0000000,0.0000000,1.930306,0.000000,0.000000,1.548469,1.450799,2.150016,1.722543,1.718555,2.1004223,2.094530,0.000000,0.0000000,2.501683,1.708800,1.6174189
0.000000,0.000000,1.8526382,0.000000,0.0000000,0.000000,0.0000000,1.748952,0.000000,0.000000,0.0000000,2.1369813,2.205051,2.470881,2.196587,2.411449,0.000000,2.3842780,1.910449,2.009807,1.6754025,2.213202,2.069038,2.297410,1.780268,2.215142,1.493186,2.147276,0.0000000,0.000000,1.984313,0.000000,0.000000,0.000000,1.703741,0.000000,2.384371,1.670146,0.000000,0.0000000,0.0000000,1.624659,0.000000,2.115965,0.0000000,0.000000,1.7842044,0.000000,1.789344,0.0000000,1.953200,2.013918,2.1709760,0.0000000,2.044905,1.845546,1.680513,1.572162,0.000000,2.136593,1.608084,1.696477,2.1165709,2.036042,0.000000,0.0000000,2.556253,1.917952,1.7924505
0.000000,1.796603,1.6673229,0.000000,0.0000000,0.000000,0.0000000,0.000000,1.906208,0.000000,0.0000000,2.1316061,2.206435,2.471388,2.214112,2.420914,0.000000,2.3763829,1.934803,2.038126,1.5907058,2.214410,2.085193,2.205904,1.849558,2.217862,0.000000,2.141099,0.0000000,0.000000,1.759410,0.000000,0.000000,1.670800,1.808666,0.000000,2.389840,0.000000,0.000000,0.0000000,0.0000000,1.611953,0.000000,2.117990,0.0000000,0.000000,1.6867603,0.000000,0.000000,0.0000000,1.931768,1.884811,2.0742460,0.0000000,2.075442,0.000000,1.923124,1.645142,0.000000,2.145951,0.000000,1.693204,2.1135931,2.050540,0.000000,0.0000000,2.567674,1.796635,1.7630842
2.105255,0.000000,1.9573549,0.000000,0.0000000,0.000000,1.6970724,0.000000,0.000000,0.000000,0.0000000,2.0295741,2.138701,2.463623,2.259993,2.373168,0.000000,2.3520949,1.924914,1.960338,0.0000000,2.199597,2.060064,2.167969,1.916356,2.189283,1.742452,2.099276,0.0000000,1.739446,1.797598,0.000000,0.000000,1.912308,1.741758,0.000000,2.345331,1.734779,0.000000,0.0000000,0.0000000,0.000000,0.000000,1.917930,0.0000000,0.000000,0.0000000,0.000000,1.827139,2.0518919,2.198977,0.000000,0.0000000,0.0000000,2.293204,1.589596,0.000000,1.855678,0.000000,2.042682,0.000000,1.926996,2.0937679,2.149081,0.000000,1.6730934,2.355655,1.782274,0.0000000
2.143729,1.859949,1.8875247,1.621896,0.0000000,0.000000,1.8632462,2.074495,1.877884,0.000000,0.0000000,2.0817067,2.109355,2.474419,2.232733,2.412794,0.000000,2.3807085,1.956203,1.951329,1.9034453,2.222580,2.074716,2.265793,1.899057,2.240539,2.002898,2.109296,0.0000000,0.000000,1.860907,0.000000,0.000000,1.840473,1.921032,0.000000,2.468047,1.682763,0.000000,0.0000000,0.0000000,0.000000,0.000000,2.194270,0.0000000,0.000000,0.0000000,0.000000,0.000000,2.0885019,2.295330,2.012437,0.0000000,0.0000000,2.269692,0.000000,1.702311,2.012304,0.000000,2.173706,0.000000,1.971544,2.2689292,2.117125,0.000000,0.0000000,2.555511,1.743940,0.0000000
2.105360,1.970053,1.9062422,0.000000,0.0000000,0.000000,0.0000000,1.902652,1.655749,0.000000,0.0000000,2.0199639,2.105255,2.479475,2.246126,2.370136,1.508614,2.3564055,1.890380,2.013524,0.0000000,2.206514,2.059944,2.230185,1.825735,2.223398,1.906015,2.096702,0.0000000,0.000000,1.882940,0.000000,0.000000,1.618359,1.773710,0.000000,2.370487,1.559471,0.000000,0.0000000,0.0000000,0.000000,0.000000,1.901277,0.0000000,0.000000,1.9012571,0.000000,0.000000,2.0717180,2.212852,1.950503,0.0000000,0.0000000,2.058162,0.000000,1.693312,1.827462,0.000000,2.084345,1.602374,1.918683,2.1350324,2.119880,0.000000,1.6422575,2.311578,1.649101,0.0000000
2.083366,1.844819,1.8696843,0.000000,0.0000000,0.000000,0.0000000,1.828840,2.010950,0.000000,0.0000000,2.0453301,2.153950,2.481676,2.233581,2.355813,0.000000,2.3724794,1.963995,2.011537,0.0000000,2.243266,2.061041,2.245297,1.829090,2.249806,1.775746,2.127783,0.0000000,0.000000,1.842870,0.000000,0.000000,1.817774,1.580929,0.000000,2.374091,0.000000,0.000000,0.0000000,0.0000000,0.000000,0.000000,2.194473,0.0000000,0.000000,1.7329782,0.000000,0.000000,2.0706587,2.204058,1.960338,0.0000000,0.0000000,2.308684,0.000000,0.000000,1.806648,0.000000,2.100008,0.000000,1.948750,2.1343326,2.110103,0.000000,0.0000000,2.545736,1.761473,0.0000000
2.068989,1.988973,1.8603328,0.000000,0.0000000,0.000000,2.2849729,1.858783,2.004866,0.000000,0.0000000,2.0660402,2.116250,2.473502,2.229049,2.373896,0.000000,2.3982406,1.961215,2.001157,1.9213338,2.222330,2.075801,2.219687,1.822972,2.230549,1.787782,2.121845,0.0000000,0.000000,1.973850,0.000000,0.000000,1.897100,1.663873,0.000000,2.391920,0.000000,0.000000,0.0000000,1.5928625,0.000000,0.000000,2.187352,0.0000000,0.000000,1.8950755,0.000000,0.000000,2.0777262,2.196956,2.022193,0.0000000,0.0000000,2.310105,1.774662,0.000000,1.795185,0.000000,2.098633,0.000000,1.919658,2.1545517,2.070963,1.456435,0.0000000,2.536431,1.602832,0.0000000
0.000000,1.896590,1.7886108,0.000000,2.0176859,0.000000,0.0000000,0.000000,1.715967,0.000000,0.0000000,2.0389332,2.014092,2.489709,2.273627,2.369021,0.000000,2.3354710,1.831269,1.999630,0.0000000,2.181112,2.015980,2.183155,1.675816,2.237047,1.583896,2.120090,0.0000000,0.000000,1.691980,0.000000,1.729877,0.000000,1.757701,0.000000,2.417437,1.719914,0.000000,0.0000000,0.0000000,0.000000,0.000000,1.854846,0.0000000,0.000000,1.9462501,0.000000,1.786832,2.1422305,0.000000,2.247501,0.0000000,0.0000000,2.040417,0.000000,1.582096,1.958988,0.000000,2.179755,0.000000,1.724313,2.1058710,2.099105,0.000000,0.0000000,2.515662,1.645760,0.0000000
0.000000,1.615876,1.8518820,0.000000,1.9348412,0.000000,0.0000000,1.853195,1.949743,0.000000,0.0000000,2.0751073,2.017823,2.499388,2.248686,2.365220,1.468371,2.4018323,1.840060,1.995120,1.9086147,2.239657,2.084949,2.203975,0.000000,2.200413,0.000000,2.105262,0.0000000,0.000000,1.703924,0.000000,1.714458,0.000000,1.678923,0.000000,2.409581,0.000000,0.000000,0.0000000,0.0000000,0.000000,0.000000,2.164976,0.0000000,0.000000,1.8893269,0.000000,0.000000,2.1274052,1.910954,2.195105,0.0000000,0.0000000,2.211909,0.000000,0.000000,0.000000,0.000000,2.159905,0.000000,0.000000,2.1247521,2.022522,0.000000,0.0000000,2.455850,1.596265,0.0000000
0.000000,1.937186,1.8993684,0.000000,0.0000000,0.000000,0.0000000,1.886954,1.810989,0.000000,0.0000000,2.1055623,1.932444,2.491984,2.266845,2.364237,0.000000,2.3775342,1.897457,1.971097,0.0000000,2.196874,2.067291,2.238420,0.000000,2.202148,1.857320,2.056420,1.4750105,0.000000,1.797296,0.000000,1.985440,0.000000,1.726552,0.000000,2.431820,0.000000,1.795994,0.0000000,1.5579907,0.000000,0.000000,1.845485,0.0000000,0.000000,1.7802318,0.000000,0.000000,2.0603608,1.713717,2.256573,0.0000000,0.0000000,2.058601,0.000000,0.000000,0.000000,0.000000,2.173479,0.000000,0.000000,2.1280930,2.081353,1.501812,0.0000000,2.492977,1.725974,1.6749140
0.000000,1.984160,1.8981849,0.000000,2.0562685,0.000000,0.0000000,1.950881,1.990235,0.000000,2.0834915,2.0992822,1.987377,2.490822,2.270755,2.346133,0.000000,2.3985007,1.934469,1.963838,0.0000000,2.249123,2.083573,2.146282,0.000000,2.201862,1.922545,2.110814,0.0000000,0.000000,1.785723,0.000000,1.951621,0.000000,1.795743,0.000000,2.394232,1.755771,0.000000,0.0000000,0.0000000,0.000000,0.000000,2.166551,0.0000000,0.000000,1.8838502,0.000000,0.000000,2.1325779,1.956811,2.224954,0.0000000,0.0000000,2.009343,0.000000,1.611881,0.000000,0.000000,2.177905,1.644699,0.000000,2.0707770,2.087315,1.628295,0.0000000,2.484318,1.785419,0.0000000
0.000000,1.943778,1.9055583,0.000000,2.0279718,0.000000,0.0000000,1.909618,2.062333,0.000000,0.0000000,2.0922690,1.999708,2.480756,2.275173,2.342839,0.000000,2.3931753,1.959956,2.013335,0.0000000,2.237510,2.084020,2.243535,0.000000,2.251884,1.896063,2.103659,0.0000000,0.000000,1.808397,0.000000,1.898868,0.000000,1.702454,0.000000,2.419042,1.756173,0.000000,0.0000000,0.0000000,0.000000,0.000000,2.166487,0.0000000,0.000000,1.7560729,0.000000,0.000000,2.1427443,1.789401,2.184564,0.0000000,0.0000000,2.251401,0.000000,1.620840,2.074161,0.000000,2.157061,0.000000,0.000000,2.1164791,2.059869,1.642527,0.0000000,2.490793,0.000000,0.0000000
0.000000,1.889173,1.8361892,1.475481,0.0000000,0.000000,0.0000000,1.946909,1.818789,1.772316,0.0000000,0.0000000,2.243218,2.487547,2.225841,2.378067,0.000000,2.3478612,1.952353,2.004935,1.7377982,2.197422,2.100198,2.279782,1.886454,2.133907,1.825884,2.060905,0.0000000,0.000000,1.823762,0.000000,0.000000,0.000000,1.902144,0.000000,2.446132,1.394039,0.000000,0.0000000,0.0000000,1.847473,0.000000,2.179331,0.0000000,0.000000,1.8026694,0.000000,0.000000,2.1154516,1.947228,2.099607,2.1235241,0.0000000,1.973644,0.000000,0.000000,1.712416,1.556947,2.195358,1.675085,1.869018,2.2093860,2.100354,0.000000,0.0000000,2.522345,1.777554,0.0000000
0.000000,1.945652,1.8721338,0.000000,0.0000000,0.000000,0.0000000,1.874471,1.734098,0.000000,0.0000000,2.1947954,2.167088,2.488500,2.232562,2.384220,0.000000,2.3487753,1.916918,1.995361,1.6839451,2.212932,2.066388,2.249642,1.919453,2.074460,1.756904,2.122634,0.0000000,0.000000,1.737652,0.000000,0.000000,1.545779,1.880536,0.000000,2.343566,1.468534,0.000000,0.0000000,0.0000000,1.672001,0.000000,2.063073,0.0000000,0.000000,1.7743582,0.000000,1.837451,2.0166833,1.977003,2.056762,2.0274237,0.0000000,2.116979,0.000000,0.000000,1.743315,0.000000,2.111110,1.628295,1.616614,2.0260103,2.091796,0.000000,0.0000000,2.499731,1.850475,0.0000000
0.000000,1.886054,1.7547746,0.000000,0.0000000,0.000000,0.0000000,1.971509,1.805481,0.000000,0.0000000,2.2773787,2.206729,2.495833,2.241833,2.413177,0.000000,2.3675523,1.992952,1.990233,1.9044203,2.216014,2.106445,2.240328,1.942388,2.175264,1.871398,2.079788,0.0000000,0.000000,1.840718,0.000000,0.000000,0.000000,1.870949,0.000000,2.409622,0.000000,0.000000,1.7412664,0.0000000,0.000000,0.000000,1.964891,0.0000000,0.000000,1.7667219,0.000000,0.000000,2.0793511,2.059112,2.111235,2.0108237,0.0000000,2.017064,0.000000,1.851297,1.834775,0.000000,2.204326,1.737684,1.797339,2.0424849,2.068083,0.000000,0.0000000,2.499289,1.807395,1.5103077
0.000000,1.962696,1.8974261,0.000000,0.0000000,0.000000,0.0000000,2.029876,1.880082,0.000000,0.0000000,2.2434614,2.176294,2.521794,2.246167,2.452980,0.000000,2.2443454,1.828503,2.043485,2.0460527,2.072964,2.079560,2.254927,1.940860,2.027605,1.486883,1.908861,2.1653527,0.000000,2.084506,0.000000,0.000000,0.000000,1.887581,0.000000,2.444760,0.000000,1.846771,1.7394942,0.0000000,0.000000,0.000000,2.113914,2.0006881,0.000000,1.7298081,0.000000,0.000000,1.7434250,1.970892,2.045763,2.1302375,0.0000000,2.050214,0.000000,0.000000,1.817128,0.000000,2.217146,1.528544,0.000000,2.1100267,2.169712,0.000000,0.0000000,2.526850,2.120113,1.8304780
0.000000,2.100701,2.1229889,2.127648,0.0000000,0.000000,1.8854935,0.000000,2.084582,0.000000,2.1599365,2.1325213,2.081282,2.470195,2.253562,2.406328,0.000000,2.1643893,0.000000,0.000000,0.0000000,1.994481,1.763057,2.309392,1.872466,1.993705,2.131000,1.961755,2.0480294,0.000000,2.047093,0.000000,0.000000,2.080629,1.882807,1.860456,2.510300,1.986057,2.120935,2.2622581,2.2044799,0.000000,0.000000,2.308478,1.5316220,0.000000,1.9983854,2.281253,2.114098,2.2040471,2.043966,2.157918,0.0000000,0.0000000,2.050431,0.000000,0.000000,1.777691,0.000000,2.199319,2.226450,0.000000,2.2959732,2.176404,0.000000,1.9651369,2.433063,0.000000,1.8440101
0.000000,2.120303,2.2496361,2.031151,0.0000000,0.000000,1.7239924,0.000000,2.318385,0.000000,2.3396308,1.9326607,2.158063,2.464713,1.883090,2.390466,0.000000,2.3221911,0.000000,1.966040,0.0000000,2.181463,2.014046,2.172181,0.000000,1.669692,1.660453,2.032203,0.0000000,2.063584,2.120368,0.000000,1.942326,0.000000,1.670574,1.771465,2.335851,0.000000,2.093006,2.3891831,2.2677842,0.000000,0.000000,2.385990,2.1607167,0.000000,2.2749567,2.418917,2.274287,1.9316415,2.122842,2.081808,0.0000000,1.9304379,1.935204,0.000000,0.000000,2.192465,0.000000,2.228672,2.355739,0.000000,2.4607137,2.215486,0.000000,0.0000000,2.494847,2.202578,0.0000000
2.208112,1.954115,1.9003795,0.000000,0.0000000,0.000000,0.0000000,1.891690,2.001739,0.000000,0.0000000,2.0997836,2.112238,2.460688,2.231797,2.371343,0.000000,2.2878189,1.560890,2.008895,1.7442829,2.085090,1.906150,2.198110,1.891609,2.061481,1.963556,2.031810,0.0000000,0.000000,1.830025,0.000000,0.000000,1.902915,1.786133,0.000000,2.393022,1.734514,0.000000,0.0000000,0.0000000,0.000000,1.492973,2.191201,0.0000000,0.000000,1.6675280,0.000000,1.716567,2.0752352,2.193954,2.088165,0.0000000,0.0000000,2.272837,1.683343,1.770506,1.866615,0.000000,2.067317,0.000000,1.929081,2.1570559,1.991923,1.670725,1.7037407,2.264309,0.000000,1.5818370
2.158068,1.938767,1.8637345,0.000000,0.0000000,0.000000,2.2988933,0.000000,1.685828,0.000000,0.0000000,2.0452020,2.196045,2.496348,2.094711,2.446324,0.000000,2.4170545,1.859990,2.001290,0.0000000,2.199061,2.027544,2.178871,2.084046,2.209247,1.515169,2.109628,0.0000000,0.000000,2.050211,0.000000,0.000000,1.904327,0.000000,1.602908,2.389324,1.739847,0.000000,0.0000000,0.0000000,0.000000,0.000000,2.130135,0.0000000,0.000000,0.0000000,0.000000,0.000000,2.0507872,2.080972,2.047427,0.0000000,0.0000000,2.066934,1.878484,1.756403,0.000000,0.000000,2.100907,0.000000,0.000000,2.0876606,1.971980,1.668040,1.7487111,2.598472,1.972914,1.8599624
2.193259,1.980060,1.9615588,0.000000,0.0000000,0.000000,1.9536771,1.933793,2.028749,0.000000,0.0000000,0.0000000,2.142239,2.458609,2.187742,2.369726,0.000000,2.2050615,1.556697,2.017205,0.0000000,2.000351,1.970900,2.222164,2.012079,2.085601,1.790039,0.000000,2.0972238,0.000000,1.989976,0.000000,0.000000,0.000000,1.805389,0.000000,2.378651,0.000000,0.000000,0.0000000,0.0000000,0.000000,0.000000,2.165671,0.0000000,0.000000,1.7303041,0.000000,1.813140,2.0696018,2.188173,2.088830,0.0000000,0.0000000,2.056406,0.000000,1.728102,1.794976,0.000000,2.110240,1.661441,1.946172,2.1397278,2.096469,0.000000,0.0000000,2.555447,1.816196,1.6388007
2.127036,1.936004,1.9440232,0.000000,0.0000000,0.000000,2.2921235,0.000000,2.082389,0.000000,0.0000000,0.0000000,2.108757,2.498490,2.229764,2.412666,0.000000,2.1039473,1.578702,1.954826,0.0000000,2.185785,2.058480,2.150140,1.769093,2.159390,1.718074,2.061930,0.0000000,1.725763,1.952437,0.000000,1.801835,0.000000,0.000000,0.000000,2.369571,0.000000,0.000000,0.0000000,0.0000000,0.000000,0.000000,2.175801,0.0000000,0.000000,1.5979603,0.000000,1.708209,2.1011603,2.048147,1.964492,0.0000000,0.0000000,2.278180,0.000000,1.695129,1.466571,0.000000,1.774675,0.000000,1.968218,2.0376245,2.130220,0.000000,0.0000000,2.331461,0.000000,0.0000000
0.000000,1.875105,1.8601614,0.000000,0.0000000,0.000000,0.0000000,0.000000,0.000000,0.000000,1.9902229,2.1068601,0.000000,2.490194,2.297098,2.438675,0.000000,2.3267844,1.897773,2.081776,0.0000000,2.217836,2.057487,2.327249,1.972715,2.048552,0.000000,2.024895,0.0000000,0.000000,2.073925,0.000000,0.000000,1.898678,0.000000,0.000000,2.318197,0.000000,1.870124,0.0000000,2.0330524,0.000000,0.000000,2.138859,1.9923647,0.000000,1.8504233,2.146690,1.966233,1.7088396,0.000000,2.331235,0.0000000,0.0000000,2.025205,0.000000,1.722849,2.093822,2.018525,2.105303,2.126286,0.000000,2.2586687,2.191443,0.000000,1.8617838,2.436466,2.147518,1.6833203
0.000000,1.753669,2.3063055,2.016798,0.0000000,0.000000,0.0000000,0.000000,2.165701,0.000000,2.2690480,1.9986685,2.188994,2.452487,2.270347,2.457746,0.000000,2.2856864,0.000000,0.000000,2.0167484,2.199949,2.033438,2.254446,1.709644,0.000000,1.740455,2.087884,0.0000000,2.131748,0.000000,0.000000,2.004452,0.000000,1.737798,2.158526,2.459771,2.085925,2.226500,2.3043178,2.1917565,0.000000,0.000000,2.418839,0.0000000,0.000000,2.2593959,2.432952,2.308107,2.2207040,2.068565,2.129618,0.0000000,1.8012688,1.985306,0.000000,1.823914,0.000000,2.209474,2.087776,2.310088,0.000000,2.4369718,2.192712,0.000000,1.7951845,2.455411,2.295132,0.0000000
0.000000,1.907148,1.6818058,0.000000,0.0000000,0.000000,0.0000000,0.000000,0.000000,0.000000,2.0443153,2.1125081,2.183641,2.474468,2.230097,2.428672,1.751255,2.3322599,1.939581,1.878160,0.0000000,2.254993,2.156837,2.316186,1.651952,2.030975,1.673859,2.159238,0.0000000,0.000000,1.847684,0.000000,0.000000,0.000000,0.000000,1.884234,2.315075,0.000000,0.000000,0.0000000,1.9106596,0.000000,0.000000,2.062197,1.7688434,0.000000,1.7443607,2.147633,2.085983,2.1243008,0.000000,2.360439,0.0000000,0.0000000,2.047537,0.000000,1.803675,1.863166,1.986983,2.055241,2.071032,0.000000,2.2546648,2.200945,0.000000,0.0000000,2.420657,0.000000,0.0000000
0.000000,2.003009,1.8691338,1.797393,2.1484379,0.000000,0.0000000,0.000000,0.000000,0.000000,2.2628499,2.2851570,2.038159,2.490706,2.269465,2.441011,0.000000,2.4116970,1.976865,2.060269,0.0000000,0.000000,2.080107,2.285218,1.985637,2.261613,0.000000,2.175896,2.1558969,0.000000,2.019079,0.000000,2.047817,0.000000,1.869377,0.000000,2.429782,0.000000,2.233877,1.9534006,2.1503446,0.000000,0.000000,2.411394,2.1733437,0.000000,2.0579541,0.000000,2.067037,2.0615479,0.000000,2.446136,0.0000000,2.0899925,2.235436,1.843561,2.343149,2.195399,1.844942,2.129780,2.292239,0.000000,2.3683307,2.268169,0.000000,1.7641075,2.462106,0.000000,1.9607005
0.000000,1.926736,1.8461486,1.893597,0.0000000,0.000000,0.0000000,0.000000,2.141119,0.000000,2.1705728,2.1405315,2.118761,2.496699,2.286559,2.385874,0.000000,2.3263183,1.961309,1.977875,0.0000000,2.217661,2.129091,2.295004,1.799451,2.170395,1.954793,2.142448,0.0000000,0.000000,2.069334,0.000000,0.000000,0.000000,0.000000,0.000000,2.353006,0.000000,1.971085,0.0000000,2.1150351,0.000000,0.000000,2.252245,1.9693309,0.000000,2.0479631,2.204764,2.240586,2.1338623,0.000000,2.086331,2.0500333,0.0000000,1.807425,0.000000,0.000000,1.705801,2.083393,2.072029,2.130730,0.000000,2.3710764,2.225929,0.000000,0.0000000,2.423689,0.000000,0.0000000
0.000000,0.000000,1.9438757,2.178469,0.0000000,0.000000,2.0113951,0.000000,2.239173,0.000000,2.3608068,1.9774176,2.132469,2.449358,2.302829,2.429958,0.000000,1.9960067,0.000000,1.682972,0.0000000,1.893094,0.000000,2.272970,0.000000,2.097362,0.000000,0.000000,0.0000000,2.109164,2.062736,0.000000,0.000000,0.000000,1.873971,2.146079,2.384128,2.009021,2.159688,1.9614745,2.2435449,0.000000,0.000000,2.452772,2.2483811,0.000000,2.2453658,2.431810,2.209046,1.8209601,2.152464,1.962897,0.0000000,1.7453368,2.036647,0.000000,0.000000,0.000000,0.000000,2.161051,2.248441,0.000000,2.4119928,2.286222,0.000000,0.0000000,2.458471,2.295398,0.0000000
0.000000,2.155220,2.0357473,0.000000,0.0000000,0.000000,0.0000000,0.000000,1.795163,0.000000,2.0863576,0.0000000,2.035105,2.473402,2.297617,2.398469,2.050558,2.2276574,0.000000,1.802638,0.0000000,2.159347,1.971998,2.297448,0.000000,2.085871,2.167701,0.000000,0.0000000,1.935054,1.998487,0.000000,0.000000,2.198416,0.000000,1.678971,2.299194,2.110445,2.032259,1.7701016,2.1379344,0.000000,0.000000,2.357524,0.0000000,0.000000,2.0665760,2.281071,2.083837,2.0672048,0.000000,2.128508,0.0000000,0.0000000,1.869409,1.901257,0.000000,1.887993,2.008379,2.127115,2.152033,0.000000,2.2325364,2.274516,1.679161,1.8207316,2.453896,0.000000,1.9984982
0.000000,2.130906,1.9919472,0.000000,0.0000000,0.000000,0.0000000,0.000000,0.000000,0.000000,1.9535606,2.1314657,2.104381,2.550140,2.295614,2.440603,0.000000,2.2614883,0.000000,1.788151,0.0000000,2.102958,2.035952,2.234420,2.012540,0.000000,0.000000,0.000000,2.1872014,0.000000,2.073958,0.000000,0.000000,2.149692,0.000000,0.000000,2.475363,1.994245,1.946179,0.0000000,2.2560862,0.000000,2.107824,2.106518,0.0000000,0.000000,2.1381135,2.396924,2.145001,2.1360972,1.914722,2.367553,0.0000000,2.1627165,2.271590,2.062339,0.000000,0.000000,2.044189,2.170915,2.168307,0.000000,2.2430813,2.194377,0.000000,1.9251517,2.570517,0.000000,1.9120544
2.120518,0.000000,1.9114007,0.000000,0.0000000,0.000000,0.0000000,1.723422,2.150160,0.000000,0.0000000,1.8586719,2.205232,2.484479,2.293273,2.446309,0.000000,2.3890653,0.000000,1.849425,0.0000000,2.188099,1.969234,2.382632,1.839079,2.301895,1.805460,2.068060,0.0000000,1.595550,1.875178,0.000000,1.794635,0.000000,1.731088,0.000000,2.214791,1.768342,1.727408,0.0000000,0.0000000,0.000000,1.747392,2.301043,0.0000000,0.000000,1.7038220,0.000000,0.000000,2.1983392,2.109276,2.148319,0.0000000,0.0000000,1.971186,0.000000,1.908077,0.000000,0.000000,0.000000,0.000000,2.092413,2.0787150,2.130659,0.000000,0.0000000,2.346129,0.000000,0.0000000
0.000000,1.841916,1.9293642,0.000000,0.0000000,0.000000,0.0000000,1.796690,2.202118,0.000000,0.0000000,1.8127335,1.941877,2.489649,2.173934,2.412979,0.000000,2.3791094,0.000000,1.971227,0.0000000,2.175422,1.984409,2.137404,1.827584,1.849914,1.597568,2.081942,0.0000000,0.000000,2.040894,0.000000,2.154447,0.000000,1.584534,0.000000,2.405163,0.000000,0.000000,0.0000000,0.0000000,0.000000,0.000000,2.122203,0.0000000,0.000000,1.8301537,0.000000,0.000000,2.1232568,0.000000,2.229274,0.0000000,0.0000000,1.939346,0.000000,1.569401,0.000000,0.000000,2.101732,0.000000,0.000000,2.1775625,2.058165,0.000000,0.0000000,2.521261,2.238618,0.0000000
0.000000,1.976382,1.9731646,0.000000,2.0863458,0.000000,0.0000000,1.979276,1.963881,0.000000,0.0000000,2.0568276,2.131073,2.475934,2.212914,2.366789,0.000000,2.1308008,1.751552,1.930033,0.0000000,2.053630,2.018464,2.201658,1.794415,2.078166,1.901839,1.587690,0.0000000,1.618359,1.988978,0.000000,2.075947,0.000000,1.688003,0.000000,2.430406,0.000000,0.000000,0.0000000,1.8628837,0.000000,1.670197,2.182669,1.8400998,0.000000,1.7736977,0.000000,1.874477,2.1779269,0.000000,2.162392,0.0000000,0.0000000,1.837686,0.000000,1.792774,2.194507,0.000000,2.143849,0.000000,0.000000,2.1701480,2.107020,0.000000,0.0000000,2.470560,1.904214,0.0000000
0.000000,1.905893,1.9625785,0.000000,2.0837703,0.000000,0.0000000,2.044536,2.019275,0.000000,2.0236623,2.1172334,1.975343,2.488100,2.165457,2.396853,0.000000,2.3164648,1.663873,2.001849,1.7615563,2.099094,1.941176,2.224885,1.912728,2.045177,1.950592,0.000000,0.0000000,1.954988,2.038468,0.000000,2.187053,1.742704,1.899888,0.000000,2.290651,1.763590,0.000000,0.0000000,1.8042209,0.000000,0.000000,2.183799,0.0000000,0.000000,1.7081299,0.000000,1.911052,2.1834580,0.000000,2.250924,0.0000000,0.0000000,2.214141,0.000000,1.948930,2.077931,0.000000,0.000000,0.000000,0.000000,2.2864557,2.067557,0.000000,0.0000000,2.561488,0.000000,1.8938256
0.000000,1.949261,1.9035540,0.000000,1.9682359,0.000000,0.0000000,0.000000,2.137837,0.000000,0.0000000,2.0543481,1.990499,2.493281,2.270559,2.366819,0.000000,2.2400863,1.639718,1.893084,0.0000000,2.007967,1.915166,2.205770,1.843948,2.009666,2.022381,0.000000,2.0605674,2.012814,2.057534,0.000000,2.152763,0.000000,0.000000,0.000000,2.413247,0.000000,0.000000,0.0000000,0.0000000,0.000000,0.000000,2.233280,0.0000000,0.000000,0.0000000,0.000000,0.000000,2.2270832,0.000000,2.238746,0.0000000,0.0000000,1.921592,0.000000,0.000000,2.259015,0.000000,2.179169,0.000000,1.892902,2.2396877,2.194413,0.000000,0.0000000,2.527123,0.000000,1.7491633
0.000000,1.959497,0.0000000,0.000000,2.1423325,0.000000,0.0000000,0.000000,0.000000,0.000000,0.0000000,2.0676174,0.000000,2.483238,2.250006,2.306109,0.000000,2.2848867,1.893148,1.964681,0.0000000,2.184706,1.996717,2.191650,0.000000,2.151913,0.000000,0.000000,0.0000000,0.000000,2.075870,0.000000,2.215837,0.000000,0.000000,0.000000,2.409018,0.000000,0.000000,0.0000000,0.0000000,0.000000,0.000000,2.067874,0.0000000,0.000000,0.0000000,0.000000,1.773914,0.0000000,0.000000,2.198469,0.0000000,0.0000000,2.194931,0.000000,0.000000,2.265142,0.000000,2.101890,0.000000,0.000000,2.1669991,1.739301,0.000000,0.0000000,2.539229,2.000276,0.0000000
0.000000,1.961309,1.9129713,0.000000,2.0892419,0.000000,0.0000000,1.973646,1.883102,0.000000,2.0107739,0.0000000,1.943114,2.475193,2.229293,2.370085,0.000000,2.3682838,1.468859,1.981694,0.0000000,2.157605,1.933277,2.218625,1.795601,2.178321,0.000000,2.123843,1.6618402,0.000000,0.000000,0.000000,2.149296,1.667015,1.707437,0.000000,2.358136,0.000000,0.000000,1.7109878,0.0000000,0.000000,0.000000,0.000000,0.0000000,0.000000,0.0000000,0.000000,1.758720,0.0000000,0.000000,2.242038,0.0000000,0.0000000,2.062835,0.000000,1.727460,1.543264,0.000000,2.040371,0.000000,0.000000,2.2508003,2.023402,0.000000,0.0000000,2.557629,1.803364,1.6693627
0.000000,2.164194,1.5834260,0.000000,1.8093225,0.000000,0.0000000,2.064216,1.989304,0.000000,2.1788457,2.1845022,2.093167,2.511541,2.151672,2.431568,0.000000,2.3832896,1.747392,2.085359,1.8935219,1.517427,1.802544,2.273123,1.844326,2.174181,0.000000,2.070590,1.9346709,0.000000,0.000000,0.000000,2.237786,1.613497,1.919042,0.000000,2.487000,0.000000,0.000000,0.0000000,0.0000000,0.000000,0.000000,2.143889,0.0000000,0.000000,0.0000000,0.000000,0.000000,2.0927925,2.014748,1.950823,0.0000000,0.0000000,2.206441,0.000000,1.878543,2.284640,0.000000,2.210234,0.000000,0.000000,2.1736548,2.084910,1.753333,1.7084260,2.508384,0.000000,0.0000000
0.000000,2.156083,2.1213576,0.000000,2.1530826,0.000000,2.2430423,1.905631,2.179215,0.000000,2.3033174,2.0941976,2.164971,2.476441,2.279132,2.427228,2.220918,2.3787862,1.964985,1.815656,2.1022106,2.306294,2.065534,2.253885,1.741282,2.107708,2.092368,2.134428,0.0000000,2.068847,0.000000,0.000000,0.000000,1.991316,1.787018,2.187192,2.603310,2.066221,2.089008,2.0276055,2.1978215,0.000000,0.000000,2.394966,2.1163540,0.000000,2.0680739,2.388135,2.267176,2.2712434,2.121429,2.249621,0.0000000,0.0000000,1.906334,1.986136,0.000000,0.000000,2.035650,0.000000,2.229530,0.000000,2.4951000,2.238736,0.000000,0.0000000,2.412117,2.269398,1.8096693
0.000000,1.996941,2.1826254,2.064364,2.0987038,0.000000,1.9879920,0.000000,1.947602,0.000000,1.9046115,2.1790182,2.067705,2.424651,2.263527,2.366325,2.121522,2.2836819,0.000000,1.726254,1.7300307,2.176077,1.935889,2.300613,0.000000,2.036005,0.000000,2.051790,0.0000000,0.000000,0.000000,0.000000,1.958835,2.197676,1.864951,1.660131,2.408437,1.925252,2.235289,1.7934972,2.1723814,0.000000,2.120564,2.339380,2.0864464,0.000000,2.0987124,2.442220,2.202306,2.1603412,2.243306,2.206773,0.0000000,1.9894756,2.194525,1.862843,2.100567,1.921557,1.923534,2.063368,2.176294,0.000000,2.3349506,2.303180,0.000000,1.7825256,2.297306,2.167587,1.8949278
0.000000,2.061592,2.1312283,1.637817,0.0000000,0.000000,1.8214432,0.000000,1.880813,0.000000,1.9665689,2.1704305,1.821589,2.440246,2.186270,2.423355,0.000000,2.3412242,1.754223,1.933758,1.8924991,2.104755,1.934977,2.291511,1.773952,2.019926,0.000000,2.102496,0.0000000,0.000000,0.000000,0.000000,0.000000,2.119480,1.687958,0.000000,2.380914,1.921351,2.185139,2.2528911,2.2811255,0.000000,2.069041,2.331135,2.1349560,0.000000,2.0108963,2.277562,2.046071,2.1434921,2.156314,2.208410,2.1325053,1.9574841,2.098505,1.865301,1.974329,1.869275,0.000000,2.044879,2.020954,1.402363,2.2237142,2.085509,0.000000,1.8913707,2.410792,2.141168,1.5157366
0.000000,2.069813,2.0655921,0.000000,0.0000000,0.000000,0.0000000,0.000000,1.922029,0.000000,2.1223672,2.1516303,2.079083,2.459809,2.155845,2.424928,2.226269,2.2383918,1.772368,1.934120,1.7794876,2.045185,1.772599,2.290061,1.665542,2.015243,2.099012,2.006749,0.0000000,1.741473,0.000000,0.000000,0.000000,2.079320,1.864021,0.000000,2.466415,1.941642,2.150327,2.4313757,2.5554546,0.000000,1.982761,2.361109,2.0910238,0.000000,2.0353728,2.337868,2.197658,2.1225293,2.127133,2.256492,2.0511908,2.0341556,2.042341,1.758325,2.166328,1.644876,1.833788,2.170659,2.342634,0.000000,2.3948075,2.309889,0.000000,1.8625742,2.406009,2.194037,1.7332464
0.000000,2.224584,2.1280121,2.181340,0.0000000,0.000000,1.6314666,0.000000,2.027607,0.000000,2.2648881,2.2990399,2.171080,2.472804,2.197248,2.404754,2.002823,2.4052680,1.827810,0.000000,1.8464752,2.025237,1.793064,2.341218,1.779842,2.185332,1.806304,2.131824,2.0617857,0.000000,1.988100,0.000000,1.633252,1.912161,1.964779,2.140477,2.459721,1.968799,2.186359,1.6823900,2.1177588,1.661840,0.000000,2.284341,2.0868565,0.000000,2.1752579,2.249186,2.193577,2.1158666,1.906942,2.411298,0.0000000,0.0000000,2.211783,0.000000,0.000000,1.839271,2.021993,1.953100,2.231868,0.000000,2.3656337,2.223628,1.831472,1.8126560,2.471293,0.000000,0.0000000
0.000000,0.000000,1.6874845,1.601493,0.0000000,0.000000,0.0000000,1.998572,1.854417,0.000000,0.0000000,2.2763328,2.222089,2.471747,2.137197,2.383059,0.000000,2.3081887,0.000000,1.849499,1.8875024,2.075499,2.023804,2.305519,0.000000,2.136241,0.000000,2.077177,2.1393635,0.000000,2.104523,0.000000,0.000000,1.997116,2.027920,0.000000,2.429874,1.930582,1.908729,0.0000000,0.0000000,0.000000,0.000000,2.021321,1.8695501,0.000000,0.0000000,0.000000,0.000000,1.5711549,2.092325,2.085838,1.9365696,0.0000000,2.146861,1.797932,1.881592,1.801688,0.000000,2.169788,1.840948,0.000000,2.1151133,2.057471,1.748469,0.0000000,2.487510,2.000485,0.0000000
0.000000,0.000000,1.8510043,1.512499,0.0000000,0.000000,0.0000000,2.031951,1.920588,0.000000,2.0842549,0.0000000,2.081165,2.474710,2.189006,2.377551,0.000000,2.3346051,1.548991,1.812064,1.6748161,2.143847,1.955389,2.159150,1.890046,2.067667,1.600259,2.016165,1.4906763,0.000000,2.021405,0.000000,0.000000,0.000000,1.843554,0.000000,2.311117,1.783873,1.504175,0.0000000,0.0000000,1.637044,0.000000,2.131614,0.0000000,0.000000,1.7186468,0.000000,0.000000,1.6733654,1.992212,1.838758,2.1622180,0.0000000,2.114004,1.302631,1.719621,0.000000,0.000000,2.020188,0.000000,1.759438,2.0057353,2.061065,1.571201,0.0000000,2.321967,0.000000,1.6080838
0.000000,1.858074,1.9096082,0.000000,0.0000000,0.000000,0.0000000,1.973864,1.908258,1.802420,0.0000000,2.2255865,2.211995,2.506047,2.089297,2.393809,0.000000,2.2089983,1.913973,1.892569,1.8710380,2.087312,1.997699,2.196287,1.841382,2.008203,0.000000,1.907407,2.1325283,0.000000,2.050636,0.000000,0.000000,1.748515,1.830376,0.000000,2.330208,1.837224,0.000000,0.0000000,0.0000000,0.000000,0.000000,2.163259,0.0000000,0.000000,1.7986931,0.000000,0.000000,2.1150631,1.881860,2.122291,0.0000000,0.0000000,2.239419,0.000000,1.780778,0.000000,0.000000,2.111856,0.000000,0.000000,1.9377958,2.054414,1.626123,0.0000000,2.348028,1.908885,1.6063391
0.000000,1.931073,2.1280493,1.753069,0.0000000,0.000000,2.0742615,0.000000,1.839207,0.000000,2.0532800,2.0577634,1.964028,2.457843,2.271330,2.380693,2.087047,2.3208941,0.000000,1.917655,1.9548493,0.000000,1.844357,2.282484,0.000000,2.093064,1.702536,2.024814,2.0858531,0.000000,1.990023,0.000000,0.000000,0.000000,1.815467,1.987137,2.407844,2.136605,1.705298,2.3024449,2.3428104,0.000000,0.000000,2.333685,0.0000000,0.000000,2.1304836,2.277734,2.163740,0.0000000,0.000000,2.194599,0.0000000,0.0000000,1.972655,0.000000,0.000000,0.000000,0.000000,0.000000,2.193962,0.000000,2.2503541,2.212808,0.000000,1.8697162,2.453755,2.164538,0.0000000
0.000000,2.090285,2.2469069,2.092127,1.4494535,0.000000,1.9464970,0.000000,2.217622,0.000000,2.3991672,1.9785558,2.109013,2.450273,2.254484,2.392570,2.302872,2.3125812,1.600375,1.825062,0.0000000,0.000000,0.000000,2.242037,0.000000,2.098791,1.764108,2.007688,1.9685017,1.589720,1.905685,0.000000,0.000000,0.000000,1.818594,1.929328,2.240001,1.980913,2.142566,0.0000000,2.1163426,0.000000,0.000000,2.427798,2.1156270,0.000000,2.2238293,2.341608,2.171426,2.3891427,2.053313,2.172342,0.0000000,1.8003203,1.901974,0.000000,1.575642,2.112744,2.067364,2.041386,2.273326,0.000000,2.5052118,2.231022,1.771698,1.7060812,2.379623,2.284956,0.0000000
0.000000,2.205699,2.2885253,2.317016,0.0000000,0.000000,1.9040617,0.000000,2.204068,0.000000,2.4152798,2.1849842,2.200342,2.449560,2.271690,2.447524,0.000000,2.3662105,1.597882,1.928322,0.0000000,2.138311,1.932286,2.318234,1.934562,2.174042,1.866170,2.072216,0.0000000,1.985275,1.977203,0.000000,0.000000,1.800563,2.022514,2.064489,2.577478,2.050681,2.316962,2.2034662,2.2199310,1.703802,0.000000,2.455688,2.2014596,0.000000,2.1269996,2.310679,2.266864,2.2678777,2.139815,2.175457,0.0000000,1.8168086,2.185732,1.595510,0.000000,2.042488,2.063938,2.381895,2.314124,1.855827,2.5558709,2.251204,0.000000,0.0000000,2.332430,2.351750,2.2616950
0.000000,1.796917,2.0958975,2.187239,2.0938680,0.000000,2.0058912,2.025806,2.086454,0.000000,2.2217864,2.1056297,2.191548,2.460864,2.213039,2.422341,0.000000,2.3071533,1.868916,0.000000,1.6921772,2.202697,2.001631,2.267692,1.880065,2.068564,0.000000,1.854981,0.0000000,0.000000,2.016584,1.456349,0.000000,0.000000,1.915648,2.084709,2.485640,1.923969,2.055932,2.0209847,2.0827328,1.649847,0.000000,2.247155,1.9685430,0.000000,1.9094290,2.190386,2.276611,1.9013023,2.065256,2.253865,0.0000000,1.4979671,1.983476,0.000000,0.000000,2.019350,1.961331,2.246238,2.214348,0.000000,2.3827642,2.172612,1.603022,1.7133930,2.361921,2.123879,0.0000000
0.000000,1.965088,2.2400521,2.266036,1.7058006,0.000000,2.0632863,0.000000,0.000000,0.000000,2.3089260,2.2926307,2.026258,2.503651,2.084820,2.462612,0.000000,2.3060577,1.955106,2.015307,2.0034430,2.165079,2.035632,2.275868,1.916114,2.235839,0.000000,0.000000,2.2357898,0.000000,2.183409,0.000000,1.912054,2.095366,2.060547,0.000000,2.464980,0.000000,2.267200,0.0000000,2.2073660,0.000000,0.000000,2.355263,2.0928924,0.000000,2.1424871,2.323749,2.248787,0.0000000,2.042922,2.316197,0.0000000,0.0000000,2.229807,0.000000,0.000000,0.000000,0.000000,2.278079,2.335767,0.000000,2.3816682,2.220245,0.000000,0.0000000,2.525073,2.193230,2.1671235
0.000000,2.147401,1.9340148,2.253721,2.0663084,0.000000,1.9225028,0.000000,1.973494,0.000000,2.3551506,2.1751225,2.139569,2.511168,2.247033,2.447047,0.000000,2.3792357,1.854496,1.926757,1.8127432,2.133801,2.021490,2.277498,1.780900,2.236394,0.000000,2.054562,2.1732677,0.000000,2.136704,0.000000,0.000000,0.000000,2.020242,1.833213,2.501922,2.022087,2.160450,0.0000000,2.1719602,0.000000,0.000000,2.373126,1.9926672,0.000000,2.1561193,2.355856,2.339916,2.1014863,2.225683,2.292143,0.0000000,0.0000000,2.140284,1.624325,0.000000,1.959877,1.890304,2.325404,2.343406,0.000000,2.5207967,2.282659,0.000000,0.0000000,2.433886,0.000000,0.0000000
0.000000,2.170748,1.7937632,2.195975,2.0395350,0.000000,0.0000000,0.000000,1.963605,0.000000,2.2898906,2.2647825,2.084046,2.480124,2.245059,2.380127,0.000000,2.3388883,1.859839,1.945232,1.7262369,2.171650,1.990339,2.250060,1.887284,2.236331,0.000000,2.031092,0.0000000,0.000000,2.016701,0.000000,0.000000,1.921205,0.000000,1.895481,2.431725,1.839853,2.164620,2.2562012,2.0972190,0.000000,0.000000,2.324577,2.0596926,0.000000,2.1981743,2.268350,2.353698,1.9719975,2.175915,2.221724,0.0000000,0.0000000,2.141689,0.000000,1.997395,1.930886,1.872065,2.043405,2.185258,0.000000,2.4173192,2.211501,0.000000,0.0000000,2.416038,0.000000,1.4740650
0.000000,1.911145,2.1705107,1.950728,2.1284952,0.000000,1.7859809,0.000000,1.783052,0.000000,2.1847557,2.1834982,2.119021,2.468683,2.289811,2.423902,0.000000,2.3188304,1.660694,1.884709,0.0000000,2.157448,1.912654,2.203831,1.897540,2.070270,1.470073,1.925560,0.0000000,0.000000,1.946126,0.000000,1.848941,0.000000,0.000000,1.983616,2.350696,1.978708,2.156838,2.1911200,2.0430605,0.000000,0.000000,2.390852,2.0112649,0.000000,2.2043436,2.317060,2.189475,2.0094545,2.009880,2.181345,0.0000000,0.0000000,1.982167,0.000000,1.969161,2.042939,0.000000,1.635800,2.126026,0.000000,2.3063509,2.208170,0.000000,1.7751166,2.438567,2.179811,1.6511018
0.000000,1.593911,1.8674880,1.790595,2.0424975,0.000000,2.0168608,1.749509,2.215684,0.000000,2.1533270,2.2399412,0.000000,2.454585,2.275308,2.449366,0.000000,2.4599496,1.992583,1.819140,1.6432743,2.313808,2.095046,2.181044,1.978605,2.292193,1.759143,2.218423,0.0000000,1.749088,1.807032,0.000000,0.000000,0.000000,1.670045,0.000000,2.392284,0.000000,2.031538,0.0000000,2.1624791,0.000000,0.000000,2.198541,1.7038423,0.000000,1.8378477,2.155984,2.129995,0.0000000,0.000000,2.243691,0.0000000,0.0000000,2.202778,0.000000,1.796635,1.838589,0.000000,2.107817,2.171182,0.000000,2.2755039,2.089507,1.526067,1.7668154,2.303538,2.152440,0.0000000
0.000000,1.979230,2.2555170,0.000000,0.0000000,0.000000,1.9450792,1.884137,0.000000,0.000000,0.0000000,1.9559256,1.921355,2.461353,2.127762,2.422779,1.993863,2.1431362,0.000000,0.000000,1.8938415,2.097722,2.039883,2.412121,0.000000,2.016407,0.000000,1.984595,2.1019704,1.890254,1.873798,0.000000,1.877626,2.357688,0.000000,0.000000,2.366021,1.804519,2.110110,0.0000000,2.1303624,0.000000,0.000000,2.299564,2.2355042,0.000000,2.2342889,2.415144,1.688811,0.0000000,0.000000,2.095688,0.0000000,0.0000000,1.942399,0.000000,2.250843,2.143327,0.000000,2.091874,2.134626,0.000000,2.1797793,2.299092,0.000000,2.0318276,2.521623,2.277595,1.8022840
0.000000,2.104781,0.0000000,0.000000,2.0882832,0.000000,0.0000000,0.000000,2.233497,0.000000,2.2259759,2.1118285,2.139551,2.453408,2.272588,2.404843,2.284925,2.3580415,0.000000,1.850938,1.8160635,2.154327,2.072489,2.240292,0.000000,2.087752,0.000000,2.173258,0.0000000,2.026956,0.000000,0.000000,0.000000,0.000000,0.000000,2.154561,2.401264,1.927004,2.007058,0.0000000,2.2171241,0.000000,0.000000,2.402790,2.1427215,0.000000,2.2122935,2.377204,2.243096,2.1854973,1.976782,2.236939,0.0000000,1.9673933,1.987433,0.000000,1.906653,0.000000,2.076878,2.156999,2.224533,0.000000,2.5262695,2.225833,0.000000,0.0000000,2.408356,2.324793,1.6440477
0.000000,2.053399,2.1944809,1.957142,2.0841336,0.000000,0.0000000,0.000000,2.247164,0.000000,2.2595490,2.0811671,2.134029,2.459660,2.230117,2.416025,0.000000,2.2902723,0.000000,1.943081,1.9868482,2.045861,1.951499,2.277771,0.000000,2.036126,0.000000,1.980475,2.0510237,2.038258,0.000000,0.000000,1.809154,0.000000,1.941789,2.033453,2.456906,1.884760,2.154191,1.8271738,2.1184628,0.000000,0.000000,2.391380,2.1515247,0.000000,2.1552456,2.306168,2.282484,2.1593416,2.070101,2.158391,0.0000000,2.0240486,1.696370,0.000000,0.000000,2.038680,0.000000,2.249026,2.312430,0.000000,2.5417314,2.203308,0.000000,0.0000000,2.391069,0.000000,0.0000000
1.922886,2.215566,2.0682492,0.000000,0.0000000,0.000000,0.0000000,0.000000,2.059318,0.000000,2.1999636,2.2137495,2.027020,2.481896,2.273319,2.374011,0.000000,2.2674729,0.000000,0.000000,1.7729190,2.161908,1.998834,2.287566,1.594472,2.223048,1.759312,2.069505,0.0000000,0.000000,1.905787,0.000000,1.833213,2.126111,1.967477,0.000000,2.504057,2.195332,2.224715,1.7515520,2.1058235,1.908985,0.000000,2.329631,2.0783864,0.000000,2.1324395,2.365205,2.210557,1.9959550,2.043422,2.264323,0.0000000,1.9789816,2.165718,1.721171,0.000000,2.128529,1.984162,2.315143,2.266084,0.000000,2.3097532,2.239054,0.000000,1.7772317,2.357655,2.155413,0.0000000
0.000000,2.204605,2.1488588,2.016573,0.0000000,0.000000,2.2018550,0.000000,1.953504,0.000000,2.2084221,2.1609481,2.013637,2.436633,2.246073,2.401824,0.000000,2.1928367,0.000000,0.000000,1.8100153,1.699849,2.012648,2.197450,0.000000,2.105710,0.000000,1.879875,2.0938340,1.709350,2.066893,0.000000,1.965458,2.138407,1.659405,1.860305,2.456447,1.999308,2.199208,1.7630979,2.0893993,0.000000,0.000000,2.347679,2.1850931,0.000000,2.2813750,2.292078,2.207140,2.2060256,1.988846,2.168582,0.0000000,0.0000000,2.160061,0.000000,0.000000,2.096446,1.975541,2.237387,2.327085,0.000000,2.3906806,2.195637,0.000000,2.0014340,2.417890,2.245046,0.0000000
0.000000,2.176785,2.3371030,2.114774,0.0000000,0.000000,2.1653461,0.000000,2.014608,0.000000,2.2047823,2.1976420,2.151810,2.468530,2.221731,2.434991,0.000000,2.1162116,1.985885,0.000000,1.9271399,2.173867,0.000000,2.369196,1.693008,2.065747,0.000000,1.787018,0.0000000,0.000000,2.079332,0.000000,0.000000,2.219916,1.780536,0.000000,2.480126,2.294149,2.292792,2.1334302,2.1904889,0.000000,2.116199,2.424835,2.1497495,0.000000,2.2843890,2.450873,2.138565,2.2618116,2.201392,2.190114,0.0000000,0.0000000,2.119680,0.000000,2.248007,2.108037,2.112110,2.290733,2.287273,0.000000,2.4012417,2.412728,0.000000,0.0000000,2.538773,0.000000,1.9769036
0.000000,1.987238,2.1235196,2.179566,2.1697762,0.000000,2.0527233,0.000000,2.181783,0.000000,1.9257223,1.8823838,2.211451,2.462747,2.315122,2.472677,2.195069,2.1842469,0.000000,0.000000,0.0000000,0.000000,0.000000,2.177762,0.000000,2.068926,2.116515,1.955615,1.9569959,2.056457,1.993791,0.000000,0.000000,1.701941,0.000000,2.158533,2.451828,2.066044,2.138050,2.1372950,2.1047388,0.000000,0.000000,2.404582,2.0300857,0.000000,2.0715627,2.351892,2.146962,2.2855273,1.974846,2.262613,2.0228971,0.0000000,1.983793,0.000000,0.000000,1.978191,1.945790,2.140367,2.252962,0.000000,2.2229934,2.241376,0.000000,0.0000000,2.284444,0.000000,0.0000000
0.000000,2.079467,1.7819014,0.000000,2.1145723,0.000000,0.0000000,0.000000,2.258035,0.000000,2.2043054,2.0228859,2.173187,2.489196,2.062237,2.456801,0.000000,2.3626230,0.000000,0.000000,0.0000000,2.096645,1.938545,2.152743,1.795568,2.172092,0.000000,2.093422,2.1945020,0.000000,2.119606,0.000000,1.867735,0.000000,1.927066,0.000000,2.452409,0.000000,2.012634,0.0000000,2.0962181,0.000000,0.000000,2.291962,1.8722153,0.000000,2.0518147,2.184831,2.300042,2.1217395,0.000000,2.169659,2.0092464,0.0000000,1.820896,0.000000,0.000000,2.098455,0.000000,2.269042,2.227446,0.000000,2.3299901,2.234148,0.000000,0.0000000,2.401686,2.262264,1.7109684
0.000000,1.785805,2.1923730,1.829417,0.0000000,0.000000,0.0000000,0.000000,2.184646,0.000000,2.1978126,2.2098348,1.966061,2.467798,2.313591,2.438388,2.106576,2.3716321,0.000000,2.004818,0.0000000,2.173697,1.966524,2.215168,1.937015,2.130429,2.132982,2.027613,0.0000000,0.000000,2.069220,0.000000,0.000000,0.000000,0.000000,0.000000,2.367098,1.771245,2.132169,0.0000000,2.1837980,0.000000,0.000000,2.408653,1.9782702,0.000000,2.0802011,2.393229,2.238911,2.2472145,1.796657,2.329112,0.0000000,0.0000000,1.970842,1.907158,0.000000,0.000000,0.000000,2.103360,2.291876,0.000000,2.2506594,2.264949,0.000000,0.0000000,2.428124,0.000000,0.0000000
0.000000,1.938252,1.8960940,0.000000,0.0000000,0.000000,0.0000000,0.000000,0.000000,0.000000,2.0126992,2.2235767,0.000000,2.491033,2.269562,2.378978,0.000000,2.3423452,0.000000,0.000000,0.0000000,2.183551,2.061695,2.227332,0.000000,0.000000,0.000000,2.071034,0.0000000,0.000000,1.992462,0.000000,1.738009,0.000000,0.000000,0.000000,2.418568,0.000000,1.853354,0.0000000,1.8458821,0.000000,0.000000,2.283760,0.0000000,0.000000,1.7259384,2.250815,2.183673,1.6475697,2.028854,2.342195,1.9739459,0.0000000,1.911000,0.000000,0.000000,0.000000,0.000000,2.065239,2.231456,0.000000,2.1912063,2.258759,0.000000,0.0000000,2.403781,0.000000,0.0000000
0.000000,2.148188,2.3292944,2.311619,0.0000000,0.000000,2.0324226,0.000000,2.076611,0.000000,2.2792919,2.1550953,0.000000,2.394513,2.143077,2.455793,0.000000,2.3600040,0.000000,0.000000,0.0000000,0.000000,0.000000,2.359908,0.000000,0.000000,0.000000,2.096890,1.9542248,0.000000,1.962259,0.000000,0.000000,2.263541,0.000000,0.000000,2.490376,0.000000,2.386678,2.0069423,2.1630151,0.000000,0.000000,2.229459,2.1779554,0.000000,2.0377070,2.331044,2.188339,0.0000000,2.063968,2.248103,0.0000000,0.0000000,2.091449,0.000000,2.382769,2.051323,0.000000,2.244154,2.374165,0.000000,2.4151724,0.000000,0.000000,2.0811795,2.521415,0.000000,1.9121930
0.000000,1.828339,0.0000000,2.320433,2.1857876,0.000000,0.0000000,0.000000,2.037626,0.000000,2.2465269,2.2440087,2.208557,2.464093,2.239764,2.452099,2.168571,2.3297388,0.000000,0.000000,0.0000000,2.168871,1.913809,2.172981,0.000000,1.998265,0.000000,2.119475,2.1697703,0.000000,2.109178,0.000000,0.000000,0.000000,0.000000,0.000000,2.485718,2.126119,0.000000,2.0502581,1.9904029,0.000000,0.000000,2.393671,1.9852958,0.000000,2.0175273,2.283405,2.346311,1.9132465,0.000000,2.167333,0.0000000,0.0000000,0.000000,0.000000,0.000000,0.000000,0.000000,2.284439,2.289028,0.000000,2.4417577,2.334945,1.852319,1.8332964,2.441036,2.271151,0.0000000
0.000000,2.095021,2.1888432,0.000000,0.0000000,0.000000,0.0000000,1.929453,2.316438,0.000000,2.3702615,2.0112090,2.187398,2.539079,2.324597,2.450170,0.000000,2.4321016,1.762783,0.000000,2.1807988,2.308643,2.228736,2.298842,0.000000,2.163382,0.000000,2.162629,0.0000000,2.103613,2.176270,0.000000,0.000000,0.000000,0.000000,0.000000,2.482868,0.000000,0.000000,0.0000000,2.1223564,0.000000,0.000000,2.365218,1.9860873,0.000000,2.1107109,2.346632,2.212672,2.0586080,0.000000,2.221801,0.0000000,0.0000000,0.000000,0.000000,0.000000,0.000000,0.000000,2.301393,2.370485,0.000000,2.4686180,2.229336,0.000000,1.7691590,2.515589,2.207773,0.0000000
0.000000,1.962520,0.0000000,0.000000,0.0000000,0.000000,0.0000000,0.000000,2.235021,0.000000,2.3098147,2.1333394,2.128176,2.480357,2.294113,2.482245,2.093891,2.2709710,0.000000,0.000000,2.0656553,2.039874,2.059899,2.323645,0.000000,2.095575,0.000000,2.000916,2.2005318,0.000000,0.000000,0.000000,0.000000,0.000000,0.000000,0.000000,2.452410,0.000000,1.672349,0.0000000,2.0438273,0.000000,0.000000,2.319687,2.1177556,0.000000,2.1316899,2.294787,2.325322,0.0000000,2.060873,2.285101,1.9811391,0.0000000,1.958076,0.000000,0.000000,2.215658,2.014128,2.163723,2.298380,0.000000,2.3829879,2.176551,0.000000,1.8642611,2.445175,2.172824,0.0000000
0.000000,2.195472,2.1743747,2.034023,0.0000000,0.000000,1.8754598,0.000000,2.272907,0.000000,2.2421060,2.1365953,0.000000,2.496342,2.315603,2.439373,0.000000,2.1343855,0.000000,0.000000,0.0000000,2.109309,1.871644,2.208220,0.000000,2.002754,1.541585,1.935885,2.2292643,0.000000,2.132004,0.000000,1.912994,2.024458,1.837815,0.000000,2.465906,0.000000,2.129714,1.9772007,2.2727426,0.000000,0.000000,2.309385,2.1474904,0.000000,2.1379165,2.368997,2.376253,0.0000000,0.000000,1.951044,0.0000000,0.0000000,2.001741,2.032973,0.000000,0.000000,0.000000,2.176202,2.185997,0.000000,2.4242604,2.218114,0.000000,2.0262962,2.419786,0.000000,0.0000000
0.000000,0.000000,0.0000000,0.000000,0.0000000,0.000000,0.0000000,2.036979,1.971662,0.000000,0.0000000,2.1957183,1.926625,2.480199,2.046478,2.405781,0.000000,2.2804407,1.875704,2.042213,1.6775339,2.062072,2.048279,2.289716,1.763876,1.823502,0.000000,1.945474,2.1021291,0.000000,2.028957,0.000000,0.000000,0.000000,1.794833,0.000000,2.333388,0.000000,0.000000,0.0000000,0.0000000,0.000000,0.000000,0.000000,0.0000000,0.000000,1.8790385,0.000000,0.000000,0.0000000,1.838251,1.901242,0.0000000,0.0000000,2.033573,0.000000,0.000000,0.000000,0.000000,2.152244,0.000000,0.000000,1.8125591,0.000000,0.000000,0.0000000,2.524118,1.867942,1.6689569
0.000000,0.000000,1.8152003,0.000000,0.0000000,0.000000,0.0000000,1.887122,1.892144,0.000000,0.0000000,2.0341912,2.235105,2.475818,2.214813,2.417771,0.000000,2.2604044,0.000000,1.994044,0.0000000,1.896527,2.033364,2.318836,0.000000,2.028460,0.000000,2.001701,2.1271901,0.000000,2.019398,0.000000,0.000000,0.000000,1.863179,0.000000,2.373937,0.000000,0.000000,0.0000000,0.0000000,0.000000,0.000000,2.191020,0.0000000,0.000000,1.5439093,0.000000,0.000000,2.1499800,0.000000,1.969936,1.9506017,0.0000000,1.816319,0.000000,1.950339,1.729859,0.000000,2.215895,0.000000,1.699662,2.0642357,2.100603,0.000000,0.0000000,2.499412,0.000000,1.8684908
0.000000,1.586812,1.8241463,0.000000,1.7599844,0.000000,1.6949995,1.825646,2.200273,0.000000,2.1415418,1.8039532,0.000000,2.491873,2.385059,2.408084,0.000000,2.2284984,1.817718,2.009234,2.2321205,2.095208,2.031249,2.275550,1.483235,2.082861,0.000000,1.891950,2.1432626,1.902144,2.033181,0.000000,1.566971,0.000000,0.000000,0.000000,2.326145,0.000000,0.000000,0.0000000,2.0331638,0.000000,0.000000,2.329602,1.9917062,0.000000,2.0009185,2.251795,2.069947,0.0000000,1.751270,2.201326,0.0000000,0.0000000,1.909084,0.000000,0.000000,1.693985,1.433011,2.116852,2.237369,0.000000,2.1355757,2.189126,0.000000,1.5847885,2.327898,2.119655,0.0000000
0.000000,2.065459,2.2285431,2.235865,0.0000000,0.000000,0.0000000,0.000000,1.837670,0.000000,2.1720745,0.0000000,0.000000,2.545022,2.428645,2.445217,0.000000,2.2195471,0.000000,0.000000,0.0000000,0.000000,2.086797,2.233535,0.000000,1.978466,0.000000,0.000000,2.1141307,2.035717,2.182847,0.000000,2.011008,2.228198,2.007407,1.858012,2.508798,2.098381,2.116944,1.7092912,2.1347529,0.000000,2.240757,2.390636,2.1314297,0.000000,2.1117665,2.317131,2.326341,0.0000000,0.000000,2.262898,0.0000000,0.0000000,0.000000,0.000000,0.000000,2.124197,0.000000,2.262903,2.352657,0.000000,2.3000788,2.159275,0.000000,0.0000000,2.532094,2.215473,0.0000000
0.000000,2.167184,2.2681698,2.297066,0.0000000,0.000000,2.1906033,0.000000,2.015903,0.000000,2.3353632,2.0642866,2.206475,2.545210,2.400685,2.403637,0.000000,2.2302681,0.000000,1.934365,0.0000000,2.069755,2.010612,2.255420,0.000000,2.096784,1.983778,0.000000,2.1103006,2.176907,2.017623,0.000000,2.038785,2.032184,2.046507,2.038940,2.467208,2.141014,2.173473,1.7612516,2.1599903,0.000000,0.000000,2.404590,2.2228555,0.000000,2.2553230,2.352263,2.340886,0.0000000,0.000000,2.264274,0.0000000,0.0000000,1.987551,0.000000,0.000000,2.034642,0.000000,2.271145,2.366625,0.000000,2.4807519,2.222432,0.000000,0.0000000,2.487766,2.361583,2.1883081
0.000000,1.976948,1.9174560,1.596265,2.2282102,0.000000,0.0000000,0.000000,0.000000,0.000000,2.2177842,2.0916543,2.214987,2.459467,2.231270,2.431142,2.220583,2.0361071,1.872297,0.000000,2.0088251,1.995835,1.864181,2.229301,0.000000,1.874033,1.827052,0.000000,2.0802238,0.000000,2.119163,0.000000,0.000000,0.000000,1.772355,1.982122,2.357755,0.000000,0.000000,2.0899532,2.0612077,0.000000,0.000000,2.364504,2.1108787,0.000000,2.0121423,2.236623,2.175275,2.0966295,1.912091,2.329616,0.0000000,0.0000000,1.724827,0.000000,2.094440,2.063547,0.000000,2.088580,2.150232,0.000000,2.3575563,2.117924,0.000000,1.8433596,2.359479,2.278686,1.4940392
0.000000,0.000000,1.7184992,1.630695,2.1265917,0.000000,1.6275739,0.000000,2.190432,0.000000,2.2254105,2.0361038,2.211529,2.467473,2.267429,2.411418,0.000000,2.3191483,1.752938,1.509006,2.0846427,2.190535,1.774143,2.245834,0.000000,2.076920,1.981715,2.000140,1.5993667,2.122790,2.081312,0.000000,1.849060,0.000000,1.823798,0.000000,2.376543,0.000000,2.000688,2.0901934,2.0730296,0.000000,0.000000,2.357885,1.9776231,0.000000,2.0380410,2.269665,2.118590,2.0348773,1.687100,2.138310,0.0000000,0.0000000,1.815969,0.000000,2.067072,2.036812,0.000000,2.101118,2.125301,0.000000,2.4018640,2.187072,0.000000,1.6978559,2.373370,2.271047,0.0000000
0.000000,2.125994,2.2422558,1.773124,0.0000000,0.000000,2.0101411,0.000000,0.000000,0.000000,2.2429241,1.9447901,2.133688,2.447408,2.191039,2.469674,0.000000,2.0028895,0.000000,0.000000,2.0221287,1.787666,1.912188,2.217585,0.000000,0.000000,0.000000,0.000000,2.1703786,2.145336,1.930518,0.000000,0.000000,0.000000,0.000000,2.136432,2.526426,2.110034,2.224931,2.2624656,2.2092430,0.000000,0.000000,2.153588,1.7809964,0.000000,2.1591022,2.368977,2.170360,2.1677990,2.064783,2.258555,0.0000000,1.7355231,1.883666,0.000000,0.000000,0.000000,2.150296,2.216203,2.283004,0.000000,2.5169900,2.184638,0.000000,1.9207345,2.451887,2.386041,1.9578771
0.000000,0.000000,0.0000000,0.000000,0.0000000,0.000000,0.0000000,1.850187,0.000000,0.000000,0.0000000,1.9644101,2.080220,2.510173,2.421766,2.433167,0.000000,2.2021634,0.000000,1.920665,0.0000000,1.844650,2.029005,2.304446,0.000000,1.846967,0.000000,1.565222,2.1440806,0.000000,2.007274,0.000000,0.000000,0.000000,1.993294,1.555445,2.496998,0.000000,0.000000,0.0000000,0.0000000,0.000000,0.000000,1.883586,1.9891276,0.000000,0.0000000,0.000000,0.000000,0.0000000,0.000000,2.003527,1.9700467,0.0000000,1.844056,0.000000,0.000000,0.000000,0.000000,2.221338,0.000000,0.000000,2.1176970,2.074272,0.000000,0.0000000,2.548130,2.142391,2.0580866
0.000000,0.000000,2.2095046,0.000000,0.0000000,0.000000,0.0000000,0.000000,0.000000,0.000000,2.2371669,2.2640505,1.960779,2.518060,2.246580,2.403904,0.000000,2.3626618,0.000000,1.969428,0.0000000,0.000000,1.975097,2.277314,0.000000,2.021036,0.000000,0.000000,2.0226347,0.000000,0.000000,0.000000,0.000000,0.000000,1.823664,2.023327,2.525684,0.000000,2.197150,0.0000000,0.0000000,0.000000,2.102940,2.482305,2.2154989,0.000000,1.9052857,2.240607,2.170596,0.0000000,0.000000,2.393720,0.0000000,0.0000000,2.228305,0.000000,0.000000,2.168901,1.973678,2.264439,2.324928,0.000000,2.3332043,2.079843,0.000000,1.8176151,2.414494,2.214714,0.0000000
0.000000,2.141883,0.0000000,1.834742,0.0000000,0.000000,1.9756830,0.000000,0.000000,0.000000,2.1515516,2.1922282,2.156585,2.467893,2.208533,2.476306,0.000000,2.1930992,0.000000,0.000000,0.0000000,2.026534,2.012157,2.197727,0.000000,2.077261,0.000000,2.056688,2.1095635,2.154879,1.923771,0.000000,0.000000,2.058981,0.000000,1.985834,2.420905,1.884560,2.223018,2.1726317,1.9209375,0.000000,2.164793,2.421046,1.8586788,0.000000,2.0894077,2.310625,2.248942,2.2142663,0.000000,2.285717,0.0000000,0.0000000,2.023491,0.000000,0.000000,1.841437,1.929316,2.123532,2.300247,0.000000,2.3909676,2.163470,0.000000,2.0288398,2.428444,0.000000,0.0000000
0.000000,0.000000,0.0000000,0.000000,0.0000000,0.000000,0.0000000,0.000000,0.000000,0.000000,2.0352045,1.8793656,1.676883,2.482703,2.309633,2.418108,0.000000,1.8242712,0.000000,0.000000,2.0181490,0.000000,0.000000,2.179734,0.000000,1.865334,0.000000,0.000000,1.9207216,0.000000,2.020787,0.000000,0.000000,0.000000,0.000000,1.570049,2.426892,0.000000,0.000000,0.0000000,0.0000000,0.000000,0.000000,2.298568,1.8036126,0.000000,1.6632155,2.145431,1.853311,0.0000000,0.000000,2.152208,2.0300593,0.0000000,1.807826,0.000000,0.000000,0.000000,0.000000,2.080407,2.192763,0.000000,2.1173398,2.012997,0.000000,0.0000000,2.362610,2.259894,0.0000000
0.000000,1.986706,2.0918776,1.821716,2.0752376,0.000000,1.6403259,0.000000,2.171372,0.000000,2.0015776,2.0321567,2.124015,2.467355,2.289314,2.365844,2.044426,2.1237824,0.000000,1.980577,0.0000000,2.012380,1.934597,2.270644,0.000000,2.033429,2.077223,1.809134,2.0744405,0.000000,2.061588,0.000000,0.000000,0.000000,0.000000,1.619155,2.420519,1.931598,1.956017,0.0000000,2.0750907,0.000000,0.000000,2.295726,2.0297702,0.000000,2.1137399,2.296148,2.055126,2.1641350,1.813535,2.034691,0.0000000,0.0000000,0.000000,0.000000,0.000000,1.863588,2.075901,1.949547,2.101304,0.000000,2.2477679,2.199002,0.000000,0.0000000,2.449481,2.251421,0.0000000
0.000000,2.017351,2.1341160,0.000000,0.0000000,0.000000,0.0000000,0.000000,1.975980,0.000000,2.2350009,1.9957502,1.885777,2.478383,2.308400,2.402881,0.000000,2.1408420,0.000000,1.877349,0.0000000,0.000000,1.715158,2.227708,0.000000,0.000000,0.000000,1.867611,1.9595605,0.000000,1.849625,0.000000,2.078307,1.985049,1.715780,1.817821,2.353479,1.934163,1.691672,1.7775915,2.1317667,0.000000,0.000000,2.059633,2.0156381,0.000000,2.1873056,2.363742,2.066449,0.0000000,1.698467,2.185715,0.0000000,0.0000000,1.830273,0.000000,0.000000,2.022449,0.000000,2.150042,2.194721,0.000000,2.3773816,2.198192,0.000000,1.8675659,2.452152,2.105569,1.5885628
0.000000,2.096330,2.3120196,2.191514,0.0000000,0.000000,2.5058521,0.000000,0.000000,0.000000,2.2344478,0.0000000,0.000000,2.554917,2.494723,2.487840,0.000000,2.2543160,0.000000,0.000000,0.0000000,2.135220,2.266983,2.257260,0.000000,0.000000,0.000000,0.000000,2.1851167,0.000000,1.962414,0.000000,0.000000,0.000000,0.000000,1.922814,2.480874,0.000000,2.304807,2.2559081,2.1631079,0.000000,0.000000,2.463756,2.0929570,0.000000,2.0938160,2.376863,0.000000,0.0000000,0.000000,0.000000,0.0000000,2.0240170,0.000000,0.000000,0.000000,2.310577,0.000000,2.060236,2.252680,0.000000,2.5396129,2.282058,0.000000,0.0000000,2.536341,2.365199,0.0000000
0.000000,2.120357,2.1979178,2.073893,1.7499888,0.000000,1.9923186,0.000000,0.000000,0.000000,1.8859181,2.1484433,2.108400,2.404950,2.248441,2.443592,0.000000,2.1018300,1.795042,1.826912,0.0000000,1.829940,1.899399,2.310475,0.000000,1.718591,0.000000,0.000000,1.9847239,0.000000,1.869608,0.000000,1.768830,2.095490,1.655666,2.038917,2.323843,2.201971,2.229790,2.0301684,2.1461260,0.000000,2.108387,2.389088,2.0639690,0.000000,1.5248749,2.372457,2.233750,2.1237141,2.146909,2.182956,0.0000000,0.0000000,1.952171,1.894144,2.260376,2.177711,0.000000,2.192615,2.057993,0.000000,2.3620937,2.032948,0.000000,1.8957694,2.474167,2.265562,0.0000000
0.000000,2.265062,0.0000000,2.009773,0.0000000,1.860017,0.0000000,0.000000,0.000000,0.000000,2.1005880,0.0000000,2.061445,2.449250,2.190676,2.369255,2.218835,2.3454074,1.759942,0.000000,0.0000000,2.064223,2.252456,2.175719,1.892052,1.993865,1.670020,2.017684,2.1336530,0.000000,1.845355,0.000000,0.000000,2.103660,0.000000,1.853836,2.423871,2.220032,2.303002,1.9929497,2.2867377,0.000000,0.000000,2.389244,1.9357007,0.000000,2.1833147,2.377953,1.907201,1.9581437,1.961896,2.182306,0.0000000,1.9709436,0.000000,1.974890,0.000000,2.182989,2.114855,2.199928,2.088272,0.000000,2.5040558,2.220001,0.000000,1.6849351,2.353883,0.000000,0.0000000
0.000000,2.045216,2.1401011,2.067868,0.0000000,0.000000,1.8039738,0.000000,1.915170,0.000000,2.0103767,2.1302553,1.820987,2.476831,2.230787,2.368137,0.000000,2.4406118,0.000000,1.880248,1.8489859,2.194341,1.892580,2.200291,0.000000,1.540602,0.000000,2.118802,0.0000000,1.911131,1.893884,0.000000,0.000000,0.000000,1.806010,0.000000,2.372292,0.000000,2.063396,1.8844860,2.1639396,0.000000,0.000000,2.225614,1.4795905,0.000000,2.0084911,2.349896,2.230965,0.0000000,2.081405,2.161551,0.0000000,0.0000000,0.000000,0.000000,0.000000,1.926975,1.548469,2.212189,2.171446,0.000000,2.2893931,2.146491,0.000000,0.0000000,2.368582,1.949437,1.7711160
0.000000,2.031292,1.5547899,2.157176,1.9619827,0.000000,1.7008263,0.000000,2.145545,0.000000,2.2661251,2.1581013,2.043373,2.483062,2.304999,2.400024,0.000000,2.2488847,1.914695,1.913205,0.0000000,2.086573,1.614921,2.253020,1.634264,1.994250,2.029309,0.000000,0.0000000,0.000000,0.000000,0.000000,0.000000,1.823359,1.585550,1.828140,2.481182,1.860340,2.096127,1.7775420,2.1100888,0.000000,0.000000,2.389730,2.0517171,0.000000,2.2051703,2.282902,2.236996,2.2357017,1.999874,2.103911,0.0000000,0.0000000,1.893495,0.000000,0.000000,1.979225,0.000000,2.207731,2.226136,0.000000,2.4570319,2.222436,0.000000,1.6016464,2.465163,2.273530,1.8398372
0.000000,0.000000,1.7906285,0.000000,0.0000000,0.000000,0.0000000,2.122283,2.093578,2.005429,0.0000000,2.0861400,2.077791,2.515174,2.227333,2.468843,0.000000,2.2242504,0.000000,1.907900,0.0000000,1.878454,2.170936,2.286579,0.000000,2.026298,0.000000,1.659189,2.2168707,0.000000,2.146216,0.000000,0.000000,0.000000,2.000419,0.000000,2.430175,0.000000,0.000000,0.0000000,0.0000000,0.000000,0.000000,1.963731,0.0000000,0.000000,0.0000000,0.000000,0.000000,0.0000000,2.124428,2.078172,2.0396080,0.0000000,2.214983,0.000000,0.000000,0.000000,0.000000,2.194530,1.737749,0.000000,2.0610251,2.116078,0.000000,0.0000000,2.573270,2.118911,0.0000000
0.000000,2.160095,2.2076696,2.031231,0.0000000,0.000000,1.8867238,0.000000,0.000000,0.000000,2.0914469,2.1845395,1.996771,2.452677,1.992362,2.424000,0.000000,2.3659559,0.000000,1.965763,0.0000000,2.177523,1.804919,2.331750,0.000000,2.136243,0.000000,2.054996,0.0000000,0.000000,2.027440,0.000000,0.000000,2.044631,1.914214,1.661361,2.475997,2.167704,1.852906,2.3019659,2.4481226,0.000000,0.000000,2.248246,2.0019606,0.000000,2.0777274,2.200483,2.237189,0.0000000,0.000000,2.312806,0.0000000,2.1902631,2.050384,1.941646,1.931145,0.000000,0.000000,2.177053,2.261282,0.000000,2.3558894,1.988569,0.000000,0.0000000,2.489988,2.162931,0.0000000
0.000000,2.203203,2.2279100,2.228073,0.0000000,0.000000,0.0000000,0.000000,1.905840,0.000000,2.2215666,1.8491051,0.000000,2.529952,2.273429,2.393666,0.000000,2.2908597,0.000000,1.811635,0.0000000,0.000000,0.000000,2.239002,0.000000,1.871051,0.000000,1.939704,1.6779184,1.661840,0.000000,0.000000,1.991548,0.000000,1.992928,0.000000,2.529836,0.000000,2.095106,0.0000000,1.6675280,0.000000,2.003500,2.383317,0.0000000,0.000000,2.1790356,2.344004,2.286503,0.0000000,2.222935,2.207347,0.0000000,1.8710064,1.969755,0.000000,1.889887,2.001483,0.000000,2.292596,2.274865,0.000000,2.3526819,2.083187,0.000000,1.7280851,2.410958,2.090582,0.0000000
0.000000,1.748937,1.8259725,0.000000,0.0000000,0.000000,0.0000000,1.990750,1.925419,0.000000,0.0000000,2.0493534,2.168744,2.474078,2.229670,2.391512,1.425407,2.3322688,1.704329,1.981977,1.9527655,1.962609,1.965082,2.387431,1.628588,1.995264,0.000000,1.946162,2.0855353,0.000000,1.960439,0.000000,0.000000,1.775946,1.757189,0.000000,2.339194,1.837045,0.000000,0.0000000,0.0000000,0.000000,0.000000,2.131257,0.0000000,0.000000,1.7631663,0.000000,0.000000,0.0000000,1.957874,1.937694,0.0000000,1.4312367,1.853383,0.000000,0.000000,1.451246,0.000000,2.103409,1.498452,0.000000,1.9130815,2.065849,0.000000,0.0000000,2.319195,1.912562,0.0000000
0.000000,1.916347,1.9114611,0.000000,0.0000000,0.000000,0.0000000,1.981410,1.910243,1.917916,0.0000000,2.1825362,2.109840,2.483419,2.185069,2.407847,1.777653,2.3354770,1.839175,2.044278,1.7212797,2.176784,2.030012,2.304931,1.781190,2.159498,0.000000,2.076774,0.0000000,0.000000,1.920817,0.000000,0.000000,1.772059,2.007976,0.000000,2.409679,1.708859,0.000000,0.0000000,0.0000000,1.744919,0.000000,1.871493,0.0000000,0.000000,1.7494039,0.000000,0.000000,2.0344068,2.008428,2.159387,0.0000000,0.0000000,2.285831,0.000000,1.896105,1.643751,1.583981,2.150267,0.000000,0.000000,2.1446683,2.100377,1.404532,0.0000000,2.506787,1.885992,0.0000000
0.000000,0.000000,1.7761592,0.000000,0.0000000,0.000000,0.0000000,1.935662,0.000000,0.000000,0.0000000,2.1177837,2.087603,2.461103,2.231562,2.393948,0.000000,2.3993693,1.949033,2.000923,0.0000000,2.237596,2.047134,2.240828,1.738657,2.053885,0.000000,2.179666,0.0000000,0.000000,1.691298,0.000000,0.000000,1.723279,1.734431,0.000000,2.368273,0.000000,0.000000,0.0000000,0.0000000,0.000000,0.000000,1.981357,0.0000000,0.000000,1.6246260,0.000000,0.000000,2.0977783,1.969137,2.143817,0.0000000,0.0000000,1.908429,0.000000,1.860367,0.000000,0.000000,2.145243,0.000000,0.000000,2.0678136,2.047676,0.000000,0.0000000,2.543872,1.832046,1.5184839
0.000000,0.000000,1.7343973,1.414602,0.0000000,0.000000,1.2009786,1.985396,1.879514,0.000000,0.0000000,2.1573331,2.210998,2.438488,2.220308,2.449848,0.000000,2.0402224,1.533170,1.973380,1.4785139,2.146954,2.036715,2.279672,0.000000,2.050547,0.000000,0.000000,0.0000000,0.000000,1.989570,0.000000,0.000000,0.000000,2.037819,0.000000,2.355775,1.826710,0.000000,0.0000000,0.0000000,0.000000,0.000000,2.027207,1.8926388,0.000000,1.6160164,0.000000,0.000000,1.5920519,1.942220,2.031678,2.0267010,1.4986597,2.057388,0.000000,1.830955,1.644077,0.000000,2.171889,1.745352,1.917314,1.9653369,2.028240,1.575776,0.0000000,2.445339,1.768949,1.8280442
0.000000,0.000000,2.0141465,0.000000,0.0000000,0.000000,0.0000000,1.983517,2.053742,0.000000,0.0000000,2.0513987,2.138099,2.492172,2.045841,2.417742,0.000000,2.2365319,2.083069,2.122269,0.0000000,2.017068,2.098637,2.332969,1.932889,2.094154,0.000000,1.915890,2.1215793,0.000000,1.742688,0.000000,0.000000,0.000000,1.922516,0.000000,2.360967,1.747331,0.000000,0.0000000,0.0000000,0.000000,0.000000,1.906788,0.0000000,0.000000,1.8412555,0.000000,0.000000,2.0190484,2.057330,2.066107,2.2129036,0.0000000,2.251944,1.748288,1.685256,0.000000,0.000000,2.091728,0.000000,0.000000,2.0293812,1.994726,0.000000,0.0000000,2.578424,0.000000,1.7749021
0.000000,1.771646,1.7034762,1.450083,0.0000000,0.000000,0.0000000,1.940731,2.008194,0.000000,0.0000000,2.0034629,2.187637,2.464309,2.219548,2.481033,0.000000,2.1615598,1.533341,1.981863,0.0000000,1.935528,2.079970,2.303620,1.885227,1.885210,0.000000,1.637385,2.1225155,0.000000,2.009830,0.000000,0.000000,2.043791,1.726447,0.000000,2.284813,1.543748,0.000000,0.0000000,0.0000000,0.000000,0.000000,2.114576,0.0000000,0.000000,0.0000000,0.000000,0.000000,2.0637030,2.022942,1.909820,0.0000000,0.0000000,2.247350,0.000000,2.101337,0.000000,0.000000,2.097500,1.494464,0.000000,0.0000000,2.091145,1.743503,0.0000000,2.572304,2.096072,1.7427823
0.000000,0.000000,1.9272179,0.000000,0.0000000,0.000000,0.0000000,1.917163,1.736313,0.000000,0.0000000,0.0000000,2.082303,2.539105,2.307528,2.419137,0.000000,2.1827602,1.958163,2.044786,0.0000000,1.912980,2.098925,2.306155,0.000000,1.990499,0.000000,1.721026,2.1605339,0.000000,1.740039,0.000000,0.000000,1.924251,1.615134,0.000000,2.338151,0.000000,0.000000,0.0000000,0.0000000,0.000000,0.000000,2.120691,1.9310491,0.000000,1.9859595,0.000000,0.000000,1.7613209,1.859129,1.736148,0.0000000,0.0000000,2.226308,0.000000,2.209426,1.779891,0.000000,2.061437,0.000000,0.000000,1.7907642,2.174421,0.000000,0.0000000,2.551213,2.110240,0.0000000
0.000000,2.039742,2.1417168,2.026754,0.0000000,0.000000,0.0000000,0.000000,2.069035,0.000000,2.1766439,2.1148926,2.044379,2.441139,2.206787,2.408054,0.000000,2.1191305,0.000000,1.803685,1.7280157,2.130456,1.749599,2.262617,0.000000,1.899984,1.700992,2.014159,0.0000000,2.031461,0.000000,0.000000,0.000000,0.000000,1.777170,0.000000,2.445982,1.982976,0.000000,2.2068253,2.0400804,0.000000,0.000000,2.244034,2.0301596,0.000000,2.1042078,2.241714,2.127048,1.9270494,1.876034,2.083867,0.0000000,0.0000000,1.516239,0.000000,0.000000,0.000000,0.000000,2.145327,2.175181,0.000000,2.3286211,2.143996,0.000000,0.0000000,2.392638,0.000000,1.9974763
0.000000,2.005685,1.9686167,0.000000,0.0000000,0.000000,0.0000000,0.000000,2.158650,0.000000,2.0967533,2.0649283,1.869185,2.474681,2.292670,2.335312,2.129188,2.1697742,0.000000,0.000000,1.9408264,1.803540,1.540383,2.223694,0.000000,1.742279,0.000000,0.000000,1.9993493,0.000000,0.000000,0.000000,1.692440,0.000000,1.916038,1.874785,2.361315,0.000000,2.017009,0.0000000,2.0765415,0.000000,1.652938,2.430477,2.0011686,0.000000,1.9958515,2.259644,2.119601,1.9756886,1.987662,2.154798,0.0000000,0.0000000,2.082125,0.000000,0.000000,0.000000,0.000000,2.118012,2.143191,0.000000,2.1602013,2.177381,0.000000,0.0000000,2.420081,2.152748,0.0000000
0.000000,2.068342,2.1718175,0.000000,2.1901615,0.000000,1.8192976,0.000000,1.700266,0.000000,1.9353006,1.9935295,1.891219,2.472904,2.269560,2.386672,2.253500,2.1943763,0.000000,0.000000,1.9449651,0.000000,0.000000,2.195705,0.000000,0.000000,0.000000,1.842745,0.0000000,0.000000,0.000000,0.000000,1.755569,2.101765,0.000000,0.000000,2.407354,2.171681,2.042731,2.1588747,2.2119393,0.000000,0.000000,2.396767,2.1255379,0.000000,2.0302001,2.310396,2.179887,1.8334467,0.000000,2.285258,0.0000000,2.0308594,1.921549,0.000000,0.000000,2.075429,2.015245,2.155333,2.083477,0.000000,2.2330317,2.277531,1.694655,1.9209591,2.459941,2.160393,0.0000000
0.000000,0.000000,2.1913147,0.000000,0.0000000,0.000000,1.9458326,0.000000,0.000000,0.000000,2.1881132,1.8449723,2.012208,2.498879,2.179067,2.425428,2.155428,2.1363705,0.000000,0.000000,0.0000000,1.754019,0.000000,2.118240,0.000000,0.000000,0.000000,1.977842,1.9217761,0.000000,0.000000,0.000000,2.065751,0.000000,0.000000,1.918533,2.517299,1.986401,2.021019,2.0110890,2.0935013,0.000000,0.000000,2.373370,2.1165433,0.000000,2.1817591,2.271258,2.165762,2.2450062,0.000000,2.204988,0.0000000,2.0025028,1.964849,0.000000,0.000000,1.974932,0.000000,2.017382,2.143456,0.000000,2.3619323,2.212929,0.000000,1.7853247,2.464016,2.110714,1.9220587
0.000000,1.989366,2.2953306,2.232793,2.1939197,0.000000,0.0000000,0.000000,2.278658,0.000000,2.2810982,2.1403487,2.123519,2.496616,2.259591,2.434489,2.293664,2.2276793,0.000000,2.077315,0.0000000,1.956808,1.885442,2.342170,0.000000,1.889421,2.212507,0.000000,1.7156856,0.000000,0.000000,0.000000,2.158992,1.972043,0.000000,1.998035,2.367243,1.988261,2.298112,0.0000000,2.1532577,0.000000,0.000000,2.391845,2.1622269,0.000000,2.2545440,2.409914,2.168133,1.9628538,2.184146,2.231036,0.0000000,2.0777956,1.997304,0.000000,0.000000,0.000000,0.000000,2.074276,2.280374,0.000000,2.4537423,2.214212,0.000000,0.0000000,2.453518,2.284170,0.0000000
0.000000,2.079821,2.2013005,2.083892,0.0000000,0.000000,0.0000000,0.000000,2.204337,0.000000,2.2455936,2.1612337,2.127503,2.473374,2.236674,2.404124,2.217605,2.3509140,1.858526,1.965349,2.0233605,2.270234,2.097923,2.276551,0.000000,1.982280,1.759901,0.000000,0.0000000,0.000000,1.697539,0.000000,0.000000,1.802315,0.000000,2.128527,2.373697,0.000000,2.293886,0.0000000,2.1084852,0.000000,0.000000,2.407659,2.0536978,0.000000,2.0571172,2.332034,2.086016,2.0875568,2.085903,2.136499,0.0000000,0.0000000,2.024694,0.000000,2.082738,2.003609,1.854718,1.935154,2.176305,0.000000,2.3557939,2.216485,0.000000,1.9957526,2.359034,2.275288,2.0681950
0.000000,1.872996,1.8055315,0.000000,0.0000000,0.000000,0.0000000,1.971708,1.905047,0.000000,0.0000000,2.1540662,2.204152,2.446359,2.191236,2.404919,0.000000,2.4094201,1.903939,1.935708,1.9305820,2.215035,2.075623,2.264736,1.662688,2.112420,1.649733,2.181413,0.0000000,0.000000,1.630567,0.000000,0.000000,1.750661,1.748333,0.000000,2.354748,1.777107,0.000000,0.0000000,0.0000000,0.000000,0.000000,1.998809,0.0000000,0.000000,1.5797969,0.000000,0.000000,2.0600604,1.972141,2.031968,2.0320702,0.0000000,2.014626,1.691848,1.643870,0.000000,0.000000,2.115760,0.000000,0.000000,2.0434579,2.060297,1.653498,0.0000000,2.484458,1.777889,1.4662413
0.000000,1.885624,0.0000000,0.000000,0.0000000,0.000000,0.0000000,1.892101,1.951854,2.625045,0.0000000,1.9421762,2.171004,2.487058,2.163076,2.450500,0.000000,2.2758475,0.000000,1.997875,2.1168140,1.859364,2.065255,2.341714,1.761487,2.018501,0.000000,0.000000,2.0432649,0.000000,2.083001,0.000000,0.000000,0.000000,2.027271,0.000000,2.422524,1.824663,0.000000,0.0000000,0.0000000,0.000000,0.000000,2.099031,1.9497325,0.000000,1.5771123,0.000000,0.000000,2.0907854,1.871958,2.111823,0.0000000,0.0000000,1.965225,0.000000,1.985432,0.000000,0.000000,2.198308,1.834858,0.000000,2.0717570,2.138729,0.000000,0.0000000,2.544041,1.886398,1.9857165
0.000000,1.868323,1.9034601,1.618567,0.0000000,0.000000,0.0000000,1.988621,1.828926,2.429182,1.3748262,2.0955021,2.198954,2.461880,2.211857,2.393204,0.000000,2.2112739,1.946765,1.959583,1.4967836,2.132488,2.039039,2.249380,1.791047,2.028505,1.350199,1.664892,0.0000000,0.000000,1.524396,0.000000,0.000000,0.000000,1.965841,0.000000,2.382784,0.000000,0.000000,1.3987713,0.0000000,1.742436,1.668626,2.127662,0.0000000,0.000000,1.8443958,0.000000,0.000000,2.0757902,0.000000,2.126095,2.0543381,0.0000000,1.829486,0.000000,1.731529,1.756202,0.000000,2.149081,1.648149,1.729345,2.1290519,2.094086,0.000000,0.0000000,2.506704,1.739253,1.6790185
0.000000,1.712723,0.0000000,0.000000,0.0000000,0.000000,0.0000000,0.000000,1.994533,0.000000,0.0000000,2.1979888,2.211172,2.493211,2.371511,2.463303,0.000000,2.1411690,0.000000,2.006017,0.0000000,1.909589,1.980534,2.350476,1.880094,1.810370,0.000000,0.000000,2.1058468,0.000000,2.037193,0.000000,0.000000,0.000000,0.000000,0.000000,2.358713,0.000000,0.000000,0.0000000,0.0000000,0.000000,0.000000,2.108283,0.0000000,0.000000,1.6727714,0.000000,0.000000,2.0140032,1.913146,2.098613,0.0000000,0.0000000,2.059625,0.000000,1.843095,0.000000,0.000000,2.037653,0.000000,0.000000,1.7770328,2.116900,0.000000,0.0000000,2.543093,2.139704,0.0000000
0.000000,1.758013,1.8223772,0.000000,0.0000000,0.000000,0.0000000,0.000000,2.089264,0.000000,0.0000000,0.0000000,2.169614,2.491815,2.240393,2.347515,0.000000,2.3027682,0.000000,1.754223,0.0000000,2.173983,2.050199,2.197547,0.000000,2.055650,0.000000,2.149011,0.0000000,0.000000,1.942078,0.000000,0.000000,0.000000,0.000000,0.000000,2.200640,0.000000,0.000000,0.0000000,0.0000000,0.000000,0.000000,0.000000,0.0000000,0.000000,1.7880011,0.000000,0.000000,2.0460327,0.000000,1.892762,0.0000000,0.0000000,1.642437,0.000000,1.813458,0.000000,0.000000,1.743049,0.000000,0.000000,0.0000000,2.119156,0.000000,0.0000000,2.462619,0.000000,0.0000000
0.000000,2.101733,2.1727182,2.243467,2.1307340,0.000000,1.7213884,0.000000,1.892794,0.000000,2.3202834,2.1798617,2.140785,2.491707,2.213339,2.433449,2.153096,2.3209376,1.623385,1.908800,1.9799121,2.074486,1.918423,2.242247,1.736083,0.000000,0.000000,1.917287,2.0538725,0.000000,2.049804,0.000000,0.000000,0.000000,1.889613,1.932735,2.499279,1.984690,2.187534,0.0000000,2.0564309,0.000000,0.000000,2.441684,2.1392357,0.000000,2.0750149,2.064508,2.320632,0.0000000,2.014925,2.215241,0.0000000,0.0000000,2.167753,1.618220,1.891501,1.877824,0.000000,2.310749,2.318936,0.000000,2.4153816,2.223169,1.953950,1.6093348,2.388418,2.339969,0.0000000
0.000000,2.162568,2.0937609,2.121982,0.0000000,0.000000,0.0000000,0.000000,2.056357,0.000000,2.2087201,2.0782643,2.142141,2.472514,2.143936,2.433396,1.994383,2.3250010,0.000000,1.922975,0.0000000,2.049468,2.003352,2.194898,1.811127,1.769880,1.957935,2.157188,2.1079266,0.000000,2.112682,0.000000,0.000000,1.848807,1.858443,1.681219,2.387801,0.000000,1.917633,1.9006979,2.1492100,0.000000,0.000000,2.205920,2.0011191,0.000000,1.8066381,2.187123,2.301449,2.0906877,1.790922,2.131906,0.0000000,1.8397018,1.799918,0.000000,0.000000,0.000000,0.000000,2.111528,2.173375,0.000000,2.4479386,2.207373,0.000000,1.8035506,2.483124,0.000000,1.9944261
0.000000,2.145013,2.0158570,2.028346,0.0000000,0.000000,0.0000000,0.000000,1.940135,0.000000,2.1874552,2.1301789,0.000000,2.532436,2.206600,2.394234,2.100006,2.1864304,1.575060,2.031090,1.9770330,2.146765,1.855692,2.311253,0.000000,0.000000,0.000000,1.918749,0.0000000,0.000000,2.043230,0.000000,0.000000,2.224515,1.869211,0.000000,2.385776,1.895091,2.068761,2.0348706,2.2482286,0.000000,0.000000,2.264055,2.1303274,0.000000,2.0657610,2.371488,2.089697,1.8253900,2.023252,2.240455,0.0000000,2.0798894,2.064429,0.000000,1.926774,2.170219,2.076912,2.280906,2.187995,0.000000,2.3577360,2.197064,0.000000,1.7934417,2.551209,2.307300,1.8723531
0.000000,2.032807,1.9875237,2.001486,0.0000000,0.000000,0.0000000,1.706461,0.000000,0.000000,1.7964724,2.0824048,0.000000,2.413163,2.202289,2.341335,0.000000,2.3522814,1.856364,1.884509,1.8778062,2.106305,1.899628,2.294177,1.842135,2.038633,0.000000,2.147825,0.0000000,1.706561,1.951275,0.000000,1.480661,1.981908,1.883056,0.000000,2.345310,0.000000,1.884709,2.1452898,1.6790423,1.798157,0.000000,2.147986,1.8931854,0.000000,1.9355547,0.000000,1.864746,0.0000000,2.046347,2.220079,0.0000000,0.0000000,0.000000,0.000000,0.000000,1.929574,0.000000,2.271913,2.065814,0.000000,2.2556846,2.210539,0.000000,0.0000000,2.355383,2.074926,0.0000000
0.000000,2.047820,2.0565064,1.943023,1.9042534,0.000000,0.0000000,0.000000,0.000000,0.000000,2.0561647,2.0667830,1.814150,2.493397,2.266623,2.363767,0.000000,2.2085456,1.428846,0.000000,0.0000000,0.000000,1.936939,2.310079,1.724614,1.830094,0.000000,0.000000,2.1340051,1.731749,1.864301,0.000000,0.000000,1.682646,1.932696,0.000000,2.110440,1.841303,0.000000,0.0000000,1.7266049,0.000000,2.170174,2.227403,0.0000000,0.000000,2.0089938,2.110065,2.255071,1.4543414,1.770075,2.242820,2.1963945,1.7916661,1.975271,0.000000,1.814437,1.916597,0.000000,2.276523,2.259551,0.000000,2.3697272,2.075368,0.000000,1.6941582,2.406325,2.107257,1.5431558
1.473273,2.216498,2.0953394,0.000000,0.0000000,0.000000,1.9587871,0.000000,2.268032,0.000000,2.3496064,2.0486843,2.060189,2.474758,2.193634,2.420379,0.000000,2.3111997,1.687417,0.000000,1.6391986,1.911284,1.976044,2.321124,0.000000,2.064411,1.910196,1.956870,1.9069946,2.150573,1.864248,0.000000,2.015988,0.000000,1.749839,1.879763,2.482428,0.000000,2.032590,2.5679967,2.3782963,1.605291,0.000000,2.348948,2.0683197,0.000000,2.1888683,2.378363,0.000000,2.2495061,1.647686,2.043191,0.0000000,1.7662805,2.056571,0.000000,1.741108,1.710561,2.216120,2.038933,2.321516,0.000000,2.5675547,2.227326,0.000000,0.0000000,2.492134,2.191485,2.1728753
0.000000,1.967206,2.0156221,1.651499,1.6801346,0.000000,0.0000000,0.000000,0.000000,0.000000,2.1163792,2.0249094,2.190027,2.475969,2.249391,2.449004,0.000000,2.3030431,1.407686,0.000000,0.0000000,2.261406,2.147702,2.129864,0.000000,1.854324,0.000000,1.444436,1.5132021,1.416747,2.050627,0.000000,0.000000,0.000000,1.593951,1.839038,2.450734,0.000000,2.136628,1.8982415,2.1452973,0.000000,0.000000,2.163789,1.8102619,0.000000,2.1110300,2.205547,2.144111,2.1340946,0.000000,2.115328,0.0000000,1.9179958,0.000000,0.000000,1.722111,1.780353,0.000000,2.165518,2.281401,0.000000,2.3134257,2.128703,0.000000,0.0000000,2.283768,0.000000,1.9421069
0.000000,1.952826,1.9344073,1.950592,2.1824370,0.000000,0.0000000,1.820896,1.897214,0.000000,2.1139546,2.1369846,2.142657,2.505020,2.319174,2.464885,0.000000,2.3234382,1.820108,2.098400,0.0000000,2.234305,2.171989,2.297613,1.601991,2.220032,1.600761,2.116200,0.0000000,0.000000,2.229138,0.000000,1.556797,0.000000,1.772406,1.837159,2.493775,0.000000,2.150974,0.0000000,2.0685863,0.000000,0.000000,2.203067,0.0000000,0.000000,1.5255314,2.233496,2.257747,1.9364284,2.006927,2.396418,2.0213439,1.9661485,2.050186,0.000000,0.000000,1.800943,0.000000,2.204673,2.174324,0.000000,2.3058252,2.311411,1.882436,1.6478598,2.373810,1.727094,0.0000000
0.000000,0.000000,1.8302562,0.000000,0.0000000,0.000000,1.8198049,2.010241,1.963067,0.000000,2.1305106,2.2305516,1.981643,2.492636,2.167811,2.472222,0.000000,2.2217239,1.805174,1.913832,1.9153640,2.018435,2.049185,2.159416,1.961083,1.900622,0.000000,1.528134,2.0918857,0.000000,2.053775,0.000000,0.000000,0.000000,2.002787,0.000000,2.433680,1.819103,0.000000,0.0000000,0.0000000,0.000000,0.000000,2.222738,0.0000000,0.000000,0.0000000,0.000000,0.000000,0.0000000,2.133155,2.148186,0.0000000,0.0000000,2.140533,0.000000,2.026303,1.914949,0.000000,2.253444,1.787943,0.000000,2.1696744,2.093103,0.000000,0.0000000,2.502457,2.045859,1.8090047
0.000000,1.900020,1.9654095,1.843561,0.0000000,0.000000,0.0000000,0.000000,1.930902,0.000000,2.0651241,2.2253427,1.956714,2.499451,2.193251,2.450965,0.000000,2.4437625,1.883229,1.931387,0.0000000,2.247942,2.008146,2.303526,0.000000,0.000000,0.000000,2.161361,0.0000000,0.000000,2.022046,0.000000,0.000000,1.686306,0.000000,1.795928,2.422406,1.861608,2.009230,0.0000000,2.0856065,0.000000,0.000000,2.033489,1.8554510,0.000000,2.0355006,2.298143,2.134862,0.0000000,2.190674,2.171960,0.0000000,1.6351122,1.942951,0.000000,0.000000,1.963872,0.000000,0.000000,2.221073,0.000000,2.2088525,2.091076,0.000000,1.6906803,2.382931,1.985972,0.0000000
0.000000,2.089789,2.1314502,2.237972,0.0000000,0.000000,0.0000000,0.000000,1.971126,0.000000,2.1887856,2.2514453,1.895890,2.507744,2.305455,2.410220,0.000000,2.2375995,0.000000,0.000000,0.0000000,2.251651,1.945279,2.186053,0.000000,2.171225,0.000000,0.000000,1.7526144,0.000000,1.992193,0.000000,0.000000,0.000000,0.000000,1.999468,2.486894,1.998252,2.303989,0.0000000,2.2606910,0.000000,0.000000,2.398464,0.0000000,0.000000,2.2927318,2.389307,2.178997,1.9620635,1.758127,2.432609,0.0000000,2.1252045,2.073943,0.000000,2.035933,2.271761,2.137173,2.219244,2.162652,0.000000,2.4259459,2.267162,0.000000,0.0000000,2.452960,2.221472,0.0000000
0.000000,1.836866,1.8721526,0.000000,0.0000000,0.000000,0.0000000,2.022794,1.920089,0.000000,0.0000000,1.7656629,1.735787,2.488055,2.192247,2.432920,0.000000,2.3984347,2.049721,1.921299,1.9657238,1.932908,1.939585,2.204448,1.888963,2.106163,0.000000,1.967806,2.1919080,0.000000,1.681008,0.000000,1.881065,0.000000,1.889608,1.365247,2.374976,0.000000,0.000000,0.0000000,0.0000000,0.000000,0.000000,1.824547,0.0000000,0.000000,1.6466380,0.000000,0.000000,0.0000000,1.921390,2.241884,2.0845415,0.0000000,1.988341,0.000000,1.897958,1.526007,0.000000,2.151280,0.000000,0.000000,2.0393369,1.961874,1.781395,0.0000000,2.533193,2.137495,0.0000000
0.000000,1.312475,1.5635020,1.727755,0.0000000,0.000000,0.0000000,1.977897,1.863447,0.000000,0.0000000,2.2261849,2.340212,2.432740,2.343192,2.477123,0.000000,2.4521933,0.000000,1.938350,0.0000000,2.106597,1.898719,2.194850,1.859053,2.239833,0.000000,2.238459,2.1715128,0.000000,1.866674,0.000000,0.000000,0.000000,1.892478,0.000000,2.286991,1.949292,0.000000,0.0000000,0.0000000,0.000000,0.000000,2.090767,0.0000000,0.000000,0.0000000,0.000000,0.000000,2.0984048,1.443417,2.178529,0.0000000,0.0000000,2.123948,0.000000,1.956438,1.817671,0.000000,2.180532,1.756961,1.496574,2.0045947,2.036552,1.666886,1.4539902,2.512680,0.000000,1.5916044
0.000000,2.246640,2.1506174,2.230965,0.0000000,0.000000,1.9676906,0.000000,1.961509,0.000000,2.1687583,2.3134620,2.037180,2.480883,2.263015,2.400438,0.000000,2.3687076,0.000000,1.771620,0.0000000,2.255512,2.055437,2.234981,0.000000,1.981680,1.909519,0.000000,0.0000000,0.000000,2.012478,0.000000,0.000000,2.045399,1.883229,0.000000,2.460390,1.971955,2.291420,0.0000000,2.1834704,0.000000,0.000000,2.382077,0.0000000,0.000000,2.1112826,2.373744,2.283803,1.9843723,1.814198,2.395119,0.0000000,2.0586327,2.039287,0.000000,2.045145,2.077402,0.000000,2.284515,2.162049,0.000000,2.4526512,2.240976,0.000000,0.0000000,2.402002,2.224144,0.0000000
0.000000,1.880065,2.1880859,1.900849,2.0179753,0.000000,2.0488684,0.000000,2.089802,0.000000,2.2774018,2.2401881,0.000000,2.435644,2.252003,2.408634,0.000000,2.4080344,1.952245,1.946423,0.0000000,2.191131,1.923416,2.275738,1.543318,1.957977,1.860182,0.000000,0.0000000,2.112852,0.000000,0.000000,0.000000,0.000000,0.000000,1.601608,2.384376,1.895212,0.000000,1.7229741,0.0000000,0.000000,0.000000,2.229654,2.0871461,0.000000,2.1994586,2.333044,2.260801,1.9757525,0.000000,2.002146,0.0000000,1.4830845,1.764881,0.000000,1.737912,2.049400,1.983235,2.274340,2.154543,0.000000,2.3917415,2.147475,0.000000,1.8459888,2.461388,0.000000,1.9793736
0.000000,1.782753,2.1806886,1.881983,2.0487622,0.000000,0.0000000,0.000000,2.180243,0.000000,2.2795949,2.2090824,2.204464,2.430877,2.239800,2.441592,0.000000,2.3583203,1.573798,1.886769,0.0000000,2.180330,2.103528,2.285616,0.000000,2.019710,1.816987,2.141485,0.0000000,0.000000,0.000000,0.000000,2.203467,0.000000,0.000000,1.867176,2.425026,1.986291,2.052313,0.0000000,2.1310002,0.000000,0.000000,2.306307,2.1200732,0.000000,2.2331019,2.375462,2.312577,2.0229907,2.025716,2.206997,0.0000000,2.0755544,2.027294,0.000000,1.973680,1.831336,1.973720,2.232042,2.189267,0.000000,2.4159888,2.156895,0.000000,1.9437857,2.436984,0.000000,1.7582116
0.000000,2.131648,2.2487337,2.161530,2.1492404,0.000000,0.0000000,0.000000,2.155897,0.000000,2.2884491,2.0730634,2.091821,2.483406,2.273901,2.390979,0.000000,2.4198965,0.000000,1.965198,0.0000000,2.279609,2.027068,2.211311,0.000000,2.016008,1.864281,1.993491,0.0000000,2.214653,0.000000,0.000000,1.884045,0.000000,1.903262,1.995514,2.436934,2.008076,2.199858,2.1082365,2.0806192,0.000000,0.000000,2.418206,0.0000000,0.000000,2.2669204,2.397275,2.247534,2.2145027,2.109321,2.162657,0.0000000,1.7309686,2.050790,0.000000,1.907580,0.000000,1.903988,2.051994,2.270749,0.000000,2.4089302,2.239935,0.000000,1.9723526,2.443805,2.342870,1.8987806
0.000000,2.123201,2.1590024,2.037145,1.7707396,0.000000,2.1176384,0.000000,1.830393,0.000000,2.2204526,2.1758662,2.119721,2.458532,2.208198,2.426919,2.113742,2.1329920,0.000000,1.754412,0.0000000,1.865973,1.743613,2.261035,1.660292,1.921269,2.052845,1.824521,1.9595319,0.000000,1.912415,0.000000,1.808487,0.000000,0.000000,0.000000,2.455877,2.039754,1.946793,2.1377403,2.0270376,0.000000,0.000000,2.290342,1.8968138,0.000000,2.0253814,2.266707,2.225146,2.1945043,1.977637,2.283739,0.0000000,0.0000000,2.087510,0.000000,0.000000,1.974770,0.000000,2.292939,2.237362,0.000000,2.3669640,2.222860,0.000000,1.9197846,2.483700,2.280359,0.0000000
0.000000,2.008419,2.1191582,2.155285,0.0000000,0.000000,1.8940064,0.000000,2.112142,0.000000,2.1918155,2.1038579,2.101856,2.428023,2.234989,2.406900,2.134989,2.2382905,1.780499,1.814188,1.8038707,2.152289,1.999940,2.230576,1.644551,2.040367,2.086522,0.000000,0.0000000,0.000000,1.885045,0.000000,0.000000,1.865684,1.593428,1.853246,2.479131,1.998305,2.123526,2.1068353,2.0282672,0.000000,0.000000,2.341866,1.7884385,0.000000,1.9646082,2.197035,2.150430,2.1813109,2.168838,2.124460,0.0000000,1.7550496,2.071397,0.000000,0.000000,1.826465,0.000000,2.271611,2.290078,0.000000,2.3003652,2.152050,0.000000,1.6169644,2.380440,0.000000,1.7413616
0.000000,1.989441,2.1375106,2.230080,2.1496106,0.000000,2.1685903,0.000000,0.000000,0.000000,2.2239326,2.0253136,2.020198,2.464583,2.281498,2.383838,2.200639,2.3426348,0.000000,0.000000,0.0000000,2.213584,1.997880,2.198061,0.000000,2.027261,2.045958,0.000000,0.0000000,2.210349,2.002867,0.000000,0.000000,1.977168,0.000000,1.937163,2.531118,2.154221,2.123768,1.8906912,1.7362470,0.000000,0.000000,2.421700,1.6544468,0.000000,2.1849530,2.328297,2.288241,2.0522830,2.115562,2.178540,0.0000000,1.9540591,2.000423,0.000000,0.000000,2.111814,0.000000,2.314073,2.366633,0.000000,2.3732481,2.208567,0.000000,1.7405026,2.406361,1.609371,1.7806207
0.000000,2.062487,2.0111242,1.935224,0.0000000,0.000000,0.0000000,0.000000,0.000000,0.000000,2.0341318,2.1290686,2.037993,2.465199,2.259207,2.414926,0.000000,2.3658046,1.892870,1.981341,0.0000000,2.207399,2.068234,2.225178,0.000000,1.824698,0.000000,0.000000,0.0000000,0.000000,1.701612,0.000000,1.800458,2.208639,0.000000,0.000000,2.458655,2.144856,1.936245,2.0492327,2.1433767,0.000000,0.000000,2.266544,1.9702156,0.000000,2.1585237,2.302396,2.123888,1.9251016,2.024095,2.193609,0.0000000,1.9142005,2.115089,0.000000,2.115516,2.018835,2.029758,2.050969,2.046527,0.000000,2.2847093,2.150325,0.000000,1.9317485,2.460382,0.000000,1.6555833
0.000000,2.194041,2.2249809,2.157650,0.0000000,0.000000,0.0000000,0.000000,2.094153,0.000000,2.3872581,1.8683296,2.196649,2.469426,2.136298,2.460258,0.000000,2.2854357,0.000000,0.000000,1.9981939,2.260627,2.093095,2.210430,0.000000,0.000000,0.000000,2.102294,0.0000000,0.000000,2.244787,0.000000,0.000000,2.129051,0.000000,0.000000,2.336624,2.204703,0.000000,1.7411393,2.1856981,0.000000,0.000000,2.386837,2.1173068,0.000000,2.1502673,2.366709,2.298377,2.0903691,0.000000,2.217551,0.0000000,2.0155584,0.000000,0.000000,1.946972,0.000000,0.000000,2.316526,2.417385,0.000000,2.5272520,2.225072,0.000000,2.0401562,2.498435,0.000000,2.0533159
0.000000,2.104751,2.1256990,2.127724,0.0000000,0.000000,0.0000000,0.000000,2.036527,0.000000,2.0012789,2.2421347,2.086302,2.472874,2.221783,2.416386,1.935839,2.2618191,1.756001,0.000000,0.0000000,1.858269,1.935524,2.288271,1.647773,2.051312,2.081210,2.089011,1.9290893,0.000000,1.938935,0.000000,0.000000,2.238030,0.000000,0.000000,2.440248,0.000000,2.073693,0.0000000,1.9786319,0.000000,0.000000,2.280038,1.9815772,0.000000,1.9641413,2.207826,2.159656,2.2258376,2.153110,2.358249,0.0000000,1.9985788,2.077896,2.027357,2.207455,0.000000,2.028490,2.303631,2.147779,0.000000,2.2992478,2.231617,0.000000,1.8752884,2.317432,1.862621,1.6044249
0.000000,2.017780,2.0437694,1.908562,0.0000000,0.000000,1.4887893,0.000000,1.934229,0.000000,2.0643558,2.2067914,2.155260,2.475552,2.158276,2.390158,0.000000,2.2615586,0.000000,1.741012,1.7751292,2.092041,1.924108,2.152432,1.719383,1.967089,1.817419,2.109004,0.0000000,0.000000,1.930069,0.000000,1.794547,1.674006,0.000000,1.923636,2.392846,2.041021,2.058753,1.9865612,2.0173016,0.000000,1.841900,2.183705,2.0965349,0.000000,2.0067706,2.232730,2.145863,2.1408310,1.534817,2.193124,2.0500925,2.0100680,2.041042,1.609408,2.004874,1.969869,1.836246,2.110216,2.016729,0.000000,2.2617928,2.103879,0.000000,1.9494540,2.430987,2.132453,1.7909563
0.000000,1.874076,1.9641719,1.953110,2.0660427,0.000000,0.0000000,0.000000,1.969509,0.000000,2.1222449,2.1585177,2.170511,2.440618,2.201703,2.384035,0.000000,2.0352180,0.000000,1.940105,2.0006090,1.808427,1.626520,2.297647,1.813178,0.000000,1.899832,0.000000,2.0399657,0.000000,0.000000,1.952457,0.000000,0.000000,0.000000,1.574835,2.412508,2.015734,2.020983,2.1029108,2.0199966,0.000000,0.000000,2.196116,2.0343593,0.000000,2.0553427,2.270851,2.255623,2.0836485,0.000000,2.217903,0.0000000,0.0000000,2.064811,0.000000,1.706301,0.000000,1.824503,2.145983,2.097738,0.000000,2.3021511,2.129371,0.000000,1.8853800,2.384171,0.000000,1.6787084
0.000000,2.119971,2.2339025,2.093506,1.6932035,0.000000,1.9852238,0.000000,2.152536,0.000000,2.2966505,2.0523207,2.141839,2.463333,2.186507,2.425762,2.142643,2.2203701,0.000000,1.848546,1.9188363,2.078422,1.561328,2.265393,1.518793,0.000000,0.000000,0.000000,0.0000000,0.000000,0.000000,0.000000,0.000000,0.000000,0.000000,1.755699,2.477548,2.002998,1.989028,2.1500699,2.2025376,0.000000,0.000000,2.347213,2.0580424,0.000000,2.1881618,2.303626,2.291202,1.8397257,2.027650,2.162921,0.0000000,1.9533072,1.945826,0.000000,1.789891,1.916182,0.000000,2.325463,2.286991,0.000000,2.4061549,2.152776,1.716155,1.6391986,2.443580,2.242248,1.7861445
0.000000,2.105906,2.1241157,2.147405,0.0000000,0.000000,0.0000000,0.000000,2.137290,0.000000,2.2647390,2.1128724,2.052479,2.408136,2.258506,2.397105,0.000000,2.1544894,0.000000,1.831928,1.7791447,2.054476,1.859336,2.235268,0.000000,2.025321,1.977440,1.931324,0.0000000,1.937080,0.000000,0.000000,0.000000,1.766989,0.000000,0.000000,2.406495,1.925302,2.088063,1.8976899,2.1570183,0.000000,0.000000,2.358971,2.0354888,0.000000,2.1412732,2.298325,2.291789,1.7486960,2.111748,2.103490,0.0000000,0.0000000,2.017531,0.000000,0.000000,2.002592,0.000000,2.302009,2.238467,0.000000,2.3912090,2.190290,0.000000,1.6450829,2.423172,2.206084,1.7298081
0.000000,1.922371,2.0300118,1.980062,2.1770121,0.000000,0.0000000,0.000000,2.163208,0.000000,2.0807229,2.0867840,2.215941,2.476947,2.200011,2.442250,1.801814,2.3776692,1.794943,2.065480,0.0000000,2.012263,1.945811,2.318272,1.740327,2.080730,1.886971,2.084795,2.0319680,0.000000,2.056536,0.000000,0.000000,1.741916,0.000000,0.000000,2.334454,1.969679,2.061444,1.7979639,1.9574647,0.000000,0.000000,2.310046,2.0328222,0.000000,2.0080947,2.384710,2.181130,1.8826448,1.946898,2.197912,0.0000000,2.1176745,2.028628,0.000000,1.734994,1.821934,1.909717,1.799270,2.240664,0.000000,2.3019858,2.210754,0.000000,2.0323778,2.423287,0.000000,0.0000000
0.000000,2.187579,1.9873167,0.000000,1.9985304,0.000000,0.0000000,0.000000,2.021961,0.000000,2.2216336,2.0840473,2.017219,2.461017,2.197576,2.396684,0.000000,2.3377410,1.622100,1.786751,0.0000000,2.022242,0.000000,2.242689,0.000000,2.166876,0.000000,1.932235,0.0000000,0.000000,0.000000,0.000000,0.000000,2.063814,1.715592,0.000000,2.424094,2.009825,2.029021,2.3356802,2.2580697,0.000000,0.000000,2.272811,1.8559047,0.000000,2.1218362,2.276193,2.264904,1.8426826,0.000000,2.258631,0.0000000,2.1072271,0.000000,0.000000,1.798093,1.757046,0.000000,2.259006,2.127224,0.000000,2.4467475,2.217728,0.000000,1.8887640,2.437910,0.000000,1.8110285
0.000000,2.167125,2.2945828,2.186124,0.0000000,0.000000,2.0512011,0.000000,1.823287,0.000000,2.2704773,2.1435594,1.972892,2.450229,2.217153,2.430982,0.000000,2.3408720,1.848576,1.761418,1.6066746,2.060291,1.941558,2.231922,0.000000,2.004914,1.837248,2.122477,0.0000000,1.921144,1.921557,0.000000,0.000000,1.815552,0.000000,0.000000,2.421331,1.862924,2.194226,1.4908928,2.1901443,0.000000,0.000000,2.384457,2.0308594,0.000000,2.2610120,2.344475,2.264136,2.1155139,2.136467,2.131579,0.0000000,0.0000000,2.032759,0.000000,2.015744,1.980017,2.122403,2.236655,2.176047,0.000000,2.4435611,2.181208,0.000000,2.0219854,2.434869,0.000000,2.0647373
0.000000,2.068670,2.2712658,1.954872,1.9621381,0.000000,1.6497899,0.000000,1.938026,0.000000,2.2366086,2.1184253,2.031092,2.454509,2.198622,2.424441,0.000000,2.2525930,1.905461,1.964120,1.8901778,2.171208,1.881674,2.267835,1.866419,1.754775,0.000000,1.794349,0.0000000,1.562539,2.025325,0.000000,0.000000,0.000000,1.913008,0.000000,2.425364,1.897798,2.234455,0.0000000,2.1729706,0.000000,0.000000,2.362353,0.0000000,0.000000,2.1939112,2.348444,2.216050,0.0000000,1.907776,2.109200,2.0621467,0.0000000,2.150199,0.000000,1.872784,1.936184,2.071723,2.175340,2.227539,0.000000,2.3937476,2.148384,0.000000,1.8443264,2.446311,2.208077,1.7319683
0.000000,2.161413,2.1647246,2.087092,0.0000000,0.000000,1.8407817,0.000000,2.133107,0.000000,2.1740771,2.1788216,2.095144,2.430403,2.240277,2.405187,0.000000,2.4198278,1.980923,0.000000,0.0000000,2.182223,2.135787,2.249954,0.000000,2.236295,2.072389,2.140889,2.1843007,1.906561,2.132665,0.000000,2.087015,0.000000,1.841955,1.803489,2.468692,1.743940,2.225089,0.0000000,2.0722651,0.000000,0.000000,2.400155,0.0000000,0.000000,2.0406569,2.260597,2.249397,2.2136971,1.916794,2.295049,0.0000000,0.0000000,1.922166,0.000000,2.110047,2.017044,2.038133,2.188594,2.184629,0.000000,2.5403620,2.194219,0.000000,1.7526438,2.337426,2.179891,0.0000000
0.000000,0.000000,0.0000000,0.000000,0.0000000,0.000000,0.0000000,1.881773,1.919191,0.000000,0.0000000,2.3213318,2.087364,2.475070,2.345054,2.425867,0.000000,2.3185459,0.000000,1.892074,1.8009217,1.865116,1.876234,2.254964,1.673513,1.890713,0.000000,0.000000,2.0930729,0.000000,2.062820,0.000000,0.000000,0.000000,1.927119,0.000000,2.380524,0.000000,0.000000,0.0000000,0.0000000,0.000000,0.000000,1.791295,1.8201084,0.000000,0.0000000,0.000000,0.000000,2.0783277,1.878244,2.103417,1.9541287,0.0000000,2.168048,0.000000,0.000000,0.000000,0.000000,2.215728,0.000000,0.000000,1.8672671,2.128168,1.653386,0.0000000,2.503991,2.122922,0.0000000
0.000000,1.755440,1.8060402,0.000000,0.0000000,0.000000,0.0000000,0.000000,1.973142,0.000000,0.0000000,2.1566403,2.155403,2.470640,2.176293,2.404623,0.000000,2.3019064,1.979455,1.801741,0.0000000,2.090642,2.071369,2.234870,0.000000,0.000000,0.000000,1.937380,2.1855706,0.000000,2.141836,0.000000,0.000000,0.000000,0.000000,0.000000,2.452943,1.926963,0.000000,0.0000000,0.0000000,0.000000,0.000000,2.162682,0.0000000,0.000000,0.0000000,0.000000,0.000000,2.0810155,0.000000,2.029602,2.1256625,0.0000000,2.132748,0.000000,1.821552,1.650390,0.000000,2.261642,1.845531,1.699933,2.1750780,2.135759,0.000000,0.0000000,2.510295,2.178524,0.0000000
0.000000,2.190929,2.2925427,2.224426,2.1807176,0.000000,0.0000000,0.000000,2.248825,0.000000,2.1468556,1.9750023,2.098394,2.491530,2.284468,2.411578,0.000000,2.1983042,1.910172,2.060868,0.0000000,2.006822,2.016861,2.236056,0.000000,2.042347,0.000000,1.919252,2.0890905,2.178871,2.017987,0.000000,2.020842,0.000000,1.999299,2.077526,2.467786,1.868233,2.198383,2.0119904,2.1460867,0.000000,0.000000,2.439759,0.0000000,0.000000,0.0000000,2.394322,2.322867,2.2335602,2.089780,2.156124,0.0000000,1.5228303,2.017566,0.000000,0.000000,2.121092,2.168129,2.145407,2.204314,0.000000,2.5426487,2.266236,0.000000,1.9927131,2.468547,2.302166,1.7780988
0.000000,1.903840,1.9012621,1.644492,0.0000000,0.000000,0.0000000,1.917465,1.840908,0.000000,1.5955899,2.1548504,2.148016,2.470701,2.226333,2.403964,0.000000,2.0988615,1.717220,1.970407,1.4191858,1.917505,1.986238,2.255527,1.544124,1.751744,0.000000,0.000000,1.9691490,0.000000,1.954648,0.000000,0.000000,1.640508,1.973751,0.000000,2.408240,1.786168,0.000000,0.0000000,0.0000000,0.000000,1.700640,2.085942,1.3705646,0.000000,1.8382672,0.000000,0.000000,2.0519735,0.000000,2.145118,2.1494102,0.0000000,2.197145,0.000000,1.801090,1.732827,0.000000,2.177190,1.637848,0.000000,2.1484235,2.118146,0.000000,0.0000000,2.459766,0.000000,1.7240636
0.000000,0.000000,1.8960365,1.723689,0.0000000,0.000000,0.0000000,2.075525,1.918115,1.617279,0.0000000,2.1874667,1.846088,2.482026,2.213779,2.413464,0.000000,2.1217705,0.000000,2.000699,1.5104373,1.918696,2.000589,2.263661,1.847571,1.944690,0.000000,1.642557,2.0014384,0.000000,1.967925,0.000000,0.000000,0.000000,1.988574,0.000000,2.425101,1.800130,0.000000,1.9363978,0.0000000,1.743488,0.000000,2.107924,0.0000000,0.000000,0.0000000,0.000000,0.000000,2.0747465,1.925093,2.171543,2.1587013,0.0000000,2.079283,0.000000,0.000000,1.960902,0.000000,2.238650,1.808087,1.734829,2.1721510,2.115382,0.000000,0.0000000,2.571267,2.051375,1.4442515
0.000000,2.163378,1.8286934,2.004492,0.0000000,0.000000,2.0345983,0.000000,2.118827,0.000000,2.2683853,2.2419788,2.096687,2.494242,2.354765,2.485418,2.068801,2.1812764,0.000000,1.781938,0.0000000,0.000000,0.000000,2.353395,0.000000,1.937977,1.865631,1.963946,1.9431574,0.000000,1.867163,0.000000,1.849729,0.000000,1.892219,0.000000,2.561570,0.000000,2.113163,1.8419003,2.0941627,0.000000,0.000000,2.340084,2.0522482,0.000000,2.0047739,2.330540,2.264203,2.2194694,2.138474,2.293413,0.0000000,1.9644893,2.251804,0.000000,0.000000,2.079668,2.001385,1.852711,2.343788,0.000000,2.4010639,2.252155,0.000000,2.0402691,2.515615,1.871101,0.0000000
0.000000,2.117617,2.1049251,0.000000,0.0000000,0.000000,0.0000000,0.000000,0.000000,0.000000,1.9382182,2.0962318,2.071345,2.484562,2.207909,2.416641,2.206362,2.3084949,1.864752,1.842605,0.0000000,2.222505,2.088983,2.156900,0.000000,1.907336,2.111285,2.079965,1.8834420,0.000000,2.032238,0.000000,0.000000,2.079162,1.726657,1.960013,2.433120,2.045915,1.855010,2.5414557,2.4470417,0.000000,1.927804,2.392694,2.0022800,0.000000,2.3194314,2.310669,2.108918,1.9889906,2.086828,2.197175,0.0000000,2.1526328,2.085603,2.011568,2.098434,0.000000,2.078117,0.000000,2.052785,0.000000,2.4744474,2.244572,0.000000,0.0000000,2.452871,2.172533,1.7411870
0.000000,1.776522,1.9070571,0.000000,0.0000000,0.000000,0.0000000,1.873569,1.904680,0.000000,0.0000000,2.1675360,1.570557,2.512423,2.230358,2.412999,0.000000,2.1992273,1.806790,2.071225,0.0000000,1.981272,2.009846,2.310441,1.956441,1.962749,1.421698,1.669894,2.1138856,0.000000,2.068880,0.000000,0.000000,1.746598,1.871688,0.000000,2.388938,1.774181,1.731766,0.0000000,0.0000000,0.000000,0.000000,2.136711,0.0000000,0.000000,0.0000000,0.000000,0.000000,1.7050364,0.000000,2.203566,0.0000000,0.0000000,2.003277,0.000000,1.702598,1.705921,0.000000,1.935996,1.594632,1.616157,2.1939278,2.136229,0.000000,0.0000000,2.484726,2.003732,1.5636939
0.000000,1.725692,1.9012269,0.000000,0.0000000,0.000000,0.0000000,1.938725,1.922281,0.000000,0.0000000,2.1827206,2.197045,2.465970,2.262618,2.431076,0.000000,2.1066789,1.593387,1.969682,0.0000000,1.935505,1.993616,2.255249,0.000000,2.002300,0.000000,0.000000,1.9729372,0.000000,1.938064,0.000000,0.000000,0.000000,1.877505,0.000000,2.375575,1.761764,0.000000,1.4910370,0.0000000,1.599133,0.000000,2.133672,0.0000000,0.000000,1.6318828,0.000000,0.000000,2.0487427,1.748454,2.106095,2.1529935,0.0000000,2.044812,0.000000,1.713774,1.769552,1.672523,2.145335,1.416961,1.823959,2.0631506,2.118362,0.000000,0.0000000,2.476703,2.006159,1.7572459
0.000000,1.693985,1.7969821,0.000000,0.0000000,0.000000,0.0000000,1.860989,1.645260,0.000000,0.0000000,0.0000000,2.078036,2.502002,2.177055,2.440791,0.000000,2.2507855,1.842456,1.990309,0.0000000,1.973935,2.055261,2.241973,1.814370,0.000000,0.000000,1.928261,2.1907688,0.000000,2.145543,0.000000,0.000000,0.000000,0.000000,0.000000,2.345626,0.000000,0.000000,0.0000000,0.0000000,0.000000,0.000000,2.118456,1.8978241,0.000000,0.0000000,0.000000,0.000000,0.0000000,0.000000,2.113739,2.0884525,0.0000000,1.995498,0.000000,0.000000,0.000000,0.000000,2.178892,0.000000,0.000000,1.8287883,2.142199,0.000000,0.0000000,2.568207,2.067659,1.9528358
0.000000,2.205371,2.1944269,0.000000,0.0000000,0.000000,1.9695709,0.000000,2.168967,0.000000,2.2945880,2.1366867,2.050471,2.455247,2.289434,2.416719,0.000000,2.2685633,0.000000,1.784500,0.0000000,1.947449,1.561425,2.266124,0.000000,1.933793,1.438999,0.000000,1.9507449,2.133197,2.059746,0.000000,1.822115,0.000000,0.000000,1.973839,2.486669,1.919370,2.092936,1.7031908,2.1406752,0.000000,0.000000,2.350766,2.0827007,0.000000,2.2505833,2.374735,2.273716,2.1953840,2.053739,2.213198,0.0000000,0.0000000,2.112983,0.000000,0.000000,0.000000,2.182200,2.283552,2.317056,0.000000,2.5598119,2.186146,0.000000,0.0000000,2.464418,2.316271,1.9160741
0.000000,2.024089,1.8748836,2.047286,2.1204426,0.000000,0.0000000,0.000000,2.258004,0.000000,2.2607968,2.0489940,1.979139,2.494962,2.276164,2.403871,2.070153,2.3323631,1.883315,2.042211,0.0000000,2.223731,2.039330,2.229839,1.963165,1.882361,2.137300,1.962532,1.9116746,1.956853,2.125079,0.000000,1.945762,0.000000,1.941884,1.826815,2.501042,1.982269,2.075520,1.6513856,2.2338992,0.000000,0.000000,2.316354,0.0000000,0.000000,2.2232295,2.379192,2.298640,2.1700398,0.000000,2.157880,0.0000000,0.0000000,1.943176,0.000000,0.000000,1.683204,2.070203,2.356877,2.226364,0.000000,2.4011064,2.223569,0.000000,1.8904347,2.401679,2.181183,1.9010256
0.000000,2.175602,1.8212246,1.600800,2.0981819,0.000000,0.0000000,0.000000,2.239159,0.000000,2.2567006,2.0711411,1.978876,2.494749,2.290531,2.383559,2.109512,2.3378525,1.912105,2.018668,1.5477870,2.230962,2.056657,2.213530,1.823682,2.015783,1.878830,1.953260,1.5779089,1.934139,0.000000,0.000000,1.846801,0.000000,0.000000,1.804550,2.489310,1.943969,2.085207,0.0000000,2.1793579,0.000000,0.000000,2.310445,1.9412131,0.000000,2.2194429,2.395876,2.207242,2.1722379,2.034869,2.137473,0.0000000,0.0000000,1.956467,0.000000,0.000000,2.080319,2.050787,2.211872,2.213085,0.000000,2.4754375,2.193341,1.582096,0.0000000,2.431240,1.486588,0.0000000
0.000000,2.003666,2.2305691,2.091640,0.0000000,0.000000,1.9964315,0.000000,2.132262,0.000000,2.3090328,2.1658288,2.090478,2.481122,2.278978,2.406430,2.176074,2.3359544,1.963017,1.926967,1.7728678,2.192459,2.034347,2.264528,1.697094,1.917083,1.900960,1.983152,0.0000000,2.033612,2.139429,0.000000,1.912944,0.000000,1.933578,0.000000,2.376983,1.611085,2.098992,1.9059807,2.0707179,0.000000,0.000000,2.317766,2.1143082,0.000000,2.1961970,2.336731,2.276279,2.1526213,2.050936,2.172177,0.0000000,0.0000000,1.913891,0.000000,0.000000,1.924125,1.917549,2.186173,2.213026,0.000000,2.4881012,2.118689,0.000000,1.6777022,2.462928,2.188065,0.0000000
0.000000,2.063442,2.2701192,2.169220,0.0000000,0.000000,1.9646325,0.000000,2.210677,0.000000,2.1625216,1.9495400,2.047753,2.497320,2.285971,2.430847,2.275567,2.2330446,1.992156,2.083212,0.0000000,2.081904,2.135560,2.219739,0.000000,2.021492,1.898509,1.711259,2.2152608,2.134547,2.221804,0.000000,0.000000,1.880248,0.000000,0.000000,2.411903,2.006992,2.186686,2.1557878,2.1227149,0.000000,0.000000,2.355294,1.8924346,0.000000,2.1229124,2.354508,2.190501,1.9253936,1.885482,2.158277,0.0000000,2.0808716,2.095940,0.000000,1.984794,0.000000,2.077940,2.051638,2.252726,0.000000,2.4454908,2.239944,0.000000,2.0039653,2.462998,2.184820,1.9610207
0.000000,1.660212,1.8805776,0.000000,0.0000000,0.000000,0.0000000,0.000000,1.903998,0.000000,0.0000000,2.0502802,2.209911,2.495438,2.186444,2.389096,0.000000,2.3530512,2.038595,1.922477,0.0000000,2.194897,2.061756,2.230858,1.896564,2.020403,0.000000,2.137230,0.0000000,0.000000,0.000000,0.000000,0.000000,0.000000,1.922153,0.000000,2.396876,0.000000,0.000000,0.0000000,0.0000000,0.000000,0.000000,2.164636,0.0000000,0.000000,0.0000000,0.000000,0.000000,2.0800448,2.031904,2.090520,0.0000000,0.0000000,1.993008,2.053890,1.888237,0.000000,0.000000,2.135274,0.000000,0.000000,2.0186044,2.056442,0.000000,0.0000000,2.522464,0.000000,1.8307591
0.000000,2.338599,2.2460742,2.160711,1.9657298,0.000000,0.0000000,0.000000,2.102656,0.000000,0.0000000,1.9121884,1.760445,2.493951,2.356553,2.416752,2.036644,2.1938206,0.000000,0.000000,0.0000000,0.000000,1.896031,2.294916,0.000000,2.043243,1.848591,1.718960,2.0624297,0.000000,0.000000,0.000000,0.000000,0.000000,2.002209,0.000000,2.462393,0.000000,0.000000,0.0000000,2.1902419,0.000000,0.000000,2.350259,0.0000000,0.000000,2.1409272,2.418818,2.355942,0.0000000,2.042227,2.032236,0.0000000,0.0000000,0.000000,0.000000,0.000000,0.000000,0.000000,2.313903,2.211690,0.000000,2.4393125,2.278886,0.000000,0.0000000,2.464101,2.052228,2.0941736
0.000000,1.995120,2.1382036,1.824787,0.0000000,0.000000,1.9857191,0.000000,1.704511,0.000000,1.9411653,1.9692898,2.097578,2.503225,2.275577,2.381574,0.000000,2.3436906,0.000000,2.055074,0.0000000,2.082050,2.038809,2.282455,0.000000,2.013046,0.000000,1.936375,2.1777964,0.000000,2.150810,0.000000,0.000000,2.144866,0.000000,2.052577,2.446679,0.000000,0.000000,1.8511070,2.1660292,0.000000,0.000000,2.174419,0.0000000,0.000000,2.0897519,2.304669,2.052300,2.0028940,0.000000,2.235525,0.0000000,0.0000000,2.124372,1.592377,0.000000,0.000000,1.968773,2.014225,1.997949,0.000000,2.3664081,2.224218,0.000000,1.8854027,2.431502,0.000000,1.9149306
0.000000,2.220180,1.8009849,2.059705,0.0000000,0.000000,0.0000000,0.000000,2.270177,0.000000,2.1280887,2.0127482,2.122742,2.478752,2.322829,2.453244,0.000000,2.2936580,0.000000,1.788151,0.0000000,2.004804,1.991306,2.262245,0.000000,2.086973,1.865703,2.016583,2.0703463,0.000000,2.067482,0.000000,0.000000,0.000000,0.000000,1.938500,2.459407,1.865407,1.875710,0.0000000,2.2125762,0.000000,0.000000,2.357188,2.0914868,0.000000,2.0854565,2.348053,2.193256,1.8481192,0.000000,0.000000,0.0000000,1.9104490,2.102545,0.000000,0.000000,0.000000,0.000000,2.075052,2.239998,0.000000,2.3796634,2.289280,0.000000,1.8173905,2.442587,2.261452,0.0000000
0.000000,2.049860,2.1468446,2.163364,0.0000000,0.000000,0.0000000,0.000000,2.219767,0.000000,2.0748546,1.8478566,2.053480,2.486744,2.292306,2.374351,2.064046,2.3517031,0.000000,1.815343,0.0000000,2.255585,2.155224,2.205583,0.000000,2.110351,0.000000,2.119935,0.0000000,0.000000,2.186490,0.000000,1.914641,0.000000,0.000000,1.898699,2.413383,1.615487,2.125154,0.0000000,0.0000000,0.000000,0.000000,2.372593,2.0686429,0.000000,2.1077699,2.316433,2.268671,0.0000000,0.000000,2.265238,0.0000000,2.0640017,0.000000,0.000000,0.000000,2.049574,1.890974,2.188320,2.183171,0.000000,2.2576536,2.171460,0.000000,1.8701816,2.424239,2.210257,1.8232152
0.000000,2.152674,2.0585064,0.000000,0.0000000,0.000000,0.0000000,0.000000,0.000000,0.000000,1.9289233,1.9587009,2.190614,2.511572,2.295805,2.379245,0.000000,2.2238185,2.012042,0.000000,0.0000000,2.095737,2.013392,2.257965,0.000000,2.025621,1.778555,1.940268,2.1453579,0.000000,2.157517,0.000000,0.000000,1.752644,0.000000,1.912188,2.328692,1.757744,1.754223,2.2268508,2.1617777,0.000000,0.000000,2.299015,0.0000000,0.000000,2.0582023,2.329479,2.247359,0.0000000,2.063396,2.244906,0.0000000,1.7506756,1.805297,0.000000,0.000000,2.222488,2.017276,2.219461,2.147146,0.000000,2.2843083,2.221259,0.000000,0.0000000,2.407477,2.017887,0.0000000
0.000000,2.232015,2.1970262,2.122472,0.0000000,0.000000,0.0000000,0.000000,2.292904,0.000000,2.1509211,2.0387178,2.152519,2.443398,2.242900,2.431429,2.072927,2.2997634,1.705238,1.988983,1.6687535,2.188223,2.014891,2.260402,0.000000,2.247202,1.892343,2.109054,0.0000000,0.000000,0.000000,0.000000,1.701900,2.035029,1.765730,1.757801,2.377032,1.842417,1.990410,2.1096682,2.0026185,0.000000,0.000000,2.262812,1.9587807,0.000000,2.1284306,2.260046,2.259955,2.0085906,0.000000,2.147816,0.0000000,2.2599436,1.971808,0.000000,0.000000,0.000000,1.716249,2.160555,2.136635,0.000000,2.3903854,2.211965,1.667528,0.0000000,2.451370,0.000000,0.0000000
0.000000,1.627672,2.1729009,2.052144,2.0162322,0.000000,0.0000000,0.000000,2.135833,0.000000,2.2212990,2.1179400,2.187677,2.505587,2.282683,2.411058,2.055403,2.3010212,2.033665,1.979009,0.0000000,2.166398,2.028799,2.247436,1.840742,2.077645,1.905237,1.911350,0.0000000,1.547629,2.063397,0.000000,0.000000,1.809828,0.000000,0.000000,2.384551,1.808317,2.134936,2.1020901,2.0326966,0.000000,0.000000,2.348743,2.0675781,0.000000,2.1031757,2.195446,2.264347,2.1440185,1.880883,2.170452,0.0000000,2.0230580,1.911010,0.000000,0.000000,1.964095,2.027516,2.070725,2.159862,0.000000,2.3920595,2.167227,0.000000,1.7240102,2.397393,2.097449,1.7705706
0.000000,1.779414,1.9019289,0.000000,0.0000000,0.000000,0.0000000,0.000000,1.883159,0.000000,2.0384855,2.0814361,2.191278,2.461587,2.188385,2.388100,0.000000,0.0000000,1.895412,1.924453,1.6641084,2.101054,2.002378,2.198364,1.862271,2.021355,1.701797,2.079619,0.0000000,0.000000,1.915418,0.000000,0.000000,0.000000,1.938718,0.000000,2.390262,1.751670,0.000000,0.0000000,0.0000000,0.000000,0.000000,2.138505,0.0000000,0.000000,0.0000000,0.000000,0.000000,2.0539069,2.012517,2.098153,0.0000000,1.8418454,1.981511,2.066920,1.871807,1.558090,0.000000,2.216251,0.000000,1.720808,2.0862000,2.086368,0.000000,0.0000000,2.512396,0.000000,0.0000000
0.000000,1.915012,1.9365505,0.000000,0.0000000,0.000000,0.0000000,1.955224,1.882029,0.000000,2.0856830,2.1351102,2.219517,2.457509,2.213455,2.408592,0.000000,2.3596665,1.955405,1.951058,0.0000000,2.050889,2.039171,2.213841,1.847571,2.075580,1.985360,2.117554,2.0518934,0.000000,2.007473,0.000000,1.985072,1.793874,1.924696,0.000000,2.383595,1.771220,0.000000,0.0000000,0.0000000,0.000000,0.000000,1.989269,0.0000000,0.000000,1.6807015,0.000000,0.000000,2.1048347,2.101277,2.048408,0.0000000,0.0000000,2.023039,2.168587,1.886014,1.693855,0.000000,2.161946,0.000000,1.831759,2.0581017,2.127126,1.583426,0.0000000,2.509673,1.819915,1.5961856
0.000000,2.163768,1.7387374,0.000000,2.0153768,0.000000,0.0000000,0.000000,1.989847,0.000000,1.7852777,1.9302135,2.102226,2.428387,2.180326,2.403213,0.000000,2.2625726,1.898087,0.000000,1.6611481,2.089538,2.005960,2.251413,0.000000,2.113220,1.561910,2.074643,0.0000000,0.000000,2.077774,0.000000,1.878746,1.907134,2.027245,1.888819,2.032726,1.955661,0.000000,2.3321269,2.1593843,0.000000,0.000000,2.215556,2.0055836,0.000000,2.0780083,2.282329,2.153580,1.9189897,0.000000,2.166008,0.0000000,2.0205270,0.000000,0.000000,2.020321,0.000000,0.000000,1.664187,2.164027,0.000000,2.4205827,2.193558,0.000000,1.7435032,2.391860,2.116969,1.8461638
0.000000,2.147159,1.8811297,2.153363,0.0000000,0.000000,1.7665482,0.000000,2.121983,0.000000,2.2171729,2.1188838,2.184678,2.491723,2.211268,2.416934,2.164403,2.3699459,1.977044,1.950041,2.0727503,2.232296,2.052160,2.303021,1.730441,1.994845,2.045395,2.070627,0.0000000,0.000000,0.000000,0.000000,2.065007,0.000000,1.931796,1.875386,2.375171,0.000000,2.136705,2.0724558,2.1218083,0.000000,0.000000,2.379179,2.1375019,0.000000,2.2187705,2.331978,2.249035,1.9052857,2.046080,2.212332,0.0000000,0.0000000,1.879982,0.000000,1.943591,1.971857,2.135187,2.172799,2.243697,0.000000,2.5559889,2.153118,0.000000,0.0000000,2.383567,2.165391,0.0000000
0.000000,1.933387,1.8459202,1.740805,1.8378234,0.000000,0.0000000,0.000000,2.162854,0.000000,2.0864496,1.9682684,2.182209,2.449433,2.248758,2.381708,1.986358,2.3184049,1.868517,1.894827,0.0000000,2.159363,2.045091,2.245970,1.742405,2.131849,0.000000,2.112985,0.0000000,0.000000,1.892397,0.000000,0.000000,0.000000,1.742357,0.000000,2.303900,0.000000,1.924658,0.0000000,1.8943990,0.000000,1.785137,2.063750,1.9131594,0.000000,1.8806835,2.109768,2.084059,2.0859821,1.891750,2.118413,0.0000000,1.7005567,1.663794,0.000000,0.000000,0.000000,1.963863,2.061469,2.128012,0.000000,2.2429335,2.122880,0.000000,1.5890598,2.350261,0.000000,1.7660391
0.000000,2.161523,0.0000000,2.222981,0.0000000,0.000000,2.0459806,0.000000,2.296211,0.000000,2.3323618,2.0372810,2.160972,2.476043,2.300565,2.453452,0.000000,2.3061185,1.791159,1.845233,0.0000000,2.063708,1.907302,2.240959,0.000000,2.104764,1.959144,2.016581,0.0000000,2.111674,0.000000,0.000000,0.000000,0.000000,1.928798,2.127462,2.419540,0.000000,2.197459,1.9597792,2.2378654,0.000000,0.000000,2.459755,2.0896335,0.000000,2.3046353,2.496815,2.065685,2.0649711,2.201363,2.173676,0.0000000,0.0000000,1.985144,0.000000,0.000000,0.000000,0.000000,2.210943,2.256058,0.000000,2.3727390,2.243661,0.000000,1.7678925,2.441996,2.271726,0.0000000
0.000000,1.994968,1.9246330,1.786355,2.1131408,0.000000,0.0000000,0.000000,1.942253,0.000000,2.2325122,1.9988752,2.175654,2.490923,2.246280,2.432926,0.000000,2.3577830,2.028478,1.923136,0.0000000,2.309410,2.069927,2.232028,1.791969,2.044041,2.109419,2.126399,1.6881604,2.081793,0.000000,0.000000,1.778764,0.000000,1.832719,2.156901,2.379885,1.772753,2.052722,1.8751107,1.8739712,0.000000,0.000000,2.386984,2.1177781,0.000000,2.1657769,2.370389,2.255629,2.1214414,1.961471,2.064160,0.0000000,0.0000000,1.923268,0.000000,2.035526,0.000000,2.189277,2.182385,2.282771,0.000000,2.3720122,2.161762,0.000000,1.9971880,2.463156,0.000000,0.0000000
0.000000,2.086750,2.1933099,1.861315,0.0000000,0.000000,1.8835571,0.000000,1.814102,0.000000,1.9627209,1.9638475,2.170123,2.471077,2.223217,2.397603,0.000000,2.3364942,1.884857,1.916754,2.0268948,2.217218,1.974397,2.288654,0.000000,1.950806,1.855181,2.115817,0.0000000,0.000000,2.063220,0.000000,0.000000,2.136634,0.000000,1.634358,2.434447,1.998367,2.010220,0.0000000,2.0392133,0.000000,0.000000,2.295365,2.1119073,0.000000,2.0299748,2.296845,2.011531,0.0000000,2.124974,2.159021,0.0000000,0.0000000,2.009137,1.840639,2.034222,1.673662,2.084706,2.184683,2.234972,0.000000,2.3653856,2.140143,0.000000,1.9538300,2.377218,0.000000,1.7737486
2.038706,1.804478,2.0436724,0.000000,0.0000000,0.000000,1.6456127,1.895706,0.000000,0.000000,0.0000000,2.0104454,2.141917,2.492233,2.225840,2.358318,0.000000,2.3821288,1.911359,1.969017,0.0000000,2.195140,2.010763,2.239838,1.832702,2.129527,1.921166,2.126225,0.0000000,1.519534,1.988145,0.000000,0.000000,1.883061,1.710113,0.000000,2.348965,0.000000,0.000000,0.0000000,0.0000000,0.000000,0.000000,1.881854,0.0000000,0.000000,1.7782099,0.000000,0.000000,2.0487397,2.186960,1.817353,0.0000000,0.0000000,2.262805,2.208995,1.675719,1.732323,0.000000,2.033431,1.826245,1.949130,2.0517083,2.146113,1.574610,0.0000000,2.314669,1.719804,0.0000000
2.120711,1.851539,1.9684338,0.000000,0.0000000,0.000000,2.1500930,0.000000,1.990075,0.000000,1.8198325,1.9877480,2.136582,2.462162,2.199425,2.376299,0.000000,2.3577075,1.896694,1.982385,1.6756705,2.166624,2.001328,2.198376,1.768263,2.105473,1.956304,2.096462,0.0000000,0.000000,1.981415,0.000000,1.810764,1.985365,1.680016,0.000000,2.364875,1.749764,0.000000,0.0000000,0.0000000,0.000000,0.000000,2.175326,0.0000000,0.000000,0.0000000,0.000000,0.000000,2.0589793,2.210231,1.955756,0.0000000,0.0000000,2.300564,2.202417,1.787793,1.680064,0.000000,1.987498,1.891631,1.950072,2.0694872,2.106804,1.511149,0.0000000,2.542070,0.000000,1.5626357
0.000000,2.107592,1.8930356,1.988293,0.0000000,0.000000,1.7749021,0.000000,2.088389,0.000000,1.9829395,2.0680411,2.132144,2.458464,2.234635,2.424179,0.000000,2.3645933,1.993455,1.935958,0.0000000,2.235727,1.957112,2.278375,0.000000,2.008284,2.023746,0.000000,0.0000000,0.000000,1.699453,0.000000,0.000000,2.169821,1.754136,1.983754,2.435145,2.101902,1.760445,0.0000000,2.0500067,0.000000,0.000000,2.291204,1.9223364,0.000000,2.0235078,2.196759,2.026154,2.1707443,2.036677,2.176633,2.0485959,0.0000000,2.147186,0.000000,2.051132,1.740503,0.000000,2.208212,2.088383,0.000000,2.2815873,2.084778,0.000000,1.7586780,2.352826,0.000000,1.8970996
0.000000,2.096325,1.8114592,0.000000,2.0044305,0.000000,0.0000000,0.000000,1.884959,0.000000,2.1259461,2.2461117,2.161372,2.462806,2.217131,2.377231,0.000000,2.3524991,1.949932,1.898185,1.7660660,2.161084,2.038925,2.253625,0.000000,2.026560,1.829236,2.104434,0.0000000,0.000000,1.876484,0.000000,0.000000,2.038067,1.841350,0.000000,2.456261,2.012267,1.969096,2.2086553,2.2591604,0.000000,0.000000,2.192905,0.0000000,0.000000,2.0288896,2.264232,2.180503,1.8217794,0.000000,2.269094,2.1185656,1.9253936,1.950277,0.000000,1.896381,0.000000,1.886758,2.234753,2.139356,0.000000,2.2791699,2.089334,0.000000,1.6269819,2.301532,0.000000,0.0000000
0.000000,2.076359,2.0353543,1.928923,2.0398137,0.000000,0.0000000,0.000000,1.841979,0.000000,0.0000000,2.0880673,2.122115,2.468774,2.229609,2.405442,0.000000,2.3537365,1.896928,1.869345,1.9891102,2.260030,2.025281,2.244184,1.488935,1.991506,1.956180,2.132847,0.0000000,1.709115,2.009700,0.000000,0.000000,0.000000,1.873618,0.000000,2.434651,1.895486,1.921084,1.5911966,2.0648984,0.000000,0.000000,2.250621,0.0000000,0.000000,2.1526011,2.306481,2.284445,2.0905011,2.057246,2.099595,0.0000000,0.0000000,1.978349,0.000000,2.020716,1.776534,2.029083,2.116102,2.010026,0.000000,2.2914631,2.152122,0.000000,1.9461193,2.397820,0.000000,1.7613902
2.014259,1.872996,2.0027897,0.000000,1.3117610,0.000000,1.9402980,1.790719,1.951590,0.000000,0.0000000,2.0593058,2.182289,2.452025,2.223374,2.412760,0.000000,2.3800874,1.916651,1.951119,1.9421325,2.213467,2.067530,2.200172,1.743831,2.216924,1.690923,2.153632,0.0000000,0.000000,1.911075,0.000000,1.826412,2.036092,0.000000,1.490604,2.331829,1.765110,0.000000,0.0000000,0.0000000,0.000000,1.742625,2.201073,0.0000000,1.682972,0.0000000,0.000000,0.000000,1.8803715,2.159536,1.971719,0.0000000,0.0000000,2.246479,2.067256,1.809422,1.848366,1.365799,2.025001,2.120969,1.840068,2.0757843,2.171572,1.623149,0.0000000,2.540988,0.000000,1.5333408
0.000000,2.218899,2.3136006,0.000000,0.0000000,0.000000,1.9453676,0.000000,2.363794,0.000000,2.3647101,2.1634365,2.170824,2.480536,1.970073,2.422107,0.000000,2.3667417,2.000119,0.000000,1.8577465,2.246790,2.159821,2.150139,0.000000,1.978232,1.884017,0.000000,0.0000000,2.093435,0.000000,0.000000,0.000000,0.000000,1.972195,0.000000,2.489597,1.817699,2.098345,2.4031976,2.2673074,0.000000,0.000000,2.392478,1.9396110,0.000000,2.3376418,2.453179,2.306802,2.0585489,1.799504,2.205311,0.0000000,1.8363609,2.066255,0.000000,0.000000,0.000000,0.000000,2.310395,2.384471,0.000000,2.5197107,2.155826,0.000000,1.8574669,2.508667,2.240880,1.8597768
0.000000,2.159410,2.0766292,0.000000,1.9255685,0.000000,0.0000000,0.000000,2.013176,0.000000,2.2642791,2.1400569,2.152512,2.491295,2.156424,2.412283,0.000000,2.3684384,1.861166,0.000000,0.0000000,2.113063,1.993817,2.363678,1.606823,2.059279,0.000000,2.153222,0.0000000,2.085655,1.868877,0.000000,0.000000,0.000000,1.732861,0.000000,2.444093,0.000000,1.906484,2.6073949,2.4887406,0.000000,0.000000,2.239588,2.0503127,0.000000,2.1244125,2.380204,2.167473,0.0000000,0.000000,2.088606,0.0000000,0.0000000,2.089519,0.000000,0.000000,0.000000,0.000000,2.052613,2.358904,0.000000,2.5295669,2.119348,0.000000,1.8359027,2.438464,2.058642,1.7372123
0.000000,2.063733,2.0938340,2.152913,2.1158331,0.000000,0.0000000,0.000000,2.098527,0.000000,1.9944999,2.1412231,2.146612,2.475957,2.277046,2.399575,0.000000,2.3415981,2.048635,1.995722,2.0351574,2.229442,2.164581,2.238411,1.895974,2.090335,1.788565,0.000000,0.0000000,0.000000,2.005555,0.000000,1.982585,1.813429,0.000000,1.881814,2.420356,1.662503,2.228022,0.0000000,1.7754692,0.000000,1.899093,2.332610,2.0524367,0.000000,2.0050335,2.272024,2.235534,2.1160323,2.131972,2.324267,0.0000000,2.1016066,2.093897,0.000000,0.000000,0.000000,0.000000,2.199612,2.172936,0.000000,2.2969024,2.268375,0.000000,1.8514877,2.376761,2.217888,0.0000000
0.000000,1.936467,1.9718857,0.000000,1.9896567,0.000000,0.0000000,0.000000,0.000000,0.000000,1.9955781,2.1108163,2.131544,2.481513,2.253284,2.411410,1.972798,2.3140688,1.972258,1.905213,0.0000000,2.162423,2.074331,2.241151,1.719181,2.042190,1.986082,2.118567,0.0000000,0.000000,1.912442,0.000000,1.929655,0.000000,1.747575,1.651782,2.326782,1.452932,1.719144,0.0000000,1.9534906,0.000000,1.833622,2.008165,1.8571587,0.000000,1.8659007,2.151860,2.032162,1.6728457,1.815143,1.811410,0.0000000,0.0000000,2.001777,0.000000,1.759578,1.755958,1.965101,2.029876,2.007131,0.000000,2.1200787,2.065484,0.000000,0.0000000,2.377759,2.086721,1.6763991
0.000000,2.073943,2.1666439,2.010427,2.1349505,0.000000,0.0000000,1.984711,2.079955,0.000000,2.1157914,2.1630756,2.072287,2.468291,2.271076,2.397577,1.900167,2.3446060,0.000000,2.038943,0.0000000,2.191946,2.060934,2.227358,1.854889,2.022140,1.811869,0.000000,0.0000000,0.000000,1.934202,0.000000,0.000000,2.022670,0.000000,0.000000,2.421640,1.769277,2.072031,0.0000000,2.1630292,0.000000,0.000000,2.323796,1.9793223,0.000000,2.1589725,2.332812,2.133840,2.1248310,2.064581,2.293809,0.0000000,0.0000000,2.194484,0.000000,1.732928,0.000000,2.005781,2.208730,2.303804,0.000000,2.2784989,2.187819,0.000000,0.0000000,2.428916,0.000000,0.0000000
0.000000,2.149492,2.2888330,1.971768,0.0000000,0.000000,2.0021372,0.000000,2.261489,0.000000,2.1988844,2.1107066,2.127634,2.463436,2.231716,2.417143,0.000000,2.3571857,2.013107,1.943421,1.5880644,2.279719,2.091779,2.248547,1.897048,2.054593,2.099786,0.000000,0.0000000,2.027668,0.000000,0.000000,1.921243,0.000000,0.000000,1.855031,2.374542,0.000000,2.121831,0.0000000,2.1215940,0.000000,1.630276,2.240946,2.0869833,0.000000,2.1951792,2.357500,2.230145,1.7979101,2.041368,1.769448,0.0000000,0.0000000,1.953230,0.000000,0.000000,1.579185,2.136514,2.138985,2.235855,0.000000,2.4001169,2.133562,0.000000,1.8855105,2.437243,2.126136,1.7934972
0.000000,1.965989,2.2768343,2.137259,1.9943450,0.000000,0.0000000,0.000000,2.239050,0.000000,2.1505444,2.1081996,2.152160,2.456834,2.242518,2.394193,2.084632,2.3292733,1.984739,1.932845,0.0000000,2.234661,2.085262,2.242131,1.664030,2.057267,2.028115,0.000000,0.0000000,1.958173,0.000000,0.000000,1.904925,0.000000,0.000000,1.804837,2.371313,1.802305,2.201978,0.0000000,2.1252023,0.000000,0.000000,2.321791,2.0681395,0.000000,2.2394112,2.383314,2.230909,2.0794617,1.793008,2.065539,0.0000000,0.0000000,1.971299,0.000000,1.925473,1.685050,2.097253,2.086541,2.213436,0.000000,2.3470027,2.122136,0.000000,1.9028309,2.436989,2.155280,0.0000000
0.000000,2.157495,2.1432158,0.000000,0.0000000,0.000000,0.0000000,0.000000,2.128724,0.000000,2.2616624,2.1103350,2.199423,2.485865,2.220448,2.374107,0.000000,2.2941280,1.949382,0.000000,1.9811391,2.148462,1.982785,2.222804,0.000000,2.068220,0.000000,2.099992,0.0000000,2.023467,0.000000,0.000000,0.000000,0.000000,1.958419,0.000000,2.456605,1.941253,0.000000,2.5442557,2.2780875,0.000000,0.000000,2.161986,2.1023199,0.000000,2.2194414,2.353104,2.347627,1.8809537,0.000000,2.021643,0.0000000,1.6972422,0.000000,0.000000,1.995873,2.117883,0.000000,2.267975,2.385270,0.000000,2.4633201,2.034818,0.000000,2.0574255,2.449754,2.041615,1.7044101
0.000000,1.912948,1.8707341,1.733531,1.9667426,0.000000,0.0000000,0.000000,0.000000,0.000000,2.1366350,2.1441344,2.204786,2.478992,2.211679,2.406482,1.967047,2.3510000,2.049264,1.897172,1.6974964,2.165175,2.041160,2.235300,1.833171,0.000000,1.840362,2.116571,0.0000000,0.000000,1.915215,0.000000,0.000000,0.000000,1.679185,1.682367,2.358606,0.000000,2.046505,0.0000000,1.8448726,0.000000,1.733531,2.200210,1.9093818,0.000000,1.9248843,2.187356,2.155796,2.1328382,2.110478,2.136773,2.0610829,1.5668773,1.963930,0.000000,1.875166,2.027337,1.933582,1.989289,2.141400,0.000000,2.3392271,2.104320,0.000000,1.7017559,2.322233,1.992277,1.7351763
0.000000,1.967607,2.1195165,1.598509,2.0037606,0.000000,0.0000000,0.000000,2.072549,0.000000,2.0918919,2.1280741,2.215149,2.430882,2.174670,2.403648,2.077850,0.0000000,2.058655,1.939264,1.9440196,2.116648,2.017739,2.259329,1.765002,2.146383,2.059294,2.068131,0.0000000,0.000000,0.000000,0.000000,0.000000,0.000000,1.731782,1.664996,2.266722,1.765865,1.993099,1.6534422,2.0214274,0.000000,0.000000,2.271838,1.9975227,0.000000,2.0935685,2.308902,2.085417,1.8848740,0.000000,2.154583,0.0000000,1.8214704,1.828840,0.000000,1.970949,1.665334,1.967527,1.733981,2.170222,0.000000,2.3247791,2.125571,0.000000,0.0000000,2.363317,2.104440,1.7726500
0.000000,1.716922,1.9305260,0.000000,0.0000000,0.000000,0.0000000,1.910884,1.545992,0.000000,0.0000000,0.0000000,2.194420,2.492947,2.185474,2.409534,1.663557,2.3886229,0.000000,2.005171,0.0000000,2.205351,2.089492,2.274924,1.855024,1.933859,1.817175,0.000000,0.0000000,0.000000,1.834312,0.000000,0.000000,1.771336,1.721171,0.000000,2.351225,0.000000,0.000000,0.0000000,0.0000000,0.000000,0.000000,1.941756,0.0000000,0.000000,1.5487823,0.000000,0.000000,1.6923524,1.629759,1.853527,2.1503900,0.0000000,1.977607,2.051711,0.000000,1.728587,0.000000,2.146881,0.000000,0.000000,1.8336967,2.132542,0.000000,0.0000000,2.476641,1.848777,0.0000000
0.000000,1.617558,1.8659270,0.000000,0.0000000,0.000000,0.0000000,1.943660,1.901428,0.000000,0.0000000,2.1778158,2.209155,2.479899,2.203611,2.410012,0.000000,2.4364135,1.907790,1.987514,0.0000000,2.260261,2.163235,2.317298,1.677918,2.090730,0.000000,2.217124,0.0000000,0.000000,2.133164,0.000000,0.000000,1.606414,1.837904,0.000000,2.363900,0.000000,0.000000,1.6964769,0.0000000,1.727460,0.000000,2.109907,0.0000000,0.000000,1.6475697,0.000000,0.000000,0.0000000,0.000000,1.946342,2.0656424,0.0000000,1.980702,0.000000,0.000000,0.000000,0.000000,2.180475,0.000000,0.000000,0.0000000,2.146082,0.000000,0.0000000,2.511547,0.000000,1.6347041
0.000000,1.854095,1.9560138,0.000000,0.0000000,0.000000,0.0000000,2.004014,1.839159,0.000000,0.0000000,2.1016280,2.047790,2.507406,2.216697,2.418934,0.000000,2.3752547,1.944837,2.050765,1.7387535,2.111346,1.966503,2.297607,1.933398,2.126754,1.881065,1.934023,0.0000000,0.000000,1.662079,0.000000,0.000000,0.000000,1.852137,0.000000,2.373395,0.000000,0.000000,0.0000000,0.0000000,0.000000,0.000000,1.867689,0.0000000,0.000000,1.7008056,0.000000,0.000000,0.0000000,1.869352,1.948038,2.0928773,0.0000000,2.035896,2.163752,1.972490,1.812346,1.634610,2.169966,0.000000,1.787400,1.9145683,2.150817,0.000000,0.0000000,2.522923,1.830785,1.5397245
0.000000,1.656575,1.8563711,0.000000,0.0000000,0.000000,1.5913598,1.885033,1.924868,0.000000,0.0000000,2.0816956,2.206117,2.475279,2.190677,2.396441,0.000000,2.3856027,1.923251,2.023898,1.9809847,2.149027,1.977626,2.285347,1.955870,2.084588,0.000000,2.186667,0.0000000,0.000000,2.048084,0.000000,0.000000,0.000000,1.856265,0.000000,2.352069,1.885924,0.000000,0.0000000,0.0000000,1.632966,0.000000,2.160067,0.0000000,0.000000,0.0000000,0.000000,1.720225,2.0970870,0.000000,1.920523,0.0000000,0.0000000,1.974472,2.175770,0.000000,1.925922,0.000000,2.222833,1.751656,0.000000,1.7987466,2.114782,0.000000,0.0000000,2.515230,0.000000,1.6749140
0.000000,2.072411,2.1557279,1.703802,0.0000000,0.000000,1.7654879,0.000000,2.137716,0.000000,2.0167879,1.8578303,1.943642,2.476218,2.298877,2.362689,1.895942,2.2419793,1.711433,1.938969,1.9815241,2.147232,1.843871,2.265158,0.000000,2.014879,1.750377,2.025654,0.0000000,0.000000,2.026076,0.000000,0.000000,1.888015,1.825116,0.000000,2.363519,1.780839,1.965113,1.7922828,2.1697801,0.000000,0.000000,2.248283,0.0000000,0.000000,2.2166552,2.302211,2.227949,2.1667481,1.962340,2.217783,1.8743665,0.0000000,1.915323,0.000000,1.942813,0.000000,0.000000,1.963378,2.010905,0.000000,2.1643517,2.191606,0.000000,0.0000000,2.410641,0.000000,0.0000000
0.000000,2.234869,1.8634538,2.048830,0.0000000,0.000000,2.0908811,0.000000,2.033878,0.000000,2.2061136,2.1690058,2.024208,2.460910,2.240267,2.394204,0.000000,2.3632473,1.561910,0.000000,0.0000000,2.300966,2.036361,2.231063,0.000000,2.193493,1.957571,2.104473,0.0000000,0.000000,1.812190,0.000000,0.000000,2.220054,2.042950,1.782753,2.501943,2.120754,2.151549,1.8274704,2.1799472,0.000000,0.000000,2.348636,2.1335340,0.000000,2.2041925,2.331620,2.163970,1.8923808,2.065742,2.187927,0.0000000,2.1474498,2.124236,0.000000,2.052985,0.000000,2.133520,2.313077,2.177854,0.000000,2.4538032,2.173685,0.000000,1.6292721,2.412625,2.122031,0.0000000
0.000000,2.215552,1.9293723,1.947312,0.0000000,0.000000,0.0000000,0.000000,2.285457,0.000000,2.2366537,2.0533950,2.126980,2.443533,2.293822,2.428421,0.000000,2.3881791,1.519780,0.000000,0.0000000,0.000000,2.031826,2.313738,1.988928,2.196344,0.000000,2.193300,0.0000000,2.169465,0.000000,0.000000,0.000000,0.000000,1.793741,0.000000,2.485121,0.000000,2.099096,2.3273268,2.1940294,2.048708,0.000000,2.427358,2.0637463,0.000000,2.2250743,2.360941,1.993106,2.1937828,2.098334,2.146394,0.0000000,0.0000000,2.020378,0.000000,0.000000,2.128778,2.352197,2.166593,2.310258,0.000000,2.5818672,2.215026,0.000000,0.0000000,2.453582,2.230270,0.0000000
0.000000,1.943439,2.0995997,1.835574,2.0074580,0.000000,0.0000000,1.900440,1.992897,0.000000,2.1032840,2.2815984,2.130634,2.473752,2.221362,2.446261,1.787041,2.3140675,1.781600,0.000000,1.8633065,2.099982,1.942886,2.345781,1.709702,1.870226,1.822033,2.070841,0.0000000,0.000000,1.971664,0.000000,1.805450,0.000000,1.909160,0.000000,2.419788,0.000000,1.964924,0.0000000,2.0672226,0.000000,0.000000,2.122284,1.9726039,0.000000,1.8781783,2.152798,2.040565,2.0290247,0.000000,2.305380,2.0231309,0.0000000,1.901819,0.000000,1.891528,1.856927,1.834212,2.270297,1.941796,0.000000,2.0570657,2.101125,0.000000,0.0000000,2.432591,0.000000,1.8534118
0.000000,2.171235,1.9122623,0.000000,0.0000000,0.000000,1.9713277,0.000000,0.000000,0.000000,1.6633208,2.0056139,2.193895,2.441542,2.238176,2.393335,0.000000,2.3792646,1.869140,0.000000,1.7349778,2.244698,2.107836,2.234472,1.751285,2.205480,1.962894,2.117062,0.0000000,1.700328,1.855010,0.000000,0.000000,2.026469,0.000000,0.000000,2.404273,2.103540,1.859770,1.8851301,1.9775984,0.000000,0.000000,2.366579,2.1634864,0.000000,2.0479270,2.185707,1.840647,2.2522311,2.123443,2.168441,1.9736945,1.8727844,1.994075,0.000000,1.822963,0.000000,1.982688,2.031114,2.150110,0.000000,2.4640755,2.179367,0.000000,1.8712781,2.289906,2.133371,1.6279674
0.000000,1.744252,0.0000000,1.760222,2.1549215,0.000000,1.7967871,0.000000,1.914100,0.000000,1.9745371,2.1500327,2.149103,2.487749,2.046100,2.395783,2.112275,2.3466421,1.999796,1.944221,1.4119958,2.243030,2.150022,2.281389,1.628588,2.120839,1.845394,0.000000,1.6584306,0.000000,1.938440,1.841263,1.965941,0.000000,1.705278,0.000000,2.361495,1.430244,1.858734,0.0000000,2.1243725,0.000000,0.000000,2.231444,1.8955227,0.000000,1.6626087,2.106093,2.197581,0.0000000,0.000000,1.931863,0.0000000,0.0000000,1.943418,0.000000,0.000000,2.055207,0.000000,2.162248,2.019691,0.000000,2.0409153,2.114473,1.630856,0.0000000,2.376731,0.000000,1.9711141
0.000000,1.974762,1.9074219,0.000000,2.0445174,0.000000,1.7814195,0.000000,1.995979,0.000000,1.9302816,2.0695931,2.094599,2.511216,2.326580,2.367471,1.930133,2.2939104,1.893057,2.027207,1.4630850,2.037756,1.762851,2.253984,1.907867,1.983598,0.000000,0.000000,1.7028231,2.014173,0.000000,0.000000,0.000000,0.000000,0.000000,0.000000,2.259798,0.000000,1.641927,0.0000000,2.0028030,0.000000,0.000000,2.190958,1.9297795,0.000000,2.0680613,2.219016,1.818603,2.0791661,0.000000,1.943186,0.0000000,1.8526019,1.932010,0.000000,1.790345,2.153841,2.081912,1.989550,1.948999,0.000000,2.0961006,2.161014,1.497272,1.7160800,2.433217,0.000000,1.9211703
0.000000,2.074196,2.0558262,0.000000,1.9858138,0.000000,0.0000000,2.093932,1.933375,0.000000,1.8122290,2.0652820,1.965379,2.493832,2.320724,2.370696,0.000000,2.3017902,2.022740,2.017223,1.8719832,2.135099,1.990154,2.327420,1.882378,2.044505,0.000000,0.000000,0.0000000,1.889624,1.858095,0.000000,2.088200,0.000000,0.000000,0.000000,2.395943,0.000000,0.000000,0.0000000,2.0754812,0.000000,0.000000,2.188379,1.8358617,0.000000,2.0122531,2.321429,2.154013,1.8780344,0.000000,2.103133,0.0000000,0.0000000,0.000000,0.000000,0.000000,1.815533,2.098099,2.264302,2.181784,0.000000,2.2005141,2.139910,0.000000,1.8092530,2.339759,0.000000,1.8881875
0.000000,2.108834,2.1892633,2.156637,1.9611461,0.000000,1.7504371,0.000000,2.220905,0.000000,2.0029561,2.0898495,1.970822,2.480308,2.295982,2.414272,0.000000,2.1029633,1.708525,2.007703,0.0000000,1.917061,1.837102,2.275755,1.796863,1.982298,1.761002,0.000000,1.5671125,0.000000,0.000000,0.000000,0.000000,0.000000,0.000000,0.000000,2.295046,0.000000,2.138524,2.0948825,2.1445068,0.000000,0.000000,2.409796,2.1296891,0.000000,2.0944794,2.312658,2.153002,2.0660980,2.098443,2.192604,0.0000000,0.0000000,2.112450,0.000000,1.675061,1.667502,2.133601,2.151791,0.000000,0.000000,2.1852784,2.172037,1.731630,1.8849594,2.447231,2.108472,0.0000000
0.000000,0.000000,1.9643002,0.000000,0.0000000,0.000000,0.0000000,1.912654,1.799099,0.000000,0.0000000,0.0000000,2.047853,2.502969,2.177204,2.435689,0.000000,2.4005322,1.630244,2.049338,0.0000000,2.161040,1.975789,2.308010,1.840116,1.940472,0.000000,2.097919,0.0000000,0.000000,1.819805,0.000000,0.000000,0.000000,1.804056,0.000000,2.456228,0.000000,0.000000,0.0000000,0.0000000,0.000000,0.000000,2.078217,1.9343957,0.000000,1.9607916,0.000000,1.873519,1.7373915,1.871757,1.865308,2.2376642,0.0000000,2.226074,0.000000,1.679566,1.924930,0.000000,2.220256,1.561765,1.486440,2.1539181,2.112647,0.000000,0.0000000,2.537007,1.949123,1.7438936
0.000000,0.000000,1.9000957,0.000000,0.0000000,0.000000,0.0000000,2.071554,2.068579,0.000000,0.0000000,2.1204058,2.174688,2.478313,2.261940,2.439379,0.000000,2.2730026,1.793464,1.956792,1.6591886,2.169554,2.030970,2.242804,1.778789,1.953240,1.604085,1.724703,0.0000000,0.000000,1.996204,0.000000,0.000000,0.000000,2.132053,0.000000,2.308776,1.874871,0.000000,0.0000000,0.0000000,1.700619,0.000000,2.093953,1.7451823,0.000000,1.7851131,0.000000,0.000000,2.0652290,2.024417,1.904822,0.0000000,0.0000000,1.926609,2.124541,1.790254,1.971045,0.000000,2.293480,1.953764,0.000000,1.9477908,2.066793,0.000000,0.0000000,2.479716,0.000000,1.5010634
0.000000,1.585297,1.8163658,1.731122,0.0000000,0.000000,0.0000000,2.064324,1.889393,0.000000,0.0000000,1.6865561,2.108235,2.489201,2.265148,2.457314,0.000000,2.2938968,0.000000,2.098231,1.7594240,2.094095,2.004260,2.333859,1.958493,2.107672,0.000000,1.967572,0.0000000,0.000000,1.810901,0.000000,0.000000,1.719383,2.005395,0.000000,2.423808,0.000000,1.887212,0.0000000,0.0000000,0.000000,0.000000,2.179786,0.0000000,0.000000,1.7380903,0.000000,0.000000,2.1293217,1.986874,2.035228,1.8419317,0.0000000,2.115798,2.094431,2.018750,1.863521,0.000000,1.894261,1.797738,1.877216,2.0922061,2.096773,0.000000,0.0000000,2.542455,0.000000,1.9618364
0.000000,1.766735,1.9557981,0.000000,0.0000000,0.000000,0.0000000,1.878561,0.000000,0.000000,0.0000000,0.0000000,2.188195,2.511581,2.247853,2.423468,0.000000,2.3234724,1.863795,2.025490,0.0000000,2.134832,2.010591,2.265611,1.825257,2.151968,1.694201,1.991694,0.0000000,0.000000,1.654780,0.000000,0.000000,0.000000,1.857166,0.000000,2.270822,0.000000,0.000000,0.0000000,0.0000000,0.000000,0.000000,2.090485,0.0000000,0.000000,1.7230995,0.000000,0.000000,2.0291170,1.566736,1.816253,2.1738471,0.0000000,1.998662,0.000000,0.000000,1.737701,0.000000,2.009982,0.000000,1.853361,0.0000000,2.159277,0.000000,0.0000000,2.501114,1.837175,1.8285206
1.975630,1.904190,2.0158510,0.000000,0.0000000,0.000000,1.6562174,1.922238,1.933750,0.000000,0.0000000,1.9334217,2.103167,2.484613,2.221820,2.347701,1.468289,2.2903845,1.838621,2.022374,1.6206001,2.121302,1.934663,2.230342,1.953767,2.110276,1.894267,2.097880,0.0000000,0.000000,1.986210,0.000000,0.000000,1.935154,1.489226,0.000000,2.333781,1.704895,0.000000,0.0000000,0.0000000,0.000000,1.653526,2.169176,0.0000000,0.000000,1.9234624,0.000000,1.928310,2.0620656,2.134938,0.000000,0.0000000,1.6064883,1.970413,1.734762,1.766200,1.790334,0.000000,1.730441,1.791407,1.963670,1.9933638,2.160191,1.712262,0.0000000,2.567936,0.000000,1.7065810
0.000000,2.080233,0.0000000,1.770831,1.9229453,0.000000,1.8662223,2.032010,1.936123,0.000000,2.1630067,2.0780799,0.000000,2.438840,2.275514,2.388791,0.000000,2.1359599,1.918630,1.954493,1.7179258,1.982633,1.895349,2.281571,1.833863,1.879555,1.959243,0.000000,0.0000000,1.937834,0.000000,0.000000,0.000000,0.000000,0.000000,0.000000,2.386168,0.000000,1.996820,0.0000000,1.9662177,0.000000,0.000000,2.239357,2.0327723,0.000000,2.0083937,2.220992,2.171877,1.7861562,0.000000,2.040021,2.1201698,1.7126466,1.915026,0.000000,0.000000,1.798853,2.050787,2.236540,2.193266,0.000000,2.2678135,2.122394,0.000000,1.7743962,2.403382,1.705338,1.8730712
0.000000,2.082213,2.1881438,2.015815,0.0000000,0.000000,0.0000000,0.000000,2.125954,0.000000,2.2119794,2.0936738,1.991274,2.471581,2.276710,2.356137,0.000000,2.1805040,1.358647,2.099784,1.7881279,1.975483,1.957028,2.296330,1.970547,2.066957,1.196215,0.000000,0.0000000,0.000000,0.000000,0.000000,2.114083,0.000000,1.859170,0.000000,2.414735,0.000000,2.101507,0.0000000,2.0544919,0.000000,1.773889,2.254525,2.1193537,0.000000,2.0733021,2.215106,2.196719,2.0717546,0.000000,2.279548,1.7506011,2.2112066,1.783171,0.000000,0.000000,1.930953,2.065547,2.160233,2.228778,0.000000,2.4563812,2.156336,0.000000,1.7974577,2.387040,2.140125,1.9332064
0.000000,2.046950,2.1448605,1.824965,1.9941136,0.000000,0.0000000,0.000000,2.180527,0.000000,2.1961273,2.1189370,2.195270,2.494770,2.282425,2.408183,2.107847,2.3211987,1.966820,1.996122,1.7970903,2.147854,2.053009,2.288217,1.775670,2.084452,1.830538,1.965107,0.0000000,1.948701,0.000000,0.000000,0.000000,0.000000,1.768144,0.000000,2.348639,1.451513,2.031432,0.0000000,2.0959937,0.000000,1.617558,2.223251,0.0000000,0.000000,2.1214887,2.324299,2.187468,1.7908660,2.058997,2.063607,2.0945957,1.9216518,1.994776,0.000000,1.880354,1.924293,2.133692,2.087500,2.094193,0.000000,2.3294630,2.123360,0.000000,0.0000000,2.439577,2.099142,0.0000000
0.000000,1.894038,2.0276684,1.909754,1.9866959,0.000000,0.0000000,1.615417,1.744594,0.000000,1.6388313,2.0683675,2.155993,2.468620,2.256178,2.398054,1.504711,2.3062117,1.929251,2.019469,2.0066740,2.233499,1.948365,2.282509,1.813852,2.065933,1.975725,1.970492,0.0000000,1.574655,1.842104,1.674571,0.000000,1.680371,1.685759,1.718702,2.363687,1.285956,2.026374,1.5487301,1.6974117,0.000000,0.000000,2.100412,1.9855602,0.000000,1.6840836,1.939782,1.744547,0.0000000,0.000000,2.243580,1.5053116,1.5612795,2.025233,1.738592,1.926195,1.749043,1.676786,1.958752,2.139166,0.000000,2.0084467,2.029204,0.000000,1.8334383,2.286600,1.734613,0.0000000
0.000000,2.022948,1.8167145,1.955297,0.0000000,0.000000,0.0000000,0.000000,1.986698,0.000000,1.6610947,2.0816721,1.819648,2.436383,2.272958,2.371232,1.755670,2.3248831,2.077203,1.928208,1.8532387,2.278312,2.088976,2.211772,2.030103,2.137751,1.943515,2.021194,1.6377553,0.000000,1.855954,1.581664,0.000000,1.545407,1.638094,0.000000,2.337945,1.535212,1.914849,1.5099832,1.8511363,0.000000,1.954506,1.958583,1.7565318,0.000000,1.8619328,1.961331,2.091261,0.0000000,0.000000,2.221157,1.5714302,0.0000000,1.865605,1.834577,2.089377,1.983918,1.937296,1.937542,2.062125,0.000000,2.2098847,1.969272,0.000000,1.4283438,2.309850,0.000000,1.6501332
0.000000,2.017166,2.1985105,2.003875,0.0000000,0.000000,0.0000000,0.000000,2.046722,0.000000,2.1063716,2.2114624,2.051940,2.469372,2.266625,2.338509,2.257772,2.2039458,1.882853,0.000000,0.0000000,2.118961,1.895012,2.254362,1.670574,2.058374,2.133521,0.000000,1.7086034,1.818026,0.000000,1.368264,2.038741,2.040255,1.908638,2.005722,2.393328,1.886611,2.238544,2.1530153,2.2801049,0.000000,2.031989,2.383375,2.1018356,0.000000,2.1345365,2.364771,2.084314,2.1073430,0.000000,2.210475,2.0104204,1.8796385,2.097431,0.000000,2.015656,0.000000,2.041634,2.187739,2.121684,0.000000,2.1971064,2.340286,1.840338,1.9012370,2.390286,2.192490,1.8245117
0.000000,1.972238,2.1472361,1.872672,0.0000000,0.000000,0.0000000,2.023675,1.997986,0.000000,2.2324638,2.2689420,2.056991,2.443726,2.222014,2.407772,2.096689,2.1430743,1.937561,0.000000,0.0000000,2.119468,1.872309,2.331568,1.920946,2.013148,2.144717,0.000000,0.0000000,0.000000,0.000000,1.465168,0.000000,2.165977,1.783421,1.806253,2.534332,1.882204,2.239459,2.2647702,2.2718887,1.894171,0.000000,2.262863,2.0931807,0.000000,2.0427329,2.172186,2.077836,2.1091192,1.760835,2.326295,0.0000000,1.9260254,2.178524,1.619190,1.882772,0.000000,0.000000,2.195083,2.258235,0.000000,2.2260792,2.224121,1.680560,1.7136791,2.456030,0.000000,2.0854975
0.000000,2.051805,2.1330449,2.016000,1.9092022,0.000000,1.9616618,1.633885,1.601108,0.000000,2.1654053,2.1450208,2.164733,2.451721,2.234436,2.390500,2.074569,2.2960297,1.873314,0.000000,0.0000000,2.119012,1.963418,2.262674,1.712128,2.137471,2.006498,1.979457,0.0000000,1.966437,0.000000,0.000000,0.000000,0.000000,1.710580,1.380543,2.365923,0.000000,1.807425,1.8547533,1.8850163,1.560939,0.000000,2.100574,1.9628260,0.000000,2.0508651,2.267428,2.188705,2.1157473,1.631178,2.064646,0.0000000,1.8376860,1.907259,0.000000,0.000000,1.717722,2.141298,2.036463,2.134159,0.000000,2.3258508,2.186866,0.000000,1.9116746,2.382929,2.066030,1.8764228
0.000000,2.011684,2.1288821,2.070237,1.8428619,0.000000,2.0988816,0.000000,0.000000,0.000000,2.1188901,2.0975009,2.134055,2.456788,2.274440,2.396163,0.000000,2.2819678,0.000000,1.958179,1.7792918,1.940524,1.819251,2.228404,1.631274,2.036064,1.968628,1.980290,0.0000000,2.017541,0.000000,0.000000,0.000000,1.778235,1.740055,0.000000,2.494171,1.911976,2.085645,1.5533709,2.0514703,0.000000,0.000000,0.000000,0.0000000,0.000000,2.0787368,2.280390,2.194151,2.1240756,2.034505,2.136666,0.0000000,2.0085398,2.152505,0.000000,0.000000,1.789617,2.042727,2.216618,2.153106,0.000000,2.2612427,2.153791,1.670926,1.8193992,2.390735,2.097843,1.9982516
0.000000,2.195320,2.0765357,1.839398,0.0000000,0.000000,1.8885425,0.000000,1.848703,0.000000,1.9484102,2.0106139,2.136443,2.471546,2.279238,2.409318,1.740071,2.3191166,1.889728,2.009354,1.5967793,2.150165,2.077311,2.263961,1.848179,2.116846,1.815029,2.044969,0.0000000,0.000000,1.952413,0.000000,0.000000,2.110685,1.791159,1.685325,2.433641,0.000000,2.037059,0.0000000,2.0950073,0.000000,0.000000,2.293716,0.0000000,0.000000,1.8759056,2.299728,2.185049,2.1357202,1.986396,2.101676,0.0000000,2.0860154,2.089448,0.000000,1.582827,1.898488,2.091205,2.174082,2.053271,1.431039,2.1215150,2.194667,0.000000,2.0066869,2.407585,2.050299,1.8309291
0.000000,1.996303,2.1781821,2.026574,0.0000000,0.000000,0.0000000,0.000000,2.066581,0.000000,2.1497471,2.2445474,2.001602,2.479539,2.262477,2.445995,0.000000,2.1357290,1.695644,1.819233,0.0000000,0.000000,0.000000,2.210748,0.000000,0.000000,2.115875,0.000000,0.0000000,0.000000,1.867313,0.000000,0.000000,2.045523,1.946338,2.115214,2.426191,0.000000,2.262479,0.0000000,2.2148144,0.000000,2.177429,2.451074,2.0987181,0.000000,2.1516978,2.395783,2.058435,2.2962300,0.000000,2.330907,0.0000000,2.0687445,2.225845,0.000000,1.934423,0.000000,0.000000,2.045569,2.199479,0.000000,2.2911407,2.248416,0.000000,0.0000000,2.419761,0.000000,0.0000000
0.000000,1.899399,2.2719312,2.131522,2.1817004,0.000000,0.0000000,1.672846,1.911869,0.000000,2.1183559,2.0406264,2.069639,2.437183,2.212841,2.449639,0.000000,2.2418335,0.000000,1.933077,0.0000000,1.880330,0.000000,2.193933,0.000000,2.001196,0.000000,0.000000,1.6768830,0.000000,0.000000,0.000000,0.000000,0.000000,0.000000,0.000000,2.445245,1.865381,2.154120,2.1598262,2.1996764,0.000000,0.000000,2.490566,2.1317308,0.000000,2.1377550,2.324390,2.040544,2.2235524,1.893629,2.171029,2.0422332,0.0000000,1.739414,0.000000,1.898909,2.057412,2.065720,2.046634,2.258759,0.000000,2.3561366,2.235521,0.000000,1.7203524,2.421207,0.000000,0.0000000
0.000000,2.063813,1.8107244,1.827322,1.9178942,0.000000,0.0000000,0.000000,2.150694,0.000000,2.0887348,2.0564491,0.000000,2.474538,2.312140,2.362757,0.000000,2.3065820,0.000000,1.916074,0.0000000,2.201276,2.107017,2.268219,1.705560,2.031339,1.769028,0.000000,1.5474715,0.000000,2.018571,0.000000,1.634358,0.000000,0.000000,0.000000,2.226601,0.000000,2.192222,1.7747758,2.0633521,0.000000,0.000000,2.384843,2.0082857,0.000000,2.0719559,2.233164,1.971264,0.0000000,0.000000,2.150857,0.0000000,0.0000000,1.952537,0.000000,0.000000,0.000000,0.000000,1.982987,2.103730,0.000000,2.1134262,2.106674,0.000000,1.5951118,2.388815,2.191063,0.0000000
0.000000,1.961390,2.2208720,0.000000,0.0000000,0.000000,0.0000000,0.000000,1.678422,0.000000,1.9612838,1.9406752,1.844719,2.473346,2.355971,2.401768,0.000000,2.1556769,0.000000,2.010699,0.0000000,1.962011,1.944769,2.256492,1.578218,2.026697,1.688295,0.000000,1.8043134,0.000000,1.578965,0.000000,0.000000,1.643453,1.682133,0.000000,2.423708,0.000000,2.194070,1.5906649,2.0719669,0.000000,1.933453,2.424481,2.0842865,0.000000,1.9448044,2.254906,2.015217,2.2110387,0.000000,2.265230,0.0000000,0.0000000,1.827784,0.000000,2.115682,0.000000,1.438332,2.075570,2.119711,1.871240,2.2382397,2.137751,0.000000,1.7292761,2.349245,0.000000,1.7890464
0.000000,2.032259,2.0395820,1.669843,2.0443138,0.000000,0.0000000,0.000000,1.692046,0.000000,2.0313533,2.1520890,2.074431,2.464412,2.275284,2.392387,0.000000,2.2760477,1.852319,1.987443,1.7532014,2.134730,1.982130,2.270109,1.806456,2.084987,1.944676,2.014505,1.4300449,0.000000,1.827549,0.000000,1.715196,0.000000,1.749629,0.000000,2.320695,0.000000,2.000022,0.0000000,2.0917869,0.000000,0.000000,2.190441,1.8923162,0.000000,1.9798960,2.227982,2.052026,0.0000000,0.000000,2.261212,2.0204123,0.0000000,1.672275,0.000000,1.688654,1.767614,0.000000,2.071483,1.929053,0.000000,1.9653157,2.136563,0.000000,0.0000000,2.394699,0.000000,1.7605149
0.000000,2.014181,1.7854773,1.995266,2.0454749,0.000000,1.8234306,1.992190,1.962668,0.000000,2.1853451,2.1977418,0.000000,2.466556,2.235427,2.383360,0.000000,1.6090413,0.000000,1.885102,1.8291331,0.000000,1.857439,2.311766,0.000000,2.001459,1.779854,0.000000,0.0000000,2.001423,1.711800,0.000000,0.000000,0.000000,1.890904,0.000000,2.444224,0.000000,2.079237,0.0000000,2.1558404,0.000000,0.000000,2.320362,2.0299148,0.000000,2.1127203,2.245328,1.988082,2.0801842,1.578790,2.060424,0.0000000,1.5804507,2.111933,0.000000,0.000000,1.700391,2.062635,2.270266,2.154096,0.000000,1.9933542,2.185367,0.000000,1.6677073,2.343286,2.192398,1.5754184
0.000000,2.095513,1.7204071,2.059486,2.0628482,0.000000,0.0000000,0.000000,1.698614,0.000000,2.1708310,2.0397813,1.942129,2.452921,2.236555,2.330344,0.000000,2.1685473,1.526186,2.011232,1.3853520,2.034813,1.919016,2.249875,1.796755,2.037446,1.537288,0.000000,1.5354944,0.000000,1.966131,0.000000,0.000000,0.000000,1.734031,1.959345,2.314308,0.000000,1.826201,0.0000000,1.9816963,0.000000,0.000000,2.277343,2.0246275,0.000000,1.9571772,2.210646,2.104655,2.0667154,0.000000,2.131317,1.5053783,1.7377007,1.670851,0.000000,0.000000,1.610249,0.000000,2.035489,2.190483,0.000000,2.3391992,2.134624,1.570879,1.8264999,2.334728,0.000000,1.7153656
0.000000,1.992539,1.7664947,1.937133,0.0000000,0.000000,0.0000000,0.000000,2.060002,0.000000,2.2301889,2.1766421,2.148041,2.446256,2.214837,2.429906,2.159464,2.3617624,1.938496,2.053379,1.7632073,2.237304,2.085924,2.321459,1.865953,2.221892,1.861791,2.106544,0.0000000,0.000000,1.978199,0.000000,1.807957,0.000000,1.729396,0.000000,2.383316,0.000000,2.116471,2.0434108,2.1421687,0.000000,0.000000,2.171606,1.9972904,0.000000,1.9990472,2.173980,2.229597,1.6959219,2.143143,2.254602,0.0000000,2.0071116,2.113143,0.000000,0.000000,2.154142,1.895785,2.107565,2.149486,0.000000,2.4020006,2.055681,0.000000,0.0000000,2.423281,2.023791,1.5858875
0.000000,2.275625,1.9848297,1.770766,0.0000000,0.000000,1.8778423,0.000000,2.110689,0.000000,2.1073500,2.1394113,1.896501,2.484771,2.250986,2.378215,0.000000,2.0649114,1.878424,1.953331,1.6129963,0.000000,0.000000,2.257541,1.823179,1.960754,1.732070,0.000000,0.0000000,2.123564,1.884572,0.000000,2.066289,2.200672,1.855742,0.000000,2.383785,2.116885,2.175398,1.9074986,2.1742831,0.000000,0.000000,2.384872,2.0895045,0.000000,2.2620226,2.353641,2.226827,1.9987489,0.000000,2.092137,0.0000000,0.0000000,2.121213,0.000000,1.988751,2.017229,2.203775,2.198476,2.182342,0.000000,2.2928929,2.202760,1.968242,1.9361837,2.429906,2.219492,0.0000000
0.000000,2.240167,1.9450899,0.000000,1.9603416,0.000000,0.0000000,0.000000,1.784335,0.000000,2.1754662,2.0364092,2.110047,2.479972,2.194617,2.420240,2.093025,2.3188572,1.846111,1.859887,1.6933558,2.159150,1.968896,2.257085,1.674277,2.178023,1.835739,2.005631,0.0000000,1.618567,1.872184,0.000000,0.000000,2.135719,1.765851,0.000000,2.420347,1.810754,2.040954,2.0710059,1.9978310,0.000000,0.000000,2.298427,2.1724905,0.000000,1.9902525,2.303992,2.195579,2.1640094,1.910949,2.279785,2.0778939,2.0865662,1.888531,0.000000,0.000000,2.125882,2.037705,2.052274,2.131363,0.000000,2.5479959,2.134563,0.000000,2.0388990,2.381318,1.961752,1.8181379
0.000000,1.781877,0.0000000,0.000000,0.0000000,0.000000,0.0000000,1.933379,1.757274,0.000000,0.0000000,2.1891818,2.192382,2.462544,2.141708,2.503949,0.000000,1.7529668,1.523615,2.072469,0.0000000,2.111649,2.119388,2.320362,2.057571,2.031372,0.000000,2.030607,2.1586332,0.000000,2.070810,0.000000,0.000000,2.114258,1.764162,0.000000,2.405704,0.000000,0.000000,0.0000000,0.0000000,0.000000,0.000000,2.064541,1.9060970,0.000000,0.0000000,0.000000,0.000000,1.7157044,2.231134,2.028776,0.0000000,0.0000000,2.342602,0.000000,1.987564,1.974090,0.000000,2.081678,1.996995,0.000000,2.0703537,2.020958,1.646696,0.0000000,2.630468,2.191114,1.8242979
0.000000,1.773290,1.9421507,0.000000,1.7784072,0.000000,0.0000000,2.035300,2.015103,0.000000,2.1750125,2.1992258,1.909231,2.431771,2.239543,2.412775,0.000000,2.4032189,0.000000,2.016476,1.8945473,2.021749,1.959510,2.243131,1.771194,2.091135,0.000000,2.079574,0.0000000,0.000000,1.795469,0.000000,2.024112,0.000000,2.005631,0.000000,2.398487,1.703395,0.000000,0.0000000,0.0000000,0.000000,0.000000,2.073615,0.0000000,1.459790,0.0000000,0.000000,0.000000,1.7081101,2.069389,2.056689,1.6458183,0.0000000,2.283120,0.000000,1.893714,2.027535,0.000000,2.129322,1.751048,0.000000,2.0348942,1.869901,1.733213,0.0000000,2.484838,0.000000,1.6915406
0.000000,2.051304,1.8248317,2.133991,1.9887686,0.000000,1.8990058,0.000000,0.000000,0.000000,2.1837507,2.1852070,0.000000,2.467203,2.274092,2.451419,0.000000,2.2211080,1.703170,1.990583,0.0000000,2.138192,2.014072,2.327823,1.804970,2.068124,2.058508,0.000000,0.0000000,1.891230,0.000000,0.000000,0.000000,0.000000,1.733163,0.000000,2.404037,0.000000,1.922208,1.6588912,2.0121505,0.000000,0.000000,2.219198,2.0553823,0.000000,2.0925903,2.273858,2.281732,1.9451754,2.129859,2.096393,0.0000000,0.0000000,1.943411,0.000000,0.000000,1.572709,2.170111,2.171549,2.247985,0.000000,2.3094793,2.195414,0.000000,1.9456589,2.387956,0.000000,0.0000000
0.000000,1.971466,2.2374682,2.112890,0.0000000,0.000000,0.0000000,0.000000,2.115496,0.000000,2.1802692,2.1189568,0.000000,2.460530,2.237638,2.419098,0.000000,2.1305206,0.000000,1.767175,0.0000000,0.000000,0.000000,2.222848,0.000000,1.988057,0.000000,0.000000,0.0000000,0.000000,1.612781,0.000000,0.000000,2.054020,1.935412,2.057403,2.433553,1.850313,2.226657,0.0000000,2.0749270,0.000000,2.105415,2.435378,2.0332461,0.000000,2.1694471,2.382380,2.070142,2.2364807,0.000000,2.284233,0.0000000,0.0000000,2.259753,0.000000,2.061437,0.000000,1.783433,2.142562,2.081450,0.000000,2.3260031,2.154787,0.000000,1.8669936,2.430497,2.316953,0.0000000
0.000000,0.000000,1.9311128,0.000000,0.0000000,0.000000,0.0000000,1.936985,1.991137,0.000000,0.0000000,2.2072057,2.022415,2.496842,2.211732,2.442953,0.000000,2.4640249,1.805225,1.955873,0.0000000,2.191029,2.013489,2.162005,1.691254,2.148211,1.733179,2.232765,1.5331697,0.000000,2.102687,0.000000,1.856505,0.000000,2.017612,0.000000,2.416918,0.000000,0.000000,0.0000000,0.0000000,1.741678,0.000000,2.125452,0.0000000,0.000000,0.0000000,0.000000,0.000000,2.0979085,2.003149,2.161900,0.0000000,0.0000000,2.347438,0.000000,1.856152,2.118239,0.000000,2.176214,1.914041,0.000000,2.1647020,2.087615,0.000000,0.0000000,2.541022,1.992205,1.7810206
0.000000,1.741362,1.9703319,0.000000,2.0345255,0.000000,0.0000000,1.762920,1.660265,1.777740,0.0000000,2.0921269,1.997773,2.507510,2.276317,2.365416,0.000000,2.3997117,1.807957,1.971336,0.0000000,2.188379,2.010112,2.196256,0.000000,1.902104,1.492759,2.087276,0.0000000,0.000000,1.993705,0.000000,1.832181,0.000000,1.950400,0.000000,2.444742,1.795644,0.000000,0.0000000,0.0000000,0.000000,0.000000,0.000000,0.0000000,0.000000,1.8396778,0.000000,0.000000,2.0855504,1.981710,2.077949,0.0000000,0.0000000,2.236343,0.000000,1.629856,2.075657,0.000000,2.186980,0.000000,0.000000,2.1320191,1.960452,1.780159,0.0000000,2.493680,0.000000,0.0000000
0.000000,1.747924,1.7701799,0.000000,0.0000000,0.000000,0.0000000,0.000000,1.759129,0.000000,0.0000000,2.1220546,2.201896,2.479227,2.265342,2.453647,0.000000,2.3235399,1.853779,2.014266,0.0000000,2.247475,2.072334,2.287104,1.987667,2.096422,1.596542,2.110845,0.0000000,0.000000,2.136883,0.000000,0.000000,0.000000,1.893565,0.000000,2.384901,0.000000,0.000000,0.0000000,0.0000000,0.000000,0.000000,1.937981,1.8148765,0.000000,1.5114066,0.000000,0.000000,1.8922408,0.000000,2.264872,0.0000000,0.0000000,2.069341,0.000000,0.000000,0.000000,0.000000,2.142296,0.000000,0.000000,2.0417648,2.140965,0.000000,0.0000000,2.457601,1.947098,0.0000000
0.000000,1.855650,1.8429632,0.000000,0.0000000,0.000000,1.8901340,1.875784,1.970958,0.000000,1.3525645,1.6389539,2.292793,2.491559,2.196387,2.463893,0.000000,2.3062635,1.890495,1.868349,2.0731201,1.875680,1.998235,2.240119,1.703170,2.007388,0.000000,1.983238,2.1283746,0.000000,2.112353,0.000000,0.000000,0.000000,2.008423,0.000000,2.364791,1.910739,0.000000,0.0000000,0.0000000,0.000000,0.000000,2.153029,1.7755823,0.000000,1.6933993,0.000000,0.000000,2.1167695,1.985686,2.121405,0.0000000,0.0000000,1.944576,0.000000,1.788668,1.884840,0.000000,2.285930,0.000000,0.000000,1.9755577,2.143941,0.000000,0.0000000,2.500856,1.873600,1.7079915
0.000000,0.000000,1.8689219,0.000000,0.0000000,0.000000,0.0000000,1.846672,1.840171,0.000000,0.0000000,2.1205099,2.160874,2.452742,2.276071,2.398146,0.000000,2.2978491,1.762260,1.782801,0.0000000,2.055991,1.965379,2.161352,1.746383,2.022227,0.000000,2.000611,2.0724886,0.000000,1.990718,0.000000,0.000000,0.000000,1.777008,0.000000,2.353129,1.788588,1.543587,0.0000000,0.0000000,0.000000,0.000000,2.118734,0.0000000,0.000000,0.0000000,0.000000,0.000000,2.0595171,2.009959,1.934396,0.0000000,0.0000000,1.997560,0.000000,1.776659,0.000000,0.000000,2.146686,0.000000,0.000000,1.8968502,2.049072,0.000000,0.0000000,2.135283,0.000000,1.6703226
0.000000,0.000000,1.8589213,0.000000,0.0000000,0.000000,0.0000000,1.992892,1.888037,0.000000,0.0000000,2.1433793,2.193638,2.479457,2.188571,2.438930,0.000000,2.2144031,1.817081,1.972118,1.5513235,1.983734,2.012658,2.264973,1.836866,2.003153,0.000000,1.901297,2.0660492,0.000000,0.000000,0.000000,0.000000,1.674006,2.023867,0.000000,2.421149,1.788519,0.000000,0.0000000,0.0000000,0.000000,0.000000,2.126797,0.0000000,0.000000,0.0000000,0.000000,0.000000,2.0706057,1.918459,2.185421,2.1491659,0.0000000,2.172962,0.000000,0.000000,1.793730,0.000000,2.177221,1.657041,1.731105,2.1894592,2.077036,1.604727,0.0000000,2.538376,1.922464,2.0145815
0.000000,0.000000,1.8088952,0.000000,0.0000000,0.000000,0.0000000,2.080413,1.985450,0.000000,0.0000000,2.1505891,2.150336,2.499121,2.168400,2.418791,0.000000,2.1867383,0.000000,1.954092,1.7935083,1.969436,2.008969,2.247325,1.764406,1.984105,0.000000,1.630599,2.1203439,0.000000,2.072430,0.000000,0.000000,0.000000,1.848911,0.000000,2.417515,1.828900,0.000000,0.0000000,0.0000000,0.000000,0.000000,1.837427,0.0000000,0.000000,0.0000000,0.000000,0.000000,1.7998012,2.197946,2.081158,0.0000000,0.0000000,1.948549,0.000000,0.000000,1.908015,0.000000,2.141760,0.000000,0.000000,2.1068637,2.060152,0.000000,0.0000000,2.602723,2.106827,1.6209422
0.000000,0.000000,0.0000000,0.000000,2.1709441,0.000000,0.0000000,0.000000,1.767322,0.000000,0.0000000,1.6294994,2.169804,2.516971,2.260048,2.376658,0.000000,2.3858566,0.000000,2.022083,0.0000000,0.000000,1.961702,2.237281,2.023265,1.969240,0.000000,2.080428,2.0378107,0.000000,1.741282,0.000000,0.000000,0.000000,0.000000,0.000000,2.309366,0.000000,0.000000,0.0000000,0.0000000,0.000000,0.000000,1.947888,0.0000000,0.000000,0.0000000,0.000000,0.000000,1.9536737,0.000000,2.157106,0.0000000,0.0000000,2.059246,0.000000,1.742357,1.682786,0.000000,2.230602,0.000000,0.000000,2.0305478,2.180550,0.000000,0.0000000,2.330428,1.962501,0.0000000
0.000000,0.000000,1.7068402,0.000000,0.0000000,0.000000,0.0000000,1.924955,1.844010,0.000000,0.0000000,2.1439088,2.141392,2.470755,2.189336,2.415514,0.000000,2.5103027,2.080366,2.041657,1.7505713,2.334283,2.221713,2.279957,1.964940,2.293623,0.000000,2.271496,0.0000000,0.000000,1.883240,0.000000,0.000000,0.000000,0.000000,0.000000,2.307450,0.000000,0.000000,0.0000000,0.0000000,0.000000,0.000000,2.174602,0.0000000,0.000000,0.0000000,0.000000,1.910622,2.0777482,1.857278,1.797155,0.0000000,0.0000000,2.117342,0.000000,0.000000,0.000000,0.000000,2.009591,0.000000,0.000000,0.0000000,2.041293,0.000000,0.0000000,2.378997,1.892402,0.0000000
0.000000,0.000000,1.8887971,0.000000,0.0000000,0.000000,0.0000000,1.899440,1.975271,0.000000,0.0000000,1.7933196,1.762329,2.480857,2.197887,2.445672,0.000000,2.2366200,0.000000,2.098429,0.0000000,2.028822,2.071055,2.343719,1.925310,1.757018,1.490893,1.646784,2.1322085,0.000000,2.154342,0.000000,0.000000,0.000000,1.994331,0.000000,2.381257,1.726009,0.000000,0.0000000,0.0000000,0.000000,0.000000,2.176054,1.9480696,0.000000,1.8858785,0.000000,0.000000,2.0551150,1.946130,2.062335,2.1475249,0.0000000,2.255095,0.000000,0.000000,1.837151,0.000000,2.174995,1.715045,1.690126,1.9193004,2.056038,0.000000,1.7221833,2.504308,2.103875,1.9494092
0.000000,1.722849,1.8347669,1.701054,0.0000000,0.000000,0.0000000,1.934795,1.855848,0.000000,0.0000000,2.2201429,2.238135,2.461091,2.237865,2.434618,0.000000,2.2010532,1.603517,1.897457,1.7392692,1.972558,2.003802,2.229735,1.835591,2.021407,1.944536,1.896418,1.9884561,0.000000,1.935965,0.000000,0.000000,0.000000,2.005850,0.000000,2.375429,1.819833,0.000000,0.0000000,0.0000000,1.848239,0.000000,2.162594,0.0000000,0.000000,0.0000000,0.000000,0.000000,2.1020985,2.039683,2.164775,2.1088842,1.6731923,2.178042,1.372040,1.669160,1.884057,0.000000,2.192823,1.661973,1.922371,2.1166398,2.116918,1.653694,0.0000000,2.481008,2.044007,1.8568709
0.000000,0.000000,1.9088519,0.000000,0.0000000,0.000000,0.0000000,1.855714,1.904504,0.000000,0.0000000,1.9695007,0.000000,2.539430,2.305624,2.423887,1.635300,2.2471467,0.000000,1.822151,0.0000000,2.019220,2.116027,2.406062,0.000000,1.834328,0.000000,1.845363,2.1769246,0.000000,2.139954,0.000000,0.000000,0.000000,0.000000,0.000000,2.362870,1.769159,0.000000,0.0000000,0.0000000,0.000000,0.000000,2.177515,0.0000000,0.000000,0.0000000,0.000000,0.000000,2.1144714,0.000000,2.077771,0.0000000,0.0000000,2.166507,0.000000,1.894314,0.000000,0.000000,2.035627,0.000000,1.753786,0.0000000,2.198727,0.000000,0.0000000,2.183639,2.137908,0.0000000
0.000000,0.000000,1.8447036,0.000000,0.0000000,0.000000,1.8518237,0.000000,1.996441,0.000000,0.0000000,2.2322321,2.140212,2.512377,2.208306,2.436325,0.000000,2.3057490,1.813862,1.878901,1.8225488,2.176433,2.213797,2.214694,2.132342,0.000000,0.000000,2.028085,2.2450791,0.000000,2.248063,0.000000,0.000000,0.000000,1.922336,0.000000,2.442344,0.000000,0.000000,0.0000000,0.0000000,0.000000,0.000000,1.919453,0.0000000,1.641777,0.0000000,0.000000,0.000000,0.0000000,0.000000,2.155116,0.0000000,0.0000000,2.105587,0.000000,1.751936,1.820777,0.000000,2.290734,0.000000,0.000000,2.1581615,1.999651,0.000000,0.0000000,2.464942,2.061924,0.0000000
0.000000,0.000000,1.9084864,1.685096,0.0000000,0.000000,0.0000000,2.092128,1.973156,0.000000,0.0000000,2.2758168,2.170148,2.489140,2.181603,2.472074,0.000000,2.1894697,0.000000,2.017527,1.6773413,1.795611,2.040825,2.292636,1.925593,1.843064,1.907757,0.000000,1.9903191,0.000000,0.000000,0.000000,0.000000,0.000000,2.047925,0.000000,2.411304,0.000000,0.000000,0.0000000,0.0000000,1.849655,0.000000,2.051232,1.3560626,0.000000,1.9304819,0.000000,0.000000,2.0029250,2.101269,2.185952,0.0000000,0.0000000,2.101646,0.000000,2.032709,1.824645,0.000000,2.209228,1.677678,1.405551,2.1383704,2.103773,1.522042,0.0000000,2.519417,2.030441,1.7203159
0.000000,0.000000,1.9283465,0.000000,0.0000000,0.000000,1.6447287,1.977883,1.932053,0.000000,1.5157366,2.1372723,1.797501,2.501090,2.213691,2.474161,0.000000,2.1890917,1.459448,2.043894,0.0000000,1.858693,2.056790,2.294168,1.925339,1.892014,0.000000,1.836646,2.0198525,0.000000,1.983939,0.000000,0.000000,1.415678,2.045196,0.000000,2.380188,1.677317,0.000000,0.0000000,0.0000000,1.570741,0.000000,1.891544,1.9713017,0.000000,1.9210755,0.000000,0.000000,1.6358004,1.609261,1.795644,2.1883049,0.0000000,2.226177,0.000000,2.038959,1.948358,1.570372,2.264114,1.845179,1.773698,2.1078975,2.131599,0.000000,0.0000000,2.503821,1.936623,1.6825998
0.000000,0.000000,1.8670457,0.000000,0.0000000,0.000000,0.0000000,1.917841,2.033725,0.000000,0.0000000,1.8691274,2.315117,2.505790,2.228732,2.460658,0.000000,2.3074498,1.917863,1.938470,2.0882453,2.039506,2.052583,2.284508,1.759704,2.070643,0.000000,1.903579,2.1401590,0.000000,2.134806,0.000000,0.000000,0.000000,1.783956,0.000000,2.376460,1.824075,0.000000,0.0000000,0.0000000,0.000000,0.000000,2.199460,1.8799345,1.602603,1.6153461,0.000000,1.795808,2.1446215,0.000000,2.239920,0.0000000,0.0000000,2.107480,0.000000,1.973858,0.000000,0.000000,2.310923,0.000000,1.866471,2.0109067,2.181300,0.000000,0.0000000,2.483856,0.000000,0.0000000
0.000000,0.000000,1.9488675,0.000000,0.0000000,0.000000,0.0000000,2.054275,2.024567,0.000000,1.7092128,2.0829981,2.192166,2.502718,2.250804,2.394487,0.000000,2.4137741,1.817203,1.949956,1.9612056,1.861186,1.842893,2.248083,1.737000,1.945577,1.950503,2.155996,1.9912692,1.670045,0.000000,0.000000,0.000000,0.000000,1.953481,0.000000,2.086249,1.632903,0.000000,1.7009920,0.0000000,1.803416,0.000000,1.878304,0.0000000,0.000000,1.7801831,0.000000,0.000000,2.0461400,1.939600,1.727477,0.0000000,0.0000000,2.136642,1.575149,1.756317,1.944224,1.665957,2.206264,1.890609,1.610394,2.0191296,2.143300,0.000000,0.0000000,2.180715,0.000000,1.7802318
0.000000,0.000000,1.9642177,0.000000,0.0000000,0.000000,0.0000000,1.940612,1.783373,0.000000,1.6482939,1.9682152,2.088993,2.469508,2.193332,2.435233,0.000000,2.3738097,1.684383,1.973858,1.6770761,2.158795,2.010156,2.285916,1.824858,2.041914,0.000000,2.106294,0.0000000,1.376793,0.000000,0.000000,0.000000,1.390902,1.919828,0.000000,2.449928,1.714875,0.000000,0.0000000,0.0000000,0.000000,0.000000,2.119356,0.0000000,0.000000,1.7036797,0.000000,0.000000,2.0571381,2.083644,2.129875,2.1234625,0.0000000,1.834187,0.000000,1.746092,1.899776,0.000000,2.190612,1.638984,1.772085,2.1480008,2.066595,1.732978,0.0000000,2.488308,1.825531,1.8445882
0.000000,0.000000,1.8838100,1.614140,0.0000000,0.000000,1.4908207,1.923090,1.967887,0.000000,0.0000000,2.1896495,2.210633,2.454493,2.196111,2.457151,0.000000,2.3755958,1.938015,1.961609,0.0000000,2.192444,2.061433,2.280872,0.000000,1.989200,0.000000,2.152215,0.0000000,0.000000,1.755079,0.000000,0.000000,0.000000,1.973508,0.000000,2.364475,1.787342,0.000000,0.0000000,0.0000000,1.698614,0.000000,2.079651,1.8792764,0.000000,1.6242579,0.000000,0.000000,2.0957934,1.780924,2.170346,0.0000000,0.0000000,2.141761,0.000000,1.769238,1.612709,0.000000,2.128041,1.473432,1.603517,1.9938769,2.093013,1.554183,0.0000000,2.465342,1.861777,1.8925797
0.000000,0.000000,1.8376617,0.000000,0.0000000,0.000000,0.0000000,2.102066,1.942944,0.000000,0.0000000,2.1990646,2.297748,2.460368,2.135961,2.431874,0.000000,2.2277335,1.767985,0.000000,2.0409153,1.998480,1.956434,2.181664,0.000000,2.066531,1.674914,1.925664,2.1198838,0.000000,2.030249,0.000000,0.000000,0.000000,1.853080,0.000000,2.426057,1.911624,1.889106,0.0000000,0.0000000,1.885295,0.000000,2.075908,0.0000000,0.000000,0.0000000,0.000000,0.000000,1.7411870,1.986266,2.028920,1.9157375,1.9417633,2.212114,0.000000,1.607751,1.924129,0.000000,2.259992,0.000000,1.957248,2.1891810,2.142736,0.000000,0.0000000,2.443030,0.000000,0.0000000
0.000000,1.817100,1.8884372,0.000000,0.0000000,0.000000,0.0000000,1.999587,1.936298,1.460979,0.0000000,0.0000000,2.161103,2.468448,2.214332,2.412677,1.514284,2.4094122,1.965397,1.999826,1.7506756,2.218071,2.095806,2.250971,1.909613,1.653190,1.779695,2.143295,0.0000000,0.000000,1.817184,0.000000,0.000000,0.000000,1.925431,0.000000,2.389696,1.751922,0.000000,0.0000000,0.0000000,1.488570,0.000000,1.898416,0.0000000,0.000000,1.8518747,0.000000,1.817905,0.0000000,1.915841,2.142377,2.0651228,0.0000000,2.086293,0.000000,1.859198,1.876344,0.000000,2.196862,1.810872,0.000000,2.1168642,2.097874,0.000000,0.0000000,2.532697,0.000000,1.5849156
0.000000,0.000000,1.8669415,0.000000,0.0000000,0.000000,0.0000000,1.810420,1.813593,0.000000,0.0000000,1.6512154,2.202749,2.462529,2.195764,2.439609,0.000000,2.4000361,1.934497,1.965540,1.8819069,2.202555,2.057553,2.271590,0.000000,2.049597,1.744733,2.079005,0.0000000,0.000000,1.683691,0.000000,0.000000,1.547997,1.784003,0.000000,2.224828,1.750123,0.000000,0.0000000,0.0000000,0.000000,0.000000,2.120665,0.0000000,1.223691,1.6524594,0.000000,0.000000,1.7425779,1.822855,2.054712,0.0000000,0.0000000,2.076249,0.000000,1.929457,1.621079,1.380414,2.115706,1.417599,1.854981,1.8411767,2.077014,0.000000,0.0000000,2.470916,1.891322,1.9621537
0.000000,0.000000,1.8367361,0.000000,0.0000000,0.000000,0.0000000,1.997225,1.808297,0.000000,0.0000000,2.2090248,2.302208,2.449114,2.249470,2.492133,0.000000,2.2471635,1.973649,1.827871,2.0629857,2.104483,2.012070,2.225373,0.000000,1.794668,1.824690,1.808596,2.0561240,1.604349,2.043276,0.000000,0.000000,0.000000,1.847058,0.000000,2.423849,1.798693,0.000000,0.0000000,0.0000000,0.000000,0.000000,2.043120,0.0000000,0.000000,1.5720709,0.000000,0.000000,2.1749410,2.109647,2.214874,2.1155819,0.0000000,2.118671,0.000000,1.814428,1.910140,0.000000,2.219898,0.000000,2.004393,2.1558628,2.131119,0.000000,0.0000000,2.247103,2.116855,2.0189070
0.000000,0.000000,1.7285695,0.000000,0.0000000,0.000000,0.0000000,2.111177,2.081156,0.000000,2.1815559,2.1693755,2.172965,2.467101,2.182067,2.403226,0.000000,2.4823913,1.990787,1.810547,1.6251265,2.302187,2.156398,2.165354,0.000000,2.166461,1.806121,2.242181,0.0000000,0.000000,1.909254,0.000000,0.000000,0.000000,1.846665,0.000000,2.475402,1.903860,0.000000,1.8622235,0.0000000,1.629434,0.000000,2.229350,0.0000000,0.000000,0.0000000,0.000000,0.000000,2.1697938,2.147759,2.150679,0.0000000,0.0000000,2.281179,1.601723,0.000000,2.199935,0.000000,2.265481,1.862446,1.648698,2.1977177,2.032336,1.649216,0.0000000,2.449463,0.000000,1.8274181
0.000000,1.861743,1.8297601,0.000000,1.9962510,0.000000,1.6227099,0.000000,1.764596,0.000000,0.0000000,2.0093011,2.014553,2.494522,2.231784,2.332049,0.000000,2.0437913,0.000000,1.995675,0.0000000,1.664344,1.922677,2.231469,1.886881,1.680064,0.000000,0.000000,1.9842686,1.585043,2.064965,0.000000,0.000000,1.526719,1.526186,0.000000,2.273485,0.000000,0.000000,0.0000000,0.0000000,0.000000,0.000000,2.017715,0.0000000,0.000000,1.9304979,0.000000,0.000000,0.0000000,1.708899,1.845485,0.0000000,0.0000000,1.906223,0.000000,0.000000,1.833847,0.000000,2.104899,1.515485,0.000000,1.8421903,2.139081,0.000000,0.0000000,2.285593,1.951597,1.7735066
0.000000,1.524755,0.0000000,1.531334,0.0000000,0.000000,0.0000000,1.927669,1.952178,0.000000,0.0000000,2.2328440,2.281272,2.479064,2.177314,2.499391,0.000000,2.3613593,1.810222,1.784995,2.0852133,1.926526,2.134191,2.178485,0.000000,2.045650,1.796451,1.955710,2.0640462,0.000000,2.082785,0.000000,0.000000,0.000000,1.949371,0.000000,2.374641,1.887178,0.000000,0.0000000,0.0000000,0.000000,0.000000,2.205211,0.0000000,0.000000,0.0000000,0.000000,0.000000,2.1362626,1.943980,2.055874,0.0000000,0.0000000,2.166072,1.714269,2.090463,1.655500,0.000000,2.153510,0.000000,1.900349,1.9913719,2.090246,0.000000,0.0000000,2.486160,0.000000,1.9649731
0.000000,0.000000,1.8503422,0.000000,0.0000000,0.000000,0.0000000,1.853578,0.000000,0.000000,0.0000000,2.1821871,2.262667,2.446580,2.106295,2.443500,0.000000,2.4460163,1.932885,1.921368,0.0000000,2.283605,2.137134,2.268805,0.000000,1.962721,0.000000,2.244805,0.0000000,0.000000,2.091185,0.000000,0.000000,1.693247,1.954731,0.000000,2.358841,1.878519,1.817793,0.0000000,0.0000000,0.000000,0.000000,2.004959,1.8584290,1.638433,1.7606542,0.000000,0.000000,2.0994401,2.086519,2.161541,2.0769689,0.0000000,2.048865,1.457301,1.890860,0.000000,0.000000,2.067265,1.514537,1.829589,2.0075924,2.058912,1.501948,0.0000000,2.495289,0.000000,1.7981680
0.000000,0.000000,1.6164384,0.000000,0.0000000,0.000000,0.0000000,1.905694,1.954198,0.000000,0.0000000,1.9329633,2.126194,2.478097,2.135854,2.469507,0.000000,2.2460246,1.963740,1.983382,0.0000000,1.969615,2.107317,2.347096,1.826166,0.000000,0.000000,1.999445,2.0916900,0.000000,2.069273,0.000000,0.000000,1.852442,1.951698,0.000000,2.371863,1.669109,0.000000,0.0000000,0.0000000,0.000000,0.000000,2.162345,0.0000000,0.000000,1.5840660,0.000000,0.000000,1.4663237,1.933359,2.198873,1.9010206,0.0000000,2.246650,1.638402,1.925081,1.861946,0.000000,2.170231,0.000000,1.481649,1.9532438,2.155586,1.543479,0.0000000,2.271658,1.997789,1.8790921
0.000000,1.610722,2.0177564,0.000000,0.0000000,0.000000,0.0000000,2.017559,1.587815,0.000000,0.0000000,0.0000000,2.089460,2.539117,2.095623,2.412472,1.516678,2.2526899,1.995451,1.910533,2.0704526,1.946705,2.054959,2.203981,0.000000,1.759998,0.000000,1.769971,2.1489162,0.000000,2.148963,0.000000,0.000000,0.000000,1.873872,0.000000,2.362271,0.000000,0.000000,0.0000000,0.0000000,0.000000,0.000000,2.112536,0.0000000,0.000000,1.9520933,0.000000,0.000000,0.0000000,2.095283,2.051280,0.0000000,0.0000000,2.224724,0.000000,0.000000,1.557296,0.000000,2.085743,0.000000,1.695193,1.6094081,2.230468,0.000000,0.0000000,2.335969,2.153758,1.7163424
2.172672,1.840576,2.0499326,0.000000,0.0000000,0.000000,1.7113171,1.875411,0.000000,0.000000,1.7435814,2.0966705,2.222305,2.503817,2.169703,2.468114,0.000000,2.3858666,1.823071,1.904067,2.0011731,2.143830,2.022764,2.212893,2.028770,2.205157,1.968631,2.140217,0.0000000,1.599716,0.000000,0.000000,1.909193,1.877113,2.015129,0.000000,2.475476,1.662794,0.000000,1.8978396,0.0000000,0.000000,0.000000,1.940756,1.6566844,0.000000,1.8896899,0.000000,0.000000,2.1009898,2.228853,2.104805,0.0000000,0.0000000,2.343838,0.000000,1.957507,2.186504,0.000000,2.228177,0.000000,1.978183,2.2646191,2.183223,1.804601,0.0000000,2.600335,0.000000,1.9056798
2.205844,1.884280,2.0101035,0.000000,0.0000000,0.000000,1.8556639,2.009423,2.096578,0.000000,0.0000000,2.0088504,2.228403,2.450092,2.213178,2.463897,0.000000,2.4019346,1.915287,2.014903,1.9977940,2.213216,2.041338,2.244989,1.977935,2.145293,2.113134,2.208357,0.0000000,1.588894,0.000000,0.000000,0.000000,1.841539,1.960398,0.000000,2.445718,1.560109,0.000000,0.0000000,0.0000000,1.805266,1.660560,2.246470,1.8677281,0.000000,1.6501903,0.000000,0.000000,2.1373732,2.292928,2.020018,0.0000000,0.0000000,2.351314,2.088372,1.870112,2.062470,0.000000,2.180043,0.000000,1.981837,2.2380842,2.147178,1.606451,0.0000000,2.549473,0.000000,1.7151393
2.136494,1.739221,2.0183458,0.000000,0.0000000,0.000000,2.3351241,1.886488,1.570649,0.000000,1.5643162,0.0000000,2.145832,2.468517,2.090791,2.431257,0.000000,2.3938205,1.993896,2.037086,0.0000000,2.081035,1.982404,2.256011,2.003708,2.196378,1.867495,2.152436,0.0000000,0.000000,0.000000,0.000000,0.000000,0.000000,1.885465,0.000000,2.381481,0.000000,0.000000,0.0000000,0.0000000,0.000000,1.586308,1.615734,1.6505042,0.000000,1.8459583,0.000000,0.000000,1.9457121,2.245980,1.668295,2.1265422,0.0000000,2.345147,0.000000,1.919902,1.993743,0.000000,2.168854,1.720115,1.915549,2.1313661,2.081998,1.624860,0.0000000,2.571641,0.000000,1.8826911
2.233479,2.162914,1.9831359,1.594352,0.0000000,0.000000,1.8839306,1.783564,1.891354,0.000000,0.0000000,1.9686815,2.101707,2.467846,2.254762,2.375269,0.000000,2.4116998,1.951715,2.001092,1.6905475,2.132522,1.875991,2.245560,0.000000,2.240395,1.793131,2.179880,0.0000000,0.000000,0.000000,0.000000,0.000000,0.000000,1.785372,0.000000,2.296762,0.000000,0.000000,0.0000000,0.0000000,0.000000,0.000000,2.063591,1.8937351,1.727912,1.8489561,0.000000,0.000000,1.9796189,2.236464,2.202245,0.0000000,0.0000000,2.107376,1.931558,0.000000,1.806547,0.000000,1.955155,0.000000,1.875497,1.8756371,2.183138,1.608821,0.0000000,2.490822,1.750541,1.6624235
2.167285,1.688990,1.9634055,0.000000,0.0000000,0.000000,1.7431589,1.849818,1.608047,0.000000,0.0000000,2.1061108,2.226384,2.418939,2.212921,2.446373,0.000000,2.3859713,1.899445,1.930362,1.9979768,2.039869,2.011457,2.221646,1.470396,2.178364,1.705881,2.063104,2.0885922,0.000000,2.043205,0.000000,0.000000,0.000000,1.816790,1.316008,2.467342,1.772547,0.000000,0.0000000,0.0000000,0.000000,0.000000,2.028523,0.0000000,0.000000,1.6742521,0.000000,0.000000,2.1398511,2.184172,1.986350,0.0000000,0.0000000,2.327208,2.042725,1.893974,2.032918,0.000000,2.016503,1.717944,2.012581,2.2258890,2.111375,0.000000,0.0000000,2.510834,0.000000,1.7828486
2.165300,1.587606,1.9073500,0.000000,2.2036114,0.000000,1.7281717,1.829717,2.059268,0.000000,0.0000000,2.1934439,2.110019,2.413675,2.171793,2.440714,0.000000,2.4132169,1.909429,1.886555,1.3424721,2.063334,1.861295,2.265804,2.015915,2.172178,1.723386,2.174883,2.1070074,0.000000,0.000000,0.000000,0.000000,0.000000,1.922366,0.000000,2.334811,1.875893,0.000000,0.0000000,0.0000000,0.000000,0.000000,2.220769,0.0000000,1.592863,1.4181294,0.000000,0.000000,1.8746868,2.183227,1.844442,1.9666707,1.4483701,2.318017,2.007782,1.730133,1.807244,0.000000,2.056434,1.756403,1.949722,2.0312679,2.115388,1.691958,1.7845001,2.501918,0.000000,1.8103703
2.141972,0.000000,2.0208895,0.000000,0.0000000,1.501608,1.8037985,1.832189,0.000000,0.000000,0.0000000,2.2112118,2.157470,2.460193,2.148142,2.414546,0.000000,2.4212365,1.896574,1.953517,1.9136719,2.217384,1.970744,2.244933,0.000000,2.232776,1.837370,2.199627,0.0000000,0.000000,2.070132,0.000000,1.745615,0.000000,1.747194,0.000000,2.430745,1.785254,0.000000,0.0000000,0.0000000,0.000000,0.000000,1.983468,0.0000000,1.458592,1.9333396,0.000000,0.000000,1.6146020,2.217122,2.214294,2.0469564,0.0000000,2.350040,1.962402,1.860811,1.863407,0.000000,2.068782,0.000000,1.714667,2.2023126,2.143919,0.000000,0.0000000,2.517159,0.000000,1.7329447
2.243737,1.735523,2.0261433,0.000000,0.0000000,0.000000,1.7902658,1.965131,0.000000,0.000000,0.0000000,2.1546627,2.144290,2.475524,2.164194,2.410052,0.000000,2.4414634,2.025163,1.950421,0.0000000,2.180060,1.970053,2.169334,1.989371,2.198105,2.109143,2.194847,0.0000000,1.567910,0.000000,0.000000,1.520088,1.793453,1.852689,0.000000,2.437953,0.000000,0.000000,0.0000000,0.0000000,0.000000,0.000000,1.862298,1.4215942,0.000000,1.9142369,0.000000,0.000000,2.1176279,2.310305,2.229722,1.4290461,0.0000000,2.347232,1.854410,1.827261,2.052982,0.000000,2.125400,0.000000,2.005101,2.2132474,2.190825,0.000000,0.0000000,2.528852,0.000000,1.8404174
2.164695,1.654919,1.9657449,1.778370,0.0000000,0.000000,1.6567393,1.944084,2.054958,0.000000,0.0000000,2.1026703,2.198263,2.425720,2.207279,2.420869,0.000000,2.3681589,1.901844,1.907652,1.9751561,2.174444,2.005425,2.209743,1.958160,2.097151,1.768051,2.110972,0.0000000,1.572664,0.000000,0.000000,0.000000,1.457905,1.629662,0.000000,2.339603,1.583810,1.657259,0.0000000,0.0000000,0.000000,0.000000,2.213321,0.0000000,0.000000,1.8951756,0.000000,0.000000,2.1016942,2.253506,2.175126,0.0000000,0.0000000,2.075341,1.642197,1.851969,2.013799,0.000000,2.004925,1.612817,1.977793,2.0238444,2.102550,0.000000,0.0000000,2.481460,0.000000,1.7440027
2.177455,1.804385,2.0127850,1.532426,0.0000000,0.000000,1.7684215,1.921261,0.000000,0.000000,0.0000000,2.1572807,2.220975,2.457158,2.118656,2.461670,0.000000,2.4273102,1.896131,2.001690,1.9876095,2.226253,2.015387,2.241343,1.961005,2.205299,1.835023,2.203247,0.0000000,0.000000,0.000000,0.000000,0.000000,0.000000,1.810321,0.000000,2.311770,1.819335,1.916981,0.0000000,0.0000000,0.000000,0.000000,2.045030,1.9292794,0.000000,1.8747483,0.000000,0.000000,2.1466553,2.246853,2.193334,2.0336838,0.0000000,2.341573,0.000000,1.881977,1.827923,0.000000,2.064765,1.731274,1.994333,1.9818947,2.050814,1.709742,0.0000000,2.499726,0.000000,1.7940839
2.190818,2.139918,1.9545094,1.610504,0.0000000,1.475873,2.3618767,1.951238,0.000000,0.000000,0.0000000,2.1738786,2.237589,2.450709,2.233418,2.451790,0.000000,2.4175365,1.961815,1.920041,1.9960584,2.233633,2.066007,2.150456,0.000000,2.147911,2.043260,2.176638,0.0000000,0.000000,0.000000,0.000000,1.544927,0.000000,1.818575,0.000000,2.450455,1.780487,0.000000,0.0000000,0.0000000,0.000000,0.000000,2.040203,0.0000000,0.000000,1.4070140,0.000000,0.000000,2.1377097,2.293203,2.055839,0.0000000,0.0000000,2.309850,0.000000,1.913603,1.686692,0.000000,2.078336,0.000000,2.029161,2.2278319,2.159052,1.953621,0.0000000,2.440991,1.753465,2.0289589
2.117597,1.723832,1.9754519,0.000000,0.0000000,0.000000,1.9564180,1.897457,1.593307,0.000000,1.5811453,2.1191170,2.141894,2.469390,2.201380,2.421644,0.000000,2.3782869,2.041272,0.000000,1.4432311,2.158138,1.958076,2.257897,1.967250,2.200297,2.093136,2.091308,0.0000000,0.000000,0.000000,0.000000,1.671302,1.765596,1.959659,0.000000,2.443092,1.490821,1.664892,0.0000000,0.0000000,0.000000,1.668091,0.000000,1.5894315,1.818686,1.5886872,0.000000,0.000000,2.1368089,2.168805,2.191997,2.0799541,0.0000000,2.330422,1.494181,1.741615,2.092984,0.000000,2.142709,1.753231,0.000000,2.2158028,2.109125,1.692505,0.0000000,2.457742,0.000000,1.8336884
2.237803,1.842511,2.0291862,1.518979,0.0000000,0.000000,1.6836677,2.014243,2.096112,0.000000,0.0000000,2.0845296,2.275979,2.450954,2.192963,2.483016,0.000000,2.4168782,2.040779,1.972430,2.0356366,2.243439,2.055355,2.215332,0.000000,2.169136,2.091258,2.127029,0.0000000,0.000000,0.000000,0.000000,1.575149,0.000000,1.654113,0.000000,2.423206,1.811820,0.000000,0.0000000,0.0000000,1.832995,1.691607,2.261331,0.0000000,0.000000,1.7748011,0.000000,1.869256,2.1567418,2.314416,2.054492,2.0233755,0.0000000,2.090389,0.000000,1.987526,1.824253,0.000000,2.028644,1.603517,2.034370,2.0593822,2.153680,0.000000,0.0000000,2.435007,0.000000,1.6865561
2.190055,2.070122,1.9497119,1.474460,0.0000000,0.000000,2.3727690,1.858720,1.845844,0.000000,0.0000000,0.0000000,2.099858,2.426802,2.190158,2.451518,0.000000,2.4186879,1.895586,2.009961,1.8111461,2.252536,2.057062,2.231354,2.019060,2.112961,1.819492,2.202541,0.0000000,0.000000,0.000000,0.000000,0.000000,0.000000,1.722147,0.000000,2.331134,1.863935,0.000000,0.0000000,0.0000000,0.000000,1.529071,1.824876,0.0000000,1.657914,1.6602384,0.000000,0.000000,1.7799395,2.192533,2.152152,0.0000000,1.6550022,2.293215,1.790617,1.870315,0.000000,0.000000,1.944679,1.612170,1.485774,2.1948458,2.129816,1.966365,1.7626453,2.464760,0.000000,1.7727269
2.129504,0.000000,1.9301814,0.000000,0.0000000,0.000000,1.7683027,1.929122,0.000000,0.000000,0.0000000,2.1925790,2.214103,2.426538,2.249274,2.440222,0.000000,2.4042637,1.785969,1.939674,1.9931497,2.216883,2.029355,2.204540,1.938440,2.147802,2.025376,2.133674,0.0000000,0.000000,0.000000,0.000000,0.000000,0.000000,1.941811,0.000000,2.299375,1.839686,0.000000,0.0000000,0.0000000,0.000000,1.550705,2.011205,0.0000000,1.739398,1.7255512,0.000000,0.000000,2.1310591,2.170495,2.004940,0.0000000,0.0000000,2.163171,1.589225,1.879787,1.940294,0.000000,2.061348,1.773774,1.982446,2.0465054,2.123410,1.853282,0.0000000,2.424125,1.503570,1.6320107
0.000000,1.722920,1.9281061,0.000000,2.0814429,0.000000,0.0000000,1.917087,1.977861,0.000000,0.0000000,2.1483026,1.937152,2.497270,2.306796,2.398922,0.000000,2.4313589,0.000000,1.980333,1.7288801,2.239183,2.097430,2.252096,0.000000,2.014243,1.974537,2.163838,0.0000000,0.000000,0.000000,0.000000,1.718092,0.000000,1.888026,0.000000,2.380142,1.641295,0.000000,0.0000000,0.0000000,0.000000,0.000000,2.190180,0.0000000,0.000000,1.6984672,0.000000,0.000000,2.1623741,1.961871,1.853987,0.0000000,0.0000000,2.240097,0.000000,0.000000,1.863908,0.000000,2.112899,0.000000,1.760292,1.9963213,2.093243,0.000000,0.0000000,2.479591,0.000000,0.0000000
0.000000,0.000000,1.9658836,0.000000,0.0000000,0.000000,0.0000000,1.919274,1.645466,0.000000,0.0000000,2.1698201,1.995174,2.457661,2.347020,2.500560,0.000000,2.2447056,0.000000,1.885873,0.0000000,1.939466,2.070789,2.230353,0.000000,0.000000,0.000000,0.000000,2.0334942,0.000000,1.916043,0.000000,0.000000,0.000000,1.806921,0.000000,2.383503,0.000000,1.860244,0.0000000,0.0000000,0.000000,0.000000,1.828451,0.0000000,0.000000,0.0000000,0.000000,0.000000,0.0000000,1.869454,1.963501,0.0000000,0.0000000,2.080233,0.000000,2.053425,0.000000,0.000000,2.093136,0.000000,0.000000,0.0000000,2.079301,0.000000,0.0000000,2.432959,2.045106,1.6326484
0.000000,0.000000,1.7957426,0.000000,0.0000000,0.000000,0.0000000,2.054843,1.935462,0.000000,0.0000000,2.2010744,2.243578,2.447901,2.226593,2.381313,0.000000,2.3234734,1.955612,1.990777,0.0000000,2.158096,2.020089,2.215423,1.723261,2.082415,1.852101,1.716005,0.0000000,0.000000,1.609920,0.000000,0.000000,0.000000,2.026019,0.000000,2.323635,1.856660,0.000000,0.0000000,0.0000000,1.545194,0.000000,1.894420,0.0000000,0.000000,1.5894315,0.000000,0.000000,2.1150450,2.041875,1.816827,0.0000000,0.0000000,1.963098,0.000000,1.722938,1.980953,0.000000,2.214346,0.000000,1.825355,2.1827783,2.182194,0.000000,0.0000000,2.472878,0.000000,1.5691688
0.000000,1.571797,1.9382294,0.000000,0.0000000,0.000000,0.0000000,1.931808,0.000000,0.000000,0.0000000,0.0000000,2.109587,2.468905,2.184079,2.422991,0.000000,2.4022450,2.006064,1.919802,2.1424051,2.222984,2.053382,2.273920,1.908172,1.804190,1.923496,2.099701,0.0000000,0.000000,2.143956,0.000000,0.000000,1.741235,1.855316,0.000000,2.461269,1.670297,0.000000,0.0000000,0.0000000,0.000000,0.000000,1.974436,0.0000000,0.000000,1.6545302,0.000000,0.000000,0.0000000,2.046062,2.292177,2.0903783,0.0000000,2.045177,0.000000,0.000000,0.000000,0.000000,2.248115,0.000000,0.000000,2.0989723,2.071871,0.000000,0.0000000,2.549091,0.000000,1.8487996
0.000000,0.000000,1.8778723,2.216595,0.0000000,0.000000,0.0000000,2.109728,0.000000,0.000000,1.7647588,2.0384037,2.167358,2.536142,2.146136,2.444753,0.000000,2.3291697,0.000000,1.894949,1.8766352,2.086257,1.942868,2.182212,0.000000,1.948639,0.000000,2.138984,2.1530918,0.000000,2.164838,0.000000,0.000000,0.000000,0.000000,0.000000,2.404584,1.678014,1.922217,0.0000000,2.1184692,0.000000,0.000000,2.035997,1.9200803,0.000000,1.9280041,0.000000,0.000000,1.5349867,2.000446,2.110725,0.0000000,0.0000000,0.000000,0.000000,1.761778,0.000000,2.325133,2.133487,0.000000,0.000000,2.1455131,2.037413,0.000000,0.0000000,2.412510,2.116830,0.0000000
0.000000,1.716847,1.8827490,0.000000,0.0000000,0.000000,0.0000000,1.949116,1.945101,0.000000,0.0000000,2.0688285,2.177139,2.519034,2.233866,2.425662,0.000000,2.2248198,0.000000,2.019363,0.0000000,0.000000,2.051952,2.274548,1.879911,1.816771,1.879793,1.931399,0.0000000,0.000000,2.091410,0.000000,0.000000,0.000000,1.754948,0.000000,2.414539,0.000000,1.697285,0.0000000,0.0000000,0.000000,0.000000,2.132757,1.8911916,0.000000,1.8746376,0.000000,0.000000,1.6818058,0.000000,2.154547,0.0000000,0.0000000,2.154127,0.000000,1.801416,0.000000,0.000000,2.149341,0.000000,0.000000,2.0195408,2.160376,0.000000,0.0000000,2.529646,2.153678,0.0000000
0.000000,0.000000,1.8354429,0.000000,0.0000000,0.000000,0.0000000,1.872847,1.729551,0.000000,0.0000000,2.0854036,2.089285,2.494852,2.210648,2.443509,0.000000,2.3381914,0.000000,1.723422,0.0000000,2.148795,1.959224,2.228945,1.764921,1.748907,0.000000,2.011325,0.0000000,0.000000,1.933441,0.000000,0.000000,0.000000,1.712627,0.000000,2.360416,0.000000,0.000000,0.0000000,0.0000000,0.000000,0.000000,2.109412,0.0000000,0.000000,1.8129754,0.000000,1.572254,2.0100638,0.000000,2.034128,0.0000000,0.0000000,2.114510,0.000000,1.874008,0.000000,0.000000,2.019521,0.000000,0.000000,0.0000000,2.149160,0.000000,0.0000000,2.290427,0.000000,2.0732021
0.000000,2.088358,1.8464297,1.597764,0.0000000,0.000000,0.0000000,1.916025,1.911368,0.000000,2.0772343,2.1207255,2.153086,2.463008,2.184313,2.374029,0.000000,2.3121024,1.828762,1.977640,1.7324404,2.121452,1.982596,2.260345,1.780232,1.980939,1.864228,2.085503,0.0000000,0.000000,1.640113,0.000000,0.000000,0.000000,1.803292,0.000000,2.346767,1.790922,0.000000,0.0000000,0.0000000,0.000000,0.000000,2.144429,0.0000000,0.000000,1.6193280,0.000000,0.000000,2.0632059,1.885232,2.109457,2.0881484,0.0000000,2.044027,0.000000,1.462498,1.775959,0.000000,2.104391,1.562636,0.000000,2.0758432,2.054742,0.000000,0.0000000,2.268886,0.000000,0.0000000
0.000000,0.000000,1.9909362,0.000000,0.0000000,0.000000,0.0000000,1.854703,1.989669,0.000000,0.0000000,1.9389502,2.151548,2.477022,2.162011,2.435538,0.000000,2.3302607,1.921793,1.918920,0.0000000,2.058096,1.946303,2.411071,0.000000,2.039985,1.727703,0.000000,2.0947238,0.000000,1.992614,0.000000,1.900152,0.000000,0.000000,0.000000,2.306312,0.000000,0.000000,0.0000000,0.0000000,0.000000,0.000000,2.148001,0.0000000,0.000000,1.8153525,0.000000,0.000000,2.0944943,0.000000,0.000000,0.0000000,0.0000000,0.000000,0.000000,0.000000,0.000000,0.000000,1.947934,0.000000,1.712301,1.9207562,2.076444,0.000000,0.0000000,2.267872,0.000000,1.7545861
0.000000,0.000000,1.9343685,0.000000,0.0000000,0.000000,0.0000000,1.825355,1.962566,0.000000,0.0000000,2.1164929,2.156977,2.469489,2.219964,2.361682,0.000000,2.3475519,1.865301,1.880666,0.0000000,2.175749,1.939148,2.296540,0.000000,2.041390,0.000000,0.000000,0.0000000,0.000000,1.875918,0.000000,0.000000,1.753903,1.894500,0.000000,2.379565,0.000000,2.306597,0.0000000,0.0000000,0.000000,0.000000,2.142459,0.0000000,0.000000,1.7479696,0.000000,0.000000,2.0945947,0.000000,2.128900,2.1441006,0.0000000,2.195785,1.756932,2.021067,0.000000,0.000000,2.129916,1.441737,1.821661,2.2876562,2.114431,0.000000,0.0000000,2.523574,1.973997,1.9463136
0.000000,0.000000,1.9124975,1.382708,0.0000000,0.000000,0.0000000,1.867974,0.000000,0.000000,0.0000000,2.0632376,2.238823,2.449834,2.176626,2.441975,0.000000,2.2189682,1.631723,1.711414,1.8499804,1.955057,2.036351,2.228624,1.733714,2.036902,1.951756,2.060697,2.0700602,0.000000,2.041235,0.000000,0.000000,0.000000,1.676520,0.000000,2.395170,1.654836,1.797155,0.0000000,0.0000000,0.000000,1.548782,1.978816,1.8974882,0.000000,1.7597045,0.000000,0.000000,2.1030424,2.162710,2.076434,0.0000000,0.0000000,2.038698,0.000000,1.977817,1.781178,0.000000,2.192282,1.571614,1.877608,1.7881509,2.040188,1.692374,0.0000000,2.575529,0.000000,1.9125160
0.000000,0.000000,1.9855115,0.000000,0.0000000,0.000000,0.0000000,2.088506,0.000000,0.000000,0.0000000,2.1836126,2.223844,2.474987,2.203203,2.379986,1.825928,2.2749225,0.000000,1.769827,0.0000000,2.048224,0.000000,2.157836,0.000000,2.049735,0.000000,1.999678,2.0493295,0.000000,2.073002,0.000000,0.000000,0.000000,1.944063,0.000000,2.476043,0.000000,0.000000,0.0000000,2.5181181,0.000000,0.000000,1.876986,0.0000000,0.000000,0.0000000,0.000000,0.000000,1.7751040,2.174378,2.230600,1.8734071,0.0000000,2.354530,0.000000,1.911368,0.000000,2.417515,2.174634,0.000000,0.000000,0.0000000,2.212305,0.000000,0.0000000,2.651982,2.262023,0.0000000
0.000000,0.000000,1.9744837,0.000000,0.0000000,0.000000,0.0000000,1.998728,2.121088,0.000000,0.0000000,1.9101631,2.155535,2.459757,2.188176,2.482609,0.000000,2.3223318,0.000000,1.809917,2.0352988,2.115973,1.924667,2.287745,0.000000,2.166869,1.984170,2.199340,0.0000000,1.824093,1.929085,0.000000,0.000000,0.000000,1.985411,0.000000,2.491410,2.047614,0.000000,2.0983616,1.6708756,0.000000,1.822458,2.218047,0.0000000,1.581232,1.7701146,0.000000,1.701302,2.2296733,2.321208,2.146570,0.0000000,0.0000000,2.349683,0.000000,1.966545,2.262751,0.000000,2.113300,1.882766,2.066018,2.0078417,2.115214,0.000000,0.0000000,2.539093,1.693833,0.0000000
0.000000,1.548207,1.9596873,0.000000,2.2263146,0.000000,1.5241559,1.991071,2.078545,0.000000,0.0000000,2.1552062,2.215781,2.459708,2.186179,2.418524,0.000000,2.3483755,1.970706,1.929775,2.0251613,2.157853,2.050095,2.182935,1.453990,2.099176,2.021636,1.787978,0.0000000,1.984804,1.838082,0.000000,1.787747,0.000000,1.974604,0.000000,2.401681,1.781419,0.000000,2.0298813,1.6922648,1.759648,1.677510,2.230568,0.0000000,1.695836,0.0000000,0.000000,1.742515,2.1351709,2.107349,2.071479,0.0000000,0.0000000,2.188458,0.000000,1.856209,2.143542,0.000000,2.145785,1.808746,1.988756,2.1584571,2.145764,0.000000,0.0000000,2.560166,1.829657,1.7237073
0.000000,1.576624,1.7040656,1.604802,0.0000000,0.000000,0.0000000,1.944840,1.962733,0.000000,2.1437274,2.1421897,2.290049,2.436294,2.167046,2.439712,0.000000,1.4865875,2.056740,1.794261,1.9434069,2.047622,2.094932,2.254792,1.916860,2.125027,2.035611,1.832433,2.0860659,0.000000,1.917912,0.000000,0.000000,0.000000,1.650931,0.000000,2.481373,1.978129,0.000000,0.0000000,0.0000000,1.865050,0.000000,2.223953,1.3877140,1.926266,1.5269555,0.000000,0.000000,2.1435909,2.040832,2.060712,0.0000000,0.0000000,2.033332,0.000000,1.939089,1.767122,1.368943,2.271639,1.675012,1.532827,2.1613430,2.140908,0.000000,0.0000000,2.438181,0.000000,1.8188905
0.000000,0.000000,1.9025475,0.000000,0.0000000,0.000000,0.0000000,1.986307,1.761099,0.000000,0.0000000,1.9541486,2.273754,2.456630,2.193831,2.443951,0.000000,2.3426742,1.428444,1.838742,1.3830882,1.651357,1.866301,2.213226,1.506838,2.224537,2.011620,2.146673,1.9188100,1.434282,1.811879,0.000000,0.000000,0.000000,1.820787,1.658783,2.393642,1.733598,0.000000,0.0000000,0.0000000,0.000000,1.776559,2.031842,1.8041077,1.874951,1.6849351,0.000000,0.000000,2.1531159,2.275819,2.079593,0.0000000,0.0000000,2.223698,0.000000,1.888559,1.917863,0.000000,2.169847,1.423046,2.018831,2.0423156,2.129007,0.000000,0.0000000,2.500449,0.000000,1.6984251
2.382276,1.971644,1.9576098,1.835311,0.0000000,0.000000,2.4539743,1.929659,1.992699,0.000000,1.8627291,2.0643740,2.204996,2.450627,2.167446,2.449079,1.968239,2.3532174,0.000000,1.897742,2.0686855,2.146058,2.019498,2.209790,0.000000,2.173639,2.090492,2.129561,0.0000000,0.000000,2.151000,0.000000,0.000000,0.000000,1.925735,0.000000,2.444080,2.071673,0.000000,2.0817123,1.9027813,0.000000,0.000000,2.215492,1.5358320,0.000000,1.7521726,0.000000,1.517053,2.1392101,2.323317,2.056404,0.0000000,1.5910332,2.270857,1.583853,1.916392,2.051195,0.000000,2.215965,1.677149,2.058971,2.2378965,2.151857,0.000000,1.7401192,2.629290,1.657451,0.0000000
0.000000,1.898909,1.7655553,0.000000,0.0000000,0.000000,1.5440167,1.714818,1.976537,1.983120,0.0000000,1.9991823,2.057359,2.464432,2.215820,2.337233,0.000000,2.2774968,0.000000,1.826184,0.0000000,1.991494,1.885878,2.340738,1.670197,2.092475,1.956870,2.087912,2.1007750,0.000000,2.047843,0.000000,0.000000,0.000000,1.845966,0.000000,2.491041,1.843336,1.869300,0.0000000,0.0000000,0.000000,0.000000,2.207929,1.8182496,1.543048,1.7779134,0.000000,0.000000,1.9244485,1.720680,2.078443,0.0000000,0.0000000,1.849023,0.000000,0.000000,2.013048,0.000000,2.301504,1.864274,1.885096,2.0423441,2.192625,0.000000,0.0000000,2.148181,1.980175,1.7797931
0.000000,1.891809,1.9541387,0.000000,0.0000000,0.000000,0.0000000,2.065112,1.908966,0.000000,0.0000000,2.2301921,2.237420,2.454082,2.174233,2.431397,0.000000,2.4006900,0.000000,1.755670,1.8322988,2.158035,2.086025,2.218490,1.852674,2.133018,2.110957,2.200055,0.0000000,1.709624,0.000000,0.000000,0.000000,0.000000,2.049487,0.000000,2.474741,2.095422,0.000000,0.0000000,0.0000000,1.886223,0.000000,2.246260,0.0000000,0.000000,1.8974416,0.000000,0.000000,2.2158186,2.319840,2.094939,0.0000000,1.5381778,2.285085,0.000000,1.980073,1.771336,0.000000,2.211516,1.755136,1.980202,2.0424074,2.253075,1.797436,0.0000000,2.597837,2.197161,1.9283424
0.000000,0.000000,1.6044249,1.890211,0.0000000,0.000000,0.0000000,1.876835,0.000000,0.000000,0.0000000,2.0617229,2.208290,2.457435,1.883471,2.460633,1.627574,2.0386802,1.759269,1.974033,0.0000000,1.747179,1.963538,2.310225,1.863293,1.764840,0.000000,0.000000,2.0251521,0.000000,2.080315,0.000000,0.000000,0.000000,0.000000,0.000000,2.463601,1.857222,0.000000,0.0000000,2.2655116,0.000000,0.000000,1.951065,1.9399085,1.826947,0.0000000,0.000000,0.000000,0.0000000,0.000000,2.228461,0.0000000,0.0000000,1.569910,0.000000,2.026041,0.000000,2.174154,1.639687,0.000000,0.000000,2.1180169,1.836769,0.000000,0.0000000,2.513931,2.190186,1.6517820
0.000000,1.849625,1.9966023,0.000000,0.0000000,0.000000,0.0000000,2.096747,2.078333,0.000000,0.0000000,2.2475040,2.292645,2.466637,2.235582,2.454948,0.000000,2.3965675,1.729894,1.938139,1.9176111,2.192001,2.056722,2.249523,2.009402,2.055286,1.979579,2.132354,0.0000000,0.000000,1.922686,0.000000,0.000000,0.000000,2.078323,0.000000,2.456022,2.108672,1.739863,0.0000000,0.0000000,0.000000,0.000000,2.218451,0.0000000,1.903396,1.9049246,0.000000,1.765609,2.2164703,2.344525,2.196321,2.1504254,0.0000000,1.992326,1.671051,1.976097,1.840290,0.000000,2.294895,1.830623,1.997680,2.0421508,2.260231,0.000000,0.0000000,2.575252,0.000000,0.0000000
0.000000,0.000000,1.7160613,1.631435,0.0000000,0.000000,0.0000000,1.971693,2.070761,0.000000,1.5617651,2.1765355,2.284393,2.422818,2.158213,2.450760,1.872322,2.2903374,1.839869,0.000000,1.9957809,1.977322,1.995437,2.092610,1.761182,2.180135,1.996434,2.040965,0.0000000,0.000000,1.587731,0.000000,0.000000,0.000000,1.784287,0.000000,2.404349,2.007654,1.949309,0.0000000,0.0000000,0.000000,1.645965,2.251711,0.0000000,1.763070,1.7423417,0.000000,0.000000,2.1542004,2.313245,2.213905,0.0000000,0.0000000,2.137880,1.539614,0.000000,1.834850,0.000000,2.139222,1.768078,2.020962,2.1119768,2.036827,1.856378,0.0000000,2.549382,0.000000,1.8392626
0.000000,1.745846,1.9433636,1.627738,1.4572148,0.000000,0.0000000,1.944318,0.000000,0.000000,1.8368094,2.0385624,2.198662,2.469678,2.243058,2.344920,1.495944,2.3543256,0.000000,1.954112,0.0000000,2.035191,1.926063,2.269229,1.947084,2.189063,1.867482,2.040359,0.0000000,1.410349,1.728518,0.000000,1.883856,1.540602,1.936046,0.000000,2.501528,1.784074,1.820411,2.1781631,1.7168285,0.000000,0.000000,1.899241,0.0000000,1.763740,1.6942447,0.000000,0.000000,2.1844350,2.300724,2.199340,1.9690375,0.0000000,2.065136,0.000000,1.769185,2.246244,0.000000,2.170852,1.817709,1.659889,2.2234873,2.082796,0.000000,0.0000000,2.399923,0.000000,1.5976462
0.000000,0.000000,1.8356566,1.443417,0.0000000,0.000000,0.0000000,1.874280,1.857970,1.458163,2.1215507,2.1472294,2.202429,2.439635,2.122750,2.404307,0.000000,2.3061209,2.016393,1.900905,1.9656936,2.093221,1.992360,2.253267,1.813554,2.048072,1.884286,2.109091,0.0000000,0.000000,1.904611,0.000000,0.000000,0.000000,0.000000,0.000000,2.430280,1.882917,0.000000,0.0000000,0.0000000,1.664161,1.292117,2.183578,1.5787457,1.878190,1.7531574,0.000000,0.000000,2.1010985,1.959849,2.232168,2.0728858,1.6346413,2.045938,0.000000,1.918520,1.712320,0.000000,2.149214,1.792808,1.846506,2.1788994,2.068226,1.579272,0.0000000,2.520411,0.000000,1.6639774
0.000000,1.740279,1.9367869,0.000000,0.0000000,0.000000,0.0000000,1.992800,0.000000,0.000000,0.0000000,2.1676714,2.179558,2.439126,2.123016,2.388021,0.000000,2.3456658,1.790990,1.850637,1.5490955,2.120611,1.983754,2.236868,1.812685,1.870994,1.916967,2.167276,0.0000000,0.000000,0.000000,0.000000,0.000000,0.000000,1.720662,0.000000,2.389519,1.863654,1.583041,0.0000000,0.0000000,0.000000,1.396064,1.889723,0.0000000,1.804375,1.6879805,0.000000,1.884880,1.9895252,2.232843,2.129193,2.1453140,1.7242415,2.125554,0.000000,1.832097,1.852442,0.000000,2.193174,1.635425,1.989880,1.9671907,2.087430,1.929077,0.0000000,2.542239,0.000000,1.6823200
0.000000,0.000000,1.8484411,1.382074,0.0000000,0.000000,0.0000000,2.081453,1.953976,0.000000,0.0000000,1.8038913,2.257626,2.450638,2.220096,2.440280,0.000000,2.3562951,1.970140,1.840020,0.0000000,2.104575,1.892928,2.238939,1.797770,2.098364,2.114706,2.092622,0.0000000,0.000000,0.000000,0.000000,0.000000,0.000000,1.910013,0.000000,2.416815,2.009490,1.763029,0.0000000,0.0000000,0.000000,0.000000,0.000000,0.0000000,0.000000,1.7694870,0.000000,0.000000,2.1861969,2.272464,2.101297,2.0772576,0.0000000,2.200583,0.000000,1.761113,1.704572,0.000000,2.196868,0.000000,2.043838,2.0898246,2.192237,1.646550,0.0000000,2.453163,0.000000,1.6074549
1.926125,1.873115,2.0074772,1.445082,0.0000000,0.000000,1.7088985,1.820658,1.973723,0.000000,2.0758232,1.9891525,2.078304,2.413240,2.161001,2.357040,0.000000,2.3831249,2.020636,2.068686,2.0014429,2.159679,2.006133,2.189342,1.953077,2.118815,1.946954,2.163615,0.0000000,0.000000,1.761971,1.306514,2.009499,0.000000,1.828322,0.000000,2.366723,1.811684,0.000000,0.0000000,0.0000000,0.000000,1.761432,2.255865,0.0000000,0.000000,1.7487413,0.000000,0.000000,2.1087560,1.478051,2.095078,1.7160050,1.6512154,2.268231,0.000000,1.787574,1.871902,0.000000,2.128644,1.801321,1.830043,2.2074182,2.065380,0.000000,0.0000000,2.582845,0.000000,1.5464157
0.000000,1.945150,1.7483181,1.424179,0.0000000,0.000000,0.0000000,1.928631,1.893511,0.000000,0.0000000,2.1372683,2.270171,2.447377,2.080767,2.425458,0.000000,2.3548676,1.899083,1.860017,1.9328887,2.103709,1.984035,2.289735,1.759718,2.088071,1.841892,2.121350,0.0000000,1.769592,1.700743,1.694935,0.000000,0.000000,1.695429,0.000000,2.333498,1.882250,0.000000,0.0000000,0.0000000,1.668626,0.000000,1.924930,1.7549483,1.982433,1.5775111,0.000000,0.000000,2.1173334,2.001474,2.141593,2.1605692,1.7572887,2.272826,0.000000,1.954711,1.865999,0.000000,2.136244,1.522830,1.850224,1.9644131,2.039246,1.666706,1.5073002,2.514347,0.000000,1.7668420
0.000000,1.506970,1.8433674,1.648957,0.0000000,0.000000,0.0000000,1.869492,1.867689,0.000000,2.0895003,2.1693996,2.222037,2.418096,2.205675,2.442968,0.000000,2.3292697,1.757516,1.736804,1.9726096,2.093987,1.961046,2.266758,1.609701,2.234971,2.009723,2.180219,0.0000000,1.388823,1.197714,0.000000,0.000000,0.000000,1.712800,0.000000,2.411845,1.736739,1.679042,0.0000000,0.0000000,1.716978,1.839805,2.276900,1.1771018,1.744811,0.0000000,0.000000,0.000000,2.1840571,2.154699,1.967119,2.0971122,1.7575590,2.255153,0.000000,0.000000,1.706940,0.000000,2.212696,1.719932,0.000000,2.0198679,2.085126,0.000000,0.0000000,2.477677,1.738090,1.6562449
0.000000,1.824396,1.8019185,0.000000,0.0000000,0.000000,0.0000000,1.893517,1.775205,0.000000,0.0000000,2.2465073,2.182941,2.469467,2.241593,2.402065,0.000000,2.3312651,1.854274,1.859453,1.9182824,2.127467,2.010591,2.247010,1.800700,1.829090,0.000000,2.122901,0.0000000,0.000000,0.000000,0.000000,0.000000,0.000000,1.942173,0.000000,2.524662,2.016888,0.000000,0.0000000,1.6743013,0.000000,0.000000,2.146077,1.8598112,2.072486,1.9340887,0.000000,1.762260,2.1258479,2.231353,2.217565,2.0824159,1.4023625,2.186391,0.000000,1.711395,1.963844,1.996284,2.295365,1.936589,1.876398,2.0986339,2.291994,1.631947,0.0000000,2.606300,0.000000,0.0000000
2.219115,2.053951,2.0082199,0.000000,1.5875645,0.000000,2.3316854,1.803499,0.000000,0.000000,0.0000000,1.9835720,2.145201,2.440767,2.231399,2.387403,1.922452,2.3572996,1.839030,1.905592,1.6526565,2.141609,2.057714,2.221645,1.844926,2.229397,1.924729,2.081431,0.0000000,1.530409,1.629370,0.000000,0.000000,1.902229,1.820448,0.000000,2.424944,1.772650,0.000000,2.0733178,0.0000000,0.000000,1.807495,2.250516,0.0000000,0.000000,0.0000000,0.000000,0.000000,2.1640916,2.057827,2.129789,0.0000000,1.5573453,2.026163,0.000000,0.000000,2.157150,0.000000,2.080769,1.463336,1.926840,2.1518375,2.115545,0.000000,0.0000000,2.568251,0.000000,1.4498132
0.000000,1.876799,1.7817570,1.581794,0.0000000,0.000000,0.0000000,1.925452,1.839845,0.000000,2.1249099,2.1761941,2.225251,2.440415,2.160182,2.445582,0.000000,2.3191058,1.883177,1.901267,2.0853723,2.114429,2.041112,2.244307,1.787238,2.162788,1.951969,2.093441,0.0000000,1.544070,1.799461,0.000000,0.000000,0.000000,1.763944,0.000000,2.440743,1.920154,0.000000,0.0000000,0.0000000,1.703903,0.000000,1.874163,0.0000000,1.811117,0.0000000,0.000000,0.000000,2.1013510,2.050980,2.197130,2.0366939,1.7078728,2.237437,0.000000,2.004233,1.655002,0.000000,2.227957,1.657068,1.875190,2.1378082,2.061968,1.794316,0.0000000,2.532348,0.000000,1.9188977
1.725181,1.365108,1.8708482,1.461233,0.0000000,1.424896,0.0000000,1.738608,1.483310,0.000000,1.5546889,2.0996310,2.207007,2.438343,2.183979,2.444583,0.000000,2.3500411,1.793142,1.836451,1.7671487,2.141534,2.025282,2.199827,1.651272,2.178835,1.922494,2.177838,0.0000000,0.000000,1.538787,0.000000,0.000000,0.000000,1.808527,0.000000,2.501293,1.991801,0.000000,1.9316494,1.4004012,1.323071,1.345993,1.887072,1.2361535,1.815950,0.0000000,0.000000,0.000000,2.1017333,2.223322,2.151579,0.0000000,1.4355447,2.110170,1.467227,1.858824,2.041088,0.000000,2.241574,1.776072,1.956395,2.1284800,2.053867,0.000000,0.0000000,2.546402,1.622405,1.7553097
0.000000,1.841908,0.0000000,0.000000,0.0000000,0.000000,0.0000000,2.133712,1.959071,0.000000,0.0000000,2.2576827,2.161210,2.467579,2.242338,2.383758,0.000000,2.3483600,1.736313,1.885997,0.0000000,2.157467,2.051686,2.252444,1.671026,2.023161,0.000000,2.153140,0.0000000,0.000000,0.000000,0.000000,0.000000,0.000000,1.964172,0.000000,2.481551,1.977973,1.709487,0.0000000,0.0000000,0.000000,0.000000,1.963654,0.0000000,1.632680,1.8296829,0.000000,0.000000,1.9251642,2.339349,2.158500,2.0520433,0.0000000,2.104844,0.000000,1.894452,1.697560,0.000000,2.213311,0.000000,1.986358,2.1374139,2.237495,1.755353,0.0000000,2.324765,0.000000,1.6771003
0.000000,1.867974,1.7153656,1.502896,0.0000000,0.000000,1.3572154,1.966094,1.937436,1.996169,1.9474870,2.1925208,2.269347,2.425213,2.192869,2.450372,0.000000,2.3529812,1.896611,1.853714,2.0304109,2.150581,2.019388,2.214766,1.685622,2.117023,2.021152,2.136047,0.0000000,1.593710,1.671477,0.000000,1.420864,1.906551,1.712205,0.000000,2.438814,2.032583,1.851969,1.6775339,0.0000000,1.829314,1.654530,2.229487,0.0000000,0.000000,1.5995611,0.000000,0.000000,2.1448543,2.072644,2.206110,2.1381433,0.0000000,2.070224,2.125122,2.174186,2.011556,0.000000,2.187117,1.683806,1.913772,2.2160442,2.129178,0.000000,0.0000000,2.507520,1.714913,1.8741443
0.000000,2.033140,1.9581309,0.000000,0.0000000,0.000000,0.0000000,2.055874,1.822594,0.000000,1.7741807,2.0712062,2.256141,2.450769,2.178124,2.458213,0.000000,2.2856647,1.516928,1.825248,1.8902599,2.037226,1.901779,2.232880,0.000000,2.106453,1.964398,2.017880,0.0000000,1.665724,1.626850,0.000000,0.000000,0.000000,1.798832,0.000000,2.505954,1.914659,0.000000,0.0000000,0.0000000,1.218289,0.000000,1.855586,1.3305590,0.000000,0.0000000,0.000000,0.000000,1.9646843,2.300104,2.168656,0.0000000,0.0000000,2.012329,0.000000,1.354175,1.876992,0.000000,2.171458,1.660319,1.962554,2.1729526,2.086135,1.579403,0.0000000,2.511221,0.000000,1.7561734
0.000000,2.326381,0.0000000,0.000000,1.6295967,0.000000,1.7465978,2.091430,2.009970,0.000000,2.1983396,1.9626002,2.210379,2.424434,2.211070,2.436710,0.000000,2.3599052,1.816780,1.737652,1.7575733,2.140027,2.022287,2.222316,1.776597,2.140167,2.097512,2.173177,0.0000000,1.728725,1.637385,0.000000,0.000000,0.000000,1.926926,0.000000,2.482826,2.104421,0.000000,2.0012586,0.0000000,0.000000,1.501948,2.264534,0.0000000,0.000000,1.6677073,0.000000,0.000000,2.1858110,2.257182,2.185453,0.0000000,1.8498916,2.305688,1.826842,1.939455,0.000000,1.853448,2.249079,1.841153,1.963774,2.2162696,2.191270,1.785653,2.0552622,2.630100,0.000000,1.5843214
0.000000,1.601838,1.9558995,0.000000,0.0000000,0.000000,0.0000000,1.915319,2.081287,0.000000,0.0000000,2.0096433,2.180739,2.455077,2.212638,2.417967,1.468126,2.3358361,1.838243,1.931276,1.3953518,2.135002,2.017150,2.233679,1.804293,2.202591,2.035935,2.134777,1.4879117,1.998553,1.686420,0.000000,1.500995,0.000000,1.538122,0.000000,2.437273,1.941789,0.000000,1.8487772,0.0000000,0.000000,1.660131,1.983246,0.0000000,0.000000,1.4366068,0.000000,0.000000,2.1702667,2.200574,2.193043,0.0000000,0.0000000,2.324125,0.000000,1.826228,1.909221,0.000000,2.132528,0.000000,1.991127,2.1265533,2.123964,0.000000,0.0000000,2.547283,1.775545,1.6763264
0.000000,2.015329,1.8514731,1.569910,0.0000000,0.000000,1.7392370,2.053412,1.916052,0.000000,2.1374406,2.1928091,2.256176,2.455053,2.193949,2.450451,0.000000,2.2615925,1.892203,1.709448,1.6735135,1.964483,1.947039,2.217940,1.383341,2.118355,2.001495,1.895486,0.0000000,1.817203,1.682786,0.000000,0.000000,1.403050,1.974301,0.000000,2.482301,1.917500,1.797953,1.8336301,0.0000000,1.830844,1.584406,2.215363,0.0000000,2.105539,1.8479542,0.000000,0.000000,2.1285554,1.896125,2.114379,2.1259060,1.6825532,2.284786,0.000000,1.747453,1.976702,0.000000,2.263003,1.811459,1.984597,2.0881526,2.126247,1.707952,1.4861440,2.511836,1.801688,1.9024878
0.000000,0.000000,1.9104163,1.415140,0.0000000,0.000000,0.0000000,1.889261,0.000000,0.000000,0.0000000,2.1476539,2.184412,2.438090,2.191725,2.444507,0.000000,2.2805845,1.691760,1.781021,0.0000000,2.081005,2.031678,2.222185,0.000000,1.964994,1.978892,1.964068,0.0000000,1.602259,1.895470,0.000000,0.000000,0.000000,1.725198,0.000000,2.420070,1.584873,1.655473,0.0000000,0.0000000,0.000000,0.000000,1.834701,1.7848187,0.000000,1.6399307,0.000000,0.000000,2.0575517,2.082612,2.215812,2.0293688,0.0000000,2.108072,0.000000,0.000000,0.000000,0.000000,2.179923,0.000000,2.002059,1.8469221,2.022663,0.000000,1.4033930,2.520085,1.910248,1.9370911
0.000000,0.000000,1.9843723,0.000000,0.0000000,0.000000,0.0000000,1.806860,0.000000,0.000000,0.0000000,2.0596722,2.103155,2.500160,2.250430,2.353344,0.000000,2.3570015,1.872697,2.022031,2.0857767,2.146832,1.954810,2.243093,1.814294,1.969907,1.985806,2.020169,0.0000000,0.000000,1.981874,0.000000,1.871650,0.000000,1.886014,0.000000,2.476796,1.986487,0.000000,2.0098192,0.0000000,0.000000,0.000000,1.767322,0.0000000,0.000000,0.0000000,0.000000,0.000000,2.0916012,2.122028,2.130632,0.0000000,0.0000000,2.062444,0.000000,1.730099,1.823305,0.000000,2.199107,1.714988,1.784157,2.2582787,2.124508,0.000000,0.0000000,2.575521,1.905013,1.9153820
0.000000,0.000000,1.8412713,0.000000,0.0000000,0.000000,0.0000000,2.152532,1.979255,0.000000,0.0000000,2.3029684,2.213017,2.467001,2.169611,2.475032,0.000000,2.3667387,1.755238,1.718277,0.0000000,2.139145,2.119670,2.221628,0.000000,0.000000,0.000000,2.076988,0.0000000,0.000000,1.856103,0.000000,0.000000,0.000000,1.894304,0.000000,2.465329,2.098392,1.868549,2.0327379,0.0000000,1.767760,0.000000,0.000000,0.0000000,0.000000,1.7668687,0.000000,0.000000,2.0554895,2.319011,2.172436,1.9136445,0.0000000,2.277758,0.000000,1.851261,0.000000,0.000000,2.215919,1.764026,1.715120,2.1396337,2.194498,1.594992,0.0000000,2.581957,0.000000,1.9950224
0.000000,1.945040,1.7395905,1.623519,0.0000000,0.000000,0.0000000,1.939968,1.793297,0.000000,1.6796132,2.1365321,2.258412,2.440068,2.199636,2.449524,0.000000,2.3559834,0.000000,1.993889,1.8645003,2.166375,2.081879,2.276604,1.995077,2.108373,1.918744,2.077908,1.7095068,0.000000,0.000000,0.000000,0.000000,1.487912,1.709487,0.000000,2.446587,1.859646,0.000000,0.0000000,0.0000000,1.798811,1.575194,1.739863,0.0000000,1.730475,0.0000000,0.000000,0.000000,2.0741277,1.720389,2.140123,0.0000000,0.0000000,2.015253,0.000000,1.811596,1.779988,0.000000,2.103927,1.660158,1.915414,2.1282990,2.059630,0.000000,0.0000000,2.497000,0.000000,1.7160800
0.000000,1.943732,1.8572639,2.121716,0.0000000,0.000000,0.0000000,2.046637,0.000000,0.000000,0.0000000,1.9633716,2.293977,2.477232,2.243071,2.447804,0.000000,2.3246855,0.000000,1.836500,0.0000000,2.109461,1.834204,2.278469,1.703068,2.115982,1.840092,0.000000,0.0000000,1.761459,0.000000,0.000000,0.000000,0.000000,1.828745,0.000000,2.409667,1.670976,0.000000,0.0000000,2.1944729,1.776908,0.000000,0.000000,1.4996937,2.019970,1.7371144,0.000000,0.000000,2.0280309,0.000000,2.145006,2.1319713,0.0000000,1.845049,0.000000,1.866242,1.856378,2.304096,2.098637,0.000000,1.771737,2.0425023,2.022372,0.000000,1.5716135,2.453194,1.820722,0.0000000
0.000000,2.020271,0.0000000,0.000000,0.0000000,0.000000,0.0000000,2.064045,1.968561,0.000000,0.0000000,2.0654423,2.175750,2.450086,2.178246,2.430898,0.000000,2.3285525,1.833763,1.840124,1.8682198,2.103764,1.943883,2.244476,0.000000,2.097264,1.674080,1.880566,0.0000000,0.000000,1.880354,0.000000,0.000000,0.000000,1.858005,0.000000,2.432016,1.819492,0.000000,1.8659927,0.0000000,1.910472,1.571476,1.751730,0.0000000,2.063185,1.7953379,0.000000,0.000000,2.0436458,2.016145,2.181202,0.0000000,0.0000000,2.014288,0.000000,0.000000,1.863621,0.000000,2.187452,1.635988,1.844896,2.0817581,2.057146,1.863561,0.0000000,2.473519,1.397363,1.6407201
0.000000,1.634704,1.9128519,0.000000,0.0000000,0.000000,0.0000000,2.009794,1.522891,1.579666,0.0000000,1.7197128,1.936958,2.468611,2.217953,2.445498,0.000000,2.2591768,0.000000,1.809996,1.8852040,1.997362,1.791655,2.219112,1.614531,2.156636,1.587606,2.106987,0.0000000,0.000000,0.000000,0.000000,0.000000,0.000000,1.912769,0.000000,2.429563,1.681525,0.000000,0.0000000,0.0000000,1.782633,1.669692,1.708169,1.8838502,0.000000,1.8168838,0.000000,0.000000,2.0744214,2.109053,2.196899,2.1489066,0.0000000,2.255043,0.000000,0.000000,1.972781,0.000000,2.207811,1.686533,1.819482,1.9718053,2.046189,0.000000,0.0000000,2.513943,0.000000,1.7926850
0.000000,0.000000,1.9168025,0.000000,0.0000000,0.000000,1.7655553,2.050584,0.000000,0.000000,0.0000000,2.2563130,2.203329,2.474256,2.182748,2.462742,0.000000,2.3251256,0.000000,0.000000,0.0000000,0.000000,1.891479,2.323788,0.000000,1.756188,0.000000,1.981482,0.0000000,0.000000,0.000000,0.000000,1.866078,0.000000,2.019937,0.000000,2.528126,0.000000,0.000000,0.0000000,0.0000000,0.000000,0.000000,1.962801,0.0000000,2.018808,0.0000000,0.000000,0.000000,1.8876196,2.209971,2.165156,2.0181997,0.0000000,2.186013,0.000000,0.000000,1.804303,0.000000,2.273560,0.000000,0.000000,2.0499208,2.226643,0.000000,0.0000000,2.587535,0.000000,0.0000000
0.000000,2.084660,2.1681338,2.119102,0.0000000,0.000000,0.0000000,2.090497,1.822386,0.000000,1.9201672,0.0000000,2.289192,2.495786,2.361045,2.463824,0.000000,2.3304129,1.716136,0.000000,2.0045181,0.000000,0.000000,2.445444,0.000000,2.160563,0.000000,1.987969,2.1991823,1.714553,1.995011,0.000000,0.000000,2.065865,2.027344,0.000000,2.503051,1.831979,2.275154,0.0000000,0.0000000,1.770831,1.849588,2.298471,2.0344458,0.000000,1.7297224,1.972553,0.000000,2.2246657,2.330734,2.351520,0.0000000,0.0000000,2.404127,2.237131,2.398031,0.000000,0.000000,2.172477,2.005889,0.000000,2.2700918,2.053599,0.000000,0.0000000,2.642442,2.113287,2.0463007
0.000000,0.000000,1.9289111,0.000000,0.0000000,0.000000,0.0000000,1.817297,2.075090,0.000000,0.0000000,0.0000000,2.084205,2.458186,2.184641,2.385909,0.000000,2.4317964,0.000000,1.829923,1.8676633,2.252369,2.035425,2.152614,1.630147,2.278309,0.000000,2.198098,0.0000000,0.000000,1.954836,0.000000,0.000000,0.000000,1.614318,0.000000,2.424518,1.858005,1.777294,0.0000000,0.0000000,0.000000,0.000000,2.213664,0.0000000,1.797889,1.7189416,0.000000,0.000000,2.1398947,2.233967,1.925310,0.0000000,0.0000000,2.093798,0.000000,0.000000,1.812956,0.000000,1.926930,0.000000,1.921592,2.0717192,2.091870,0.000000,0.0000000,2.554465,1.900567,1.8366465
1.439189,0.000000,1.8269816,0.000000,0.0000000,0.000000,1.5724360,1.861736,1.972270,0.000000,0.0000000,0.0000000,2.195379,2.438961,2.204544,2.447013,0.000000,2.4041126,1.832643,1.838718,1.6659569,2.200856,2.001002,2.250138,1.884891,2.276139,1.877932,2.192915,0.0000000,0.000000,0.000000,0.000000,0.000000,0.000000,1.642047,0.000000,2.372314,1.822990,0.000000,0.0000000,0.0000000,1.448732,0.000000,2.172351,1.3198270,1.738447,1.6003365,0.000000,0.000000,2.0769246,2.142152,2.070775,2.1267254,0.0000000,2.267545,0.000000,0.000000,1.829211,1.211914,2.043230,0.000000,1.933676,1.8781603,2.006921,0.000000,0.0000000,2.571699,1.857600,1.8924184
1.821352,1.923965,1.7332464,0.000000,0.0000000,0.000000,0.0000000,1.977746,2.111912,0.000000,0.0000000,2.1913404,2.212014,2.444832,2.189081,2.432788,0.000000,2.3980612,1.901232,1.856075,2.0049311,2.308464,2.032304,2.178538,1.926352,2.253969,2.059172,2.095395,0.0000000,1.818194,0.000000,0.000000,0.000000,1.456001,1.776322,0.000000,2.431928,1.874945,0.000000,1.5194109,1.7092324,1.673513,1.642017,2.151910,0.0000000,1.884720,1.4192912,0.000000,1.681782,2.1156262,2.172424,2.056783,2.1163621,0.0000000,2.232254,1.577644,0.000000,1.472239,0.000000,2.219191,1.562104,1.964166,2.0410114,2.065137,0.000000,0.0000000,2.543918,0.000000,1.8612610
0.000000,0.000000,1.8912785,0.000000,0.0000000,0.000000,0.0000000,1.866824,1.645936,1.750303,0.0000000,2.1377536,2.195261,2.463397,2.247059,2.434001,0.000000,2.2729699,0.000000,1.939678,1.8750493,2.006142,1.948954,2.260027,2.035776,2.119005,2.019446,2.087604,2.0689926,0.000000,1.985542,0.000000,0.000000,0.000000,2.074575,0.000000,2.370464,1.953067,0.000000,1.4407973,2.1071324,0.000000,1.782478,1.955971,1.8056436,1.827645,1.9703842,0.000000,0.000000,2.0816855,0.000000,2.280558,0.0000000,1.7692509,2.063906,0.000000,1.721515,1.578658,0.000000,1.930242,1.768501,1.835352,1.7920252,2.140402,0.000000,0.0000000,2.507467,1.680584,1.8579906
0.000000,2.015907,2.1432872,1.744283,2.1798143,0.000000,1.7258681,0.000000,1.542940,0.000000,1.8957641,2.1972131,2.209736,2.426457,2.144514,2.431030,1.416641,2.1130369,1.903114,1.819482,0.0000000,1.916401,2.023837,2.295235,1.599211,1.977113,2.009042,0.000000,2.1348459,0.000000,2.092692,0.000000,1.739703,2.211678,1.680489,1.988268,2.401059,1.829314,2.069824,0.0000000,1.4263232,0.000000,0.000000,2.102608,1.9838870,0.000000,1.9661064,0.000000,0.000000,2.1063145,2.198225,2.178315,2.1380240,1.7686985,2.069857,2.147884,2.345140,1.289951,0.000000,2.108511,2.008865,1.912193,2.1173044,2.093091,1.795130,1.7149126,2.562599,0.000000,1.7655687
1.770921,1.877764,1.9753543,2.100401,0.0000000,0.000000,1.7873193,2.094272,1.982011,0.000000,1.8657429,2.1739223,2.262634,2.504971,2.231212,2.457144,0.000000,2.2527254,1.563502,1.751463,0.0000000,2.117186,2.018026,2.234109,1.858088,2.120510,1.954549,1.978865,0.0000000,0.000000,1.974501,0.000000,0.000000,2.044696,2.109144,1.804118,2.427457,1.897742,0.000000,1.7691458,1.9864085,1.845049,0.000000,0.000000,1.9531870,0.000000,2.0297702,0.000000,0.000000,2.0336923,1.619432,1.967827,0.0000000,0.0000000,2.171902,1.732036,1.529362,0.000000,0.000000,2.267255,0.000000,2.001871,2.0795722,2.186643,1.565980,0.0000000,2.547862,1.930582,2.0856841
0.000000,0.000000,0.0000000,0.000000,0.0000000,0.000000,1.6886766,2.074907,0.000000,0.000000,0.0000000,2.0758267,2.222277,2.480116,2.263245,2.442180,0.000000,2.3673878,1.791250,1.886369,0.0000000,2.183645,2.047620,2.234440,1.883436,2.172262,2.038935,2.111555,1.5069042,0.000000,1.937228,0.000000,0.000000,0.000000,2.099825,0.000000,2.533911,1.982222,0.000000,0.0000000,0.0000000,0.000000,0.000000,1.991274,0.0000000,2.133748,1.9599880,0.000000,1.850180,2.1378793,2.164588,2.138507,2.0322241,0.0000000,2.156530,0.000000,1.497481,0.000000,0.000000,2.192841,1.662714,2.003617,2.0454672,2.126709,1.581664,0.0000000,2.547486,1.753128,1.7250746
0.000000,1.829606,1.9053929,1.757801,0.0000000,0.000000,1.4547796,1.954783,2.080130,0.000000,0.0000000,1.9317009,2.172318,2.478376,2.234331,2.338116,0.000000,2.3760860,1.816460,1.813795,1.6602116,2.260393,2.160487,2.243625,1.930642,2.066018,2.017488,2.182671,1.8744097,0.000000,0.000000,0.000000,1.964422,0.000000,1.898980,0.000000,2.464367,1.924939,0.000000,0.0000000,0.0000000,1.770688,0.000000,2.174943,1.4083549,1.987332,1.8856238,0.000000,0.000000,2.1244238,0.000000,2.157646,0.0000000,0.0000000,2.116430,0.000000,1.837118,1.887915,0.000000,2.197442,0.000000,1.717981,2.0243855,2.044443,0.000000,0.0000000,2.455036,0.000000,1.9406678
2.156613,2.188009,1.9517525,1.449273,0.0000000,0.000000,0.0000000,2.134676,2.086217,0.000000,1.5901315,2.1614184,2.263887,2.437423,2.201131,2.443026,1.712320,2.3300220,1.898020,1.794580,1.9703319,2.225962,1.944203,2.251205,1.907052,2.072811,1.987743,2.157508,0.0000000,1.898236,1.955612,0.000000,0.000000,0.000000,1.984837,0.000000,2.526848,2.101262,0.000000,1.5301187,0.0000000,1.847300,0.000000,2.154823,1.3987713,2.174313,1.7465212,0.000000,0.000000,1.8556993,1.499900,2.053762,2.0678692,1.6916505,1.979176,1.734663,1.708643,1.833996,0.000000,2.277097,1.845592,1.729671,2.4930114,2.140181,1.468615,0.0000000,2.582681,0.000000,1.7749400
0.000000,0.000000,0.0000000,0.000000,0.0000000,0.000000,0.0000000,1.927775,2.160273,0.000000,0.0000000,1.8724970,2.221243,2.495673,2.277702,2.446648,0.000000,2.2796270,0.000000,1.999066,2.1026536,2.214020,2.009551,2.266723,0.000000,2.163941,2.060881,2.020960,2.2714253,1.987783,2.202636,0.000000,0.000000,0.000000,0.000000,0.000000,2.325558,1.912484,0.000000,0.0000000,0.0000000,0.000000,0.000000,2.071912,0.0000000,0.000000,0.0000000,0.000000,0.000000,1.8898601,1.826763,2.030049,1.7747885,0.0000000,0.000000,0.000000,0.000000,0.000000,0.000000,2.186742,0.000000,1.836801,1.8766837,2.125385,0.000000,0.0000000,2.599426,1.833087,0.0000000
0.000000,0.000000,0.0000000,0.000000,0.0000000,0.000000,0.0000000,0.000000,0.000000,0.000000,0.0000000,1.8354840,2.193515,2.489957,2.248980,2.498897,0.000000,2.4293607,1.906126,1.876653,2.0128441,2.302505,2.165405,2.194463,0.000000,2.040647,1.821243,2.243902,0.0000000,0.000000,0.000000,0.000000,0.000000,0.000000,0.000000,0.000000,2.232224,1.843794,0.000000,0.0000000,0.0000000,0.000000,0.000000,0.000000,0.0000000,1.777554,0.0000000,0.000000,0.000000,2.1178005,0.000000,1.824565,0.0000000,0.0000000,0.000000,0.000000,0.000000,0.000000,0.000000,2.063710,0.000000,0.000000,0.0000000,2.035670,0.000000,1.7026184,2.610892,1.897100,0.0000000
0.000000,1.936863,0.0000000,0.000000,0.0000000,0.000000,0.0000000,0.000000,0.000000,0.000000,0.0000000,1.9428675,2.131223,2.511737,2.252447,2.432747,0.000000,2.3394046,0.000000,1.946045,2.0650670,2.240082,2.026518,2.214886,1.942059,1.913439,0.000000,2.057144,0.0000000,0.000000,1.978610,0.000000,0.000000,0.000000,0.000000,0.000000,2.428078,1.673908,0.000000,1.9452182,0.0000000,0.000000,0.000000,1.864188,0.0000000,1.759536,0.0000000,0.000000,0.000000,2.1546446,2.108501,0.000000,0.0000000,0.0000000,2.338412,0.000000,0.000000,0.000000,0.000000,2.018876,0.000000,1.934741,0.0000000,2.131862,0.000000,0.0000000,2.606996,1.832727,0.0000000
1.582096,1.743362,0.0000000,0.000000,0.0000000,0.000000,0.0000000,0.000000,1.979030,0.000000,0.0000000,1.9974577,2.208876,2.464848,2.232514,2.446945,1.650447,2.4104339,1.837823,1.851356,2.0495483,2.156590,1.982043,2.207384,0.000000,1.954879,1.967271,2.182607,0.0000000,0.000000,0.000000,0.000000,0.000000,0.000000,1.751003,0.000000,2.342656,1.896282,0.000000,0.0000000,0.0000000,0.000000,1.648323,2.191803,0.0000000,1.911117,1.7978563,0.000000,0.000000,2.1022922,2.067692,1.898298,2.0687194,0.0000000,2.248458,0.000000,0.000000,1.922614,0.000000,0.000000,0.000000,0.000000,1.7455991,2.072706,0.000000,0.0000000,2.590933,0.000000,1.7427037
1.631274,1.611302,0.0000000,0.000000,0.0000000,0.000000,1.7633168,1.978645,2.080733,0.000000,1.5689363,2.0726026,2.100069,2.483435,2.261247,2.411367,0.000000,2.1728715,2.025233,1.935485,2.0740021,2.297711,2.184206,2.202977,1.948125,2.010666,2.080425,1.770597,0.0000000,0.000000,0.000000,0.000000,0.000000,0.000000,1.887055,0.000000,2.380293,1.873977,0.000000,1.9629464,0.0000000,1.696690,0.000000,1.937539,1.7555405,1.973156,1.7090950,0.000000,0.000000,2.0850737,2.088842,1.712915,2.0509326,0.0000000,2.205552,0.000000,0.000000,1.639535,0.000000,2.185461,0.000000,1.915576,1.9741433,2.106280,0.000000,0.0000000,2.574455,1.563454,1.6485538
0.000000,0.000000,1.9466062,0.000000,0.0000000,0.000000,0.0000000,0.000000,0.000000,0.000000,1.7508245,2.1141747,2.163565,2.494292,2.220001,2.489727,0.000000,2.3487201,1.829279,1.888015,2.0857789,2.294785,2.194027,2.240618,0.000000,1.847488,1.517552,2.066745,0.0000000,0.000000,1.680111,0.000000,0.000000,0.000000,0.000000,0.000000,2.388523,0.000000,0.000000,1.8631053,0.0000000,0.000000,0.000000,1.910252,0.0000000,1.889167,0.0000000,0.000000,0.000000,1.9324047,2.221239,1.899526,0.0000000,0.0000000,2.369910,0.000000,0.000000,1.879074,0.000000,2.068296,0.000000,1.978900,0.0000000,2.107618,0.000000,0.0000000,2.562843,2.212187,0.0000000
0.000000,2.060188,1.9107904,0.000000,0.0000000,0.000000,0.0000000,2.189227,2.002469,2.170057,2.1608831,2.1759652,2.021632,2.467965,2.257846,2.391224,1.936863,2.3690649,1.828866,2.012278,1.9161592,2.211608,2.126433,2.261693,2.086160,2.266619,2.008905,2.071200,0.0000000,0.000000,1.894643,0.000000,0.000000,0.000000,1.930041,0.000000,2.526904,1.941110,1.522346,1.8408529,0.0000000,2.003989,1.766053,2.212148,0.0000000,1.770805,0.0000000,0.000000,0.000000,1.9606062,0.000000,2.120003,0.0000000,0.0000000,2.311187,2.213489,0.000000,1.737912,0.000000,2.175741,1.654057,0.000000,2.2262688,2.113187,1.689146,0.0000000,2.521391,0.000000,0.0000000
0.000000,1.828166,1.8730837,0.000000,0.0000000,0.000000,0.0000000,2.035985,1.740582,1.921248,2.0649062,2.1301210,2.057424,2.474285,2.244932,2.382952,0.000000,2.3440588,1.779316,2.033169,1.7028844,2.152994,2.077671,2.230304,2.068551,2.239812,0.000000,1.988709,0.0000000,0.000000,1.824378,0.000000,1.983684,1.712762,1.564221,0.000000,2.429618,1.887898,1.477120,1.4095760,0.0000000,1.767601,1.657041,1.396892,0.0000000,0.000000,0.0000000,0.000000,0.000000,1.9228093,0.000000,1.978197,0.0000000,0.0000000,2.264795,0.000000,1.790084,1.806203,0.000000,2.139436,0.000000,0.000000,2.0789751,2.051025,1.707754,0.0000000,2.523628,0.000000,0.0000000
0.000000,1.994161,1.9385791,0.000000,2.1178431,0.000000,0.0000000,2.018971,1.741171,0.000000,2.0760855,2.0226928,2.151911,2.454766,2.190406,2.439857,1.536337,2.3954283,1.967536,1.942264,1.9130631,2.246927,2.059554,2.203599,2.117941,2.264751,1.945662,2.112221,0.0000000,1.740247,1.744702,0.000000,0.000000,1.921776,1.764216,0.000000,2.299964,0.000000,1.718444,1.8931426,0.0000000,1.840964,1.663005,1.324590,0.0000000,0.000000,1.7572032,0.000000,0.000000,2.0871302,2.081740,2.072024,1.4721596,0.0000000,2.143778,2.147788,0.000000,1.858234,1.621624,2.150505,1.472956,1.534647,2.0502699,2.061863,0.000000,1.7902771,2.512933,1.702311,1.6529656
1.860552,1.978434,1.8107735,0.000000,0.0000000,0.000000,0.0000000,1.996408,2.133355,0.000000,1.6502189,2.0884357,2.147989,2.439208,2.218029,2.413467,0.000000,2.4431850,2.232146,1.941364,2.0572062,2.393812,2.174018,2.215158,1.499968,2.331880,2.088676,2.236091,0.0000000,2.049986,1.949516,0.000000,0.000000,0.000000,1.782430,0.000000,2.327803,1.485625,1.936794,2.0648036,1.8079166,1.638248,1.411558,2.250230,0.0000000,1.890276,0.0000000,0.000000,1.849692,1.9254394,1.982364,1.966868,0.0000000,0.0000000,2.177495,2.132560,0.000000,1.894144,0.000000,2.043268,0.000000,1.846498,2.2018386,2.057781,1.903401,0.0000000,2.491988,0.000000,1.8194546
1.829546,1.839079,1.9002478,0.000000,2.1671967,0.000000,0.0000000,1.732120,1.814246,0.000000,1.5767571,2.0312365,2.207544,2.454908,2.198435,2.444631,2.035710,2.4034949,2.119670,2.045180,2.0513006,2.349256,2.118499,2.211241,1.844180,2.263589,2.016983,2.138053,0.0000000,1.904155,1.837751,0.000000,1.521373,1.925772,0.000000,0.000000,2.305466,1.887004,1.636081,2.0357372,1.7223814,0.000000,1.536281,2.233818,1.4522240,0.000000,1.6977502,0.000000,1.844911,1.9695592,1.958704,1.901403,1.7377657,1.7113171,2.241412,2.097540,1.871556,1.893330,1.565079,2.035063,0.000000,0.000000,2.1566547,2.026478,1.626586,1.6514423,2.490814,1.754252,0.0000000
0.000000,0.000000,0.0000000,1.853865,0.0000000,0.000000,0.0000000,1.828857,1.901136,0.000000,0.0000000,2.1594054,2.184784,2.461345,2.176035,2.423435,1.697771,2.3827777,1.985647,2.028542,1.8952440,2.279204,2.164089,2.223094,1.989543,2.260033,0.000000,2.122178,0.0000000,1.699285,1.666963,0.000000,1.748998,0.000000,0.000000,0.000000,2.444511,1.977214,0.000000,0.0000000,0.0000000,0.000000,0.000000,0.000000,0.0000000,0.000000,0.0000000,0.000000,0.000000,0.0000000,2.199332,1.807274,0.0000000,0.0000000,2.279227,1.982612,0.000000,0.000000,0.000000,2.191488,0.000000,0.000000,2.0853128,2.011449,1.454692,0.0000000,2.483004,0.000000,0.0000000
0.000000,1.755526,0.0000000,0.000000,0.0000000,0.000000,0.0000000,1.867462,1.885833,0.000000,2.0560637,2.1009336,2.150404,2.461529,2.238830,2.414857,1.728552,2.3191134,1.939760,1.880424,1.7084654,2.104364,2.019799,2.218438,0.000000,2.183351,1.680442,2.079096,0.0000000,1.561425,0.000000,0.000000,0.000000,2.115833,0.000000,0.000000,2.342746,1.768223,0.000000,1.9800544,1.9286515,0.000000,0.000000,0.000000,0.0000000,0.000000,0.0000000,0.000000,1.793940,1.9044007,0.000000,2.247419,0.0000000,1.7354241,2.332294,1.957851,1.764148,2.061098,0.000000,2.111297,0.000000,1.600375,1.9594017,2.070396,1.589844,0.0000000,2.484212,0.000000,0.0000000
0.000000,1.954645,1.8922085,0.000000,1.5494081,0.000000,0.0000000,2.037367,1.641506,0.000000,2.0391873,2.1388665,2.168331,2.468957,2.222773,2.446948,0.000000,2.3968923,0.000000,1.962770,0.0000000,2.240944,2.065574,2.239700,2.016529,2.291125,1.551992,2.156976,0.0000000,1.589720,0.000000,0.000000,0.000000,0.000000,2.009509,0.000000,2.440621,0.000000,0.000000,2.1345920,0.0000000,0.000000,0.000000,2.192720,0.0000000,0.000000,0.0000000,0.000000,0.000000,1.8468238,2.123137,2.183484,0.0000000,0.0000000,2.222593,2.211905,0.000000,2.162018,0.000000,2.122393,0.000000,0.000000,2.0892304,2.101068,1.950363,0.0000000,2.567203,0.000000,1.8160635
0.000000,2.185975,0.0000000,0.000000,0.0000000,0.000000,0.0000000,1.780463,0.000000,0.000000,0.0000000,2.1371841,2.174392,2.467057,2.194146,2.459719,0.000000,2.4127074,0.000000,1.903514,1.6356442,2.225116,2.119042,2.190413,1.995844,2.293866,1.986668,2.127176,0.0000000,0.000000,0.000000,0.000000,0.000000,1.661920,1.799939,0.000000,2.390886,1.631178,1.570603,2.0633627,0.0000000,0.000000,0.000000,1.958947,0.0000000,0.000000,0.0000000,0.000000,0.000000,1.6343580,0.000000,2.004431,0.0000000,0.0000000,2.227645,1.833988,1.661308,2.158247,0.000000,2.003959,0.000000,0.000000,1.8949172,2.066288,0.000000,0.0000000,2.507834,0.000000,0.0000000
0.000000,2.187891,1.9197715,0.000000,0.0000000,0.000000,0.0000000,1.929251,0.000000,0.000000,1.7485903,2.1619023,2.120917,2.491341,2.224564,2.372457,0.000000,2.3968973,0.000000,2.002501,1.6884075,2.187892,2.073219,2.235208,2.056492,2.264005,1.804704,2.098827,0.0000000,0.000000,0.000000,0.000000,0.000000,1.820283,1.971601,0.000000,2.327429,1.766133,0.000000,1.8730588,0.0000000,0.000000,0.000000,2.143024,0.0000000,0.000000,0.0000000,0.000000,0.000000,0.0000000,1.694633,0.000000,0.0000000,0.0000000,2.306832,0.000000,0.000000,2.102115,0.000000,1.860346,0.000000,0.000000,1.9373985,2.098658,0.000000,0.0000000,2.517687,0.000000,1.7517739
0.000000,1.850534,1.9767245,0.000000,0.0000000,0.000000,0.0000000,1.979368,1.844573,0.000000,1.8427528,2.1337698,2.150255,2.452045,2.167750,2.428861,1.769198,2.3206729,1.927099,2.084762,1.9508232,2.203811,2.015413,2.242694,2.057067,2.170214,1.814092,1.993330,0.0000000,0.000000,1.688183,0.000000,1.955300,1.937637,1.983392,0.000000,2.445377,1.918088,0.000000,0.0000000,0.0000000,1.857187,0.000000,2.192583,0.0000000,1.649388,1.7788379,0.000000,0.000000,1.8899642,2.019348,2.060277,1.6931600,0.0000000,2.344786,1.930418,1.783766,2.155496,0.000000,2.203390,1.698593,0.000000,2.2266543,2.059625,0.000000,0.0000000,2.586252,0.000000,1.7240992
0.000000,1.924083,1.8512828,0.000000,0.0000000,0.000000,0.0000000,1.939122,1.772419,0.000000,2.0595960,2.1553581,2.230028,2.427654,2.168160,2.395934,1.802180,2.3350615,1.903554,1.948421,1.8657955,2.163676,2.031553,2.262056,2.039670,2.165486,1.966164,2.088938,0.0000000,0.000000,1.799397,0.000000,0.000000,0.000000,1.714193,0.000000,2.354096,1.700037,1.558634,0.0000000,0.0000000,1.829142,0.000000,1.474065,0.0000000,0.000000,1.5825689,0.000000,1.782382,1.7970903,1.890740,2.046975,0.0000000,1.7371633,2.104329,2.129757,1.870003,1.804867,1.489663,2.111608,1.799461,0.000000,1.9622717,2.059446,1.644226,0.0000000,2.338557,1.398888,1.8723782
0.000000,1.801363,1.9278938,0.000000,0.0000000,0.000000,0.0000000,1.361904,1.418975,1.930109,1.9627796,2.0095636,2.115395,2.498358,2.241291,2.407072,1.967729,2.4059720,1.756173,2.047747,1.8754170,2.232781,2.201514,2.154212,2.111235,2.253421,1.800077,2.096260,0.0000000,0.000000,1.941444,1.602221,2.026269,0.000000,1.737603,0.000000,2.304379,1.586140,0.000000,0.0000000,0.0000000,1.770023,0.000000,1.827165,0.0000000,1.407238,1.8253812,0.000000,0.000000,1.8148192,0.000000,1.910632,1.6250932,1.3773146,2.355968,2.228334,1.780609,1.936034,0.000000,2.134121,0.000000,0.000000,2.0753867,2.115065,0.000000,0.0000000,2.557538,0.000000,1.5051783
0.000000,1.946469,1.6864197,0.000000,0.0000000,0.000000,0.0000000,2.066590,1.579097,2.219555,2.0069638,2.1592663,2.174134,2.433701,2.203637,2.439372,0.000000,2.3792579,1.886707,2.027532,1.7715042,2.230583,2.141158,2.258665,2.063371,2.264951,1.652262,2.118120,0.0000000,1.540219,1.837378,0.000000,0.000000,0.000000,1.769775,0.000000,2.364950,1.899867,1.837265,0.0000000,0.0000000,1.782214,0.000000,0.000000,0.0000000,0.000000,1.6270149,0.000000,0.000000,1.7665883,2.082033,1.980339,0.0000000,0.0000000,2.323304,2.090186,1.780098,1.585592,1.601838,2.163974,0.000000,1.644847,2.0081329,2.014165,0.000000,0.0000000,2.518020,0.000000,1.8463538
0.000000,1.804447,0.0000000,0.000000,0.0000000,0.000000,0.0000000,0.000000,0.000000,0.000000,0.0000000,2.1501693,2.126225,2.488254,2.292345,2.416030,0.000000,2.3999311,1.840441,2.081209,0.0000000,2.282859,2.162378,2.242741,1.933960,2.280142,0.000000,2.131199,0.0000000,0.000000,0.000000,0.000000,0.000000,0.000000,0.000000,0.000000,2.338026,0.000000,0.000000,0.0000000,0.0000000,1.671452,0.000000,1.929093,0.0000000,0.000000,0.0000000,0.000000,1.912916,1.8968242,2.173821,1.783397,0.0000000,0.0000000,2.304029,0.000000,1.781226,1.799780,0.000000,2.114719,0.000000,0.000000,2.0821237,2.203894,0.000000,0.0000000,2.474448,0.000000,0.0000000
0.000000,0.000000,1.8195930,0.000000,0.0000000,0.000000,0.0000000,0.000000,1.910804,1.945794,0.0000000,2.0698542,2.235696,2.456696,2.169270,2.469515,0.000000,2.3130908,1.909136,1.903416,1.9338707,2.083373,1.964593,2.225088,0.000000,2.161809,1.739124,1.994521,0.0000000,1.823905,0.000000,0.000000,1.952416,0.000000,1.852464,0.000000,2.342222,1.760821,1.729945,0.0000000,0.0000000,0.000000,0.000000,2.255831,0.0000000,0.000000,1.6245257,0.000000,0.000000,2.1263890,2.149196,0.000000,0.0000000,0.0000000,2.399611,2.281945,1.855295,1.690392,1.728949,2.031954,0.000000,0.000000,2.0171031,2.013249,1.801080,0.0000000,2.475873,0.000000,1.7860627
0.000000,1.608232,0.0000000,0.000000,0.0000000,0.000000,0.0000000,0.000000,1.864341,0.000000,1.9693338,2.1627118,2.206224,2.448084,2.208634,2.442686,1.877932,2.3182931,1.882755,1.886161,1.9481565,2.095936,1.980175,2.240655,1.855472,2.179935,0.000000,2.069725,0.0000000,0.000000,1.603896,0.000000,1.823395,0.000000,0.000000,0.000000,2.340048,1.680064,1.509658,0.0000000,0.0000000,0.000000,0.000000,2.275823,0.0000000,0.000000,0.0000000,0.000000,0.000000,2.1294282,2.208471,1.953040,0.0000000,0.0000000,2.337609,2.122313,1.732693,0.000000,1.875594,1.986475,0.000000,0.000000,2.0271550,2.010574,0.000000,0.0000000,2.393190,0.000000,1.8411767
0.000000,1.817699,1.8672801,0.000000,1.4645867,0.000000,0.0000000,0.000000,1.611266,1.783409,1.9643368,2.1273780,2.189099,2.433979,2.175787,2.439585,2.070004,2.3625917,1.772906,1.854625,1.9937956,2.124272,2.059894,2.239829,1.960376,2.255667,0.000000,0.000000,0.0000000,1.845095,1.765918,0.000000,1.882633,1.884988,0.000000,0.000000,2.373519,1.897224,1.500654,2.3651798,2.2406756,1.786925,0.000000,0.000000,0.0000000,1.742184,0.0000000,0.000000,1.871063,1.9805445,2.161560,2.114715,0.0000000,1.7835043,2.229013,1.923986,0.000000,1.939987,1.749914,2.107648,0.000000,1.694201,2.0648608,2.071397,1.729345,1.6977291,2.494200,0.000000,1.6415057
0.000000,1.693073,1.6792090,0.000000,0.0000000,1.681759,0.0000000,1.952275,0.000000,0.000000,0.0000000,2.1577751,2.164929,2.437752,2.184151,2.428472,2.057117,2.3606044,0.000000,2.031644,1.8600997,2.142880,2.039571,2.223157,2.003818,2.250862,1.888786,0.000000,0.0000000,1.657751,1.667886,0.000000,1.870449,1.718831,1.757516,0.000000,2.382076,1.873655,1.760571,2.0269310,0.0000000,1.622439,0.000000,2.213346,0.0000000,0.000000,0.0000000,0.000000,1.892004,1.9431176,2.232850,1.789069,0.0000000,1.6698181,2.325112,0.000000,1.817494,2.105087,0.000000,2.180112,0.000000,0.000000,1.9672056,1.990772,1.656025,0.0000000,2.539908,0.000000,0.0000000
0.000000,1.909778,1.7252337,0.000000,0.0000000,0.000000,0.0000000,1.946169,1.694050,1.624392,1.9879619,2.1225937,2.176846,2.460620,2.266104,2.418905,1.904101,2.3781304,1.867935,1.982072,1.9393986,2.227929,2.058585,2.251099,2.063397,2.221066,0.000000,2.099297,0.0000000,0.000000,0.000000,0.000000,1.904949,0.000000,0.000000,0.000000,2.286208,1.632776,1.407126,0.0000000,0.0000000,0.000000,0.000000,2.205024,0.0000000,0.000000,0.0000000,0.000000,1.777194,1.7695001,2.117032,1.809610,0.0000000,1.7643521,2.260853,2.095235,1.694137,1.666500,0.000000,2.140351,0.000000,1.633537,1.9762575,2.074588,0.000000,0.0000000,2.514074,0.000000,1.7035372
0.000000,0.000000,0.0000000,0.000000,0.0000000,0.000000,0.0000000,1.830589,0.000000,0.000000,1.9216947,2.1020678,2.247532,2.453319,2.228066,2.462589,1.997831,2.3924335,2.006302,1.982430,1.9340771,2.204942,2.073044,2.238033,1.995957,2.236069,0.000000,2.126558,0.0000000,0.000000,1.802586,0.000000,1.893062,0.000000,0.000000,0.000000,2.267742,1.716436,0.000000,0.0000000,0.0000000,0.000000,0.000000,0.000000,0.0000000,0.000000,0.0000000,0.000000,0.000000,1.8798044,0.000000,1.826509,0.0000000,1.8097880,2.275964,0.000000,1.866307,0.000000,0.000000,2.103909,0.000000,0.000000,1.9327315,2.013815,0.000000,0.0000000,2.518301,0.000000,0.0000000
0.000000,0.000000,0.0000000,0.000000,1.7854538,0.000000,0.0000000,0.000000,0.000000,0.000000,1.9225922,1.9931882,2.116848,2.498347,2.029705,2.406049,1.835698,2.4223419,1.903884,2.075894,0.0000000,2.301815,2.137792,2.255385,1.987894,2.266195,1.720680,2.066782,0.0000000,0.000000,1.742578,0.000000,0.000000,2.231818,1.916195,0.000000,2.355520,1.828978,1.769395,2.3432011,2.3225153,0.000000,0.000000,1.885969,0.0000000,0.000000,0.0000000,0.000000,0.000000,2.2823823,2.197347,2.020806,0.0000000,0.0000000,1.805756,0.000000,0.000000,2.215238,0.000000,2.106737,0.000000,0.000000,2.0170972,2.124310,0.000000,1.6152400,2.537874,0.000000,0.0000000
0.000000,2.141097,1.7733918,0.000000,2.0157456,0.000000,0.0000000,1.874865,0.000000,0.000000,0.0000000,2.1024495,2.208402,2.472387,2.254707,2.432285,2.096065,2.4352438,2.070946,2.069944,1.8794071,2.238627,2.184936,2.254426,2.042382,2.275995,0.000000,2.167200,1.6561348,0.000000,1.868993,0.000000,1.606078,1.738220,1.768342,0.000000,2.377639,1.934768,0.000000,2.0522467,0.0000000,0.000000,0.000000,1.735853,0.0000000,1.790084,0.0000000,0.000000,0.000000,1.9999444,2.149976,1.885635,0.0000000,1.8859011,2.289622,1.945154,1.864885,2.027254,0.000000,2.095044,0.000000,0.000000,2.0071844,2.035886,0.000000,0.0000000,2.558273,0.000000,0.0000000
0.000000,1.564793,1.8355251,0.000000,0.0000000,0.000000,0.0000000,0.000000,1.644077,2.170941,2.0205481,2.0724000,2.147549,2.464801,2.038517,2.409728,1.999489,2.4068006,1.898842,2.069558,0.0000000,2.221379,2.117567,2.248865,2.037033,2.230233,1.617349,2.102485,0.0000000,0.000000,1.821643,0.000000,1.873674,1.585677,1.803147,0.000000,2.404960,1.869364,0.000000,0.0000000,0.0000000,0.000000,0.000000,2.188412,0.0000000,0.000000,0.0000000,0.000000,0.000000,1.6262224,0.000000,1.762412,0.0000000,1.8536135,2.336724,2.233080,1.624860,1.977187,0.000000,2.141250,0.000000,0.000000,2.0457427,2.066374,0.000000,0.0000000,2.570452,0.000000,0.0000000
0.000000,2.123482,0.0000000,0.000000,1.8949225,0.000000,0.0000000,0.000000,1.787273,0.000000,0.0000000,2.1491497,2.182848,2.441246,2.301322,2.455478,1.897016,2.3228185,2.038561,0.000000,1.7442985,2.066750,1.936627,2.255323,0.000000,2.186413,0.000000,1.967444,0.0000000,0.000000,1.982449,2.018488,2.053202,1.861009,0.000000,0.000000,2.331688,0.000000,0.000000,2.3325325,1.8900793,0.000000,0.000000,2.227622,1.9776860,0.000000,0.0000000,0.000000,1.946027,1.9656906,2.245668,2.144208,0.0000000,0.0000000,2.366149,2.124052,0.000000,2.280330,0.000000,2.065533,0.000000,0.000000,2.0030691,1.877704,0.000000,0.0000000,2.511029,0.000000,0.0000000
0.000000,0.000000,0.0000000,0.000000,0.0000000,0.000000,0.0000000,0.000000,0.000000,2.156447,0.0000000,1.8478716,2.232929,2.457654,2.185544,2.439837,1.898329,2.3876798,0.000000,0.000000,0.0000000,2.256684,1.998136,2.275325,1.903421,2.254727,1.697306,0.000000,0.0000000,0.000000,0.000000,0.000000,0.000000,0.000000,0.000000,0.000000,2.214070,0.000000,0.000000,0.0000000,0.0000000,0.000000,0.000000,1.770075,0.0000000,0.000000,0.0000000,0.000000,1.758268,0.0000000,0.000000,2.239687,0.0000000,0.0000000,2.417025,2.204072,0.000000,1.974719,0.000000,0.000000,0.000000,0.000000,0.0000000,2.044738,0.000000,0.0000000,2.621189,0.000000,0.0000000
0.000000,1.884817,0.0000000,0.000000,0.0000000,0.000000,0.0000000,0.000000,0.000000,0.000000,1.7548615,2.1683705,2.245871,2.474894,2.239540,2.466024,1.967996,2.3645652,0.000000,1.958227,1.9379053,2.215296,2.203463,2.245451,1.969802,2.231324,1.984920,2.149046,1.5184839,0.000000,1.936806,0.000000,2.099950,0.000000,1.752320,0.000000,2.429673,1.912999,0.000000,0.0000000,0.0000000,1.852522,0.000000,0.000000,0.0000000,0.000000,0.0000000,0.000000,1.907838,1.9672265,2.177756,0.000000,0.0000000,0.0000000,2.364464,2.057997,0.000000,0.000000,0.000000,2.133755,0.000000,0.000000,2.0351169,2.100540,1.807876,0.0000000,2.509398,0.000000,1.8161486
0.000000,1.863968,2.0253539,0.000000,1.6905253,0.000000,0.0000000,0.000000,2.007880,0.000000,1.8369234,2.0917125,2.131242,2.465490,2.213616,2.393734,2.051375,2.3284276,1.794128,1.980937,1.7082089,2.111289,2.038405,2.229393,1.966922,2.176891,2.039181,2.078996,0.0000000,1.716623,1.707457,0.000000,1.914600,0.000000,1.915102,0.000000,2.365882,1.816016,0.000000,1.7687380,2.0412482,1.795305,0.000000,2.019933,0.0000000,1.934361,0.0000000,0.000000,0.000000,1.8687548,0.000000,1.812714,0.0000000,1.4953109,2.255257,2.228783,1.884114,0.000000,1.910065,2.058167,0.000000,0.000000,2.1342873,2.095701,1.850423,0.0000000,2.474297,0.000000,2.0268568
0.000000,1.751522,0.0000000,0.000000,0.0000000,0.000000,0.0000000,0.000000,0.000000,0.000000,0.0000000,2.0212357,2.001227,2.510207,2.280584,2.358434,0.000000,2.4020972,1.926769,2.031400,0.0000000,2.253713,2.112431,2.274863,0.000000,1.887998,1.851129,2.201185,1.7895035,0.000000,1.817044,0.000000,0.000000,0.000000,0.000000,0.000000,2.479616,1.781709,0.000000,0.0000000,0.0000000,0.000000,0.000000,1.979587,0.0000000,0.000000,0.0000000,0.000000,0.000000,1.9360804,0.000000,1.851918,0.0000000,0.0000000,2.204355,0.000000,0.000000,0.000000,0.000000,2.218111,0.000000,0.000000,1.7818413,2.158514,0.000000,0.0000000,2.507028,0.000000,0.0000000
0.000000,1.851568,0.0000000,0.000000,0.0000000,0.000000,0.0000000,1.950199,0.000000,0.000000,0.0000000,2.0111304,2.125505,2.519361,2.269298,2.364313,0.000000,2.4004338,1.998809,2.065560,0.0000000,2.255284,2.134967,2.282845,0.000000,2.085049,0.000000,2.182025,0.0000000,0.000000,1.892063,0.000000,0.000000,0.000000,1.909782,0.000000,2.497375,1.827775,0.000000,0.0000000,0.0000000,0.000000,0.000000,0.000000,0.0000000,0.000000,0.0000000,0.000000,1.670121,1.9650763,2.100115,1.766615,0.0000000,0.0000000,2.203416,0.000000,0.000000,0.000000,0.000000,2.258201,0.000000,0.000000,1.9627672,2.123809,0.000000,0.0000000,2.480559,0.000000,0.0000000
0.000000,1.738236,0.0000000,0.000000,0.0000000,0.000000,0.0000000,0.000000,0.000000,0.000000,1.9999535,2.1173890,2.101924,2.503724,2.275089,2.393785,0.000000,2.3459533,1.914772,2.056190,0.0000000,2.175166,2.045066,2.294662,0.000000,1.973233,0.000000,2.114024,0.0000000,0.000000,0.000000,0.000000,0.000000,0.000000,0.000000,0.000000,2.453574,1.784937,0.000000,0.0000000,0.0000000,0.000000,0.000000,0.000000,0.0000000,0.000000,1.7886108,0.000000,0.000000,1.8789491,2.112225,1.897110,0.0000000,1.5270146,2.248549,0.000000,0.000000,0.000000,0.000000,2.187027,0.000000,0.000000,1.6614945,2.162800,0.000000,0.0000000,2.480784,0.000000,0.0000000
0.000000,0.000000,0.0000000,0.000000,0.0000000,0.000000,0.0000000,0.000000,1.888243,0.000000,0.0000000,2.0297031,2.104784,2.519476,2.283152,2.380616,0.000000,2.3696257,0.000000,2.042905,0.0000000,2.208132,2.060714,2.281353,0.000000,0.000000,0.000000,2.129921,0.0000000,0.000000,0.000000,0.000000,0.000000,0.000000,0.000000,0.000000,2.388318,0.000000,0.000000,0.0000000,0.0000000,0.000000,0.000000,0.000000,0.0000000,1.733012,1.8849423,0.000000,0.000000,1.7856063,2.022036,1.847639,0.0000000,0.0000000,2.256777,0.000000,0.000000,0.000000,0.000000,2.133884,0.000000,0.000000,0.0000000,2.153922,0.000000,0.0000000,2.477726,0.000000,0.0000000
1.556448,2.014169,1.6327439,0.000000,0.0000000,0.000000,0.0000000,2.082359,1.711646,0.000000,0.0000000,2.2465469,2.181141,2.457555,2.212353,2.391816,1.550963,2.4037837,1.723832,1.879360,1.9912570,2.215319,2.091327,2.224465,1.974295,2.220359,0.000000,2.097376,0.0000000,1.603327,2.042651,0.000000,0.000000,1.915157,1.862278,0.000000,2.425560,1.887234,1.791205,1.5264821,0.0000000,1.776009,1.512627,1.975379,1.8102521,1.853534,1.8713096,0.000000,0.000000,2.0713116,2.075271,2.037056,0.0000000,0.0000000,2.150382,1.569494,1.641656,1.763713,0.000000,2.270334,0.000000,1.683251,2.1242185,2.075789,0.000000,0.0000000,2.583180,1.968561,1.9609204
0.000000,1.852935,0.0000000,0.000000,0.0000000,0.000000,1.7643928,2.051304,1.841806,0.000000,0.0000000,2.2105663,2.091940,2.461627,2.260175,2.402864,2.019292,2.4255487,1.762274,1.936302,1.9730709,2.253683,2.163703,2.269197,0.000000,2.275985,1.950356,2.179514,0.0000000,0.000000,2.029353,0.000000,0.000000,0.000000,1.965597,0.000000,2.418428,1.873662,0.000000,0.0000000,0.0000000,1.732070,0.000000,2.137891,0.0000000,0.000000,1.5221030,0.000000,0.000000,1.8157511,2.054116,1.986808,2.0583551,1.4862180,1.953063,0.000000,0.000000,1.689904,0.000000,2.180549,1.555646,1.697009,2.1972094,2.047331,0.000000,1.5913190,2.549356,2.005707,1.7804507
0.000000,2.016260,1.7488168,0.000000,2.1230026,0.000000,1.6567667,1.991784,2.048801,0.000000,0.0000000,2.1932715,2.171539,2.423986,2.193954,2.402045,1.900096,2.3871010,1.732103,1.932830,0.0000000,2.221013,2.111137,2.265714,0.000000,2.222699,1.831658,2.153003,0.0000000,1.559618,1.923352,0.000000,2.013365,1.808127,1.802221,0.000000,2.383818,1.985075,0.000000,1.7798419,0.0000000,1.817203,1.816874,2.203500,1.6817355,0.000000,1.9795974,0.000000,0.000000,2.0937118,0.000000,2.089840,1.9955003,1.6347355,2.083472,1.692593,0.000000,1.489372,0.000000,2.164854,0.000000,1.377705,1.9425187,2.040564,1.753567,1.7314608,2.485263,1.865083,1.9720262
0.000000,1.913690,1.3580759,0.000000,0.0000000,1.663768,1.7570035,2.098786,1.930494,0.000000,0.0000000,2.2017428,2.179492,2.438255,2.186835,2.459376,1.931709,2.3411224,0.000000,1.748076,1.9028111,2.096931,1.976570,2.183947,1.843732,2.188344,1.983549,2.120014,1.6903259,0.000000,1.839263,0.000000,0.000000,2.009061,1.874453,0.000000,2.435826,2.057266,1.633505,2.2365716,0.0000000,1.920938,1.633379,1.936699,0.0000000,0.000000,1.8516923,0.000000,0.000000,1.9625197,2.255092,2.064618,0.0000000,1.9132923,2.322146,0.000000,1.927718,2.095973,0.000000,2.237822,0.000000,1.969164,2.0351843,1.983052,1.947833,1.7763344,2.512664,1.870918,1.8849992
1.739253,2.089555,1.7036390,0.000000,2.1583905,0.000000,1.9850977,2.057344,1.396301,0.000000,0.0000000,2.2822962,2.225772,2.490690,2.267508,2.395005,2.076191,2.4715040,1.824414,2.024668,1.7764593,2.328253,2.205606,2.273077,1.950595,2.329689,1.672573,1.415785,1.7043697,0.000000,2.124577,0.000000,0.000000,0.000000,1.965941,0.000000,2.475768,1.834021,0.000000,0.0000000,0.0000000,1.918502,0.000000,2.004798,0.0000000,0.000000,1.9226604,0.000000,0.000000,1.8566248,2.086914,1.840409,1.4419244,0.0000000,2.327006,2.016573,1.757914,1.756331,0.000000,2.209558,0.000000,1.709742,2.2269526,2.059984,1.795009,0.0000000,2.508680,0.000000,2.0451371
0.000000,1.828001,0.0000000,0.000000,0.0000000,0.000000,0.0000000,2.074295,1.937251,0.000000,1.4747746,2.1470761,2.059676,2.409683,2.264243,2.391816,1.865282,2.3860583,1.687010,1.952114,1.7429393,2.285663,2.234219,2.230905,1.927509,2.207765,0.000000,2.146703,0.0000000,1.648467,2.014539,0.000000,0.000000,0.000000,1.806658,0.000000,2.418755,1.909079,0.000000,0.0000000,0.0000000,1.835968,0.000000,1.396656,1.6250599,1.491541,1.6797081,0.000000,0.000000,1.7848187,2.042179,2.067095,2.0645851,0.0000000,2.287385,0.000000,1.818082,0.000000,0.000000,2.203873,1.640599,1.815276,2.1320008,2.125156,1.685942,0.0000000,2.569129,0.000000,1.6161572
1.902985,1.598352,0.0000000,1.761376,0.0000000,0.000000,0.0000000,2.081972,0.000000,0.000000,0.0000000,2.2125647,2.205209,2.479386,2.213848,2.431314,1.812462,2.3881039,1.776734,1.942617,1.9171097,2.156518,2.046409,2.231363,1.986381,2.206854,2.060044,2.078765,0.0000000,1.780972,1.572390,0.000000,0.000000,1.575955,1.836394,0.000000,2.369585,1.635331,0.000000,1.5665946,0.0000000,1.892494,1.922033,1.981675,0.0000000,1.712186,1.6661121,0.000000,0.000000,1.8116252,2.282078,1.896991,2.1576949,1.6038578,2.239461,0.000000,0.000000,1.659970,0.000000,2.161128,0.000000,1.744764,2.0689175,2.080659,0.000000,0.0000000,2.537260,0.000000,2.0995218
0.000000,1.811479,0.0000000,0.000000,0.0000000,0.000000,1.5909923,2.035564,1.987074,0.000000,0.0000000,2.2639859,2.165448,2.445187,2.137749,2.432478,2.042122,2.4215639,1.894494,1.962829,1.9024529,2.331818,2.108540,2.261303,1.962470,2.261436,2.031343,2.205474,1.7655687,0.000000,2.170266,0.000000,0.000000,1.766401,1.973199,0.000000,2.471262,1.946986,0.000000,0.0000000,1.6796844,1.888979,0.000000,2.069348,0.0000000,0.000000,1.6668603,0.000000,0.000000,2.0741086,2.081341,2.137156,2.0471524,1.6526565,2.158352,1.633030,1.677052,1.844172,0.000000,2.372110,1.867858,0.000000,1.9712642,1.967056,1.994721,0.0000000,2.538021,0.000000,2.0262762
0.000000,1.722938,0.0000000,0.000000,0.0000000,0.000000,1.8051130,2.057658,2.080652,0.000000,0.0000000,2.1722188,2.126222,2.480741,2.270396,2.422986,0.000000,2.2745225,0.000000,1.970169,0.0000000,2.109601,2.027715,2.218033,1.941540,2.106085,0.000000,1.932822,2.2013176,0.000000,2.152061,0.000000,0.000000,0.000000,1.782370,0.000000,2.389783,1.784488,0.000000,0.0000000,0.0000000,1.865638,0.000000,2.211673,1.6889005,0.000000,1.8586303,0.000000,1.742641,2.1130260,1.923830,1.881457,0.0000000,0.0000000,2.309769,0.000000,1.810439,1.747575,0.000000,2.278315,0.000000,0.000000,2.1433837,2.119632,0.000000,0.0000000,2.506184,2.020676,1.5595201
0.000000,1.657533,0.0000000,0.000000,0.0000000,0.000000,1.6683716,2.047215,0.000000,0.000000,0.0000000,2.0713337,1.935466,2.474942,2.206575,2.431689,1.581405,2.2609205,1.929788,2.055295,0.0000000,2.143361,2.082759,2.266132,2.081138,2.115005,2.011766,1.955707,2.2605224,1.616122,2.192565,0.000000,0.000000,0.000000,1.748968,0.000000,2.429466,1.928147,0.000000,0.0000000,0.0000000,1.747909,1.787897,2.003855,1.8447574,0.000000,1.7515964,0.000000,0.000000,1.9536837,1.845187,1.960398,0.0000000,0.0000000,2.272318,0.000000,0.000000,1.581405,0.000000,2.283671,1.569910,1.959589,2.1148266,2.014249,1.722669,0.0000000,2.587778,2.140806,0.0000000
0.000000,1.828218,0.0000000,0.000000,0.0000000,0.000000,0.0000000,2.145919,2.065879,0.000000,1.7237786,2.0083069,2.095223,2.502032,2.248937,2.436037,0.000000,2.2621867,0.000000,2.022110,0.0000000,2.126283,1.942606,2.289887,1.950557,2.099247,2.004487,1.927579,2.2844256,0.000000,2.193012,0.000000,1.732407,0.000000,2.030709,0.000000,2.439902,0.000000,0.000000,0.0000000,0.0000000,0.000000,0.000000,2.126587,1.9037612,0.000000,1.9378600,0.000000,0.000000,1.9031930,0.000000,2.037456,0.0000000,0.0000000,2.188806,0.000000,1.589349,1.753099,0.000000,2.262991,0.000000,0.000000,2.1980295,2.162509,0.000000,0.0000000,2.569346,0.000000,0.0000000
1.649876,2.009834,1.7369021,1.813033,2.1476328,0.000000,1.7676406,2.038025,1.978420,0.000000,1.8981695,2.1737908,2.147226,2.469299,2.211097,2.422076,2.086063,2.2991497,0.000000,2.012501,1.5324835,2.161364,2.059086,2.262517,1.988396,2.177673,2.140050,2.047292,2.2563347,1.494323,2.198179,0.000000,0.000000,1.919610,1.893948,1.830597,2.339710,1.838734,1.450799,1.7406620,1.9562095,1.849521,2.015019,2.144326,1.8799404,2.049313,0.0000000,0.000000,0.000000,2.0218702,1.877824,2.203949,0.0000000,0.0000000,1.889129,2.120202,2.136292,1.872297,1.597016,2.264687,1.843871,0.000000,2.3640489,2.140105,0.000000,0.0000000,2.556158,2.170499,2.1062359
0.000000,1.556847,0.0000000,0.000000,0.0000000,0.000000,1.8087359,2.109138,2.021823,0.000000,2.0396355,1.9539894,2.096983,2.469481,2.268939,2.298189,1.599639,2.3771062,1.735209,2.014885,2.0135701,2.119993,2.069116,2.204928,1.950605,2.113322,1.930542,2.009410,2.1831262,0.000000,2.094499,0.000000,0.000000,0.000000,1.985175,0.000000,2.411779,1.886274,0.000000,0.0000000,0.0000000,0.000000,1.660265,2.151986,0.0000000,0.000000,1.7689486,0.000000,1.699348,2.0618977,1.756818,1.882795,1.4659941,1.4912531,1.784311,0.000000,0.000000,1.626619,0.000000,2.237945,1.608784,0.000000,2.1638516,2.165797,0.000000,0.0000000,2.539801,1.899368,1.7066209
0.000000,0.000000,0.0000000,0.000000,0.0000000,0.000000,0.0000000,2.041529,2.081869,0.000000,1.9893440,2.1160470,2.041492,2.440217,2.210691,2.390819,1.715328,2.3173512,1.747651,1.941003,1.9932026,2.039156,1.954152,2.218486,1.873984,2.056490,2.060872,1.961899,2.1536013,0.000000,2.007137,0.000000,1.874920,0.000000,1.960266,0.000000,2.397088,1.722543,0.000000,0.0000000,0.0000000,1.892569,1.527074,2.149042,0.0000000,0.000000,1.8128013,0.000000,0.000000,1.8809713,0.000000,2.041507,0.0000000,0.0000000,2.120372,0.000000,1.813948,1.545620,0.000000,2.229732,1.636206,0.000000,2.0894597,2.095986,0.000000,0.0000000,2.563085,1.951041,1.7376031
0.000000,0.000000,0.0000000,0.000000,0.0000000,0.000000,1.7769456,2.060961,1.764610,0.000000,2.0478757,2.1812908,2.160666,2.460085,2.188850,2.429914,1.776522,2.2413088,0.000000,1.887474,1.7263772,2.052900,1.941070,2.254906,1.542886,2.095233,0.000000,2.018059,2.0920893,0.000000,2.012052,0.000000,0.000000,0.000000,1.923952,0.000000,2.383322,1.814638,1.727181,0.0000000,0.0000000,1.866019,1.757616,0.000000,1.5968978,0.000000,1.8194269,0.000000,1.586728,2.1155951,2.011484,1.997833,0.0000000,0.0000000,2.134658,2.101416,2.012546,1.734031,0.000000,2.249697,1.748379,0.000000,2.1091696,1.825955,0.000000,0.0000000,2.500565,1.920150,1.8070824
0.000000,1.706481,0.0000000,0.000000,0.0000000,0.000000,0.0000000,2.008553,1.953257,0.000000,0.0000000,2.0090760,2.200645,2.453699,2.239001,2.397775,1.913384,2.2540072,1.778444,1.872685,1.7363618,2.113356,2.096365,2.203217,1.874404,2.118933,2.049568,2.030761,2.1734301,0.000000,0.000000,0.000000,0.000000,0.000000,1.897860,0.000000,2.415326,1.789458,0.000000,0.0000000,0.0000000,1.928591,0.000000,2.134571,0.0000000,0.000000,1.5627804,0.000000,0.000000,2.0638577,2.119034,2.149723,0.0000000,0.0000000,1.824885,1.563069,1.795622,1.751848,0.000000,2.252116,0.000000,0.000000,2.0984767,2.040734,0.000000,1.5675820,2.562496,1.988378,1.7578431
0.000000,1.692111,1.7207167,0.000000,0.0000000,0.000000,1.8863018,2.012869,1.981749,0.000000,1.6911220,2.0675565,2.102225,2.465365,2.222314,2.440017,1.819020,2.3676905,0.000000,1.979579,1.7269719,2.113886,2.075800,2.206046,1.970825,2.156417,1.958307,2.106363,2.1666650,0.000000,2.121830,0.000000,0.000000,0.000000,1.636579,0.000000,2.453833,1.717703,0.000000,0.0000000,0.0000000,1.852986,0.000000,2.123845,0.0000000,0.000000,1.8097485,0.000000,0.000000,2.0947843,2.033997,2.028369,0.0000000,0.0000000,1.898970,0.000000,0.000000,1.971595,0.000000,2.216242,0.000000,1.772226,2.2560823,2.154079,1.581923,0.0000000,2.470409,2.000988,1.6174189
0.000000,2.081335,0.0000000,0.000000,0.0000000,0.000000,1.8387176,2.024666,1.977664,0.000000,0.0000000,2.0682668,1.887010,2.468239,2.242016,2.409506,1.759942,2.3468534,1.785829,1.919715,0.0000000,2.058792,1.993301,2.421221,0.000000,2.137410,0.000000,1.999370,2.1826978,0.000000,2.121937,0.000000,0.000000,2.176625,1.949684,2.020815,2.494107,2.052072,0.000000,2.2146554,2.0360620,1.758763,2.052837,2.096762,1.8055213,0.000000,0.0000000,0.000000,1.695365,1.7050969,0.000000,1.896866,0.0000000,0.0000000,2.324204,0.000000,0.000000,2.337327,0.000000,2.142876,0.000000,0.000000,2.4477019,1.990472,0.000000,1.6859644,2.622142,1.892617,0.0000000
0.000000,1.478822,0.0000000,0.000000,2.1692970,0.000000,0.0000000,1.765838,1.965576,0.000000,0.0000000,2.1948721,2.172505,2.477212,2.216395,2.434074,0.000000,2.2314051,1.809521,1.954473,1.6033267,2.151015,1.962835,2.272221,1.793364,2.047146,1.760389,1.931069,2.2348859,1.549772,2.152600,0.000000,2.008607,0.000000,1.737766,0.000000,2.449453,1.996176,0.000000,0.0000000,0.0000000,1.846133,1.831455,2.124508,1.7623154,0.000000,1.8577605,0.000000,0.000000,2.0659785,1.524755,2.196026,0.0000000,0.0000000,2.053014,0.000000,1.947976,0.000000,0.000000,2.113988,0.000000,1.645730,2.2046447,1.832660,1.737977,0.0000000,2.465823,1.957510,2.0049267
0.000000,1.701364,1.8233050,0.000000,0.0000000,0.000000,0.0000000,2.047475,0.000000,0.000000,1.8691209,2.1481346,2.158163,2.459823,2.255880,2.340497,1.515548,2.3167335,0.000000,1.897597,1.6957078,1.971218,2.028517,2.261761,0.000000,2.137587,0.000000,2.087546,2.0434908,0.000000,1.885946,1.545566,0.000000,0.000000,1.992650,0.000000,2.447450,1.836923,1.841916,0.0000000,0.0000000,1.942318,0.000000,1.974661,0.0000000,1.766789,0.0000000,0.000000,0.000000,1.9556378,2.094805,2.128871,2.0670699,1.5767571,2.278919,0.000000,1.596106,1.597134,0.000000,2.171863,1.658241,0.000000,2.0940918,2.121845,1.725886,1.4112291,2.565111,1.993565,1.7314439
0.000000,0.000000,0.0000000,0.000000,0.0000000,0.000000,0.0000000,2.120656,0.000000,0.000000,0.0000000,2.2376143,2.128732,2.476593,2.186044,2.429264,0.000000,2.2188023,0.000000,1.915414,0.0000000,2.199677,2.017435,2.275320,1.966470,2.057253,0.000000,2.031637,0.0000000,1.595550,2.109476,0.000000,0.000000,0.000000,2.006904,0.000000,2.486915,1.968236,1.788749,1.9561150,0.0000000,1.795064,0.000000,0.000000,0.0000000,0.000000,1.7309516,0.000000,0.000000,1.7647723,2.079009,2.014090,0.0000000,0.0000000,2.184066,0.000000,1.893244,0.000000,0.000000,2.278066,0.000000,1.871442,2.1161545,2.034901,0.000000,0.0000000,2.582673,1.863648,1.7233322
0.000000,2.172637,0.0000000,0.000000,0.0000000,2.194864,2.2504531,0.000000,0.000000,0.000000,2.1153146,1.8049187,2.082174,2.461679,2.248192,2.390501,1.741947,2.3956877,1.710813,1.853520,0.0000000,2.176567,1.954549,2.205502,0.000000,2.235704,1.783540,2.169885,0.0000000,1.923754,2.050909,0.000000,0.000000,0.000000,1.982696,0.000000,2.417729,2.121579,0.000000,2.5246899,2.5857303,2.439898,1.857229,2.098989,1.9863678,0.000000,1.8589075,0.000000,0.000000,2.1450586,0.000000,2.388479,0.0000000,2.1178543,1.681595,0.000000,0.000000,0.000000,0.000000,2.293945,2.048002,1.688385,2.5023042,2.065248,0.000000,2.3998642,2.612944,0.000000,0.0000000
0.000000,0.000000,0.0000000,0.000000,0.0000000,0.000000,0.0000000,2.130077,0.000000,0.000000,0.0000000,2.2401628,2.199695,2.520066,2.260916,2.426392,0.000000,2.2577811,0.000000,1.962160,0.0000000,2.143913,1.993246,2.276509,1.960335,2.069891,0.000000,1.852115,2.2901631,0.000000,2.236914,0.000000,0.000000,0.000000,1.990831,0.000000,2.390320,0.000000,0.000000,0.0000000,0.0000000,1.904283,0.000000,0.000000,1.7264823,0.000000,0.0000000,0.000000,0.000000,1.8911265,1.753333,2.037886,0.0000000,0.0000000,2.197352,0.000000,1.797371,0.000000,0.000000,2.133903,0.000000,0.000000,2.1273406,1.991208,0.000000,0.0000000,2.343904,0.000000,0.0000000
0.000000,0.000000,0.0000000,0.000000,0.0000000,0.000000,0.0000000,2.066554,0.000000,2.020380,0.0000000,2.1629435,2.152511,2.471906,2.216742,2.405887,1.807374,2.3820336,1.841712,2.001438,0.0000000,2.216531,2.041811,2.253109,2.022847,2.253060,2.151113,2.083353,0.0000000,0.000000,2.095561,0.000000,0.000000,0.000000,1.959068,0.000000,2.470106,1.839022,0.000000,0.0000000,0.0000000,1.774130,1.584066,1.972430,0.0000000,0.000000,0.0000000,0.000000,0.000000,1.9269013,2.065134,2.100592,2.1534044,0.0000000,2.308444,0.000000,1.849484,1.632966,0.000000,2.152821,0.000000,0.000000,2.1782118,2.080327,0.000000,0.0000000,2.565117,1.982926,2.0493593
0.000000,0.000000,0.0000000,0.000000,0.0000000,0.000000,0.0000000,2.062070,1.874514,0.000000,0.0000000,2.1970993,2.070315,2.462283,2.194502,2.427746,1.864858,2.3590665,1.640871,1.963141,0.0000000,2.084748,2.022627,2.201715,1.909975,2.184313,0.000000,2.108328,2.1335866,0.000000,2.086648,0.000000,0.000000,1.608158,1.979622,0.000000,2.492931,0.000000,0.000000,0.0000000,0.0000000,0.000000,0.000000,1.938429,0.0000000,0.000000,1.5371204,0.000000,0.000000,0.0000000,2.071098,1.858172,0.0000000,0.0000000,2.194270,0.000000,0.000000,0.000000,0.000000,2.253108,0.000000,0.000000,2.1999401,2.046953,0.000000,0.0000000,2.563420,0.000000,2.0339191
1.482783,0.000000,0.0000000,0.000000,0.0000000,0.000000,0.0000000,2.062071,2.036102,0.000000,0.0000000,2.1023440,2.063033,2.449418,2.239397,2.337918,1.931947,2.4219942,1.793308,2.022856,1.7883580,2.120658,2.045769,2.212655,1.998115,2.204407,0.000000,2.149199,2.1510987,0.000000,0.000000,0.000000,1.840092,0.000000,1.910716,0.000000,2.482129,1.610613,0.000000,1.3839716,0.0000000,1.853188,0.000000,2.139312,0.0000000,0.000000,1.6757191,0.000000,0.000000,1.8971151,2.117024,2.035543,0.0000000,0.0000000,2.332601,0.000000,1.712857,1.717350,0.000000,2.328167,0.000000,1.996249,2.1808839,2.203182,0.000000,0.0000000,2.576631,1.931693,2.0970637
0.000000,2.050098,0.0000000,0.000000,0.0000000,0.000000,1.3870951,1.972270,1.866412,0.000000,1.6300500,2.1658907,2.107962,2.450682,2.189079,2.493652,0.000000,1.8959632,0.000000,1.958288,1.7106578,0.000000,2.038059,2.170504,0.000000,1.442579,1.470396,0.000000,0.0000000,0.000000,0.000000,0.000000,0.000000,2.028323,1.861831,0.000000,2.404527,0.000000,0.000000,0.0000000,0.0000000,0.000000,0.000000,1.575553,0.0000000,0.000000,0.0000000,0.000000,0.000000,1.9411395,1.903297,1.860072,0.0000000,0.0000000,2.216637,0.000000,0.000000,1.727981,0.000000,2.291742,1.596225,1.421802,2.0882653,2.056410,0.000000,0.0000000,2.512927,2.221038,1.6037820
0.000000,1.930346,0.0000000,0.000000,1.6466088,0.000000,0.0000000,1.856976,1.944947,0.000000,0.0000000,2.2709691,2.200764,2.457208,2.143892,2.458346,1.961765,2.3237412,0.000000,1.803881,1.9269013,1.980852,2.070936,2.237937,1.792036,2.085875,0.000000,2.164961,0.0000000,1.460215,1.714041,0.000000,0.000000,0.000000,1.815124,0.000000,2.395614,0.000000,0.000000,2.0648686,0.0000000,0.000000,0.000000,2.136744,0.0000000,0.000000,1.4383322,0.000000,0.000000,2.1282932,2.057983,1.715967,0.0000000,0.0000000,2.296753,0.000000,1.853822,1.763740,0.000000,1.966967,1.623721,0.000000,1.9238426,2.092154,1.574925,0.0000000,2.572202,0.000000,1.9462289
0.000000,1.616157,0.0000000,0.000000,0.0000000,0.000000,0.0000000,0.000000,1.949109,0.000000,0.0000000,2.1173398,2.257843,2.490585,2.184331,2.493471,0.000000,2.2398341,0.000000,1.939935,0.0000000,1.967232,1.916056,2.265488,1.983348,2.040878,0.000000,1.958985,2.0874095,0.000000,1.955346,0.000000,0.000000,0.000000,1.527957,0.000000,2.512060,0.000000,0.000000,0.0000000,0.0000000,0.000000,0.000000,2.200867,0.0000000,0.000000,0.0000000,0.000000,0.000000,0.0000000,0.000000,1.447372,0.0000000,0.0000000,1.964340,0.000000,1.630695,0.000000,0.000000,2.351162,0.000000,0.000000,2.0152110,2.044654,0.000000,0.0000000,2.592339,0.000000,0.0000000
1.587105,0.000000,0.0000000,0.000000,0.0000000,0.000000,0.0000000,1.876094,1.708130,0.000000,0.0000000,2.1691328,2.290721,2.450911,2.188399,2.430165,1.982766,2.3334757,1.414602,1.995323,1.4702344,2.068596,2.105806,2.236733,1.934516,2.146679,2.092240,2.069859,0.0000000,0.000000,1.891993,0.000000,0.000000,1.849773,1.985306,0.000000,2.430646,2.071389,0.000000,0.0000000,0.0000000,0.000000,1.644581,0.000000,0.0000000,0.000000,1.6073436,0.000000,0.000000,1.9423949,0.000000,2.084130,1.6156287,0.0000000,2.357186,0.000000,0.000000,1.829099,0.000000,2.276200,0.000000,0.000000,1.9579671,2.025678,1.914777,0.0000000,2.612683,1.582655,1.9933037
0.000000,1.995434,0.0000000,0.000000,0.0000000,0.000000,1.6630838,1.992469,1.881866,0.000000,0.0000000,2.2187750,2.266941,2.463630,2.049556,2.446773,2.065119,2.4133776,0.000000,1.813631,0.0000000,2.123939,2.067676,2.199825,1.973139,2.251674,0.000000,2.189438,0.0000000,0.000000,0.000000,0.000000,0.000000,0.000000,2.003983,0.000000,2.452075,1.719070,0.000000,0.0000000,0.0000000,0.000000,0.000000,0.000000,0.0000000,1.944947,1.6867376,0.000000,0.000000,0.0000000,2.222775,2.023312,0.0000000,0.0000000,2.401072,0.000000,0.000000,1.673464,0.000000,2.172318,0.000000,0.000000,2.0228203,1.716903,0.000000,0.0000000,2.550303,2.046022,1.8886035
1.988766,1.854159,0.0000000,1.930069,0.0000000,0.000000,0.0000000,2.021023,2.004643,0.000000,1.7761342,2.1358645,2.246616,2.454124,2.256986,2.426567,1.563262,2.3012485,1.686397,1.929675,0.0000000,2.064824,1.982127,2.254873,0.000000,2.083544,0.000000,2.012997,2.1305619,1.852406,2.081229,0.000000,1.741821,1.688340,1.751670,0.000000,2.407643,1.851940,0.000000,0.0000000,0.0000000,1.754833,2.002389,2.152236,0.0000000,1.765918,1.6035545,0.000000,0.000000,1.9209893,0.000000,1.949102,0.0000000,1.4742230,2.295749,2.018878,1.887072,0.000000,0.000000,1.962959,0.000000,0.000000,2.0734562,2.034446,0.000000,0.0000000,2.578326,0.000000,1.7423102
0.000000,1.648669,0.0000000,0.000000,0.0000000,0.000000,0.0000000,2.044018,2.090030,0.000000,0.0000000,2.1523277,2.139877,2.461174,2.251392,2.430581,1.799152,2.2900794,0.000000,2.012658,0.0000000,2.108583,2.053493,2.215028,2.029202,2.146884,0.000000,2.062535,2.1774011,0.000000,2.054785,0.000000,1.804272,0.000000,1.882157,0.000000,2.470827,0.000000,0.000000,0.0000000,0.0000000,1.928114,0.000000,2.216792,0.0000000,0.000000,1.6142465,0.000000,0.000000,2.0481875,1.629759,1.842558,0.0000000,0.0000000,2.392485,0.000000,1.829357,1.692396,0.000000,2.313866,1.687010,1.804714,2.0962632,2.236314,0.000000,0.0000000,2.613101,0.000000,0.0000000
0.000000,1.648409,0.0000000,0.000000,2.2404873,0.000000,1.7219489,2.010101,1.989436,0.000000,0.0000000,2.1448058,2.092918,2.466667,2.238679,2.441730,1.786285,2.3518188,0.000000,1.993836,1.8064357,2.049455,2.059227,2.168787,1.990144,2.124246,1.938395,1.959351,2.1438191,0.000000,2.099981,0.000000,0.000000,0.000000,1.858137,0.000000,2.435746,1.848359,0.000000,0.0000000,0.0000000,1.853901,0.000000,2.187828,0.0000000,0.000000,1.7331961,0.000000,1.808746,2.0899055,1.737294,2.027357,0.0000000,0.0000000,2.204883,0.000000,1.642946,1.827366,0.000000,2.180205,0.000000,0.000000,2.1366921,2.161840,0.000000,0.0000000,2.494762,0.000000,0.0000000
0.000000,1.697961,0.0000000,0.000000,0.0000000,0.000000,0.0000000,2.023592,0.000000,0.000000,0.0000000,2.1279691,2.066104,2.453605,2.179848,2.514432,1.674645,2.1951023,0.000000,0.000000,2.0445609,2.059983,1.785477,2.094970,2.019710,2.069916,0.000000,1.929441,2.1054004,0.000000,0.000000,0.000000,0.000000,2.066306,1.974627,0.000000,2.520504,1.857607,0.000000,2.0092864,0.0000000,0.000000,1.920540,0.000000,0.0000000,0.000000,1.8872844,0.000000,0.000000,2.1510969,2.158556,2.249594,0.0000000,0.0000000,2.409512,0.000000,1.694288,2.220723,0.000000,2.096217,0.000000,1.737782,2.2391465,2.106077,0.000000,0.0000000,2.546467,2.254363,0.0000000
0.000000,1.786471,0.0000000,0.000000,0.0000000,0.000000,0.0000000,2.001490,2.037152,0.000000,0.0000000,2.1252824,2.119028,2.472382,2.288397,2.424331,0.000000,2.2933404,0.000000,2.067763,0.0000000,2.087496,2.090799,2.226489,1.966353,2.116177,0.000000,1.979743,2.1606435,0.000000,2.079698,0.000000,1.949777,1.905466,1.929719,0.000000,2.439827,1.836907,0.000000,0.0000000,0.0000000,1.780122,0.000000,2.228733,0.0000000,0.000000,1.5678631,0.000000,1.778690,2.0345255,0.000000,0.000000,0.0000000,0.0000000,2.375689,0.000000,1.552299,1.716586,0.000000,2.200547,0.000000,1.434671,2.1042551,2.236526,0.000000,0.0000000,2.604253,0.000000,0.0000000
0.000000,0.000000,0.0000000,0.000000,0.0000000,0.000000,1.9979421,2.061492,1.941584,0.000000,0.0000000,2.1052942,2.167710,2.483534,2.226229,2.429228,0.000000,2.2419958,0.000000,2.005479,0.0000000,2.059272,1.989384,2.234484,1.933097,2.094776,0.000000,1.872747,2.1519380,0.000000,2.096075,0.000000,1.881446,0.000000,1.987562,0.000000,2.489837,0.000000,0.000000,0.0000000,0.0000000,1.879520,0.000000,2.097196,1.7012401,0.000000,0.0000000,0.000000,0.000000,1.9138909,0.000000,2.190892,0.0000000,0.0000000,2.299749,0.000000,0.000000,1.555646,0.000000,2.239761,1.686874,0.000000,2.0540298,2.214667,0.000000,0.0000000,2.539107,1.916159,0.0000000
1.606339,0.000000,1.6050654,0.000000,0.0000000,0.000000,0.0000000,2.017664,2.070687,0.000000,0.0000000,2.1555558,2.262023,2.451201,2.249034,2.453126,1.718997,2.2142682,1.717164,1.853469,0.0000000,2.004501,1.971088,2.227844,1.834635,2.072402,0.000000,1.969822,2.1115941,0.000000,1.948000,0.000000,0.000000,0.000000,1.993412,0.000000,2.462407,1.906739,1.645730,0.0000000,0.0000000,1.759732,1.724685,2.153141,0.0000000,1.598899,1.7846536,0.000000,0.000000,1.9953514,0.000000,2.162515,0.0000000,1.8642810,2.286078,0.000000,1.830060,0.000000,0.000000,2.233788,1.711607,0.000000,2.0253227,2.110338,0.000000,0.0000000,2.601470,0.000000,0.0000000
0.000000,1.953277,0.0000000,0.000000,2.1402597,0.000000,0.0000000,2.001042,2.049288,1.922119,0.0000000,2.0141445,2.102164,2.466890,2.238103,2.429833,1.701859,2.2722578,0.000000,1.962430,0.0000000,2.058289,1.981062,2.329313,1.994707,2.120477,0.000000,1.971178,2.1435519,0.000000,2.047209,0.000000,1.729259,2.218401,1.891723,0.000000,2.479669,2.059542,0.000000,2.1971385,0.0000000,1.804570,1.989172,2.169370,0.0000000,0.000000,1.7369184,0.000000,0.000000,1.7072779,0.000000,2.144711,0.0000000,0.0000000,2.068491,0.000000,0.000000,2.268760,0.000000,2.217704,0.000000,1.451958,2.1912981,2.085108,0.000000,0.0000000,2.635175,1.978099,0.0000000
0.000000,1.819851,0.0000000,0.000000,0.0000000,0.000000,0.0000000,2.156663,1.907585,0.000000,1.9721064,2.1582551,2.191438,2.438400,2.200006,2.412146,0.000000,2.1834597,0.000000,1.964663,1.6862150,2.007214,2.026549,2.245462,1.910440,1.995210,0.000000,1.862142,2.0854338,0.000000,1.976959,0.000000,0.000000,0.000000,2.017887,0.000000,2.480892,1.766655,0.000000,0.0000000,0.0000000,1.947431,0.000000,2.133103,1.7190336,0.000000,1.6055535,0.000000,0.000000,2.0925974,0.000000,1.967346,0.0000000,1.6366722,2.290123,0.000000,0.000000,1.827252,0.000000,2.261323,1.803984,1.781347,2.0681887,2.057880,1.746827,0.0000000,2.551956,1.890925,1.5516835
0.000000,1.518050,0.0000000,0.000000,0.0000000,0.000000,0.0000000,2.035231,1.722902,0.000000,0.0000000,2.1919288,2.155906,2.488763,2.168331,2.434902,1.722165,2.3941984,0.000000,2.035477,0.0000000,2.133789,2.049941,2.228291,1.751419,2.181737,0.000000,2.129589,2.1758676,0.000000,2.080378,0.000000,0.000000,0.000000,2.030693,0.000000,2.506340,1.960864,0.000000,0.0000000,0.0000000,0.000000,0.000000,0.000000,0.0000000,0.000000,1.7010954,0.000000,0.000000,2.1286867,1.950837,1.986587,0.0000000,0.0000000,2.186515,0.000000,0.000000,0.000000,0.000000,2.144849,1.592133,0.000000,2.0961476,2.106899,0.000000,0.0000000,2.534112,2.019423,0.0000000
0.000000,1.865242,0.0000000,0.000000,0.0000000,0.000000,0.0000000,1.997337,2.082274,0.000000,0.0000000,2.1256133,2.155829,2.482683,2.268965,2.406258,0.000000,2.1949491,1.504911,1.929037,1.4070140,2.159183,2.009729,2.169155,1.903292,1.944045,1.176448,1.789663,2.1901843,1.633347,2.110038,0.000000,1.888526,0.000000,1.895412,0.000000,2.388030,1.850475,0.000000,0.0000000,0.0000000,1.513648,0.000000,2.133986,1.7569178,0.000000,0.0000000,0.000000,0.000000,2.0931857,1.802680,2.044992,1.8563287,0.0000000,2.028031,1.471920,0.000000,1.638310,0.000000,2.179289,1.721642,0.000000,2.0737673,2.093317,0.000000,1.4507991,2.509850,1.853685,0.0000000
0.000000,1.909443,1.9094384,1.659243,1.8366057,0.000000,0.0000000,2.021704,0.000000,0.000000,2.1560707,1.7323899,2.132517,2.451682,2.259557,2.436184,1.670926,2.2570857,0.000000,1.847473,1.7531281,0.000000,1.956278,2.178491,1.781419,2.196196,0.000000,2.174292,1.9655758,0.000000,2.012468,1.758325,0.000000,0.000000,1.886054,0.000000,2.418221,2.046672,1.683343,2.1816016,1.8967254,1.736280,0.000000,2.057123,1.8522679,0.000000,2.1094829,0.000000,0.000000,1.9768678,0.000000,2.398160,0.0000000,0.0000000,2.157806,0.000000,0.000000,0.000000,0.000000,2.202862,2.113433,0.000000,2.1127581,2.141388,0.000000,2.1430515,2.638174,0.000000,0.0000000
0.000000,1.788783,0.0000000,0.000000,0.0000000,0.000000,1.8204020,2.071202,2.017936,1.893543,0.0000000,2.1643640,2.229116,2.455931,2.201500,2.437422,1.789697,2.3422036,0.000000,1.906908,1.6759137,2.059175,2.058554,2.247399,1.882564,2.174677,0.000000,2.073710,2.1506832,0.000000,2.057804,0.000000,1.921549,0.000000,1.973957,0.000000,2.501159,1.775633,0.000000,0.0000000,0.0000000,0.000000,0.000000,2.201660,1.7111235,0.000000,1.7856414,0.000000,0.000000,2.0175860,1.941822,2.033347,0.0000000,1.8225127,2.372306,0.000000,0.000000,0.000000,0.000000,2.294703,1.737229,1.559324,2.0775722,2.161539,1.945875,0.0000000,2.590918,0.000000,1.6755487
0.000000,1.847473,0.0000000,0.000000,0.0000000,0.000000,0.0000000,2.095273,1.991046,0.000000,0.0000000,2.1827615,2.198027,2.477447,2.241270,2.470634,0.000000,2.2614384,0.000000,1.961603,1.6693881,2.075453,2.004374,2.308499,2.021200,2.083664,1.623889,2.021778,2.2061998,1.711858,2.086051,0.000000,0.000000,0.000000,1.925722,0.000000,2.494927,1.899908,0.000000,0.0000000,0.0000000,2.012785,0.000000,1.982625,1.8655717,0.000000,1.7212616,0.000000,0.000000,1.7974361,2.183184,2.028952,0.0000000,0.0000000,2.000537,0.000000,0.000000,0.000000,0.000000,2.230211,0.000000,1.644166,2.1574213,2.139508,0.000000,0.0000000,2.539900,1.844811,1.8738227
0.000000,1.945584,0.0000000,0.000000,0.0000000,0.000000,0.0000000,1.973057,1.965267,0.000000,0.0000000,1.9053003,2.157985,2.504080,2.203935,2.440852,0.000000,2.2450593,0.000000,2.070145,0.0000000,2.067828,2.027220,2.361368,1.920523,2.045139,0.000000,1.893175,2.1328862,0.000000,2.030416,0.000000,0.000000,1.985419,1.921995,0.000000,2.495747,2.007338,0.000000,0.0000000,1.8215432,1.673365,0.000000,2.154211,1.7837539,0.000000,1.7809359,0.000000,0.000000,1.8875805,0.000000,2.161327,1.6271137,0.0000000,2.361171,0.000000,0.000000,1.996502,0.000000,2.287406,1.750153,1.430144,2.0844086,1.911624,0.000000,0.0000000,2.639821,0.000000,0.0000000
0.000000,0.000000,0.0000000,0.000000,0.0000000,0.000000,0.0000000,2.088937,2.079029,0.000000,0.0000000,1.6645529,1.994681,2.512380,2.253888,2.463099,0.000000,2.2912992,0.000000,0.000000,0.0000000,2.198654,2.143933,2.225933,1.989167,2.202157,0.000000,1.963350,2.3845964,0.000000,2.312487,0.000000,0.000000,0.000000,0.000000,0.000000,2.431137,1.706521,0.000000,1.7277902,0.0000000,1.871801,0.000000,1.894664,1.7537276,0.000000,0.0000000,0.000000,0.000000,1.8971878,0.000000,1.916704,0.0000000,0.0000000,2.338282,0.000000,0.000000,0.000000,0.000000,2.292347,0.000000,0.000000,2.0426981,2.070162,0.000000,0.0000000,2.651713,0.000000,0.0000000
0.000000,1.916896,0.0000000,0.000000,0.0000000,0.000000,1.7007227,2.005973,2.000573,0.000000,0.0000000,2.1172068,2.101791,2.435640,2.209719,2.353877,0.000000,2.2199123,0.000000,1.845882,0.0000000,1.942041,1.969187,2.191057,0.000000,2.122759,0.000000,1.900106,2.2545808,0.000000,2.039993,0.000000,0.000000,1.927021,1.902114,0.000000,2.383618,0.000000,0.000000,0.0000000,0.0000000,1.529595,1.860483,2.077533,1.7257977,0.000000,0.0000000,0.000000,0.000000,1.9386429,0.000000,2.035846,0.0000000,0.0000000,2.227456,0.000000,1.815552,0.000000,0.000000,2.267669,0.000000,0.000000,1.9036873,2.138701,0.000000,0.0000000,2.603525,0.000000,1.8889408
0.000000,1.948542,1.7730725,0.000000,0.0000000,0.000000,1.7917559,2.089747,0.000000,0.000000,1.6440477,2.1910712,2.137078,2.498533,2.262853,2.416763,1.806941,2.2737286,0.000000,2.051030,0.0000000,2.087314,2.006547,2.238968,2.165489,2.138167,1.513521,2.071817,2.1733494,0.000000,2.032834,0.000000,0.000000,1.552504,2.006261,0.000000,2.477871,1.620394,0.000000,0.0000000,0.0000000,1.930662,1.943922,1.817391,1.8694221,1.681149,1.9066478,0.000000,0.000000,1.8826564,0.000000,2.036526,1.4744596,0.0000000,1.996922,1.945414,0.000000,1.785019,0.000000,2.270187,1.696114,0.000000,2.2305056,2.005358,1.762095,0.0000000,2.526838,2.114600,2.0525352
0.000000,1.606637,0.0000000,0.000000,2.1813471,0.000000,1.5319096,2.137421,1.676859,0.000000,0.0000000,2.1788904,2.188922,2.452356,2.243945,2.407526,1.911010,2.3892041,1.432520,1.905388,1.7061412,2.123614,1.996120,2.206727,1.881498,2.194498,0.000000,2.100854,2.1572857,0.000000,2.017060,0.000000,0.000000,1.579535,2.019983,0.000000,2.503025,1.946631,0.000000,0.0000000,0.0000000,1.931749,0.000000,1.749764,0.0000000,1.891690,1.6554175,0.000000,0.000000,2.1071651,2.018764,2.077142,0.0000000,0.0000000,2.080773,0.000000,0.000000,1.578218,0.000000,2.310646,1.793508,1.796950,1.9464336,2.033965,0.000000,0.0000000,2.515415,1.828122,2.0388875
0.000000,1.996169,0.0000000,0.000000,0.0000000,0.000000,1.7790957,2.143951,2.071791,0.000000,0.0000000,2.1676629,2.154556,2.456493,2.229495,2.473354,0.000000,2.2621407,0.000000,2.065995,0.0000000,2.038248,2.104446,2.284594,2.015231,2.112072,0.000000,0.000000,2.1400530,0.000000,2.083565,0.000000,0.000000,0.000000,2.137668,0.000000,2.497010,0.000000,0.000000,0.0000000,0.0000000,1.931958,0.000000,2.127159,1.8388059,0.000000,1.8625203,0.000000,0.000000,1.9082199,1.755411,1.976166,1.5905420,0.0000000,2.299611,0.000000,0.000000,1.921467,0.000000,2.283571,0.000000,0.000000,2.1685665,1.947312,0.000000,0.0000000,2.535639,0.000000,1.6635838
0.000000,1.787215,1.5810586,0.000000,2.2052597,0.000000,0.0000000,2.066540,0.000000,0.000000,0.0000000,2.1786501,2.165991,2.455696,2.200629,2.385846,0.000000,2.2000807,0.000000,2.009019,0.0000000,2.011676,1.944066,2.301068,2.099301,2.060044,0.000000,1.970489,2.1220469,0.000000,2.064324,0.000000,0.000000,1.683737,1.982625,0.000000,2.490789,1.857614,0.000000,0.0000000,0.0000000,1.992759,1.641445,1.944708,0.0000000,0.000000,1.7670554,0.000000,0.000000,1.8634404,0.000000,2.027907,0.0000000,0.0000000,2.220639,1.912059,1.918393,1.467636,0.000000,2.215272,1.799684,0.000000,2.1894258,1.873258,0.000000,0.0000000,2.500914,1.886353,1.5166153
0.000000,1.817671,0.0000000,0.000000,0.0000000,0.000000,0.0000000,1.629142,0.000000,0.000000,0.0000000,1.9579349,2.241783,2.456236,2.237703,2.412087,0.000000,2.2605355,1.625559,1.890003,1.5789214,1.994754,1.926518,2.292064,0.000000,2.040308,1.695601,1.992185,2.1517007,0.000000,2.052822,0.000000,0.000000,0.000000,1.715686,0.000000,2.249909,0.000000,0.000000,0.0000000,0.0000000,1.972644,0.000000,0.000000,1.8123942,1.545354,2.0008124,0.000000,0.000000,0.0000000,0.000000,1.515359,2.0041103,0.0000000,1.658729,0.000000,1.981102,0.000000,0.000000,2.064499,0.000000,0.000000,1.9275543,1.990558,0.000000,0.0000000,2.298382,0.000000,0.0000000
2.117823,1.932975,1.7259384,0.000000,0.0000000,0.000000,1.6809607,1.988103,1.882227,0.000000,1.5943520,2.0039059,1.990816,2.504361,2.268445,2.425826,1.649446,2.3448898,1.894796,1.991453,1.7596484,2.223636,2.102803,2.121275,1.933359,2.158578,1.869063,2.017042,0.0000000,1.475795,2.150418,1.263688,1.923000,0.000000,1.836304,0.000000,2.427707,1.968038,0.000000,1.9911322,1.5536759,1.880513,1.478668,2.251756,1.6466088,0.000000,1.8771737,0.000000,0.000000,1.9607602,1.950959,2.082531,1.4845086,1.3917513,2.273869,1.180022,0.000000,1.840473,0.000000,2.227256,0.000000,1.335087,2.1523642,2.213628,0.000000,0.0000000,2.586677,2.246673,1.4785139
0.000000,1.790447,0.0000000,0.000000,0.0000000,0.000000,0.0000000,0.000000,0.000000,0.000000,1.8414603,2.0693039,2.208473,2.475437,2.211686,2.402817,0.000000,2.2726559,1.841940,1.928802,1.5131383,2.133107,2.030858,2.259308,1.796690,2.011795,1.995136,1.879964,0.0000000,0.000000,1.983978,0.000000,1.850879,0.000000,1.867430,0.000000,2.382309,1.834154,0.000000,0.0000000,0.0000000,1.862904,0.000000,1.894568,1.4382367,1.329904,1.6706747,0.000000,1.769710,2.0367554,0.000000,2.168235,0.0000000,0.0000000,0.000000,0.000000,0.000000,1.776946,0.000000,2.150741,1.576535,0.000000,2.1053698,1.948389,0.000000,0.0000000,2.512511,1.927358,1.7139836
0.000000,0.000000,1.7365258,0.000000,0.0000000,0.000000,0.0000000,2.016313,1.823995,0.000000,0.0000000,2.0552226,2.132068,2.477605,2.218124,2.379248,1.663005,2.1597551,0.000000,1.850232,1.9034502,2.101426,1.958060,2.223810,0.000000,1.982227,1.691936,2.188373,0.0000000,0.000000,0.000000,1.524935,0.000000,0.000000,1.884686,0.000000,2.460406,2.010151,0.000000,1.5891424,0.0000000,1.954096,1.782669,2.027762,0.0000000,0.000000,1.8547675,0.000000,0.000000,2.0660851,2.109964,1.928643,0.0000000,1.6949134,2.321557,0.000000,0.000000,2.009702,0.000000,2.201625,0.000000,1.771038,1.9884786,1.942420,0.000000,0.0000000,2.614360,0.000000,1.6221680
0.000000,1.881212,0.0000000,0.000000,0.0000000,0.000000,0.0000000,2.100598,0.000000,0.000000,0.0000000,2.1499314,2.126711,2.469593,2.277163,2.390413,1.924775,2.3180506,1.719877,1.885005,1.7594099,2.127736,2.066405,2.199183,0.000000,2.095608,1.710444,2.097106,0.0000000,0.000000,1.711916,0.000000,0.000000,0.000000,1.919274,0.000000,2.426392,1.954281,0.000000,0.0000000,0.0000000,1.909136,1.616052,2.231111,0.0000000,1.421698,1.7084457,0.000000,0.000000,1.9297795,1.923289,1.910930,2.0361723,1.4327162,2.289182,0.000000,1.715460,0.000000,0.000000,2.222248,0.000000,0.000000,2.0139850,2.107595,0.000000,0.0000000,2.563076,1.854023,0.0000000
0.000000,2.231584,0.0000000,1.815191,0.0000000,0.000000,2.3844923,2.023752,1.964961,0.000000,0.0000000,2.0829936,2.100041,2.462193,2.207771,2.403019,2.023069,2.4160819,1.752732,1.985724,1.7786165,2.221145,2.072685,2.232121,1.883246,2.271771,1.841263,0.000000,0.0000000,0.000000,2.094172,0.000000,0.000000,1.610176,1.896850,0.000000,2.458811,1.914260,0.000000,0.0000000,0.0000000,1.968121,0.000000,2.162151,0.0000000,0.000000,1.8740454,0.000000,0.000000,2.0087364,2.066144,2.035583,0.0000000,0.0000000,2.318522,0.000000,0.000000,1.971823,0.000000,2.213674,0.000000,1.889106,2.0720242,2.062844,0.000000,1.5648410,2.624390,1.795732,0.0000000
1.855451,1.896267,0.0000000,2.227179,0.0000000,0.000000,0.0000000,0.000000,1.905534,0.000000,0.0000000,1.9355662,2.095481,2.475489,2.235176,2.399007,2.027083,2.3802490,0.000000,1.919405,1.8220152,2.127120,1.968354,2.322059,0.000000,2.229089,0.000000,2.169991,0.0000000,0.000000,0.000000,0.000000,0.000000,2.078691,0.000000,0.000000,2.357970,1.813198,0.000000,2.4509070,2.2143222,0.000000,1.881633,1.778813,0.0000000,0.000000,1.9251141,0.000000,0.000000,2.2863373,0.000000,2.201186,0.0000000,0.0000000,2.234223,2.071166,0.000000,2.216412,0.000000,2.103028,2.099640,0.000000,2.3569908,2.064351,0.000000,2.0938610,2.558342,0.000000,0.0000000
0.000000,0.000000,0.0000000,0.000000,2.2016263,1.906831,0.0000000,0.000000,2.154562,0.000000,1.9453249,1.9150933,2.198923,2.468956,2.240340,2.441873,1.957539,2.3535956,0.000000,0.000000,1.9170385,2.081973,1.969688,2.251119,0.000000,2.195632,1.990968,0.000000,2.1137332,0.000000,1.973711,0.000000,2.060058,2.206901,0.000000,0.000000,2.366355,1.777938,0.000000,0.0000000,2.1317146,0.000000,0.000000,2.166412,0.0000000,1.603175,1.7927965,0.000000,0.000000,2.2039538,0.000000,1.999910,0.0000000,0.0000000,0.000000,2.125028,0.000000,2.247627,1.762205,2.044367,0.000000,0.000000,2.3528727,2.007413,0.000000,0.0000000,2.528503,2.000324,0.0000000
0.000000,2.139190,2.1966149,0.000000,0.0000000,0.000000,0.0000000,0.000000,0.000000,0.000000,2.0789820,2.1292222,2.114004,2.461155,2.236198,2.408766,1.985134,2.3196601,1.812588,1.895811,2.0625491,2.244561,2.117466,2.289358,0.000000,2.180758,2.069762,2.093309,0.0000000,0.000000,1.825124,0.000000,0.000000,2.168435,0.000000,2.045177,2.429515,2.015616,1.955024,2.1110813,2.0015327,0.000000,1.937368,2.107131,0.0000000,1.997799,0.0000000,0.000000,0.000000,2.2461549,2.175559,2.198695,0.0000000,0.0000000,1.968873,2.082467,2.269690,2.318171,1.833763,0.000000,1.818594,1.820182,2.4047098,2.139823,0.000000,0.0000000,2.512450,0.000000,0.0000000
0.000000,1.798222,1.6692867,0.000000,2.0701792,0.000000,0.0000000,1.720735,1.752923,0.000000,0.0000000,2.0703191,2.159710,2.447887,2.253575,2.374013,1.883770,2.3801746,1.753362,1.992658,1.4809656,2.194243,2.104398,2.213622,0.000000,2.171116,1.930250,2.087347,0.0000000,0.000000,1.705821,0.000000,0.000000,1.984662,1.785841,0.000000,2.372213,1.995736,0.000000,1.9086717,1.9206870,1.722920,1.861973,2.234712,0.0000000,0.000000,0.0000000,0.000000,1.722777,2.1077893,2.035818,1.960275,0.0000000,0.0000000,1.999890,1.939949,0.000000,1.946130,1.780220,1.826140,0.000000,0.000000,2.0632995,1.916285,0.000000,0.0000000,2.511883,0.000000,0.0000000
0.000000,1.953047,1.8158648,0.000000,0.0000000,0.000000,0.0000000,0.000000,1.725251,0.000000,0.0000000,2.0538196,2.096822,2.439186,2.241946,2.372059,1.935689,2.3908092,1.887837,2.001914,1.9658655,2.255745,2.039814,2.240641,1.891083,2.226640,2.014042,2.112175,1.5482591,0.000000,1.441080,1.379258,0.000000,1.921866,1.834254,0.000000,2.329293,0.000000,0.000000,0.0000000,0.0000000,1.740071,1.446642,1.964178,0.0000000,0.000000,1.6353941,0.000000,1.744081,2.0965544,1.975769,2.033598,2.0102308,1.5469444,1.922230,0.000000,1.827662,2.130588,0.000000,2.036622,0.000000,1.842854,2.1321615,1.971489,0.000000,0.0000000,2.538928,1.847947,1.6606136
0.000000,1.618948,1.8483813,0.000000,0.0000000,0.000000,0.0000000,0.000000,2.079521,0.000000,0.0000000,2.0562671,2.130956,2.453519,2.240775,2.351906,1.868684,2.2935778,0.000000,1.916887,2.0881042,2.041566,1.929614,2.234167,0.000000,2.084460,0.000000,2.143970,2.0500866,0.000000,0.000000,0.000000,1.941906,0.000000,0.000000,0.000000,2.418061,1.534874,0.000000,0.0000000,0.0000000,0.000000,0.000000,2.195965,0.0000000,1.488716,0.0000000,0.000000,0.000000,2.1208660,2.224123,1.543909,0.0000000,1.5553442,2.279913,0.000000,1.621624,1.856702,0.000000,1.775041,0.000000,1.888531,2.0149267,2.062408,0.000000,0.0000000,2.548961,1.740598,0.0000000
0.000000,1.988040,0.0000000,0.000000,0.0000000,0.000000,0.0000000,0.000000,1.814437,0.000000,1.7730086,2.1057912,2.166951,2.445230,2.213774,2.385323,1.936390,2.3253060,1.727268,1.869082,1.6316268,2.153831,2.003628,2.217034,0.000000,2.167118,0.000000,2.126564,0.0000000,0.000000,1.711762,0.000000,2.013335,1.606339,1.836532,0.000000,2.404320,1.919169,0.000000,0.0000000,0.0000000,1.671702,0.000000,1.989795,0.0000000,0.000000,0.0000000,0.000000,0.000000,2.0882295,0.000000,1.867546,0.0000000,1.5550925,2.214312,0.000000,1.539229,1.885646,0.000000,2.187196,0.000000,0.000000,1.9950319,2.041131,1.635238,0.0000000,2.523915,1.855848,0.0000000
0.000000,1.930258,0.0000000,0.000000,2.0066783,0.000000,0.0000000,1.794106,1.930173,0.000000,0.0000000,2.0810739,2.161350,2.427566,2.206640,2.415241,1.909060,2.3447976,1.626520,1.702987,1.6190171,2.141407,2.037667,2.229389,0.000000,2.197879,1.974745,2.111920,0.0000000,0.000000,0.000000,0.000000,0.000000,0.000000,0.000000,0.000000,2.408568,1.947490,0.000000,2.3578101,2.3101327,0.000000,0.000000,2.025802,0.0000000,0.000000,0.0000000,0.000000,0.000000,2.0799858,0.000000,1.968841,2.0486724,1.4845833,1.887066,1.876350,1.781986,2.098833,1.840536,2.245052,0.000000,0.000000,2.0100179,1.956197,0.000000,0.0000000,2.490507,2.018363,1.9452609
0.000000,1.910734,1.6931164,0.000000,0.0000000,0.000000,0.0000000,0.000000,1.716118,0.000000,0.0000000,2.0909561,2.194471,2.432278,2.214291,2.410420,1.984662,2.3810573,0.000000,1.772329,1.7769830,2.150016,2.018940,2.262359,0.000000,2.213790,1.931804,2.132110,0.0000000,0.000000,0.000000,0.000000,0.000000,1.875802,1.771323,0.000000,2.449733,1.986085,0.000000,1.7084260,0.0000000,0.000000,2.004942,1.918454,0.0000000,1.928582,0.0000000,0.000000,0.000000,0.0000000,2.185854,2.061214,2.0006022,1.9136308,1.929663,1.793841,0.000000,1.881965,1.939249,2.109446,0.000000,0.000000,1.9452466,2.082314,0.000000,0.0000000,2.511698,1.697602,0.0000000
0.000000,0.000000,0.0000000,0.000000,0.0000000,0.000000,0.0000000,0.000000,0.000000,0.000000,0.0000000,1.9108884,2.156524,2.456181,2.241757,2.413328,2.038271,2.3804143,1.776422,1.915684,0.0000000,2.225721,2.065649,2.280690,0.000000,2.229526,1.963679,2.177490,0.0000000,0.000000,1.617768,0.000000,0.000000,0.000000,0.000000,0.000000,2.389208,1.896094,0.000000,0.0000000,0.0000000,0.000000,1.628393,1.977390,0.0000000,1.881802,0.0000000,0.000000,0.000000,2.1722870,2.235628,0.000000,0.0000000,0.0000000,2.010913,0.000000,1.855088,1.674841,0.000000,1.788852,0.000000,1.962903,0.0000000,2.032015,0.000000,0.0000000,2.189126,0.000000,0.0000000
0.000000,0.000000,1.8072436,0.000000,0.0000000,0.000000,0.0000000,0.000000,0.000000,0.000000,0.0000000,1.5524525,2.132627,2.503832,2.363337,2.360940,1.919663,2.4489598,1.953110,2.114785,2.1029698,1.945659,2.205005,2.227319,2.129847,2.223518,1.928355,2.066995,2.3644954,0.000000,2.291904,1.938037,0.000000,0.000000,1.880147,0.000000,2.222253,0.000000,0.000000,0.0000000,0.0000000,0.000000,2.135438,0.000000,0.0000000,0.000000,0.0000000,0.000000,0.000000,0.0000000,2.244044,2.064156,0.0000000,0.0000000,2.086248,1.926905,0.000000,0.000000,0.000000,2.110969,0.000000,0.000000,2.2750062,2.180241,0.000000,0.0000000,2.470571,0.000000,0.0000000
0.000000,1.875025,1.9617273,1.504309,1.8324670,0.000000,0.0000000,0.000000,1.997360,0.000000,0.0000000,0.0000000,1.774675,2.476830,2.307412,2.336735,1.856604,2.4197747,2.023545,1.992515,2.0446370,2.293884,2.055153,2.253860,1.759016,2.201404,1.812850,1.959637,0.0000000,1.780317,2.180935,1.578262,0.000000,1.761002,1.936233,0.000000,2.184814,0.000000,0.000000,0.0000000,0.0000000,0.000000,2.039726,2.183089,0.0000000,0.000000,1.5048445,0.000000,0.000000,0.0000000,2.262600,2.211024,0.0000000,1.5805811,1.670825,0.000000,0.000000,1.396774,0.000000,1.892800,0.000000,1.798714,2.1890719,1.893308,0.000000,1.3833410,2.325598,0.000000,0.0000000
0.000000,1.933222,1.8160068,1.847405,2.0935876,0.000000,0.0000000,0.000000,0.000000,1.932113,1.7804507,1.7211346,0.000000,2.471582,2.292211,2.311696,2.054404,2.4133776,1.919663,1.925160,2.0429976,2.261228,2.068851,2.231539,1.520272,2.226913,1.845072,0.000000,0.0000000,0.000000,1.959956,1.669464,2.042602,0.000000,1.838958,0.000000,2.184466,0.000000,0.000000,0.0000000,0.0000000,0.000000,2.049127,1.974854,0.0000000,0.000000,1.8113712,0.000000,0.000000,1.3745624,2.220249,2.129126,1.5328269,1.6471336,0.000000,0.000000,0.000000,1.588106,0.000000,1.822738,0.000000,1.820430,2.1907668,1.882395,0.000000,0.0000000,2.115266,0.000000,0.0000000
0.000000,1.816375,1.7767713,2.114385,1.9704161,0.000000,1.9085767,0.000000,0.000000,0.000000,0.0000000,0.0000000,1.675061,2.436251,2.211582,2.289158,2.028399,2.3797956,1.923534,1.826824,1.9220502,2.180460,2.003545,2.246113,1.694870,2.180064,1.356928,2.059959,0.0000000,0.000000,1.275846,2.058337,0.000000,0.000000,2.065948,0.000000,2.388068,0.000000,0.000000,0.0000000,0.0000000,0.000000,2.024158,1.965428,0.0000000,0.000000,0.0000000,0.000000,0.000000,0.0000000,0.000000,2.154807,2.0378733,0.0000000,0.000000,0.000000,1.934745,2.005275,0.000000,1.964492,1.581362,1.711472,2.1791191,1.688520,0.000000,0.0000000,2.127225,0.000000,0.0000000
0.000000,1.984564,2.0109336,0.000000,1.8561028,0.000000,0.0000000,0.000000,2.069838,0.000000,0.0000000,1.6861922,0.000000,2.482732,2.298992,2.293877,0.000000,2.4659904,2.027263,1.978420,1.8061620,2.332459,2.180106,2.175291,0.000000,2.276879,1.962492,0.000000,0.0000000,0.000000,1.938946,1.537678,2.010402,0.000000,1.795601,0.000000,2.161613,0.000000,0.000000,0.0000000,0.0000000,0.000000,0.000000,2.213628,0.0000000,0.000000,1.6828093,0.000000,0.000000,0.0000000,1.752202,2.215655,0.0000000,0.0000000,1.362465,0.000000,0.000000,1.592822,0.000000,1.818983,0.000000,0.000000,2.1827830,1.980304,0.000000,0.0000000,2.165758,0.000000,0.0000000
0.000000,1.855983,1.9431031,0.000000,0.0000000,0.000000,0.0000000,0.000000,0.000000,0.000000,1.6191899,0.0000000,2.126205,2.500097,2.109518,2.372217,2.026038,2.5120205,2.117082,1.952339,0.0000000,2.389643,2.177306,2.322155,1.757260,2.329825,1.941675,0.000000,2.3564976,0.000000,2.276568,1.921312,0.000000,0.000000,1.931332,0.000000,2.283753,0.000000,1.773939,0.0000000,0.0000000,0.000000,2.068984,2.042350,0.0000000,0.000000,0.0000000,0.000000,1.705981,0.0000000,2.364846,2.226886,0.0000000,1.7755195,1.857740,0.000000,0.000000,1.603933,0.000000,1.782705,1.731529,1.698299,2.3176093,1.949271,0.000000,0.0000000,2.342951,0.000000,2.0045378
0.000000,1.984142,1.8944838,1.531449,2.1765602,0.000000,0.0000000,0.000000,1.447098,0.000000,0.0000000,0.0000000,0.000000,2.470972,2.297941,2.334206,1.888187,2.4595421,2.071086,1.947693,1.9752455,2.214828,2.157365,2.254269,1.718074,2.293520,1.883482,2.146840,2.2555350,1.847962,2.193981,0.000000,1.857991,0.000000,1.968236,0.000000,2.232571,0.000000,0.000000,0.0000000,0.0000000,0.000000,0.000000,1.916633,0.0000000,0.000000,0.0000000,0.000000,0.000000,1.4871772,0.000000,2.160735,1.8028980,1.3801580,1.773660,1.361059,0.000000,1.664370,0.000000,1.818853,0.000000,1.531161,2.2724269,1.870436,0.000000,0.0000000,2.359456,0.000000,0.0000000
0.000000,1.787285,1.9088519,0.000000,0.0000000,0.000000,0.0000000,0.000000,1.943421,0.000000,0.0000000,0.0000000,0.000000,2.490728,2.300106,2.394439,1.718499,2.4350486,2.028197,1.889750,2.0600942,2.306807,2.170012,2.277421,0.000000,2.250907,2.038613,2.069601,2.2812947,0.000000,2.232758,0.000000,0.000000,0.000000,1.718647,0.000000,2.272341,0.000000,0.000000,0.0000000,0.0000000,0.000000,1.986100,2.136782,1.8260693,0.000000,1.8983444,0.000000,1.875386,0.0000000,0.000000,2.201907,0.0000000,0.0000000,0.000000,0.000000,0.000000,0.000000,0.000000,0.000000,0.000000,0.000000,2.1062457,0.000000,1.933320,0.0000000,2.144923,1.839159,1.8697481
0.000000,1.941829,1.9760524,1.381819,0.0000000,0.000000,0.0000000,1.618913,1.390780,0.000000,1.9359961,1.7088199,2.044746,2.467429,2.308600,2.321532,1.630792,2.4640684,2.014161,1.968985,1.9158588,2.332577,2.099895,2.262291,0.000000,2.287949,1.795371,0.000000,0.0000000,0.000000,2.160351,1.912797,2.032240,0.000000,1.869710,0.000000,2.227153,0.000000,0.000000,0.0000000,0.0000000,0.000000,2.062647,1.963495,0.0000000,0.000000,0.0000000,0.000000,0.000000,0.0000000,2.158546,2.137072,0.0000000,0.0000000,1.571659,0.000000,0.000000,1.779939,0.000000,1.927275,0.000000,1.591115,2.2162438,1.920124,0.000000,0.0000000,2.317500,1.297343,0.0000000
0.000000,1.917593,1.9039534,0.000000,0.0000000,0.000000,1.4033930,0.000000,1.570925,0.000000,0.0000000,0.0000000,2.138364,2.432716,2.312995,2.355127,2.026676,2.3022587,1.841027,1.801027,1.9451825,2.138809,2.106976,2.282416,1.570649,2.213596,1.836345,1.966716,2.1796822,1.766361,2.104406,1.973105,2.256455,0.000000,1.991325,0.000000,2.161702,0.000000,0.000000,0.0000000,1.5703724,0.000000,2.042065,1.773494,0.0000000,0.000000,0.0000000,0.000000,1.919711,0.0000000,2.312428,2.241370,0.0000000,1.6019915,1.485477,0.000000,0.000000,0.000000,0.000000,1.875025,0.000000,1.853376,2.0859843,1.914645,0.000000,0.0000000,2.415281,0.000000,0.0000000
0.000000,2.022777,1.9815029,1.709546,0.0000000,0.000000,0.0000000,0.000000,2.051543,0.000000,0.0000000,0.0000000,1.678923,2.507092,2.311555,2.349389,1.867274,2.2832935,1.777120,1.934849,1.7162862,2.136776,2.143208,2.231049,1.835919,2.174909,1.843336,1.920445,2.2584993,0.000000,2.180300,1.972835,0.000000,0.000000,1.956428,0.000000,2.319987,0.000000,0.000000,2.0127482,2.0389544,0.000000,1.991130,2.126695,0.0000000,0.000000,0.0000000,0.000000,1.770141,0.0000000,1.754397,2.230439,0.0000000,0.0000000,1.682670,0.000000,0.000000,0.000000,0.000000,1.917558,0.000000,0.000000,2.1603937,1.997979,0.000000,0.0000000,2.244234,0.000000,0.0000000
0.000000,1.699787,1.9397487,0.000000,2.0156102,0.000000,0.0000000,0.000000,1.780171,0.000000,0.0000000,0.0000000,0.000000,2.459576,2.238804,2.346528,1.952353,2.2770429,1.882766,1.849610,1.9884310,1.700909,2.024758,2.192138,1.576000,2.141786,1.570649,2.084951,2.1568012,0.000000,2.019728,0.000000,1.935474,0.000000,1.746138,0.000000,2.123570,0.000000,0.000000,0.0000000,0.0000000,0.000000,1.923386,2.016971,0.0000000,0.000000,0.0000000,0.000000,0.000000,0.0000000,0.000000,2.070965,2.1179673,1.4307410,0.000000,0.000000,1.695900,0.000000,0.000000,1.719383,0.000000,0.000000,1.9932989,1.804949,0.000000,0.0000000,2.170813,0.000000,0.0000000
0.000000,1.976581,2.0095552,0.000000,0.0000000,0.000000,0.0000000,0.000000,0.000000,0.000000,0.0000000,0.0000000,0.000000,2.541377,2.360664,2.425818,1.826184,2.3322475,1.990206,1.991448,2.2121181,2.253471,2.214875,2.213038,0.000000,2.227464,1.908472,1.819740,2.3883800,1.706860,2.284287,2.043516,0.000000,0.000000,1.814092,0.000000,2.304829,0.000000,0.000000,0.0000000,0.0000000,0.000000,2.023928,0.000000,0.0000000,0.000000,0.0000000,0.000000,0.000000,0.0000000,2.311389,2.213321,0.0000000,0.0000000,2.144165,0.000000,0.000000,1.639809,0.000000,1.661654,0.000000,1.630824,2.2876031,2.120671,0.000000,1.7786042,2.394348,2.263712,0.0000000
0.000000,2.097960,1.9668981,0.000000,0.0000000,0.000000,2.0046865,0.000000,0.000000,0.000000,0.0000000,0.0000000,1.926996,2.554392,2.300738,2.343961,0.000000,2.3331753,1.996710,1.943904,0.0000000,2.195447,2.283395,2.230290,0.000000,2.191489,0.000000,0.000000,2.2633699,0.000000,2.260033,0.000000,2.191196,0.000000,1.727059,0.000000,2.290905,0.000000,0.000000,0.0000000,0.0000000,0.000000,0.000000,0.000000,0.0000000,0.000000,0.0000000,0.000000,1.836679,0.0000000,0.000000,2.232958,2.0416231,0.0000000,1.899608,0.000000,0.000000,1.963749,0.000000,2.040894,0.000000,0.000000,2.3126273,0.000000,0.000000,0.0000000,2.428413,2.264549,0.0000000
0.000000,1.843321,1.7884270,1.926629,0.0000000,0.000000,0.0000000,0.000000,1.975936,0.000000,0.0000000,0.0000000,1.680866,2.462357,2.323012,2.396930,1.676665,2.3009854,1.884457,1.907872,0.0000000,2.126219,2.157366,2.233238,0.000000,2.155298,1.718000,1.764799,2.2399737,1.710794,2.080964,1.928538,0.000000,0.000000,1.885839,0.000000,2.275032,0.000000,0.000000,1.7099760,0.0000000,0.000000,0.000000,1.990048,1.7896403,0.000000,1.6179069,0.000000,0.000000,0.0000000,2.151158,2.205521,2.1059265,0.0000000,1.816404,0.000000,0.000000,0.000000,0.000000,1.762975,0.000000,0.000000,2.1599532,1.815704,0.000000,0.0000000,2.375694,2.209936,0.0000000
0.000000,1.962600,1.7405185,0.000000,2.1115448,0.000000,1.8557702,0.000000,2.000174,0.000000,0.0000000,1.5325407,0.000000,2.455998,2.214948,2.412493,1.878776,2.3118681,1.960707,1.875386,2.0764432,1.787585,2.192895,2.252272,1.737408,2.178887,1.781432,2.188453,0.0000000,0.000000,2.191932,0.000000,0.000000,0.000000,1.544606,0.000000,2.200125,0.000000,1.781432,0.0000000,0.0000000,0.000000,1.915526,2.046273,0.0000000,0.000000,1.6159812,0.000000,0.000000,0.0000000,2.002360,2.216927,0.0000000,0.0000000,0.000000,0.000000,0.000000,1.838364,0.000000,1.994085,0.000000,0.000000,2.1869845,1.767308,0.000000,1.8944997,2.247937,2.178514,0.0000000
0.000000,1.885414,1.7883235,1.534987,0.0000000,0.000000,0.0000000,1.586728,0.000000,0.000000,0.0000000,1.9818048,1.710288,2.448699,2.246459,2.347699,1.682203,2.3685722,1.867722,1.999004,1.9937932,2.052771,1.912640,2.232395,1.848964,2.167742,1.870283,1.964089,2.0735704,1.716735,1.601531,0.000000,0.000000,0.000000,1.828909,0.000000,2.318243,1.420237,0.000000,0.0000000,0.0000000,1.541203,1.906019,1.972561,0.0000000,0.000000,1.4560881,0.000000,0.000000,2.0912443,2.146520,2.151361,2.1500918,1.7521136,1.879140,1.955523,1.733781,1.881679,0.000000,1.902612,0.000000,1.858387,2.1661599,1.920700,0.000000,0.0000000,2.411651,0.000000,1.6100297
0.000000,1.695257,1.8316241,0.000000,0.0000000,0.000000,0.0000000,1.706521,0.000000,0.000000,0.0000000,1.7968521,2.204204,2.442110,2.257856,2.360891,1.678875,2.4234878,1.852013,1.949650,2.0207733,2.251293,2.020334,2.205612,1.783540,2.234540,2.000620,2.159285,0.0000000,0.000000,0.000000,1.668957,1.813996,0.000000,1.781444,0.000000,2.304273,1.753494,0.000000,0.0000000,0.0000000,0.000000,1.962983,2.024263,0.0000000,0.000000,1.3628843,0.000000,0.000000,1.5467859,2.135142,2.198049,2.0224487,1.8088952,1.760068,0.000000,0.000000,2.086040,0.000000,2.079060,0.000000,1.611845,2.1452143,2.027952,0.000000,1.4937554,2.426281,0.000000,0.0000000
0.000000,1.620292,1.7338813,0.000000,0.0000000,0.000000,0.0000000,0.000000,0.000000,0.000000,0.0000000,1.9832013,2.086686,2.462448,2.202920,2.350633,1.555545,2.3887289,1.793131,1.909117,1.8839478,2.140357,1.952594,2.200109,1.740519,2.178049,1.585550,2.130770,0.0000000,0.000000,1.548102,0.000000,0.000000,0.000000,1.903257,0.000000,2.399112,0.000000,0.000000,0.0000000,0.0000000,1.810881,1.845753,2.162469,0.0000000,0.000000,0.0000000,0.000000,1.814561,0.0000000,0.000000,2.173837,2.0339020,0.0000000,1.723028,0.000000,1.877222,2.049673,0.000000,2.068976,1.581102,0.000000,2.1487276,1.999676,0.000000,0.0000000,2.472069,0.000000,0.0000000
0.000000,1.998910,1.8540878,0.000000,0.0000000,0.000000,0.0000000,0.000000,2.019558,0.000000,0.0000000,1.8905985,2.156786,2.455373,2.252084,2.371257,1.979584,2.4089020,1.828711,1.991115,1.9551751,2.147251,1.908425,2.267498,1.830776,2.226203,1.671926,2.178058,0.0000000,0.000000,0.000000,0.000000,0.000000,1.859901,1.725938,0.000000,2.364442,1.492973,0.000000,2.0028540,0.0000000,0.000000,0.000000,2.232324,0.0000000,1.666757,1.6269819,0.000000,0.000000,2.0464963,2.006345,2.152240,2.0449330,1.7234573,2.233959,0.000000,1.753582,2.013377,0.000000,2.146322,0.000000,1.547155,2.1146004,2.015303,0.000000,0.0000000,2.563310,0.000000,1.9560889
0.000000,2.068777,1.8376698,0.000000,0.0000000,0.000000,1.6717265,0.000000,0.000000,0.000000,0.0000000,1.6225407,2.181104,2.445567,2.299706,2.362946,1.852747,2.4199597,1.849655,1.984879,2.0219911,2.236223,1.998199,2.241376,1.817006,2.234667,1.714477,2.134981,0.0000000,0.000000,1.516740,0.000000,1.278783,0.000000,1.860271,0.000000,2.287222,0.000000,0.000000,0.0000000,0.0000000,0.000000,1.924629,2.012060,0.0000000,0.000000,0.0000000,0.000000,0.000000,0.0000000,0.000000,2.120392,1.9725639,0.0000000,1.637354,0.000000,0.000000,1.812772,0.000000,1.929122,0.000000,1.686010,2.1425424,1.985414,0.000000,0.0000000,2.437494,0.000000,0.0000000
0.000000,1.985581,1.8846002,0.000000,2.0872120,0.000000,0.0000000,2.006103,0.000000,0.000000,0.0000000,1.9934863,2.041336,2.460556,2.210559,2.337228,1.707695,2.3125810,0.000000,1.915890,0.0000000,2.086904,1.889448,2.186134,1.642856,2.094585,0.000000,1.678780,0.0000000,0.000000,1.909933,0.000000,2.045358,0.000000,0.000000,0.000000,2.361952,1.901709,0.000000,1.9870333,2.1130059,1.940446,0.000000,2.076684,1.7154033,0.000000,0.0000000,0.000000,0.000000,2.1602678,0.000000,2.341810,0.0000000,0.0000000,1.887060,0.000000,1.666448,1.687326,0.000000,2.230165,1.922894,0.000000,2.0745799,2.111468,0.000000,0.0000000,2.518144,0.000000,0.0000000
0.000000,0.000000,1.6604797,0.000000,0.0000000,0.000000,0.0000000,0.000000,0.000000,0.000000,0.0000000,1.8939798,2.189491,2.485027,2.270766,2.434612,1.996356,2.3549217,1.799950,1.838726,1.9137038,2.211678,2.138190,2.238454,0.000000,2.211838,1.942191,2.177788,0.0000000,0.000000,0.000000,0.000000,0.000000,0.000000,0.000000,0.000000,2.431522,1.950844,0.000000,0.0000000,0.0000000,0.000000,1.653358,0.000000,0.0000000,1.870855,0.0000000,0.000000,0.000000,2.0072571,1.998678,1.754252,0.0000000,0.0000000,2.242305,0.000000,0.000000,1.981466,0.000000,2.209487,0.000000,1.859364,2.1084160,2.071874,0.000000,0.0000000,2.342494,0.000000,0.0000000
0.000000,1.614353,0.0000000,0.000000,0.0000000,0.000000,0.0000000,1.965754,0.000000,0.000000,0.0000000,2.0874540,2.187027,2.451725,2.241911,2.392751,1.926596,2.2754325,0.000000,1.973581,1.5497720,1.896220,1.937254,2.266374,0.000000,2.106113,0.000000,1.943976,2.0110683,0.000000,1.945371,0.000000,0.000000,0.000000,1.935781,0.000000,2.415220,1.585423,0.000000,0.0000000,0.0000000,1.706361,0.000000,1.978892,0.0000000,0.000000,0.0000000,0.000000,0.000000,2.1586223,2.138074,0.000000,0.0000000,0.0000000,2.304622,0.000000,0.000000,0.000000,1.844434,2.139588,0.000000,0.000000,1.6823200,2.070213,0.000000,0.0000000,2.500675,1.878184,1.7248092
0.000000,1.936371,1.7913623,2.066166,0.0000000,0.000000,1.6047643,0.000000,0.000000,0.000000,1.3778345,1.9163695,2.029677,2.458114,2.309045,2.337628,0.000000,2.4044844,1.915021,1.937459,2.0235674,2.225625,2.030642,2.237468,1.900116,2.228409,1.595072,2.057173,0.0000000,0.000000,2.051791,0.000000,1.046777,0.000000,1.871183,0.000000,2.334626,1.597764,0.000000,2.1373939,1.6791376,1.675183,1.770323,2.047007,0.0000000,1.563886,1.5769348,0.000000,0.000000,0.0000000,0.000000,2.089564,1.9656453,1.6697423,1.872146,0.000000,0.000000,1.797996,1.234887,2.087267,1.429746,0.000000,2.1537070,2.036805,0.000000,1.4963640,2.446297,2.114943,1.5095279
0.000000,1.902751,1.6681164,0.000000,0.0000000,0.000000,0.0000000,1.932389,2.066061,0.000000,0.0000000,2.1121426,2.201544,2.465409,2.237986,2.429432,1.441174,2.4264205,1.908296,1.961456,2.0229757,2.357702,2.119049,2.270604,0.000000,2.283516,1.991411,2.099633,0.0000000,0.000000,0.000000,0.000000,0.000000,0.000000,1.903968,0.000000,2.387802,0.000000,0.000000,0.0000000,0.0000000,0.000000,0.000000,2.144941,0.0000000,0.000000,1.9531469,0.000000,0.000000,1.9314867,1.867598,1.917921,2.1290909,0.0000000,2.228995,0.000000,1.448280,0.000000,0.000000,2.162860,0.000000,1.584151,2.0078013,1.922131,1.855699,0.0000000,2.423147,2.094609,1.4190805
0.000000,1.777691,1.7949212,1.750213,1.7995675,0.000000,1.8056232,2.060372,1.963181,0.000000,0.0000000,1.8995825,2.204962,2.475538,2.215657,2.412443,1.961833,2.4055485,0.000000,1.986355,1.7418525,2.123703,2.091143,2.248320,1.906908,2.243333,1.698824,2.180145,0.0000000,0.000000,0.000000,0.000000,1.881188,1.748998,1.951414,0.000000,2.527695,1.936943,2.022315,0.0000000,2.0122039,1.566689,1.815134,2.142485,0.0000000,2.228937,1.8612542,0.000000,0.000000,2.1527384,2.116842,2.042113,0.0000000,0.0000000,2.407208,2.142289,2.168021,0.000000,1.751389,2.279483,0.000000,0.000000,2.1381665,1.864726,1.569957,0.0000000,2.502543,1.888991,1.8002674
0.000000,1.598313,0.0000000,0.000000,2.1079626,0.000000,0.0000000,2.041258,1.974708,0.000000,0.0000000,2.1702507,2.159380,2.476823,2.150583,2.462562,2.097552,2.4976031,1.712857,1.828814,0.0000000,2.270754,2.189884,2.158988,1.897793,2.351026,0.000000,2.197836,0.0000000,0.000000,0.000000,0.000000,0.000000,0.000000,0.000000,0.000000,2.394335,0.000000,0.000000,0.0000000,0.0000000,0.000000,0.000000,0.000000,0.0000000,1.928607,1.8231792,0.000000,1.568890,0.0000000,2.100543,1.938695,0.0000000,0.0000000,2.204347,0.000000,0.000000,0.000000,0.000000,2.230515,0.000000,0.000000,2.0675350,1.520026,0.000000,0.0000000,2.399757,1.964976,1.7715947
0.000000,0.000000,0.0000000,0.000000,2.2123671,0.000000,0.0000000,1.883781,1.723636,0.000000,0.0000000,2.1425691,2.212089,2.503333,2.205537,2.459839,1.870411,2.4819457,2.065637,1.818538,1.9527286,2.437358,2.184580,2.214367,0.000000,2.341348,1.872678,2.172512,0.0000000,1.565031,0.000000,0.000000,0.000000,0.000000,0.000000,0.000000,2.411995,0.000000,0.000000,0.0000000,0.0000000,0.000000,1.648438,1.919758,0.0000000,0.000000,0.0000000,0.000000,0.000000,1.9264351,1.809729,0.000000,2.1450028,0.0000000,2.144985,0.000000,0.000000,0.000000,0.000000,2.183492,0.000000,0.000000,1.9948351,1.970822,1.734862,0.0000000,2.312379,1.865730,0.0000000
0.000000,2.010387,0.0000000,0.000000,2.0845970,0.000000,1.7173874,1.866353,2.095031,0.000000,1.7320190,2.0859295,2.277376,2.426949,2.223470,2.374320,1.442299,2.4246081,0.000000,0.000000,0.0000000,2.280772,2.092465,2.184197,1.731647,2.319133,1.763248,2.224004,0.0000000,0.000000,0.000000,0.000000,1.926290,2.202263,0.000000,0.000000,2.412591,1.931029,0.000000,0.0000000,0.0000000,0.000000,1.793264,2.217265,0.0000000,0.000000,1.7708695,0.000000,0.000000,2.1541032,2.054310,2.057834,2.0641482,0.0000000,2.031284,1.981333,2.147466,2.184602,1.585466,2.133011,1.811742,1.862325,1.8530364,2.145297,0.000000,0.0000000,2.341926,0.000000,1.6916505
0.000000,1.828693,0.0000000,0.000000,2.0466915,0.000000,0.0000000,2.030567,1.977935,0.000000,0.0000000,2.1435638,2.134862,2.441286,2.192787,2.459830,0.000000,2.4403092,0.000000,0.000000,1.7918682,2.273500,2.152146,2.221954,0.000000,2.306242,0.000000,2.253066,0.0000000,2.187387,0.000000,0.000000,0.000000,0.000000,2.026081,0.000000,2.517173,1.949358,0.000000,2.0000990,2.1277537,0.000000,0.000000,2.057174,0.0000000,0.000000,0.0000000,0.000000,0.000000,1.9141323,1.944059,1.992766,0.0000000,0.0000000,2.071076,1.926761,1.569215,0.000000,0.000000,2.222401,0.000000,1.602718,0.0000000,1.898473,1.778062,0.0000000,2.368408,0.000000,0.0000000
0.000000,1.921725,1.7781852,0.000000,0.0000000,0.000000,0.0000000,2.085134,1.435351,0.000000,0.0000000,2.1191162,2.242921,2.459759,2.188462,2.446216,0.000000,2.2970504,1.567018,1.819658,1.9793844,2.225750,1.892327,2.305213,0.000000,2.086404,1.992745,2.001403,0.0000000,0.000000,0.000000,0.000000,0.000000,1.582096,1.883407,0.000000,2.483669,0.000000,0.000000,0.0000000,0.0000000,1.905076,0.000000,1.945684,0.0000000,1.539889,1.9025426,0.000000,0.000000,1.9929111,0.000000,2.048940,2.1493351,1.5439630,2.035695,0.000000,0.000000,1.779537,1.877620,2.176256,0.000000,0.000000,2.0624019,2.063799,1.776709,1.6158050,2.486786,2.105378,1.9743853
0.000000,0.000000,0.0000000,0.000000,0.0000000,0.000000,0.0000000,2.098572,1.997414,0.000000,0.0000000,2.1768735,2.121582,2.502743,2.247879,2.399737,0.000000,2.3516640,0.000000,0.000000,2.0306547,2.274250,1.843429,2.221713,0.000000,2.117895,0.000000,1.721008,0.0000000,1.693204,0.000000,0.000000,0.000000,0.000000,1.982159,0.000000,2.458324,0.000000,0.000000,0.0000000,0.0000000,0.000000,0.000000,2.100788,0.0000000,0.000000,1.9945261,0.000000,0.000000,1.8860932,0.000000,1.658105,2.0942624,0.0000000,2.263413,0.000000,0.000000,0.000000,0.000000,2.212768,0.000000,0.000000,0.0000000,1.957487,0.000000,0.0000000,2.498471,2.119722,0.0000000
0.000000,1.437184,0.0000000,0.000000,0.0000000,0.000000,0.0000000,2.102208,1.815761,0.000000,0.0000000,2.1784473,2.220966,2.454547,2.199137,2.452997,1.760459,2.3332218,0.000000,1.821843,0.0000000,2.147869,1.966527,2.310667,0.000000,2.138814,1.913146,2.025821,0.0000000,0.000000,0.000000,0.000000,0.000000,0.000000,2.033255,0.000000,2.404576,0.000000,0.000000,0.0000000,0.0000000,1.913877,1.400980,1.826798,0.0000000,0.000000,1.8249737,0.000000,0.000000,2.0465955,2.106604,2.020851,2.1510747,0.0000000,1.997720,1.438428,1.397246,1.786995,0.000000,2.194550,1.435254,1.420760,2.0575697,2.069508,1.606376,0.0000000,2.451633,2.081516,1.6002204
0.000000,2.159611,1.9424314,0.000000,0.0000000,0.000000,0.0000000,1.988631,1.805867,0.000000,0.0000000,2.0036173,0.000000,2.492997,2.347953,2.444584,2.129543,2.4076970,0.000000,1.858116,0.0000000,2.158206,1.809936,2.221535,0.000000,2.239073,0.000000,1.984657,2.2160380,1.560060,0.000000,0.000000,2.194568,0.000000,1.957213,0.000000,2.449412,0.000000,0.000000,0.0000000,0.0000000,0.000000,0.000000,2.139640,0.0000000,0.000000,1.7621639,1.603213,0.000000,1.9401127,1.723493,1.980745,0.0000000,0.0000000,2.252512,1.548730,0.000000,0.000000,0.000000,2.190283,1.655832,0.000000,0.0000000,2.068895,0.000000,0.0000000,2.443923,2.145577,1.6955793
0.000000,2.138222,1.8402587,0.000000,1.5494081,0.000000,1.5186078,2.127683,1.931157,0.000000,0.0000000,2.0926388,2.186842,2.406181,2.153103,2.454291,2.065897,2.3738036,1.861770,1.767985,1.8254342,2.236600,1.986358,2.259779,1.740598,2.255063,0.000000,2.160780,1.4420181,1.566453,1.708623,1.347203,0.000000,0.000000,1.851232,0.000000,2.458168,1.970375,1.385227,1.6999328,0.0000000,2.022206,0.000000,2.005759,0.0000000,2.004470,1.8731459,0.000000,0.000000,2.0944715,2.128420,2.074702,0.0000000,1.9486321,2.049022,2.045102,0.000000,0.000000,0.000000,2.193657,0.000000,1.956232,2.1212970,2.110926,1.846627,0.0000000,2.543881,1.997875,1.8394863
0.000000,2.175480,1.8261485,1.701054,1.8348248,0.000000,1.8160446,2.140002,1.817550,0.000000,1.7736850,2.1587791,2.221637,2.413992,2.205402,2.427276,1.949897,2.3306380,1.454429,1.802534,1.5972921,2.162467,1.970117,2.247221,1.880183,2.192222,2.002814,2.039820,1.6250932,1.729654,1.754644,0.000000,0.000000,0.000000,1.874625,0.000000,2.478040,1.976782,1.810153,1.4640875,0.0000000,1.995027,0.000000,2.182719,1.7893322,1.835985,1.9883935,0.000000,0.000000,2.1294721,2.110767,2.192488,0.0000000,1.9108464,2.307890,1.837516,1.744221,1.621590,0.000000,2.209367,0.000000,1.992093,2.1186030,2.135538,1.916356,0.0000000,2.561225,1.385352,1.9199021
0.000000,2.221788,1.8418768,1.865552,1.9031484,0.000000,1.9454458,2.025839,1.650533,0.000000,1.8190294,2.2218858,2.197056,2.401683,2.149837,2.481505,2.010001,2.3832370,1.923174,1.848993,1.5217383,2.176418,2.024913,2.185940,1.370430,2.267265,1.898581,2.205245,0.0000000,1.778198,1.731732,1.447553,0.000000,0.000000,1.883258,0.000000,2.503301,1.952926,1.721985,0.0000000,0.0000000,1.989394,0.000000,2.033169,1.7260087,1.815096,1.6027557,0.000000,0.000000,2.1572045,1.407574,2.011630,0.0000000,1.8635006,2.291969,1.353445,0.000000,1.616298,0.000000,2.227888,1.514600,1.950462,2.0890571,2.139226,1.704592,0.0000000,2.586800,0.000000,1.7538881
0.000000,2.201855,1.7658914,1.840845,1.9288706,0.000000,1.4123234,1.979576,1.888487,0.000000,1.7473157,2.2124560,2.142292,2.411616,2.204664,2.406893,2.033371,2.3585181,1.805898,1.779083,1.6405989,2.241518,1.961911,2.220211,1.903978,2.238138,1.972501,2.092732,0.0000000,0.000000,1.956262,1.386350,0.000000,0.000000,1.662767,0.000000,2.455001,2.011201,0.000000,0.0000000,0.0000000,1.944747,1.325597,2.103267,1.7463986,1.873301,1.9107157,0.000000,0.000000,2.0650450,2.120972,2.138434,0.0000000,1.9941685,2.174490,1.753873,1.945889,1.802221,0.000000,2.024631,0.000000,1.952204,1.9342598,2.086738,1.875704,0.0000000,2.584039,2.068627,1.8466950
0.000000,2.155094,1.7375381,1.696264,1.5357758,0.000000,1.6561073,2.027211,1.857068,0.000000,0.0000000,2.1399977,2.261503,2.436959,2.183020,2.457718,1.878244,2.3636899,0.000000,1.719932,1.9747727,2.116633,1.969014,2.273209,0.000000,2.165606,1.955582,2.086450,2.0467007,0.000000,1.939201,0.000000,0.000000,0.000000,1.836426,0.000000,2.471519,1.950123,1.665412,0.0000000,0.0000000,1.884623,1.466077,2.000222,1.7809601,1.660265,0.0000000,0.000000,0.000000,2.1108128,0.000000,1.661361,0.0000000,1.4852538,2.157351,0.000000,0.000000,1.734646,0.000000,2.228613,0.000000,0.000000,2.0053969,2.090659,1.573300,0.0000000,2.582409,1.683158,1.9556803
0.000000,2.204378,1.7757330,1.852050,2.0792061,0.000000,1.6991389,2.111662,2.006663,0.000000,0.0000000,2.1303074,2.259051,2.443090,2.224664,2.429870,1.936833,2.3650582,1.456435,1.725393,1.9764345,2.119161,1.980929,2.227186,0.000000,2.183432,1.954115,2.114564,0.0000000,0.000000,1.924116,0.000000,0.000000,0.000000,1.887631,0.000000,2.477571,1.942464,1.670096,0.0000000,0.0000000,1.870010,0.000000,2.173402,0.0000000,0.000000,1.7489374,0.000000,1.730150,2.1103367,2.131662,2.127333,0.0000000,1.8583804,2.347246,1.447372,0.000000,1.867987,0.000000,2.263343,1.696647,2.005947,2.0913692,2.088136,1.678661,0.0000000,2.615928,1.846073,1.9603637
0.000000,2.182046,1.7328607,1.579228,1.6071580,0.000000,0.0000000,2.022727,2.143136,0.000000,0.0000000,2.1934695,2.247389,2.443146,2.195001,2.400566,1.987400,2.4035793,1.387467,1.623081,1.9409886,2.088755,1.936088,2.145221,1.691012,2.217978,1.781081,2.090947,2.1405846,1.553371,2.002106,0.000000,0.000000,0.000000,1.686919,1.818166,2.459987,1.938823,1.751226,0.0000000,1.8285724,1.807173,1.705499,2.150963,1.8748651,0.000000,1.8218429,0.000000,0.000000,2.1057706,2.108972,2.024622,0.0000000,1.6808429,2.315770,0.000000,0.000000,1.756517,0.000000,2.257273,0.000000,0.000000,2.0203033,2.162167,0.000000,0.0000000,2.579591,2.082322,1.8458821
0.000000,2.201045,1.8018872,1.808007,2.0441986,0.000000,2.0297331,2.052699,2.119703,0.000000,0.0000000,2.1415052,2.249618,2.424972,2.204414,2.464675,1.968572,2.3765548,1.817961,1.735704,0.0000000,2.150977,2.024928,2.267910,0.000000,2.178918,1.976113,2.119272,0.0000000,0.000000,1.957648,0.000000,0.000000,0.000000,1.799780,0.000000,2.432087,1.936535,1.765286,0.0000000,0.0000000,1.846839,1.794128,2.175775,0.0000000,1.869403,1.8794724,0.000000,0.000000,2.1084712,2.122805,2.165763,0.0000000,1.8464069,2.304133,0.000000,1.640902,1.740933,0.000000,2.259514,1.625858,1.739943,2.0115457,2.099576,1.742420,0.0000000,2.605933,1.887959,1.9453569
0.000000,2.279969,0.0000000,2.022715,0.0000000,0.000000,0.0000000,2.205764,2.110010,0.000000,0.0000000,2.2431186,2.167215,2.489420,2.145924,2.460033,2.078925,2.4280359,0.000000,0.000000,1.8795258,2.305802,2.103279,2.160858,1.938946,2.300471,1.962798,2.224395,0.0000000,1.578041,2.075771,0.000000,0.000000,0.000000,1.894182,0.000000,2.486815,1.974837,1.737440,1.6487557,0.0000000,2.008597,1.853318,2.146869,0.0000000,1.819390,1.5650314,0.000000,0.000000,2.1015246,0.000000,2.128303,0.0000000,1.6135690,2.271241,0.000000,1.999370,1.991969,0.000000,2.287720,1.599094,2.005488,2.2052219,2.094800,0.000000,0.0000000,2.512668,1.934415,2.0299818
0.000000,2.186147,1.7243481,1.769631,1.5693545,0.000000,1.7176475,2.073978,2.081701,0.000000,1.5633099,2.1393498,2.246620,2.428142,2.220895,2.388550,2.086695,2.3887689,1.855408,1.758325,1.9636359,2.242483,1.947564,2.249835,1.704895,2.259230,1.973926,2.175481,0.0000000,0.000000,1.618602,0.000000,0.000000,0.000000,1.835212,0.000000,2.492901,1.935651,1.776622,1.5975282,0.0000000,1.838050,1.502626,2.176576,1.4921149,1.970285,1.9295942,0.000000,0.000000,2.0951201,2.105833,2.143512,0.0000000,1.6482072,1.980547,0.000000,0.000000,1.859894,0.000000,2.275067,1.713087,1.723814,2.0350545,2.096113,1.902184,0.0000000,2.590258,1.811518,2.0043889
0.000000,2.200054,1.7461837,1.942759,0.0000000,0.000000,1.7425936,2.093752,2.073441,0.000000,0.0000000,2.1626380,2.249643,2.420711,2.211136,2.407243,0.000000,2.2711801,1.791632,1.818900,1.9218575,2.197633,2.038273,2.253846,1.338104,2.004680,1.959135,0.000000,0.0000000,1.385727,1.621624,1.667912,0.000000,0.000000,1.847111,0.000000,2.456232,2.015724,1.839988,0.0000000,0.0000000,1.983877,1.786564,2.162171,0.0000000,1.905758,1.9090982,0.000000,0.000000,2.0822715,2.148877,2.063616,0.0000000,1.8829110,2.282197,1.581232,1.517053,1.971866,0.000000,2.260910,1.609408,2.010572,2.0591475,2.103651,0.000000,0.0000000,2.574569,1.844218,2.0303670
0.000000,2.200411,1.6935513,1.864015,1.4702344,0.000000,1.6805600,2.088225,2.082293,0.000000,0.0000000,2.1336012,2.242072,2.433595,2.203143,2.464677,2.014674,2.4016747,1.634547,1.697433,1.8294770,2.240948,2.016632,2.273636,0.000000,2.264009,1.969008,2.170209,0.0000000,0.000000,1.985368,1.735375,0.000000,1.604500,1.806010,0.000000,2.467021,1.942442,1.773698,0.0000000,0.0000000,1.939414,1.517303,2.158042,1.8525076,2.014820,1.8614650,0.000000,0.000000,2.0760808,2.156618,2.008802,0.0000000,1.7555838,2.275718,1.521434,0.000000,1.938973,0.000000,2.246572,1.736296,1.769448,2.0843083,2.102059,1.715704,0.0000000,2.588930,1.936509,1.8426904
0.000000,2.233167,1.6337585,1.831920,1.7168285,0.000000,0.0000000,2.050496,2.072096,0.000000,1.6574234,2.1838700,2.270928,2.448003,2.235765,2.465533,1.797609,2.2148257,0.000000,1.638156,1.9763488,2.028280,1.900718,2.287181,1.714894,2.028587,1.869710,1.753362,2.1463138,1.792919,1.966922,0.000000,0.000000,1.494676,1.724543,0.000000,2.488733,1.994536,0.000000,0.0000000,0.0000000,1.931784,0.000000,1.922809,1.8042929,0.000000,1.9095611,0.000000,0.000000,2.1037117,2.061151,2.193760,0.0000000,1.6206001,2.310752,0.000000,1.455391,1.804221,0.000000,2.251314,1.678780,2.001346,2.0227809,2.178485,1.622946,0.0000000,2.593344,2.097939,1.7428922
0.000000,2.211384,1.7540629,1.849773,1.7278596,0.000000,1.7501384,2.096356,2.162077,0.000000,1.5394493,2.1274154,2.212983,2.458311,2.271561,2.494764,1.798918,2.2224930,0.000000,1.686465,0.0000000,1.927661,1.892311,2.244765,1.754121,2.078097,2.070690,2.012964,2.0287009,1.812666,1.994652,0.000000,0.000000,0.000000,1.838420,0.000000,2.479105,1.966988,1.882986,1.7288974,0.0000000,1.942041,1.412214,2.197720,1.7735449,0.000000,1.9562356,0.000000,1.593951,2.1392541,2.137671,2.105694,0.0000000,0.0000000,2.280356,0.000000,0.000000,1.965675,0.000000,2.286365,1.788358,2.107625,2.0848741,2.250578,0.000000,0.0000000,2.581954,2.126807,2.1335645
0.000000,2.215091,1.6520646,0.000000,0.0000000,0.000000,1.8165261,2.063653,1.836891,0.000000,1.8973122,1.6790661,2.255317,2.461374,2.230104,2.404639,0.000000,2.2532474,0.000000,1.524636,0.0000000,2.066029,1.936981,2.263255,0.000000,2.066049,0.000000,0.000000,2.1255782,0.000000,2.014987,0.000000,0.000000,0.000000,1.512242,0.000000,2.582902,2.014736,0.000000,1.5410941,0.0000000,1.909287,1.971955,0.000000,0.0000000,0.000000,1.8554794,0.000000,0.000000,2.0981261,2.125477,2.287731,0.0000000,1.8123262,2.124169,0.000000,0.000000,0.000000,0.000000,2.317592,1.735507,2.051489,2.0155803,2.143944,1.655666,0.0000000,2.604752,2.140579,1.7136409
0.000000,2.245405,1.7288629,1.928757,1.6466964,0.000000,1.6815949,2.180984,2.071303,0.000000,1.7420420,2.2611966,2.270898,2.478589,2.173735,2.446544,0.000000,2.2281443,1.768922,1.664187,1.9327905,2.067293,2.064733,2.140150,1.913576,2.082670,1.718665,0.000000,2.1723266,0.000000,2.024397,0.000000,0.000000,0.000000,1.943461,0.000000,2.520241,1.995566,0.000000,0.0000000,0.0000000,1.929134,1.986764,2.121142,1.7466743,0.000000,1.8481192,0.000000,0.000000,2.0992755,2.237681,2.173800,0.0000000,1.7878165,2.339000,1.782478,1.931212,1.896052,0.000000,2.305691,1.792797,1.450441,2.1834541,2.144424,0.000000,0.0000000,2.642160,2.141973,1.9697988
0.000000,2.214148,1.7210620,0.000000,0.0000000,0.000000,2.0535587,2.180392,1.992302,0.000000,1.8137466,2.0402820,2.126240,2.466212,2.150448,2.538606,1.840020,2.3064353,0.000000,1.509463,2.0928561,2.113092,2.043525,2.141321,1.841161,2.169304,1.986782,2.047750,2.1586795,1.839606,2.048710,0.000000,0.000000,2.050915,2.036672,0.000000,2.542694,2.075161,0.000000,1.9377164,0.0000000,1.802888,2.035581,2.213858,1.4664883,1.613319,1.9777599,0.000000,1.680182,2.1420059,2.148595,2.258450,2.1676369,0.0000000,2.125338,1.944829,0.000000,2.065885,0.000000,2.379638,1.703048,1.496853,2.2101044,2.211775,0.000000,0.0000000,2.642522,2.186313,1.9194314
0.000000,2.185528,1.5838956,1.611917,1.6801819,0.000000,1.4714400,2.025279,1.888703,0.000000,1.7307474,2.1541891,2.245953,2.464278,2.230452,2.356909,1.707278,2.3031862,0.000000,1.730355,1.9711805,1.923758,1.534761,2.208045,1.762150,2.088463,1.675962,1.747316,1.9655123,1.541421,1.764515,0.000000,0.000000,1.479284,1.784039,0.000000,2.495335,2.018589,0.000000,1.3657986,0.0000000,1.834701,1.953271,2.039108,1.4180234,0.000000,1.9209073,0.000000,0.000000,2.0852231,2.086908,2.089889,0.0000000,0.0000000,2.306565,0.000000,0.000000,1.880295,0.000000,2.253996,1.632330,0.000000,2.0081626,2.135266,1.465994,0.0000000,2.593320,2.140076,2.0593972
0.000000,2.165388,1.6513856,1.737652,1.7210620,0.000000,0.0000000,2.034407,1.873556,0.000000,0.0000000,2.1229193,2.248912,2.441615,2.193373,2.503139,2.011306,2.3526299,1.692920,1.724792,0.0000000,2.198887,1.888015,2.198947,1.536057,2.196453,1.957507,0.000000,0.0000000,1.921819,1.955510,0.000000,0.000000,0.000000,1.759550,0.000000,2.434131,0.000000,1.442765,0.0000000,0.0000000,1.814179,1.902771,1.848329,0.0000000,0.000000,1.9400422,0.000000,0.000000,2.0997789,2.084047,2.018433,0.0000000,1.8128013,2.313866,1.457991,1.279407,1.830094,0.000000,2.229247,1.575194,1.871952,2.0353022,2.163329,1.571293,0.0000000,2.594702,2.101220,1.7612793
0.000000,2.166801,1.8383236,1.740215,0.0000000,0.000000,1.8025341,2.202425,2.066520,0.000000,0.0000000,2.1631064,2.249749,2.435521,2.212297,2.465779,1.970915,2.3021206,0.000000,1.846793,2.0467174,2.077871,1.567910,2.262409,1.855444,2.240402,2.059615,2.081973,1.6116643,1.512371,1.840481,0.000000,0.000000,0.000000,1.936413,0.000000,2.420028,1.955208,0.000000,0.0000000,0.0000000,1.978028,1.522285,2.129847,1.6214540,0.000000,0.0000000,0.000000,1.602221,2.1057329,2.136837,2.168234,0.0000000,1.7155727,2.212533,1.312475,1.859928,2.005412,0.000000,2.171495,1.659297,1.938245,2.1253400,2.180887,0.000000,0.0000000,2.578655,1.779353,1.8582135
0.000000,2.216975,1.6235194,1.656162,1.9959009,0.000000,0.0000000,2.070819,1.815827,0.000000,0.0000000,2.1757026,2.345440,2.470789,2.210951,2.425648,0.000000,2.1943667,0.000000,1.713736,2.0380525,0.000000,2.025735,2.250921,1.879383,2.007129,2.072288,0.000000,2.0837275,0.000000,1.998524,0.000000,0.000000,0.000000,1.802002,0.000000,2.504419,2.030460,0.000000,0.0000000,0.0000000,1.826640,0.000000,2.107095,1.7847126,0.000000,1.9531202,0.000000,0.000000,2.1121308,2.034659,2.133900,2.1398530,1.6526002,2.146094,0.000000,0.000000,1.895181,0.000000,2.292610,1.903791,1.938173,2.0636334,2.211618,0.000000,0.0000000,2.644579,2.171365,1.8576697
0.000000,2.151197,0.0000000,0.000000,0.0000000,0.000000,0.0000000,2.080887,1.949444,0.000000,0.0000000,2.1340140,2.315751,2.483502,2.342205,2.406133,0.000000,0.0000000,0.000000,1.803933,2.0088926,1.903544,1.884486,2.298767,1.846422,1.798885,2.085390,0.000000,1.9703173,0.000000,1.866922,0.000000,0.000000,0.000000,1.654363,0.000000,2.474007,2.037253,0.000000,0.0000000,0.0000000,1.907757,1.482179,2.122490,1.5851697,0.000000,2.0105661,0.000000,0.000000,2.1053662,1.734480,2.050618,0.0000000,0.0000000,2.139668,0.000000,0.000000,1.938470,0.000000,2.345443,0.000000,0.000000,2.0541184,2.203557,0.000000,0.0000000,2.628242,2.160596,1.9387179
0.000000,2.067215,0.0000000,1.815713,1.8025237,0.000000,1.7530841,1.966814,1.464171,0.000000,0.0000000,1.8193438,2.270014,2.440678,2.196785,2.443161,1.806689,2.2678687,0.000000,1.840211,0.0000000,2.096537,2.021257,2.243250,1.903327,2.072150,2.053576,1.929969,0.0000000,1.827775,1.904758,0.000000,0.000000,0.000000,1.849521,0.000000,2.339330,1.998182,1.601608,1.5846612,0.0000000,0.000000,1.876320,1.957706,1.6826464,0.000000,1.8601203,0.000000,0.000000,2.1263068,0.000000,2.145054,0.0000000,1.8754170,1.943309,1.833096,1.478437,2.004242,0.000000,2.235384,1.707615,1.959246,1.9368249,2.165783,1.921454,0.0000000,2.609112,1.929166,1.8955385
0.000000,1.838154,1.6688044,1.662503,1.5606462,0.000000,0.0000000,2.088620,1.951272,0.000000,0.0000000,1.5562475,2.277636,2.487646,2.230138,2.479281,0.000000,1.8526454,0.000000,0.000000,2.0905826,1.925872,1.866948,2.139397,1.631819,2.057002,2.065396,0.000000,2.0156022,0.000000,1.983355,0.000000,0.000000,0.000000,1.712474,0.000000,2.490790,0.000000,0.000000,0.0000000,0.0000000,0.000000,0.000000,2.128001,0.0000000,0.000000,1.9411726,0.000000,0.000000,2.0962681,1.975841,2.087366,0.0000000,0.0000000,1.915035,1.528310,0.000000,1.933140,0.000000,2.315547,0.000000,1.983288,2.0695084,2.216598,0.000000,0.0000000,2.610205,2.188397,1.9152558
0.000000,2.185026,0.0000000,1.721949,1.5519402,0.000000,0.0000000,2.080866,2.066986,0.000000,0.0000000,2.1271791,2.256898,2.464323,2.192979,2.407860,1.851026,2.3023138,0.000000,1.610212,2.0235897,2.027712,1.936402,2.279721,1.770180,2.090844,1.970944,0.000000,2.0573478,1.511729,1.964861,0.000000,0.000000,0.000000,1.757346,0.000000,2.484868,2.001987,1.565980,1.9634270,0.0000000,1.823950,1.773927,2.122166,0.0000000,0.000000,1.9143187,0.000000,0.000000,2.0894982,2.064044,2.087877,0.0000000,1.7707786,2.348519,1.514664,0.000000,0.000000,0.000000,2.075040,0.000000,0.000000,2.0738991,2.194945,0.000000,0.0000000,2.629156,2.128672,2.0061527
0.000000,2.204487,1.5906649,1.714212,0.0000000,0.000000,1.9299886,2.073718,1.937239,0.000000,0.0000000,2.1336772,2.270919,2.461498,2.196117,2.411622,1.538732,2.2226292,0.000000,1.709272,2.0230898,2.006985,1.967999,2.271594,1.690747,2.072781,1.953437,1.865848,2.0558769,1.527015,1.937550,0.000000,0.000000,0.000000,1.598391,0.000000,2.493049,2.019516,0.000000,0.0000000,0.0000000,1.928395,2.004547,2.189267,1.7501981,0.000000,1.9300609,0.000000,1.766388,2.1349573,2.094321,2.095931,0.0000000,0.0000000,2.111321,0.000000,0.000000,1.615063,0.000000,2.266477,0.000000,0.000000,2.0805222,2.183065,1.651187,0.0000000,2.619409,2.172009,2.0068866
0.000000,2.261726,0.0000000,0.000000,0.0000000,0.000000,1.9059758,1.948781,1.937841,0.000000,0.0000000,2.1638439,2.295219,2.487072,2.214274,2.472713,1.819934,2.3152033,0.000000,1.622676,2.0043144,2.074283,1.949071,2.227543,1.773060,2.130292,1.981675,2.029039,2.0873978,0.000000,1.922767,0.000000,0.000000,0.000000,0.000000,0.000000,2.470600,2.057770,0.000000,0.0000000,0.0000000,1.884337,2.002810,2.106779,0.0000000,0.000000,1.9534706,0.000000,0.000000,2.0884630,1.729637,2.096289,0.0000000,1.7623566,2.140307,0.000000,0.000000,0.000000,0.000000,2.223402,0.000000,1.949880,1.9026371,2.162725,1.858457,0.0000000,2.618976,2.132730,2.0364759
0.000000,2.246593,0.0000000,1.919340,0.0000000,0.000000,0.0000000,2.108149,2.056212,0.000000,0.0000000,2.1942881,2.281378,2.465173,2.207023,2.454937,0.000000,2.2314183,0.000000,0.000000,1.9556934,1.983692,1.822576,2.251062,1.768593,2.068845,1.987294,0.000000,2.0338731,0.000000,1.971917,0.000000,0.000000,1.913503,1.884463,0.000000,2.518100,1.651442,0.000000,0.0000000,0.0000000,1.724738,0.000000,2.131485,0.0000000,0.000000,1.9250766,0.000000,0.000000,2.0733575,2.172541,2.134676,0.0000000,1.6318828,2.333432,0.000000,0.000000,1.913214,0.000000,2.318653,0.000000,1.885425,2.1380645,2.190336,0.000000,0.0000000,2.639375,2.150776,1.8650834
0.000000,2.205901,1.5576931,1.790606,0.0000000,0.000000,0.0000000,2.134803,1.804211,0.000000,0.0000000,2.1923351,2.194398,2.486618,2.284274,2.427038,1.706421,0.0000000,0.000000,1.667835,0.0000000,2.111536,1.895769,2.267972,1.724969,2.007191,2.133489,2.107584,2.2095593,1.771595,2.028573,0.000000,0.000000,0.000000,1.778198,0.000000,2.483014,1.819408,1.613247,0.0000000,0.0000000,1.881012,2.095070,0.000000,1.3373142,1.858831,1.9734624,0.000000,1.598782,2.1864677,2.148864,2.039916,2.1100827,0.0000000,2.058431,0.000000,1.862399,1.829331,0.000000,2.276171,1.363303,2.025181,2.0961094,2.259110,0.000000,0.0000000,2.619347,0.000000,1.9620511
0.000000,2.239501,1.7707786,1.842550,1.6354254,0.000000,1.8276706,2.147469,1.962752,0.000000,1.6304698,2.1662778,2.246251,2.427296,2.226456,2.464711,0.000000,2.3179781,1.674743,1.747818,1.5038393,2.086027,1.986238,2.251907,1.913017,2.107873,2.010940,0.000000,2.1634423,1.544553,1.999470,0.000000,0.000000,0.000000,1.849402,1.744252,2.486385,1.999029,0.000000,0.0000000,0.0000000,2.041674,0.000000,2.203988,1.8162714,0.000000,0.0000000,0.000000,0.000000,2.1375506,2.184640,2.128242,0.0000000,1.7903225,2.055742,0.000000,1.705419,1.946796,0.000000,2.268456,1.429446,1.955667,2.1215561,2.196256,1.791002,0.0000000,2.594604,2.078592,2.0095908
0.000000,2.263674,1.6288166,1.909900,2.0201481,0.000000,1.9364628,2.150703,0.000000,0.000000,1.5133934,2.2672360,2.269059,2.449169,2.187891,2.408668,1.867754,2.2413979,0.000000,1.756432,2.1023560,2.165593,2.022061,2.177569,0.000000,2.108522,1.993222,0.000000,2.2216913,1.516114,2.051078,0.000000,0.000000,0.000000,1.899185,0.000000,2.520324,2.042385,0.000000,0.0000000,0.0000000,2.033092,1.993347,0.000000,1.5669243,0.000000,1.9340109,0.000000,0.000000,2.1468812,2.149124,2.113399,2.0511879,0.0000000,2.351400,0.000000,1.833680,1.911823,0.000000,2.310791,1.778481,1.504510,2.1582731,2.140391,0.000000,0.0000000,2.610609,2.132722,1.8563711
0.000000,2.202268,1.6239897,1.738818,1.6805836,0.000000,1.8892002,2.102588,1.883523,0.000000,1.9814976,2.0829793,2.217094,2.418722,2.194631,2.387689,1.917425,2.2625149,1.397128,1.719639,1.7370981,2.101757,1.952073,2.226678,1.906276,2.147455,1.855954,0.000000,2.1602952,1.795786,2.003456,0.000000,0.000000,0.000000,1.847481,0.000000,2.495456,1.933929,0.000000,0.0000000,0.0000000,1.908956,1.760334,2.147375,1.6870323,1.323409,1.8386855,0.000000,0.000000,2.0492759,2.134401,2.144482,0.0000000,0.0000000,2.222200,1.438332,1.926025,1.867968,0.000000,2.257565,1.705620,1.969723,2.0788847,2.171807,0.000000,0.0000000,2.565870,1.797188,1.8983649
0.000000,2.176525,1.6822033,1.808027,1.5490955,0.000000,0.0000000,2.105438,2.091294,0.000000,1.8187421,2.1848025,2.252518,2.448786,2.208914,2.480599,1.929618,2.3357535,0.000000,1.813120,0.0000000,2.115843,1.926930,2.240054,2.009712,2.137558,1.943865,0.000000,2.1596613,1.984540,1.958988,0.000000,0.000000,0.000000,1.940179,0.000000,2.522634,2.012964,0.000000,1.7523495,0.0000000,1.890909,1.723564,2.218259,1.8332379,0.000000,1.8981180,0.000000,0.000000,2.1700120,2.165067,2.162776,0.0000000,1.7930972,2.330818,1.632807,0.000000,2.047383,0.000000,2.303897,1.597489,2.040003,2.0986655,2.216019,1.420237,0.0000000,2.593006,0.000000,1.9081865
0.000000,2.198550,1.8104786,1.712762,1.7542666,0.000000,1.9650854,2.076839,2.109267,0.000000,1.6323617,2.1675046,2.201321,2.414007,2.206696,2.452664,1.854546,2.2470478,1.577644,1.890974,1.9118554,2.058421,1.929582,2.226626,1.916615,2.131476,2.081925,0.000000,2.1218663,1.847224,1.940442,0.000000,1.936954,0.000000,1.885176,0.000000,2.446913,2.021030,1.761860,0.0000000,0.0000000,1.923564,0.000000,2.184285,1.4225286,1.624526,1.7283967,0.000000,0.000000,2.1377131,2.114698,2.113321,0.0000000,1.9846077,2.091513,1.787909,0.000000,1.766307,0.000000,2.255736,1.739414,2.045038,1.9997487,2.217136,1.688452,0.0000000,2.577863,1.932491,1.6649962
0.000000,2.224351,1.5436406,1.661999,0.0000000,0.000000,1.9071195,2.104359,1.984732,0.000000,0.0000000,2.2170014,2.210901,2.435459,2.161781,2.476803,1.966761,2.3498040,0.000000,1.760543,1.3877140,2.210606,1.856301,2.284142,1.858970,2.183418,2.006068,2.011157,0.0000000,1.824057,1.990870,0.000000,1.898775,0.000000,1.830597,0.000000,2.436770,2.003397,0.000000,1.4517798,0.0000000,1.976537,0.000000,2.109832,0.0000000,0.000000,1.9365429,0.000000,0.000000,2.1230844,2.180403,2.161295,0.0000000,2.0284405,2.317378,0.000000,0.000000,1.727321,0.000000,2.196144,1.903208,1.898509,2.1278114,2.140937,1.490170,0.0000000,2.561700,2.113170,1.8405442
0.000000,2.109755,0.0000000,0.000000,2.0365375,0.000000,0.0000000,2.021713,2.169552,0.000000,0.0000000,2.0218211,2.255035,2.461233,2.239172,2.434770,0.000000,2.2016598,0.000000,1.685393,1.9784471,1.940635,1.917801,2.263481,1.885822,2.017862,1.900880,1.856709,2.0497057,0.000000,1.919867,0.000000,0.000000,0.000000,0.000000,0.000000,2.421810,1.953210,1.797522,0.0000000,0.0000000,1.890440,1.958774,2.141045,1.5984695,0.000000,1.8768896,0.000000,0.000000,2.1002555,1.877306,1.902433,0.0000000,0.0000000,2.038141,0.000000,1.911494,0.000000,0.000000,2.113568,0.000000,1.662503,2.0082093,2.192392,0.000000,0.0000000,2.602046,2.101125,1.9650580
0.000000,2.160872,0.0000000,1.758212,1.9926310,0.000000,1.5184839,2.040177,2.149464,0.000000,0.0000000,2.1198901,2.233797,2.433414,2.214533,2.468672,0.000000,2.2141080,0.000000,1.768699,1.5945123,2.224536,2.021139,2.184434,1.758537,2.079157,2.056737,0.000000,1.9124422,0.000000,0.000000,0.000000,0.000000,0.000000,1.599211,0.000000,2.417225,1.985075,1.765501,0.0000000,0.0000000,1.861227,1.502220,2.197167,1.7963093,0.000000,1.7263947,0.000000,1.556797,2.1681145,2.061796,1.993815,0.0000000,1.7840149,2.119614,1.553879,0.000000,1.785207,0.000000,2.202010,0.000000,0.000000,1.9529530,2.204967,1.644699,0.0000000,2.591841,2.081538,1.9513701
0.000000,2.323626,0.0000000,1.923268,0.0000000,0.000000,1.7078134,2.205847,2.099364,0.000000,1.8438864,2.1610769,2.230995,2.475759,2.112383,2.480532,0.000000,2.2729803,0.000000,0.000000,1.9445290,2.041112,1.965158,2.240925,0.000000,2.020708,2.046152,0.000000,0.0000000,1.859198,1.902054,1.791148,0.000000,0.000000,1.789959,0.000000,2.556347,2.059065,0.000000,0.0000000,0.0000000,2.153803,1.607936,2.182165,0.0000000,0.000000,0.0000000,0.000000,0.000000,2.2147892,0.000000,2.202397,0.0000000,1.8598318,2.099941,0.000000,0.000000,2.108691,0.000000,2.350367,0.000000,0.000000,2.1776427,2.160329,1.769316,0.0000000,2.583795,0.000000,1.9438613
0.000000,2.233785,1.3217110,1.733347,1.6480625,0.000000,0.0000000,2.105904,1.867832,0.000000,0.0000000,2.1323815,2.281774,2.435433,2.161507,2.422023,1.810980,2.3542987,0.000000,1.834585,1.8729902,2.115036,1.968049,2.272342,0.000000,2.150514,1.943139,2.132472,2.1275019,0.000000,1.970122,0.000000,0.000000,0.000000,1.732928,0.000000,2.494949,1.940712,0.000000,0.0000000,0.0000000,1.962885,1.543425,2.006239,1.8423624,0.000000,1.7588895,0.000000,1.596661,2.1219528,2.115456,2.104595,0.0000000,0.0000000,2.076358,0.000000,0.000000,0.000000,0.000000,2.275283,1.570879,1.737896,2.0160418,2.162992,0.000000,0.0000000,2.611374,1.989490,1.8869315
0.000000,2.142888,0.0000000,1.803902,0.0000000,0.000000,0.0000000,2.134706,1.968150,0.000000,0.0000000,2.1543299,2.257037,2.446196,2.179597,2.381773,2.045764,2.3331586,0.000000,1.818426,1.5256505,2.000029,1.992464,2.300920,1.822449,2.135811,1.942048,2.116740,2.0725662,0.000000,1.920817,0.000000,0.000000,0.000000,1.693486,0.000000,2.467513,1.971290,0.000000,0.0000000,0.0000000,1.979149,1.535382,2.015101,1.6735875,0.000000,1.8804127,0.000000,1.399471,2.0839390,2.030288,2.004402,0.0000000,0.0000000,2.143216,1.976401,0.000000,0.000000,0.000000,2.194025,0.000000,0.000000,2.0900474,2.170364,0.000000,0.0000000,2.617503,2.136912,1.8925260
0.000000,2.127260,0.0000000,1.892009,1.6521775,0.000000,1.6644223,2.120240,2.004560,0.000000,1.8800469,2.1270320,2.278192,2.426850,2.164180,2.450431,2.083190,2.4123214,1.603175,1.750527,0.0000000,2.204638,2.055053,2.262712,1.785922,2.280536,1.961574,2.202698,0.0000000,1.715064,0.000000,0.000000,0.000000,0.000000,1.698593,0.000000,2.455450,2.024909,1.546204,0.0000000,0.0000000,1.974118,1.454867,2.106901,1.5987821,0.000000,1.6553345,0.000000,1.773863,2.1195062,0.000000,1.942748,0.0000000,1.8474278,2.324809,1.559864,0.000000,1.948632,0.000000,2.257834,0.000000,1.549043,2.0821693,2.078206,1.790809,0.0000000,2.621073,1.978194,1.8741258
0.000000,2.146635,0.0000000,1.727059,0.0000000,0.000000,0.0000000,2.023896,2.118406,0.000000,0.0000000,2.1014313,2.220174,2.425337,2.176213,2.376432,2.061120,2.4412124,0.000000,1.668550,0.0000000,2.104631,1.862115,2.238547,1.688475,2.296548,2.029902,2.214236,2.1467726,0.000000,1.958451,0.000000,0.000000,0.000000,0.000000,0.000000,2.478365,1.985455,0.000000,0.0000000,0.0000000,0.000000,0.000000,2.182294,0.0000000,0.000000,1.8978499,0.000000,0.000000,2.1073368,2.021866,1.836418,0.0000000,0.0000000,2.051445,0.000000,0.000000,1.793630,0.000000,2.250110,0.000000,1.646141,1.9999376,2.170238,1.799248,0.0000000,2.597442,0.000000,2.0307615
0.000000,2.132470,1.8106851,0.000000,1.6805364,0.000000,1.7082484,2.087647,2.041042,0.000000,1.6051030,2.1874918,2.238774,2.432045,2.235286,2.446993,1.924398,2.3099454,1.818835,1.834046,1.9475604,2.168629,1.966967,2.248917,1.806486,2.121489,1.987291,2.054225,1.3399873,1.443417,1.960430,0.000000,1.983947,0.000000,1.821188,0.000000,2.484381,1.978719,0.000000,1.6995991,0.0000000,1.862196,0.000000,2.186880,1.4262216,1.511019,1.7336143,0.000000,0.000000,2.1204394,2.099292,2.057267,1.6603457,1.8720020,2.327895,1.579710,1.947445,1.991208,0.000000,2.225559,1.786028,2.015473,2.0730984,2.146751,1.739092,0.0000000,2.593881,1.983601,1.9073787
0.000000,2.133483,1.6143532,1.709996,1.8710254,0.000000,1.9203970,2.005692,1.611700,0.000000,1.5760444,2.1772736,2.228211,2.433622,2.235849,2.472073,1.991174,2.3263373,1.727408,1.735885,1.8502315,2.152033,1.932928,2.240027,1.846952,2.162481,2.058417,2.093455,0.0000000,1.878508,1.926592,0.000000,0.000000,0.000000,1.795075,0.000000,2.441721,1.978727,0.000000,1.3818194,0.0000000,1.933277,1.625326,2.038366,0.0000000,0.000000,1.9171186,0.000000,1.641355,2.1388217,2.063699,2.142751,2.1316195,1.7091539,2.342688,0.000000,1.867780,1.796266,0.000000,2.216177,1.688609,2.051768,1.9908405,2.220485,1.677052,0.0000000,2.574417,1.930762,1.8562511
0.000000,2.241117,1.7896631,1.862115,1.7185730,0.000000,1.7425936,2.184428,1.866111,0.000000,1.7732897,2.2462618,2.178990,2.432553,2.223744,2.466262,1.898205,2.3177508,1.773532,1.827183,1.6385246,2.166461,2.030223,2.238010,1.905510,2.136901,1.817849,2.024563,0.0000000,1.448008,2.011445,0.000000,1.960955,0.000000,1.913292,0.000000,2.488563,1.977094,0.000000,0.0000000,0.0000000,1.981275,1.755713,2.180992,1.7941392,1.758749,1.8459202,0.000000,0.000000,2.0778118,2.211156,2.218102,0.0000000,1.8344608,2.324976,1.346296,1.446916,1.957883,0.000000,2.301143,0.000000,1.966611,2.1304942,2.125590,1.923340,0.0000000,2.584712,2.096630,1.8082869
0.000000,2.115056,1.7439248,1.843321,1.8526092,0.000000,1.9468525,2.154602,1.930069,0.000000,1.6689823,2.2097090,2.240402,2.436900,2.230707,2.472881,1.950325,2.2986908,1.612745,1.759942,2.0354081,2.147553,1.946102,2.255464,1.834693,2.126342,2.021634,2.040316,0.0000000,1.637508,1.865769,0.000000,0.000000,0.000000,1.871933,0.000000,2.475238,1.973567,0.000000,1.6208396,0.0000000,1.923416,0.000000,2.123641,1.5365614,1.854967,1.9406641,0.000000,1.764962,2.0709826,2.044874,2.113775,0.0000000,1.7995462,2.348769,1.264801,1.439853,1.997116,0.000000,2.081112,1.366898,2.046206,2.0265323,2.180416,1.675012,0.0000000,2.584830,2.095337,1.8777641
0.000000,1.977203,1.5866442,1.787377,0.0000000,1.604953,1.6098106,2.103384,1.806426,0.000000,0.0000000,2.1786039,2.149374,2.457053,2.225183,2.385367,1.975455,2.4390098,1.777132,1.960215,1.9331829,2.190418,2.113721,2.233992,2.000921,2.281534,0.000000,2.163677,2.2131004,1.437567,2.170340,0.000000,0.000000,0.000000,1.874083,0.000000,2.301278,1.624124,0.000000,0.0000000,0.0000000,1.863708,1.536225,1.362324,1.8124718,1.418975,1.8509822,0.000000,0.000000,2.0671005,2.142940,1.952598,0.0000000,1.6241239,2.309824,0.000000,0.000000,1.839718,0.000000,2.302100,0.000000,1.888415,2.0224393,2.064317,1.929993,0.0000000,2.578401,1.888470,2.0342082
0.000000,0.000000,0.0000000,0.000000,0.0000000,0.000000,1.5528613,2.046962,2.108119,0.000000,1.9344306,2.1990170,2.175460,2.416799,2.178737,2.433045,1.915337,2.3882249,0.000000,1.959887,1.8582135,2.016123,1.978751,2.184052,1.876484,2.162719,0.000000,2.084920,2.2279409,0.000000,1.987640,0.000000,0.000000,0.000000,0.000000,0.000000,2.457877,2.026019,0.000000,0.0000000,0.0000000,1.933672,0.000000,2.225234,0.0000000,1.784346,1.6788277,0.000000,0.000000,2.0951972,2.195510,1.979519,0.0000000,0.0000000,2.156309,0.000000,1.898965,0.000000,0.000000,2.240594,0.000000,1.897654,2.1871660,2.172444,1.707635,0.0000000,2.508663,0.000000,1.9217547
0.000000,0.000000,0.0000000,0.000000,0.0000000,0.000000,0.0000000,1.867352,0.000000,0.000000,1.8142265,2.2671190,2.204970,2.464676,2.143551,2.394605,1.970741,2.3925806,0.000000,1.651810,1.7098979,2.052814,2.002278,2.149075,1.908277,2.198144,0.000000,2.235123,2.1107846,0.000000,1.969366,0.000000,0.000000,0.000000,0.000000,0.000000,2.470872,0.000000,0.000000,0.0000000,0.0000000,0.000000,1.852696,2.035819,0.0000000,1.848456,1.6780143,0.000000,0.000000,1.9689405,2.025139,1.954404,0.0000000,0.0000000,2.291326,0.000000,0.000000,0.000000,0.000000,2.189405,0.000000,0.000000,2.0484640,1.939473,1.910669,0.0000000,2.611218,1.984344,2.0107988
0.000000,0.000000,0.0000000,0.000000,0.0000000,0.000000,0.0000000,2.039535,1.554031,0.000000,0.0000000,2.1836723,1.948017,2.455961,2.275065,2.442783,0.000000,2.2838755,0.000000,1.886358,0.0000000,2.185390,2.002570,2.198985,1.678445,2.106843,1.809471,1.836769,2.2939970,1.571063,2.049939,0.000000,0.000000,0.000000,2.048350,0.000000,2.449370,0.000000,0.000000,0.0000000,0.0000000,0.000000,0.000000,1.740279,0.0000000,1.709095,1.6866015,0.000000,0.000000,1.9743769,2.225274,2.277567,1.9041502,0.0000000,2.165113,0.000000,1.938444,0.000000,0.000000,2.262901,0.000000,1.958243,1.8822560,2.093046,0.000000,0.0000000,2.509887,1.574385,1.8734195
0.000000,0.000000,0.0000000,1.849781,0.0000000,0.000000,1.8349734,2.007592,2.033784,1.845882,0.0000000,2.1307461,2.103779,2.441925,2.274149,2.391249,0.000000,2.2403371,0.000000,1.760863,0.0000000,2.150183,2.026323,2.079920,0.000000,2.025240,0.000000,0.000000,2.1889347,0.000000,1.999767,0.000000,0.000000,0.000000,1.955359,0.000000,2.468350,1.645319,0.000000,0.0000000,0.0000000,1.461993,0.000000,0.000000,0.0000000,0.000000,1.6894143,0.000000,0.000000,0.0000000,0.000000,2.331313,0.0000000,0.0000000,2.186511,0.000000,1.859267,1.410459,0.000000,2.011622,0.000000,0.000000,2.1256595,1.909589,0.000000,0.0000000,2.471677,1.879716,1.7967871
0.000000,0.000000,0.0000000,1.825990,0.0000000,0.000000,1.7424835,1.940575,1.801332,0.000000,0.0000000,2.0258625,2.163747,2.475122,2.309977,2.404415,1.506110,2.2110611,0.000000,1.982635,1.3011337,2.095862,2.053061,2.210728,1.898288,1.891955,1.549668,0.000000,2.2386326,0.000000,2.082195,0.000000,0.000000,1.910097,1.995750,1.757061,2.586774,2.156851,1.705499,1.8501725,1.7435657,1.502423,1.922007,1.376663,1.6642131,1.748136,1.8856295,0.000000,1.679138,1.8795258,2.153795,2.005534,0.0000000,1.6470171,1.846133,0.000000,0.000000,1.650960,0.000000,2.283219,1.732626,1.966686,2.1385455,1.952618,0.000000,0.0000000,2.473061,1.486883,1.9234328
0.000000,1.775633,0.0000000,0.000000,0.0000000,0.000000,1.9091029,2.057614,2.157204,2.037583,0.0000000,2.2592723,2.293900,2.443036,2.231420,2.422541,2.114195,2.3623189,0.000000,1.857740,0.0000000,2.185995,2.057359,2.198321,1.771595,2.173679,2.145926,2.034252,2.2662536,0.000000,2.015919,0.000000,0.000000,2.103113,2.081090,0.000000,2.571596,0.000000,1.939283,1.6057409,1.7283967,1.818380,1.863674,2.173953,0.0000000,1.688677,1.8188812,0.000000,0.000000,2.0251723,2.076921,2.140885,0.0000000,0.0000000,2.409774,0.000000,0.000000,1.681313,0.000000,2.308773,0.000000,1.916918,2.0485090,2.270504,0.000000,0.0000000,2.579147,0.000000,1.8921007
0.000000,0.000000,0.0000000,0.000000,0.0000000,0.000000,1.8111657,2.125203,1.790481,1.822612,0.0000000,2.3001167,2.165855,2.484323,2.347235,2.516408,1.820512,2.3541476,0.000000,1.975583,0.0000000,1.915661,1.826289,2.262036,0.000000,2.122987,0.000000,2.153680,2.1371520,0.000000,1.883183,0.000000,0.000000,0.000000,2.156001,0.000000,2.567895,1.924570,0.000000,1.7570178,0.0000000,0.000000,0.000000,1.802804,0.0000000,0.000000,1.8097089,0.000000,0.000000,1.9379241,2.253674,1.970529,0.0000000,0.0000000,2.383910,0.000000,0.000000,0.000000,0.000000,2.376020,0.000000,1.891723,2.0602635,0.000000,0.000000,0.0000000,2.614548,2.022561,1.7876548
0.000000,1.825690,0.0000000,0.000000,0.0000000,0.000000,0.0000000,1.918788,0.000000,0.000000,0.0000000,2.1432847,2.157471,2.422427,2.214881,2.419446,1.839694,2.2227646,0.000000,1.633347,1.4995562,1.970218,1.741789,2.198109,1.712147,2.055085,1.926266,2.124174,2.1395912,0.000000,0.000000,0.000000,0.000000,0.000000,0.000000,0.000000,2.477142,1.916083,0.000000,1.9119387,1.9841935,0.000000,0.000000,0.000000,0.0000000,1.916593,0.0000000,0.000000,0.000000,2.1198200,2.123362,1.836630,0.0000000,1.7996206,2.072128,0.000000,0.000000,1.670096,0.000000,2.279218,0.000000,0.000000,1.9495778,2.031635,1.731833,1.5559971,2.502350,1.895470,1.9188977
0.000000,0.000000,0.0000000,0.000000,0.0000000,0.000000,0.0000000,1.890347,2.083798,0.000000,0.0000000,2.1901515,2.102781,2.423677,2.221876,2.414667,0.000000,2.3600382,0.000000,1.969831,0.0000000,2.041663,1.933660,2.214706,1.907091,2.228490,0.000000,2.073407,2.1459668,0.000000,0.000000,0.000000,0.000000,0.000000,0.000000,0.000000,2.454261,0.000000,0.000000,2.0067835,2.0119678,1.792551,1.685096,2.172095,0.0000000,1.827392,1.5775111,0.000000,0.000000,2.0400206,2.030330,1.980379,0.0000000,1.6042739,2.214215,0.000000,1.623183,0.000000,1.367582,2.108307,0.000000,1.633220,2.0598990,1.970660,1.787076,0.0000000,2.487894,0.000000,1.9201585
0.000000,0.000000,0.0000000,0.000000,0.0000000,0.000000,0.0000000,2.169986,2.004514,0.000000,0.0000000,0.0000000,2.144104,2.526915,2.238183,2.377739,0.000000,2.3166821,0.000000,0.000000,0.0000000,2.066502,2.253220,2.254066,0.000000,1.905291,0.000000,1.917105,2.3903529,0.000000,2.196417,0.000000,0.000000,0.000000,2.127081,0.000000,2.549345,2.059294,0.000000,0.0000000,0.0000000,0.000000,0.000000,0.000000,0.0000000,0.000000,0.0000000,0.000000,0.000000,0.0000000,2.320697,2.104028,0.0000000,0.0000000,2.007697,0.000000,0.000000,0.000000,0.000000,2.278726,0.000000,1.803147,2.1680111,1.864367,0.000000,0.0000000,2.637547,1.830529,0.0000000
0.000000,1.936631,1.8494766,1.817044,0.0000000,0.000000,0.0000000,2.050793,1.626123,0.000000,0.0000000,2.1434146,2.201316,2.504378,2.225061,2.366625,2.081219,2.4953115,1.900172,2.115405,1.4007488,2.255150,2.129615,2.202035,1.962684,2.315356,2.201136,2.140211,2.3411953,1.460640,2.198029,0.000000,1.407686,1.960578,1.986131,0.000000,2.439822,2.053820,0.000000,0.0000000,1.5315644,1.624023,0.000000,1.442486,0.0000000,0.000000,1.7474985,0.000000,1.860545,2.0166990,2.142904,1.955801,1.6865788,0.0000000,2.186038,2.194583,2.047087,1.452224,0.000000,2.225383,1.701982,1.899623,2.2067897,2.109391,1.907657,1.4898803,2.554676,2.002814,0.0000000
0.000000,1.931407,0.0000000,0.000000,0.0000000,0.000000,1.7036187,2.134309,0.000000,0.000000,0.0000000,2.2794456,2.142555,2.456371,2.351413,2.462687,0.000000,2.1922356,0.000000,1.886189,0.0000000,1.998459,2.041079,2.290076,0.000000,2.108027,2.150748,1.864288,2.1204253,0.000000,2.035044,0.000000,2.114945,0.000000,2.039434,0.000000,2.457451,2.053993,0.000000,0.0000000,1.8858106,1.998685,1.775230,1.606003,1.9148944,0.000000,0.0000000,0.000000,0.000000,2.0338986,2.299388,2.154901,0.0000000,0.0000000,2.303231,0.000000,1.941051,1.848381,0.000000,2.332018,1.729774,0.000000,2.0863886,2.146572,0.000000,1.5949921,2.571023,2.022691,1.9660342
0.000000,1.928501,0.0000000,0.000000,0.0000000,0.000000,0.0000000,2.161349,1.927653,0.000000,0.0000000,2.2699901,2.246225,2.488634,2.364197,2.439789,0.000000,2.2120331,0.000000,1.866301,2.0963473,2.055515,1.983741,2.298761,0.000000,1.994616,2.128878,0.000000,2.3006020,1.662529,2.121704,0.000000,0.000000,0.000000,2.032352,0.000000,2.511744,2.139815,0.000000,0.0000000,0.0000000,1.985147,0.000000,2.119544,0.0000000,0.000000,1.8695117,0.000000,0.000000,2.0406071,2.099876,2.177063,2.1907962,0.0000000,2.134643,0.000000,0.000000,0.000000,0.000000,2.329317,1.681290,1.811068,2.0967962,2.124802,0.000000,0.0000000,2.564935,2.166272,1.9725982
0.000000,0.000000,0.0000000,0.000000,0.0000000,0.000000,0.0000000,2.123758,1.989451,0.000000,0.0000000,2.0223679,2.154769,2.486792,2.133745,2.475477,0.000000,2.1339334,0.000000,0.000000,0.0000000,0.000000,1.984323,2.209235,0.000000,0.000000,0.000000,0.000000,1.9258885,0.000000,0.000000,0.000000,0.000000,0.000000,1.779671,0.000000,2.484040,1.929223,0.000000,0.0000000,0.0000000,0.000000,0.000000,2.148719,0.0000000,0.000000,1.8138235,0.000000,0.000000,1.9311527,2.106529,0.000000,1.9580249,0.0000000,2.196400,0.000000,0.000000,0.000000,0.000000,2.111185,0.000000,0.000000,0.0000000,2.118007,0.000000,0.0000000,2.601817,2.173151,1.9810380
0.000000,1.803157,1.6917164,0.000000,0.0000000,0.000000,0.0000000,2.017741,1.890467,0.000000,0.0000000,2.0952130,2.226060,2.490377,2.232805,2.467358,0.000000,2.2138202,0.000000,1.988594,0.0000000,1.998742,2.025766,2.206833,1.862345,1.985386,0.000000,1.622304,2.0938170,0.000000,1.995117,0.000000,0.000000,0.000000,1.836385,0.000000,2.472039,0.000000,1.696839,1.8301879,2.0071972,0.000000,0.000000,2.093525,0.0000000,0.000000,1.8172874,0.000000,0.000000,1.7407576,2.013369,2.081565,2.1400348,0.0000000,2.350273,0.000000,0.000000,0.000000,0.000000,2.058567,0.000000,0.000000,1.9486286,2.049115,1.591482,0.0000000,2.626950,0.000000,1.9832013
0.000000,1.948487,0.0000000,0.000000,0.0000000,0.000000,0.0000000,2.008658,2.103935,0.000000,0.0000000,2.2056698,2.250173,2.477721,2.226355,2.456020,0.000000,2.3004091,0.000000,2.120665,0.0000000,2.036804,2.179992,2.255566,2.021558,2.064521,0.000000,0.000000,2.2687043,0.000000,2.035955,0.000000,2.005989,0.000000,1.990356,0.000000,2.430110,1.757857,0.000000,0.0000000,0.0000000,1.677534,1.467309,2.091297,0.0000000,0.000000,1.7664278,0.000000,0.000000,1.8489561,0.000000,2.009754,2.1293872,0.0000000,2.331913,0.000000,0.000000,1.627114,0.000000,2.175951,0.000000,0.000000,2.1792430,2.035548,0.000000,0.0000000,2.596597,2.037008,2.0348030
0.000000,1.800690,0.0000000,2.012767,0.0000000,0.000000,1.8401236,2.118488,1.994845,0.000000,0.0000000,2.1949781,1.699453,2.486323,2.233501,2.438948,0.000000,2.1881071,0.000000,1.907264,0.0000000,1.855081,2.035988,2.168232,1.947452,1.878076,2.134065,0.000000,2.0498630,1.850813,1.952026,0.000000,0.000000,0.000000,2.158307,1.857348,2.527304,1.982661,0.000000,1.7414250,0.0000000,1.749118,1.803509,2.117368,0.0000000,0.000000,0.0000000,0.000000,0.000000,1.9488744,0.000000,2.056218,2.2347964,0.0000000,2.237506,2.166929,1.608084,0.000000,0.000000,2.296072,1.665801,0.000000,2.1668764,2.140408,0.000000,0.0000000,2.511699,2.202307,1.9636727
0.000000,1.865189,0.0000000,0.000000,0.0000000,0.000000,0.0000000,0.000000,0.000000,0.000000,0.0000000,2.1430098,2.233562,2.449351,2.204418,2.424597,0.000000,2.1475449,0.000000,1.951763,1.4071261,2.034283,2.013292,2.280747,1.724366,1.926538,2.017809,0.000000,2.1994849,1.637230,2.062489,0.000000,0.000000,0.000000,0.000000,0.000000,2.433324,0.000000,0.000000,0.0000000,1.6921553,0.000000,1.618394,2.097052,1.9688405,0.000000,1.8622843,0.000000,0.000000,1.8752639,0.000000,2.033424,2.1372676,0.0000000,2.264651,1.629888,1.899689,1.657505,0.000000,2.037878,1.323409,1.422218,2.1095678,2.053772,1.835591,0.0000000,2.486453,2.091303,1.8768290
0.000000,1.791554,0.0000000,0.000000,0.0000000,0.000000,0.0000000,1.790061,2.100350,0.000000,0.0000000,2.0689776,2.179789,2.483470,2.202563,2.432749,0.000000,2.3525399,0.000000,2.014167,0.0000000,2.134289,2.179553,2.363898,0.000000,2.194738,0.000000,0.000000,2.2951321,0.000000,1.974276,0.000000,0.000000,0.000000,0.000000,1.841783,2.465423,1.885811,0.000000,2.1017640,2.0200714,0.000000,0.000000,2.181899,0.0000000,0.000000,0.0000000,0.000000,0.000000,2.0227266,0.000000,2.029493,2.1799799,0.0000000,2.304579,0.000000,0.000000,0.000000,0.000000,2.331745,0.000000,0.000000,0.0000000,2.006144,0.000000,0.0000000,2.561289,2.115791,1.9685666
0.000000,1.983619,1.8719267,0.000000,1.6257916,0.000000,1.7583107,1.994495,1.688430,0.000000,1.1523487,2.1077092,2.053096,2.467008,2.229128,2.396049,0.000000,2.3167181,1.704794,1.875576,1.8449723,2.168146,1.875270,2.242573,1.527781,2.165208,1.675695,2.119842,0.0000000,1.665542,1.904008,1.400517,1.869127,1.725886,1.760585,0.000000,2.286234,1.777616,0.000000,2.0602567,1.7805114,1.816667,1.580102,1.753786,1.7522906,0.000000,1.7619846,0.000000,0.000000,1.9139866,0.000000,2.061115,1.1879469,1.5749249,2.181631,2.067378,1.952262,1.766962,0.000000,2.190439,1.596463,1.779927,1.9246624,2.151755,0.000000,0.0000000,2.570944,1.795436,1.8429632
0.000000,1.882888,1.7072382,0.000000,2.1245037,0.000000,0.0000000,1.999104,2.045867,0.000000,0.0000000,2.0960496,1.923931,2.423815,2.192625,2.395865,1.498660,2.1433383,1.379773,1.891696,0.0000000,2.010778,1.935747,2.170274,1.819602,1.972738,1.834742,1.770831,2.1142187,1.565269,1.950373,0.000000,0.000000,0.000000,1.939559,0.000000,2.483129,1.942081,0.000000,2.1854282,2.0045181,1.754557,1.961587,2.115607,1.8612066,1.595152,1.8104786,0.000000,0.000000,1.1876350,1.990373,2.035078,0.0000000,1.7227947,2.079795,0.000000,1.651527,1.724490,0.000000,2.242949,0.000000,1.881942,2.0793317,2.081245,1.689459,1.6587017,2.548332,2.046479,1.9167713
0.000000,1.971800,1.5809285,0.000000,2.1548526,0.000000,1.6761323,0.000000,0.000000,0.000000,0.0000000,1.6758408,2.098091,2.460147,2.169660,2.452932,1.500174,2.3541000,1.917212,1.825009,1.9312084,2.176997,1.945460,2.251118,1.915944,2.189026,1.725075,2.090802,0.0000000,1.322562,1.480432,0.000000,0.000000,0.000000,1.942726,0.000000,2.411637,1.817456,0.000000,0.0000000,0.0000000,0.000000,0.000000,1.863701,1.6877778,0.000000,1.8336801,0.000000,0.000000,1.7563312,2.103285,2.027173,0.0000000,1.6586746,2.029811,1.642916,1.695322,0.000000,0.000000,2.103012,0.000000,1.807656,2.0902802,2.042490,1.961453,0.0000000,2.503073,1.791980,1.8606680
1.722759,0.000000,1.6524876,2.004154,0.0000000,0.000000,1.6100297,2.198162,2.000806,0.000000,0.0000000,2.1673785,2.168628,2.449213,2.171528,2.429152,0.000000,2.3388174,1.454078,1.862305,1.4913970,2.082555,2.126179,2.177925,1.774231,2.181688,1.952268,2.039085,0.0000000,0.000000,1.911312,0.000000,0.000000,1.575910,2.043276,0.000000,2.504189,1.983975,0.000000,0.0000000,0.0000000,1.954797,0.000000,2.148729,1.7244369,1.839718,1.8969178,0.000000,0.000000,1.9671460,2.146384,2.065358,2.0518381,1.8636611,1.944626,0.000000,0.000000,1.960174,0.000000,2.236256,1.819934,1.715215,2.1985491,2.059307,0.000000,0.0000000,2.605842,1.872791,1.9265260
0.000000,1.989927,1.8153905,0.000000,0.0000000,0.000000,1.7517739,2.155584,2.028658,0.000000,1.4674728,2.0884620,2.061867,2.451410,2.222555,2.372883,0.000000,2.3830786,1.738463,1.929505,1.6427667,2.174931,2.054469,2.206317,1.934822,2.255589,1.998760,2.094947,0.0000000,1.272011,1.947263,0.000000,0.000000,0.000000,2.101935,0.000000,2.434993,2.019683,0.000000,1.4431381,0.0000000,1.979001,0.000000,1.654113,1.7685403,1.604538,1.8240928,0.000000,0.000000,1.8717821,1.574655,2.069306,0.0000000,0.0000000,2.237321,0.000000,1.931546,1.899908,1.116073,2.222362,1.780183,1.762026,2.1635228,2.088802,1.903183,0.0000000,2.603396,1.842729,1.7883350
0.000000,0.000000,0.0000000,0.000000,0.0000000,0.000000,0.0000000,1.991051,1.893442,0.000000,0.0000000,2.1675915,2.260927,2.424371,2.133390,2.385493,2.057831,2.3847090,0.000000,1.924951,2.0428637,2.171965,1.994514,2.195605,1.793630,2.188568,1.898909,2.134209,0.0000000,0.000000,1.854188,0.000000,0.000000,0.000000,1.978466,0.000000,2.489098,1.641174,0.000000,1.8313110,1.3784826,1.602718,0.000000,1.902234,0.0000000,1.833805,1.8231343,0.000000,1.666783,2.1286171,0.000000,2.158602,1.8929660,1.5863083,2.174343,0.000000,0.000000,2.048428,0.000000,2.157428,0.000000,1.918287,2.1175363,2.076556,0.000000,0.0000000,2.339848,1.928737,1.7519365
0.000000,0.000000,0.0000000,1.916070,0.0000000,0.000000,0.0000000,2.068110,2.044913,0.000000,0.0000000,1.9551982,2.103700,2.461436,2.239904,2.410504,2.034006,2.3603794,0.000000,2.003567,0.0000000,2.207881,2.006097,2.236870,1.926427,2.227045,0.000000,2.062697,0.0000000,0.000000,2.009021,0.000000,0.000000,0.000000,1.906942,0.000000,2.409094,1.948341,0.000000,0.0000000,0.0000000,1.881405,1.443045,2.213351,0.0000000,1.668346,1.7924058,0.000000,1.805113,2.1627830,1.997209,1.889547,0.0000000,0.0000000,2.207663,0.000000,1.791497,1.704572,0.000000,2.023664,0.000000,1.809659,2.0800085,2.165917,1.954823,0.0000000,2.516602,0.000000,1.9547339
0.000000,1.571293,0.0000000,0.000000,0.0000000,0.000000,0.0000000,2.059586,0.000000,0.000000,0.0000000,2.1841162,2.196380,2.446046,2.218227,2.417523,1.934081,2.3783364,1.454341,1.958426,1.7786165,2.173138,2.028829,2.203817,1.979998,2.202688,1.510502,2.134359,0.0000000,0.000000,1.429046,0.000000,0.000000,0.000000,1.791205,0.000000,2.321100,1.849610,0.000000,0.0000000,0.0000000,1.924570,0.000000,2.241171,1.5854234,1.620051,1.4650847,0.000000,0.000000,2.1345330,2.193863,1.986688,1.5112131,1.6275082,2.203108,1.571522,1.832316,1.637323,0.000000,2.209197,0.000000,1.904729,2.1034289,2.102605,1.899567,1.6027176,2.504498,0.000000,2.0547436
0.000000,1.594592,0.0000000,0.000000,0.0000000,0.000000,1.2820915,1.975198,1.724561,0.000000,0.0000000,2.1312665,2.136818,2.433611,2.151896,2.407065,2.055169,2.3692001,1.790956,1.966019,1.9780085,2.270260,1.995420,2.194860,1.935589,2.234099,2.013833,2.161625,0.0000000,0.000000,1.410129,0.000000,0.000000,0.000000,1.936054,0.000000,2.326141,1.837743,0.000000,1.0917962,0.0000000,1.751981,0.000000,1.950045,0.0000000,1.707218,1.6234857,0.000000,1.529479,2.0421888,2.070738,1.980854,1.9397227,0.0000000,2.272520,1.574205,0.000000,1.802721,0.000000,2.170426,1.426628,1.576668,2.0481108,2.057656,1.931923,0.0000000,2.514426,0.000000,2.0834464
2.074988,2.139026,1.7543392,1.803922,0.0000000,0.000000,1.7242415,2.082068,2.135785,0.000000,1.8116740,2.1811912,2.148686,2.428266,2.201732,2.393189,2.052707,2.3699419,1.815400,2.040784,2.0604689,2.280376,2.048645,2.217926,1.999205,2.246100,2.044809,2.113356,0.0000000,0.000000,1.443974,0.000000,1.198609,1.786669,1.933238,0.000000,2.439278,2.057014,0.000000,2.3002514,2.1831935,1.993318,1.640660,1.392959,0.0000000,1.853721,1.6418068,0.000000,0.000000,2.0853788,2.128229,2.044203,1.5813185,1.7386244,2.289162,1.769579,1.840750,1.722057,0.000000,2.273400,0.000000,1.673612,2.0917349,2.118439,1.924083,1.7634534,2.558646,0.000000,1.8910450
0.000000,1.822160,1.7704405,0.000000,0.0000000,0.000000,1.8390224,2.098677,2.152692,0.000000,0.0000000,2.1633065,2.116033,2.441330,2.241386,2.420654,0.000000,2.2634596,0.000000,2.052765,1.7194745,2.059076,1.987099,2.196106,2.023407,2.195140,0.000000,2.054738,2.1942531,1.593307,2.107002,0.000000,0.000000,0.000000,1.935804,0.000000,2.388870,1.851524,1.783314,1.6440773,0.0000000,2.017223,1.608747,2.234629,1.7285695,0.000000,1.9847988,0.000000,0.000000,2.0452591,1.988586,2.046112,1.5249945,1.6020681,2.357232,2.124155,1.905772,1.896574,0.000000,2.181473,1.543318,1.776422,2.1463585,2.179975,1.732861,0.0000000,2.635389,0.000000,2.0724413
0.000000,0.000000,1.5182358,0.000000,0.0000000,0.000000,0.0000000,1.822963,0.000000,0.000000,0.0000000,1.7819134,2.011785,2.464329,2.258453,2.460174,0.000000,2.4377170,1.956112,0.000000,1.6351435,2.318767,1.938278,2.292827,0.000000,2.271419,1.513138,2.175465,0.0000000,0.000000,2.115528,0.000000,0.000000,1.497481,1.872759,0.000000,2.367264,1.904327,0.000000,0.0000000,0.0000000,0.000000,0.000000,1.866674,1.7956005,0.000000,0.0000000,0.000000,0.000000,0.0000000,1.917576,2.032228,1.6060029,0.0000000,1.670297,0.000000,1.894500,0.000000,0.000000,2.210126,1.646813,0.000000,2.0867360,2.053592,0.000000,0.0000000,2.547263,0.000000,1.8619937
0.000000,0.000000,1.4603853,0.000000,0.0000000,0.000000,0.0000000,1.890462,1.722021,0.000000,0.0000000,2.1414416,2.330352,2.457210,2.198706,2.492543,0.000000,2.4277491,1.872666,0.000000,2.0127217,2.320090,2.068765,2.127733,1.935073,2.267239,2.049179,2.178671,1.6757678,1.502152,2.069934,0.000000,0.000000,0.000000,1.938718,0.000000,2.451030,1.806496,0.000000,1.6896148,0.0000000,0.000000,1.821743,2.078806,0.0000000,1.397010,0.0000000,0.000000,0.000000,2.1471953,2.259489,2.139644,0.0000000,0.0000000,2.138707,1.810783,1.908353,2.082118,0.000000,2.248563,1.922937,1.978618,2.1172528,2.125049,0.000000,0.0000000,2.561336,1.603213,0.0000000
0.000000,1.845546,1.8078965,0.000000,0.0000000,0.000000,0.0000000,2.073104,1.799578,0.000000,0.0000000,0.0000000,2.236351,2.472370,2.213572,2.395140,0.000000,2.3756910,1.715347,1.951485,0.0000000,2.266545,2.089836,2.249781,1.897576,2.228700,0.000000,2.082244,0.0000000,0.000000,2.022595,0.000000,0.000000,0.000000,1.936673,0.000000,2.450862,1.420132,0.000000,1.7671487,0.0000000,0.000000,0.000000,0.000000,0.0000000,0.000000,0.0000000,0.000000,0.000000,1.8855672,0.000000,1.992253,0.0000000,1.5586830,2.139568,2.083114,1.631370,0.000000,0.000000,2.140033,0.000000,1.514474,2.1434316,2.002021,1.718111,0.0000000,2.599847,0.000000,1.9407637
0.000000,1.554335,1.7558429,1.582526,0.0000000,0.000000,1.2462787,2.082069,2.104441,1.305596,1.6305343,2.0117847,2.204392,2.463951,2.244159,2.380579,1.632075,2.4100513,2.046797,1.977620,1.7615010,2.359840,2.092472,2.259230,1.988664,2.235313,2.132115,1.939066,0.0000000,1.777207,0.000000,0.000000,0.000000,0.000000,1.852282,0.000000,2.369718,0.000000,0.000000,1.8135638,0.0000000,1.939697,0.000000,2.178767,1.7863196,0.000000,1.5886872,0.000000,0.000000,1.3599278,0.000000,2.205723,0.0000000,0.0000000,2.070369,1.650618,1.446093,1.978139,0.000000,2.174686,0.000000,1.888742,2.1806746,2.054024,1.224756,0.0000000,2.473607,1.773647,1.6303407
1.906638,1.889305,1.8544817,0.000000,0.0000000,0.000000,0.0000000,2.085619,1.799174,0.000000,0.0000000,2.1052608,2.127440,2.488656,2.214467,2.424830,1.524935,2.4215831,1.926063,2.022554,2.0229327,2.332999,2.163003,2.248885,1.971627,2.266096,2.007778,2.059131,0.0000000,0.000000,1.802117,0.000000,0.000000,0.000000,2.108555,0.000000,2.459465,1.739607,0.000000,0.0000000,0.0000000,1.953281,0.000000,1.659970,1.8565402,1.700640,1.7225792,0.000000,0.000000,1.8397894,0.000000,2.138662,2.0694112,0.0000000,2.010212,0.000000,0.000000,1.842558,0.000000,2.196382,1.832568,1.744018,2.1418659,2.216107,1.678326,1.4665705,2.563341,1.832551,1.9183925
0.000000,1.883338,1.8339297,0.000000,0.0000000,0.000000,0.0000000,2.024369,1.833680,0.000000,0.0000000,2.0294927,2.126787,2.485473,2.217799,2.449342,0.000000,2.4145954,1.836801,1.996110,1.9188012,2.285345,2.047331,2.269183,0.000000,2.260443,0.000000,2.188369,1.9640251,1.357072,2.039983,0.000000,1.334767,1.840322,2.000267,1.321881,2.397802,0.000000,0.000000,0.0000000,0.0000000,0.000000,1.454692,2.015554,1.8443727,0.000000,1.9133244,0.000000,0.000000,2.0264761,2.024002,1.974907,0.0000000,0.0000000,2.026534,0.000000,1.909891,1.856948,0.000000,2.269797,1.631787,1.574205,2.1465709,2.007590,1.579185,0.0000000,2.539161,1.963664,2.0197852
0.000000,1.990319,1.7103854,0.000000,0.0000000,0.000000,0.0000000,2.043221,1.774092,1.633695,0.0000000,1.4014420,2.169584,2.422378,2.239938,2.435760,1.636486,2.3922593,1.730082,1.666112,1.8150671,2.207246,1.898025,2.173125,0.000000,2.258718,1.402018,2.190985,0.0000000,1.707179,1.812452,0.000000,0.000000,0.000000,1.922716,0.000000,2.441969,0.000000,1.772560,1.4329126,1.7742061,1.932120,1.776322,1.787539,1.8899368,1.399238,1.6935296,0.000000,1.820558,1.6179765,0.000000,2.278533,0.0000000,0.0000000,2.145459,0.000000,1.539339,2.008907,0.000000,2.235994,1.776883,0.000000,2.0244373,1.951570,1.817699,0.0000000,2.564965,0.000000,1.8579419
0.000000,1.785278,1.8649776,1.974419,0.0000000,0.000000,1.9226263,1.941679,1.719639,0.000000,0.0000000,2.1274748,2.109889,2.510883,2.232715,2.422558,1.680040,2.4535091,0.000000,2.028358,2.0323571,2.311043,2.034381,2.205006,0.000000,2.284871,0.000000,2.189888,0.0000000,0.000000,2.015976,0.000000,0.000000,1.641566,2.026536,0.000000,2.448636,0.000000,0.000000,0.0000000,0.0000000,0.000000,0.000000,1.523735,0.0000000,0.000000,0.0000000,0.000000,0.000000,0.0000000,2.010495,2.154095,0.0000000,0.0000000,2.026476,0.000000,0.000000,1.780122,0.000000,2.170451,0.000000,1.554183,2.0762592,2.072894,1.773749,0.0000000,2.554711,1.494393,1.4860700
0.000000,0.000000,1.7985861,0.000000,1.4611485,0.000000,0.0000000,2.088888,1.768197,0.000000,0.0000000,2.0287650,2.162407,2.442276,2.212383,2.414421,1.601070,2.3932164,1.836451,1.927399,2.0458947,2.271676,1.936073,2.181857,1.818287,2.211017,2.032020,2.089350,0.0000000,0.000000,2.034576,0.000000,0.000000,0.000000,1.902722,0.000000,2.486062,1.582526,0.000000,1.6836908,0.0000000,1.801919,1.856188,0.000000,1.3957083,1.962393,1.6751340,0.000000,0.000000,1.9570639,2.282413,2.096869,0.0000000,1.7269370,2.135061,0.000000,1.857299,1.828140,0.000000,2.133857,0.000000,1.979858,2.0324692,2.103163,1.566170,0.0000000,2.562707,1.785653,1.4471894
0.000000,1.970492,1.8730712,1.125154,0.0000000,0.000000,1.7536108,2.053787,1.456349,0.000000,1.5293623,1.9691549,2.227056,2.495080,2.291444,2.408018,1.257118,2.4330972,2.111398,1.986105,2.0474450,2.355741,2.074692,2.240127,1.973516,2.247610,2.089653,2.002532,0.0000000,0.000000,1.913895,0.000000,0.000000,1.271366,1.878836,0.000000,2.316475,0.000000,0.000000,0.0000000,1.2185619,1.857809,1.174476,1.980587,1.3410781,0.000000,1.6840836,0.000000,1.596384,1.2883618,2.233409,2.078516,0.0000000,0.0000000,2.168612,0.000000,1.901779,1.681642,0.000000,2.055073,0.000000,1.846202,2.2274395,2.054606,1.818063,0.0000000,2.536656,1.717276,1.8096891
1.797910,2.054397,1.8834477,0.000000,2.2030027,0.000000,1.6846824,2.188626,1.858032,0.000000,1.6259243,2.0610842,2.201837,2.451741,2.217310,2.377249,1.815761,2.3528769,1.685668,0.000000,1.8690504,2.204556,2.066763,2.241767,0.000000,2.176303,1.400285,2.043359,1.7409804,0.000000,1.780232,0.000000,2.008834,0.000000,1.990309,0.000000,2.430110,1.930542,1.813708,0.0000000,0.0000000,2.055077,1.826509,1.995510,0.0000000,0.000000,0.0000000,0.000000,0.000000,2.0370292,1.954400,2.170236,1.3978339,0.0000000,2.236465,2.131233,2.083668,1.838468,1.751077,2.155751,1.646580,1.603403,2.2148937,2.084666,2.012869,0.0000000,2.478074,2.040769,1.8927515
1.931371,0.000000,1.6119892,1.902323,0.0000000,0.000000,1.5414212,2.089564,2.094315,0.000000,0.0000000,2.0898526,2.162013,2.455152,2.176086,2.397116,1.697687,2.4074756,1.941946,1.949120,2.0919020,2.313840,1.964071,2.232941,1.990008,2.240644,2.168772,2.072310,1.7756200,1.377184,2.135135,0.000000,0.000000,0.000000,1.979508,1.414386,2.428594,1.970663,0.000000,0.0000000,0.0000000,1.897214,0.000000,1.970070,1.6397175,0.000000,1.9171408,0.000000,0.000000,2.0376097,2.086390,2.101201,0.0000000,1.3479562,1.997404,1.733481,2.028187,1.830384,0.000000,2.215008,1.727894,1.780378,2.1339672,2.070079,0.000000,0.0000000,2.530918,1.812103,1.3906583
0.000000,1.959706,1.7972093,0.000000,0.0000000,0.000000,0.0000000,2.151639,1.740805,0.000000,0.0000000,2.1470859,2.278724,2.449058,2.215626,2.447139,0.000000,2.4085021,0.000000,0.000000,0.0000000,2.265414,2.130134,2.246082,1.344775,2.240153,0.000000,2.178805,0.0000000,0.000000,1.764189,1.464087,0.000000,1.540219,1.895033,1.551735,2.365864,1.815922,0.000000,0.0000000,0.0000000,1.963985,0.000000,2.041930,0.0000000,0.000000,1.9036577,0.000000,0.000000,2.1248791,2.063222,2.063079,0.0000000,0.0000000,2.255025,2.077789,1.878166,1.735242,0.000000,2.204763,0.000000,1.631242,2.0832572,2.120899,1.931360,1.7111816,2.522078,0.000000,1.9771320
0.000000,1.931312,1.7698534,0.000000,1.6788993,0.000000,0.0000000,2.230444,2.078354,0.000000,2.0535702,2.1975588,2.152960,2.452437,2.281768,2.374271,0.000000,2.2966592,0.000000,2.083645,1.7455683,2.181906,1.913804,2.168458,0.000000,2.061202,0.000000,0.000000,0.0000000,0.000000,0.000000,0.000000,0.000000,0.000000,2.106528,0.000000,2.469132,1.823977,0.000000,0.0000000,0.0000000,2.113914,1.987791,2.207578,0.0000000,0.000000,0.0000000,0.000000,0.000000,2.1638594,0.000000,2.053935,2.0640593,0.0000000,2.220429,0.000000,0.000000,1.917132,0.000000,2.273965,0.000000,1.925089,2.1627265,2.227382,1.775406,0.0000000,2.534399,0.000000,1.9432045
0.000000,2.093578,1.8752333,0.000000,0.0000000,0.000000,0.0000000,2.223204,2.077561,0.000000,2.0021260,1.8820466,2.215682,2.485334,1.970599,2.419551,2.089571,2.4165779,0.000000,0.000000,1.8374755,2.248711,1.827017,2.281459,0.000000,2.282871,1.966949,2.215596,1.7674945,2.005412,0.000000,0.000000,0.000000,0.000000,2.023634,0.000000,2.430627,0.000000,1.916794,1.7362962,0.0000000,2.165720,0.000000,2.253032,0.0000000,0.000000,0.0000000,0.000000,0.000000,2.2254264,2.168864,2.106306,2.1651709,0.0000000,2.034122,0.000000,0.000000,2.027058,0.000000,2.247442,0.000000,1.906087,2.1735395,2.152843,0.000000,0.0000000,2.510243,0.000000,0.0000000
0.000000,1.969486,1.9355662,0.000000,0.0000000,0.000000,0.0000000,2.150748,1.978439,0.000000,1.9195972,1.8462854,2.210136,2.439259,2.239222,2.374588,0.000000,2.3994816,0.000000,2.118137,1.9558112,2.291786,1.997414,2.263122,0.000000,2.156925,0.000000,1.997574,1.7592413,0.000000,1.961967,0.000000,0.000000,0.000000,1.959182,0.000000,2.459596,1.975485,0.000000,1.6387087,0.0000000,1.974191,1.902448,2.181252,1.5947123,0.000000,1.5211898,0.000000,0.000000,2.1294081,2.091351,2.029381,2.1130713,0.0000000,2.185004,0.000000,1.432716,1.913791,0.000000,2.203072,0.000000,1.841082,2.1718784,2.122144,0.000000,1.6935948,2.511706,0.000000,1.9207994
0.000000,2.066065,1.8915116,0.000000,2.1786201,0.000000,1.5622977,2.213647,1.951326,0.000000,1.9312004,1.7757330,2.209660,2.504552,2.243033,2.358842,1.827731,2.3855625,0.000000,2.051606,0.0000000,2.226474,2.015291,2.197655,1.971837,2.316874,0.000000,0.000000,1.8231523,1.716436,1.728552,0.000000,0.000000,0.000000,2.032626,0.000000,2.456914,1.862547,0.000000,0.0000000,1.5215557,2.032188,2.042782,1.842932,1.9336093,0.000000,2.0085504,0.000000,0.000000,1.9228305,0.000000,2.135195,1.5518376,0.0000000,2.231700,2.118931,1.922669,1.746873,0.000000,2.248500,1.637940,1.833380,2.2265311,2.150876,1.533055,0.0000000,2.485252,2.177678,0.0000000
0.000000,1.995001,0.0000000,0.000000,1.8829110,0.000000,0.0000000,2.142093,2.098481,0.000000,0.0000000,2.2045873,2.161248,2.421316,2.238282,2.460318,1.926402,2.4156772,0.000000,1.811908,1.7290352,1.918071,2.071140,2.119978,1.991144,2.273895,0.000000,2.194995,2.0103725,0.000000,0.000000,0.000000,0.000000,0.000000,2.021624,0.000000,2.444938,1.833580,1.638310,2.0247860,2.1126749,2.019342,0.000000,2.064944,0.0000000,1.516803,0.0000000,0.000000,0.000000,1.9961946,0.000000,1.879044,0.0000000,0.0000000,2.269329,0.000000,0.000000,0.000000,0.000000,2.157818,0.000000,0.000000,2.0931162,2.027548,0.000000,0.0000000,2.477048,0.000000,2.0505605
0.000000,1.735918,0.0000000,0.000000,1.7835757,0.000000,0.0000000,2.049098,1.692637,0.000000,0.0000000,2.0582519,2.214494,2.481131,2.267913,2.393337,1.904602,2.3787769,0.000000,2.067125,2.0535558,2.220397,2.066758,2.223457,1.966275,2.218398,0.000000,2.075584,1.7595082,0.000000,1.955877,0.000000,0.000000,0.000000,1.843243,0.000000,2.434120,1.590951,1.791913,1.7769332,0.0000000,1.878973,0.000000,0.000000,0.0000000,0.000000,1.7950529,0.000000,0.000000,1.9004756,0.000000,1.958892,0.0000000,0.0000000,2.197857,0.000000,1.717852,0.000000,0.000000,2.283351,0.000000,0.000000,2.0084276,2.172013,2.056677,0.0000000,2.415440,1.757942,1.9275502
0.000000,0.000000,1.7648805,0.000000,1.6960501,0.000000,0.0000000,1.993587,0.000000,0.000000,0.0000000,2.1928834,2.130555,2.479478,2.240451,2.429002,0.000000,2.4469905,0.000000,1.907967,0.0000000,2.140227,1.854231,2.201712,0.000000,2.267972,0.000000,2.190655,0.0000000,0.000000,1.962730,0.000000,0.000000,0.000000,2.045282,0.000000,2.479687,0.000000,0.000000,0.0000000,0.0000000,0.000000,0.000000,1.985332,0.0000000,0.000000,0.0000000,0.000000,0.000000,1.9053734,0.000000,2.071423,1.8066786,0.0000000,2.262792,0.000000,0.000000,0.000000,0.000000,2.140620,0.000000,1.621215,1.8247251,2.082890,0.000000,0.0000000,2.552922,1.673662,1.8492018
0.000000,0.000000,1.6927240,0.000000,2.1678573,0.000000,0.0000000,1.926798,0.000000,0.000000,0.0000000,2.0483889,2.041019,2.482079,2.224151,2.374066,0.000000,2.4090140,0.000000,1.941514,0.0000000,2.185062,0.000000,2.235451,1.557842,2.225226,0.000000,2.181129,1.5949122,0.000000,1.903163,0.000000,1.877656,0.000000,1.933680,0.000000,2.440677,0.000000,1.496294,0.0000000,0.0000000,0.000000,0.000000,1.837427,0.0000000,1.399704,1.6844293,0.000000,0.000000,0.0000000,0.000000,1.953827,0.0000000,0.0000000,2.289693,0.000000,0.000000,0.000000,0.000000,2.165332,0.000000,1.631595,1.9577773,2.056551,0.000000,0.0000000,2.508012,1.458163,0.0000000
0.000000,0.000000,0.0000000,0.000000,0.0000000,0.000000,0.0000000,2.165925,2.065856,0.000000,0.0000000,1.9088993,2.252626,2.474159,2.104404,2.479199,2.090157,2.4208515,0.000000,1.997176,0.0000000,2.227848,2.063645,2.300645,1.967071,2.236092,2.102017,1.920847,0.0000000,0.000000,1.974149,0.000000,0.000000,1.649847,1.913626,0.000000,2.272523,2.103041,0.000000,0.0000000,1.8776679,1.695322,0.000000,2.236021,0.0000000,1.946631,0.0000000,0.000000,1.741393,1.8003943,2.272696,2.101643,1.9190642,0.0000000,2.317281,0.000000,0.000000,0.000000,0.000000,2.307207,0.000000,0.000000,0.0000000,2.099059,0.000000,0.0000000,2.545011,1.774953,2.0162917
0.000000,2.217899,1.8868361,0.000000,1.7308325,0.000000,1.8410109,2.171196,2.161423,0.000000,0.0000000,2.1724795,2.082143,2.471594,2.204537,2.413821,0.000000,2.2266369,0.000000,0.000000,0.0000000,2.021350,2.063368,2.277332,0.000000,2.057142,0.000000,0.000000,2.1332797,0.000000,1.990141,0.000000,1.928611,2.182739,2.108080,1.746061,2.504310,0.000000,1.740901,0.0000000,2.0216774,1.966862,1.577068,2.161686,0.0000000,0.000000,0.0000000,0.000000,0.000000,1.9072828,1.969621,2.120076,0.0000000,0.0000000,2.333712,0.000000,1.736066,2.330626,0.000000,2.154032,1.889624,0.000000,2.4703956,2.030167,0.000000,1.8736926,2.587465,1.828270,1.8197957
0.000000,1.868523,1.8674751,0.000000,0.0000000,0.000000,0.0000000,2.112632,1.836451,2.027997,0.0000000,2.0312470,2.087192,2.483262,2.240233,2.397222,0.000000,2.3654328,0.000000,1.959166,2.0153089,1.991811,2.004277,2.262111,0.000000,2.193790,0.000000,0.000000,2.1396990,0.000000,1.957497,0.000000,0.000000,2.104528,2.028884,1.868768,2.488203,0.000000,0.000000,2.0970763,2.0336684,0.000000,2.030943,0.000000,1.7768585,0.000000,1.8271040,0.000000,0.000000,1.7772938,0.000000,1.924381,0.0000000,0.0000000,2.311468,0.000000,0.000000,2.324177,0.000000,2.059374,1.925589,0.000000,2.4251599,2.074792,0.000000,1.6002591,2.582447,2.177727,2.0067148
0.000000,0.000000,0.0000000,0.000000,1.8357468,0.000000,0.0000000,2.013757,2.186892,2.096716,0.0000000,2.0128870,2.149723,2.454198,2.198054,2.417194,0.000000,2.3175097,0.000000,1.945072,0.0000000,2.136649,2.006919,2.254119,1.899694,1.943107,0.000000,0.000000,0.0000000,0.000000,0.000000,0.000000,0.000000,0.000000,1.641385,0.000000,2.015301,0.000000,0.000000,1.6935513,1.9198064,0.000000,0.000000,0.000000,0.0000000,0.000000,0.0000000,0.000000,0.000000,1.8105278,2.054903,2.159659,2.1479815,0.0000000,2.099487,0.000000,0.000000,0.000000,0.000000,1.926245,0.000000,0.000000,1.9636605,2.023993,0.000000,0.0000000,2.531766,0.000000,1.9300529
0.000000,1.657941,0.0000000,0.000000,0.0000000,0.000000,0.0000000,2.145762,0.000000,0.000000,0.0000000,1.9490265,2.303635,2.472856,2.230241,2.424775,0.000000,2.2766213,0.000000,1.948812,0.0000000,2.114550,1.921420,2.260652,1.789252,2.132706,0.000000,1.610649,2.1943395,0.000000,1.947126,0.000000,0.000000,0.000000,1.730884,0.000000,2.434258,2.064907,0.000000,0.0000000,0.0000000,1.789092,0.000000,2.172621,1.5321968,0.000000,1.6081208,0.000000,0.000000,1.8139195,0.000000,1.692964,2.0658292,0.0000000,0.000000,0.000000,0.000000,0.000000,0.000000,2.185012,0.000000,0.000000,2.0221061,2.023215,0.000000,0.0000000,2.504145,0.000000,1.6409925
0.000000,1.841366,0.0000000,0.000000,0.0000000,0.000000,0.0000000,2.175510,0.000000,0.000000,0.0000000,2.0601417,2.398650,2.491127,2.165575,2.434754,0.000000,2.2644395,0.000000,0.000000,0.0000000,0.000000,0.000000,2.130715,1.764067,1.998109,0.000000,0.000000,1.6095179,0.000000,0.000000,0.000000,0.000000,0.000000,2.142560,0.000000,2.451686,1.852587,0.000000,0.0000000,0.0000000,0.000000,1.777033,2.089761,2.1413678,0.000000,0.0000000,0.000000,0.000000,1.6193970,2.007223,1.833422,2.0369530,0.0000000,2.168993,0.000000,0.000000,1.952326,0.000000,2.105866,0.000000,0.000000,2.1439972,2.024300,0.000000,0.0000000,2.447562,0.000000,0.0000000
0.000000,0.000000,0.0000000,0.000000,1.9800705,0.000000,0.0000000,2.226197,1.895544,0.000000,0.0000000,2.1377590,2.268637,2.473241,2.118765,2.421314,1.849603,2.3619506,0.000000,0.000000,1.8734692,2.168194,0.000000,2.115504,0.000000,2.151663,1.912645,0.000000,1.7342810,0.000000,0.000000,0.000000,0.000000,0.000000,1.998547,0.000000,2.577080,2.090113,0.000000,0.0000000,1.8680518,0.000000,0.000000,2.121688,0.0000000,0.000000,0.0000000,0.000000,0.000000,2.1630365,1.830333,1.997441,0.0000000,0.0000000,2.122035,0.000000,0.000000,0.000000,0.000000,2.012564,0.000000,0.000000,2.1306580,2.056550,0.000000,0.0000000,2.428552,0.000000,1.9528291
0.000000,0.000000,0.0000000,1.853801,0.0000000,0.000000,0.0000000,1.976813,1.985478,0.000000,0.0000000,2.0573034,2.254053,2.442811,2.238744,2.429997,1.979252,2.3953722,0.000000,0.000000,1.7684083,2.060443,1.970889,2.260869,0.000000,2.102793,0.000000,2.148186,2.1323416,0.000000,0.000000,0.000000,0.000000,1.642347,0.000000,1.796201,2.444956,2.075231,0.000000,0.0000000,0.0000000,0.000000,0.000000,2.144188,0.0000000,1.938045,1.9244107,0.000000,0.000000,0.0000000,0.000000,1.828287,2.0474162,1.6528252,2.226071,1.725938,1.936226,0.000000,0.000000,1.830487,0.000000,1.779891,2.0007265,1.870918,1.786518,0.0000000,2.480638,2.035932,1.8120151
0.000000,1.798254,0.0000000,0.000000,0.0000000,0.000000,0.0000000,2.149584,0.000000,0.000000,0.0000000,2.1075928,2.335057,2.469713,2.175880,2.387130,0.000000,2.4121680,0.000000,1.863815,1.8152289,2.248859,1.782406,2.281628,1.658648,2.211726,0.000000,2.073250,0.0000000,0.000000,1.893687,0.000000,0.000000,1.762412,2.051682,0.000000,2.434135,0.000000,0.000000,0.0000000,0.0000000,1.932735,0.000000,2.104948,0.0000000,1.839901,1.8355333,0.000000,0.000000,0.0000000,0.000000,1.969632,2.0300118,0.0000000,2.083610,0.000000,0.000000,0.000000,0.000000,2.227744,0.000000,0.000000,2.0815760,1.981985,1.766133,0.0000000,2.498330,0.000000,0.0000000
0.000000,1.971169,0.0000000,1.631883,2.2519428,0.000000,0.0000000,2.210125,1.916378,0.000000,0.0000000,2.1883309,2.187978,2.465341,2.282010,2.412176,1.747041,2.2895129,0.000000,1.881953,1.9062663,2.122323,1.994018,2.214113,0.000000,2.214312,0.000000,1.864958,1.4818009,1.765609,1.782741,0.000000,0.000000,0.000000,2.052661,0.000000,2.508978,2.104675,1.606414,0.0000000,0.0000000,0.000000,1.984791,2.207238,0.0000000,0.000000,1.8534262,0.000000,1.787736,1.8606543,2.257876,2.022663,2.1465728,0.0000000,2.171323,0.000000,1.563838,0.000000,0.000000,2.314660,0.000000,1.909655,2.1430250,2.027907,1.626949,0.0000000,2.495258,2.009253,0.0000000
0.000000,1.978150,1.9639088,0.000000,0.0000000,0.000000,0.0000000,2.194449,1.957970,0.000000,0.0000000,2.1941602,2.161879,2.450109,2.192828,2.393530,0.000000,2.2937950,0.000000,1.830563,1.8155235,2.081243,1.975686,2.268947,1.714193,2.126495,1.514410,1.977464,0.0000000,1.606227,0.000000,0.000000,0.000000,0.000000,2.068708,0.000000,2.478934,2.052040,1.837297,0.0000000,0.0000000,1.980828,0.000000,2.061824,2.2021360,0.000000,1.5396695,0.000000,0.000000,1.5746552,1.950629,1.941426,2.1588242,0.0000000,2.227740,0.000000,0.000000,1.747316,0.000000,2.235039,1.865077,1.714041,2.1646142,1.982753,1.708840,0.0000000,2.432820,1.939671,1.8655190
0.000000,1.880318,0.0000000,0.000000,2.1612130,0.000000,1.5191642,2.218295,1.879140,0.000000,0.0000000,2.1413973,2.137725,2.511621,2.293692,2.391396,0.000000,2.2877780,0.000000,1.722129,0.0000000,2.103888,1.929409,2.227728,1.656025,2.200124,0.000000,2.138390,1.7620536,1.809442,1.849980,0.000000,0.000000,0.000000,2.142744,0.000000,2.407300,1.823673,1.963495,2.0745168,1.8971618,1.784913,0.000000,1.988971,1.8100647,0.000000,2.0260741,0.000000,1.790538,1.8336218,2.090277,1.912221,2.2253143,0.0000000,2.145237,2.175192,1.619742,0.000000,0.000000,2.211032,0.000000,1.721026,2.1885433,2.094451,1.745089,0.0000000,2.448097,2.013430,0.0000000
1.799663,2.032264,1.7416785,1.550291,1.6322661,0.000000,1.8610977,1.927435,1.943110,0.000000,1.4799735,2.1750784,2.098441,2.425602,2.170441,2.395306,1.531967,2.3549299,0.000000,1.882488,2.0153249,2.194208,1.813053,2.255542,1.998127,2.223905,2.065721,2.091919,0.0000000,0.000000,1.386723,0.000000,1.543102,0.000000,1.863921,0.000000,2.360480,1.853101,1.833246,1.3877140,1.6091514,1.837840,0.000000,2.154341,1.9441238,0.000000,1.8725908,0.000000,1.808546,2.0301385,1.863808,2.073672,0.0000000,0.0000000,2.154400,1.966320,1.692768,1.823601,1.558930,2.152888,1.491684,0.000000,1.8632931,2.034651,1.464420,1.6791376,2.511323,1.989100,1.8393825
0.000000,1.719217,1.7064412,1.517552,0.0000000,0.000000,0.0000000,2.010635,1.796059,0.000000,0.0000000,2.1111692,2.215630,2.472613,2.238825,2.410168,1.877932,2.4166766,1.751048,2.007631,0.0000000,2.277628,2.089290,2.192077,1.794051,2.267723,0.000000,2.022153,1.6926584,0.000000,1.756732,0.000000,0.000000,0.000000,2.030879,0.000000,2.447038,0.000000,0.000000,0.0000000,0.0000000,0.000000,0.000000,2.096268,0.0000000,0.000000,1.7603895,0.000000,1.776721,1.8377102,1.878579,2.034497,1.5566974,0.0000000,2.247947,0.000000,1.400980,0.000000,0.000000,2.176431,1.693029,0.000000,2.1117580,1.900309,0.000000,0.0000000,2.460612,0.000000,1.7215514
1.579097,1.969767,1.9762242,1.804025,0.0000000,0.000000,0.0000000,1.993260,1.960515,0.000000,1.8972552,2.1249429,2.201663,2.465715,2.236667,2.406481,1.229748,2.3525807,1.797899,1.912267,0.0000000,2.243401,2.055265,2.145129,1.898108,2.193595,1.575374,2.099405,0.0000000,0.000000,1.834063,0.000000,0.000000,0.000000,1.697961,1.415570,2.444037,0.000000,0.000000,0.0000000,1.7523348,1.770401,1.645407,2.161968,2.2353007,2.035376,1.8518529,1.861356,1.640690,2.0587643,2.057455,2.013140,2.1305776,1.2829109,2.059763,1.750452,1.728880,1.677750,0.000000,2.141936,1.693595,1.878010,1.9474800,2.152365,1.677052,0.0000000,2.456176,2.076278,1.7012608
0.000000,1.910182,1.8277402,0.000000,0.0000000,0.000000,0.0000000,2.135790,1.930854,0.000000,2.0218381,2.1563395,2.161805,2.465913,2.232583,2.426968,0.000000,2.3628630,1.453550,1.960184,1.8576278,2.196903,1.972900,2.264757,1.778629,2.219004,0.000000,1.944422,0.0000000,0.000000,0.000000,0.000000,0.000000,0.000000,2.097262,0.000000,2.441591,1.490676,0.000000,0.0000000,0.0000000,1.939317,1.693029,1.891685,0.0000000,0.000000,1.8023674,0.000000,0.000000,1.9867822,1.982963,1.995134,0.0000000,0.0000000,2.250107,0.000000,0.000000,0.000000,0.000000,2.158797,1.668167,1.574655,2.0692427,2.056069,1.982963,0.0000000,2.490393,0.000000,1.6117727
0.000000,1.975321,0.0000000,0.000000,0.0000000,0.000000,0.0000000,2.015267,0.000000,0.000000,0.0000000,0.0000000,2.262186,2.457956,2.228720,2.444212,1.854946,2.3580237,0.000000,1.801374,0.0000000,2.158174,2.005560,2.287812,1.947421,2.172078,1.600220,2.137736,2.0124805,0.000000,1.832442,0.000000,1.485551,0.000000,1.749103,0.000000,2.403885,1.857208,1.905310,0.0000000,0.0000000,0.000000,0.000000,2.096695,1.7980069,0.000000,1.7509881,0.000000,1.748500,1.7850072,1.585677,1.601031,0.0000000,0.0000000,2.225463,1.788001,1.639748,0.000000,0.000000,1.933836,0.000000,0.000000,1.9536338,1.942249,1.811654,1.6565472,2.471648,1.714932,2.0423900
0.000000,1.898509,0.0000000,0.000000,0.0000000,0.000000,0.0000000,2.173866,1.941066,0.000000,0.0000000,1.6203258,2.245706,2.498622,2.211129,2.498556,1.905889,2.4267010,0.000000,2.010458,0.0000000,2.143738,1.948296,2.306981,1.971558,2.264722,0.000000,2.168437,2.1634875,2.033962,2.033859,0.000000,1.675451,0.000000,2.016547,0.000000,2.462823,1.899384,0.000000,0.0000000,0.0000000,1.985804,0.000000,2.187975,0.0000000,1.964254,1.9195274,0.000000,0.000000,1.9093771,1.964785,2.021780,1.7154598,0.0000000,2.287188,0.000000,0.000000,0.000000,0.000000,2.078952,0.000000,0.000000,2.1601879,2.135537,0.000000,0.0000000,2.484265,2.121273,1.8820117
0.000000,2.105321,0.0000000,0.000000,0.0000000,0.000000,0.0000000,2.188672,1.988418,0.000000,0.0000000,2.0793020,2.353303,2.463134,2.201377,2.416338,0.000000,2.1951761,0.000000,2.073988,0.0000000,2.003034,1.786832,2.328544,0.000000,1.809887,0.000000,0.000000,2.0981800,0.000000,1.962300,0.000000,0.000000,0.000000,0.000000,0.000000,2.466728,1.684935,0.000000,0.0000000,0.0000000,1.884417,0.000000,0.000000,0.0000000,0.000000,1.8337550,0.000000,0.000000,0.0000000,2.121232,0.000000,1.8704867,0.0000000,2.214835,0.000000,0.000000,0.000000,0.000000,2.120260,0.000000,0.000000,1.9885586,2.003965,1.863474,0.0000000,2.550066,0.000000,1.8888911
0.000000,2.012437,1.8615804,0.000000,0.0000000,0.000000,0.0000000,2.198036,1.837629,0.000000,0.0000000,2.2359747,2.126340,2.467312,2.240267,2.443905,0.000000,2.3336888,1.346750,2.047630,0.0000000,2.225663,2.090162,2.217942,1.954572,2.130856,0.000000,1.901453,0.0000000,0.000000,2.005672,0.000000,0.000000,0.000000,2.066549,0.000000,2.528664,2.094799,0.000000,1.7536108,0.0000000,0.000000,1.807766,2.084067,0.0000000,1.466981,1.7487866,0.000000,0.000000,0.0000000,2.052171,2.079437,0.0000000,0.0000000,2.170120,0.000000,0.000000,2.025884,1.681829,2.196161,1.786529,0.000000,2.1470463,2.136356,1.894658,1.4091329,2.418468,2.112082,1.8575788
0.000000,1.826588,1.7822738,0.000000,0.0000000,0.000000,0.0000000,2.208503,1.714079,0.000000,0.0000000,2.1125511,2.259511,2.453901,2.233862,2.432471,2.066750,2.3455165,0.000000,0.000000,0.0000000,2.181011,1.980844,2.156322,1.826166,2.166117,0.000000,2.030746,0.0000000,0.000000,1.894272,0.000000,0.000000,0.000000,2.055566,0.000000,2.515461,1.759255,1.901121,0.0000000,1.7579283,2.013152,0.000000,2.201878,0.0000000,2.065888,1.7594941,0.000000,0.000000,2.1943514,2.120741,2.327818,2.0991812,0.0000000,2.256178,0.000000,0.000000,0.000000,0.000000,2.205746,0.000000,1.659216,2.1597556,2.221973,1.821979,0.0000000,2.477277,2.162116,1.7986396
0.000000,1.973054,1.7852894,0.000000,2.2119373,0.000000,0.0000000,2.224842,1.787319,0.000000,0.0000000,2.1992189,2.196698,2.446392,2.233055,2.445675,1.659189,2.2973668,0.000000,1.935758,0.0000000,2.137918,1.989205,2.272224,1.894717,2.214204,0.000000,2.015213,0.0000000,1.875074,1.881656,0.000000,0.000000,0.000000,1.966458,0.000000,2.461863,1.941595,1.948316,1.5888943,1.7393174,2.011106,1.771012,2.240675,0.0000000,0.000000,0.0000000,0.000000,0.000000,2.0852739,1.603554,2.028612,2.1684874,1.7640667,2.275633,0.000000,1.598117,1.800500,0.000000,2.231917,1.488278,1.978678,2.1793597,2.115143,1.931017,0.0000000,2.433470,2.100705,1.9096459
0.000000,1.765891,0.0000000,0.000000,0.0000000,0.000000,1.5305826,2.141741,2.064296,0.000000,0.0000000,2.1885083,2.102059,2.477306,2.226126,2.419538,1.757331,2.3547209,1.743956,1.808975,0.0000000,2.226965,1.947941,2.171055,1.546627,2.200459,1.675378,2.024968,1.5132021,0.000000,1.627048,0.000000,0.000000,0.000000,2.067879,0.000000,2.483248,2.071968,0.000000,0.0000000,0.0000000,1.949495,0.000000,2.136521,0.0000000,0.000000,1.6449059,0.000000,0.000000,1.8449186,2.070882,2.054483,2.0877833,0.0000000,2.088481,0.000000,0.000000,1.743753,0.000000,2.248344,0.000000,0.000000,2.0868320,1.944135,1.687642,0.0000000,2.429174,1.736575,1.8721212
0.000000,1.946225,1.6262224,0.000000,0.0000000,0.000000,0.0000000,2.114708,1.884948,0.000000,0.0000000,2.1894641,2.092628,2.434568,2.209082,2.412253,0.000000,2.3446714,1.900592,1.894590,0.0000000,2.200791,1.984152,2.265148,1.798575,2.189654,2.044468,2.119298,1.7898339,1.595152,1.976352,0.000000,1.710755,0.000000,2.064396,0.000000,2.453120,1.933890,0.000000,0.0000000,0.0000000,1.887228,1.701900,2.149973,1.7623704,2.040824,1.8566811,0.000000,1.694892,1.7980928,1.927673,1.972255,0.0000000,0.0000000,2.128380,1.537789,1.464504,1.580494,0.000000,2.239653,1.506110,1.498383,2.0077054,2.005852,1.677870,0.0000000,2.392167,1.559962,1.8730463
0.000000,1.884395,1.6902594,0.000000,2.1128598,0.000000,0.0000000,2.060204,1.990728,0.000000,0.0000000,2.1860149,2.181495,2.434778,2.171024,2.433478,1.510567,2.3324247,1.698824,1.811038,1.9447044,2.219113,2.050764,2.256855,1.717907,2.195876,2.100060,2.088476,0.0000000,0.000000,1.662185,0.000000,2.052361,0.000000,2.056992,0.000000,2.473633,2.060879,0.000000,0.0000000,0.0000000,1.816762,0.000000,2.052293,1.5476819,1.561474,1.8785673,0.000000,1.752379,1.9415362,2.069274,2.097786,0.0000000,0.0000000,2.103493,0.000000,0.000000,1.767561,0.000000,2.219558,1.497967,1.323071,2.0340501,2.090496,1.984279,0.0000000,2.333584,1.676835,1.7356879
0.000000,1.894033,1.8878760,0.000000,0.0000000,0.000000,0.0000000,1.978572,1.838171,0.000000,0.0000000,2.0891970,2.175824,2.463400,2.186879,2.426326,1.626256,2.3600478,1.629791,1.794470,1.8817203,2.197253,2.056921,2.237990,1.894537,2.246600,1.651641,2.106196,0.0000000,1.642137,1.800785,0.000000,0.000000,0.000000,1.761833,0.000000,2.443661,1.855167,0.000000,0.0000000,0.0000000,1.655335,0.000000,2.173133,2.0485884,1.153072,1.9042927,1.720261,1.365108,2.0158809,2.058456,2.013694,2.1477030,0.0000000,2.098927,1.303376,0.000000,1.939671,0.000000,2.098677,1.702680,1.926328,2.0243818,2.047366,1.952215,0.0000000,2.441482,0.000000,0.0000000
0.000000,1.715592,1.5907058,1.844280,0.0000000,0.000000,1.4474625,2.129642,2.063434,0.000000,0.0000000,2.2437106,2.144441,2.457289,2.203519,2.454614,1.656437,2.4190963,1.870353,1.913777,0.0000000,2.190528,2.124401,2.271953,1.795163,2.291042,1.628295,2.171353,0.0000000,0.000000,2.042864,0.000000,0.000000,0.000000,2.009974,0.000000,2.491068,2.003941,0.000000,0.0000000,0.0000000,1.898144,1.642227,1.823807,0.0000000,1.898360,1.9398900,0.000000,0.000000,1.9076709,2.085898,2.106573,2.1146516,0.0000000,2.172907,1.927689,0.000000,1.677414,0.000000,2.318188,1.500654,1.713125,2.0750208,2.172307,1.879294,0.0000000,2.515654,0.000000,0.0000000
0.000000,1.551066,0.0000000,0.000000,0.0000000,0.000000,0.0000000,2.086027,1.906450,0.000000,0.0000000,1.8527397,1.943226,2.497628,2.267350,2.440938,0.000000,2.3230053,0.000000,1.969895,0.0000000,2.169606,1.987435,2.251618,1.752673,2.159150,0.000000,1.734597,0.0000000,0.000000,1.881953,0.000000,0.000000,0.000000,2.003209,0.000000,2.424674,1.698824,0.000000,0.0000000,1.9590773,0.000000,0.000000,1.837629,0.0000000,0.000000,0.0000000,0.000000,0.000000,1.8575579,0.000000,1.952625,2.1053095,0.0000000,2.359523,0.000000,0.000000,0.000000,0.000000,2.242459,1.567347,0.000000,2.0263362,2.076434,0.000000,0.0000000,2.433987,2.163925,0.0000000
0.000000,0.000000,0.0000000,0.000000,0.0000000,0.000000,0.0000000,2.010651,1.840687,0.000000,0.0000000,2.1459969,2.049182,2.464249,2.341747,2.442089,0.000000,2.3316185,1.843119,1.764813,0.0000000,2.212386,1.980017,2.315245,1.545673,2.158112,0.000000,2.036157,0.0000000,0.000000,2.057640,0.000000,0.000000,0.000000,1.875460,0.000000,2.405496,0.000000,0.000000,0.0000000,1.6412644,0.000000,1.800468,0.000000,1.4084662,0.000000,0.0000000,0.000000,1.591808,1.9727464,0.000000,1.970918,2.1623893,0.0000000,2.150297,0.000000,0.000000,0.000000,0.000000,2.150434,0.000000,0.000000,1.9682950,2.081823,1.575194,0.0000000,2.430068,2.058734,1.3066967
0.000000,1.865776,1.4764198,0.000000,1.6622646,0.000000,0.0000000,2.026763,0.000000,0.000000,0.0000000,2.1026287,1.998990,2.480877,2.228993,2.419173,0.000000,2.4759429,1.838790,1.947476,1.8349239,2.266824,2.045103,2.188146,1.749344,2.333651,0.000000,2.160079,1.4780506,0.000000,2.061442,0.000000,0.000000,0.000000,1.956555,0.000000,2.489616,2.000523,0.000000,0.0000000,0.0000000,0.000000,0.000000,2.061926,0.0000000,1.942900,1.8889353,0.000000,0.000000,1.7360170,0.000000,1.955238,0.0000000,0.0000000,2.155712,0.000000,0.000000,0.000000,0.000000,2.236762,0.000000,0.000000,1.9542811,2.082455,1.471920,0.0000000,2.421825,1.511407,0.0000000
0.000000,1.793397,1.6301793,0.000000,0.0000000,0.000000,0.0000000,1.954797,1.942435,0.000000,0.0000000,2.1341882,2.157964,2.449361,2.199342,2.436592,1.551889,2.4078937,1.815694,1.866674,0.0000000,2.196169,2.053968,2.093873,1.534930,2.261411,0.000000,2.140371,0.0000000,0.000000,2.033576,0.000000,0.000000,0.000000,1.949340,0.000000,2.434927,1.586056,0.000000,0.0000000,0.0000000,1.571109,1.756044,2.124110,0.0000000,1.523735,1.7476202,0.000000,0.000000,1.9443033,1.895365,2.021581,2.0807083,0.0000000,2.084737,0.000000,0.000000,1.399704,0.000000,2.189052,0.000000,0.000000,1.9717019,2.067530,1.606414,0.0000000,2.403644,0.000000,1.8333716
0.000000,1.559422,0.0000000,0.000000,2.1893424,0.000000,1.7100736,2.009689,2.153162,0.000000,0.0000000,2.0936367,2.106606,2.447934,2.230873,2.386111,1.995380,2.4551624,1.910907,1.956408,2.0678250,2.327991,2.017408,2.272558,1.969708,2.280154,2.039078,2.153327,1.7993441,1.528895,2.155871,0.000000,0.000000,1.994281,1.468940,0.000000,2.403908,0.000000,0.000000,0.0000000,0.0000000,1.652881,0.000000,2.186342,0.0000000,0.000000,1.6911000,0.000000,0.000000,2.0825778,1.997873,1.856060,1.4879850,0.0000000,1.917580,0.000000,1.572800,0.000000,0.000000,2.168140,0.000000,0.000000,2.0160696,1.703354,0.000000,0.0000000,2.439354,0.000000,2.1117436
0.000000,1.656520,0.0000000,0.000000,0.0000000,0.000000,0.0000000,2.082548,1.983225,0.000000,0.0000000,2.2228109,2.227694,2.474060,2.235868,2.395430,2.124999,2.4499335,0.000000,1.875246,0.0000000,2.321035,2.193199,2.174912,1.615876,2.303894,0.000000,2.207844,1.8979118,0.000000,2.032574,0.000000,0.000000,0.000000,1.925672,0.000000,2.477549,2.055080,1.936909,0.0000000,0.0000000,0.000000,0.000000,2.072227,0.0000000,0.000000,1.9318000,0.000000,0.000000,0.0000000,2.168911,1.934116,0.0000000,0.0000000,2.026478,1.932436,1.630953,0.000000,0.000000,2.161213,0.000000,0.000000,2.0897031,1.600066,2.040540,0.0000000,2.457039,0.000000,1.5779531
0.000000,0.000000,0.0000000,0.000000,2.2961829,0.000000,0.0000000,2.026833,1.598235,0.000000,0.0000000,2.1995800,2.150862,2.477491,2.282971,2.503904,0.000000,2.3566118,0.000000,1.984884,0.0000000,2.156979,2.011515,2.154945,1.905762,2.176423,0.000000,1.906860,0.0000000,0.000000,1.528310,0.000000,0.000000,1.964651,0.000000,0.000000,2.463340,1.745645,0.000000,1.7150260,0.0000000,0.000000,0.000000,1.690990,0.0000000,0.000000,0.0000000,0.000000,0.000000,1.8504085,1.910935,0.000000,0.0000000,0.0000000,2.129633,0.000000,0.000000,0.000000,0.000000,2.188687,0.000000,0.000000,2.1864229,2.012658,0.000000,0.0000000,2.478683,0.000000,1.9780440
0.000000,0.000000,0.0000000,0.000000,0.0000000,0.000000,1.6254927,2.023170,2.139961,0.000000,1.6646834,2.1493834,2.284917,2.455148,2.174531,2.372821,2.028290,2.3772392,0.000000,1.428243,1.9640159,1.992873,1.930141,2.233242,0.000000,2.233448,1.985734,2.221394,0.0000000,2.035331,0.000000,0.000000,1.835886,1.915854,0.000000,0.000000,2.542404,2.090042,0.000000,0.0000000,1.7034965,0.000000,0.000000,2.224246,0.0000000,1.831396,1.9671161,0.000000,0.000000,2.0417569,2.062823,0.000000,0.0000000,0.0000000,2.188174,0.000000,0.000000,0.000000,0.000000,2.270743,0.000000,1.877806,2.0905207,2.048428,0.000000,0.0000000,2.507740,2.201525,1.8277663
0.000000,1.867735,0.0000000,0.000000,0.0000000,0.000000,0.0000000,1.945996,2.021494,0.000000,0.0000000,2.1030884,2.229239,2.452726,2.201975,2.423027,2.051532,2.3928953,0.000000,1.924909,0.0000000,2.215216,1.976473,2.274984,0.000000,2.204014,1.617034,2.171209,0.0000000,0.000000,1.922208,0.000000,0.000000,0.000000,1.919636,0.000000,2.347952,1.828806,0.000000,0.0000000,1.4331088,1.525174,0.000000,2.156520,0.0000000,0.000000,1.8316495,0.000000,1.744423,0.0000000,1.821652,2.150242,0.0000000,0.0000000,2.094144,0.000000,0.000000,1.710444,0.000000,2.021812,0.000000,1.497341,2.0558515,2.031576,1.811401,0.0000000,2.345654,1.837629,1.8853176
0.000000,1.908899,0.0000000,1.693051,0.0000000,0.000000,0.0000000,1.913127,2.059811,0.000000,1.7446247,2.1894056,1.801814,2.446396,2.217864,2.473970,1.985108,2.4386593,0.000000,2.011197,0.0000000,2.346503,2.203586,2.289756,1.967367,2.246837,2.156551,2.167040,0.0000000,0.000000,2.196130,0.000000,0.000000,0.000000,1.498521,0.000000,2.411535,1.981041,0.000000,0.0000000,0.0000000,1.634484,0.000000,1.539339,0.0000000,0.000000,1.7283102,0.000000,1.702884,0.0000000,2.150872,1.923403,1.9258054,0.0000000,2.135219,0.000000,0.000000,0.000000,0.000000,2.162257,0.000000,1.465581,2.0399754,1.802960,2.062589,0.0000000,2.448289,0.000000,1.6088208
0.000000,0.000000,0.0000000,0.000000,0.0000000,0.000000,0.0000000,2.059281,1.883067,0.000000,0.0000000,2.1340072,2.281034,2.486290,2.226043,2.478700,2.118183,2.4932328,0.000000,1.866419,0.0000000,2.356778,2.097674,2.126245,1.855451,2.341796,0.000000,2.259014,1.5133297,0.000000,2.144421,0.000000,0.000000,1.939171,2.081499,0.000000,2.499601,1.627705,0.000000,0.0000000,0.0000000,0.000000,0.000000,1.913288,0.0000000,2.044309,0.0000000,0.000000,0.000000,0.0000000,0.000000,1.920427,0.0000000,0.0000000,2.238087,0.000000,0.000000,1.760877,0.000000,2.263848,0.000000,0.000000,2.1014061,1.855586,0.000000,0.0000000,2.484569,1.936882,0.0000000
0.000000,1.841114,0.0000000,0.000000,0.0000000,0.000000,0.0000000,2.108577,2.022627,0.000000,0.0000000,2.2130594,2.171278,2.449142,2.221756,2.439407,1.884440,2.3274448,0.000000,1.803912,0.0000000,2.146041,2.031541,2.303147,1.548626,2.234940,0.000000,2.166018,1.5425073,0.000000,1.736771,0.000000,0.000000,0.000000,2.017572,0.000000,2.465912,0.000000,0.000000,0.0000000,0.0000000,1.867104,1.806253,2.194141,1.6146375,0.000000,1.8478866,0.000000,1.828018,1.5682838,2.018903,1.999500,2.1299314,0.0000000,2.154823,0.000000,1.653582,0.000000,0.000000,2.268302,0.000000,1.760752,2.0226534,2.050103,1.541530,0.0000000,2.413645,1.642407,0.0000000
0.000000,1.711684,1.6053660,0.000000,1.3295759,0.000000,0.0000000,2.002739,1.917788,0.000000,0.0000000,2.1706271,2.174682,2.436679,2.255944,2.455723,1.814456,2.3814879,1.624793,1.727164,0.0000000,2.274714,2.033762,2.180833,1.492544,2.249942,1.900819,2.220396,1.4668991,0.000000,1.859742,0.000000,0.000000,0.000000,2.020475,1.477198,2.516466,1.909566,1.520884,0.0000000,1.3838456,1.710327,0.000000,2.190845,0.0000000,2.107523,1.7746620,0.000000,1.692484,1.8873235,2.089453,2.071282,0.0000000,0.0000000,2.165408,0.000000,0.000000,0.000000,0.000000,2.250506,1.610212,1.840092,1.9591505,2.064358,1.731359,0.0000000,2.497456,2.060912,1.7673749
0.000000,1.770870,0.0000000,2.086861,0.0000000,0.000000,0.0000000,2.147883,1.961415,0.000000,0.0000000,2.1835686,2.104457,2.482109,2.243820,2.427334,0.000000,2.3545520,0.000000,2.049243,0.0000000,2.197979,1.858380,2.275350,1.980443,1.851546,0.000000,0.000000,2.2775179,0.000000,2.144852,0.000000,0.000000,0.000000,2.077364,0.000000,2.420753,1.796895,2.087556,0.0000000,0.0000000,2.002883,0.000000,2.167958,0.0000000,0.000000,0.0000000,0.000000,0.000000,1.8832575,0.000000,1.948473,0.0000000,0.0000000,2.276484,0.000000,1.760960,0.000000,0.000000,2.211514,0.000000,0.000000,2.0735956,2.059506,0.000000,0.0000000,2.398211,1.746582,2.0185092
0.000000,1.810803,0.0000000,0.000000,0.0000000,0.000000,0.0000000,2.081615,2.080278,0.000000,0.0000000,2.0889641,1.820896,2.433593,2.240834,2.423097,1.837832,2.2804585,1.559913,0.000000,0.0000000,2.151448,1.798361,2.260951,1.457905,2.230375,1.958051,2.127697,0.0000000,1.565364,0.000000,0.000000,0.000000,0.000000,2.024199,0.000000,2.432287,1.814542,0.000000,0.0000000,0.0000000,1.851999,1.710405,2.171636,0.0000000,1.183542,1.6524876,0.000000,1.595431,0.0000000,1.880307,1.924146,0.0000000,0.0000000,2.171380,0.000000,1.453109,0.000000,1.412542,2.173349,1.520762,0.000000,2.0360252,2.002449,1.930422,0.0000000,2.376934,1.750437,1.5670655
0.000000,1.975357,2.0898183,0.000000,2.1714166,0.000000,1.6345784,2.113709,2.113445,0.000000,1.6835288,2.0266049,1.973014,2.487281,2.230560,2.382873,0.000000,2.1220754,0.000000,2.001759,0.0000000,1.889068,2.000312,2.256194,0.000000,1.859080,0.000000,0.000000,2.1603059,0.000000,1.999059,0.000000,0.000000,0.000000,1.873655,0.000000,2.391900,0.000000,0.000000,0.0000000,0.0000000,1.497689,0.000000,2.194252,0.0000000,0.000000,1.7094480,0.000000,0.000000,2.0297790,0.000000,2.251858,2.0906907,0.0000000,1.894754,2.040011,2.243709,0.000000,1.775180,2.170978,1.648727,1.901719,2.1683194,2.046836,0.000000,0.0000000,2.438450,2.137609,0.0000000
0.000000,1.845577,1.4904596,0.000000,0.0000000,0.000000,1.6489573,2.122669,2.019201,0.000000,0.0000000,2.1520449,2.114652,2.463823,2.296350,2.404378,0.000000,2.1352608,0.000000,0.000000,0.0000000,1.865894,1.929639,2.086380,0.000000,1.985581,0.000000,0.000000,1.9501542,0.000000,1.872046,0.000000,0.000000,0.000000,2.060899,0.000000,2.512941,0.000000,0.000000,0.0000000,1.5709711,1.942682,1.672225,2.136590,0.0000000,0.000000,1.9286515,0.000000,0.000000,1.7298424,0.000000,2.064463,2.1280209,0.0000000,2.178826,0.000000,0.000000,1.778346,1.594992,2.243452,1.485625,0.000000,2.1016690,2.129533,1.524036,0.0000000,2.521962,0.000000,0.0000000
1.959541,2.066324,1.8794071,0.000000,2.1923398,0.000000,1.8247251,2.229301,2.039278,0.000000,1.8437162,2.0326123,2.247459,2.459167,2.232504,2.386546,0.000000,1.3515329,0.000000,2.081680,1.6553899,1.946557,1.966829,2.257023,0.000000,1.704025,0.000000,0.000000,0.0000000,1.523735,1.887843,0.000000,0.000000,0.000000,2.082892,0.000000,2.490764,1.963057,0.000000,0.0000000,0.0000000,2.017925,1.930145,1.415892,0.0000000,0.000000,0.0000000,0.000000,1.834560,1.8554723,2.140154,2.178434,2.0997514,0.0000000,2.067312,1.876920,1.741155,1.782298,0.000000,2.238369,1.596503,1.497063,2.1790963,2.135401,1.339205,1.2231562,2.451375,0.000000,1.5044431
0.000000,1.930225,2.0385624,1.505778,2.2027886,0.000000,0.0000000,2.072077,2.063107,0.000000,1.7149504,1.9398454,1.957235,2.474984,2.235117,2.422779,0.000000,2.1392160,0.000000,1.964985,0.0000000,1.953637,1.954948,2.224630,1.939961,1.910641,0.000000,0.000000,2.0922051,2.224708,1.935862,0.000000,1.416641,0.000000,1.863213,0.000000,2.408089,0.000000,2.284830,1.7564602,0.0000000,1.729379,1.850298,2.179772,1.9603669,0.000000,1.5527081,0.000000,1.393440,2.1041596,0.000000,2.276641,0.0000000,0.0000000,1.800066,2.109546,2.156696,0.000000,0.000000,2.197114,1.753040,0.000000,2.1711792,2.092669,0.000000,0.0000000,2.412536,2.187767,1.9284320
0.000000,1.775054,0.0000000,1.693421,0.0000000,0.000000,0.0000000,2.106706,0.000000,0.000000,0.0000000,2.0433167,2.269241,2.474078,2.156411,2.428855,1.606376,2.3649913,0.000000,1.904964,0.0000000,2.056961,1.466159,2.284179,0.000000,2.157789,1.807786,2.007092,2.0803618,0.000000,1.967889,0.000000,1.445082,1.696711,1.626817,0.000000,2.430731,1.982808,0.000000,0.0000000,0.0000000,0.000000,0.000000,1.801845,1.7364930,1.636050,1.9844059,0.000000,0.000000,0.0000000,1.528837,2.067459,0.0000000,0.0000000,1.839678,2.095209,1.688677,2.136042,0.000000,2.083940,0.000000,0.000000,2.2659595,2.075616,0.000000,1.7943047,2.481761,0.000000,1.8948064
0.000000,1.862729,0.0000000,0.000000,0.0000000,0.000000,0.0000000,2.204067,0.000000,0.000000,0.0000000,0.0000000,2.183565,2.506429,2.334306,2.450363,0.000000,2.4576535,0.000000,0.000000,0.0000000,2.209433,1.923348,2.195685,0.000000,2.229301,0.000000,2.099197,1.9945832,2.018282,0.000000,0.000000,0.000000,0.000000,0.000000,0.000000,2.487481,2.047891,0.000000,0.0000000,0.0000000,0.000000,0.000000,0.000000,0.0000000,0.000000,0.0000000,0.000000,0.000000,0.0000000,0.000000,1.914337,1.9687993,0.0000000,0.000000,2.289256,1.846642,0.000000,0.000000,2.280004,0.000000,0.000000,2.1430901,2.018756,0.000000,0.0000000,2.541948,1.922281,0.0000000
0.000000,0.000000,0.0000000,0.000000,0.0000000,0.000000,0.0000000,2.063386,1.879472,0.000000,0.0000000,2.0906238,2.082824,2.466536,2.190416,2.423783,1.634673,2.3698579,0.000000,1.934961,0.0000000,2.158449,1.891143,2.249297,0.000000,2.179414,2.084774,1.965364,1.7647994,0.000000,2.098272,0.000000,0.000000,0.000000,1.559667,0.000000,2.421114,0.000000,0.000000,0.0000000,1.9264186,1.765434,0.000000,1.836704,0.0000000,2.032098,1.9230047,0.000000,0.000000,1.6444033,0.000000,2.197096,0.0000000,0.0000000,2.031291,2.255299,2.117032,0.000000,0.000000,2.064121,1.420864,0.000000,2.0983145,2.010979,1.486514,0.0000000,2.389820,1.467718,1.9576163
0.000000,1.580146,0.0000000,0.000000,0.0000000,0.000000,0.0000000,2.089877,1.705016,0.000000,0.0000000,2.1675470,2.235636,2.460361,2.155155,2.382661,0.000000,2.3716907,0.000000,1.823565,1.8622032,1.940856,0.000000,2.243569,1.625758,2.191823,0.000000,2.058740,1.9818947,0.000000,1.869563,0.000000,1.550083,0.000000,2.110686,0.000000,2.442768,2.051994,0.000000,0.0000000,0.0000000,1.902124,0.000000,2.114706,0.0000000,2.176915,1.7764593,0.000000,1.590378,2.0182679,1.975206,1.799939,2.1230615,0.0000000,2.095400,1.568050,0.000000,0.000000,0.000000,2.141559,0.000000,1.665568,2.0728967,0.000000,1.624826,0.0000000,2.413604,0.000000,1.7051573
0.000000,0.000000,1.4677998,0.000000,0.0000000,0.000000,0.0000000,2.056982,2.077032,0.000000,0.0000000,2.1927292,2.098144,2.423809,2.202401,2.482591,2.086718,2.4055285,1.623688,1.801384,2.0579334,2.296225,1.763672,2.254378,0.000000,2.252538,2.076131,2.201181,1.8760031,1.449453,2.100762,0.000000,1.253641,0.000000,1.916159,0.000000,2.470063,1.907771,1.825151,0.0000000,0.0000000,1.393680,1.889294,2.203268,0.0000000,1.960171,1.6537778,0.000000,0.000000,2.1168278,2.152889,2.039023,0.0000000,0.0000000,2.327041,2.268090,2.202988,0.000000,1.616544,2.239330,1.606414,1.424691,2.0895107,1.993951,1.854066,0.0000000,2.513771,0.000000,1.8738165
0.000000,0.000000,0.0000000,0.000000,0.0000000,0.000000,0.0000000,2.032100,2.135534,0.000000,0.0000000,2.1020456,0.000000,2.502480,2.204533,2.418221,1.899893,2.4382324,0.000000,1.879680,2.0379391,2.347606,2.118109,2.226419,1.807947,2.270222,2.099576,2.186794,0.0000000,1.507366,2.186954,0.000000,0.000000,0.000000,1.826096,0.000000,2.316000,0.000000,1.986381,0.0000000,0.0000000,1.621215,0.000000,1.652206,0.0000000,0.000000,1.9814366,0.000000,0.000000,1.8654004,2.091581,2.094716,0.0000000,0.0000000,2.002723,2.028387,0.000000,0.000000,0.000000,2.150398,0.000000,1.712166,1.9549745,1.903094,1.726902,0.0000000,2.480825,0.000000,1.8825231
0.000000,2.175757,1.9819344,1.577555,0.0000000,0.000000,2.1161350,2.095052,1.694028,0.000000,0.0000000,0.0000000,1.715026,2.479568,2.206593,2.402223,0.000000,2.1899261,0.000000,0.000000,1.6270807,0.000000,0.000000,2.109344,1.607529,1.948982,0.000000,1.854167,0.0000000,1.994321,0.000000,0.000000,0.000000,0.000000,1.790696,0.000000,2.356751,0.000000,0.000000,1.5750597,1.9804215,1.926979,0.000000,1.909754,2.2917645,0.000000,1.9347097,0.000000,0.000000,0.0000000,0.000000,0.000000,0.0000000,0.0000000,1.633790,0.000000,1.651244,0.000000,0.000000,2.106166,0.000000,0.000000,2.3026635,1.437663,0.000000,0.0000000,2.272181,0.000000,0.0000000
0.000000,0.000000,0.0000000,0.000000,2.1720587,0.000000,0.0000000,0.000000,0.000000,0.000000,0.0000000,2.1525976,1.903297,2.520489,2.234526,2.428319,0.000000,2.5111020,0.000000,2.040433,0.0000000,2.107140,1.895680,2.306652,0.000000,2.315518,0.000000,2.184122,2.1838815,0.000000,2.082354,0.000000,0.000000,0.000000,0.000000,0.000000,2.279070,0.000000,0.000000,0.0000000,0.0000000,0.000000,0.000000,0.000000,0.0000000,1.859880,0.0000000,0.000000,0.000000,1.8627156,0.000000,0.000000,0.0000000,0.0000000,2.110372,0.000000,0.000000,0.000000,0.000000,1.974087,0.000000,0.000000,0.0000000,2.049790,0.000000,0.0000000,2.419347,1.838348,0.0000000
