0.26562500,0.22615804,0.24340176,0.30708661,0.18205805,0.22813688,0.37598425,0.56724422,0.57975904,0.35211268,0.19708029,0.42026507,0.58858058,0.71404110,0.41373626,0.57398374,0.63134658,0.57394366,0.60483384,0.43181818,0.43105756,0.60229133,0.56164384,0.44571429,0.48717949,0.33447099,0.40072860,0.36616702,0.41983122,0.57272727,0.43529412,0.61182994,0.58640984,0.63903282,0.56906967,0.41192266,0.40428641,0.39797549,0.41570541,0.38827098
0.26562500,0.16233766,0.60486995,0.61524047,0.18205805,0.22813688,0.61547837,0.56724422,0.57975904,0.59348681,0.58214625,0.42026507,0.58858058,0.37111265,0.41373626,0.57398374,0.28348214,0.57394366,0.60483384,0.36570561,0.43105756,0.60229133,0.37256809,0.44571429,0.59856631,0.58106236,0.40072860,0.61169882,0.41983122,0.35981063,0.43529412,0.61182994,0.58640984,0.57772021,0.56906967,0.41192266,0.40428641,0.39797549,0.41570541,0.38827098
0.26562500,0.65112665,0.24340176,0.27070707,0.36511156,0.27777778,0.42331288,0.56724422,0.35135135,0.41196013,0.19708029,0.42026507,0.58858058,0.37111265,0.41373626,0.28661088,0.32114286,0.33103448,0.32033898,0.36570561,0.43105756,0.35516605,0.37256809,0.30022321,0.28205128,0.33447099,0.40072860,0.42682927,0.41983122,0.35981063,0.43529412,0.40831296,0.58640984,0.40942472,0.56906967,0.41192266,0.40428641,0.39797549,0.41570541,0.38827098
0.25000000,0.09090909,0.21951220,0.27070707,0.30909091,0.20175439,0.22093023,0.19718310,0.37850467,0.35211268,0.06250000,0.42026507,0.25641026,0.37111265,0.54437870,0.28661088,0.32114286,0.20238095,0.49600000,0.36570561,0.43105756,0.35516605,0.37256809,0.30022321,0.24347826,0.17391304,0.40072860,0.17567568,0.41983122,0.35981063,0.43529412,0.20454545,0.27898551,0.57772021,0.17575758,0.41192266,0.54708520,0.39797549,0.41570541,0.38827098
0.26562500,0.22615804,0.24340176,0.27070707,0.39333333,0.27777778,0.37598425,0.56724422,0.35135135,0.35211268,0.28957529,0.42026507,0.58858058,0.22222222,0.68896321,0.23364486,0.26612903,0.33103448,0.49600000,0.43181818,0.43105756,0.34426230,0.37256809,0.29629630,0.49328859,0.27272727,0.40072860,0.27205882,0.41983122,0.40350877,0.43529412,0.24301075,0.58640984,0.63903282,0.56906967,0.41192266,0.40428641,0.39797549,0.41570541,0.38827098
0.23333333,0.65112665,0.24340176,0.27070707,0.18205805,0.56921790,0.42331288,0.21610169,0.57975904,0.35211268,0.19708029,0.42026507,0.58858058,0.37111265,0.41373626,0.28661088,0.32114286,0.57394366,0.32033898,0.36570561,0.43105756,0.34426230,0.37256809,0.32492114,0.39387755,0.33447099,0.40072860,0.27205882,0.41983122,0.35981063,0.43529412,0.24301075,0.58640984,0.40942472,0.13114754,0.41192266,0.40428641,0.39797549,0.41570541,0.63250883
0.27702703,0.22615804,0.24340176,0.27070707,0.36511156,0.20175439,0.37598425,0.56724422,0.31944444,0.35211268,0.34237288,0.42026507,0.33333333,0.50107991,0.41373626,0.57398374,0.28348214,0.33103448,0.23312883,0.70403587,0.43105756,0.78527607,0.37256809,0.44571429,0.48717949,0.30434783,0.40072860,0.51098901,0.41983122,0.35981063,0.43529412,0.61182994,0.34492754,0.63903282,0.17575758,0.41192266,0.63486842,0.50216450,0.41570541,0.38827098
0.30578512,0.40447154,0.24340176,0.27070707,0.36511156,0.27777778,0.42331288,0.56724422,0.42857143,0.33079848,0.43750000,0.42026507,0.33333333,0.22222222,0.61181435,0.23364486,0.28348214,0.33103448,0.23312883,0.36570561,0.68932039,0.47152620,0.33333333,0.30022321,0.48717949,0.32967033,0.40072860,0.36616702,0.59183673,0.57272727,0.43529412,0.53003534,0.42307692,0.40942472,0.56906967,0.41192266,0.54708520,0.50216450,0.41570541,0.38827098
0.60943500,0.16233766,0.24340176,0.30708661,0.30909091,0.20175439,0.30487805,0.34228188,0.57975904,0.48387097,0.43750000,0.42026507,0.33333333,0.37111265,0.41373626,0.28661088,0.18750000,0.26470588,0.32033898,0.36570561,0.43105756,0.34426230,0.37256809,0.30022321,0.28205128,0.58106236,0.40072860,0.36616702,0.41983122,0.35981063,0.43529412,0.72222222,0.47222222,0.57772021,0.21428571,0.41192266,0.40428641,0.39797549,0.41570541,0.38827098
0.27702703,0.40447154,0.24340176,0.27070707,0.36511156,0.27777778,0.37598425,0.56724422,0.23076923,0.35211268,0.28957529,0.42026507,0.33333333,0.37111265,0.41373626,0.28661088,0.26612903,0.57394366,0.32033898,0.36570561,0.54411765,0.25974026,0.37256809,0.29629630,0.28205128,0.58106236,0.40072860,0.61169882,0.41983122,0.25000000,0.43529412,0.40831296,0.27898551,0.40942472,0.29629630,0.41192266,0.63486842,0.39797549,0.41570541,0.38827098
0.60943500,0.65112665,0.60486995,0.61524047,0.63481829,0.56921790,0.61547837,0.56724422,0.57975904,0.59348681,0.58214625,0.42026507,0.58858058,0.37111265,0.60683761,0.28661088,0.63134658,0.57394366,0.60483384,0.36570561,0.68932039,0.35516605,0.37256809,0.30022321,0.59856631,0.58106236,0.40072860,0.61169882,0.41983122,0.35981063,0.43529412,0.61182994,0.58640984,0.31818182,0.56906967,0.62670300,0.40428641,0.64619883,0.41570541,0.38827098
0.60943500,0.65112665,0.60486995,0.61524047,0.39333333,0.56921790,0.61547837,0.56724422,0.57975904,0.59348681,0.58214625,0.42026507,0.58858058,0.37111265,0.41373626,0.28661088,0.32114286,0.57394366,0.32033898,0.36570561,0.43105756,0.35516605,0.37256809,0.30022321,0.48717949,0.58106236,0.40072860,0.61169882,0.41983122,0.35981063,0.43529412,0.61182994,0.58640984,0.40942472,0.56906967,0.41192266,0.40428641,0.39797549,0.41570541,0.38827098
0.30578512,0.40447154,0.60486995,0.38876890,0.63481829,0.56921790,0.61547837,0.56724422,0.57975904,0.59348681,0.58214625,0.42026507,0.58858058,0.37111265,0.41373626,0.28661088,0.32114286,0.57394366,0.60483384,0.36570561,0.43105756,0.35516605,0.37256809,0.30022321,0.59856631,0.58106236,0.40072860,0.61169882,0.41983122,0.35981063,0.43529412,0.61182994,0.58640984,0.40942472,0.56906967,0.41192266,0.40428641,0.39797549,0.41570541,0.38827098
0.30578512,0.45945946,0.36599424,0.61524047,0.18205805,0.56921790,0.61547837,0.56724422,0.57975904,0.59348681,0.58214625,0.42026507,0.58858058,0.37111265,0.54437870,0.28661088,0.63134658,0.57394366,0.07142857,0.36570561,0.43105756,0.35516605,0.37256809,0.30022321,0.59856631,0.58106236,0.40072860,0.61169882,0.41983122,0.35981063,0.43529412,0.61182994,0.58640984,0.51006711,0.56906967,0.41192266,0.40428641,0.39797549,0.41570541,0.38827098
0.40070922,0.65112665,0.60486995,0.52631579,0.63481829,0.56921790,0.61547837,0.56724422,0.57975904,0.59348681,0.58214625,0.78294574,0.58858058,0.71404110,0.68896321,0.72955975,0.63134658,0.57394366,0.60483384,0.36570561,0.68932039,0.35516605,0.67469880,0.30022321,0.59856631,0.58106236,0.89473684,0.61169882,0.83333333,0.35981063,0.74452555,0.61182994,0.58640984,0.40942472,0.56906967,0.41192266,0.40428641,0.39797549,0.41570541,0.38827098
0.30578512,0.45945946,0.36599424,0.38876890,0.39333333,0.56921790,0.37837838,0.56724422,0.57975904,0.59348681,0.58214625,0.42026507,0.58858058,0.37111265,0.69435216,0.23364486,0.28348214,0.57394366,0.32033898,0.36570561,0.43105756,0.35516605,0.37256809,0.30022321,0.59856631,0.58106236,0.40072860,0.42682927,0.68794326,0.35981063,0.43529412,0.58252427,0.58640984,0.40942472,0.25000000,0.41192266,0.40428641,0.39797549,0.41570541,0.38827098
0.30578512,0.40447154,0.49411765,0.27070707,0.36511156,0.27777778,0.42331288,0.56724422,0.31250000,0.35211268,0.34237288,0.42026507,0.33333333,0.37111265,0.41373626,0.30564784,0.28348214,0.29257642,0.23312883,0.70403587,0.43105756,0.25974026,0.37256809,0.29629630,0.28205128,0.58106236,0.70000000,0.27205882,0.41983122,0.35981063,0.43529412,0.40831296,0.34492754,0.40942472,0.17575758,0.41192266,0.40428641,0.35000000,0.41570541,0.38827098
0.60943500,0.65112665,0.24340176,0.30708661,0.18205805,0.22813688,0.44545455,0.56724422,0.57975904,0.59348681,0.34237288,0.42026507,0.33333333,0.37111265,0.41373626,0.28661088,0.28348214,0.29257642,0.32033898,0.36570561,0.54411765,0.35516605,0.37256809,0.32492114,0.59856631,0.58106236,0.40072860,0.27205882,0.41983122,0.35981063,0.43529412,0.24301075,0.34492754,0.40942472,0.29629630,0.41192266,0.40428641,0.39797549,0.41570541,0.38827098
0.60943500,0.54732510,0.60486995,0.61524047,0.63481829,0.56921790,0.61547837,0.56724422,0.57975904,0.41196013,0.58214625,0.42026507,0.58858058,0.37111265,0.41373626,0.28661088,0.63134658,0.57394366,0.32033898,0.36570561,0.43105756,0.35516605,0.37256809,0.30022321,0.39387755,0.58106236,0.40072860,0.42682927,0.41983122,0.35981063,0.43529412,0.40831296,0.58640984,0.40942472,0.56906967,0.62670300,0.40428641,0.39797549,0.41570541,0.38827098
0.30578512,0.54732510,0.36599424,0.61524047,0.63481829,0.56921790,0.44545455,0.56724422,0.57975904,0.35211268,0.58214625,0.42026507,0.33333333,0.37111265,0.61181435,0.23364486,0.32114286,0.33103448,0.32033898,0.36570561,0.43105756,0.25974026,0.37256809,0.30022321,0.49328859,0.30434783,0.40072860,0.36616702,0.41983122,0.35981063,0.43529412,0.40831296,0.47222222,0.40942472,0.56906967,0.58682635,0.40428641,0.35000000,0.34782609,0.38827098
0.27702703,0.40447154,0.24340176,0.50199203,0.63481829,0.22813688,0.61547837,0.56724422,0.57975904,0.48387097,0.19708029,0.42026507,0.25641026,0.71404110,0.41373626,0.28661088,0.32114286,0.26470588,0.32033898,0.36570561,0.43105756,0.35516605,0.37256809,0.30022321,0.39387755,0.25742574,0.40072860,0.27205882,0.41983122,0.35981063,0.43529412,0.24301075,0.27898551,0.40942472,0.17575758,0.41192266,0.40428641,0.39797549,0.41570541,0.38827098
0.27702703,0.65112665,0.24340176,0.50199203,0.33333333,0.56921790,0.61547837,0.34228188,0.57975904,0.35211268,0.58214625,0.42026507,0.25641026,0.37111265,0.69435216,0.28661088,0.26612903,0.26470588,0.32033898,0.36570561,0.43105756,0.35516605,0.37256809,0.30022321,0.39387755,0.27272727,0.40072860,0.27205882,0.41983122,0.35981063,0.43529412,0.24301075,0.47122302,0.40942472,0.25000000,0.41192266,0.40428641,0.39797549,0.48837209,0.38827098
0.27702703,0.45945946,0.24340176,0.62500000,0.63481829,0.56921790,0.37837838,0.34228188,0.57975904,0.48387097,0.34237288,0.42026507,0.33333333,0.35195531,0.68896321,0.28661088,0.32114286,0.29257642,0.32033898,0.36570561,0.43105756,0.35516605,0.37256809,0.30022321,0.28205128,0.27272727,0.40072860,0.27205882,0.41983122,0.35981063,0.43529412,0.20454545,0.58640984,0.63903282,0.17575758,0.41192266,0.40428641,0.39797549,0.34782609,0.38827098
0.27702703,0.65112665,0.24340176,0.61524047,0.39333333,0.56921790,0.37598425,0.21610169,0.57975904,0.48387097,0.58214625,0.42026507,0.58858058,0.37111265,0.69435216,0.28661088,0.32114286,0.33103448,0.32033898,0.36570561,0.43105756,0.35516605,0.37256809,0.30022321,0.39387755,0.30434783,0.40072860,0.36616702,0.41983122,0.35981063,0.43529412,0.24301075,0.34492754,0.51006711,0.56906967,0.62670300,0.40428641,0.39797549,0.41570541,0.38827098
0.27702703,0.54732510,0.36599424,0.62500000,0.63481829,0.56921790,0.61547837,0.56724422,0.31944444,0.41196013,0.58214625,0.42026507,0.33333333,0.37111265,0.54437870,0.23364486,0.63134658,0.57394366,0.32033898,0.36570561,0.43105756,0.35516605,0.37256809,0.30022321,0.28205128,0.32967033,0.70000000,0.27205882,0.41983122,0.35981063,0.43529412,0.40831296,0.58640984,0.57772021,0.56906967,0.41192266,0.40428641,0.39797549,0.41570541,0.38827098
0.30578512,0.45945946,0.60486995,0.50199203,0.63481829,0.28571429,0.61547837,0.56724422,0.57975904,0.59348681,0.58214625,0.71428571,0.33333333,0.35195531,0.61181435,0.30564784,0.32114286,0.57394366,0.46597938,0.36570561,0.43105756,0.35516605,0.37256809,0.29629630,0.49328859,0.58106236,0.40072860,0.27205882,0.41983122,0.35981063,0.43529412,0.24301075,0.42307692,0.40942472,0.29629630,0.58682635,0.40428641,0.37878788,0.41570541,0.38827098
0.30578512,0.45945946,0.36599424,0.50199203,0.63481829,0.22813688,0.42331288,0.56724422,0.57975904,0.59348681,0.58214625,0.42026507,0.37685460,0.37111265,0.41373626,0.28661088,0.32114286,0.33103448,0.32033898,0.36570561,0.43105756,0.35516605,0.37256809,0.13043478,0.39387755,0.30434783,0.40072860,0.36616702,0.41983122,0.35981063,0.43529412,0.40831296,0.47122302,0.33333333,0.17575758,0.58682635,0.40428641,0.39797549,0.41570541,0.00000000
0.27702703,0.45945946,0.24340176,0.38876890,0.63481829,0.28571429,0.42331288,0.56724422,0.37850467,0.35211268,0.34237288,0.42026507,0.25641026,0.37111265,0.41373626,0.23364486,0.32114286,0.26470588,0.32033898,0.36570561,0.50000000,0.35516605,0.37256809,0.30022321,0.39387755,0.33447099,0.40072860,0.27205882,0.41983122,0.35981063,0.43529412,0.24301075,0.34492754,0.51006711,0.56906967,0.41192266,0.40428641,0.39797549,0.34782609,0.63250883
0.27702703,0.40447154,0.24340176,0.27070707,0.63481829,0.27777778,0.37598425,0.56724422,0.57975904,0.35211268,0.34237288,0.42026507,0.33333333,0.37111265,0.68896321,0.30564784,0.32114286,0.26470588,0.23312883,0.36570561,0.43105756,0.35516605,0.37256809,0.13043478,0.49328859,0.32967033,0.40072860,0.36616702,0.41983122,0.35981063,0.43529412,0.40831296,0.34492754,0.40942472,0.56906967,0.55952381,0.25000000,0.39797549,0.71484375,0.71947195
0.30578512,0.40447154,0.24340176,0.38876890,0.63481829,0.56921790,0.42331288,0.56724422,0.31250000,0.59348681,0.28957529,0.42026507,0.37685460,0.37111265,0.41373626,0.57398374,0.26612903,0.33103448,0.47058824,0.36570561,0.43105756,0.35516605,0.33333333,0.30022321,0.59856631,0.33447099,0.59821429,0.36616702,0.41983122,0.35981063,0.43529412,0.24301075,0.27898551,0.11111111,0.29629630,0.41192266,0.40428641,0.39797549,0.41570541,0.38827098
0.30578512,0.40447154,0.36599424,0.50199203,0.63481829,0.56921790,0.44545455,0.56724422,0.57975904,0.59348681,0.34237288,0.42026507,0.33333333,0.37111265,0.61181435,0.23364486,0.32114286,0.33103448,0.32033898,0.36570561,0.68932039,0.35516605,0.37256809,0.13043478,0.59856631,0.32967033,0.40072860,0.27205882,0.41983122,0.35981063,0.43529412,0.24301075,0.34492754,0.40942472,0.56906967,0.41192266,0.40428641,0.39797549,0.41570541,0.38827098
0.26562500,0.45945946,0.36599424,0.52631579,0.63481829,0.56921790,0.61547837,0.34228188,0.57975904,0.48387097,0.34237288,0.42026507,0.33333333,0.35195531,0.41373626,0.23364486,0.32114286,0.33103448,0.60483384,0.36570561,0.43105756,0.35516605,0.37256809,0.30022321,0.39387755,0.58106236,0.40072860,0.42682927,0.41983122,0.35981063,0.43529412,0.53003534,0.34492754,0.40942472,0.56906967,0.58682635,0.40428641,0.39797549,0.41570541,0.38827098
0.30578512,0.45945946,0.24340176,0.61524047,0.63481829,0.27777778,0.37837838,0.56724422,0.57975904,0.59348681,0.34237288,0.42026507,0.33333333,0.37111265,0.10000000,0.28661088,0.32114286,0.29257642,0.49600000,0.36570561,0.00000000,0.34426230,0.37256809,0.30022321,0.39387755,0.27272727,0.40072860,0.27205882,0.41983122,0.35981063,0.43529412,0.24301075,0.27898551,0.40942472,0.25000000,0.55952381,0.40428641,0.39797549,0.00000000,0.56934307
0.27702703,0.22615804,0.24340176,0.61524047,0.63481829,0.27777778,0.42331288,0.56724422,0.57975904,0.59348681,0.28957529,0.42026507,0.33333333,0.37111265,0.41373626,0.28661088,0.32114286,0.26470588,0.46597938,0.36570561,0.43105756,0.35516605,0.37256809,0.00000000,0.39387755,0.58106236,0.40072860,0.27205882,0.41983122,0.35981063,0.43529412,0.24301075,0.34492754,0.40942472,0.56906967,0.58682635,0.40428641,0.39797549,0.41570541,0.38827098
0.27702703,0.45945946,0.36599424,0.38876890,0.63481829,0.27777778,0.44545455,0.56724422,0.31250000,0.59348681,0.34237288,0.42026507,0.37685460,0.37111265,0.41373626,0.23364486,0.32114286,0.29257642,0.46597938,0.36570561,0.00000000,0.25974026,0.37256809,0.13043478,0.28205128,0.33447099,0.40072860,0.27205882,0.41983122,0.35981063,0.43529412,0.24301075,0.34492754,0.40942472,0.21428571,0.41192266,0.63486842,0.39797549,0.41570541,0.45454545
0.27702703,0.45945946,0.36599424,0.61524047,0.63481829,0.56921790,0.37598425,0.56724422,0.57975904,0.59348681,0.19708029,0.42026507,0.33333333,0.37111265,0.41373626,0.28661088,0.32114286,0.57394366,0.32033898,0.36570561,0.43105756,0.31250000,0.37256809,0.13043478,0.39387755,0.32967033,0.40072860,0.27205882,0.41983122,0.35981063,0.43529412,0.24301075,0.27898551,0.40942472,0.17575758,0.58682635,0.40428641,0.39797549,0.34782609,0.63250883
0.27702703,0.40447154,0.24340176,0.38876890,0.39333333,0.27777778,0.37598425,0.21568627,0.57975904,0.35211268,0.23913043,0.42026507,0.33333333,0.37111265,0.69435216,0.23364486,0.32114286,0.20238095,0.49600000,0.00000000,0.43105756,0.35516605,0.37256809,0.30022321,0.28205128,0.25742574,0.40072860,0.27205882,0.41983122,0.35981063,0.43529412,0.20454545,0.27898551,0.51006711,0.56906967,0.58682635,0.40428641,0.39797549,0.41570541,0.45454545
0.40070922,0.54732510,0.49411765,0.52631579,0.63481829,0.56921790,0.44545455,0.56724422,0.57975904,0.41196013,0.34237288,0.42026507,0.33333333,0.77210884,0.41373626,0.23364486,0.32114286,0.26470588,0.32033898,0.36570561,0.43105756,0.35516605,0.37256809,0.30022321,0.39387755,0.32967033,0.40072860,0.36616702,0.41983122,0.35981063,0.43529412,0.24301075,0.34492754,0.40942472,0.00000000,0.41192266,0.40428641,0.39797549,0.41570541,0.38827098
0.27702703,0.65112665,0.24340176,0.38876890,0.39333333,0.28571429,0.44545455,0.56724422,0.57975904,0.59348681,0.28957529,0.42026507,0.54054054,0.77210884,0.41373626,0.28661088,0.26612903,0.57394366,0.23312883,0.36570561,0.43105756,0.35516605,0.37256809,0.29629630,0.59856631,0.58106236,0.40072860,0.61169882,0.41983122,0.35981063,0.43529412,0.61182994,0.27898551,0.40942472,0.56906967,0.41192266,0.40428641,0.39797549,0.41570541,0.38827098
0.27702703,0.65112665,0.60486995,0.61524047,0.63481829,0.56921790,0.61547837,0.56724422,0.57975904,0.59348681,0.58214625,0.42026507,0.58858058,0.37111265,0.41373626,0.28661088,0.32114286,0.57394366,0.46597938,0.36570561,0.43105756,0.35516605,0.37256809,0.30022321,0.49328859,0.58106236,0.40072860,0.42682927,0.41983122,0.35981063,0.43529412,0.24301075,0.58640984,0.31818182,0.56906967,0.58682635,0.40428641,0.39797549,0.41570541,0.38827098
0.60943500,0.65112665,0.60486995,0.61524047,0.63481829,0.56921790,0.61547837,0.56724422,0.57975904,0.59348681,0.58214625,0.42026507,0.58858058,0.37111265,0.41373626,0.28661088,0.32114286,0.57394366,0.32033898,0.36570561,0.43105756,0.35516605,0.37256809,0.30022321,0.59856631,0.58106236,0.40072860,0.61169882,0.41983122,0.35981063,0.43529412,0.61182994,0.58640984,0.40942472,0.56906967,0.62670300,0.40428641,0.39797549,0.41570541,0.38827098
0.30578512,0.65112665,0.49411765,0.61524047,0.63481829,0.56921790,0.61547837,0.56724422,0.35135135,0.59348681,0.58214625,0.42026507,0.58858058,0.37111265,0.68896321,0.28661088,0.32114286,0.57394366,0.46597938,0.36570561,0.43105756,0.35516605,0.37256809,0.30022321,0.39387755,0.58106236,0.40072860,0.36616702,0.41983122,0.35981063,0.43529412,0.40831296,0.58640984,0.40942472,0.56906967,0.62670300,0.40428641,0.39797549,0.41570541,0.56934307
0.30578512,0.65112665,0.36599424,0.61524047,0.63481829,0.56921790,0.37598425,0.56724422,0.57975904,0.35211268,0.58214625,0.42026507,0.33333333,0.35195531,0.41373626,0.28661088,0.32114286,0.33103448,0.32033898,0.36570561,0.43105756,0.34426230,0.37256809,0.30022321,0.39387755,0.58106236,0.40072860,0.36616702,0.41983122,0.35981063,0.43529412,0.58252427,0.47222222,0.40942472,0.21428571,0.41192266,0.40428641,0.39797549,0.41570541,0.38827098
0.27702703,0.22615804,0.49411765,0.38876890,0.63481829,0.22813688,0.37598425,0.56724422,0.57975904,0.48387097,0.43750000,0.42026507,0.37685460,0.37111265,0.69435216,0.28661088,0.32114286,0.33103448,0.32033898,0.36570561,0.43105756,0.35516605,0.37256809,0.29629630,0.39387755,0.58106236,0.40072860,0.27205882,0.41983122,0.35981063,0.43529412,0.40831296,0.58640984,0.31818182,0.17575758,0.58682635,0.40428641,0.39797549,0.41570541,0.45454545
0.27702703,0.54732510,0.60486995,0.38876890,0.63481829,0.56921790,0.61547837,0.56724422,0.57975904,0.59348681,0.58214625,0.71428571,0.33333333,0.37111265,0.68896321,0.23364486,0.26612903,0.50000000,0.47058824,0.36570561,0.43105756,0.35516605,0.37256809,0.29629630,0.49328859,0.30434783,0.40072860,0.27205882,0.41983122,0.35981063,0.43529412,0.24301075,0.42307692,0.33333333,0.56906967,0.58682635,0.40428641,0.35000000,0.41570541,0.56934307
0.27702703,0.45945946,0.60486995,0.52631579,0.63481829,0.56921790,0.61547837,0.56724422,0.31250000,0.59348681,0.58214625,0.42026507,0.33333333,0.37111265,0.41373626,0.15789474,0.63134658,0.57394366,0.46597938,0.36570561,0.43105756,0.35516605,0.37256809,0.30022321,0.39387755,0.33447099,0.40072860,0.17567568,0.41983122,0.35981063,0.43529412,0.61182994,0.58640984,0.40942472,0.56906967,0.58682635,0.40428641,0.39797549,0.41570541,0.38827098
0.27702703,0.45945946,0.24340176,0.52631579,0.39333333,0.56921790,0.37598425,0.34228188,0.23076923,0.41196013,0.28957529,0.70588235,0.33333333,0.50107991,0.68896321,0.15789474,0.32114286,0.29257642,0.46597938,0.36570561,0.43105756,0.35516605,0.37256809,0.30022321,0.28205128,0.27272727,0.40072860,0.17567568,0.41983122,0.35981063,0.43529412,0.20454545,0.27898551,0.40942472,0.17575758,0.58682635,0.40428641,0.39797549,0.41570541,0.38827098
0.27702703,0.45945946,0.21568627,0.52631579,0.63481829,0.56921790,0.44545455,0.56724422,0.31250000,0.59348681,0.34237288,0.42026507,0.37685460,0.37111265,0.61181435,0.28661088,0.32114286,0.29257642,0.32033898,0.36570561,0.43105756,0.35516605,0.37256809,0.30022321,0.39387755,0.27272727,0.40072860,0.27205882,0.41983122,0.35981063,0.43529412,0.24301075,0.27898551,0.40942472,0.17575758,0.58682635,0.40428641,0.39797549,0.34782609,0.38827098
0.27702703,0.65112665,0.24340176,0.61524047,0.33333333,0.56921790,0.61547837,0.56724422,0.57975904,0.41196013,0.58214625,0.42026507,0.25641026,0.37111265,0.69435216,0.28661088,0.32114286,0.26470588,0.32033898,0.36570561,0.43105756,0.35516605,0.37256809,0.30022321,0.28205128,0.32967033,0.40072860,0.27205882,0.41983122,0.35981063,0.43529412,0.40831296,0.47122302,0.40942472,0.56906967,0.41192266,0.40428641,0.39797549,0.48837209,0.63250883
0.26562500,0.40447154,0.36599424,0.61524047,0.63481829,0.56921790,0.61547837,0.56724422,0.31250000,0.41196013,0.28957529,0.42026507,0.37685460,0.37111265,0.41373626,0.28661088,0.32114286,0.26470588,0.46597938,0.36570561,0.43105756,0.35516605,0.37256809,0.30022321,0.39387755,0.33447099,0.40072860,0.36616702,0.41983122,0.35981063,0.43529412,0.24301075,0.27898551,0.40942472,0.21428571,0.41192266,0.40428641,0.39797549,0.41570541,0.38827098
0.30578512,0.65112665,0.49411765,0.61524047,0.63481829,0.56921790,0.61547837,0.56724422,0.57975904,0.48387097,0.58214625,0.42026507,0.33333333,0.37111265,0.61181435,0.28661088,0.32114286,0.33103448,0.46597938,0.36570561,0.43105756,0.35516605,0.37256809,0.30022321,0.59856631,0.58106236,0.40072860,0.36616702,0.41983122,0.35981063,0.43529412,0.40831296,0.58640984,0.40942472,0.56906967,0.62670300,0.40428641,0.39797549,0.34782609,0.38827098
0.27702703,0.40447154,0.60486995,0.27070707,0.63481829,0.56921790,0.61547837,0.56724422,0.31250000,0.59348681,0.58214625,0.42026507,0.33333333,0.37111265,0.41373626,0.28661088,0.32114286,0.57394366,0.49600000,0.36570561,0.43105756,0.35516605,0.37256809,0.30022321,0.39387755,0.58106236,0.40072860,0.17567568,0.41983122,0.35981063,0.43529412,0.61182994,0.47122302,0.40942472,0.19130435,0.41192266,0.78318584,0.39797549,0.41570541,0.38827098
0.60943500,0.40447154,0.21568627,0.38876890,0.36511156,0.56921790,0.44545455,0.56724422,0.57975904,0.48387097,0.58214625,0.42026507,0.58858058,0.35195531,0.41373626,0.72955975,0.32114286,0.57394366,0.32033898,0.36570561,0.43105756,0.35516605,0.37256809,0.30022321,0.49328859,0.32967033,0.40072860,0.42682927,0.41983122,0.35981063,0.43529412,0.58252427,0.58640984,0.40942472,0.56906967,0.41192266,0.40428641,0.39797549,0.41570541,0.38827098
0.26562500,0.45945946,0.24340176,0.38876890,0.39333333,0.27777778,0.37598425,0.56724422,0.31250000,0.27777778,0.19708029,0.42026507,0.33333333,0.37111265,0.41373626,0.00000000,0.28348214,0.33103448,0.49600000,0.36570561,0.43105756,0.35516605,0.37256809,0.30022321,0.28205128,0.27272727,0.40072860,0.27205882,0.41983122,0.35981063,0.43529412,0.24301075,0.27898551,0.33333333,0.19130435,0.41192266,0.40428641,0.39797549,0.41570541,0.56934307
0.30578512,0.60194175,0.24340176,0.38876890,0.63481829,0.56921790,0.37598425,0.56724422,0.37850467,0.59348681,0.28957529,0.42026507,0.37685460,0.37111265,0.41373626,0.28661088,0.18750000,0.33103448,0.47058824,0.36570561,0.43105756,0.47152620,0.37256809,0.13043478,0.39387755,0.27272727,0.40072860,0.27205882,0.41983122,0.35981063,0.43529412,0.24301075,0.34492754,0.51006711,0.19130435,0.55952381,0.78318584,0.39797549,0.41570541,0.38827098
0.30578512,0.40447154,0.24340176,0.52631579,0.39333333,0.56921790,0.37837838,0.56724422,0.23076923,0.59348681,0.58214625,0.42026507,0.54054054,0.77210884,0.41373626,0.23364486,0.28348214,0.26470588,0.32033898,0.36570561,0.43105756,0.35516605,0.37256809,0.30022321,0.48717949,0.58106236,0.40072860,0.42682927,0.41983122,0.35981063,0.43529412,0.24301075,0.47122302,0.40942472,0.56906967,0.41192266,0.40428641,0.39797549,0.41570541,0.38827098
0.60943500,0.65112665,0.60486995,0.61524047,0.63481829,0.56921790,0.61547837,0.56724422,0.57975904,0.59348681,0.58214625,0.42026507,0.58858058,0.37111265,0.41373626,0.28661088,0.28348214,0.57394366,0.60483384,0.36570561,0.43105756,0.60229133,0.37256809,0.32492114,0.59856631,0.58106236,0.40072860,0.61169882,0.41983122,0.35981063,0.43529412,0.61182994,0.58640984,0.40942472,0.56906967,0.41192266,0.40428641,0.39797549,0.41570541,0.38827098
0.60943500,0.65112665,0.60486995,0.61524047,0.63481829,0.56921790,0.61547837,0.56724422,0.57975904,0.59348681,0.58214625,0.84821429,0.58858058,0.37111265,0.41373626,0.28661088,0.63134658,0.57394366,0.60483384,0.36570561,0.43105756,0.35516605,0.37256809,0.30022321,0.59856631,0.58106236,0.40072860,0.61169882,0.41983122,0.35981063,0.43529412,0.61182994,0.58640984,0.40942472,0.56906967,0.41192266,0.40428641,0.39797549,0.41570541,0.38827098
0.60943500,0.40447154,0.60486995,0.61524047,0.63481829,0.56921790,0.61547837,0.56724422,0.57975904,0.59348681,0.58214625,0.42026507,0.58858058,0.37111265,0.53571429,0.72955975,0.32114286,0.57394366,0.60483384,0.36570561,0.43105756,0.60229133,0.37256809,0.73597811,0.59856631,0.58106236,0.40072860,0.61169882,0.41983122,0.35981063,0.43529412,0.61182994,0.58640984,0.40942472,0.56906967,0.41192266,0.40428641,0.39797549,0.41570541,0.38827098
0.60943500,0.40447154,0.60486995,0.61524047,0.63481829,0.56921790,0.61547837,0.56724422,0.57975904,0.59348681,0.58214625,0.42026507,0.58858058,0.37111265,0.41373626,0.57398374,0.73578595,0.57394366,0.60483384,0.36570561,0.43105756,0.47152620,0.37256809,0.30022321,0.59856631,0.58106236,0.40072860,0.61169882,0.41983122,0.35981063,0.43529412,0.61182994,0.58640984,0.40942472,0.19130435,0.41192266,0.40428641,0.39797549,0.41570541,0.38827098
0.60943500,0.40447154,0.60486995,0.61524047,0.63481829,0.56921790,0.61547837,0.56724422,0.57975904,0.59348681,0.58214625,0.42026507,0.58858058,0.37111265,0.41373626,0.57398374,0.73578595,0.57394366,0.60483384,0.79120879,0.43105756,0.47152620,0.37256809,0.30022321,0.28205128,0.58106236,0.40072860,0.61169882,0.41983122,0.35981063,0.43529412,0.61182994,0.58640984,0.40942472,0.13114754,0.41192266,0.40428641,0.39797549,0.41570541,0.38827098
0.60943500,0.45945946,0.60486995,0.61524047,0.63481829,0.56921790,0.61547837,0.56724422,0.57975904,0.59348681,0.58214625,0.42026507,0.58858058,0.37111265,0.68896321,0.30564784,0.28348214,0.57394366,0.46597938,0.36570561,0.43105756,0.35516605,0.37256809,0.30022321,0.59856631,0.58106236,0.40072860,0.61169882,0.41983122,0.35981063,0.43529412,0.61182994,0.58640984,0.40942472,0.17575758,0.58682635,0.40428641,0.39797549,0.41570541,0.38827098
0.60943500,0.65112665,0.60486995,0.38876890,0.39333333,0.56921790,0.61547837,0.56724422,0.57975904,0.59348681,0.58214625,0.78294574,0.58858058,0.50107991,0.41373626,0.72955975,0.73578595,0.57394366,0.60483384,0.36570561,0.43105756,0.35516605,0.37256809,0.80259740,0.59856631,0.58106236,0.40072860,0.61169882,0.41983122,0.35981063,0.43529412,0.61182994,0.58640984,0.40942472,0.56906967,0.62670300,0.40428641,0.39797549,0.41570541,0.38827098
0.60943500,0.40447154,0.60486995,0.61524047,0.63481829,0.56921790,0.61547837,0.56724422,0.57975904,0.59348681,0.58214625,0.42026507,0.58858058,0.37111265,0.41373626,0.30564784,0.28348214,0.57394366,0.60483384,0.36570561,0.43105756,0.35516605,0.37256809,0.44571429,0.59856631,0.58106236,0.40072860,0.61169882,0.41983122,0.35981063,0.43529412,0.61182994,0.58640984,0.40942472,0.56906967,0.41192266,0.40428641,0.39797549,0.41570541,0.38827098
0.60943500,0.65112665,0.60486995,0.61524047,0.36511156,0.56921790,0.61547837,0.56724422,0.57975904,0.35211268,0.58214625,0.42026507,0.58858058,0.37111265,0.69435216,0.28661088,0.63134658,0.57394366,0.60483384,0.36570561,0.43105756,0.34426230,0.37256809,0.32492114,0.59856631,0.58106236,0.40072860,0.61169882,0.41983122,0.35981063,0.43529412,0.40831296,0.58640984,0.57772021,0.19130435,0.78325123,0.40428641,0.39797549,0.41570541,0.38827098
0.60943500,0.65112665,0.60486995,0.61524047,0.63481829,0.56921790,0.61547837,0.56724422,0.57975904,0.59348681,0.58214625,0.42026507,0.58858058,0.37111265,0.60683761,0.28661088,0.32114286,0.57394366,0.60483384,0.36570561,0.43105756,0.47152620,0.37256809,0.73597811,0.59856631,0.58106236,0.40072860,0.61169882,0.41983122,0.35981063,0.43529412,0.61182994,0.58640984,0.40942472,0.19130435,0.62670300,0.40428641,0.39797549,0.41570541,0.38827098
0.60943500,0.65112665,0.60486995,0.61524047,0.63481829,0.56921790,0.61547837,0.56724422,0.57975904,0.59348681,0.58214625,0.78294574,0.58858058,0.37111265,0.69435216,0.28661088,0.32114286,0.57394366,0.60483384,0.36570561,0.43105756,0.35516605,0.37256809,0.30022321,0.59856631,0.58106236,0.40072860,0.61169882,0.41983122,0.35981063,0.43529412,0.61182994,0.58640984,0.40942472,0.56906967,0.41192266,0.40428641,0.39797549,0.41570541,0.38827098
0.27702703,0.65112665,0.60486995,0.38876890,0.63481829,0.56921790,0.61547837,0.56724422,0.57975904,0.35211268,0.58214625,0.42026507,0.58858058,0.35195531,0.69435216,0.57398374,0.63134658,0.37931034,0.32033898,0.36570561,0.43105756,0.34426230,0.37256809,0.44571429,0.59856631,0.58106236,0.59821429,0.27205882,0.41983122,0.35981063,0.43529412,0.40831296,0.47222222,0.40942472,0.19130435,0.62670300,0.40428641,0.39797549,0.41570541,0.38827098
0.60943500,0.65112665,0.60486995,0.61524047,0.63481829,0.56921790,0.61547837,0.56724422,0.57975904,0.59348681,0.58214625,0.42026507,0.58858058,0.37111265,0.41373626,0.28661088,0.32114286,0.57394366,0.60483384,0.36570561,0.43105756,0.34426230,0.37256809,0.30022321,0.59856631,0.58106236,0.40072860,0.61169882,0.41983122,0.35981063,0.43529412,0.61182994,0.58640984,0.40942472,0.56906967,0.41192266,0.40428641,0.39797549,0.41570541,0.38827098
0.60943500,0.65112665,0.60486995,0.61524047,0.36511156,0.56921790,0.61547837,0.56724422,0.57975904,0.59348681,0.58214625,0.42026507,0.58858058,0.37111265,0.61181435,0.72955975,0.32114286,0.57394366,0.60483384,0.79120879,0.43105756,0.35516605,0.37256809,0.73597811,0.59856631,0.58106236,0.40072860,0.61169882,0.41983122,0.35981063,0.43529412,0.61182994,0.58640984,0.63903282,0.19130435,0.41192266,0.40428641,0.39797549,0.41570541,0.38827098
0.60943500,0.65112665,0.60486995,0.61524047,0.63481829,0.56921790,0.61547837,0.56724422,0.57975904,0.59348681,0.58214625,0.42026507,0.58858058,0.37111265,0.41373626,0.28661088,0.32114286,0.57394366,0.60483384,0.36570561,0.43105756,0.35516605,0.37256809,0.30022321,0.59856631,0.58106236,0.40072860,0.61169882,0.41983122,0.35981063,0.43529412,0.61182994,0.58640984,0.57772021,0.17575758,0.41192266,0.40428641,0.39797549,0.41570541,0.38827098
0.60943500,0.40447154,0.24340176,0.61524047,0.36511156,0.56921790,0.42331288,0.21610169,0.57975904,0.41196013,0.34237288,0.42026507,0.37685460,0.35195531,0.41373626,0.30564784,0.63134658,0.33103448,0.32033898,0.36570561,0.43105756,0.47152620,0.37256809,0.32492114,0.39387755,0.27272727,0.59821429,0.27205882,0.41983122,0.35981063,0.43529412,0.61182994,0.34492754,0.63903282,0.13114754,0.41192266,0.40428641,0.39797549,0.41570541,0.38827098
0.60943500,0.65112665,0.60486995,0.61524047,0.63481829,0.56921790,0.61547837,0.56724422,0.57975904,0.59348681,0.58214625,0.42026507,0.58858058,0.77210884,0.61181435,0.23364486,0.32114286,0.57394366,0.60483384,0.36570561,0.43105756,0.35516605,0.37256809,0.29629630,0.59856631,0.58106236,0.40072860,0.61169882,0.41983122,0.35981063,0.43529412,0.61182994,0.58640984,0.40942472,0.56906967,0.41192266,0.40428641,0.39797549,0.41570541,0.38827098
0.30578512,0.45945946,0.60486995,0.61524047,0.39333333,0.56921790,0.42331288,0.56724422,0.57975904,0.41196013,0.58214625,0.42026507,0.58858058,0.37111265,0.69435216,0.28661088,0.32114286,0.57394366,0.32033898,0.36570561,0.43105756,0.35516605,0.37256809,0.44571429,0.48717949,0.58106236,0.40072860,0.61169882,0.41983122,0.35981063,0.43529412,0.53003534,0.58640984,0.51006711,0.21428571,0.62670300,0.40428641,0.39797549,0.41570541,0.38827098
0.27702703,0.45945946,0.60486995,0.38876890,0.63481829,0.56921790,0.61547837,0.56724422,0.57975904,0.35211268,0.58214625,0.42026507,0.58858058,0.37111265,0.41373626,0.28661088,0.63134658,0.57394366,0.32033898,0.36570561,0.43105756,0.35516605,0.37256809,0.30022321,0.59856631,0.58106236,0.40072860,0.61169882,0.41983122,0.35981063,0.43529412,0.61182994,0.58640984,0.63903282,0.56906967,0.62670300,0.40428641,0.39797549,0.41570541,0.38827098
0.60943500,0.65112665,0.60486995,0.61524047,0.63481829,0.56921790,0.61547837,0.56724422,0.57975904,0.59348681,0.58214625,0.42026507,0.58858058,0.37111265,0.41373626,0.23364486,0.28348214,0.57394366,0.23312883,0.36570561,0.43105756,0.35516605,0.37256809,0.30022321,0.59856631,0.58106236,0.40072860,0.61169882,0.41983122,0.35981063,0.43529412,0.61182994,0.58640984,0.51006711,0.56906967,0.41192266,0.40428641,0.39797549,0.41570541,0.38827098
0.60943500,0.22615804,0.24340176,0.27070707,0.18205805,0.56921790,0.30487805,0.56724422,0.57975904,0.59348681,0.58214625,0.42026507,0.58858058,0.71404110,0.61181435,0.57398374,0.32114286,0.57394366,0.46597938,0.36570561,0.43105756,0.35516605,0.37256809,0.44571429,0.28205128,0.27272727,0.40072860,0.51098901,0.41983122,0.35981063,0.43529412,0.24301075,0.47122302,0.57772021,0.21428571,0.58682635,0.54708520,0.39797549,0.41570541,0.38827098
0.27702703,0.40447154,0.24340176,0.61524047,0.18205805,0.27777778,0.30487805,0.56724422,0.57975904,0.41196013,0.28957529,0.42026507,0.58858058,0.35195531,0.41373626,0.57398374,0.28348214,0.33103448,0.32033898,0.36570561,0.43105756,0.25974026,0.37256809,0.30022321,0.39387755,0.27272727,0.40072860,0.36616702,0.41983122,0.35981063,0.43529412,0.24301075,0.34492754,0.40942472,0.19130435,0.58682635,0.40428641,0.37878788,0.41570541,0.38827098
0.60943500,0.65112665,0.60486995,0.61524047,0.36511156,0.56921790,0.30487805,0.15000000,0.57975904,0.59348681,0.58214625,0.42026507,0.37685460,0.37111265,0.54437870,0.28661088,0.32114286,0.20238095,0.60483384,0.36570561,0.43105756,0.35516605,0.37256809,0.30022321,0.24347826,0.25742574,0.40072860,0.36616702,0.41983122,0.35981063,0.43529412,0.20454545,0.34492754,0.51006711,0.19130435,0.41192266,0.40428641,0.39797549,0.34782609,0.56934307
0.60943500,0.22615804,0.60486995,0.61524047,0.63481829,0.56921790,0.42331288,0.56724422,0.57975904,0.59348681,0.58214625,0.42026507,0.58858058,0.37111265,0.41373626,0.28661088,0.32114286,0.57394366,0.46597938,0.36570561,0.43105756,0.35516605,0.37256809,0.30022321,0.49328859,0.58106236,0.40072860,0.42682927,0.41983122,0.35981063,0.43529412,0.40831296,0.58640984,0.40942472,0.17575758,0.41192266,0.40428641,0.39797549,0.41570541,0.63250883
0.26562500,0.65112665,0.60486995,0.61524047,0.63481829,0.56921790,0.61547837,0.56724422,0.57975904,0.59348681,0.58214625,0.42026507,0.58858058,0.37111265,0.69435216,0.23364486,0.32114286,0.57394366,0.60483384,0.36570561,0.43105756,0.25974026,0.37256809,0.30022321,0.48717949,0.58106236,0.40072860,0.36616702,0.71014493,0.35981063,0.43529412,0.24301075,0.47122302,0.40942472,0.56906967,0.41192266,0.40428641,0.39797549,0.82539683,0.38827098
0.60943500,0.65112665,0.60486995,0.61524047,0.63481829,0.56921790,0.61547837,0.56724422,0.57975904,0.59348681,0.58214625,0.78294574,0.58858058,0.37111265,0.41373626,0.57398374,0.32114286,0.57394366,0.60483384,0.36570561,0.43105756,0.35516605,0.37256809,0.32492114,0.59856631,0.58106236,0.40072860,0.61169882,0.41983122,0.35981063,0.43529412,0.61182994,0.58640984,0.40942472,0.56906967,0.78325123,0.40428641,0.39797549,0.41570541,0.38827098
0.26562500,0.40447154,0.24340176,0.61524047,0.63481829,0.56921790,0.61547837,0.56724422,0.57975904,0.59348681,0.58214625,0.42026507,0.37685460,0.35195531,0.41373626,0.28661088,0.32114286,0.26470588,0.32033898,0.36570561,0.43105756,0.35516605,0.37256809,0.30022321,0.28205128,0.27272727,0.40072860,0.36616702,0.41983122,0.35981063,0.43529412,0.61182994,0.58640984,0.40942472,0.56906967,0.41192266,0.40428641,0.39797549,0.85148515,0.81382979
0.60943500,0.40447154,0.24340176,0.61524047,0.63481829,0.56921790,0.30487805,0.56724422,0.57975904,0.59348681,0.28957529,0.42026507,0.58858058,0.37111265,0.68896321,0.28661088,0.32114286,0.26470588,0.32033898,0.36570561,0.43105756,0.35516605,0.37256809,0.30022321,0.59856631,0.27272727,0.40072860,0.42682927,0.41983122,0.35981063,0.43529412,0.24301075,0.34492754,0.63903282,0.19130435,0.41192266,0.40428641,0.39797549,0.41570541,0.38827098
0.27702703,0.40447154,0.60486995,0.61524047,0.63481829,0.56921790,0.61547837,0.56724422,0.57975904,0.59348681,0.58214625,0.42026507,0.58858058,0.37111265,0.41373626,0.30564784,0.26612903,0.57394366,0.60483384,0.36570561,0.43105756,0.35516605,0.37256809,0.30022321,0.49328859,0.33447099,0.40072860,0.51098901,0.41983122,0.35981063,0.43529412,0.40831296,0.47222222,0.40942472,0.56906967,0.62670300,0.40428641,0.39797549,0.71484375,0.56934307
0.60943500,0.65112665,0.60486995,0.61524047,0.63481829,0.56921790,0.61547837,0.56724422,0.57975904,0.59348681,0.58214625,0.78294574,0.58858058,0.37111265,0.41373626,0.23364486,0.32114286,0.57394366,0.32033898,0.36570561,0.43105756,0.35516605,0.37256809,0.44571429,0.59856631,0.58106236,0.40072860,0.61169882,0.41983122,0.35981063,0.43529412,0.61182994,0.58640984,0.40942472,0.56906967,0.62670300,0.40428641,0.39797549,0.41570541,0.38827098
0.60943500,0.65112665,0.60486995,0.61524047,0.63481829,0.56921790,0.61547837,0.56724422,0.57975904,0.59348681,0.58214625,0.42026507,0.58858058,0.35195531,0.41373626,0.28661088,0.32114286,0.57394366,0.60483384,0.36570561,0.43105756,0.35516605,0.37256809,0.30022321,0.59856631,0.58106236,0.40072860,0.61169882,0.41983122,0.35981063,0.43529412,0.61182994,0.58640984,0.57772021,0.56906967,0.41192266,0.40428641,0.39797549,0.41570541,0.38827098
0.60943500,0.65112665,0.60486995,0.61524047,0.63481829,0.56921790,0.61547837,0.56724422,0.57975904,0.59348681,0.58214625,0.42026507,0.58858058,0.37111265,0.41373626,0.28661088,0.28348214,0.57394366,0.60483384,0.36570561,0.43105756,0.34426230,0.37256809,0.32492114,0.59856631,0.58106236,0.40072860,0.61169882,0.41983122,0.35981063,0.43529412,0.61182994,0.58640984,0.63903282,0.56906967,0.41192266,0.40428641,0.39797549,0.41570541,0.38827098
0.60943500,0.65112665,0.60486995,0.61524047,0.63481829,0.56921790,0.61547837,0.56724422,0.57975904,0.59348681,0.58214625,0.42026507,0.58858058,0.37111265,0.41373626,0.57398374,0.32114286,0.57394366,0.60483384,0.36570561,0.43105756,0.35516605,0.37256809,0.30022321,0.59856631,0.58106236,0.40072860,0.61169882,0.41983122,0.35981063,0.43529412,0.58252427,0.58640984,0.57772021,0.56906967,0.41192266,0.40428641,0.39797549,0.41570541,0.38827098
0.60943500,0.65112665,0.60486995,0.61524047,0.63481829,0.56921790,0.61547837,0.56724422,0.57975904,0.48387097,0.58214625,0.42026507,0.58858058,0.37111265,0.41373626,0.28661088,0.63134658,0.57394366,0.60483384,0.36570561,0.43105756,0.35516605,0.37256809,0.30022321,0.59856631,0.58106236,0.40072860,0.61169882,0.41983122,0.35981063,0.43529412,0.61182994,0.58640984,0.40942472,0.21428571,0.41192266,0.40428641,0.39797549,0.41570541,0.38827098
0.27702703,0.65112665,0.60486995,0.61524047,0.63481829,0.56921790,0.61547837,0.56724422,0.37850467,0.59348681,0.58214625,0.42026507,0.58858058,0.37111265,0.41373626,0.28661088,0.63134658,0.57394366,0.32033898,0.36570561,0.43105756,0.35516605,0.37256809,0.30022321,0.48717949,0.58106236,0.40072860,0.51098901,0.41983122,0.35981063,0.43529412,0.53003534,0.58640984,0.63903282,0.50000000,0.41192266,0.40428641,0.39797549,0.41570541,0.38827098
0.60943500,0.65112665,0.60486995,0.61524047,0.63481829,0.56921790,0.61547837,0.56724422,0.57975904,0.59348681,0.58214625,0.42026507,0.58858058,0.37111265,0.41373626,0.28661088,0.32114286,0.57394366,0.60483384,0.36570561,0.43105756,0.35516605,0.37256809,0.30022321,0.59856631,0.58106236,0.40072860,0.61169882,0.41983122,0.35981063,0.43529412,0.61182994,0.58640984,0.40942472,0.56906967,0.41192266,0.40428641,0.39797549,0.41570541,0.38827098
0.60943500,0.65112665,0.60486995,0.61524047,0.63481829,0.56921790,0.61547837,0.56724422,0.57975904,0.59348681,0.58214625,0.42026507,0.58858058,0.37111265,0.68896321,0.28661088,0.32114286,0.57394366,0.46597938,0.36570561,0.43105756,0.35516605,0.37256809,0.30022321,0.59856631,0.58106236,0.40072860,0.61169882,0.41983122,0.35981063,0.43529412,0.61182994,0.58640984,0.63903282,0.56906967,0.62670300,0.40428641,0.39797549,0.41570541,0.38827098
0.60943500,0.65112665,0.60486995,0.61524047,0.63481829,0.56921790,0.61547837,0.56724422,0.57975904,0.59348681,0.58214625,0.42026507,0.58858058,0.37111265,0.41373626,0.28661088,0.32114286,0.57394366,0.60483384,0.36570561,0.43105756,0.35516605,0.37256809,0.30022321,0.59856631,0.58106236,0.40072860,0.61169882,0.41983122,0.35981063,0.43529412,0.61182994,0.58640984,0.40942472,0.56906967,0.41192266,0.40428641,0.39797549,0.41570541,0.38827098
0.60943500,0.65112665,0.60486995,0.61524047,0.63481829,0.56921790,0.61547837,0.56724422,0.57975904,0.59348681,0.58214625,0.42026507,0.58858058,0.37111265,0.41373626,0.28661088,0.32114286,0.57394366,0.60483384,0.36570561,0.43105756,0.35516605,0.37256809,0.30022321,0.59856631,0.58106236,0.40072860,0.61169882,0.41983122,0.35981063,0.43529412,0.61182994,0.58640984,0.40942472,0.56906967,0.41192266,0.40428641,0.39797549,0.41570541,0.38827098
0.30578512,0.65112665,0.36599424,0.61524047,0.50476190,0.56921790,0.61547837,0.56724422,0.57975904,0.59348681,0.58214625,0.42026507,0.58858058,0.37111265,0.41373626,0.28661088,0.32114286,0.57394366,0.60483384,0.36570561,0.43105756,0.35516605,0.37256809,0.30022321,0.48717949,0.33447099,0.40072860,0.61169882,0.41983122,0.35981063,0.43529412,0.24301075,0.58640984,0.63903282,0.29629630,0.41192266,0.40428641,0.39797549,0.41570541,0.38827098
0.60943500,0.65112665,0.60486995,0.61524047,0.63481829,0.56921790,0.61547837,0.56724422,0.57975904,0.59348681,0.58214625,0.42026507,0.58858058,0.37111265,0.41373626,0.28661088,0.26612903,0.57394366,0.60483384,0.36570561,0.43105756,0.35516605,0.37256809,0.30022321,0.59856631,0.58106236,0.40072860,0.61169882,0.41983122,0.35981063,0.43529412,0.61182994,0.58640984,0.40942472,0.21428571,0.78325123,0.63486842,0.39797549,0.41570541,0.38827098
0.30578512,0.65112665,0.60486995,0.61524047,0.39333333,0.56921790,0.61547837,0.56724422,0.57975904,0.41196013,0.28957529,0.42026507,0.58858058,0.37111265,0.41373626,0.28661088,0.32114286,0.57394366,0.32033898,0.36570561,0.43105756,0.35516605,0.37256809,0.30022321,0.49328859,0.58106236,0.40072860,0.36616702,0.41983122,0.35981063,0.43529412,0.40831296,0.58640984,0.40942472,0.17575758,0.41192266,0.40428641,0.39797549,0.41570541,0.38827098
0.60943500,0.65112665,0.60486995,0.61524047,0.63481829,0.56921790,0.61547837,0.56724422,0.57975904,0.59348681,0.58214625,0.42026507,0.58858058,0.50107991,0.41373626,0.57398374,0.63134658,0.57394366,0.60483384,0.36570561,0.43105756,0.34426230,0.37256809,0.73597811,0.59856631,0.58106236,0.40072860,0.61169882,0.41983122,0.35981063,0.43529412,0.61182994,0.58640984,0.40942472,0.56906967,0.58682635,0.40428641,0.50216450,0.41570541,0.38827098
0.60943500,0.65112665,0.36599424,0.61524047,0.63481829,0.56921790,0.42331288,0.56724422,0.57975904,0.59348681,0.58214625,0.42026507,0.58858058,0.37111265,0.68896321,0.28661088,0.32114286,0.57394366,0.32033898,0.36570561,0.43105756,0.35516605,0.37256809,0.30022321,0.59856631,0.58106236,0.40072860,0.61169882,0.41983122,0.35981063,0.43529412,0.61182994,0.58640984,0.40942472,0.56906967,0.41192266,0.40428641,0.39797549,0.41570541,0.38827098
0.27702703,0.40447154,0.49411765,0.61524047,0.50476190,0.28571429,0.37598425,0.56724422,0.57975904,0.35211268,0.34237288,0.42026507,0.58858058,0.37111265,0.61181435,0.28661088,0.32114286,0.57394366,0.60483384,0.36570561,0.43105756,0.35516605,0.37256809,0.44571429,0.59856631,0.58106236,0.40072860,0.61169882,0.41983122,0.35981063,0.43529412,0.40831296,0.47122302,0.40942472,0.21428571,0.41192266,0.40428641,0.39797549,0.41570541,0.38827098
0.27702703,0.40447154,0.49411765,0.61524047,0.39333333,0.56921790,0.61547837,0.56724422,0.57975904,0.41196013,0.58214625,0.42026507,0.58858058,0.71404110,0.41373626,0.57398374,0.28348214,0.57394366,0.46597938,0.36570561,0.43105756,0.35516605,0.67469880,0.32492114,0.28205128,0.58106236,0.40072860,0.61169882,0.41983122,0.35981063,0.43529412,0.61182994,0.58640984,0.63903282,0.17575758,0.62670300,0.40428641,0.39797549,0.48837209,0.71947195
0.40070922,0.65112665,0.36599424,0.61524047,0.63481829,0.56921790,0.61547837,0.56724422,0.57975904,0.35211268,0.58214625,0.71428571,0.58858058,0.37111265,0.41373626,0.57398374,0.32114286,0.57394366,0.60483384,0.36570561,0.43105756,0.35516605,0.37256809,0.30022321,0.59856631,0.58106236,0.40072860,0.61169882,0.41983122,0.35981063,0.43529412,0.61182994,0.58640984,0.63903282,0.21428571,0.58682635,0.40428641,0.39797549,0.71484375,0.38827098
0.60943500,0.45945946,0.60486995,0.61524047,0.36511156,0.56921790,0.30487805,0.56724422,0.57975904,0.59348681,0.58214625,0.42026507,0.58858058,0.37111265,0.41373626,0.28661088,0.32114286,0.57394366,0.32033898,0.36570561,0.43105756,0.35516605,0.37256809,0.30022321,0.59856631,0.58106236,0.40072860,0.61169882,0.41983122,0.35981063,0.43529412,0.61182994,0.58640984,0.40942472,0.29629630,0.41192266,0.40428641,0.39797549,0.41570541,0.38827098
0.60943500,0.22615804,0.60486995,0.61524047,0.63481829,0.56921790,0.42331288,0.56724422,0.57975904,0.33079848,0.58214625,0.42026507,0.58858058,0.37111265,0.61181435,0.28661088,0.32114286,0.57394366,0.32033898,0.36570561,0.43105756,0.35516605,0.37256809,0.32492114,0.39387755,0.58106236,0.40072860,0.61169882,0.41983122,0.35981063,0.43529412,0.24301075,0.58640984,0.57772021,0.17575758,0.41192266,0.40428641,0.39797549,0.41570541,0.38827098
0.60943500,0.65112665,0.60486995,0.61524047,0.36511156,0.56921790,0.61547837,0.56724422,0.35135135,0.48387097,0.58214625,0.42026507,0.58858058,0.37111265,0.60683761,0.28661088,0.32114286,0.57394366,0.60483384,0.36570561,0.43105756,0.35516605,0.37256809,0.30022321,0.59856631,0.58106236,0.40072860,0.61169882,0.41983122,0.35981063,0.43529412,0.61182994,0.58640984,0.40942472,0.56906967,0.41192266,0.40428641,0.39797549,0.41570541,0.38827098
0.60943500,0.65112665,0.60486995,0.61524047,0.63481829,0.56921790,0.61547837,0.56724422,0.31944444,0.59348681,0.58214625,0.42026507,0.58858058,0.37111265,0.41373626,0.57398374,0.73578595,0.57394366,0.60483384,0.79120879,0.43105756,0.78527607,0.76223776,0.30022321,0.59856631,0.58106236,0.82300885,0.51098901,0.41983122,0.35981063,0.43529412,0.61182994,0.58640984,0.40942472,0.13114754,0.41192266,0.40428641,0.39797549,0.41570541,0.38827098
0.30578512,0.40447154,0.36599424,0.61524047,0.63481829,0.56921790,0.37598425,0.56724422,0.57975904,0.41196013,0.58214625,0.70588235,0.58858058,0.50107991,0.61181435,0.57398374,0.28348214,0.57394366,0.60483384,0.43181818,0.43105756,0.34426230,0.37256809,0.73597811,0.59856631,0.58106236,0.40072860,0.42682927,0.41983122,0.35981063,0.43529412,0.53003534,0.47122302,0.63903282,0.13114754,0.62670300,0.40428641,0.39797549,0.41570541,0.38827098
0.30578512,0.45945946,0.36599424,0.38876890,0.18205805,0.27777778,0.30487805,0.21610169,0.37850467,0.35211268,0.34237288,0.42026507,0.58858058,0.77210884,0.41373626,0.28661088,0.32114286,0.57394366,0.60483384,0.36570561,0.43105756,0.31250000,0.37256809,0.30022321,0.59856631,0.58106236,0.40072860,0.61169882,0.41983122,0.35981063,0.43529412,0.40831296,0.34492754,0.40942472,0.56906967,0.55952381,0.54708520,0.39797549,0.41570541,0.38827098
0.40070922,0.40447154,0.36599424,0.61524047,0.36511156,0.56921790,0.44545455,0.56724422,0.57975904,0.59348681,0.58214625,0.42026507,0.58858058,0.37111265,0.60683761,0.28661088,0.32114286,0.57394366,0.60483384,0.36570561,0.43105756,0.35516605,0.37256809,0.73597811,0.49328859,0.58106236,0.40072860,0.61169882,0.41983122,0.35981063,0.43529412,0.53003534,0.58640984,0.57772021,0.56906967,0.62670300,0.40428641,0.39797549,0.41570541,0.56934307
0.60943500,0.65112665,0.60486995,0.61524047,0.63481829,0.56921790,0.61547837,0.56724422,0.57975904,0.35211268,0.58214625,0.42026507,0.58858058,0.37111265,0.41373626,0.23364486,0.63134658,0.57394366,0.23312883,0.36570561,0.43105756,0.35516605,0.37256809,0.30022321,0.59856631,0.58106236,0.40072860,0.61169882,0.41983122,0.35981063,0.43529412,0.61182994,0.58640984,0.40942472,0.56906967,0.41192266,0.40428641,0.39797549,0.41570541,0.38827098
0.60943500,0.45945946,0.60486995,0.38876890,0.36511156,0.56921790,0.61547837,0.56724422,0.31944444,0.59348681,0.58214625,0.42026507,0.58858058,0.37111265,0.41373626,0.30564784,0.63134658,0.57394366,0.60483384,0.36570561,0.43105756,0.35516605,0.37256809,0.30022321,0.59856631,0.58106236,0.40072860,0.61169882,0.41983122,0.35981063,0.43529412,0.61182994,0.58640984,0.63903282,0.19130435,0.41192266,0.40428641,0.39797549,0.41570541,0.38827098
0.60943500,0.65112665,0.60486995,0.61524047,0.39333333,0.56921790,0.42331288,0.56724422,0.31944444,0.48387097,0.58214625,0.42026507,0.54054054,0.35195531,0.41373626,0.30564784,0.63134658,0.57394366,0.60483384,0.36570561,0.43105756,0.35516605,0.37256809,0.30022321,0.59856631,0.58106236,0.40072860,0.36616702,0.41983122,0.35981063,0.43529412,0.61182994,0.58640984,0.63903282,0.56906967,0.41192266,0.40428641,0.39797549,0.41570541,0.56934307
0.60943500,0.65112665,0.36599424,0.38876890,0.36511156,0.56921790,0.61547837,0.56724422,0.57975904,0.59348681,0.58214625,0.42026507,0.58858058,0.37111265,0.41373626,0.28661088,0.32114286,0.57394366,0.60483384,0.36570561,0.43105756,0.34426230,0.37256809,0.30022321,0.39387755,0.58106236,0.40072860,0.61169882,0.41983122,0.35981063,0.43529412,0.61182994,0.58640984,0.57772021,0.19130435,0.41192266,0.40428641,0.39797549,0.41570541,0.38827098
0.60943500,0.65112665,0.60486995,0.61524047,0.63481829,0.56921790,0.61547837,0.56724422,0.57975904,0.59348681,0.58214625,0.42026507,0.58858058,0.37111265,0.41373626,0.28661088,0.32114286,0.57394366,0.60483384,0.36570561,0.43105756,0.35516605,0.37256809,0.30022321,0.59856631,0.58106236,0.40072860,0.61169882,0.41983122,0.35981063,0.43529412,0.61182994,0.58640984,0.40942472,0.56906967,0.78325123,0.40428641,0.39797549,0.41570541,0.38827098
0.60943500,0.65112665,0.36599424,0.61524047,0.36511156,0.56921790,0.61547837,0.56724422,0.57975904,0.59348681,0.58214625,0.42026507,0.58858058,0.37111265,0.41373626,0.28661088,0.32114286,0.57394366,0.60483384,0.36570561,0.43105756,0.47152620,0.37256809,0.30022321,0.59856631,0.58106236,0.40072860,0.61169882,0.41983122,0.35981063,0.43529412,0.61182994,0.58640984,0.40942472,0.17575758,0.41192266,0.63486842,0.39797549,0.41570541,0.38827098
0.60943500,0.65112665,0.60486995,0.61524047,0.63481829,0.56921790,0.61547837,0.56724422,0.57975904,0.59348681,0.58214625,0.42026507,0.58858058,0.37111265,0.41373626,0.28661088,0.63134658,0.57394366,0.46597938,0.36570561,0.43105756,0.35516605,0.37256809,0.30022321,0.59856631,0.58106236,0.40072860,0.61169882,0.41983122,0.35981063,0.43529412,0.61182994,0.58640984,0.40942472,0.56906967,0.41192266,0.40428641,0.39797549,0.41570541,0.38827098
0.30578512,0.40447154,0.24340176,0.38876890,0.36511156,0.56921790,0.61547837,0.21610169,0.57975904,0.59348681,0.43750000,0.42026507,0.33333333,0.37111265,0.61181435,0.28661088,0.32114286,0.26470588,0.60483384,0.36570561,0.43105756,0.25974026,0.37256809,0.13043478,0.59856631,0.58106236,0.40072860,0.27205882,0.41983122,0.35981063,0.43529412,0.61182994,0.34492754,0.40942472,0.19130435,0.41192266,0.40428641,0.39797549,0.41570541,0.38827098
0.27702703,0.22615804,0.24340176,0.50199203,0.63481829,0.22813688,0.61547837,0.21610169,0.57975904,0.59348681,0.58214625,0.42026507,0.25641026,0.37111265,0.69435216,0.28661088,0.28348214,0.29257642,0.46597938,0.36570561,0.43105756,0.34426230,0.37256809,0.44571429,0.49328859,0.32967033,0.40072860,0.36616702,0.41983122,0.35981063,0.43529412,0.40831296,0.47222222,0.33333333,0.56906967,0.41192266,0.40428641,0.39797549,0.41570541,0.38827098
0.27702703,0.65112665,0.60486995,0.38876890,0.36511156,0.56921790,0.61547837,0.21610169,0.57975904,0.59348681,0.58214625,0.42026507,0.58858058,0.37111265,0.41373626,0.28661088,0.32114286,0.26470588,0.60483384,0.70403587,0.43105756,0.60229133,0.37256809,0.29629630,0.39387755,0.58106236,0.40072860,0.42682927,0.41983122,0.35981063,0.43529412,0.61182994,0.21276596,0.57772021,0.56906967,0.41192266,0.40428641,0.39797549,0.41570541,0.38827098
0.60943500,0.40447154,0.60486995,0.38876890,0.18205805,0.27777778,0.42331288,0.56724422,0.57975904,0.59348681,0.58214625,0.42026507,0.58858058,0.71404110,0.41373626,0.28661088,0.32114286,0.57394366,0.60483384,0.36570561,0.43105756,0.35516605,0.37256809,0.30022321,0.49328859,0.58106236,0.40072860,0.61169882,0.41983122,0.35981063,0.43529412,0.61182994,0.58640984,0.51006711,0.56906967,0.62670300,0.40428641,0.39797549,0.41570541,0.38827098
0.60943500,0.65112665,0.60486995,0.61524047,0.63481829,0.56921790,0.61547837,0.56724422,0.57975904,0.59348681,0.58214625,0.42026507,0.58858058,0.37111265,0.68896321,0.28661088,0.32114286,0.57394366,0.60483384,0.36570561,0.43105756,0.34426230,0.37256809,0.30022321,0.59856631,0.58106236,0.40072860,0.61169882,0.41983122,0.35981063,0.43529412,0.61182994,0.58640984,0.40942472,0.56906967,0.41192266,0.40428641,0.39797549,0.41570541,0.38827098
0.40070922,0.65112665,0.24340176,0.61524047,0.63481829,0.56921790,0.61547837,0.56724422,0.57975904,0.59348681,0.58214625,0.42026507,0.58858058,0.37111265,0.41373626,0.28661088,0.32114286,0.57394366,0.60483384,0.36570561,0.43105756,0.34426230,0.37256809,0.30022321,0.28205128,0.25742574,0.40072860,0.17567568,0.41983122,0.35981063,0.43529412,0.20454545,0.47122302,0.40942472,0.13114754,0.41192266,0.40428641,0.39797549,0.41570541,0.38827098
0.60943500,0.60000000,0.21568627,0.62500000,0.63481829,0.56921790,0.61547837,0.00000000,0.31944444,0.59348681,0.58214625,0.42026507,0.58858058,0.37111265,0.41373626,0.28661088,0.32114286,0.57394366,0.60483384,0.36570561,0.43105756,0.31250000,0.37256809,0.30022321,0.48717949,0.32967033,0.40072860,0.17567568,0.41983122,0.35981063,0.43529412,0.24301075,0.21276596,0.40942472,0.19130435,0.41192266,0.54708520,0.39797549,0.41570541,0.38827098
0.60943500,0.65112665,0.21951220,0.52631579,0.63481829,0.56921790,0.61547837,0.40000000,0.37850467,0.59348681,0.58214625,0.42026507,0.58858058,0.37111265,0.41373626,0.28661088,0.32114286,0.57394366,0.60483384,0.36570561,0.43105756,0.35516605,0.37256809,0.30022321,0.59856631,0.30434783,0.40072860,0.27205882,0.41983122,0.35981063,0.43529412,0.53003534,0.58640984,0.40942472,0.19130435,0.41192266,0.40428641,0.39797549,0.41570541,0.38827098
0.60943500,0.65112665,0.21568627,0.61524047,0.63481829,0.56921790,0.61547837,0.56724422,0.57975904,0.59348681,0.58214625,0.42026507,0.58858058,0.37111265,0.41373626,0.28661088,0.32114286,0.57394366,0.60483384,0.36570561,0.43105756,0.35516605,0.37256809,0.30022321,0.40000000,0.30434783,0.40072860,0.17567568,0.41983122,0.35981063,0.43529412,0.40831296,0.27898551,0.63903282,0.19130435,0.41192266,0.40428641,0.39797549,0.41570541,0.38827098
0.60943500,0.65112665,0.21568627,0.33333333,0.63481829,0.56921790,0.61547837,0.56724422,0.35135135,0.59348681,0.58214625,0.42026507,0.58858058,0.35195531,0.41373626,0.28661088,0.18750000,0.57394366,0.60483384,0.36570561,0.43105756,0.35516605,0.37256809,0.30022321,0.59856631,0.30434783,0.40072860,0.17567568,0.41983122,0.35981063,0.43529412,0.40831296,0.34492754,0.63903282,0.19130435,0.41192266,0.40428641,0.39797549,0.41570541,0.38827098
0.60943500,0.65112665,0.21951220,0.33333333,0.63481829,0.56921790,0.61547837,0.56724422,0.23076923,0.59348681,0.58214625,0.42026507,0.58858058,0.37111265,0.41373626,0.28661088,0.18750000,0.57394366,0.60483384,0.36570561,0.43105756,0.35516605,0.37256809,0.30022321,0.40000000,0.32967033,0.40072860,0.17567568,0.41983122,0.35981063,0.43529412,0.24301075,0.58640984,0.11111111,0.13114754,0.41192266,0.40428641,0.39797549,0.41570541,0.38827098
0.60943500,0.65112665,0.21951220,0.61524047,0.63481829,0.56921790,0.61547837,0.56724422,0.37850467,0.59348681,0.58214625,0.42026507,0.58858058,0.37111265,0.41373626,0.28661088,0.32114286,0.57394366,0.60483384,0.36570561,0.43105756,0.35516605,0.37256809,0.30022321,0.59856631,0.30434783,0.40072860,0.27205882,0.41983122,0.35981063,0.43529412,0.20454545,0.34492754,0.40942472,0.56906967,0.41192266,0.40428641,0.39797549,0.41570541,0.38827098
0.60943500,0.65112665,0.21951220,0.61524047,0.63481829,0.56921790,0.61547837,0.56724422,0.37850467,0.59348681,0.58214625,0.42026507,0.58858058,0.37111265,0.41373626,0.28661088,0.32114286,0.57394366,0.60483384,0.36570561,0.43105756,0.35516605,0.37256809,0.30022321,0.48717949,0.32967033,0.40072860,0.27205882,0.41983122,0.35981063,0.43529412,0.40831296,0.34492754,0.40942472,0.13114754,0.00000000,0.40428641,0.39797549,0.41570541,0.38827098
0.60943500,0.64705882,0.28571429,0.50199203,0.50476190,0.56921790,0.37837838,0.56724422,0.37850467,0.59348681,0.58214625,0.42026507,0.58858058,0.37111265,0.41373626,0.28661088,0.32114286,0.57394366,0.60483384,0.36570561,0.43105756,0.35516605,0.37256809,0.30022321,0.49328859,0.27272727,0.40072860,0.00000000,0.41983122,0.35981063,0.43529412,0.12500000,0.11764706,0.40942472,0.13114754,0.36111111,0.63486842,0.39797549,0.41570541,0.38827098
0.60943500,0.65112665,0.21951220,0.62500000,0.63481829,0.56921790,0.61547837,0.56724422,0.37850467,0.59348681,0.58214625,0.42026507,0.58858058,0.37111265,0.41373626,0.28661088,0.26612903,0.57394366,0.60483384,0.36570561,0.43105756,0.35516605,0.37256809,0.30022321,0.00000000,0.30434783,0.40072860,0.27205882,0.41983122,0.35981063,0.43529412,0.40831296,0.27898551,0.40942472,0.19130435,0.41192266,0.40428641,0.39797549,0.41570541,0.38827098
0.60943500,0.60000000,0.21951220,0.52631579,0.63481829,0.56921790,0.61547837,0.56724422,0.37850467,0.59348681,0.58214625,0.42026507,0.58858058,0.37111265,0.41373626,0.28661088,0.32114286,0.57394366,0.60483384,0.36570561,0.43105756,0.35516605,0.37256809,0.30022321,0.59856631,0.32967033,0.31250000,0.17567568,0.41983122,0.35981063,0.43529412,0.24301075,0.27898551,0.77173913,0.13114754,0.41192266,0.63486842,0.39797549,0.41570541,0.38827098
0.60943500,0.65112665,0.21568627,0.62500000,0.63481829,0.56921790,0.61547837,0.56724422,0.35135135,0.59348681,0.58214625,0.42026507,0.58858058,0.37111265,0.41373626,0.28661088,0.32114286,0.57394366,0.60483384,0.36570561,0.43105756,0.35516605,0.37256809,0.30022321,0.59856631,0.32967033,0.40072860,0.27205882,0.41983122,0.35981063,0.43529412,0.40831296,0.21276596,0.77173913,0.17575758,0.41192266,0.40428641,0.39797549,0.41570541,0.38827098
0.60943500,0.65112665,0.21568627,0.52631579,0.63481829,0.56921790,0.61547837,0.56724422,0.57975904,0.59348681,0.58214625,0.42026507,0.58858058,0.37111265,0.41373626,0.28661088,0.32114286,0.57394366,0.60483384,0.36570561,0.43105756,0.35516605,0.37256809,0.30022321,0.59856631,0.30434783,0.40072860,0.27205882,0.41983122,0.35981063,0.43529412,0.40831296,0.34492754,0.63903282,0.29629630,0.41192266,0.40428641,0.39797549,0.41570541,0.38827098
0.60943500,0.65112665,0.28571429,0.61524047,0.63481829,0.56921790,0.61547837,0.56724422,0.31250000,0.59348681,0.58214625,0.42026507,0.58858058,0.37111265,0.41373626,0.30564784,0.32114286,0.57394366,0.60483384,0.36570561,0.43105756,0.35516605,0.37256809,0.30022321,0.59856631,0.58106236,0.40072860,0.27205882,0.41983122,0.35981063,0.43529412,0.61182994,0.34492754,0.40942472,0.13114754,0.41192266,0.63486842,0.39797549,0.41570541,0.38827098
0.60943500,0.65112665,0.28571429,0.52631579,0.33333333,0.56921790,0.61547837,0.56724422,0.31944444,0.59348681,0.58214625,0.42026507,0.58858058,0.37111265,0.41373626,0.28661088,0.32114286,0.57394366,0.60483384,0.36570561,0.43105756,0.35516605,0.37256809,0.32492114,0.59856631,0.32967033,0.40072860,0.17567568,0.41983122,0.35981063,0.43529412,0.24301075,0.11764706,0.40942472,0.19130435,0.41192266,0.40428641,0.39797549,0.41570541,0.38827098
0.60943500,0.65112665,0.24340176,0.61524047,0.63481829,0.56921790,0.61547837,0.56724422,0.42857143,0.59348681,0.58214625,0.42026507,0.58858058,0.37111265,0.41373626,0.28661088,0.32114286,0.57394366,0.60483384,0.36570561,0.43105756,0.35516605,0.37256809,0.30022321,0.59856631,0.30434783,0.40072860,0.27205882,0.41983122,0.35981063,0.43529412,0.53003534,0.34492754,0.63903282,0.17575758,0.41192266,0.40428641,0.39797549,0.41570541,0.38827098
0.60943500,0.65112665,0.21568627,0.61524047,0.63481829,0.56921790,0.61547837,0.56724422,0.37850467,0.59348681,0.58214625,0.42026507,0.58858058,0.37111265,0.41373626,0.28661088,0.32114286,0.57394366,0.60483384,0.36570561,0.43105756,0.35516605,0.37256809,0.30022321,0.48717949,0.32967033,0.40072860,0.00000000,0.41983122,0.35981063,0.43529412,0.40831296,0.27898551,0.77173913,0.13114754,0.41192266,0.40428641,0.39797549,0.41570541,0.38827098
0.60943500,0.65112665,0.36599424,0.61524047,0.63481829,0.56921790,0.61547837,0.56724422,0.57975904,0.59348681,0.58214625,0.42026507,0.58858058,0.37111265,0.41373626,0.28661088,0.32114286,0.57394366,0.60483384,0.36570561,0.43105756,0.35516605,0.37256809,0.30022321,0.59856631,0.58106236,0.40072860,0.36616702,0.41983122,0.35981063,0.43529412,0.58252427,0.58640984,0.40942472,0.17575758,0.41192266,0.40428641,0.39797549,0.41570541,0.38827098
0.60943500,0.65112665,0.24340176,0.61524047,0.63481829,0.56921790,0.61547837,0.56724422,0.37850467,0.59348681,0.58214625,0.42026507,0.58858058,0.37111265,0.41373626,0.28661088,0.32114286,0.57394366,0.60483384,0.36570561,0.43105756,0.35516605,0.37256809,0.13043478,0.40000000,0.30434783,0.40072860,0.17567568,0.41983122,0.35981063,0.43529412,0.40831296,0.27898551,0.77173913,0.19130435,0.41192266,0.40428641,0.39797549,0.41570541,0.38827098
0.60943500,0.65112665,0.24340176,0.61524047,0.63481829,0.56921790,0.61547837,0.56724422,0.31250000,0.59348681,0.58214625,0.42026507,0.58858058,0.37111265,0.41373626,0.28661088,0.32114286,0.57394366,0.60483384,0.36570561,0.43105756,0.35516605,0.37256809,0.30022321,0.40000000,0.12500000,0.40072860,0.17567568,0.41983122,0.35981063,0.43529412,0.40831296,0.27898551,0.63903282,0.19130435,0.41192266,0.40428641,0.39797549,0.41570541,0.38827098
0.60943500,0.65112665,0.24340176,0.52631579,0.63481829,0.56921790,0.61547837,0.56724422,0.31250000,0.59348681,0.58214625,0.42026507,0.58858058,0.37111265,0.41373626,0.28661088,0.32114286,0.57394366,0.60483384,0.36570561,0.43105756,0.35516605,0.37256809,0.30022321,0.00000000,0.58106236,0.40072860,0.27205882,0.41983122,0.35981063,0.43529412,0.40831296,0.27898551,0.40942472,0.19130435,0.41192266,0.63486842,0.39797549,0.41570541,0.38827098
0.60943500,0.45945946,0.60486995,0.38876890,0.63481829,0.56921790,0.61547837,0.56724422,0.57975904,0.59348681,0.58214625,0.42026507,0.37685460,0.37111265,0.41373626,0.28661088,0.26612903,0.57394366,0.60483384,0.36570561,0.43105756,0.35516605,0.37256809,0.32492114,0.59856631,0.58106236,0.40072860,0.42682927,0.41983122,0.35981063,0.43529412,0.53003534,0.58640984,0.40942472,0.56906967,0.58682635,0.40428641,0.50216450,0.41570541,0.38827098
0.60943500,0.45945946,0.60486995,0.61524047,0.63481829,0.56921790,0.42331288,0.56724422,0.57975904,0.59348681,0.58214625,0.42026507,0.58858058,0.71404110,0.41373626,0.72955975,0.73578595,0.57394366,0.60483384,0.79120879,0.43105756,0.78527607,0.82817869,0.80259740,0.59856631,0.58106236,0.40072860,0.61169882,0.41983122,0.86607143,0.43529412,0.61182994,0.58640984,0.63903282,0.56906967,0.41192266,0.40428641,0.86407767,0.41570541,0.63250883
0.60943500,0.40447154,0.36599424,0.30708661,0.18205805,0.20175439,0.30487805,0.56724422,0.57975904,0.41196013,0.58214625,0.42026507,0.58858058,0.71404110,0.41373626,0.28661088,0.28348214,0.57394366,0.60483384,0.36570561,0.43105756,0.60229133,0.37256809,0.73597811,0.49328859,0.33447099,0.40072860,0.42682927,0.41983122,0.35981063,0.43529412,0.61182994,0.58640984,0.40942472,0.56906967,0.78325123,0.40428641,0.39797549,0.41570541,0.38827098
0.30578512,0.40447154,0.36599424,0.27070707,0.36511156,0.56921790,0.30487805,0.21610169,0.57975904,0.33079848,0.28957529,0.42026507,0.33333333,0.50107991,0.41373626,0.72955975,0.28348214,0.26470588,0.32033898,0.36570561,0.43105756,0.34426230,0.37256809,0.30022321,0.28205128,0.32967033,0.40072860,0.51098901,0.71014493,0.35981063,0.43529412,0.53003534,0.34492754,0.63903282,0.56906967,0.41192266,0.40428641,0.50216450,0.41570541,0.38827098
0.30578512,0.40447154,0.49411765,0.27070707,0.36511156,0.27777778,0.30487805,0.34228188,0.57975904,0.35211268,0.34237288,0.42026507,0.54054054,0.22222222,0.41373626,0.28661088,0.26612903,0.37931034,0.60483384,0.36570561,0.43105756,0.34426230,0.37256809,0.44571429,0.49328859,0.58106236,0.40072860,0.61169882,0.41983122,0.35981063,0.43529412,0.58252427,0.58640984,0.57772021,0.56906967,0.55952381,0.40428641,0.39797549,0.41570541,0.38827098
0.60943500,0.45945946,0.60486995,0.27070707,0.36511156,0.27777778,0.37598425,0.21610169,0.57975904,0.35211268,0.34237288,0.42026507,0.37685460,0.50107991,0.41373626,0.28661088,0.28348214,0.33103448,0.60483384,0.36570561,0.43105756,0.34426230,0.37256809,0.44571429,0.39387755,0.12500000,0.40072860,0.61169882,0.41983122,0.35981063,0.43529412,0.61182994,0.47122302,0.57772021,0.56906967,0.58682635,0.40428641,0.39797549,0.41570541,0.38827098
0.30578512,0.40447154,0.49411765,0.27070707,0.36511156,0.22813688,0.30487805,0.56724422,0.31944444,0.35211268,0.34237288,0.42026507,0.58858058,0.50107991,0.54437870,0.57398374,0.28348214,0.57394366,0.32033898,0.36570561,0.43105756,0.34426230,0.37256809,0.44571429,0.39387755,0.32967033,0.40072860,0.61169882,0.41983122,0.35981063,0.43529412,0.61182994,0.58640984,0.63903282,0.56906967,0.58682635,0.40428641,0.50216450,0.41570541,0.38827098
0.40070922,0.22615804,0.36599424,0.38876890,0.63481829,0.22813688,0.61547837,0.19718310,0.31250000,0.33079848,0.34237288,0.42026507,0.37685460,0.37111265,0.41373626,0.28661088,0.32114286,0.57394366,0.60483384,0.36570561,0.43105756,0.60229133,0.37256809,0.44571429,0.39387755,0.32967033,0.40072860,0.61169882,0.41983122,0.35981063,0.43529412,0.61182994,0.58640984,0.40942472,0.56906967,0.41192266,0.40428641,0.37878788,0.41570541,0.38827098
0.30578512,0.22615804,0.49411765,0.38876890,0.36511156,0.22813688,0.37598425,0.56724422,0.57975904,0.33079848,0.43750000,0.42026507,0.33333333,0.50107991,0.41373626,0.28661088,0.32114286,0.57394366,0.60483384,0.36570561,0.43105756,0.47152620,0.37256809,0.44571429,0.39387755,0.58106236,0.40072860,0.61169882,0.41983122,0.35981063,0.43529412,0.61182994,0.58640984,0.40942472,0.56906967,0.41192266,0.40428641,0.50216450,0.41570541,0.38827098
0.40070922,0.22615804,0.36599424,0.38876890,0.39333333,0.22813688,0.37598425,0.34228188,0.57975904,0.35211268,0.34237288,0.42026507,0.37685460,0.35195531,0.41373626,0.28661088,0.32114286,0.57394366,0.60483384,0.36570561,0.43105756,0.47152620,0.37256809,0.44571429,0.39387755,0.33447099,0.40072860,0.61169882,0.41983122,0.35981063,0.43529412,0.61182994,0.58640984,0.40942472,0.56906967,0.36111111,0.40428641,0.50216450,0.41570541,0.38827098
0.30578512,0.22615804,0.36599424,0.38876890,0.50476190,0.22813688,0.37598425,0.56724422,0.57975904,0.41196013,0.34237288,0.42026507,0.58858058,0.50107991,0.41373626,0.28661088,0.32114286,0.57394366,0.60483384,0.36570561,0.43105756,0.47152620,0.37256809,0.44571429,0.39387755,0.33447099,0.40072860,0.42682927,0.41983122,0.35981063,0.43529412,0.61182994,0.58640984,0.31818182,0.56906967,0.41192266,0.40428641,0.37878788,0.41570541,0.38827098
0.27702703,0.40447154,0.36599424,0.38876890,0.39333333,0.56921790,0.37598425,0.21610169,0.42857143,0.41196013,0.34237288,0.42026507,0.37685460,0.50107991,0.41373626,0.28661088,0.32114286,0.26470588,0.60483384,0.36570561,0.43105756,0.34426230,0.37256809,0.32492114,0.39387755,0.33447099,0.40072860,0.61169882,0.41983122,0.35981063,0.43529412,0.61182994,0.34492754,0.40942472,0.56906967,0.41192266,0.40428641,0.50216450,0.41570541,0.38827098
0.30578512,0.40447154,0.36599424,0.38876890,0.39333333,0.56921790,0.37598425,0.21610169,0.57975904,0.41196013,0.34237288,0.42026507,0.54054054,0.35195531,0.41373626,0.28661088,0.32114286,0.57394366,0.60483384,0.36570561,0.43105756,0.47152620,0.37256809,0.29629630,0.49328859,0.58106236,0.40072860,0.61169882,0.41983122,0.35981063,0.43529412,0.53003534,0.47122302,0.40942472,0.56906967,0.41192266,0.40428641,0.64619883,0.41570541,0.38827098
0.52577320,0.40447154,0.49411765,0.61524047,0.63481829,0.56921790,0.61547837,0.56724422,0.57975904,0.59348681,0.58214625,0.42026507,0.37685460,0.37111265,0.41373626,0.28661088,0.32114286,0.57394366,0.07142857,0.36570561,0.43105756,0.25974026,0.37256809,0.44571429,0.39387755,0.12500000,0.40072860,0.61169882,0.41983122,0.35981063,0.43529412,0.61182994,0.47222222,0.40942472,0.56906967,0.41192266,0.40428641,0.50216450,0.41570541,0.38827098
0.52577320,0.40447154,0.49411765,0.27070707,0.36511156,0.22813688,0.30487805,0.56724422,0.31250000,0.33079848,0.58214625,0.42026507,0.37685460,0.71404110,0.41373626,0.28661088,0.32114286,0.26470588,0.60483384,0.36570561,0.43105756,0.25974026,0.37256809,0.44571429,0.39387755,0.58106236,0.40072860,0.51098901,0.81147541,0.35981063,0.43529412,0.61182994,0.58640984,0.40942472,0.56906967,0.41192266,0.40428641,0.50216450,0.41570541,0.38827098
0.52577320,0.40447154,0.49411765,0.50199203,0.39333333,0.22813688,0.37598425,0.21610169,0.57975904,0.33079848,0.43750000,0.42026507,0.37685460,0.37111265,0.41373626,0.28661088,0.32114286,0.57394366,0.60483384,0.36570561,0.43105756,0.25974026,0.37256809,0.44571429,0.48717949,0.58106236,0.40072860,0.61169882,0.41983122,0.35981063,0.43529412,0.61182994,0.58640984,0.40942472,0.56906967,0.55952381,0.40428641,0.37878788,0.41570541,0.38827098
0.30578512,0.40447154,0.36599424,0.52631579,0.36511156,0.22813688,0.30487805,0.21610169,0.57975904,0.33079848,0.58214625,0.42026507,0.33333333,0.71404110,0.41373626,0.28661088,0.32114286,0.26470588,0.49600000,0.36570561,0.43105756,0.25974026,0.37256809,0.44571429,0.39387755,0.58106236,0.40072860,0.61169882,0.41983122,0.57272727,0.43529412,0.61182994,0.58640984,0.51006711,0.56906967,0.55952381,0.40428641,0.37878788,0.41570541,0.38827098
0.40070922,0.40447154,0.60486995,0.61524047,0.63481829,0.22813688,0.37598425,0.56724422,0.57975904,0.33079848,0.58214625,0.42026507,0.37685460,0.35195531,0.41373626,0.28661088,0.28348214,0.57394366,0.60483384,0.36570561,0.43105756,0.47152620,0.37256809,0.44571429,0.39387755,0.58106236,0.40072860,0.61169882,0.41983122,0.35981063,0.43529412,0.61182994,0.58640984,0.40942472,0.56906967,0.41192266,0.40428641,0.37878788,0.41570541,0.38827098
0.30578512,0.22615804,0.49411765,0.61524047,0.36511156,0.22813688,0.37598425,0.56724422,0.57975904,0.35211268,0.43750000,0.42026507,0.33333333,0.50107991,0.41373626,0.28661088,0.32114286,0.57394366,0.60483384,0.36570561,0.43105756,0.47152620,0.37256809,0.44571429,0.28205128,0.58106236,0.40072860,0.61169882,0.41983122,0.35981063,0.43529412,0.61182994,0.58640984,0.40942472,0.56906967,0.41192266,0.40428641,0.37878788,0.41570541,0.38827098
0.40070922,0.22615804,0.36599424,0.50199203,0.39333333,0.22813688,0.37598425,0.56724422,0.31250000,0.41196013,0.58214625,0.42026507,0.58858058,0.37111265,0.69435216,0.28661088,0.32114286,0.57394366,0.46597938,0.36570561,0.43105756,0.25974026,0.37256809,0.44571429,0.39387755,0.58106236,0.40072860,0.61169882,0.41983122,0.35981063,0.43529412,0.61182994,0.58640984,0.40942472,0.56906967,0.41192266,0.40428641,0.50216450,0.41570541,0.38827098
0.40070922,0.22615804,0.49411765,0.38876890,0.39333333,0.27777778,0.30487805,0.56724422,0.57975904,0.59348681,0.58214625,0.42026507,0.37685460,0.35195531,0.54437870,0.28661088,0.32114286,0.57394366,0.60483384,0.36570561,0.43105756,0.34426230,0.37256809,0.44571429,0.49328859,0.58106236,0.40072860,0.61169882,0.41983122,0.35981063,0.43529412,0.61182994,0.58640984,0.40942472,0.56906967,0.41192266,0.40428641,0.39797549,0.41570541,0.38827098
0.40070922,0.40447154,0.51190476,0.50199203,0.39333333,0.22813688,0.30487805,0.56724422,0.57975904,0.33079848,0.58214625,0.42026507,0.37685460,0.50107991,0.54437870,0.28661088,0.32114286,0.33103448,0.60483384,0.36570561,0.43105756,0.34426230,0.37256809,0.44571429,0.39387755,0.58106236,0.40072860,0.61169882,0.41983122,0.35981063,0.43529412,0.61182994,0.58640984,0.51006711,0.56906967,0.58682635,0.40428641,0.50216450,0.41570541,0.38827098
0.40070922,0.40447154,0.49411765,0.61524047,0.39333333,0.27777778,0.37598425,0.21610169,0.57975904,0.33079848,0.43750000,0.42026507,0.54054054,0.37111265,0.54437870,0.28661088,0.32114286,0.57394366,0.23312883,0.36570561,0.43105756,0.25974026,0.37256809,0.44571429,0.49328859,0.58106236,0.40072860,0.61169882,0.41983122,0.35981063,0.43529412,0.61182994,0.58640984,0.40942472,0.56906967,0.55952381,0.40428641,0.37878788,0.41570541,0.38827098
0.60943500,0.40447154,0.49411765,0.27070707,0.39333333,0.22813688,0.30487805,0.34228188,0.57975904,0.35211268,0.34237288,0.42026507,0.54054054,0.50107991,0.54437870,0.28661088,0.32114286,0.57394366,0.60483384,0.36570561,0.43105756,0.25974026,0.37256809,0.44571429,0.59856631,0.58106236,0.40072860,0.61169882,0.41983122,0.35981063,0.43529412,0.61182994,0.58640984,0.40942472,0.56906967,0.55952381,0.40428641,0.37878788,0.41570541,0.38827098
0.30578512,0.22615804,0.36599424,0.38876890,0.36511156,0.56921790,0.30487805,0.56724422,0.57975904,0.35211268,0.34237288,0.42026507,0.58858058,0.71404110,0.69435216,0.23364486,0.26612903,0.57394366,0.60483384,0.36570561,0.43105756,0.35516605,0.37256809,0.44571429,0.39387755,0.58106236,0.40072860,0.61169882,0.71014493,0.35981063,0.43529412,0.61182994,0.58640984,0.51006711,0.56906967,0.41192266,0.40428641,0.50216450,0.41570541,0.38827098
0.30578512,0.22615804,0.49411765,0.38876890,0.39333333,0.27777778,0.37598425,0.21610169,0.57975904,0.41196013,0.43750000,0.42026507,0.37685460,0.37111265,0.41373626,0.28661088,0.32114286,0.33103448,0.60483384,0.36570561,0.43105756,0.47152620,0.37256809,0.44571429,0.39387755,0.58106236,0.40072860,0.61169882,0.41983122,0.35981063,0.43529412,0.61182994,0.47122302,0.40942472,0.56906967,0.41192266,0.40428641,0.50216450,0.41570541,0.38827098
0.40070922,0.22615804,0.49411765,0.38876890,0.36511156,0.22813688,0.30487805,0.56724422,0.57975904,0.35211268,0.58214625,0.42026507,0.54054054,0.50107991,0.47826087,0.28661088,0.32114286,0.57394366,0.47058824,0.36570561,0.43105756,0.47152620,0.37256809,0.44571429,0.59856631,0.58106236,0.40072860,0.61169882,0.41983122,0.35981063,0.43529412,0.61182994,0.58640984,0.31818182,0.56906967,0.41192266,0.40428641,0.37878788,0.41570541,0.38827098
0.40070922,0.22615804,0.36599424,0.61524047,0.63481829,0.27777778,0.42331288,0.21610169,0.57975904,0.33079848,0.58214625,0.42026507,0.33333333,0.37111265,0.41373626,0.28661088,0.32114286,0.57394366,0.60483384,0.36570561,0.43105756,0.35516605,0.37256809,0.44571429,0.39387755,0.58106236,0.40072860,0.61169882,0.41983122,0.35981063,0.43529412,0.61182994,0.58640984,0.40942472,0.56906967,0.41192266,0.40428641,0.64619883,0.41570541,0.38827098
0.60943500,0.60194175,0.60486995,0.27070707,0.18205805,0.56921790,0.30487805,0.56724422,0.57975904,0.33079848,0.58214625,0.42026507,0.58858058,0.37111265,0.41373626,0.28661088,0.28348214,0.57394366,0.32033898,0.36570561,0.43105756,0.35516605,0.37256809,0.30022321,0.59856631,0.58106236,0.40072860,0.61169882,0.59183673,0.35981063,0.43529412,0.61182994,0.58640984,0.40942472,0.56906967,0.41192266,0.40428641,0.39797549,0.41570541,0.38827098
0.30578512,0.45945946,0.49411765,0.27070707,0.36511156,0.22813688,0.30487805,0.21610169,0.57975904,0.35211268,0.28957529,0.42026507,0.54054054,0.37111265,0.41373626,0.28661088,0.28348214,0.26470588,0.47058824,0.43181818,0.43105756,0.34426230,0.37256809,0.44571429,0.59856631,0.33447099,0.40072860,0.51098901,0.71014493,0.57272727,0.43529412,0.58252427,0.34492754,0.57772021,0.56906967,0.55952381,0.40428641,0.39797549,0.41570541,0.38827098
0.60943500,0.22615804,0.60486995,0.30708661,0.36511156,0.20175439,0.44545455,0.56724422,0.57975904,0.59348681,0.28957529,0.42026507,0.25641026,0.37111265,0.41373626,0.28661088,0.32114286,0.26470588,0.60483384,0.36570561,0.43105756,0.47152620,0.37256809,0.73597811,0.28205128,0.33447099,0.40072860,0.42682927,0.59183673,0.35981063,0.43529412,0.61182994,0.34492754,0.40942472,0.56906967,0.78325123,0.40428641,0.37878788,0.41570541,0.38827098
0.40070922,0.54732510,0.60486995,0.38876890,0.36511156,0.27777778,0.30487805,0.34228188,0.57975904,0.35211268,0.34237288,0.42026507,0.58858058,0.50107991,0.41373626,0.28661088,0.32114286,0.37931034,0.60483384,0.36570561,0.43105756,0.34426230,0.37256809,0.32492114,0.59856631,0.32967033,0.40072860,0.48484848,0.59183673,0.35981063,0.43529412,0.53003534,0.58640984,0.57772021,0.56906967,0.55952381,0.40428641,0.37878788,0.41570541,0.38827098
0.30578512,0.45945946,0.49411765,0.27070707,0.36511156,0.22813688,0.37598425,0.21610169,0.57975904,0.33079848,0.28957529,0.42026507,0.33333333,0.37111265,0.41373626,0.28661088,0.26612903,0.26470588,0.46597938,0.36570561,0.43105756,0.34426230,0.37256809,0.44571429,0.28205128,0.33447099,0.40072860,0.51098901,0.71014493,0.57272727,0.43529412,0.61182994,0.34492754,0.57772021,0.56906967,0.41192266,0.40428641,0.50216450,0.41570541,0.38827098
0.30578512,0.45945946,0.36599424,0.27070707,0.36511156,0.22813688,0.37598425,0.21610169,0.57975904,0.33079848,0.28957529,0.42026507,0.33333333,0.37111265,0.41373626,0.28661088,0.32114286,0.33103448,0.60483384,0.36570561,0.43105756,0.34426230,0.37256809,0.44571429,0.49328859,0.27272727,0.40072860,0.42682927,0.71014493,0.57272727,0.43529412,0.61182994,0.34492754,0.51006711,0.56906967,0.58682635,0.40428641,0.39797549,0.41570541,0.38827098
0.27702703,0.54732510,0.36599424,0.38876890,0.36511156,0.56921790,0.30487805,0.56724422,0.57975904,0.59348681,0.19708029,0.42026507,0.33333333,0.37111265,0.69435216,0.28661088,0.63134658,0.33103448,0.07142857,0.36570561,0.43105756,0.35516605,0.37256809,0.30022321,0.24347826,0.58106236,0.40072860,0.61169882,0.41983122,0.35981063,0.43529412,0.40831296,0.58640984,0.40942472,0.56906967,0.62670300,0.40428641,0.39797549,0.41570541,0.38827098
0.60943500,0.40447154,0.49411765,0.50199203,0.39333333,0.27777778,0.30487805,0.56724422,0.57975904,0.35211268,0.58214625,0.42026507,0.58858058,0.37111265,0.41373626,0.28661088,0.32114286,0.57394366,0.32033898,0.36570561,0.43105756,0.34426230,0.37256809,0.44571429,0.59856631,0.58106236,0.40072860,0.61169882,0.71014493,0.35981063,0.43529412,0.61182994,0.58640984,0.40942472,0.56906967,0.62670300,0.40428641,0.39797549,0.41570541,0.38827098
0.40070922,0.45945946,0.36599424,0.38876890,0.36511156,0.27777778,0.30487805,0.21610169,0.57975904,0.33079848,0.34237288,0.42026507,0.54054054,0.37111265,0.41373626,0.72955975,0.26612903,0.33103448,0.46597938,0.36570561,0.43105756,0.34426230,0.37256809,0.44571429,0.49328859,0.30434783,0.40072860,0.51098901,0.41983122,0.35981063,0.43529412,0.58252427,0.58640984,0.40942472,0.56906967,0.58682635,0.40428641,0.39797549,0.41570541,0.38827098
0.60943500,0.45945946,0.60486995,0.27070707,0.36511156,0.56921790,0.30487805,0.56724422,0.31250000,0.33079848,0.58214625,0.42026507,0.58858058,0.50107991,0.41373626,0.28661088,0.28348214,0.57394366,0.23312883,0.36570561,0.43105756,0.34426230,0.37256809,0.29629630,0.59856631,0.58106236,0.40072860,0.61169882,0.41983122,0.35981063,0.43529412,0.61182994,0.58640984,0.57772021,0.56906967,0.36111111,0.40428641,0.50216450,0.41570541,0.38827098
0.60943500,0.45945946,0.49411765,0.38876890,0.36511156,0.27777778,0.30487805,0.34228188,0.57975904,0.35211268,0.34237288,0.42026507,0.37685460,0.50107991,0.41373626,0.28661088,0.26612903,0.33103448,0.46597938,0.36570561,0.50000000,0.34426230,0.37256809,0.44571429,0.59856631,0.30434783,0.40072860,0.61169882,0.41983122,0.35981063,0.43529412,0.61182994,0.47222222,0.57772021,0.56906967,0.55952381,0.40428641,0.39797549,0.41570541,0.38827098
0.60943500,0.40447154,0.60486995,0.27070707,0.39333333,0.56921790,0.37598425,0.56724422,0.57975904,0.59348681,0.34237288,0.42026507,0.37685460,0.37111265,0.41373626,0.57398374,0.32114286,0.26470588,0.60483384,0.36570561,0.43105756,0.25974026,0.37256809,0.32492114,0.59856631,0.32967033,0.40072860,0.61169882,0.71014493,0.35981063,0.43529412,0.40831296,0.58640984,0.57772021,0.56906967,0.41192266,0.40428641,0.64619883,0.41570541,0.38827098
0.27702703,0.16233766,0.24340176,0.27070707,0.18205805,0.22813688,0.30487805,0.21610169,0.23076923,0.59348681,0.28957529,0.42026507,0.37685460,0.37111265,0.41373626,0.30564784,0.28348214,0.29257642,0.60483384,0.36570561,0.43105756,0.34426230,0.37256809,0.30022321,0.39387755,0.58106236,0.40072860,0.61169882,0.41983122,0.35981063,0.43529412,0.24301075,0.58640984,0.40942472,0.17575758,0.41192266,0.40428641,0.39797549,0.41570541,0.38827098
0.60943500,0.40447154,0.60486995,0.27070707,0.18205805,0.56921790,0.61547837,0.56724422,0.31250000,0.59348681,0.58214625,0.79166667,0.58858058,0.37111265,0.41373626,0.28661088,0.32114286,0.57394366,0.60483384,0.36570561,0.43105756,0.35516605,0.76223776,0.32492114,0.59856631,0.58106236,0.40072860,0.61169882,0.41983122,0.35981063,0.43529412,0.24301075,0.58640984,0.40942472,0.56906967,0.41192266,0.40428641,0.39797549,0.41570541,0.89583333
0.40070922,0.22615804,0.21568627,0.27070707,0.18205805,0.22813688,0.37598425,0.56724422,0.35135135,0.59348681,0.28957529,0.42026507,0.54054054,0.50107991,0.41373626,0.28661088,0.28348214,0.29257642,0.46597938,0.36570561,0.43105756,0.60229133,0.37256809,0.32492114,0.28205128,0.33447099,0.40072860,0.42682927,0.41983122,0.35981063,0.43529412,0.24301075,0.34492754,0.57772021,0.56906967,0.41192266,0.40428641,0.39797549,0.41570541,0.38827098
0.30578512,0.22615804,0.24340176,0.27070707,0.18205805,0.22813688,0.37598425,0.56724422,0.31250000,0.48387097,0.28957529,0.42026507,0.58858058,0.50107991,0.41373626,0.28661088,0.26612903,0.26470588,0.32033898,0.36570561,0.43105756,0.60229133,0.37256809,0.30022321,0.49328859,0.33447099,0.40072860,0.48484848,0.41983122,0.35981063,0.43529412,0.40831296,0.34492754,0.33333333,0.56906967,0.41192266,0.40428641,0.39797549,0.41570541,0.38827098
0.40070922,0.22615804,0.24340176,0.27070707,0.18205805,0.27777778,0.42331288,0.34228188,0.31250000,0.59348681,0.28957529,0.42026507,0.54054054,0.50107991,0.41373626,0.28661088,0.28348214,0.29257642,0.32033898,0.26666667,0.43105756,0.78527607,0.37256809,0.29629630,0.59856631,0.33447099,0.40072860,0.36616702,0.41983122,0.35981063,0.43529412,0.24301075,0.34492754,0.57772021,0.56906967,0.41192266,0.40428641,0.39797549,0.41570541,0.38827098
0.40070922,0.22615804,0.21568627,0.38876890,0.18205805,0.22813688,0.42331288,0.56724422,0.31250000,0.59348681,0.43750000,0.42026507,0.54054054,0.35195531,0.41373626,0.28661088,0.28348214,0.29257642,0.46597938,0.36570561,0.43105756,0.60229133,0.37256809,0.29629630,0.59856631,0.33447099,0.40072860,0.36616702,0.41983122,0.35981063,0.43529412,0.61182994,0.34492754,0.40942472,0.56906967,0.41192266,0.40428641,0.39797549,0.41570541,0.38827098
0.40070922,0.22615804,0.24340176,0.27070707,0.18205805,0.27777778,0.37598425,0.21568627,0.57975904,0.59348681,0.34237288,0.42026507,0.54054054,0.35195531,0.41373626,0.28661088,0.28348214,0.29257642,0.60483384,0.36570561,0.43105756,0.60229133,0.37256809,0.30022321,0.59856631,0.27272727,0.40072860,0.36616702,0.41983122,0.35981063,0.43529412,0.24301075,0.47222222,0.40942472,0.56906967,0.41192266,0.40428641,0.39797549,0.41570541,0.38827098
0.40070922,0.22615804,0.24340176,0.27070707,0.18205805,0.22813688,0.42331288,0.56724422,0.42857143,0.59348681,0.34237288,0.42026507,0.58858058,0.35195531,0.41373626,0.28661088,0.28348214,0.29257642,0.46597938,0.36570561,0.43105756,0.60229133,0.37256809,0.30022321,0.39387755,0.33447099,0.40072860,0.51098901,0.41983122,0.35981063,0.43529412,0.40831296,0.34492754,0.40942472,0.56906967,0.41192266,0.40428641,0.39797549,0.41570541,0.38827098
0.30578512,0.22615804,0.24340176,0.27070707,0.18205805,0.27777778,0.37598425,0.34228188,0.31250000,0.27777778,0.28957529,0.42026507,0.54054054,0.35195531,0.69435216,0.28661088,0.32114286,0.29257642,0.46597938,0.36570561,0.43105756,0.60229133,0.37256809,0.30022321,0.39387755,0.33447099,0.40072860,0.36616702,0.41983122,0.35981063,0.43529412,0.40831296,0.34492754,0.40942472,0.56906967,0.41192266,0.54708520,0.39797549,0.41570541,0.38827098
0.30578512,0.22615804,0.21568627,0.27070707,0.18205805,0.27777778,0.42331288,0.34228188,0.31944444,0.48387097,0.34237288,0.42026507,0.58858058,0.50107991,0.41373626,0.28661088,0.28348214,0.29257642,0.32033898,0.26666667,0.43105756,0.34426230,0.37256809,0.29629630,0.28205128,0.33447099,0.40072860,0.36616702,0.41983122,0.35981063,0.43529412,0.24301075,0.27898551,0.40942472,0.56906967,0.41192266,0.54708520,0.39797549,0.41570541,0.38827098
0.40070922,0.22615804,0.24340176,0.27070707,0.18205805,0.27777778,0.37598425,0.21568627,0.31250000,0.59348681,0.34237288,0.42026507,0.54054054,0.50107991,0.41373626,0.28661088,0.32114286,0.29257642,0.32033898,0.36570561,0.75784753,0.25974026,0.37256809,0.30022321,0.28205128,0.27272727,0.40072860,0.36616702,0.41983122,0.35981063,0.43529412,0.61182994,0.47122302,0.40942472,0.56906967,0.41192266,0.54708520,0.39797549,0.41570541,0.38827098
0.40070922,0.22615804,0.21568627,0.38876890,0.18205805,0.22813688,0.42331288,0.56724422,0.57975904,0.59348681,0.28957529,0.42026507,0.58858058,0.50107991,0.41373626,0.28661088,0.28348214,0.29257642,0.32033898,0.36570561,0.43105756,0.34426230,0.37256809,0.29629630,0.28205128,0.33447099,0.40072860,0.51098901,0.41983122,0.35981063,0.43529412,0.40831296,0.58640984,0.31818182,0.56906967,0.41192266,0.40428641,0.37878788,0.41570541,0.38827098
0.30578512,0.22615804,0.21568627,0.27070707,0.18205805,0.22813688,0.37598425,0.21568627,0.31250000,0.59348681,0.34237288,0.42026507,0.37685460,0.50107991,0.41373626,0.28661088,0.28348214,0.29257642,0.32033898,0.36570561,0.43105756,0.60229133,0.37256809,0.30022321,0.28205128,0.27272727,0.40072860,0.36616702,0.41983122,0.35981063,0.43529412,0.24301075,0.34492754,0.51006711,0.56906967,0.41192266,0.40428641,0.37878788,0.41570541,0.38827098
0.40070922,0.22615804,0.21568627,0.27070707,0.18205805,0.22813688,0.61547837,0.34228188,0.31250000,0.59348681,0.34237288,0.42026507,0.54054054,0.71404110,0.41373626,0.28661088,0.28348214,0.29257642,0.32033898,0.36570561,0.43105756,0.60229133,0.37256809,0.29629630,0.39387755,0.27272727,0.40072860,0.36616702,0.41983122,0.35981063,0.43529412,0.24301075,0.34492754,0.40942472,0.56906967,0.41192266,0.54708520,0.39797549,0.41570541,0.38827098
0.30578512,0.22615804,0.21568627,0.27070707,0.18205805,0.22813688,0.37598425,0.34228188,0.23076923,0.59348681,0.34237288,0.42026507,0.54054054,0.35195531,0.41373626,0.28661088,0.28348214,0.29257642,0.46597938,0.36570561,0.43105756,0.60229133,0.37256809,0.30022321,0.28205128,0.27272727,0.40072860,0.42682927,0.41983122,0.35981063,0.43529412,0.61182994,0.34492754,0.40942472,0.56906967,0.41192266,0.54708520,0.39797549,0.41570541,0.38827098
0.40070922,0.22615804,0.24340176,0.27070707,0.18205805,0.22813688,0.37598425,0.21568627,0.31250000,0.59348681,0.34237288,0.42026507,0.54054054,0.50107991,0.41373626,0.28661088,0.63134658,0.29257642,0.32033898,0.36570561,0.43105756,0.60229133,0.37256809,0.29629630,0.28205128,0.33447099,0.40072860,0.42682927,0.41983122,0.35981063,0.43529412,0.24301075,0.47122302,0.51006711,0.56906967,0.41192266,0.40428641,0.39797549,0.41570541,0.38827098
0.30578512,0.22615804,0.21568627,0.27070707,0.18205805,0.22813688,0.42331288,0.34228188,0.23076923,0.59348681,0.34237288,0.42026507,0.54054054,0.50107991,0.41373626,0.28661088,0.28348214,0.29257642,0.32033898,0.36570561,0.43105756,0.60229133,0.37256809,0.29629630,0.39387755,0.33447099,0.40072860,0.42682927,0.41983122,0.35981063,0.43529412,0.40831296,0.34492754,0.31818182,0.56906967,0.41192266,0.40428641,0.39797549,0.41570541,0.38827098
0.30578512,0.22615804,0.21568627,0.27070707,0.18205805,0.22813688,0.37598425,0.21568627,0.42857143,0.59348681,0.28957529,0.42026507,0.54054054,0.35195531,0.41373626,0.28661088,0.63134658,0.29257642,0.46597938,0.36570561,0.43105756,0.35516605,0.37256809,0.29629630,0.39387755,0.33447099,0.40072860,0.36616702,0.41983122,0.35981063,0.43529412,0.40831296,0.47122302,0.40942472,0.56906967,0.41192266,0.40428641,0.39797549,0.41570541,0.38827098
0.30578512,0.22615804,0.21568627,0.27070707,0.18205805,0.22813688,0.42331288,0.34228188,0.23076923,0.59348681,0.34237288,0.42026507,0.54054054,0.50107991,0.41373626,0.28661088,0.28348214,0.29257642,0.32033898,0.36570561,0.43105756,0.60229133,0.37256809,0.32492114,0.28205128,0.33447099,0.40072860,0.36616702,0.41983122,0.35981063,0.43529412,0.24301075,0.34492754,0.40942472,0.56906967,0.41192266,0.40428641,0.39797549,0.41570541,0.38827098
0.40070922,0.22615804,0.21568627,0.27070707,0.18205805,0.22813688,0.37598425,0.21568627,0.23076923,0.59348681,0.34237288,0.42026507,0.37685460,0.50107991,0.41373626,0.28661088,0.63134658,0.20238095,0.23312883,0.36570561,0.43105756,0.35516605,0.37256809,0.30022321,0.24347826,0.27272727,0.40072860,0.36616702,0.41983122,0.35981063,0.43529412,0.61182994,0.34492754,0.40942472,0.56906967,0.41192266,0.40428641,0.39797549,0.41570541,0.38827098
0.30578512,0.22615804,0.21568627,0.27070707,0.18205805,0.22813688,0.37598425,0.21568627,0.42857143,0.41196013,0.28957529,0.42026507,0.58858058,0.37111265,0.41373626,0.28661088,0.63134658,0.29257642,0.32033898,0.36570561,0.43105756,0.34426230,0.37256809,0.30022321,0.28205128,0.33447099,0.40072860,0.36616702,0.41983122,0.35981063,0.43529412,0.61182994,0.34492754,0.51006711,0.56906967,0.41192266,0.40428641,0.39797549,0.41570541,0.38827098
0.40070922,0.16233766,0.24340176,0.27070707,0.18205805,0.22813688,0.42331288,0.56724422,0.31250000,0.59348681,0.28957529,0.42026507,0.37685460,0.35195531,0.41373626,0.28661088,0.28348214,0.29257642,0.32033898,0.36570561,0.43105756,0.78527607,0.37256809,0.30022321,0.59856631,0.27272727,0.40072860,0.61169882,0.41983122,0.35981063,0.43529412,0.24301075,0.47122302,0.40942472,0.56906967,0.41192266,0.40428641,0.50216450,0.41570541,0.38827098
0.40070922,0.16233766,0.24340176,0.27070707,0.18205805,0.22813688,0.37598425,0.56724422,0.31250000,0.41196013,0.43750000,0.42026507,0.58858058,0.35195531,0.41373626,0.28661088,0.28348214,0.26470588,0.46597938,0.36570561,0.43105756,0.78527607,0.37256809,0.30022321,0.39387755,0.33447099,0.40072860,0.42682927,0.41983122,0.35981063,0.43529412,0.40831296,0.34492754,0.57772021,0.56906967,0.41192266,0.40428641,0.50216450,0.41570541,0.38827098
0.40070922,0.22615804,0.21568627,0.27070707,0.18205805,0.22813688,0.42331288,0.56724422,0.23076923,0.59348681,0.34237288,0.42026507,0.58858058,0.35195531,0.41373626,0.28661088,0.28348214,0.29257642,0.49600000,0.36570561,0.54411765,0.25974026,0.37256809,0.30022321,0.28205128,0.32967033,0.40072860,0.61169882,0.41983122,0.35981063,0.43529412,0.24301075,0.42307692,0.40942472,0.56906967,0.41192266,0.54708520,0.39797549,0.41570541,0.38827098
0.60943500,0.22615804,0.24340176,0.30708661,0.30909091,0.56921790,0.37598425,0.56724422,0.57975904,0.41196013,0.58214625,0.42026507,0.58858058,0.37111265,0.41373626,0.28661088,0.32114286,0.57394366,0.46597938,0.36570561,0.43105756,0.60229133,0.37256809,0.30022321,0.39387755,0.58106236,0.40072860,0.51098901,0.41983122,0.35981063,0.43529412,0.40831296,0.47122302,0.40942472,0.56906967,0.41192266,0.40428641,0.39797549,0.41570541,0.38827098
0.30578512,0.22615804,0.24340176,0.27070707,0.18205805,0.27777778,0.42331288,0.34228188,0.31944444,0.41196013,0.34237288,0.42026507,0.58858058,0.35195531,0.41373626,0.28661088,0.32114286,0.26470588,0.49600000,0.36570561,0.54411765,0.34426230,0.37256809,0.30022321,0.28205128,0.33447099,0.40072860,0.42682927,0.41983122,0.35981063,0.43529412,0.24301075,0.27898551,0.40942472,0.56906967,0.41192266,0.40428641,0.39797549,0.41570541,0.38827098
0.40070922,0.22615804,0.24340176,0.27070707,0.18205805,0.22813688,0.37598425,0.21568627,0.35135135,0.59348681,0.34237288,0.42026507,0.58858058,0.71404110,0.41373626,0.28661088,0.32114286,0.29257642,0.60483384,0.36570561,0.43105756,0.35516605,0.37256809,0.30022321,0.28205128,0.33447099,0.40072860,0.42682927,0.41983122,0.35981063,0.43529412,0.53003534,0.47122302,0.40942472,0.56906967,0.41192266,0.40428641,0.37878788,0.41570541,0.38827098
0.40070922,0.22615804,0.24340176,0.27070707,0.18205805,0.22813688,0.37598425,0.56724422,0.57975904,0.48387097,0.43750000,0.42026507,0.58858058,0.50107991,0.41373626,0.28661088,0.28348214,0.26470588,0.23312883,0.36570561,0.67123288,0.34426230,0.37256809,0.30022321,0.28205128,0.33447099,0.40072860,0.42682927,0.41983122,0.35981063,0.43529412,0.40831296,0.47222222,0.33333333,0.56906967,0.41192266,0.40428641,0.39797549,0.41570541,0.38827098
0.60943500,0.16233766,0.24340176,0.27070707,0.18205805,0.56921790,0.37598425,0.56724422,0.57975904,0.59348681,0.43902439,0.42026507,0.58858058,0.50107991,0.41373626,0.28661088,0.28348214,0.26470588,0.49600000,0.36570561,0.43105756,0.47152620,0.37256809,0.30022321,0.39387755,0.32967033,0.40072860,0.42682927,0.41983122,0.35981063,0.43529412,0.40831296,0.47222222,0.40942472,0.56906967,0.41192266,0.40428641,0.37878788,0.41570541,0.38827098
0.60943500,0.65112665,0.24340176,0.50199203,0.36511156,0.56921790,0.42331288,0.21568627,0.31250000,0.59348681,0.28957529,0.42026507,0.58858058,0.37111265,0.41373626,0.28661088,0.63134658,0.20238095,0.32033898,0.43181818,0.43105756,0.34426230,0.37256809,0.30022321,0.49328859,0.33447099,0.59821429,0.36616702,0.41983122,0.35981063,0.43529412,0.24301075,0.27898551,0.40942472,0.56906967,0.41192266,0.40428641,0.39797549,0.41570541,0.38827098
0.60943500,0.65112665,0.49411765,0.27070707,0.18205805,0.27777778,0.61547837,0.56724422,0.57975904,0.59348681,0.23913043,0.42026507,0.25641026,0.37111265,0.41373626,0.28661088,0.28348214,0.20238095,0.32033898,0.36570561,0.68932039,0.78527607,0.37256809,0.30022321,0.24347826,0.25742574,0.82300885,0.27205882,0.41983122,0.35981063,0.43529412,0.20454545,0.21276596,0.40942472,0.56906967,0.41192266,0.40428641,0.50216450,0.41570541,0.38827098
0.60943500,0.65112665,0.36599424,0.27070707,0.18205805,0.27777778,0.37598425,0.56724422,0.31250000,0.59348681,0.19708029,0.42026507,0.33333333,0.37111265,0.41373626,0.28661088,0.28348214,0.29257642,0.32033898,0.36570561,0.43105756,0.60229133,0.37256809,0.32492114,0.28205128,0.25742574,0.40072860,0.17567568,0.41983122,0.35981063,0.43529412,0.40831296,0.34492754,0.40942472,0.56906967,0.41192266,0.40428641,0.64619883,0.41570541,0.38827098
0.60943500,0.65112665,0.36599424,0.38876890,0.36511156,0.28571429,0.42331288,0.21568627,0.57975904,0.27777778,0.19708029,0.42026507,0.58858058,0.50107991,0.41373626,0.28661088,0.18750000,0.26470588,0.32033898,0.36570561,0.43105756,0.34426230,0.37256809,0.29629630,0.59856631,0.33447099,0.40072860,0.61169882,0.41983122,0.35981063,0.43529412,0.24301075,0.34492754,0.40942472,0.56906967,0.41192266,0.54708520,0.64619883,0.41570541,0.38827098
0.40070922,0.65112665,0.24340176,0.27070707,0.39333333,0.28571429,0.44545455,0.21610169,0.57975904,0.59348681,0.23913043,0.42026507,0.54054054,0.37111265,0.41373626,0.28661088,0.32114286,0.37931034,0.49600000,0.36570561,0.43105756,0.35516605,0.37256809,0.32492114,0.39387755,0.27272727,0.70000000,0.36616702,0.41983122,0.35981063,0.43529412,0.24301075,0.27898551,0.40942472,0.56906967,0.41192266,0.51162791,0.64619883,0.41570541,0.38827098
0.60943500,0.65112665,0.36599424,0.38876890,0.18205805,0.28571429,0.42331288,0.56724422,0.31250000,0.59348681,0.58214625,0.42026507,0.58858058,0.50107991,0.41373626,0.28661088,0.28348214,0.29257642,0.32033898,0.36570561,0.43105756,0.47152620,0.37256809,0.30022321,0.39387755,0.27272727,0.40072860,0.36616702,0.41983122,0.35981063,0.43529412,0.24301075,0.34492754,0.33333333,0.56906967,0.41192266,0.54708520,0.64619883,0.41570541,0.38827098
0.60943500,0.65112665,0.49411765,0.50199203,0.63481829,0.56921790,0.42331288,0.56724422,0.57975904,0.59348681,0.43750000,0.42026507,0.37685460,0.81632653,0.41373626,0.28661088,0.28348214,0.29257642,0.46597938,0.36570561,0.43105756,0.35516605,0.37256809,0.30022321,0.24347826,0.27272727,0.40072860,0.42682927,0.41983122,0.40350877,0.43529412,0.24301075,0.34492754,0.40942472,0.56906967,0.41192266,0.40428641,0.50216450,0.41570541,0.38827098
0.60943500,0.65112665,0.36599424,0.27070707,0.18205805,0.27777778,0.42331288,0.34228188,0.31250000,0.27777778,0.28957529,0.42026507,0.58858058,0.71404110,0.41373626,0.28661088,0.28348214,0.26470588,0.32033898,0.36570561,0.43105756,0.47152620,0.37256809,0.29629630,0.28205128,0.27272727,0.40072860,0.42682927,0.41983122,0.35981063,0.43529412,0.24301075,0.34492754,0.40942472,0.56906967,0.41192266,0.40428641,0.64619883,0.41570541,0.38827098
0.60943500,0.65112665,0.36599424,0.27070707,0.18205805,0.27777778,0.44545455,0.34228188,0.31250000,0.59348681,0.19708029,0.42026507,0.54054054,0.37111265,0.69435216,0.28661088,0.32114286,0.29257642,0.46597938,0.36570561,0.43105756,0.34426230,0.37256809,0.13043478,0.39387755,0.27272727,0.40072860,0.36616702,0.41983122,0.35981063,0.43529412,0.40831296,0.34492754,0.40942472,0.56906967,0.36111111,0.40428641,0.39797549,0.41570541,0.38827098
0.40070922,0.16233766,0.24340176,0.27070707,0.18205805,0.27777778,0.42331288,0.56724422,0.57975904,0.48387097,0.43750000,0.42026507,0.58858058,0.35195531,0.41373626,0.28661088,0.32114286,0.29257642,0.46597938,0.36570561,0.43105756,0.60229133,0.37256809,0.30022321,0.28205128,0.32967033,0.40072860,0.42682927,0.41983122,0.35981063,0.43529412,0.40831296,0.47122302,0.40942472,0.56906967,0.41192266,0.40428641,0.39797549,0.41570541,0.38827098
0.30578512,0.22615804,0.24340176,0.27070707,0.18205805,0.27777778,0.61547837,0.34228188,0.23076923,0.59348681,0.34237288,0.42026507,0.58858058,0.37111265,0.41373626,0.28661088,0.28348214,0.29257642,0.60483384,0.36570561,0.43105756,0.34426230,0.37256809,0.30022321,0.39387755,0.32967033,0.40072860,0.42682927,0.41983122,0.35981063,0.43529412,0.24301075,0.27898551,0.40942472,0.56906967,0.41192266,0.40428641,0.39797549,0.41570541,0.38827098
0.60943500,0.54732510,0.24340176,0.27070707,0.18205805,0.56921790,0.42331288,0.56724422,0.31250000,0.59348681,0.34237288,0.70588235,0.58858058,0.50107991,0.69435216,0.28661088,0.32114286,0.26470588,0.23312883,0.36570561,0.43105756,0.60229133,0.37256809,0.30022321,0.39387755,0.58106236,0.40072860,0.61169882,0.41983122,0.35981063,0.43529412,0.61182994,0.58640984,0.40942472,0.56906967,0.41192266,0.40428641,0.50216450,0.41570541,0.38827098
0.60943500,0.16233766,0.24340176,0.27070707,0.18205805,0.56921790,0.37598425,0.56724422,0.57975904,0.41196013,0.34237288,0.42026507,0.58858058,0.35195531,0.41373626,0.28661088,0.28348214,0.57394366,0.49600000,0.36570561,0.43105756,0.35516605,0.37256809,0.30022321,0.28205128,0.58106236,0.40072860,0.51098901,0.41983122,0.35981063,0.43529412,0.53003534,0.58640984,0.40942472,0.56906967,0.41192266,0.40428641,0.64619883,0.41570541,0.38827098
0.60943500,0.45945946,0.36599424,0.27070707,0.36511156,0.56921790,0.44545455,0.56724422,0.57975904,0.48387097,0.58214625,0.42026507,0.58858058,0.37111265,0.41373626,0.28661088,0.26612903,0.29257642,0.32033898,0.36570561,0.43105756,0.47152620,0.37256809,0.30022321,0.28205128,0.33447099,0.59821429,0.36616702,0.41983122,0.35981063,0.43529412,0.40831296,0.47222222,0.40942472,0.56906967,0.41192266,0.40428641,0.39797549,0.41570541,0.38827098
0.60943500,0.45945946,0.49411765,0.38876890,0.18205805,0.56921790,0.37598425,0.56724422,0.31250000,0.59348681,0.58214625,0.42026507,0.58858058,0.37111265,0.41373626,0.28661088,0.28348214,0.26470588,0.23312883,0.36570561,0.43105756,0.35516605,0.37256809,0.30022321,0.28205128,0.33447099,0.40072860,0.42682927,0.41983122,0.35981063,0.43529412,0.24301075,0.58640984,0.40942472,0.56906967,0.41192266,0.40428641,0.39797549,0.41570541,0.38827098
0.60943500,0.22615804,0.60486995,0.61524047,0.63481829,0.56921790,0.61547837,0.56724422,0.57975904,0.35211268,0.58214625,0.42026507,0.58858058,0.37111265,0.68896321,0.57398374,0.63134658,0.57394366,0.60483384,0.36570561,0.43105756,0.47152620,0.37256809,0.44571429,0.59856631,0.58106236,0.40072860,0.61169882,0.41983122,0.35981063,0.43529412,0.61182994,0.58640984,0.40942472,0.19130435,0.58682635,0.40428641,0.39797549,0.41570541,0.38827098
0.30578512,0.40447154,0.49411765,0.50199203,0.63481829,0.56921790,0.61547837,0.56724422,0.57975904,0.41196013,0.58214625,0.78294574,0.58858058,0.37111265,0.41373626,0.28661088,0.73578595,0.57394366,0.32033898,0.36570561,0.43105756,0.35516605,0.37256809,0.44571429,0.48717949,0.58106236,0.40072860,0.61169882,0.41983122,0.57272727,0.43529412,0.61182994,0.58640984,0.40942472,0.56906967,0.55952381,0.40428641,0.39797549,0.41570541,0.38827098
0.27702703,0.54732510,0.24340176,0.61524047,0.39333333,0.22813688,0.37598425,0.15000000,0.31250000,0.35211268,0.23913043,0.42026507,0.25641026,0.37111265,0.41373626,0.28661088,0.28348214,0.20238095,0.32033898,0.36570561,0.43105756,0.34426230,0.37256809,0.32492114,0.24347826,0.25742574,0.59821429,0.27205882,0.41983122,0.74430380,0.43529412,0.20454545,0.21276596,0.40942472,0.56906967,0.41192266,0.78318584,0.39797549,0.82539683,0.38827098
0.60943500,0.65112665,0.28571429,0.61524047,0.63481829,0.56921790,0.61547837,0.56724422,0.31250000,0.59348681,0.58214625,0.42026507,0.58858058,0.37111265,0.41373626,0.28661088,0.32114286,0.57394366,0.60483384,0.36570561,0.43105756,0.35516605,0.37256809,0.30022321,0.59856631,0.33447099,0.59821429,0.36616702,0.41983122,0.35981063,0.43529412,0.40831296,0.21276596,0.63903282,0.17575758,0.41192266,0.40428641,0.39797549,0.41570541,0.38827098
0.60943500,0.65112665,0.60486995,0.61524047,0.63481829,0.56921790,0.61547837,0.56724422,0.37850467,0.59348681,0.58214625,0.42026507,0.58858058,0.37111265,0.69435216,0.28661088,0.28348214,0.57394366,0.60483384,0.36570561,0.43105756,0.35516605,0.37256809,0.30022321,0.59856631,0.30434783,0.40072860,0.36616702,0.71014493,0.35981063,0.43529412,0.24301075,0.47122302,0.40942472,0.21428571,0.58682635,0.40428641,0.39797549,0.41570541,0.38827098
0.60943500,0.65112665,0.21951220,0.61524047,0.63481829,0.56921790,0.61547837,0.56724422,0.37850467,0.59348681,0.58214625,0.42026507,0.58858058,0.37111265,0.68896321,0.28661088,0.28348214,0.57394366,0.60483384,0.36570561,0.43105756,0.35516605,0.37256809,0.30022321,0.59856631,0.32967033,0.70000000,0.27205882,0.41983122,0.35981063,0.43529412,0.20454545,0.27898551,0.63903282,0.21428571,0.41192266,0.40428641,0.39797549,0.41570541,0.38827098
0.60943500,0.65112665,0.21568627,0.61524047,0.63481829,0.56921790,0.61547837,0.56724422,0.37850467,0.59348681,0.58214625,0.42026507,0.58858058,0.37111265,0.41373626,0.28661088,0.32114286,0.57394366,0.60483384,0.36570561,0.43105756,0.35516605,0.37256809,0.30022321,0.59856631,0.12500000,0.40072860,0.42682927,0.41983122,0.35981063,0.43529412,0.24301075,0.47122302,0.40942472,0.56906967,0.41192266,0.51162791,0.39797549,0.41570541,0.38827098
0.60943500,0.65112665,0.21951220,0.61524047,0.63481829,0.56921790,0.61547837,0.56724422,0.57975904,0.59348681,0.58214625,0.42026507,0.58858058,0.37111265,0.41373626,0.28661088,0.32114286,0.57394366,0.60483384,0.36570561,0.43105756,0.35516605,0.37256809,0.30022321,0.28205128,0.58106236,0.40072860,0.27205882,0.41983122,0.35981063,0.43529412,0.12500000,0.21276596,0.40942472,0.13114754,0.41192266,0.40428641,0.39797549,0.41570541,0.38827098
0.60943500,0.65112665,0.49411765,0.61524047,0.63481829,0.56921790,0.61547837,0.56724422,0.37850467,0.59348681,0.58214625,0.42026507,0.58858058,0.37111265,0.41373626,0.28661088,0.26612903,0.57394366,0.60483384,0.36570561,0.43105756,0.35516605,0.37256809,0.30022321,0.59856631,0.12500000,0.40072860,0.36616702,0.41983122,0.35981063,0.43529412,0.40831296,0.27898551,0.40942472,0.17575758,0.41192266,0.40428641,0.39797549,0.41570541,0.38827098
0.60943500,0.65112665,0.49411765,0.61524047,0.63481829,0.56921790,0.61547837,0.56724422,0.37850467,0.59348681,0.58214625,0.42026507,0.58858058,0.22222222,0.41373626,0.28661088,0.18750000,0.57394366,0.60483384,0.36570561,0.43105756,0.35516605,0.37256809,0.30022321,0.40000000,0.12500000,0.40072860,0.27205882,0.41983122,0.35981063,0.43529412,0.24301075,0.34492754,0.40942472,0.56906967,0.41192266,0.40428641,0.39797549,0.41570541,0.38827098
0.60943500,0.65112665,0.24340176,0.61524047,0.63481829,0.56921790,0.61547837,0.56724422,0.23076923,0.59348681,0.58214625,0.42026507,0.58858058,0.37111265,0.41373626,0.28661088,0.26612903,0.57394366,0.60483384,0.36570561,0.43105756,0.35516605,0.37256809,0.30022321,0.59856631,0.58106236,0.40072860,0.27205882,0.41983122,0.35981063,0.43529412,0.24301075,0.58640984,0.40942472,0.56906967,0.62670300,0.40428641,0.39797549,0.41570541,0.38827098
0.60943500,0.65112665,0.49411765,0.61524047,0.63481829,0.56921790,0.61547837,0.56724422,0.37850467,0.59348681,0.58214625,0.70588235,0.58858058,0.37111265,0.41373626,0.28661088,0.28348214,0.57394366,0.60483384,0.36570561,0.43105756,0.35516605,0.37256809,0.30022321,0.59856631,0.33447099,0.59821429,0.17567568,0.41983122,0.35981063,0.43529412,0.12500000,0.58640984,0.40942472,0.13114754,0.88135593,0.40428641,0.39797549,0.41570541,0.38827098
0.60943500,0.65112665,0.49411765,0.61524047,0.63481829,0.56921790,0.61547837,0.56724422,0.37850467,0.59348681,0.58214625,0.42026507,0.58858058,0.37111265,0.41373626,0.28661088,0.26612903,0.57394366,0.60483384,0.36570561,0.43105756,0.35516605,0.37256809,0.30022321,0.59856631,0.58106236,0.31250000,0.42682927,0.41983122,0.35981063,0.43529412,0.20454545,0.27898551,0.40942472,0.19130435,0.41192266,0.40428641,0.39797549,0.41570541,0.38827098
0.53846154,0.65112665,0.49411765,0.61524047,0.63481829,0.56921790,0.61547837,0.56724422,0.35135135,0.59348681,0.58214625,0.42026507,0.58858058,0.37111265,0.41373626,0.28661088,0.32114286,0.57394366,0.60483384,0.36570561,0.43105756,0.35516605,0.37256809,0.00000000,0.59856631,0.33447099,0.40072860,0.27205882,0.41983122,0.35981063,0.43529412,0.40831296,0.47122302,0.40942472,0.17575758,0.55952381,0.40428641,0.39797549,0.41570541,0.38827098
0.60943500,0.65112665,0.60486995,0.61524047,0.63481829,0.56921790,0.61547837,0.56724422,0.57975904,0.59348681,0.58214625,0.42026507,0.58858058,0.37111265,0.41373626,0.28661088,0.32114286,0.57394366,0.60483384,0.36570561,0.43105756,0.35516605,0.37256809,0.30022321,0.59856631,0.58106236,0.40072860,0.17567568,0.41983122,0.35981063,0.43529412,0.12500000,0.58640984,0.51006711,0.56906967,0.41192266,0.40428641,0.39797549,0.41570541,0.38827098
0.60943500,0.65112665,0.60486995,0.61524047,0.63481829,0.56921790,0.61547837,0.56724422,0.57975904,0.59348681,0.58214625,0.42026507,0.58858058,0.37111265,0.41373626,0.28661088,0.28348214,0.57394366,0.60483384,0.36570561,0.43105756,0.35516605,0.37256809,0.30022321,0.59856631,0.32967033,0.40072860,0.27205882,0.41983122,0.35981063,0.43529412,0.20454545,0.58640984,0.40942472,0.56906967,0.41192266,0.40428641,0.39797549,0.41570541,0.38827098
0.60943500,0.65112665,0.36599424,0.61524047,0.63481829,0.56921790,0.61547837,0.56724422,0.37850467,0.59348681,0.58214625,0.42026507,0.58858058,0.50107991,0.41373626,0.28661088,0.28348214,0.57394366,0.60483384,0.36570561,0.43105756,0.35516605,0.37256809,0.30022321,0.59856631,0.30434783,0.40072860,0.36616702,0.41983122,0.35981063,0.43529412,0.40831296,0.58640984,0.40942472,0.17575758,0.78325123,0.40428641,0.39797549,0.41570541,0.38827098
0.60943500,0.65112665,0.51190476,0.61524047,0.63481829,0.56921790,0.61547837,0.56724422,0.37850467,0.59348681,0.58214625,0.42026507,0.58858058,0.37111265,0.41373626,0.28661088,0.26612903,0.57394366,0.60483384,0.36570561,0.43105756,0.35516605,0.37256809,0.30022321,0.59856631,0.25742574,0.59821429,0.17567568,0.41983122,0.35981063,0.43529412,0.20454545,0.21276596,0.63903282,0.19130435,0.58682635,0.40428641,0.39797549,0.41570541,0.38827098
0.60943500,0.65112665,0.24340176,0.00000000,0.63481829,0.56921790,0.61547837,0.56724422,0.31250000,0.59348681,0.58214625,0.42026507,0.58858058,0.37111265,0.68896321,0.28661088,0.63134658,0.57394366,0.60483384,0.36570561,0.50000000,0.35516605,0.37256809,0.30022321,0.59856631,0.25742574,0.82300885,0.27205882,0.41983122,0.35981063,0.43529412,0.20454545,0.34492754,0.40942472,0.17575758,0.36111111,0.40428641,0.39797549,0.41570541,0.38827098
0.60943500,0.65112665,0.21568627,0.61524047,0.63481829,0.56921790,0.61547837,0.56724422,0.31250000,0.59348681,0.58214625,0.42026507,0.58858058,0.37111265,0.41373626,0.28661088,0.18750000,0.57394366,0.60483384,0.36570561,0.43105756,0.35516605,0.37256809,0.13043478,0.39387755,0.25742574,0.40072860,0.36616702,0.41983122,0.35981063,0.43529412,0.20454545,0.21276596,0.40942472,0.56906967,0.62670300,0.40428641,0.39797549,0.41570541,0.38827098
0.60943500,0.65112665,0.21568627,0.61524047,0.63481829,0.56921790,0.61547837,0.56724422,0.37850467,0.59348681,0.58214625,0.42026507,0.58858058,0.35195531,0.54437870,0.28661088,0.32114286,0.57394366,0.60483384,0.36570561,0.43105756,0.35516605,0.37256809,0.13043478,0.59856631,0.33447099,0.31250000,0.27205882,0.71014493,0.00000000,0.43529412,0.20454545,0.34492754,0.63903282,0.56906967,0.62670300,0.40428641,0.39797549,0.41570541,0.38827098
0.60943500,0.65112665,0.21568627,0.33333333,0.00000000,0.56921790,0.61547837,0.56724422,0.31250000,0.59348681,0.58214625,0.42026507,0.58858058,0.37111265,0.41373626,0.28661088,0.28348214,0.57394366,0.60483384,0.36570561,0.43105756,0.34426230,0.37256809,0.30022321,0.59856631,0.58106236,0.40072860,0.36616702,0.41983122,0.35981063,0.43529412,0.24301075,0.27898551,0.40942472,0.19130435,0.55952381,0.54708520,0.39797549,0.41570541,0.38827098
0.60943500,0.65112665,0.21951220,0.61524047,0.63481829,0.56921790,0.61547837,0.56724422,0.57975904,0.59348681,0.58214625,0.42026507,0.58858058,0.22222222,0.41373626,0.28661088,0.32114286,0.57394366,0.60483384,0.36570561,0.43105756,0.31250000,0.37256809,0.30022321,0.59856631,0.33447099,0.40072860,0.17567568,0.41983122,0.35981063,0.43529412,0.12500000,0.21276596,0.40942472,0.56906967,0.41192266,0.40428641,0.39797549,0.41570541,0.38827098
0.60943500,0.65112665,0.21568627,0.61524047,0.63481829,0.56921790,0.61547837,0.56724422,0.37850467,0.59348681,0.58214625,0.80952381,0.58858058,0.37111265,0.41373626,0.28661088,0.63134658,0.57394366,0.60483384,0.36570561,0.43105756,0.35516605,0.37256809,0.29629630,0.40000000,0.33447099,0.59821429,0.27205882,0.41983122,0.57272727,0.43529412,0.24301075,0.34492754,0.40942472,0.56906967,0.41192266,0.40428641,0.39797549,0.41570541,0.38827098
0.60943500,0.65112665,0.60486995,0.61524047,0.63481829,0.56921790,0.61547837,0.56724422,0.57975904,0.41196013,0.58214625,0.42026507,0.58858058,0.71404110,0.68896321,0.72955975,0.32114286,0.57394366,0.60483384,0.36570561,0.67123288,0.47152620,0.37256809,0.30022321,0.59856631,0.58106236,0.40072860,0.61169882,0.41983122,0.35981063,0.43529412,0.61182994,0.58640984,0.63903282,0.56906967,0.41192266,0.40428641,0.39797549,0.41570541,0.38827098
0.60943500,0.40447154,0.36599424,0.61524047,0.50476190,0.27777778,0.61547837,0.21610169,0.57975904,0.59348681,0.43750000,0.42026507,0.58858058,0.37111265,0.69435216,0.57398374,0.32114286,0.57394366,0.60483384,0.36570561,0.54411765,0.60229133,0.37256809,0.73597811,0.39387755,0.58106236,0.82300885,0.61169882,0.68794326,0.85840708,0.43529412,0.53003534,0.58640984,0.57772021,0.56906967,0.41192266,0.40428641,0.64619883,0.41570541,0.38827098
0.60943500,0.65112665,0.60486995,0.61524047,0.63481829,0.56921790,0.61547837,0.56724422,0.57975904,0.59348681,0.58214625,0.42026507,0.58858058,0.37111265,0.54437870,0.72955975,0.32114286,0.57394366,0.60483384,0.36570561,0.43105756,0.60229133,0.37256809,0.73597811,0.59856631,0.58106236,0.40072860,0.61169882,0.41983122,0.35981063,0.43529412,0.61182994,0.58640984,0.57772021,0.56906967,0.41192266,0.40428641,0.64619883,0.41570541,0.38827098
0.60943500,0.65112665,0.21951220,0.61524047,0.63481829,0.56921790,0.61547837,0.56724422,0.37850467,0.59348681,0.58214625,0.42026507,0.58858058,0.37111265,0.41373626,0.28661088,0.32114286,0.57394366,0.60483384,0.36570561,0.43105756,0.35516605,0.37256809,0.30022321,0.59856631,0.32967033,0.40072860,0.36616702,0.41983122,0.35981063,0.43529412,0.24301075,0.27898551,0.40942472,0.13114754,0.41192266,0.63486842,0.39797549,0.41570541,0.38827098
0.30578512,0.65112665,0.60486995,0.50199203,0.39333333,0.56921790,0.37598425,0.15000000,0.57975904,0.35211268,0.34237288,0.42026507,0.54054054,0.50107991,0.41373626,0.57398374,0.28348214,0.57394366,0.60483384,0.70403587,0.43105756,0.34426230,0.37256809,0.29629630,0.24347826,0.58106236,0.40072860,0.61169882,0.41983122,0.35981063,0.43529412,0.24301075,0.21276596,0.63903282,0.56906967,0.58682635,0.63486842,0.93577982,0.94202899,0.89583333
0.60943500,0.65112665,0.28571429,0.50199203,0.50476190,0.56921790,0.61547837,0.56724422,0.31944444,0.59348681,0.58214625,0.78294574,0.58858058,0.71404110,0.60683761,0.72955975,0.63134658,0.33103448,0.60483384,0.79120879,0.43105756,0.78527607,0.79856115,0.80259740,0.24347826,0.17391304,0.82300885,0.17567568,0.41983122,0.86607143,0.43529412,0.12500000,0.11764706,0.77173913,0.56906967,0.41192266,0.40428641,0.39797549,0.41570541,0.38827098
0.27702703,0.65112665,0.60486995,0.61524047,0.63481829,0.56921790,0.61547837,0.56724422,0.37850467,0.59348681,0.58214625,0.70588235,0.58858058,0.37111265,0.10000000,0.28661088,0.26612903,0.57394366,0.60483384,0.36570561,0.43105756,0.35516605,0.37256809,0.30022321,0.59856631,0.58106236,0.70000000,0.48484848,0.68794326,0.85840708,0.43529412,0.61182994,0.58640984,0.77173913,0.17575758,0.41192266,0.40428641,0.39797549,0.41570541,0.38827098
0.30578512,0.65112665,0.24340176,0.61524047,0.63481829,0.56921790,0.61547837,0.56724422,0.37850467,0.59348681,0.58214625,0.42026507,0.58858058,0.37111265,0.41373626,0.23364486,0.32114286,0.57394366,0.60483384,0.43181818,0.43105756,0.35516605,0.33333333,0.30022321,0.40000000,0.58106236,0.59821429,0.42682927,0.41983122,0.85840708,0.43529412,0.40831296,0.47222222,0.77173913,0.19130435,0.41192266,0.54708520,0.39797549,0.41570541,0.38827098
0.60943500,0.65112665,0.60486995,0.61524047,0.63481829,0.56921790,0.61547837,0.56724422,0.35135135,0.59348681,0.43902439,0.70588235,0.58858058,0.37111265,0.41373626,0.28661088,0.28348214,0.57394366,0.60483384,0.36570561,0.43105756,0.35516605,0.37256809,0.30022321,0.59856631,0.58106236,0.70000000,0.00000000,0.41983122,0.57272727,0.43529412,0.53003534,0.58640984,0.63903282,0.17575758,0.41192266,0.40428641,0.39797549,0.41570541,0.38827098
0.27702703,0.65112665,0.49411765,0.61524047,0.63481829,0.56921790,0.61547837,0.40000000,0.35135135,0.59348681,0.58214625,0.42026507,0.58858058,0.37111265,0.41373626,0.28661088,0.26612903,0.57394366,0.60483384,0.79120879,0.43105756,0.35516605,0.67469880,0.30022321,0.59856631,0.30434783,0.70000000,0.61169882,0.41983122,0.85840708,0.43529412,0.40831296,0.58640984,0.40942472,0.56906967,0.41192266,0.40428641,0.39797549,0.41570541,0.38827098
0.26562500,0.65112665,0.24340176,0.61524047,0.63481829,0.56921790,0.61547837,0.56724422,0.37850467,0.59348681,0.58214625,0.84821429,0.58858058,0.37111265,0.41373626,0.28661088,0.73578595,0.57394366,0.60483384,0.76923077,0.43105756,0.35516605,0.76223776,0.30022321,0.59856631,0.58106236,0.85093168,0.61169882,0.41983122,0.66666667,0.43529412,0.24301075,0.58640984,0.40942472,0.00000000,0.41192266,0.40428641,0.39797549,0.41570541,0.38827098
0.40070922,0.65112665,0.60486995,0.61524047,0.63481829,0.56921790,0.23076923,0.56724422,0.23076923,0.59348681,0.58214625,0.84821429,0.58858058,0.37111265,0.53571429,0.30564784,0.63134658,0.57394366,0.60483384,0.36570561,0.67123288,0.35516605,0.37256809,0.30022321,0.59856631,0.58106236,0.40072860,0.51098901,0.41983122,0.86607143,0.43529412,0.40831296,0.58640984,0.40942472,0.56906967,0.41192266,0.40428641,0.39797549,0.41570541,0.38827098
0.60943500,0.65112665,0.60486995,0.61524047,0.63481829,0.56921790,0.61547837,0.56724422,0.57975904,0.59348681,0.28957529,0.78294574,0.58858058,0.37111265,0.53571429,0.28661088,0.32114286,0.57394366,0.60483384,0.36570561,0.43105756,0.35516605,0.37256809,0.30022321,0.59856631,0.58106236,0.40072860,0.61169882,0.71014493,0.35981063,0.74766355,0.61182994,0.58640984,0.40942472,0.56906967,0.41192266,0.87500000,0.39797549,0.41570541,0.38827098
0.23333333,0.65112665,0.24340176,0.61524047,0.63481829,0.56921790,0.61547837,0.21610169,0.57975904,0.59348681,0.34237288,0.78294574,0.58858058,0.37111265,0.41373626,0.28661088,0.32114286,0.57394366,0.60483384,0.36570561,0.43105756,0.35516605,0.37256809,0.30022321,0.59856631,0.58106236,0.70000000,0.61169882,0.41983122,0.86607143,0.43529412,0.24301075,0.58640984,0.77173913,0.13114754,0.41192266,0.40428641,0.39797549,0.41570541,0.38827098
0.60943500,0.65112665,0.60486995,0.61524047,0.63481829,0.56921790,0.61547837,0.56724422,0.35135135,0.59348681,0.58214625,0.84821429,0.58858058,0.37111265,0.53571429,0.28661088,0.63134658,0.57394366,0.60483384,0.36570561,0.43105756,0.35516605,0.37256809,0.30022321,0.59856631,0.58106236,0.40072860,0.61169882,0.41983122,0.85840708,0.43529412,0.24301075,0.58640984,0.77173913,0.13114754,0.41192266,0.40428641,0.39797549,0.41570541,0.38827098
0.60943500,0.65112665,0.36599424,0.61524047,0.63481829,0.56921790,0.61547837,0.56724422,0.57975904,0.59348681,0.58214625,0.79166667,0.58858058,0.37111265,0.61181435,0.28661088,0.32114286,0.57394366,0.60483384,0.36570561,0.43105756,0.35516605,0.37256809,0.30022321,0.59856631,0.58106236,0.40072860,0.42682927,0.41983122,0.57272727,0.43529412,0.61182994,0.58640984,0.40942472,0.13114754,0.41192266,0.40428641,0.39797549,0.41570541,0.81382979
0.60943500,0.65112665,0.21568627,0.61524047,0.63481829,0.56921790,0.61547837,0.56724422,0.31250000,0.59348681,0.58214625,0.78294574,0.58858058,0.37111265,0.60683761,0.28661088,0.73578595,0.57394366,0.60483384,0.36570561,0.43105756,0.35516605,0.37256809,0.30022321,0.59856631,0.30434783,0.85093168,0.42682927,0.41983122,0.86607143,0.43529412,0.53003534,0.58640984,0.77173913,0.56906967,0.41192266,0.40428641,0.39797549,0.41570541,0.38827098
0.26562500,0.45945946,0.36599424,0.61524047,0.63481829,0.56921790,0.23076923,0.56724422,0.37850467,0.59348681,0.58214625,0.78294574,0.58858058,0.37111265,0.53571429,0.57398374,0.73578595,0.57394366,0.60483384,0.70403587,0.68932039,0.35516605,0.67469880,0.80259740,0.49328859,0.32967033,0.85093168,0.36616702,0.68794326,0.66666667,0.43529412,0.24301075,0.34492754,0.40942472,0.00000000,0.41192266,0.40428641,0.39797549,0.41570541,0.38827098
0.40070922,0.65112665,0.36599424,0.38876890,0.33333333,0.56921790,0.44545455,0.21610169,0.37850467,0.35211268,0.34237288,0.42026507,0.37685460,0.50107991,0.68896321,0.57398374,0.26612903,0.33103448,0.32033898,0.36570561,0.43105756,0.35516605,0.37256809,0.30022321,0.28205128,0.25742574,0.40072860,0.27205882,0.41983122,0.40350877,0.43529412,0.20454545,0.27898551,0.63903282,0.56906967,0.62670300,0.40428641,0.64619883,0.82539683,0.71947195
0.60943500,0.65112665,0.60486995,0.38876890,0.50476190,0.56921790,0.61547837,0.56724422,0.57975904,0.59348681,0.58214625,0.42026507,0.58858058,0.50107991,0.41373626,0.57398374,0.63134658,0.57394366,0.60483384,0.36570561,0.43105756,0.60229133,0.37256809,0.73597811,0.59856631,0.58106236,0.40072860,0.42682927,0.41983122,0.35981063,0.43529412,0.61182994,0.58640984,0.77173913,0.56906967,0.41192266,0.63486842,0.39797549,0.41570541,0.38827098
0.60943500,0.65112665,0.60486995,0.52631579,0.33333333,0.56921790,0.61547837,0.56724422,0.57975904,0.59348681,0.43750000,0.42026507,0.54054054,0.50107991,0.41373626,0.72955975,0.63134658,0.26470588,0.46597938,0.79120879,0.43105756,0.35516605,0.82817869,0.13043478,0.39387755,0.58106236,0.40072860,0.36616702,0.41983122,0.35981063,0.43529412,0.53003534,0.34492754,0.63903282,0.56906967,0.41192266,0.40428641,0.64619883,0.41570541,0.38827098
0.53846154,0.65112665,0.60486995,0.61524047,0.63481829,0.56921790,0.44545455,0.34228188,0.57975904,0.41196013,0.58214625,0.84821429,0.58858058,0.71404110,0.41373626,0.72955975,0.73578595,0.57394366,0.46597938,0.83882784,0.43105756,0.35516605,0.37256809,0.44571429,0.24347826,0.58106236,0.85093168,0.61169882,0.81147541,0.35981063,0.43529412,0.24301075,0.34492754,0.57772021,0.56906967,0.78325123,0.40428641,0.93577982,0.48837209,0.38827098
0.60943500,0.65112665,0.60486995,0.61524047,0.63481829,0.56921790,0.61547837,0.56724422,0.57975904,0.41196013,0.58214625,0.42026507,0.58858058,0.50107991,0.68896321,0.57398374,0.28348214,0.57394366,0.60483384,0.36570561,0.43105756,0.47152620,0.37256809,0.30022321,0.59856631,0.58106236,0.40072860,0.61169882,0.41983122,0.35981063,0.43529412,0.61182994,0.58640984,0.40942472,0.56906967,0.58682635,0.40428641,0.86407767,0.41570541,0.38827098
0.60943500,0.65112665,0.21568627,0.61524047,0.63481829,0.56921790,0.61547837,0.56724422,0.57975904,0.59348681,0.58214625,0.42026507,0.58858058,0.37111265,0.41373626,0.28661088,0.26612903,0.57394366,0.60483384,0.36570561,0.43105756,0.35516605,0.37256809,0.30022321,0.59856631,0.32967033,0.40072860,0.36616702,0.41983122,0.35981063,0.43529412,0.24301075,0.27898551,0.40942472,0.19130435,0.41192266,0.40428641,0.39797549,0.41570541,0.38827098
0.60943500,0.65112665,0.24340176,0.61524047,0.63481829,0.56921790,0.61547837,0.56724422,0.31250000,0.59348681,0.58214625,0.42026507,0.58858058,0.37111265,0.41373626,0.28661088,0.28348214,0.57394366,0.60483384,0.36570561,0.43105756,0.35516605,0.37256809,0.30022321,0.59856631,0.32967033,0.70000000,0.27205882,0.41983122,0.35981063,0.43529412,0.12500000,0.11764706,0.57772021,0.13114754,0.41192266,0.40428641,0.39797549,0.41570541,0.38827098
0.60943500,0.65112665,0.24340176,0.61524047,0.63481829,0.56921790,0.61547837,0.56724422,0.37850467,0.59348681,0.58214625,0.42026507,0.58858058,0.37111265,0.41373626,0.28661088,0.28348214,0.57394366,0.60483384,0.36570561,0.43105756,0.35516605,0.37256809,0.30022321,0.59856631,0.33447099,0.40072860,0.27205882,0.41983122,0.35981063,0.43529412,0.20454545,0.27898551,0.40942472,0.17575758,0.41192266,0.40428641,0.39797549,0.41570541,0.38827098
0.60943500,0.65112665,0.21568627,0.61524047,0.63481829,0.56921790,0.61547837,0.56724422,0.31944444,0.59348681,0.58214625,0.42026507,0.58858058,0.37111265,0.54437870,0.28661088,0.32114286,0.57394366,0.60483384,0.36570561,0.43105756,0.35516605,0.37256809,0.44571429,0.48717949,0.27272727,0.40072860,0.17567568,0.41983122,0.35981063,0.43529412,0.12500000,0.27898551,0.40942472,0.13114754,0.41192266,0.40428641,0.39797549,0.41570541,0.63250883
0.60943500,0.65112665,0.51190476,0.61524047,0.63481829,0.56921790,0.61547837,0.56724422,0.35135135,0.59348681,0.58214625,0.42026507,0.58858058,0.37111265,0.41373626,0.28661088,0.28348214,0.57394366,0.60483384,0.36570561,0.43105756,0.35516605,0.37256809,0.30022321,0.59856631,0.30434783,0.31250000,0.42682927,0.41983122,0.35981063,0.43529412,0.24301075,0.34492754,0.31818182,0.13114754,0.36111111,0.40428641,0.39797549,0.41570541,0.38827098
0.60943500,0.65112665,0.60486995,0.61524047,0.63481829,0.56921790,0.61547837,0.56724422,0.57975904,0.59348681,0.58214625,0.42026507,0.37685460,0.77210884,0.54437870,0.72955975,0.63134658,0.57394366,0.46597938,0.79120879,0.70247934,0.78527607,0.82817869,0.73597811,0.48717949,0.58106236,0.70000000,0.51098901,0.41983122,0.74430380,0.43529412,0.61182994,0.27898551,0.31818182,0.56906967,0.41192266,0.40428641,0.64619883,0.41570541,0.38827098
0.60943500,0.65112665,0.60486995,0.61524047,0.63481829,0.56921790,0.61547837,0.56724422,0.57975904,0.59348681,0.58214625,0.42026507,0.58858058,0.50107991,0.41373626,0.28661088,0.63134658,0.26470588,0.46597938,0.70403587,0.43105756,0.60229133,0.67469880,0.30022321,0.28205128,0.58106236,0.40072860,0.42682927,0.41983122,0.35981063,0.43529412,0.61182994,0.34492754,0.63903282,0.56906967,0.41192266,0.40428641,0.50216450,0.41570541,0.38827098
0.60943500,0.65112665,0.28571429,0.61524047,0.63481829,0.56921790,0.61547837,0.56724422,0.37850467,0.59348681,0.58214625,0.42026507,0.58858058,0.37111265,0.41373626,0.28661088,0.32114286,0.57394366,0.60483384,0.36570561,0.43105756,0.35516605,0.37256809,0.30022321,0.59856631,0.58106236,0.40072860,0.36616702,0.41983122,0.35981063,0.43529412,0.24301075,0.27898551,0.40942472,0.21428571,0.41192266,0.40428641,0.39797549,0.41570541,0.38827098
0.60943500,0.40447154,0.60486995,0.61524047,0.18205805,0.56921790,0.30487805,0.19718310,0.57975904,0.59348681,0.58214625,0.42026507,0.58858058,0.50107991,0.41373626,0.77593361,0.28348214,0.29257642,0.60483384,0.36570561,0.43105756,0.47152620,0.37256809,0.44571429,0.24347826,0.27272727,0.40072860,0.42682927,0.41983122,0.35981063,0.43529412,0.24301075,0.21276596,0.40942472,0.56906967,0.41192266,0.40428641,0.39797549,0.41570541,0.71947195
0.60943500,0.22615804,0.60486995,0.61524047,0.18205805,0.22813688,0.22093023,0.19718310,0.57975904,0.33079848,0.34237288,0.42026507,0.58858058,0.50107991,0.41373626,0.77593361,0.32114286,0.57394366,0.60483384,0.36570561,0.43105756,0.47152620,0.37256809,0.73597811,0.09523810,0.58106236,0.40072860,0.42682927,0.41983122,0.74430380,0.43529412,0.24301075,0.27898551,0.40942472,0.56906967,0.62670300,0.40428641,0.39797549,0.41570541,0.38827098
0.60943500,0.65112665,0.60486995,0.61524047,0.63481829,0.56921790,0.61547837,0.56724422,0.57975904,0.33079848,0.58214625,0.71428571,0.58858058,0.37111265,0.41373626,0.28661088,0.32114286,0.57394366,0.60483384,0.36570561,0.43105756,0.35516605,0.37256809,0.30022321,0.59856631,0.58106236,0.40072860,0.36616702,0.41983122,0.35981063,0.43529412,0.40831296,0.58640984,0.57772021,0.56906967,0.41192266,0.40428641,0.39797549,0.71484375,0.71947195
0.60943500,0.65112665,0.60486995,0.61524047,0.63481829,0.56921790,0.37598425,0.56724422,0.57975904,0.59348681,0.58214625,0.70588235,0.25641026,0.71404110,0.41373626,0.72955975,0.28348214,0.29257642,0.46597938,0.36570561,0.67123288,0.34426230,0.37256809,0.73597811,0.39387755,0.58106236,0.40072860,0.36616702,0.81147541,0.35981063,0.43529412,0.24301075,0.27898551,0.57772021,0.56906967,0.78325123,0.40428641,0.39797549,0.41570541,0.38827098
0.60943500,0.65112665,0.60486995,0.61524047,0.63481829,0.56921790,0.37598425,0.56724422,0.57975904,0.59348681,0.58214625,0.42026507,0.58858058,0.71404110,0.41373626,0.57398374,0.32114286,0.33103448,0.32033898,0.36570561,0.43105756,0.60229133,0.37256809,0.30022321,0.59856631,0.58106236,0.40072860,0.42682927,0.41983122,0.35981063,0.43529412,0.58252427,0.34492754,0.51006711,0.56906967,0.41192266,0.40428641,0.39797549,0.41570541,0.63250883
0.60943500,0.65112665,0.60486995,0.61524047,0.63481829,0.56921790,0.37598425,0.21610169,0.57975904,0.59348681,0.58214625,0.42026507,0.25641026,0.77210884,0.41373626,0.57398374,0.28348214,0.26470588,0.46597938,0.36570561,0.68932039,0.35516605,0.37256809,0.32492114,0.28205128,0.33447099,0.40072860,0.36616702,0.41983122,0.35981063,0.43529412,0.20454545,0.27898551,0.40942472,0.56906967,0.41192266,0.63486842,0.50216450,0.82539683,0.81382979
0.60943500,0.65112665,0.60486995,0.61524047,0.63481829,0.56921790,0.44545455,0.56724422,0.57975904,0.59348681,0.58214625,0.42026507,0.25641026,0.77210884,0.41373626,0.28661088,0.28348214,0.29257642,0.46597938,0.36570561,0.68932039,0.35516605,0.37256809,0.30022321,0.28205128,0.58106236,0.40072860,0.36616702,0.41983122,0.57272727,0.43529412,0.24301075,0.34492754,0.63903282,0.56906967,0.41192266,0.40428641,0.64619883,0.41570541,0.63250883
0.60943500,0.65112665,0.60486995,0.61524047,0.63481829,0.56921790,0.42331288,0.56724422,0.57975904,0.59348681,0.58214625,0.42026507,0.33333333,0.77210884,0.41373626,0.28661088,0.32114286,0.29257642,0.46597938,0.36570561,0.43105756,0.34426230,0.37256809,0.30022321,0.28205128,0.27272727,0.40072860,0.27205882,0.71014493,0.35981063,0.43529412,0.24301075,0.27898551,0.31818182,0.56906967,0.62670300,0.54708520,0.39797549,0.41570541,0.38827098
0.60943500,0.45945946,0.60486995,0.61524047,0.63481829,0.56921790,0.42331288,0.56724422,0.57975904,0.35000000,0.58214625,0.42026507,0.33333333,0.50107991,0.41373626,0.57398374,0.32114286,0.57394366,0.60483384,0.36570561,0.43105756,0.35516605,0.37256809,0.44571429,0.28205128,0.33447099,0.40072860,0.27205882,0.41983122,0.35981063,0.43529412,0.61182994,0.58640984,0.40942472,0.56906967,0.41192266,0.40428641,0.39797549,0.41570541,0.63250883
0.60943500,0.65112665,0.60486995,0.61524047,0.63481829,0.56921790,0.61547837,0.56724422,0.57975904,0.59348681,0.58214625,0.78294574,0.33333333,0.71404110,0.54437870,0.72955975,0.63134658,0.26470588,0.32033898,0.36570561,0.43105756,0.35516605,0.37256809,0.73597811,0.49328859,0.58106236,0.82300885,0.42682927,0.59183673,0.35981063,0.43529412,0.24301075,0.58640984,0.63903282,0.56906967,0.62670300,0.40428641,0.64619883,0.41570541,0.56934307
0.60943500,0.65112665,0.60486995,0.61524047,0.63481829,0.56921790,0.42331288,0.21610169,0.57975904,0.59348681,0.58214625,0.42026507,0.33333333,0.50107991,0.54437870,0.72955975,0.63134658,0.33103448,0.46597938,0.36570561,0.43105756,0.60229133,0.37256809,0.44571429,0.59856631,0.58106236,0.40072860,0.36616702,0.41983122,0.35981063,0.43529412,0.24301075,0.34492754,0.57772021,0.56906967,0.62670300,0.40428641,0.37878788,0.41570541,0.63250883
0.60943500,0.65112665,0.60486995,0.61524047,0.63481829,0.56921790,0.61547837,0.56724422,0.37850467,0.48387097,0.58214625,0.42026507,0.58858058,0.71404110,0.41373626,0.57398374,0.32114286,0.57394366,0.32033898,0.43181818,0.43105756,0.34426230,0.37256809,0.30022321,0.49328859,0.58106236,0.40072860,0.61169882,0.41983122,0.35981063,0.43529412,0.24301075,0.58640984,0.63903282,0.56906967,0.41192266,0.40428641,0.50216450,0.71484375,0.71947195
0.60943500,0.65112665,0.60486995,0.61524047,0.63481829,0.56921790,0.61547837,0.56724422,0.57975904,0.41196013,0.58214625,0.42026507,0.58858058,0.77210884,0.54437870,0.72955975,0.28348214,0.57394366,0.46597938,0.36570561,0.43105756,0.34426230,0.37256809,0.44571429,0.59856631,0.58106236,0.40072860,0.36616702,0.41983122,0.35981063,0.43529412,0.40831296,0.58640984,0.63903282,0.56906967,0.78325123,0.40428641,0.86407767,0.41570541,0.63250883
0.60943500,0.65112665,0.60486995,0.61524047,0.39333333,0.56921790,0.61547837,0.56724422,0.31250000,0.59348681,0.58214625,0.42026507,0.58858058,0.77210884,0.41373626,0.30564784,0.28348214,0.57394366,0.60483384,0.79120879,0.43105756,0.60229133,0.56164384,0.73597811,0.49328859,0.58106236,0.40072860,0.61169882,0.41983122,0.35981063,0.43529412,0.53003534,0.58640984,0.63903282,0.56906967,0.41192266,0.40428641,0.64619883,0.41570541,0.63250883
0.60943500,0.65112665,0.60486995,0.61524047,0.63481829,0.56921790,0.61547837,0.56724422,0.31250000,0.41196013,0.58214625,0.42026507,0.37685460,0.37111265,0.41373626,0.28661088,0.32114286,0.57394366,0.60483384,0.36570561,0.43105756,0.47152620,0.37256809,0.32492114,0.39387755,0.58106236,0.40072860,0.61169882,0.41983122,0.35981063,0.43529412,0.61182994,0.58640984,0.40942472,0.19130435,0.41192266,0.40428641,0.39797549,0.41570541,0.38827098
0.60943500,0.65112665,0.60486995,0.61524047,0.63481829,0.56921790,0.61547837,0.56724422,0.57975904,0.59348681,0.58214625,0.42026507,0.37685460,0.35195531,0.41373626,0.57398374,0.32114286,0.57394366,0.60483384,0.36570561,0.43105756,0.35516605,0.37256809,0.32492114,0.49328859,0.58106236,0.40072860,0.51098901,0.41983122,0.35981063,0.43529412,0.61182994,0.47122302,0.40942472,0.19130435,0.41192266,0.40428641,0.39797549,0.41570541,0.38827098
0.60943500,0.65112665,0.60486995,0.61524047,0.63481829,0.56921790,0.61547837,0.56724422,0.57975904,0.59348681,0.58214625,0.42026507,0.58858058,0.37111265,0.41373626,0.28661088,0.32114286,0.57394366,0.60483384,0.36570561,0.43105756,0.35516605,0.37256809,0.32492114,0.59856631,0.58106236,0.40072860,0.61169882,0.41983122,0.85840708,0.43529412,0.61182994,0.58640984,0.40942472,0.56906967,0.41192266,0.40428641,0.64619883,0.41570541,0.63250883
0.60943500,0.65112665,0.60486995,0.61524047,0.63481829,0.56921790,0.61547837,0.56724422,0.57975904,0.59348681,0.58214625,0.42026507,0.58858058,0.37111265,0.41373626,0.28661088,0.73578595,0.57394366,0.60483384,0.36570561,0.43105756,0.34426230,0.37256809,0.44571429,0.59856631,0.58106236,0.40072860,0.61169882,0.41983122,0.35981063,0.43529412,0.61182994,0.47122302,0.40942472,0.17575758,0.41192266,0.40428641,0.39797549,0.41570541,0.38827098
0.30578512,0.65112665,0.60486995,0.50199203,0.63481829,0.56921790,0.42331288,0.21610169,0.57975904,0.35211268,0.58214625,0.42026507,0.25641026,0.50107991,0.41373626,0.30564784,0.63134658,0.57394366,0.32033898,0.70403587,0.43105756,0.25974026,0.37256809,0.44571429,0.28205128,0.33447099,0.40072860,0.42682927,0.41983122,0.25000000,0.43529412,0.24301075,0.27898551,0.63903282,0.56906967,0.55952381,0.40428641,0.64619883,0.41570541,0.56934307
0.60943500,0.60194175,0.60486995,0.50199203,0.50476190,0.22813688,0.61547837,0.56724422,0.31250000,0.48387097,0.58214625,0.42026507,0.58858058,0.50107991,0.41373626,0.72955975,0.63134658,0.33103448,0.46597938,0.79120879,0.43105756,0.60229133,0.82817869,0.73597811,0.39387755,0.32967033,0.31250000,0.27205882,0.41983122,0.74430380,0.43529412,0.40831296,0.34492754,0.57772021,0.13114754,0.41192266,0.40428641,0.39797549,0.48837209,0.56934307
0.60943500,0.65112665,0.60486995,0.61524047,0.63481829,0.56921790,0.61547837,0.56724422,0.57975904,0.59348681,0.58214625,0.42026507,0.58858058,0.50107991,0.41373626,0.30564784,0.63134658,0.57394366,0.60483384,0.36570561,0.43105756,0.47152620,0.37256809,0.44571429,0.59856631,0.58106236,0.40072860,0.61169882,0.41983122,0.35981063,0.43529412,0.61182994,0.58640984,0.63903282,0.19130435,0.41192266,0.40428641,0.39797549,0.41570541,0.38827098
0.60943500,0.65112665,0.60486995,0.61524047,0.63481829,0.56921790,0.61547837,0.56724422,0.57975904,0.59348681,0.58214625,0.42026507,0.58858058,0.37111265,0.41373626,0.28661088,0.63134658,0.57394366,0.60483384,0.36570561,0.43105756,0.35516605,0.37256809,0.73597811,0.59856631,0.58106236,0.40072860,0.61169882,0.41983122,0.35981063,0.43529412,0.61182994,0.58640984,0.63903282,0.19130435,0.41192266,0.40428641,0.39797549,0.41570541,0.38827098
0.60943500,0.65112665,0.60486995,0.61524047,0.63481829,0.56921790,0.44545455,0.56724422,0.37850467,0.59348681,0.58214625,0.42026507,0.58858058,0.37111265,0.41373626,0.23364486,0.63134658,0.57394366,0.60483384,0.36570561,0.43105756,0.35516605,0.37256809,0.73597811,0.59856631,0.58106236,0.40072860,0.61169882,0.41983122,0.35981063,0.43529412,0.40831296,0.58640984,0.63903282,0.13114754,0.41192266,0.40428641,0.39797549,0.41570541,0.38827098
0.60943500,0.65112665,0.60486995,0.61524047,0.63481829,0.56921790,0.42331288,0.56724422,0.37850467,0.59348681,0.28957529,0.42026507,0.58858058,0.37111265,0.41373626,0.30564784,0.63134658,0.57394366,0.60483384,0.36570561,0.43105756,0.35516605,0.37256809,0.44571429,0.59856631,0.58106236,0.40072860,0.61169882,0.41983122,0.35981063,0.43529412,0.53003534,0.58640984,0.57772021,0.56906967,0.41192266,0.40428641,0.39797549,0.41570541,0.89583333
0.60943500,0.65112665,0.60486995,0.61524047,0.50476190,0.56921790,0.42331288,0.21610169,0.31250000,0.48387097,0.58214625,0.42026507,0.37685460,0.50107991,0.60683761,0.28661088,0.63134658,0.57394366,0.32033898,0.36570561,0.43105756,0.25974026,0.37256809,0.13043478,0.49328859,0.27272727,0.40072860,0.27205882,0.41983122,0.35981063,0.43529412,0.40831296,0.47122302,0.57772021,0.56906967,0.62670300,0.40428641,0.39797549,0.41570541,0.38827098
0.60943500,0.65112665,0.60486995,0.62500000,0.50476190,0.56921790,0.44545455,0.21610169,0.57975904,0.59348681,0.58214625,0.42026507,0.37685460,0.50107991,0.60683761,0.57398374,0.28348214,0.57394366,0.60483384,0.36570561,0.43105756,0.35516605,0.37256809,0.32492114,0.49328859,0.33447099,0.40072860,0.27205882,0.41983122,0.35981063,0.43529412,0.61182994,0.47122302,0.57772021,0.56906967,0.41192266,0.40428641,0.39797549,0.41570541,0.56934307
0.60943500,0.65112665,0.60486995,0.61524047,0.63481829,0.56921790,0.61547837,0.56724422,0.37850467,0.59348681,0.58214625,0.42026507,0.58858058,0.37111265,0.61181435,0.28661088,0.32114286,0.57394366,0.60483384,0.36570561,0.43105756,0.34426230,0.37256809,0.30022321,0.39387755,0.25742574,0.40072860,0.36616702,0.41983122,0.35981063,0.43529412,0.24301075,0.47122302,0.57772021,0.13114754,0.62670300,0.40428641,0.39797549,0.41570541,0.63250883
0.60943500,0.65112665,0.60486995,0.52631579,0.63481829,0.56921790,0.61547837,0.56724422,0.57975904,0.59348681,0.43902439,0.71428571,0.54054054,0.37111265,0.61181435,0.15789474,0.28348214,0.57394366,0.60483384,0.36570561,0.43105756,0.47152620,0.37256809,0.29629630,0.39387755,0.27272727,0.40072860,0.27205882,0.41983122,0.74430380,0.43529412,0.61182994,0.34492754,0.63903282,0.13114754,0.78325123,0.40428641,0.39797549,0.48837209,0.63250883
0.60943500,0.65112665,0.60486995,0.61524047,0.63481829,0.56921790,0.42331288,0.56724422,0.57975904,0.48387097,0.58214625,0.78294574,0.58858058,0.71404110,0.41373626,0.57398374,0.63134658,0.57394366,0.60483384,0.36570561,0.43105756,0.35516605,0.37256809,0.30022321,0.59856631,0.58106236,0.40072860,0.61169882,0.41983122,0.35981063,0.43529412,0.40831296,0.34492754,0.40942472,0.56906967,0.62670300,0.40428641,0.39797549,0.41570541,0.38827098
0.60943500,0.65112665,0.60486995,0.61524047,0.63481829,0.56921790,0.61547837,0.56724422,0.57975904,0.41196013,0.58214625,0.78294574,0.58858058,0.71404110,0.41373626,0.57398374,0.28348214,0.29257642,0.32033898,0.70403587,0.43105756,0.35516605,0.37256809,0.44571429,0.49328859,0.58106236,0.40072860,0.61169882,0.41983122,0.35981063,0.43529412,0.24301075,0.27898551,0.63903282,0.17575758,0.78325123,0.40428641,0.39797549,0.41570541,0.71947195
0.27702703,0.40447154,0.60486995,0.61524047,0.18205805,0.56921790,0.22093023,0.56724422,0.57975904,0.33079848,0.58214625,0.42026507,0.33333333,0.37111265,0.41373626,0.30564784,0.32114286,0.29257642,0.32033898,0.36570561,0.43105756,0.35516605,0.37256809,0.30022321,0.48717949,0.58106236,0.40072860,0.51098901,0.41983122,0.35981063,0.43529412,0.24301075,0.27898551,0.40942472,0.56906967,0.62670300,0.40428641,0.39797549,0.41570541,0.38827098
0.60943500,0.54732510,0.60486995,0.50199203,0.63481829,0.56921790,0.61547837,0.56724422,0.57975904,0.59348681,0.58214625,0.42026507,0.58858058,0.37111265,0.61181435,0.23364486,0.73578595,0.57394366,0.32033898,0.36570561,0.43105756,0.47152620,0.37256809,0.44571429,0.59856631,0.58106236,0.59821429,0.61169882,0.41983122,0.35981063,0.43529412,0.61182994,0.58640984,0.40942472,0.17575758,0.41192266,0.40428641,0.37878788,0.48837209,0.71947195
0.60943500,0.65112665,0.60486995,0.38876890,0.39333333,0.56921790,0.42331288,0.56724422,0.57975904,0.35211268,0.58214625,0.71428571,0.58858058,0.37111265,0.41373626,0.28661088,0.26612903,0.33103448,0.46597938,0.36570561,0.43105756,0.47152620,0.37256809,0.30022321,0.59856631,0.33447099,0.40072860,0.61169882,0.41983122,0.35981063,0.43529412,0.61182994,0.34492754,0.40942472,0.56906967,0.62670300,0.40428641,0.39797549,0.41570541,0.38827098
0.60943500,0.45945946,0.49411765,0.38876890,0.36511156,0.27777778,0.30487805,0.56724422,0.57975904,0.35211268,0.58214625,0.42026507,0.33333333,0.37111265,0.47826087,0.28661088,0.63134658,0.29257642,0.46597938,0.36570561,0.43105756,0.35516605,0.37256809,0.30022321,0.28205128,0.33447099,0.40072860,0.51098901,0.41983122,0.35981063,0.43529412,0.24301075,0.47122302,0.57772021,0.19130435,0.62670300,0.40428641,0.39797549,0.41570541,0.38827098
0.40070922,0.60194175,0.49411765,0.38876890,0.36511156,0.56921790,0.42331288,0.56724422,0.57975904,0.41196013,0.58214625,0.42026507,0.37685460,0.37111265,0.68896321,0.23364486,0.63134658,0.57394366,0.60483384,0.36570561,0.67123288,0.35516605,0.37256809,0.30022321,0.59856631,0.58106236,0.40072860,0.61169882,0.41983122,0.35981063,0.43529412,0.24301075,0.58640984,0.40942472,0.56906967,0.41192266,0.40428641,0.39797549,0.41570541,0.38827098
0.30578512,0.65112665,0.60486995,0.61524047,0.50476190,0.22813688,0.37598425,0.56724422,0.57975904,0.59348681,0.58214625,0.70588235,0.58858058,0.50107991,0.60683761,0.28661088,0.32114286,0.57394366,0.60483384,0.36570561,0.43105756,0.25974026,0.37256809,0.32492114,0.59856631,0.58106236,0.40072860,0.61169882,0.71014493,0.35981063,0.84090909,0.58252427,0.34492754,0.51006711,0.56906967,0.62670300,0.40428641,0.39797549,0.41570541,0.63250883
0.60943500,0.45945946,0.60486995,0.50199203,0.50476190,0.56921790,0.61547837,0.56724422,0.57975904,0.35211268,0.58214625,0.42026507,0.58858058,0.50107991,0.69435216,0.72955975,0.28348214,0.33103448,0.32033898,0.36570561,0.68932039,0.35516605,0.37256809,0.30022321,0.59856631,0.58106236,0.40072860,0.42682927,0.41983122,0.35981063,0.43529412,0.40831296,0.58640984,0.40942472,0.25000000,0.62670300,0.40428641,0.39797549,0.41570541,0.45454545
0.60943500,0.65112665,0.60486995,0.61524047,0.63481829,0.56921790,0.37598425,0.56724422,0.57975904,0.41196013,0.58214625,0.78294574,0.58858058,0.50107991,0.41373626,0.57398374,0.32114286,0.57394366,0.46597938,0.36570561,0.43105756,0.35516605,0.37256809,0.30022321,0.39387755,0.58106236,0.40072860,0.42682927,0.41983122,0.35981063,0.43529412,0.24301075,0.34492754,0.63903282,0.56906967,0.55952381,0.40428641,0.39797549,0.41570541,0.38827098
0.60943500,0.45945946,0.60486995,0.61524047,0.63481829,0.56921790,0.61547837,0.56724422,0.57975904,0.33079848,0.58214625,0.42026507,0.58858058,0.37111265,0.41373626,0.30564784,0.28348214,0.57394366,0.32033898,0.36570561,0.43105756,0.47152620,0.37256809,0.30022321,0.59856631,0.58106236,0.40072860,0.61169882,0.41983122,0.35981063,0.43529412,0.24301075,0.58640984,0.63903282,0.19130435,0.41192266,0.40428641,0.39797549,0.41570541,0.38827098
0.60943500,0.65112665,0.60486995,0.61524047,0.63481829,0.56921790,0.61547837,0.56724422,0.57975904,0.59348681,0.58214625,0.42026507,0.58858058,0.37111265,0.61181435,0.28661088,0.32114286,0.57394366,0.60483384,0.36570561,0.43105756,0.35516605,0.37256809,0.30022321,0.59856631,0.58106236,0.40072860,0.61169882,0.41983122,0.35981063,0.43529412,0.61182994,0.58640984,0.40942472,0.56906967,0.41192266,0.40428641,0.39797549,0.41570541,0.38827098
0.60943500,0.65112665,0.60486995,0.61524047,0.63481829,0.56921790,0.61547837,0.56724422,0.31250000,0.35211268,0.58214625,0.70588235,0.37685460,0.37111265,0.69435216,0.57398374,0.63134658,0.57394366,0.32033898,0.36570561,0.68932039,0.60229133,0.37256809,0.44571429,0.59856631,0.58106236,0.40072860,0.61169882,0.41983122,0.35981063,0.43529412,0.61182994,0.58640984,0.40942472,0.21428571,0.62670300,0.40428641,0.50216450,0.41570541,0.38827098
0.60943500,0.65112665,0.60486995,0.61524047,0.63481829,0.56921790,0.61547837,0.56724422,0.57975904,0.59348681,0.58214625,0.42026507,0.58858058,0.37111265,0.54437870,0.28661088,0.63134658,0.57394366,0.60483384,0.36570561,0.43105756,0.35516605,0.37256809,0.30022321,0.59856631,0.58106236,0.40072860,0.61169882,0.41983122,0.35981063,0.43529412,0.61182994,0.58640984,0.40942472,0.56906967,0.58682635,0.40428641,0.39797549,0.41570541,0.38827098
0.60943500,0.65112665,0.60486995,0.61524047,0.63481829,0.56921790,0.61547837,0.56724422,0.57975904,0.48387097,0.43750000,0.42026507,0.58858058,0.37111265,0.41373626,0.23364486,0.63134658,0.57394366,0.23312883,0.36570561,0.43105756,0.35516605,0.37256809,0.30022321,0.59856631,0.58106236,0.31250000,0.42682927,0.41983122,0.35981063,0.43529412,0.40831296,0.47222222,0.40942472,0.56906967,0.62670300,0.40428641,0.39797549,0.41570541,0.38827098
0.60943500,0.65112665,0.60486995,0.61524047,0.63481829,0.56921790,0.61547837,0.56724422,0.57975904,0.59348681,0.58214625,0.42026507,0.58858058,0.37111265,0.41373626,0.28661088,0.28348214,0.57394366,0.46597938,0.36570561,0.43105756,0.60229133,0.37256809,0.44571429,0.59856631,0.58106236,0.40072860,0.61169882,0.41983122,0.35981063,0.43529412,0.53003534,0.47122302,0.40942472,0.19130435,0.41192266,0.40428641,0.39797549,0.41570541,0.38827098
0.60943500,0.65112665,0.60486995,0.61524047,0.63481829,0.56921790,0.61547837,0.56724422,0.57975904,0.59348681,0.58214625,0.42026507,0.58858058,0.37111265,0.61181435,0.28661088,0.32114286,0.57394366,0.60483384,0.36570561,0.43105756,0.35516605,0.37256809,0.30022321,0.59856631,0.58106236,0.40072860,0.61169882,0.41983122,0.35981063,0.43529412,0.61182994,0.58640984,0.40942472,0.56906967,0.41192266,0.40428641,0.39797549,0.41570541,0.38827098
0.60943500,0.60194175,0.60486995,0.61524047,0.63481829,0.56921790,0.61547837,0.56724422,0.57975904,0.35211268,0.58214625,0.70588235,0.58858058,0.37111265,0.69435216,0.28661088,0.63134658,0.57394366,0.46597938,0.36570561,0.43105756,0.35516605,0.37256809,0.44571429,0.59856631,0.58106236,0.40072860,0.61169882,0.41983122,0.35981063,0.43529412,0.61182994,0.58640984,0.40942472,0.21428571,0.58682635,0.40428641,0.37878788,0.41570541,0.38827098
0.60943500,0.65112665,0.60486995,0.61524047,0.63481829,0.56921790,0.61547837,0.56724422,0.57975904,0.59348681,0.58214625,0.78294574,0.37685460,0.37111265,0.69435216,0.57398374,0.32114286,0.57394366,0.32033898,0.36570561,0.43105756,0.35516605,0.37256809,0.32492114,0.39387755,0.32967033,0.40072860,0.36616702,0.41983122,0.35981063,0.43529412,0.53003534,0.58640984,0.40942472,0.21428571,0.62670300,0.40428641,0.39797549,0.41570541,0.38827098
0.60943500,0.65112665,0.60486995,0.61524047,0.63481829,0.56921790,0.61547837,0.56724422,0.37850467,0.59348681,0.58214625,0.42026507,0.54054054,0.77210884,0.41373626,0.72955975,0.73578595,0.57394366,0.60483384,0.83882784,0.43105756,0.60229133,0.82817869,0.80259740,0.59856631,0.58106236,0.70000000,0.51098901,0.41983122,0.35981063,0.43529412,0.61182994,0.58640984,0.57772021,0.56906967,0.41192266,0.51162791,0.39797549,0.41570541,0.38827098
0.60943500,0.65112665,0.60486995,0.61524047,0.63481829,0.56921790,0.61547837,0.56724422,0.57975904,0.41196013,0.34237288,0.42026507,0.58858058,0.37111265,0.69435216,0.28661088,0.28348214,0.33103448,0.32033898,0.36570561,0.43105756,0.35516605,0.37256809,0.30022321,0.48717949,0.32967033,0.40072860,0.42682927,0.81147541,0.35981063,0.43529412,0.24301075,0.58640984,0.40942472,0.21428571,0.58682635,0.40428641,0.39797549,0.41570541,0.38827098
0.60943500,0.65112665,0.60486995,0.50199203,0.39333333,0.56921790,0.37598425,0.56724422,0.31250000,0.35211268,0.58214625,0.70588235,0.58858058,0.37111265,0.69435216,0.28661088,0.73578595,0.57394366,0.23312883,0.36570561,0.43105756,0.34426230,0.37256809,0.44571429,0.59856631,0.58106236,0.70000000,0.61169882,0.41983122,0.35981063,0.43529412,0.40831296,0.58640984,0.40942472,0.19130435,0.62670300,0.40428641,0.39797549,0.41570541,0.38827098
0.60943500,0.45945946,0.60486995,0.38876890,0.36511156,0.22813688,0.42331288,0.56724422,0.31944444,0.33079848,0.58214625,0.42026507,0.37685460,0.37111265,0.69435216,0.57398374,0.73578595,0.57394366,0.32033898,0.36570561,0.43105756,0.47152620,0.37256809,0.44571429,0.59856631,0.58106236,0.40072860,0.42682927,0.41983122,0.35981063,0.43529412,0.61182994,0.58640984,0.51006711,0.56906967,0.58682635,0.40428641,0.39797549,0.41570541,0.38827098
0.60943500,0.40447154,0.60486995,0.38876890,0.36511156,0.56921790,0.30487805,0.56724422,0.31250000,0.59348681,0.58214625,0.42026507,0.58858058,0.37111265,0.41373626,0.28661088,0.28348214,0.57394366,0.46597938,0.36570561,0.43105756,0.60229133,0.37256809,0.32492114,0.39387755,0.27272727,0.40072860,0.36616702,0.41983122,0.35981063,0.43529412,0.24301075,0.27898551,0.40942472,0.19130435,0.58682635,0.40428641,0.39797549,0.41570541,0.38827098
0.60943500,0.54732510,0.60486995,0.52631579,0.63481829,0.56921790,0.37598425,0.56724422,0.31250000,0.35211268,0.58214625,0.42026507,0.58858058,0.37111265,0.41373626,0.30564784,0.32114286,0.57394366,0.60483384,0.36570561,0.43105756,0.60229133,0.37256809,0.32492114,0.59856631,0.58106236,0.40072860,0.42682927,0.41983122,0.35981063,0.43529412,0.24301075,0.27898551,0.40942472,0.19130435,0.41192266,0.40428641,0.39797549,0.41570541,0.38827098
0.60943500,0.40447154,0.60486995,0.38876890,0.36511156,0.22813688,0.37598425,0.56724422,0.57975904,0.35000000,0.58214625,0.42026507,0.58858058,0.37111265,0.41373626,0.30564784,0.73578595,0.57394366,0.32033898,0.36570561,0.43105756,0.47152620,0.37256809,0.32492114,0.59856631,0.58106236,0.40072860,0.61169882,0.41983122,0.35981063,0.43529412,0.61182994,0.58640984,0.40942472,0.56906967,0.41192266,0.40428641,0.39797549,0.41570541,0.38827098
0.53846154,0.65112665,0.60486995,0.52631579,0.39333333,0.56921790,0.61547837,0.56724422,0.37850467,0.35211268,0.58214625,0.70588235,0.58858058,0.37111265,0.69435216,0.23364486,0.28348214,0.57394366,0.32033898,0.36570561,0.54411765,0.35516605,0.37256809,0.44571429,0.59856631,0.58106236,0.40072860,0.42682927,0.41983122,0.35981063,0.43529412,0.53003534,0.58640984,0.40942472,0.19130435,0.58682635,0.40428641,0.64619883,0.41570541,0.38827098
0.60943500,0.45945946,0.60486995,0.50199203,0.50476190,0.27777778,0.42331288,0.56724422,0.37850467,0.33079848,0.58214625,0.78294574,0.58858058,0.37111265,0.47826087,0.57398374,0.63134658,0.57394366,0.60483384,0.70403587,0.43105756,0.60229133,0.82817869,0.73597811,0.49328859,0.58106236,0.40072860,0.61169882,0.41983122,0.74430380,0.43529412,0.61182994,0.34492754,0.63903282,0.56906967,0.78325123,0.40428641,0.39797549,0.71484375,0.63250883
0.60943500,0.54732510,0.49411765,0.27070707,0.50476190,0.56921790,0.61547837,0.56724422,0.37850467,0.33079848,0.58214625,0.42026507,0.58858058,0.37111265,0.61181435,0.28661088,0.63134658,0.57394366,0.60483384,0.36570561,0.43105756,0.34426230,0.37256809,0.32492114,0.59856631,0.58106236,0.59821429,0.61169882,0.41983122,0.85840708,0.43529412,0.61182994,0.58640984,0.63903282,0.56906967,0.41192266,0.40428641,0.50216450,0.41570541,0.38827098
0.60943500,0.65112665,0.49411765,0.61524047,0.63481829,0.56921790,0.37598425,0.56724422,0.37850467,0.59348681,0.19708029,0.42026507,0.58858058,0.37111265,0.60683761,0.28661088,0.32114286,0.57394366,0.60483384,0.36570561,0.43105756,0.35516605,0.37256809,0.30022321,0.59856631,0.58106236,0.40072860,0.61169882,0.41983122,0.35981063,0.43529412,0.61182994,0.58640984,0.57772021,0.21428571,0.41192266,0.40428641,0.39797549,0.41570541,0.63250883
0.40070922,0.40447154,0.36599424,0.50199203,0.18205805,0.22813688,0.22093023,0.56724422,0.31250000,0.48387097,0.58214625,0.42026507,0.37685460,0.50107991,0.53571429,0.30564784,0.63134658,0.57394366,0.60483384,0.36570561,0.43105756,0.35516605,0.37256809,0.73597811,0.59856631,0.33447099,0.70000000,0.42682927,0.41983122,0.85840708,0.43529412,0.24301075,0.47122302,0.57772021,0.19130435,0.58682635,0.40428641,0.64619883,0.48837209,0.71947195
0.60943500,0.45945946,0.60486995,0.50199203,0.39333333,0.22813688,0.30487805,0.56724422,0.57975904,0.33079848,0.58214625,0.70588235,0.54054054,0.37111265,0.41373626,0.30564784,0.28348214,0.57394366,0.32033898,0.36570561,0.43105756,0.47152620,0.37256809,0.44571429,0.59856631,0.58106236,0.40072860,0.61169882,0.41983122,0.57272727,0.43529412,0.40831296,0.47122302,0.40942472,0.17575758,0.41192266,0.40428641,0.39797549,0.41570541,0.38827098
0.53846154,0.54732510,0.60486995,0.50199203,0.39333333,0.56921790,0.44545455,0.56724422,0.57975904,0.35211268,0.58214625,0.42026507,0.37685460,0.37111265,0.47826087,0.30564784,0.63134658,0.57394366,0.23312883,0.43181818,0.43105756,0.35516605,0.67469880,0.44571429,0.48717949,0.58106236,0.40072860,0.36616702,0.41983122,0.35981063,0.43529412,0.40831296,0.27898551,0.40942472,0.21428571,0.41192266,0.40428641,0.39797549,0.41570541,0.38827098
0.60943500,0.45945946,0.60486995,0.38876890,0.36511156,0.56921790,0.37598425,0.56724422,0.31250000,0.35211268,0.58214625,0.70588235,0.58858058,0.37111265,0.69435216,0.23364486,0.63134658,0.57394366,0.46597938,0.36570561,0.54411765,0.47152620,0.37256809,0.73597811,0.59856631,0.58106236,0.40072860,0.61169882,0.41983122,0.35981063,0.43529412,0.61182994,0.58640984,0.31818182,0.17575758,0.41192266,0.40428641,0.37878788,0.41570541,0.38827098
0.40070922,0.40447154,0.36599424,0.38876890,0.36511156,0.22813688,0.37598425,0.21610169,0.57975904,0.35211268,0.43750000,0.42026507,0.37685460,0.50107991,0.47826087,0.28661088,0.32114286,0.57394366,0.60483384,0.36570561,0.43105756,0.47152620,0.37256809,0.29629630,0.39387755,0.27272727,0.40072860,0.36616702,0.41983122,0.35981063,0.43529412,0.24301075,0.58640984,0.77173913,0.56906967,0.62670300,0.78318584,0.39797549,0.82539683,0.38827098
0.60943500,0.65112665,0.60486995,0.50199203,0.63481829,0.56921790,0.61547837,0.56724422,0.57975904,0.59348681,0.58214625,0.42026507,0.58858058,0.37111265,0.41373626,0.28661088,0.28348214,0.57394366,0.60483384,0.36570561,0.43105756,0.34426230,0.37256809,0.44571429,0.59856631,0.58106236,0.40072860,0.61169882,0.41983122,0.35981063,0.43529412,0.61182994,0.58640984,0.63903282,0.56906967,0.62670300,0.40428641,0.39797549,0.41570541,0.38827098
0.60943500,0.40447154,0.51190476,0.27070707,0.18205805,0.22813688,0.37598425,0.56724422,0.57975904,0.59348681,0.28957529,0.42026507,0.58858058,0.50107991,0.41373626,0.23364486,0.32114286,0.57394366,0.60483384,0.36570561,0.43105756,0.35516605,0.37256809,0.30022321,0.49328859,0.58106236,0.40072860,0.61169882,0.41983122,0.35981063,0.43529412,0.24301075,0.58640984,0.63903282,0.17575758,0.41192266,0.40428641,0.39797549,0.41570541,0.38827098
0.52577320,0.45945946,0.36599424,0.52631579,0.39333333,0.56921790,0.61547837,0.56724422,0.57975904,0.41196013,0.58214625,0.42026507,0.58858058,0.37111265,0.41373626,0.28661088,0.63134658,0.57394366,0.23312883,0.36570561,0.43105756,0.35516605,0.37256809,0.30022321,0.59856631,0.58106236,0.40072860,0.42682927,0.41983122,0.35981063,0.43529412,0.40831296,0.58640984,0.40942472,0.56906967,0.78325123,0.40428641,0.39797549,0.41570541,0.38827098
0.60943500,0.54732510,0.60486995,0.38876890,0.50476190,0.27777778,0.42331288,0.56724422,0.57975904,0.59348681,0.58214625,0.42026507,0.58858058,0.37111265,0.41373626,0.57398374,0.63134658,0.57394366,0.60483384,0.36570561,0.43105756,0.60229133,0.37256809,0.44571429,0.59856631,0.58106236,0.40072860,0.61169882,0.41983122,0.57272727,0.43529412,0.61182994,0.58640984,0.63903282,0.56906967,0.41192266,0.40428641,0.39797549,0.41570541,0.38827098
0.52577320,0.40447154,0.36599424,0.38876890,0.36511156,0.22813688,0.30487805,0.21610169,0.57975904,0.33079848,0.58214625,0.42026507,0.37685460,0.50107991,0.68896321,0.72955975,0.32114286,0.26470588,0.32033898,0.36570561,0.68932039,0.47152620,0.37256809,0.73597811,0.49328859,0.33447099,0.40072860,0.36616702,0.41983122,0.74430380,0.43529412,0.24301075,0.27898551,0.77173913,0.21428571,0.55952381,0.40428641,0.39797549,0.41570541,0.63250883
0.52577320,0.45945946,0.51190476,0.38876890,0.36511156,0.27777778,0.37598425,0.21568627,0.57975904,0.33079848,0.58214625,0.42026507,0.47368421,0.50107991,0.69435216,0.57398374,0.63134658,0.57394366,0.23312883,0.36570561,0.43105756,0.47152620,0.37256809,0.44571429,0.59856631,0.58106236,0.40072860,0.42682927,0.41983122,0.35981063,0.43529412,0.53003534,0.47222222,0.77173913,0.56906967,0.41192266,0.40428641,0.39797549,0.41570541,0.38827098
0.60943500,0.65112665,0.60486995,0.50199203,0.63481829,0.56921790,0.61547837,0.56724422,0.57975904,0.48387097,0.43750000,0.42026507,0.58858058,0.37111265,0.69435216,0.28661088,0.32114286,0.57394366,0.32033898,0.36570561,0.43105756,0.35516605,0.37256809,0.30022321,0.39387755,0.32967033,0.40072860,0.36616702,0.41983122,0.35981063,0.43529412,0.40831296,0.34492754,0.40942472,0.19130435,0.62670300,0.40428641,0.39797549,0.41570541,0.38827098
0.30578512,0.40447154,0.36599424,0.38876890,0.36511156,0.22813688,0.30487805,0.56724422,0.57975904,0.35211268,0.58214625,0.42026507,0.58858058,0.50107991,0.41373626,0.28661088,0.32114286,0.57394366,0.60483384,0.36570561,0.43105756,0.60229133,0.37256809,0.32492114,0.39387755,0.58106236,0.40072860,0.61169882,0.41983122,0.35981063,0.43529412,0.40831296,0.34492754,0.63903282,0.56906967,0.55952381,0.40428641,0.39797549,0.41570541,0.56934307
0.40070922,0.45945946,0.49411765,0.27070707,0.36511156,0.28571429,0.42331288,0.21568627,0.57975904,0.41196013,0.43750000,0.42026507,0.37685460,0.35195531,0.54437870,0.30564784,0.28348214,0.26470588,0.46597938,0.36570561,0.43105756,0.35516605,0.37256809,0.30022321,0.39387755,0.27272727,0.40072860,0.36616702,0.41983122,0.35981063,0.43529412,0.40831296,0.34492754,0.40942472,0.17575758,0.62670300,0.54708520,0.64619883,0.41570541,0.38827098
0.60943500,0.65112665,0.60486995,0.50199203,0.63481829,0.56921790,0.61547837,0.56724422,0.57975904,0.59348681,0.58214625,0.42026507,0.58858058,0.37111265,0.41373626,0.57398374,0.32114286,0.57394366,0.60483384,0.36570561,0.43105756,0.78527607,0.37256809,0.44571429,0.59856631,0.58106236,0.40072860,0.61169882,0.41983122,0.35981063,0.43529412,0.61182994,0.58640984,0.51006711,0.56906967,0.58682635,0.40428641,0.39797549,0.41570541,0.38827098
0.60943500,0.54732510,0.49411765,0.38876890,0.36511156,0.22813688,0.42331288,0.56724422,0.57975904,0.41196013,0.43750000,0.42026507,0.58858058,0.37111265,0.54437870,0.57398374,0.28348214,0.33103448,0.32033898,0.36570561,0.43105756,0.47152620,0.37256809,0.30022321,0.39387755,0.32967033,0.40072860,0.42682927,0.41983122,0.35981063,0.43529412,0.24301075,0.58640984,0.40942472,0.17575758,0.62670300,0.40428641,0.39797549,0.41570541,0.38827098
0.40070922,0.60194175,0.60486995,0.50199203,0.39333333,0.28571429,0.37598425,0.34228188,0.57975904,0.59348681,0.43902439,0.42026507,0.37685460,0.37111265,0.41373626,0.28661088,0.28348214,0.33103448,0.32033898,0.36570561,0.43105756,0.35516605,0.37256809,0.30022321,0.49328859,0.58106236,0.40072860,0.51098901,0.41983122,0.35981063,0.43529412,0.40831296,0.47122302,0.51006711,0.56906967,0.41192266,0.54708520,0.64619883,0.41570541,0.56934307
0.30578512,0.40447154,0.51190476,0.38876890,0.18205805,0.56921790,0.37598425,0.56724422,0.57975904,0.35211268,0.34237288,0.42026507,0.33333333,0.37111265,0.41373626,0.57398374,0.32114286,0.26470588,0.32033898,0.70403587,0.68932039,0.60229133,0.56164384,0.30022321,0.39387755,0.33447099,0.59821429,0.36616702,0.41983122,0.35981063,0.43529412,0.24301075,0.27898551,0.40942472,0.56906967,0.36111111,0.54708520,0.39797549,0.41570541,0.56934307
0.40070922,0.40447154,0.51190476,0.38876890,0.36511156,0.22813688,0.37598425,0.34228188,0.57975904,0.33079848,0.58214625,0.42026507,0.54054054,0.37111265,0.41373626,0.72955975,0.32114286,0.33103448,0.46597938,0.36570561,0.67123288,0.60229133,0.37256809,0.32492114,0.49328859,0.58106236,0.40072860,0.51098901,0.41983122,0.57272727,0.43529412,0.40831296,0.47222222,0.40942472,0.56906967,0.36111111,0.40428641,0.35000000,0.34782609,0.38827098
0.40070922,0.45945946,0.60486995,0.50199203,0.39333333,0.27777778,0.37598425,0.21610169,0.57975904,0.33079848,0.58214625,0.42026507,0.33333333,0.37111265,0.41373626,0.72955975,0.28348214,0.26470588,0.32033898,0.43181818,0.54411765,0.60229133,0.37256809,0.32492114,0.39387755,0.33447099,0.40072860,0.42682927,0.41983122,0.35981063,0.43529412,0.24301075,0.34492754,0.51006711,0.56906967,0.41192266,0.40428641,0.39797549,0.34782609,0.56934307
0.30578512,0.40447154,0.51190476,0.38876890,0.39333333,0.27777778,0.37598425,0.21610169,0.57975904,0.41196013,0.34237288,0.42026507,0.25641026,0.37111265,0.41373626,0.72955975,0.28348214,0.26470588,0.32033898,0.43181818,0.43105756,0.60229133,0.37256809,0.44571429,0.39387755,0.58106236,0.40072860,0.36616702,0.41983122,0.40350877,0.43529412,0.24301075,0.27898551,0.40942472,0.56906967,0.36111111,0.40428641,0.39797549,0.48837209,0.56934307
0.30578512,0.60194175,0.51190476,0.52631579,0.50476190,0.56921790,0.42331288,0.21610169,0.57975904,0.59348681,0.43750000,0.42026507,0.33333333,0.50107991,0.41373626,0.28661088,0.28348214,0.26470588,0.23312883,0.36570561,0.43105756,0.35516605,0.37256809,0.73597811,0.39387755,0.32967033,0.40072860,0.42682927,0.41983122,0.35981063,0.43529412,0.40831296,0.34492754,0.51006711,0.56906967,0.41192266,0.54708520,0.39797549,0.48837209,0.38827098
0.40070922,0.45945946,0.51190476,0.38876890,0.39333333,0.27777778,0.37598425,0.21610169,0.57975904,0.35211268,0.58214625,0.42026507,0.33333333,0.37111265,0.41373626,0.72955975,0.28348214,0.26470588,0.32033898,0.43181818,0.54411765,0.60229133,0.37256809,0.29629630,0.39387755,0.33447099,0.40072860,0.42682927,0.41983122,0.40350877,0.43529412,0.24301075,0.27898551,0.40942472,0.56906967,0.55952381,0.51162791,0.39797549,0.41570541,0.38827098
0.30578512,0.65112665,0.51190476,0.38876890,0.39333333,0.27777778,0.37598425,0.21610169,0.57975904,0.35211268,0.43750000,0.42026507,0.33333333,0.37111265,0.41373626,0.57398374,0.32114286,0.26470588,0.32033898,0.43181818,0.67123288,0.60229133,0.37256809,0.29629630,0.39387755,0.58106236,0.40072860,0.36616702,0.41983122,0.57272727,0.43529412,0.24301075,0.34492754,0.40942472,0.56906967,0.55952381,0.40428641,0.39797549,0.41570541,0.56934307
0.40070922,0.65112665,0.51190476,0.50199203,0.39333333,0.27777778,0.37598425,0.21610169,0.31250000,0.35211268,0.43750000,0.42026507,0.33333333,0.37111265,0.41373626,0.30564784,0.26612903,0.26470588,0.32033898,0.36570561,0.43105756,0.60229133,0.37256809,0.29629630,0.49328859,0.33447099,0.40072860,0.42682927,0.41983122,0.40350877,0.43529412,0.40831296,0.27898551,0.31818182,0.56906967,0.55952381,0.54708520,0.39797549,0.34782609,0.56934307
0.30578512,0.65112665,0.60486995,0.50199203,0.39333333,0.56921790,0.42331288,0.56724422,0.57975904,0.35211268,0.19708029,0.42026507,0.18518519,0.50107991,0.41373626,0.28661088,0.28348214,0.20238095,0.23312883,0.36570561,0.43105756,0.47152620,0.37256809,0.30022321,0.24347826,0.58106236,0.70000000,0.27205882,0.41983122,0.35981063,0.43529412,0.20454545,0.11764706,0.63903282,0.56906967,0.41192266,0.54708520,0.39797549,0.71484375,0.71947195
0.40070922,0.65112665,0.60486995,0.50199203,0.39333333,0.27777778,0.37598425,0.34228188,0.57975904,0.35211268,0.43750000,0.42026507,0.37685460,0.71404110,0.41373626,0.28661088,0.26612903,0.26470588,0.32033898,0.36570561,0.54411765,0.60229133,0.37256809,0.30022321,0.49328859,0.32967033,0.40072860,0.36616702,0.41983122,0.35981063,0.43529412,0.24301075,0.34492754,0.63903282,0.56906967,0.36111111,0.54708520,0.39797549,0.48837209,0.38827098
0.60943500,0.65112665,0.60486995,0.50199203,0.39333333,0.56921790,0.42331288,0.21610169,0.57975904,0.35211268,0.58214625,0.42026507,0.00000000,0.50107991,0.41373626,0.28661088,0.32114286,0.29411765,0.23312883,0.36570561,0.67123288,0.47152620,0.37256809,0.30022321,0.09523810,0.17391304,0.40072860,0.17567568,0.41983122,0.35981063,0.43529412,0.12500000,0.27898551,0.57772021,0.56906967,0.36111111,0.63486842,0.64619883,0.82539683,0.71947195
0.30578512,0.54732510,0.51190476,0.50199203,0.39333333,0.27777778,0.42331288,0.21610169,0.57975904,0.35211268,0.34237288,0.42026507,0.33333333,0.37111265,0.41373626,0.28661088,0.26612903,0.26470588,0.32033898,0.36570561,0.43105756,0.47152620,0.56164384,0.30022321,0.49328859,0.32967033,0.31250000,0.42682927,0.41983122,0.40350877,0.43529412,0.24301075,0.27898551,0.63903282,0.56906967,0.41192266,0.40428641,0.39797549,0.41570541,0.45454545
0.40070922,0.65112665,0.51190476,0.50199203,0.36511156,0.27777778,0.37598425,0.21610169,0.57975904,0.33079848,0.43750000,0.42026507,0.33333333,0.37111265,0.41373626,0.23364486,0.26612903,0.26470588,0.32033898,0.43181818,0.43105756,0.47152620,0.37256809,0.29629630,0.49328859,0.32967033,0.40072860,0.42682927,0.41983122,0.35981063,0.43529412,0.40831296,0.34492754,0.63903282,0.56906967,0.36111111,0.40428641,0.39797549,0.48837209,0.56934307
0.40070922,0.65112665,0.51190476,0.50199203,0.39333333,0.27777778,0.42331288,0.34228188,0.57975904,0.41196013,0.58214625,0.42026507,0.58858058,0.37111265,0.41373626,0.28661088,0.63134658,0.57394366,0.23312883,0.36570561,0.43105756,0.47152620,0.37256809,0.32492114,0.59856631,0.58106236,0.40072860,0.61169882,0.41983122,0.35981063,0.43529412,0.40831296,0.34492754,0.40942472,0.56906967,0.55952381,0.40428641,0.39797549,0.41570541,0.45454545
0.60943500,0.65112665,0.60486995,0.38876890,0.36511156,0.56921790,0.37598425,0.56724422,0.57975904,0.33079848,0.58214625,0.42026507,0.25641026,0.77210884,0.41373626,0.30564784,0.28348214,0.29257642,0.23312883,0.36570561,0.43105756,0.35516605,0.37256809,0.30022321,0.28205128,0.33447099,0.40072860,0.36616702,0.41983122,0.35981063,0.43529412,0.24301075,0.58640984,0.40942472,0.56906967,0.41192266,0.40428641,0.35000000,0.71484375,0.63250883
0.40070922,0.65112665,0.51190476,0.50199203,0.39333333,0.28571429,0.42331288,0.21610169,0.57975904,0.41196013,0.58214625,0.42026507,0.33333333,0.71404110,0.41373626,0.28661088,0.28348214,0.26470588,0.32033898,0.43181818,0.67123288,0.47152620,0.37256809,0.32492114,0.49328859,0.33447099,0.40072860,0.42682927,0.41983122,0.35981063,0.43529412,0.24301075,0.34492754,0.77173913,0.56906967,0.55952381,0.40428641,0.64619883,0.34782609,0.56934307
0.40070922,0.54732510,0.51190476,0.38876890,0.39333333,0.27777778,0.42331288,0.21610169,0.57975904,0.35211268,0.34237288,0.42026507,0.33333333,0.37111265,0.41373626,0.57398374,0.28348214,0.26470588,0.32033898,0.43181818,0.43105756,0.47152620,0.37256809,0.30022321,0.39387755,0.33447099,0.40072860,0.36616702,0.41983122,0.35981063,0.43529412,0.24301075,0.34492754,0.63903282,0.56906967,0.55952381,0.25000000,0.64619883,0.48837209,0.63250883
0.60943500,0.54732510,0.60486995,0.38876890,0.39333333,0.27777778,0.61547837,0.56724422,0.57975904,0.59348681,0.58214625,0.42026507,0.58858058,0.50107991,0.53571429,0.72955975,0.63134658,0.26470588,0.60483384,0.36570561,0.68932039,0.25974026,0.37256809,0.44571429,0.28205128,0.33447099,0.70000000,0.42682927,0.41983122,0.35981063,0.43529412,0.61182994,0.58640984,0.57772021,0.19130435,0.62670300,0.40428641,0.39797549,0.41570541,0.38827098
0.60943500,0.65112665,0.60486995,0.61524047,0.63481829,0.56921790,0.61547837,0.56724422,0.57975904,0.59348681,0.58214625,0.42026507,0.37685460,0.35195531,0.60683761,0.57398374,0.63134658,0.57394366,0.32033898,0.36570561,0.43105756,0.47152620,0.37256809,0.30022321,0.59856631,0.58106236,0.40072860,0.61169882,0.41983122,0.35981063,0.43529412,0.61182994,0.58640984,0.40942472,0.56906967,0.62670300,0.40428641,0.39797549,0.41570541,0.38827098
0.60943500,0.65112665,0.60486995,0.61524047,0.18205805,0.56921790,0.61547837,0.56724422,0.57975904,0.59348681,0.58214625,0.42026507,0.58858058,0.37111265,0.41373626,0.28661088,0.32114286,0.57394366,0.60483384,0.36570561,0.43105756,0.35516605,0.37256809,0.30022321,0.59856631,0.58106236,0.40072860,0.61169882,0.41983122,0.35981063,0.43529412,0.61182994,0.58640984,0.40942472,0.13114754,0.41192266,0.40428641,0.39797549,0.41570541,0.38827098
0.60943500,0.65112665,0.60486995,0.61524047,0.63481829,0.56921790,0.61547837,0.56724422,0.57975904,0.59348681,0.58214625,0.42026507,0.58858058,0.37111265,0.41373626,0.28661088,0.32114286,0.57394366,0.60483384,0.36570561,0.43105756,0.78527607,0.37256809,0.30022321,0.39387755,0.58106236,0.40072860,0.61169882,0.41983122,0.35981063,0.43529412,0.61182994,0.58640984,0.40942472,0.13114754,0.41192266,0.40428641,0.39797549,0.41570541,0.38827098
0.60943500,0.65112665,0.60486995,0.61524047,0.39333333,0.56921790,0.61547837,0.56724422,0.31250000,0.59348681,0.58214625,0.42026507,0.37685460,0.37111265,0.41373626,0.72955975,0.63134658,0.57394366,0.32033898,0.36570561,0.43105756,0.25974026,0.37256809,0.30022321,0.39387755,0.27272727,0.40072860,0.36616702,0.41983122,0.35981063,0.43529412,0.24301075,0.34492754,0.40942472,0.56906967,0.55952381,0.40428641,0.39797549,0.48837209,0.63250883
0.30578512,0.65112665,0.24340176,0.61524047,0.63481829,0.56921790,0.30487805,0.21610169,0.37850467,0.48387097,0.43750000,0.42026507,0.58858058,0.75000000,0.41373626,0.28661088,0.32114286,0.26470588,0.23312883,0.36570561,0.43105756,0.35516605,0.37256809,0.30022321,0.59856631,0.58106236,0.40072860,0.61169882,0.41983122,0.35981063,0.43529412,0.24301075,0.21276596,0.40942472,0.56906967,0.41192266,0.40428641,0.39797549,0.41570541,0.38827098
0.30578512,0.54732510,0.60486995,0.61524047,0.39333333,0.56921790,0.30487805,0.21610169,0.37850467,0.35211268,0.34237288,0.42026507,0.37685460,0.37111265,0.69435216,0.57398374,0.18750000,0.29257642,0.32033898,0.43181818,0.43105756,0.35516605,0.37256809,0.30022321,0.39387755,0.33447099,0.40072860,0.36616702,0.41983122,0.35981063,0.43529412,0.20454545,0.27898551,0.63903282,0.56906967,0.41192266,0.51162791,0.39797549,0.71484375,0.71947195
0.60943500,0.65112665,0.60486995,0.61524047,0.63481829,0.56921790,0.61547837,0.56724422,0.57975904,0.33079848,0.58214625,0.42026507,0.58858058,0.37111265,0.41373626,0.72955975,0.32114286,0.57394366,0.60483384,0.36570561,0.43105756,0.78527607,0.37256809,0.73597811,0.59856631,0.58106236,0.40072860,0.61169882,0.41983122,0.35981063,0.43529412,0.61182994,0.58640984,0.40942472,0.56906967,0.55952381,0.40428641,0.39797549,0.71484375,0.38827098
0.60943500,0.65112665,0.60486995,0.61524047,0.63481829,0.56921790,0.61547837,0.56724422,0.31250000,0.59348681,0.58214625,0.42026507,0.58858058,0.37111265,0.41373626,0.28661088,0.32114286,0.57394366,0.60483384,0.36570561,0.43105756,0.35516605,0.37256809,0.30022321,0.59856631,0.58106236,0.40072860,0.61169882,0.41983122,0.35981063,0.43529412,0.61182994,0.58640984,0.57772021,0.56906967,0.41192266,0.40428641,0.39797549,0.41570541,0.38827098
0.60943500,0.45945946,0.60486995,0.38876890,0.63481829,0.20175439,0.30487805,0.56724422,0.57975904,0.33079848,0.58214625,0.42026507,0.25641026,0.71404110,0.41373626,0.28661088,0.32114286,0.33103448,0.32033898,0.36570561,0.43105756,0.47152620,0.37256809,0.32492114,0.39387755,0.32967033,0.40072860,0.27205882,0.41983122,0.57272727,0.43529412,0.40831296,0.47122302,0.40942472,0.56906967,0.41192266,0.40428641,0.39797549,0.41570541,0.38827098
0.60943500,0.65112665,0.60486995,0.61524047,0.36511156,0.56921790,0.37598425,0.56724422,0.57975904,0.41196013,0.58214625,0.42026507,0.58858058,0.50107991,0.41373626,0.72955975,0.32114286,0.57394366,0.60483384,0.43181818,0.43105756,0.35516605,0.37256809,0.73597811,0.59856631,0.58106236,0.40072860,0.61169882,0.41983122,0.35981063,0.43529412,0.61182994,0.58640984,0.40942472,0.56906967,0.41192266,0.40428641,0.37878788,0.71484375,0.38827098
0.60943500,0.65112665,0.60486995,0.61524047,0.63481829,0.56921790,0.61547837,0.56724422,0.57975904,0.59348681,0.58214625,0.42026507,0.58858058,0.37111265,0.41373626,0.28661088,0.32114286,0.57394366,0.60483384,0.36570561,0.43105756,0.35516605,0.37256809,0.32492114,0.39387755,0.58106236,0.40072860,0.61169882,0.41983122,0.35981063,0.43529412,0.61182994,0.58640984,0.40942472,0.56906967,0.41192266,0.40428641,0.39797549,0.41570541,0.56934307
0.60943500,0.40447154,0.60486995,0.61524047,0.18205805,0.56921790,0.37598425,0.56724422,0.57975904,0.33079848,0.58214625,0.42026507,0.58858058,0.37111265,0.41373626,0.28661088,0.32114286,0.57394366,0.60483384,0.36570561,0.43105756,0.35516605,0.37256809,0.30022321,0.59856631,0.58106236,0.40072860,0.61169882,0.41983122,0.35981063,0.43529412,0.40831296,0.58640984,0.40942472,0.56906967,0.55952381,0.40428641,0.37878788,0.41570541,0.63250883
0.60943500,0.65112665,0.60486995,0.38876890,0.39333333,0.56921790,0.61547837,0.56724422,0.37850467,0.59348681,0.58214625,0.42026507,0.58858058,0.37111265,0.41373626,0.28661088,0.32114286,0.57394366,0.60483384,0.36570561,0.43105756,0.47152620,0.37256809,0.44571429,0.59856631,0.58106236,0.40072860,0.61169882,0.41983122,0.35981063,0.43529412,0.61182994,0.58640984,0.40942472,0.56906967,0.41192266,0.40428641,0.39797549,0.41570541,0.38827098
0.60943500,0.65112665,0.60486995,0.61524047,0.63481829,0.56921790,0.61547837,0.56724422,0.37850467,0.35211268,0.58214625,0.42026507,0.58858058,0.37111265,0.41373626,0.28661088,0.32114286,0.57394366,0.60483384,0.36570561,0.43105756,0.35516605,0.37256809,0.73597811,0.59856631,0.58106236,0.40072860,0.61169882,0.41983122,0.35981063,0.43529412,0.61182994,0.58640984,0.40942472,0.56906967,0.41192266,0.40428641,0.39797549,0.41570541,0.63250883
0.60943500,0.65112665,0.60486995,0.62500000,0.63481829,0.56921790,0.61547837,0.56724422,0.35135135,0.35211268,0.58214625,0.42026507,0.33333333,0.50107991,0.41373626,0.28661088,0.26612903,0.26470588,0.32033898,0.36570561,0.43105756,0.34426230,0.37256809,0.32492114,0.49328859,0.32967033,0.40072860,0.42682927,0.41983122,0.35981063,0.43529412,0.53003534,0.58640984,0.40942472,0.56906967,0.41192266,0.54708520,0.37878788,0.41570541,0.38827098
0.60943500,0.65112665,0.60486995,0.61524047,0.36511156,0.56921790,0.37598425,0.56724422,0.31250000,0.59348681,0.58214625,0.42026507,0.58858058,0.71404110,0.41373626,0.28661088,0.73578595,0.57394366,0.32033898,0.36570561,0.43105756,0.35516605,0.37256809,0.30022321,0.59856631,0.58106236,0.40072860,0.61169882,0.41983122,0.35981063,0.43529412,0.61182994,0.58640984,0.40942472,0.56906967,0.41192266,0.40428641,0.39797549,0.41570541,0.38827098
0.60943500,0.65112665,0.60486995,0.61524047,0.63481829,0.56921790,0.61547837,0.56724422,0.57975904,0.59348681,0.58214625,0.42026507,0.58858058,0.37111265,0.41373626,0.28661088,0.32114286,0.57394366,0.60483384,0.36570561,0.43105756,0.35516605,0.37256809,0.30022321,0.59856631,0.58106236,0.40072860,0.61169882,0.41983122,0.35981063,0.43529412,0.61182994,0.58640984,0.40942472,0.56906967,0.41192266,0.40428641,0.39797549,0.41570541,0.38827098
0.60943500,0.65112665,0.60486995,0.61524047,0.18205805,0.56921790,0.37598425,0.19718310,0.57975904,0.59348681,0.58214625,0.42026507,0.58858058,0.77210884,0.68896321,0.72955975,0.73578595,0.57394366,0.23312883,0.36570561,0.43105756,0.47152620,0.37256809,0.32492114,0.59856631,0.58106236,0.40072860,0.61169882,0.41983122,0.35981063,0.43529412,0.61182994,0.58640984,0.63903282,0.56906967,0.58682635,0.40428641,0.39797549,0.41570541,0.38827098
0.30578512,0.65112665,0.24340176,0.61524047,0.36511156,0.56921790,0.37598425,0.19718310,0.57975904,0.35211268,0.58214625,0.42026507,0.25641026,0.37111265,0.61181435,0.28661088,0.32114286,0.29411765,0.46597938,0.36570561,0.43105756,0.35516605,0.37256809,0.30022321,0.09523810,0.17391304,0.40072860,0.17567568,0.41983122,0.35981063,0.43529412,0.20454545,0.21276596,0.51006711,0.56906967,0.58682635,0.40428641,0.39797549,0.41570541,0.38827098
0.60943500,0.60194175,0.51190476,0.38876890,0.39333333,0.56921790,0.61547837,0.21610169,0.57975904,0.33079848,0.58214625,0.42026507,0.33333333,0.35195531,0.41373626,0.28661088,0.26612903,0.26470588,0.46597938,0.36570561,0.43105756,0.35516605,0.37256809,0.30022321,0.28205128,0.32967033,0.40072860,0.36616702,0.41983122,0.35981063,0.43529412,0.53003534,0.34492754,0.40942472,0.56906967,0.41192266,0.40428641,0.39797549,0.41570541,0.38827098
0.27702703,0.65112665,0.60486995,0.61524047,0.36511156,0.27777778,0.30487805,0.34228188,0.57975904,0.41196013,0.06250000,0.42026507,0.25641026,0.37111265,0.41373626,0.28661088,0.32114286,0.20238095,0.47058824,0.36570561,0.43105756,0.35516605,0.37256809,0.30022321,0.09523810,0.25742574,0.40072860,0.17567568,0.41983122,0.35981063,0.43529412,0.20454545,0.27898551,0.31818182,0.56906967,0.55952381,0.40428641,0.39797549,0.41570541,0.38827098
0.52577320,0.54732510,0.60486995,0.61524047,0.36511156,0.56921790,0.22093023,0.19718310,0.57975904,0.35211268,0.58214625,0.42026507,0.33333333,0.37111265,0.41373626,0.28661088,0.32114286,0.20238095,0.46597938,0.36570561,0.43105756,0.34426230,0.37256809,0.30022321,0.24347826,0.25742574,0.40072860,0.27205882,0.41983122,0.35981063,0.43529412,0.20454545,0.34492754,0.31818182,0.56906967,0.55952381,0.40428641,0.37878788,0.41570541,0.38827098
0.60943500,0.65112665,0.60486995,0.61524047,0.63481829,0.56921790,0.61547837,0.56724422,0.57975904,0.35211268,0.06250000,0.42026507,0.58858058,0.37111265,0.41373626,0.28661088,0.32114286,0.26470588,0.60483384,0.36570561,0.43105756,0.35516605,0.37256809,0.30022321,0.39387755,0.58106236,0.40072860,0.36616702,0.41983122,0.35981063,0.43529412,0.40831296,0.58640984,0.40942472,0.56906967,0.58682635,0.40428641,0.39797549,0.41570541,0.38827098
0.60943500,0.60194175,0.49411765,0.61524047,0.63481829,0.56921790,0.37598425,0.56724422,0.57975904,0.41196013,0.58214625,0.42026507,0.33333333,0.37111265,0.41373626,0.28661088,0.32114286,0.26470588,0.49600000,0.36570561,0.43105756,0.35516605,0.37256809,0.30022321,0.28205128,0.33447099,0.40072860,0.27205882,0.41983122,0.35981063,0.43529412,0.24301075,0.47222222,0.40942472,0.56906967,0.41192266,0.40428641,0.39797549,0.41570541,0.38827098
0.60943500,0.60194175,0.60486995,0.61524047,0.63481829,0.56921790,0.42331288,0.56724422,0.57975904,0.33079848,0.58214625,0.42026507,0.33333333,0.37111265,0.41373626,0.28661088,0.32114286,0.26470588,0.23312883,0.36570561,0.43105756,0.35516605,0.37256809,0.30022321,0.28205128,0.32967033,0.40072860,0.51098901,0.41983122,0.35981063,0.43529412,0.24301075,0.58640984,0.40942472,0.56906967,0.41192266,0.54708520,0.39797549,0.41570541,0.38827098
0.40070922,0.65112665,0.60486995,0.61524047,0.36511156,0.56921790,0.22093023,0.21610169,0.57975904,0.35211268,0.23913043,0.42026507,0.33333333,0.37111265,0.41373626,0.28661088,0.32114286,0.29257642,0.60483384,0.36570561,0.43105756,0.35516605,0.37256809,0.30022321,0.24347826,0.25742574,0.40072860,0.17567568,0.41983122,0.35981063,0.43529412,0.20454545,0.34492754,0.40942472,0.56906967,0.55952381,0.40428641,0.39797549,0.41570541,0.38827098
0.40070922,0.60194175,0.60486995,0.50199203,0.39333333,0.56921790,0.37598425,0.19718310,0.57975904,0.35211268,0.19708029,0.42026507,0.33333333,0.37111265,0.54437870,0.28661088,0.32114286,0.26470588,0.60483384,0.36570561,0.43105756,0.35516605,0.37256809,0.30022321,0.24347826,0.25742574,0.40072860,0.27205882,0.68794326,0.35981063,0.74452555,0.24301075,0.58640984,0.31818182,0.56906967,0.41192266,0.40428641,0.39797549,0.41570541,0.38827098
0.60943500,0.65112665,0.60486995,0.61524047,0.39333333,0.27777778,0.37598425,0.56724422,0.57975904,0.35211268,0.43902439,0.42026507,0.33333333,0.37111265,0.41373626,0.28661088,0.28348214,0.29257642,0.32033898,0.36570561,0.43105756,0.35516605,0.37256809,0.30022321,0.24347826,0.27272727,0.40072860,0.36616702,0.41983122,0.35981063,0.43529412,0.24301075,0.47122302,0.31818182,0.56906967,0.58682635,0.40428641,0.39797549,0.41570541,0.38827098
0.52577320,0.60194175,0.60486995,0.61524047,0.36511156,0.56921790,0.30487805,0.34228188,0.57975904,0.35211268,0.58214625,0.42026507,0.33333333,0.37111265,0.41373626,0.28661088,0.32114286,0.26470588,0.46597938,0.36570561,0.43105756,0.25974026,0.37256809,0.30022321,0.24347826,0.27272727,0.40072860,0.27205882,0.59183673,0.35981063,0.43529412,0.40831296,0.58640984,0.51006711,0.56906967,0.58682635,0.40428641,0.39797549,0.41570541,0.38827098
0.40070922,0.65112665,0.60486995,0.61524047,0.39333333,0.56921790,0.37598425,0.56724422,0.57975904,0.35211268,0.58214625,0.42026507,0.25641026,0.37111265,0.41373626,0.28661088,0.32114286,0.20238095,0.60483384,0.36570561,0.43105756,0.35516605,0.37256809,0.30022321,0.09523810,0.17391304,0.40072860,0.17567568,0.41983122,0.35981063,0.43529412,0.24301075,0.27898551,0.31818182,0.56906967,0.58682635,0.40428641,0.39797549,0.41570541,0.56934307
0.40070922,0.65112665,0.60486995,0.61524047,0.39333333,0.56921790,0.37598425,0.56724422,0.57975904,0.33079848,0.58214625,0.42026507,0.33333333,0.37111265,0.41373626,0.28661088,0.32114286,0.26470588,0.32033898,0.36570561,0.43105756,0.35516605,0.37256809,0.30022321,0.24347826,0.33447099,0.40072860,0.48484848,0.41983122,0.35981063,0.43529412,0.40831296,0.58640984,0.57772021,0.56906967,0.58682635,0.40428641,0.39797549,0.41570541,0.38827098
0.60943500,0.65112665,0.60486995,0.33333333,0.63481829,0.56921790,0.42331288,0.34228188,0.57975904,0.59348681,0.43750000,0.42026507,0.37685460,0.37111265,0.41373626,0.28661088,0.28348214,0.29257642,0.32033898,0.36570561,0.67123288,0.47152620,0.37256809,0.44571429,0.28205128,0.58106236,0.59821429,0.42682927,0.41983122,0.35981063,0.43529412,0.24301075,0.27898551,0.63903282,0.56906967,0.62670300,0.40428641,0.64619883,0.41570541,0.38827098
0.60943500,0.65112665,0.60486995,0.61524047,0.63481829,0.56921790,0.61547837,0.56724422,0.57975904,0.41196013,0.19708029,0.42026507,0.18518519,0.37111265,0.41373626,0.28661088,0.32114286,0.29257642,0.46597938,0.36570561,0.43105756,0.35516605,0.37256809,0.30022321,0.39387755,0.25742574,0.40072860,0.36616702,0.41983122,0.35981063,0.43529412,0.40831296,0.58640984,0.57772021,0.56906967,0.41192266,0.40428641,0.39797549,0.41570541,0.38827098
0.30578512,0.65112665,0.60486995,0.61524047,0.63481829,0.56921790,0.42331288,0.19718310,0.57975904,0.41196013,0.58214625,0.42026507,0.58858058,0.37111265,0.41373626,0.28661088,0.32114286,0.57394366,0.32033898,0.36570561,0.43105756,0.35516605,0.37256809,0.30022321,0.24347826,0.33447099,0.40072860,0.27205882,0.41983122,0.35981063,0.43529412,0.24301075,0.34492754,0.57772021,0.56906967,0.41192266,0.40428641,0.39797549,0.41570541,0.38827098
0.40070922,0.65112665,0.60486995,0.61524047,0.63481829,0.56921790,0.61547837,0.56724422,0.57975904,0.41196013,0.58214625,0.42026507,0.25641026,0.37111265,0.47826087,0.28661088,0.32114286,0.29257642,0.32033898,0.36570561,0.43105756,0.35516605,0.37256809,0.30022321,0.24347826,0.27272727,0.40072860,0.36616702,0.41983122,0.35981063,0.43529412,0.58252427,0.27898551,0.57772021,0.56906967,0.55952381,0.40428641,0.39797549,0.41570541,0.38827098
0.40070922,0.65112665,0.36599424,0.52631579,0.63481829,0.56921790,0.42331288,0.21610169,0.57975904,0.41196013,0.23913043,0.42026507,0.37685460,0.37111265,0.41373626,0.28661088,0.32114286,0.29257642,0.60483384,0.36570561,0.43105756,0.35516605,0.37256809,0.30022321,0.28205128,0.25742574,0.40072860,0.27205882,0.41983122,0.35981063,0.43529412,0.20454545,0.34492754,0.51006711,0.56906967,0.41192266,0.40428641,0.39797549,0.41570541,0.38827098
0.60943500,0.65112665,0.60486995,0.61524047,0.63481829,0.56921790,0.44545455,0.21610169,0.57975904,0.41196013,0.58214625,0.42026507,0.58858058,0.37111265,0.41373626,0.28661088,0.32114286,0.20238095,0.46597938,0.36570561,0.43105756,0.35516605,0.37256809,0.29629630,0.09523810,0.17391304,0.40072860,0.17567568,0.41983122,0.35981063,0.43529412,0.20454545,0.58640984,0.63903282,0.56906967,0.41192266,0.40428641,0.39797549,0.41570541,0.38827098
0.40070922,0.60194175,0.51190476,0.52631579,0.63481829,0.56921790,0.44545455,0.21568627,0.57975904,0.41196013,0.23913043,0.42026507,0.25641026,0.37111265,0.41373626,0.28661088,0.32114286,0.29257642,0.60483384,0.36570561,0.43105756,0.35516605,0.37256809,0.30022321,0.24347826,0.33447099,0.40072860,0.27205882,0.59183673,0.35981063,0.43529412,0.24301075,0.21276596,0.77173913,0.56906967,0.41192266,0.40428641,0.39797549,0.41570541,0.38827098
0.27702703,0.65112665,0.36599424,0.61524047,0.63481829,0.56921790,0.42331288,0.19718310,0.57975904,0.41196013,0.43750000,0.42026507,0.58858058,0.37111265,0.41373626,0.28661088,0.32114286,0.57394366,0.60483384,0.36570561,0.43105756,0.35516605,0.37256809,0.30022321,0.24347826,0.58106236,0.40072860,0.61169882,0.41983122,0.35981063,0.43529412,0.61182994,0.11764706,0.57772021,0.56906967,0.41192266,0.40428641,0.39797549,0.41570541,0.38827098
0.30578512,0.64705882,0.60486995,0.61524047,0.63481829,0.56921790,0.37837838,0.21610169,0.57975904,0.48387097,0.23913043,0.42026507,0.33333333,0.37111265,0.54437870,0.28661088,0.32114286,0.29257642,0.46597938,0.36570561,0.43105756,0.35516605,0.37256809,0.32492114,0.09523810,0.27272727,0.40072860,0.17567568,0.41983122,0.35981063,0.43529412,0.20454545,0.21276596,0.51006711,0.56906967,0.41192266,0.40428641,0.64619883,0.41570541,0.38827098
0.60943500,0.65112665,0.60486995,0.52631579,0.63481829,0.56921790,0.37598425,0.56724422,0.57975904,0.41196013,0.19708029,0.42026507,0.33333333,0.37111265,0.41373626,0.28661088,0.32114286,0.57394366,0.60483384,0.36570561,0.43105756,0.35516605,0.37256809,0.30022321,0.24347826,0.25742574,0.40072860,0.27205882,0.41983122,0.35981063,0.43529412,0.20454545,0.27898551,0.57772021,0.56906967,0.41192266,0.40428641,0.64619883,0.41570541,0.63250883
0.30578512,0.60194175,0.60486995,0.52631579,0.63481829,0.56921790,0.30487805,0.21610169,0.57975904,0.41196013,0.06250000,0.42026507,0.33333333,0.50107991,0.68896321,0.28661088,0.32114286,0.29257642,0.46597938,0.36570561,0.43105756,0.35516605,0.37256809,0.30022321,0.39387755,0.27272727,0.40072860,0.17567568,0.59183673,0.35981063,0.43529412,0.20454545,0.21276596,0.63903282,0.56906967,0.41192266,0.40428641,0.39797549,0.71484375,0.63250883
0.60943500,0.65112665,0.60486995,0.61524047,0.63481829,0.56921790,0.61547837,0.56724422,0.57975904,0.35211268,0.58214625,0.42026507,0.25641026,0.37111265,0.68896321,0.28661088,0.32114286,0.57394366,0.46597938,0.36570561,0.67123288,0.35516605,0.37256809,0.29629630,0.49328859,0.32967033,0.40072860,0.27205882,0.81147541,0.35981063,0.84931507,0.40831296,0.47122302,0.77173913,0.56906967,0.55952381,0.63486842,0.39797549,0.41570541,0.38827098
0.30578512,0.65112665,0.24340176,0.50199203,0.39333333,0.56921790,0.37598425,0.21610169,0.57975904,0.33079848,0.34237288,0.42026507,0.25641026,0.37111265,0.41373626,0.28661088,0.32114286,0.20238095,0.60483384,0.36570561,0.43105756,0.35516605,0.37256809,0.30022321,0.09523810,0.17391304,0.40072860,0.17567568,0.41983122,0.35981063,0.43529412,0.20454545,0.27898551,0.31818182,0.56906967,0.55952381,0.40428641,0.37878788,0.41570541,0.00000000
0.60943500,0.54732510,0.51190476,0.61524047,0.18205805,0.27777778,0.37598425,0.56724422,0.31944444,0.35000000,0.58214625,0.42026507,0.37685460,0.37111265,0.41373626,0.28661088,0.26612903,0.57394366,0.46597938,0.36570561,0.43105756,0.35516605,0.37256809,0.30022321,0.39387755,0.58106236,0.40072860,0.42682927,0.41983122,0.35981063,0.43529412,0.40831296,0.34492754,0.31818182,0.56906967,0.41192266,0.54708520,0.37878788,0.41570541,0.38827098
0.40070922,0.45945946,0.49411765,0.27070707,0.18205805,0.27777778,0.23076923,0.19718310,0.57975904,0.35000000,0.06250000,0.42026507,0.25641026,0.37111265,0.41373626,0.28661088,0.32114286,0.20238095,0.60483384,0.36570561,0.43105756,0.35516605,0.37256809,0.30022321,0.24347826,0.25742574,0.40072860,0.17567568,0.41983122,0.35981063,0.43529412,0.20454545,0.21276596,0.40942472,0.56906967,0.41192266,0.40428641,0.39797549,0.41570541,0.45454545
0.40070922,0.54732510,0.49411765,0.38876890,0.39333333,0.28571429,0.22093023,0.21610169,0.57975904,0.48387097,0.43750000,0.42026507,0.25641026,0.37111265,0.54437870,0.28661088,0.32114286,0.20238095,0.60483384,0.36570561,0.43105756,0.35516605,0.37256809,0.30022321,0.59856631,0.25742574,0.40072860,0.17567568,0.68794326,0.35981063,0.43529412,0.20454545,0.47222222,0.40942472,0.56906967,0.41192266,0.40428641,0.39797549,0.41570541,0.56934307
0.60943500,0.60194175,0.60486995,0.61524047,0.63481829,0.56921790,0.30487805,0.56724422,0.37850467,0.35000000,0.58214625,0.42026507,0.33333333,0.37111265,0.41373626,0.28661088,0.32114286,0.26470588,0.60483384,0.36570561,0.43105756,0.35516605,0.37256809,0.30022321,0.39387755,0.32967033,0.40072860,0.42682927,0.83333333,0.35981063,0.74452555,0.24301075,0.58640984,0.40942472,0.56906967,0.41192266,0.40428641,0.39797549,0.41570541,0.38827098
0.40070922,0.54732510,0.49411765,0.27070707,0.36511156,0.27777778,0.22093023,0.21610169,0.57975904,0.33079848,0.43750000,0.42026507,0.33333333,0.37111265,0.54437870,0.72955975,0.26612903,0.29257642,0.60483384,0.36570561,0.43105756,0.35516605,0.37256809,0.30022321,0.24347826,0.25742574,0.40072860,0.27205882,0.59183673,0.40350877,0.43529412,0.24301075,0.47122302,0.51006711,0.56906967,0.41192266,0.40428641,0.37878788,0.41570541,0.38827098
0.40070922,0.45945946,0.36599424,0.27070707,0.36511156,0.27777778,0.30487805,0.34228188,0.57975904,0.33079848,0.43750000,0.42026507,0.33333333,0.37111265,0.41373626,0.28661088,0.26612903,0.29257642,0.46597938,0.36570561,0.43105756,0.35516605,0.37256809,0.30022321,0.28205128,0.27272727,0.40072860,0.27205882,0.41983122,0.25000000,0.43529412,0.24301075,0.27898551,0.31818182,0.56906967,0.55952381,0.40428641,0.39797549,0.41570541,0.38827098
0.60943500,0.65112665,0.60486995,0.50199203,0.36511156,0.56921790,0.37598425,0.56724422,0.31250000,0.35000000,0.58214625,0.42026507,0.33333333,0.37111265,0.41373626,0.28661088,0.32114286,0.26470588,0.60483384,0.36570561,0.43105756,0.35516605,0.37256809,0.30022321,0.39387755,0.30434783,0.40072860,0.36616702,0.41983122,0.35981063,0.43529412,0.40831296,0.47222222,0.40942472,0.56906967,0.41192266,0.40428641,0.39797549,0.41570541,0.38827098
0.60943500,0.65112665,0.60486995,0.50199203,0.39333333,0.27777778,0.37598425,0.21610169,0.57975904,0.33079848,0.58214625,0.42026507,0.25641026,0.37111265,0.41373626,0.28661088,0.32114286,0.29257642,0.46597938,0.36570561,0.43105756,0.34426230,0.37256809,0.30022321,0.28205128,0.27272727,0.40072860,0.27205882,0.41983122,0.35981063,0.43529412,0.24301075,0.58640984,0.40942472,0.56906967,0.41192266,0.40428641,0.39797549,0.41570541,0.38827098
0.40070922,0.65112665,0.60486995,0.61524047,0.63481829,0.56921790,0.61547837,0.56724422,0.57975904,0.41196013,0.58214625,0.42026507,0.25641026,0.37111265,0.41373626,0.28661088,0.32114286,0.20238095,0.46597938,0.36570561,0.43105756,0.35516605,0.37256809,0.30022321,0.24347826,0.58106236,0.40072860,0.36616702,0.41983122,0.35981063,0.43529412,0.24301075,0.58640984,0.40942472,0.56906967,0.41192266,0.40428641,0.39797549,0.41570541,0.38827098
0.30578512,0.65112665,0.36599424,0.61524047,0.63481829,0.56921790,0.42331288,0.15000000,0.57975904,0.59348681,0.06250000,0.42026507,0.33333333,0.37111265,0.41373626,0.28661088,0.32114286,0.20238095,0.60483384,0.36570561,0.43105756,0.35516605,0.37256809,0.30022321,0.59856631,0.25742574,0.40072860,0.27205882,0.41983122,0.35981063,0.43529412,0.20454545,0.58640984,0.40942472,0.56906967,0.41192266,0.40428641,0.39797549,0.41570541,0.38827098
0.30578512,0.65112665,0.60486995,0.61524047,0.63481829,0.56921790,0.61547837,0.56724422,0.57975904,0.59348681,0.58214625,0.42026507,0.33333333,0.37111265,0.68896321,0.28661088,0.32114286,0.57394366,0.60483384,0.36570561,0.43105756,0.47152620,0.37256809,0.30022321,0.49328859,0.32967033,0.40072860,0.61169882,0.41983122,0.35981063,0.43529412,0.40831296,0.58640984,0.31818182,0.56906967,0.41192266,0.40428641,0.39797549,0.41570541,0.38827098
0.60943500,0.65112665,0.60486995,0.61524047,0.63481829,0.56921790,0.61547837,0.56724422,0.57975904,0.59348681,0.58214625,0.42026507,0.33333333,0.37111265,0.41373626,0.28661088,0.32114286,0.26470588,0.60483384,0.36570561,0.43105756,0.35516605,0.37256809,0.30022321,0.49328859,0.58106236,0.40072860,0.36616702,0.41983122,0.35981063,0.43529412,0.40831296,0.27898551,0.63903282,0.19130435,0.41192266,0.40428641,0.39797549,0.41570541,0.56934307
0.60943500,0.65112665,0.60486995,0.61524047,0.36511156,0.56921790,0.61547837,0.56724422,0.57975904,0.33079848,0.58214625,0.42026507,0.25641026,0.37111265,0.41373626,0.28661088,0.32114286,0.57394366,0.49600000,0.36570561,0.43105756,0.35516605,0.37256809,0.30022321,0.28205128,0.27272727,0.40072860,0.36616702,0.41983122,0.35981063,0.43529412,0.24301075,0.34492754,0.40942472,0.56906967,0.41192266,0.40428641,0.39797549,0.41570541,0.38827098
0.40070922,0.65112665,0.60486995,0.61524047,0.36511156,0.56921790,0.30487805,0.19718310,0.57975904,0.35000000,0.58214625,0.42026507,0.37685460,0.37111265,0.41373626,0.30564784,0.32114286,0.26470588,0.32033898,0.36570561,0.43105756,0.35516605,0.37256809,0.30022321,0.28205128,0.58106236,0.40072860,0.42682927,0.41983122,0.74430380,0.43529412,0.20454545,0.47122302,0.40942472,0.56906967,0.41192266,0.40428641,0.39797549,0.41570541,0.38827098
0.60943500,0.60194175,0.60486995,0.61524047,0.50476190,0.56921790,0.37598425,0.34228188,0.57975904,0.33079848,0.58214625,0.42026507,0.54054054,0.50107991,0.41373626,0.57398374,0.28348214,0.57394366,0.32033898,0.36570561,0.43105756,0.34426230,0.37256809,0.44571429,0.59856631,0.58106236,0.40072860,0.61169882,0.81147541,0.35981063,0.43529412,0.40831296,0.58640984,0.51006711,0.56906967,0.41192266,0.40428641,0.50216450,0.41570541,0.38827098
0.60943500,0.45945946,0.24340176,0.27070707,0.36511156,0.27777778,0.42331288,0.21568627,0.31250000,0.48387097,0.43750000,0.42026507,0.37685460,0.37111265,0.41373626,0.28661088,0.32114286,0.29257642,0.60483384,0.70403587,0.43105756,0.31250000,0.37256809,0.30022321,0.24347826,0.27272727,0.31250000,0.36616702,0.41983122,0.57272727,0.43529412,0.24301075,0.47122302,0.40942472,0.56906967,0.41192266,0.54708520,0.39797549,0.41570541,0.38827098
0.60943500,0.45945946,0.24340176,0.27070707,0.36511156,0.27777778,0.44545455,0.56724422,0.35135135,0.59348681,0.58214625,0.42026507,0.58858058,0.37111265,0.41373626,0.28661088,0.28348214,0.29257642,0.32033898,0.36570561,0.43105756,0.47152620,0.37256809,0.30022321,0.39387755,0.58106236,0.40072860,0.51098901,0.41983122,0.35981063,0.43529412,0.61182994,0.58640984,0.40942472,0.56906967,0.41192266,0.40428641,0.39797549,0.41570541,0.38827098
0.52577320,0.65112665,0.36599424,0.38876890,0.18205805,0.27777778,0.37598425,0.34228188,0.31250000,0.59348681,0.28957529,0.42026507,0.33333333,0.71404110,0.41373626,0.28661088,0.28348214,0.29257642,0.32033898,0.36570561,0.43105756,0.47152620,0.37256809,0.30022321,0.39387755,0.27272727,0.40072860,0.36616702,0.41983122,0.40350877,0.43529412,0.24301075,0.34492754,0.40942472,0.56906967,0.41192266,0.54708520,0.64619883,0.41570541,0.38827098
0.60943500,0.65112665,0.36599424,0.27070707,0.18205805,0.28571429,0.42331288,0.21568627,0.31250000,0.59348681,0.43750000,0.42026507,0.47368421,0.71404110,0.41373626,0.28661088,0.63134658,0.29257642,0.23312883,0.36570561,0.43105756,0.35516605,0.37256809,0.29629630,0.28205128,0.33447099,0.40072860,0.48484848,0.41983122,0.35981063,0.43529412,0.24301075,0.34492754,0.40942472,0.56906967,0.41192266,0.40428641,0.64619883,0.41570541,0.38827098
0.40070922,0.65112665,0.36599424,0.27070707,0.18205805,0.28571429,0.44545455,0.34228188,0.57975904,0.59348681,0.34237288,0.42026507,0.58858058,0.50107991,0.41373626,0.28661088,0.28348214,0.29257642,0.49600000,0.70403587,0.43105756,0.60229133,0.37256809,0.32492114,0.09523810,0.33447099,0.40072860,0.36616702,0.41983122,0.40350877,0.43529412,0.61182994,0.34492754,0.40942472,0.56906967,0.41192266,0.40428641,0.64619883,0.41570541,0.38827098
0.60943500,0.65112665,0.36599424,0.38876890,0.18205805,0.56921790,0.37837838,0.34228188,0.31250000,0.27777778,0.34237288,0.42026507,0.58858058,0.37111265,0.41373626,0.28661088,0.26612903,0.57394366,0.60483384,0.36570561,0.43105756,0.60229133,0.37256809,0.30022321,0.49328859,0.58106236,0.31250000,0.36616702,0.41983122,0.35981063,0.43529412,0.61182994,0.34492754,0.40942472,0.56906967,0.41192266,0.40428641,0.64619883,0.41570541,0.38827098
0.60943500,0.65112665,0.49411765,0.38876890,0.36511156,0.28571429,0.44545455,0.34228188,0.31250000,0.59348681,0.28957529,0.42026507,0.33333333,0.37111265,0.41373626,0.28661088,0.32114286,0.29257642,0.49600000,0.36570561,0.43105756,0.60229133,0.37256809,0.30022321,0.24347826,0.27272727,0.40072860,0.42682927,0.41983122,0.35981063,0.43529412,0.61182994,0.27898551,0.51006711,0.56906967,0.41192266,0.54708520,0.39797549,0.41570541,0.38827098
0.60943500,0.54732510,0.24340176,0.38876890,0.36511156,0.28571429,0.61547837,0.34228188,0.31250000,0.59348681,0.28957529,0.42026507,0.37685460,0.37111265,0.41373626,0.28661088,0.28348214,0.20238095,0.46597938,0.26666667,0.43105756,0.35516605,0.37256809,0.30022321,0.59856631,0.27272727,0.31250000,0.36616702,0.41983122,0.35981063,0.43529412,0.24301075,0.27898551,0.40942472,0.56906967,0.41192266,0.40428641,0.39797549,0.41570541,0.38827098
0.27702703,0.40447154,0.24340176,0.30708661,0.39333333,0.56921790,0.37598425,0.56724422,0.57975904,0.59348681,0.28957529,0.42026507,0.58858058,0.37111265,0.41373626,0.28661088,0.32114286,0.57394366,0.60483384,0.36570561,0.43105756,0.35516605,0.37256809,0.30022321,0.39387755,0.58106236,0.40072860,0.36616702,0.41983122,0.35981063,0.43529412,0.24301075,0.58640984,0.40942472,0.56906967,0.41192266,0.40428641,0.39797549,0.41570541,0.38827098
0.27702703,0.22615804,0.21568627,0.27070707,0.18205805,0.27777778,0.37598425,0.34228188,0.23076923,0.41196013,0.28957529,0.42026507,0.25641026,0.37111265,0.68896321,0.28661088,0.32114286,0.29411765,0.60483384,0.36570561,0.43105756,0.35516605,0.37256809,0.30022321,0.24347826,0.25742574,0.40072860,0.17567568,0.41983122,0.35981063,0.43529412,0.20454545,0.21276596,0.40942472,0.56906967,0.41192266,0.40428641,0.39797549,0.41570541,0.38827098
0.52577320,0.54732510,0.51190476,0.38876890,0.36511156,0.28571429,0.37598425,0.21610169,0.57975904,0.59348681,0.43902439,0.42026507,0.37685460,0.37111265,0.61181435,0.28661088,0.32114286,0.29257642,0.60483384,0.36570561,0.43105756,0.35516605,0.37256809,0.30022321,0.28205128,0.27272727,0.40072860,0.27205882,0.41983122,0.35981063,0.43529412,0.24301075,0.27898551,0.33333333,0.21428571,0.41192266,0.40428641,0.39797549,0.41570541,0.38827098
0.40070922,0.65112665,0.36599424,0.38876890,0.18205805,0.27777778,0.30487805,0.21610169,0.37850467,0.59348681,0.58214625,0.42026507,0.25641026,0.37111265,0.41373626,0.28661088,0.32114286,0.20238095,0.60483384,0.36570561,0.43105756,0.35516605,0.37256809,0.30022321,0.28205128,0.25742574,0.40072860,0.27205882,0.41983122,0.35981063,0.43529412,0.40831296,0.21276596,0.40942472,0.56906967,0.41192266,0.40428641,0.39797549,0.41570541,0.38827098
0.53846154,0.54732510,0.60486995,0.50199203,0.36511156,0.56921790,0.30487805,0.34228188,0.57975904,0.59348681,0.43902439,0.42026507,0.58858058,0.37111265,0.68896321,0.28661088,0.28348214,0.20238095,0.60483384,0.36570561,0.43105756,0.34426230,0.37256809,0.30022321,0.28205128,0.27272727,0.40072860,0.27205882,0.41983122,0.35981063,0.43529412,0.24301075,0.34492754,0.57772021,0.25000000,0.41192266,0.40428641,0.39797549,0.41570541,0.38827098
0.52577320,0.54732510,0.60486995,0.50199203,0.39333333,0.28571429,0.37598425,0.34228188,0.35135135,0.41196013,0.43902439,0.42026507,0.25641026,0.37111265,0.41373626,0.28661088,0.32114286,0.29411765,0.32033898,0.36570561,0.43105756,0.35516605,0.37256809,0.30022321,0.24347826,0.17391304,0.40072860,0.17567568,0.41983122,0.35981063,0.43529412,0.20454545,0.27898551,0.40942472,0.56906967,0.58682635,0.40428641,0.39797549,0.41570541,0.38827098
0.52577320,0.54732510,0.49411765,0.38876890,0.36511156,0.27777778,0.30487805,0.56724422,0.57975904,0.48387097,0.23913043,0.42026507,0.58858058,0.71404110,0.69435216,0.28661088,0.26612903,0.20238095,0.60483384,0.36570561,0.43105756,0.35516605,0.37256809,0.30022321,0.39387755,0.25742574,0.40072860,0.27205882,0.41983122,0.35981063,0.43529412,0.24301075,0.27898551,0.31818182,0.56906967,0.41192266,0.40428641,0.39797549,0.41570541,0.38827098
0.53846154,0.54732510,0.60486995,0.50199203,0.36511156,0.56921790,0.30487805,0.21610169,0.35135135,0.59348681,0.19708029,0.42026507,0.58858058,0.37111265,0.41373626,0.28661088,0.32114286,0.20238095,0.60483384,0.36570561,0.43105756,0.35516605,0.37256809,0.30022321,0.24347826,0.33447099,0.40072860,0.27205882,0.41983122,0.35981063,0.43529412,0.20454545,0.21276596,0.40942472,0.13114754,0.41192266,0.40428641,0.39797549,0.41570541,0.38827098
0.60943500,0.65112665,0.60486995,0.61524047,0.63481829,0.56921790,0.61547837,0.56724422,0.57975904,0.59348681,0.58214625,0.42026507,0.33333333,0.37111265,0.41373626,0.28661088,0.28348214,0.20238095,0.60483384,0.36570561,0.43105756,0.35516605,0.37256809,0.30022321,0.24347826,0.58106236,0.40072860,0.27205882,0.41983122,0.35981063,0.43529412,0.24301075,0.27898551,0.40942472,0.56906967,0.41192266,0.40428641,0.39797549,0.41570541,0.38827098
0.60943500,0.60194175,0.58333333,0.52631579,0.50476190,0.28571429,0.30487805,0.21610169,0.57975904,0.35211268,0.58214625,0.42026507,0.37685460,0.35195531,0.68896321,0.28661088,0.63134658,0.29257642,0.60483384,0.36570561,0.43105756,0.35516605,0.37256809,0.30022321,0.39387755,0.33447099,0.40072860,0.51098901,0.41983122,0.35981063,0.43529412,0.40831296,0.34492754,0.40942472,0.56906967,0.41192266,0.40428641,0.39797549,0.41570541,0.38827098
0.53846154,0.54732510,0.51190476,0.50199203,0.39333333,0.56921790,0.37598425,0.21610169,0.23076923,0.35211268,0.50000000,0.42026507,0.33333333,0.37111265,0.47826087,0.28661088,0.32114286,0.20238095,0.60483384,0.36570561,0.43105756,0.35516605,0.37256809,0.30022321,0.28205128,0.33447099,0.40072860,0.36616702,0.41983122,0.35981063,0.43529412,0.20454545,0.27898551,0.51006711,0.56906967,0.55952381,0.40428641,0.39797549,0.41570541,0.38827098
0.60943500,0.60194175,0.60486995,0.61524047,0.63481829,0.56921790,0.37598425,0.19718310,0.57975904,0.35211268,0.43902439,0.42026507,0.33333333,0.37111265,0.41373626,0.28661088,0.28348214,0.20238095,0.49600000,0.36570561,0.43105756,0.35516605,0.37256809,0.30022321,0.09523810,0.17391304,0.40072860,0.27205882,0.41983122,0.35981063,0.43529412,0.20454545,0.21276596,0.40942472,0.56906967,0.41192266,0.40428641,0.39797549,0.41570541,0.38827098
0.40070922,0.54732510,0.51190476,0.50199203,0.50476190,0.56921790,0.30487805,0.19718310,0.57975904,0.33079848,0.43750000,0.42026507,0.33333333,0.37111265,0.41373626,0.28661088,0.32114286,0.26470588,0.60483384,0.36570561,0.43105756,0.35516605,0.37256809,0.00000000,0.24347826,0.33447099,0.40072860,0.36616702,0.41983122,0.35981063,0.43529412,0.24301075,0.21276596,0.40942472,0.17575758,0.55952381,0.40428641,0.39797549,0.41570541,0.38827098
0.60943500,0.54732510,0.51190476,0.52631579,0.39333333,0.56921790,0.37598425,0.34228188,0.35135135,0.27777778,0.23913043,0.42026507,0.47368421,0.37111265,0.61181435,0.28661088,0.32114286,0.26470588,0.60483384,0.36570561,0.43105756,0.25974026,0.37256809,0.30022321,0.28205128,0.32967033,0.40072860,0.42682927,0.41983122,0.35981063,0.43529412,0.24301075,0.34492754,0.40942472,0.56906967,0.41192266,0.40428641,0.39797549,0.41570541,0.38827098
0.60943500,0.54732510,0.49411765,0.52631579,0.36511156,0.22813688,0.22093023,0.19718310,0.57975904,0.59348681,0.58214625,0.42026507,0.37685460,0.37111265,0.61181435,0.28661088,0.32114286,0.29411765,0.60483384,0.36570561,0.43105756,0.35516605,0.37256809,0.30022321,0.09523810,0.25742574,0.40072860,0.36616702,0.41983122,0.35981063,0.43529412,0.24301075,0.27898551,0.40942472,0.56906967,0.41192266,0.40428641,0.39797549,0.41570541,0.38827098
0.53846154,0.60194175,0.49411765,0.50199203,0.36511156,0.27777778,0.22093023,0.34228188,0.37850467,0.35211268,0.58214625,0.42026507,0.54054054,0.37111265,0.41373626,0.28661088,0.32114286,0.20238095,0.60483384,0.36570561,0.43105756,0.35516605,0.37256809,0.30022321,0.28205128,0.27272727,0.40072860,0.42682927,0.41983122,0.35981063,0.43529412,0.40831296,0.34492754,0.40942472,0.56906967,0.41192266,0.40428641,0.39797549,0.41570541,0.38827098
0.52577320,0.60194175,0.51190476,0.50199203,0.39333333,0.56921790,0.30487805,0.34228188,0.57975904,0.35211268,0.58214625,0.42026507,0.58858058,0.37111265,0.68896321,0.28661088,0.63134658,0.26470588,0.60483384,0.36570561,0.43105756,0.35516605,0.37256809,0.30022321,0.28205128,0.30434783,0.40072860,0.51098901,0.81147541,0.35981063,0.43529412,0.40831296,0.58640984,0.40942472,0.56906967,0.41192266,0.40428641,0.39797549,0.41570541,0.38827098
0.53846154,0.60194175,0.36599424,0.50199203,0.39333333,0.56921790,0.30487805,0.34228188,0.35135135,0.59348681,0.28957529,0.42026507,0.54054054,0.37111265,0.68896321,0.28661088,0.32114286,0.20238095,0.60483384,0.36570561,0.43105756,0.35516605,0.37256809,0.29629630,0.59856631,0.33447099,0.40072860,0.36616702,0.41983122,0.35981063,0.43529412,0.40831296,0.42307692,0.40942472,0.56906967,0.41192266,0.40428641,0.39797549,0.41570541,0.38827098
0.60943500,0.65112665,0.60486995,0.38876890,0.36511156,0.56921790,0.22093023,0.56724422,0.57975904,0.59348681,0.58214625,0.42026507,0.58858058,0.37111265,0.41373626,0.28661088,0.32114286,0.57394366,0.60483384,0.36570561,0.43105756,0.35516605,0.37256809,0.30022321,0.39387755,0.58106236,0.40072860,0.61169882,0.41983122,0.35981063,0.43529412,0.61182994,0.58640984,0.51006711,0.56906967,0.41192266,0.40428641,0.39797549,0.41570541,0.38827098
0.52577320,0.54732510,0.49411765,0.38876890,0.36511156,0.56921790,0.30487805,0.34228188,0.35135135,0.59348681,0.43750000,0.42026507,0.58858058,0.37111265,0.41373626,0.28661088,0.32114286,0.33103448,0.49600000,0.36570561,0.43105756,0.35516605,0.37256809,0.30022321,0.39387755,0.58106236,0.40072860,0.51098901,0.41983122,0.35981063,0.43529412,0.40831296,0.58640984,0.40942472,0.56906967,0.41192266,0.40428641,0.39797549,0.41570541,0.38827098
0.60943500,0.40447154,0.49411765,0.27070707,0.39333333,0.56921790,0.37598425,0.34228188,0.57975904,0.59348681,0.43750000,0.42026507,0.58858058,0.37111265,0.41373626,0.28661088,0.32114286,0.33103448,0.60483384,0.36570561,0.43105756,0.35516605,0.37256809,0.30022321,0.49328859,0.58106236,0.40072860,0.42682927,0.41983122,0.35981063,0.43529412,0.40831296,0.27898551,0.40942472,0.56906967,0.41192266,0.40428641,0.39797549,0.41570541,0.38827098
0.40070922,0.45945946,0.36599424,0.27070707,0.36511156,0.22813688,0.22093023,0.19718310,0.57975904,0.35211268,0.43750000,0.42026507,0.33333333,0.37111265,0.41373626,0.28661088,0.32114286,0.57394366,0.60483384,0.36570561,0.43105756,0.35516605,0.37256809,0.30022321,0.24347826,0.27272727,0.40072860,0.36616702,0.41983122,0.35981063,0.43529412,0.24301075,0.27898551,0.40942472,0.56906967,0.41192266,0.40428641,0.39797549,0.41570541,0.38827098
0.40070922,0.45945946,0.36599424,0.27070707,0.30909091,0.22813688,0.22093023,0.19718310,0.57975904,0.59348681,0.06250000,0.42026507,0.54054054,0.37111265,0.41373626,0.28661088,0.18750000,0.20238095,0.60483384,0.36570561,0.43105756,0.31250000,0.37256809,0.30022321,0.24347826,0.25742574,0.40072860,0.17567568,0.41983122,0.35981063,0.43529412,0.20454545,0.27898551,0.40942472,0.56906967,0.41192266,0.40428641,0.39797549,0.41570541,0.38827098
0.52577320,0.40447154,0.24340176,0.27070707,0.18205805,0.22813688,0.30487805,0.21610169,0.57975904,0.59348681,0.34237288,0.42026507,0.33333333,0.37111265,0.61181435,0.28661088,0.32114286,0.20238095,0.60483384,0.36570561,0.43105756,0.31250000,0.37256809,0.30022321,0.24347826,0.27272727,0.40072860,0.17567568,0.41983122,0.35981063,0.43529412,0.24301075,0.27898551,0.40942472,0.56906967,0.41192266,0.40428641,0.39797549,0.41570541,0.38827098
0.40070922,0.45945946,0.24340176,0.30708661,0.36511156,0.27777778,0.37598425,0.34228188,0.57975904,0.59348681,0.19708029,0.42026507,0.37685460,0.37111265,0.68896321,0.28661088,0.32114286,0.29257642,0.60483384,0.36570561,0.43105756,0.35516605,0.37256809,0.30022321,0.24347826,0.33447099,0.40072860,0.36616702,0.41983122,0.35981063,0.43529412,0.24301075,0.47122302,0.40942472,0.56906967,0.41192266,0.40428641,0.39797549,0.41570541,0.38827098
0.40070922,0.40447154,0.24340176,0.27070707,0.36511156,0.22813688,0.30487805,0.21610169,0.35135135,0.59348681,0.06250000,0.42026507,0.33333333,0.37111265,0.41373626,0.28661088,0.32114286,0.20238095,0.60483384,0.36570561,0.43105756,0.35516605,0.37256809,0.30022321,0.24347826,0.32967033,0.40072860,0.27205882,0.41983122,0.35981063,0.43529412,0.20454545,0.34492754,0.40942472,0.56906967,0.41192266,0.40428641,0.39797549,0.41570541,0.38827098
0.52577320,0.22615804,0.36599424,0.27070707,0.30909091,0.25000000,0.23076923,0.19718310,0.57975904,0.33079848,0.28957529,0.42026507,0.18518519,0.37111265,0.41373626,0.28661088,0.32114286,0.29411765,0.60483384,0.36570561,0.43105756,0.31250000,0.37256809,0.29629630,0.09523810,0.25742574,0.40072860,0.27205882,0.41983122,0.35981063,0.43529412,0.24301075,0.27898551,0.63903282,0.56906967,0.41192266,0.40428641,0.39797549,0.41570541,0.38827098
0.60943500,0.65112665,0.21568627,0.61524047,0.63481829,0.56921790,0.61547837,0.56724422,0.31944444,0.59348681,0.58214625,0.42026507,0.58858058,0.22222222,0.41373626,0.28661088,0.32114286,0.37931034,0.60483384,0.36570561,0.43105756,0.35516605,0.37256809,0.30022321,0.28205128,0.33447099,0.40072860,0.42682927,0.41983122,0.35981063,0.43529412,0.24301075,0.21276596,0.40942472,0.21428571,0.41192266,0.40428641,0.39797549,0.41570541,0.38827098
0.60943500,0.54732510,0.58333333,0.50199203,0.63481829,0.56921790,0.37598425,0.56724422,0.57975904,0.41196013,0.58214625,0.42026507,0.58858058,0.71404110,0.69435216,0.57398374,0.73578595,0.57394366,0.60483384,0.36570561,0.43105756,0.34426230,0.37256809,0.29629630,0.59856631,0.58106236,0.89473684,0.61169882,0.41983122,0.35981063,0.43529412,0.53003534,0.58640984,0.63903282,0.25000000,0.41192266,0.40428641,0.86407767,0.41570541,0.38827098
0.60943500,0.45945946,0.49411765,0.61524047,0.63481829,0.56921790,0.61547837,0.56724422,0.57975904,0.59348681,0.58214625,0.42026507,0.58858058,0.50107991,0.41373626,0.72955975,0.73578595,0.57394366,0.60483384,0.76923077,0.43105756,0.60229133,0.82817869,0.73597811,0.59856631,0.58106236,0.85093168,0.48484848,0.41983122,0.35981063,0.43529412,0.61182994,0.58640984,0.57772021,0.56906967,0.41192266,0.78318584,0.86407767,0.41570541,0.38827098
0.60943500,0.65112665,0.60486995,0.61524047,0.63481829,0.56921790,0.61547837,0.56724422,0.57975904,0.59348681,0.58214625,0.42026507,0.58858058,0.50107991,0.69435216,0.72955975,0.28348214,0.57394366,0.60483384,0.36570561,0.43105756,0.47152620,0.37256809,0.80259740,0.59856631,0.58106236,0.90140845,0.61169882,0.83333333,0.35981063,0.43529412,0.61182994,0.58640984,0.40942472,0.56906967,0.41192266,0.91538462,0.86407767,0.41570541,0.63250883
0.60943500,0.65112665,0.60486995,0.61524047,0.63481829,0.56921790,0.61547837,0.56724422,0.57975904,0.59348681,0.58214625,0.42026507,0.58858058,0.77210884,0.68896321,0.77593361,0.73578595,0.57394366,0.46597938,0.83882784,0.75784753,0.60229133,0.79856115,0.80259740,0.59856631,0.58106236,0.40072860,0.61169882,0.41983122,0.35981063,0.43529412,0.61182994,0.58640984,0.40942472,0.56906967,0.41192266,0.40428641,0.64619883,0.41570541,0.38827098
0.60943500,0.22615804,0.60486995,0.27070707,0.18205805,0.27777778,0.37598425,0.56724422,0.57975904,0.33079848,0.58214625,0.42026507,0.58858058,0.50107991,0.41373626,0.72955975,0.73578595,0.57394366,0.23312883,0.36570561,0.67123288,0.35516605,0.37256809,0.44571429,0.59856631,0.58106236,0.70000000,0.61169882,0.41983122,0.35981063,0.43529412,0.61182994,0.58640984,0.51006711,0.56906967,0.41192266,0.40428641,0.37878788,0.41570541,0.38827098
0.60943500,0.22615804,0.36599424,0.27070707,0.18205805,0.22813688,0.37598425,0.56724422,0.31250000,0.41196013,0.58214625,0.70588235,0.58858058,0.50107991,0.68896321,0.28661088,0.28348214,0.57394366,0.32033898,0.36570561,0.68932039,0.35516605,0.37256809,0.73597811,0.59856631,0.58106236,0.40072860,0.61169882,0.41983122,0.35981063,0.43529412,0.61182994,0.58640984,0.57772021,0.56906967,0.41192266,0.40428641,0.64619883,0.41570541,0.38827098
0.60943500,0.45945946,0.60486995,0.38876890,0.39333333,0.56921790,0.61547837,0.56724422,0.57975904,0.33079848,0.58214625,0.70588235,0.37685460,0.71404110,0.41373626,0.72955975,0.32114286,0.57394366,0.32033898,0.36570561,0.43105756,0.60229133,0.37256809,0.73597811,0.59856631,0.58106236,0.70000000,0.61169882,0.41983122,0.35981063,0.43529412,0.61182994,0.58640984,0.40942472,0.56906967,0.41192266,0.40428641,0.39797549,0.41570541,0.38827098
0.60943500,0.40447154,0.60486995,0.50199203,0.63481829,0.56921790,0.42331288,0.56724422,0.57975904,0.59348681,0.58214625,0.42026507,0.58858058,0.37111265,0.41373626,0.28661088,0.32114286,0.57394366,0.60483384,0.36570561,0.43105756,0.34426230,0.37256809,0.44571429,0.59856631,0.58106236,0.40072860,0.61169882,0.41983122,0.35981063,0.43529412,0.61182994,0.58640984,0.40942472,0.56906967,0.58682635,0.78318584,0.37878788,0.41570541,0.38827098
0.60943500,0.54732510,0.60486995,0.61524047,0.50476190,0.56921790,0.37598425,0.56724422,0.57975904,0.41196013,0.58214625,0.42026507,0.58858058,0.77210884,0.41373626,0.72955975,0.63134658,0.57394366,0.60483384,0.83882784,0.43105756,0.78527607,0.76223776,0.73597811,0.59856631,0.58106236,0.40072860,0.61169882,0.41983122,0.35981063,0.43529412,0.61182994,0.34492754,0.40942472,0.56906967,0.78325123,0.40428641,0.35000000,0.48837209,0.63250883
0.60943500,0.45945946,0.49411765,0.38876890,0.36511156,0.22813688,0.61547837,0.56724422,0.31250000,0.35211268,0.58214625,0.78294574,0.33333333,0.71404110,0.41373626,0.72955975,0.63134658,0.29257642,0.60483384,0.83882784,0.43105756,0.78527607,0.76223776,0.80259740,0.59856631,0.58106236,0.70000000,0.42682927,0.41983122,0.85840708,0.43529412,0.53003534,0.42307692,0.40942472,0.56906967,0.62670300,0.51162791,0.50216450,0.41570541,0.38827098
0.60943500,0.40447154,0.60486995,0.30708661,0.63481829,0.20175439,0.61547837,0.56724422,0.37850467,0.59348681,0.58214625,0.42026507,0.58858058,0.37111265,0.41373626,0.28661088,0.28348214,0.57394366,0.60483384,0.83882784,0.43105756,0.34426230,0.37256809,0.80259740,0.59856631,0.58106236,0.85093168,0.61169882,0.41983122,0.35981063,0.43529412,0.61182994,0.58640984,0.57772021,0.56906967,0.41192266,0.40428641,0.50216450,0.41570541,0.38827098
0.60943500,0.45945946,0.49411765,0.61524047,0.36511156,0.56921790,0.30487805,0.34228188,0.57975904,0.35211268,0.58214625,0.42026507,0.37685460,0.77210884,0.41373626,0.72955975,0.26612903,0.26470588,0.60483384,0.70403587,0.68932039,0.60229133,0.37256809,0.73597811,0.39387755,0.58106236,0.40072860,0.61169882,0.41983122,0.35981063,0.43529412,0.61182994,0.34492754,0.63903282,0.56906967,0.55952381,0.40428641,0.35000000,0.48837209,0.63250883
0.60943500,0.65112665,0.49411765,0.50199203,0.63481829,0.56921790,0.37598425,0.19718310,0.57975904,0.59348681,0.28957529,0.42026507,0.58858058,0.37111265,0.41373626,0.28661088,0.63134658,0.26470588,0.60483384,0.79120879,0.70247934,0.60229133,0.82817869,0.80259740,0.28205128,0.58106236,0.70000000,0.61169882,0.41983122,0.35981063,0.43529412,0.40831296,0.21276596,0.40942472,0.56906967,0.41192266,0.40428641,0.50216450,0.41570541,0.38827098
0.60943500,0.54732510,0.60486995,0.61524047,0.63481829,0.56921790,0.61547837,0.56724422,0.57975904,0.59348681,0.23913043,0.42026507,0.58858058,0.37111265,0.41373626,0.57398374,0.73578595,0.57394366,0.60483384,0.83882784,0.43105756,0.78527607,0.67469880,0.80259740,0.59856631,0.58106236,0.40072860,0.61169882,0.41983122,0.35981063,0.43529412,0.61182994,0.58640984,0.63903282,0.56906967,0.41192266,0.40428641,0.39797549,0.41570541,0.38827098
0.60943500,0.60194175,0.60486995,0.61524047,0.39333333,0.56921790,0.42331288,0.56724422,0.37850467,0.33079848,0.58214625,0.42026507,0.37685460,0.35195531,0.41373626,0.30564784,0.63134658,0.57394366,0.46597938,0.26666667,0.43105756,0.34426230,0.56164384,0.13043478,0.59856631,0.58106236,0.40072860,0.61169882,0.41983122,0.35981063,0.43529412,0.61182994,0.58640984,0.77173913,0.56906967,0.41192266,0.54708520,0.39797549,0.41570541,0.38827098
0.60943500,0.54732510,0.49411765,0.30708661,0.36511156,0.56921790,0.61547837,0.56724422,0.57975904,0.59348681,0.58214625,0.42026507,0.58858058,0.37111265,0.68896321,0.30564784,0.82608696,0.57394366,0.60483384,0.36570561,0.54411765,0.47152620,0.37256809,0.30022321,0.59856631,0.58106236,0.40072860,0.61169882,0.41983122,0.74430380,0.43529412,0.61182994,0.58640984,0.57772021,0.56906967,0.41192266,0.40428641,0.39797549,0.41570541,0.38827098
0.60943500,0.65112665,0.60486995,0.52631579,0.63481829,0.56921790,0.61547837,0.56724422,0.57975904,0.35211268,0.19708029,0.42026507,0.58858058,0.35195531,0.41373626,0.72955975,0.73578595,0.57394366,0.60483384,0.36570561,0.43105756,0.60229133,0.37256809,0.32492114,0.59856631,0.58106236,0.40072860,0.61169882,0.41983122,0.35981063,0.43529412,0.61182994,0.58640984,0.77173913,0.56906967,0.41192266,0.40428641,0.39797549,0.41570541,0.38827098
0.60943500,0.60194175,0.60486995,0.38876890,0.39333333,0.56921790,0.61547837,0.56724422,0.57975904,0.33079848,0.58214625,0.42026507,0.37685460,0.71404110,0.54437870,0.72955975,0.73578595,0.57394366,0.07142857,0.79120879,0.43105756,0.60229133,0.82817869,0.80259740,0.59856631,0.58106236,0.40072860,0.61169882,0.41983122,0.57272727,0.43529412,0.61182994,0.58640984,0.63903282,0.56906967,0.62670300,0.40428641,0.39797549,0.41570541,0.38827098
0.60943500,0.65112665,0.60486995,0.61524047,0.36511156,0.27777778,0.37598425,0.56724422,0.57975904,0.41196013,0.58214625,0.42026507,0.58858058,0.35195531,0.41373626,0.57398374,0.73578595,0.57394366,0.23312883,0.36570561,0.43105756,0.25974026,0.37256809,0.30022321,0.59856631,0.58106236,0.70000000,0.61169882,0.41983122,0.35981063,0.43529412,0.61182994,0.58640984,0.40942472,0.56906967,0.58682635,0.91538462,0.39797549,0.41570541,0.38827098
0.60943500,0.65112665,0.60486995,0.50199203,0.63481829,0.56921790,0.61547837,0.56724422,0.57975904,0.59348681,0.58214625,0.42026507,0.58858058,0.71404110,0.69435216,0.72955975,0.73578595,0.57394366,0.32033898,0.36570561,0.68932039,0.35516605,0.37256809,0.32492114,0.59856631,0.58106236,0.40072860,0.61169882,0.41983122,0.35981063,0.43529412,0.61182994,0.58640984,0.63903282,0.21428571,0.41192266,0.40428641,0.37878788,0.41570541,0.38827098
0.60943500,0.54732510,0.60486995,0.38876890,0.39333333,0.56921790,0.61547837,0.56724422,0.31250000,0.41196013,0.58214625,0.42026507,0.58858058,0.37111265,0.54437870,0.28661088,0.73578595,0.57394366,0.46597938,0.36570561,0.43105756,0.35516605,0.37256809,0.30022321,0.59856631,0.58106236,0.82300885,0.61169882,0.71014493,0.35981063,0.43529412,0.61182994,0.58640984,0.63903282,0.56906967,0.41192266,0.87500000,0.39797549,0.41570541,0.38827098
0.60943500,0.60194175,0.60486995,0.61524047,0.36511156,0.22813688,0.37598425,0.56724422,0.57975904,0.35211268,0.58214625,0.70588235,0.37685460,0.71404110,0.41373626,0.72955975,0.63134658,0.57394366,0.32033898,0.43181818,0.75784753,0.34426230,0.67469880,0.80259740,0.59856631,0.58106236,0.40072860,0.61169882,0.41983122,0.85840708,0.43529412,0.61182994,0.58640984,0.63903282,0.56906967,0.62670300,0.40428641,0.64619883,0.41570541,0.38827098
0.60943500,0.54732510,0.60486995,0.61524047,0.39333333,0.56921790,0.61547837,0.56724422,0.57975904,0.41196013,0.58214625,0.42026507,0.58858058,0.50107991,0.41373626,0.57398374,0.63134658,0.57394366,0.23312883,0.36570561,0.43105756,0.47152620,0.37256809,0.30022321,0.59856631,0.58106236,0.40072860,0.61169882,0.41983122,0.35981063,0.43529412,0.61182994,0.58640984,0.51006711,0.56906967,0.41192266,0.40428641,0.39797549,0.41570541,0.38827098
0.60943500,0.54732510,0.60486995,0.61524047,0.36511156,0.56921790,0.61547837,0.56724422,0.57975904,0.59348681,0.58214625,0.42026507,0.58858058,0.71404110,0.41373626,0.72955975,0.73578595,0.57394366,0.32033898,0.36570561,0.43105756,0.34426230,0.37256809,0.73597811,0.59856631,0.58106236,0.40072860,0.61169882,0.41983122,0.35981063,0.43529412,0.61182994,0.58640984,0.40942472,0.56906967,0.78325123,0.40428641,0.39797549,0.41570541,0.38827098
0.60943500,0.60194175,0.51190476,0.27070707,0.18205805,0.22813688,0.30487805,0.56724422,0.31944444,0.33079848,0.58214625,0.42026507,0.37685460,0.50107991,0.41373626,0.57398374,0.73578595,0.57394366,0.23312883,0.36570561,0.43105756,0.60229133,0.37256809,0.32492114,0.49328859,0.58106236,0.40072860,0.42682927,0.41983122,0.35981063,0.43529412,0.61182994,0.47122302,0.63903282,0.56906967,0.41192266,0.40428641,0.39797549,0.41570541,0.38827098
0.60943500,0.60194175,0.60486995,0.38876890,0.36511156,0.27777778,0.37598425,0.56724422,0.57975904,0.35211268,0.50000000,0.78294574,0.33333333,0.50107991,0.41373626,0.57398374,0.82608696,0.57394366,0.23312883,0.36570561,0.43105756,0.35516605,0.56164384,0.32492114,0.59856631,0.58106236,0.70000000,0.42682927,0.41983122,0.35981063,0.43529412,0.61182994,0.58640984,0.40942472,0.56906967,0.41192266,0.54708520,0.50216450,0.41570541,0.38827098
0.60943500,0.65112665,0.60486995,0.61524047,0.63481829,0.56921790,0.61547837,0.56724422,0.57975904,0.35211268,0.58214625,0.42026507,0.58858058,0.81632653,0.41373626,0.77593361,0.73578595,0.57394366,0.23312883,0.36570561,0.43105756,0.60229133,0.37256809,0.80259740,0.59856631,0.58106236,0.40072860,0.61169882,0.41983122,0.35981063,0.43529412,0.61182994,0.58640984,0.63903282,0.56906967,0.41192266,0.40428641,0.50216450,0.41570541,0.38827098
0.60943500,0.65112665,0.60486995,0.61524047,0.36511156,0.56921790,0.30487805,0.56724422,0.57975904,0.41196013,0.58214625,0.42026507,0.58858058,0.77210884,0.41373626,0.77593361,0.73578595,0.57394366,0.46597938,0.36570561,0.43105756,0.80898876,0.79856115,0.80259740,0.59856631,0.58106236,0.40072860,0.61169882,0.41983122,0.35981063,0.43529412,0.61182994,0.58640984,0.63903282,0.56906967,0.55952381,0.40428641,0.86407767,0.41570541,0.38827098
0.60943500,0.65112665,0.60486995,0.61524047,0.63481829,0.56921790,0.61547837,0.56724422,0.57975904,0.59348681,0.58214625,0.42026507,0.58858058,0.37111265,0.41373626,0.28661088,0.32114286,0.20238095,0.60483384,0.76923077,0.43105756,0.60229133,0.79856115,0.32492114,0.39387755,0.27272727,0.40072860,0.61169882,0.41983122,0.35981063,0.43529412,0.24301075,0.27898551,0.40942472,0.56906967,0.41192266,0.40428641,0.39797549,0.41570541,0.38827098
0.60943500,0.54732510,0.60486995,0.50199203,0.36511156,0.27777778,0.30487805,0.56724422,0.57975904,0.35211268,0.58214625,0.42026507,0.58858058,0.71404110,0.41373626,0.72955975,0.63134658,0.57394366,0.32033898,0.83882784,0.43105756,0.80898876,0.82817869,0.80259740,0.59856631,0.58106236,0.40072860,0.61169882,0.41983122,0.35981063,0.43529412,0.61182994,0.58640984,0.63903282,0.56906967,0.41192266,0.54708520,0.39797549,0.41570541,0.38827098
0.60943500,0.65112665,0.60486995,0.61524047,0.39333333,0.56921790,0.30487805,0.56724422,0.57975904,0.59348681,0.58214625,0.42026507,0.58858058,0.71404110,0.41373626,0.77593361,0.63134658,0.57394366,0.60483384,0.83882784,0.43105756,0.80898876,0.76223776,0.73597811,0.39387755,0.58106236,0.40072860,0.61169882,0.41983122,0.74430380,0.43529412,0.61182994,0.58640984,0.63903282,0.56906967,0.41192266,0.63486842,0.39797549,0.41570541,0.38827098
0.60943500,0.65112665,0.60486995,0.61524047,0.63481829,0.56921790,0.61547837,0.56724422,0.57975904,0.59348681,0.58214625,0.42026507,0.58858058,0.37111265,0.60683761,0.72955975,0.73578595,0.57394366,0.60483384,0.76923077,0.70247934,0.80898876,0.76223776,0.80259740,0.59856631,0.58106236,0.90140845,0.61169882,0.41983122,0.35981063,0.43529412,0.61182994,0.58640984,0.77173913,0.56906967,0.92307692,0.63486842,0.39797549,0.41570541,0.38827098
0.60943500,0.65112665,0.60486995,0.61524047,0.39333333,0.56921790,0.42331288,0.56724422,0.57975904,0.59348681,0.58214625,0.42026507,0.58858058,0.37111265,0.41373626,0.77593361,0.63134658,0.57394366,0.60483384,0.36570561,0.68932039,0.78527607,0.37256809,0.80259740,0.59856631,0.58106236,0.40072860,0.61169882,0.41983122,0.35981063,0.43529412,0.61182994,0.58640984,0.40942472,0.56906967,0.41192266,0.78318584,0.39797549,0.41570541,0.38827098
0.60943500,0.65112665,0.60486995,0.61524047,0.63481829,0.56921790,0.61547837,0.56724422,0.57975904,0.35211268,0.58214625,0.42026507,0.58858058,0.77210884,0.69435216,0.77593361,0.73578595,0.57394366,0.46597938,0.83882784,0.75784753,0.80898876,0.76223776,0.80259740,0.48717949,0.58106236,0.82300885,0.61169882,0.71014493,0.35981063,0.43529412,0.61182994,0.58640984,0.63903282,0.56906967,0.58682635,0.40428641,0.86407767,0.85148515,0.89583333
0.60943500,0.65112665,0.60486995,0.61524047,0.63481829,0.56921790,0.61547837,0.56724422,0.57975904,0.48387097,0.58214625,0.42026507,0.58858058,0.50107991,0.41373626,0.57398374,0.63134658,0.57394366,0.46597938,0.36570561,0.43105756,0.78527607,0.37256809,0.44571429,0.59856631,0.58106236,0.40072860,0.61169882,0.41983122,0.85840708,0.43529412,0.61182994,0.58640984,0.63903282,0.56906967,0.41192266,0.78318584,0.64619883,0.41570541,0.38827098
0.60943500,0.65112665,0.60486995,0.61524047,0.63481829,0.56921790,0.61547837,0.56724422,0.57975904,0.59348681,0.58214625,0.42026507,0.58858058,0.71404110,0.41373626,0.77593361,0.73578595,0.57394366,0.60483384,0.76923077,0.43105756,0.80898876,0.76223776,0.80259740,0.59856631,0.58106236,0.40072860,0.61169882,0.41983122,0.35981063,0.43529412,0.61182994,0.58640984,0.63903282,0.56906967,0.41192266,0.40428641,0.50216450,0.41570541,0.38827098
0.60943500,0.65112665,0.60486995,0.61524047,0.63481829,0.56921790,0.42331288,0.56724422,0.57975904,0.35000000,0.19708029,0.42026507,0.58858058,0.71404110,0.41373626,0.72955975,0.73578595,0.57394366,0.46597938,0.70403587,0.43105756,0.47152620,0.67469880,0.29629630,0.59856631,0.58106236,0.40072860,0.61169882,0.41983122,0.35981063,0.43529412,0.61182994,0.58640984,0.40942472,0.56906967,0.41192266,0.40428641,0.39797549,0.41570541,0.45454545
0.60943500,0.54732510,0.60486995,0.38876890,0.36511156,0.56921790,0.37598425,0.56724422,0.57975904,0.59348681,0.19708029,0.42026507,0.58858058,0.71404110,0.41373626,0.28661088,0.63134658,0.57394366,0.60483384,0.76923077,0.43105756,0.60229133,0.76223776,0.44571429,0.59856631,0.58106236,0.40072860,0.61169882,0.41983122,0.35981063,0.43529412,0.61182994,0.58640984,0.40942472,0.56906967,0.41192266,0.40428641,0.37878788,0.41570541,0.38827098
0.60943500,0.65112665,0.60486995,0.61524047,0.63481829,0.56921790,0.61547837,0.56724422,0.57975904,0.59348681,0.58214625,0.42026507,0.58858058,0.50107991,0.41373626,0.72955975,0.63134658,0.57394366,0.60483384,0.36570561,0.43105756,0.35516605,0.79856115,0.73597811,0.59856631,0.58106236,0.90140845,0.36616702,0.68794326,0.35981063,0.43529412,0.61182994,0.58640984,0.51006711,0.56906967,0.62670300,0.91538462,0.39797549,0.71484375,0.71947195
0.60943500,0.54732510,0.60486995,0.27070707,0.18205805,0.27777778,0.37598425,0.56724422,0.57975904,0.33079848,0.58214625,0.42026507,0.33333333,0.71404110,0.69435216,0.72955975,0.63134658,0.57394366,0.23312883,0.36570561,0.68932039,0.35516605,0.37256809,0.32492114,0.59856631,0.58106236,0.40072860,0.36616702,0.41983122,0.85840708,0.43529412,0.58252427,0.47122302,0.40942472,0.56906967,0.41192266,0.40428641,0.35000000,0.41570541,0.38827098
0.60943500,0.65112665,0.60486995,0.61524047,0.63481829,0.56921790,0.61547837,0.56724422,0.57975904,0.59348681,0.58214625,0.42026507,0.58858058,0.37111265,0.41373626,0.77593361,0.81818182,0.57394366,0.60483384,0.36570561,0.43105756,0.35516605,0.37256809,0.80259740,0.59856631,0.58106236,0.40072860,0.61169882,0.41983122,0.35981063,0.43529412,0.61182994,0.58640984,0.63903282,0.56906967,0.41192266,0.87500000,0.39797549,0.41570541,0.38827098
0.60943500,0.65112665,0.60486995,0.61524047,0.18205805,0.56921790,0.61547837,0.56724422,0.57975904,0.59348681,0.58214625,0.42026507,0.58858058,0.37111265,0.41373626,0.77593361,0.73578595,0.57394366,0.60483384,0.36570561,0.43105756,0.35516605,0.37256809,0.30022321,0.59856631,0.58106236,0.40072860,0.61169882,0.41983122,0.35981063,0.43529412,0.61182994,0.58640984,0.40942472,0.56906967,0.58682635,0.40428641,0.39797549,0.41570541,0.38827098
0.60943500,0.65112665,0.60486995,0.61524047,0.63481829,0.56921790,0.61547837,0.56724422,0.57975904,0.59348681,0.58214625,0.42026507,0.58858058,0.37111265,0.41373626,0.57398374,0.32114286,0.57394366,0.60483384,0.36570561,0.43105756,0.78527607,0.37256809,0.73597811,0.59856631,0.58106236,0.40072860,0.61169882,0.41983122,0.35981063,0.43529412,0.61182994,0.58640984,0.40942472,0.56906967,0.41192266,0.40428641,0.39797549,0.41570541,0.38827098
0.60943500,0.65112665,0.60486995,0.61524047,0.63481829,0.56921790,0.61547837,0.56724422,0.57975904,0.59348681,0.58214625,0.42026507,0.58858058,0.71404110,0.41373626,0.77593361,0.73578595,0.57394366,0.60483384,0.83882784,0.75784753,0.78527607,0.37256809,0.80259740,0.59856631,0.58106236,0.40072860,0.61169882,0.41983122,0.85840708,0.43529412,0.61182994,0.58640984,0.40942472,0.56906967,0.78325123,0.40428641,0.39797549,0.41570541,0.38827098
0.60943500,0.65112665,0.60486995,0.61524047,0.63481829,0.56921790,0.61547837,0.56724422,0.57975904,0.35211268,0.58214625,0.42026507,0.58858058,0.50107991,0.41373626,0.72955975,0.63134658,0.57394366,0.46597938,0.36570561,0.43105756,0.60229133,0.67469880,0.32492114,0.59856631,0.58106236,0.82300885,0.61169882,0.41983122,0.35981063,0.43529412,0.61182994,0.58640984,0.63903282,0.56906967,0.41192266,0.51162791,0.39797549,0.41570541,0.38827098
0.60943500,0.65112665,0.60486995,0.61524047,0.39333333,0.56921790,0.42331288,0.56724422,0.57975904,0.59348681,0.58214625,0.42026507,0.58858058,0.50107991,0.41373626,0.72955975,0.63134658,0.57394366,0.32033898,0.36570561,0.43105756,0.78527607,0.37256809,0.73597811,0.59856631,0.58106236,0.40072860,0.51098901,0.41983122,0.35981063,0.43529412,0.40831296,0.58640984,0.63903282,0.56906967,0.55952381,0.40428641,0.39797549,0.41570541,0.38827098
0.60943500,0.65112665,0.60486995,0.61524047,0.39333333,0.56921790,0.37598425,0.56724422,0.57975904,0.59348681,0.58214625,0.42026507,0.58858058,0.50107991,0.41373626,0.72955975,0.32114286,0.57394366,0.60483384,0.36570561,0.75784753,0.60229133,0.67469880,0.73597811,0.59856631,0.58106236,0.40072860,0.61169882,0.41983122,0.35981063,0.43529412,0.53003534,0.58640984,0.63903282,0.56906967,0.41192266,0.63486842,0.39797549,0.41570541,0.38827098
0.60943500,0.64705882,0.58333333,0.38876890,0.39333333,0.22813688,0.37598425,0.34228188,0.57975904,0.33079848,0.43902439,0.42026507,0.33333333,0.71404110,0.41373626,0.72955975,0.63134658,0.57394366,0.46597938,0.70403587,0.43105756,0.34426230,0.82817869,0.44571429,0.49328859,0.58106236,0.59821429,0.51098901,0.41983122,0.40350877,0.43529412,0.53003534,0.47122302,0.77173913,0.25000000,0.41192266,0.63486842,0.37878788,0.41570541,0.38827098
0.60943500,0.60194175,0.51190476,0.50199203,0.50476190,0.56921790,0.61547837,0.56724422,0.31250000,0.41196013,0.58214625,0.42026507,0.37685460,0.37111265,0.41373626,0.30564784,0.63134658,0.57394366,0.23312883,0.36570561,0.43105756,0.47152620,0.37256809,0.29629630,0.49328859,0.58106236,0.40072860,0.61169882,0.41983122,0.57272727,0.43529412,0.61182994,0.58640984,0.57772021,0.56906967,0.41192266,0.63486842,0.64619883,0.41570541,0.38827098
0.60943500,0.54732510,0.49411765,0.27070707,0.39333333,0.20175439,0.37598425,0.34228188,0.31250000,0.33079848,0.34237288,0.42026507,0.33333333,0.50107991,0.41373626,0.57398374,0.63134658,0.57394366,0.46597938,0.43181818,0.43105756,0.78527607,0.79856115,0.73597811,0.28205128,0.33447099,0.40072860,0.27205882,0.41983122,0.35981063,0.43529412,0.53003534,0.27898551,0.40942472,0.17575758,0.41192266,0.78318584,0.64619883,0.41570541,0.38827098
0.60943500,0.54732510,0.51190476,0.27070707,0.36511156,0.56921790,0.61547837,0.56724422,0.57975904,0.41196013,0.58214625,0.42026507,0.58858058,0.50107991,0.61181435,0.72955975,0.63134658,0.57394366,0.46597938,0.36570561,0.68932039,0.47152620,0.79856115,0.73597811,0.48717949,0.58106236,0.40072860,0.42682927,0.41983122,0.85840708,0.43529412,0.61182994,0.47122302,0.63903282,0.21428571,0.58682635,0.63486842,0.35000000,0.41570541,0.38827098
0.60943500,0.65112665,0.60486995,0.61524047,0.39333333,0.56921790,0.37598425,0.56724422,0.57975904,0.59348681,0.58214625,0.70588235,0.37685460,0.71404110,0.41373626,0.72955975,0.63134658,0.57394366,0.46597938,0.79120879,0.43105756,0.78527607,0.79856115,0.73597811,0.59856631,0.58106236,0.70000000,0.42682927,0.41983122,0.74430380,0.43529412,0.24301075,0.47222222,0.40942472,0.56906967,0.62670300,0.40428641,0.39797549,0.71484375,0.71947195
0.60943500,0.65112665,0.60486995,0.61524047,0.63481829,0.56921790,0.61547837,0.56724422,0.57975904,0.59348681,0.58214625,0.42026507,0.58858058,0.71404110,0.61181435,0.72955975,0.73578595,0.57394366,0.60483384,0.36570561,0.72413793,0.78527607,0.37256809,0.80259740,0.59856631,0.58106236,0.90140845,0.42682927,0.41983122,0.66666667,0.74452555,0.61182994,0.58640984,0.63903282,0.56906967,0.88135593,0.78318584,0.39797549,0.82539683,0.38827098
0.60943500,0.65112665,0.60486995,0.61524047,0.39333333,0.56921790,0.37598425,0.56724422,0.57975904,0.41196013,0.58214625,0.84821429,0.58858058,0.71404110,0.68896321,0.72955975,0.73578595,0.57394366,0.60483384,0.36570561,0.70247934,0.35516605,0.37256809,0.30022321,0.59856631,0.58106236,0.85093168,0.61169882,0.96875000,0.35981063,0.97674419,0.61182994,0.58640984,0.57772021,0.56906967,0.78325123,0.40428641,0.39797549,0.41570541,0.38827098
0.60943500,0.65112665,0.60486995,0.61524047,0.63481829,0.56921790,0.37598425,0.56724422,0.57975904,0.59348681,0.58214625,0.78294574,0.58858058,0.71404110,0.41373626,0.77593361,0.81818182,0.57394366,0.60483384,0.36570561,0.75784753,0.78527607,0.37256809,0.80259740,0.59856631,0.58106236,0.40072860,0.61169882,0.41983122,0.86607143,0.43529412,0.61182994,0.58640984,0.77173913,0.56906967,0.78325123,0.87500000,0.39797549,0.41570541,0.38827098
0.60943500,0.64705882,0.60486995,0.61524047,0.39333333,0.27777778,0.30487805,0.56724422,0.37850467,0.33079848,0.58214625,0.42026507,0.58858058,0.37111265,0.41373626,0.28661088,0.32114286,0.57394366,0.46597938,0.36570561,0.43105756,0.35516605,0.37256809,0.30022321,0.59856631,0.58106236,0.40072860,0.61169882,0.41983122,0.35981063,0.43529412,0.61182994,0.58640984,0.40942472,0.56906967,0.58682635,0.40428641,0.39797549,0.41570541,0.38827098
0.60943500,0.60194175,0.60486995,0.61524047,0.36511156,0.56921790,0.30487805,0.56724422,0.57975904,0.35211268,0.58214625,0.42026507,0.58858058,0.37111265,0.61181435,0.30564784,0.32114286,0.57394366,0.32033898,0.36570561,0.72413793,0.35516605,0.37256809,0.30022321,0.59856631,0.58106236,0.40072860,0.61169882,0.41983122,0.35981063,0.43529412,0.61182994,0.58640984,0.40942472,0.56906967,0.55952381,0.40428641,0.39797549,0.41570541,0.38827098
0.60943500,0.65112665,0.60486995,0.61524047,0.36511156,0.56921790,0.61547837,0.56724422,0.57975904,0.33079848,0.58214625,0.42026507,0.58858058,0.37111265,0.41373626,0.28661088,0.32114286,0.57394366,0.32033898,0.36570561,0.75784753,0.35516605,0.37256809,0.30022321,0.59856631,0.58106236,0.40072860,0.61169882,0.41983122,0.35981063,0.43529412,0.61182994,0.58640984,0.40942472,0.56906967,0.41192266,0.40428641,0.39797549,0.41570541,0.38827098
0.60943500,0.60194175,0.60486995,0.61524047,0.18205805,0.22813688,0.30487805,0.56724422,0.57975904,0.35211268,0.58214625,0.42026507,0.58858058,0.37111265,0.41373626,0.28661088,0.32114286,0.57394366,0.60483384,0.36570561,0.43105756,0.35516605,0.37256809,0.30022321,0.59856631,0.58106236,0.40072860,0.61169882,0.41983122,0.35981063,0.43529412,0.61182994,0.58640984,0.51006711,0.56906967,0.62670300,0.40428641,0.39797549,0.41570541,0.38827098
0.60943500,0.65112665,0.60486995,0.61524047,0.63481829,0.56921790,0.61547837,0.56724422,0.57975904,0.33079848,0.58214625,0.42026507,0.58858058,0.37111265,0.41373626,0.28661088,0.32114286,0.57394366,0.32033898,0.36570561,0.72413793,0.35516605,0.37256809,0.30022321,0.59856631,0.58106236,0.40072860,0.61169882,0.41983122,0.35981063,0.43529412,0.61182994,0.58640984,0.40942472,0.56906967,0.41192266,0.40428641,0.39797549,0.41570541,0.38827098
0.53846154,0.54732510,0.36599424,0.61524047,0.36511156,0.22813688,0.22093023,0.15000000,0.35135135,0.33079848,0.58214625,0.42026507,0.58858058,0.37111265,0.54437870,0.28661088,0.32114286,0.26470588,0.46597938,0.36570561,0.43105756,0.35516605,0.37256809,0.30022321,0.59856631,0.32967033,0.40072860,0.42682927,0.41983122,0.35981063,0.43529412,0.61182994,0.58640984,0.51006711,0.56906967,0.58682635,0.40428641,0.39797549,0.41570541,0.38827098
0.60943500,0.65112665,0.60486995,0.38876890,0.18205805,0.56921790,0.22093023,0.56724422,0.57975904,0.35211268,0.06250000,0.42026507,0.58858058,0.37111265,0.41373626,0.28661088,0.32114286,0.26470588,0.60483384,0.36570561,0.43105756,0.35516605,0.37256809,0.30022321,0.59856631,0.58106236,0.40072860,0.61169882,0.41983122,0.35981063,0.43529412,0.24301075,0.58640984,0.40942472,0.56906967,0.41192266,0.40428641,0.39797549,0.41570541,0.38827098
0.60943500,0.65112665,0.60486995,0.61524047,0.63481829,0.56921790,0.61547837,0.56724422,0.57975904,0.59348681,0.58214625,0.42026507,0.37685460,0.37111265,0.41373626,0.28661088,0.32114286,0.57394366,0.46597938,0.36570561,0.43105756,0.35516605,0.37256809,0.32492114,0.59856631,0.58106236,0.40072860,0.61169882,0.41983122,0.35981063,0.43529412,0.61182994,0.58640984,0.40942472,0.56906967,0.41192266,0.40428641,0.39797549,0.41570541,0.38827098
0.60943500,0.65112665,0.60486995,0.61524047,0.36511156,0.56921790,0.22093023,0.56724422,0.57975904,0.59348681,0.06250000,0.42026507,0.58858058,0.37111265,0.41373626,0.28661088,0.32114286,0.57394366,0.60483384,0.36570561,0.43105756,0.35516605,0.37256809,0.30022321,0.59856631,0.58106236,0.40072860,0.61169882,0.41983122,0.35981063,0.43529412,0.61182994,0.58640984,0.40942472,0.56906967,0.41192266,0.40428641,0.39797549,0.41570541,0.38827098
0.60943500,0.65112665,0.60486995,0.61524047,0.63481829,0.56921790,0.61547837,0.56724422,0.57975904,0.35211268,0.58214625,0.42026507,0.58858058,0.37111265,0.41373626,0.28661088,0.32114286,0.57394366,0.32033898,0.36570561,0.70247934,0.35516605,0.37256809,0.30022321,0.59856631,0.58106236,0.40072860,0.61169882,0.68794326,0.35981063,0.43529412,0.61182994,0.58640984,0.51006711,0.56906967,0.41192266,0.40428641,0.39797549,0.41570541,0.38827098
0.60943500,0.54732510,0.49411765,0.38876890,0.36511156,0.56921790,0.30487805,0.21610169,0.57975904,0.33079848,0.34237288,0.42026507,0.33333333,0.35195531,0.54437870,0.30564784,0.63134658,0.29257642,0.32033898,0.36570561,0.43105756,0.47152620,0.37256809,0.73597811,0.39387755,0.27272727,0.70000000,0.36616702,0.41983122,0.74430380,0.43529412,0.24301075,0.47122302,0.57772021,0.56906967,0.62670300,0.40428641,0.39797549,0.41570541,0.38827098
0.60943500,0.54732510,0.36599424,0.61524047,0.36511156,0.20175439,0.37598425,0.19718310,0.31944444,0.33079848,0.34237288,0.42026507,0.33333333,0.35195531,0.47826087,0.57398374,0.63134658,0.26470588,0.32033898,0.36570561,0.43105756,0.47152620,0.37256809,0.32492114,0.39387755,0.33447099,0.40072860,0.42682927,0.41983122,0.40350877,0.43529412,0.24301075,0.58640984,0.63903282,0.56906967,0.62670300,0.40428641,0.39797549,0.41570541,0.38827098
0.60943500,0.45945946,0.60486995,0.61524047,0.39333333,0.27777778,0.30487805,0.56724422,0.31944444,0.59348681,0.58214625,0.42026507,0.33333333,0.37111265,0.41373626,0.28661088,0.63134658,0.57394366,0.46597938,0.36570561,0.43105756,0.35516605,0.37256809,0.30022321,0.39387755,0.27272727,0.70000000,0.61169882,0.41983122,0.35981063,0.43529412,0.24301075,0.58640984,0.63903282,0.56906967,0.58682635,0.40428641,0.39797549,0.41570541,0.38827098
0.60943500,0.54732510,0.60486995,0.50199203,0.63481829,0.56921790,0.37598425,0.56724422,0.31944444,0.35211268,0.58214625,0.42026507,0.33333333,0.71404110,0.54437870,0.57398374,0.63134658,0.57394366,0.32033898,0.36570561,0.43105756,0.35516605,0.37256809,0.32492114,0.59856631,0.33447099,0.40072860,0.61169882,0.41983122,0.35981063,0.43529412,0.40831296,0.21276596,0.57772021,0.56906967,0.62670300,0.40428641,0.39797549,0.41570541,0.38827098
0.60943500,0.54732510,0.60486995,0.61524047,0.63481829,0.56921790,0.42331288,0.56724422,0.31250000,0.35211268,0.34237288,0.84821429,0.37685460,0.37111265,0.69435216,0.30564784,0.28348214,0.57394366,0.60483384,0.36570561,0.43105756,0.35516605,0.37256809,0.29629630,0.59856631,0.58106236,0.40072860,0.61169882,0.41983122,0.35981063,0.43529412,0.40831296,0.58640984,0.63903282,0.56906967,0.58682635,0.40428641,0.39797549,0.41570541,0.38827098
0.60943500,0.65112665,0.36599424,0.38876890,0.36511156,0.22813688,0.37598425,0.56724422,0.57975904,0.35211268,0.34237288,0.42026507,0.37685460,0.50107991,0.47826087,0.30564784,0.63134658,0.33103448,0.46597938,0.36570561,0.43105756,0.60229133,0.37256809,0.44571429,0.48717949,0.58106236,0.40072860,0.36616702,0.41983122,0.35981063,0.43529412,0.61182994,0.58640984,0.40942472,0.56906967,0.78325123,0.40428641,0.39797549,0.71484375,0.38827098
0.52577320,0.45945946,0.36599424,0.38876890,0.36511156,0.56921790,0.61547837,0.56724422,0.57975904,0.59348681,0.58214625,0.42026507,0.58858058,0.37111265,0.61181435,0.23364486,0.73578595,0.37931034,0.46597938,0.36570561,0.75784753,0.60229133,0.37256809,0.44571429,0.59856631,0.58106236,0.82300885,0.51098901,0.41983122,0.40350877,0.43529412,0.61182994,0.58640984,0.40942472,0.56906967,0.41192266,0.40428641,0.39797549,0.41570541,0.38827098
0.60943500,0.65112665,0.60486995,0.61524047,0.63481829,0.56921790,0.37598425,0.56724422,0.57975904,0.59348681,0.58214625,0.84821429,0.58858058,0.71404110,0.41373626,0.57398374,0.73578595,0.57394366,0.32033898,0.36570561,0.43105756,0.78527607,0.37256809,0.73597811,0.49328859,0.58106236,0.40072860,0.61169882,0.41983122,0.35981063,0.43529412,0.61182994,0.58640984,0.40942472,0.56906967,0.41192266,0.40428641,0.39797549,0.71484375,0.71947195
0.60943500,0.22615804,0.60486995,0.61524047,0.36511156,0.20175439,0.30487805,0.56724422,0.57975904,0.33079848,0.34237288,0.42026507,0.58858058,0.50107991,0.41373626,0.72955975,0.28348214,0.57394366,0.49600000,0.43181818,0.43105756,0.47152620,0.37256809,0.73597811,0.59856631,0.58106236,0.40072860,0.61169882,0.41983122,0.35981063,0.43529412,0.61182994,0.47222222,0.40942472,0.17575758,0.58682635,0.40428641,0.39797549,0.41570541,0.38827098
0.60943500,0.45945946,0.21568627,0.61524047,0.36511156,0.56921790,0.61547837,0.56724422,0.57975904,0.33079848,0.58214625,0.84821429,0.58858058,0.37111265,0.41373626,0.57398374,0.32114286,0.57394366,0.60483384,0.36570561,0.43105756,0.47152620,0.76223776,0.44571429,0.59856631,0.58106236,0.40072860,0.61169882,0.41983122,0.35981063,0.43529412,0.61182994,0.58640984,0.40942472,0.21428571,0.41192266,0.40428641,0.37878788,0.41570541,0.38827098
0.27702703,0.16233766,0.24340176,0.27070707,0.18205805,0.20175439,0.30487805,0.21610169,0.35135135,0.59348681,0.19708029,0.70588235,0.37685460,0.37111265,0.41373626,0.72955975,0.32114286,0.20238095,0.49600000,0.36570561,0.43105756,0.34426230,0.37256809,0.32492114,0.28205128,0.58106236,0.40072860,0.27205882,0.41983122,0.35981063,0.43529412,0.20454545,0.34492754,0.40942472,0.56906967,0.41192266,0.40428641,0.37878788,0.41570541,0.45454545
0.60943500,0.45945946,0.60486995,0.61524047,0.36511156,0.22813688,0.42331288,0.56724422,0.31250000,0.33079848,0.58214625,0.42026507,0.37685460,0.71404110,0.41373626,0.72955975,0.63134658,0.57394366,0.23312883,0.36570561,0.43105756,0.60229133,0.67469880,0.73597811,0.59856631,0.58106236,0.40072860,0.61169882,0.41983122,0.35981063,0.43529412,0.61182994,0.58640984,0.40942472,0.56906967,0.41192266,0.40428641,0.39797549,0.41570541,0.38827098
0.60943500,0.22615804,0.21568627,0.38876890,0.36511156,0.22813688,0.30487805,0.56724422,0.57975904,0.35211268,0.28957529,0.84821429,0.58858058,0.37111265,0.41373626,0.28661088,0.63134658,0.20238095,0.46597938,0.36570561,0.43105756,0.60229133,0.37256809,0.32492114,0.39387755,0.58106236,0.40072860,0.27205882,0.41983122,0.35981063,0.43529412,0.61182994,0.58640984,0.40942472,0.56906967,0.41192266,0.40428641,0.39797549,0.41570541,0.38827098
0.30578512,0.22615804,0.24340176,0.27070707,0.18205805,0.22813688,0.30487805,0.21610169,0.57975904,0.59348681,0.19708029,0.42026507,0.58858058,0.37111265,0.41373626,0.72955975,0.63134658,0.20238095,0.60483384,0.79120879,0.75784753,0.78527607,0.37256809,0.73597811,0.39387755,0.58106236,0.40072860,0.61169882,0.41983122,0.35981063,0.43529412,0.61182994,0.34492754,0.51006711,0.56906967,0.41192266,0.40428641,0.50216450,0.41570541,0.38827098
0.60943500,0.40447154,0.60486995,0.61524047,0.36511156,0.56921790,0.61547837,0.56724422,0.57975904,0.59348681,0.58214625,0.42026507,0.58858058,0.50107991,0.41373626,0.57398374,0.32114286,0.57394366,0.60483384,0.36570561,0.43105756,0.78527607,0.37256809,0.73597811,0.59856631,0.58106236,0.40072860,0.61169882,0.41983122,0.35981063,0.43529412,0.61182994,0.58640984,0.40942472,0.13114754,0.41192266,0.40428641,0.39797549,0.41570541,0.38827098
0.60943500,0.22615804,0.21568627,0.30708661,0.18205805,0.56921790,0.30487805,0.19718310,0.31250000,0.35000000,0.19708029,0.42026507,0.25641026,0.71404110,0.69435216,0.72955975,0.73578595,0.33103448,0.49600000,0.79120879,0.68932039,0.35516605,0.79856115,0.44571429,0.28205128,0.25742574,0.82300885,0.17567568,0.41983122,0.86607143,0.43529412,0.24301075,0.34492754,0.40942472,0.56906967,0.62670300,0.54708520,0.35000000,0.82539683,0.71947195
0.40070922,0.40447154,0.24340176,0.30708661,0.18205805,0.56921790,0.30487805,0.21610169,0.57975904,0.59348681,0.28957529,0.42026507,0.25641026,0.71404110,0.41373626,0.72955975,0.63134658,0.20238095,0.60483384,0.79120879,0.67123288,0.25974026,0.76223776,0.80259740,0.59856631,0.33447099,0.85093168,0.36616702,0.41983122,0.85840708,0.43529412,0.24301075,0.27898551,0.63903282,0.56906967,0.58682635,0.63486842,0.37878788,0.82539683,0.71947195
0.30578512,0.54732510,0.24340176,0.38876890,0.18205805,0.22813688,0.22093023,0.56724422,0.31250000,0.00000000,0.58214625,0.70588235,0.33333333,0.50107991,0.41373626,0.57398374,0.28348214,0.20238095,0.46597938,0.79120879,0.68932039,0.35516605,0.37256809,0.73597811,0.39387755,0.27272727,0.40072860,0.27205882,0.41983122,0.35981063,0.43529412,0.24301075,0.21276596,0.40942472,0.19130435,0.41192266,0.40428641,0.39797549,0.71484375,0.38827098
0.30578512,0.65112665,0.21951220,0.61524047,0.63481829,0.56921790,0.44545455,0.56724422,0.57975904,0.00000000,0.58214625,0.42026507,0.37685460,0.35195531,0.41373626,0.57398374,0.63134658,0.26470588,0.23312883,0.36570561,0.43105756,0.35516605,0.37256809,0.30022321,0.59856631,0.33447099,0.40072860,0.27205882,0.41983122,0.35981063,0.43529412,0.40831296,0.58640984,0.40942472,0.21428571,0.78325123,0.40428641,0.39797549,0.41570541,0.81382979
0.60943500,0.22615804,0.60486995,0.61524047,0.36511156,0.56921790,0.61547837,0.56724422,0.57975904,0.59348681,0.58214625,0.70588235,0.58858058,0.77210884,0.68896321,0.72955975,0.63134658,0.57394366,0.60483384,0.36570561,0.43105756,0.35516605,0.37256809,0.73597811,0.59856631,0.58106236,0.40072860,0.61169882,0.41983122,0.35981063,0.43529412,0.61182994,0.58640984,0.40942472,0.56906967,0.41192266,0.40428641,0.64619883,0.48837209,0.63250883
0.27702703,0.22615804,0.24340176,0.38876890,0.36511156,0.56921790,0.37598425,0.21610169,0.31944444,0.59348681,0.19708029,0.42026507,0.58858058,0.71404110,0.60683761,0.72955975,0.73578595,0.20238095,0.60483384,0.83882784,0.75784753,0.35516605,0.76223776,0.80259740,0.59856631,0.33447099,0.85093168,0.27205882,0.59183673,0.35981063,0.84090909,0.24301075,0.27898551,0.31818182,0.56906967,0.41192266,0.40428641,0.50216450,0.82539683,0.81382979
0.60943500,0.40447154,0.24340176,0.27070707,0.36511156,0.56921790,0.30487805,0.56724422,0.57975904,0.59348681,0.58214625,0.70588235,0.58858058,0.37111265,0.69435216,0.72955975,0.63134658,0.57394366,0.60483384,0.76923077,0.68932039,0.35516605,0.79856115,0.73597811,0.49328859,0.58106236,0.40072860,0.42682927,0.41983122,0.35981063,0.43529412,0.61182994,0.47122302,0.57772021,0.56906967,0.41192266,0.40428641,0.50216450,0.41570541,0.63250883
0.60943500,0.22615804,0.24340176,0.66666667,0.30909091,0.20175439,0.30487805,0.56724422,0.31250000,0.00000000,0.58214625,0.70588235,0.37685460,0.71404110,0.41373626,0.72955975,0.63134658,0.26470588,0.46597938,0.88235294,0.43105756,0.35516605,0.76223776,0.80259740,0.59856631,0.58106236,0.40072860,0.61169882,0.41983122,0.35981063,0.43529412,0.61182994,0.27898551,0.57772021,0.19130435,0.41192266,0.40428641,0.39797549,0.41570541,0.38827098
0.27702703,0.22615804,0.24340176,0.38876890,0.39333333,0.56921790,0.37598425,0.56724422,0.31250000,0.59348681,0.34237288,0.42026507,0.58858058,0.71404110,0.60683761,0.72955975,0.63134658,0.26470588,0.60483384,0.79120879,0.75784753,0.35516605,0.76223776,0.73597811,0.59856631,0.32967033,0.82300885,0.36616702,0.41983122,0.35981063,0.43529412,0.61182994,0.58640984,0.40942472,0.56906967,0.41192266,0.40428641,0.39797549,0.85148515,0.81382979
0.26562500,0.40447154,0.24340176,0.50199203,0.18205805,0.56921790,0.37598425,0.56724422,0.57975904,0.35211268,0.28957529,0.70588235,0.25641026,0.37111265,0.68896321,0.28661088,0.63134658,0.29257642,0.07142857,0.36570561,0.43105756,0.35516605,0.37256809,0.44571429,0.49328859,0.27272727,0.85093168,0.27205882,0.41983122,0.35981063,0.43529412,0.24301075,0.47122302,0.40942472,0.21428571,0.62670300,0.63486842,0.39797549,0.41570541,0.63250883
0.60943500,0.45945946,0.60486995,0.38876890,0.39333333,0.56921790,0.42331288,0.56724422,0.57975904,0.35211268,0.58214625,0.42026507,0.58858058,0.37111265,0.60683761,0.57398374,0.63134658,0.57394366,0.23312883,0.36570561,0.43105756,0.35516605,0.37256809,0.32492114,0.59856631,0.58106236,0.40072860,0.61169882,0.41983122,0.35981063,0.43529412,0.61182994,0.58640984,0.40942472,0.56906967,0.41192266,0.40428641,0.64619883,0.41570541,0.38827098
0.60943500,0.22615804,0.21568627,0.27070707,0.18205805,0.22813688,0.42331288,0.56724422,0.37850467,0.35211268,0.28957529,0.42026507,0.58858058,0.37111265,0.60683761,0.28661088,0.28348214,0.57394366,0.60483384,0.36570561,0.43105756,0.34426230,0.37256809,0.44571429,0.48717949,0.33447099,0.40072860,0.61169882,0.41983122,0.35981063,0.43529412,0.61182994,0.58640984,0.57772021,0.56906967,0.58682635,0.40428641,0.39797549,0.41570541,0.38827098
0.26562500,0.65112665,0.24340176,0.27070707,0.18205805,0.22813688,0.30487805,0.56724422,0.35135135,0.41196013,0.19708029,0.42026507,0.58858058,0.37111265,0.54437870,0.28661088,0.26612903,0.57394366,0.32033898,0.70403587,0.43105756,0.25974026,0.37256809,0.30022321,0.28205128,0.33447099,0.40072860,0.27205882,0.81147541,0.35981063,0.43529412,0.24301075,0.58640984,0.40942472,0.56906967,0.41192266,0.40428641,0.86407767,0.41570541,0.38827098
0.60943500,0.22615804,0.36599424,0.27070707,0.18205805,0.56921790,0.30487805,0.19718310,0.31250000,0.35211268,0.58214625,0.42026507,0.25641026,0.37111265,0.61181435,0.30564784,0.28348214,0.29257642,0.32033898,0.36570561,0.43105756,0.25974026,0.37256809,0.29629630,0.49328859,0.25742574,0.40072860,0.27205882,0.41983122,0.35981063,0.43529412,0.24301075,0.34492754,0.40942472,0.19130435,0.58682635,0.40428641,0.39797549,0.41570541,0.38827098
0.26562500,0.22615804,0.21568627,0.27070707,0.36511156,0.22813688,0.42331288,0.56724422,0.31944444,0.59348681,0.34237288,0.78294574,0.54054054,0.35195531,0.41373626,0.23364486,0.63134658,0.57394366,0.46597938,0.43181818,0.43105756,0.47152620,0.37256809,0.32492114,0.59856631,0.58106236,0.82300885,0.42682927,0.41983122,0.57272727,0.43529412,0.61182994,0.58640984,0.40942472,0.21428571,0.41192266,0.40428641,0.39797549,0.41570541,0.38827098
0.26562500,0.16233766,0.21568627,0.30708661,0.18205805,0.22813688,0.37598425,0.56724422,0.35135135,0.35211268,0.28957529,0.42026507,0.58858058,0.37111265,0.61181435,0.28661088,0.32114286,0.26470588,0.60483384,0.36570561,0.43105756,0.35516605,0.37256809,0.13043478,0.28205128,0.25742574,0.40072860,0.27205882,0.71014493,0.35981063,0.88888889,0.24301075,0.47122302,0.57772021,0.21428571,0.41192266,0.40428641,0.39797549,0.41570541,0.38827098
0.23333333,0.09090909,0.21951220,0.30708661,0.18205805,0.20175439,0.37598425,0.21610169,0.35135135,0.35211268,0.19708029,0.42026507,0.33333333,0.37111265,0.41373626,0.28661088,0.32114286,0.29257642,0.49600000,0.36570561,0.43105756,0.35516605,0.37256809,0.30022321,0.24347826,0.25742574,0.40072860,0.27205882,0.41983122,0.35981063,0.43529412,0.24301075,0.34492754,0.57772021,0.56906967,0.41192266,0.40428641,0.39797549,0.41570541,0.38827098
0.23333333,0.09090909,0.21568627,0.30708661,0.30909091,0.20175439,0.30487805,0.15000000,0.37850467,0.35211268,0.23913043,0.42026507,0.37685460,0.37111265,0.41373626,0.28661088,0.26612903,0.33103448,0.46597938,0.36570561,0.43105756,0.34426230,0.37256809,0.30022321,0.39387755,0.33447099,0.40072860,0.36616702,0.41983122,0.35981063,0.43529412,0.40831296,0.27898551,0.40942472,0.21428571,0.41192266,0.40428641,0.39797549,0.41570541,0.38827098
0.25000000,0.22615804,0.36599424,0.38876890,0.39333333,0.22813688,0.30487805,0.21568627,0.35135135,0.35211268,0.23913043,0.42026507,0.33333333,0.00000000,0.69435216,0.28661088,0.18750000,0.57394366,0.32033898,0.36570561,0.43105756,0.35516605,0.37256809,0.13043478,0.28205128,0.58106236,0.40072860,0.27205882,0.41983122,0.35981063,0.43529412,0.20454545,0.47122302,0.40942472,0.56906967,0.41192266,0.54708520,0.35000000,0.41570541,0.38827098
0.60943500,0.65112665,0.60486995,0.27070707,0.36511156,0.22813688,0.42331288,0.21568627,0.35135135,0.35211268,0.34237288,0.70588235,0.58858058,0.37111265,0.41373626,0.15789474,0.26612903,0.57394366,0.32033898,0.36570561,0.43105756,0.35516605,0.37256809,0.30022321,0.59856631,0.58106236,0.40072860,0.61169882,0.41983122,0.35981063,0.43529412,0.58252427,0.58640984,0.40942472,0.56906967,0.41192266,0.40428641,0.39797549,0.41570541,0.38827098
0.23333333,0.65112665,0.21568627,0.27070707,0.18205805,0.22813688,0.61547837,0.19718310,0.37850467,0.35211268,0.19708029,0.42026507,0.47368421,0.00000000,0.54437870,0.15789474,0.32114286,0.26470588,0.32033898,0.36570561,0.43105756,0.35516605,0.37256809,0.30022321,0.59856631,0.32967033,0.40072860,0.00000000,0.41983122,0.35981063,0.43529412,0.24301075,0.58640984,0.40942472,0.17575758,0.41192266,0.40428641,0.37878788,0.41570541,0.38827098
0.23333333,0.45945946,0.36599424,0.27070707,0.50476190,0.56921790,0.37598425,0.19718310,0.31250000,0.33079848,0.28957529,0.70588235,0.33333333,0.22222222,0.61181435,0.30564784,0.28348214,0.57394366,0.49600000,0.70403587,0.43105756,0.34426230,0.82817869,0.44571429,0.49328859,0.32967033,0.70000000,0.42682927,0.41983122,0.74430380,0.43529412,0.40831296,0.58640984,0.40942472,0.17575758,0.58682635,0.40428641,0.86407767,0.41570541,0.38827098
0.23333333,0.16233766,0.24340176,0.27070707,0.18205805,0.22813688,0.30487805,0.19718310,0.37850467,0.33079848,0.23913043,0.42026507,0.25641026,0.37111265,0.47826087,0.15789474,0.32114286,0.57394366,0.46597938,0.26666667,0.43105756,0.35516605,0.37256809,0.30022321,0.28205128,0.27272727,0.40072860,0.17567568,0.41983122,0.35981063,0.43529412,0.20454545,0.34492754,0.40942472,0.17575758,0.41192266,0.40428641,0.37878788,0.48837209,0.63250883
0.26562500,0.22615804,0.24340176,0.30708661,0.36511156,0.22813688,0.30487805,0.56724422,0.57975904,0.41196013,0.28957529,0.42026507,0.58858058,0.37111265,0.41373626,0.28661088,0.28348214,0.57394366,0.46597938,0.36570561,0.43105756,0.34426230,0.37256809,0.30022321,0.59856631,0.58106236,0.40072860,0.42682927,0.41983122,0.35981063,0.43529412,0.61182994,0.58640984,0.40942472,0.56906967,0.41192266,0.40428641,0.39797549,0.41570541,0.38827098
0.23333333,0.22615804,0.24340176,0.27070707,0.36511156,0.56921790,0.44545455,0.56724422,0.35135135,0.35211268,0.28957529,0.42026507,0.37685460,0.37111265,0.68896321,0.28661088,0.26612903,0.33103448,0.46597938,0.36570561,0.43105756,0.25974026,0.37256809,0.29629630,0.49328859,0.33447099,0.40072860,0.27205882,0.41983122,0.74430380,0.43529412,0.61182994,0.58640984,0.40942472,0.56906967,0.41192266,0.40428641,0.50216450,0.41570541,0.38827098
0.23333333,0.16233766,0.24340176,0.27070707,0.18205805,0.56921790,0.37598425,0.56724422,0.57975904,0.35211268,0.19708029,0.42026507,0.58858058,0.37111265,0.61181435,0.28661088,0.28348214,0.33103448,0.46597938,0.36570561,0.43105756,0.25974026,0.37256809,0.30022321,0.48717949,0.32967033,0.40072860,0.61169882,0.41983122,0.35981063,0.43529412,0.20454545,0.47222222,0.40942472,0.29629630,0.41192266,0.40428641,0.39797549,0.41570541,0.38827098
0.23333333,0.16233766,0.21568627,0.27070707,0.36511156,0.27777778,0.61547837,0.56724422,0.37850467,0.41196013,0.19708029,0.42026507,0.58858058,0.22222222,0.61181435,0.23364486,0.28348214,0.57394366,0.46597938,0.43181818,0.43105756,0.47152620,0.37256809,0.44571429,0.28205128,0.25742574,0.40072860,0.36616702,0.41983122,0.35981063,0.43529412,0.24301075,0.34492754,0.40942472,0.19130435,0.41192266,0.40428641,0.50216450,0.41570541,0.38827098
0.23333333,0.16233766,0.60486995,0.30708661,0.18205805,0.56921790,0.37598425,0.56724422,0.57975904,0.35211268,0.58214625,0.42026507,0.58858058,0.37111265,0.41373626,0.23364486,0.28348214,0.57394366,0.46597938,0.36570561,0.43105756,0.35516605,0.37256809,0.30022321,0.59856631,0.58106236,0.40072860,0.42682927,0.41983122,0.35981063,0.43529412,0.24301075,0.58640984,0.40942472,0.13114754,0.78325123,0.40428641,0.39797549,0.41570541,0.63250883
0.60943500,0.40447154,0.60486995,0.27070707,0.63481829,0.56921790,0.61547837,0.56724422,0.57975904,0.35211268,0.58214625,0.42026507,0.58858058,0.37111265,0.61181435,0.30564784,0.28348214,0.26470588,0.46597938,0.36570561,0.43105756,0.34426230,0.37256809,0.30022321,0.49328859,0.30434783,0.40072860,0.42682927,0.41983122,0.40350877,0.43529412,0.40831296,0.34492754,0.40942472,0.17575758,0.62670300,0.40428641,0.86407767,0.41570541,0.63250883
0.27702703,0.22615804,0.24340176,0.27070707,0.18205805,0.56921790,0.37598425,0.21610169,0.31250000,0.35211268,0.28957529,0.42026507,0.25641026,0.37111265,0.61181435,0.23364486,0.26612903,0.57394366,0.32033898,0.36570561,0.43105756,0.47152620,0.37256809,0.13043478,0.39387755,0.27272727,0.40072860,0.27205882,0.41983122,0.40350877,0.43529412,0.24301075,0.34492754,0.40942472,0.17575758,0.41192266,0.40428641,0.39797549,0.41570541,0.38827098
0.23333333,0.16233766,0.21568627,0.61524047,0.63481829,0.20175439,0.61547837,0.15000000,0.31944444,0.59348681,0.19708029,0.71428571,0.37685460,0.37111265,0.61181435,0.28661088,0.32114286,0.26470588,0.60483384,0.36570561,0.68932039,0.60229133,0.67469880,0.44571429,0.28205128,0.58106236,0.40072860,0.17567568,0.41983122,0.85840708,0.43529412,0.20454545,0.34492754,0.40942472,0.19130435,0.55952381,0.40428641,0.39797549,0.41570541,0.38827098
0.23333333,0.16233766,0.24340176,0.27070707,0.36511156,0.56921790,0.42331288,0.56724422,0.23076923,0.35211268,0.19708029,0.42026507,0.58858058,0.37111265,0.68896321,0.28661088,0.26612903,0.57394366,0.46597938,0.36570561,0.43105756,0.35516605,0.37256809,0.30022321,0.49328859,0.58106236,0.40072860,0.48484848,0.41983122,0.35981063,0.43529412,0.24301075,0.58640984,0.40942472,0.56906967,0.62670300,0.63486842,0.39797549,0.41570541,0.38827098
0.23333333,0.16233766,0.21568627,0.27070707,0.18205805,0.22813688,0.37598425,0.56724422,0.35135135,0.59348681,0.23913043,0.42026507,0.25641026,0.37111265,0.61181435,0.28661088,0.32114286,0.26470588,0.32033898,0.36570561,0.43105756,0.35516605,0.37256809,0.30022321,0.24347826,0.27272727,0.40072860,0.27205882,0.71014493,0.35981063,0.43529412,0.20454545,0.27898551,0.40942472,0.17575758,0.41192266,0.40428641,0.39797549,0.41570541,0.89583333
0.27702703,0.16233766,0.21568627,0.30708661,0.18205805,0.20175439,0.37598425,0.21610169,0.35135135,0.35211268,0.28957529,0.42026507,0.25641026,0.35195531,0.61181435,0.30564784,0.28348214,0.29257642,0.23312883,0.26666667,0.43105756,0.34426230,0.37256809,0.30022321,0.39387755,0.25742574,0.59821429,0.17567568,0.71014493,0.74430380,0.88888889,0.24301075,0.34492754,0.40942472,0.21428571,0.41192266,0.54708520,0.39797549,0.41570541,0.38827098
0.26562500,0.16233766,0.21568627,0.30708661,0.18205805,0.27777778,0.37598425,0.21610169,0.35135135,0.33079848,0.19708029,0.42026507,0.25641026,0.37111265,0.60683761,0.28661088,0.32114286,0.57394366,0.60483384,0.36570561,0.43105756,0.35516605,0.37256809,0.30022321,0.28205128,0.33447099,0.40072860,0.36616702,0.41983122,0.35981063,0.43529412,0.40831296,0.58640984,0.40942472,0.56906967,0.41192266,0.40428641,0.64619883,0.41570541,0.38827098
0.23333333,0.16233766,0.21568627,0.27070707,0.18205805,0.20175439,0.42331288,0.34228188,0.31250000,0.41196013,0.19708029,0.42026507,0.25641026,0.37111265,0.54437870,0.28661088,0.26612903,0.57394366,0.46597938,0.36570561,0.43105756,0.47152620,0.37256809,0.30022321,0.28205128,0.58106236,0.40072860,0.17567568,0.41983122,0.35981063,0.43529412,0.20454545,0.58640984,0.40942472,0.21428571,0.41192266,0.63486842,0.39797549,0.41570541,0.38827098
0.27702703,0.65112665,0.36599424,0.27070707,0.36511156,0.56921790,0.61547837,0.56724422,0.57975904,0.59348681,0.58214625,0.42026507,0.58858058,0.37111265,0.41373626,0.28661088,0.28348214,0.57394366,0.32033898,0.36570561,0.43105756,0.35516605,0.37256809,0.30022321,0.59856631,0.58106236,0.40072860,0.61169882,0.41983122,0.57272727,0.43529412,0.61182994,0.47222222,0.40942472,0.29629630,0.58682635,0.40428641,0.39797549,0.41570541,0.38827098
0.60943500,0.16233766,0.24340176,0.27070707,0.18205805,0.22813688,0.30487805,0.56724422,0.37850467,0.35211268,0.28957529,0.42026507,0.33333333,0.37111265,0.41373626,0.28661088,0.32114286,0.37931034,0.46597938,0.36570561,0.50000000,0.35516605,0.37256809,0.13043478,0.59856631,0.33447099,0.40072860,0.42682927,0.41983122,0.35981063,0.43529412,0.24301075,0.58640984,0.40942472,0.56906967,0.41192266,0.40428641,0.39797549,0.41570541,0.38827098
0.27702703,0.22615804,0.24340176,0.30708661,0.18205805,0.22813688,0.42331288,0.56724422,0.57975904,0.35211268,0.34237288,0.42026507,0.58858058,0.22222222,0.61181435,0.23364486,0.32114286,0.57394366,0.32033898,0.36570561,0.43105756,0.35516605,0.37256809,0.29629630,0.59856631,0.32967033,0.40072860,0.36616702,0.41983122,0.40350877,0.43529412,0.24301075,0.58640984,0.40942472,0.56906967,0.41192266,0.40428641,0.39797549,0.41570541,0.38827098
0.26562500,0.22615804,0.24340176,0.61524047,0.36511156,0.28571429,0.61547837,0.56724422,0.31944444,0.41196013,0.58214625,0.42026507,0.58858058,0.37111265,0.68896321,0.28661088,0.32114286,0.57394366,0.07142857,0.36570561,0.43105756,0.35516605,0.37256809,0.32492114,0.59856631,0.58106236,0.40072860,0.42682927,0.41983122,0.35981063,0.43529412,0.61182994,0.58640984,0.40942472,0.56906967,0.41192266,0.40428641,0.39797549,0.41570541,0.38827098
0.26562500,0.22615804,0.24340176,0.27070707,0.18205805,0.22813688,0.37598425,0.21610169,0.35135135,0.33079848,0.28957529,0.42026507,0.25641026,0.00000000,0.47826087,0.28661088,0.18750000,0.29257642,0.32033898,0.36570561,0.67123288,0.34426230,0.37256809,0.44571429,0.39387755,0.27272727,0.40072860,0.27205882,0.71014493,0.40350877,0.43529412,0.24301075,0.47122302,0.40942472,0.21428571,0.41192266,0.40428641,0.39797549,0.41570541,0.38827098
0.60943500,0.45945946,0.60486995,0.61524047,0.63481829,0.56921790,0.61547837,0.56724422,0.57975904,0.59348681,0.58214625,0.42026507,0.58858058,0.37111265,0.61181435,0.30564784,0.28348214,0.57394366,0.32033898,0.36570561,0.68932039,0.35516605,0.37256809,0.30022321,0.59856631,0.58106236,0.40072860,0.36616702,0.41983122,0.35981063,0.43529412,0.61182994,0.58640984,0.40942472,0.21428571,0.62670300,0.51162791,0.50216450,0.41570541,0.38827098
0.23333333,0.09090909,0.21951220,0.30708661,0.30909091,0.20175439,0.22093023,0.15000000,0.57975904,0.35211268,0.23913043,0.42026507,0.58858058,0.50107991,0.41373626,0.57398374,0.32114286,0.20238095,0.60483384,0.70403587,0.43105756,0.47152620,0.37256809,0.44571429,0.24347826,0.25742574,0.40072860,0.27205882,0.41983122,0.35981063,0.43529412,0.20454545,0.21276596,0.40942472,0.13114754,0.41192266,0.54708520,0.39797549,0.41570541,0.38827098
0.60943500,0.65112665,0.60486995,0.61524047,0.39333333,0.56921790,0.61547837,0.56724422,0.57975904,0.33079848,0.58214625,0.42026507,0.58858058,0.37111265,0.47826087,0.30564784,0.63134658,0.57394366,0.23312883,0.36570561,0.43105756,0.34426230,0.37256809,0.30022321,0.59856631,0.58106236,0.40072860,0.61169882,0.41983122,0.35981063,0.43529412,0.61182994,0.58640984,0.40942472,0.29629630,0.41192266,0.40428641,0.39797549,0.41570541,0.38827098
0.26562500,0.16233766,0.21568627,0.30708661,0.18205805,0.20175439,0.30487805,0.19718310,0.31250000,0.35211268,0.19708029,0.78294574,0.33333333,0.37111265,0.41373626,0.30564784,0.28348214,0.29257642,0.46597938,0.36570561,0.43105756,0.25974026,0.37256809,0.30022321,0.28205128,0.33447099,0.40072860,0.36616702,0.41983122,0.35981063,0.43529412,0.24301075,0.21276596,0.40942472,0.17575758,0.78325123,0.40428641,0.39797549,0.34782609,0.38827098
0.60943500,0.45945946,0.60486995,0.30708661,0.39333333,0.56921790,0.61547837,0.56724422,0.57975904,0.59348681,0.58214625,0.42026507,0.58858058,0.37111265,0.61181435,0.30564784,0.32114286,0.57394366,0.32033898,0.36570561,0.68932039,0.34426230,0.37256809,0.30022321,0.59856631,0.58106236,0.59821429,0.42682927,0.41983122,0.74430380,0.43529412,0.53003534,0.47222222,0.40942472,0.17575758,0.55952381,0.40428641,0.37878788,0.41570541,0.56934307
0.23333333,0.22615804,0.24340176,0.38876890,0.39333333,0.27777778,0.37598425,0.21568627,0.35135135,0.35211268,0.23913043,0.42026507,0.54054054,0.37111265,0.61181435,0.15789474,0.32114286,0.57394366,0.46597938,0.36570561,0.50000000,0.35516605,0.37256809,0.30022321,0.28205128,0.33447099,0.40072860,0.27205882,0.59183673,0.35981063,0.43529412,0.24301075,0.58640984,0.40942472,0.21428571,0.36111111,0.63486842,0.86407767,0.41570541,0.38827098
0.60943500,0.45945946,0.60486995,0.27070707,0.36511156,0.56921790,0.61547837,0.21610169,0.57975904,0.35211268,0.58214625,0.42026507,0.37685460,0.37111265,0.41373626,0.23364486,0.28348214,0.57394366,0.23312883,0.36570561,0.43105756,0.34426230,0.37256809,0.30022321,0.49328859,0.58106236,0.40072860,0.42682927,0.41983122,0.35981063,0.43529412,0.40831296,0.58640984,0.40942472,0.17575758,0.41192266,0.40428641,0.39797549,0.41570541,0.38827098
0.60943500,0.22615804,0.60486995,0.38876890,0.18205805,0.56921790,0.37598425,0.56724422,0.57975904,0.35211268,0.58214625,0.42026507,0.58858058,0.37111265,0.60683761,0.30564784,0.63134658,0.57394366,0.23312883,0.36570561,0.43105756,0.35516605,0.37256809,0.32492114,0.59856631,0.58106236,0.40072860,0.61169882,0.71014493,0.35981063,0.74452555,0.61182994,0.58640984,0.40942472,0.56906967,0.62670300,0.51162791,0.50216450,0.41570541,0.38827098
0.26562500,0.65112665,0.24340176,0.27070707,0.30909091,0.22813688,0.22093023,0.56724422,0.57975904,0.35211268,0.19708029,0.42026507,0.37685460,0.37111265,0.61181435,0.30564784,0.28348214,0.26470588,0.32033898,0.36570561,0.43105756,0.35516605,0.37256809,0.44571429,0.39387755,0.27272727,0.40072860,0.27205882,0.59183673,0.35981063,0.43529412,0.24301075,0.27898551,0.40942472,0.21428571,0.62670300,0.40428641,0.39797549,0.41570541,0.45454545
0.27702703,0.22615804,0.36599424,0.27070707,0.36511156,0.22813688,0.30487805,0.21568627,0.57975904,0.35211268,0.34237288,0.70588235,0.37685460,0.37111265,0.47826087,0.57398374,0.32114286,0.26470588,0.46597938,0.36570561,0.43105756,0.25974026,0.37256809,0.32492114,0.39387755,0.33447099,0.40072860,0.42682927,0.41983122,0.35981063,0.43529412,0.53003534,0.27898551,0.77173913,0.17575758,0.41192266,0.40428641,0.39797549,0.48837209,0.63250883
0.60943500,0.45945946,0.60486995,0.38876890,0.63481829,0.56921790,0.61547837,0.56724422,0.57975904,0.35211268,0.58214625,0.42026507,0.58858058,0.37111265,0.41373626,0.30564784,0.32114286,0.57394366,0.23312883,0.36570561,0.43105756,0.35516605,0.37256809,0.30022321,0.48717949,0.58106236,0.40072860,0.42682927,0.41983122,0.35981063,0.43529412,0.53003534,0.47222222,0.40942472,0.21428571,0.41192266,0.40428641,0.64619883,0.41570541,0.38827098
0.27702703,0.40447154,0.36599424,0.50199203,0.39333333,0.56921790,0.37598425,0.56724422,0.31250000,0.35211268,0.28957529,0.42026507,0.33333333,0.37111265,0.61181435,0.30564784,0.32114286,0.57394366,0.46597938,0.36570561,0.43105756,0.60229133,0.37256809,0.32492114,0.49328859,0.58106236,0.40072860,0.61169882,0.41983122,0.35981063,0.43529412,0.61182994,0.47122302,0.51006711,0.19130435,0.58682635,0.63486842,0.64619883,0.41570541,0.38827098
0.27702703,0.22615804,0.21568627,0.27070707,0.18205805,0.56921790,0.37598425,0.56724422,0.57975904,0.35211268,0.19708029,0.42026507,0.25641026,0.35195531,0.69435216,0.30564784,0.32114286,0.57394366,0.32033898,0.36570561,0.43105756,0.47152620,0.56164384,0.44571429,0.28205128,0.25742574,0.40072860,0.51098901,0.41983122,0.35981063,0.43529412,0.53003534,0.27898551,0.77173913,0.17575758,0.41192266,0.78318584,0.39797549,0.41570541,0.38827098
0.60943500,0.40447154,0.36599424,0.30708661,0.18205805,0.56921790,0.61547837,0.56724422,0.57975904,0.35211268,0.58214625,0.42026507,0.58858058,0.37111265,0.41373626,0.28661088,0.28348214,0.57394366,0.32033898,0.36570561,0.43105756,0.35516605,0.37256809,0.30022321,0.59856631,0.58106236,0.40072860,0.51098901,0.83333333,0.35981063,0.74452555,0.53003534,0.58640984,0.40942472,0.56906967,0.41192266,0.78318584,0.39797549,0.41570541,0.38827098
0.26562500,0.22615804,0.24340176,0.27070707,0.36511156,0.22813688,0.42331288,0.34228188,0.23076923,0.35211268,0.28957529,0.42026507,0.33333333,0.37111265,0.68896321,0.28661088,0.32114286,0.26470588,0.23312883,0.36570561,0.43105756,0.00000000,0.37256809,0.29629630,0.28205128,0.27272727,0.40072860,0.36616702,0.41983122,0.35981063,0.43529412,0.53003534,0.27898551,0.77173913,0.17575758,0.41192266,0.40428641,0.39797549,0.41570541,0.38827098
0.27702703,0.40447154,0.24340176,0.38876890,0.39333333,0.22813688,0.37598425,0.56724422,0.57975904,0.33079848,0.34237288,0.42026507,0.33333333,0.50107991,0.41373626,0.57398374,0.32114286,0.26470588,0.23312883,0.36570561,0.43105756,0.47152620,0.56164384,0.44571429,0.28205128,0.33447099,0.40072860,0.36616702,0.41983122,0.35981063,0.43529412,0.40831296,0.27898551,0.11111111,0.17575758,0.41192266,0.54708520,0.39797549,0.48837209,0.63250883
0.27702703,0.45945946,0.36599424,0.38876890,0.39333333,0.27777778,0.37598425,0.56724422,0.57975904,0.35211268,0.28957529,0.42026507,0.33333333,0.22222222,0.61181435,0.30564784,0.26612903,0.29257642,0.23312883,0.36570561,0.68932039,0.25974026,0.33333333,0.32492114,0.49328859,0.27272727,0.31250000,0.27205882,0.41983122,0.40350877,0.43529412,0.24301075,0.34492754,0.40942472,0.21428571,0.41192266,0.54708520,0.37878788,0.41570541,0.38827098
0.27702703,0.40447154,0.49411765,0.27070707,0.36511156,0.27777778,0.30487805,0.21610169,0.31250000,0.33079848,0.34237288,0.42026507,0.33333333,0.37111265,0.68896321,0.30564784,0.32114286,0.26470588,0.32033898,0.36570561,0.67123288,0.34426230,0.37256809,0.44571429,0.39387755,0.27272727,0.40072860,0.27205882,0.41983122,0.35981063,0.43529412,0.40831296,0.27898551,0.40942472,0.17575758,0.41192266,0.40428641,0.39797549,0.71484375,0.71947195
0.60943500,0.40447154,0.36599424,0.61524047,0.36511156,0.56921790,0.30487805,0.56724422,0.57975904,0.59348681,0.34237288,0.42026507,0.58858058,0.50107991,0.68896321,0.30564784,0.28348214,0.57394366,0.23312883,0.36570561,0.43105756,0.35516605,0.37256809,0.30022321,0.59856631,0.58106236,0.40072860,0.61169882,0.41983122,0.35981063,0.43529412,0.61182994,0.58640984,0.57772021,0.56906967,0.41192266,0.40428641,0.39797549,0.41570541,0.38827098
0.60943500,0.22615804,0.60486995,0.27070707,0.18205805,0.56921790,0.37598425,0.56724422,0.57975904,0.59348681,0.58214625,0.42026507,0.58858058,0.71404110,0.41373626,0.72955975,0.28348214,0.57394366,0.60483384,0.83882784,0.43105756,0.35516605,0.79856115,0.80259740,0.59856631,0.58106236,0.40072860,0.61169882,0.41983122,0.35981063,0.43529412,0.61182994,0.58640984,0.40942472,0.13114754,0.41192266,0.40428641,0.39797549,0.41570541,0.38827098
0.30578512,0.22615804,0.36599424,0.30708661,0.18205805,0.20175439,0.37598425,0.21610169,0.31250000,0.33079848,0.28957529,0.42026507,0.33333333,0.37111265,0.54437870,0.28661088,0.32114286,0.33103448,0.32033898,0.36570561,0.43105756,0.31250000,0.37256809,0.32492114,0.28205128,0.32967033,0.40072860,0.48484848,0.41983122,0.35981063,0.43529412,0.61182994,0.27898551,0.57772021,0.19130435,0.41192266,0.54708520,0.37878788,0.41570541,0.38827098
0.30578512,0.45945946,0.36599424,0.38876890,0.39333333,0.56921790,0.44545455,0.56724422,0.23076923,0.35211268,0.43750000,0.42026507,0.33333333,0.37111265,0.69435216,0.23364486,0.32114286,0.26470588,0.32033898,0.36570561,0.68932039,0.34426230,0.37256809,0.30022321,0.49328859,0.30434783,0.40072860,0.36616702,0.59183673,0.35981063,0.43529412,0.61182994,0.47122302,0.57772021,0.29629630,0.41192266,0.40428641,0.64619883,0.48837209,0.38827098
0.27702703,0.45945946,0.49411765,0.38876890,0.39333333,0.56921790,0.42331288,0.21568627,0.57975904,0.35211268,0.43750000,0.42026507,0.33333333,0.37111265,0.68896321,0.15789474,0.28348214,0.26470588,0.23312883,0.36570561,0.43105756,0.35516605,0.37256809,0.30022321,0.39387755,0.27272727,0.59821429,0.27205882,0.41983122,0.35981063,0.43529412,0.40831296,0.47122302,0.40942472,0.56906967,0.41192266,0.54708520,0.37878788,0.41570541,0.38827098
0.30578512,0.22615804,0.36599424,0.27070707,0.18205805,0.22813688,0.42331288,0.56724422,0.31250000,0.35211268,0.34237288,0.42026507,0.37685460,0.35195531,0.41373626,0.57398374,0.26612903,0.26470588,0.32033898,0.26666667,0.43105756,0.34426230,0.37256809,0.44571429,0.59856631,0.33447099,0.40072860,0.42682927,0.41983122,0.35981063,0.43529412,0.53003534,0.34492754,0.63903282,0.17575758,0.41192266,0.63486842,0.35000000,0.41570541,0.38827098
0.27702703,0.40447154,0.24340176,0.38876890,0.39333333,0.56921790,0.37598425,0.56724422,0.31250000,0.35211268,0.43750000,0.78294574,0.33333333,0.35195531,0.61181435,0.57398374,0.32114286,0.26470588,0.32033898,0.43181818,0.43105756,0.47152620,0.67469880,0.73597811,0.39387755,0.33447099,0.40072860,0.42682927,0.81147541,0.35981063,0.84090909,0.24301075,0.34492754,0.11111111,0.17575758,0.41192266,0.40428641,0.86407767,0.82539683,0.71947195
0.27702703,0.22615804,0.24340176,0.27070707,0.18205805,0.20175439,0.37598425,0.34228188,0.57975904,0.41196013,0.28957529,0.42026507,0.37685460,0.37111265,0.68896321,0.28661088,0.32114286,0.26470588,0.32033898,0.36570561,0.43105756,0.34426230,0.37256809,0.32492114,0.28205128,0.58106236,0.40072860,0.61169882,0.41983122,0.35981063,0.43529412,0.58252427,0.27898551,0.57772021,0.13114754,0.58682635,0.40428641,0.39797549,0.48837209,0.38827098
0.60943500,0.40447154,0.60486995,0.38876890,0.36511156,0.56921790,0.42331288,0.56724422,0.57975904,0.59348681,0.58214625,0.42026507,0.58858058,0.37111265,0.61181435,0.30564784,0.63134658,0.57394366,0.32033898,0.36570561,0.68932039,0.35516605,0.37256809,0.44571429,0.48717949,0.58106236,0.40072860,0.61169882,0.41983122,0.35981063,0.43529412,0.61182994,0.58640984,0.40942472,0.56906967,0.58682635,0.63486842,0.39797549,0.41570541,0.38827098
0.27702703,0.16233766,0.21568627,0.27070707,0.18205805,0.22813688,0.30487805,0.56724422,0.31250000,0.35211268,0.28957529,0.42026507,0.25641026,0.37111265,0.60683761,0.28661088,0.28348214,0.29257642,0.32033898,0.36570561,0.43105756,0.34426230,0.37256809,0.29629630,0.28205128,0.58106236,0.40072860,0.27205882,0.41983122,0.35981063,0.43529412,0.24301075,0.34492754,0.40942472,0.17575758,0.41192266,0.40428641,0.64619883,0.71484375,0.63250883
0.30578512,0.60194175,0.60486995,0.50199203,0.63481829,0.56921790,0.61547837,0.56724422,0.57975904,0.41196013,0.58214625,0.42026507,0.33333333,0.37111265,0.10000000,0.30564784,0.73578595,0.57394366,0.23312883,0.43181818,0.43105756,0.34426230,0.37256809,0.30022321,0.39387755,0.32967033,0.59821429,0.42682927,0.41983122,0.35981063,0.43529412,0.53003534,0.47222222,0.40942472,0.56906967,0.41192266,0.54708520,0.86407767,0.41570541,0.38827098
0.60943500,0.65112665,0.60486995,0.61524047,0.63481829,0.56921790,0.42331288,0.56724422,0.57975904,0.33079848,0.58214625,0.42026507,0.58858058,0.50107991,0.41373626,0.30564784,0.28348214,0.57394366,0.32033898,0.36570561,0.43105756,0.47152620,0.37256809,0.30022321,0.59856631,0.58106236,0.40072860,0.61169882,0.41983122,0.35981063,0.43529412,0.61182994,0.58640984,0.63903282,0.56906967,0.41192266,0.40428641,0.39797549,0.41570541,0.38827098
0.60943500,0.45945946,0.60486995,0.38876890,0.36511156,0.56921790,0.37598425,0.34228188,0.57975904,0.35211268,0.58214625,0.42026507,0.37685460,0.37111265,0.47826087,0.30564784,0.32114286,0.57394366,0.32033898,0.36570561,0.43105756,0.35516605,0.37256809,0.30022321,0.59856631,0.32967033,0.40072860,0.42682927,0.41983122,0.35981063,0.43529412,0.53003534,0.47122302,0.40942472,0.56906967,0.62670300,0.40428641,0.35000000,0.41570541,0.38827098
0.60943500,0.65112665,0.60486995,0.61524047,0.63481829,0.56921790,0.61547837,0.56724422,0.57975904,0.59348681,0.58214625,0.42026507,0.58858058,0.37111265,0.60683761,0.30564784,0.63134658,0.57394366,0.23312883,0.36570561,0.75784753,0.35516605,0.37256809,0.30022321,0.59856631,0.58106236,0.40072860,0.61169882,0.41983122,0.35981063,0.43529412,0.61182994,0.58640984,0.63903282,0.56906967,0.62670300,0.40428641,0.50216450,0.41570541,0.38827098
0.60943500,0.45945946,0.60486995,0.61524047,0.63481829,0.56921790,0.61547837,0.21610169,0.57975904,0.59348681,0.58214625,0.42026507,0.58858058,0.37111265,0.69435216,0.28661088,0.32114286,0.57394366,0.60483384,0.36570561,0.43105756,0.25974026,0.37256809,0.30022321,0.59856631,0.58106236,0.40072860,0.61169882,0.41983122,0.35981063,0.43529412,0.61182994,0.34492754,0.57772021,0.56906967,0.41192266,0.40428641,0.39797549,0.41570541,0.38827098
0.30578512,0.60194175,0.60486995,0.50199203,0.63481829,0.56921790,0.44545455,0.56724422,0.57975904,0.35211268,0.58214625,0.42026507,0.33333333,0.37111265,0.68896321,0.15789474,0.28348214,0.26470588,0.60483384,0.36570561,0.67123288,0.25974026,0.37256809,0.30022321,0.39387755,0.32967033,0.40072860,0.36616702,0.71014493,0.35981063,0.43529412,0.53003534,0.47222222,0.40942472,0.25000000,0.41192266,0.54708520,0.39797549,0.41570541,0.38827098
0.60943500,0.65112665,0.60486995,0.61524047,0.63481829,0.56921790,0.61547837,0.56724422,0.57975904,0.59348681,0.58214625,0.42026507,0.33333333,0.37111265,0.41373626,0.28661088,0.32114286,0.57394366,0.32033898,0.36570561,0.43105756,0.34426230,0.37256809,0.30022321,0.59856631,0.58106236,0.40072860,0.61169882,0.41983122,0.35981063,0.43529412,0.61182994,0.47222222,0.40942472,0.21428571,0.41192266,0.40428641,0.39797549,0.41570541,0.38827098
0.60943500,0.65112665,0.60486995,0.61524047,0.63481829,0.56921790,0.61547837,0.56724422,0.31250000,0.59348681,0.58214625,0.42026507,0.58858058,0.37111265,0.41373626,0.28661088,0.28348214,0.57394366,0.23312883,0.36570561,0.43105756,0.35516605,0.37256809,0.32492114,0.59856631,0.58106236,0.40072860,0.61169882,0.41983122,0.35981063,0.43529412,0.61182994,0.42307692,0.33333333,0.21428571,0.55952381,0.40428641,0.39797549,0.41570541,0.38827098
0.40070922,0.60194175,0.60486995,0.61524047,0.63481829,0.56921790,0.42331288,0.56724422,0.57975904,0.59348681,0.58214625,0.80952381,0.58858058,0.22222222,0.60683761,0.57398374,0.26612903,0.57394366,0.46597938,0.36570561,0.67123288,0.35516605,0.37256809,0.30022321,0.59856631,0.58106236,0.40072860,0.61169882,0.41983122,0.35981063,0.43529412,0.61182994,0.58640984,0.63903282,0.56906967,0.55952381,0.40428641,0.35000000,0.41570541,0.38827098
0.60943500,0.65112665,0.60486995,0.27070707,0.63481829,0.56921790,0.61547837,0.56724422,0.57975904,0.59348681,0.58214625,0.42026507,0.58858058,0.37111265,0.54437870,0.57398374,0.32114286,0.57394366,0.07142857,0.36570561,0.43105756,0.34426230,0.56164384,0.30022321,0.59856631,0.58106236,0.40072860,0.61169882,0.41983122,0.35981063,0.43529412,0.61182994,0.58640984,0.31818182,0.56906967,0.41192266,0.40428641,0.39797549,0.41570541,0.38827098
0.26562500,0.22615804,0.24340176,0.27070707,0.18205805,0.56921790,0.61547837,0.21610169,0.31250000,0.59348681,0.19708029,0.42026507,0.37685460,0.37111265,0.53571429,0.28661088,0.63134658,0.26470588,0.60483384,0.36570561,0.43105756,0.60229133,0.37256809,0.30022321,0.28205128,0.33447099,0.40072860,0.42682927,0.41983122,0.35981063,0.43529412,0.24301075,0.58640984,0.57772021,0.56906967,0.41192266,0.40428641,0.93577982,0.41570541,0.38827098
0.60943500,0.45945946,0.60486995,0.27070707,0.36511156,0.56921790,0.61547837,0.56724422,0.57975904,0.33079848,0.58214625,0.42026507,0.58858058,0.37111265,0.41373626,0.30564784,0.32114286,0.57394366,0.07142857,0.36570561,0.43105756,0.35516605,0.37256809,0.30022321,0.59856631,0.58106236,0.40072860,0.61169882,0.41983122,0.35981063,0.43529412,0.61182994,0.42307692,0.40942472,0.56906967,0.41192266,0.40428641,0.39797549,0.41570541,0.38827098
0.27702703,0.40447154,0.36599424,0.38876890,0.18205805,0.22813688,0.30487805,0.34228188,0.57975904,0.33079848,0.28957529,0.70588235,0.33333333,0.35195531,0.61181435,0.30564784,0.32114286,0.29257642,0.60483384,0.36570561,0.75784753,0.34426230,0.37256809,0.32492114,0.28205128,0.58106236,0.40072860,0.27205882,0.41983122,0.35981063,0.43529412,0.40831296,0.34492754,0.40942472,0.56906967,0.41192266,0.40428641,0.64619883,0.41570541,0.38827098
0.60943500,0.40447154,0.60486995,0.38876890,0.18205805,0.56921790,0.42331288,0.56724422,0.57975904,0.41196013,0.58214625,0.42026507,0.58858058,0.71404110,0.41373626,0.57398374,0.63134658,0.57394366,0.23312883,0.36570561,0.43105756,0.35516605,0.37256809,0.44571429,0.59856631,0.58106236,0.40072860,0.61169882,0.41983122,0.35981063,0.43529412,0.61182994,0.58640984,0.57772021,0.56906967,0.41192266,0.40428641,0.39797549,0.41570541,0.38827098
0.40070922,0.45945946,0.58333333,0.38876890,0.39333333,0.56921790,0.44545455,0.34228188,0.57975904,0.59348681,0.43750000,0.42026507,0.33333333,0.37111265,0.41373626,0.30564784,0.28348214,0.33103448,0.32033898,0.36570561,0.43105756,0.25974026,0.37256809,0.30022321,0.39387755,0.33447099,0.40072860,0.36616702,0.41983122,0.35981063,0.43529412,0.72222222,0.34492754,0.63903282,0.21428571,0.41192266,0.54708520,0.39797549,0.41570541,0.38827098
0.60943500,0.40447154,0.60486995,0.61524047,0.63481829,0.56921790,0.61547837,0.56724422,0.57975904,0.35211268,0.58214625,0.42026507,0.58858058,0.37111265,0.69435216,0.30564784,0.28348214,0.57394366,0.23312883,0.36570561,0.43105756,0.35516605,0.37256809,0.44571429,0.59856631,0.58106236,0.40072860,0.61169882,0.41983122,0.35981063,0.43529412,0.61182994,0.34492754,0.57772021,0.56906967,0.41192266,0.40428641,0.39797549,0.41570541,0.38827098
0.60943500,0.16233766,0.60486995,0.27070707,0.63481829,0.56921790,0.30487805,0.56724422,0.57975904,0.59348681,0.58214625,0.42026507,0.58858058,0.37111265,0.41373626,0.57398374,0.32114286,0.57394366,0.60483384,0.83882784,0.43105756,0.35516605,0.37256809,0.73597811,0.59856631,0.58106236,0.40072860,0.61169882,0.41983122,0.35981063,0.43529412,0.61182994,0.58640984,0.40942472,0.56906967,0.41192266,0.40428641,0.39797549,0.41570541,0.38827098
0.60943500,0.40447154,0.60486995,0.38876890,0.63481829,0.56921790,0.61547837,0.56724422,0.31250000,0.59348681,0.58214625,0.42026507,0.58858058,0.37111265,0.41373626,0.28661088,0.63134658,0.57394366,0.32033898,0.36570561,0.43105756,0.35516605,0.37256809,0.73597811,0.59856631,0.58106236,0.70000000,0.61169882,0.41983122,0.35981063,0.43529412,0.61182994,0.58640984,0.40942472,0.19130435,0.58682635,0.40428641,0.39797549,0.41570541,0.38827098
0.30578512,0.40447154,0.49411765,0.38876890,0.63481829,0.56921790,0.42331288,0.56724422,0.31250000,0.59348681,0.58214625,0.42026507,0.33333333,0.50107991,0.41373626,0.57398374,0.73578595,0.57394366,0.32033898,0.70403587,0.75784753,0.35516605,0.79856115,0.73597811,0.59856631,0.58106236,0.40072860,0.42682927,0.71014493,0.35981063,0.84931507,0.61182994,0.58640984,0.63903282,0.56906967,0.41192266,0.40428641,0.39797549,0.41570541,0.38827098
0.60943500,0.45945946,0.60486995,0.27070707,0.63481829,0.56921790,0.61547837,0.56724422,0.57975904,0.59348681,0.58214625,0.42026507,0.58858058,0.37111265,0.41373626,0.57398374,0.63134658,0.57394366,0.60483384,0.36570561,0.43105756,0.35516605,0.37256809,0.32492114,0.59856631,0.58106236,0.40072860,0.61169882,0.41983122,0.35981063,0.43529412,0.61182994,0.58640984,0.40942472,0.56906967,0.41192266,0.40428641,0.39797549,0.41570541,0.38827098
0.30578512,0.65112665,0.24340176,0.38876890,0.18205805,0.56921790,0.30487805,0.56724422,0.57975904,0.59348681,0.58214625,0.42026507,0.58858058,0.37111265,0.61181435,0.57398374,0.73578595,0.29257642,0.46597938,0.36570561,0.43105756,0.35516605,0.37256809,0.44571429,0.28205128,0.58106236,0.40072860,0.42682927,0.41983122,0.35981063,0.43529412,0.53003534,0.58640984,0.63903282,0.19130435,0.41192266,0.91538462,0.39797549,0.41570541,0.38827098
0.27702703,0.40447154,0.36599424,0.27070707,0.36511156,0.27777778,0.37598425,0.56724422,0.57975904,0.33079848,0.34237288,0.70588235,0.33333333,0.50107991,0.41373626,0.30564784,0.63134658,0.26470588,0.32033898,0.36570561,0.43105756,0.34426230,0.37256809,0.44571429,0.39387755,0.33447099,0.40072860,0.42682927,0.41983122,0.35981063,0.43529412,0.61182994,0.58640984,0.63903282,0.17575758,0.41192266,0.63486842,0.39797549,0.41570541,0.38827098
0.60943500,0.45945946,0.60486995,0.61524047,0.63481829,0.56921790,0.61547837,0.56724422,0.57975904,0.00000000,0.58214625,0.42026507,0.58858058,0.37111265,0.60683761,0.72955975,0.28348214,0.57394366,0.32033898,0.79120879,0.43105756,0.60229133,0.37256809,0.73597811,0.59856631,0.58106236,0.40072860,0.61169882,0.41983122,0.35981063,0.43529412,0.61182994,0.58640984,0.40942472,0.29629630,0.41192266,0.40428641,0.39797549,0.41570541,0.38827098
0.30578512,0.40447154,0.60486995,0.38876890,0.39333333,0.56921790,0.30487805,0.56724422,0.57975904,0.59348681,0.34237288,0.42026507,0.58858058,0.37111265,0.60683761,0.72955975,0.63134658,0.57394366,0.46597938,0.76923077,0.43105756,0.78527607,0.76223776,0.73597811,0.49328859,0.58106236,0.40072860,0.61169882,0.41983122,0.35981063,0.43529412,0.61182994,0.58640984,0.57772021,0.00000000,0.41192266,0.40428641,0.39797549,0.85148515,0.81382979
0.27702703,0.40447154,0.60486995,0.61524047,0.63481829,0.56921790,0.30487805,0.56724422,0.57975904,0.33079848,0.58214625,0.70588235,0.58858058,0.37111265,0.68896321,0.30564784,0.73578595,0.57394366,0.60483384,0.36570561,0.43105756,0.47152620,0.37256809,0.30022321,0.59856631,0.58106236,0.40072860,0.61169882,0.41983122,0.35981063,0.43529412,0.61182994,0.58640984,0.40942472,0.21428571,0.41192266,0.40428641,0.50216450,0.41570541,0.63250883
0.27702703,0.65112665,0.24340176,0.61524047,0.36511156,0.56921790,0.42331288,0.56724422,0.23076923,0.59348681,0.58214625,0.42026507,0.58858058,0.37111265,0.60683761,0.28661088,0.28348214,0.57394366,0.32033898,0.43181818,0.67123288,0.35516605,0.37256809,0.30022321,0.40000000,0.58106236,0.40072860,0.61169882,0.41983122,0.74430380,0.43529412,0.58252427,0.58640984,0.40942472,0.21428571,0.41192266,0.40428641,0.39797549,0.71484375,0.71947195
0.60943500,0.45945946,0.60486995,0.38876890,0.39333333,0.56921790,0.44545455,0.56724422,0.31250000,0.35211268,0.58214625,0.42026507,0.33333333,0.37111265,0.68896321,0.28661088,0.28348214,0.57394366,0.23312883,0.36570561,0.43105756,0.35516605,0.37256809,0.73597811,0.59856631,0.58106236,0.40072860,0.42682927,0.41983122,0.35981063,0.43529412,0.61182994,0.58640984,0.57772021,0.19130435,0.62670300,0.40428641,0.39797549,0.41570541,0.71947195
0.60943500,0.40447154,0.60486995,0.50199203,0.63481829,0.56921790,0.61547837,0.56724422,0.57975904,0.35211268,0.58214625,0.78294574,0.58858058,0.35195531,0.41373626,0.72955975,0.63134658,0.57394366,0.46597938,0.36570561,0.43105756,0.35516605,0.37256809,0.32492114,0.59856631,0.58106236,0.40072860,0.61169882,0.41983122,0.35981063,0.43529412,0.61182994,0.58640984,0.40942472,0.21428571,0.36111111,0.40428641,0.39797549,0.41570541,0.38827098
0.60943500,0.45945946,0.60486995,0.38876890,0.36511156,0.56921790,0.30487805,0.56724422,0.57975904,0.35211268,0.58214625,0.42026507,0.58858058,0.50107991,0.68896321,0.57398374,0.32114286,0.57394366,0.32033898,0.43181818,0.75784753,0.35516605,0.37256809,0.44571429,0.59856631,0.58106236,0.40072860,0.61169882,0.41983122,0.40350877,0.43529412,0.61182994,0.58640984,0.40942472,0.56906967,0.58682635,0.40428641,0.39797549,0.41570541,0.38827098
0.60943500,0.65112665,0.60486995,0.61524047,0.18205805,0.56921790,0.61547837,0.56724422,0.57975904,0.35211268,0.58214625,0.42026507,0.58858058,0.71404110,0.68896321,0.72955975,0.28348214,0.57394366,0.32033898,0.36570561,0.43105756,0.35516605,0.37256809,0.73597811,0.59856631,0.58106236,0.40072860,0.61169882,0.41983122,0.35981063,0.43529412,0.61182994,0.58640984,0.40942472,0.56906967,0.41192266,0.40428641,0.39797549,0.41570541,0.38827098
0.60943500,0.45945946,0.49411765,0.38876890,0.63481829,0.56921790,0.61547837,0.56724422,0.57975904,0.59348681,0.58214625,0.42026507,0.58858058,0.37111265,0.60683761,0.30564784,0.28348214,0.57394366,0.60483384,0.79120879,0.43105756,0.47152620,0.37256809,0.73597811,0.49328859,0.58106236,0.40072860,0.42682927,0.41983122,0.86607143,0.43529412,0.40831296,0.47122302,0.40942472,0.13114754,0.41192266,0.40428641,0.39797549,0.41570541,0.38827098
0.60943500,0.40447154,0.60486995,0.61524047,0.39333333,0.56921790,0.61547837,0.56724422,0.57975904,0.59348681,0.58214625,0.42026507,0.58858058,0.77210884,0.41373626,0.72955975,0.28348214,0.57394366,0.32033898,0.83882784,0.43105756,0.47152620,0.79856115,0.44571429,0.59856631,0.58106236,0.40072860,0.61169882,0.41983122,0.74430380,0.43529412,0.61182994,0.27898551,0.63903282,0.17575758,0.58682635,0.40428641,0.39797549,0.41570541,0.38827098
0.60943500,0.22615804,0.60486995,0.61524047,0.63481829,0.56921790,0.61547837,0.56724422,0.57975904,0.35211268,0.58214625,0.42026507,0.58858058,0.37111265,0.60683761,0.72955975,0.63134658,0.57394366,0.60483384,0.36570561,0.43105756,0.60229133,0.37256809,0.73597811,0.59856631,0.58106236,0.40072860,0.61169882,0.41983122,0.35981063,0.43529412,0.61182994,0.58640984,0.40942472,0.19130435,0.41192266,0.40428641,0.39797549,0.41570541,0.38827098
0.60943500,0.65112665,0.60486995,0.61524047,0.63481829,0.56921790,0.61547837,0.56724422,0.57975904,0.59348681,0.58214625,0.42026507,0.58858058,0.37111265,0.53571429,0.72955975,0.73578595,0.57394366,0.60483384,0.36570561,0.43105756,0.35516605,0.37256809,0.44571429,0.59856631,0.58106236,0.40072860,0.61169882,0.41983122,0.35981063,0.43529412,0.61182994,0.58640984,0.40942472,0.21428571,0.41192266,0.40428641,0.39797549,0.41570541,0.38827098
0.60943500,0.40447154,0.24340176,0.61524047,0.63481829,0.56921790,0.61547837,0.56724422,0.57975904,0.59348681,0.58214625,0.42026507,0.58858058,0.37111265,0.69435216,0.28661088,0.32114286,0.57394366,0.60483384,0.36570561,0.43105756,0.35516605,0.37256809,0.73597811,0.59856631,0.58106236,0.40072860,0.61169882,0.41983122,0.57272727,0.43529412,0.24301075,0.58640984,0.40942472,0.56906967,0.62670300,0.40428641,0.39797549,0.41570541,0.56934307
0.60943500,0.40447154,0.24340176,0.61524047,0.63481829,0.56921790,0.61547837,0.56724422,0.57975904,0.41196013,0.58214625,0.42026507,0.33333333,0.71404110,0.68896321,0.72955975,0.73578595,0.20238095,0.32033898,0.79120879,0.68932039,0.60229133,0.76223776,0.73597811,0.28205128,0.27272727,0.40072860,0.36616702,0.41983122,0.74430380,0.43529412,0.24301075,0.47122302,0.63903282,0.56906967,0.41192266,0.54708520,0.39797549,0.82539683,0.38827098
0.26562500,0.16233766,0.21568627,0.38876890,0.36511156,0.27777778,0.37598425,0.56724422,0.35135135,0.41196013,0.23913043,0.42026507,0.58858058,0.50107991,0.60683761,0.30564784,0.32114286,0.57394366,0.32033898,0.36570561,0.43105756,0.25974026,0.37256809,0.30022321,0.39387755,0.25742574,0.40072860,0.27205882,0.41983122,0.35981063,0.43529412,0.24301075,0.34492754,0.40942472,0.56906967,0.41192266,0.40428641,0.37878788,0.41570541,0.56934307
0.27702703,0.16233766,0.21568627,0.27070707,0.36511156,0.22813688,0.61547837,0.56724422,0.31944444,0.41196013,0.19708029,0.42026507,0.25641026,0.50107991,0.69435216,0.57398374,0.63134658,0.29257642,0.49600000,0.83882784,0.75784753,0.47152620,0.79856115,0.30022321,0.24347826,0.25742574,0.82300885,0.27205882,0.33333333,0.85840708,0.43529412,0.24301075,0.27898551,0.40942472,0.17575758,0.41192266,0.40428641,0.37878788,0.41570541,0.63250883
0.60943500,0.22615804,0.24340176,0.27070707,0.63481829,0.56921790,0.61547837,0.56724422,0.57975904,0.59348681,0.58214625,0.42026507,0.33333333,0.37111265,0.69435216,0.23364486,0.63134658,0.57394366,0.60483384,0.36570561,0.43105756,0.47152620,0.37256809,0.44571429,0.39387755,0.32967033,0.40072860,0.27205882,0.41983122,0.35981063,0.43529412,0.24301075,0.58640984,0.40942472,0.56906967,0.41192266,0.54708520,0.39797549,0.41570541,0.38827098
0.27702703,0.16233766,0.21568627,0.30708661,0.18205805,0.20175439,0.61547837,0.56724422,0.23076923,0.59348681,0.28957529,0.42026507,0.37685460,0.50107991,0.61181435,0.23364486,0.28348214,0.26470588,0.60483384,0.36570561,0.43105756,0.47152620,0.82817869,0.73597811,0.39387755,0.58106236,0.40072860,0.61169882,0.41983122,0.35981063,0.43529412,0.40831296,0.34492754,0.63903282,0.21428571,0.41192266,0.40428641,0.39797549,0.41570541,0.38827098
0.27702703,0.40447154,0.36599424,0.27070707,0.36511156,0.27777778,0.37598425,0.56724422,0.23076923,0.35211268,0.34237288,0.42026507,0.58858058,0.50107991,0.68896321,0.57398374,0.63134658,0.57394366,0.32033898,0.36570561,0.75784753,0.47152620,0.37256809,0.32492114,0.59856631,0.58106236,0.40072860,0.61169882,0.81147541,0.35981063,0.43529412,0.61182994,0.58640984,0.40942472,0.56906967,0.41192266,0.40428641,0.39797549,0.41570541,0.38827098
0.26562500,0.16233766,0.36599424,0.27070707,0.36511156,0.56921790,0.61547837,0.56724422,0.57975904,0.41196013,0.19708029,0.42026507,0.58858058,0.50107991,0.53571429,0.57398374,0.32114286,0.57394366,0.60483384,0.36570561,0.43105756,0.60229133,0.37256809,0.73597811,0.59856631,0.58106236,0.70000000,0.61169882,0.41983122,0.35981063,0.43529412,0.24301075,0.47222222,0.57772021,0.56906967,0.41192266,0.40428641,0.37878788,0.41570541,0.63250883
0.30578512,0.22615804,0.36599424,0.27070707,0.39333333,0.56921790,0.61547837,0.56724422,0.57975904,0.48387097,0.58214625,0.42026507,0.58858058,0.37111265,0.61181435,0.23364486,0.28348214,0.57394366,0.32033898,0.36570561,0.43105756,0.47152620,0.37256809,0.44571429,0.59856631,0.58106236,0.40072860,0.61169882,0.41983122,0.57272727,0.43529412,0.53003534,0.58640984,0.33333333,0.56906967,0.41192266,0.40428641,0.35000000,0.41570541,0.38827098
0.23333333,0.16233766,0.21568627,0.27070707,0.30909091,0.20175439,0.42331288,0.19718310,0.35135135,0.59348681,0.19708029,0.70588235,0.37685460,0.37111265,0.41373626,0.28661088,0.32114286,0.29257642,0.49600000,0.83882784,0.75784753,0.47152620,0.37256809,0.73597811,0.28205128,0.27272727,0.40072860,0.27205882,0.71014493,0.35981063,0.43529412,0.20454545,0.27898551,0.40942472,0.17575758,0.41192266,0.40428641,0.39797549,0.41570541,0.38827098
0.26562500,0.65112665,0.21568627,0.27070707,0.18205805,0.22813688,0.42331288,0.56724422,0.35135135,0.41196013,0.34237288,0.84821429,0.58858058,0.37111265,0.41373626,0.28661088,0.28348214,0.57394366,0.32033898,0.36570561,0.43105756,0.35516605,0.37256809,0.29629630,0.59856631,0.58106236,0.40072860,0.61169882,0.41983122,0.35981063,0.43529412,0.61182994,0.58640984,0.40942472,0.56906967,0.41192266,0.40428641,0.39797549,0.41570541,0.38827098
0.60943500,0.16233766,0.21568627,0.27070707,0.30909091,0.22813688,0.30487805,0.56724422,0.57975904,0.35211268,0.58214625,0.42026507,0.58858058,0.37111265,0.60683761,0.57398374,0.73578595,0.57394366,0.32033898,0.36570561,0.43105756,0.35516605,0.37256809,0.30022321,0.59856631,0.58106236,0.40072860,0.61169882,0.41983122,0.74430380,0.43529412,0.61182994,0.58640984,0.40942472,0.56906967,0.41192266,0.78318584,0.39797549,0.41570541,0.56934307
0.27702703,0.22615804,0.36599424,0.27070707,0.39333333,0.56921790,0.61547837,0.56724422,0.57975904,0.35211268,0.58214625,0.42026507,0.58858058,0.37111265,0.41373626,0.28661088,0.32114286,0.57394366,0.60483384,0.36570561,0.43105756,0.35516605,0.37256809,0.30022321,0.59856631,0.58106236,0.70000000,0.61169882,0.41983122,0.35981063,0.43529412,0.61182994,0.58640984,0.40942472,0.56906967,0.41192266,0.78318584,0.39797549,0.41570541,0.38827098
0.27702703,0.22615804,0.21568627,0.61524047,0.39333333,0.56921790,0.61547837,0.56724422,0.57975904,0.41196013,0.58214625,0.42026507,0.58858058,0.37111265,0.41373626,0.30564784,0.73578595,0.57394366,0.23312883,0.36570561,0.43105756,0.35516605,0.37256809,0.30022321,0.59856631,0.58106236,0.40072860,0.36616702,0.41983122,0.74430380,0.43529412,0.61182994,0.47222222,0.40942472,0.56906967,0.41192266,0.40428641,0.39797549,0.48837209,0.63250883
0.60943500,0.22615804,0.60486995,0.61524047,0.18205805,0.56921790,0.30487805,0.56724422,0.57975904,0.35211268,0.58214625,0.42026507,0.58858058,0.37111265,0.41373626,0.28661088,0.73578595,0.57394366,0.23312883,0.36570561,0.43105756,0.35516605,0.37256809,0.30022321,0.59856631,0.58106236,0.40072860,0.61169882,0.41983122,0.74430380,0.43529412,0.61182994,0.58640984,0.40942472,0.56906967,0.41192266,0.40428641,0.39797549,0.41570541,0.38827098
0.60943500,0.40447154,0.60486995,0.61524047,0.36511156,0.56921790,0.30487805,0.56724422,0.57975904,0.41196013,0.58214625,0.78294574,0.58858058,0.37111265,0.54437870,0.23364486,0.63134658,0.57394366,0.23312883,0.36570561,0.43105756,0.35516605,0.37256809,0.32492114,0.59856631,0.58106236,0.40072860,0.61169882,0.41983122,0.74430380,0.43529412,0.61182994,0.58640984,0.40942472,0.56906967,0.41192266,0.40428641,0.39797549,0.41570541,0.45454545
0.60943500,0.45945946,0.60486995,0.61524047,0.63481829,0.56921790,0.61547837,0.56724422,0.57975904,0.41196013,0.58214625,0.42026507,0.58858058,0.37111265,0.54437870,0.23364486,0.28348214,0.57394366,0.32033898,0.36570561,0.43105756,0.35516605,0.37256809,0.30022321,0.59856631,0.58106236,0.40072860,0.61169882,0.41983122,0.35981063,0.43529412,0.61182994,0.58640984,0.40942472,0.56906967,0.41192266,0.40428641,0.39797549,0.41570541,0.38827098
0.26562500,0.16233766,0.21568627,0.30708661,0.36511156,0.22813688,0.37598425,0.19718310,0.31250000,0.35211268,0.28957529,0.78294574,0.37685460,0.22222222,0.69435216,0.57398374,0.63134658,0.57394366,0.60483384,0.79120879,0.68932039,0.78527607,0.79856115,0.80259740,0.39387755,0.27272727,0.40072860,0.27205882,0.41983122,0.74430380,0.43529412,0.24301075,0.34492754,0.63903282,0.17575758,0.58682635,0.40428641,0.86407767,0.48837209,0.71947195
0.27702703,0.40447154,0.24340176,0.27070707,0.18205805,0.28571429,0.37598425,0.56724422,0.23076923,0.35211268,0.28957529,0.42026507,0.58858058,0.71404110,0.54437870,0.30564784,0.28348214,0.29257642,0.32033898,0.79120879,0.43105756,0.47152620,0.79856115,0.44571429,0.49328859,0.58106236,0.40072860,0.27205882,0.41983122,0.57272727,0.43529412,0.24301075,0.27898551,0.40942472,0.21428571,0.41192266,0.40428641,0.39797549,0.48837209,0.63250883
0.26562500,0.16233766,0.21568627,0.27070707,0.18205805,0.56921790,0.30487805,0.56724422,0.57975904,0.35211268,0.34237288,0.42026507,0.58858058,0.50107991,0.61181435,0.57398374,0.28348214,0.57394366,0.32033898,0.36570561,0.43105756,0.34426230,0.37256809,0.44571429,0.59856631,0.58106236,0.40072860,0.61169882,0.81147541,0.57272727,0.43529412,0.61182994,0.58640984,0.40942472,0.56906967,0.55952381,0.40428641,0.39797549,0.48837209,0.38827098
0.30578512,0.16233766,0.60486995,0.38876890,0.18205805,0.56921790,0.30487805,0.56724422,0.57975904,0.35211268,0.34237288,0.42026507,0.58858058,0.35195531,0.41373626,0.28661088,0.63134658,0.57394366,0.23312883,0.36570561,0.43105756,0.34426230,0.37256809,0.32492114,0.59856631,0.58106236,0.40072860,0.61169882,0.41983122,0.35981063,0.43529412,0.61182994,0.58640984,0.40942472,0.56906967,0.41192266,0.40428641,0.39797549,0.41570541,0.63250883
0.26562500,0.22615804,0.21568627,0.38876890,0.18205805,0.56921790,0.37598425,0.56724422,0.35135135,0.35211268,0.19708029,0.42026507,0.58858058,0.50107991,0.53571429,0.72955975,0.28348214,0.26470588,0.32033898,0.79120879,0.68932039,0.60229133,0.79856115,0.80259740,0.28205128,0.33447099,0.40072860,0.27205882,0.41983122,0.57272727,0.43529412,0.58252427,0.58640984,0.63903282,0.29629630,0.41192266,0.40428641,0.39797549,0.41570541,0.38827098
0.27702703,0.45945946,0.36599424,0.27070707,0.36511156,0.27777778,0.44545455,0.56724422,0.35135135,0.35211268,0.28957529,0.42026507,0.58858058,0.35195531,0.41373626,0.57398374,0.63134658,0.57394366,0.46597938,0.70403587,0.43105756,0.78527607,0.82817869,0.44571429,0.39387755,0.33447099,0.40072860,0.27205882,0.41983122,0.74430380,0.43529412,0.61182994,0.47222222,0.63903282,0.17575758,0.41192266,0.54708520,0.39797549,0.41570541,0.38827098
0.60943500,0.16233766,0.21951220,0.27070707,0.18205805,0.27777778,0.44545455,0.56724422,0.31944444,0.35211268,0.19708029,0.42026507,0.33333333,0.50107991,0.60683761,0.30564784,0.28348214,0.26470588,0.46597938,0.36570561,0.75784753,0.60229133,0.37256809,0.32492114,0.28205128,0.27272727,0.40072860,0.27205882,0.41983122,0.35981063,0.43529412,0.61182994,0.58640984,0.40942472,0.56906967,0.41192266,0.40428641,0.37878788,0.71484375,0.38827098
0.23333333,0.16233766,0.21951220,0.27070707,0.18205805,0.27777778,0.61547837,0.56724422,0.35135135,0.35211268,0.23913043,0.42026507,0.37685460,0.35195531,0.41373626,0.30564784,0.63134658,0.29257642,0.32033898,0.36570561,0.43105756,0.47152620,0.37256809,0.29629630,0.28205128,0.25742574,0.40072860,0.27205882,0.41983122,0.35981063,0.43529412,0.20454545,0.27898551,0.40942472,0.56906967,0.41192266,0.54708520,0.39797549,0.48837209,0.38827098
0.26562500,0.22615804,0.24340176,0.38876890,0.36511156,0.28571429,0.37598425,0.56724422,0.35135135,0.41196013,0.28957529,0.42026507,0.25641026,0.37111265,0.61181435,0.30564784,0.28348214,0.26470588,0.32033898,0.36570561,0.43105756,0.47152620,0.37256809,0.30022321,0.39387755,0.33447099,0.40072860,0.27205882,0.41983122,0.57272727,0.43529412,0.24301075,0.58640984,0.40942472,0.56906967,0.62670300,0.40428641,0.39797549,0.82539683,0.81382979
0.26562500,0.22615804,0.21568627,0.38876890,0.50476190,0.22813688,0.37598425,0.34228188,0.31250000,0.48387097,0.19708029,0.42026507,0.33333333,0.37111265,0.61181435,0.30564784,0.63134658,0.29257642,0.46597938,0.79120879,0.68932039,0.60229133,0.79856115,0.30022321,0.28205128,0.58106236,0.82300885,0.27205882,0.71014493,0.57272727,0.43529412,0.24301075,0.34492754,0.40942472,0.21428571,0.41192266,0.40428641,0.50216450,0.85148515,0.81382979
0.60943500,0.40447154,0.21568627,0.61524047,0.18205805,0.22813688,0.30487805,0.56724422,0.57975904,0.41196013,0.58214625,0.42026507,0.33333333,0.37111265,0.54437870,0.57398374,0.28348214,0.26470588,0.32033898,0.36570561,0.43105756,0.35516605,0.37256809,0.44571429,0.24347826,0.58106236,0.40072860,0.36616702,0.41983122,0.57272727,0.43529412,0.24301075,0.27898551,0.40942472,0.17575758,0.78325123,0.40428641,0.37878788,0.41570541,0.38827098
0.30578512,0.45945946,0.21568627,0.30708661,0.18205805,0.22813688,0.37598425,0.21610169,0.57975904,0.35211268,0.34237288,0.42026507,0.25641026,0.35195531,0.41373626,0.30564784,0.28348214,0.29257642,0.32033898,0.36570561,0.43105756,0.35516605,0.37256809,0.30022321,0.28205128,0.25742574,0.40072860,0.27205882,0.41983122,0.40350877,0.43529412,0.40831296,0.21276596,0.40942472,0.13114754,0.41192266,0.40428641,0.39797549,0.41570541,0.38827098
0.60943500,0.40447154,0.60486995,0.27070707,0.18205805,0.56921790,0.37598425,0.56724422,0.57975904,0.59348681,0.58214625,0.42026507,0.58858058,0.37111265,0.41373626,0.30564784,0.28348214,0.57394366,0.23312883,0.36570561,0.43105756,0.35516605,0.37256809,0.30022321,0.59856631,0.58106236,0.40072860,0.61169882,0.41983122,0.35981063,0.43529412,0.61182994,0.47122302,0.40942472,0.56906967,0.62670300,0.40428641,0.39797549,0.41570541,0.38827098
0.60943500,0.40447154,0.60486995,0.38876890,0.18205805,0.56921790,0.30487805,0.56724422,0.57975904,0.59348681,0.58214625,0.42026507,0.58858058,0.37111265,0.68896321,0.28661088,0.32114286,0.57394366,0.32033898,0.36570561,0.68932039,0.35516605,0.37256809,0.30022321,0.59856631,0.58106236,0.40072860,0.61169882,0.41983122,0.35981063,0.84931507,0.53003534,0.47122302,0.63903282,0.56906967,0.41192266,0.40428641,0.39797549,0.41570541,0.38827098
0.60943500,0.45945946,0.60486995,0.61524047,0.36511156,0.56921790,0.37598425,0.56724422,0.57975904,0.59348681,0.58214625,0.42026507,0.58858058,0.37111265,0.68896321,0.30564784,0.32114286,0.26470588,0.32033898,0.36570561,0.43105756,0.35516605,0.37256809,0.29629630,0.48717949,0.33447099,0.40072860,0.36616702,0.41983122,0.35981063,0.43529412,0.24301075,0.34492754,0.40942472,0.21428571,0.41192266,0.40428641,0.39797549,0.41570541,0.38827098
0.60943500,0.65112665,0.24340176,0.61524047,0.39333333,0.56921790,0.37598425,0.56724422,0.57975904,0.48387097,0.58214625,0.42026507,0.33333333,0.37111265,0.41373626,0.30564784,0.28348214,0.57394366,0.32033898,0.36570561,0.43105756,0.35516605,0.67469880,0.32492114,0.39387755,0.33447099,0.40072860,0.27205882,0.41983122,0.74430380,0.43529412,0.24301075,0.34492754,0.40942472,0.17575758,0.41192266,0.40428641,0.35000000,0.41570541,0.38827098
0.40070922,0.45945946,0.60486995,0.38876890,0.50476190,0.56921790,0.37837838,0.56724422,0.57975904,0.27777778,0.58214625,0.42026507,0.58858058,0.37111265,0.69435216,0.57398374,0.63134658,0.57394366,0.32033898,0.36570561,0.43105756,0.60229133,0.37256809,0.44571429,0.59856631,0.58106236,0.40072860,0.61169882,0.41983122,0.35981063,0.43529412,0.61182994,0.47122302,0.40942472,0.17575758,0.41192266,0.40428641,0.39797549,0.41570541,0.38827098
0.60943500,0.45945946,0.24340176,0.27070707,0.18205805,0.20175439,0.37598425,0.21610169,0.57975904,0.35211268,0.58214625,0.42026507,0.33333333,0.37111265,0.60683761,0.30564784,0.32114286,0.33103448,0.32033898,0.36570561,0.67123288,0.35516605,0.79856115,0.30022321,0.48717949,0.33447099,0.40072860,0.36616702,0.41983122,0.35981063,0.43529412,0.40831296,0.34492754,0.40942472,0.56906967,0.41192266,0.40428641,0.39797549,0.41570541,0.38827098
0.60943500,0.40447154,0.24340176,0.30708661,0.18205805,0.20175439,0.30487805,0.34228188,0.57975904,0.35211268,0.43902439,0.42026507,0.25641026,0.22222222,0.69435216,0.28661088,0.26612903,0.29257642,0.32033898,0.36570561,0.54411765,0.35516605,0.37256809,0.30022321,0.39387755,0.58106236,0.40072860,0.27205882,0.81147541,0.25000000,0.74766355,0.24301075,0.47122302,0.40942472,0.56906967,0.41192266,0.40428641,0.37878788,0.41570541,0.38827098
0.60943500,0.65112665,0.60486995,0.61524047,0.36511156,0.56921790,0.61547837,0.56724422,0.57975904,0.41196013,0.58214625,0.42026507,0.58858058,0.37111265,0.41373626,0.28661088,0.28348214,0.57394366,0.60483384,0.36570561,0.43105756,0.35516605,0.37256809,0.32492114,0.59856631,0.58106236,0.40072860,0.61169882,0.41983122,0.35981063,0.43529412,0.61182994,0.58640984,0.40942472,0.56906967,0.41192266,0.40428641,0.39797549,0.41570541,0.38827098
0.60943500,0.54732510,0.21568627,0.61524047,0.39333333,0.56921790,0.61547837,0.56724422,0.57975904,0.59348681,0.58214625,0.42026507,0.58858058,0.37111265,0.41373626,0.28661088,0.26612903,0.57394366,0.23312883,0.36570561,0.43105756,0.34426230,0.37256809,0.30022321,0.59856631,0.58106236,0.40072860,0.51098901,0.41983122,0.35981063,0.43529412,0.61182994,0.47122302,0.40942472,0.17575758,0.41192266,0.40428641,0.39797549,0.41570541,0.38827098
0.60943500,0.22615804,0.21568627,0.61524047,0.63481829,0.56921790,0.61547837,0.56724422,0.57975904,0.59348681,0.58214625,0.42026507,0.37685460,0.37111265,0.60683761,0.28661088,0.32114286,0.33103448,0.60483384,0.36570561,0.43105756,0.35516605,0.37256809,0.73597811,0.28205128,0.25742574,0.40072860,0.36616702,0.81147541,0.35981063,0.84931507,0.20454545,0.58640984,0.40942472,0.56906967,0.41192266,0.40428641,0.39797549,0.71484375,0.38827098
0.60943500,0.40447154,0.24340176,0.61524047,0.18205805,0.56921790,0.30487805,0.56724422,0.57975904,0.59348681,0.58214625,0.42026507,0.58858058,0.37111265,0.61181435,0.57398374,0.32114286,0.57394366,0.32033898,0.70403587,0.43105756,0.25974026,0.37256809,0.44571429,0.48717949,0.58106236,0.40072860,0.61169882,0.71014493,0.35981063,0.43529412,0.40831296,0.34492754,0.40942472,0.17575758,0.62670300,0.40428641,0.39797549,0.41570541,0.56934307
0.27702703,0.22615804,0.21568627,0.30708661,0.18205805,0.20175439,0.30487805,0.19718310,0.31944444,0.33079848,0.19708029,0.42026507,0.25641026,0.35195531,0.60683761,0.30564784,0.28348214,0.29257642,0.23312883,0.70403587,0.43105756,0.25974026,0.56164384,0.29629630,0.24347826,0.25742574,0.40072860,0.27205882,0.81147541,0.57272727,0.43529412,0.20454545,0.21276596,0.11111111,0.19130435,0.41192266,0.40428641,0.39797549,0.71484375,0.38827098
0.60943500,0.65112665,0.60486995,0.38876890,0.63481829,0.56921790,0.61547837,0.56724422,0.57975904,0.41196013,0.58214625,0.42026507,0.37685460,0.37111265,0.68896321,0.28661088,0.63134658,0.57394366,0.32033898,0.36570561,0.43105756,0.34426230,0.37256809,0.30022321,0.39387755,0.58106236,0.40072860,0.36616702,0.41983122,0.35981063,0.43529412,0.24301075,0.58640984,0.40942472,0.13114754,0.62670300,0.40428641,0.39797549,0.41570541,0.38827098
0.40070922,0.65112665,0.60486995,0.61524047,0.36511156,0.27777778,0.30487805,0.56724422,0.57975904,0.35211268,0.58214625,0.42026507,0.58858058,0.37111265,0.41373626,0.57398374,0.32114286,0.57394366,0.60483384,0.36570561,0.43105756,0.35516605,0.67469880,0.30022321,0.59856631,0.58106236,0.40072860,0.61169882,0.41983122,0.74430380,0.43529412,0.40831296,0.47122302,0.40942472,0.17575758,0.62670300,0.40428641,0.50216450,0.41570541,0.38827098
0.40070922,0.40447154,0.49411765,0.38876890,0.50476190,0.28571429,0.42331288,0.21610169,0.31250000,0.35211268,0.43902439,0.42026507,0.37685460,0.37111265,0.41373626,0.28661088,0.32114286,0.33103448,0.46597938,0.36570561,0.43105756,0.34426230,0.37256809,0.44571429,0.49328859,0.58106236,0.40072860,0.61169882,0.81147541,0.35981063,0.43529412,0.61182994,0.34492754,0.40942472,0.56906967,0.41192266,0.40428641,0.50216450,0.41570541,0.38827098
0.60943500,0.65112665,0.24340176,0.27070707,0.18205805,0.22813688,0.37598425,0.56724422,0.31250000,0.41196013,0.58214625,0.42026507,0.58858058,0.37111265,0.68896321,0.28661088,0.26612903,0.57394366,0.46597938,0.36570561,0.43105756,0.35516605,0.37256809,0.32492114,0.48717949,0.32967033,0.40072860,0.48484848,0.41983122,0.35981063,0.43529412,0.24301075,0.34492754,0.40942472,0.17575758,0.62670300,0.40428641,0.39797549,0.41570541,0.38827098
0.60943500,0.40447154,0.24340176,0.27070707,0.18205805,0.22813688,0.61547837,0.56724422,0.57975904,0.41196013,0.58214625,0.42026507,0.58858058,0.37111265,0.41373626,0.30564784,0.32114286,0.33103448,0.46597938,0.36570561,0.43105756,0.35516605,0.37256809,0.30022321,0.49328859,0.58106236,0.40072860,0.42682927,0.41983122,0.35981063,0.43529412,0.40831296,0.34492754,0.40942472,0.19130435,0.41192266,0.40428641,0.39797549,0.41570541,0.63250883
0.27702703,0.22615804,0.21568627,0.27070707,0.18205805,0.27777778,0.61547837,0.56724422,0.31944444,0.35211268,0.34237288,0.42026507,0.37685460,0.37111265,0.41373626,0.57398374,0.28348214,0.26470588,0.49600000,0.36570561,0.43105756,0.35516605,0.37256809,0.44571429,0.28205128,0.27272727,0.70000000,0.27205882,0.41983122,0.35981063,0.43529412,0.61182994,0.34492754,0.40942472,0.17575758,0.78325123,0.40428641,0.39797549,0.41570541,0.38827098
0.60943500,0.65112665,0.60486995,0.61524047,0.63481829,0.56921790,0.61547837,0.56724422,0.35135135,0.59348681,0.58214625,0.42026507,0.58858058,0.71404110,0.41373626,0.72955975,0.28348214,0.57394366,0.32033898,0.36570561,0.43105756,0.60229133,0.37256809,0.73597811,0.59856631,0.58106236,0.40072860,0.61169882,0.41983122,0.35981063,0.43529412,0.61182994,0.58640984,0.31818182,0.56906967,0.36111111,0.40428641,0.39797549,0.41570541,0.38827098
0.52577320,0.65112665,0.60486995,0.61524047,0.36511156,0.56921790,0.61547837,0.56724422,0.57975904,0.59348681,0.28957529,0.42026507,0.33333333,0.71404110,0.41373626,0.28661088,0.63134658,0.26470588,0.60483384,0.36570561,0.68932039,0.47152620,0.37256809,0.29629630,0.49328859,0.58106236,0.40072860,0.36616702,0.41983122,0.74430380,0.43529412,0.53003534,0.34492754,0.57772021,0.56906967,0.41192266,0.40428641,0.39797549,0.41570541,0.38827098
0.30578512,0.45945946,0.24340176,0.27070707,0.36511156,0.56921790,0.61547837,0.56724422,0.57975904,0.35211268,0.58214625,0.42026507,0.58858058,0.37111265,0.61181435,0.28661088,0.63134658,0.57394366,0.46597938,0.36570561,0.43105756,0.47152620,0.37256809,0.32492114,0.39387755,0.58106236,0.40072860,0.42682927,0.41983122,0.35981063,0.43529412,0.24301075,0.58640984,0.40942472,0.13114754,0.78325123,0.40428641,0.39797549,0.41570541,0.56934307
0.60943500,0.16233766,0.21568627,0.27070707,0.63481829,0.56921790,0.61547837,0.56724422,0.57975904,0.59348681,0.58214625,0.42026507,0.58858058,0.71404110,0.69435216,0.72955975,0.73578595,0.57394366,0.60483384,0.36570561,0.43105756,0.35516605,0.37256809,0.73597811,0.59856631,0.58106236,0.40072860,0.61169882,0.41983122,0.35981063,0.43529412,0.61182994,0.58640984,0.51006711,0.56906967,0.41192266,0.40428641,0.64619883,0.41570541,0.38827098
0.40070922,0.40447154,0.60486995,0.61524047,0.63481829,0.56921790,0.61547837,0.56724422,0.57975904,0.59348681,0.58214625,0.78294574,0.58858058,0.37111265,0.61181435,0.72955975,0.82608696,0.57394366,0.23312883,0.36570561,0.43105756,0.60229133,0.37256809,0.73597811,0.59856631,0.58106236,0.40072860,0.61169882,0.41983122,0.85840708,0.43529412,0.61182994,0.58640984,0.40942472,0.56906967,0.41192266,0.40428641,0.37878788,0.41570541,0.38827098
0.60943500,0.65112665,0.60486995,0.61524047,0.63481829,0.56921790,0.61547837,0.56724422,0.57975904,0.35211268,0.58214625,0.78294574,0.37685460,0.37111265,0.69435216,0.57398374,0.63134658,0.57394366,0.23312883,0.36570561,0.43105756,0.60229133,0.37256809,0.44571429,0.59856631,0.58106236,0.40072860,0.51098901,0.41983122,0.35981063,0.43529412,0.61182994,0.58640984,0.40942472,0.56906967,0.62670300,0.63486842,0.39797549,0.41570541,0.38827098
0.27702703,0.16233766,0.24340176,0.61524047,0.63481829,0.56921790,0.30487805,0.56724422,0.57975904,0.59348681,0.58214625,0.78294574,0.58858058,0.77210884,0.68896321,0.77593361,0.32114286,0.57394366,0.60483384,0.36570561,0.75784753,0.60229133,0.37256809,0.73597811,0.59856631,0.58106236,0.40072860,0.61169882,0.68794326,0.74430380,0.74452555,0.61182994,0.58640984,0.40942472,0.56906967,0.62670300,0.54708520,0.86407767,0.41570541,0.38827098
0.60943500,0.22615804,0.60486995,0.61524047,0.63481829,0.56921790,0.61547837,0.56724422,0.57975904,0.59348681,0.58214625,0.79166667,0.58858058,0.81632653,0.54437870,0.73333333,0.32114286,0.57394366,0.60483384,0.76923077,0.43105756,0.80898876,0.76223776,0.80259740,0.59856631,0.58106236,0.40072860,0.61169882,0.41983122,0.86607143,0.43529412,0.61182994,0.58640984,0.57772021,0.56906967,0.62670300,0.40428641,0.86407767,0.41570541,0.38827098
0.40070922,0.40447154,0.36599424,0.61524047,0.63481829,0.56921790,0.61547837,0.56724422,0.57975904,0.33079848,0.58214625,0.42026507,0.37685460,0.35195531,0.54437870,0.72955975,0.28348214,0.26470588,0.23312883,0.79120879,0.43105756,0.60229133,0.56164384,0.32492114,0.48717949,0.58106236,0.40072860,0.51098901,0.41983122,0.35981063,0.43529412,0.61182994,0.47122302,0.51006711,0.56906967,0.41192266,0.40428641,0.39797549,0.41570541,0.38827098
0.52577320,0.40447154,0.36599424,0.61524047,0.63481829,0.56921790,0.42331288,0.56724422,0.57975904,0.33079848,0.58214625,0.42026507,0.58858058,0.71404110,0.69435216,0.77593361,0.32114286,0.57394366,0.60483384,0.36570561,0.43105756,0.60229133,0.79856115,0.32492114,0.59856631,0.58106236,0.40072860,0.61169882,0.41983122,0.85840708,0.43529412,0.61182994,0.58640984,0.77173913,0.56906967,0.41192266,0.40428641,0.64619883,0.41570541,0.38827098
0.60943500,0.40447154,0.51190476,0.50199203,0.63481829,0.56921790,0.61547837,0.56724422,0.37850467,0.35211268,0.58214625,0.42026507,0.58858058,0.50107991,0.69435216,0.57398374,0.63134658,0.57394366,0.32033898,0.36570561,0.43105756,0.78527607,0.37256809,0.32492114,0.59856631,0.58106236,0.40072860,0.61169882,0.41983122,0.35981063,0.43529412,0.61182994,0.58640984,0.40942472,0.56906967,0.36111111,0.40428641,0.39797549,0.71484375,0.71947195
0.60943500,0.22615804,0.60486995,0.38876890,0.63481829,0.56921790,0.61547837,0.56724422,0.57975904,0.59348681,0.58214625,0.70588235,0.58858058,0.71404110,0.41373626,0.72955975,0.63134658,0.57394366,0.32033898,0.36570561,0.43105756,0.60229133,0.67469880,0.80259740,0.59856631,0.58106236,0.40072860,0.61169882,0.71014493,0.74430380,0.43529412,0.61182994,0.58640984,0.40942472,0.56906967,0.62670300,0.54708520,0.86407767,0.85148515,0.81382979
0.60943500,0.45945946,0.60486995,0.38876890,0.63481829,0.56921790,0.61547837,0.56724422,0.57975904,0.59348681,0.58214625,0.42026507,0.58858058,0.37111265,0.41373626,0.30564784,0.28348214,0.57394366,0.32033898,0.36570561,0.43105756,0.35516605,0.37256809,0.32492114,0.59856631,0.58106236,0.40072860,0.42682927,0.41983122,0.35981063,0.43529412,0.53003534,0.58640984,0.57772021,0.13114754,0.41192266,0.40428641,0.39797549,0.71484375,0.38827098
0.60943500,0.22615804,0.60486995,0.61524047,0.63481829,0.56921790,0.61547837,0.56724422,0.57975904,0.41196013,0.58214625,0.70588235,0.58858058,0.77210884,0.54437870,0.72955975,0.73578595,0.57394366,0.32033898,0.36570561,0.70247934,0.60229133,0.79856115,0.73597811,0.59856631,0.58106236,0.40072860,0.61169882,0.41983122,0.35981063,0.84931507,0.61182994,0.58640984,0.63903282,0.56906967,0.41192266,0.63486842,0.64619883,0.85148515,0.38827098
0.60943500,0.65112665,0.60486995,0.61524047,0.18205805,0.56921790,0.37598425,0.56724422,0.57975904,0.33079848,0.58214625,0.42026507,0.58858058,0.35195531,0.69435216,0.72955975,0.73578595,0.29257642,0.46597938,0.83882784,0.43105756,0.47152620,0.37256809,0.30022321,0.28205128,0.58106236,0.40072860,0.61169882,0.41983122,0.35981063,0.43529412,0.61182994,0.34492754,0.63903282,0.56906967,0.41192266,0.54708520,0.86407767,0.85148515,0.81382979
0.30578512,0.16233766,0.36599424,0.27070707,0.30909091,0.20175439,0.30487805,0.19718310,0.57975904,0.59348681,0.34237288,0.42026507,0.58858058,0.71404110,0.41373626,0.72955975,0.32114286,0.26470588,0.60483384,0.83882784,0.43105756,0.78527607,0.79856115,0.73597811,0.49328859,0.58106236,0.40072860,0.61169882,0.41983122,0.74430380,0.43529412,0.61182994,0.11764706,0.51006711,0.56906967,0.41192266,0.78318584,0.64619883,0.41570541,0.38827098
0.60943500,0.65112665,0.60486995,0.61524047,0.63481829,0.56921790,0.61547837,0.56724422,0.57975904,0.35211268,0.58214625,0.42026507,0.58858058,0.71404110,0.69435216,0.72955975,0.63134658,0.57394366,0.60483384,0.70403587,0.75784753,0.78527607,0.82817869,0.73597811,0.59856631,0.58106236,0.40072860,0.61169882,0.41983122,0.35981063,0.43529412,0.61182994,0.58640984,0.63903282,0.56906967,0.41192266,0.54708520,0.37878788,0.41570541,0.38827098
0.60943500,0.45945946,0.60486995,0.61524047,0.63481829,0.56921790,0.61547837,0.56724422,0.57975904,0.59348681,0.58214625,0.84821429,0.58858058,0.81632653,0.60683761,0.77593361,0.82608696,0.57394366,0.46597938,0.76923077,0.68932039,0.78527607,0.76223776,0.80259740,0.59856631,0.58106236,0.40072860,0.61169882,0.81147541,0.85840708,0.74452555,0.61182994,0.47222222,0.57772021,0.56906967,0.88135593,0.54708520,0.86407767,0.48837209,0.56934307
0.60943500,0.22615804,0.60486995,0.61524047,0.36511156,0.56921790,0.37598425,0.56724422,0.57975904,0.59348681,0.58214625,0.84821429,0.58858058,0.71404110,0.41373626,0.72955975,0.63134658,0.57394366,0.60483384,0.36570561,0.43105756,0.78527607,0.37256809,0.80259740,0.59856631,0.58106236,0.40072860,0.61169882,0.41983122,0.74430380,0.43529412,0.61182994,0.47122302,0.57772021,0.56906967,0.62670300,0.40428641,0.64619883,0.71484375,0.38827098
0.30578512,0.16233766,0.60486995,0.38876890,0.36511156,0.22813688,0.37598425,0.56724422,0.57975904,0.59348681,0.34237288,0.42026507,0.58858058,0.50107991,0.41373626,0.77593361,0.73578595,0.57394366,0.60483384,0.79120879,0.43105756,0.78527607,0.37256809,0.73597811,0.49328859,0.58106236,0.40072860,0.61169882,0.41983122,0.35981063,0.43529412,0.61182994,0.27898551,0.40942472,0.56906967,0.41192266,0.87500000,0.93577982,0.41570541,0.38827098
0.40070922,0.40447154,0.60486995,0.61524047,0.39333333,0.56921790,0.37598425,0.56724422,0.57975904,0.59348681,0.58214625,0.42026507,0.58858058,0.71404110,0.47826087,0.72955975,0.82608696,0.57394366,0.32033898,0.79120879,0.43105756,0.78527607,0.82817869,0.73597811,0.59856631,0.58106236,0.40072860,0.61169882,0.41983122,0.35981063,0.43529412,0.61182994,0.58640984,0.63903282,0.56906967,0.58682635,0.40428641,0.39797549,0.41570541,0.38827098
0.60943500,0.40447154,0.60486995,0.61524047,0.63481829,0.56921790,0.61547837,0.56724422,0.57975904,0.59348681,0.58214625,0.42026507,0.58858058,0.81632653,0.69435216,0.77593361,0.73578595,0.57394366,0.49600000,0.36570561,0.43105756,0.78527607,0.82817869,0.80259740,0.59856631,0.58106236,0.40072860,0.61169882,0.41983122,0.74430380,0.43529412,0.61182994,0.58640984,0.40942472,0.56906967,0.41192266,0.40428641,0.39797549,0.41570541,0.71947195
0.60943500,0.22615804,0.60486995,0.61524047,0.63481829,0.56921790,0.61547837,0.56724422,0.57975904,0.59348681,0.58214625,0.42026507,0.58858058,0.77210884,0.41373626,0.77593361,0.63134658,0.57394366,0.60483384,0.83882784,0.75784753,0.78527607,0.79856115,0.80259740,0.59856631,0.58106236,0.40072860,0.61169882,0.41983122,0.35981063,0.43529412,0.61182994,0.47222222,0.40942472,0.56906967,0.78325123,0.40428641,0.86407767,0.82539683,0.81382979
0.60943500,0.40447154,0.60486995,0.61524047,0.63481829,0.56921790,0.61547837,0.19718310,0.57975904,0.59348681,0.58214625,0.42026507,0.58858058,0.50107991,0.69435216,0.57398374,0.63134658,0.57394366,0.32033898,0.36570561,0.43105756,0.78527607,0.82817869,0.73597811,0.59856631,0.58106236,0.40072860,0.61169882,0.41983122,0.85840708,0.43529412,0.61182994,0.27898551,0.63903282,0.56906967,0.58682635,0.40428641,0.93577982,0.48837209,0.71947195
0.60943500,0.65112665,0.60486995,0.52631579,0.63481829,0.56921790,0.44545455,0.56724422,0.57975904,0.59348681,0.58214625,0.42026507,0.58858058,0.71404110,0.69435216,0.72955975,0.73578595,0.57394366,0.49600000,0.76923077,0.43105756,0.78527607,0.76223776,0.80259740,0.59856631,0.58106236,0.40072860,0.61169882,0.41983122,0.74430380,0.43529412,0.61182994,0.58640984,0.40942472,0.56906967,0.41192266,0.40428641,0.39797549,0.41570541,0.38827098
0.60943500,0.40447154,0.24340176,0.30708661,0.18205805,0.20175439,0.42331288,0.56724422,0.31250000,0.35211268,0.58214625,0.42026507,0.58858058,0.35195531,0.41373626,0.57398374,0.28348214,0.57394366,0.32033898,0.36570561,0.43105756,0.35516605,0.37256809,0.30022321,0.48717949,0.58106236,0.40072860,0.51098901,0.59183673,0.35981063,0.43529412,0.53003534,0.34492754,0.40942472,0.21428571,0.41192266,0.40428641,0.39797549,0.41570541,0.38827098
0.60943500,0.65112665,0.60486995,0.27070707,0.63481829,0.56921790,0.61547837,0.56724422,0.57975904,0.59348681,0.58214625,0.42026507,0.58858058,0.37111265,0.41373626,0.57398374,0.63134658,0.57394366,0.46597938,0.79120879,0.43105756,0.60229133,0.79856115,0.44571429,0.59856631,0.58106236,0.40072860,0.61169882,0.41983122,0.35981063,0.43529412,0.61182994,0.58640984,0.77173913,0.17575758,0.41192266,0.40428641,0.39797549,0.41570541,0.38827098
0.60943500,0.40447154,0.60486995,0.61524047,0.18205805,0.22813688,0.30487805,0.56724422,0.57975904,0.59348681,0.58214625,0.42026507,0.58858058,0.37111265,0.69435216,0.28661088,0.63134658,0.29257642,0.32033898,0.36570561,0.67123288,0.34426230,0.37256809,0.30022321,0.59856631,0.58106236,0.40072860,0.61169882,0.41983122,0.35981063,0.43529412,0.40831296,0.34492754,0.40942472,0.29629630,0.41192266,0.78318584,0.39797549,0.41570541,0.38827098
0.60943500,0.22615804,0.24340176,0.27070707,0.18205805,0.22813688,0.42331288,0.56724422,0.57975904,0.41196013,0.58214625,0.42026507,0.58858058,0.37111265,0.61181435,0.30564784,0.63134658,0.57394366,0.32033898,0.36570561,0.43105756,0.35516605,0.37256809,0.32492114,0.48717949,0.58106236,0.40072860,0.61169882,0.41983122,0.35981063,0.43529412,0.40831296,0.34492754,0.40942472,0.21428571,0.55952381,0.40428641,0.39797549,0.41570541,0.38827098
0.60943500,0.65112665,0.60486995,0.61524047,0.63481829,0.56921790,0.61547837,0.56724422,0.57975904,0.59348681,0.58214625,0.42026507,0.58858058,0.37111265,0.60683761,0.57398374,0.63134658,0.57394366,0.46597938,0.79120879,0.43105756,0.47152620,0.37256809,0.30022321,0.59856631,0.58106236,0.40072860,0.61169882,0.41983122,0.35981063,0.43529412,0.61182994,0.58640984,0.40942472,0.19130435,0.62670300,0.40428641,0.39797549,0.41570541,0.38827098
0.60943500,0.65112665,0.60486995,0.38876890,0.63481829,0.56921790,0.61547837,0.56724422,0.57975904,0.59348681,0.58214625,0.42026507,0.58858058,0.37111265,0.41373626,0.28661088,0.28348214,0.57394366,0.60483384,0.36570561,0.43105756,0.35516605,0.37256809,0.44571429,0.59856631,0.58106236,0.40072860,0.61169882,0.41983122,0.35981063,0.43529412,0.61182994,0.58640984,0.40942472,0.19130435,0.41192266,0.40428641,0.39797549,0.41570541,0.38827098
0.60943500,0.65112665,0.60486995,0.61524047,0.63481829,0.56921790,0.61547837,0.56724422,0.57975904,0.59348681,0.58214625,0.42026507,0.58858058,0.37111265,0.41373626,0.30564784,0.63134658,0.57394366,0.46597938,0.36570561,0.67123288,0.35516605,0.37256809,0.30022321,0.59856631,0.58106236,0.40072860,0.61169882,0.41983122,0.35981063,0.43529412,0.61182994,0.58640984,0.40942472,0.29629630,0.62670300,0.40428641,0.39797549,0.41570541,0.38827098
0.40070922,0.40447154,0.60486995,0.61524047,0.63481829,0.56921790,0.42331288,0.56724422,0.57975904,0.35211268,0.58214625,0.42026507,0.58858058,0.35195531,0.41373626,0.28661088,0.32114286,0.26470588,0.32033898,0.36570561,0.43105756,0.25974026,0.37256809,0.30022321,0.59856631,0.58106236,0.40072860,0.42682927,0.41983122,0.35981063,0.43529412,0.24301075,0.58640984,0.40942472,0.19130435,0.41192266,0.40428641,0.39797549,0.41570541,0.45454545
0.30578512,0.22615804,0.60486995,0.61524047,0.18205805,0.56921790,0.30487805,0.56724422,0.57975904,0.41196013,0.58214625,0.42026507,0.58858058,0.37111265,0.68896321,0.30564784,0.32114286,0.57394366,0.32033898,0.36570561,0.68932039,0.35516605,0.37256809,0.30022321,0.59856631,0.58106236,0.40072860,0.61169882,0.71014493,0.74430380,0.43529412,0.40831296,0.21276596,0.40942472,0.21428571,0.58682635,0.40428641,0.39797549,0.48837209,0.56934307
0.60943500,0.22615804,0.60486995,0.61524047,0.63481829,0.56921790,0.61547837,0.56724422,0.57975904,0.59348681,0.58214625,0.42026507,0.58858058,0.37111265,0.68896321,0.28661088,0.28348214,0.57394366,0.60483384,0.36570561,0.43105756,0.35516605,0.37256809,0.32492114,0.28205128,0.58106236,0.40072860,0.27205882,0.41983122,0.35981063,0.43529412,0.20454545,0.47122302,0.40942472,0.13114754,0.41192266,0.40428641,0.39797549,0.41570541,0.71947195
0.60943500,0.40447154,0.49411765,0.61524047,0.63481829,0.56921790,0.61547837,0.56724422,0.57975904,0.59348681,0.58214625,0.42026507,0.58858058,0.37111265,0.41373626,0.28661088,0.32114286,0.57394366,0.60483384,0.36570561,0.43105756,0.60229133,0.37256809,0.30022321,0.59856631,0.58106236,0.40072860,0.61169882,0.41983122,0.35981063,0.43529412,0.61182994,0.58640984,0.40942472,0.21428571,0.41192266,0.40428641,0.86407767,0.41570541,0.38827098
0.60943500,0.65112665,0.60486995,0.61524047,0.63481829,0.56921790,0.61547837,0.56724422,0.57975904,0.33079848,0.58214625,0.42026507,0.58858058,0.37111265,0.61181435,0.57398374,0.32114286,0.57394366,0.46597938,0.36570561,0.54411765,0.35516605,0.37256809,0.30022321,0.59856631,0.58106236,0.40072860,0.61169882,0.41983122,0.35981063,0.43529412,0.61182994,0.58640984,0.57772021,0.56906967,0.58682635,0.40428641,0.39797549,0.41570541,0.38827098
0.60943500,0.45945946,0.60486995,0.50199203,0.63481829,0.56921790,0.61547837,0.56724422,0.57975904,0.33079848,0.58214625,0.42026507,0.58858058,0.37111265,0.47826087,0.28661088,0.63134658,0.57394366,0.32033898,0.36570561,0.43105756,0.47152620,0.37256809,0.30022321,0.59856631,0.58106236,0.40072860,0.61169882,0.41983122,0.35981063,0.43529412,0.61182994,0.58640984,0.40942472,0.56906967,0.62670300,0.40428641,0.39797549,0.71484375,0.63250883
0.52577320,0.40447154,0.36599424,0.50199203,0.50476190,0.56921790,0.42331288,0.56724422,0.57975904,0.59348681,0.58214625,0.42026507,0.58858058,0.37111265,0.54437870,0.28661088,0.32114286,0.26470588,0.46597938,0.36570561,0.43105756,0.47152620,0.37256809,0.32492114,0.59856631,0.32967033,0.40072860,0.42682927,0.41983122,0.35981063,0.43529412,0.24301075,0.27898551,0.57772021,0.19130435,0.58682635,0.40428641,0.39797549,0.48837209,0.38827098
0.60943500,0.22615804,0.24340176,0.38876890,0.39333333,0.56921790,0.61547837,0.56724422,0.57975904,0.35211268,0.58214625,0.42026507,0.25641026,0.37111265,0.61181435,0.57398374,0.73578595,0.57394366,0.60483384,0.36570561,0.43105756,0.35516605,0.37256809,0.29629630,0.59856631,0.58106236,0.82300885,0.61169882,0.41983122,0.35981063,0.43529412,0.61182994,0.58640984,0.57772021,0.56906967,0.62670300,0.40428641,0.39797549,0.41570541,0.38827098
0.60943500,0.65112665,0.36599424,0.61524047,0.63481829,0.56921790,0.61547837,0.56724422,0.57975904,0.59348681,0.58214625,0.42026507,0.58858058,0.37111265,0.68896321,0.28661088,0.63134658,0.57394366,0.60483384,0.36570561,0.43105756,0.35516605,0.37256809,0.44571429,0.59856631,0.58106236,0.40072860,0.36616702,0.41983122,0.35981063,0.43529412,0.61182994,0.58640984,0.57772021,0.56906967,0.62670300,0.40428641,0.39797549,0.41570541,0.38827098
0.30578512,0.40447154,0.24340176,0.50199203,0.63481829,0.56921790,0.61547837,0.56724422,0.57975904,0.59348681,0.58214625,0.42026507,0.58858058,0.37111265,0.68896321,0.28661088,0.32114286,0.57394366,0.60483384,0.36570561,0.43105756,0.35516605,0.37256809,0.30022321,0.59856631,0.58106236,0.40072860,0.61169882,0.41983122,0.35981063,0.43529412,0.40831296,0.34492754,0.51006711,0.17575758,0.36111111,0.40428641,0.50216450,0.48837209,0.63250883
0.27702703,0.22615804,0.24340176,0.52631579,0.50476190,0.27777778,0.42331288,0.56724422,0.31250000,0.35211268,0.58214625,0.42026507,0.33333333,0.37111265,0.61181435,0.28661088,0.32114286,0.33103448,0.46597938,0.36570561,0.43105756,0.35516605,0.37256809,0.44571429,0.49328859,0.58106236,0.40072860,0.61169882,0.41983122,0.35981063,0.43529412,0.24301075,0.47222222,0.40942472,0.56906967,0.41192266,0.78318584,0.39797549,0.41570541,0.38827098
0.27702703,0.22615804,0.21568627,0.38876890,0.39333333,0.22813688,0.37598425,0.21610169,0.57975904,0.41196013,0.28957529,0.42026507,0.33333333,0.37111265,0.69435216,0.57398374,0.32114286,0.20238095,0.60483384,0.36570561,0.43105756,0.35516605,0.37256809,0.30022321,0.24347826,0.17391304,0.40072860,0.27205882,0.41983122,0.35981063,0.43529412,0.20454545,0.21276596,0.31818182,0.21428571,0.41192266,0.40428641,0.39797549,0.41570541,0.38827098
0.27702703,0.22615804,0.60486995,0.61524047,0.63481829,0.56921790,0.61547837,0.56724422,0.57975904,0.35211268,0.58214625,0.78294574,0.58858058,0.37111265,0.41373626,0.57398374,0.63134658,0.57394366,0.60483384,0.36570561,0.43105756,0.35516605,0.37256809,0.44571429,0.49328859,0.58106236,0.40072860,0.61169882,0.41983122,0.35981063,0.43529412,0.61182994,0.58640984,0.40942472,0.21428571,0.88135593,0.40428641,0.39797549,0.41570541,0.38827098
0.52577320,0.40447154,0.60486995,0.38876890,0.36511156,0.56921790,0.37598425,0.19718310,0.31250000,0.41196013,0.58214625,0.42026507,0.58858058,0.37111265,0.53571429,0.28661088,0.32114286,0.57394366,0.32033898,0.36570561,0.43105756,0.35516605,0.37256809,0.30022321,0.39387755,0.33447099,0.40072860,0.42682927,0.41983122,0.35981063,0.43529412,0.20454545,0.21276596,0.57772021,0.19130435,0.41192266,0.40428641,0.50216450,0.41570541,0.63250883
0.30578512,0.65112665,0.24340176,0.27070707,0.36511156,0.56921790,0.37598425,0.56724422,0.57975904,0.59348681,0.19708029,0.42026507,0.58858058,0.37111265,0.69435216,0.28661088,0.32114286,0.57394366,0.32033898,0.36570561,0.43105756,0.35516605,0.37256809,0.30022321,0.59856631,0.58106236,0.40072860,0.61169882,0.41983122,0.35981063,0.43529412,0.40831296,0.58640984,0.40942472,0.21428571,0.41192266,0.91538462,0.39797549,0.41570541,0.38827098
0.60943500,0.65112665,0.60486995,0.61524047,0.63481829,0.56921790,0.42331288,0.56724422,0.57975904,0.41196013,0.58214625,0.42026507,0.58858058,0.37111265,0.69435216,0.28661088,0.32114286,0.57394366,0.60483384,0.36570561,0.43105756,0.35516605,0.37256809,0.30022321,0.59856631,0.58106236,0.40072860,0.61169882,0.41983122,0.35981063,0.43529412,0.61182994,0.58640984,0.40942472,0.56906967,0.41192266,0.40428641,0.39797549,0.41570541,0.38827098
0.60943500,0.65112665,0.60486995,0.61524047,0.63481829,0.56921790,0.61547837,0.19718310,0.37850467,0.59348681,0.58214625,0.42026507,0.58858058,0.37111265,0.41373626,0.28661088,0.63134658,0.57394366,0.46597938,0.36570561,0.43105756,0.35516605,0.37256809,0.30022321,0.39387755,0.58106236,0.40072860,0.61169882,0.41983122,0.35981063,0.43529412,0.24301075,0.27898551,0.40942472,0.56906967,0.62670300,0.40428641,0.64619883,0.85148515,0.81382979
0.60943500,0.45945946,0.24340176,0.50199203,0.63481829,0.56921790,0.61547837,0.56724422,0.57975904,0.35211268,0.58214625,0.42026507,0.58858058,0.37111265,0.68896321,0.57398374,0.73578595,0.57394366,0.23312883,0.36570561,0.75784753,0.34426230,0.37256809,0.29629630,0.59856631,0.58106236,0.40072860,0.61169882,0.41983122,0.35981063,0.43529412,0.61182994,0.58640984,0.40942472,0.56906967,0.41192266,0.78318584,0.86407767,0.41570541,0.38827098
0.60943500,0.65112665,0.60486995,0.61524047,0.18205805,0.56921790,0.61547837,0.21610169,0.31944444,0.59348681,0.58214625,0.70588235,0.33333333,0.50107991,0.61181435,0.72955975,0.28348214,0.29257642,0.60483384,0.79120879,0.43105756,0.60229133,0.82817869,0.73597811,0.39387755,0.27272727,0.40072860,0.36616702,0.41983122,0.85840708,0.43529412,0.53003534,0.47122302,0.40942472,0.13114754,0.78325123,0.40428641,0.39797549,0.71484375,0.71947195
0.40070922,0.40447154,0.60486995,0.38876890,0.63481829,0.56921790,0.61547837,0.56724422,0.57975904,0.35211268,0.58214625,0.42026507,0.58858058,0.37111265,0.41373626,0.30564784,0.32114286,0.57394366,0.32033898,0.36570561,0.43105756,0.35516605,0.37256809,0.30022321,0.59856631,0.58106236,0.40072860,0.61169882,0.41983122,0.35981063,0.43529412,0.40831296,0.58640984,0.57772021,0.56906967,0.41192266,0.40428641,0.39797549,0.41570541,0.38827098
0.60943500,0.65112665,0.60486995,0.61524047,0.63481829,0.56921790,0.61547837,0.56724422,0.57975904,0.59348681,0.58214625,0.42026507,0.58858058,0.37111265,0.41373626,0.28661088,0.32114286,0.57394366,0.60483384,0.36570561,0.43105756,0.35516605,0.37256809,0.30022321,0.59856631,0.58106236,0.40072860,0.61169882,0.41983122,0.35981063,0.43529412,0.61182994,0.58640984,0.40942472,0.56906967,0.41192266,0.40428641,0.39797549,0.41570541,0.38827098
0.60943500,0.40447154,0.36599424,0.61524047,0.63481829,0.56921790,0.61547837,0.56724422,0.57975904,0.59348681,0.58214625,0.42026507,0.58858058,0.37111265,0.61181435,0.57398374,0.32114286,0.57394366,0.60483384,0.70403587,0.43105756,0.34426230,0.37256809,0.73597811,0.28205128,0.33447099,0.40072860,0.61169882,0.41983122,0.35981063,0.43529412,0.24301075,0.58640984,0.57772021,0.17575758,0.58682635,0.40428641,0.39797549,0.41570541,0.38827098
0.27702703,0.65112665,0.60486995,0.61524047,0.63481829,0.56921790,0.61547837,0.56724422,0.57975904,0.59348681,0.58214625,0.42026507,0.58858058,0.37111265,0.68896321,0.28661088,0.32114286,0.57394366,0.32033898,0.36570561,0.43105756,0.35516605,0.37256809,0.44571429,0.59856631,0.58106236,0.59821429,0.61169882,0.41983122,0.35981063,0.43529412,0.58252427,0.58640984,0.63903282,0.56906967,0.41192266,0.40428641,0.39797549,0.41570541,0.38827098
0.60943500,0.65112665,0.60486995,0.50199203,0.63481829,0.56921790,0.61547837,0.56724422,0.57975904,0.41196013,0.58214625,0.42026507,0.58858058,0.37111265,0.68896321,0.23364486,0.26612903,0.57394366,0.46597938,0.36570561,0.43105756,0.35516605,0.37256809,0.73597811,0.49328859,0.58106236,0.40072860,0.42682927,0.41983122,0.35981063,0.43529412,0.53003534,0.47122302,0.57772021,0.21428571,0.58682635,0.40428641,0.39797549,0.41570541,0.38827098
0.60943500,0.65112665,0.60486995,0.61524047,0.63481829,0.27777778,0.42331288,0.21610169,0.31944444,0.35211268,0.58214625,0.42026507,0.37685460,0.37111265,0.68896321,0.23364486,0.28348214,0.57394366,0.32033898,0.36570561,0.43105756,0.35516605,0.37256809,0.32492114,0.28205128,0.27272727,0.40072860,0.36616702,0.81147541,0.35981063,0.84090909,0.53003534,0.47222222,0.57772021,0.56906967,0.55952381,0.40428641,0.39797549,0.41570541,0.38827098
0.60943500,0.45945946,0.60486995,0.61524047,0.63481829,0.56921790,0.42331288,0.56724422,0.57975904,0.35211268,0.58214625,0.42026507,0.58858058,0.37111265,0.41373626,0.30564784,0.32114286,0.57394366,0.46597938,0.36570561,0.43105756,0.35516605,0.37256809,0.29629630,0.59856631,0.58106236,0.40072860,0.61169882,0.41983122,0.35981063,0.43529412,0.61182994,0.58640984,0.40942472,0.29629630,0.62670300,0.40428641,0.39797549,0.41570541,0.38827098
0.30578512,0.40447154,0.60486995,0.61524047,0.63481829,0.27777778,0.42331288,0.56724422,0.57975904,0.48387097,0.58214625,0.42026507,0.58858058,0.37111265,0.68896321,0.15789474,0.32114286,0.26470588,0.32033898,0.36570561,0.43105756,0.35516605,0.37256809,0.30022321,0.39387755,0.33447099,0.40072860,0.36616702,0.41983122,0.35981063,0.43529412,0.20454545,0.27898551,0.40942472,0.17575758,0.58682635,0.40428641,0.39797549,0.48837209,0.38827098
0.52577320,0.54732510,0.60486995,0.61524047,0.63481829,0.56921790,0.61547837,0.56724422,0.57975904,0.48387097,0.58214625,0.42026507,0.58858058,0.37111265,0.69435216,0.28661088,0.32114286,0.57394366,0.60483384,0.36570561,0.43105756,0.35516605,0.37256809,0.29629630,0.59856631,0.58106236,0.40072860,0.51098901,0.41983122,0.35981063,0.43529412,0.53003534,0.58640984,0.63903282,0.56906967,0.41192266,0.40428641,0.64619883,0.41570541,0.56934307
0.40070922,0.65112665,0.60486995,0.27070707,0.50476190,0.56921790,0.42331288,0.56724422,0.57975904,0.35211268,0.58214625,0.42026507,0.58858058,0.37111265,0.41373626,0.23364486,0.32114286,0.57394366,0.32033898,0.36570561,0.43105756,0.25974026,0.37256809,0.29629630,0.59856631,0.58106236,0.40072860,0.61169882,0.41983122,0.35981063,0.43529412,0.61182994,0.58640984,0.40942472,0.17575758,0.41192266,0.40428641,0.39797549,0.41570541,0.38827098
0.52577320,0.45945946,0.51190476,0.61524047,0.63481829,0.56921790,0.42331288,0.21568627,0.57975904,0.41196013,0.34237288,0.42026507,0.54054054,0.77210884,0.61181435,0.30564784,0.32114286,0.26470588,0.32033898,0.36570561,0.43105756,0.34426230,0.37256809,0.44571429,0.28205128,0.58106236,0.40072860,0.36616702,0.41983122,0.35981063,0.43529412,0.24301075,0.34492754,0.63903282,0.21428571,0.58682635,0.40428641,0.35000000,0.41570541,0.45454545
0.60943500,0.40447154,0.24340176,0.38876890,0.39333333,0.56921790,0.44545455,0.56724422,0.57975904,0.59348681,0.58214625,0.42026507,0.58858058,0.37111265,0.61181435,0.28661088,0.32114286,0.57394366,0.60483384,0.36570561,0.43105756,0.35516605,0.37256809,0.30022321,0.49328859,0.32967033,0.40072860,0.51098901,0.41983122,0.35981063,0.43529412,0.61182994,0.58640984,0.57772021,0.21428571,0.58682635,0.40428641,0.39797549,0.41570541,0.38827098
0.60943500,0.60194175,0.36599424,0.27070707,0.36511156,0.28571429,0.37598425,0.21610169,0.57975904,0.33079848,0.58214625,0.42026507,0.25641026,0.71404110,0.60683761,0.30564784,0.63134658,0.29257642,0.23312883,0.36570561,0.43105756,0.35516605,0.37256809,0.30022321,0.28205128,0.25742574,0.40072860,0.36616702,0.41983122,0.35981063,0.43529412,0.40831296,0.47222222,0.40942472,0.19130435,0.41192266,0.40428641,0.39797549,0.41570541,0.38827098
0.60943500,0.22615804,0.21568627,0.61524047,0.63481829,0.56921790,0.61547837,0.56724422,0.31944444,0.35211268,0.58214625,0.42026507,0.58858058,0.37111265,0.41373626,0.30564784,0.63134658,0.26470588,0.60483384,0.36570561,0.43105756,0.35516605,0.37256809,0.30022321,0.39387755,0.27272727,0.40072860,0.42682927,0.41983122,0.35981063,0.43529412,0.40831296,0.47122302,0.40942472,0.13114754,0.58682635,0.40428641,0.39797549,0.41570541,0.38827098
0.60943500,0.40447154,0.24340176,0.61524047,0.36511156,0.56921790,0.37598425,0.56724422,0.57975904,0.41196013,0.58214625,0.42026507,0.58858058,0.50107991,0.41373626,0.30564784,0.32114286,0.57394366,0.60483384,0.36570561,0.43105756,0.25974026,0.37256809,0.32492114,0.59856631,0.58106236,0.40072860,0.61169882,0.41983122,0.35981063,0.43529412,0.61182994,0.58640984,0.40942472,0.56906967,0.62670300,0.40428641,0.39797549,0.71484375,0.63250883
0.60943500,0.45945946,0.60486995,0.61524047,0.63481829,0.56921790,0.61547837,0.56724422,0.57975904,0.59348681,0.58214625,0.42026507,0.58858058,0.37111265,0.61181435,0.28661088,0.32114286,0.57394366,0.23312883,0.36570561,0.43105756,0.47152620,0.37256809,0.44571429,0.59856631,0.58106236,0.40072860,0.61169882,0.41983122,0.35981063,0.43529412,0.61182994,0.58640984,0.40942472,0.56906967,0.62670300,0.40428641,0.39797549,0.41570541,0.38827098
0.30578512,0.45945946,0.36599424,0.38876890,0.63481829,0.56921790,0.42331288,0.56724422,0.31250000,0.35211268,0.43750000,0.42026507,0.54054054,0.50107991,0.68896321,0.57398374,0.63134658,0.57394366,0.32033898,0.36570561,0.43105756,0.25974026,0.37256809,0.30022321,0.59856631,0.58106236,0.40072860,0.61169882,0.41983122,0.35981063,0.43529412,0.58252427,0.58640984,0.40942472,0.56906967,0.41192266,0.40428641,0.39797549,0.41570541,0.38827098
0.60943500,0.65112665,0.60486995,0.61524047,0.39333333,0.56921790,0.61547837,0.56724422,0.57975904,0.35211268,0.58214625,0.42026507,0.58858058,0.37111265,0.61181435,0.30564784,0.28348214,0.57394366,0.46597938,0.36570561,0.43105756,0.35516605,0.37256809,0.32492114,0.59856631,0.58106236,0.40072860,0.61169882,0.41983122,0.35981063,0.43529412,0.61182994,0.58640984,0.63903282,0.56906967,0.58682635,0.40428641,0.39797549,0.41570541,0.38827098
0.30578512,0.45945946,0.60486995,0.38876890,0.63481829,0.56921790,0.44545455,0.56724422,0.57975904,0.35211268,0.58214625,0.42026507,0.58858058,0.37111265,0.41373626,0.30564784,0.28348214,0.57394366,0.32033898,0.36570561,0.43105756,0.35516605,0.37256809,0.30022321,0.40000000,0.58106236,0.40072860,0.51098901,0.41983122,0.35981063,0.43529412,0.53003534,0.47222222,0.40942472,0.56906967,0.41192266,0.40428641,0.39797549,0.41570541,0.38827098
0.60943500,0.65112665,0.60486995,0.38876890,0.63481829,0.56921790,0.61547837,0.56724422,0.57975904,0.59348681,0.58214625,0.42026507,0.58858058,0.37111265,0.41373626,0.28661088,0.32114286,0.57394366,0.60483384,0.36570561,0.43105756,0.35516605,0.37256809,0.30022321,0.59856631,0.58106236,0.40072860,0.61169882,0.41983122,0.35981063,0.43529412,0.61182994,0.58640984,0.31818182,0.56906967,0.41192266,0.40428641,0.39797549,0.41570541,0.38827098
0.60943500,0.40447154,0.60486995,0.61524047,0.36511156,0.56921790,0.61547837,0.56724422,0.57975904,0.41196013,0.58214625,0.42026507,0.58858058,0.37111265,0.41373626,0.57398374,0.32114286,0.57394366,0.60483384,0.36570561,0.43105756,0.35516605,0.37256809,0.30022321,0.39387755,0.58106236,0.40072860,0.42682927,0.41983122,0.35981063,0.43529412,0.61182994,0.58640984,0.40942472,0.56906967,0.58682635,0.91538462,0.39797549,0.41570541,0.38827098
0.60943500,0.65112665,0.60486995,0.61524047,0.63481829,0.56921790,0.61547837,0.56724422,0.57975904,0.59348681,0.58214625,0.42026507,0.58858058,0.37111265,0.60683761,0.30564784,0.32114286,0.57394366,0.46597938,0.36570561,0.43105756,0.35516605,0.37256809,0.73597811,0.39387755,0.58106236,0.40072860,0.61169882,0.59183673,0.35981063,0.43529412,0.40831296,0.47122302,0.40942472,0.21428571,0.41192266,0.40428641,0.39797549,0.71484375,0.63250883
0.60943500,0.65112665,0.60486995,0.61524047,0.63481829,0.56921790,0.61547837,0.56724422,0.37850467,0.48387097,0.58214625,0.42026507,0.58858058,0.37111265,0.61181435,0.57398374,0.63134658,0.57394366,0.60483384,0.36570561,0.43105756,0.47152620,0.37256809,0.73597811,0.59856631,0.58106236,0.40072860,0.61169882,0.41983122,0.35981063,0.43529412,0.61182994,0.58640984,0.63903282,0.21428571,0.62670300,0.40428641,0.39797549,0.41570541,0.38827098
0.27702703,0.65112665,0.21568627,0.38876890,0.18205805,0.56921790,0.37598425,0.56724422,0.57975904,0.41196013,0.28957529,0.42026507,0.58858058,0.37111265,0.61181435,0.28661088,0.32114286,0.26470588,0.49600000,0.36570561,0.43105756,0.35516605,0.37256809,0.44571429,0.28205128,0.27272727,0.40072860,0.36616702,0.41983122,0.35981063,0.43529412,0.20454545,0.27898551,0.57772021,0.19130435,0.41192266,0.40428641,0.39797549,0.41570541,0.56934307
0.60943500,0.65112665,0.60486995,0.38876890,0.63481829,0.56921790,0.61547837,0.56724422,0.57975904,0.35211268,0.58214625,0.42026507,0.58858058,0.37111265,0.41373626,0.30564784,0.32114286,0.57394366,0.32033898,0.36570561,0.43105756,0.35516605,0.37256809,0.30022321,0.59856631,0.58106236,0.40072860,0.36616702,0.41983122,0.35981063,0.43529412,0.40831296,0.58640984,0.63903282,0.56906967,0.41192266,0.40428641,0.39797549,0.41570541,0.38827098
0.30578512,0.22615804,0.36599424,0.27070707,0.18205805,0.56921790,0.37837838,0.21568627,0.31250000,0.59348681,0.28957529,0.42026507,0.54054054,0.35195531,0.41373626,0.57398374,0.63134658,0.29257642,0.46597938,0.43181818,0.43105756,0.31250000,0.56164384,0.32492114,0.39387755,0.58106236,0.70000000,0.27205882,0.41983122,0.57272727,0.43529412,0.24301075,0.34492754,0.40942472,0.56906967,0.62670300,0.40428641,0.39797549,0.41570541,0.38827098
0.60943500,0.22615804,0.60486995,0.27070707,0.39333333,0.56921790,0.37598425,0.56724422,0.57975904,0.59348681,0.58214625,0.42026507,0.58858058,0.37111265,0.41373626,0.57398374,0.32114286,0.57394366,0.60483384,0.36570561,0.67123288,0.47152620,0.37256809,0.30022321,0.59856631,0.58106236,0.40072860,0.61169882,0.41983122,0.35981063,0.43529412,0.61182994,0.58640984,0.40942472,0.29629630,0.55952381,0.40428641,0.39797549,0.41570541,0.38827098
0.26562500,0.22615804,0.21568627,0.27070707,0.18205805,0.22813688,0.30487805,0.19718310,0.57975904,0.35211268,0.06250000,0.42026507,0.33333333,0.37111265,0.69435216,0.28661088,0.28348214,0.29257642,0.32033898,0.36570561,0.43105756,0.35516605,0.37256809,0.30022321,0.28205128,0.25742574,0.40072860,0.27205882,0.41983122,0.35981063,0.43529412,0.20454545,0.27898551,0.40942472,0.56906967,0.41192266,0.40428641,0.64619883,0.41570541,0.38827098
0.27702703,0.54732510,0.60486995,0.61524047,0.63481829,0.56921790,0.37837838,0.56724422,0.57975904,0.35211268,0.58214625,0.42026507,0.58858058,0.37111265,0.41373626,0.30564784,0.32114286,0.57394366,0.23312883,0.36570561,0.43105756,0.35516605,0.37256809,0.30022321,0.59856631,0.58106236,0.40072860,0.61169882,0.41983122,0.35981063,0.43529412,0.61182994,0.58640984,0.40942472,0.56906967,0.41192266,0.40428641,0.39797549,0.41570541,0.38827098
0.60943500,0.65112665,0.49411765,0.38876890,0.63481829,0.56921790,0.61547837,0.56724422,0.57975904,0.41196013,0.58214625,0.42026507,0.54054054,0.37111265,0.61181435,0.30564784,0.28348214,0.57394366,0.60483384,0.36570561,0.43105756,0.25974026,0.37256809,0.30022321,0.39387755,0.33447099,0.40072860,0.27205882,0.41983122,0.35981063,0.43529412,0.53003534,0.47222222,0.63903282,0.29629630,0.41192266,0.40428641,0.39797549,0.41570541,0.38827098
0.40070922,0.54732510,0.49411765,0.61524047,0.63481829,0.56921790,0.42331288,0.56724422,0.57975904,0.35211268,0.58214625,0.42026507,0.33333333,0.50107991,0.68896321,0.57398374,0.32114286,0.29257642,0.32033898,0.36570561,0.43105756,0.35516605,0.37256809,0.29629630,0.59856631,0.58106236,0.40072860,0.42682927,0.59183673,0.25000000,0.84931507,0.24301075,0.58640984,0.40942472,0.56906967,0.41192266,0.54708520,0.39797549,0.41570541,0.38827098
0.60943500,0.65112665,0.36599424,0.50199203,0.63481829,0.56921790,0.61547837,0.56724422,0.57975904,0.59348681,0.58214625,0.42026507,0.58858058,0.37111265,0.41373626,0.28661088,0.32114286,0.57394366,0.60483384,0.36570561,0.43105756,0.35516605,0.37256809,0.30022321,0.59856631,0.58106236,0.40072860,0.61169882,0.41983122,0.35981063,0.43529412,0.61182994,0.58640984,0.40942472,0.56906967,0.41192266,0.40428641,0.39797549,0.41570541,0.38827098
0.27702703,0.40447154,0.36599424,0.27070707,0.63481829,0.56921790,0.42331288,0.21610169,0.57975904,0.35211268,0.28957529,0.42026507,0.58858058,0.37111265,0.68896321,0.28661088,0.32114286,0.26470588,0.32033898,0.36570561,0.43105756,0.35516605,0.37256809,0.30022321,0.49328859,0.32967033,0.40072860,0.36616702,0.41983122,0.35981063,0.43529412,0.24301075,0.34492754,0.40942472,0.19130435,0.41192266,0.40428641,0.39797549,0.41570541,0.38827098
0.30578512,0.40447154,0.36599424,0.27070707,0.63481829,0.56921790,0.42331288,0.56724422,0.57975904,0.41196013,0.34237288,0.42026507,0.47368421,0.37111265,0.54437870,0.28661088,0.32114286,0.29257642,0.46597938,0.36570561,0.54411765,0.35516605,0.37256809,0.30022321,0.49328859,0.58106236,0.40072860,0.27205882,0.41983122,0.35981063,0.43529412,0.24301075,0.34492754,0.40942472,0.56906967,0.36111111,0.40428641,0.39797549,0.41570541,0.38827098
0.60943500,0.65112665,0.60486995,0.61524047,0.63481829,0.56921790,0.61547837,0.56724422,0.37850467,0.59348681,0.58214625,0.42026507,0.58858058,0.37111265,0.41373626,0.28661088,0.32114286,0.57394366,0.60483384,0.36570561,0.43105756,0.35516605,0.37256809,0.30022321,0.59856631,0.58106236,0.40072860,0.61169882,0.41983122,0.35981063,0.43529412,0.61182994,0.58640984,0.40942472,0.56906967,0.41192266,0.40428641,0.39797549,0.41570541,0.38827098
0.27702703,0.45945946,0.24340176,0.38876890,0.39333333,0.56921790,0.42331288,0.21610169,0.31250000,0.35211268,0.28957529,0.42026507,0.37685460,0.37111265,0.69435216,0.30564784,0.32114286,0.57394366,0.32033898,0.36570561,0.43105756,0.35516605,0.37256809,0.44571429,0.39387755,0.58106236,0.40072860,0.61169882,0.41983122,0.35981063,0.43529412,0.24301075,0.27898551,0.63903282,0.17575758,0.62670300,0.40428641,0.39797549,0.71484375,0.71947195
0.60943500,0.65112665,0.60486995,0.61524047,0.63481829,0.56921790,0.61547837,0.56724422,0.31250000,0.41196013,0.58214625,0.42026507,0.25641026,0.35195531,0.41373626,0.30564784,0.28348214,0.57394366,0.32033898,0.79120879,0.43105756,0.60229133,0.82817869,0.44571429,0.59856631,0.58106236,0.40072860,0.36616702,0.41983122,0.74430380,0.43529412,0.61182994,0.58640984,0.40942472,0.17575758,0.41192266,0.40428641,0.39797549,0.41570541,0.38827098
0.60943500,0.65112665,0.60486995,0.38876890,0.39333333,0.56921790,0.61547837,0.56724422,0.31250000,0.48387097,0.28957529,0.42026507,0.58858058,0.37111265,0.41373626,0.57398374,0.63134658,0.57394366,0.46597938,0.36570561,0.43105756,0.47152620,0.37256809,0.30022321,0.49328859,0.58106236,0.40072860,0.61169882,0.41983122,0.35981063,0.43529412,0.53003534,0.58640984,0.63903282,0.19130435,0.41192266,0.40428641,0.39797549,0.41570541,0.38827098
0.30578512,0.40447154,0.36599424,0.50199203,0.50476190,0.56921790,0.42331288,0.56724422,0.57975904,0.41196013,0.28957529,0.42026507,0.37685460,0.37111265,0.61181435,0.30564784,0.28348214,0.26470588,0.32033898,0.36570561,0.43105756,0.35516605,0.37256809,0.44571429,0.28205128,0.27272727,0.40072860,0.27205882,0.41983122,0.35981063,0.43529412,0.20454545,0.47222222,0.40942472,0.17575758,0.16666667,0.40428641,0.39797549,0.41570541,0.38827098
0.60943500,0.40447154,0.60486995,0.38876890,0.39333333,0.56921790,0.61547837,0.56724422,0.57975904,0.59348681,0.58214625,0.42026507,0.37685460,0.37111265,0.68896321,0.23364486,0.28348214,0.26470588,0.32033898,0.36570561,0.43105756,0.35516605,0.37256809,0.30022321,0.28205128,0.27272727,0.40072860,0.27205882,0.41983122,0.35981063,0.43529412,0.24301075,0.58640984,0.40942472,0.17575758,0.41192266,0.40428641,0.39797549,0.41570541,0.38827098
0.30578512,0.40447154,0.24340176,0.38876890,0.39333333,0.56921790,0.44545455,0.21568627,0.57975904,0.41196013,0.34237288,0.42026507,0.58858058,0.37111265,0.69435216,0.28661088,0.32114286,0.33103448,0.49600000,0.36570561,0.43105756,0.35516605,0.37256809,0.30022321,0.39387755,0.27272727,0.40072860,0.27205882,0.41983122,0.35981063,0.43529412,0.24301075,0.34492754,0.63903282,0.56906967,0.41192266,0.63486842,0.39797549,0.41570541,0.38827098
0.60943500,0.40447154,0.60486995,0.38876890,0.39333333,0.56921790,0.61547837,0.56724422,0.31250000,0.35211268,0.58214625,0.42026507,0.58858058,0.37111265,0.41373626,0.57398374,0.26612903,0.57394366,0.32033898,0.36570561,0.43105756,0.35516605,0.37256809,0.32492114,0.59856631,0.58106236,0.40072860,0.61169882,0.41983122,0.35981063,0.43529412,0.53003534,0.47122302,0.40942472,0.19130435,0.41192266,0.63486842,0.39797549,0.41570541,0.38827098
0.60943500,0.65112665,0.60486995,0.61524047,0.63481829,0.56921790,0.61547837,0.56724422,0.57975904,0.59348681,0.58214625,0.42026507,0.58858058,0.37111265,0.41373626,0.30564784,0.28348214,0.57394366,0.46597938,0.36570561,0.43105756,0.34426230,0.37256809,0.32492114,0.59856631,0.58106236,0.40072860,0.61169882,0.41983122,0.35981063,0.43529412,0.61182994,0.58640984,0.40942472,0.19130435,0.62670300,0.40428641,0.39797549,0.41570541,0.38827098
0.60943500,0.45945946,0.60486995,0.61524047,0.63481829,0.56921790,0.61547837,0.56724422,0.57975904,0.59348681,0.58214625,0.42026507,0.58858058,0.37111265,0.60683761,0.28661088,0.82608696,0.57394366,0.32033898,0.36570561,0.43105756,0.35516605,0.37256809,0.44571429,0.49328859,0.58106236,0.90140845,0.36616702,0.41983122,0.35981063,0.43529412,0.61182994,0.58640984,0.40942472,0.17575758,0.41192266,0.40428641,0.39797549,0.41570541,0.38827098
0.60943500,0.40447154,0.60486995,0.38876890,0.63481829,0.56921790,0.61547837,0.56724422,0.57975904,0.59348681,0.58214625,0.70588235,0.58858058,0.50107991,0.41373626,0.28661088,0.32114286,0.57394366,0.60483384,0.36570561,0.43105756,0.60229133,0.37256809,0.73597811,0.59856631,0.58106236,0.40072860,0.61169882,0.41983122,0.35981063,0.43529412,0.61182994,0.58640984,0.57772021,0.56906967,0.62670300,0.40428641,0.39797549,0.41570541,0.38827098
0.60943500,0.40447154,0.49411765,0.38876890,0.39333333,0.56921790,0.44545455,0.56724422,0.57975904,0.59348681,0.58214625,0.42026507,0.58858058,0.22222222,0.41373626,0.30564784,0.28348214,0.57394366,0.60483384,0.36570561,0.43105756,0.47152620,0.37256809,0.44571429,0.59856631,0.58106236,0.40072860,0.51098901,0.41983122,0.35981063,0.43529412,0.40831296,0.58640984,0.63903282,0.56906967,0.41192266,0.63486842,0.39797549,0.48837209,0.56934307
0.60943500,0.40447154,0.36599424,0.61524047,0.63481829,0.56921790,0.42331288,0.56724422,0.31250000,0.35211268,0.58214625,0.42026507,0.58858058,0.37111265,0.54437870,0.28661088,0.32114286,0.57394366,0.60483384,0.36570561,0.43105756,0.35516605,0.37256809,0.32492114,0.59856631,0.58106236,0.40072860,0.61169882,0.41983122,0.35981063,0.43529412,0.61182994,0.47222222,0.63903282,0.56906967,0.58682635,0.40428641,0.39797549,0.48837209,0.63250883
0.60943500,0.65112665,0.60486995,0.61524047,0.36511156,0.56921790,0.37598425,0.56724422,0.57975904,0.59348681,0.58214625,0.42026507,0.58858058,0.37111265,0.41373626,0.57398374,0.32114286,0.57394366,0.46597938,0.36570561,0.43105756,0.35516605,0.37256809,0.30022321,0.59856631,0.58106236,0.40072860,0.61169882,0.41983122,0.35981063,0.43529412,0.40831296,0.58640984,0.40942472,0.13114754,0.41192266,0.40428641,0.39797549,0.41570541,0.38827098
0.30578512,0.22615804,0.49411765,0.27070707,0.36511156,0.56921790,0.61547837,0.56724422,0.57975904,0.35211268,0.58214625,0.42026507,0.37685460,0.37111265,0.54437870,0.30564784,0.32114286,0.33103448,0.32033898,0.36570561,0.43105756,0.35516605,0.37256809,0.32492114,0.48717949,0.58106236,0.40072860,0.61169882,0.41983122,0.35981063,0.43529412,0.61182994,0.34492754,0.57772021,0.19130435,0.41192266,0.54708520,0.37878788,0.41570541,0.38827098
0.40070922,0.45945946,0.24340176,0.27070707,0.36511156,0.28571429,0.42331288,0.56724422,0.31250000,0.41196013,0.34237288,0.42026507,0.33333333,0.22222222,0.60683761,0.30564784,0.28348214,0.57394366,0.32033898,0.36570561,0.43105756,0.47152620,0.67469880,0.32492114,0.39387755,0.33447099,0.40072860,0.36616702,0.71014493,0.57272727,0.43529412,0.61182994,0.47122302,0.11111111,0.29629630,0.41192266,0.40428641,0.37878788,0.41570541,0.38827098
0.27702703,0.45945946,0.24340176,0.27070707,0.36511156,0.56921790,0.37598425,0.19718310,0.31250000,0.35211268,0.28957529,0.42026507,0.25641026,0.77210884,0.54437870,0.30564784,0.32114286,0.29257642,0.32033898,0.36570561,0.43105756,0.25974026,0.37256809,0.13043478,0.39387755,0.25742574,0.40072860,0.27205882,0.41983122,0.35981063,0.43529412,0.20454545,0.27898551,0.40942472,0.19130435,0.41192266,0.40428641,0.39797549,0.48837209,0.63250883
0.60943500,0.65112665,0.60486995,0.61524047,0.63481829,0.56921790,0.61547837,0.56724422,0.57975904,0.59348681,0.58214625,0.42026507,0.58858058,0.37111265,0.41373626,0.28661088,0.32114286,0.57394366,0.60483384,0.36570561,0.43105756,0.35516605,0.37256809,0.30022321,0.59856631,0.58106236,0.40072860,0.61169882,0.41983122,0.35981063,0.43529412,0.61182994,0.58640984,0.40942472,0.56906967,0.41192266,0.40428641,0.50216450,0.41570541,0.38827098
0.60943500,0.65112665,0.60486995,0.61524047,0.63481829,0.56921790,0.61547837,0.56724422,0.57975904,0.59348681,0.58214625,0.42026507,0.58858058,0.37111265,0.41373626,0.28661088,0.63134658,0.57394366,0.60483384,0.36570561,0.43105756,0.47152620,0.37256809,0.30022321,0.59856631,0.58106236,0.40072860,0.61169882,0.41983122,0.35981063,0.43529412,0.53003534,0.58640984,0.40942472,0.56906967,0.41192266,0.40428641,0.39797549,0.41570541,0.38827098
0.60943500,0.65112665,0.60486995,0.61524047,0.63481829,0.56921790,0.61547837,0.56724422,0.57975904,0.59348681,0.58214625,0.42026507,0.58858058,0.37111265,0.60683761,0.28661088,0.32114286,0.57394366,0.60483384,0.36570561,0.43105756,0.35516605,0.37256809,0.32492114,0.59856631,0.58106236,0.40072860,0.42682927,0.41983122,0.35981063,0.43529412,0.61182994,0.58640984,0.40942472,0.56906967,0.41192266,0.40428641,0.39797549,0.41570541,0.38827098
0.40070922,0.65112665,0.60486995,0.61524047,0.63481829,0.56921790,0.42331288,0.21610169,0.57975904,0.35211268,0.43750000,0.78294574,0.33333333,0.37111265,0.41373626,0.28661088,0.63134658,0.29257642,0.32033898,0.36570561,0.43105756,0.25974026,0.37256809,0.30022321,0.24347826,0.27272727,0.40072860,0.27205882,0.41983122,0.35981063,0.43529412,0.20454545,0.21276596,0.40942472,0.56906967,0.41192266,0.40428641,0.50216450,0.71484375,0.71947195
0.40070922,0.65112665,0.60486995,0.61524047,0.63481829,0.56921790,0.61547837,0.56724422,0.57975904,0.00000000,0.58214625,0.42026507,0.58858058,0.37111265,0.41373626,0.72955975,0.73578595,0.57394366,0.07142857,0.83882784,0.43105756,0.35516605,0.37256809,0.30022321,0.59856631,0.58106236,0.40072860,0.61169882,0.41983122,0.35981063,0.43529412,0.40831296,0.58640984,0.63903282,0.19130435,0.41192266,0.40428641,0.39797549,0.41570541,0.38827098
0.60943500,0.65112665,0.60486995,0.61524047,0.63481829,0.56921790,0.61547837,0.56724422,0.57975904,0.59348681,0.58214625,0.42026507,0.58858058,0.37111265,0.41373626,0.28661088,0.32114286,0.57394366,0.60483384,0.36570561,0.43105756,0.60229133,0.37256809,0.30022321,0.59856631,0.58106236,0.40072860,0.61169882,0.41983122,0.35981063,0.43529412,0.61182994,0.58640984,0.40942472,0.56906967,0.58682635,0.40428641,0.39797549,0.41570541,0.38827098
0.60943500,0.65112665,0.60486995,0.61524047,0.63481829,0.56921790,0.61547837,0.56724422,0.57975904,0.59348681,0.58214625,0.42026507,0.58858058,0.37111265,0.41373626,0.28661088,0.63134658,0.57394366,0.60483384,0.36570561,0.43105756,0.35516605,0.37256809,0.73597811,0.59856631,0.58106236,0.40072860,0.61169882,0.41983122,0.35981063,0.43529412,0.61182994,0.58640984,0.40942472,0.17575758,0.41192266,0.40428641,0.39797549,0.41570541,0.38827098
0.60943500,0.65112665,0.60486995,0.61524047,0.63481829,0.56921790,0.61547837,0.56724422,0.57975904,0.59348681,0.58214625,0.42026507,0.58858058,0.37111265,0.41373626,0.28661088,0.63134658,0.57394366,0.60483384,0.36570561,0.43105756,0.35516605,0.37256809,0.30022321,0.59856631,0.58106236,0.40072860,0.61169882,0.41983122,0.35981063,0.43529412,0.61182994,0.58640984,0.40942472,0.19130435,0.41192266,0.40428641,0.39797549,0.41570541,0.38827098
0.30578512,0.45945946,0.60486995,0.38876890,0.63481829,0.56921790,0.61547837,0.56724422,0.57975904,0.59348681,0.28957529,0.42026507,0.58858058,0.37111265,0.68896321,0.28661088,0.63134658,0.33103448,0.60483384,0.36570561,0.68932039,0.35516605,0.37256809,0.73597811,0.59856631,0.58106236,0.82300885,0.42682927,0.41983122,0.35981063,0.43529412,0.40831296,0.58640984,0.40942472,0.56906967,0.41192266,0.40428641,0.39797549,0.41570541,0.38827098
0.27702703,0.40447154,0.36599424,0.38876890,0.36511156,0.22813688,0.22093023,0.19718310,0.31250000,0.59348681,0.19708029,0.70588235,0.33333333,0.37111265,0.41373626,0.23364486,0.32114286,0.29257642,0.60483384,0.36570561,0.43105756,0.35516605,0.37256809,0.44571429,0.28205128,0.27272727,0.40072860,0.27205882,0.41983122,0.35981063,0.43529412,0.20454545,0.58640984,0.40942472,0.56906967,0.41192266,0.40428641,0.35000000,0.41570541,0.38827098
0.60943500,0.65112665,0.60486995,0.50199203,0.18205805,0.20175439,0.22093023,0.15000000,0.37850467,0.59348681,0.28957529,0.42026507,0.37685460,0.71404110,0.41373626,0.28661088,0.73578595,0.57394366,0.60483384,0.36570561,0.43105756,0.35516605,0.82817869,0.30022321,0.59856631,0.58106236,0.40072860,0.61169882,0.41983122,0.35981063,0.43529412,0.24301075,0.21276596,0.40942472,0.56906967,0.62670300,0.40428641,0.39797549,0.71484375,0.71947195
0.60943500,0.45945946,0.60486995,0.61524047,0.18205805,0.56921790,0.37598425,0.56724422,0.57975904,0.41196013,0.58214625,0.70588235,0.58858058,0.37111265,0.61181435,0.72955975,0.73578595,0.57394366,0.60483384,0.36570561,0.43105756,0.35516605,0.37256809,0.73597811,0.59856631,0.58106236,0.40072860,0.61169882,0.41983122,0.35981063,0.43529412,0.53003534,0.58640984,0.40942472,0.21428571,0.41192266,0.40428641,0.64619883,0.41570541,0.38827098
0.60943500,0.65112665,0.60486995,0.38876890,0.36511156,0.20175439,0.61547837,0.56724422,0.57975904,0.35211268,0.28957529,0.42026507,0.58858058,0.77210884,0.61181435,0.72955975,0.63134658,0.57394366,0.60483384,0.36570561,0.75784753,0.60229133,0.37256809,0.73597811,0.59856631,0.58106236,0.40072860,0.51098901,0.41983122,0.85840708,0.43529412,0.40831296,0.47222222,0.40942472,0.56906967,0.41192266,0.40428641,0.64619883,0.82539683,0.81382979
0.30578512,0.45945946,0.60486995,0.61524047,0.63481829,0.56921790,0.61547837,0.56724422,0.57975904,0.59348681,0.58214625,0.79166667,0.58858058,0.37111265,0.41373626,0.28661088,0.73578595,0.57394366,0.60483384,0.36570561,0.43105756,0.80898876,0.37256809,0.73597811,0.59856631,0.58106236,0.40072860,0.61169882,0.41983122,0.35981063,0.43529412,0.61182994,0.47122302,0.40942472,0.19130435,0.78325123,0.40428641,0.39797549,0.71484375,0.38827098
0.60943500,0.40447154,0.36599424,0.38876890,0.36511156,0.27777778,0.42331288,0.56724422,0.31250000,0.59348681,0.58214625,0.70588235,0.33333333,0.37111265,0.41373626,0.57398374,0.63134658,0.26470588,0.60483384,0.36570561,0.68932039,0.60229133,0.37256809,0.73597811,0.49328859,0.33447099,0.40072860,0.36616702,0.41983122,0.35981063,0.43529412,0.53003534,0.34492754,0.57772021,0.19130435,0.78325123,0.40428641,0.39797549,0.41570541,0.38827098
0.60943500,0.54732510,0.60486995,0.61524047,0.63481829,0.56921790,0.61547837,0.56724422,0.57975904,0.41196013,0.58214625,0.78294574,0.25641026,0.50107991,0.69435216,0.72955975,0.73578595,0.57394366,0.46597938,0.70403587,0.75784753,0.47152620,0.37256809,0.30022321,0.59856631,0.58106236,0.85093168,0.42682927,0.68794326,0.85840708,0.74766355,0.61182994,0.58640984,0.40942472,0.56906967,0.78325123,0.40428641,0.50216450,0.85148515,0.81382979
0.40070922,0.65112665,0.36599424,0.61524047,0.63481829,0.56921790,0.61547837,0.56724422,0.31944444,0.41196013,0.58214625,0.42026507,0.33333333,0.37111265,0.41373626,0.30564784,0.73578595,0.57394366,0.60483384,0.36570561,0.43105756,0.34426230,0.56164384,0.44571429,0.59856631,0.58106236,0.70000000,0.36616702,0.41983122,0.85840708,0.43529412,0.61182994,0.58640984,0.57772021,0.56906967,0.41192266,0.40428641,0.39797549,0.82539683,0.38827098
0.60943500,0.65112665,0.60486995,0.61524047,0.63481829,0.56921790,0.61547837,0.56724422,0.57975904,0.59348681,0.58214625,0.42026507,0.58858058,0.37111265,0.41373626,0.28661088,0.28348214,0.57394366,0.60483384,0.36570561,0.43105756,0.35516605,0.37256809,0.30022321,0.59856631,0.58106236,0.40072860,0.61169882,0.68794326,0.35981063,0.43529412,0.61182994,0.58640984,0.57772021,0.56906967,0.41192266,0.40428641,0.39797549,0.41570541,0.38827098
0.60943500,0.65112665,0.60486995,0.61524047,0.63481829,0.56921790,0.61547837,0.56724422,0.57975904,0.59348681,0.58214625,0.70588235,0.58858058,0.50107991,0.69435216,0.57398374,0.73578595,0.57394366,0.60483384,0.36570561,0.75784753,0.35516605,0.37256809,0.44571429,0.59856631,0.58106236,0.82300885,0.61169882,0.41983122,0.74430380,0.43529412,0.61182994,0.58640984,0.40942472,0.56906967,0.88135593,0.40428641,0.64619883,0.41570541,0.38827098
0.60943500,0.65112665,0.60486995,0.61524047,0.63481829,0.56921790,0.61547837,0.56724422,0.57975904,0.59348681,0.58214625,0.42026507,0.58858058,0.71404110,0.41373626,0.72955975,0.63134658,0.57394366,0.32033898,0.36570561,0.75784753,0.35516605,0.82817869,0.30022321,0.59856631,0.58106236,0.85093168,0.51098901,0.41983122,0.85840708,0.43529412,0.61182994,0.58640984,0.40942472,0.56906967,0.78325123,0.63486842,0.39797549,0.41570541,0.38827098
0.60943500,0.65112665,0.60486995,0.61524047,0.63481829,0.56921790,0.61547837,0.56724422,0.57975904,0.59348681,0.58214625,0.42026507,0.58858058,0.37111265,0.61181435,0.30564784,0.32114286,0.57394366,0.60483384,0.36570561,0.43105756,0.35516605,0.37256809,0.30022321,0.59856631,0.58106236,0.40072860,0.61169882,0.41983122,0.35981063,0.43529412,0.61182994,0.58640984,0.77173913,0.56906967,0.41192266,0.40428641,0.39797549,0.41570541,0.63250883
0.60943500,0.65112665,0.60486995,0.61524047,0.63481829,0.56921790,0.61547837,0.56724422,0.57975904,0.59348681,0.58214625,0.42026507,0.58858058,0.50107991,0.41373626,0.72955975,0.63134658,0.57394366,0.60483384,0.36570561,0.43105756,0.78527607,0.79856115,0.73597811,0.59856631,0.58106236,0.40072860,0.61169882,0.41983122,0.74430380,0.43529412,0.61182994,0.58640984,0.40942472,0.56906967,0.41192266,0.40428641,0.39797549,0.41570541,0.38827098
0.60943500,0.65112665,0.60486995,0.61524047,0.63481829,0.56921790,0.61547837,0.56724422,0.57975904,0.48387097,0.58214625,0.42026507,0.58858058,0.71404110,0.41373626,0.72955975,0.63134658,0.57394366,0.60483384,0.76923077,0.43105756,0.47152620,0.76223776,0.32492114,0.59856631,0.58106236,0.70000000,0.61169882,0.41983122,0.85840708,0.43529412,0.61182994,0.58640984,0.40942472,0.56906967,0.41192266,0.63486842,0.50216450,0.41570541,0.38827098
0.27702703,0.16233766,0.60486995,0.27070707,0.18205805,0.22813688,0.30487805,0.19718310,0.57975904,0.35211268,0.28957529,0.42026507,0.33333333,0.50107991,0.41373626,0.72955975,0.32114286,0.33103448,0.60483384,0.36570561,0.43105756,0.34426230,0.37256809,0.32492114,0.39387755,0.58106236,0.40072860,0.36616702,0.41983122,0.74430380,0.43529412,0.24301075,0.47122302,0.40942472,0.56906967,0.41192266,0.40428641,0.64619883,0.41570541,0.63250883
0.30578512,0.22615804,0.60486995,0.27070707,0.36511156,0.22813688,0.37598425,0.21610169,0.57975904,0.35211268,0.34237288,0.42026507,0.37685460,0.50107991,0.41373626,0.57398374,0.26612903,0.57394366,0.60483384,0.36570561,0.43105756,0.47152620,0.37256809,0.29629630,0.39387755,0.58106236,0.40072860,0.42682927,0.41983122,0.57272727,0.43529412,0.24301075,0.34492754,0.40942472,0.56906967,0.41192266,0.40428641,0.39797549,0.48837209,0.38827098
0.30578512,0.22615804,0.49411765,0.27070707,0.36511156,0.22813688,0.30487805,0.21610169,0.57975904,0.33079848,0.34237288,0.42026507,0.33333333,0.50107991,0.41373626,0.57398374,0.32114286,0.57394366,0.60483384,0.36570561,0.43105756,0.47152620,0.37256809,0.32492114,0.39387755,0.32967033,0.40072860,0.42682927,0.41983122,0.35981063,0.43529412,0.24301075,0.58640984,0.40942472,0.56906967,0.41192266,0.40428641,0.39797549,0.41570541,0.56934307
0.27702703,0.22615804,0.36599424,0.27070707,0.36511156,0.27777778,0.37598425,0.19718310,0.57975904,0.35211268,0.28957529,0.42026507,0.33333333,0.50107991,0.41373626,0.30564784,0.26612903,0.57394366,0.46597938,0.36570561,0.43105756,0.47152620,0.37256809,0.30022321,0.39387755,0.32967033,0.40072860,0.36616702,0.41983122,0.74430380,0.43529412,0.24301075,0.34492754,0.63903282,0.56906967,0.41192266,0.40428641,0.39797549,0.82539683,0.81382979
0.30578512,0.65112665,0.49411765,0.38876890,0.18205805,0.22813688,0.37598425,0.19718310,0.57975904,0.33079848,0.34237288,0.42026507,0.37685460,0.77210884,0.41373626,0.57398374,0.28348214,0.37931034,0.46597938,0.36570561,0.43105756,0.60229133,0.37256809,0.32492114,0.39387755,0.58106236,0.40072860,0.36616702,0.41983122,0.40350877,0.43529412,0.24301075,0.27898551,0.40942472,0.56906967,0.41192266,0.40428641,0.64619883,0.71484375,0.71947195
0.27702703,0.22615804,0.24340176,0.38876890,0.36511156,0.56921790,0.37598425,0.19718310,0.57975904,0.35211268,0.28957529,0.42026507,0.25641026,0.35195531,0.41373626,0.57398374,0.26612903,0.33103448,0.46597938,0.36570561,0.43105756,0.47152620,0.37256809,0.32492114,0.28205128,0.58106236,0.40072860,0.27205882,0.41983122,0.35981063,0.43529412,0.20454545,0.27898551,0.40942472,0.56906967,0.41192266,0.40428641,0.50216450,0.71484375,0.71947195
0.30578512,0.40447154,0.24340176,0.38876890,0.36511156,0.22813688,0.37598425,0.21610169,0.57975904,0.33079848,0.28957529,0.42026507,0.33333333,0.35195531,0.41373626,0.57398374,0.28348214,0.57394366,0.46597938,0.36570561,0.43105756,0.47152620,0.37256809,0.44571429,0.39387755,0.32967033,0.40072860,0.42682927,0.41983122,0.35981063,0.43529412,0.24301075,0.34492754,0.40942472,0.56906967,0.41192266,0.40428641,0.64619883,0.48837209,0.71947195
0.30578512,0.40447154,0.36599424,0.38876890,0.36511156,0.27777778,0.37598425,0.21610169,0.57975904,0.35211268,0.34237288,0.42026507,0.33333333,0.50107991,0.41373626,0.57398374,0.28348214,0.57394366,0.32033898,0.36570561,0.43105756,0.47152620,0.37256809,0.32492114,0.59856631,0.32967033,0.40072860,0.36616702,0.41983122,0.35981063,0.43529412,0.61182994,0.47122302,0.40942472,0.56906967,0.41192266,0.40428641,0.64619883,0.48837209,0.71947195
0.60943500,0.40447154,0.60486995,0.61524047,0.36511156,0.56921790,0.30487805,0.21610169,0.57975904,0.33079848,0.34237288,0.42026507,0.25641026,0.37111265,0.41373626,0.57398374,0.63134658,0.26470588,0.23312883,0.36570561,0.43105756,0.47152620,0.37256809,0.30022321,0.28205128,0.33447099,0.40072860,0.36616702,0.41983122,0.35981063,0.43529412,0.24301075,0.34492754,0.40942472,0.56906967,0.41192266,0.40428641,0.86407767,0.41570541,0.38827098
0.30578512,0.65112665,0.60486995,0.38876890,0.36511156,0.56921790,0.37598425,0.34228188,0.57975904,0.35211268,0.34237288,0.42026507,0.37685460,0.37111265,0.47826087,0.28661088,0.28348214,0.57394366,0.32033898,0.36570561,0.43105756,0.47152620,0.37256809,0.30022321,0.39387755,0.58106236,0.40072860,0.51098901,0.41983122,0.57272727,0.43529412,0.24301075,0.58640984,0.40942472,0.56906967,0.41192266,0.40428641,0.64619883,0.41570541,0.56934307
0.30578512,0.22615804,0.49411765,0.38876890,0.36511156,0.27777778,0.37598425,0.19718310,0.57975904,0.35211268,0.28957529,0.42026507,0.33333333,0.35195531,0.41373626,0.57398374,0.28348214,0.57394366,0.46597938,0.36570561,0.43105756,0.60229133,0.37256809,0.30022321,0.39387755,0.58106236,0.40072860,0.42682927,0.41983122,0.35981063,0.43529412,0.24301075,0.34492754,0.40942472,0.56906967,0.41192266,0.40428641,0.39797549,0.41570541,0.38827098
0.27702703,0.22615804,0.36599424,0.27070707,0.18205805,0.56921790,0.37598425,0.19718310,0.23076923,0.35211268,0.19708029,0.42026507,0.25641026,0.77210884,0.41373626,0.23364486,0.28348214,0.29257642,0.32033898,0.36570561,0.43105756,0.47152620,0.37256809,0.44571429,0.28205128,0.33447099,0.40072860,0.27205882,0.41983122,0.74430380,0.43529412,0.24301075,0.21276596,0.40942472,0.56906967,0.58682635,0.40428641,0.64619883,0.41570541,0.56934307
0.40070922,0.65112665,0.36599424,0.27070707,0.18205805,0.22813688,0.37598425,0.34228188,0.31250000,0.41196013,0.43750000,0.42026507,0.33333333,0.50107991,0.41373626,0.23364486,0.32114286,0.26470588,0.49600000,0.36570561,0.43105756,0.47152620,0.37256809,0.44571429,0.28205128,0.27272727,0.40072860,0.27205882,0.41983122,0.35981063,0.43529412,0.24301075,0.58640984,0.63903282,0.56906967,0.41192266,0.40428641,0.64619883,0.41570541,0.38827098
0.60943500,0.40447154,0.36599424,0.27070707,0.18205805,0.27777778,0.42331288,0.21610169,0.31250000,0.41196013,0.43750000,0.42026507,0.37685460,0.35195531,0.54437870,0.28661088,0.28348214,0.33103448,0.32033898,0.36570561,0.43105756,0.47152620,0.37256809,0.29629630,0.39387755,0.27272727,0.40072860,0.36616702,0.41983122,0.57272727,0.43529412,0.24301075,0.34492754,0.40942472,0.56906967,0.41192266,0.40428641,0.50216450,0.41570541,0.38827098
0.40070922,0.40447154,0.21568627,0.61524047,0.18205805,0.56921790,0.30487805,0.56724422,0.37850467,0.41196013,0.58214625,0.42026507,0.25641026,0.37111265,0.41373626,0.28661088,0.32114286,0.57394366,0.23312883,0.36570561,0.43105756,0.35516605,0.37256809,0.30022321,0.09523810,0.25742574,0.40072860,0.17567568,0.41983122,0.35981063,0.43529412,0.61182994,0.58640984,0.40942472,0.56906967,0.41192266,0.40428641,0.39797549,0.41570541,0.38827098
0.40070922,0.40447154,0.36599424,0.38876890,0.18205805,0.27777778,0.37598425,0.21610169,0.31250000,0.41196013,0.43750000,0.42026507,0.37685460,0.50107991,0.54437870,0.57398374,0.28348214,0.37931034,0.46597938,0.36570561,0.67123288,0.34426230,0.37256809,0.44571429,0.39387755,0.27272727,0.40072860,0.36616702,0.41983122,0.35981063,0.43529412,0.61182994,0.34492754,0.40942472,0.56906967,0.41192266,0.54708520,0.39797549,0.41570541,0.38827098
0.60943500,0.22615804,0.60486995,0.27070707,0.18205805,0.27777778,0.37598425,0.56724422,0.37850467,0.35211268,0.43750000,0.42026507,0.37685460,0.50107991,0.54437870,0.72955975,0.28348214,0.57394366,0.32033898,0.36570561,0.43105756,0.60229133,0.37256809,0.30022321,0.39387755,0.33447099,0.40072860,0.42682927,0.41983122,0.35981063,0.43529412,0.24301075,0.58640984,0.40942472,0.56906967,0.41192266,0.54708520,0.64619883,0.41570541,0.38827098
0.40070922,0.22615804,0.24340176,0.27070707,0.18205805,0.22813688,0.37598425,0.21610169,0.31250000,0.35211268,0.34237288,0.42026507,0.33333333,0.71404110,0.41373626,0.57398374,0.26612903,0.29257642,0.46597938,0.36570561,0.54411765,0.47152620,0.37256809,0.29629630,0.28205128,0.27272727,0.40072860,0.36616702,0.41983122,0.35981063,0.43529412,0.24301075,0.27898551,0.40942472,0.56906967,0.41192266,0.40428641,0.39797549,0.41570541,0.38827098
0.40070922,0.40447154,0.36599424,0.27070707,0.18205805,0.56921790,0.37598425,0.21610169,0.31250000,0.35211268,0.34237288,0.42026507,0.33333333,0.71404110,0.41373626,0.57398374,0.28348214,0.26470588,0.32033898,0.36570561,0.43105756,0.60229133,0.37256809,0.32492114,0.28205128,0.27272727,0.40072860,0.36616702,0.41983122,0.35981063,0.43529412,0.24301075,0.27898551,0.40942472,0.56906967,0.41192266,0.40428641,0.39797549,0.41570541,0.38827098
0.40070922,0.45945946,0.49411765,0.61524047,0.63481829,0.56921790,0.42331288,0.56724422,0.57975904,0.59348681,0.58214625,0.42026507,0.37685460,0.77210884,0.41373626,0.28661088,0.32114286,0.57394366,0.60483384,0.36570561,0.43105756,0.25974026,0.37256809,0.44571429,0.49328859,0.58106236,0.40072860,0.42682927,0.41983122,0.40350877,0.43529412,0.40831296,0.47222222,0.63903282,0.56906967,0.62670300,0.40428641,0.39797549,0.41570541,0.45454545
0.40070922,0.22615804,0.36599424,0.27070707,0.18205805,0.22813688,0.37598425,0.21610169,0.31250000,0.35211268,0.34237288,0.42026507,0.37685460,0.50107991,0.54437870,0.57398374,0.28348214,0.29257642,0.32033898,0.36570561,0.54411765,0.34426230,0.37256809,0.29629630,0.39387755,0.33447099,0.40072860,0.36616702,0.41983122,0.35981063,0.43529412,0.24301075,0.27898551,0.63903282,0.56906967,0.41192266,0.40428641,0.37878788,0.41570541,0.38827098
0.60943500,0.40447154,0.36599424,0.27070707,0.18205805,0.27777778,0.61547837,0.19718310,0.31250000,0.48387097,0.58214625,0.42026507,0.58858058,0.37111265,0.41373626,0.28661088,0.32114286,0.26470588,0.60483384,0.36570561,0.43105756,0.34426230,0.37256809,0.32492114,0.28205128,0.33447099,0.40072860,0.36616702,0.41983122,0.35981063,0.43529412,0.24301075,0.47122302,0.40942472,0.56906967,0.41192266,0.40428641,0.86407767,0.41570541,0.38827098
0.60943500,0.22615804,0.36599424,0.27070707,0.18205805,0.56921790,0.42331288,0.21610169,0.31250000,0.41196013,0.58214625,0.42026507,0.37685460,0.50107991,0.41373626,0.28661088,0.32114286,0.26470588,0.46597938,0.36570561,0.43105756,0.35516605,0.37256809,0.32492114,0.28205128,0.33447099,0.40072860,0.36616702,0.41983122,0.35981063,0.43529412,0.24301075,0.34492754,0.57772021,0.56906967,0.41192266,0.40428641,0.39797549,0.41570541,0.38827098
0.40070922,0.65112665,0.36599424,0.27070707,0.18205805,0.56921790,0.37598425,0.21610169,0.31250000,0.35211268,0.58214625,0.42026507,0.54054054,0.50107991,0.41373626,0.30564784,0.28348214,0.26470588,0.60483384,0.36570561,0.43105756,0.35516605,0.37256809,0.32492114,0.39387755,0.32967033,0.40072860,0.36616702,0.41983122,0.35981063,0.43529412,0.61182994,0.34492754,0.63903282,0.56906967,0.41192266,0.40428641,0.64619883,0.41570541,0.38827098
0.40070922,0.65112665,0.24340176,0.27070707,0.18205805,0.22813688,0.37598425,0.21610169,0.37850467,0.41196013,0.58214625,0.42026507,0.54054054,0.71404110,0.47826087,0.30564784,0.28348214,0.57394366,0.32033898,0.36570561,0.72413793,0.35516605,0.37256809,0.32492114,0.39387755,0.32967033,0.70000000,0.42682927,0.41983122,0.35981063,0.43529412,0.24301075,0.58640984,0.40942472,0.56906967,0.58682635,0.40428641,0.39797549,0.41570541,0.38827098
0.30578512,0.45945946,0.24340176,0.27070707,0.18205805,0.28571429,0.37598425,0.19718310,0.31250000,0.35211268,0.28957529,0.42026507,0.33333333,0.35195531,0.54437870,0.57398374,0.28348214,0.29257642,0.32033898,0.36570561,0.43105756,0.35516605,0.37256809,0.32492114,0.39387755,0.27272727,0.40072860,0.27205882,0.41983122,0.57272727,0.43529412,0.24301075,0.21276596,0.40942472,0.56906967,0.41192266,0.54708520,0.64619883,0.41570541,0.38827098
0.40070922,0.40447154,0.24340176,0.27070707,0.18205805,0.27777778,0.42331288,0.19718310,0.31250000,0.41196013,0.34237288,0.42026507,0.37685460,0.50107991,0.47826087,0.57398374,0.28348214,0.33103448,0.32033898,0.36570561,0.54411765,0.47152620,0.37256809,0.44571429,0.39387755,0.27272727,0.40072860,0.27205882,0.41983122,0.57272727,0.43529412,0.40831296,0.27898551,0.40942472,0.56906967,0.62670300,0.54708520,0.86407767,0.41570541,0.38827098
0.30578512,0.54732510,0.24340176,0.27070707,0.18205805,0.27777778,0.37598425,0.21610169,0.31250000,0.35211268,0.34237288,0.42026507,0.37685460,0.50107991,0.41373626,0.57398374,0.28348214,0.29257642,0.60483384,0.36570561,0.54411765,0.35516605,0.37256809,0.44571429,0.39387755,0.33447099,0.40072860,0.36616702,0.41983122,0.35981063,0.43529412,0.24301075,0.27898551,0.40942472,0.56906967,0.41192266,0.40428641,0.39797549,0.41570541,0.38827098
0.60943500,0.40447154,0.36599424,0.38876890,0.36511156,0.22813688,0.42331288,0.19718310,0.31250000,0.35211268,0.34237288,0.42026507,0.33333333,0.35195531,0.41373626,0.57398374,0.28348214,0.26470588,0.60483384,0.36570561,0.43105756,0.60229133,0.37256809,0.32492114,0.28205128,0.33447099,0.40072860,0.36616702,0.41983122,0.35981063,0.43529412,0.24301075,0.47122302,0.63903282,0.56906967,0.41192266,0.63486842,0.64619883,0.41570541,0.38827098
0.30578512,0.40447154,0.36599424,0.27070707,0.18205805,0.22813688,0.37598425,0.19718310,0.31944444,0.41196013,0.34237288,0.42026507,0.33333333,0.37111265,0.41373626,0.72955975,0.32114286,0.26470588,0.46597938,0.36570561,0.43105756,0.60229133,0.37256809,0.32492114,0.28205128,0.33447099,0.40072860,0.36616702,0.41983122,0.74430380,0.43529412,0.24301075,0.47122302,0.57772021,0.56906967,0.41192266,0.63486842,0.64619883,0.41570541,0.38827098
0.30578512,0.22615804,0.24340176,0.27070707,0.18205805,0.56921790,0.42331288,0.19718310,0.57975904,0.35211268,0.28957529,0.42026507,0.25641026,0.35195531,0.41373626,0.57398374,0.28348214,0.29257642,0.46597938,0.36570561,0.43105756,0.47152620,0.67469880,0.44571429,0.24347826,0.27272727,0.40072860,0.36616702,0.41983122,0.74430380,0.43529412,0.20454545,0.27898551,0.63903282,0.56906967,0.41192266,0.78318584,0.64619883,0.41570541,0.38827098
0.40070922,0.22615804,0.24340176,0.27070707,0.18205805,0.20175439,0.37598425,0.21610169,0.31250000,0.41196013,0.43750000,0.42026507,0.37685460,0.50107991,0.41373626,0.30564784,0.28348214,0.26470588,0.32033898,0.36570561,0.43105756,0.60229133,0.37256809,0.32492114,0.28205128,0.33447099,0.40072860,0.42682927,0.41983122,0.35981063,0.43529412,0.40831296,0.47222222,0.57772021,0.56906967,0.41192266,0.63486842,0.64619883,0.41570541,0.38827098
0.30578512,0.40447154,0.24340176,0.27070707,0.18205805,0.22813688,0.37598425,0.19718310,0.31944444,0.35211268,0.34237288,0.42026507,0.33333333,0.37111265,0.41373626,0.23364486,0.28348214,0.26470588,0.46597938,0.36570561,0.43105756,0.78527607,0.37256809,0.29629630,0.28205128,0.27272727,0.40072860,0.27205882,0.41983122,0.35981063,0.43529412,0.40831296,0.34492754,0.57772021,0.56906967,0.41192266,0.63486842,0.50216450,0.41570541,0.38827098
0.30578512,0.22615804,0.24340176,0.27070707,0.18205805,0.20175439,0.37598425,0.19718310,0.57975904,0.35211268,0.28957529,0.42026507,0.33333333,0.37111265,0.41373626,0.30564784,0.28348214,0.57394366,0.46597938,0.36570561,0.43105756,0.35516605,0.37256809,0.44571429,0.28205128,0.27272727,0.40072860,0.36616702,0.41983122,0.35981063,0.43529412,0.24301075,0.34492754,0.63903282,0.56906967,0.41192266,0.54708520,0.64619883,0.41570541,0.38827098
0.30578512,0.22615804,0.36599424,0.27070707,0.36511156,0.22813688,0.37598425,0.19718310,0.57975904,0.35211268,0.28957529,0.42026507,0.33333333,0.35195531,0.41373626,0.72955975,0.28348214,0.26470588,0.32033898,0.36570561,0.43105756,0.60229133,0.37256809,0.44571429,0.28205128,0.27272727,0.40072860,0.36616702,0.41983122,0.35981063,0.43529412,0.24301075,0.27898551,0.40942472,0.56906967,0.41192266,0.40428641,0.50216450,0.41570541,0.38827098
0.52577320,0.22615804,0.36599424,0.27070707,0.18205805,0.56921790,0.42331288,0.56724422,0.35135135,0.59348681,0.34237288,0.42026507,0.33333333,0.37111265,0.41373626,0.28661088,0.28348214,0.26470588,0.46597938,0.36570561,0.43105756,0.47152620,0.37256809,0.32492114,0.28205128,0.25742574,0.40072860,0.36616702,0.41983122,0.35981063,0.43529412,0.24301075,0.58640984,0.63903282,0.56906967,0.41192266,0.51162791,0.64619883,0.41570541,0.38827098
0.30578512,0.45945946,0.24340176,0.27070707,0.18205805,0.22813688,0.37598425,0.21610169,0.31250000,0.35211268,0.34237288,0.42026507,0.37685460,0.35195531,0.41373626,0.72955975,0.63134658,0.33103448,0.60483384,0.36570561,0.43105756,0.60229133,0.56164384,0.44571429,0.24347826,0.32967033,0.40072860,0.42682927,0.41983122,0.74430380,0.43529412,0.40831296,0.58640984,0.63903282,0.56906967,0.41192266,0.78318584,0.64619883,0.41570541,0.38827098
0.30578512,0.60194175,0.24340176,0.27070707,0.18205805,0.22813688,0.42331288,0.21610169,0.31250000,0.35211268,0.34237288,0.42026507,0.33333333,0.37111265,0.41373626,0.28661088,0.28348214,0.26470588,0.46597938,0.36570561,0.43105756,0.60229133,0.37256809,0.32492114,0.28205128,0.27272727,0.40072860,0.36616702,0.41983122,0.35981063,0.43529412,0.40831296,0.47222222,0.77173913,0.56906967,0.41192266,0.78318584,0.64619883,0.41570541,0.38827098
0.40070922,0.45945946,0.24340176,0.38876890,0.18205805,0.22813688,0.42331288,0.21610169,0.28571429,0.35211268,0.34237288,0.42026507,0.33333333,0.37111265,0.41373626,0.28661088,0.26612903,0.26470588,0.46597938,0.36570561,0.43105756,0.47152620,0.37256809,0.44571429,0.28205128,0.27272727,0.40072860,0.42682927,0.41983122,0.35981063,0.43529412,0.40831296,0.34492754,0.63903282,0.56906967,0.41192266,0.78318584,0.64619883,0.41570541,0.38827098
0.60943500,0.22615804,0.36599424,0.61524047,0.18205805,0.22813688,0.37598425,0.21610169,0.57975904,0.35211268,0.58214625,0.42026507,0.37685460,0.37111265,0.41373626,0.30564784,0.28348214,0.57394366,0.32033898,0.36570561,0.43105756,0.47152620,0.37256809,0.32492114,0.28205128,0.27272727,0.40072860,0.36616702,0.41983122,0.35981063,0.43529412,0.40831296,0.34492754,0.63903282,0.56906967,0.41192266,0.63486842,0.39797549,0.41570541,0.38827098
0.60943500,0.54732510,0.60486995,0.38876890,0.18205805,0.22813688,0.37598425,0.56724422,0.57975904,0.33079848,0.34237288,0.42026507,0.33333333,0.35195531,0.41373626,0.57398374,0.63134658,0.26470588,0.32033898,0.36570561,0.43105756,0.47152620,0.37256809,0.29629630,0.39387755,0.27272727,0.40072860,0.36616702,0.41983122,0.35981063,0.43529412,0.24301075,0.47122302,0.63903282,0.56906967,0.41192266,0.63486842,0.39797549,0.41570541,0.38827098
0.60943500,0.40447154,0.51190476,0.38876890,0.18205805,0.22813688,0.37598425,0.21610169,0.57975904,0.35211268,0.43902439,0.42026507,0.54054054,0.37111265,0.41373626,0.57398374,0.28348214,0.57394366,0.32033898,0.36570561,0.43105756,0.34426230,0.56164384,0.29629630,0.28205128,0.58106236,0.40072860,0.42682927,0.41983122,0.40350877,0.43529412,0.40831296,0.47122302,0.63903282,0.56906967,0.41192266,0.63486842,0.50216450,0.41570541,0.38827098
0.60943500,0.22615804,0.49411765,0.27070707,0.36511156,0.22813688,0.37598425,0.34228188,0.57975904,0.35211268,0.43750000,0.42026507,0.58858058,0.35195531,0.41373626,0.72955975,0.32114286,0.57394366,0.46597938,0.36570561,0.43105756,0.47152620,0.37256809,0.29629630,0.39387755,0.58106236,0.40072860,0.61169882,0.41983122,0.57272727,0.43529412,0.53003534,0.58640984,0.40942472,0.56906967,0.41192266,0.63486842,0.39797549,0.41570541,0.38827098
0.60943500,0.40447154,0.60486995,0.38876890,0.36511156,0.22813688,0.30487805,0.19718310,0.57975904,0.33079848,0.28957529,0.42026507,0.33333333,0.37111265,0.41373626,0.28661088,0.26612903,0.57394366,0.46597938,0.36570561,0.43105756,0.60229133,0.37256809,0.29629630,0.39387755,0.58106236,0.40072860,0.36616702,0.41983122,0.35981063,0.43529412,0.24301075,0.58640984,0.57772021,0.56906967,0.41192266,0.40428641,0.64619883,0.41570541,0.63250883
0.60943500,0.40447154,0.49411765,0.27070707,0.18205805,0.22813688,0.30487805,0.19718310,0.57975904,0.33079848,0.28957529,0.42026507,0.33333333,0.37111265,0.41373626,0.23364486,0.28348214,0.57394366,0.46597938,0.36570561,0.43105756,0.60229133,0.37256809,0.44571429,0.39387755,0.33447099,0.40072860,0.36616702,0.41983122,0.35981063,0.43529412,0.24301075,0.34492754,0.40942472,0.56906967,0.41192266,0.40428641,0.37878788,0.48837209,0.63250883
0.30578512,0.40447154,0.51190476,0.50199203,0.36511156,0.22813688,0.30487805,0.19718310,0.57975904,0.35211268,0.28957529,0.42026507,0.33333333,0.35195531,0.41373626,0.57398374,0.28348214,0.29257642,0.32033898,0.36570561,0.43105756,0.35516605,0.37256809,0.29629630,0.59856631,0.27272727,0.40072860,0.27205882,0.41983122,0.74430380,0.43529412,0.20454545,0.27898551,0.57772021,0.56906967,0.58682635,0.40428641,0.39797549,0.71484375,0.71947195
0.60943500,0.45945946,0.49411765,0.27070707,0.36511156,0.20175439,0.37598425,0.19718310,0.57975904,0.33079848,0.34237288,0.42026507,0.33333333,0.37111265,0.41373626,0.28661088,0.32114286,0.26470588,0.46597938,0.36570561,0.43105756,0.60229133,0.37256809,0.32492114,0.39387755,0.33447099,0.40072860,0.42682927,0.41983122,0.35981063,0.43529412,0.24301075,0.34492754,0.40942472,0.56906967,0.41192266,0.40428641,0.39797549,0.48837209,0.71947195
0.60943500,0.40447154,0.60486995,0.38876890,0.36511156,0.27777778,0.37598425,0.21610169,0.57975904,0.35211268,0.43750000,0.42026507,0.33333333,0.37111265,0.41373626,0.57398374,0.28348214,0.26470588,0.32033898,0.36570561,0.43105756,0.35516605,0.37256809,0.29629630,0.59856631,0.33447099,0.40072860,0.36616702,0.41983122,0.35981063,0.43529412,0.20454545,0.27898551,0.40942472,0.56906967,0.41192266,0.40428641,0.39797549,0.41570541,0.63250883
0.52577320,0.40447154,0.36599424,0.27070707,0.36511156,0.22813688,0.30487805,0.19718310,0.57975904,0.33079848,0.34237288,0.42026507,0.33333333,0.37111265,0.41373626,0.57398374,0.28348214,0.33103448,0.49600000,0.36570561,0.43105756,0.60229133,0.37256809,0.32492114,0.28205128,0.30434783,0.40072860,0.36616702,0.41983122,0.35981063,0.43529412,0.24301075,0.34492754,0.40942472,0.56906967,0.41192266,0.40428641,0.39797549,0.48837209,0.38827098
0.40070922,0.40447154,0.36599424,0.38876890,0.36511156,0.22813688,0.30487805,0.21610169,0.57975904,0.33079848,0.34237288,0.42026507,0.33333333,0.37111265,0.41373626,0.57398374,0.28348214,0.29257642,0.32033898,0.36570561,0.43105756,0.60229133,0.37256809,0.44571429,0.39387755,0.33447099,0.40072860,0.42682927,0.41983122,0.35981063,0.43529412,0.24301075,0.58640984,0.40942472,0.56906967,0.41192266,0.40428641,0.64619883,0.48837209,0.38827098
0.40070922,0.40447154,0.49411765,0.27070707,0.18205805,0.22813688,0.30487805,0.21610169,0.57975904,0.33079848,0.34237288,0.42026507,0.33333333,0.37111265,0.41373626,0.28661088,0.28348214,0.29257642,0.32033898,0.36570561,0.43105756,0.60229133,0.37256809,0.32492114,0.28205128,0.27272727,0.40072860,0.36616702,0.41983122,0.74430380,0.43529412,0.24301075,0.34492754,0.40942472,0.56906967,0.58682635,0.40428641,0.50216450,0.71484375,0.38827098
0.27702703,0.22615804,0.24340176,0.27070707,0.36511156,0.20175439,0.37598425,0.21610169,0.31250000,0.35211268,0.34237288,0.42026507,0.33333333,0.50107991,0.41373626,0.57398374,0.32114286,0.57394366,0.46597938,0.36570561,0.43105756,0.47152620,0.37256809,0.44571429,0.39387755,0.32967033,0.70000000,0.36616702,0.41983122,0.35981063,0.43529412,0.40831296,0.34492754,0.40942472,0.56906967,0.41192266,0.40428641,0.64619883,0.71484375,0.71947195
0.60943500,0.40447154,0.49411765,0.27070707,0.36511156,0.22813688,0.30487805,0.19718310,0.57975904,0.33079848,0.34237288,0.42026507,0.33333333,0.37111265,0.41373626,0.57398374,0.28348214,0.29257642,0.46597938,0.36570561,0.43105756,0.60229133,0.37256809,0.44571429,0.39387755,0.58106236,0.40072860,0.36616702,0.41983122,0.35981063,0.43529412,0.24301075,0.34492754,0.40942472,0.56906967,0.41192266,0.40428641,0.64619883,0.71484375,0.71947195
0.30578512,0.65112665,0.60486995,0.27070707,0.36511156,0.22813688,0.37598425,0.21610169,0.57975904,0.35211268,0.34237288,0.42026507,0.33333333,0.50107991,0.41373626,0.28661088,0.28348214,0.26470588,0.49600000,0.36570561,0.43105756,0.47152620,0.37256809,0.32492114,0.39387755,0.32967033,0.40072860,0.36616702,0.41983122,0.35981063,0.43529412,0.24301075,0.27898551,0.40942472,0.56906967,0.41192266,0.40428641,0.37878788,0.41570541,0.71947195
0.30578512,0.22615804,0.36599424,0.50199203,0.36511156,0.27777778,0.37598425,0.19718310,0.57975904,0.35211268,0.34237288,0.42026507,0.58858058,0.50107991,0.41373626,0.28661088,0.32114286,0.57394366,0.46597938,0.36570561,0.43105756,0.34426230,0.37256809,0.30022321,0.28205128,0.58106236,0.40072860,0.36616702,0.41983122,0.35981063,0.43529412,0.24301075,0.34492754,0.40942472,0.56906967,0.55952381,0.40428641,0.64619883,0.41570541,0.63250883
0.60943500,0.40447154,0.36599424,0.30708661,0.18205805,0.22813688,0.30487805,0.21610169,0.31250000,0.33079848,0.58214625,0.42026507,0.58858058,0.37111265,0.54437870,0.30564784,0.28348214,0.57394366,0.32033898,0.36570561,0.43105756,0.60229133,0.37256809,0.44571429,0.39387755,0.58106236,0.40072860,0.36616702,0.41983122,0.35981063,0.43529412,0.24301075,0.47222222,0.40942472,0.56906967,0.62670300,0.40428641,0.86407767,0.41570541,0.38827098
0.60943500,0.22615804,0.36599424,0.27070707,0.18205805,0.22813688,0.30487805,0.15000000,0.57975904,0.35211268,0.34237288,0.42026507,0.25641026,0.37111265,0.41373626,0.28661088,0.28348214,0.29257642,0.32033898,0.36570561,0.43105756,0.47152620,0.37256809,0.44571429,0.24347826,0.25742574,0.40072860,0.36616702,0.41983122,0.35981063,0.43529412,0.40831296,0.58640984,0.40942472,0.56906967,0.58682635,0.40428641,0.86407767,0.41570541,0.38827098
0.60943500,0.22615804,0.60486995,0.27070707,0.18205805,0.20175439,0.37598425,0.34228188,0.31250000,0.35211268,0.58214625,0.42026507,0.33333333,0.50107991,0.41373626,0.57398374,0.26612903,0.26470588,0.32033898,0.36570561,0.43105756,0.47152620,0.37256809,0.44571429,0.39387755,0.27272727,0.40072860,0.36616702,0.41983122,0.35981063,0.43529412,0.24301075,0.47122302,0.57772021,0.56906967,0.62670300,0.54708520,0.64619883,0.41570541,0.38827098
0.60943500,0.45945946,0.60486995,0.27070707,0.18205805,0.22813688,0.37598425,0.56724422,0.31250000,0.35211268,0.58214625,0.42026507,0.33333333,0.35195531,0.41373626,0.57398374,0.32114286,0.26470588,0.32033898,0.36570561,0.43105756,0.60229133,0.37256809,0.44571429,0.28205128,0.27272727,0.40072860,0.36616702,0.41983122,0.35981063,0.43529412,0.24301075,0.58640984,0.40942472,0.56906967,0.58682635,0.40428641,0.64619883,0.41570541,0.38827098
0.60943500,0.40447154,0.60486995,0.27070707,0.18205805,0.22813688,0.37598425,0.34228188,0.31250000,0.35211268,0.58214625,0.42026507,0.37685460,0.35195531,0.69435216,0.28661088,0.32114286,0.26470588,0.32033898,0.36570561,0.43105756,0.60229133,0.37256809,0.44571429,0.28205128,0.27272727,0.40072860,0.36616702,0.41983122,0.35981063,0.43529412,0.24301075,0.58640984,0.40942472,0.56906967,0.41192266,0.40428641,0.64619883,0.41570541,0.38827098
0.60943500,0.40447154,0.36599424,0.38876890,0.18205805,0.22813688,0.30487805,0.34228188,0.57975904,0.33079848,0.58214625,0.42026507,0.37685460,0.37111265,0.41373626,0.57398374,0.28348214,0.57394366,0.46597938,0.36570561,0.43105756,0.60229133,0.37256809,0.32492114,0.28205128,0.27272727,0.40072860,0.61169882,0.41983122,0.35981063,0.43529412,0.53003534,0.58640984,0.57772021,0.56906967,0.41192266,0.40428641,0.64619883,0.41570541,0.38827098
0.60943500,0.45945946,0.49411765,0.27070707,0.18205805,0.27777778,0.37598425,0.21610169,0.31250000,0.35211268,0.58214625,0.42026507,0.58858058,0.37111265,0.41373626,0.57398374,0.32114286,0.57394366,0.60483384,0.36570561,0.43105756,0.47152620,0.37256809,0.32492114,0.39387755,0.33447099,0.40072860,0.61169882,0.41983122,0.35981063,0.43529412,0.40831296,0.58640984,0.63903282,0.56906967,0.41192266,0.63486842,0.64619883,0.41570541,0.38827098
0.60943500,0.45945946,0.49411765,0.27070707,0.36511156,0.27777778,0.37598425,0.34228188,0.31250000,0.35211268,0.58214625,0.42026507,0.54054054,0.37111265,0.41373626,0.57398374,0.32114286,0.33103448,0.46597938,0.36570561,0.43105756,0.60229133,0.37256809,0.44571429,0.28205128,0.33447099,0.40072860,0.42682927,0.41983122,0.35981063,0.43529412,0.40831296,0.58640984,0.57772021,0.56906967,0.41192266,0.40428641,0.64619883,0.41570541,0.38827098
0.60943500,0.40447154,0.49411765,0.27070707,0.18205805,0.27777778,0.30487805,0.21610169,0.57975904,0.33079848,0.58214625,0.42026507,0.37685460,0.37111265,0.41373626,0.57398374,0.28348214,0.33103448,0.46597938,0.36570561,0.43105756,0.60229133,0.37256809,0.32492114,0.39387755,0.33447099,0.40072860,0.42682927,0.41983122,0.35981063,0.43529412,0.40831296,0.58640984,0.57772021,0.56906967,0.41192266,0.63486842,0.37878788,0.41570541,0.38827098
0.60943500,0.54732510,0.49411765,0.27070707,0.36511156,0.22813688,0.37598425,0.21610169,0.31250000,0.35211268,0.58214625,0.42026507,0.58858058,0.37111265,0.41373626,0.57398374,0.28348214,0.57394366,0.46597938,0.36570561,0.43105756,0.60229133,0.37256809,0.32492114,0.59856631,0.33447099,0.40072860,0.42682927,0.41983122,0.35981063,0.43529412,0.40831296,0.58640984,0.57772021,0.56906967,0.41192266,0.63486842,0.50216450,0.41570541,0.38827098
0.52577320,0.40447154,0.49411765,0.27070707,0.36511156,0.20175439,0.30487805,0.19718310,0.57975904,0.33079848,0.28957529,0.42026507,0.25641026,0.37111265,0.41373626,0.28661088,0.32114286,0.20238095,0.46597938,0.36570561,0.43105756,0.60229133,0.37256809,0.44571429,0.49328859,0.33447099,0.40072860,0.27205882,0.41983122,0.35981063,0.43529412,0.20454545,0.27898551,0.40942472,0.56906967,0.58682635,0.40428641,0.50216450,0.48837209,0.71947195
0.30578512,0.54732510,0.36599424,0.27070707,0.18205805,0.20175439,0.30487805,0.19718310,0.57975904,0.33079848,0.28957529,0.42026507,0.33333333,0.37111265,0.41373626,0.57398374,0.26612903,0.26470588,0.32033898,0.36570561,0.43105756,0.47152620,0.37256809,0.32492114,0.49328859,0.32967033,0.40072860,0.36616702,0.41983122,0.57272727,0.43529412,0.24301075,0.34492754,0.40942472,0.56906967,0.55952381,0.40428641,0.37878788,0.48837209,0.63250883
0.52577320,0.54732510,0.36599424,0.38876890,0.18205805,0.22813688,0.30487805,0.21610169,0.57975904,0.33079848,0.28957529,0.42026507,0.33333333,0.37111265,0.41373626,0.28661088,0.32114286,0.57394366,0.46597938,0.36570561,0.43105756,0.60229133,0.37256809,0.32492114,0.39387755,0.27272727,0.40072860,0.27205882,0.41983122,0.35981063,0.43529412,0.24301075,0.34492754,0.40942472,0.56906967,0.41192266,0.40428641,0.50216450,0.41570541,0.71947195
0.60943500,0.40447154,0.36599424,0.27070707,0.18205805,0.20175439,0.30487805,0.21610169,0.31944444,0.33079848,0.34237288,0.42026507,0.25641026,0.37111265,0.41373626,0.28661088,0.32114286,0.26470588,0.46597938,0.36570561,0.43105756,0.35516605,0.37256809,0.44571429,0.39387755,0.58106236,0.40072860,0.42682927,0.41983122,0.35981063,0.43529412,0.24301075,0.47122302,0.40942472,0.56906967,0.41192266,0.40428641,0.64619883,0.41570541,0.71947195
0.27702703,0.22615804,0.36599424,0.27070707,0.36511156,0.22813688,0.61547837,0.19718310,0.57975904,0.59348681,0.28957529,0.42026507,0.58858058,0.50107991,0.41373626,0.28661088,0.63134658,0.26470588,0.60483384,0.36570561,0.43105756,0.34426230,0.37256809,0.30022321,0.49328859,0.58106236,0.40072860,0.42682927,0.41983122,0.35981063,0.43529412,0.53003534,0.58640984,0.40942472,0.17575758,0.41192266,0.40428641,0.39797549,0.41570541,0.38827098
0.23333333,0.16233766,0.24340176,0.27070707,0.36511156,0.56921790,0.61547837,0.56724422,0.31250000,0.59348681,0.28957529,0.42026507,0.58858058,0.37111265,0.41373626,0.28661088,0.32114286,0.57394366,0.60483384,0.36570561,0.43105756,0.60229133,0.37256809,0.30022321,0.59856631,0.58106236,0.40072860,0.61169882,0.41983122,0.35981063,0.43529412,0.61182994,0.58640984,0.40942472,0.56906967,0.41192266,0.40428641,0.39797549,0.41570541,0.38827098
0.30578512,0.16233766,0.24340176,0.27070707,0.18205805,0.22813688,0.37598425,0.21610169,0.57975904,0.35211268,0.28957529,0.42026507,0.37685460,0.77210884,0.54437870,0.72955975,0.28348214,0.29257642,0.32033898,0.36570561,0.43105756,0.47152620,0.37256809,0.32492114,0.24347826,0.27272727,0.40072860,0.36616702,0.41983122,0.57272727,0.43529412,0.24301075,0.27898551,0.40942472,0.56906967,0.41192266,0.40428641,0.50216450,0.41570541,0.38827098
0.30578512,0.40447154,0.21951220,0.27070707,0.36511156,0.56921790,0.61547837,0.56724422,0.37850467,0.59348681,0.58214625,0.42026507,0.58858058,0.37111265,0.69435216,0.28661088,0.28348214,0.57394366,0.23312883,0.36570561,0.43105756,0.35516605,0.37256809,0.32492114,0.39387755,0.58106236,0.40072860,0.61169882,0.41983122,0.35981063,0.43529412,0.61182994,0.58640984,0.40942472,0.56906967,0.41192266,0.40428641,0.50216450,0.41570541,0.38827098
0.27702703,0.22615804,0.21568627,0.30708661,0.18205805,0.22813688,0.37598425,0.21610169,0.31250000,0.33079848,0.28957529,0.42026507,0.37685460,0.37111265,0.41373626,0.23364486,0.32114286,0.26470588,0.60483384,0.36570561,0.54411765,0.35516605,0.37256809,0.44571429,0.28205128,0.33447099,0.40072860,0.42682927,0.41983122,0.74430380,0.43529412,0.24301075,0.27898551,0.40942472,0.56906967,0.41192266,0.40428641,0.50216450,0.41570541,0.38827098
0.60943500,0.22615804,0.36599424,0.27070707,0.30909091,0.27777778,0.37598425,0.56724422,0.57975904,0.35211268,0.58214625,0.42026507,0.58858058,0.37111265,0.41373626,0.30564784,0.32114286,0.57394366,0.60483384,0.36570561,0.43105756,0.35516605,0.37256809,0.32492114,0.39387755,0.58106236,0.40072860,0.61169882,0.41983122,0.35981063,0.43529412,0.61182994,0.58640984,0.40942472,0.56906967,0.41192266,0.40428641,0.39797549,0.41570541,0.38827098
0.60943500,0.16233766,0.60486995,0.27070707,0.18205805,0.56921790,0.22093023,0.56724422,0.57975904,0.33079848,0.58214625,0.42026507,0.58858058,0.37111265,0.41373626,0.28661088,0.32114286,0.57394366,0.32033898,0.36570561,0.43105756,0.35516605,0.37256809,0.44571429,0.59856631,0.58106236,0.40072860,0.61169882,0.41983122,0.35981063,0.43529412,0.61182994,0.58640984,0.40942472,0.21428571,0.41192266,0.40428641,0.39797549,0.41570541,0.38827098
0.60943500,0.22615804,0.60486995,0.38876890,0.63481829,0.56921790,0.61547837,0.56724422,0.31250000,0.59348681,0.58214625,0.42026507,0.58858058,0.37111265,0.41373626,0.28661088,0.73578595,0.57394366,0.32033898,0.36570561,0.43105756,0.35516605,0.37256809,0.30022321,0.59856631,0.58106236,0.40072860,0.61169882,0.41983122,0.35981063,0.43529412,0.61182994,0.58640984,0.40942472,0.56906967,0.41192266,0.40428641,0.39797549,0.41570541,0.38827098
0.30578512,0.22615804,0.60486995,0.50199203,0.50476190,0.56921790,0.61547837,0.56724422,0.57975904,0.33079848,0.43750000,0.42026507,0.58858058,0.37111265,0.41373626,0.28661088,0.32114286,0.57394366,0.60483384,0.36570561,0.43105756,0.35516605,0.37256809,0.30022321,0.59856631,0.58106236,0.40072860,0.61169882,0.41983122,0.35981063,0.43529412,0.61182994,0.58640984,0.40942472,0.56906967,0.41192266,0.40428641,0.39797549,0.41570541,0.38827098
0.27702703,0.16233766,0.60486995,0.61524047,0.18205805,0.22813688,0.22093023,0.56724422,0.57975904,0.35211268,0.28957529,0.42026507,0.58858058,0.37111265,0.41373626,0.28661088,0.32114286,0.57394366,0.60483384,0.36570561,0.75784753,0.60229133,0.37256809,0.73597811,0.59856631,0.58106236,0.40072860,0.36616702,0.41983122,0.35981063,0.43529412,0.40831296,0.58640984,0.40942472,0.56906967,0.41192266,0.40428641,0.39797549,0.41570541,0.38827098
0.60943500,0.16233766,0.60486995,0.27070707,0.18205805,0.56921790,0.30487805,0.56724422,0.57975904,0.35211268,0.34237288,0.42026507,0.58858058,0.35195531,0.41373626,0.28661088,0.32114286,0.33103448,0.60483384,0.36570561,0.43105756,0.47152620,0.37256809,0.30022321,0.59856631,0.58106236,0.40072860,0.61169882,0.41983122,0.35981063,0.43529412,0.61182994,0.58640984,0.40942472,0.56906967,0.41192266,0.40428641,0.39797549,0.41570541,0.38827098
0.60943500,0.22615804,0.60486995,0.61524047,0.39333333,0.56921790,0.30487805,0.56724422,0.31250000,0.59348681,0.58214625,0.42026507,0.58858058,0.37111265,0.41373626,0.57398374,0.73578595,0.57394366,0.60483384,0.36570561,0.43105756,0.60229133,0.37256809,0.30022321,0.59856631,0.58106236,0.40072860,0.61169882,0.41983122,0.35981063,0.43529412,0.61182994,0.58640984,0.40942472,0.56906967,0.41192266,0.40428641,0.39797549,0.41570541,0.38827098
0.60943500,0.16233766,0.60486995,0.27070707,0.18205805,0.56921790,0.22093023,0.56724422,0.57975904,0.59348681,0.58214625,0.42026507,0.58858058,0.37111265,0.69435216,0.28661088,0.32114286,0.57394366,0.32033898,0.36570561,0.43105756,0.35516605,0.37256809,0.30022321,0.59856631,0.58106236,0.40072860,0.61169882,0.41983122,0.35981063,0.43529412,0.61182994,0.58640984,0.57772021,0.56906967,0.41192266,0.40428641,0.39797549,0.41570541,0.38827098
0.27702703,0.09090909,0.21951220,0.38876890,0.30909091,0.20175439,0.30487805,0.15000000,0.31944444,0.59348681,0.19708029,0.42026507,0.37685460,0.77210884,0.61181435,0.30564784,0.73578595,0.57394366,0.60483384,0.36570561,0.43105756,0.35516605,0.37256809,0.44571429,0.59856631,0.58106236,0.40072860,0.61169882,0.41983122,0.35981063,0.43529412,0.61182994,0.58640984,0.40942472,0.56906967,0.41192266,0.40428641,0.39797549,0.41570541,0.38827098
0.30578512,0.40447154,0.24340176,0.27070707,0.30909091,0.56921790,0.30487805,0.56724422,0.37850467,0.35211268,0.43750000,0.42026507,0.58858058,0.81632653,0.41373626,0.57398374,0.28348214,0.57394366,0.46597938,0.36570561,0.43105756,0.35516605,0.37256809,0.29629630,0.59856631,0.58106236,0.40072860,0.61169882,0.41983122,0.35981063,0.43529412,0.40831296,0.58640984,0.40942472,0.56906967,0.41192266,0.40428641,0.37878788,0.41570541,0.38827098
0.40070922,0.40447154,0.24340176,0.27070707,0.18205805,0.20175439,0.61547837,0.56724422,0.37850467,0.48387097,0.58214625,0.42026507,0.58858058,0.37111265,0.41373626,0.72955975,0.32114286,0.57394366,0.60483384,0.36570561,0.43105756,0.35516605,0.37256809,0.30022321,0.59856631,0.58106236,0.40072860,0.61169882,0.41983122,0.35981063,0.43529412,0.61182994,0.58640984,0.40942472,0.56906967,0.41192266,0.63486842,0.37878788,0.41570541,0.38827098
0.27702703,0.16233766,0.24340176,0.30708661,0.18205805,0.20175439,0.37598425,0.56724422,0.57975904,0.33079848,0.28957529,0.42026507,0.33333333,0.37111265,0.41373626,0.72955975,0.32114286,0.26470588,0.46597938,0.36570561,0.43105756,0.60229133,0.37256809,0.30022321,0.39387755,0.58106236,0.40072860,0.61169882,0.41983122,0.35981063,0.43529412,0.40831296,0.58640984,0.63903282,0.56906967,0.41192266,0.78318584,0.50216450,0.41570541,0.38827098
0.60943500,0.65112665,0.21568627,0.30708661,0.18205805,0.20175439,0.30487805,0.56724422,0.57975904,0.59348681,0.58214625,0.42026507,0.58858058,0.71404110,0.41373626,0.57398374,0.28348214,0.57394366,0.60483384,0.36570561,0.43105756,0.60229133,0.37256809,0.44571429,0.59856631,0.58106236,0.40072860,0.61169882,0.41983122,0.35981063,0.43529412,0.24301075,0.58640984,0.51006711,0.56906967,0.41192266,0.78318584,0.39797549,0.41570541,0.38827098
0.27702703,0.65112665,0.21568627,0.27070707,0.18205805,0.56921790,0.37598425,0.56724422,0.31250000,0.33079848,0.58214625,0.42026507,0.37685460,0.50107991,0.41373626,0.72955975,0.32114286,0.57394366,0.60483384,0.36570561,0.43105756,0.35516605,0.37256809,0.30022321,0.59856631,0.58106236,0.40072860,0.42682927,0.41983122,0.35981063,0.43529412,0.53003534,0.58640984,0.57772021,0.56906967,0.41192266,0.78318584,0.50216450,0.41570541,0.38827098
0.60943500,0.65112665,0.36599424,0.61524047,0.18205805,0.56921790,0.30487805,0.56724422,0.57975904,0.35211268,0.58214625,0.42026507,0.58858058,0.37111265,0.41373626,0.30564784,0.32114286,0.57394366,0.60483384,0.36570561,0.43105756,0.60229133,0.37256809,0.30022321,0.59856631,0.58106236,0.40072860,0.61169882,0.41983122,0.35981063,0.43529412,0.61182994,0.58640984,0.40942472,0.56906967,0.41192266,0.63486842,0.37878788,0.41570541,0.38827098
0.27702703,0.22615804,0.24340176,0.27070707,0.36511156,0.22813688,0.61547837,0.21610169,0.31944444,0.35211268,0.28957529,0.42026507,0.54054054,0.37111265,0.41373626,0.30564784,0.32114286,0.57394366,0.49600000,0.36570561,0.43105756,0.35516605,0.37256809,0.32492114,0.59856631,0.58106236,0.40072860,0.61169882,0.41983122,0.35981063,0.43529412,0.61182994,0.47122302,0.40942472,0.56906967,0.41192266,0.63486842,0.39797549,0.41570541,0.38827098
0.27702703,0.22615804,0.21568627,0.50199203,0.18205805,0.56921790,0.37598425,0.56724422,0.31944444,0.59348681,0.28957529,0.42026507,0.33333333,0.50107991,0.41373626,0.57398374,0.32114286,0.29257642,0.32033898,0.36570561,0.43105756,0.35516605,0.37256809,0.32492114,0.28205128,0.27272727,0.40072860,0.36616702,0.41983122,0.35981063,0.43529412,0.40831296,0.27898551,0.40942472,0.56906967,0.41192266,0.91538462,0.39797549,0.41570541,0.38827098
0.30578512,0.22615804,0.36599424,0.61524047,0.63481829,0.56921790,0.61547837,0.56724422,0.57975904,0.59348681,0.58214625,0.42026507,0.58858058,0.37111265,0.41373626,0.57398374,0.73578595,0.57394366,0.32033898,0.36570561,0.43105756,0.35516605,0.37256809,0.30022321,0.39387755,0.58106236,0.85093168,0.61169882,0.41983122,0.35981063,0.43529412,0.61182994,0.58640984,0.63903282,0.56906967,0.41192266,0.40428641,0.39797549,0.41570541,0.38827098
0.27702703,0.40447154,0.21568627,0.27070707,0.36511156,0.56921790,0.61547837,0.56724422,0.31944444,0.59348681,0.58214625,0.42026507,0.58858058,0.71404110,0.69435216,0.57398374,0.63134658,0.57394366,0.60483384,0.36570561,0.67123288,0.35516605,0.37256809,0.32492114,0.59856631,0.58106236,0.40072860,0.61169882,0.41983122,0.35981063,0.43529412,0.61182994,0.58640984,0.51006711,0.17575758,0.41192266,0.40428641,0.39797549,0.41570541,0.38827098
0.27702703,0.40447154,0.60486995,0.50199203,0.39333333,0.56921790,0.30487805,0.56724422,0.57975904,0.59348681,0.34237288,0.42026507,0.58858058,0.77210884,0.69435216,0.23364486,0.63134658,0.57394366,0.60483384,0.36570561,0.43105756,0.60229133,0.37256809,0.30022321,0.59856631,0.58106236,0.40072860,0.61169882,0.41983122,0.35981063,0.43529412,0.61182994,0.47122302,0.57772021,0.56906967,0.41192266,0.40428641,0.39797549,0.41570541,0.38827098
0.27702703,0.22615804,0.36599424,0.50199203,0.50476190,0.56921790,0.61547837,0.56724422,0.31250000,0.59348681,0.34237288,0.42026507,0.58858058,0.50107991,0.54437870,0.28661088,0.63134658,0.57394366,0.60483384,0.36570561,0.43105756,0.35516605,0.37256809,0.30022321,0.59856631,0.58106236,0.40072860,0.36616702,0.41983122,0.35981063,0.43529412,0.61182994,0.58640984,0.40942472,0.21428571,0.41192266,0.40428641,0.39797549,0.41570541,0.38827098
0.27702703,0.16233766,0.60486995,0.50199203,0.18205805,0.56921790,0.30487805,0.15000000,0.57975904,0.59348681,0.58214625,0.42026507,0.58858058,0.77210884,0.41373626,0.57398374,0.63134658,0.57394366,0.60483384,0.79120879,0.43105756,0.80898876,0.37256809,0.73597811,0.59856631,0.58106236,0.59821429,0.61169882,0.41983122,0.35981063,0.43529412,0.40831296,0.21276596,0.57772021,0.29629630,0.41192266,0.40428641,0.39797549,0.41570541,0.38827098
0.26562500,0.16233766,0.60486995,0.50199203,0.63481829,0.56921790,0.61547837,0.15000000,0.57975904,0.33079848,0.19708029,0.42026507,0.33333333,0.37111265,0.69435216,0.28661088,0.63134658,0.29257642,0.23312883,0.36570561,0.43105756,0.35516605,0.37256809,0.73597811,0.39387755,0.32967033,0.40072860,0.36616702,0.41983122,0.35981063,0.43529412,0.24301075,0.21276596,0.40942472,0.56906967,0.41192266,0.40428641,0.64619883,0.41570541,0.71947195
0.27702703,0.22615804,0.24340176,0.27070707,0.18205805,0.22813688,0.37598425,0.15000000,0.31944444,0.35211268,0.19708029,0.42026507,0.37685460,0.71404110,0.10000000,0.30564784,0.28348214,0.57394366,0.32033898,0.36570561,0.43105756,0.35516605,0.37256809,0.29629630,0.48717949,0.58106236,0.40072860,0.51098901,0.41983122,0.35981063,0.43529412,0.40831296,0.21276596,0.40942472,0.56906967,0.41192266,0.40428641,0.64619883,0.41570541,0.63250883
0.26562500,0.22615804,0.24340176,0.27070707,0.18205805,0.56921790,0.42331288,0.00000000,0.35135135,0.35211268,0.19708029,0.42026507,0.37685460,0.77210884,0.41373626,0.72955975,0.28348214,0.57394366,0.23312883,0.70403587,0.43105756,0.35516605,0.37256809,0.44571429,0.59856631,0.58106236,0.40072860,0.42682927,0.41983122,0.35981063,0.43529412,0.61182994,0.21276596,0.40942472,0.56906967,0.41192266,0.40428641,0.64619883,0.41570541,0.63250883
0.30578512,0.40447154,0.60486995,0.61524047,0.39333333,0.56921790,0.61547837,0.56724422,0.57975904,0.59348681,0.58214625,0.42026507,0.58858058,0.71404110,0.41373626,0.23364486,0.82608696,0.57394366,0.60483384,0.36570561,0.43105756,0.60229133,0.37256809,0.44571429,0.59856631,0.58106236,0.40072860,0.61169882,0.41983122,0.35981063,0.43529412,0.61182994,0.58640984,0.40942472,0.56906967,0.41192266,0.40428641,0.39797549,0.41570541,0.38827098
0.60943500,0.45945946,0.49411765,0.61524047,0.63481829,0.56921790,0.61547837,0.56724422,0.37850467,0.59348681,0.58214625,0.42026507,0.58858058,0.71404110,0.41373626,0.57398374,0.63134658,0.57394366,0.32033898,0.36570561,0.43105756,0.60229133,0.37256809,0.44571429,0.59856631,0.58106236,0.40072860,0.61169882,0.41983122,0.35981063,0.43529412,0.61182994,0.58640984,0.40942472,0.56906967,0.41192266,0.40428641,0.39797549,0.41570541,0.38827098
0.23333333,0.40447154,0.21568627,0.61524047,0.63481829,0.56921790,0.37598425,0.56724422,0.31250000,0.59348681,0.28957529,0.42026507,0.58858058,0.50107991,0.41373626,0.77593361,0.73578595,0.57394366,0.32033898,0.36570561,0.43105756,0.47152620,0.37256809,0.44571429,0.24347826,0.25742574,0.40072860,0.27205882,0.41983122,0.35981063,0.43529412,0.24301075,0.58640984,0.40942472,0.17575758,0.41192266,0.40428641,0.39797549,0.41570541,0.38827098
0.30578512,0.40447154,0.36599424,0.52631579,0.63481829,0.56921790,0.37598425,0.21610169,0.31250000,0.59348681,0.28957529,0.42026507,0.37685460,0.37111265,0.41373626,0.28661088,0.63134658,0.29257642,0.32033898,0.36570561,0.43105756,0.60229133,0.37256809,0.32492114,0.28205128,0.58106236,0.40072860,0.36616702,0.41983122,0.35981063,0.43529412,0.24301075,0.27898551,0.33333333,0.17575758,0.41192266,0.40428641,0.39797549,0.41570541,0.38827098
0.60943500,0.22615804,0.60486995,0.27070707,0.36511156,0.56921790,0.30487805,0.56724422,0.31250000,0.59348681,0.34237288,0.42026507,0.33333333,0.37111265,0.41373626,0.57398374,0.32114286,0.29257642,0.60483384,0.36570561,0.43105756,0.78527607,0.37256809,0.80259740,0.59856631,0.58106236,0.40072860,0.36616702,0.41983122,0.35981063,0.43529412,0.24301075,0.58640984,0.40942472,0.13114754,0.41192266,0.40428641,0.39797549,0.41570541,0.38827098
0.60943500,0.40447154,0.60486995,0.38876890,0.63481829,0.56921790,0.22093023,0.15000000,0.57975904,0.59348681,0.58214625,0.42026507,0.18518519,0.71404110,0.41373626,0.72955975,0.73578595,0.57394366,0.60483384,0.36570561,0.43105756,0.47152620,0.37256809,0.44571429,0.28205128,0.17391304,0.40072860,0.27205882,0.41983122,0.35981063,0.43529412,0.24301075,0.27898551,0.40942472,0.19130435,0.41192266,0.40428641,0.39797549,0.41570541,0.38827098
0.30578512,0.45945946,0.49411765,0.61524047,0.63481829,0.56921790,0.30487805,0.21610169,0.57975904,0.59348681,0.28957529,0.42026507,0.33333333,0.50107991,0.41373626,0.28661088,0.63134658,0.57394366,0.49600000,0.36570561,0.43105756,0.47152620,0.37256809,0.32492114,0.49328859,0.27272727,0.70000000,0.27205882,0.41983122,0.35981063,0.43529412,0.20454545,0.27898551,0.40942472,0.13114754,0.41192266,0.40428641,0.39797549,0.41570541,0.38827098
0.40070922,0.40447154,0.24340176,0.61524047,0.36511156,0.56921790,0.22093023,0.56724422,0.31250000,0.59348681,0.34237288,0.42026507,0.58858058,0.77210884,0.41373626,0.57398374,0.63134658,0.57394366,0.46597938,0.36570561,0.43105756,0.35516605,0.37256809,0.32492114,0.59856631,0.58106236,0.40072860,0.61169882,0.41983122,0.35981063,0.43529412,0.61182994,0.58640984,0.40942472,0.21428571,0.41192266,0.40428641,0.39797549,0.41570541,0.38827098
0.30578512,0.40447154,0.24340176,0.27070707,0.18205805,0.56921790,0.30487805,0.19718310,0.31944444,0.33079848,0.58214625,0.42026507,0.58858058,0.37111265,0.41373626,0.28661088,0.32114286,0.26470588,0.23312883,0.36570561,0.43105756,0.47152620,0.37256809,0.30022321,0.39387755,0.25742574,0.40072860,0.17567568,0.41983122,0.35981063,0.43529412,0.61182994,0.27898551,0.40942472,0.17575758,0.41192266,0.40428641,0.39797549,0.41570541,0.38827098
0.60943500,0.22615804,0.60486995,0.27070707,0.63481829,0.56921790,0.61547837,0.56724422,0.31250000,0.59348681,0.58214625,0.42026507,0.58858058,0.50107991,0.41373626,0.28661088,0.32114286,0.57394366,0.60483384,0.36570561,0.43105756,0.60229133,0.37256809,0.73597811,0.59856631,0.58106236,0.40072860,0.61169882,0.41983122,0.35981063,0.43529412,0.61182994,0.58640984,0.40942472,0.56906967,0.41192266,0.40428641,0.39797549,0.41570541,0.38827098
0.60943500,0.40447154,0.24340176,0.61524047,0.36511156,0.56921790,0.61547837,0.56724422,0.31250000,0.59348681,0.58214625,0.42026507,0.58858058,0.37111265,0.41373626,0.30564784,0.63134658,0.57394366,0.46597938,0.36570561,0.43105756,0.35516605,0.37256809,0.30022321,0.59856631,0.58106236,0.82300885,0.61169882,0.41983122,0.35981063,0.43529412,0.61182994,0.58640984,0.31818182,0.56906967,0.41192266,0.40428641,0.39797549,0.41570541,0.38827098
0.30578512,0.22615804,0.36599424,0.61524047,0.63481829,0.56921790,0.61547837,0.56724422,0.57975904,0.33079848,0.58214625,0.42026507,0.25641026,0.50107991,0.41373626,0.57398374,0.63134658,0.57394366,0.49600000,0.36570561,0.43105756,0.47152620,0.37256809,0.30022321,0.39387755,0.58106236,0.40072860,0.61169882,0.41983122,0.35981063,0.43529412,0.61182994,0.58640984,0.40942472,0.56906967,0.41192266,0.40428641,0.39797549,0.41570541,0.38827098
0.40070922,0.65112665,0.21568627,0.38876890,0.63481829,0.56921790,0.30487805,0.56724422,0.57975904,0.59348681,0.28957529,0.42026507,0.58858058,0.71404110,0.54437870,0.72955975,0.73578595,0.57394366,0.60483384,0.79120879,0.43105756,0.35516605,0.79856115,0.32492114,0.59856631,0.58106236,0.85093168,0.61169882,0.41983122,0.35981063,0.43529412,0.40831296,0.47222222,0.57772021,0.17575758,0.41192266,0.40428641,0.39797549,0.41570541,0.38827098
0.30578512,0.65112665,0.21568627,0.27070707,0.63481829,0.56921790,0.61547837,0.56724422,0.57975904,0.59348681,0.58214625,0.42026507,0.58858058,0.37111265,0.41373626,0.72955975,0.73578595,0.57394366,0.60483384,0.36570561,0.43105756,0.47152620,0.82817869,0.32492114,0.59856631,0.58106236,0.85093168,0.61169882,0.41983122,0.35981063,0.43529412,0.61182994,0.58640984,0.40942472,0.21428571,0.41192266,0.40428641,0.39797549,0.41570541,0.38827098
0.30578512,0.45945946,0.24340176,0.61524047,0.63481829,0.56921790,0.61547837,0.56724422,0.57975904,0.59348681,0.58214625,0.42026507,0.33333333,0.37111265,0.41373626,0.30564784,0.32114286,0.57394366,0.60483384,0.36570561,0.43105756,0.35516605,0.37256809,0.30022321,0.59856631,0.58106236,0.82300885,0.61169882,0.41983122,0.35981063,0.43529412,0.61182994,0.58640984,0.40942472,0.56906967,0.41192266,0.40428641,0.39797549,0.41570541,0.38827098
0.60943500,0.54732510,0.60486995,0.61524047,0.63481829,0.56921790,0.61547837,0.56724422,0.37850467,0.59348681,0.58214625,0.42026507,0.58858058,0.37111265,0.41373626,0.30564784,0.73578595,0.57394366,0.60483384,0.36570561,0.43105756,0.35516605,0.37256809,0.30022321,0.59856631,0.58106236,0.40072860,0.61169882,0.41983122,0.35981063,0.43529412,0.61182994,0.58640984,0.51006711,0.56906967,0.41192266,0.40428641,0.39797549,0.41570541,0.38827098
0.60943500,0.45945946,0.21568627,0.38876890,0.36511156,0.56921790,0.61547837,0.56724422,0.57975904,0.59348681,0.58214625,0.42026507,0.58858058,0.37111265,0.41373626,0.28661088,0.32114286,0.29257642,0.46597938,0.36570561,0.43105756,0.60229133,0.37256809,0.30022321,0.28205128,0.58106236,0.40072860,0.36616702,0.41983122,0.35981063,0.43529412,0.24301075,0.58640984,0.40942472,0.17575758,0.41192266,0.40428641,0.39797549,0.41570541,0.38827098
0.27702703,0.65112665,0.21568627,0.61524047,0.36511156,0.56921790,0.23076923,0.56724422,0.57975904,0.59348681,0.58214625,0.42026507,0.58858058,0.37111265,0.41373626,0.72955975,0.28348214,0.57394366,0.60483384,0.36570561,0.43105756,0.60229133,0.37256809,0.30022321,0.59856631,0.58106236,0.40072860,0.61169882,0.41983122,0.35981063,0.43529412,0.61182994,0.58640984,0.40942472,0.56906967,0.41192266,0.40428641,0.39797549,0.41570541,0.38827098
0.60943500,0.45945946,0.60486995,0.61524047,0.63481829,0.56921790,0.30487805,0.56724422,0.57975904,0.59348681,0.58214625,0.42026507,0.58858058,0.37111265,0.41373626,0.28661088,0.32114286,0.57394366,0.60483384,0.36570561,0.43105756,0.35516605,0.37256809,0.30022321,0.59856631,0.58106236,0.40072860,0.61169882,0.41983122,0.35981063,0.43529412,0.61182994,0.58640984,0.40942472,0.56906967,0.41192266,0.40428641,0.39797549,0.41570541,0.38827098
0.26562500,0.22615804,0.24340176,0.61524047,0.63481829,0.56921790,0.61547837,0.56724422,0.31250000,0.59348681,0.58214625,0.42026507,0.58858058,0.37111265,0.41373626,0.28661088,0.32114286,0.57394366,0.60483384,0.36570561,0.43105756,0.47152620,0.37256809,0.30022321,0.59856631,0.58106236,0.40072860,0.61169882,0.41983122,0.35981063,0.43529412,0.61182994,0.58640984,0.40942472,0.21428571,0.41192266,0.40428641,0.39797549,0.41570541,0.38827098
0.60943500,0.22615804,0.60486995,0.61524047,0.63481829,0.56921790,0.42331288,0.56724422,0.57975904,0.35211268,0.58214625,0.42026507,0.58858058,0.37111265,0.41373626,0.28661088,0.73578595,0.20238095,0.60483384,0.36570561,0.43105756,0.35516605,0.37256809,0.30022321,0.59856631,0.58106236,0.40072860,0.61169882,0.41983122,0.35981063,0.43529412,0.24301075,0.58640984,0.40942472,0.17575758,0.41192266,0.40428641,0.39797549,0.41570541,0.38827098
0.60943500,0.40447154,0.60486995,0.61524047,0.63481829,0.56921790,0.61547837,0.56724422,0.57975904,0.33079848,0.58214625,0.42026507,0.58858058,0.37111265,0.41373626,0.28661088,0.32114286,0.57394366,0.60483384,0.36570561,0.43105756,0.35516605,0.37256809,0.30022321,0.59856631,0.58106236,0.40072860,0.61169882,0.41983122,0.35981063,0.43529412,0.61182994,0.58640984,0.40942472,0.56906967,0.41192266,0.40428641,0.39797549,0.41570541,0.38827098
0.26562500,0.40447154,0.60486995,0.61524047,0.63481829,0.56921790,0.61547837,0.56724422,0.57975904,0.59348681,0.58214625,0.42026507,0.58858058,0.37111265,0.41373626,0.28661088,0.32114286,0.57394366,0.60483384,0.36570561,0.43105756,0.60229133,0.37256809,0.30022321,0.59856631,0.58106236,0.40072860,0.61169882,0.41983122,0.35981063,0.43529412,0.61182994,0.58640984,0.40942472,0.56906967,0.41192266,0.40428641,0.39797549,0.41570541,0.38827098
0.23333333,0.40447154,0.21568627,0.27070707,0.18205805,0.56921790,0.61547837,0.56724422,0.31944444,0.59348681,0.58214625,0.42026507,0.58858058,0.71404110,0.41373626,0.77593361,0.32114286,0.57394366,0.60483384,0.36570561,0.43105756,0.60229133,0.37256809,0.73597811,0.59856631,0.58106236,0.40072860,0.61169882,0.41983122,0.35981063,0.43529412,0.61182994,0.58640984,0.40942472,0.56906967,0.41192266,0.40428641,0.39797549,0.41570541,0.38827098
0.27702703,0.16233766,0.49411765,0.61524047,0.36511156,0.22813688,0.30487805,0.15000000,0.31944444,0.59348681,0.19708029,0.42026507,0.37685460,0.50107991,0.41373626,0.28661088,0.32114286,0.26470588,0.60483384,0.36570561,0.43105756,0.35516605,0.37256809,0.32492114,0.59856631,0.58106236,0.40072860,0.36616702,0.41983122,0.35981063,0.43529412,0.24301075,0.27898551,0.40942472,0.56906967,0.41192266,0.40428641,0.64619883,0.41570541,0.63250883
0.30578512,0.16233766,0.36599424,0.38876890,0.50476190,0.56921790,0.42331288,0.56724422,0.31250000,0.35211268,0.58214625,0.42026507,0.25641026,0.37111265,0.41373626,0.28661088,0.32114286,0.29257642,0.60483384,0.36570561,0.43105756,0.35516605,0.37256809,0.44571429,0.49328859,0.33447099,0.40072860,0.36616702,0.41983122,0.35981063,0.43529412,0.20454545,0.58640984,0.57772021,0.56906967,0.41192266,0.40428641,0.39797549,0.41570541,0.63250883
0.52577320,0.22615804,0.49411765,0.38876890,0.18205805,0.56921790,0.22093023,0.56724422,0.31250000,0.33079848,0.58214625,0.42026507,0.37685460,0.50107991,0.41373626,0.30564784,0.32114286,0.57394366,0.60483384,0.36570561,0.43105756,0.35516605,0.37256809,0.30022321,0.59856631,0.58106236,0.40072860,0.61169882,0.41983122,0.35981063,0.43529412,0.61182994,0.58640984,0.40942472,0.17575758,0.41192266,0.40428641,0.39797549,0.41570541,0.38827098
0.60943500,0.22615804,0.60486995,0.61524047,0.63481829,0.20175439,0.61547837,0.56724422,0.57975904,0.59348681,0.58214625,0.42026507,0.58858058,0.37111265,0.41373626,0.28661088,0.32114286,0.57394366,0.60483384,0.36570561,0.43105756,0.47152620,0.37256809,0.30022321,0.59856631,0.58106236,0.40072860,0.61169882,0.41983122,0.35981063,0.43529412,0.61182994,0.58640984,0.40942472,0.21428571,0.41192266,0.40428641,0.39797549,0.41570541,0.38827098
0.27702703,0.22615804,0.60486995,0.38876890,0.63481829,0.56921790,0.23076923,0.56724422,0.57975904,0.59348681,0.58214625,0.42026507,0.58858058,0.37111265,0.41373626,0.77593361,0.82608696,0.57394366,0.60483384,0.36570561,0.43105756,0.34426230,0.37256809,0.32492114,0.49328859,0.58106236,0.40072860,0.61169882,0.41983122,0.35981063,0.43529412,0.61182994,0.58640984,0.40942472,0.56906967,0.41192266,0.40428641,0.39797549,0.41570541,0.38827098
0.60943500,0.54732510,0.49411765,0.50199203,0.63481829,0.56921790,0.61547837,0.56724422,0.57975904,0.59348681,0.58214625,0.42026507,0.58858058,0.37111265,0.41373626,0.28661088,0.32114286,0.57394366,0.32033898,0.36570561,0.43105756,0.34426230,0.37256809,0.30022321,0.59856631,0.58106236,0.40072860,0.61169882,0.41983122,0.35981063,0.43529412,0.61182994,0.58640984,0.40942472,0.56906967,0.41192266,0.40428641,0.39797549,0.41570541,0.38827098
0.40070922,0.54732510,0.60486995,0.38876890,0.63481829,0.56921790,0.42331288,0.56724422,0.57975904,0.59348681,0.58214625,0.42026507,0.58858058,0.50107991,0.41373626,0.72955975,0.32114286,0.57394366,0.60483384,0.36570561,0.43105756,0.34426230,0.37256809,0.30022321,0.59856631,0.58106236,0.40072860,0.61169882,0.41983122,0.35981063,0.43529412,0.61182994,0.58640984,0.40942472,0.56906967,0.41192266,0.40428641,0.39797549,0.41570541,0.38827098
0.30578512,0.54732510,0.60486995,0.61524047,0.63481829,0.56921790,0.22093023,0.56724422,0.31250000,0.59348681,0.58214625,0.42026507,0.58858058,0.37111265,0.41373626,0.28661088,0.73578595,0.57394366,0.07142857,0.36570561,0.43105756,0.35516605,0.37256809,0.30022321,0.59856631,0.58106236,0.40072860,0.61169882,0.41983122,0.35981063,0.43529412,0.61182994,0.58640984,0.40942472,0.56906967,0.41192266,0.40428641,0.39797549,0.41570541,0.38827098
0.60943500,0.40447154,0.60486995,0.61524047,0.39333333,0.56921790,0.61547837,0.56724422,0.57975904,0.59348681,0.34237288,0.42026507,0.58858058,0.37111265,0.41373626,0.28661088,0.32114286,0.57394366,0.60483384,0.36570561,0.43105756,0.35516605,0.37256809,0.30022321,0.28205128,0.58106236,0.40072860,0.61169882,0.41983122,0.35981063,0.43529412,0.61182994,0.58640984,0.40942472,0.56906967,0.55952381,0.40428641,0.50216450,0.41570541,0.71947195
0.27702703,0.40447154,0.60486995,0.38876890,0.63481829,0.25000000,0.61547837,0.56724422,0.31944444,0.59348681,0.19708029,0.42026507,0.58858058,0.37111265,0.41373626,0.28661088,0.32114286,0.57394366,0.60483384,0.36570561,0.43105756,0.35516605,0.37256809,0.30022321,0.28205128,0.58106236,0.40072860,0.61169882,0.41983122,0.35981063,0.43529412,0.61182994,0.34492754,0.40942472,0.17575758,0.41192266,0.40428641,0.39797549,0.41570541,0.38827098
0.26562500,0.45945946,0.21568627,0.61524047,0.63481829,0.56921790,0.61547837,0.56724422,0.31250000,0.59348681,0.58214625,0.42026507,0.58858058,0.37111265,0.41373626,0.28661088,0.63134658,0.57394366,0.60483384,0.36570561,0.43105756,0.60229133,0.37256809,0.30022321,0.59856631,0.58106236,0.40072860,0.61169882,0.41983122,0.35981063,0.43529412,0.61182994,0.58640984,0.51006711,0.56906967,0.41192266,0.40428641,0.39797549,0.41570541,0.38827098
0.40070922,0.45945946,0.60486995,0.61524047,0.63481829,0.56921790,0.61547837,0.56724422,0.57975904,0.59348681,0.58214625,0.42026507,0.58858058,0.37111265,0.41373626,0.28661088,0.32114286,0.57394366,0.60483384,0.36570561,0.43105756,0.34426230,0.37256809,0.32492114,0.59856631,0.58106236,0.40072860,0.61169882,0.41983122,0.35981063,0.43529412,0.61182994,0.58640984,0.40942472,0.56906967,0.41192266,0.40428641,0.39797549,0.41570541,0.38827098
0.52577320,0.40447154,0.49411765,0.61524047,0.63481829,0.56921790,0.30487805,0.56724422,0.31250000,0.35211268,0.58214625,0.42026507,0.58858058,0.77210884,0.41373626,0.72955975,0.63134658,0.57394366,0.32033898,0.36570561,0.43105756,0.47152620,0.37256809,0.44571429,0.28205128,0.58106236,0.40072860,0.61169882,0.41983122,0.35981063,0.43529412,0.61182994,0.58640984,0.40942472,0.56906967,0.41192266,0.40428641,0.39797549,0.41570541,0.38827098
0.30578512,0.40447154,0.49411765,0.27070707,0.18205805,0.56921790,0.30487805,0.56724422,0.31250000,0.59348681,0.58214625,0.42026507,0.58858058,0.37111265,0.41373626,0.30564784,0.26612903,0.26470588,0.60483384,0.36570561,0.43105756,0.47152620,0.37256809,0.30022321,0.59856631,0.58106236,0.40072860,0.61169882,0.41983122,0.35981063,0.43529412,0.61182994,0.58640984,0.40942472,0.56906967,0.41192266,0.40428641,0.39797549,0.41570541,0.38827098
0.60943500,0.09090909,0.60486995,0.61524047,0.36511156,0.56921790,0.61547837,0.56724422,0.57975904,0.59348681,0.58214625,0.42026507,0.58858058,0.37111265,0.41373626,0.28661088,0.32114286,0.57394366,0.60483384,0.36570561,0.43105756,0.35516605,0.37256809,0.30022321,0.59856631,0.58106236,0.40072860,0.61169882,0.41983122,0.35981063,0.43529412,0.61182994,0.58640984,0.40942472,0.21428571,0.41192266,0.40428641,0.39797549,0.41570541,0.38827098
0.26562500,0.40447154,0.36599424,0.61524047,0.63481829,0.56921790,0.30487805,0.56724422,0.31250000,0.59348681,0.58214625,0.42026507,0.37685460,0.37111265,0.69435216,0.28661088,0.63134658,0.57394366,0.60483384,0.36570561,0.43105756,0.35516605,0.37256809,0.30022321,0.59856631,0.58106236,0.40072860,0.42682927,0.41983122,0.35981063,0.43529412,0.40831296,0.58640984,0.40942472,0.17575758,0.41192266,0.40428641,0.39797549,0.41570541,0.38827098
0.60943500,0.45945946,0.60486995,0.61524047,0.63481829,0.56921790,0.22093023,0.56724422,0.31944444,0.59348681,0.58214625,0.42026507,0.58858058,0.37111265,0.41373626,0.28661088,0.73578595,0.57394366,0.60483384,0.36570561,0.68932039,0.35516605,0.37256809,0.30022321,0.59856631,0.58106236,0.40072860,0.61169882,0.41983122,0.35981063,0.43529412,0.61182994,0.58640984,0.40942472,0.56906967,0.41192266,0.40428641,0.39797549,0.41570541,0.38827098
0.26562500,0.40447154,0.36599424,0.38876890,0.36511156,0.56921790,0.22093023,0.56724422,0.31944444,0.59348681,0.58214625,0.42026507,0.37685460,0.71404110,0.41373626,0.57398374,0.32114286,0.33103448,0.60483384,0.36570561,0.43105756,0.35516605,0.37256809,0.30022321,0.59856631,0.58106236,0.40072860,0.42682927,0.41983122,0.35981063,0.43529412,0.40831296,0.58640984,0.40942472,0.17575758,0.41192266,0.40428641,0.39797549,0.41570541,0.38827098
0.30578512,0.22615804,0.36599424,0.61524047,0.36511156,0.56921790,0.22093023,0.56724422,0.31250000,0.59348681,0.43750000,0.42026507,0.58858058,0.71404110,0.41373626,0.57398374,0.63134658,0.29257642,0.60483384,0.36570561,0.43105756,0.60229133,0.37256809,0.73597811,0.49328859,0.27272727,0.40072860,0.36616702,0.41983122,0.35981063,0.43529412,0.24301075,0.58640984,0.40942472,0.19130435,0.41192266,0.40428641,0.39797549,0.41570541,0.38827098
0.60943500,0.22615804,0.60486995,0.38876890,0.36511156,0.56921790,0.37598425,0.56724422,0.31944444,0.35211268,0.58214625,0.42026507,0.37685460,0.37111265,0.41373626,0.28661088,0.32114286,0.26470588,0.46597938,0.36570561,0.43105756,0.35516605,0.37256809,0.30022321,0.49328859,0.58106236,0.40072860,0.42682927,0.41983122,0.35981063,0.43529412,0.20454545,0.58640984,0.40942472,0.56906967,0.41192266,0.40428641,0.50216450,0.48837209,0.71947195
0.60943500,0.40447154,0.36599424,0.61524047,0.39333333,0.56921790,0.61547837,0.56724422,0.57975904,0.59348681,0.58214625,0.42026507,0.58858058,0.37111265,0.68896321,0.28661088,0.82608696,0.57394366,0.60483384,0.36570561,0.43105756,0.35516605,0.37256809,0.30022321,0.59856631,0.58106236,0.40072860,0.61169882,0.41983122,0.35981063,0.43529412,0.61182994,0.58640984,0.40942472,0.17575758,0.41192266,0.40428641,0.39797549,0.41570541,0.38827098
0.60943500,0.45945946,0.60486995,0.61524047,0.63481829,0.56921790,0.22093023,0.56724422,0.57975904,0.59348681,0.58214625,0.42026507,0.18518519,0.37111265,0.41373626,0.28661088,0.32114286,0.57394366,0.60483384,0.36570561,0.43105756,0.35516605,0.37256809,0.30022321,0.28205128,0.58106236,0.40072860,0.17567568,0.41983122,0.35981063,0.43529412,0.20454545,0.58640984,0.40942472,0.19130435,0.41192266,0.40428641,0.39797549,0.41570541,0.38827098
0.30578512,0.22615804,0.36599424,0.38876890,0.18205805,0.22813688,0.37598425,0.19718310,0.35135135,0.41196013,0.28957529,0.42026507,0.37685460,0.77210884,0.41373626,0.72955975,0.28348214,0.57394366,0.23312883,0.36570561,0.43105756,0.35516605,0.37256809,0.44571429,0.49328859,0.58106236,0.40072860,0.51098901,0.41983122,0.40350877,0.43529412,0.24301075,0.27898551,0.40942472,0.56906967,0.41192266,0.40428641,0.39797549,0.48837209,0.71947195
0.27702703,0.22615804,0.36599424,0.27070707,0.18205805,0.20175439,0.30487805,0.15000000,0.57975904,0.33079848,0.19708029,0.42026507,0.33333333,0.77210884,0.41373626,0.57398374,0.28348214,0.57394366,0.32033898,0.36570561,0.43105756,0.47152620,0.37256809,0.44571429,0.28205128,0.58106236,0.40072860,0.51098901,0.41983122,0.57272727,0.43529412,0.61182994,0.21276596,0.40942472,0.29629630,0.41192266,0.40428641,0.64619883,0.71484375,0.71947195
0.27702703,0.22615804,0.36599424,0.38876890,0.36511156,0.27777778,0.37598425,0.56724422,0.57975904,0.35211268,0.34237288,0.42026507,0.37685460,0.37111265,0.41373626,0.57398374,0.32114286,0.57394366,0.60483384,0.36570561,0.43105756,0.34426230,0.37256809,0.32492114,0.39387755,0.58106236,0.40072860,0.42682927,0.41983122,0.40350877,0.43529412,0.24301075,0.47122302,0.40942472,0.56906967,0.58682635,0.40428641,0.39797549,0.71484375,0.38827098
0.40070922,0.22615804,0.36599424,0.38876890,0.36511156,0.22813688,0.37598425,0.56724422,0.57975904,0.35211268,0.43750000,0.42026507,0.25641026,0.37111265,0.41373626,0.28661088,0.28348214,0.20238095,0.32033898,0.36570561,0.43105756,0.47152620,0.37256809,0.30022321,0.49328859,0.27272727,0.40072860,0.27205882,0.41983122,0.35981063,0.43529412,0.20454545,0.34492754,0.11111111,0.56906967,0.58682635,0.40428641,0.39797549,0.41570541,0.63250883
0.27702703,0.16233766,0.21568627,0.30708661,0.18205805,0.20175439,0.61547837,0.19718310,0.31250000,0.59348681,0.19708029,0.42026507,0.33333333,0.71404110,0.41373626,0.28661088,0.28348214,0.57394366,0.32033898,0.36570561,0.43105756,0.47152620,0.37256809,0.73597811,0.59856631,0.58106236,0.40072860,0.61169882,0.41983122,0.35981063,0.43529412,0.40831296,0.34492754,0.40942472,0.56906967,0.41192266,0.40428641,0.37878788,0.34782609,0.71947195
0.27702703,0.16233766,0.24340176,0.50199203,0.36511156,0.27777778,0.37598425,0.56724422,0.31944444,0.41196013,0.43750000,0.42026507,0.54054054,0.37111265,0.41373626,0.28661088,0.26612903,0.57394366,0.23312883,0.36570561,0.43105756,0.60229133,0.37256809,0.73597811,0.59856631,0.58106236,0.40072860,0.61169882,0.41983122,0.74430380,0.43529412,0.40831296,0.58640984,0.40942472,0.56906967,0.41192266,0.40428641,0.39797549,0.41570541,0.38827098
0.30578512,0.16233766,0.49411765,0.27070707,0.30909091,0.20175439,0.22093023,0.56724422,0.37850467,0.59348681,0.58214625,0.42026507,0.58858058,0.77210884,0.41373626,0.57398374,0.32114286,0.57394366,0.32033898,0.36570561,0.43105756,0.35516605,0.37256809,0.73597811,0.59856631,0.58106236,0.40072860,0.61169882,0.41983122,0.35981063,0.43529412,0.53003534,0.58640984,0.40942472,0.56906967,0.41192266,0.40428641,0.39797549,0.41570541,0.63250883
0.26562500,0.22615804,0.49411765,0.27070707,0.36511156,0.56921790,0.42331288,0.19718310,0.31944444,0.59348681,0.43750000,0.42026507,0.58858058,0.37111265,0.41373626,0.57398374,0.63134658,0.57394366,0.49600000,0.36570561,0.43105756,0.47152620,0.37256809,0.44571429,0.48717949,0.58106236,0.40072860,0.42682927,0.41983122,0.35981063,0.43529412,0.61182994,0.58640984,0.40942472,0.21428571,0.41192266,0.40428641,0.39797549,0.41570541,0.38827098
0.60943500,0.40447154,0.60486995,0.38876890,0.36511156,0.56921790,0.30487805,0.56724422,0.57975904,0.59348681,0.58214625,0.42026507,0.58858058,0.37111265,0.41373626,0.23364486,0.32114286,0.33103448,0.60483384,0.36570561,0.43105756,0.34426230,0.37256809,0.30022321,0.59856631,0.58106236,0.40072860,0.36616702,0.41983122,0.35981063,0.43529412,0.24301075,0.58640984,0.40942472,0.19130435,0.41192266,0.40428641,0.39797549,0.41570541,0.38827098
0.60943500,0.45945946,0.60486995,0.61524047,0.63481829,0.56921790,0.61547837,0.56724422,0.57975904,0.59348681,0.58214625,0.42026507,0.58858058,0.37111265,0.41373626,0.28661088,0.73578595,0.57394366,0.60483384,0.36570561,0.67123288,0.25974026,0.37256809,0.30022321,0.59856631,0.58106236,0.40072860,0.61169882,0.41983122,0.35981063,0.43529412,0.61182994,0.58640984,0.40942472,0.56906967,0.41192266,0.40428641,0.39797549,0.41570541,0.38827098
0.30578512,0.40447154,0.60486995,0.30708661,0.63481829,0.56921790,0.61547837,0.56724422,0.57975904,0.59348681,0.58214625,0.42026507,0.58858058,0.77210884,0.41373626,0.30564784,0.63134658,0.57394366,0.60483384,0.36570561,0.43105756,0.35516605,0.37256809,0.30022321,0.59856631,0.58106236,0.40072860,0.61169882,0.41983122,0.35981063,0.43529412,0.61182994,0.58640984,0.40942472,0.56906967,0.41192266,0.40428641,0.39797549,0.41570541,0.38827098
0.26562500,0.16233766,0.24340176,0.61524047,0.18205805,0.56921790,0.23076923,0.56724422,0.57975904,0.59348681,0.34237288,0.42026507,0.58858058,0.81632653,0.41373626,0.57398374,0.63134658,0.57394366,0.60483384,0.36570561,0.43105756,0.47152620,0.37256809,0.44571429,0.59856631,0.58106236,0.40072860,0.61169882,0.41983122,0.35981063,0.43529412,0.61182994,0.58640984,0.40942472,0.17575758,0.41192266,0.40428641,0.39797549,0.41570541,0.38827098
0.26562500,0.22615804,0.21568627,0.61524047,0.36511156,0.56921790,0.22093023,0.56724422,0.57975904,0.59348681,0.43750000,0.42026507,0.58858058,0.37111265,0.41373626,0.30564784,0.32114286,0.57394366,0.60483384,0.36570561,0.43105756,0.60229133,0.37256809,0.44571429,0.49328859,0.58106236,0.40072860,0.61169882,0.41983122,0.35981063,0.43529412,0.61182994,0.58640984,0.40942472,0.56906967,0.41192266,0.40428641,0.39797549,0.41570541,0.38827098
0.27702703,0.22615804,0.36599424,0.38876890,0.36511156,0.56921790,0.37598425,0.19718310,0.35135135,0.35211268,0.28957529,0.42026507,0.37685460,0.50107991,0.54437870,0.57398374,0.28348214,0.57394366,0.32033898,0.36570561,0.43105756,0.47152620,0.37256809,0.44571429,0.39387755,0.58106236,0.40072860,0.51098901,0.41983122,0.57272727,0.43529412,0.24301075,0.27898551,0.40942472,0.56906967,0.41192266,0.40428641,0.39797549,0.41570541,0.71947195
0.30578512,0.22615804,0.24340176,0.61524047,0.50476190,0.56921790,0.61547837,0.56724422,0.57975904,0.33079848,0.28957529,0.42026507,0.25641026,0.37111265,0.41373626,0.28661088,0.28348214,0.29257642,0.60483384,0.36570561,0.43105756,0.35516605,0.37256809,0.30022321,0.39387755,0.58106236,0.40072860,0.42682927,0.41983122,0.35981063,0.43529412,0.24301075,0.58640984,0.40942472,0.56906967,0.41192266,0.40428641,0.50216450,0.41570541,0.71947195
0.30578512,0.22615804,0.36599424,0.27070707,0.18205805,0.20175439,0.30487805,0.19718310,0.57975904,0.33079848,0.19708029,0.42026507,0.25641026,0.35195531,0.41373626,0.23364486,0.32114286,0.57394366,0.60483384,0.36570561,0.43105756,0.47152620,0.37256809,0.44571429,0.28205128,0.33447099,0.40072860,0.36616702,0.41983122,0.57272727,0.43529412,0.20454545,0.27898551,0.57772021,0.56906967,0.41192266,0.40428641,0.39797549,0.71484375,0.71947195
0.26562500,0.40447154,0.24340176,0.61524047,0.39333333,0.56921790,0.42331288,0.19718310,0.57975904,0.35211268,0.19708029,0.42026507,0.58858058,0.35195531,0.41373626,0.28661088,0.32114286,0.57394366,0.60483384,0.36570561,0.43105756,0.60229133,0.37256809,0.44571429,0.59856631,0.58106236,0.40072860,0.61169882,0.41983122,0.35981063,0.43529412,0.53003534,0.21276596,0.40942472,0.56906967,0.41192266,0.40428641,0.39797549,0.41570541,0.63250883
0.60943500,0.65112665,0.60486995,0.38876890,0.18205805,0.20175439,0.30487805,0.56724422,0.57975904,0.35211268,0.58214625,0.42026507,0.58858058,0.77210884,0.41373626,0.72955975,0.32114286,0.57394366,0.32033898,0.36570561,0.43105756,0.60229133,0.37256809,0.30022321,0.59856631,0.58106236,0.40072860,0.61169882,0.41983122,0.35981063,0.43529412,0.61182994,0.58640984,0.57772021,0.56906967,0.41192266,0.40428641,0.39797549,0.41570541,0.56934307
0.60943500,0.40447154,0.36599424,0.61524047,0.18205805,0.27777778,0.23076923,0.56724422,0.57975904,0.59348681,0.58214625,0.42026507,0.58858058,0.37111265,0.41373626,0.57398374,0.63134658,0.20238095,0.23312883,0.36570561,0.43105756,0.35516605,0.37256809,0.30022321,0.28205128,0.25742574,0.40072860,0.27205882,0.41983122,0.35981063,0.43529412,0.20454545,0.58640984,0.40942472,0.56906967,0.41192266,0.40428641,0.39797549,0.41570541,0.38827098
0.26562500,0.16233766,0.36599424,0.61524047,0.63481829,0.56921790,0.61547837,0.19718310,0.57975904,0.59348681,0.58214625,0.42026507,0.58858058,0.37111265,0.41373626,0.28661088,0.32114286,0.57394366,0.32033898,0.36570561,0.43105756,0.47152620,0.37256809,0.29629630,0.59856631,0.58106236,0.40072860,0.42682927,0.41983122,0.35981063,0.43529412,0.61182994,0.58640984,0.40942472,0.56906967,0.41192266,0.40428641,0.39797549,0.41570541,0.38827098
0.26562500,0.16233766,0.24340176,0.50199203,0.18205805,0.56921790,0.22093023,0.56724422,0.31250000,0.59348681,0.58214625,0.42026507,0.37685460,0.50107991,0.41373626,0.72955975,0.63134658,0.57394366,0.60483384,0.36570561,0.43105756,0.60229133,0.37256809,0.30022321,0.59856631,0.58106236,0.40072860,0.61169882,0.41983122,0.35981063,0.43529412,0.61182994,0.58640984,0.40942472,0.21428571,0.41192266,0.40428641,0.39797549,0.41570541,0.38827098
0.40070922,0.40447154,0.60486995,0.27070707,0.39333333,0.56921790,0.61547837,0.56724422,0.31250000,0.59348681,0.43902439,0.42026507,0.25641026,0.35195531,0.41373626,0.28661088,0.32114286,0.29257642,0.60483384,0.36570561,0.43105756,0.35516605,0.37256809,0.30022321,0.59856631,0.58106236,0.40072860,0.36616702,0.41983122,0.35981063,0.43529412,0.24301075,0.58640984,0.40942472,0.21428571,0.41192266,0.40428641,0.39797549,0.41570541,0.38827098
0.60943500,0.22615804,0.49411765,0.27070707,0.18205805,0.22813688,0.22093023,0.56724422,0.57975904,0.35211268,0.43902439,0.42026507,0.25641026,0.37111265,0.41373626,0.28661088,0.63134658,0.20238095,0.23312883,0.36570561,0.43105756,0.47152620,0.37256809,0.32492114,0.48717949,0.27272727,0.40072860,0.17567568,0.41983122,0.35981063,0.43529412,0.58252427,0.58640984,0.40942472,0.21428571,0.41192266,0.40428641,0.39797549,0.41570541,0.38827098
0.26562500,0.65112665,0.60486995,0.30708661,0.36511156,0.56921790,0.30487805,0.56724422,0.31250000,0.59348681,0.58214625,0.42026507,0.58858058,0.77210884,0.41373626,0.57398374,0.32114286,0.57394366,0.60483384,0.36570561,0.43105756,0.35516605,0.37256809,0.30022321,0.59856631,0.58106236,0.40072860,0.61169882,0.41983122,0.35981063,0.43529412,0.61182994,0.58640984,0.51006711,0.56906967,0.41192266,0.40428641,0.39797549,0.41570541,0.63250883
0.26562500,0.54732510,0.21568627,0.38876890,0.39333333,0.56921790,0.37598425,0.56724422,0.31250000,0.59348681,0.58214625,0.42026507,0.33333333,0.71404110,0.41373626,0.28661088,0.32114286,0.33103448,0.60483384,0.36570561,0.43105756,0.60229133,0.37256809,0.30022321,0.39387755,0.33447099,0.40072860,0.61169882,0.41983122,0.35981063,0.43529412,0.58252427,0.58640984,0.63903282,0.56906967,0.41192266,0.40428641,0.39797549,0.41570541,0.38827098
0.60943500,0.22615804,0.36599424,0.27070707,0.39333333,0.25000000,0.61547837,0.21610169,0.37850467,0.59348681,0.28957529,0.42026507,0.33333333,0.37111265,0.41373626,0.28661088,0.32114286,0.29411765,0.60483384,0.36570561,0.43105756,0.47152620,0.37256809,0.30022321,0.24347826,0.58106236,0.40072860,0.42682927,0.41983122,0.35981063,0.43529412,0.24301075,0.27898551,0.40942472,0.17575758,0.41192266,0.40428641,0.39797549,0.41570541,0.38827098
0.26562500,0.65112665,0.21568627,0.38876890,0.63481829,0.56921790,0.61547837,0.15000000,0.57975904,0.41196013,0.23913043,0.42026507,0.25641026,0.37111265,0.41373626,0.28661088,0.28348214,0.20238095,0.60483384,0.36570561,0.43105756,0.35516605,0.37256809,0.30022321,0.28205128,0.33447099,0.40072860,0.27205882,0.41983122,0.74430380,0.43529412,0.20454545,0.11764706,0.40942472,0.56906967,0.41192266,0.40428641,0.37878788,0.41570541,0.71947195
0.60943500,0.40447154,0.24340176,0.50199203,0.18205805,0.56921790,0.61547837,0.56724422,0.31944444,0.59348681,0.28957529,0.42026507,0.58858058,0.71404110,0.41373626,0.72955975,0.63134658,0.57394366,0.23312883,0.36570561,0.43105756,0.34426230,0.37256809,0.32492114,0.24347826,0.58106236,0.40072860,0.42682927,0.41983122,0.35981063,0.43529412,0.61182994,0.27898551,0.40942472,0.56906967,0.41192266,0.40428641,0.39797549,0.41570541,0.38827098
0.60943500,0.65112665,0.60486995,0.27070707,0.18205805,0.56921790,0.61547837,0.56724422,0.57975904,0.59348681,0.58214625,0.42026507,0.58858058,0.77210884,0.41373626,0.57398374,0.73578595,0.57394366,0.46597938,0.79120879,0.43105756,0.80898876,0.37256809,0.30022321,0.59856631,0.58106236,0.40072860,0.61169882,0.41983122,0.35981063,0.43529412,0.61182994,0.58640984,0.40942472,0.56906967,0.41192266,0.40428641,0.39797549,0.41570541,0.38827098
0.40070922,0.40447154,0.36599424,0.27070707,0.36511156,0.56921790,0.37598425,0.56724422,0.31250000,0.35211268,0.43750000,0.42026507,0.37685460,0.37111265,0.41373626,0.28661088,0.32114286,0.57394366,0.23312883,0.36570561,0.43105756,0.35516605,0.37256809,0.44571429,0.39387755,0.58106236,0.40072860,0.61169882,0.41983122,0.35981063,0.43529412,0.24301075,0.58640984,0.40942472,0.56906967,0.41192266,0.40428641,0.35000000,0.82539683,0.81382979
0.26562500,0.40447154,0.24340176,0.50199203,0.63481829,0.56921790,0.61547837,0.21610169,0.31944444,0.41196013,0.19708029,0.42026507,0.25641026,0.37111265,0.41373626,0.28661088,0.63134658,0.57394366,0.60483384,0.36570561,0.43105756,0.35516605,0.37256809,0.32492114,0.48717949,0.27272727,0.40072860,0.36616702,0.41983122,0.57272727,0.43529412,0.24301075,0.27898551,0.40942472,0.56906967,0.41192266,0.40428641,0.50216450,0.71484375,0.81382979
0.60943500,0.40447154,0.60486995,0.61524047,0.63481829,0.56921790,0.61547837,0.56724422,0.57975904,0.59348681,0.23913043,0.42026507,0.58858058,0.37111265,0.41373626,0.28661088,0.63134658,0.57394366,0.60483384,0.36570561,0.43105756,0.78527607,0.37256809,0.32492114,0.59856631,0.58106236,0.40072860,0.36616702,0.41983122,0.35981063,0.43529412,0.24301075,0.58640984,0.40942472,0.19130435,0.41192266,0.40428641,0.39797549,0.41570541,0.38827098
0.60943500,0.22615804,0.24340176,0.38876890,0.18205805,0.56921790,0.61547837,0.56724422,0.31250000,0.59348681,0.58214625,0.42026507,0.37685460,0.37111265,0.41373626,0.57398374,0.63134658,0.57394366,0.46597938,0.36570561,0.43105756,0.34426230,0.37256809,0.44571429,0.59856631,0.58106236,0.40072860,0.27205882,0.41983122,0.35981063,0.43529412,0.24301075,0.58640984,0.40942472,0.21428571,0.41192266,0.40428641,0.39797549,0.41570541,0.38827098
0.30578512,0.40447154,0.24340176,0.27070707,0.18205805,0.56921790,0.61547837,0.56724422,0.57975904,0.59348681,0.58214625,0.42026507,0.58858058,0.50107991,0.41373626,0.57398374,0.63134658,0.57394366,0.32033898,0.36570561,0.43105756,0.34426230,0.37256809,0.30022321,0.48717949,0.58106236,0.40072860,0.61169882,0.41983122,0.35981063,0.43529412,0.61182994,0.58640984,0.40942472,0.21428571,0.41192266,0.40428641,0.39797549,0.41570541,0.38827098
0.30578512,0.54732510,0.21951220,0.27070707,0.39333333,0.56921790,0.61547837,0.56724422,0.57975904,0.59348681,0.58214625,0.42026507,0.58858058,0.37111265,0.41373626,0.28661088,0.73578595,0.57394366,0.46597938,0.36570561,0.43105756,0.47152620,0.37256809,0.30022321,0.39387755,0.58106236,0.40072860,0.61169882,0.41983122,0.35981063,0.43529412,0.40831296,0.58640984,0.40942472,0.56906967,0.41192266,0.40428641,0.39797549,0.41570541,0.38827098
0.26562500,0.22615804,0.60486995,0.61524047,0.63481829,0.56921790,0.61547837,0.56724422,0.57975904,0.59348681,0.58214625,0.42026507,0.58858058,0.71404110,0.41373626,0.57398374,0.73578595,0.57394366,0.32033898,0.36570561,0.43105756,0.47152620,0.37256809,0.30022321,0.59856631,0.58106236,0.40072860,0.61169882,0.41983122,0.35981063,0.43529412,0.61182994,0.58640984,0.40942472,0.56906967,0.41192266,0.40428641,0.39797549,0.41570541,0.38827098
0.26562500,0.22615804,0.24340176,0.38876890,0.36511156,0.56921790,0.30487805,0.56724422,0.31944444,0.59348681,0.58214625,0.42026507,0.58858058,0.50107991,0.41373626,0.57398374,0.73578595,0.57394366,0.32033898,0.36570561,0.43105756,0.47152620,0.37256809,0.30022321,0.59856631,0.58106236,0.40072860,0.42682927,0.41983122,0.35981063,0.43529412,0.61182994,0.58640984,0.51006711,0.56906967,0.41192266,0.40428641,0.39797549,0.41570541,0.38827098
0.26562500,0.40447154,0.36599424,0.38876890,0.36511156,0.56921790,0.61547837,0.56724422,0.31250000,0.59348681,0.58214625,0.42026507,0.58858058,0.71404110,0.41373626,0.72955975,0.73578595,0.57394366,0.60483384,0.36570561,0.43105756,0.35516605,0.37256809,0.30022321,0.59856631,0.58106236,0.40072860,0.61169882,0.41983122,0.35981063,0.43529412,0.61182994,0.58640984,0.40942472,0.56906967,0.41192266,0.40428641,0.39797549,0.41570541,0.38827098
0.60943500,0.22615804,0.36599424,0.50199203,0.36511156,0.56921790,0.30487805,0.56724422,0.57975904,0.59348681,0.58214625,0.42026507,0.58858058,0.37111265,0.41373626,0.28661088,0.73578595,0.57394366,0.60483384,0.36570561,0.43105756,0.47152620,0.37256809,0.30022321,0.59856631,0.58106236,0.40072860,0.61169882,0.41983122,0.35981063,0.43529412,0.53003534,0.58640984,0.40942472,0.56906967,0.41192266,0.40428641,0.39797549,0.41570541,0.38827098
0.60943500,0.65112665,0.60486995,0.61524047,0.63481829,0.56921790,0.61547837,0.56724422,0.31944444,0.59348681,0.28957529,0.42026507,0.58858058,0.37111265,0.41373626,0.28661088,0.28348214,0.57394366,0.60483384,0.36570561,0.43105756,0.47152620,0.37256809,0.30022321,0.59856631,0.58106236,0.40072860,0.61169882,0.41983122,0.35981063,0.43529412,0.61182994,0.58640984,0.40942472,0.56906967,0.41192266,0.40428641,0.39797549,0.41570541,0.38827098
0.30578512,0.22615804,0.24340176,0.27070707,0.36511156,0.56921790,0.30487805,0.56724422,0.57975904,0.59348681,0.58214625,0.42026507,0.58858058,0.71404110,0.68896321,0.77593361,0.32114286,0.57394366,0.60483384,0.36570561,0.43105756,0.60229133,0.37256809,0.80259740,0.59856631,0.58106236,0.40072860,0.61169882,0.41983122,0.35981063,0.43529412,0.61182994,0.58640984,0.31818182,0.17575758,0.41192266,0.40428641,0.39797549,0.41570541,0.38827098
0.27702703,0.22615804,0.24340176,0.27070707,0.39333333,0.56921790,0.61547837,0.56724422,0.57975904,0.59348681,0.28957529,0.42026507,0.58858058,0.71404110,0.54437870,0.57398374,0.73578595,0.57394366,0.32033898,0.70403587,0.43105756,0.47152620,0.37256809,0.30022321,0.59856631,0.58106236,0.40072860,0.51098901,0.41983122,0.35981063,0.43529412,0.61182994,0.47122302,0.40942472,0.56906967,0.41192266,0.40428641,0.39797549,0.41570541,0.38827098
0.30578512,0.22615804,0.24340176,0.38876890,0.63481829,0.56921790,0.61547837,0.56724422,0.57975904,0.59348681,0.28957529,0.42026507,0.58858058,0.37111265,0.41373626,0.28661088,0.73578595,0.57394366,0.46597938,0.36570561,0.43105756,0.47152620,0.37256809,0.32492114,0.59856631,0.58106236,0.40072860,0.61169882,0.41983122,0.35981063,0.43529412,0.61182994,0.58640984,0.40942472,0.56906967,0.41192266,0.40428641,0.39797549,0.41570541,0.38827098
0.30578512,0.22615804,0.24340176,0.27070707,0.18205805,0.22813688,0.37598425,0.56724422,0.57975904,0.59348681,0.58214625,0.42026507,0.58858058,0.71404110,0.41373626,0.57398374,0.73578595,0.57394366,0.32033898,0.36570561,0.43105756,0.47152620,0.37256809,0.29629630,0.39387755,0.58106236,0.40072860,0.36616702,0.41983122,0.35981063,0.43529412,0.40831296,0.58640984,0.40942472,0.21428571,0.41192266,0.40428641,0.39797549,0.41570541,0.38827098
0.26562500,0.22615804,0.24340176,0.27070707,0.36511156,0.56921790,0.30487805,0.56724422,0.57975904,0.59348681,0.58214625,0.42026507,0.58858058,0.37111265,0.41373626,0.28661088,0.63134658,0.57394366,0.60483384,0.36570561,0.43105756,0.35516605,0.37256809,0.30022321,0.59856631,0.58106236,0.40072860,0.61169882,0.41983122,0.35981063,0.43529412,0.40831296,0.47122302,0.40942472,0.56906967,0.41192266,0.40428641,0.39797549,0.41570541,0.38827098
0.30578512,0.16233766,0.21568627,0.27070707,0.36511156,0.22813688,0.30487805,0.56724422,0.31250000,0.59348681,0.58214625,0.42026507,0.58858058,0.71404110,0.41373626,0.72955975,0.63134658,0.57394366,0.07142857,0.36570561,0.68932039,0.47152620,0.37256809,0.30022321,0.59856631,0.58106236,0.40072860,0.36616702,0.41983122,0.35981063,0.43529412,0.61182994,0.58640984,0.40942472,0.56906967,0.41192266,0.40428641,0.39797549,0.41570541,0.38827098
0.30578512,0.45945946,0.60486995,0.38876890,0.63481829,0.56921790,0.61547837,0.56724422,0.57975904,0.59348681,0.58214625,0.42026507,0.58858058,0.71404110,0.41373626,0.72955975,0.28348214,0.57394366,0.60483384,0.36570561,0.43105756,0.47152620,0.37256809,0.30022321,0.59856631,0.58106236,0.40072860,0.36616702,0.41983122,0.35981063,0.43529412,0.61182994,0.58640984,0.57772021,0.56906967,0.41192266,0.40428641,0.39797549,0.41570541,0.38827098
0.27702703,0.45945946,0.60486995,0.38876890,0.63481829,0.56921790,0.22093023,0.56724422,0.57975904,0.59348681,0.58214625,0.42026507,0.58858058,0.37111265,0.41373626,0.57398374,0.32114286,0.57394366,0.60483384,0.36570561,0.43105756,0.35516605,0.37256809,0.73597811,0.59856631,0.58106236,0.40072860,0.61169882,0.41983122,0.35981063,0.43529412,0.61182994,0.58640984,0.40942472,0.56906967,0.41192266,0.40428641,0.39797549,0.41570541,0.38827098
0.27702703,0.22615804,0.21951220,0.27070707,0.39333333,0.56921790,0.22093023,0.56724422,0.57975904,0.59348681,0.58214625,0.42026507,0.58858058,0.35195531,0.41373626,0.30564784,0.63134658,0.57394366,0.32033898,0.36570561,0.43105756,0.60229133,0.37256809,0.44571429,0.59856631,0.58106236,0.40072860,0.61169882,0.41983122,0.35981063,0.43529412,0.40831296,0.58640984,0.40942472,0.21428571,0.41192266,0.40428641,0.39797549,0.41570541,0.38827098
0.27702703,0.22615804,0.21568627,0.38876890,0.63481829,0.56921790,0.61547837,0.56724422,0.31944444,0.33079848,0.58214625,0.42026507,0.58858058,0.37111265,0.41373626,0.28661088,0.32114286,0.57394366,0.60483384,0.36570561,0.43105756,0.35516605,0.37256809,0.30022321,0.24347826,0.27272727,0.40072860,0.61169882,0.41983122,0.35981063,0.43529412,0.40831296,0.47122302,0.57772021,0.17575758,0.41192266,0.40428641,0.39797549,0.41570541,0.38827098
0.26562500,0.16233766,0.49411765,0.61524047,0.36511156,0.56921790,0.37598425,0.15000000,0.31944444,0.35211268,0.19708029,0.42026507,0.37685460,0.37111265,0.41373626,0.28661088,0.32114286,0.57394366,0.23312883,0.36570561,0.43105756,0.35516605,0.37256809,0.44571429,0.59856631,0.58106236,0.40072860,0.61169882,0.41983122,0.35981063,0.43529412,0.40831296,0.21276596,0.40942472,0.56906967,0.41192266,0.40428641,0.50216450,0.41570541,0.63250883
0.26562500,0.22615804,0.60486995,0.38876890,0.39333333,0.56921790,0.37598425,0.56724422,0.31250000,0.35211268,0.58214625,0.42026507,0.25641026,0.37111265,0.41373626,0.28661088,0.63134658,0.29257642,0.23312883,0.36570561,0.43105756,0.35516605,0.37256809,0.30022321,0.28205128,0.33447099,0.40072860,0.36616702,0.41983122,0.35981063,0.43529412,0.20454545,0.58640984,0.40942472,0.21428571,0.41192266,0.40428641,0.39797549,0.71484375,0.81382979
0.26562500,0.16233766,0.21951220,0.30708661,0.30909091,0.56921790,0.30487805,0.56724422,0.31250000,0.59348681,0.28957529,0.42026507,0.58858058,0.37111265,0.41373626,0.28661088,0.63134658,0.26470588,0.60483384,0.36570561,0.43105756,0.35516605,0.37256809,0.44571429,0.39387755,0.58106236,0.40072860,0.61169882,0.41983122,0.35981063,0.43529412,0.40831296,0.58640984,0.51006711,0.21428571,0.41192266,0.40428641,0.39797549,0.41570541,0.38827098
0.27702703,0.16233766,0.24340176,0.27070707,0.18205805,0.20175439,0.30487805,0.21610169,0.42857143,0.33079848,0.19708029,0.42026507,0.25641026,0.37111265,0.41373626,0.72955975,0.28348214,0.29257642,0.32033898,0.36570561,0.43105756,0.47152620,0.37256809,0.44571429,0.28205128,0.27272727,0.40072860,0.36616702,0.41983122,0.35981063,0.43529412,0.24301075,0.27898551,0.63903282,0.29629630,0.41192266,0.40428641,0.39797549,0.71484375,0.71947195
0.27702703,0.16233766,0.36599424,0.27070707,0.18205805,0.20175439,0.30487805,0.21610169,0.35135135,0.33079848,0.23913043,0.42026507,0.25641026,0.37111265,0.41373626,0.72955975,0.28348214,0.57394366,0.32033898,0.36570561,0.43105756,0.35516605,0.37256809,0.44571429,0.24347826,0.25742574,0.40072860,0.27205882,0.41983122,0.74430380,0.43529412,0.20454545,0.27898551,0.40942472,0.56906967,0.55952381,0.40428641,0.35000000,0.71484375,0.81382979
0.26562500,0.22615804,0.60486995,0.61524047,0.63481829,0.56921790,0.61547837,0.56724422,0.31944444,0.59348681,0.58214625,0.42026507,0.58858058,0.37111265,0.41373626,0.28661088,0.32114286,0.57394366,0.60483384,0.36570561,0.43105756,0.60229133,0.37256809,0.44571429,0.59856631,0.58106236,0.85093168,0.61169882,0.41983122,0.35981063,0.43529412,0.61182994,0.58640984,0.40942472,0.56906967,0.41192266,0.40428641,0.39797549,0.41570541,0.38827098
0.60943500,0.22615804,0.60486995,0.38876890,0.63481829,0.56921790,0.61547837,0.56724422,0.57975904,0.59348681,0.58214625,0.42026507,0.58858058,0.37111265,0.68896321,0.28661088,0.73578595,0.57394366,0.00000000,0.36570561,0.43105756,0.34426230,0.37256809,0.30022321,0.59856631,0.58106236,0.40072860,0.61169882,0.41983122,0.35981063,0.43529412,0.61182994,0.58640984,0.40942472,0.56906967,0.41192266,0.40428641,0.39797549,0.41570541,0.38827098
0.27702703,0.16233766,0.24340176,0.27070707,0.18205805,0.27777778,0.30487805,0.56724422,0.57975904,0.33079848,0.28957529,0.42026507,0.58858058,0.37111265,0.41373626,0.28661088,0.28348214,0.57394366,0.46597938,0.36570561,0.43105756,0.47152620,0.37256809,0.30022321,0.39387755,0.58106236,0.40072860,0.51098901,0.41983122,0.35981063,0.43529412,0.24301075,0.47122302,0.40942472,0.56906967,0.41192266,0.40428641,0.39797549,0.41570541,0.63250883
0.30578512,0.16233766,0.36599424,0.27070707,0.18205805,0.20175439,0.30487805,0.21610169,0.23076923,0.33079848,0.28957529,0.42026507,0.33333333,0.37111265,0.41373626,0.23364486,0.28348214,0.26470588,0.32033898,0.36570561,0.43105756,0.47152620,0.37256809,0.73597811,0.28205128,0.33447099,0.40072860,0.36616702,0.41983122,0.74430380,0.43529412,0.40831296,0.27898551,0.57772021,0.56906967,0.41192266,0.40428641,0.39797549,0.41570541,0.63250883
0.60943500,0.22615804,0.36599424,0.38876890,0.18205805,0.27777778,0.30487805,0.56724422,0.31944444,0.35211268,0.58214625,0.42026507,0.58858058,0.37111265,0.41373626,0.28661088,0.32114286,0.57394366,0.60483384,0.36570561,0.43105756,0.35516605,0.37256809,0.30022321,0.59856631,0.58106236,0.40072860,0.61169882,0.41983122,0.35981063,0.43529412,0.53003534,0.58640984,0.40942472,0.56906967,0.41192266,0.40428641,0.39797549,0.48837209,0.71947195
0.60943500,0.45945946,0.21951220,0.61524047,0.63481829,0.56921790,0.61547837,0.56724422,0.57975904,0.59348681,0.58214625,0.42026507,0.58858058,0.37111265,0.41373626,0.28661088,0.63134658,0.57394366,0.60483384,0.36570561,0.43105756,0.60229133,0.37256809,0.30022321,0.59856631,0.58106236,0.40072860,0.61169882,0.41983122,0.35981063,0.43529412,0.61182994,0.58640984,0.40942472,0.56906967,0.41192266,0.40428641,0.39797549,0.41570541,0.38827098
0.27702703,0.22615804,0.21951220,0.27070707,0.18205805,0.20175439,0.22093023,0.19718310,0.57975904,0.59348681,0.28957529,0.42026507,0.25641026,0.71404110,0.41373626,0.57398374,0.63134658,0.29257642,0.60483384,0.36570561,0.43105756,0.60229133,0.37256809,0.44571429,0.39387755,0.58106236,0.40072860,0.61169882,0.41983122,0.35981063,0.43529412,0.53003534,0.34492754,0.31818182,0.17575758,0.41192266,0.40428641,0.39797549,0.41570541,0.38827098
0.60943500,0.22615804,0.21951220,0.38876890,0.30909091,0.22813688,0.22093023,0.19718310,0.57975904,0.59348681,0.58214625,0.42026507,0.58858058,0.71404110,0.41373626,0.72955975,0.63134658,0.26470588,0.60483384,0.36570561,0.43105756,0.60229133,0.37256809,0.30022321,0.39387755,0.58106236,0.40072860,0.61169882,0.41983122,0.35981063,0.43529412,0.40831296,0.27898551,0.40942472,0.17575758,0.41192266,0.40428641,0.39797549,0.41570541,0.38827098
0.27702703,0.54732510,0.24340176,0.27070707,0.36511156,0.56921790,0.30487805,0.21610169,0.57975904,0.59348681,0.28957529,0.42026507,0.58858058,0.37111265,0.41373626,0.28661088,0.26612903,0.57394366,0.46597938,0.36570561,0.43105756,0.47152620,0.37256809,0.32492114,0.59856631,0.58106236,0.40072860,0.42682927,0.41983122,0.35981063,0.43529412,0.20454545,0.58640984,0.40942472,0.17575758,0.41192266,0.40428641,0.39797549,0.41570541,0.38827098
0.60943500,0.09090909,0.21951220,0.27070707,0.18205805,0.56921790,0.23076923,0.56724422,0.57975904,0.59348681,0.58214625,0.42026507,0.58858058,0.37111265,0.41373626,0.28661088,0.63134658,0.57394366,0.60483384,0.36570561,0.43105756,0.35516605,0.37256809,0.30022321,0.59856631,0.58106236,0.40072860,0.61169882,0.41983122,0.35981063,0.43529412,0.61182994,0.58640984,0.40942472,0.17575758,0.41192266,0.40428641,0.39797549,0.41570541,0.38827098
0.27702703,0.16233766,0.24340176,0.27070707,0.36511156,0.22813688,0.37598425,0.21610169,0.57975904,0.35211268,0.28957529,0.42026507,0.33333333,0.37111265,0.41373626,0.28661088,0.32114286,0.57394366,0.46597938,0.36570561,0.43105756,0.34426230,0.37256809,0.32492114,0.39387755,0.58106236,0.40072860,0.42682927,0.41983122,0.35981063,0.43529412,0.24301075,0.58640984,0.40942472,0.56906967,0.41192266,0.40428641,0.39797549,0.41570541,0.71947195
0.60943500,0.65112665,0.60486995,0.61524047,0.63481829,0.56921790,0.61547837,0.56724422,0.57975904,0.59348681,0.58214625,0.42026507,0.58858058,0.37111265,0.41373626,0.28661088,0.32114286,0.57394366,0.60483384,0.36570561,0.43105756,0.60229133,0.37256809,0.30022321,0.59856631,0.58106236,0.40072860,0.61169882,0.41983122,0.35981063,0.43529412,0.61182994,0.58640984,0.40942472,0.17575758,0.41192266,0.40428641,0.39797549,0.41570541,0.38827098
0.60943500,0.16233766,0.21568627,0.27070707,0.36511156,0.56921790,0.30487805,0.56724422,0.57975904,0.59348681,0.58214625,0.42026507,0.58858058,0.37111265,0.54437870,0.28661088,0.32114286,0.57394366,0.60483384,0.36570561,0.70247934,0.35516605,0.37256809,0.44571429,0.49328859,0.33447099,0.40072860,0.61169882,0.41983122,0.35981063,0.43529412,0.40831296,0.47122302,0.40942472,0.21428571,0.41192266,0.40428641,0.39797549,0.41570541,0.38827098
0.60943500,0.16233766,0.21568627,0.38876890,0.63481829,0.56921790,0.61547837,0.56724422,0.31250000,0.59348681,0.58214625,0.70588235,0.58858058,0.37111265,0.41373626,0.28661088,0.63134658,0.57394366,0.60483384,0.36570561,0.43105756,0.34426230,0.37256809,0.30022321,0.59856631,0.58106236,0.40072860,0.61169882,0.41983122,0.35981063,0.43529412,0.61182994,0.58640984,0.40942472,0.56906967,0.41192266,0.40428641,0.39797549,0.41570541,0.38827098
0.60943500,0.22615804,0.21951220,0.30708661,0.63481829,0.56921790,0.22093023,0.56724422,0.57975904,0.59348681,0.28957529,0.42026507,0.58858058,0.37111265,0.41373626,0.28661088,0.26612903,0.57394366,0.49600000,0.36570561,0.43105756,0.47152620,0.37256809,0.30022321,0.48717949,0.58106236,0.40072860,0.61169882,0.41983122,0.35981063,0.43529412,0.24301075,0.58640984,0.40942472,0.56906967,0.41192266,0.40428641,0.39797549,0.41570541,0.38827098
0.60943500,0.40447154,0.21951220,0.27070707,0.39333333,0.56921790,0.22093023,0.56724422,0.57975904,0.35000000,0.58214625,0.42026507,0.58858058,0.37111265,0.41373626,0.28661088,0.32114286,0.57394366,0.60483384,0.36570561,0.43105756,0.35516605,0.37256809,0.30022321,0.59856631,0.58106236,0.40072860,0.36616702,0.41983122,0.35981063,0.43529412,0.61182994,0.58640984,0.40942472,0.56906967,0.41192266,0.40428641,0.39797549,0.41570541,0.38827098
0.60943500,0.22615804,0.36599424,0.61524047,0.63481829,0.56921790,0.30487805,0.56724422,0.57975904,0.59348681,0.58214625,0.42026507,0.58858058,0.37111265,0.41373626,0.57398374,0.28348214,0.57394366,0.46597938,0.36570561,0.43105756,0.60229133,0.37256809,0.30022321,0.59856631,0.58106236,0.40072860,0.61169882,0.41983122,0.35981063,0.43529412,0.61182994,0.58640984,0.57772021,0.56906967,0.41192266,0.40428641,0.39797549,0.41570541,0.38827098
0.27702703,0.16233766,0.21568627,0.30708661,0.18205805,0.22813688,0.61547837,0.56724422,0.57975904,0.33079848,0.28957529,0.42026507,0.58858058,0.35195531,0.41373626,0.28661088,0.28348214,0.26470588,0.60483384,0.36570561,0.43105756,0.34426230,0.37256809,0.30022321,0.49328859,0.27272727,0.40072860,0.42682927,0.41983122,0.35981063,0.43529412,0.40831296,0.58640984,0.57772021,0.17575758,0.41192266,0.40428641,0.39797549,0.41570541,0.38827098
0.27702703,0.16233766,0.36599424,0.27070707,0.36511156,0.22813688,0.30487805,0.19718310,0.57975904,0.33079848,0.19708029,0.42026507,0.25641026,0.37111265,0.41373626,0.23364486,0.28348214,0.33103448,0.07142857,0.36570561,0.43105756,0.34426230,0.37256809,0.32492114,0.39387755,0.32967033,0.40072860,0.36616702,0.41983122,0.35981063,0.43529412,0.40831296,0.27898551,0.40942472,0.56906967,0.41192266,0.40428641,0.39797549,0.41570541,0.71947195
0.27702703,0.16233766,0.36599424,0.27070707,0.18205805,0.20175439,0.30487805,0.21610169,0.57975904,0.33079848,0.19708029,0.42026507,0.33333333,0.37111265,0.41373626,0.57398374,0.28348214,0.33103448,0.32033898,0.36570561,0.43105756,0.47152620,0.37256809,0.29629630,0.39387755,0.58106236,0.40072860,0.42682927,0.41983122,0.35981063,0.43529412,0.24301075,0.34492754,0.40942472,0.56906967,0.55952381,0.40428641,0.39797549,0.48837209,0.71947195
0.60943500,0.40447154,0.60486995,0.38876890,0.63481829,0.56921790,0.22093023,0.56724422,0.57975904,0.33079848,0.58214625,0.42026507,0.58858058,0.50107991,0.41373626,0.72955975,0.63134658,0.57394366,0.60483384,0.36570561,0.43105756,0.60229133,0.37256809,0.30022321,0.59856631,0.58106236,0.40072860,0.61169882,0.41983122,0.35981063,0.43529412,0.61182994,0.58640984,0.40942472,0.56906967,0.41192266,0.40428641,0.39797549,0.41570541,0.38827098
0.26562500,0.16233766,0.21951220,0.27070707,0.36511156,0.27777778,0.22093023,0.56724422,0.31250000,0.59348681,0.58214625,0.42026507,0.58858058,0.37111265,0.41373626,0.28661088,0.32114286,0.57394366,0.60483384,0.36570561,0.43105756,0.60229133,0.37256809,0.29629630,0.59856631,0.58106236,0.40072860,0.61169882,0.41983122,0.35981063,0.43529412,0.61182994,0.58640984,0.40942472,0.21428571,0.41192266,0.40428641,0.39797549,0.41570541,0.38827098
0.27702703,0.16233766,0.21568627,0.27070707,0.36511156,0.27777778,0.61547837,0.56724422,0.57975904,0.35211268,0.28957529,0.42026507,0.58858058,0.37111265,0.41373626,0.28661088,0.32114286,0.57394366,0.32033898,0.36570561,0.43105756,0.34426230,0.37256809,0.30022321,0.59856631,0.58106236,0.40072860,0.42682927,0.41983122,0.35981063,0.43529412,0.61182994,0.58640984,0.51006711,0.56906967,0.41192266,0.40428641,0.39797549,0.41570541,0.38827098
0.26562500,0.22615804,0.60486995,0.61524047,0.36511156,0.56921790,0.22093023,0.56724422,0.31250000,0.59348681,0.34237288,0.42026507,0.58858058,0.37111265,0.41373626,0.57398374,0.32114286,0.57394366,0.60483384,0.36570561,0.43105756,0.60229133,0.37256809,0.80259740,0.59856631,0.58106236,0.40072860,0.61169882,0.41983122,0.35981063,0.43529412,0.61182994,0.58640984,0.57772021,0.56906967,0.41192266,0.40428641,0.39797549,0.41570541,0.38827098
0.27702703,0.22615804,0.60486995,0.38876890,0.36511156,0.56921790,0.30487805,0.56724422,0.57975904,0.59348681,0.58214625,0.42026507,0.58858058,0.37111265,0.41373626,0.28661088,0.28348214,0.57394366,0.46597938,0.36570561,0.43105756,0.35516605,0.37256809,0.44571429,0.59856631,0.58106236,0.40072860,0.61169882,0.41983122,0.35981063,0.43529412,0.61182994,0.58640984,0.57772021,0.56906967,0.41192266,0.40428641,0.39797549,0.41570541,0.38827098
0.27702703,0.40447154,0.60486995,0.30708661,0.36511156,0.56921790,0.22093023,0.56724422,0.31250000,0.59348681,0.58214625,0.42026507,0.33333333,0.37111265,0.41373626,0.28661088,0.26612903,0.57394366,0.60483384,0.36570561,0.72413793,0.35516605,0.37256809,0.30022321,0.48717949,0.58106236,0.40072860,0.61169882,0.41983122,0.35981063,0.43529412,0.61182994,0.58640984,0.40942472,0.56906967,0.41192266,0.40428641,0.39797549,0.41570541,0.38827098
0.30578512,0.16233766,0.24340176,0.30708661,0.30909091,0.22813688,0.30487805,0.56724422,0.31250000,0.35211268,0.28957529,0.42026507,0.33333333,0.50107991,0.69435216,0.57398374,0.32114286,0.26470588,0.49600000,0.36570561,0.54411765,0.34426230,0.37256809,0.44571429,0.39387755,0.27272727,0.40072860,0.51098901,0.41983122,0.35981063,0.43529412,0.58252427,0.58640984,0.40942472,0.56906967,0.62670300,0.40428641,0.64619883,0.41570541,0.38827098
0.27702703,0.16233766,0.24340176,0.30708661,0.18205805,0.22813688,0.30487805,0.21610169,0.31250000,0.35211268,0.28957529,0.42026507,0.37685460,0.35195531,0.69435216,0.57398374,0.28348214,0.57394366,0.23312883,0.36570561,0.67123288,0.34426230,0.37256809,0.32492114,0.39387755,0.33447099,0.40072860,0.51098901,0.41983122,0.35981063,0.43529412,0.40831296,0.27898551,0.40942472,0.56906967,0.41192266,0.40428641,0.39797549,0.41570541,0.38827098
0.30578512,0.40447154,0.24340176,0.27070707,0.36511156,0.56921790,0.37598425,0.56724422,0.57975904,0.35211268,0.58214625,0.42026507,0.25641026,0.37111265,0.41373626,0.28661088,0.32114286,0.33103448,0.60483384,0.36570561,0.72413793,0.25974026,0.37256809,0.30022321,0.39387755,0.32967033,0.40072860,0.27205882,0.41983122,0.35981063,0.43529412,0.53003534,0.58640984,0.40942472,0.56906967,0.41192266,0.40428641,0.39797549,0.41570541,0.38827098
0.30578512,0.45945946,0.24340176,0.38876890,0.36511156,0.56921790,0.37598425,0.56724422,0.57975904,0.59348681,0.58214625,0.42026507,0.58858058,0.50107991,0.41373626,0.30564784,0.63134658,0.33103448,0.32033898,0.36570561,0.67123288,0.47152620,0.37256809,0.30022321,0.59856631,0.58106236,0.40072860,0.27205882,0.41983122,0.35981063,0.43529412,0.24301075,0.58640984,0.57772021,0.56906967,0.41192266,0.40428641,0.39797549,0.41570541,0.38827098
0.30578512,0.40447154,0.60486995,0.38876890,0.36511156,0.56921790,0.61547837,0.56724422,0.31944444,0.59348681,0.58214625,0.42026507,0.37685460,0.50107991,0.41373626,0.30564784,0.63134658,0.57394366,0.32033898,0.36570561,0.43105756,0.60229133,0.37256809,0.29629630,0.59856631,0.58106236,0.40072860,0.42682927,0.41983122,0.35981063,0.43529412,0.61182994,0.58640984,0.51006711,0.56906967,0.41192266,0.40428641,0.39797549,0.41570541,0.38827098
0.27702703,0.16233766,0.36599424,0.30708661,0.30909091,0.22813688,0.30487805,0.21610169,0.23076923,0.35211268,0.34237288,0.42026507,0.47368421,0.37111265,0.68896321,0.30564784,0.28348214,0.26470588,0.32033898,0.36570561,0.54411765,0.47152620,0.37256809,0.44571429,0.39387755,0.33447099,0.40072860,0.51098901,0.41983122,0.25000000,0.43529412,0.40831296,0.47122302,0.40942472,0.56906967,0.58682635,0.40428641,0.39797549,0.41570541,0.38827098
0.25000000,0.22615804,0.60486995,0.27070707,0.63481829,0.56921790,0.61547837,0.56724422,0.31944444,0.59348681,0.28957529,0.42026507,0.58858058,0.37111265,0.41373626,0.28661088,0.28348214,0.57394366,0.46597938,0.36570561,0.43105756,0.35516605,0.37256809,0.30022321,0.49328859,0.58106236,0.40072860,0.61169882,0.41983122,0.35981063,0.43529412,0.53003534,0.58640984,0.40942472,0.21428571,0.41192266,0.40428641,0.39797549,0.41570541,0.38827098
0.30578512,0.22615804,0.36599424,0.27070707,0.18205805,0.56921790,0.61547837,0.56724422,0.31250000,0.59348681,0.58214625,0.42026507,0.58858058,0.77210884,0.41373626,0.28661088,0.32114286,0.57394366,0.60483384,0.36570561,0.43105756,0.35516605,0.37256809,0.30022321,0.59856631,0.58106236,0.40072860,0.61169882,0.41983122,0.35981063,0.43529412,0.61182994,0.58640984,0.40942472,0.56906967,0.41192266,0.40428641,0.39797549,0.41570541,0.38827098
0.26562500,0.22615804,0.21568627,0.38876890,0.36511156,0.56921790,0.22093023,0.56724422,0.31250000,0.35000000,0.19708029,0.42026507,0.58858058,0.37111265,0.41373626,0.28661088,0.28348214,0.29257642,0.23312883,0.36570561,0.43105756,0.47152620,0.37256809,0.30022321,0.59856631,0.58106236,0.40072860,0.36616702,0.41983122,0.35981063,0.43529412,0.61182994,0.47122302,0.40942472,0.21428571,0.41192266,0.40428641,0.39797549,0.41570541,0.38827098
0.27702703,0.54732510,0.21568627,0.27070707,0.36511156,0.56921790,0.61547837,0.56724422,0.57975904,0.33079848,0.34237288,0.42026507,0.54054054,0.37111265,0.41373626,0.28661088,0.26612903,0.33103448,0.32033898,0.36570561,0.43105756,0.47152620,0.37256809,0.30022321,0.40000000,0.58106236,0.40072860,0.51098901,0.41983122,0.35981063,0.43529412,0.53003534,0.47222222,0.40942472,0.56906967,0.41192266,0.40428641,0.39797549,0.41570541,0.38827098
0.26562500,0.22615804,0.24340176,0.38876890,0.30909091,0.56921790,0.22093023,0.56724422,0.57975904,0.59348681,0.28957529,0.42026507,0.58858058,0.35195531,0.41373626,0.57398374,0.28348214,0.57394366,0.32033898,0.36570561,0.43105756,0.60229133,0.37256809,0.30022321,0.59856631,0.58106236,0.40072860,0.61169882,0.41983122,0.35981063,0.43529412,0.24301075,0.34492754,0.40942472,0.17575758,0.41192266,0.40428641,0.39797549,0.41570541,0.38827098
0.26562500,0.40447154,0.21951220,0.61524047,0.18205805,0.56921790,0.30487805,0.56724422,0.57975904,0.41196013,0.58214625,0.42026507,0.58858058,0.50107991,0.41373626,0.72955975,0.32114286,0.57394366,0.46597938,0.36570561,0.43105756,0.60229133,0.37256809,0.32492114,0.49328859,0.58106236,0.40072860,0.61169882,0.41983122,0.35981063,0.43529412,0.58252427,0.47222222,0.40942472,0.56906967,0.41192266,0.40428641,0.39797549,0.41570541,0.38827098
0.27702703,0.40447154,0.21568627,0.61524047,0.36511156,0.56921790,0.22093023,0.56724422,0.57975904,0.59348681,0.34237288,0.42026507,0.58858058,0.37111265,0.41373626,0.57398374,0.28348214,0.57394366,0.49600000,0.36570561,0.43105756,0.47152620,0.37256809,0.30022321,0.59856631,0.58106236,0.40072860,0.61169882,0.41983122,0.35981063,0.43529412,0.58252427,0.58640984,0.57772021,0.17575758,0.41192266,0.40428641,0.39797549,0.41570541,0.38827098
0.27702703,0.65112665,0.60486995,0.27070707,0.63481829,0.56921790,0.61547837,0.56724422,0.57975904,0.59348681,0.58214625,0.42026507,0.58858058,0.71404110,0.41373626,0.30564784,0.32114286,0.57394366,0.32033898,0.36570561,0.43105756,0.60229133,0.37256809,0.32492114,0.59856631,0.58106236,0.40072860,0.61169882,0.41983122,0.35981063,0.43529412,0.61182994,0.58640984,0.40942472,0.56906967,0.41192266,0.40428641,0.39797549,0.41570541,0.38827098
0.26562500,0.22615804,0.24340176,0.27070707,0.18205805,0.56921790,0.30487805,0.56724422,0.35135135,0.33079848,0.34237288,0.42026507,0.33333333,0.37111265,0.41373626,0.28661088,0.32114286,0.26470588,0.32033898,0.36570561,0.43105756,0.34426230,0.37256809,0.30022321,0.39387755,0.58106236,0.40072860,0.36616702,0.41983122,0.35981063,0.43529412,0.53003534,0.47222222,0.40942472,0.17575758,0.41192266,0.40428641,0.39797549,0.41570541,0.38827098
0.26562500,0.22615804,0.21568627,0.27070707,0.18205805,0.56921790,0.22093023,0.21610169,0.35135135,0.59348681,0.34237288,0.42026507,0.58858058,0.37111265,0.41373626,0.28661088,0.28348214,0.57394366,0.23312883,0.36570561,0.43105756,0.34426230,0.37256809,0.30022321,0.59856631,0.58106236,0.40072860,0.61169882,0.41983122,0.35981063,0.43529412,0.40831296,0.47222222,0.51006711,0.21428571,0.41192266,0.40428641,0.39797549,0.41570541,0.38827098
0.27702703,0.16233766,0.60486995,0.27070707,0.18205805,0.27777778,0.30487805,0.56724422,0.57975904,0.33079848,0.34237288,0.42026507,0.33333333,0.35195531,0.41373626,0.28661088,0.32114286,0.57394366,0.46597938,0.36570561,0.43105756,0.35516605,0.37256809,0.29629630,0.49328859,0.58106236,0.40072860,0.61169882,0.41983122,0.35981063,0.43529412,0.61182994,0.58640984,0.40942472,0.56906967,0.41192266,0.40428641,0.39797549,0.41570541,0.38827098
0.26562500,0.16233766,0.36599424,0.27070707,0.36511156,0.27777778,0.37598425,0.19718310,0.57975904,0.35211268,0.19708029,0.42026507,0.33333333,0.37111265,0.41373626,0.28661088,0.32114286,0.57394366,0.49600000,0.36570561,0.43105756,0.35516605,0.37256809,0.30022321,0.59856631,0.58106236,0.40072860,0.61169882,0.41983122,0.35981063,0.43529412,0.40831296,0.21276596,0.40942472,0.56906967,0.41192266,0.40428641,0.39797549,0.41570541,0.63250883
0.26562500,0.16233766,0.24340176,0.30708661,0.18205805,0.20175439,0.30487805,0.21610169,0.35135135,0.35211268,0.19708029,0.42026507,0.33333333,0.35195531,0.41373626,0.23364486,0.32114286,0.26470588,0.60483384,0.36570561,0.43105756,0.35516605,0.37256809,0.32492114,0.39387755,0.32967033,0.40072860,0.51098901,0.41983122,0.35981063,0.43529412,0.53003534,0.58640984,0.40942472,0.56906967,0.41192266,0.40428641,0.39797549,0.48837209,0.71947195
0.30578512,0.16233766,0.24340176,0.27070707,0.18205805,0.28571429,0.30487805,0.19718310,0.57975904,0.35211268,0.28957529,0.42026507,0.25641026,0.22222222,0.41373626,0.23364486,0.63134658,0.29257642,0.23312883,0.36570561,0.43105756,0.35516605,0.37256809,0.30022321,0.39387755,0.32967033,0.40072860,0.42682927,0.41983122,0.35981063,0.43529412,0.53003534,0.27898551,0.40942472,0.56906967,0.41192266,0.40428641,0.39797549,0.41570541,0.63250883
0.27702703,0.65112665,0.60486995,0.61524047,0.63481829,0.56921790,0.61547837,0.56724422,0.31250000,0.59348681,0.58214625,0.42026507,0.58858058,0.37111265,0.41373626,0.57398374,0.28348214,0.57394366,0.32033898,0.36570561,0.43105756,0.35516605,0.37256809,0.32492114,0.59856631,0.58106236,0.40072860,0.61169882,0.41983122,0.35981063,0.43529412,0.61182994,0.58640984,0.40942472,0.56906967,0.41192266,0.40428641,0.39797549,0.41570541,0.38827098
0.26562500,0.22615804,0.60486995,0.27070707,0.63481829,0.56921790,0.22093023,0.56724422,0.57975904,0.59348681,0.58214625,0.42026507,0.37685460,0.37111265,0.41373626,0.28661088,0.32114286,0.57394366,0.60483384,0.36570561,0.75784753,0.60229133,0.37256809,0.30022321,0.59856631,0.58106236,0.40072860,0.61169882,0.41983122,0.35981063,0.43529412,0.40831296,0.58640984,0.40942472,0.56906967,0.41192266,0.40428641,0.39797549,0.41570541,0.38827098
0.60943500,0.45945946,0.60486995,0.27070707,0.63481829,0.56921790,0.61547837,0.56724422,0.57975904,0.59348681,0.58214625,0.42026507,0.58858058,0.37111265,0.41373626,0.28661088,0.32114286,0.57394366,0.60483384,0.36570561,0.43105756,0.60229133,0.37256809,0.73597811,0.59856631,0.58106236,0.40072860,0.61169882,0.41983122,0.35981063,0.43529412,0.61182994,0.58640984,0.40942472,0.56906967,0.41192266,0.40428641,0.39797549,0.41570541,0.38827098
0.60943500,0.22615804,0.36599424,0.27070707,0.50476190,0.56921790,0.61547837,0.19718310,0.57975904,0.59348681,0.19708029,0.42026507,0.33333333,0.37111265,0.41373626,0.28661088,0.32114286,0.20238095,0.32033898,0.36570561,0.43105756,0.60229133,0.37256809,0.44571429,0.59856631,0.58106236,0.40072860,0.42682927,0.41983122,0.35981063,0.43529412,0.61182994,0.21276596,0.40942472,0.19130435,0.41192266,0.40428641,0.39797549,0.41570541,0.38827098
0.40070922,0.40447154,0.60486995,0.27070707,0.33333333,0.56921790,0.61547837,0.56724422,0.57975904,0.35211268,0.58214625,0.42026507,0.58858058,0.35195531,0.41373626,0.57398374,0.73578595,0.57394366,0.60483384,0.36570561,0.70247934,0.34426230,0.37256809,0.32492114,0.59856631,0.58106236,0.40072860,0.61169882,0.41983122,0.35981063,0.43529412,0.61182994,0.58640984,0.57772021,0.21428571,0.41192266,0.40428641,0.39797549,0.41570541,0.38827098
0.26562500,0.22615804,0.60486995,0.61524047,0.63481829,0.56921790,0.61547837,0.21610169,0.31250000,0.59348681,0.19708029,0.42026507,0.25641026,0.37111265,0.41373626,0.28661088,0.26612903,0.26470588,0.32033898,0.36570561,0.43105756,0.35516605,0.37256809,0.30022321,0.59856631,0.58106236,0.40072860,0.36616702,0.41983122,0.35981063,0.43529412,0.40831296,0.47122302,0.57772021,0.56906967,0.41192266,0.40428641,0.39797549,0.41570541,0.38827098
0.26562500,0.16233766,0.36599424,0.27070707,0.18205805,0.22813688,0.22093023,0.19718310,0.31250000,0.35000000,0.28957529,0.42026507,0.58858058,0.37111265,0.41373626,0.72955975,0.32114286,0.57394366,0.32033898,0.36570561,0.43105756,0.60229133,0.37256809,0.32492114,0.59856631,0.58106236,0.40072860,0.61169882,0.41983122,0.35981063,0.43529412,0.61182994,0.27898551,0.40942472,0.56906967,0.41192266,0.40428641,0.39797549,0.41570541,0.38827098
0.60943500,0.16233766,0.24340176,0.27070707,0.18205805,0.56921790,0.23076923,0.19718310,0.57975904,0.59348681,0.19708029,0.42026507,0.58858058,0.35195531,0.41373626,0.72955975,0.32114286,0.26470588,0.60483384,0.36570561,0.43105756,0.35516605,0.37256809,0.30022321,0.39387755,0.58106236,0.40072860,0.51098901,0.41983122,0.35981063,0.43529412,0.53003534,0.34492754,0.40942472,0.56906967,0.41192266,0.40428641,0.39797549,0.41570541,0.38827098
0.60943500,0.16233766,0.24340176,0.27070707,0.18205805,0.20175439,0.22093023,0.56724422,0.31250000,0.59348681,0.28957529,0.42026507,0.58858058,0.50107991,0.41373626,0.30564784,0.32114286,0.57394366,0.46597938,0.36570561,0.43105756,0.60229133,0.37256809,0.30022321,0.59856631,0.58106236,0.40072860,0.61169882,0.41983122,0.35981063,0.43529412,0.61182994,0.58640984,0.40942472,0.21428571,0.41192266,0.40428641,0.39797549,0.41570541,0.38827098
0.27702703,0.22615804,0.36599424,0.30708661,0.18205805,0.20175439,0.30487805,0.56724422,0.57975904,0.35211268,0.28957529,0.42026507,0.25641026,0.50107991,0.41373626,0.72955975,0.32114286,0.29257642,0.60483384,0.36570561,0.43105756,0.25974026,0.37256809,0.44571429,0.24347826,0.33447099,0.40072860,0.42682927,0.41983122,0.35981063,0.43529412,0.58252427,0.47122302,0.51006711,0.56906967,0.58682635,0.40428641,0.39797549,0.41570541,0.71947195
0.30578512,0.22615804,0.36599424,0.27070707,0.18205805,0.22813688,0.37598425,0.15000000,0.35135135,0.33079848,0.23913043,0.42026507,0.18518519,0.22222222,0.41373626,0.28661088,0.63134658,0.29411765,0.23312883,0.36570561,0.43105756,0.35516605,0.37256809,0.44571429,0.59856631,0.27272727,0.40072860,0.36616702,0.41983122,0.35981063,0.43529412,0.24301075,0.21276596,0.31818182,0.56906967,0.58682635,0.40428641,0.39797549,0.41570541,0.63250883
0.26562500,0.09090909,0.21568627,0.38876890,0.63481829,0.20175439,0.42331288,0.19718310,0.37850467,0.35000000,0.23913043,0.42026507,0.58858058,0.37111265,0.41373626,0.28661088,0.32114286,0.26470588,0.60483384,0.36570561,0.43105756,0.47152620,0.37256809,0.73597811,0.39387755,0.58106236,0.40072860,0.61169882,0.41983122,0.35981063,0.43529412,0.61182994,0.34492754,0.57772021,0.56906967,0.41192266,0.40428641,0.39797549,0.71484375,0.38827098
0.26562500,0.16233766,0.24340176,0.30708661,0.18205805,0.20175439,0.30487805,0.56724422,0.57975904,0.33079848,0.28957529,0.42026507,0.37685460,0.37111265,0.41373626,0.23364486,0.32114286,0.57394366,0.32033898,0.36570561,0.43105756,0.47152620,0.37256809,0.44571429,0.59856631,0.58106236,0.40072860,0.61169882,0.41983122,0.35981063,0.43529412,0.61182994,0.58640984,0.40942472,0.56906967,0.58682635,0.40428641,0.39797549,0.41570541,0.56934307
0.30578512,0.09090909,0.21568627,0.30708661,0.30909091,0.20175439,0.30487805,0.19718310,0.37850467,0.33079848,0.28957529,0.42026507,0.58858058,0.37111265,0.54437870,0.23364486,0.28348214,0.57394366,0.32033898,0.36570561,0.67123288,0.47152620,0.37256809,0.44571429,0.39387755,0.58106236,0.40072860,0.61169882,0.41983122,0.57272727,0.43529412,0.61182994,0.27898551,0.40942472,0.56906967,0.41192266,0.40428641,0.50216450,0.41570541,0.38827098
0.60943500,0.22615804,0.49411765,0.61524047,0.36511156,0.27777778,0.30487805,0.34228188,0.57975904,0.59348681,0.28957529,0.42026507,0.58858058,0.35195531,0.41373626,0.28661088,0.32114286,0.26470588,0.32033898,0.36570561,0.43105756,0.47152620,0.37256809,0.29629630,0.59856631,0.58106236,0.40072860,0.61169882,0.41983122,0.35981063,0.43529412,0.58252427,0.47222222,0.40942472,0.21428571,0.41192266,0.40428641,0.39797549,0.41570541,0.38827098
0.26562500,0.16233766,0.21951220,0.38876890,0.18205805,0.22813688,0.22093023,0.19718310,0.57975904,0.00000000,0.19708029,0.42026507,0.37685460,0.35195531,0.41373626,0.72955975,0.32114286,0.29257642,0.32033898,0.36570561,0.67123288,0.47152620,0.37256809,0.30022321,0.28205128,0.32967033,0.40072860,0.36616702,0.41983122,0.35981063,0.43529412,0.40831296,0.27898551,0.31818182,0.17575758,0.41192266,0.40428641,0.39797549,0.41570541,0.38827098
0.26562500,0.22615804,0.60486995,0.27070707,0.18205805,0.20175439,0.30487805,0.34228188,0.57975904,0.33079848,0.19708029,0.42026507,0.58858058,0.22222222,0.41373626,0.23364486,0.26612903,0.57394366,0.32033898,0.36570561,0.43105756,0.60229133,0.37256809,0.30022321,0.59856631,0.58106236,0.40072860,0.61169882,0.41983122,0.35981063,0.43529412,0.53003534,0.47122302,0.63903282,0.17575758,0.41192266,0.40428641,0.39797549,0.41570541,0.38827098
0.60943500,0.22615804,0.24340176,0.50199203,0.50476190,0.56921790,0.37598425,0.56724422,0.57975904,0.35211268,0.34237288,0.42026507,0.37685460,0.37111265,0.54437870,0.28661088,0.18750000,0.26470588,0.46597938,0.36570561,0.43105756,0.47152620,0.37256809,0.30022321,0.49328859,0.12500000,0.40072860,0.48484848,0.41983122,0.35981063,0.43529412,0.61182994,0.47222222,0.57772021,0.56906967,0.41192266,0.40428641,0.39797549,0.41570541,0.38827098
0.26562500,0.22615804,0.21568627,0.38876890,0.63481829,0.27777778,0.30487805,0.21610169,0.57975904,0.33079848,0.28957529,0.42026507,0.37685460,0.37111265,0.69435216,0.23364486,0.26612903,0.29257642,0.23312883,0.36570561,0.43105756,0.34426230,0.37256809,0.29629630,0.39387755,0.58106236,0.40072860,0.42682927,0.41983122,0.35981063,0.43529412,0.58252427,0.34492754,0.40942472,0.17575758,0.41192266,0.40428641,0.39797549,0.41570541,0.38827098
0.26562500,0.16233766,0.24340176,0.38876890,0.18205805,0.56921790,0.22093023,0.56724422,0.57975904,0.59348681,0.58214625,0.42026507,0.58858058,0.37111265,0.41373626,0.30564784,0.63134658,0.57394366,0.23312883,0.36570561,0.75784753,0.47152620,0.37256809,0.44571429,0.59856631,0.58106236,0.40072860,0.61169882,0.41983122,0.35981063,0.43529412,0.61182994,0.58640984,0.57772021,0.21428571,0.41192266,0.40428641,0.39797549,0.41570541,0.38827098
0.23333333,0.16233766,0.36599424,0.61524047,0.18205805,0.22813688,0.61547837,0.21610169,0.57975904,0.35211268,0.28957529,0.42026507,0.58858058,0.37111265,0.41373626,0.28661088,0.63134658,0.57394366,0.60483384,0.70403587,0.43105756,0.35516605,0.79856115,0.80259740,0.49328859,0.58106236,0.40072860,0.61169882,0.41983122,0.35981063,0.43529412,0.61182994,0.47122302,0.40942472,0.19130435,0.41192266,0.40428641,0.39797549,0.41570541,0.38827098
0.26562500,0.22615804,0.36599424,0.27070707,0.36511156,0.56921790,0.30487805,0.56724422,0.57975904,0.59348681,0.58214625,0.42026507,0.37685460,0.37111265,0.41373626,0.15789474,0.32114286,0.57394366,0.32033898,0.36570561,0.43105756,0.60229133,0.37256809,0.32492114,0.59856631,0.58106236,0.40072860,0.61169882,0.41983122,0.35981063,0.43529412,0.61182994,0.47222222,0.51006711,0.21428571,0.41192266,0.40428641,0.39797549,0.41570541,0.38827098
0.27702703,0.22615804,0.36599424,0.38876890,0.36511156,0.56921790,0.22093023,0.56724422,0.31250000,0.59348681,0.19708029,0.42026507,0.37685460,0.37111265,0.41373626,0.15789474,0.26612903,0.57394366,0.32033898,0.36570561,0.43105756,0.34426230,0.37256809,0.30022321,0.59856631,0.58106236,0.40072860,0.61169882,0.41983122,0.35981063,0.43529412,0.61182994,0.47122302,0.40942472,0.56906967,0.41192266,0.40428641,0.39797549,0.41570541,0.38827098
0.27702703,0.22615804,0.36599424,0.27070707,0.18205805,0.56921790,0.22093023,0.56724422,0.31250000,0.59348681,0.28957529,0.42026507,0.33333333,0.37111265,0.41373626,0.15789474,0.32114286,0.57394366,0.46597938,0.36570561,0.68932039,0.35516605,0.37256809,0.30022321,0.59856631,0.58106236,0.40072860,0.61169882,0.41983122,0.35981063,0.43529412,0.61182994,0.58640984,0.51006711,0.21428571,0.41192266,0.40428641,0.39797549,0.41570541,0.38827098
0.30578512,0.16233766,0.60486995,0.61524047,0.63481829,0.56921790,0.61547837,0.56724422,0.31250000,0.59348681,0.58214625,0.42026507,0.58858058,0.37111265,0.41373626,0.28661088,0.32114286,0.57394366,0.60483384,0.36570561,0.43105756,0.60229133,0.37256809,0.30022321,0.59856631,0.58106236,0.40072860,0.61169882,0.41983122,0.35981063,0.43529412,0.61182994,0.58640984,0.51006711,0.56906967,0.41192266,0.78318584,0.39797549,0.41570541,0.38827098
0.27702703,0.22615804,0.60486995,0.38876890,0.39333333,0.56921790,0.30487805,0.56724422,0.37850467,0.59348681,0.34237288,0.42026507,0.58858058,0.37111265,0.41373626,0.28661088,0.63134658,0.57394366,0.23312883,0.36570561,0.43105756,0.47152620,0.37256809,0.32492114,0.59856631,0.58106236,0.40072860,0.61169882,0.41983122,0.35981063,0.43529412,0.61182994,0.58640984,0.40942472,0.21428571,0.41192266,0.40428641,0.39797549,0.41570541,0.38827098
0.27702703,0.40447154,0.21568627,0.38876890,0.36511156,0.56921790,0.30487805,0.56724422,0.37850467,0.35211268,0.43750000,0.42026507,0.54054054,0.37111265,0.41373626,0.28661088,0.32114286,0.57394366,0.32033898,0.36570561,0.43105756,0.34426230,0.37256809,0.30022321,0.59856631,0.58106236,0.40072860,0.61169882,0.41983122,0.35981063,0.43529412,0.61182994,0.58640984,0.40942472,0.21428571,0.41192266,0.40428641,0.39797549,0.41570541,0.38827098
0.27702703,0.22615804,0.21568627,0.52631579,0.18205805,0.56921790,0.30487805,0.56724422,0.57975904,0.33079848,0.28957529,0.42026507,0.33333333,0.50107991,0.41373626,0.28661088,0.32114286,0.29257642,0.23312883,0.36570561,0.68932039,0.35516605,0.37256809,0.30022321,0.28205128,0.58106236,0.40072860,0.36616702,0.41983122,0.35981063,0.43529412,0.61182994,0.58640984,0.40942472,0.56906967,0.41192266,0.40428641,0.39797549,0.41570541,0.38827098
0.27702703,0.22615804,0.36599424,0.61524047,0.36511156,0.27777778,0.30487805,0.21610169,0.57975904,0.33079848,0.28957529,0.42026507,0.33333333,0.71404110,0.41373626,0.57398374,0.32114286,0.33103448,0.23312883,0.36570561,0.43105756,0.47152620,0.37256809,0.30022321,0.59856631,0.58106236,0.40072860,0.61169882,0.41983122,0.35981063,0.43529412,0.61182994,0.47122302,0.40942472,0.56906967,0.41192266,0.40428641,0.39797549,0.41570541,0.38827098
0.26562500,0.22615804,0.60486995,0.50199203,0.50476190,0.56921790,0.37598425,0.56724422,0.57975904,0.59348681,0.34237288,0.42026507,0.33333333,0.37111265,0.41373626,0.57398374,0.32114286,0.57394366,0.60483384,0.36570561,0.43105756,0.34426230,0.37256809,0.30022321,0.59856631,0.58106236,0.40072860,0.61169882,0.41983122,0.35981063,0.43529412,0.61182994,0.58640984,0.40942472,0.56906967,0.41192266,0.40428641,0.39797549,0.41570541,0.38827098
0.27702703,0.22615804,0.24340176,0.38876890,0.36511156,0.22813688,0.30487805,0.34228188,0.35135135,0.35211268,0.28957529,0.42026507,0.58858058,0.37111265,0.41373626,0.28661088,0.32114286,0.33103448,0.32033898,0.36570561,0.43105756,0.34426230,0.37256809,0.30022321,0.59856631,0.58106236,0.40072860,0.61169882,0.41983122,0.35981063,0.43529412,0.61182994,0.47122302,0.33333333,0.29629630,0.41192266,0.40428641,0.39797549,0.41570541,0.38827098
0.27702703,0.16233766,0.21568627,0.38876890,0.39333333,0.27777778,0.30487805,0.21610169,0.57975904,0.35211268,0.28957529,0.42026507,0.58858058,0.37111265,0.41373626,0.28661088,0.32114286,0.29257642,0.32033898,0.36570561,0.43105756,0.60229133,0.37256809,0.29629630,0.39387755,0.58106236,0.40072860,0.61169882,0.41983122,0.35981063,0.43529412,0.53003534,0.27898551,0.40942472,0.56906967,0.41192266,0.40428641,0.39797549,0.41570541,0.38827098
0.26562500,0.22615804,0.60486995,0.27070707,0.18205805,0.22813688,0.30487805,0.56724422,0.57975904,0.59348681,0.58214625,0.42026507,0.33333333,0.71404110,0.41373626,0.72955975,0.63134658,0.57394366,0.32033898,0.36570561,0.68932039,0.60229133,0.37256809,0.30022321,0.59856631,0.58106236,0.40072860,0.61169882,0.41983122,0.35981063,0.43529412,0.61182994,0.58640984,0.40942472,0.56906967,0.41192266,0.40428641,0.39797549,0.41570541,0.38827098
0.30578512,0.22615804,0.21568627,0.27070707,0.39333333,0.56921790,0.61547837,0.56724422,0.57975904,0.35211268,0.58214625,0.42026507,0.37685460,0.35195531,0.41373626,0.57398374,0.28348214,0.57394366,0.60483384,0.36570561,0.70247934,0.47152620,0.37256809,0.30022321,0.40000000,0.58106236,0.40072860,0.61169882,0.41983122,0.35981063,0.43529412,0.61182994,0.58640984,0.57772021,0.29629630,0.41192266,0.40428641,0.39797549,0.41570541,0.38827098
0.26562500,0.09090909,0.21951220,0.61524047,0.39333333,0.56921790,0.61547837,0.19718310,0.31944444,0.59348681,0.28957529,0.42026507,0.37685460,0.37111265,0.41373626,0.28661088,0.32114286,0.57394366,0.60483384,0.36570561,0.67123288,0.47152620,0.37256809,0.73597811,0.39387755,0.33447099,0.40072860,0.51098901,0.41983122,0.85840708,0.43529412,0.53003534,0.27898551,0.40942472,0.56906967,0.41192266,0.40428641,0.50216450,0.41570541,0.38827098
0.27702703,0.16233766,0.24340176,0.27070707,0.36511156,0.27777778,0.61547837,0.15000000,0.31944444,0.59348681,0.28957529,0.42026507,0.37685460,0.35195531,0.41373626,0.28661088,0.28348214,0.29257642,0.49600000,0.70403587,0.43105756,0.34426230,0.37256809,0.44571429,0.39387755,0.32967033,0.40072860,0.36616702,0.41983122,0.35981063,0.43529412,0.24301075,0.27898551,0.40942472,0.21428571,0.41192266,0.63486842,0.50216450,0.41570541,0.38827098
0.26562500,0.22615804,0.60486995,0.38876890,0.36511156,0.56921790,0.42331288,0.56724422,0.31250000,0.59348681,0.34237288,0.42026507,0.33333333,0.71404110,0.41373626,0.28661088,0.32114286,0.57394366,0.60483384,0.36570561,0.43105756,0.35516605,0.37256809,0.30022321,0.59856631,0.58106236,0.40072860,0.61169882,0.41983122,0.35981063,0.43529412,0.61182994,0.58640984,0.40942472,0.56906967,0.41192266,0.40428641,0.39797549,0.41570541,0.38827098
0.30578512,0.22615804,0.60486995,0.61524047,0.63481829,0.56921790,0.61547837,0.56724422,0.31250000,0.59348681,0.58214625,0.42026507,0.58858058,0.37111265,0.41373626,0.28661088,0.63134658,0.57394366,0.60483384,0.36570561,0.43105756,0.34426230,0.37256809,0.30022321,0.59856631,0.58106236,0.40072860,0.61169882,0.41983122,0.35981063,0.43529412,0.61182994,0.58640984,0.40942472,0.56906967,0.41192266,0.40428641,0.39797549,0.41570541,0.38827098
0.26562500,0.16233766,0.21568627,0.27070707,0.18205805,0.20175439,0.42331288,0.15000000,0.31944444,0.41196013,0.28957529,0.42026507,0.37685460,0.37111265,0.41373626,0.28661088,0.32114286,0.57394366,0.60483384,0.36570561,0.43105756,0.60229133,0.37256809,0.44571429,0.39387755,0.32967033,0.40072860,0.61169882,0.41983122,0.57272727,0.43529412,0.53003534,0.34492754,0.57772021,0.56906967,0.41192266,0.40428641,0.50216450,0.41570541,0.38827098
0.40070922,0.22615804,0.24340176,0.30708661,0.18205805,0.27777778,0.37598425,0.21610169,0.31250000,0.35211268,0.34237288,0.42026507,0.25641026,0.35195531,0.41373626,0.30564784,0.28348214,0.29257642,0.49600000,0.36570561,0.43105756,0.60229133,0.37256809,0.44571429,0.28205128,0.27272727,0.40072860,0.36616702,0.41983122,0.35981063,0.43529412,0.24301075,0.47222222,0.40942472,0.56906967,0.41192266,0.40428641,0.39797549,0.41570541,0.38827098
0.30578512,0.16233766,0.24340176,0.38876890,0.18205805,0.56921790,0.30487805,0.56724422,0.35135135,0.33079848,0.28957529,0.42026507,0.37685460,0.71404110,0.41373626,0.28661088,0.32114286,0.57394366,0.60483384,0.36570561,0.43105756,0.60229133,0.37256809,0.32492114,0.39387755,0.58106236,0.40072860,0.42682927,0.41983122,0.35981063,0.43529412,0.61182994,0.27898551,0.40942472,0.56906967,0.41192266,0.40428641,0.39797549,0.48837209,0.71947195
0.40070922,0.40447154,0.36599424,0.27070707,0.18205805,0.27777778,0.30487805,0.56724422,0.37850467,0.35211268,0.43750000,0.42026507,0.18518519,0.35195531,0.41373626,0.23364486,0.63134658,0.29257642,0.32033898,0.36570561,0.43105756,0.35516605,0.37256809,0.32492114,0.49328859,0.17391304,0.40072860,0.17567568,0.41983122,0.35981063,0.43529412,0.20454545,0.58640984,0.40942472,0.56906967,0.41192266,0.40428641,0.39797549,0.71484375,0.71947195
0.30578512,0.54732510,0.36599424,0.27070707,0.36511156,0.56921790,0.37598425,0.56724422,0.57975904,0.35211268,0.28957529,0.42026507,0.37685460,0.50107991,0.41373626,0.28661088,0.28348214,0.57394366,0.32033898,0.36570561,0.43105756,0.47152620,0.37256809,0.29629630,0.49328859,0.58106236,0.40072860,0.42682927,0.41983122,0.35981063,0.43529412,0.40831296,0.34492754,0.40942472,0.56906967,0.41192266,0.40428641,0.50216450,0.41570541,0.63250883
0.27702703,0.16233766,0.24340176,0.27070707,0.36511156,0.22813688,0.37598425,0.21610169,0.57975904,0.35211268,0.19708029,0.42026507,0.33333333,0.37111265,0.41373626,0.23364486,0.28348214,0.57394366,0.32033898,0.36570561,0.43105756,0.60229133,0.37256809,0.32492114,0.28205128,0.27272727,0.40072860,0.36616702,0.41983122,0.35981063,0.43529412,0.24301075,0.21276596,0.40942472,0.56906967,0.55952381,0.40428641,0.37878788,0.71484375,0.71947195
0.27702703,0.16233766,0.36599424,0.38876890,0.36511156,0.56921790,0.42331288,0.21610169,0.57975904,0.35211268,0.58214625,0.42026507,0.37685460,0.37111265,0.41373626,0.28661088,0.28348214,0.57394366,0.23312883,0.36570561,0.43105756,0.35516605,0.37256809,0.30022321,0.39387755,0.32967033,0.40072860,0.27205882,0.41983122,0.35981063,0.43529412,0.40831296,0.58640984,0.40942472,0.56906967,0.41192266,0.40428641,0.39797549,0.48837209,0.71947195
0.60943500,0.16233766,0.24340176,0.61524047,0.18205805,0.56921790,0.30487805,0.56724422,0.57975904,0.33079848,0.58214625,0.42026507,0.25641026,0.37111265,0.41373626,0.28661088,0.32114286,0.26470588,0.60483384,0.36570561,0.43105756,0.47152620,0.37256809,0.30022321,0.59856631,0.32967033,0.40072860,0.42682927,0.41983122,0.35981063,0.43529412,0.20454545,0.58640984,0.40942472,0.56906967,0.41192266,0.40428641,0.39797549,0.41570541,0.38827098
0.30578512,0.16233766,0.60486995,0.38876890,0.63481829,0.56921790,0.42331288,0.15000000,0.28571429,0.41196013,0.23913043,0.42026507,0.58858058,0.37111265,0.41373626,0.28661088,0.32114286,0.57394366,0.32033898,0.36570561,0.43105756,0.35516605,0.37256809,0.30022321,0.59856631,0.58106236,0.40072860,0.61169882,0.41983122,0.35981063,0.43529412,0.61182994,0.21276596,0.40942472,0.56906967,0.41192266,0.40428641,0.39797549,0.41570541,0.38827098
0.30578512,0.16233766,0.24340176,0.27070707,0.39333333,0.25000000,0.37598425,0.56724422,0.31944444,0.41196013,0.19708029,0.42026507,0.33333333,0.37111265,0.41373626,0.28661088,0.28348214,0.29257642,0.49600000,0.36570561,0.43105756,0.35516605,0.37256809,0.44571429,0.39387755,0.32967033,0.40072860,0.36616702,0.41983122,0.35981063,0.43529412,0.24301075,0.58640984,0.40942472,0.56906967,0.41192266,0.40428641,0.39797549,0.48837209,0.71947195
0.27702703,0.22615804,0.24340176,0.27070707,0.18205805,0.22813688,0.30487805,0.15000000,0.35135135,0.35211268,0.23913043,0.42026507,0.25641026,0.37111265,0.41373626,0.30564784,0.28348214,0.57394366,0.32033898,0.36570561,0.43105756,0.34426230,0.37256809,0.32492114,0.39387755,0.25742574,0.40072860,0.27205882,0.41983122,0.74430380,0.43529412,0.61182994,0.21276596,0.63903282,0.56906967,0.41192266,0.40428641,0.37878788,0.71484375,0.71947195
0.60943500,0.22615804,0.49411765,0.27070707,0.18205805,0.56921790,0.22093023,0.56724422,0.37850467,0.33079848,0.58214625,0.42026507,0.58858058,0.77210884,0.41373626,0.57398374,0.28348214,0.57394366,0.32033898,0.36570561,0.43105756,0.35516605,0.37256809,0.30022321,0.59856631,0.58106236,0.40072860,0.61169882,0.41983122,0.35981063,0.43529412,0.61182994,0.58640984,0.40942472,0.56906967,0.41192266,0.40428641,0.39797549,0.41570541,0.63250883
0.26562500,0.22615804,0.21568627,0.27070707,0.63481829,0.56921790,0.61547837,0.56724422,0.57975904,0.59348681,0.19708029,0.42026507,0.25641026,0.37111265,0.41373626,0.28661088,0.32114286,0.57394366,0.60483384,0.36570561,0.43105756,0.34426230,0.37256809,0.30022321,0.49328859,0.58106236,0.40072860,0.36616702,0.41983122,0.35981063,0.43529412,0.24301075,0.11764706,0.40942472,0.56906967,0.41192266,0.40428641,0.50216450,0.41570541,0.63250883
0.27702703,0.22615804,0.24340176,0.27070707,0.18205805,0.20175439,0.30487805,0.19718310,0.23076923,0.35211268,0.23913043,0.42026507,0.25641026,0.37111265,0.41373626,0.30564784,0.32114286,0.29257642,0.23312883,0.36570561,0.43105756,0.47152620,0.37256809,0.44571429,0.28205128,0.27272727,0.40072860,0.36616702,0.41983122,0.35981063,0.43529412,0.24301075,0.27898551,0.40942472,0.56906967,0.41192266,0.40428641,0.37878788,0.71484375,0.71947195
0.27702703,0.16233766,0.24340176,0.27070707,0.30909091,0.20175439,0.30487805,0.19718310,0.57975904,0.33079848,0.19708029,0.42026507,0.18518519,0.37111265,0.41373626,0.30564784,0.28348214,0.20238095,0.32033898,0.36570561,0.43105756,0.60229133,0.37256809,0.44571429,0.39387755,0.25742574,0.40072860,0.27205882,0.41983122,0.35981063,0.43529412,0.24301075,0.27898551,0.40942472,0.56906967,0.41192266,0.40428641,0.39797549,0.41570541,0.63250883
0.40070922,0.22615804,0.36599424,0.27070707,0.63481829,0.22813688,0.37598425,0.56724422,0.31250000,0.33079848,0.34237288,0.42026507,0.18518519,0.37111265,0.41373626,0.23364486,0.28348214,0.57394366,0.46597938,0.36570561,0.43105756,0.35516605,0.37256809,0.30022321,0.39387755,0.17391304,0.40072860,0.27205882,0.41983122,0.35981063,0.43529412,0.40831296,0.58640984,0.40942472,0.56906967,0.41192266,0.40428641,0.39797549,0.71484375,0.71947195
0.40070922,0.40447154,0.36599424,0.30708661,0.18205805,0.20175439,0.22093023,0.19718310,0.23076923,0.33079848,0.19708029,0.42026507,0.25641026,0.50107991,0.41373626,0.30564784,0.26612903,0.20238095,0.46597938,0.36570561,0.43105756,0.35516605,0.37256809,0.30022321,0.59856631,0.27272727,0.40072860,0.36616702,0.41983122,0.35981063,0.43529412,0.24301075,0.27898551,0.40942472,0.56906967,0.41192266,0.40428641,0.39797549,0.41570541,0.63250883
0.30578512,0.16233766,0.24340176,0.30708661,0.18205805,0.20175439,0.30487805,0.21568627,0.57975904,0.33079848,0.19708029,0.42026507,0.25641026,0.37111265,0.41373626,0.30564784,0.28348214,0.57394366,0.32033898,0.36570561,0.43105756,0.47152620,0.37256809,0.44571429,0.24347826,0.25742574,0.40072860,0.27205882,0.41983122,0.74430380,0.43529412,0.20454545,0.34492754,0.40942472,0.56906967,0.55952381,0.40428641,0.39797549,0.71484375,0.71947195
0.26562500,0.16233766,0.24340176,0.27070707,0.18205805,0.22813688,0.30487805,0.21610169,0.23076923,0.33079848,0.19708029,0.42026507,0.33333333,0.37111265,0.41373626,0.23364486,0.28348214,0.26470588,0.32033898,0.36570561,0.43105756,0.47152620,0.37256809,0.44571429,0.39387755,0.33447099,0.40072860,0.51098901,0.41983122,0.74430380,0.43529412,0.61182994,0.27898551,0.63903282,0.56906967,0.41192266,0.40428641,0.39797549,0.48837209,0.63250883
0.27702703,0.54732510,0.49411765,0.27070707,0.63481829,0.56921790,0.37598425,0.21610169,0.35135135,0.41196013,0.23913043,0.42026507,0.18518519,0.37111265,0.41373626,0.28661088,0.63134658,0.57394366,0.23312883,0.36570561,0.43105756,0.35516605,0.37256809,0.30022321,0.28205128,0.27272727,0.40072860,0.27205882,0.41983122,0.35981063,0.43529412,0.61182994,0.21276596,0.40942472,0.56906967,0.41192266,0.40428641,0.50216450,0.41570541,0.63250883
0.60943500,0.22615804,0.24340176,0.27070707,0.36511156,0.20175439,0.30487805,0.19718310,0.57975904,0.33079848,0.28957529,0.42026507,0.25641026,0.37111265,0.41373626,0.57398374,0.28348214,0.29257642,0.46597938,0.36570561,0.43105756,0.60229133,0.37256809,0.44571429,0.28205128,0.27272727,0.40072860,0.36616702,0.41983122,0.74430380,0.43529412,0.20454545,0.27898551,0.40942472,0.56906967,0.41192266,0.40428641,0.35000000,0.41570541,0.63250883
0.30578512,0.22615804,0.36599424,0.27070707,0.36511156,0.22813688,0.37598425,0.21610169,0.57975904,0.35211268,0.34237288,0.42026507,0.37685460,0.35195531,0.41373626,0.23364486,0.28348214,0.37931034,0.32033898,0.36570561,0.43105756,0.47152620,0.37256809,0.44571429,0.59856631,0.33447099,0.40072860,0.36616702,0.41983122,0.57272727,0.43529412,0.61182994,0.27898551,0.40942472,0.56906967,0.55952381,0.40428641,0.37878788,0.48837209,0.38827098
0.27702703,0.40447154,0.21568627,0.27070707,0.36511156,0.22813688,0.42331288,0.56724422,0.37850467,0.33079848,0.43750000,0.42026507,0.25641026,0.37111265,0.41373626,0.28661088,0.28348214,0.57394366,0.49600000,0.36570561,0.43105756,0.35516605,0.37256809,0.32492114,0.28205128,0.27272727,0.40072860,0.27205882,0.41983122,0.35981063,0.43529412,0.40831296,0.47122302,0.63903282,0.56906967,0.41192266,0.40428641,0.37878788,0.71484375,0.81382979
0.60943500,0.65112665,0.24340176,0.38876890,0.63481829,0.56921790,0.61547837,0.15000000,0.31944444,0.59348681,0.28957529,0.42026507,0.33333333,0.37111265,0.41373626,0.28661088,0.63134658,0.57394366,0.32033898,0.36570561,0.43105756,0.35516605,0.37256809,0.30022321,0.24347826,0.27272727,0.40072860,0.36616702,0.41983122,0.35981063,0.43529412,0.24301075,0.27898551,0.40942472,0.56906967,0.41192266,0.78318584,0.39797549,0.41570541,0.38827098
0.27702703,0.22615804,0.36599424,0.38876890,0.30909091,0.20175439,0.30487805,0.56724422,0.23076923,0.33079848,0.28957529,0.42026507,0.54054054,0.37111265,0.41373626,0.28661088,0.32114286,0.26470588,0.60483384,0.36570561,0.43105756,0.47152620,0.56164384,0.29629630,0.59856631,0.58106236,0.40072860,0.61169882,0.41983122,0.35981063,0.43529412,0.40831296,0.34492754,0.40942472,0.56906967,0.41192266,0.40428641,0.39797549,0.41570541,0.63250883
0.26562500,0.65112665,0.21568627,0.61524047,0.36511156,0.56921790,0.42331288,0.21610169,0.23076923,0.35211268,0.19708029,0.42026507,0.33333333,0.37111265,0.41373626,0.28661088,0.63134658,0.57394366,0.60483384,0.36570561,0.43105756,0.60229133,0.37256809,0.32492114,0.39387755,0.32967033,0.40072860,0.42682927,0.41983122,0.85840708,0.43529412,0.61182994,0.58640984,0.40942472,0.56906967,0.41192266,0.51162791,0.39797549,0.41570541,0.63250883
0.27702703,0.22615804,0.24340176,0.27070707,0.36511156,0.22813688,0.42331288,0.21610169,0.57975904,0.35211268,0.28957529,0.42026507,0.37685460,0.37111265,0.41373626,0.72955975,0.63134658,0.57394366,0.23312883,0.36570561,0.43105756,0.35516605,0.37256809,0.44571429,0.49328859,0.58106236,0.40072860,0.42682927,0.41983122,0.35981063,0.43529412,0.40831296,0.47122302,0.40942472,0.56906967,0.41192266,0.40428641,0.39797549,0.41570541,0.63250883
0.26562500,0.09090909,0.24340176,0.50199203,0.36511156,0.20175439,0.37598425,0.56724422,0.31250000,0.41196013,0.19708029,0.42026507,0.33333333,0.35195531,0.41373626,0.28661088,0.28348214,0.29257642,0.32033898,0.36570561,0.43105756,0.60229133,0.37256809,0.80259740,0.49328859,0.33447099,0.40072860,0.36616702,0.41983122,0.85840708,0.43529412,0.61182994,0.27898551,0.40942472,0.56906967,0.41192266,0.40428641,0.39797549,0.41570541,0.56934307
0.27702703,0.16233766,0.24340176,0.30708661,0.30909091,0.20175439,0.22093023,0.56724422,0.57975904,0.59348681,0.58214625,0.42026507,0.58858058,0.81632653,0.41373626,0.72955975,0.32114286,0.57394366,0.32033898,0.36570561,0.43105756,0.35516605,0.37256809,0.30022321,0.59856631,0.58106236,0.40072860,0.51098901,0.41983122,0.35981063,0.43529412,0.61182994,0.58640984,0.40942472,0.56906967,0.41192266,0.40428641,0.39797549,0.41570541,0.56934307
0.30578512,0.16233766,0.21568627,0.66666667,0.30909091,0.56921790,0.37598425,0.34228188,0.31250000,0.41196013,0.28957529,0.42026507,0.18518519,0.71404110,0.41373626,0.72955975,0.28348214,0.29411765,0.46597938,0.36570561,0.68932039,0.47152620,0.37256809,0.73597811,0.24347826,0.17391304,0.40072860,0.17567568,0.41983122,0.57272727,0.43529412,0.12500000,0.34492754,0.63903282,0.56906967,0.62670300,0.63486842,0.39797549,0.41570541,0.38827098
0.30578512,0.16233766,0.24340176,0.30708661,0.30909091,0.20175439,0.37598425,0.19718310,0.57975904,0.35211268,0.19708029,0.42026507,0.25641026,0.37111265,0.54437870,0.30564784,0.26612903,0.20238095,0.32033898,0.36570561,0.68932039,0.25974026,0.37256809,0.73597811,0.24347826,0.25742574,0.40072860,0.27205882,0.41983122,0.35981063,0.43529412,0.12500000,0.21276596,0.40942472,0.56906967,0.62670300,0.40428641,0.39797549,0.41570541,0.38827098
0.27702703,0.16233766,0.21568627,0.30708661,0.18205805,0.20175439,0.42331288,0.56724422,0.37850467,0.59348681,0.28957529,0.42026507,0.25641026,0.37111265,0.41373626,0.28661088,0.32114286,0.26470588,0.32033898,0.36570561,0.68932039,0.47152620,0.37256809,0.44571429,0.28205128,0.25742574,0.40072860,0.27205882,0.41983122,0.57272727,0.43529412,0.24301075,0.34492754,0.40942472,0.56906967,0.58682635,0.40428641,0.39797549,0.41570541,0.38827098
0.27702703,0.16233766,0.36599424,0.30708661,0.30909091,0.56921790,0.30487805,0.15000000,0.31944444,0.35211268,0.19708029,0.42026507,0.37685460,0.37111265,0.41373626,0.57398374,0.32114286,0.57394366,0.60483384,0.36570561,0.54411765,0.35516605,0.37256809,0.44571429,0.48717949,0.32967033,0.40072860,0.42682927,0.41983122,0.35981063,0.43529412,0.53003534,0.11764706,0.40942472,0.56906967,0.41192266,0.63486842,0.39797549,0.41570541,0.38827098
0.30578512,0.16233766,0.36599424,0.30708661,0.18205805,0.25000000,0.37598425,0.21610169,0.31250000,0.35211268,0.28957529,0.42026507,0.33333333,0.37111265,0.41373626,0.23364486,0.28348214,0.26470588,0.60483384,0.36570561,0.54411765,0.35516605,0.37256809,0.44571429,0.09523810,0.27272727,0.40072860,0.42682927,0.41983122,0.35981063,0.43529412,0.24301075,0.27898551,0.63903282,0.56906967,0.58682635,0.63486842,0.39797549,0.41570541,0.38827098
0.27702703,0.22615804,0.24340176,0.27070707,0.18205805,0.27777778,0.37598425,0.34228188,0.31250000,0.41196013,0.28957529,0.42026507,0.33333333,0.37111265,0.69435216,0.23364486,0.63134658,0.29257642,0.23312883,0.36570561,0.43105756,0.25974026,0.37256809,0.44571429,0.39387755,0.27272727,0.40072860,0.42682927,0.41983122,0.35981063,0.43529412,0.24301075,0.34492754,0.57772021,0.56906967,0.41192266,0.40428641,0.39797549,0.41570541,0.38827098
0.27702703,0.16233766,0.24340176,0.30708661,0.30909091,0.25000000,0.37598425,0.19718310,0.37850467,0.27777778,0.28957529,0.42026507,0.33333333,0.37111265,0.41373626,0.57398374,0.28348214,0.57394366,0.60483384,0.36570561,0.67123288,0.34426230,0.37256809,0.73597811,0.24347826,0.30434783,0.40072860,0.61169882,0.41983122,0.35981063,0.43529412,0.61182994,0.21276596,0.40942472,0.56906967,0.58682635,0.54708520,0.39797549,0.41570541,0.38827098
0.27702703,0.16233766,0.21568627,0.30708661,0.30909091,0.20175439,0.30487805,0.15000000,0.31944444,0.41196013,0.19708029,0.42026507,0.33333333,0.71404110,0.41373626,0.72955975,0.32114286,0.57394366,0.60483384,0.36570561,0.43105756,0.34426230,0.37256809,0.44571429,0.24347826,0.27272727,0.40072860,0.36616702,0.41983122,0.35981063,0.43529412,0.61182994,0.21276596,0.63903282,0.56906967,0.58682635,0.40428641,0.50216450,0.41570541,0.38827098
0.40070922,0.22615804,0.36599424,0.30708661,0.18205805,0.20175439,0.37598425,0.21568627,0.31250000,0.35211268,0.28957529,0.42026507,0.33333333,0.35195531,0.54437870,0.30564784,0.32114286,0.26470588,0.60483384,0.36570561,0.50000000,0.35516605,0.37256809,0.32492114,0.39387755,0.33447099,0.40072860,0.42682927,0.41983122,0.35981063,0.43529412,0.40831296,0.34492754,0.40942472,0.56906967,0.36111111,0.40428641,0.39797549,0.41570541,0.38827098
0.30578512,0.16233766,0.24340176,0.30708661,0.18205805,0.20175439,0.61547837,0.19718310,0.31250000,0.59348681,0.28957529,0.42026507,0.33333333,0.37111265,0.41373626,0.28661088,0.28348214,0.26470588,0.60483384,0.36570561,0.54411765,0.47152620,0.37256809,0.44571429,0.49328859,0.27272727,0.40072860,0.36616702,0.41983122,0.25000000,0.43529412,0.61182994,0.27898551,0.40942472,0.56906967,0.58682635,0.40428641,0.39797549,0.41570541,0.38827098
0.27702703,0.22615804,0.24340176,0.30708661,0.30909091,0.22813688,0.30487805,0.19718310,0.57975904,0.35211268,0.19708029,0.42026507,0.33333333,0.37111265,0.41373626,0.30564784,0.32114286,0.57394366,0.32033898,0.36570561,0.43105756,0.35516605,0.37256809,0.44571429,0.24347826,0.27272727,0.40072860,0.42682927,0.41983122,0.35981063,0.43529412,0.61182994,0.21276596,0.40942472,0.56906967,0.41192266,0.63486842,0.37878788,0.41570541,0.38827098
0.30578512,0.16233766,0.24340176,0.30708661,0.18205805,0.25000000,0.37598425,0.34228188,0.31250000,0.35211268,0.34237288,0.42026507,0.25641026,0.50107991,0.47826087,0.57398374,0.26612903,0.20238095,0.32033898,0.36570561,0.43105756,0.47152620,0.37256809,0.44571429,0.24347826,0.25742574,0.40072860,0.27205882,0.41983122,0.35981063,0.43529412,0.20454545,0.27898551,0.63903282,0.56906967,0.58682635,0.54708520,0.37878788,0.41570541,0.38827098
0.30578512,0.16233766,0.24340176,0.30708661,0.30909091,0.20175439,0.37598425,0.15000000,0.31944444,0.35211268,0.19708029,0.42026507,0.33333333,0.37111265,0.41373626,0.30564784,0.28348214,0.26470588,0.60483384,0.36570561,0.43105756,0.47152620,0.37256809,0.44571429,0.28205128,0.58106236,0.82300885,0.42682927,0.41983122,0.35981063,0.43529412,0.53003534,0.11764706,0.63903282,0.56906967,0.41192266,0.40428641,0.50216450,0.41570541,0.38827098
0.30578512,0.22615804,0.24340176,0.30708661,0.18205805,0.56921790,0.37598425,0.19718310,0.31250000,0.35211268,0.19708029,0.42026507,0.54054054,0.50107991,0.69435216,0.23364486,0.63134658,0.33103448,0.23312883,0.36570561,0.43105756,0.47152620,0.37256809,0.44571429,0.28205128,0.32967033,0.40072860,0.51098901,0.41983122,0.35981063,0.43529412,0.40831296,0.21276596,0.40942472,0.56906967,0.41192266,0.63486842,0.39797549,0.41570541,0.38827098
0.27702703,0.22615804,0.36599424,0.27070707,0.18205805,0.22813688,0.37598425,0.56724422,0.37850467,0.35211268,0.43902439,0.42026507,0.33333333,0.50107991,0.54437870,0.30564784,0.63134658,0.26470588,0.32033898,0.36570561,0.43105756,0.34426230,0.37256809,0.44571429,0.49328859,0.25742574,0.40072860,0.36616702,0.41983122,0.35981063,0.43529412,0.20454545,0.47122302,0.63903282,0.56906967,0.41192266,0.40428641,0.35000000,0.41570541,0.38827098
0.27702703,0.22615804,0.24340176,0.27070707,0.18205805,0.27777778,0.37598425,0.19718310,0.31944444,0.33079848,0.34237288,0.42026507,0.37685460,0.37111265,0.41373626,0.28661088,0.26612903,0.57394366,0.60483384,0.36570561,0.43105756,0.47152620,0.37256809,0.32492114,0.49328859,0.58106236,0.40072860,0.61169882,0.41983122,0.35981063,0.43529412,0.53003534,0.34492754,0.40942472,0.56906967,0.41192266,0.63486842,0.39797549,0.41570541,0.38827098
0.27702703,0.22615804,0.21568627,0.30708661,0.63481829,0.56921790,0.42331288,0.15000000,0.31944444,0.33079848,0.19708029,0.42026507,0.54054054,0.37111265,0.41373626,0.28661088,0.32114286,0.57394366,0.46597938,0.36570561,0.43105756,0.60229133,0.37256809,0.73597811,0.59856631,0.58106236,0.40072860,0.61169882,0.41983122,0.35981063,0.43529412,0.53003534,0.21276596,0.40942472,0.56906967,0.41192266,0.40428641,0.39797549,0.41570541,0.63250883
0.26562500,0.22615804,0.36599424,0.38876890,0.36511156,0.20175439,0.22093023,0.19718310,0.37850467,0.59348681,0.34237288,0.42026507,0.25641026,0.37111265,0.41373626,0.28661088,0.63134658,0.29257642,0.32033898,0.36570561,0.43105756,0.60229133,0.37256809,0.44571429,0.49328859,0.58106236,0.40072860,0.36616702,0.41983122,0.35981063,0.43529412,0.40831296,0.21276596,0.40942472,0.56906967,0.41192266,0.63486842,0.39797549,0.41570541,0.56934307
0.27702703,0.22615804,0.24340176,0.27070707,0.18205805,0.22813688,0.42331288,0.34228188,0.31250000,0.41196013,0.58214625,0.42026507,0.25641026,0.37111265,0.41373626,0.28661088,0.28348214,0.26470588,0.60483384,0.36570561,0.43105756,0.35516605,0.37256809,0.32492114,0.28205128,0.33447099,0.40072860,0.36616702,0.41983122,0.35981063,0.43529412,0.40831296,0.27898551,0.40942472,0.56906967,0.41192266,0.63486842,0.39797549,0.71484375,0.81382979
0.27702703,0.22615804,0.24340176,0.27070707,0.63481829,0.56921790,0.61547837,0.56724422,0.31944444,0.35211268,0.34237288,0.42026507,0.33333333,0.37111265,0.41373626,0.30564784,0.28348214,0.57394366,0.49600000,0.36570561,0.43105756,0.35516605,0.37256809,0.30022321,0.59856631,0.58106236,0.40072860,0.61169882,0.41983122,0.35981063,0.43529412,0.53003534,0.58640984,0.57772021,0.56906967,0.41192266,0.63486842,0.39797549,0.41570541,0.38827098
0.60943500,0.54732510,0.24340176,0.27070707,0.18205805,0.20175439,0.30487805,0.56724422,0.57975904,0.33079848,0.28957529,0.42026507,0.33333333,0.71404110,0.41373626,0.28661088,0.32114286,0.57394366,0.60483384,0.36570561,0.43105756,0.35516605,0.37256809,0.44571429,0.49328859,0.58106236,0.40072860,0.61169882,0.41983122,0.35981063,0.43529412,0.40831296,0.58640984,0.51006711,0.56906967,0.41192266,0.40428641,0.39797549,0.41570541,0.63250883
0.60943500,0.65112665,0.36599424,0.27070707,0.18205805,0.56921790,0.30487805,0.56724422,0.37850467,0.35211268,0.28957529,0.42026507,0.58858058,0.77210884,0.41373626,0.77593361,0.32114286,0.57394366,0.60483384,0.36570561,0.43105756,0.35516605,0.37256809,0.30022321,0.49328859,0.58106236,0.40072860,0.61169882,0.41983122,0.35981063,0.43529412,0.61182994,0.34492754,0.40942472,0.56906967,0.41192266,0.40428641,0.39797549,0.41570541,0.38827098
0.60943500,0.64705882,0.49411765,0.27070707,0.36511156,0.20175439,0.37598425,0.19718310,0.57975904,0.33079848,0.28957529,0.42026507,0.33333333,0.77210884,0.41373626,0.30564784,0.28348214,0.26470588,0.32033898,0.36570561,0.43105756,0.35516605,0.37256809,0.32492114,0.39387755,0.32967033,0.40072860,0.36616702,0.41983122,0.35981063,0.43529412,0.24301075,0.27898551,0.40942472,0.56906967,0.41192266,0.40428641,0.39797549,0.48837209,0.38827098
0.60943500,0.65112665,0.60486995,0.30708661,0.36511156,0.20175439,0.37598425,0.56724422,0.37850467,0.41196013,0.43750000,0.42026507,0.58858058,0.50107991,0.41373626,0.28661088,0.32114286,0.57394366,0.60483384,0.36570561,0.43105756,0.35516605,0.37256809,0.29629630,0.59856631,0.58106236,0.40072860,0.61169882,0.41983122,0.35981063,0.43529412,0.40831296,0.58640984,0.57772021,0.56906967,0.36111111,0.40428641,0.39797549,0.41570541,0.38827098
0.60943500,0.65112665,0.51190476,0.27070707,0.36511156,0.22813688,0.30487805,0.34228188,0.31250000,0.33079848,0.34237288,0.42026507,0.37685460,0.37111265,0.54437870,0.30564784,0.32114286,0.57394366,0.32033898,0.36570561,0.43105756,0.35516605,0.37256809,0.29629630,0.49328859,0.58106236,0.40072860,0.61169882,0.41983122,0.35981063,0.43529412,0.53003534,0.27898551,0.40942472,0.56906967,0.41192266,0.40428641,0.39797549,0.48837209,0.71947195
0.30578512,0.65112665,0.49411765,0.27070707,0.63481829,0.56921790,0.61547837,0.56724422,0.23076923,0.35211268,0.34237288,0.42026507,0.37685460,0.37111265,0.41373626,0.23364486,0.32114286,0.57394366,0.23312883,0.36570561,0.43105756,0.35516605,0.37256809,0.32492114,0.59856631,0.58106236,0.31250000,0.36616702,0.41983122,0.35981063,0.43529412,0.53003534,0.58640984,0.40942472,0.56906967,0.41192266,0.63486842,0.39797549,0.41570541,0.38827098
0.60943500,0.16233766,0.24340176,0.30708661,0.36511156,0.56921790,0.61547837,0.56724422,0.28571429,0.59348681,0.58214625,0.42026507,0.58858058,0.37111265,0.41373626,0.28661088,0.32114286,0.57394366,0.32033898,0.36570561,0.43105756,0.35516605,0.37256809,0.32492114,0.59856631,0.58106236,0.40072860,0.61169882,0.41983122,0.35981063,0.43529412,0.61182994,0.58640984,0.40942472,0.56906967,0.41192266,0.40428641,0.39797549,1.00000000,1.00000000
0.60943500,0.40447154,0.60486995,0.30708661,0.63481829,0.56921790,0.61547837,0.56724422,0.57975904,0.35211268,0.58214625,0.42026507,0.33333333,0.37111265,0.41373626,0.30564784,0.73578595,0.57394366,0.32033898,0.36570561,0.43105756,0.35516605,0.37256809,0.30022321,0.28205128,0.33447099,0.40072860,0.36616702,0.41983122,0.35981063,0.43529412,0.40831296,0.58640984,0.40942472,0.56906967,0.41192266,0.63486842,0.64619883,0.41570541,0.38827098
0.27702703,0.16233766,0.24340176,0.30708661,0.30909091,0.56921790,0.30487805,0.21610169,0.23076923,0.35211268,0.23913043,0.42026507,0.25641026,0.35195531,0.41373626,0.30564784,0.28348214,0.20238095,0.60483384,0.36570561,0.43105756,0.35516605,0.37256809,0.30022321,0.28205128,0.17391304,0.40072860,0.27205882,0.41983122,0.35981063,0.43529412,0.12500000,0.21276596,0.63903282,0.56906967,0.41192266,0.78318584,0.39797549,0.41570541,0.38827098
0.27702703,0.22615804,0.21568627,0.50199203,0.36511156,0.22813688,0.37598425,0.21610169,0.57975904,0.33079848,0.19708029,0.42026507,0.18518519,0.71404110,0.41373626,0.72955975,0.63134658,0.57394366,0.23312883,0.70403587,0.43105756,0.35516605,0.37256809,0.30022321,0.24347826,0.27272727,0.70000000,0.36616702,0.41983122,0.40350877,0.43529412,0.61182994,0.21276596,0.40942472,0.56906967,0.41192266,0.40428641,0.39797549,0.34782609,0.56934307
0.30578512,0.40447154,0.51190476,0.27070707,0.18205805,0.28571429,0.37598425,0.56724422,0.42857143,0.35211268,0.34237288,0.42026507,0.37685460,0.37111265,0.41373626,0.30564784,0.32114286,0.57394366,0.60483384,0.36570561,0.43105756,0.35516605,0.37256809,0.32492114,0.59856631,0.32967033,0.82300885,0.27205882,0.41983122,0.35981063,0.43529412,0.53003534,0.58640984,0.77173913,0.56906967,0.62670300,0.54708520,0.37878788,0.41570541,0.38827098
0.27702703,0.22615804,0.24340176,0.30708661,0.18205805,0.22813688,0.37598425,0.19718310,0.57975904,0.59348681,0.19708029,0.70588235,0.25641026,0.37111265,0.54437870,0.28661088,0.73578595,0.20238095,0.23312883,0.36570561,0.43105756,0.35516605,0.37256809,0.30022321,0.24347826,0.25742574,0.90140845,0.27205882,0.41983122,0.35981063,0.43529412,0.20454545,0.27898551,0.40942472,0.56906967,0.41192266,0.63486842,0.37878788,0.41570541,0.38827098
0.60943500,0.65112665,0.51190476,0.61524047,0.63481829,0.56921790,0.37598425,0.56724422,0.57975904,0.33079848,0.43750000,0.42026507,0.18518519,0.71404110,0.41373626,0.77593361,0.63134658,0.29257642,0.32033898,0.36570561,0.43105756,0.35516605,0.37256809,0.30022321,0.39387755,0.58106236,0.40072860,0.27205882,0.41983122,0.35981063,0.43529412,0.61182994,0.58640984,0.33333333,0.56906967,0.41192266,0.63486842,0.39797549,0.71484375,0.63250883
0.27702703,0.16233766,0.24340176,0.30708661,0.18205805,0.27777778,0.37598425,0.34228188,0.31944444,0.35211268,0.19708029,0.42026507,0.33333333,0.37111265,0.41373626,0.57398374,0.73578595,0.57394366,0.23312883,0.36570561,0.43105756,0.78527607,0.82817869,0.73597811,0.59856631,0.33447099,0.40072860,0.27205882,0.41983122,0.35981063,0.43529412,0.20454545,0.11764706,0.40942472,0.29629630,0.41192266,0.54708520,0.39797549,0.82539683,0.38827098
0.27702703,0.22615804,0.24340176,0.50199203,0.63481829,0.56921790,0.61547837,0.56724422,0.57975904,0.59348681,0.28957529,0.42026507,0.58858058,0.37111265,0.41373626,0.28661088,0.63134658,0.57394366,0.32033898,0.36570561,0.43105756,0.34426230,0.37256809,0.44571429,0.39387755,0.58106236,0.40072860,0.61169882,0.41983122,0.35981063,0.43529412,0.61182994,0.58640984,0.40942472,0.56906967,0.41192266,0.40428641,0.39797549,0.94202899,0.89583333
0.30578512,0.16233766,0.60486995,0.30708661,0.18205805,0.25000000,0.30487805,0.56724422,0.35135135,0.33079848,0.58214625,0.42026507,0.18518519,0.77210884,0.41373626,0.57398374,0.73578595,0.33103448,0.46597938,0.36570561,0.43105756,0.35516605,0.37256809,0.30022321,0.28205128,0.17391304,0.40072860,0.17567568,0.41983122,0.35981063,0.43529412,0.20454545,0.58640984,0.40942472,0.56906967,0.41192266,0.78318584,0.39797549,0.85148515,0.81382979
0.27702703,0.40447154,0.36599424,0.38876890,0.36511156,0.27777778,0.42331288,0.21610169,0.35135135,0.48387097,0.28957529,0.42026507,0.37685460,0.37111265,0.41373626,0.30564784,0.73578595,0.57394366,0.23312883,0.36570561,0.43105756,0.34426230,0.37256809,0.32492114,0.28205128,0.33447099,0.82300885,0.27205882,0.41983122,0.74430380,0.43529412,0.40831296,0.47122302,0.40942472,0.56906967,0.41192266,0.63486842,0.64619883,0.41570541,0.38827098
0.30578512,0.22615804,0.21568627,0.27070707,0.30909091,0.20175439,0.30487805,0.56724422,0.31250000,0.41196013,0.19708029,0.42026507,0.25641026,0.37111265,0.41373626,0.30564784,0.28348214,0.29411765,0.32033898,0.36570561,0.43105756,0.35516605,0.37256809,0.29629630,0.24347826,0.17391304,0.70000000,0.27205882,0.41983122,0.57272727,0.43529412,0.12500000,0.58640984,0.63903282,0.56906967,0.41192266,0.51162791,0.33333333,0.41570541,0.38827098
0.27702703,0.22615804,0.36599424,0.27070707,0.36511156,0.22813688,0.37598425,0.21610169,0.57975904,0.35211268,0.28957529,0.42026507,0.33333333,0.71404110,0.41373626,0.72955975,0.63134658,0.57394366,0.32033898,0.70403587,0.43105756,0.34426230,0.67469880,0.32492114,0.39387755,0.32967033,0.59821429,0.36616702,0.41983122,0.74430380,0.43529412,0.24301075,0.34492754,0.40942472,0.56906967,0.62670300,0.54708520,0.39797549,0.41570541,0.38827098
0.27702703,0.40447154,0.36599424,0.27070707,0.36511156,0.22813688,0.42331288,0.56724422,0.31250000,0.35211268,0.34237288,0.42026507,0.33333333,0.50107991,0.41373626,0.57398374,0.63134658,0.57394366,0.32033898,0.36570561,0.43105756,0.35516605,0.37256809,0.32492114,0.49328859,0.33447099,0.82300885,0.36616702,0.41983122,0.35981063,0.43529412,0.24301075,0.58640984,0.40942472,0.56906967,0.62670300,0.63486842,0.39797549,0.41570541,0.38827098
0.27702703,0.22615804,0.36599424,0.27070707,0.36511156,0.56921790,0.42331288,0.56724422,0.31944444,0.33079848,0.58214625,0.42026507,0.25641026,0.37111265,0.41373626,0.57398374,0.73578595,0.29257642,0.23312883,0.70403587,0.43105756,0.60229133,0.37256809,0.73597811,0.59856631,0.27272727,0.40072860,0.27205882,0.41983122,0.35981063,0.43529412,0.40831296,0.47122302,0.40942472,0.56906967,0.62670300,0.40428641,0.35000000,0.41570541,0.63250883
0.30578512,0.16233766,0.24340176,0.30708661,0.36511156,0.20175439,0.37598425,0.19718310,0.23076923,0.35211268,0.28957529,0.42026507,0.33333333,0.37111265,0.41373626,0.28661088,0.28348214,0.29257642,0.46597938,0.43181818,0.43105756,0.34426230,0.67469880,0.32492114,0.28205128,0.27272727,0.31250000,0.36616702,0.41983122,0.74430380,0.43529412,0.24301075,0.27898551,0.63903282,0.56906967,0.41192266,0.40428641,0.39797549,0.48837209,0.56934307
0.30578512,0.40447154,0.36599424,0.61524047,0.63481829,0.56921790,0.44545455,0.34228188,0.35135135,0.35211268,0.34237288,0.42026507,0.33333333,0.77210884,0.41373626,0.57398374,0.63134658,0.57394366,0.23312883,0.70403587,0.43105756,0.34426230,0.37256809,0.44571429,0.59856631,0.58106236,0.59821429,0.51098901,0.41983122,0.74430380,0.43529412,0.53003534,0.47122302,0.40942472,0.56906967,0.41192266,0.54708520,0.39797549,0.82539683,0.71947195
0.30578512,0.45945946,0.49411765,0.27070707,0.36511156,0.56921790,0.42331288,0.34228188,0.23076923,0.35211268,0.28957529,0.42026507,0.33333333,0.37111265,0.41373626,0.30564784,0.26612903,0.57394366,0.07142857,0.43181818,0.43105756,0.47152620,0.37256809,0.29629630,0.49328859,0.33447099,0.70000000,0.27205882,0.41983122,0.57272727,0.43529412,0.61182994,0.34492754,0.40942472,0.56906967,0.41192266,0.63486842,0.39797549,0.41570541,0.38827098
0.30578512,0.22615804,0.36599424,0.38876890,0.30909091,0.56921790,0.37598425,0.56724422,0.31250000,0.41196013,0.34237288,0.42026507,0.18518519,0.37111265,0.41373626,0.72955975,0.73578595,0.26470588,0.32033898,0.70403587,0.43105756,0.60229133,0.67469880,0.73597811,0.39387755,0.25742574,0.40072860,0.17567568,0.41983122,0.74430380,0.43529412,0.24301075,0.58640984,0.40942472,0.56906967,0.41192266,0.40428641,0.50216450,0.41570541,0.96428571
0.30578512,0.22615804,0.24340176,0.30708661,0.18205805,0.20175439,0.30487805,0.21568627,0.37850467,0.35211268,0.28957529,0.42026507,0.33333333,0.37111265,0.41373626,0.57398374,0.28348214,0.26470588,0.46597938,0.36570561,0.43105756,0.47152620,0.37256809,0.29629630,0.24347826,0.27272727,0.40072860,0.42682927,0.41983122,0.57272727,0.43529412,0.24301075,0.34492754,0.40942472,0.56906967,0.41192266,0.54708520,0.39797549,0.41570541,0.38827098
0.27702703,0.40447154,0.24340176,0.38876890,0.39333333,0.27777778,0.42331288,0.21610169,0.31250000,0.33079848,0.19708029,0.42026507,0.18518519,0.50107991,0.41373626,0.57398374,0.63134658,0.26470588,0.32033898,0.70403587,0.43105756,0.47152620,0.82817869,0.32492114,0.39387755,0.27272727,0.31250000,0.36616702,0.41983122,0.35981063,0.43529412,0.61182994,0.27898551,0.63903282,0.56906967,0.62670300,0.63486842,0.39797549,0.41570541,0.38827098
0.30578512,0.45945946,0.49411765,0.27070707,0.36511156,0.56921790,0.42331288,0.21568627,0.37850467,0.41196013,0.34237288,0.42026507,0.25641026,0.50107991,0.41373626,0.57398374,0.63134658,0.33103448,0.23312883,0.36570561,0.43105756,0.35516605,0.37256809,0.29629630,0.28205128,0.27272727,0.70000000,0.27205882,0.41983122,0.74430380,0.43529412,0.53003534,0.58640984,0.40942472,0.56906967,0.41192266,0.40428641,0.64619883,0.41570541,0.38827098
0.30578512,0.22615804,0.36599424,0.61524047,0.18205805,0.56921790,0.37598425,0.56724422,0.31944444,0.59348681,0.28957529,0.42026507,0.33333333,0.37111265,0.41373626,0.72955975,0.63134658,0.57394366,0.32033898,0.36570561,0.67123288,0.35516605,0.37256809,0.73597811,0.49328859,0.58106236,0.40072860,0.36616702,0.71014493,0.74430380,0.43529412,0.61182994,0.58640984,0.40942472,0.56906967,0.41192266,0.63486842,0.37878788,0.41570541,0.38827098
0.30578512,0.40447154,0.36599424,0.38876890,0.36511156,0.56921790,0.42331288,0.34228188,0.23076923,0.33079848,0.58214625,0.42026507,0.33333333,0.71404110,0.61181435,0.57398374,0.73578595,0.57394366,0.60483384,0.70403587,0.43105756,0.34426230,0.37256809,0.32492114,0.49328859,0.32967033,0.82300885,0.36616702,0.41983122,0.74430380,0.43529412,0.24301075,0.27898551,0.40942472,0.56906967,0.41192266,0.63486842,0.50216450,0.85148515,0.81382979
0.60943500,0.22615804,0.36599424,0.30708661,0.36511156,0.27777778,0.37837838,0.56724422,0.57975904,0.35211268,0.28957529,0.42026507,0.33333333,0.37111265,0.41373626,0.28661088,0.63134658,0.57394366,0.23312883,0.36570561,0.43105756,0.47152620,0.37256809,0.29629630,0.24347826,0.33447099,0.85093168,0.27205882,0.41983122,0.35981063,0.43529412,0.40831296,0.58640984,0.40942472,0.21428571,0.41192266,0.78318584,0.50216450,0.41570541,0.38827098
0.60943500,0.40447154,0.36599424,0.61524047,0.36511156,0.56921790,0.42331288,0.56724422,0.31944444,0.35211268,0.58214625,0.42026507,0.33333333,0.71404110,0.69435216,0.72955975,0.73578595,0.57394366,0.23312883,0.79120879,0.43105756,0.78527607,0.37256809,0.44571429,0.59856631,0.58106236,0.40072860,0.51098901,0.83333333,0.35981063,0.98245614,0.24301075,0.58640984,0.40942472,0.56906967,0.41192266,0.40428641,0.50216450,0.94202899,0.89583333
0.40070922,0.16233766,0.24340176,0.30708661,0.18205805,0.22813688,0.37598425,0.56724422,0.31250000,0.35211268,0.28957529,0.42026507,0.37685460,0.37111265,0.41373626,0.72955975,0.63134658,0.26470588,0.32033898,0.36570561,0.43105756,0.34426230,0.37256809,0.29629630,0.28205128,0.27272727,0.40072860,0.51098901,0.41983122,0.35981063,0.43529412,0.61182994,0.27898551,0.40942472,0.56906967,0.41192266,0.63486842,0.39797549,0.41570541,0.38827098
0.27702703,0.45945946,0.49411765,0.27070707,0.39333333,0.56921790,0.37598425,0.56724422,0.31250000,0.33079848,0.28957529,0.42026507,0.18518519,0.71404110,0.41373626,0.72955975,0.63134658,0.37931034,0.32033898,0.36570561,0.43105756,0.60229133,0.82817869,0.44571429,0.49328859,0.33447099,0.59821429,0.27205882,0.41983122,0.57272727,0.43529412,0.24301075,0.34492754,0.77173913,0.56906967,0.41192266,0.63486842,0.39797549,0.82539683,0.71947195
0.27702703,0.40447154,0.36599424,0.27070707,0.39333333,0.56921790,0.44545455,0.56724422,0.31250000,0.41196013,0.28957529,0.42026507,0.58858058,0.37111265,0.41373626,0.23364486,0.32114286,0.57394366,0.23312883,0.36570561,0.43105756,0.47152620,0.37256809,0.32492114,0.48717949,0.58106236,0.40072860,0.51098901,0.41983122,0.74430380,0.43529412,0.53003534,0.34492754,0.40942472,0.56906967,0.41192266,0.40428641,0.39797549,0.41570541,0.38827098
0.30578512,0.22615804,0.21568627,0.30708661,0.30909091,0.20175439,0.30487805,0.21568627,0.31250000,0.35211268,0.19708029,0.42026507,0.25641026,0.37111265,0.41373626,0.30564784,0.63134658,0.20238095,0.32033898,0.36570561,0.43105756,0.35516605,0.37256809,0.32492114,0.09523810,0.17391304,0.40072860,0.17567568,0.41983122,0.35981063,0.43529412,0.20454545,0.27898551,0.40942472,0.56906967,0.41192266,0.40428641,0.50216450,0.41570541,0.38827098
0.26562500,0.22615804,0.21568627,0.27070707,0.36511156,0.56921790,0.61547837,0.56724422,0.31944444,0.59348681,0.19708029,0.42026507,0.37685460,0.37111265,0.41373626,0.57398374,0.73578595,0.57394366,0.32033898,0.36570561,0.43105756,0.60229133,0.79856115,0.73597811,0.59856631,0.58106236,0.40072860,0.61169882,0.41983122,0.85840708,0.43529412,0.40831296,0.21276596,0.40942472,0.56906967,0.58682635,0.40428641,0.39797549,0.82539683,0.81382979
0.60943500,0.22615804,0.24340176,0.38876890,0.63481829,0.56921790,0.37598425,0.21610169,0.31250000,0.33079848,0.28957529,0.42026507,0.33333333,0.50107991,0.41373626,0.57398374,0.63134658,0.57394366,0.60483384,0.43181818,0.43105756,0.35516605,0.67469880,0.44571429,0.39387755,0.58106236,0.40072860,0.42682927,0.41983122,0.57272727,0.43529412,0.24301075,0.47122302,0.40942472,0.56906967,0.41192266,0.40428641,0.39797549,0.71484375,0.38827098
0.27702703,0.22615804,0.24340176,0.27070707,0.39333333,0.56921790,0.61547837,0.56724422,0.57975904,0.33079848,0.19708029,0.42026507,0.25641026,0.37111265,0.41373626,0.30564784,0.32114286,0.57394366,0.46597938,0.36570561,0.43105756,0.47152620,0.56164384,0.44571429,0.59856631,0.58106236,0.40072860,0.61169882,0.41983122,0.35981063,0.43529412,0.53003534,0.58640984,0.40942472,0.56906967,0.41192266,0.40428641,0.39797549,0.94202899,0.89583333
0.52577320,0.40447154,0.49411765,0.61524047,0.63481829,0.27777778,0.42331288,0.56724422,0.31250000,0.33079848,0.58214625,0.42026507,0.25641026,0.77210884,0.41373626,0.72955975,0.28348214,0.57394366,0.32033898,0.36570561,0.43105756,0.60229133,0.37256809,0.44571429,0.59856631,0.58106236,0.70000000,0.36616702,0.41983122,0.35981063,0.43529412,0.40831296,0.47222222,0.40942472,0.56906967,0.41192266,0.54708520,0.39797549,0.41570541,0.71947195
0.30578512,0.40447154,0.49411765,0.27070707,0.63481829,0.56921790,0.61547837,0.19718310,0.31944444,0.35211268,0.28957529,0.42026507,0.33333333,0.37111265,0.41373626,0.28661088,0.28348214,0.57394366,0.32033898,0.36570561,0.43105756,0.35516605,0.37256809,0.32492114,0.59856631,0.58106236,0.40072860,0.36616702,0.41983122,0.35981063,0.43529412,0.40831296,0.47222222,0.40942472,0.56906967,0.41192266,0.40428641,0.39797549,0.41570541,0.38827098
0.60943500,0.16233766,0.36599424,0.27070707,0.39333333,0.56921790,0.61547837,0.56724422,0.31944444,0.35211268,0.28957529,0.42026507,0.25641026,0.37111265,0.41373626,0.28661088,0.32114286,0.57394366,0.60483384,0.36570561,0.43105756,0.78527607,0.67469880,0.73597811,0.49328859,0.27272727,0.40072860,0.36616702,0.41983122,0.35981063,0.43529412,0.61182994,0.58640984,0.40942472,0.29629630,0.62670300,0.40428641,0.39797549,0.41570541,0.71947195
0.60943500,0.45945946,0.60486995,0.61524047,0.63481829,0.56921790,0.61547837,0.56724422,0.57975904,0.59348681,0.58214625,0.42026507,0.58858058,0.37111265,0.60683761,0.57398374,0.28348214,0.57394366,0.60483384,0.36570561,0.68932039,0.35516605,0.37256809,0.80259740,0.59856631,0.58106236,0.40072860,0.61169882,0.41983122,0.35981063,0.84931507,0.61182994,0.58640984,0.40942472,0.56906967,0.41192266,0.40428641,0.86407767,0.82539683,0.81382979
0.60943500,0.40447154,0.49411765,0.27070707,0.18205805,0.56921790,0.61547837,0.56724422,0.31250000,0.59348681,0.58214625,0.42026507,0.58858058,0.37111265,0.41373626,0.28661088,0.63134658,0.57394366,0.49600000,0.36570561,0.43105756,0.35516605,0.37256809,0.30022321,0.59856631,0.58106236,0.40072860,0.61169882,0.41983122,0.57272727,0.43529412,0.61182994,0.58640984,0.40942472,0.56906967,0.62670300,0.40428641,0.39797549,0.41570541,0.38827098
0.52577320,0.54732510,0.49411765,0.38876890,0.63481829,0.56921790,0.37837838,0.56724422,0.31250000,0.35211268,0.43902439,0.42026507,0.37685460,0.37111265,0.41373626,0.28661088,0.28348214,0.57394366,0.32033898,0.36570561,0.43105756,0.35516605,0.37256809,0.30022321,0.49328859,0.58106236,0.70000000,0.42682927,0.41983122,0.57272727,0.43529412,0.61182994,0.58640984,0.40942472,0.56906967,0.41192266,0.40428641,0.37878788,0.41570541,0.38827098
0.52577320,0.54732510,0.49411765,0.38876890,0.36511156,0.28571429,0.42331288,0.56724422,0.57975904,0.35211268,0.58214625,0.42026507,0.33333333,0.71404110,0.47826087,0.30564784,0.63134658,0.57394366,0.46597938,0.36570561,0.54411765,0.60229133,0.37256809,0.30022321,0.39387755,0.33447099,0.40072860,0.36616702,0.41983122,0.57272727,0.43529412,0.61182994,0.58640984,0.40942472,0.56906967,0.41192266,0.40428641,0.50216450,0.41570541,0.38827098
0.40070922,0.22615804,0.24340176,0.27070707,0.36511156,0.56921790,0.37598425,0.56724422,0.23076923,0.35211268,0.58214625,0.42026507,0.58858058,0.50107991,0.41373626,0.72955975,0.63134658,0.57394366,0.32033898,0.79120879,0.43105756,0.78527607,0.82817869,0.73597811,0.59856631,0.58106236,0.40072860,0.61169882,0.41983122,0.57272727,0.43529412,0.40831296,0.42307692,0.40942472,0.56906967,0.41192266,0.63486842,0.39797549,0.41570541,0.38827098
0.27702703,0.45945946,0.49411765,0.50199203,0.63481829,0.56921790,0.61547837,0.56724422,0.57975904,0.41196013,0.58214625,0.42026507,0.54054054,0.37111265,0.61181435,0.23364486,0.28348214,0.57394366,0.32033898,0.36570561,0.43105756,0.60229133,0.37256809,0.44571429,0.59856631,0.58106236,0.40072860,0.48484848,0.41983122,0.57272727,0.43529412,0.61182994,0.42307692,0.63903282,0.56906967,0.55952381,0.78318584,0.39797549,0.41570541,0.38827098
0.30578512,0.22615804,0.24340176,0.30708661,0.63481829,0.56921790,0.61547837,0.56724422,0.31944444,0.59348681,0.19708029,0.42026507,0.33333333,0.77210884,0.54437870,0.72955975,0.63134658,0.57394366,0.60483384,0.76923077,0.70247934,0.35516605,0.76223776,0.80259740,0.59856631,0.58106236,0.40072860,0.61169882,0.41983122,0.74430380,0.43529412,0.53003534,0.47122302,0.63903282,0.56906967,0.41192266,0.40428641,0.39797549,0.41570541,0.38827098
0.40070922,0.40447154,0.60486995,0.61524047,0.39333333,0.56921790,0.61547837,0.56724422,0.31250000,0.41196013,0.34237288,0.42026507,0.37685460,0.50107991,0.41373626,0.30564784,0.63134658,0.57394366,0.46597938,0.36570561,0.43105756,0.60229133,0.37256809,0.44571429,0.49328859,0.58106236,0.40072860,0.61169882,0.41983122,0.74430380,0.43529412,0.61182994,0.58640984,0.63903282,0.56906967,0.78325123,0.54708520,0.64619883,0.41570541,0.38827098
0.30578512,0.22615804,0.49411765,0.27070707,0.39333333,0.56921790,0.37598425,0.34228188,0.57975904,0.33079848,0.19708029,0.42026507,0.33333333,0.50107991,0.41373626,0.57398374,0.63134658,0.57394366,0.46597938,0.43181818,0.43105756,0.60229133,0.82817869,0.44571429,0.49328859,0.32967033,0.40072860,0.42682927,0.41983122,0.25000000,0.43529412,0.40831296,0.42307692,0.40942472,0.19130435,0.41192266,0.40428641,0.39797549,0.41570541,0.38827098
0.40070922,0.40447154,0.60486995,0.30708661,0.63481829,0.56921790,0.61547837,0.34228188,0.31944444,0.35211268,0.58214625,0.78294574,0.33333333,0.71404110,0.54437870,0.57398374,0.73578595,0.57394366,0.32033898,0.70403587,0.68932039,0.60229133,0.82817869,0.73597811,0.59856631,0.58106236,0.59821429,0.61169882,0.68794326,0.57272727,0.74452555,0.61182994,0.58640984,0.40942472,0.56906967,0.41192266,0.63486842,0.39797549,0.41570541,0.38827098
0.60943500,0.40447154,0.24340176,0.61524047,0.63481829,0.56921790,0.61547837,0.56724422,0.57975904,0.59348681,0.58214625,0.42026507,0.58858058,0.37111265,0.41373626,0.28661088,0.63134658,0.57394366,0.60483384,0.36570561,0.43105756,0.35516605,0.37256809,0.73597811,0.59856631,0.58106236,0.40072860,0.61169882,0.41983122,0.35981063,0.43529412,0.61182994,0.58640984,0.40942472,0.56906967,0.41192266,0.40428641,0.64619883,0.41570541,0.38827098
0.60943500,0.65112665,0.60486995,0.61524047,0.63481829,0.56921790,0.61547837,0.56724422,0.57975904,0.59348681,0.58214625,0.42026507,0.58858058,0.37111265,0.41373626,0.28661088,0.63134658,0.57394366,0.46597938,0.36570561,0.43105756,0.25974026,0.37256809,0.30022321,0.59856631,0.58106236,0.40072860,0.61169882,0.41983122,0.35981063,0.43529412,0.61182994,0.58640984,0.57772021,0.56906967,0.41192266,0.40428641,0.39797549,0.41570541,0.38827098
0.60943500,0.65112665,0.60486995,0.61524047,0.63481829,0.56921790,0.61547837,0.56724422,0.57975904,0.59348681,0.58214625,0.42026507,0.58858058,0.50107991,0.41373626,0.77593361,0.28348214,0.57394366,0.60483384,0.36570561,0.43105756,0.35516605,0.37256809,0.30022321,0.59856631,0.58106236,0.40072860,0.61169882,0.41983122,0.35981063,0.43529412,0.61182994,0.58640984,0.40942472,0.56906967,0.58682635,0.40428641,0.39797549,0.41570541,0.38827098
0.60943500,0.54732510,0.60486995,0.61524047,0.63481829,0.56921790,0.44545455,0.56724422,0.57975904,0.35211268,0.58214625,0.42026507,0.37685460,0.37111265,0.41373626,0.28661088,0.63134658,0.57394366,0.32033898,0.36570561,0.43105756,0.25974026,0.37256809,0.29629630,0.48717949,0.58106236,0.40072860,0.61169882,0.41983122,0.35981063,0.43529412,0.40831296,0.58640984,0.40942472,0.56906967,0.58682635,0.40428641,0.39797549,0.41570541,0.38827098
0.60943500,0.45945946,0.36599424,0.61524047,0.50476190,0.56921790,0.42331288,0.56724422,0.57975904,0.35211268,0.58214625,0.42026507,0.54054054,0.50107991,0.41373626,0.30564784,0.63134658,0.57394366,0.46597938,0.36570561,0.43105756,0.35516605,0.37256809,0.44571429,0.59856631,0.32967033,0.40072860,0.42682927,0.41983122,0.74430380,0.43529412,0.40831296,0.58640984,0.40942472,0.56906967,0.41192266,0.40428641,0.86407767,0.48837209,0.63250883
0.60943500,0.65112665,0.60486995,0.27070707,0.36511156,0.56921790,0.61547837,0.56724422,0.31250000,0.59348681,0.58214625,0.42026507,0.58858058,0.37111265,0.41373626,0.28661088,0.32114286,0.57394366,0.46597938,0.36570561,0.43105756,0.35516605,0.37256809,0.30022321,0.59856631,0.58106236,0.40072860,0.61169882,0.41983122,0.35981063,0.43529412,0.61182994,0.58640984,0.40942472,0.56906967,0.41192266,0.40428641,0.39797549,0.41570541,0.38827098
0.27702703,0.16233766,0.24340176,0.27070707,0.18205805,0.27777778,0.30487805,0.21610169,0.31250000,0.35211268,0.19708029,0.70588235,0.33333333,0.37111265,0.41373626,0.28661088,0.63134658,0.26470588,0.46597938,0.36570561,0.43105756,0.35516605,0.37256809,0.44571429,0.28205128,0.27272727,0.70000000,0.42682927,0.41983122,0.74430380,0.43529412,0.24301075,0.27898551,0.63903282,0.17575758,0.78325123,0.63486842,0.39797549,0.41570541,0.56934307
0.30578512,0.22615804,0.24340176,0.27070707,0.18205805,0.56921790,0.30487805,0.56724422,0.57975904,0.35211268,0.34237288,0.42026507,0.37685460,0.37111265,0.41373626,0.57398374,0.63134658,0.57394366,0.46597938,0.43181818,0.43105756,0.60229133,0.67469880,0.32492114,0.48717949,0.58106236,0.40072860,0.42682927,0.41983122,0.74430380,0.43529412,0.24301075,0.34492754,0.40942472,0.17575758,0.62670300,0.63486842,0.39797549,0.41570541,0.38827098
0.27702703,0.45945946,0.24340176,0.27070707,0.36511156,0.20175439,0.42331288,0.56724422,0.31944444,0.41196013,0.34237288,0.42026507,0.33333333,0.37111265,0.41373626,0.28661088,0.32114286,0.57394366,0.32033898,0.36570561,0.43105756,0.35516605,0.37256809,0.30022321,0.39387755,0.33447099,0.40072860,0.36616702,0.41983122,0.35981063,0.43529412,0.61182994,0.47122302,0.63903282,0.56906967,0.41192266,0.63486842,0.39797549,0.41570541,0.38827098
0.26562500,0.22615804,0.24340176,0.38876890,0.36511156,0.56921790,0.44545455,0.56724422,0.31250000,0.33079848,0.58214625,0.42026507,0.33333333,0.37111265,0.61181435,0.28661088,0.26612903,0.57394366,0.46597938,0.36570561,0.43105756,0.35516605,0.37256809,0.30022321,0.49328859,0.33447099,0.40072860,0.61169882,0.41983122,0.35981063,0.43529412,0.53003534,0.58640984,0.40942472,0.29629630,0.41192266,0.40428641,0.50216450,0.41570541,0.38827098
0.27702703,0.40447154,0.24340176,0.27070707,0.18205805,0.27777778,0.37598425,0.56724422,0.31250000,0.33079848,0.58214625,0.42026507,0.33333333,0.35195531,0.61181435,0.30564784,0.63134658,0.57394366,0.23312883,0.36570561,0.43105756,0.34426230,0.37256809,0.30022321,0.39387755,0.27272727,0.40072860,0.61169882,0.71014493,0.35981063,0.43529412,0.53003534,0.58640984,0.40942472,0.56906967,0.41192266,0.40428641,0.64619883,0.41570541,0.38827098
0.60943500,0.45945946,0.60486995,0.61524047,0.63481829,0.56921790,0.61547837,0.56724422,0.57975904,0.59348681,0.58214625,0.42026507,0.58858058,0.37111265,0.68896321,0.57398374,0.63134658,0.57394366,0.60483384,0.36570561,0.43105756,0.35516605,0.37256809,0.44571429,0.28205128,0.58106236,0.40072860,0.61169882,0.41983122,0.35981063,0.43529412,0.40831296,0.47122302,0.40942472,0.13114754,0.78325123,0.40428641,0.39797549,0.48837209,0.71947195
0.60943500,0.40447154,0.60486995,0.61524047,0.39333333,0.56921790,0.61547837,0.56724422,0.31944444,0.35211268,0.58214625,0.42026507,0.58858058,0.37111265,0.68896321,0.30564784,0.28348214,0.57394366,0.23312883,0.36570561,0.43105756,0.35516605,0.37256809,0.30022321,0.59856631,0.58106236,0.40072860,0.42682927,0.41983122,0.35981063,0.43529412,0.58252427,0.58640984,0.40942472,0.21428571,0.41192266,0.63486842,0.37878788,0.41570541,0.38827098
0.27702703,0.16233766,0.24340176,0.27070707,0.36511156,0.56921790,0.61547837,0.56724422,0.31250000,0.35211268,0.28957529,0.42026507,0.33333333,0.37111265,0.41373626,0.28661088,0.32114286,0.57394366,0.60483384,0.36570561,0.43105756,0.60229133,0.37256809,0.73597811,0.28205128,0.27272727,0.40072860,0.36616702,0.41983122,0.35981063,0.43529412,0.24301075,0.58640984,0.63903282,0.13114754,0.41192266,0.40428641,0.37878788,0.41570541,0.38827098
0.60943500,0.40447154,0.60486995,0.61524047,0.63481829,0.56921790,0.61547837,0.56724422,0.57975904,0.59348681,0.58214625,0.42026507,0.58858058,0.37111265,0.41373626,0.28661088,0.26612903,0.57394366,0.46597938,0.70403587,0.43105756,0.60229133,0.37256809,0.30022321,0.59856631,0.58106236,0.40072860,0.61169882,0.41983122,0.35981063,0.43529412,0.53003534,0.47122302,0.63903282,0.13114754,0.41192266,0.40428641,0.39797549,0.41570541,0.38827098
0.60943500,0.22615804,0.24340176,0.27070707,0.18205805,0.56921790,0.37598425,0.21610169,0.31250000,0.35211268,0.58214625,0.42026507,0.58858058,0.37111265,0.41373626,0.28661088,0.28348214,0.57394366,0.32033898,0.43181818,0.43105756,0.60229133,0.67469880,0.44571429,0.59856631,0.58106236,0.40072860,0.61169882,0.41983122,0.35981063,0.43529412,0.40831296,0.47122302,0.63903282,0.13114754,0.41192266,0.40428641,0.39797549,0.41570541,0.38827098
0.27702703,0.22615804,0.24340176,0.30708661,0.18205805,0.20175439,0.61547837,0.56724422,0.57975904,0.59348681,0.34237288,0.42026507,0.37685460,0.37111265,0.68896321,0.30564784,0.63134658,0.57394366,0.46597938,0.70403587,0.43105756,0.47152620,0.67469880,0.73597811,0.28205128,0.58106236,0.31250000,0.36616702,0.41983122,0.35981063,0.43529412,0.24301075,0.27898551,0.63903282,0.56906967,0.62670300,0.63486842,0.39797549,0.41570541,0.38827098
0.27702703,0.40447154,0.24340176,0.27070707,0.36511156,0.56921790,0.44545455,0.56724422,0.57975904,0.35211268,0.28957529,0.42026507,0.37685460,0.37111265,0.61181435,0.30564784,0.28348214,0.33103448,0.32033898,0.36570561,0.43105756,0.35516605,0.37256809,0.30022321,0.49328859,0.27272727,0.40072860,0.27205882,0.41983122,0.35981063,0.43529412,0.24301075,0.34492754,0.40942472,0.29629630,0.58682635,0.40428641,0.39797549,0.41570541,0.45454545
0.26562500,0.16233766,0.21568627,0.27070707,0.18205805,0.20175439,0.37598425,0.34228188,0.57975904,0.35211268,0.28957529,0.42026507,0.54054054,0.37111265,0.41373626,0.23364486,0.26612903,0.29257642,0.32033898,0.36570561,0.43105756,0.35516605,0.37256809,0.30022321,0.39387755,0.33447099,0.40072860,0.36616702,0.41983122,0.35981063,0.43529412,0.24301075,0.34492754,0.40942472,0.29629630,0.55952381,0.54708520,0.39797549,0.41570541,0.38827098
0.27702703,0.40447154,0.24340176,0.50199203,0.36511156,0.22813688,0.37598425,0.56724422,0.37850467,0.35211268,0.28957529,0.78294574,0.37685460,0.50107991,0.54437870,0.30564784,0.63134658,0.57394366,0.32033898,0.36570561,0.43105756,0.60229133,0.67469880,0.30022321,0.49328859,0.30434783,0.40072860,0.36616702,0.41983122,0.35981063,0.43529412,0.40831296,0.47122302,0.63903282,0.21428571,0.62670300,0.63486842,0.86407767,0.71484375,0.38827098
0.26562500,0.16233766,0.36599424,0.61524047,0.30909091,0.25000000,0.30487805,0.19718310,0.57975904,0.35211268,0.58214625,0.42026507,0.58858058,0.50107991,0.41373626,0.72955975,0.32114286,0.57394366,0.32033898,0.36570561,0.43105756,0.35516605,0.37256809,0.30022321,0.59856631,0.33447099,0.40072860,0.42682927,0.41983122,0.35981063,0.43529412,0.24301075,0.58640984,0.63903282,0.56906967,0.41192266,0.40428641,0.39797549,0.41570541,0.38827098
0.60943500,0.45945946,0.60486995,0.38876890,0.63481829,0.56921790,0.61547837,0.56724422,0.57975904,0.59348681,0.58214625,0.42026507,0.58858058,0.37111265,0.53571429,0.30564784,0.28348214,0.57394366,0.23312883,0.36570561,0.43105756,0.35516605,0.37256809,0.29629630,0.59856631,0.58106236,0.40072860,0.61169882,0.41983122,0.35981063,0.43529412,0.61182994,0.58640984,0.40942472,0.21428571,0.41192266,0.40428641,0.86407767,0.41570541,0.38827098
0.60943500,0.65112665,0.60486995,0.61524047,0.63481829,0.56921790,0.61547837,0.56724422,0.57975904,0.59348681,0.58214625,0.42026507,0.58858058,0.37111265,0.61181435,0.57398374,0.28348214,0.57394366,0.32033898,0.36570561,0.43105756,0.35516605,0.37256809,0.30022321,0.48717949,0.58106236,0.40072860,0.51098901,0.41983122,0.35981063,0.43529412,0.53003534,0.58640984,0.40942472,0.21428571,0.41192266,0.40428641,0.39797549,0.41570541,0.56934307
0.26562500,0.40447154,0.24340176,0.27070707,0.63481829,0.56921790,0.42331288,0.56724422,0.57975904,0.35211268,0.34237288,0.42026507,0.37685460,0.22222222,0.68896321,0.30564784,0.63134658,0.33103448,0.32033898,0.36570561,0.43105756,0.35516605,0.37256809,0.30022321,0.39387755,0.30434783,0.40072860,0.36616702,0.41983122,0.35981063,0.43529412,0.40831296,0.47222222,0.77173913,0.21428571,0.41192266,0.54708520,0.50216450,0.41570541,0.38827098
0.27702703,0.40447154,0.24340176,0.50199203,0.63481829,0.56921790,0.42331288,0.56724422,0.31944444,0.41196013,0.58214625,0.42026507,0.58858058,0.35195531,0.41373626,0.30564784,0.63134658,0.57394366,0.32033898,0.36570561,0.43105756,0.35516605,0.37256809,0.30022321,0.49328859,0.32967033,0.40072860,0.36616702,0.41983122,0.35981063,0.43529412,0.40831296,0.47122302,0.40942472,0.17575758,0.62670300,0.54708520,0.39797549,0.41570541,0.38827098
0.27702703,0.22615804,0.60486995,0.38876890,0.36511156,0.56921790,0.61547837,0.56724422,0.57975904,0.35211268,0.58214625,0.42026507,0.58858058,0.71404110,0.41373626,0.30564784,0.26612903,0.57394366,0.46597938,0.43181818,0.43105756,0.35516605,0.37256809,0.30022321,0.48717949,0.32967033,0.40072860,0.42682927,0.41983122,0.35981063,0.43529412,0.53003534,0.34492754,0.63903282,0.21428571,0.62670300,0.40428641,0.50216450,0.82539683,0.71947195
0.60943500,0.40447154,0.60486995,0.61524047,0.39333333,0.56921790,0.61547837,0.56724422,0.57975904,0.41196013,0.58214625,0.42026507,0.58858058,0.37111265,0.41373626,0.30564784,0.28348214,0.57394366,0.32033898,0.36570561,0.43105756,0.35516605,0.37256809,0.32492114,0.48717949,0.58106236,0.40072860,0.61169882,0.41983122,0.35981063,0.43529412,0.53003534,0.47122302,0.40942472,0.29629630,0.78325123,0.40428641,0.39797549,0.71484375,0.63250883
0.27702703,0.22615804,0.21951220,0.61524047,0.18205805,0.56921790,0.61547837,0.19718310,0.57975904,0.59348681,0.19708029,0.42026507,0.58858058,0.37111265,0.41373626,0.28661088,0.28348214,0.26470588,0.49600000,0.36570561,0.43105756,0.35516605,0.37256809,0.30022321,0.28205128,0.25742574,0.40072860,0.61169882,0.41983122,0.35981063,0.43529412,0.61182994,0.58640984,0.40942472,0.17575758,0.41192266,0.63486842,0.39797549,0.41570541,0.63250883
0.27702703,0.22615804,0.24340176,0.38876890,0.63481829,0.56921790,0.37598425,0.56724422,0.57975904,0.41196013,0.34237288,0.42026507,0.58858058,0.37111265,0.41373626,0.30564784,0.63134658,0.57394366,0.32033898,0.36570561,0.43105756,0.47152620,0.37256809,0.44571429,0.39387755,0.27272727,0.40072860,0.36616702,0.41983122,0.35981063,0.43529412,0.24301075,0.47122302,0.40942472,0.17575758,0.62670300,0.54708520,0.39797549,0.41570541,0.38827098
0.27702703,0.22615804,0.24340176,0.27070707,0.36511156,0.22813688,0.42331288,0.56724422,0.57975904,0.41196013,0.34237288,0.42026507,0.58858058,0.37111265,0.41373626,0.57398374,0.63134658,0.26470588,0.32033898,0.36570561,0.43105756,0.35516605,0.37256809,0.30022321,0.28205128,0.33447099,0.40072860,0.36616702,0.41983122,0.35981063,0.43529412,0.24301075,0.58640984,0.57772021,0.29629630,0.41192266,0.40428641,0.86407767,0.41570541,0.38827098
0.60943500,0.40447154,0.24340176,0.61524047,0.63481829,0.56921790,0.61547837,0.56724422,0.57975904,0.59348681,0.58214625,0.42026507,0.58858058,0.37111265,0.41373626,0.28661088,0.32114286,0.57394366,0.32033898,0.36570561,0.43105756,0.35516605,0.37256809,0.30022321,0.59856631,0.58106236,0.40072860,0.61169882,0.41983122,0.35981063,0.43529412,0.61182994,0.58640984,0.63903282,0.17575758,0.58682635,0.40428641,0.39797549,0.41570541,0.38827098
0.60943500,0.65112665,0.60486995,0.61524047,0.63481829,0.56921790,0.61547837,0.56724422,0.57975904,0.59348681,0.58214625,0.42026507,0.58858058,0.37111265,0.41373626,0.28661088,0.32114286,0.57394366,0.32033898,0.36570561,0.43105756,0.35516605,0.37256809,0.30022321,0.59856631,0.58106236,0.40072860,0.61169882,0.41983122,0.35981063,0.43529412,0.61182994,0.58640984,0.40942472,0.56906967,0.41192266,0.40428641,0.39797549,0.41570541,0.38827098
0.27702703,0.65112665,0.60486995,0.61524047,0.63481829,0.56921790,0.61547837,0.56724422,0.57975904,0.35211268,0.58214625,0.42026507,0.58858058,0.37111265,0.41373626,0.72955975,0.63134658,0.57394366,0.32033898,0.83882784,0.67123288,0.47152620,0.79856115,0.73597811,0.59856631,0.58106236,0.40072860,0.61169882,0.41983122,0.35981063,0.43529412,0.61182994,0.58640984,0.77173913,0.17575758,0.62670300,0.40428641,0.86407767,0.41570541,0.38827098
0.40070922,0.40447154,0.60486995,0.27070707,0.39333333,0.56921790,0.61547837,0.56724422,0.57975904,0.35211268,0.34237288,0.42026507,0.58858058,0.37111265,0.60683761,0.30564784,0.28348214,0.57394366,0.23312883,0.36570561,0.43105756,0.34426230,0.37256809,0.29629630,0.49328859,0.32967033,0.40072860,0.36616702,0.41983122,0.57272727,0.43529412,0.40831296,0.58640984,0.40942472,0.19130435,0.58682635,0.40428641,0.86407767,0.41570541,0.38827098
0.60943500,0.22615804,0.60486995,0.61524047,0.63481829,0.56921790,0.37598425,0.56724422,0.57975904,0.59348681,0.58214625,0.42026507,0.58858058,0.37111265,0.41373626,0.72955975,0.28348214,0.57394366,0.60483384,0.36570561,0.43105756,0.60229133,0.37256809,0.30022321,0.59856631,0.58106236,0.40072860,0.61169882,0.41983122,0.35981063,0.43529412,0.61182994,0.58640984,0.40942472,0.56906967,0.41192266,0.40428641,0.39797549,0.41570541,0.38827098
0.60943500,0.45945946,0.60486995,0.61524047,0.36511156,0.56921790,0.37598425,0.56724422,0.31944444,0.59348681,0.58214625,0.42026507,0.58858058,0.71404110,0.41373626,0.72955975,0.28348214,0.57394366,0.60483384,0.36570561,0.43105756,0.60229133,0.37256809,0.44571429,0.48717949,0.58106236,0.40072860,0.61169882,0.41983122,0.35981063,0.43529412,0.61182994,0.58640984,0.31818182,0.56906967,0.41192266,0.63486842,0.39797549,0.41570541,0.38827098
0.60943500,0.40447154,0.60486995,0.61524047,0.63481829,0.56921790,0.61547837,0.56724422,0.57975904,0.41196013,0.58214625,0.42026507,0.58858058,0.37111265,0.41373626,0.72955975,0.28348214,0.57394366,0.60483384,0.36570561,0.43105756,0.60229133,0.37256809,0.30022321,0.59856631,0.58106236,0.40072860,0.61169882,0.41983122,0.35981063,0.43529412,0.61182994,0.58640984,0.40942472,0.56906967,0.41192266,0.40428641,0.39797549,0.41570541,0.38827098
0.60943500,0.22615804,0.60486995,0.61524047,0.63481829,0.56921790,0.61547837,0.56724422,0.57975904,0.59348681,0.58214625,0.42026507,0.58858058,0.37111265,0.41373626,0.57398374,0.32114286,0.57394366,0.60483384,0.36570561,0.43105756,0.47152620,0.37256809,0.30022321,0.59856631,0.58106236,0.40072860,0.61169882,0.41983122,0.35981063,0.43529412,0.61182994,0.58640984,0.40942472,0.56906967,0.41192266,0.40428641,0.37878788,0.41570541,0.38827098
0.40070922,0.45945946,0.60486995,0.50199203,0.36511156,0.56921790,0.61547837,0.56724422,0.57975904,0.59348681,0.58214625,0.42026507,0.33333333,0.71404110,0.47826087,0.23364486,0.63134658,0.57394366,0.60483384,0.83882784,0.43105756,0.35516605,0.82817869,0.32492114,0.39387755,0.58106236,0.59821429,0.42682927,0.71014493,0.35981063,0.74452555,0.53003534,0.34492754,0.31818182,0.56906967,0.41192266,0.40428641,0.39797549,0.41570541,0.56934307
0.27702703,0.54732510,0.60486995,0.61524047,0.63481829,0.27777778,0.37598425,0.15000000,0.31944444,0.35211268,0.34237288,0.70588235,0.25641026,0.71404110,0.41373626,0.77593361,0.63134658,0.26470588,0.60483384,0.76923077,0.43105756,0.78527607,0.37256809,0.73597811,0.28205128,0.27272727,0.59821429,0.36616702,0.71014493,0.57272727,0.43529412,0.20454545,0.27898551,0.40942472,0.56906967,0.62670300,0.40428641,0.39797549,0.41570541,0.38827098
0.30578512,0.40447154,0.60486995,0.38876890,0.36511156,0.22813688,0.42331288,0.56724422,0.31944444,0.35211268,0.43750000,0.42026507,0.25641026,0.71404110,0.54437870,0.57398374,0.63134658,0.57394366,0.32033898,0.79120879,0.67123288,0.60229133,0.79856115,0.44571429,0.39387755,0.33447099,0.40072860,0.42682927,0.81147541,0.40350877,0.74452555,0.53003534,0.47122302,0.57772021,0.56906967,0.55952381,0.63486842,0.35000000,0.41570541,0.38827098
0.30578512,0.60194175,0.60486995,0.62500000,0.50476190,0.56921790,0.37837838,0.21568627,0.31250000,0.35211268,0.58214625,0.70588235,0.33333333,0.71404110,0.41373626,0.57398374,0.73578595,0.37931034,0.23312883,0.79120879,0.43105756,0.47152620,0.79856115,0.73597811,0.49328859,0.32967033,0.82300885,0.36616702,0.41983122,0.57272727,0.43529412,0.61182994,0.58640984,0.63903282,0.56906967,0.78325123,0.40428641,0.39797549,0.41570541,0.38827098
0.40070922,0.40447154,0.60486995,0.50199203,0.36511156,0.56921790,0.37598425,0.15000000,0.31250000,0.59348681,0.34237288,0.42026507,0.58858058,0.71404110,0.68896321,0.72955975,0.28348214,0.26470588,0.46597938,0.83882784,0.75784753,0.35516605,0.67469880,0.80259740,0.39387755,0.58106236,0.40072860,0.48484848,0.71014493,0.35981063,0.43529412,0.24301075,0.21276596,0.63903282,0.56906967,0.55952381,0.63486842,0.39797549,0.41570541,0.38827098
0.27702703,0.45945946,0.60486995,0.61524047,0.63481829,0.56921790,0.37598425,0.21610169,0.31250000,0.41196013,0.23913043,0.42026507,0.37685460,0.50107991,0.41373626,0.72955975,0.63134658,0.26470588,0.46597938,0.83882784,0.43105756,0.78527607,0.79856115,0.73597811,0.49328859,0.30434783,0.70000000,0.48484848,0.41983122,0.35981063,0.43529412,0.24301075,0.27898551,0.40942472,0.56906967,0.62670300,0.54708520,0.35000000,0.41570541,0.56934307
0.30578512,0.45945946,0.60486995,0.61524047,0.39333333,0.22813688,0.37598425,0.19718310,0.57975904,0.35211268,0.28957529,0.42026507,0.25641026,0.50107991,0.41373626,0.72955975,0.32114286,0.57394366,0.60483384,0.79120879,0.68932039,0.25974026,0.37256809,0.44571429,0.39387755,0.33447099,0.59821429,0.36616702,0.59183673,0.40350877,0.43529412,0.20454545,0.27898551,0.40942472,0.56906967,0.62670300,0.51162791,0.37878788,0.41570541,0.45454545
0.30578512,0.54732510,0.60486995,0.61524047,0.63481829,0.56921790,0.44545455,0.19718310,0.31250000,0.59348681,0.58214625,0.42026507,0.25641026,0.37111265,0.41373626,0.28661088,0.63134658,0.29257642,0.60483384,0.36570561,0.75784753,0.35516605,0.37256809,0.44571429,0.39387755,0.58106236,0.31250000,0.36616702,0.71014493,0.35981063,0.43529412,0.53003534,0.27898551,0.63903282,0.56906967,0.62670300,0.54708520,0.50216450,0.41570541,0.38827098
0.60943500,0.40447154,0.49411765,0.61524047,0.39333333,0.56921790,0.61547837,0.21610169,0.37850467,0.35211268,0.34237288,0.42026507,0.33333333,0.50107991,0.41373626,0.77593361,0.28348214,0.26470588,0.60483384,0.36570561,0.43105756,0.60229133,0.37256809,0.44571429,0.28205128,0.58106236,0.40072860,0.27205882,0.41983122,0.35981063,0.43529412,0.24301075,0.47222222,0.63903282,0.56906967,0.41192266,0.63486842,0.39797549,0.41570541,0.38827098
0.60943500,0.45945946,0.49411765,0.61524047,0.36511156,0.22813688,0.37598425,0.56724422,0.37850467,0.59348681,0.58214625,0.71428571,0.54054054,0.37111265,0.41373626,0.28661088,0.63134658,0.57394366,0.46597938,0.36570561,0.43105756,0.35516605,0.37256809,0.73597811,0.39387755,0.32967033,0.40072860,0.61169882,0.41983122,0.57272727,0.43529412,0.53003534,0.47122302,0.40942472,0.56906967,0.41192266,0.40428641,0.39797549,0.41570541,0.38827098
0.40070922,0.40447154,0.60486995,0.61524047,0.39333333,0.56921790,0.61547837,0.56724422,0.57975904,0.59348681,0.34237288,0.42026507,0.58858058,0.37111265,0.41373626,0.28661088,0.32114286,0.37931034,0.60483384,0.36570561,0.43105756,0.34426230,0.37256809,0.44571429,0.28205128,0.58106236,0.40072860,0.51098901,0.41983122,0.35981063,0.43529412,0.53003534,0.47122302,0.40942472,0.56906967,0.41192266,0.40428641,0.39797549,0.41570541,0.63250883
0.30578512,0.22615804,0.36599424,0.38876890,0.36511156,0.28571429,0.42331288,0.56724422,0.31250000,0.59348681,0.34237288,0.42026507,0.37685460,0.37111265,0.61181435,0.28661088,0.63134658,0.29257642,0.60483384,0.36570561,0.43105756,0.35516605,0.37256809,0.32492114,0.59856631,0.58106236,0.40072860,0.27205882,0.41983122,0.57272727,0.43529412,0.40831296,0.47122302,0.40942472,0.56906967,0.41192266,0.54708520,0.86407767,0.41570541,0.38827098
0.60943500,0.45945946,0.36599424,0.61524047,0.36511156,0.27777778,0.30487805,0.56724422,0.57975904,0.59348681,0.58214625,0.42026507,0.33333333,0.35195531,0.41373626,0.28661088,0.63134658,0.20238095,0.49600000,0.36570561,0.43105756,0.35516605,0.37256809,0.32492114,0.28205128,0.27272727,0.40072860,0.27205882,0.41983122,0.35981063,0.43529412,0.12500000,0.58640984,0.40942472,0.56906967,0.41192266,0.40428641,0.39797549,0.41570541,0.56934307
0.60943500,0.65112665,0.51190476,0.61524047,0.39333333,0.56921790,0.42331288,0.34228188,0.31250000,0.59348681,0.58214625,0.78294574,0.33333333,0.71404110,0.41373626,0.72955975,0.32114286,0.26470588,0.49600000,0.36570561,0.43105756,0.35516605,0.56164384,0.32492114,0.49328859,0.58106236,0.40072860,0.42682927,0.41983122,0.40350877,0.43529412,0.58252427,0.47122302,0.40942472,0.56906967,0.41192266,0.54708520,0.39797549,0.41570541,0.38827098
0.60943500,0.65112665,0.51190476,0.61524047,0.63481829,0.56921790,0.61547837,0.56724422,0.31250000,0.59348681,0.43750000,0.42026507,0.33333333,0.71404110,0.61181435,0.57398374,0.28348214,0.33103448,0.60483384,0.36570561,0.43105756,0.60229133,0.67469880,0.44571429,0.59856631,0.32967033,0.59821429,0.42682927,0.41983122,0.35981063,0.43529412,0.40831296,0.34492754,0.40942472,0.56906967,0.41192266,0.40428641,0.50216450,0.48837209,0.38827098
0.40070922,0.65112665,0.60486995,0.61524047,0.63481829,0.56921790,0.42331288,0.21610169,0.57975904,0.35211268,0.34237288,0.42026507,0.33333333,0.50107991,0.41373626,0.72955975,0.28348214,0.57394366,0.49600000,0.70403587,0.43105756,0.60229133,0.82817869,0.32492114,0.49328859,0.58106236,0.59821429,0.42682927,0.41983122,0.74430380,0.43529412,0.40831296,0.34492754,0.33333333,0.56906967,0.41192266,0.40428641,0.39797549,0.41570541,0.38827098
0.60943500,0.65112665,0.49411765,0.38876890,0.39333333,0.22813688,0.37598425,0.19718310,0.37850467,0.59348681,0.34237288,0.42026507,0.25641026,0.71404110,0.41373626,0.23364486,0.32114286,0.20238095,0.46597938,0.36570561,0.43105756,0.35516605,0.37256809,0.73597811,0.09523810,0.25742574,0.40072860,0.27205882,0.41983122,0.40350877,0.43529412,0.20454545,0.34492754,0.63903282,0.56906967,0.41192266,0.54708520,0.39797549,0.41570541,0.38827098
0.60943500,0.45945946,0.49411765,0.61524047,0.36511156,0.56921790,0.61547837,0.56724422,0.31250000,0.59348681,0.58214625,0.42026507,0.58858058,0.50107991,0.41373626,0.30564784,0.73578595,0.57394366,0.32033898,0.36570561,0.43105756,0.35516605,0.37256809,0.73597811,0.28205128,0.58106236,0.40072860,0.61169882,0.68794326,0.35981063,0.84931507,0.53003534,0.34492754,0.40942472,0.56906967,0.41192266,0.78318584,0.39797549,0.41570541,0.38827098
0.40070922,0.40447154,0.60486995,0.61524047,0.63481829,0.56921790,0.30487805,0.56724422,0.57975904,0.35211268,0.34237288,0.42026507,0.33333333,0.71404110,0.41373626,0.28661088,0.73578595,0.57394366,0.46597938,0.79120879,0.43105756,0.60229133,0.82817869,0.73597811,0.39387755,0.27272727,0.70000000,0.36616702,0.41983122,0.35981063,0.43529412,0.53003534,0.27898551,0.40942472,0.56906967,0.58682635,0.40428641,0.39797549,0.41570541,0.56934307
0.60943500,0.40447154,0.60486995,0.38876890,0.63481829,0.56921790,0.61547837,0.21610169,0.31944444,0.41196013,0.58214625,0.42026507,0.33333333,0.50107991,0.41373626,0.72955975,0.28348214,0.26470588,0.32033898,0.70403587,0.68932039,0.60229133,0.67469880,0.44571429,0.39387755,0.58106236,0.40072860,0.27205882,0.41983122,0.57272727,0.43529412,0.24301075,0.34492754,0.40942472,0.56906967,0.58682635,0.63486842,0.39797549,0.41570541,0.63250883
0.30578512,0.65112665,0.60486995,0.61524047,0.63481829,0.56921790,0.61547837,0.56724422,0.37850467,0.59348681,0.43750000,0.70588235,0.37685460,0.37111265,0.41373626,0.72955975,0.63134658,0.57394366,0.60483384,0.79120879,0.43105756,0.78527607,0.79856115,0.73597811,0.49328859,0.58106236,0.40072860,0.61169882,0.41983122,0.35981063,0.43529412,0.40831296,0.34492754,0.40942472,0.56906967,0.62670300,0.40428641,0.39797549,0.71484375,0.38827098
0.60943500,0.65112665,0.60486995,0.61524047,0.63481829,0.56921790,0.44545455,0.56724422,0.31250000,0.59348681,0.58214625,0.78294574,0.58858058,0.50107991,0.41373626,0.72955975,0.73578595,0.57394366,0.60483384,0.36570561,0.43105756,0.35516605,0.37256809,0.32492114,0.59856631,0.58106236,0.40072860,0.61169882,0.81147541,0.85840708,0.74766355,0.61182994,0.58640984,0.40942472,0.56906967,0.41192266,0.87500000,0.39797549,0.41570541,0.38827098
0.30578512,0.40447154,0.60486995,0.61524047,0.63481829,0.56921790,0.61547837,0.56724422,0.31250000,0.59348681,0.58214625,0.70588235,0.58858058,0.37111265,0.41373626,0.28661088,0.32114286,0.57394366,0.60483384,0.36570561,0.43105756,0.35516605,0.37256809,0.30022321,0.39387755,0.58106236,0.40072860,0.61169882,0.41983122,0.35981063,0.43529412,0.40831296,0.27898551,0.40942472,0.56906967,0.41192266,0.40428641,0.39797549,0.71484375,0.38827098
0.52577320,0.40447154,0.60486995,0.61524047,0.39333333,0.56921790,0.37598425,0.19718310,0.31250000,0.59348681,0.58214625,0.70588235,0.33333333,0.50107991,0.41373626,0.72955975,0.32114286,0.26470588,0.60483384,0.36570561,0.43105756,0.78527607,0.37256809,0.73597811,0.28205128,0.27272727,0.40072860,0.36616702,0.41983122,0.35981063,0.43529412,0.40831296,0.27898551,0.40942472,0.56906967,0.58682635,0.78318584,0.39797549,0.41570541,0.38827098
0.60943500,0.45945946,0.60486995,0.61524047,0.63481829,0.56921790,0.37598425,0.56724422,0.37850467,0.59348681,0.58214625,0.78294574,0.58858058,0.71404110,0.41373626,0.72955975,0.32114286,0.26470588,0.60483384,0.79120879,0.43105756,0.60229133,0.79856115,0.80259740,0.39387755,0.58106236,0.31250000,0.42682927,0.41983122,0.35981063,0.43529412,0.61182994,0.27898551,0.40942472,0.56906967,0.41192266,0.40428641,0.39797549,0.71484375,0.63250883
0.60943500,0.65112665,0.49411765,0.61524047,0.36511156,0.56921790,0.37598425,0.34228188,0.37850467,0.59348681,0.58214625,0.42026507,0.37685460,0.50107991,0.41373626,0.28661088,0.32114286,0.29257642,0.60483384,0.70403587,0.43105756,0.78527607,0.67469880,0.44571429,0.24347826,0.33447099,0.70000000,0.36616702,0.41983122,0.35981063,0.43529412,0.53003534,0.27898551,0.57772021,0.56906967,0.62670300,0.40428641,0.39797549,0.41570541,0.38827098
0.60943500,0.65112665,0.51190476,0.61524047,0.63481829,0.56921790,0.44545455,0.56724422,0.57975904,0.59348681,0.58214625,0.70588235,0.33333333,0.50107991,0.41373626,0.57398374,0.32114286,0.29257642,0.60483384,0.70403587,0.43105756,0.35516605,0.56164384,0.29629630,0.28205128,0.33447099,0.40072860,0.36616702,0.41983122,0.35981063,0.43529412,0.40831296,0.27898551,0.63903282,0.56906967,0.58682635,0.40428641,0.39797549,0.71484375,0.71947195
0.60943500,0.65112665,0.60486995,0.61524047,0.63481829,0.56921790,0.61547837,0.56724422,0.35135135,0.59348681,0.58214625,0.42026507,0.37685460,0.71404110,0.41373626,0.72955975,0.32114286,0.33103448,0.49600000,0.79120879,0.43105756,0.78527607,0.82817869,0.32492114,0.48717949,0.32967033,0.40072860,0.36616702,0.41983122,0.74430380,0.43529412,0.61182994,0.27898551,0.77173913,0.56906967,0.41192266,0.63486842,0.39797549,0.48837209,0.63250883
0.60943500,0.65112665,0.60486995,0.61524047,0.63481829,0.56921790,0.61547837,0.56724422,0.57975904,0.59348681,0.58214625,0.42026507,0.58858058,0.37111265,0.41373626,0.28661088,0.32114286,0.57394366,0.60483384,0.36570561,0.43105756,0.34426230,0.37256809,0.30022321,0.59856631,0.58106236,0.40072860,0.61169882,0.41983122,0.35981063,0.43529412,0.40831296,0.47122302,0.51006711,0.56906967,0.58682635,0.40428641,0.39797549,0.41570541,0.38827098
0.60943500,0.64705882,0.60486995,0.61524047,0.63481829,0.56921790,0.37837838,0.56724422,0.37850467,0.59348681,0.58214625,0.42026507,0.37685460,0.50107991,0.41373626,0.72955975,0.73578595,0.57394366,0.32033898,0.79120879,0.67123288,0.78527607,0.37256809,0.73597811,0.59856631,0.27272727,0.40072860,0.36616702,0.41983122,0.35981063,0.43529412,0.24301075,0.47122302,0.63903282,0.56906967,0.41192266,0.63486842,0.39797549,0.41570541,0.38827098
0.60943500,0.65112665,0.60486995,0.61524047,0.63481829,0.56921790,0.61547837,0.56724422,0.37850467,0.59348681,0.58214625,0.42026507,0.58858058,0.71404110,0.41373626,0.72955975,0.28348214,0.57394366,0.60483384,0.79120879,0.43105756,0.78527607,0.79856115,0.73597811,0.49328859,0.33447099,0.40072860,0.36616702,0.41983122,0.35981063,0.43529412,0.40831296,0.58640984,0.40942472,0.17575758,0.41192266,0.40428641,0.86407767,0.41570541,0.63250883
0.60943500,0.54732510,0.60486995,0.61524047,0.63481829,0.56921790,0.42331288,0.56724422,0.57975904,0.41196013,0.58214625,0.42026507,0.58858058,0.71404110,0.68896321,0.72955975,0.63134658,0.33103448,0.32033898,0.70403587,0.70247934,0.60229133,0.82817869,0.44571429,0.59856631,0.58106236,0.40072860,0.48484848,0.71014493,0.74430380,0.43529412,0.24301075,0.47222222,0.40942472,0.56906967,0.55952381,0.40428641,0.50216450,0.41570541,0.38827098
0.60943500,0.45945946,0.60486995,0.61524047,0.63481829,0.56921790,0.30487805,0.56724422,0.37850467,0.41196013,0.58214625,0.42026507,0.58858058,0.50107991,0.41373626,0.57398374,0.32114286,0.57394366,0.60483384,0.36570561,0.43105756,0.60229133,0.37256809,0.44571429,0.39387755,0.58106236,0.40072860,0.36616702,0.41983122,0.74430380,0.43529412,0.53003534,0.27898551,0.63903282,0.56906967,0.58682635,0.40428641,0.39797549,0.41570541,0.38827098
0.60943500,0.54732510,0.60486995,0.61524047,0.50476190,0.56921790,0.37598425,0.56724422,0.37850467,0.27777778,0.58214625,0.42026507,0.54054054,0.50107991,0.41373626,0.28661088,0.63134658,0.26470588,0.60483384,0.79120879,0.43105756,0.78527607,0.82817869,0.44571429,0.28205128,0.32967033,0.40072860,0.42682927,0.41983122,0.85840708,0.43529412,0.24301075,0.27898551,0.63903282,0.56906967,0.41192266,0.40428641,0.39797549,0.41570541,0.38827098
0.60943500,0.65112665,0.60486995,0.61524047,0.63481829,0.56921790,0.61547837,0.56724422,0.57975904,0.59348681,0.58214625,0.42026507,0.58858058,0.71404110,0.41373626,0.72955975,0.63134658,0.57394366,0.60483384,0.36570561,0.43105756,0.35516605,0.37256809,0.73597811,0.59856631,0.58106236,0.40072860,0.61169882,0.41983122,0.35981063,0.43529412,0.61182994,0.58640984,0.40942472,0.56906967,0.41192266,0.78318584,0.64619883,0.41570541,0.38827098
0.60943500,0.54732510,0.60486995,0.61524047,0.63481829,0.56921790,0.61547837,0.34228188,0.57975904,0.59348681,0.58214625,0.42026507,0.58858058,0.35195531,0.41373626,0.28661088,0.28348214,0.26470588,0.60483384,0.36570561,0.43105756,0.78527607,0.37256809,0.73597811,0.28205128,0.33447099,0.40072860,0.36616702,0.41983122,0.85840708,0.43529412,0.40831296,0.34492754,0.40942472,0.56906967,0.41192266,0.54708520,0.39797549,0.41570541,0.38827098
0.60943500,0.45945946,0.60486995,0.61524047,0.63481829,0.56921790,0.61547837,0.56724422,0.37850467,0.59348681,0.34237288,0.42026507,0.58858058,0.50107991,0.41373626,0.77593361,0.32114286,0.33103448,0.60483384,0.70403587,0.43105756,0.35516605,0.56164384,0.44571429,0.39387755,0.58106236,0.40072860,0.51098901,0.41983122,0.35981063,0.43529412,0.24301075,0.27898551,0.57772021,0.56906967,0.41192266,0.63486842,0.39797549,0.41570541,0.38827098
0.60943500,0.54732510,0.60486995,0.61524047,0.36511156,0.56921790,0.61547837,0.56724422,0.31250000,0.59348681,0.58214625,0.42026507,0.54054054,0.50107991,0.41373626,0.72955975,0.63134658,0.57394366,0.60483384,0.36570561,0.43105756,0.35516605,0.37256809,0.73597811,0.48717949,0.58106236,0.40072860,0.61169882,0.41983122,0.35981063,0.43529412,0.58252427,0.58640984,0.51006711,0.56906967,0.36111111,0.40428641,0.39797549,0.41570541,0.71947195
0.60943500,0.65112665,0.51190476,0.61524047,0.39333333,0.56921790,0.42331288,0.56724422,0.31250000,0.59348681,0.58214625,0.78294574,0.33333333,0.50107991,0.41373626,0.77593361,0.73578595,0.57394366,0.60483384,0.79120879,0.43105756,0.35516605,0.82817869,0.44571429,0.39387755,0.33447099,0.59821429,0.61169882,0.41983122,0.35981063,0.43529412,0.53003534,0.34492754,0.57772021,0.56906967,0.41192266,0.63486842,0.39797549,0.41570541,0.38827098
0.60943500,0.65112665,0.60486995,0.61524047,0.63481829,0.56921790,0.61547837,0.56724422,0.57975904,0.59348681,0.43902439,0.42026507,0.58858058,0.50107991,0.41373626,0.57398374,0.28348214,0.29257642,0.46597938,0.79120879,0.68932039,0.60229133,0.56164384,0.44571429,0.59856631,0.58106236,0.40072860,0.36616702,0.59183673,0.74430380,0.43529412,0.24301075,0.34492754,0.63903282,0.56906967,0.41192266,0.54708520,0.39797549,0.48837209,0.71947195
0.60943500,0.54732510,0.60486995,0.61524047,0.50476190,0.56921790,0.61547837,0.56724422,0.37850467,0.59348681,0.58214625,0.42026507,0.58858058,0.37111265,0.41373626,0.30564784,0.63134658,0.57394366,0.60483384,0.36570561,0.43105756,0.78527607,0.37256809,0.73597811,0.39387755,0.33447099,0.40072860,0.51098901,0.41983122,0.35981063,0.43529412,0.61182994,0.58640984,0.40942472,0.21428571,0.41192266,0.63486842,0.64619883,0.41570541,0.38827098
0.40070922,0.45945946,0.49411765,0.61524047,0.36511156,0.56921790,0.44545455,0.34228188,0.57975904,0.41196013,0.43750000,0.42026507,0.37685460,0.35195531,0.47826087,0.30564784,0.63134658,0.26470588,0.60483384,0.36570561,0.54411765,0.35516605,0.37256809,0.32492114,0.28205128,0.33447099,0.40072860,0.42682927,0.41983122,0.35981063,0.43529412,0.61182994,0.47122302,0.40942472,0.56906967,0.41192266,0.40428641,0.39797549,0.41570541,0.38827098
0.60943500,0.65112665,0.60486995,0.61524047,0.63481829,0.56921790,0.61547837,0.56724422,0.37850467,0.35211268,0.58214625,0.42026507,0.58858058,0.50107991,0.41373626,0.72955975,0.73578595,0.57394366,0.49600000,0.43181818,0.43105756,0.35516605,0.37256809,0.32492114,0.49328859,0.58106236,0.85093168,0.61169882,0.41983122,0.74430380,0.43529412,0.61182994,0.58640984,0.51006711,0.56906967,0.41192266,0.91538462,0.39797549,0.41570541,0.38827098
0.60943500,0.65112665,0.60486995,0.61524047,0.63481829,0.56921790,0.61547837,0.56724422,0.57975904,0.41196013,0.58214625,0.42026507,0.33333333,0.71404110,0.41373626,0.57398374,0.28348214,0.57394366,0.46597938,0.79120879,0.43105756,0.78527607,0.82817869,0.73597811,0.28205128,0.58106236,0.40072860,0.51098901,0.41983122,0.74430380,0.43529412,0.61182994,0.47122302,0.63903282,0.56906967,0.41192266,0.63486842,0.39797549,0.71484375,0.38827098
0.52577320,0.54732510,0.49411765,0.61524047,0.63481829,0.56921790,0.42331288,0.19718310,0.31250000,0.59348681,0.34237288,0.70588235,0.37685460,0.71404110,0.41373626,0.77593361,0.63134658,0.57394366,0.60483384,0.79120879,0.43105756,0.35516605,0.67469880,0.44571429,0.28205128,0.32967033,0.40072860,0.51098901,0.41983122,0.74430380,0.43529412,0.40831296,0.34492754,0.40942472,0.56906967,0.55952381,0.40428641,0.39797549,0.71484375,0.71947195
0.40070922,0.45945946,0.49411765,0.61524047,0.63481829,0.56921790,0.61547837,0.56724422,0.31250000,0.48387097,0.58214625,0.42026507,0.25641026,0.35195531,0.41373626,0.72955975,0.73578595,0.57394366,0.60483384,0.36570561,0.43105756,0.78527607,0.79856115,0.73597811,0.39387755,0.58106236,0.40072860,0.36616702,0.41983122,0.74430380,0.43529412,0.61182994,0.58640984,0.40942472,0.56906967,0.41192266,0.63486842,0.39797549,0.41570541,0.38827098
0.60943500,0.45945946,0.60486995,0.61524047,0.63481829,0.56921790,0.61547837,0.56724422,0.57975904,0.59348681,0.58214625,0.78294574,0.58858058,0.37111265,0.41373626,0.72955975,0.28348214,0.57394366,0.60483384,0.36570561,0.43105756,0.35516605,0.67469880,0.44571429,0.59856631,0.58106236,0.70000000,0.61169882,0.41983122,0.35981063,0.43529412,0.61182994,0.58640984,0.40942472,0.56906967,0.58682635,0.54708520,0.39797549,0.41570541,0.38827098
0.60943500,0.65112665,0.60486995,0.61524047,0.63481829,0.56921790,0.61547837,0.56724422,0.57975904,0.48387097,0.58214625,0.42026507,0.58858058,0.37111265,0.41373626,0.57398374,0.32114286,0.57394366,0.60483384,0.43181818,0.43105756,0.35516605,0.37256809,0.32492114,0.59856631,0.58106236,0.40072860,0.61169882,0.71014493,0.35981063,0.43529412,0.61182994,0.58640984,0.40942472,0.56906967,0.41192266,0.40428641,0.39797549,0.82539683,0.81382979
0.40070922,0.40447154,0.60486995,0.61524047,0.36511156,0.56921790,0.44545455,0.19718310,0.57975904,0.41196013,0.28957529,0.70588235,0.33333333,0.35195531,0.68896321,0.77593361,0.26612903,0.29257642,0.49600000,0.70403587,0.68932039,0.60229133,0.56164384,0.44571429,0.28205128,0.58106236,0.40072860,0.36616702,0.41983122,0.57272727,0.43529412,0.40831296,0.34492754,0.57772021,0.21428571,0.41192266,0.40428641,0.39797549,0.41570541,0.38827098
0.40070922,0.54732510,0.60486995,0.61524047,0.63481829,0.56921790,0.61547837,0.21568627,0.31250000,0.48387097,0.34237288,0.42026507,0.37685460,0.37111265,0.41373626,0.28661088,0.63134658,0.57394366,0.60483384,0.36570561,0.70247934,0.60229133,0.37256809,0.44571429,0.28205128,0.58106236,0.40072860,0.42682927,0.59183673,0.57272727,0.43529412,0.24301075,0.47222222,0.40942472,0.56906967,0.55952381,0.54708520,0.39797549,0.41570541,0.38827098
0.30578512,0.45945946,0.60486995,0.61524047,0.63481829,0.56921790,0.37598425,0.56724422,0.35135135,0.59348681,0.34237288,0.78294574,0.25641026,0.71404110,0.41373626,0.72955975,0.32114286,0.20238095,0.60483384,0.36570561,0.43105756,0.80898876,0.76223776,0.80259740,0.39387755,0.58106236,0.40072860,0.17567568,0.41983122,0.86607143,0.43529412,0.20454545,0.27898551,0.77173913,0.19130435,0.62670300,0.40428641,0.50216450,0.82539683,0.81382979
0.60943500,0.45945946,0.60486995,0.61524047,0.63481829,0.27777778,0.30487805,0.21610169,0.57975904,0.35211268,0.43750000,0.70588235,0.25641026,0.71404110,0.41373626,0.72955975,0.63134658,0.57394366,0.32033898,0.79120879,0.68932039,0.78527607,0.79856115,0.73597811,0.39387755,0.58106236,0.40072860,0.27205882,0.41983122,0.35981063,0.43529412,0.24301075,0.21276596,0.40942472,0.56906967,0.58682635,0.54708520,0.37878788,0.71484375,0.38827098
0.60943500,0.54732510,0.36599424,0.61524047,0.63481829,0.56921790,0.61547837,0.56724422,0.37850467,0.59348681,0.58214625,0.42026507,0.58858058,0.37111265,0.41373626,0.28661088,0.32114286,0.57394366,0.60483384,0.36570561,0.43105756,0.35516605,0.37256809,0.30022321,0.59856631,0.58106236,0.40072860,0.42682927,0.41983122,0.35981063,0.43529412,0.61182994,0.58640984,0.40942472,0.56906967,0.41192266,0.40428641,0.39797549,0.41570541,0.38827098
0.30578512,0.45945946,0.49411765,0.38876890,0.63481829,0.28571429,0.37598425,0.34228188,0.31250000,0.41196013,0.28957529,0.70588235,0.33333333,0.50107991,0.41373626,0.28661088,0.63134658,0.57394366,0.32033898,0.70403587,0.43105756,0.60229133,0.67469880,0.73597811,0.24347826,0.33447099,0.70000000,0.36616702,0.41983122,0.74430380,0.43529412,0.24301075,0.47222222,0.40942472,0.56906967,0.36111111,0.40428641,0.39797549,0.41570541,0.38827098
0.30578512,0.54732510,0.51190476,0.61524047,0.63481829,0.28571429,0.42331288,0.21610169,0.57975904,0.59348681,0.34237288,0.42026507,0.25641026,0.71404110,0.41373626,0.57398374,0.28348214,0.57394366,0.46597938,0.70403587,0.67123288,0.47152620,0.82817869,0.73597811,0.49328859,0.58106236,0.40072860,0.42682927,0.41983122,0.40350877,0.43529412,0.40831296,0.34492754,0.40942472,0.56906967,0.41192266,0.40428641,0.39797549,0.41570541,0.38827098
0.60943500,0.65112665,0.60486995,0.38876890,0.63481829,0.56921790,0.42331288,0.56724422,0.28571429,0.35211268,0.58214625,0.42026507,0.58858058,0.50107991,0.41373626,0.30564784,0.73578595,0.57394366,0.23312883,0.36570561,0.43105756,0.35516605,0.37256809,0.32492114,0.59856631,0.58106236,0.70000000,0.61169882,0.41983122,0.57272727,0.43529412,0.58252427,0.58640984,0.40942472,0.56906967,0.41192266,0.63486842,0.39797549,0.41570541,0.38827098
0.40070922,0.65112665,0.60486995,0.61524047,0.63481829,0.22813688,0.61547837,0.56724422,0.57975904,0.35211268,0.58214625,0.78294574,0.58858058,0.71404110,0.41373626,0.72955975,0.26612903,0.57394366,0.60483384,0.83882784,0.43105756,0.78527607,0.56164384,0.80259740,0.49328859,0.58106236,0.82300885,0.48484848,0.41983122,0.86607143,0.43529412,0.58252427,0.47122302,0.40942472,0.56906967,0.41192266,0.51162791,0.39797549,0.41570541,0.38827098
0.60943500,0.65112665,0.60486995,0.61524047,0.63481829,0.56921790,0.37598425,0.21610169,0.57975904,0.59348681,0.58214625,0.42026507,0.58858058,0.35195531,0.41373626,0.72955975,0.63134658,0.57394366,0.60483384,0.36570561,0.68932039,0.35516605,0.56164384,0.32492114,0.49328859,0.58106236,0.70000000,0.51098901,0.83333333,0.57272727,0.74766355,0.40831296,0.47122302,0.57772021,0.56906967,0.41192266,0.40428641,0.39797549,0.41570541,0.38827098
0.60943500,0.45945946,0.60486995,0.61524047,0.63481829,0.56921790,0.61547837,0.56724422,0.57975904,0.59348681,0.58214625,0.42026507,0.58858058,0.37111265,0.41373626,0.28661088,0.28348214,0.57394366,0.60483384,0.36570561,0.43105756,0.78527607,0.37256809,0.30022321,0.59856631,0.58106236,0.40072860,0.61169882,0.41983122,0.35981063,0.43529412,0.61182994,0.58640984,0.40942472,0.56906967,0.41192266,0.40428641,0.39797549,0.41570541,0.38827098
0.60943500,0.65112665,0.60486995,0.61524047,0.63481829,0.56921790,0.61547837,0.56724422,0.57975904,0.41196013,0.58214625,0.42026507,0.58858058,0.37111265,0.61181435,0.28661088,0.28348214,0.57394366,0.60483384,0.36570561,0.68932039,0.35516605,0.37256809,0.32492114,0.59856631,0.58106236,0.40072860,0.61169882,0.41983122,0.35981063,0.43529412,0.61182994,0.58640984,0.40942472,0.56906967,0.41192266,0.40428641,0.39797549,0.41570541,0.38827098
0.60943500,0.54732510,0.60486995,0.61524047,0.63481829,0.56921790,0.61547837,0.56724422,0.57975904,0.41196013,0.58214625,0.42026507,0.58858058,0.37111265,0.61181435,0.57398374,0.73578595,0.57394366,0.60483384,0.36570561,0.43105756,0.35516605,0.37256809,0.73597811,0.59856631,0.58106236,0.40072860,0.61169882,0.41983122,0.35981063,0.84090909,0.61182994,0.58640984,0.40942472,0.56906967,0.41192266,0.40428641,0.39797549,0.41570541,0.38827098
0.30578512,0.40447154,0.60486995,0.50199203,0.39333333,0.56921790,0.37598425,0.56724422,0.57975904,0.35211268,0.43750000,0.42026507,0.58858058,0.37111265,0.68896321,0.28661088,0.73578595,0.33103448,0.46597938,0.36570561,0.67123288,0.34426230,0.37256809,0.32492114,0.39387755,0.32967033,0.70000000,0.36616702,0.41983122,0.35981063,0.43529412,0.24301075,0.47122302,0.40942472,0.29629630,0.41192266,0.40428641,0.39797549,0.41570541,0.38827098
0.40070922,0.40447154,0.49411765,0.38876890,0.39333333,0.27777778,0.42331288,0.21610169,0.57975904,0.33079848,0.34237288,0.42026507,0.37685460,0.50107991,0.41373626,0.57398374,0.32114286,0.26470588,0.46597938,0.36570561,0.43105756,0.47152620,0.37256809,0.32492114,0.39387755,0.25742574,0.40072860,0.36616702,0.41983122,0.35981063,0.43529412,0.24301075,0.34492754,0.40942472,0.21428571,0.41192266,0.40428641,0.39797549,0.41570541,0.38827098
0.60943500,0.45945946,0.60486995,0.50199203,0.63481829,0.56921790,0.61547837,0.56724422,0.31944444,0.59348681,0.58214625,0.42026507,0.58858058,0.37111265,0.41373626,0.30564784,0.32114286,0.57394366,0.32033898,0.36570561,0.43105756,0.35516605,0.37256809,0.29629630,0.49328859,0.58106236,0.40072860,0.61169882,0.41983122,0.35981063,0.43529412,0.53003534,0.58640984,0.40942472,0.56906967,0.41192266,0.40428641,0.39797549,0.41570541,0.38827098
0.60943500,0.65112665,0.60486995,0.61524047,0.63481829,0.56921790,0.37598425,0.56724422,0.57975904,0.35211268,0.58214625,0.70588235,0.54054054,0.50107991,0.41373626,0.57398374,0.63134658,0.57394366,0.23312883,0.36570561,0.43105756,0.47152620,0.37256809,0.32492114,0.59856631,0.58106236,0.40072860,0.42682927,0.41983122,0.35981063,0.43529412,0.58252427,0.58640984,0.40942472,0.17575758,0.41192266,0.40428641,0.39797549,0.41570541,0.38827098
0.60943500,0.54732510,0.60486995,0.61524047,0.63481829,0.56921790,0.61547837,0.56724422,0.57975904,0.35211268,0.58214625,0.42026507,0.58858058,0.37111265,0.69435216,0.57398374,0.63134658,0.57394366,0.46597938,0.36570561,0.68932039,0.35516605,0.37256809,0.44571429,0.59856631,0.58106236,0.40072860,0.61169882,0.41983122,0.57272727,0.43529412,0.61182994,0.58640984,0.40942472,0.17575758,0.41192266,0.40428641,0.39797549,0.41570541,0.38827098
0.60943500,0.45945946,0.60486995,0.50199203,0.63481829,0.56921790,0.61547837,0.56724422,0.57975904,0.35211268,0.58214625,0.42026507,0.37685460,0.37111265,0.69435216,0.30564784,0.63134658,0.57394366,0.46597938,0.36570561,0.67123288,0.34426230,0.37256809,0.44571429,0.39387755,0.58106236,0.59821429,0.36616702,0.41983122,0.35981063,0.43529412,0.53003534,0.47222222,0.40942472,0.19130435,0.41192266,0.40428641,0.39797549,0.41570541,0.38827098
0.60943500,0.45945946,0.60486995,0.61524047,0.63481829,0.56921790,0.61547837,0.56724422,0.37850467,0.59348681,0.58214625,0.42026507,0.58858058,0.37111265,0.41373626,0.57398374,0.63134658,0.57394366,0.46597938,0.36570561,0.43105756,0.35516605,0.37256809,0.30022321,0.59856631,0.58106236,0.40072860,0.61169882,0.41983122,0.35981063,0.43529412,0.61182994,0.58640984,0.40942472,0.56906967,0.41192266,0.40428641,0.39797549,0.41570541,0.38827098
0.60943500,0.54732510,0.49411765,0.38876890,0.30909091,0.27777778,0.22093023,0.19718310,0.31250000,0.33079848,0.58214625,0.42026507,0.25641026,0.37111265,0.68896321,0.28661088,0.32114286,0.20238095,0.60483384,0.36570561,0.43105756,0.47152620,0.37256809,0.30022321,0.24347826,0.27272727,0.40072860,0.36616702,0.41983122,0.35981063,0.43529412,0.24301075,0.21276596,0.40942472,0.56906967,0.58682635,0.40428641,0.39797549,0.41570541,0.38827098
0.30578512,0.40447154,0.36599424,0.30708661,0.18205805,0.22813688,0.30487805,0.19718310,0.57975904,0.41196013,0.34237288,0.42026507,0.33333333,0.37111265,0.41373626,0.28661088,0.32114286,0.20238095,0.32033898,0.36570561,0.43105756,0.35516605,0.37256809,0.30022321,0.24347826,0.32967033,0.40072860,0.27205882,0.41983122,0.35981063,0.43529412,0.40831296,0.27898551,0.40942472,0.56906967,0.41192266,0.40428641,0.50216450,0.41570541,0.38827098
0.30578512,0.45945946,0.24340176,0.38876890,0.36511156,0.22813688,0.30487805,0.21610169,0.57975904,0.35211268,0.34237288,0.42026507,0.25641026,0.37111265,0.41373626,0.28661088,0.32114286,0.29257642,0.46597938,0.36570561,0.43105756,0.35516605,0.37256809,0.30022321,0.24347826,0.27272727,0.40072860,0.17567568,0.41983122,0.35981063,0.43529412,0.24301075,0.34492754,0.63903282,0.29629630,0.55952381,0.54708520,0.37878788,0.41570541,0.38827098
0.52577320,0.54732510,0.36599424,0.38876890,0.39333333,0.56921790,0.42331288,0.56724422,0.57975904,0.59348681,0.23913043,0.42026507,0.33333333,0.37111265,0.41373626,0.28661088,0.32114286,0.20238095,0.46597938,0.36570561,0.43105756,0.35516605,0.37256809,0.30022321,0.24347826,0.27272727,0.40072860,0.17567568,0.41983122,0.35981063,0.43529412,0.24301075,0.47122302,0.40942472,0.21428571,0.41192266,0.51162791,0.39797549,0.41570541,0.38827098
0.40070922,0.40447154,0.36599424,0.30708661,0.18205805,0.22813688,0.30487805,0.19718310,0.57975904,0.33079848,0.58214625,0.42026507,0.25641026,0.37111265,0.41373626,0.28661088,0.32114286,0.29257642,0.32033898,0.36570561,0.43105756,0.35516605,0.37256809,0.30022321,0.28205128,0.27272727,0.40072860,0.17567568,0.41983122,0.35981063,0.43529412,0.24301075,0.27898551,0.40942472,0.21428571,0.41192266,0.54708520,0.39797549,0.41570541,0.38827098
0.30578512,0.40447154,0.24340176,0.27070707,0.18205805,0.27777778,0.30487805,0.34228188,0.35135135,0.59348681,0.06250000,0.42026507,0.18518519,0.37111265,0.41373626,0.28661088,0.32114286,0.29411765,0.60483384,0.36570561,0.43105756,0.35516605,0.37256809,0.30022321,0.09523810,0.17391304,0.40072860,0.00000000,0.41983122,0.35981063,0.43529412,0.20454545,0.34492754,0.63903282,0.21428571,0.41192266,0.40428641,0.39797549,0.41570541,0.38827098
0.30578512,0.65112665,0.49411765,0.27070707,0.18205805,0.22813688,0.22093023,0.21610169,0.57975904,0.41196013,0.06250000,0.42026507,0.33333333,0.37111265,0.41373626,0.28661088,0.32114286,0.20238095,0.60483384,0.36570561,0.43105756,0.35516605,0.37256809,0.30022321,0.24347826,0.27272727,0.40072860,0.17567568,0.41983122,0.35981063,0.43529412,0.20454545,0.27898551,0.40942472,0.56906967,0.36111111,0.51162791,0.39797549,0.41570541,0.38827098
0.60943500,0.45945946,0.60486995,0.27070707,0.63481829,0.56921790,0.61547837,0.56724422,0.57975904,0.59348681,0.34237288,0.78294574,0.58858058,0.37111265,0.41373626,0.28661088,0.32114286,0.57394366,0.23312883,0.36570561,0.43105756,0.35516605,0.37256809,0.30022321,0.59856631,0.58106236,0.40072860,0.61169882,0.41983122,0.35981063,0.43529412,0.61182994,0.58640984,0.40942472,0.29629630,0.41192266,0.40428641,0.39797549,0.41570541,0.38827098
0.40070922,0.40447154,0.49411765,0.30708661,0.18205805,0.22813688,0.22093023,0.19718310,0.57975904,0.35211268,0.43750000,0.42026507,0.25641026,0.37111265,0.41373626,0.28661088,0.32114286,0.20238095,0.46597938,0.36570561,0.43105756,0.35516605,0.37256809,0.30022321,0.24347826,0.25742574,0.40072860,0.17567568,0.41983122,0.35981063,0.43529412,0.24301075,0.34492754,0.40942472,0.17575758,0.41192266,0.40428641,0.39797549,0.41570541,0.38827098
0.30578512,0.45945946,0.36599424,0.27070707,0.36511156,0.56921790,0.44545455,0.56724422,0.35135135,0.59348681,0.23913043,0.42026507,0.33333333,0.37111265,0.41373626,0.28661088,0.32114286,0.20238095,0.60483384,0.36570561,0.43105756,0.35516605,0.37256809,0.30022321,0.24347826,0.25742574,0.40072860,0.17567568,0.41983122,0.35981063,0.43529412,0.24301075,0.47122302,0.51006711,0.21428571,0.58682635,0.40428641,0.39797549,0.41570541,0.38827098
0.52577320,0.40447154,0.49411765,0.30708661,0.36511156,0.27777778,0.37598425,0.56724422,0.37850467,0.59348681,0.58214625,0.78294574,0.58858058,0.37111265,0.41373626,0.28661088,0.32114286,0.20238095,0.60483384,0.36570561,0.43105756,0.35516605,0.37256809,0.30022321,0.24347826,0.58106236,0.40072860,0.27205882,0.41983122,0.35981063,0.43529412,0.40831296,0.47222222,0.40942472,0.56906967,0.41192266,0.78318584,0.39797549,0.41570541,0.38827098
0.60943500,0.45945946,0.49411765,0.27070707,0.36511156,0.56921790,0.42331288,0.56724422,0.57975904,0.27777778,0.58214625,0.42026507,0.37685460,0.37111265,0.41373626,0.28661088,0.32114286,0.33103448,0.60483384,0.36570561,0.43105756,0.35516605,0.37256809,0.30022321,0.28205128,0.58106236,0.40072860,0.27205882,0.41983122,0.35981063,0.43529412,0.58252427,0.47122302,0.40942472,0.19130435,0.41192266,0.40428641,0.39797549,0.41570541,0.38827098
0.60943500,0.40447154,0.36599424,0.30708661,0.18205805,0.56921790,0.30487805,0.56724422,0.57975904,0.59348681,0.23913043,0.42026507,0.33333333,0.37111265,0.41373626,0.28661088,0.32114286,0.29411765,0.60483384,0.36570561,0.43105756,0.35516605,0.37256809,0.30022321,0.09523810,0.27272727,0.40072860,0.17567568,0.41983122,0.35981063,0.43529412,0.24301075,0.34492754,0.40942472,0.17575758,0.41192266,0.40428641,0.39797549,0.41570541,0.38827098
0.60943500,0.45945946,0.60486995,0.30708661,0.18205805,0.56921790,0.22093023,0.56724422,0.57975904,0.59348681,0.58214625,0.42026507,0.58858058,0.37111265,0.41373626,0.28661088,0.32114286,0.20238095,0.32033898,0.36570561,0.43105756,0.35516605,0.37256809,0.30022321,0.09523810,0.58106236,0.40072860,0.61169882,0.41983122,0.35981063,0.43529412,0.53003534,0.58640984,0.40942472,0.17575758,0.41192266,0.40428641,0.39797549,0.41570541,0.38827098
0.40070922,0.60194175,0.49411765,0.38876890,0.63481829,0.56921790,0.30487805,0.56724422,0.35135135,0.59348681,0.19708029,0.42026507,0.58858058,0.37111265,0.41373626,0.28661088,0.32114286,0.57394366,0.60483384,0.36570561,0.43105756,0.35516605,0.37256809,0.30022321,0.28205128,0.58106236,0.40072860,0.36616702,0.41983122,0.35981063,0.43529412,0.24301075,0.58640984,0.40942472,0.19130435,0.41192266,0.40428641,0.39797549,0.41570541,0.38827098
0.53846154,0.45945946,0.24340176,0.38876890,0.63481829,0.56921790,0.44545455,0.56724422,0.23076923,0.27777778,0.58214625,0.42026507,0.33333333,0.37111265,0.41373626,0.28661088,0.32114286,0.29257642,0.60483384,0.36570561,0.43105756,0.35516605,0.37256809,0.30022321,0.09523810,0.33447099,0.40072860,0.17567568,0.41983122,0.35981063,0.43529412,0.58252427,0.34492754,0.40942472,0.56906967,0.41192266,0.78318584,0.39797549,0.41570541,0.38827098
0.30578512,0.45945946,0.49411765,0.38876890,0.39333333,0.27777778,0.37598425,0.21610169,0.57975904,0.35211268,0.34237288,0.42026507,0.33333333,0.37111265,0.68896321,0.28661088,0.18750000,0.26470588,0.32033898,0.36570561,0.43105756,0.25974026,0.37256809,0.30022321,0.24347826,0.25742574,0.40072860,0.27205882,0.41983122,0.25000000,0.43529412,0.20454545,0.34492754,0.40942472,0.21428571,0.41192266,0.40428641,0.39797549,0.41570541,0.38827098
0.40070922,0.40447154,0.36599424,0.38876890,0.36511156,0.27777778,0.37598425,0.21610169,0.57975904,0.35211268,0.34237288,0.42026507,0.25641026,0.37111265,0.41373626,0.28661088,0.28348214,0.26470588,0.32033898,0.36570561,0.43105756,0.35516605,0.37256809,0.30022321,0.28205128,0.25742574,0.40072860,0.27205882,0.41983122,0.35981063,0.43529412,0.20454545,0.47122302,0.40942472,0.21428571,0.41192266,0.40428641,0.39797549,0.41570541,0.38827098
0.40070922,0.45945946,0.36599424,0.38876890,0.36511156,0.27777778,0.61547837,0.21610169,0.57975904,0.41196013,0.34237288,0.42026507,0.25641026,0.37111265,0.41373626,0.28661088,0.32114286,0.29257642,0.46597938,0.36570561,0.43105756,0.34426230,0.37256809,0.30022321,0.39387755,0.27272727,0.40072860,0.36616702,0.41983122,0.35981063,0.43529412,0.24301075,0.27898551,0.40942472,0.56906967,0.41192266,0.40428641,0.39797549,0.41570541,0.38827098
0.52577320,0.45945946,0.60486995,0.27070707,0.36511156,0.27777778,0.61547837,0.56724422,0.57975904,0.33079848,0.58214625,0.42026507,0.25641026,0.37111265,0.41373626,0.28661088,0.26612903,0.33103448,0.46597938,0.36570561,0.43105756,0.35516605,0.37256809,0.30022321,0.28205128,0.33447099,0.40072860,0.27205882,0.41983122,0.35981063,0.43529412,0.40831296,0.47122302,0.40942472,0.56906967,0.41192266,0.40428641,0.39797549,0.41570541,0.38827098
0.30578512,0.65112665,0.36599424,0.27070707,0.36511156,0.27777778,0.61547837,0.21610169,0.57975904,0.33079848,0.34237288,0.42026507,0.33333333,0.37111265,0.41373626,0.28661088,0.32114286,0.26470588,0.49600000,0.36570561,0.43105756,0.35516605,0.37256809,0.30022321,0.28205128,0.27272727,0.40072860,0.36616702,0.41983122,0.35981063,0.43529412,0.20454545,0.58640984,0.40942472,0.56906967,0.41192266,0.40428641,0.39797549,0.41570541,0.38827098
0.60943500,0.40447154,0.60486995,0.27070707,0.18205805,0.22813688,0.30487805,0.56724422,0.28571429,0.33079848,0.58214625,0.42026507,0.58858058,0.71404110,0.41373626,0.72955975,0.63134658,0.57394366,0.60483384,0.36570561,0.43105756,0.35516605,0.37256809,0.30022321,0.59856631,0.58106236,0.70000000,0.61169882,0.41983122,0.35981063,0.43529412,0.61182994,0.58640984,0.57772021,0.56906967,0.41192266,0.40428641,0.39797549,0.41570541,0.38827098
0.60943500,0.54732510,0.60486995,0.50199203,0.63481829,0.56921790,0.61547837,0.56724422,0.57975904,0.33079848,0.58214625,0.42026507,0.58858058,0.37111265,0.41373626,0.57398374,0.63134658,0.57394366,0.46597938,0.36570561,0.67123288,0.35516605,0.37256809,0.30022321,0.49328859,0.58106236,0.40072860,0.61169882,0.41983122,0.35981063,0.43529412,0.61182994,0.58640984,0.77173913,0.56906967,0.41192266,0.40428641,0.39797549,0.41570541,0.38827098
0.60943500,0.40447154,0.60486995,0.61524047,0.63481829,0.56921790,0.61547837,0.56724422,0.37850467,0.59348681,0.58214625,0.42026507,0.58858058,0.35195531,0.41373626,0.72955975,0.32114286,0.57394366,0.32033898,0.36570561,0.43105756,0.78527607,0.37256809,0.80259740,0.59856631,0.58106236,0.40072860,0.61169882,0.41983122,0.35981063,0.43529412,0.61182994,0.58640984,0.40942472,0.19130435,0.41192266,0.40428641,0.39797549,0.41570541,0.38827098
0.30578512,0.40447154,0.36599424,0.38876890,0.39333333,0.27777778,0.37598425,0.21610169,0.57975904,0.35211268,0.19708029,0.42026507,0.25641026,0.37111265,0.41373626,0.28661088,0.26612903,0.29257642,0.32033898,0.36570561,0.43105756,0.25974026,0.37256809,0.30022321,0.24347826,0.25742574,0.40072860,0.27205882,0.41983122,0.35981063,0.43529412,0.24301075,0.27898551,0.40942472,0.21428571,0.41192266,0.40428641,0.39797549,0.41570541,0.38827098
0.40070922,0.40447154,0.60486995,0.50199203,0.39333333,0.56921790,0.44545455,0.56724422,0.31250000,0.59348681,0.58214625,0.42026507,0.58858058,0.37111265,0.41373626,0.23364486,0.32114286,0.57394366,0.60483384,0.36570561,0.43105756,0.34426230,0.37256809,0.30022321,0.28205128,0.33447099,0.40072860,0.42682927,0.41983122,0.40350877,0.43529412,0.61182994,0.47122302,0.40942472,0.17575758,0.55952381,0.40428641,0.39797549,0.34782609,0.63250883
0.60943500,0.54732510,0.60486995,0.61524047,0.63481829,0.56921790,0.61547837,0.56724422,0.31250000,0.59348681,0.58214625,0.42026507,0.54054054,0.37111265,0.61181435,0.57398374,0.32114286,0.57394366,0.60483384,0.36570561,0.75784753,0.47152620,0.37256809,0.44571429,0.39387755,0.33447099,0.70000000,0.42682927,0.41983122,0.74430380,0.43529412,0.24301075,0.58640984,0.40942472,0.56906967,0.78325123,0.40428641,0.39797549,0.41570541,0.38827098
0.60943500,0.60194175,0.60486995,0.61524047,0.63481829,0.56921790,0.61547837,0.56724422,0.31250000,0.59348681,0.58214625,0.42026507,0.25641026,0.37111265,0.41373626,0.28661088,0.32114286,0.57394366,0.60483384,0.36570561,0.43105756,0.35516605,0.37256809,0.30022321,0.28205128,0.25742574,0.40072860,0.17567568,0.41983122,0.35981063,0.43529412,0.61182994,0.47222222,0.40942472,0.56906967,0.41192266,0.40428641,0.39797549,0.41570541,0.38827098
0.60943500,0.65112665,0.60486995,0.61524047,0.63481829,0.56921790,0.61547837,0.56724422,0.57975904,0.59348681,0.58214625,0.42026507,0.58858058,0.37111265,0.41373626,0.28661088,0.32114286,0.57394366,0.60483384,0.36570561,0.43105756,0.34426230,0.37256809,0.44571429,0.28205128,0.33447099,0.40072860,0.42682927,0.41983122,0.35981063,0.43529412,0.61182994,0.27898551,0.40942472,0.13114754,0.58682635,0.40428641,0.39797549,0.41570541,0.38827098
0.60943500,0.65112665,0.60486995,0.61524047,0.63481829,0.56921790,0.61547837,0.56724422,0.37850467,0.59348681,0.58214625,0.42026507,0.54054054,0.37111265,0.68896321,0.30564784,0.63134658,0.57394366,0.60483384,0.36570561,0.43105756,0.47152620,0.37256809,0.73597811,0.49328859,0.58106236,0.40072860,0.36616702,0.41983122,0.35981063,0.43529412,0.61182994,0.58640984,0.40942472,0.29629630,0.41192266,0.40428641,0.39797549,0.41570541,0.38827098
0.60943500,0.65112665,0.60486995,0.61524047,0.63481829,0.56921790,0.61547837,0.56724422,0.31250000,0.59348681,0.58214625,0.42026507,0.58858058,0.37111265,0.68896321,0.57398374,0.63134658,0.57394366,0.60483384,0.79120879,0.43105756,0.78527607,0.79856115,0.80259740,0.59856631,0.58106236,0.40072860,0.61169882,0.41983122,0.57272727,0.43529412,0.61182994,0.58640984,0.40942472,0.29629630,0.58682635,0.40428641,0.39797549,0.41570541,0.38827098
0.60943500,0.40447154,0.60486995,0.38876890,0.39333333,0.28571429,0.42331288,0.56724422,0.35135135,0.35211268,0.58214625,0.71428571,0.33333333,0.37111265,0.41373626,0.30564784,0.32114286,0.37931034,0.49600000,0.36570561,0.43105756,0.60229133,0.67469880,0.13043478,0.49328859,0.58106236,0.40072860,0.36616702,0.41983122,0.35981063,0.43529412,0.58252427,0.58640984,0.40942472,0.21428571,0.41192266,0.40428641,0.39797549,0.41570541,0.38827098
0.60943500,0.45945946,0.60486995,0.61524047,0.63481829,0.56921790,0.61547837,0.56724422,0.37850467,0.59348681,0.58214625,0.42026507,0.58858058,0.37111265,0.41373626,0.72955975,0.32114286,0.57394366,0.60483384,0.36570561,0.43105756,0.78527607,0.37256809,0.30022321,0.59856631,0.58106236,0.40072860,0.61169882,0.41983122,0.35981063,0.43529412,0.61182994,0.58640984,0.40942472,0.17575758,0.62670300,0.40428641,0.39797549,0.41570541,0.38827098
0.53846154,0.40447154,0.60486995,0.61524047,0.50476190,0.56921790,0.61547837,0.56724422,0.37850467,0.59348681,0.58214625,0.42026507,0.37685460,0.37111265,0.41373626,0.15789474,0.32114286,0.57394366,0.60483384,0.36570561,0.43105756,0.60229133,0.37256809,0.30022321,0.59856631,0.58106236,0.40072860,0.51098901,0.41983122,0.35981063,0.43529412,0.53003534,0.58640984,0.40942472,0.17575758,0.41192266,0.40428641,0.39797549,0.41570541,0.38827098
0.60943500,0.40447154,0.60486995,0.27070707,0.39333333,0.56921790,0.61547837,0.56724422,0.37850467,0.59348681,0.58214625,0.42026507,0.58858058,0.37111265,0.47826087,0.28661088,0.32114286,0.57394366,0.60483384,0.36570561,0.43105756,0.60229133,0.37256809,0.30022321,0.59856631,0.58106236,0.40072860,0.61169882,0.41983122,0.35981063,0.43529412,0.61182994,0.58640984,0.40942472,0.19130435,0.41192266,0.40428641,0.39797549,0.41570541,0.38827098
0.30578512,0.40447154,0.60486995,0.27070707,0.36511156,0.56921790,0.37837838,0.21610169,0.23076923,0.35211268,0.58214625,0.42026507,0.33333333,0.37111265,0.54437870,0.23364486,0.63134658,0.57394366,0.32033898,0.36570561,0.75784753,0.47152620,0.37256809,0.73597811,0.48717949,0.58106236,0.40072860,0.42682927,0.68794326,0.74430380,0.84090909,0.53003534,0.58640984,0.63903282,0.56906967,0.41192266,0.54708520,0.64619883,0.41570541,0.38827098
0.30578512,0.40447154,0.51190476,0.38876890,0.36511156,0.56921790,0.42331288,0.21610169,0.57975904,0.35211268,0.43750000,0.42026507,0.25641026,0.50107991,0.54437870,0.57398374,0.63134658,0.57394366,0.46597938,0.43181818,0.70247934,0.60229133,0.56164384,0.44571429,0.39387755,0.32967033,0.70000000,0.42682927,0.68794326,0.74430380,0.84931507,0.61182994,0.47122302,0.77173913,0.56906967,0.41192266,0.40428641,0.39797549,0.41570541,0.38827098
0.30578512,0.45945946,0.60486995,0.27070707,0.39333333,0.27777778,0.42331288,0.56724422,0.31250000,0.35211268,0.43750000,0.42026507,0.33333333,0.50107991,0.10000000,0.15789474,0.63134658,0.57394366,0.23312883,0.70403587,0.70247934,0.47152620,0.67469880,0.73597811,0.39387755,0.58106236,0.31250000,0.51098901,0.83333333,0.57272727,0.74452555,0.61182994,0.47122302,0.63903282,0.56906967,0.41192266,0.40428641,0.50216450,0.41570541,0.38827098
0.40070922,0.54732510,0.60486995,0.38876890,0.39333333,0.56921790,0.61547837,0.34228188,0.31250000,0.35211268,0.43902439,0.42026507,0.58858058,0.50107991,0.54437870,0.57398374,0.73578595,0.57394366,0.32033898,0.43181818,0.70247934,0.60229133,0.67469880,0.73597811,0.39387755,0.58106236,0.70000000,0.42682927,0.68794326,0.57272727,0.43529412,0.40831296,0.47222222,0.51006711,0.56906967,0.58682635,0.40428641,0.37878788,0.41570541,0.38827098
0.40070922,0.45945946,0.60486995,0.38876890,0.36511156,0.56921790,0.61547837,0.56724422,0.57975904,0.35211268,0.58214625,0.42026507,0.54054054,0.50107991,0.41373626,0.57398374,0.63134658,0.57394366,0.32033898,0.36570561,0.43105756,0.35516605,0.37256809,0.44571429,0.59856631,0.58106236,0.40072860,0.51098901,0.68794326,0.57272727,0.74452555,0.61182994,0.47222222,0.63903282,0.56906967,0.41192266,0.40428641,0.39797549,0.41570541,0.38827098
0.40070922,0.45945946,0.60486995,0.38876890,0.36511156,0.56921790,0.37837838,0.56724422,0.57975904,0.48387097,0.58214625,0.42026507,0.33333333,0.50107991,0.47826087,0.57398374,0.63134658,0.57394366,0.46597938,0.36570561,0.75784753,0.47152620,0.37256809,0.44571429,0.59856631,0.32967033,0.70000000,0.36616702,0.68794326,0.57272727,0.74766355,0.61182994,0.47222222,0.40942472,0.56906967,0.41192266,0.54708520,0.39797549,0.41570541,0.38827098
0.40070922,0.45945946,0.60486995,0.38876890,0.39333333,0.56921790,0.44545455,0.56724422,0.31250000,0.59348681,0.58214625,0.42026507,0.33333333,0.50107991,0.41373626,0.30564784,0.63134658,0.57394366,0.49600000,0.36570561,0.43105756,0.34426230,0.37256809,0.44571429,0.59856631,0.58106236,0.40072860,0.51098901,0.68794326,0.74430380,0.74766355,0.61182994,0.42307692,0.40942472,0.56906967,0.41192266,0.40428641,0.39797549,0.41570541,0.38827098
0.30578512,0.45945946,0.60486995,0.38876890,0.39333333,0.56921790,0.37837838,0.56724422,0.31250000,0.59348681,0.58214625,0.42026507,0.33333333,0.50107991,0.41373626,0.57398374,0.63134658,0.57394366,0.46597938,0.43181818,0.70247934,0.60229133,0.37256809,0.73597811,0.59856631,0.32967033,0.40072860,0.42682927,0.68794326,0.57272727,0.74766355,0.61182994,0.58640984,0.63903282,0.56906967,0.62670300,0.54708520,0.39797549,0.41570541,0.38827098
0.27702703,0.45945946,0.60486995,0.61524047,0.63481829,0.56921790,0.61547837,0.21610169,0.31944444,0.59348681,0.43750000,0.42026507,0.33333333,0.37111265,0.41373626,0.28661088,0.63134658,0.57394366,0.60483384,0.79120879,0.75784753,0.60229133,0.67469880,0.44571429,0.59856631,0.58106236,0.85093168,0.42682927,0.83333333,0.35981063,0.74766355,0.61182994,0.47122302,0.40942472,0.56906967,0.41192266,0.54708520,0.50216450,0.41570541,0.38827098
0.40070922,0.45945946,0.60486995,0.38876890,0.39333333,0.56921790,0.37837838,0.56724422,0.31250000,0.59348681,0.58214625,0.42026507,0.33333333,0.50107991,0.41373626,0.57398374,0.63134658,0.57394366,0.60483384,0.43181818,0.43105756,0.78527607,0.37256809,0.44571429,0.49328859,0.32967033,0.70000000,0.36616702,0.68794326,0.35981063,0.74766355,0.61182994,0.58640984,0.40942472,0.56906967,0.41192266,0.54708520,0.39797549,0.41570541,0.38827098
0.40070922,0.45945946,0.60486995,0.38876890,0.39333333,0.56921790,0.37837838,0.21610169,0.31944444,0.59348681,0.43750000,0.42026507,0.33333333,0.50107991,0.54437870,0.30564784,0.73578595,0.57394366,0.60483384,0.43181818,0.43105756,0.34426230,0.56164384,0.44571429,0.59856631,0.30434783,0.70000000,0.42682927,0.68794326,0.57272727,0.74766355,0.53003534,0.47122302,0.77173913,0.56906967,0.41192266,0.40428641,0.39797549,0.41570541,0.38827098
0.40070922,0.45945946,0.60486995,0.50199203,0.36511156,0.56921790,0.44545455,0.34228188,0.57975904,0.59348681,0.58214625,0.42026507,0.33333333,0.50107991,0.47826087,0.57398374,0.63134658,0.57394366,0.46597938,0.43181818,0.43105756,0.35516605,0.37256809,0.44571429,0.59856631,0.58106236,0.59821429,0.42682927,0.68794326,0.35981063,0.74766355,0.53003534,0.42307692,0.31818182,0.56906967,0.41192266,0.51162791,0.39797549,0.41570541,0.38827098
0.40070922,0.45945946,0.60486995,0.50199203,0.63481829,0.56921790,0.61547837,0.21568627,0.31944444,0.59348681,0.58214625,0.42026507,0.37685460,0.22222222,0.41373626,0.30564784,0.73578595,0.57394366,0.46597938,0.36570561,0.70247934,0.35516605,0.37256809,0.44571429,0.48717949,0.58106236,0.40072860,0.61169882,0.83333333,0.35981063,0.74766355,0.58252427,0.58640984,0.40942472,0.56906967,0.41192266,0.40428641,0.39797549,0.41570541,0.38827098
0.40070922,0.54732510,0.60486995,0.38876890,0.63481829,0.56921790,0.61547837,0.56724422,0.31250000,0.59348681,0.58214625,0.42026507,0.33333333,0.35195531,0.41373626,0.57398374,0.63134658,0.57394366,0.60483384,0.36570561,0.75784753,0.35516605,0.37256809,0.44571429,0.59856631,0.32967033,0.40072860,0.42682927,0.83333333,0.35981063,0.74452555,0.40831296,0.58640984,0.40942472,0.56906967,0.41192266,0.40428641,0.50216450,0.41570541,0.38827098
0.60943500,0.60194175,0.60486995,0.50199203,0.63481829,0.56921790,0.37837838,0.56724422,0.57975904,0.59348681,0.58214625,0.42026507,0.33333333,0.37111265,0.41373626,0.30564784,0.73578595,0.57394366,0.23312883,0.36570561,0.75784753,0.35516605,0.37256809,0.44571429,0.24347826,0.58106236,0.40072860,0.42682927,0.83333333,0.35981063,0.74766355,0.53003534,0.58640984,0.40942472,0.56906967,0.41192266,0.63486842,0.39797549,0.41570541,0.38827098
0.40070922,0.60194175,0.60486995,0.38876890,0.63481829,0.56921790,0.61547837,0.56724422,0.57975904,0.59348681,0.58214625,0.42026507,0.33333333,0.37111265,0.41373626,0.28661088,0.73578595,0.57394366,0.46597938,0.70403587,0.70247934,0.78527607,0.67469880,0.73597811,0.39387755,0.33447099,0.82300885,0.51098901,0.83333333,0.35981063,0.74766355,0.40831296,0.58640984,0.40942472,0.56906967,0.41192266,0.40428641,0.39797549,0.41570541,0.38827098
0.60943500,0.60194175,0.60486995,0.38876890,0.63481829,0.56921790,0.61547837,0.56724422,0.57975904,0.27777778,0.58214625,0.42026507,0.18518519,0.50107991,0.41373626,0.30564784,0.73578595,0.57394366,0.46597938,0.36570561,0.43105756,0.35516605,0.37256809,0.73597811,0.49328859,0.27272727,0.40072860,0.27205882,0.83333333,0.35981063,0.74452555,0.24301075,0.58640984,0.31818182,0.56906967,0.41192266,0.40428641,0.39797549,0.41570541,0.38827098
0.40070922,0.54732510,0.60486995,0.50199203,0.63481829,0.56921790,0.61547837,0.21568627,0.31250000,0.59348681,0.58214625,0.42026507,0.37685460,0.71404110,0.41373626,0.57398374,0.73578595,0.57394366,0.46597938,0.36570561,0.68932039,0.35516605,0.37256809,0.73597811,0.48717949,0.58106236,0.40072860,0.51098901,0.68794326,0.35981063,0.74766355,0.58252427,0.58640984,0.40942472,0.56906967,0.41192266,0.40428641,0.39797549,0.41570541,0.38827098
0.40070922,0.45945946,0.60486995,0.50199203,0.63481829,0.56921790,0.61547837,0.56724422,0.31250000,0.59348681,0.58214625,0.42026507,0.37685460,0.35195531,0.47826087,0.30564784,0.32114286,0.57394366,0.32033898,0.36570561,0.70247934,0.35516605,0.56164384,0.44571429,0.59856631,0.58106236,0.40072860,0.51098901,0.68794326,0.35981063,0.74452555,0.61182994,0.58640984,0.40942472,0.56906967,0.41192266,0.40428641,0.39797549,0.41570541,0.38827098
0.30578512,0.45945946,0.60486995,0.27070707,0.39333333,0.56921790,0.61547837,0.21610169,0.31250000,0.59348681,0.43902439,0.42026507,0.37685460,0.50107991,0.10000000,0.30564784,0.63134658,0.57394366,0.49600000,0.26666667,0.75784753,0.60229133,0.37256809,0.73597811,0.40000000,0.58106236,0.82300885,0.42682927,0.68794326,0.35981063,0.74452555,0.40831296,0.47222222,0.31818182,0.56906967,0.62670300,0.63486842,0.37878788,0.41570541,0.38827098
0.30578512,0.45945946,0.60486995,0.50199203,0.63481829,0.56921790,0.44545455,0.56724422,0.57975904,0.59348681,0.58214625,0.42026507,0.33333333,0.37111265,0.41373626,0.57398374,0.73578595,0.57394366,0.60483384,0.36570561,0.72413793,0.35516605,0.37256809,0.30022321,0.59856631,0.58106236,0.40072860,0.61169882,0.83333333,0.35981063,0.74766355,0.61182994,0.58640984,0.31818182,0.56906967,0.41192266,0.40428641,0.50216450,0.41570541,0.38827098
0.30578512,0.65112665,0.60486995,0.61524047,0.63481829,0.56921790,0.61547837,0.56724422,0.57975904,0.59348681,0.58214625,0.42026507,0.18518519,0.37111265,0.41373626,0.57398374,0.73578595,0.33103448,0.60483384,0.36570561,0.70247934,0.35516605,0.37256809,0.30022321,0.59856631,0.58106236,0.40072860,0.42682927,0.68794326,0.35981063,0.74452555,0.61182994,0.58640984,0.40942472,0.56906967,0.41192266,0.40428641,0.50216450,0.41570541,0.38827098
0.27702703,0.40447154,0.60486995,0.61524047,0.63481829,0.56921790,0.61547837,0.56724422,0.57975904,0.41196013,0.58214625,0.42026507,0.25641026,0.50107991,0.54437870,0.72955975,0.73578595,0.57394366,0.32033898,0.36570561,0.70247934,0.60229133,0.37256809,0.44571429,0.59856631,0.58106236,0.40072860,0.42682927,0.81147541,0.85840708,0.74452555,0.24301075,0.58640984,0.40942472,0.56906967,0.41192266,0.40428641,0.39797549,0.41570541,0.38827098
0.60943500,0.54732510,0.60486995,0.50199203,0.63481829,0.56921790,0.61547837,0.56724422,0.57975904,0.59348681,0.58214625,0.42026507,0.25641026,0.71404110,0.47826087,0.57398374,0.32114286,0.57394366,0.60483384,0.36570561,0.70247934,0.35516605,0.37256809,0.44571429,0.59856631,0.58106236,0.40072860,0.61169882,0.71014493,0.35981063,0.84931507,0.61182994,0.58640984,0.40942472,0.56906967,0.58682635,0.40428641,0.39797549,0.41570541,0.38827098
0.27702703,0.65112665,0.60486995,0.61524047,0.63481829,0.56921790,0.61547837,0.56724422,0.31250000,0.59348681,0.58214625,0.42026507,0.58858058,0.37111265,0.47826087,0.30564784,0.73578595,0.57394366,0.60483384,0.36570561,0.70247934,0.35516605,0.37256809,0.44571429,0.59856631,0.58106236,0.40072860,0.61169882,0.68794326,0.35981063,0.74766355,0.61182994,0.58640984,0.51006711,0.56906967,0.41192266,0.40428641,0.50216450,0.41570541,0.38827098
0.30578512,0.45945946,0.60486995,0.50199203,0.63481829,0.56921790,0.61547837,0.56724422,0.31250000,0.59348681,0.58214625,0.42026507,0.54054054,0.37111265,0.41373626,0.30564784,0.73578595,0.57394366,0.60483384,0.36570561,0.70247934,0.35516605,0.37256809,0.44571429,0.59856631,0.58106236,0.40072860,0.61169882,0.68794326,0.35981063,0.74452555,0.61182994,0.58640984,0.40942472,0.56906967,0.41192266,0.40428641,0.39797549,0.41570541,0.38827098
0.27702703,0.65112665,0.60486995,0.61524047,0.63481829,0.56921790,0.61547837,0.56724422,0.31250000,0.59348681,0.58214625,0.42026507,0.58858058,0.71404110,0.41373626,0.72955975,0.73578595,0.57394366,0.60483384,0.79120879,0.70247934,0.35516605,0.37256809,0.32492114,0.59856631,0.58106236,0.40072860,0.61169882,0.68794326,0.57272727,0.74766355,0.61182994,0.58640984,0.40942472,0.56906967,0.41192266,0.40428641,0.39797549,0.41570541,0.38827098
0.27702703,0.65112665,0.60486995,0.61524047,0.63481829,0.56921790,0.61547837,0.56724422,0.57975904,0.59348681,0.58214625,0.42026507,0.33333333,0.37111265,0.41373626,0.28661088,0.32114286,0.57394366,0.60483384,0.36570561,0.70247934,0.35516605,0.37256809,0.32492114,0.59856631,0.58106236,0.40072860,0.61169882,0.83333333,0.85840708,0.74766355,0.61182994,0.58640984,0.40942472,0.56906967,0.41192266,0.40428641,0.50216450,0.41570541,0.38827098
0.40070922,0.54732510,0.60486995,0.52631579,0.63481829,0.56921790,0.61547837,0.56724422,0.31250000,0.59348681,0.43902439,0.42026507,0.37685460,0.35195531,0.41373626,0.57398374,0.28348214,0.57394366,0.60483384,0.36570561,0.43105756,0.35516605,0.37256809,0.44571429,0.59856631,0.58106236,0.40072860,0.61169882,0.68794326,0.35981063,0.74766355,0.58252427,0.58640984,0.40942472,0.56906967,0.41192266,0.40428641,0.39797549,0.41570541,0.38827098
0.30578512,0.45945946,0.60486995,0.38876890,0.39333333,0.56921790,0.42331288,0.21610169,0.57975904,0.35211268,0.34237288,0.42026507,0.33333333,0.37111265,0.41373626,0.30564784,0.73578595,0.33103448,0.32033898,0.36570561,0.70247934,0.60229133,0.37256809,0.73597811,0.49328859,0.32967033,0.70000000,0.42682927,0.68794326,0.85840708,0.74766355,0.58252427,0.47122302,0.40942472,0.56906967,0.41192266,0.40428641,0.64619883,0.41570541,0.38827098
0.27702703,0.45945946,0.60486995,0.50199203,0.63481829,0.56921790,0.61547837,0.56724422,0.31944444,0.59348681,0.58214625,0.42026507,0.33333333,0.37111265,0.41373626,0.28661088,0.73578595,0.57394366,0.46597938,0.79120879,0.43105756,0.35516605,0.67469880,0.44571429,0.59856631,0.58106236,0.40072860,0.61169882,0.83333333,0.35981063,0.74766355,0.61182994,0.58640984,0.40942472,0.56906967,0.41192266,0.40428641,0.50216450,0.41570541,0.38827098
0.30578512,0.54732510,0.60486995,0.50199203,0.39333333,0.56921790,0.42331288,0.21568627,0.57975904,0.35211268,0.43902439,0.42026507,0.25641026,0.37111265,0.47826087,0.30564784,0.63134658,0.57394366,0.47058824,0.26666667,0.75784753,0.47152620,0.37256809,0.44571429,0.39387755,0.33447099,0.70000000,0.36616702,0.68794326,0.74430380,0.74766355,0.61182994,0.58640984,0.40942472,0.56906967,0.41192266,0.63486842,0.39797549,0.41570541,0.38827098
0.40070922,0.54732510,0.60486995,0.50199203,0.63481829,0.56921790,0.61547837,0.56724422,0.57975904,0.41196013,0.58214625,0.42026507,0.25641026,0.37111265,0.41373626,0.57398374,0.73578595,0.37931034,0.46597938,0.36570561,0.70247934,0.34426230,0.37256809,0.73597811,0.39387755,0.32967033,0.40072860,0.36616702,0.68794326,0.74430380,0.74452555,0.24301075,0.58640984,0.11111111,0.56906967,0.78325123,0.63486842,0.39797549,0.41570541,0.38827098
0.52577320,0.45945946,0.60486995,0.38876890,0.63481829,0.56921790,0.61547837,0.56724422,0.57975904,0.35211268,0.58214625,0.42026507,0.25641026,0.37111265,0.54437870,0.57398374,0.73578595,0.57394366,0.32033898,0.36570561,0.70247934,0.60229133,0.37256809,0.80259740,0.59856631,0.33447099,0.59821429,0.51098901,0.68794326,0.57272727,0.74452555,0.40831296,0.58640984,0.51006711,0.56906967,0.62670300,0.54708520,0.39797549,0.41570541,0.38827098
0.40070922,0.54732510,0.60486995,0.52631579,0.63481829,0.56921790,0.61547837,0.56724422,0.57975904,0.41196013,0.58214625,0.42026507,0.54054054,0.37111265,0.41373626,0.30564784,0.73578595,0.57394366,0.46597938,0.36570561,0.67123288,0.35516605,0.67469880,0.73597811,0.59856631,0.58106236,0.31250000,0.61169882,0.83333333,0.40350877,0.74452555,0.61182994,0.58640984,0.40942472,0.56906967,0.41192266,0.40428641,0.64619883,0.41570541,0.38827098
0.30578512,0.54732510,0.60486995,0.61524047,0.63481829,0.56921790,0.42331288,0.56724422,0.31250000,0.59348681,0.58214625,0.42026507,0.58858058,0.50107991,0.41373626,0.57398374,0.63134658,0.57394366,0.60483384,0.36570561,0.43105756,0.60229133,0.37256809,0.44571429,0.59856631,0.58106236,0.40072860,0.61169882,0.68794326,0.35981063,0.74452555,0.61182994,0.58640984,0.40942472,0.56906967,0.62670300,0.40428641,0.39797549,0.41570541,0.38827098
0.60943500,0.65112665,0.60486995,0.61524047,0.63481829,0.56921790,0.37837838,0.56724422,0.31250000,0.59348681,0.58214625,0.42026507,0.37685460,0.37111265,0.47826087,0.30564784,0.63134658,0.57394366,0.46597938,0.36570561,0.70247934,0.35516605,0.37256809,0.32492114,0.59856631,0.58106236,0.40072860,0.51098901,0.68794326,0.35981063,0.74452555,0.61182994,0.58640984,0.63903282,0.56906967,0.41192266,0.40428641,0.39797549,0.41570541,0.38827098
0.60943500,0.65112665,0.60486995,0.61524047,0.63481829,0.56921790,0.61547837,0.56724422,0.31944444,0.59348681,0.58214625,0.42026507,0.18518519,0.37111265,0.41373626,0.28661088,0.73578595,0.29257642,0.46597938,0.36570561,0.43105756,0.35516605,0.37256809,0.32492114,0.28205128,0.58106236,0.82300885,0.42682927,0.83333333,0.57272727,0.74766355,0.40831296,0.27898551,0.31818182,0.56906967,0.41192266,0.40428641,0.39797549,0.41570541,0.38827098
0.60943500,0.65112665,0.60486995,0.62500000,0.63481829,0.56921790,0.61547837,0.56724422,0.31944444,0.59348681,0.58214625,0.42026507,0.33333333,0.37111265,0.41373626,0.28661088,0.63134658,0.57394366,0.60483384,0.36570561,0.70247934,0.35516605,0.37256809,0.44571429,0.59856631,0.58106236,0.59821429,0.61169882,0.83333333,0.35981063,0.74766355,0.72222222,0.47222222,0.57772021,0.56906967,0.41192266,0.40428641,0.39797549,0.41570541,0.38827098
0.60943500,0.65112665,0.60486995,0.61524047,0.50476190,0.56921790,0.61547837,0.34228188,0.31250000,0.59348681,0.58214625,0.42026507,0.58858058,0.50107991,0.41373626,0.30564784,0.63134658,0.57394366,0.60483384,0.36570561,0.54411765,0.35516605,0.37256809,0.29629630,0.59856631,0.58106236,0.40072860,0.61169882,0.68794326,0.35981063,0.74452555,0.61182994,0.58640984,0.40942472,0.56906967,0.41192266,0.40428641,0.39797549,0.41570541,0.38827098
0.60943500,0.65112665,0.60486995,0.61524047,0.63481829,0.56921790,0.61547837,0.56724422,0.57975904,0.59348681,0.58214625,0.42026507,0.33333333,0.37111265,0.47826087,0.28661088,0.73578595,0.57394366,0.46597938,0.36570561,0.43105756,0.35516605,0.37256809,0.44571429,0.59856631,0.58106236,0.82300885,0.61169882,0.68794326,0.35981063,0.74452555,0.40831296,0.58640984,0.57772021,0.56906967,0.41192266,0.40428641,0.39797549,0.41570541,0.38827098
0.60943500,0.65112665,0.60486995,0.61524047,0.63481829,0.56921790,0.61547837,0.56724422,0.57975904,0.59348681,0.58214625,0.42026507,0.58858058,0.37111265,0.41373626,0.28661088,0.63134658,0.57394366,0.60483384,0.36570561,0.43105756,0.35516605,0.37256809,0.32492114,0.59856631,0.58106236,0.40072860,0.61169882,0.68794326,0.35981063,0.74452555,0.61182994,0.58640984,0.40942472,0.56906967,0.41192266,0.40428641,0.39797549,0.41570541,0.38827098
0.52577320,0.54732510,0.60486995,0.38876890,0.50476190,0.28571429,0.44545455,0.56724422,0.37850467,0.41196013,0.58214625,0.42026507,0.33333333,0.50107991,0.47826087,0.30564784,0.63134658,0.33103448,0.32033898,0.26666667,0.75784753,0.35516605,0.37256809,0.44571429,0.39387755,0.58106236,0.31250000,0.42682927,0.59183673,0.74430380,0.74452555,0.61182994,0.58640984,0.40942472,0.56906967,0.41192266,0.63486842,0.39797549,0.41570541,0.38827098
0.52577320,0.60194175,0.60486995,0.50199203,0.50476190,0.56921790,0.44545455,0.56724422,0.57975904,0.41196013,0.58214625,0.42026507,0.33333333,0.37111265,0.41373626,0.72955975,0.63134658,0.33103448,0.60483384,0.70403587,0.70247934,0.35516605,0.37256809,0.73597811,0.48717949,0.30434783,0.40072860,0.51098901,0.68794326,0.57272727,0.74452555,0.61182994,0.42307692,0.40942472,0.56906967,0.41192266,0.54708520,0.64619883,0.41570541,0.38827098
0.30578512,0.65112665,0.60486995,0.38876890,0.63481829,0.56921790,0.37837838,0.56724422,0.57975904,0.41196013,0.58214625,0.42026507,0.25641026,0.50107991,0.10000000,0.30564784,0.63134658,0.33103448,0.60483384,0.70403587,0.70247934,0.60229133,0.37256809,0.73597811,0.39387755,0.33447099,0.82300885,0.36616702,0.83333333,0.74430380,0.74452555,0.24301075,0.47122302,0.40942472,0.56906967,0.41192266,0.63486842,0.50216450,0.41570541,0.38827098
0.40070922,0.54732510,0.60486995,0.38876890,0.63481829,0.56921790,0.61547837,0.21568627,0.57975904,0.41196013,0.50000000,0.42026507,0.54054054,0.50107991,0.10000000,0.57398374,0.63134658,0.57394366,0.60483384,0.70403587,0.70247934,0.35516605,0.37256809,0.73597811,0.39387755,0.58106236,0.82300885,0.42682927,0.68794326,0.57272727,0.74452555,0.61182994,0.42307692,0.40942472,0.56906967,0.41192266,0.40428641,0.50216450,0.41570541,0.38827098
0.30578512,0.40447154,0.60486995,0.50199203,0.50476190,0.56921790,0.44545455,0.21610169,0.31250000,0.59348681,0.43750000,0.42026507,0.25641026,0.35195531,0.41373626,0.72955975,0.32114286,0.26470588,0.60483384,0.70403587,0.68932039,0.47152620,0.33333333,0.44571429,0.39387755,0.27272727,0.40072860,0.36616702,0.81147541,0.35981063,0.84090909,0.61182994,0.34492754,0.40942472,0.56906967,0.41192266,0.40428641,0.64619883,0.71484375,0.38827098
0.60943500,0.65112665,0.60486995,0.61524047,0.63481829,0.56921790,0.61547837,0.21610169,0.57975904,0.59348681,0.58214625,0.42026507,0.33333333,0.71404110,0.41373626,0.72955975,0.73578595,0.26470588,0.46597938,0.79120879,0.54411765,0.60229133,0.67469880,0.44571429,0.28205128,0.27272727,0.70000000,0.27205882,0.41983122,0.35981063,0.43529412,0.40831296,0.21276596,0.40942472,0.56906967,0.41192266,0.40428641,0.39797549,0.41570541,0.38827098
0.60943500,0.65112665,0.60486995,0.61524047,0.63481829,0.56921790,0.61547837,0.56724422,0.31250000,0.59348681,0.58214625,0.70588235,0.33333333,0.37111265,0.41373626,0.28661088,0.32114286,0.57394366,0.60483384,0.83882784,0.43105756,0.34426230,0.79856115,0.44571429,0.59856631,0.58106236,0.40072860,0.42682927,0.41983122,0.35981063,0.43529412,0.61182994,0.34492754,0.40942472,0.21428571,0.41192266,0.40428641,0.39797549,0.41570541,0.38827098
0.60943500,0.54732510,0.49411765,0.61524047,0.63481829,0.56921790,0.61547837,0.56724422,0.37850467,0.59348681,0.34237288,0.70588235,0.54054054,0.37111265,0.41373626,0.30564784,0.32114286,0.26470588,0.60483384,0.36570561,0.43105756,0.35516605,0.67469880,0.44571429,0.39387755,0.33447099,0.40072860,0.61169882,0.41983122,0.35981063,0.43529412,0.24301075,0.47222222,0.40942472,0.56906967,0.41192266,0.78318584,0.39797549,0.41570541,0.38827098
0.40070922,0.54732510,0.60486995,0.61524047,0.63481829,0.56921790,0.61547837,0.56724422,0.57975904,0.59348681,0.58214625,0.71428571,0.58858058,0.50107991,0.41373626,0.30564784,0.26612903,0.57394366,0.60483384,0.70403587,0.43105756,0.78527607,0.82817869,0.73597811,0.28205128,0.58106236,0.31250000,0.61169882,0.41983122,0.35981063,0.43529412,0.72222222,0.58640984,0.40942472,0.56906967,0.41192266,0.40428641,0.39797549,0.41570541,0.38827098
0.30578512,0.54732510,0.60486995,0.61524047,0.63481829,0.56921790,0.37598425,0.56724422,0.37850467,0.59348681,0.58214625,0.78294574,0.25641026,0.71404110,0.41373626,0.72955975,0.82608696,0.57394366,0.47058824,0.36570561,0.43105756,0.35516605,0.37256809,0.73597811,0.24347826,0.58106236,0.59821429,0.17567568,0.41983122,0.35981063,0.43529412,0.24301075,0.58640984,0.40942472,0.56906967,0.62670300,0.63486842,0.39797549,0.41570541,0.38827098
0.60943500,0.40447154,0.60486995,0.61524047,0.63481829,0.56921790,0.61547837,0.56724422,0.35135135,0.59348681,0.58214625,0.78294574,0.58858058,0.37111265,0.41373626,0.28661088,0.32114286,0.57394366,0.60483384,0.79120879,0.43105756,0.47152620,0.37256809,0.73597811,0.39387755,0.58106236,0.40072860,0.42682927,0.41983122,0.85840708,0.43529412,0.61182994,0.58640984,0.77173913,0.56906967,0.58682635,0.40428641,0.39797549,0.82539683,0.81382979
0.60943500,0.65112665,0.60486995,0.61524047,0.63481829,0.56921790,0.61547837,0.56724422,0.31250000,0.59348681,0.58214625,0.78294574,0.25641026,0.77210884,0.41373626,0.72955975,0.32114286,0.57394366,0.60483384,0.83882784,0.43105756,0.35516605,0.79856115,0.85294118,0.49328859,0.58106236,0.40072860,0.42682927,0.41983122,0.85840708,0.43529412,0.61182994,0.58640984,0.63903282,0.56906967,0.41192266,0.40428641,0.39797549,0.41570541,0.38827098
0.60943500,0.65112665,0.60486995,0.61524047,0.63481829,0.56921790,0.61547837,0.56724422,0.31250000,0.59348681,0.58214625,0.42026507,0.33333333,0.37111265,0.41373626,0.30564784,0.32114286,0.57394366,0.32033898,0.36570561,0.43105756,0.35516605,0.37256809,0.32492114,0.39387755,0.33447099,0.59821429,0.36616702,0.41983122,0.35981063,0.43529412,0.53003534,0.47222222,0.40942472,0.19130435,0.41192266,0.40428641,0.39797549,0.41570541,0.38827098
0.60943500,0.65112665,0.60486995,0.61524047,0.63481829,0.56921790,0.61547837,0.56724422,0.31250000,0.59348681,0.58214625,0.70588235,0.33333333,0.50107991,0.41373626,0.72955975,0.32114286,0.57394366,0.46597938,0.36570561,0.68932039,0.78527607,0.37256809,0.73597811,0.39387755,0.33447099,0.70000000,0.36616702,0.41983122,0.35981063,0.43529412,0.53003534,0.47122302,0.40942472,0.56906967,0.41192266,0.40428641,0.39797549,0.48837209,0.71947195
0.60943500,0.45945946,0.60486995,0.61524047,0.63481829,0.56921790,0.61547837,0.56724422,0.57975904,0.59348681,0.06250000,0.84821429,0.58858058,0.37111265,0.41373626,0.72955975,0.73578595,0.57394366,0.60483384,0.36570561,0.43105756,0.35516605,0.37256809,0.80259740,0.28205128,0.58106236,0.70000000,0.61169882,0.41983122,0.35981063,0.43529412,0.61182994,0.27898551,0.40942472,0.56906967,0.78325123,0.63486842,0.39797549,0.41570541,0.38827098
0.40070922,0.65112665,0.49411765,0.27070707,0.18205805,0.27777778,0.22093023,0.21610169,0.23076923,0.41196013,0.58214625,0.71428571,0.33333333,0.37111265,0.60683761,0.77593361,0.73578595,0.57394366,0.32033898,0.43181818,0.43105756,0.35516605,0.37256809,0.80259740,0.24347826,0.58106236,0.40072860,0.36616702,0.41983122,0.35981063,0.43529412,0.24301075,0.27898551,0.40942472,0.17575758,0.41192266,0.40428641,0.39797549,0.41570541,0.38827098
0.27702703,0.54732510,0.60486995,0.61524047,0.63481829,0.56921790,0.42331288,0.56724422,0.31250000,0.35211268,0.58214625,0.84821429,0.33333333,0.77210884,0.41373626,0.72955975,0.73578595,0.57394366,0.32033898,0.79120879,0.67123288,0.78527607,0.79856115,0.80259740,0.59856631,0.32967033,0.40072860,0.51098901,0.41983122,0.74430380,0.43529412,0.61182994,0.58640984,0.40942472,0.56906967,0.88135593,0.40428641,0.39797549,0.41570541,0.38827098
0.30578512,0.65112665,0.36599424,0.61524047,0.63481829,0.56921790,0.61547837,0.56724422,0.31944444,0.41196013,0.58214625,0.71428571,0.37685460,0.71404110,0.41373626,0.77593361,0.82608696,0.57394366,0.32033898,0.36570561,0.75784753,0.35516605,0.82817869,0.80259740,0.59856631,0.58106236,0.40072860,0.36616702,0.41983122,0.74430380,0.43529412,0.61182994,0.58640984,0.40942472,0.56906967,0.78325123,0.40428641,0.39797549,0.82539683,0.38827098
0.60943500,0.65112665,0.60486995,0.61524047,0.63481829,0.56921790,0.61547837,0.56724422,0.37850467,0.59348681,0.58214625,0.42026507,0.58858058,0.37111265,0.41373626,0.28661088,0.63134658,0.57394366,0.60483384,0.36570561,0.43105756,0.35516605,0.37256809,0.73597811,0.59856631,0.58106236,0.40072860,0.61169882,0.41983122,0.35981063,0.43529412,0.61182994,0.58640984,0.40942472,0.56906967,0.41192266,0.40428641,0.39797549,0.41570541,0.38827098
0.30578512,0.22615804,0.36599424,0.50199203,0.36511156,0.56921790,0.61547837,0.56724422,0.31250000,0.41196013,0.58214625,0.78294574,0.58858058,0.50107991,0.41373626,0.57398374,0.32114286,0.57394366,0.60483384,0.36570561,0.43105756,0.35516605,0.37256809,0.30022321,0.59856631,0.58106236,0.40072860,0.61169882,0.41983122,0.35981063,0.43529412,0.61182994,0.58640984,0.40942472,0.21428571,0.41192266,0.78318584,0.39797549,0.41570541,0.38827098
0.30578512,0.40447154,0.49411765,0.61524047,0.50476190,0.56921790,0.22093023,0.34228188,0.31250000,0.41196013,0.58214625,0.70588235,0.37685460,0.71404110,0.41373626,0.73333333,0.28348214,0.57394366,0.60483384,0.79120879,0.43105756,0.35516605,0.37256809,0.73597811,0.28205128,0.33447099,0.40072860,0.27205882,0.41983122,0.74430380,0.43529412,0.72222222,0.34492754,0.40942472,0.21428571,0.41192266,0.40428641,0.39797549,0.41570541,0.38827098
0.30578512,0.40447154,0.60486995,0.61524047,0.63481829,0.56921790,0.42331288,0.56724422,0.31250000,0.35211268,0.58214625,0.84821429,0.33333333,0.71404110,0.60683761,0.77593361,0.32114286,0.57394366,0.60483384,0.79120879,0.43105756,0.78527607,0.67469880,0.80259740,0.59856631,0.32967033,0.40072860,0.36616702,0.41983122,0.74430380,0.43529412,0.61182994,0.58640984,0.40942472,0.29629630,0.41192266,0.40428641,0.39797549,0.41570541,0.81382979
0.30578512,0.65112665,0.60486995,0.61524047,0.63481829,0.56921790,0.42331288,0.56724422,0.57975904,0.35211268,0.58214625,0.42026507,0.37685460,0.50107991,0.41373626,0.28661088,0.32114286,0.57394366,0.46597938,0.36570561,0.43105756,0.60229133,0.37256809,0.73597811,0.48717949,0.58106236,0.40072860,0.42682927,0.41983122,0.35981063,0.43529412,0.53003534,0.58640984,0.63903282,0.56906967,0.58682635,0.40428641,0.39797549,0.41570541,0.38827098
0.60943500,0.65112665,0.60486995,0.61524047,0.63481829,0.56921790,0.61547837,0.56724422,0.37850467,0.59348681,0.58214625,0.70588235,0.58858058,0.37111265,0.41373626,0.28661088,0.32114286,0.57394366,0.60483384,0.36570561,0.68932039,0.35516605,0.37256809,0.73597811,0.59856631,0.27272727,0.40072860,0.61169882,0.41983122,0.35981063,0.43529412,0.61182994,0.58640984,0.40942472,0.56906967,0.41192266,0.40428641,0.39797549,0.41570541,0.71947195
0.30578512,0.40447154,0.49411765,0.27070707,0.18205805,0.22813688,0.30487805,0.21568627,0.31250000,0.33079848,0.43750000,0.42026507,0.25641026,0.50107991,0.41373626,0.30564784,0.28348214,0.33103448,0.23312883,0.26666667,0.43105756,0.35516605,0.33333333,0.32492114,0.48717949,0.58106236,0.40072860,0.42682927,0.81147541,0.57272727,0.84931507,0.40831296,0.47122302,0.40942472,0.56906967,0.41192266,0.40428641,0.33333333,0.41570541,0.38827098
0.40070922,0.40447154,0.60486995,0.38876890,0.39333333,0.27777778,0.42331288,0.56724422,0.57975904,0.59348681,0.43750000,0.42026507,0.37685460,0.37111265,0.41373626,0.28661088,0.63134658,0.57394366,0.23312883,0.36570561,0.43105756,0.35516605,0.37256809,0.30022321,0.39387755,0.32967033,0.59821429,0.42682927,0.41983122,0.57272727,0.43529412,0.61182994,0.58640984,0.57772021,0.56906967,0.41192266,0.40428641,0.39797549,0.41570541,0.38827098
0.40070922,0.40447154,0.60486995,0.50199203,0.39333333,0.56921790,0.42331288,0.56724422,0.37850467,0.35211268,0.58214625,0.42026507,0.37685460,0.77210884,0.54437870,0.57398374,0.28348214,0.57394366,0.46597938,0.36570561,0.43105756,0.47152620,0.37256809,0.44571429,0.39387755,0.58106236,0.40072860,0.51098901,0.41983122,0.35981063,0.43529412,0.24301075,0.58640984,0.33333333,0.56906967,0.55952381,0.40428641,0.86407767,0.71484375,0.71947195
0.52577320,0.40447154,0.60486995,0.50199203,0.63481829,0.56921790,0.44545455,0.56724422,0.31250000,0.59348681,0.34237288,0.42026507,0.37685460,0.50107991,0.41373626,0.30564784,0.63134658,0.57394366,0.46597938,0.43181818,0.70247934,0.78527607,0.37256809,0.73597811,0.39387755,0.33447099,0.82300885,0.36616702,0.41983122,0.86607143,0.43529412,0.40831296,0.58640984,0.63903282,0.56906967,0.58682635,0.40428641,0.64619883,0.41570541,0.63250883
0.30578512,0.40447154,0.60486995,0.38876890,0.36511156,0.27777778,0.42331288,0.34228188,0.31250000,0.33079848,0.19708029,0.78294574,0.33333333,0.71404110,0.41373626,0.72955975,0.73578595,0.57394366,0.32033898,0.76923077,0.43105756,0.60229133,0.76223776,0.73597811,0.39387755,0.58106236,0.59821429,0.42682927,0.41983122,0.74430380,0.43529412,0.20454545,0.47122302,0.63903282,0.25000000,0.41192266,0.40428641,0.64619883,0.41570541,0.38827098
0.40070922,0.45945946,0.60486995,0.61524047,0.63481829,0.56921790,0.44545455,0.56724422,0.57975904,0.59348681,0.58214625,0.42026507,0.25641026,0.37111265,0.41373626,0.57398374,0.32114286,0.29257642,0.46597938,0.70403587,0.43105756,0.47152620,0.37256809,0.32492114,0.28205128,0.27272727,0.70000000,0.36616702,0.41983122,0.35981063,0.43529412,0.61182994,0.34492754,0.57772021,0.56906967,0.41192266,0.54708520,0.39797549,0.41570541,0.38827098
0.30578512,0.40447154,0.60486995,0.61524047,0.39333333,0.56921790,0.61547837,0.56724422,0.37850467,0.59348681,0.34237288,0.42026507,0.58858058,0.50107991,0.41373626,0.28661088,0.63134658,0.33103448,0.46597938,0.36570561,0.43105756,0.35516605,0.37256809,0.32492114,0.28205128,0.27272727,0.40072860,0.36616702,0.41983122,0.57272727,0.43529412,0.24301075,0.21276596,0.51006711,0.56906967,0.41192266,0.40428641,0.39797549,0.41570541,0.38827098
0.26562500,0.40447154,0.60486995,0.61524047,0.63481829,0.28571429,0.42331288,0.21610169,0.57975904,0.35211268,0.28957529,0.42026507,0.25641026,0.50107991,0.41373626,0.30564784,0.63134658,0.26470588,0.32033898,0.43181818,0.43105756,0.47152620,0.56164384,0.32492114,0.28205128,0.27272727,0.31250000,0.36616702,0.41983122,0.40350877,0.43529412,0.20454545,0.11764706,0.40942472,0.56906967,0.41192266,0.51162791,0.39797549,0.41570541,0.38827098
0.30578512,0.45945946,0.60486995,0.61524047,0.50476190,0.56921790,0.44545455,0.34228188,0.57975904,0.59348681,0.58214625,0.42026507,0.37685460,0.37111265,0.47826087,0.30564784,0.28348214,0.26470588,0.46597938,0.70403587,0.43105756,0.47152620,0.37256809,0.32492114,0.39387755,0.58106236,0.59821429,0.36616702,0.41983122,0.25000000,0.43529412,0.40831296,0.27898551,0.40942472,0.56906967,0.41192266,0.40428641,0.39797549,0.41570541,0.38827098
0.27702703,0.40447154,0.60486995,0.38876890,0.36511156,0.56921790,0.37598425,0.19718310,0.31250000,0.35211268,0.58214625,0.42026507,0.25641026,0.71404110,0.69435216,0.72955975,0.73578595,0.57394366,0.46597938,0.83882784,0.75784753,0.60229133,0.79856115,0.73597811,0.28205128,0.27272727,0.40072860,0.27205882,0.41983122,0.57272727,0.43529412,0.40831296,0.21276596,0.63903282,0.56906967,0.41192266,0.63486842,0.39797549,0.41570541,0.38827098
0.27702703,0.40447154,0.60486995,0.38876890,0.18205805,0.56921790,0.30487805,0.15000000,0.31944444,0.33079848,0.23913043,0.42026507,0.25641026,0.37111265,0.41373626,0.28661088,0.63134658,0.29257642,0.32033898,0.36570561,0.43105756,0.35516605,0.37256809,0.30022321,0.28205128,0.58106236,0.59821429,0.27205882,0.71014493,0.35981063,0.88888889,0.20454545,0.11764706,0.57772021,0.56906967,0.55952381,0.40428641,0.39797549,0.41570541,0.38827098
0.40070922,0.22615804,0.60486995,0.52631579,0.63481829,0.56921790,0.61547837,0.56724422,0.57975904,0.59348681,0.58214625,0.42026507,0.58858058,0.37111265,0.41373626,0.28661088,0.63134658,0.33103448,0.60483384,0.36570561,0.43105756,0.35516605,0.37256809,0.30022321,0.39387755,0.33447099,0.40072860,0.27205882,0.41983122,0.35981063,0.43529412,0.24301075,0.58640984,0.40942472,0.56906967,0.58682635,0.40428641,0.50216450,0.71484375,0.38827098
0.30578512,0.22615804,0.36599424,0.52631579,0.39333333,0.56921790,0.61547837,0.56724422,0.37850467,0.59348681,0.19708029,0.42026507,0.37685460,0.37111265,0.41373626,0.28661088,0.26612903,0.26470588,0.32033898,0.36570561,0.43105756,0.35516605,0.37256809,0.30022321,0.39387755,0.33447099,0.40072860,0.42682927,0.41983122,0.35981063,0.43529412,0.61182994,0.34492754,0.40942472,0.56906967,0.41192266,0.40428641,0.86407767,0.41570541,0.38827098
0.30578512,0.22615804,0.60486995,0.38876890,0.36511156,0.56921790,0.37598425,0.56724422,0.35135135,0.59348681,0.58214625,0.70588235,0.58858058,0.50107991,0.41373626,0.57398374,0.32114286,0.33103448,0.47058824,0.79120879,0.43105756,0.60229133,0.37256809,0.30022321,0.39387755,0.58106236,0.40072860,0.61169882,0.41983122,0.74430380,0.43529412,0.53003534,0.34492754,0.40942472,0.56906967,0.41192266,0.40428641,0.64619883,0.41570541,0.45454545
0.30578512,0.22615804,0.21568627,0.38876890,0.36511156,0.22813688,0.37598425,0.19718310,0.57975904,0.33079848,0.28957529,0.42026507,0.18518519,0.37111265,0.41373626,0.28661088,0.32114286,0.57394366,0.60483384,0.36570561,0.43105756,0.34426230,0.37256809,0.32492114,0.24347826,0.25742574,0.40072860,0.27205882,0.41983122,0.35981063,0.43529412,0.20454545,0.21276596,0.63903282,0.56906967,0.41192266,0.25000000,0.64619883,0.48837209,0.56934307
0.27702703,0.16233766,0.24340176,0.27070707,0.18205805,0.22813688,0.37598425,0.15000000,0.57975904,0.59348681,0.06250000,0.42026507,0.25641026,0.22222222,0.41373626,0.30564784,0.32114286,0.57394366,0.32033898,0.70403587,0.67123288,0.47152620,0.37256809,0.32492114,0.28205128,0.25742574,0.59821429,0.36616702,0.41983122,0.85840708,0.43529412,0.12500000,0.21276596,0.57772021,0.56906967,0.41192266,0.51162791,0.39797549,0.41570541,0.38827098
0.40070922,0.22615804,0.60486995,0.38876890,0.18205805,0.27777778,0.37598425,0.56724422,0.31250000,0.59348681,0.43750000,0.42026507,0.33333333,0.50107991,0.41373626,0.57398374,0.32114286,0.26470588,0.32033898,0.36570561,0.43105756,0.47152620,0.56164384,0.44571429,0.28205128,0.27272727,0.40072860,0.27205882,0.41983122,0.25000000,0.43529412,0.24301075,0.58640984,0.31818182,0.56906967,0.41192266,0.63486842,0.39797549,0.41570541,0.45454545
0.52577320,0.45945946,0.60486995,0.38876890,0.63481829,0.56921790,0.61547837,0.56724422,0.31250000,0.59348681,0.58214625,0.42026507,0.25641026,0.37111265,0.41373626,0.28661088,0.32114286,0.57394366,0.32033898,0.36570561,0.43105756,0.78527607,0.37256809,0.32492114,0.49328859,0.32967033,0.40072860,0.36616702,0.41983122,0.35981063,0.43529412,0.58252427,0.58640984,0.33333333,0.56906967,0.41192266,0.63486842,0.50216450,0.41570541,0.38827098
0.60943500,0.22615804,0.60486995,0.27070707,0.18205805,0.56921790,0.61547837,0.56724422,0.37850467,0.59348681,0.19708029,0.42026507,0.58858058,0.37111265,0.41373626,0.30564784,0.32114286,0.29257642,0.60483384,0.36570561,0.43105756,0.35516605,0.37256809,0.30022321,0.28205128,0.27272727,0.40072860,0.27205882,0.41983122,0.35981063,0.43529412,0.24301075,0.27898551,0.40942472,0.56906967,0.41192266,0.40428641,0.39797549,0.41570541,0.38827098
0.30578512,0.22615804,0.36599424,0.38876890,0.36511156,0.56921790,0.44545455,0.34228188,0.31250000,0.59348681,0.28957529,0.42026507,0.37685460,0.37111265,0.41373626,0.23364486,0.32114286,0.29257642,0.23312883,0.36570561,0.43105756,0.35516605,0.37256809,0.00000000,0.39387755,0.33447099,0.70000000,0.27205882,0.41983122,0.35981063,0.43529412,0.61182994,0.34492754,0.40942472,0.56906967,0.55952381,0.63486842,0.64619883,0.41570541,0.38827098
0.40070922,0.40447154,0.36599424,0.27070707,0.18205805,0.56921790,0.30487805,0.19718310,0.57975904,0.41196013,0.23913043,0.42026507,0.33333333,0.37111265,0.41373626,0.15789474,0.32114286,0.20238095,0.46597938,0.36570561,0.43105756,0.35516605,0.37256809,0.29629630,0.24347826,0.33447099,0.40072860,0.36616702,0.41983122,0.35981063,0.43529412,0.24301075,0.21276596,0.40942472,0.56906967,0.41192266,0.51162791,0.50216450,0.71484375,0.38827098
0.30578512,0.16233766,0.24340176,0.27070707,0.18205805,0.20175439,0.30487805,0.19718310,0.31250000,0.35211268,0.19708029,0.42026507,0.37685460,0.35195531,0.61181435,0.57398374,0.63134658,0.57394366,0.60483384,0.36570561,0.68932039,0.78527607,0.79856115,0.73597811,0.39387755,0.58106236,0.40072860,0.48484848,0.41983122,0.35981063,0.43529412,0.24301075,0.21276596,0.63903282,0.21428571,0.55952381,0.51162791,0.39797549,0.41570541,0.38827098
0.30578512,0.40447154,0.36599424,0.50199203,0.50476190,0.56921790,0.42331288,0.21610169,0.31250000,0.48387097,0.34237288,0.42026507,0.33333333,0.50107991,0.54437870,0.72955975,0.63134658,0.57394366,0.46597938,0.43181818,0.75784753,0.34426230,0.56164384,0.44571429,0.28205128,0.33447099,0.40072860,0.42682927,0.41983122,0.57272727,0.43529412,0.53003534,0.34492754,0.63903282,0.56906967,0.41192266,0.40428641,0.39797549,0.41570541,0.38827098
0.30578512,0.22615804,0.49411765,0.38876890,0.36511156,0.20175439,0.37598425,0.21568627,0.31250000,0.33079848,0.28957529,0.42026507,0.25641026,0.37111265,0.41373626,0.30564784,0.28348214,0.57394366,0.32033898,0.36570561,0.43105756,0.47152620,0.37256809,0.30022321,0.28205128,0.27272727,0.40072860,0.27205882,0.41983122,0.57272727,0.43529412,0.24301075,0.27898551,0.40942472,0.29629630,0.41192266,0.40428641,0.39797549,0.41570541,0.38827098
0.60943500,0.22615804,0.36599424,0.38876890,0.36511156,0.22813688,0.61547837,0.15000000,0.31944444,0.33079848,0.58214625,0.42026507,0.58858058,0.37111265,0.41373626,0.28661088,0.28348214,0.29257642,0.60483384,0.79120879,0.43105756,0.35516605,0.82817869,0.30022321,0.28205128,0.27272727,0.70000000,0.36616702,0.41983122,0.35981063,0.43529412,0.20454545,0.21276596,0.40942472,0.19130435,0.58682635,0.40428641,0.39797549,0.41570541,0.38827098
0.27702703,0.40447154,0.36599424,0.27070707,0.63481829,0.56921790,0.37598425,0.56724422,0.31944444,0.59348681,0.34237288,0.42026507,0.25641026,0.37111265,0.41373626,0.28661088,0.32114286,0.57394366,0.60483384,0.36570561,0.43105756,0.35516605,0.37256809,0.30022321,0.28205128,0.25742574,0.40072860,0.36616702,0.41983122,0.35981063,0.43529412,0.40831296,0.58640984,0.40942472,0.56906967,0.58682635,0.78318584,0.39797549,0.41570541,0.38827098
0.27702703,0.16233766,0.60486995,0.27070707,0.36511156,0.20175439,0.37598425,0.56724422,0.37850467,0.59348681,0.28957529,0.70588235,0.37685460,0.37111265,0.41373626,0.30564784,0.63134658,0.57394366,0.60483384,0.36570561,0.43105756,0.60229133,0.67469880,0.73597811,0.28205128,0.58106236,0.40072860,0.36616702,0.41983122,0.35981063,0.43529412,0.24301075,0.27898551,0.57772021,0.17575758,0.41192266,0.40428641,0.39797549,0.41570541,0.38827098
0.30578512,0.16233766,0.49411765,0.27070707,0.18205805,0.56921790,0.30487805,0.19718310,0.31250000,0.41196013,0.19708029,0.42026507,0.33333333,0.71404110,0.61181435,0.72955975,0.63134658,0.26470588,0.60483384,0.36570561,0.43105756,0.35516605,0.37256809,0.73597811,0.39387755,0.32967033,0.40072860,0.42682927,0.41983122,0.35981063,0.43529412,0.24301075,0.21276596,0.40942472,0.17575758,0.41192266,0.40428641,0.39797549,0.41570541,0.38827098
0.60943500,0.22615804,0.60486995,0.61524047,0.63481829,0.56921790,0.61547837,0.56724422,0.31250000,0.59348681,0.58214625,0.42026507,0.58858058,0.37111265,0.41373626,0.28661088,0.28348214,0.57394366,0.32033898,0.79120879,0.43105756,0.78527607,0.37256809,0.32492114,0.59856631,0.58106236,0.70000000,0.61169882,0.41983122,0.35981063,0.43529412,0.58252427,0.58640984,0.40942472,0.13114754,0.41192266,0.40428641,0.39797549,0.41570541,0.38827098
0.60943500,0.40447154,0.60486995,0.61524047,0.63481829,0.56921790,0.37598425,0.56724422,0.57975904,0.59348681,0.58214625,0.42026507,0.58858058,0.37111265,0.41373626,0.28661088,0.32114286,0.57394366,0.23312883,0.70403587,0.43105756,0.60229133,0.37256809,0.32492114,0.59856631,0.58106236,0.40072860,0.61169882,0.41983122,0.35981063,0.43529412,0.61182994,0.34492754,0.51006711,0.56906967,0.62670300,0.63486842,0.39797549,0.41570541,0.38827098
0.40070922,0.22615804,0.60486995,0.38876890,0.39333333,0.56921790,0.61547837,0.56724422,0.31250000,0.59348681,0.58214625,0.70588235,0.58858058,0.37111265,0.41373626,0.57398374,0.32114286,0.57394366,0.60483384,0.36570561,0.43105756,0.35516605,0.82817869,0.30022321,0.59856631,0.58106236,0.40072860,0.61169882,0.41983122,0.35981063,0.43529412,0.61182994,0.58640984,0.40942472,0.17575758,0.41192266,0.40428641,0.39797549,0.41570541,0.38827098
0.60943500,0.22615804,0.60486995,0.50199203,0.63481829,0.56921790,0.42331288,0.56724422,0.31250000,0.59348681,0.58214625,0.42026507,0.33333333,0.50107991,0.41373626,0.72955975,0.32114286,0.57394366,0.60483384,0.36570561,0.43105756,0.47152620,0.37256809,0.44571429,0.48717949,0.32967033,0.40072860,0.61169882,0.41983122,0.35981063,0.43529412,0.61182994,0.58640984,0.40942472,0.56906967,0.41192266,0.40428641,0.39797549,0.41570541,0.38827098
0.60943500,0.22615804,0.60486995,0.61524047,0.63481829,0.56921790,0.61547837,0.56724422,0.31944444,0.59348681,0.58214625,0.42026507,0.58858058,0.37111265,0.41373626,0.72955975,0.73578595,0.57394366,0.23312883,0.36570561,0.67123288,0.60229133,0.37256809,0.73597811,0.59856631,0.58106236,0.40072860,0.61169882,0.41983122,0.85840708,0.43529412,0.53003534,0.27898551,0.40942472,0.13114754,0.88135593,0.40428641,0.39797549,0.41570541,0.38827098
0.27702703,0.16233766,0.36599424,0.27070707,0.18205805,0.56921790,0.61547837,0.19718310,0.31250000,0.41196013,0.28957529,0.70588235,0.33333333,0.37111265,0.41373626,0.30564784,0.32114286,0.29257642,0.60483384,0.36570561,0.43105756,0.78527607,0.82817869,0.73597811,0.39387755,0.58106236,0.40072860,0.61169882,0.41983122,0.35981063,0.43529412,0.24301075,0.47222222,0.40942472,0.17575758,0.41192266,0.78318584,0.39797549,0.41570541,0.38827098
0.60943500,0.22615804,0.36599424,0.27070707,0.18205805,0.56921790,0.61547837,0.56724422,0.31250000,0.59348681,0.58214625,0.71428571,0.58858058,0.37111265,0.41373626,0.28661088,0.32114286,0.57394366,0.60483384,0.36570561,0.43105756,0.35516605,0.37256809,0.30022321,0.39387755,0.58106236,0.40072860,0.61169882,0.41983122,0.35981063,0.43529412,0.40831296,0.58640984,0.40942472,0.56906967,0.41192266,0.63486842,0.39797549,0.41570541,0.38827098
0.60943500,0.40447154,0.60486995,0.61524047,0.63481829,0.56921790,0.61547837,0.56724422,0.31250000,0.59348681,0.58214625,0.80952381,0.58858058,0.37111265,0.41373626,0.28661088,0.32114286,0.57394366,0.60483384,0.36570561,0.43105756,0.60229133,0.37256809,0.80259740,0.59856631,0.58106236,0.40072860,0.61169882,0.41983122,0.74430380,0.43529412,0.61182994,0.58640984,0.40942472,0.56906967,0.41192266,0.40428641,0.39797549,0.41570541,0.38827098
0.30578512,0.22615804,0.60486995,0.61524047,0.36511156,0.56921790,0.61547837,0.56724422,0.57975904,0.59348681,0.58214625,0.42026507,0.33333333,0.37111265,0.41373626,0.28661088,0.73578595,0.57394366,0.60483384,0.36570561,0.43105756,0.60229133,0.37256809,0.30022321,0.49328859,0.58106236,0.40072860,0.61169882,0.41983122,0.35981063,0.43529412,0.61182994,0.58640984,0.40942472,0.56906967,0.41192266,0.40428641,0.39797549,0.41570541,0.38827098
0.60943500,0.65112665,0.60486995,0.61524047,0.63481829,0.56921790,0.61547837,0.56724422,0.57975904,0.59348681,0.58214625,0.42026507,0.58858058,0.37111265,0.41373626,0.57398374,0.63134658,0.57394366,0.60483384,0.36570561,0.43105756,0.35516605,0.37256809,0.30022321,0.59856631,0.58106236,0.40072860,0.51098901,0.41983122,0.35981063,0.43529412,0.61182994,0.58640984,0.57772021,0.56906967,0.78325123,0.40428641,0.39797549,0.41570541,0.38827098
0.60943500,0.65112665,0.60486995,0.61524047,0.63481829,0.56921790,0.61547837,0.56724422,0.31250000,0.59348681,0.58214625,0.42026507,0.58858058,0.37111265,0.41373626,0.28661088,0.73578595,0.57394366,0.60483384,0.79120879,0.43105756,0.47152620,0.37256809,0.30022321,0.59856631,0.58106236,0.40072860,0.61169882,0.41983122,0.35981063,0.43529412,0.61182994,0.58640984,0.40942472,0.56906967,0.58682635,0.40428641,0.39797549,0.82539683,0.71947195
0.60943500,0.65112665,0.60486995,0.61524047,0.63481829,0.56921790,0.61547837,0.56724422,0.31250000,0.59348681,0.58214625,0.70588235,0.58858058,0.77210884,0.47826087,0.72955975,0.73578595,0.57394366,0.46597938,0.70403587,0.72413793,0.78527607,0.37256809,0.80259740,0.59856631,0.58106236,0.40072860,0.61169882,0.41983122,0.86607143,0.43529412,0.61182994,0.58640984,0.40942472,0.56906967,0.58682635,0.40428641,0.39797549,0.41570541,0.38827098
0.60943500,0.45945946,0.60486995,0.61524047,0.63481829,0.56921790,0.61547837,0.56724422,0.57975904,0.59348681,0.58214625,0.42026507,0.58858058,0.37111265,0.41373626,0.28661088,0.32114286,0.57394366,0.60483384,0.36570561,0.43105756,0.35516605,0.37256809,0.73597811,0.59856631,0.58106236,0.40072860,0.61169882,0.41983122,0.35981063,0.43529412,0.61182994,0.58640984,0.57772021,0.56906967,0.41192266,0.40428641,0.39797549,0.41570541,0.63250883
0.60943500,0.40447154,0.60486995,0.61524047,0.63481829,0.56921790,0.61547837,0.56724422,0.37850467,0.59348681,0.58214625,0.42026507,0.58858058,0.71404110,0.41373626,0.77593361,0.73578595,0.57394366,0.60483384,0.36570561,0.68932039,0.78527607,0.76223776,0.85294118,0.48717949,0.58106236,0.40072860,0.42682927,0.41983122,0.35981063,0.43529412,0.61182994,0.58640984,0.40942472,0.56906967,0.58682635,0.40428641,0.39797549,0.41570541,0.63250883
0.60943500,0.45945946,0.60486995,0.61524047,0.63481829,0.56921790,0.61547837,0.56724422,0.57975904,0.59348681,0.58214625,0.70588235,0.58858058,0.77210884,0.41373626,0.77593361,0.73578595,0.57394366,0.46597938,0.76923077,0.43105756,0.78527607,0.76223776,0.80259740,0.49328859,0.58106236,0.82300885,0.36616702,0.41983122,0.35981063,0.43529412,0.53003534,0.58640984,0.57772021,0.56906967,0.62670300,0.40428641,0.39797549,0.41570541,0.38827098
0.30578512,0.45945946,0.60486995,0.61524047,0.63481829,0.56921790,0.42331288,0.56724422,0.37850467,0.33079848,0.58214625,0.80952381,0.37685460,0.71404110,0.60683761,0.77593361,0.28348214,0.57394366,0.60483384,0.36570561,0.75784753,0.60229133,0.79856115,0.73597811,0.59856631,0.58106236,0.70000000,0.48484848,0.41983122,0.74430380,0.43529412,0.58252427,0.58640984,0.40942472,0.56906967,0.41192266,0.40428641,0.39797549,0.41570541,0.56934307
0.40070922,0.40447154,0.60486995,0.38876890,0.50476190,0.27777778,0.37598425,0.21568627,0.37850467,0.35211268,0.43902439,0.42026507,0.33333333,0.35195531,0.68896321,0.30564784,0.63134658,0.57394366,0.49600000,0.43181818,0.67123288,0.60229133,0.67469880,0.73597811,0.39387755,0.33447099,0.40072860,0.42682927,0.41983122,0.74430380,0.74452555,0.53003534,0.47222222,0.40942472,0.56906967,0.58682635,0.54708520,0.50216450,0.71484375,0.71947195
0.40070922,0.22615804,0.60486995,0.38876890,0.36511156,0.56921790,0.61547837,0.56724422,0.31250000,0.59348681,0.34237288,0.42026507,0.37685460,0.71404110,0.41373626,0.57398374,0.32114286,0.29257642,0.49600000,0.83882784,0.43105756,0.78527607,0.79856115,0.30022321,0.28205128,0.33447099,0.40072860,0.36616702,0.41983122,0.35981063,0.43529412,0.24301075,0.47122302,0.63903282,0.56906967,0.41192266,0.40428641,0.39797549,0.41570541,0.38827098
0.60943500,0.40447154,0.58333333,0.27070707,0.39333333,0.56921790,0.61547837,0.56724422,0.57975904,0.35211268,0.28957529,0.42026507,0.47368421,0.77210884,0.54437870,0.72955975,0.32114286,0.57394366,0.46597938,0.70403587,0.75784753,0.60229133,0.79856115,0.73597811,0.28205128,0.33447099,0.82300885,0.36616702,0.41983122,0.57272727,0.43529412,0.40831296,0.34492754,0.40942472,0.56906967,0.41192266,0.54708520,0.39797549,0.41570541,0.38827098
0.60943500,0.40447154,0.60486995,0.38876890,0.36511156,0.56921790,0.61547837,0.56724422,0.37850467,0.59348681,0.58214625,0.70588235,0.37685460,0.71404110,0.41373626,0.72955975,0.26612903,0.57394366,0.46597938,0.83882784,0.43105756,0.78527607,0.79856115,0.80259740,0.49328859,0.58106236,0.40072860,0.51098901,0.41983122,0.35981063,0.43529412,0.40831296,0.34492754,0.57772021,0.56906967,0.58682635,0.91538462,0.39797549,0.41570541,0.38827098
0.27702703,0.45945946,0.60486995,0.61524047,0.63481829,0.56921790,0.61547837,0.56724422,0.37850467,0.59348681,0.58214625,0.78294574,0.58858058,0.37111265,0.41373626,0.72955975,0.32114286,0.57394366,0.49600000,0.36570561,0.43105756,0.35516605,0.67469880,0.73597811,0.59856631,0.58106236,0.40072860,0.61169882,0.41983122,0.35981063,0.43529412,0.61182994,0.58640984,0.51006711,0.56906967,0.41192266,0.40428641,0.39797549,0.41570541,0.38827098
0.60943500,0.65112665,0.60486995,0.61524047,0.63481829,0.56921790,0.61547837,0.56724422,0.37850467,0.59348681,0.58214625,0.50000000,0.58858058,0.37111265,0.41373626,0.72955975,0.32114286,0.57394366,0.60483384,0.76923077,0.43105756,0.47152620,0.76223776,0.80259740,0.59856631,0.58106236,0.40072860,0.61169882,0.41983122,0.35981063,0.43529412,0.61182994,0.58640984,0.63903282,0.19130435,0.62670300,0.40428641,0.39797549,0.41570541,0.63250883
0.26562500,0.65112665,0.60486995,0.61524047,0.63481829,0.56921790,0.61547837,0.56724422,0.31250000,0.59348681,0.58214625,0.84821429,0.33333333,0.37111265,0.41373626,0.28661088,0.28348214,0.57394366,0.60483384,0.36570561,0.43105756,0.35516605,0.37256809,0.44571429,0.59856631,0.58106236,0.40072860,0.36616702,0.41983122,0.35981063,0.43529412,0.61182994,0.58640984,0.40942472,0.56906967,0.78325123,0.40428641,0.39797549,0.41570541,0.38827098
0.27702703,0.22615804,0.60486995,0.27070707,0.39333333,0.56921790,0.37598425,0.56724422,0.31250000,0.41196013,0.19708029,0.42026507,0.37685460,0.37111265,0.41373626,0.77593361,0.73578595,0.29257642,0.46597938,0.83882784,0.43105756,0.80898876,0.91176471,0.85294118,0.39387755,0.58106236,0.85093168,0.36616702,0.41983122,0.86607143,0.43529412,0.24301075,0.27898551,0.33333333,0.21428571,0.41192266,0.40428641,0.39797549,0.41570541,0.38827098
0.60943500,0.22615804,0.24340176,0.38876890,0.18205805,0.56921790,0.61547837,0.56724422,0.31250000,0.59348681,0.58214625,0.42026507,0.58858058,0.37111265,0.41373626,0.57398374,0.32114286,0.57394366,0.60483384,0.79120879,0.43105756,0.35516605,0.82817869,0.80259740,0.48717949,0.58106236,0.40072860,0.42682927,0.41983122,0.85840708,0.43529412,0.53003534,0.58640984,0.40942472,0.56906967,0.41192266,0.78318584,0.39797549,0.41570541,0.38827098
0.30578512,0.40447154,0.60486995,0.38876890,0.39333333,0.27777778,0.42331288,0.56724422,0.37850467,0.48387097,0.58214625,0.42026507,0.25641026,0.37111265,0.41373626,0.72955975,0.63134658,0.26470588,0.46597938,0.79120879,0.75784753,0.78527607,0.79856115,0.80259740,0.39387755,0.58106236,0.70000000,0.27205882,0.41983122,0.85840708,0.43529412,0.24301075,0.47122302,0.63903282,0.56906967,0.62670300,0.40428641,0.50216450,0.41570541,0.38827098
0.60943500,0.45945946,0.60486995,0.61524047,0.63481829,0.56921790,0.61547837,0.56724422,0.37850467,0.59348681,0.34237288,0.71428571,0.58858058,0.71404110,0.41373626,0.77593361,0.73578595,0.26470588,0.46597938,0.83882784,0.43105756,0.78527607,0.76223776,0.73597811,0.49328859,0.30434783,0.85093168,0.42682927,0.41983122,0.35981063,0.43529412,0.40831296,0.27898551,0.40942472,0.56906967,0.55952381,0.63486842,0.39797549,0.41570541,0.38827098
0.30578512,0.40447154,0.60486995,0.50199203,0.39333333,0.56921790,0.42331288,0.56724422,0.31250000,0.41196013,0.58214625,0.70588235,0.47368421,0.77210884,0.41373626,0.77593361,0.63134658,0.57394366,0.46597938,0.76923077,0.54411765,0.78527607,0.76223776,0.80259740,0.49328859,0.58106236,0.40072860,0.42682927,0.41983122,0.85840708,0.43529412,0.61182994,0.47222222,0.63903282,0.56906967,0.16666667,0.54708520,0.39797549,0.41570541,0.56934307
0.52577320,0.40447154,0.60486995,0.50199203,0.50476190,0.56921790,0.42331288,0.56724422,0.57975904,0.35211268,0.58214625,0.70588235,0.33333333,0.77210884,0.41373626,0.77593361,0.73578595,0.37931034,0.49600000,0.83882784,0.54411765,0.78527607,0.79856115,0.80259740,0.49328859,0.32967033,0.82300885,0.42682927,0.41983122,0.74430380,0.43529412,0.53003534,0.47122302,0.77173913,0.56906967,0.58682635,0.54708520,0.50216450,0.41570541,0.38827098
0.60943500,0.45945946,0.60486995,0.38876890,0.63481829,0.56921790,0.61547837,0.56724422,0.35135135,0.59348681,0.58214625,0.42026507,0.58858058,0.71404110,0.10000000,0.77593361,0.63134658,0.33103448,0.46597938,0.83882784,0.75784753,0.47152620,0.79856115,0.44571429,0.59856631,0.33447099,0.40072860,0.42682927,0.41983122,0.35981063,0.43529412,0.53003534,0.47122302,0.40942472,0.56906967,0.62670300,0.54708520,0.50216450,0.41570541,0.38827098
0.30578512,0.40447154,0.60486995,0.50199203,0.50476190,0.27777778,0.42331288,0.34228188,0.31944444,0.35211268,0.58214625,0.78294574,0.33333333,0.77210884,0.68896321,0.77593361,0.32114286,0.37931034,0.60483384,0.76923077,0.67123288,0.78527607,0.76223776,0.73597811,0.49328859,0.33447099,0.59821429,0.42682927,0.41983122,0.85840708,0.43529412,0.53003534,0.58640984,0.40942472,0.56906967,0.62670300,0.54708520,0.37878788,0.71484375,0.38827098
0.60943500,0.40447154,0.60486995,0.61524047,0.63481829,0.56921790,0.61547837,0.56724422,0.37850467,0.59348681,0.58214625,0.42026507,0.58858058,0.77210884,0.41373626,0.77593361,0.32114286,0.37931034,0.60483384,0.70403587,0.43105756,0.80898876,0.37256809,0.80259740,0.59856631,0.58106236,0.40072860,0.61169882,0.41983122,0.35981063,0.43529412,0.40831296,0.58640984,0.57772021,0.56906967,0.41192266,0.40428641,0.39797549,0.41570541,0.38827098
0.60943500,0.45945946,0.60486995,0.61524047,0.63481829,0.56921790,0.61547837,0.56724422,0.37850467,0.41196013,0.58214625,0.42026507,0.37685460,0.71404110,0.41373626,0.77593361,0.32114286,0.57394366,0.60483384,0.43181818,0.67123288,0.78527607,0.56164384,0.73597811,0.59856631,0.58106236,0.40072860,0.61169882,0.41983122,0.35981063,0.43529412,0.61182994,0.58640984,0.40942472,0.56906967,0.16666667,0.40428641,0.39797549,0.41570541,0.63250883
0.60943500,0.40447154,0.60486995,0.52631579,0.63481829,0.56921790,0.61547837,0.56724422,0.31250000,0.59348681,0.58214625,0.42026507,0.58858058,0.50107991,0.41373626,0.77593361,0.73578595,0.57394366,0.60483384,0.36570561,0.43105756,0.78527607,0.67469880,0.32492114,0.49328859,0.58106236,0.40072860,0.61169882,0.41983122,0.74430380,0.43529412,0.53003534,0.58640984,0.57772021,0.56906967,0.16666667,0.40428641,0.39797549,0.41570541,0.38827098
0.52577320,0.40447154,0.60486995,0.50199203,0.39333333,0.28571429,0.42331288,0.56724422,0.31250000,0.27777778,0.58214625,0.42026507,0.54054054,0.35195531,0.41373626,0.72955975,0.26612903,0.26470588,0.46597938,0.70403587,0.43105756,0.78527607,0.82817869,0.73597811,0.39387755,0.32967033,0.40072860,0.42682927,0.41983122,0.25000000,0.43529412,0.61182994,0.47122302,0.57772021,0.56906967,0.41192266,0.40428641,0.39797549,0.41570541,0.38827098
0.30578512,0.65112665,0.60486995,0.61524047,0.63481829,0.27777778,0.44545455,0.34228188,0.37850467,0.59348681,0.58214625,0.42026507,0.33333333,0.35195531,0.41373626,0.72955975,0.32114286,0.26470588,0.60483384,0.70403587,0.43105756,0.34426230,0.37256809,0.30022321,0.39387755,0.58106236,0.40072860,0.51098901,0.41983122,0.35981063,0.43529412,0.58252427,0.47122302,0.51006711,0.56906967,0.41192266,0.40428641,0.39797549,0.48837209,0.38827098
0.26562500,0.65112665,0.60486995,0.61524047,0.63481829,0.27777778,0.61547837,0.56724422,0.31250000,0.59348681,0.58214625,0.42026507,0.37685460,0.50107991,0.68896321,0.72955975,0.73578595,0.57394366,0.60483384,0.83882784,0.75784753,0.60229133,0.79856115,0.73597811,0.59856631,0.33447099,0.82300885,0.61169882,0.41983122,0.35981063,0.43529412,0.61182994,0.58640984,0.40942472,0.56906967,0.41192266,0.78318584,0.39797549,0.41570541,0.38827098
0.60943500,0.65112665,0.60486995,0.61524047,0.63481829,0.56921790,0.61547837,0.56724422,0.57975904,0.59348681,0.34237288,0.42026507,0.58858058,0.37111265,0.41373626,0.23364486,0.28348214,0.57394366,0.60483384,0.79120879,0.68932039,0.35516605,0.56164384,0.44571429,0.24347826,0.27272727,0.40072860,0.51098901,0.41983122,0.35981063,0.43529412,0.61182994,0.58640984,0.31818182,0.56906967,0.41192266,0.40428641,0.39797549,0.41570541,0.38827098
0.60943500,0.65112665,0.60486995,0.61524047,0.63481829,0.56921790,0.61547837,0.56724422,0.35135135,0.59348681,0.58214625,0.42026507,0.54054054,0.81632653,0.41373626,0.77593361,0.73578595,0.57394366,0.60483384,0.83882784,0.43105756,0.80898876,0.76223776,0.80259740,0.59856631,0.58106236,0.40072860,0.42682927,0.41983122,0.35981063,0.43529412,0.61182994,0.58640984,0.40942472,0.56906967,0.41192266,0.78318584,0.39797549,0.41570541,0.38827098
0.60943500,0.40447154,0.60486995,0.61524047,0.36511156,0.56921790,0.61547837,0.56724422,0.57975904,0.59348681,0.58214625,0.42026507,0.37685460,0.50107991,0.41373626,0.30564784,0.28348214,0.33103448,0.32033898,0.79120879,0.43105756,0.60229133,0.67469880,0.32492114,0.39387755,0.58106236,0.40072860,0.42682927,0.41983122,0.35981063,0.43529412,0.40831296,0.47222222,0.33333333,0.56906967,0.41192266,0.78318584,0.35000000,0.41570541,0.38827098
0.30578512,0.40447154,0.60486995,0.61524047,0.63481829,0.56921790,0.61547837,0.34228188,0.37850467,0.59348681,0.19708029,0.42026507,0.58858058,0.71404110,0.41373626,0.77593361,0.63134658,0.33103448,0.60483384,0.79120879,0.43105756,0.78527607,0.79856115,0.80259740,0.39387755,0.58106236,0.59821429,0.42682927,0.41983122,0.57272727,0.43529412,0.53003534,0.34492754,0.57772021,0.56906967,0.41192266,0.40428641,0.64619883,0.41570541,0.56934307
0.60943500,0.65112665,0.60486995,0.61524047,0.63481829,0.56921790,0.61547837,0.56724422,0.57975904,0.59348681,0.58214625,0.78294574,0.58858058,0.50107991,0.41373626,0.77593361,0.26612903,0.29257642,0.60483384,0.36570561,0.43105756,0.78527607,0.82817869,0.73597811,0.59856631,0.58106236,0.40072860,0.51098901,0.41983122,0.57272727,0.43529412,0.61182994,0.58640984,0.40942472,0.56906967,0.55952381,0.40428641,0.39797549,0.41570541,0.38827098
0.40070922,0.45945946,0.60486995,0.61524047,0.63481829,0.56921790,0.37837838,0.56724422,0.57975904,0.59348681,0.58214625,0.78294574,0.58858058,0.77210884,0.41373626,0.77593361,0.32114286,0.57394366,0.32033898,0.83882784,0.43105756,0.80898876,0.76223776,0.85294118,0.59856631,0.58106236,0.40072860,0.51098901,0.41983122,0.35981063,0.43529412,0.61182994,0.58640984,0.63903282,0.56906967,0.55952381,0.40428641,0.50216450,0.41570541,0.38827098
0.52577320,0.45945946,0.60486995,0.50199203,0.50476190,0.56921790,0.61547837,0.56724422,0.31250000,0.59348681,0.58214625,0.70588235,0.47368421,0.37111265,0.41373626,0.72955975,0.63134658,0.57394366,0.32033898,0.83882784,0.68932039,0.78527607,0.79856115,0.73597811,0.59856631,0.58106236,0.85093168,0.42682927,0.41983122,0.35981063,0.43529412,0.61182994,0.58640984,0.40942472,0.56906967,0.41192266,0.78318584,0.64619883,0.41570541,0.38827098
0.27702703,0.22615804,0.60486995,0.61524047,0.63481829,0.56921790,0.61547837,0.56724422,0.31250000,0.59348681,0.58214625,0.42026507,0.58858058,0.37111265,0.41373626,0.30564784,0.28348214,0.57394366,0.60483384,0.70403587,0.43105756,0.80898876,0.79856115,0.30022321,0.39387755,0.58106236,0.40072860,0.61169882,0.41983122,0.35981063,0.43529412,0.53003534,0.58640984,0.51006711,0.21428571,0.41192266,0.40428641,0.39797549,0.41570541,0.38827098
0.60943500,0.65112665,0.60486995,0.61524047,0.63481829,0.56921790,0.61547837,0.56724422,0.35135135,0.48387097,0.58214625,0.78294574,0.47368421,0.77210884,0.41373626,0.73333333,0.26612903,0.57394366,0.32033898,0.76923077,0.43105756,0.78527607,0.76223776,0.80259740,0.59856631,0.58106236,0.40072860,0.61169882,0.41983122,0.35981063,0.43529412,0.61182994,0.58640984,0.63903282,0.56906967,0.41192266,0.40428641,0.39797549,0.41570541,0.38827098
0.27702703,0.22615804,0.60486995,0.61524047,0.36511156,0.56921790,0.61547837,0.56724422,0.31250000,0.59348681,0.58214625,0.42026507,0.58858058,0.37111265,0.68896321,0.30564784,0.32114286,0.33103448,0.60483384,0.36570561,0.43105756,0.47152620,0.37256809,0.44571429,0.59856631,0.58106236,0.40072860,0.61169882,0.41983122,0.35981063,0.43529412,0.61182994,0.58640984,0.40942472,0.56906967,0.41192266,0.40428641,0.39797549,0.41570541,0.38827098
0.60943500,0.45945946,0.60486995,0.61524047,0.63481829,0.56921790,0.61547837,0.56724422,0.31250000,0.59348681,0.58214625,0.78294574,0.58858058,0.77210884,0.41373626,0.73333333,0.32114286,0.57394366,0.60483384,0.88235294,0.43105756,0.78527607,0.91176471,0.85294118,0.59856631,0.58106236,0.40072860,0.61169882,0.41983122,0.85840708,0.43529412,0.61182994,0.58640984,0.31818182,0.21428571,0.58682635,0.40428641,0.39797549,0.41570541,0.38827098
0.40070922,0.16233766,0.24340176,0.27070707,0.18205805,0.20175439,0.30487805,0.21610169,0.31250000,0.41196013,0.19708029,0.42026507,0.25641026,0.71404110,0.69435216,0.72955975,0.63134658,0.20238095,0.60483384,0.83882784,0.75784753,0.35516605,0.76223776,0.80259740,0.28205128,0.25742574,0.85093168,0.17567568,0.33333333,0.74430380,0.43529412,0.20454545,0.11764706,0.57772021,0.56906967,0.62670300,0.54708520,0.39797549,0.41570541,0.38827098
0.30578512,0.22615804,0.60486995,0.61524047,0.39333333,0.56921790,0.61547837,0.21568627,0.35135135,0.59348681,0.58214625,0.42026507,0.58858058,0.37111265,0.61181435,0.30564784,0.32114286,0.57394366,0.60483384,0.36570561,0.43105756,0.60229133,0.37256809,0.32492114,0.59856631,0.58106236,0.40072860,0.61169882,0.41983122,0.35981063,0.43529412,0.53003534,0.58640984,0.40942472,0.56906967,0.41192266,0.40428641,0.50216450,0.41570541,0.38827098
0.30578512,0.40447154,0.60486995,0.61524047,0.63481829,0.56921790,0.61547837,0.34228188,0.23076923,0.59348681,0.58214625,0.42026507,0.37685460,0.37111265,0.41373626,0.28661088,0.63134658,0.57394366,0.60483384,0.36570561,0.43105756,0.35516605,0.37256809,0.30022321,0.59856631,0.58106236,0.40072860,0.61169882,0.41983122,0.35981063,0.43529412,0.61182994,0.58640984,0.40942472,0.56906967,0.41192266,0.40428641,0.39797549,0.41570541,0.38827098
0.60943500,0.65112665,0.60486995,0.61524047,0.63481829,0.56921790,0.61547837,0.56724422,0.31250000,0.59348681,0.58214625,0.42026507,0.33333333,0.37111265,0.41373626,0.28661088,0.73578595,0.57394366,0.60483384,0.36570561,0.43105756,0.35516605,0.37256809,0.30022321,0.59856631,0.58106236,0.40072860,0.61169882,0.41983122,0.35981063,0.43529412,0.61182994,0.58640984,0.40942472,0.17575758,0.41192266,0.40428641,0.39797549,0.41570541,0.38827098
0.30578512,0.45945946,0.60486995,0.61524047,0.39333333,0.56921790,0.42331288,0.21568627,0.35135135,0.59348681,0.58214625,0.42026507,0.58858058,0.37111265,0.60683761,0.28661088,0.32114286,0.57394366,0.32033898,0.36570561,0.43105756,0.35516605,0.37256809,0.32492114,0.28205128,0.58106236,0.40072860,0.51098901,0.41983122,0.35981063,0.43529412,0.40831296,0.58640984,0.57772021,0.56906967,0.41192266,0.40428641,0.39797549,0.41570541,0.38827098
0.40070922,0.65112665,0.60486995,0.61524047,0.63481829,0.56921790,0.61547837,0.56724422,0.57975904,0.59348681,0.58214625,0.70588235,0.58858058,0.37111265,0.41373626,0.77593361,0.73578595,0.57394366,0.60483384,0.36570561,0.43105756,0.78527607,0.37256809,0.80259740,0.59856631,0.58106236,0.40072860,0.61169882,0.41983122,0.35981063,0.43529412,0.40831296,0.58640984,0.31818182,0.19130435,0.78325123,0.40428641,0.39797549,0.82539683,0.38827098
0.30578512,0.65112665,0.60486995,0.61524047,0.63481829,0.56921790,0.61547837,0.56724422,0.31250000,0.59348681,0.58214625,0.42026507,0.37685460,0.35195531,0.60683761,0.30564784,0.63134658,0.57394366,0.23312883,0.36570561,0.43105756,0.34426230,0.67469880,0.44571429,0.39387755,0.58106236,0.40072860,0.42682927,0.41983122,0.35981063,0.43529412,0.61182994,0.58640984,0.57772021,0.21428571,0.41192266,0.40428641,0.39797549,0.41570541,0.38827098
0.60943500,0.40447154,0.60486995,0.61524047,0.63481829,0.56921790,0.61547837,0.56724422,0.31250000,0.59348681,0.58214625,0.78294574,0.58858058,0.50107991,0.41373626,0.30564784,0.32114286,0.57394366,0.60483384,0.36570561,0.43105756,0.35516605,0.37256809,0.32492114,0.39387755,0.58106236,0.40072860,0.61169882,0.41983122,0.35981063,0.43529412,0.61182994,0.58640984,0.40942472,0.17575758,0.41192266,0.40428641,0.39797549,0.41570541,0.38827098
0.60943500,0.65112665,0.60486995,0.61524047,0.63481829,0.56921790,0.61547837,0.56724422,0.57975904,0.59348681,0.58214625,0.78294574,0.58858058,0.37111265,0.41373626,0.28661088,0.32114286,0.57394366,0.60483384,0.36570561,0.43105756,0.35516605,0.37256809,0.29629630,0.59856631,0.58106236,0.40072860,0.61169882,0.68794326,0.35981063,0.74452555,0.61182994,0.58640984,0.40942472,0.56906967,0.41192266,0.40428641,0.39797549,0.41570541,0.71947195
0.60943500,0.65112665,0.60486995,0.61524047,0.63481829,0.56921790,0.61547837,0.56724422,0.57975904,0.59348681,0.19708029,0.42026507,0.58858058,0.37111265,0.41373626,0.28661088,0.32114286,0.57394366,0.60483384,0.36570561,0.43105756,0.35516605,0.37256809,0.30022321,0.59856631,0.58106236,0.40072860,0.61169882,0.41983122,0.35981063,0.43529412,0.61182994,0.58640984,0.57772021,0.13114754,0.41192266,0.40428641,0.39797549,0.41570541,0.38827098
