0.000000,1.8916637,2.008823,0.9544781,0.000000,0.9423001,0.000000,0.0000000,0.9767620
0.000000,0.8130616,1.661946,0.9854183,0.000000,1.9990680,0.000000,0.0000000,0.0000000
1.852696,1.9339512,1.821033,0.9691354,0.000000,1.0280852,0.000000,0.0000000,1.7178938
0.000000,1.9665622,2.078165,1.7426126,0.000000,0.9466381,0.000000,0.8168477,0.0000000
0.000000,2.0463619,2.031461,0.9339256,0.000000,1.0546660,0.000000,0.8715402,0.0000000
0.000000,1.9722021,1.841994,1.7287768,0.000000,2.0828347,0.000000,0.9727282,0.9902723
0.000000,1.7952240,1.937095,0.9111931,1.215262,2.0457629,0.000000,0.9611277,0.9251453
0.000000,0.8035604,1.853419,1.0151835,0.000000,2.0002990,0.000000,1.0129605,0.9852763
0.000000,1.6828810,0.000000,1.8957353,1.764786,0.0000000,0.000000,0.9661254,0.9547546
0.000000,1.7111864,2.014559,0.9021464,0.000000,0.9250530,0.000000,0.9574608,0.0000000
0.000000,1.8874878,2.000374,0.8912508,0.000000,0.9869320,0.000000,0.0000000,0.8255935
0.000000,0.0000000,1.912829,1.0052040,0.000000,0.9648736,0.000000,0.0000000,0.8810268
2.270016,1.6066639,1.784854,0.9930794,0.000000,0.0000000,0.000000,0.0000000,2.1155498
0.000000,0.9633167,0.000000,0.9602635,0.000000,1.0249848,0.000000,0.0000000,0.0000000
0.000000,1.5463297,1.959300,0.9631452,1.593307,0.9408572,0.000000,0.0000000,0.0000000
0.000000,1.6965086,1.968990,1.7778741,1.257577,2.0979725,0.000000,0.0000000,0.0000000
0.000000,0.6723874,1.974318,0.9061048,1.790809,1.1057073,0.000000,0.0000000,0.0000000
1.939775,0.9232224,1.930850,0.0000000,0.000000,0.0000000,0.000000,0.0000000,0.0000000
0.000000,0.9133639,0.000000,0.9713757,0.000000,2.0895958,0.000000,0.0000000,1.0698387
0.000000,0.8865938,2.023798,0.9656877,0.000000,0.0000000,0.000000,0.0000000,0.9237779
0.000000,1.8870883,2.021791,1.0038751,1.738721,1.0340508,0.000000,0.9499184,0.0000000
0.000000,1.9675081,1.945222,1.7224224,1.720188,2.2060963,0.000000,0.0000000,0.8684347
0.000000,2.0077539,2.046270,0.9856509,1.275635,0.9722269,0.000000,0.0000000,0.8139182
0.000000,2.0153215,2.012483,0.9290476,0.000000,1.0036328,0.000000,0.0000000,0.7811730
0.000000,1.8379726,2.053878,1.8822921,1.092259,2.2365426,0.000000,0.8497995,0.7109011
0.000000,0.0000000,1.889332,0.9356737,0.000000,0.0000000,0.000000,0.0000000,0.0000000
0.000000,1.8215194,1.883885,0.9832799,0.000000,1.8634594,0.000000,0.0000000,0.0000000
2.224974,0.0000000,2.010950,0.0000000,0.000000,1.0559952,0.000000,0.0000000,0.9837859
0.000000,0.0000000,0.000000,0.9582898,0.000000,1.1359351,0.000000,0.9852052,0.0000000
0.000000,1.6344124,1.822999,1.8753103,0.000000,0.9151921,0.000000,0.0000000,1.9937076
2.311350,1.8971616,2.025051,0.9458316,1.583341,0.0000000,2.436187,0.0000000,0.7554774
1.895780,0.0000000,0.000000,1.7612190,0.000000,0.9944666,0.000000,0.0000000,0.9984915
1.551272,1.7070991,1.952174,1.5632537,0.000000,1.0122029,1.898944,0.0000000,0.0000000
1.825567,1.7529559,2.006668,0.8805009,1.599172,0.9926042,0.000000,0.8480785,0.8679098
0.000000,1.9855874,2.052875,1.8367303,1.638586,2.1566041,0.000000,0.9698948,1.0601786
2.037052,2.1211525,2.064371,1.9516625,1.413412,1.0274931,0.000000,0.0000000,1.9786946
0.000000,1.8550231,1.978662,1.7964829,1.614033,1.9313399,0.000000,0.9312635,0.9409593
0.000000,1.9356995,1.994324,1.8312496,1.672846,0.7821581,0.000000,0.0000000,0.0000000
1.954228,1.9646930,1.976141,1.8886742,0.000000,0.9251527,0.000000,0.0000000,1.9951809
0.000000,2.0130254,1.998891,1.7377711,0.000000,0.8261734,0.000000,0.0000000,1.0049222
0.000000,1.8589709,1.968861,1.8777663,0.000000,1.9289155,0.000000,0.9011003,0.0000000
0.000000,1.9046259,1.941209,1.6252255,0.000000,0.0000000,0.000000,0.0000000,0.9373465
0.000000,1.9439984,1.855728,0.9826896,0.000000,2.0996615,0.000000,0.0000000,0.9441520
2.236683,1.8628325,1.870054,1.9242569,0.000000,1.2469717,0.000000,0.9266049,1.0663413
1.665879,0.0000000,0.000000,1.9067907,0.000000,0.0000000,0.000000,0.7822536,0.0000000
0.000000,1.9374671,1.969624,0.9128055,1.721207,0.7519197,0.000000,0.8875709,0.0000000
0.000000,1.9718408,1.966584,1.8635587,0.000000,1.8702369,0.000000,0.8816515,0.0000000
0.000000,2.0035254,2.018895,1.7480702,0.000000,1.8470026,0.000000,0.8518907,0.0000000
0.000000,0.0000000,0.000000,0.0000000,0.000000,0.0000000,0.000000,0.0000000,0.0000000
0.000000,2.0714776,1.918445,1.8333158,1.857236,1.9390138,0.000000,0.0000000,0.9487829
0.000000,1.8547209,1.809867,1.9698070,1.796885,0.0000000,0.000000,0.0000000,0.0000000
0.000000,1.8949835,1.977568,1.9069961,1.642497,1.9766131,0.000000,0.8577864,0.0000000
0.000000,0.0000000,1.704451,1.8768550,0.000000,0.8565819,0.000000,0.0000000,0.8340199
0.000000,1.8127555,1.862971,0.9250567,0.000000,0.0000000,0.000000,0.0000000,0.0000000
0.000000,2.0491047,1.983395,0.9339256,0.000000,1.1450691,0.000000,0.0000000,0.0000000
0.000000,2.0324005,1.867488,1.8536955,0.000000,0.9781227,0.000000,0.8707838,0.0000000
1.859722,1.9070524,2.006239,1.8770391,0.000000,2.0004557,0.000000,0.8801808,1.7737257
0.000000,0.0000000,2.027692,1.5415925,0.000000,0.8490124,0.000000,0.7231381,0.0000000
0.000000,1.8711933,2.080858,0.9636788,0.000000,0.9982064,0.000000,0.0000000,0.0000000
0.000000,2.1066191,1.994312,1.8696361,1.782130,2.1100745,0.000000,0.0000000,1.0893297
0.000000,1.8757497,2.039980,0.9879249,0.000000,1.9169467,0.000000,0.0000000,0.0000000
0.000000,0.0000000,2.041215,0.8972571,0.000000,0.0000000,0.000000,0.0000000,0.0000000
0.000000,0.7430350,1.995325,0.9721982,0.000000,0.0000000,0.000000,0.0000000,0.0000000
0.000000,1.9790351,2.064272,0.9764480,1.420551,1.0411713,0.000000,0.0000000,0.6785358
0.000000,1.6055298,2.027975,0.0000000,0.000000,0.0000000,0.000000,0.0000000,0.0000000
0.000000,1.6121535,2.011283,1.6551506,0.000000,0.9725663,0.000000,0.8511760,0.0000000
0.000000,0.8500497,2.001340,0.0000000,0.000000,0.9210051,0.000000,0.9004345,0.8917700
0.000000,1.9083019,1.989788,0.9439157,1.801856,0.8711157,0.000000,0.0000000,0.7193567
0.000000,0.8967763,1.833763,0.0000000,0.000000,0.9278638,0.000000,0.0000000,0.0000000
1.945336,1.8431430,2.029232,0.9572887,0.000000,0.9410379,0.000000,0.0000000,1.7067595
2.031393,0.0000000,2.000873,0.9836520,0.000000,0.0000000,0.000000,1.1031393,0.0000000
1.969708,1.7041062,2.012650,0.0000000,0.000000,1.8835824,0.000000,0.0000000,0.8355882
0.000000,1.8117506,1.938109,0.9634939,0.000000,1.0145647,0.000000,0.0000000,0.8421225
0.000000,1.8827925,2.018244,0.8429822,1.630470,0.9059832,0.000000,0.8576828,0.0000000
0.000000,1.9008084,2.026623,0.9112834,1.729585,0.9824956,0.000000,1.5706247,0.7068143
0.000000,1.8024557,1.936650,0.9974851,0.000000,1.0092381,0.000000,0.0000000,0.5828666
0.000000,1.9316809,2.011474,1.6136429,1.546839,0.8977237,0.000000,0.8506511,0.0000000
2.007906,0.8222904,2.035987,1.7697499,0.000000,0.9025514,0.000000,0.8378961,0.8801668
0.000000,1.9606088,1.991993,0.9542147,0.000000,0.8046674,0.000000,0.0000000,0.0000000
0.000000,1.8637009,1.950547,0.8541933,0.000000,1.0443737,0.000000,0.7453743,0.8689397
1.986238,1.8679187,1.933003,1.6138095,1.124748,0.9653130,1.429346,0.8158614,0.0000000
0.000000,2.0133114,1.907671,1.5039573,1.876046,0.7399867,0.000000,0.8006119,0.0000000
0.000000,1.9900613,1.920093,0.0000000,0.000000,0.9124381,0.000000,0.0000000,0.0000000
2.069961,1.6712616,1.890566,1.9517013,0.000000,0.9719019,1.835550,0.0000000,0.0000000
0.000000,1.7930569,2.004996,0.9339839,0.000000,0.9553415,0.000000,0.0000000,0.0000000
0.000000,1.6369301,2.030507,1.7178216,0.000000,2.1167909,1.928237,0.7367952,0.0000000
0.000000,1.8287473,1.768870,0.0000000,1.655694,0.8296753,0.000000,0.7824681,0.0000000
0.000000,0.0000000,2.056582,1.7343667,0.000000,2.1722148,0.000000,0.0000000,0.0000000
0.000000,1.9595735,2.049413,1.7442940,1.677462,0.8604856,0.000000,0.8870015,0.0000000
0.000000,1.7909518,2.024023,1.8892897,1.595391,0.9769217,1.514347,0.0000000,0.0000000
0.000000,1.6596217,2.056638,2.0007617,0.000000,0.9058224,0.000000,0.0000000,0.0000000
0.000000,1.8819391,1.862534,0.9109396,0.000000,0.0000000,0.000000,0.0000000,0.0000000
0.000000,1.9298866,2.036604,0.7908538,1.867819,0.0000000,0.000000,0.0000000,0.0000000
0.000000,1.6593871,1.945275,2.0020501,0.000000,1.0167633,0.000000,0.0000000,0.0000000
0.000000,1.9643032,1.838477,0.9431481,1.864587,0.7836502,0.000000,0.0000000,0.0000000
0.000000,1.9633325,2.041987,1.0310694,1.655473,0.9240633,0.000000,0.0000000,0.0000000
0.000000,1.8002928,2.003009,1.9616519,0.000000,0.9896220,0.000000,0.0000000,0.0000000
1.905330,1.9713163,1.993918,2.0537362,0.000000,2.1647359,0.000000,0.0000000,0.0000000
0.000000,1.8046693,2.059418,1.9210113,1.157012,0.9319740,0.000000,0.0000000,0.0000000
0.000000,1.8705218,2.048070,1.9959387,0.000000,0.9636623,0.000000,0.0000000,0.0000000
0.000000,1.7795749,1.904337,0.9286845,0.000000,0.8787795,0.000000,0.0000000,0.0000000
2.139974,1.9358254,0.000000,0.9103064,0.000000,0.0000000,2.254392,0.0000000,0.0000000
2.160468,0.0000000,0.000000,0.0000000,0.000000,0.0000000,2.370747,0.0000000,0.0000000
0.000000,1.8657645,1.990043,0.0000000,0.000000,0.0000000,0.000000,0.0000000,0.0000000
2.504330,0.0000000,1.796548,0.0000000,0.000000,2.3073543,2.145554,0.9776533,0.0000000
0.000000,0.0000000,0.000000,0.0000000,0.000000,0.0000000,0.000000,0.0000000,0.0000000
0.000000,0.7600746,1.844704,0.8714068,1.329904,0.7020385,0.000000,0.0000000,0.0000000
0.000000,1.9603048,2.009869,0.9827229,0.000000,0.0000000,0.000000,0.0000000,0.0000000
0.000000,1.8834142,2.044608,0.9987358,0.000000,0.0000000,0.000000,0.0000000,0.0000000
0.000000,1.8370043,1.962004,1.0254707,0.000000,0.9299090,0.000000,0.0000000,0.0000000
0.000000,0.8636168,2.004944,0.0000000,0.000000,0.9918642,0.000000,0.0000000,0.0000000
2.225078,1.9515275,1.728552,0.9433226,0.000000,0.0000000,0.000000,0.0000000,0.0000000
2.350256,0.0000000,0.000000,0.8463292,0.000000,0.0000000,0.000000,1.1311992,0.0000000
0.000000,1.8177081,1.812859,1.9218678,1.568097,0.9244184,0.000000,0.0000000,0.0000000
0.000000,0.0000000,0.000000,1.0194919,0.000000,1.2878454,0.000000,0.0000000,0.0000000
0.000000,0.9480836,1.688721,0.0000000,0.000000,0.0000000,0.000000,0.0000000,0.0000000
0.000000,0.0000000,0.000000,0.0000000,0.000000,0.0000000,0.000000,0.0000000,0.0000000
0.000000,0.0000000,1.800637,0.9905310,0.000000,0.0000000,0.000000,0.0000000,0.0000000
0.000000,1.8400625,0.000000,0.9471757,0.000000,2.2826059,0.000000,0.0000000,0.0000000
0.000000,0.0000000,0.000000,0.9177461,0.000000,0.0000000,0.000000,0.0000000,0.0000000
0.000000,1.8876979,1.952312,0.8614333,0.000000,1.0099695,0.000000,0.0000000,0.0000000
0.000000,1.7460267,0.000000,0.9835431,1.449993,0.9699097,0.000000,0.0000000,0.0000000
0.000000,0.0000000,0.000000,0.8381632,0.000000,0.9784056,0.000000,0.0000000,0.0000000
0.000000,1.8642730,1.861451,0.9165270,0.000000,1.9457385,0.000000,0.7740772,0.0000000
0.000000,1.8281043,1.671826,0.9999039,0.000000,2.1498565,0.000000,0.0000000,0.0000000
0.000000,0.0000000,1.807465,0.8842174,0.000000,0.9424939,0.000000,0.0000000,0.0000000
0.000000,1.9845702,2.034707,0.8767324,0.000000,0.0000000,0.000000,0.0000000,0.0000000
0.000000,1.9121009,1.799801,0.9607958,0.000000,0.8812402,0.000000,0.0000000,0.0000000
0.000000,1.7984453,1.984017,1.8125614,0.000000,0.9390592,0.000000,0.0000000,0.8927269
0.000000,0.0000000,1.994114,1.0488457,0.000000,1.0793223,0.000000,0.0000000,0.0000000
0.000000,1.9156147,1.903677,0.9189925,0.000000,1.0388093,0.000000,0.0000000,0.0000000
1.579272,1.9257173,1.904455,0.9592315,0.000000,0.9959578,0.000000,1.8033260,0.0000000
0.000000,2.1225994,1.656245,1.7428574,1.709232,1.0175441,0.000000,0.0000000,0.0000000
0.000000,1.9503223,1.891917,0.9987672,0.000000,0.0000000,0.000000,0.0000000,0.0000000
0.000000,1.9616095,1.969556,0.9692163,0.000000,0.8168635,0.000000,0.0000000,0.0000000
0.000000,1.8455389,1.985988,0.9554232,0.000000,0.9400559,0.000000,0.0000000,0.0000000
0.000000,1.9570247,1.983879,0.9956505,0.000000,1.9295285,0.000000,1.6740740,0.0000000
0.000000,1.7828571,2.092677,0.9523767,0.000000,1.9701362,0.000000,0.0000000,0.9039132
0.000000,2.0880536,1.864567,1.8699025,1.669565,1.8818361,0.000000,0.8220683,0.9300052
0.000000,2.0239712,1.904841,0.9693158,1.699870,1.1330829,0.000000,0.0000000,0.0000000
0.000000,1.9415759,1.963076,0.0000000,0.000000,1.0059983,0.000000,0.0000000,0.8963425
1.836777,0.0000000,1.961215,2.0005537,0.000000,0.9336433,0.000000,0.0000000,0.0000000
0.000000,0.7475850,1.850710,0.9270152,0.000000,0.8300924,0.000000,0.0000000,0.0000000
0.000000,1.9493014,1.892488,0.9443626,1.803074,1.8430642,0.000000,0.0000000,0.6983279
0.000000,1.9755007,1.909528,0.9904737,0.000000,0.8488223,0.000000,0.0000000,0.8806189
0.000000,2.0504452,1.709428,0.9284320,1.803602,0.0000000,0.000000,0.0000000,0.0000000
1.819519,1.9935893,1.992505,0.9778500,0.000000,0.0000000,0.000000,1.0304561,1.9375131
1.945026,1.9113301,1.882830,1.0162587,0.000000,0.0000000,0.000000,0.9747218,0.9174908
0.000000,1.9455143,2.025137,1.9011854,1.449273,0.8779718,0.000000,0.8436180,0.0000000
0.000000,1.9143607,1.926286,0.9587147,1.742845,0.8383569,0.000000,0.0000000,0.0000000
0.000000,1.9090932,2.029317,0.9818839,0.000000,0.8562273,0.000000,0.8165626,0.9213725
0.000000,2.0233156,1.929570,1.0159208,0.000000,1.0316583,0.000000,0.0000000,0.7585889
0.000000,1.9766084,1.998265,1.0042815,0.000000,1.0145425,0.000000,0.8932123,0.9163552
0.000000,1.9008336,0.000000,1.0006720,0.000000,0.0000000,0.000000,0.0000000,0.0000000
0.000000,1.9011754,1.822522,0.9710060,0.000000,0.9494287,0.000000,0.0000000,0.0000000
0.000000,1.9783261,2.070723,0.9859514,0.000000,1.0158175,0.000000,0.0000000,0.0000000
2.080236,1.9408023,1.909938,0.8869888,0.000000,0.9668632,0.000000,0.0000000,0.9526185
1.974683,2.0334735,2.012519,0.9643481,0.000000,0.9581646,0.000000,1.0959717,0.9336888
0.000000,1.9388219,1.911684,0.9879457,1.570649,0.0000000,0.000000,0.0000000,0.0000000
0.000000,1.8184823,1.979279,0.9448477,0.000000,0.8789216,0.000000,0.9016305,0.8250094
0.000000,1.9163404,2.038277,1.0117204,0.000000,1.1753386,0.000000,0.8600576,0.9321006
0.000000,1.8439992,1.906247,0.9835073,0.000000,0.0000000,0.000000,0.0000000,0.0000000
0.000000,1.9593481,1.925385,0.9501568,0.000000,0.0000000,0.000000,0.8516362,0.9403476
0.000000,1.7961623,1.969287,0.9801156,1.667886,0.9812707,0.000000,0.0000000,1.7721078
0.000000,1.8768860,1.910003,1.6990922,0.000000,0.0000000,0.000000,0.0000000,0.8965987
0.000000,1.9185861,1.927123,0.9567331,0.000000,0.8834344,0.000000,0.0000000,0.0000000
0.000000,1.8456728,1.925010,0.9285618,1.628979,0.0000000,0.000000,0.0000000,0.0000000
0.000000,1.6987754,1.845935,1.9153139,0.000000,0.7941569,2.048702,0.7773697,0.7963908
0.000000,1.9781409,1.934830,0.8581431,1.454517,1.7912501,0.000000,0.9406381,0.8579743
0.000000,1.7978735,1.959341,0.0000000,0.000000,2.2026690,0.000000,0.0000000,0.9447845
0.000000,1.9393437,1.943270,0.9099301,0.000000,2.0276650,0.000000,0.0000000,1.1053637
0.000000,0.9375431,0.000000,0.0000000,0.000000,0.0000000,0.000000,0.0000000,0.0000000
1.931641,0.0000000,0.000000,0.9227197,0.000000,1.1093539,0.000000,0.0000000,1.9105245
0.000000,1.8897624,1.955149,0.9205962,0.000000,0.0000000,0.000000,0.0000000,0.0000000
0.000000,0.9171227,1.951122,0.9514304,0.000000,0.9825776,0.000000,0.0000000,0.0000000
2.224269,0.0000000,2.039647,0.9906187,0.000000,2.3305760,0.000000,0.9313410,0.0000000
0.000000,1.7970199,2.020747,0.9529661,1.719181,0.9138223,0.000000,0.8153155,0.0000000
0.000000,0.0000000,2.049827,1.8788088,0.000000,2.2484758,0.000000,0.0000000,0.0000000
0.000000,1.7618251,2.064541,0.9824136,0.000000,1.0553482,0.000000,0.0000000,0.0000000
0.000000,1.7350173,1.940955,0.9456447,0.000000,0.9093479,0.000000,0.0000000,0.0000000
0.000000,0.9418792,1.858817,0.0000000,0.000000,1.0091495,0.000000,0.0000000,0.8658828
0.000000,2.0160154,1.955841,0.9828755,0.000000,2.0111388,0.000000,0.0000000,0.0000000
0.000000,0.0000000,2.079884,0.9219161,0.000000,0.0000000,0.000000,0.0000000,0.0000000
0.000000,1.6898636,2.011809,1.0158149,0.000000,1.0642048,0.000000,0.0000000,0.7642135
0.000000,1.7161195,2.082877,1.8540389,0.000000,1.0615899,0.000000,0.0000000,0.0000000
0.000000,1.9476255,1.866386,0.9327760,1.492830,2.0024035,0.000000,0.0000000,0.0000000
0.000000,1.9878047,0.000000,0.9714845,0.000000,1.0906415,0.000000,0.0000000,0.0000000
0.000000,1.9006538,2.026962,1.0174809,0.000000,2.1071054,0.000000,0.0000000,0.0000000
0.000000,0.0000000,1.927345,0.9634362,0.000000,1.0892052,0.000000,0.0000000,2.1203356
0.000000,1.9056342,1.802971,0.0000000,0.000000,1.0813860,0.000000,0.0000000,0.0000000
1.833296,1.9061749,2.008931,1.0234364,0.000000,1.1308423,0.000000,0.0000000,2.0070998
0.000000,0.0000000,1.685531,1.9858258,0.000000,2.1487497,0.000000,0.0000000,0.0000000
0.000000,1.9564490,2.054178,0.9155537,1.558979,0.0000000,0.000000,0.0000000,0.0000000
0.000000,1.9597521,2.037064,0.9962235,1.605366,1.1327586,0.000000,0.0000000,0.0000000
1.668091,1.8783993,1.861635,1.8271139,0.000000,1.0073601,0.000000,0.8993091,0.8856422
0.000000,0.0000000,2.037109,0.0000000,0.000000,1.1396755,0.000000,0.8119277,0.0000000
0.000000,0.0000000,1.999011,0.9754933,0.000000,1.0433386,0.000000,0.0000000,0.9204936
0.000000,1.9596877,1.893676,0.9566141,0.000000,1.0322821,0.000000,0.0000000,0.0000000
0.000000,1.9138531,1.864733,0.9441992,1.700453,0.0000000,0.000000,0.0000000,0.9086718
0.000000,1.9430103,2.019112,1.7840830,0.000000,0.0000000,0.000000,0.0000000,0.9612279
0.000000,0.0000000,2.118423,2.0664917,0.000000,0.9016408,0.000000,0.0000000,0.0000000
0.000000,1.9593751,1.972101,0.9157740,0.000000,0.8611187,0.000000,0.0000000,2.0176366
0.000000,1.8679321,1.988739,0.8881109,1.735209,0.8405744,0.000000,0.0000000,0.0000000
0.000000,2.0590744,1.993263,1.0350084,0.000000,1.0023738,0.000000,0.0000000,0.0000000
0.000000,1.7606740,1.871101,1.0160870,0.000000,0.9994307,0.000000,0.9032735,0.0000000
0.000000,1.9150725,2.054201,0.9885743,0.000000,0.0000000,0.000000,0.0000000,0.0000000
0.000000,1.9594875,1.955867,1.0382737,1.534080,0.9652550,0.000000,0.8716969,0.0000000
0.000000,0.0000000,2.065685,1.9406749,0.000000,0.9524183,0.000000,0.7957411,0.0000000
0.000000,1.8903049,2.037038,1.0210841,1.751107,0.9328155,0.000000,0.0000000,0.0000000
0.000000,1.8110263,1.993623,1.0027538,0.000000,0.0000000,0.000000,0.0000000,0.0000000
0.000000,1.8558145,2.035499,1.8128822,0.000000,0.9513608,0.000000,0.0000000,0.0000000
0.000000,1.8940620,1.993195,1.0375074,0.000000,0.0000000,0.000000,0.0000000,0.0000000
0.000000,1.8450739,1.987175,0.8570868,0.000000,0.7542415,0.000000,0.0000000,0.0000000
0.000000,1.9048688,0.000000,0.9262030,0.000000,0.9418964,0.000000,0.0000000,0.0000000
1.574385,1.7481536,1.854045,0.9558396,0.000000,0.9664738,0.000000,0.0000000,0.0000000
0.000000,0.0000000,1.982630,0.0000000,0.000000,0.0000000,0.000000,0.0000000,0.0000000
0.000000,1.8047330,1.897752,1.0032822,0.000000,0.9349985,0.000000,0.0000000,0.0000000
0.000000,2.0457005,1.905373,0.9816720,0.000000,0.8704663,0.000000,0.8975649,0.0000000
0.000000,0.8842504,1.991396,0.9913150,0.000000,0.9017133,0.000000,0.0000000,0.0000000
0.000000,1.8923219,1.939152,0.9864003,0.000000,0.0000000,0.000000,0.0000000,0.0000000
1.959944,1.7157058,1.209938,1.8453717,0.000000,0.8858102,1.695943,0.0000000,0.0000000
1.759970,1.8858656,2.035464,1.0059777,0.000000,0.0000000,0.000000,0.0000000,0.0000000
0.000000,0.0000000,2.044930,0.9122914,0.000000,0.8619160,0.000000,0.0000000,0.0000000
0.000000,1.8437700,1.776684,1.0186330,0.000000,1.9742430,0.000000,0.0000000,0.0000000
0.000000,1.7568150,1.989877,1.0066897,0.000000,1.0132616,0.000000,0.0000000,0.0000000
0.000000,1.8561318,2.024249,0.9949818,0.000000,0.9603500,0.000000,0.0000000,0.0000000
0.000000,1.6785146,2.043373,1.0229826,0.000000,1.0370842,0.000000,0.0000000,0.8491915
2.048827,2.0008457,1.968637,1.9636579,0.000000,1.0584718,0.000000,0.0000000,0.0000000
0.000000,1.7438818,2.073652,1.6864118,0.000000,0.9425878,0.000000,0.0000000,0.0000000
0.000000,1.8884087,1.989595,1.0123386,0.000000,2.1721867,0.000000,0.8996294,0.0000000
0.000000,2.0728460,1.907532,0.0000000,1.584746,0.9600402,0.000000,0.0000000,0.0000000
0.000000,1.9420323,1.912838,1.9362757,0.000000,0.9977985,0.000000,0.0000000,0.0000000
0.000000,1.7804609,2.001468,0.9196193,0.000000,0.9805213,0.000000,0.0000000,0.0000000
0.000000,1.9353530,2.023640,0.9004293,0.000000,0.0000000,0.000000,0.8719546,0.0000000
0.000000,1.8488321,1.885958,1.8661818,0.000000,0.8109482,0.000000,0.0000000,0.0000000
0.000000,0.0000000,1.979845,0.9095610,0.000000,1.9739319,0.000000,0.0000000,0.0000000
0.000000,1.8130759,1.972587,0.9996404,0.000000,1.0394080,0.000000,0.0000000,0.0000000
0.000000,1.8104185,2.006844,1.0171695,0.000000,2.0806012,0.000000,0.8535694,0.0000000
0.000000,1.9024160,2.018754,2.0102397,1.684889,2.0937363,0.000000,0.9689489,0.0000000
0.000000,0.0000000,2.015479,1.8929563,0.000000,2.1275997,0.000000,0.9365885,0.0000000
0.000000,1.8535625,1.992786,0.9904098,0.000000,0.0000000,0.000000,0.0000000,0.0000000
0.000000,1.7716699,2.042048,1.0026745,1.807575,1.0041714,0.000000,0.0000000,0.0000000
0.000000,1.8707263,1.776609,1.0137335,0.000000,1.0085338,0.000000,0.0000000,0.0000000
0.000000,1.8561515,2.049709,0.9901519,0.000000,0.9800825,0.000000,0.0000000,0.0000000
0.000000,1.8864486,2.058972,0.9926286,0.000000,1.1850373,0.000000,0.7828244,0.0000000
0.000000,1.9208618,1.892714,0.9483757,1.645525,0.0000000,0.000000,0.0000000,0.0000000
0.000000,1.8806868,0.000000,0.9282772,0.000000,0.9879207,0.000000,0.0000000,0.0000000
0.000000,1.9525370,2.030555,0.9990404,0.000000,2.1317828,0.000000,0.7883786,0.0000000
0.000000,0.0000000,2.026965,0.8270703,0.000000,0.9894583,0.000000,0.0000000,0.0000000
0.000000,1.8544469,1.822513,0.0000000,0.000000,0.9226394,0.000000,0.0000000,0.0000000
0.000000,0.0000000,2.014853,1.0284437,0.000000,0.0000000,0.000000,0.0000000,0.0000000
0.000000,1.7987796,1.995070,0.8998422,0.000000,0.9244967,0.000000,0.0000000,0.0000000
0.000000,1.7534115,2.023683,0.9478637,0.000000,0.0000000,0.000000,0.7536171,0.0000000
0.000000,1.9190803,0.000000,0.8448631,0.000000,0.0000000,0.000000,0.0000000,0.0000000
0.000000,1.8644949,2.009675,1.0050236,0.000000,0.9205765,0.000000,0.0000000,0.0000000
0.000000,1.8389455,1.944561,1.9328931,0.000000,0.9675867,0.000000,0.0000000,0.0000000
0.000000,1.8024674,2.088501,1.0095213,0.000000,0.0000000,0.000000,1.0023935,0.0000000
0.000000,1.8127831,1.982225,1.8785593,0.000000,0.9935610,0.000000,0.0000000,0.0000000
1.767561,1.8680299,1.585339,0.9507064,0.000000,0.8819653,0.000000,0.0000000,0.0000000
0.000000,1.5417485,2.089200,1.0067861,0.000000,1.5703381,0.000000,0.0000000,0.0000000
0.000000,1.9309919,1.990511,0.9450780,1.782992,0.9636028,0.000000,0.8340965,0.0000000
1.854224,1.7566327,2.041338,0.8839661,0.000000,0.8998794,0.000000,0.0000000,0.7245465
0.000000,1.9811465,1.999833,0.8495171,1.553422,1.0942702,0.000000,0.0000000,0.0000000
0.000000,1.9808520,2.066779,0.9775350,0.000000,0.9875571,0.000000,0.0000000,0.0000000
0.000000,1.7084811,2.055808,1.8655450,0.000000,0.0000000,0.000000,0.0000000,0.0000000
1.969225,1.8595728,2.043668,0.9186607,0.000000,1.0941425,2.365072,0.0000000,0.0000000
1.903648,1.6382627,1.939749,1.9290858,0.000000,2.0721086,0.000000,0.0000000,0.0000000
0.000000,1.8775076,1.965588,0.9944567,0.000000,2.2368993,0.000000,0.0000000,0.0000000
0.000000,1.9081582,1.947836,1.0234645,0.000000,0.9767020,0.000000,0.0000000,0.0000000
0.000000,1.8710645,2.004540,0.9142819,1.868142,0.9558628,0.000000,0.0000000,0.0000000
0.000000,1.9173522,1.598039,0.9937114,1.691386,1.9087221,0.000000,0.0000000,0.0000000
0.000000,1.6606427,0.000000,1.0180928,0.000000,0.9882422,0.000000,0.0000000,0.0000000
1.774548,1.7169647,2.029964,1.0175399,0.000000,2.1424161,0.000000,0.0000000,0.0000000
0.000000,1.6833606,1.912788,1.0112732,0.000000,2.1589728,0.000000,0.0000000,0.0000000
0.000000,1.8549039,2.051068,1.8045319,1.720152,2.1406006,0.000000,0.8415557,0.0000000
1.967128,1.8828615,2.073610,1.9546996,0.000000,2.1957693,0.000000,0.8402800,1.6669181
2.044379,1.8859691,1.999835,0.9758103,1.671076,0.9509770,0.000000,0.0000000,0.0000000
0.000000,1.6655318,2.022623,0.9998299,0.000000,0.8928207,0.000000,0.0000000,0.0000000
1.877083,0.8528501,2.056215,1.9372956,0.000000,0.9724344,0.000000,0.0000000,0.0000000
0.000000,0.9330423,2.012975,0.9612897,0.000000,0.8880421,0.000000,0.0000000,0.0000000
1.829717,1.5196144,1.948382,0.0000000,0.000000,1.0072093,0.000000,0.0000000,0.0000000
1.798468,0.8827844,1.832088,0.9550440,0.000000,1.0618589,1.974354,0.0000000,1.0020892
0.000000,1.9330753,2.001169,1.0175408,0.000000,0.9217264,0.000000,0.9664620,0.0000000
2.013837,1.9542157,0.000000,1.0510947,0.000000,2.0498528,0.000000,0.0000000,0.0000000
0.000000,0.0000000,2.000480,0.9861748,0.000000,1.0912105,0.000000,0.0000000,0.0000000
0.000000,1.8658382,2.017813,0.9995706,0.000000,0.0000000,0.000000,0.0000000,0.0000000
0.000000,1.9229396,2.038033,0.9946148,0.000000,1.0499311,0.000000,0.0000000,0.8975429
0.000000,1.7868910,2.095555,0.9290336,0.000000,2.1519372,0.000000,0.0000000,0.0000000
0.000000,0.0000000,1.818844,1.0236460,0.000000,0.0000000,0.000000,0.0000000,0.0000000
1.868323,0.0000000,1.906131,1.9330730,0.000000,0.0000000,0.000000,0.0000000,0.0000000
0.000000,0.8972571,1.801877,0.8703549,0.000000,0.0000000,0.000000,0.0000000,0.0000000
0.000000,0.0000000,2.014911,1.0107658,0.000000,2.0654543,0.000000,0.0000000,0.0000000
0.000000,0.9338900,0.000000,0.9451272,0.000000,0.8709341,0.000000,0.0000000,0.0000000
0.000000,1.7624962,2.111957,0.9836981,0.000000,1.1072534,0.000000,0.0000000,0.0000000
0.000000,1.6775677,2.101214,0.9662102,0.000000,0.9280514,0.000000,0.8022691,0.0000000
1.921746,0.0000000,2.082674,0.9590376,0.000000,2.0372181,0.000000,0.9517226,0.0000000
1.860757,1.9252776,1.767760,1.0220970,0.000000,2.2163597,0.000000,0.0000000,1.9310776
0.000000,0.8674972,1.877914,0.9950744,0.000000,1.0984353,0.000000,0.0000000,1.0380633
1.733714,1.8275033,1.964428,1.9014930,0.000000,0.0000000,0.000000,1.0460370,0.8215775
1.917438,1.6504745,2.052337,1.0068611,0.000000,1.1021642,0.000000,0.0000000,0.0000000
0.000000,1.6898951,1.903267,0.9511717,0.000000,1.9214588,0.000000,0.0000000,0.0000000
1.974501,1.7643106,2.029753,1.9950337,0.000000,2.2056915,0.000000,0.0000000,0.9487570
0.000000,1.9545957,1.986465,0.0000000,0.000000,0.8830397,0.000000,0.0000000,0.0000000
0.000000,1.8521803,1.971446,1.8297854,0.000000,2.2278498,0.000000,0.8997997,0.8653226
2.232803,0.9015165,1.767720,1.0056459,0.000000,1.1863781,0.000000,0.0000000,2.0688449
0.000000,1.8034456,1.761376,0.9911413,1.522285,1.0391995,0.000000,0.0000000,0.0000000
0.000000,1.8000318,1.989684,1.0076485,0.000000,2.2017564,0.000000,0.0000000,0.0000000
0.000000,1.7741440,2.046692,0.9695032,0.000000,2.0326599,0.000000,0.0000000,0.0000000
2.492490,0.0000000,0.000000,1.0720312,0.000000,1.3105589,2.106037,0.0000000,0.0000000
0.000000,0.0000000,1.947861,0.0000000,0.000000,1.0475259,0.000000,0.0000000,0.0000000
0.000000,0.0000000,1.913585,1.7746781,0.000000,1.0798668,0.000000,0.0000000,0.0000000
0.000000,1.8836544,1.949904,0.0000000,1.551581,0.8745214,0.000000,0.0000000,0.0000000
0.000000,1.9530127,2.032507,0.9847664,0.000000,0.9535886,0.000000,0.0000000,0.8119445
0.000000,1.9182719,1.962225,0.9108443,0.000000,1.0127686,0.000000,0.0000000,0.0000000
0.000000,1.7854186,1.968218,1.0288423,0.000000,1.0981542,0.000000,1.0893992,0.9426588
0.000000,1.9303022,0.000000,0.9298334,0.000000,0.8310661,0.000000,0.0000000,0.0000000
2.221699,0.0000000,2.036571,1.9614916,0.000000,2.1049441,0.000000,0.8751588,0.0000000
0.000000,1.9760783,2.007767,1.8573319,0.000000,2.1781259,0.000000,0.0000000,0.0000000
2.052081,1.9042659,2.046745,2.0134313,1.656410,2.1178790,0.000000,0.0000000,1.8868716
0.000000,1.8291876,2.025539,1.8866109,0.000000,2.2470985,0.000000,0.0000000,0.0000000
0.000000,1.9444925,1.919226,0.0000000,1.831209,1.9489270,0.000000,0.8977511,0.0000000
0.000000,0.0000000,1.871335,0.0000000,0.000000,1.0002264,0.000000,0.0000000,0.0000000
0.000000,1.8305283,1.898678,0.8620941,1.788312,0.9708597,0.000000,0.0000000,0.0000000
0.000000,0.0000000,1.716511,0.9546602,0.000000,0.0000000,0.000000,0.0000000,0.0000000
1.823269,1.8095525,2.013548,0.8489174,0.000000,0.0000000,0.000000,0.0000000,0.0000000
1.842198,0.0000000,1.949213,0.9669782,0.000000,0.9606196,0.000000,0.0000000,0.0000000
0.000000,0.0000000,2.051094,0.9339224,0.000000,2.0127955,0.000000,0.0000000,0.0000000
0.000000,0.0000000,2.061854,1.9466538,0.000000,0.7990586,0.000000,0.0000000,0.0000000
2.377682,0.0000000,1.981447,1.0394973,0.000000,2.2462053,0.000000,0.0000000,0.0000000
0.000000,0.0000000,2.091154,0.8968373,0.000000,0.9057149,0.000000,0.0000000,0.0000000
0.000000,1.7667248,1.942555,1.0224123,0.000000,1.0562831,0.000000,0.0000000,0.0000000
0.000000,0.9131358,1.953823,1.0259292,0.000000,2.0591845,0.000000,0.0000000,0.0000000
0.000000,1.8414754,2.013854,1.0455304,0.000000,1.0401487,0.000000,0.0000000,0.0000000
0.000000,1.8675537,2.058855,1.9070455,0.000000,1.8741769,0.000000,0.0000000,0.0000000
0.000000,1.7676021,2.068179,0.9795848,0.000000,0.9159303,0.000000,0.0000000,0.0000000
0.000000,1.8132429,1.937743,0.0000000,0.000000,1.0100040,0.000000,0.0000000,0.0000000
0.000000,0.0000000,1.953401,0.0000000,0.000000,2.0176626,0.000000,0.0000000,0.0000000
0.000000,1.8846360,1.966617,1.0082141,0.000000,2.2078634,0.000000,0.0000000,0.0000000
0.000000,1.9046072,1.919047,1.9800530,0.000000,0.9438795,0.000000,0.0000000,0.0000000
0.000000,1.8449520,2.021602,1.9790409,0.000000,0.0000000,0.000000,0.0000000,0.0000000
0.000000,0.0000000,0.000000,0.0000000,0.000000,1.0467777,0.000000,0.0000000,0.0000000
0.000000,0.0000000,0.000000,0.8712102,0.000000,0.0000000,0.000000,0.0000000,0.0000000
0.000000,0.7438458,2.106465,1.9037297,0.000000,0.0000000,0.000000,0.0000000,0.0000000
0.000000,0.0000000,1.865565,0.8758944,0.000000,2.1229998,0.000000,0.0000000,0.7018677
0.000000,0.0000000,1.819869,0.9064006,0.000000,0.9026842,0.000000,0.0000000,0.0000000
0.000000,0.0000000,1.964587,0.9452310,0.000000,1.0332164,0.000000,0.0000000,0.0000000
0.000000,0.9335457,0.000000,0.9611661,0.000000,2.1793146,0.000000,0.0000000,0.0000000
0.000000,1.8706770,2.086702,1.9487673,0.000000,1.0225454,0.000000,0.0000000,0.0000000
0.000000,1.8032376,1.864148,1.0486260,0.000000,0.0000000,0.000000,0.0000000,0.0000000
0.000000,0.0000000,0.000000,2.0251576,0.000000,1.2077339,0.000000,0.0000000,0.9327760
0.000000,0.8285887,2.009733,1.9714625,0.000000,0.0000000,0.000000,0.0000000,0.0000000
0.000000,1.8793602,1.887088,1.0164292,0.000000,2.0481525,0.000000,0.0000000,0.0000000
0.000000,0.9125888,2.009341,0.9767520,0.000000,0.9506034,0.000000,0.0000000,0.0000000
2.042963,1.9146794,2.028258,1.0058646,0.000000,0.0000000,0.000000,0.0000000,0.0000000
0.000000,0.8684919,1.960326,1.9617086,0.000000,0.9029947,0.000000,0.0000000,0.0000000
0.000000,1.7023686,2.001838,1.0190213,0.000000,0.9550017,0.000000,0.9225590,0.7246367
0.000000,0.0000000,0.000000,0.0000000,0.000000,0.0000000,0.000000,0.0000000,0.0000000
0.000000,0.7316681,1.921926,0.8502161,0.000000,0.0000000,0.000000,0.0000000,0.0000000
0.000000,0.8934857,2.063360,0.9158797,0.000000,1.0052029,0.000000,0.0000000,0.0000000
0.000000,0.0000000,1.871826,0.0000000,0.000000,0.0000000,0.000000,0.0000000,0.0000000
0.000000,0.0000000,1.810055,0.9710936,0.000000,0.0000000,0.000000,0.0000000,0.0000000
0.000000,1.8546689,2.013641,0.0000000,0.000000,0.9676522,0.000000,0.0000000,0.0000000
0.000000,1.9562175,2.071402,1.8444300,0.000000,1.0044547,0.000000,0.0000000,0.8756945
0.000000,1.8401432,1.916927,1.9198200,0.000000,2.0868327,0.000000,0.0000000,0.8487270
0.000000,1.9401236,1.919998,1.0086881,0.000000,1.2061886,0.000000,0.0000000,0.0000000
0.000000,0.0000000,2.028856,0.0000000,0.000000,0.0000000,1.842620,0.0000000,0.0000000
0.000000,0.0000000,1.887620,0.0000000,0.000000,0.0000000,0.000000,0.0000000,0.0000000
0.000000,1.8658732,1.870937,1.8804429,0.000000,0.0000000,0.000000,0.0000000,0.0000000
2.167101,0.9207695,2.077754,0.0000000,0.000000,1.1702563,2.204908,0.0000000,0.0000000
0.000000,0.0000000,0.000000,0.0000000,0.000000,0.0000000,2.449341,0.0000000,0.0000000
0.000000,1.7777284,1.807585,1.0019903,1.808955,1.0413902,0.000000,0.9726820,0.0000000
0.000000,1.9824719,0.000000,0.9890261,0.000000,1.0344901,0.000000,0.0000000,0.0000000
0.000000,1.9248418,1.878310,0.9745892,0.000000,1.1239209,0.000000,0.0000000,0.0000000
2.043409,1.8198938,2.012370,1.8275713,0.000000,1.1969087,0.000000,1.8283469,0.0000000
0.000000,1.6156822,1.895007,1.9267890,0.000000,1.9024618,0.000000,0.0000000,0.0000000
0.000000,1.9242296,1.805338,1.9142476,0.000000,2.0096385,0.000000,0.0000000,0.9045421
0.000000,1.7168257,1.929344,0.9120553,1.883240,0.8768492,0.000000,0.0000000,1.0976981
0.000000,1.9676157,1.830025,1.0208315,0.000000,0.0000000,0.000000,0.0000000,0.0000000
2.067197,1.9023309,2.107358,0.0000000,0.000000,0.0000000,0.000000,0.0000000,0.0000000
0.000000,1.9253499,1.972994,0.8838004,1.876690,0.0000000,0.000000,0.0000000,0.0000000
0.000000,0.0000000,2.021281,0.0000000,0.000000,0.0000000,0.000000,0.0000000,0.0000000
0.000000,1.7595038,2.034756,0.9500403,0.000000,0.0000000,0.000000,0.0000000,0.9175486
0.000000,0.0000000,0.000000,0.0000000,0.000000,0.0000000,2.057754,0.0000000,0.0000000
0.000000,0.0000000,0.000000,0.0000000,0.000000,0.0000000,0.000000,0.0000000,0.0000000
2.434983,0.0000000,0.000000,0.0000000,0.000000,1.0171669,2.370609,0.0000000,0.0000000
2.289404,0.0000000,0.000000,1.0429970,0.000000,1.2210261,2.004251,0.0000000,0.0000000
0.000000,0.0000000,1.982625,2.0207200,0.000000,1.1192510,0.000000,0.0000000,0.0000000
0.000000,1.9359896,0.000000,0.0000000,0.000000,0.9585659,0.000000,0.0000000,0.0000000
0.000000,0.0000000,1.916557,0.0000000,0.000000,1.0469980,0.000000,0.0000000,0.0000000
0.000000,0.0000000,0.000000,1.0095938,0.000000,1.2217421,0.000000,0.0000000,0.0000000
2.057732,0.0000000,0.000000,0.0000000,0.000000,0.0000000,0.000000,0.0000000,0.0000000
2.168597,0.0000000,2.040198,0.0000000,0.000000,0.0000000,0.000000,0.0000000,0.0000000
0.000000,1.9657905,1.849306,2.0054449,1.645936,2.0560243,0.000000,1.7574778,0.9802370
0.000000,1.6852016,1.964108,1.0167497,0.000000,0.8673647,0.000000,0.8563521,0.0000000
0.000000,0.0000000,0.000000,0.0000000,0.000000,0.0000000,0.000000,0.0000000,0.0000000
1.957006,0.0000000,2.084772,1.9966293,0.000000,0.8950705,0.000000,0.0000000,0.0000000
0.000000,0.0000000,1.981564,1.0088635,0.000000,2.1355505,0.000000,0.0000000,0.0000000
0.000000,0.0000000,0.000000,0.0000000,0.000000,0.0000000,0.000000,0.0000000,0.0000000
0.000000,0.0000000,1.925656,1.8838488,0.000000,1.1051088,0.000000,0.0000000,0.0000000
2.351665,0.0000000,1.775984,0.9783893,0.000000,0.0000000,0.000000,0.0000000,0.0000000
0.000000,2.0517266,0.000000,1.0069571,1.857054,1.9570974,0.000000,0.0000000,0.0000000
0.000000,1.9175291,1.984066,1.9546280,0.000000,1.7531943,0.000000,0.0000000,0.0000000
0.000000,1.7085929,2.060885,1.0043344,0.000000,0.9907939,0.000000,0.0000000,0.0000000
0.000000,1.8552148,1.937087,1.0065789,0.000000,0.0000000,0.000000,0.0000000,0.0000000
0.000000,0.0000000,1.878274,1.8511850,0.000000,0.0000000,0.000000,0.0000000,0.0000000
0.000000,0.8731379,0.000000,1.0064261,0.000000,0.0000000,0.000000,0.0000000,0.0000000
0.000000,2.0670887,0.000000,0.0000000,0.000000,1.0205841,0.000000,0.0000000,0.0000000
2.310006,0.0000000,1.976183,1.2771442,0.000000,1.2320889,2.054358,0.0000000,0.0000000
0.000000,0.0000000,1.829305,1.0087352,0.000000,0.9198349,0.000000,0.0000000,0.0000000
1.966001,0.6457642,2.084716,1.6799815,0.000000,1.2406063,0.000000,0.7403304,0.0000000
0.000000,2.0263036,1.570833,0.8020046,1.736902,0.8523466,0.000000,0.0000000,0.0000000
0.000000,0.8260747,1.504175,2.0282880,0.000000,0.9974840,0.000000,0.0000000,0.0000000
0.000000,1.9796900,1.861709,0.8707680,1.844026,0.0000000,0.000000,0.0000000,0.0000000
0.000000,2.0704892,1.869492,0.9726198,1.608526,2.0294819,0.000000,0.0000000,0.0000000
2.315716,0.8424331,1.760054,0.9978504,0.000000,1.0676692,0.000000,0.0000000,0.0000000
0.000000,0.0000000,1.945520,1.9637357,0.000000,2.0617729,0.000000,0.0000000,0.0000000
0.000000,1.5344216,2.061339,1.9804478,0.000000,1.9991425,0.000000,0.8233920,0.0000000
1.916432,1.8469155,1.942987,0.9621318,0.000000,0.0000000,2.061230,0.0000000,0.0000000
1.573118,1.7733543,2.018814,1.8763168,0.000000,0.9314351,0.000000,1.8560405,0.0000000
0.000000,1.9968393,1.966218,1.0005843,1.788726,0.8783088,0.000000,0.0000000,0.0000000
0.000000,1.8251798,2.014118,1.8618650,0.000000,0.9758340,0.000000,0.0000000,0.0000000
0.000000,0.7203987,1.993834,1.9729729,0.000000,1.0895238,0.000000,0.8398303,0.0000000
1.950581,1.8784077,2.050981,1.8139141,0.000000,0.8305474,0.000000,0.9022030,0.9835536
0.000000,0.0000000,1.146110,1.0071015,0.000000,1.0776703,0.000000,0.0000000,0.6912908
0.000000,0.0000000,1.874988,1.0160827,0.000000,0.9575354,0.000000,0.0000000,0.9448367
0.000000,1.9552481,1.826947,0.9274907,0.000000,0.9757731,0.000000,0.0000000,0.0000000
0.000000,0.9923025,2.049535,0.9204739,0.000000,2.1452486,1.963946,0.0000000,0.0000000
0.000000,0.0000000,0.000000,0.9307189,0.000000,0.9047356,2.229467,0.0000000,0.0000000
0.000000,0.7670118,1.973762,0.9778156,0.000000,0.9275833,0.000000,0.0000000,0.0000000
1.778641,1.8718147,1.975605,1.8469422,0.000000,2.0400616,0.000000,0.0000000,0.0000000
1.757445,1.8960031,1.986126,1.9523738,0.000000,2.0489546,0.000000,0.8899819,0.0000000
0.000000,1.2725196,1.974865,1.7964215,0.000000,1.0069541,0.000000,0.0000000,0.0000000
0.000000,1.5863305,1.988459,1.9482490,0.000000,1.0186628,0.000000,0.0000000,0.0000000
1.673563,1.6876096,1.944027,1.0054284,0.000000,1.0496101,0.000000,1.0199659,0.7605644
0.000000,0.8133261,2.053217,0.9757156,0.000000,2.2736850,0.000000,0.0000000,0.0000000
0.000000,1.9116323,1.900385,0.9440159,1.584788,1.9249876,0.000000,0.9481359,0.0000000
0.000000,0.0000000,2.093554,0.9471359,0.000000,2.1752030,0.000000,0.0000000,0.0000000
0.000000,1.7096131,2.020794,0.9374172,0.000000,1.0360255,0.000000,0.0000000,0.0000000
0.000000,0.0000000,1.984476,0.8545868,0.000000,0.9206238,0.000000,0.0000000,0.0000000
0.000000,1.5875811,1.945090,1.9141412,0.000000,2.0834101,0.000000,0.0000000,0.0000000
1.990602,1.7043270,1.924943,1.9294186,0.000000,0.9300498,2.040195,0.0000000,0.0000000
0.000000,1.3841439,1.830282,1.8655544,0.000000,2.1178835,0.000000,0.9773900,0.0000000
0.000000,1.9261284,1.925406,0.7725168,0.000000,0.0000000,0.000000,0.0000000,0.0000000
2.021103,0.6929258,2.088512,1.8999247,0.000000,1.1199767,0.000000,0.0000000,0.0000000
0.000000,0.8547436,1.875417,0.9250752,0.000000,1.0498572,0.000000,0.0000000,0.0000000
0.000000,1.8040612,1.953926,0.9925617,0.000000,0.9762418,0.000000,0.0000000,0.0000000
0.000000,1.8147202,1.951336,0.0000000,0.000000,2.0985075,0.000000,0.0000000,0.8085347
1.694007,0.8306407,1.932322,1.8661605,0.000000,2.0861747,0.000000,0.8226298,0.0000000
1.940324,1.7198770,2.007345,1.0145833,0.000000,1.1465216,0.000000,0.0000000,0.0000000
0.000000,1.7319631,2.001849,0.9948605,0.000000,1.1089865,0.000000,0.0000000,0.0000000
2.103092,0.0000000,1.817643,0.9905855,0.000000,0.0000000,0.000000,0.0000000,0.8366580
0.000000,0.9785481,1.976504,0.9840810,0.000000,0.0000000,0.000000,0.0000000,0.0000000
0.000000,0.0000000,2.057885,0.9903871,0.000000,1.0808646,0.000000,0.0000000,0.0000000
0.000000,0.0000000,1.963424,0.9817888,0.000000,0.0000000,0.000000,0.0000000,0.0000000
0.000000,1.8646874,1.995167,1.0263508,1.859557,2.0942091,0.000000,0.0000000,0.0000000
0.000000,1.8002121,1.988386,0.9666365,0.000000,1.0317412,0.000000,0.0000000,0.7437724
0.000000,0.0000000,0.000000,0.9796739,0.000000,2.1016589,0.000000,0.0000000,0.0000000
0.000000,0.0000000,2.065863,1.9478443,0.000000,1.0826613,0.000000,0.0000000,0.0000000
0.000000,1.9298420,1.869313,0.9558814,0.000000,1.0300999,0.000000,0.0000000,0.0000000
1.943396,0.0000000,2.090179,1.8539149,0.000000,0.9589051,0.000000,0.0000000,0.0000000
0.000000,1.8836075,2.027627,1.0099551,0.000000,0.9909051,0.000000,0.8868106,0.0000000
0.000000,0.0000000,1.875154,1.0672343,0.000000,1.2097727,1.984253,0.0000000,0.0000000
2.103120,0.0000000,1.981585,0.0000000,0.000000,0.0000000,0.000000,0.0000000,0.0000000
0.000000,1.9018319,1.997713,1.0015733,0.000000,1.9989033,0.000000,0.0000000,0.0000000
0.000000,2.0064834,0.000000,0.9850845,0.000000,0.9363610,0.000000,0.0000000,0.0000000
0.000000,1.8320741,2.009867,0.9985765,0.000000,0.9013711,0.000000,0.0000000,0.0000000
0.000000,1.9872527,1.853916,0.8172577,1.799429,2.1374221,0.000000,0.0000000,0.0000000
0.000000,1.7598181,1.934248,0.9162923,0.000000,0.9071132,0.000000,0.8921791,0.0000000
0.000000,1.7673302,2.005195,1.7943963,1.646784,0.9917547,0.000000,0.0000000,0.0000000
0.000000,0.9370536,1.811713,0.9827138,0.000000,2.2028068,0.000000,0.0000000,0.0000000
0.000000,1.7553117,2.034346,1.9462897,0.000000,2.2078573,0.000000,0.0000000,0.0000000
2.124191,0.0000000,1.915877,1.9255385,0.000000,1.1086271,0.000000,0.9767203,0.0000000
0.000000,1.7042451,2.056729,1.9904041,0.000000,1.2005252,0.000000,0.0000000,0.0000000
0.000000,1.7005653,2.062921,1.8836349,0.000000,2.0115543,0.000000,0.0000000,0.0000000
0.000000,0.8490440,2.030058,0.9650505,1.668855,2.2229541,0.000000,1.0544146,0.0000000
1.892214,1.8311602,1.904910,1.0029315,0.000000,0.0000000,0.000000,0.0000000,0.0000000
0.000000,1.7340461,1.799110,0.9953994,0.000000,0.0000000,0.000000,0.0000000,0.0000000
2.317544,0.0000000,2.033987,1.0595850,0.000000,1.0881468,0.000000,0.0000000,0.0000000
0.000000,1.8298558,1.990053,1.0069167,0.000000,0.9114952,0.000000,0.0000000,0.0000000
0.000000,1.7767069,2.057173,1.8336256,0.000000,2.0596201,0.000000,0.8706649,0.0000000
0.000000,1.7908822,2.013345,1.8996663,0.000000,2.1339567,0.000000,0.0000000,0.0000000
0.000000,0.9732133,1.992290,1.0471352,1.731274,1.1192238,0.000000,0.9775613,0.0000000
2.139285,0.0000000,1.995295,1.9932019,0.000000,2.0908422,0.000000,0.9554535,0.9415480
0.000000,1.7288773,2.028560,1.8438003,0.000000,0.0000000,0.000000,0.0000000,0.0000000
2.198888,1.9333656,1.737000,0.9605248,0.000000,0.9604752,0.000000,0.0000000,0.9701082
0.000000,0.0000000,2.012887,0.9845598,0.000000,0.9756054,0.000000,0.9199863,0.7843285
0.000000,1.9117785,1.960578,1.0212559,0.000000,0.9662319,0.000000,0.0000000,0.0000000
0.000000,0.0000000,1.998850,0.0000000,0.000000,0.0000000,0.000000,0.0000000,0.0000000
2.187265,1.6551738,2.089543,0.9426928,0.000000,2.1668697,0.000000,0.0000000,0.5818346
0.000000,0.0000000,1.736951,0.0000000,0.000000,0.0000000,0.000000,0.0000000,0.0000000
1.974675,0.0000000,0.000000,0.0000000,0.000000,0.0000000,2.212035,0.0000000,0.0000000
2.115255,1.7279453,1.985450,0.9979140,0.000000,2.3035442,0.000000,0.0000000,0.8152672
1.715460,1.8963932,1.950127,0.9900326,0.000000,2.1529465,0.000000,0.7162598,0.7662131
0.000000,0.8303068,2.040121,1.8944914,0.000000,0.8593787,0.000000,0.0000000,0.0000000
0.000000,0.0000000,0.000000,1.0478751,0.000000,0.9957958,0.000000,0.0000000,0.0000000
0.000000,1.7338978,2.058074,1.9309453,0.000000,2.1382280,0.000000,0.0000000,0.0000000
0.000000,0.8240313,2.045078,0.0000000,0.000000,2.0732291,0.000000,0.0000000,0.0000000
0.000000,1.7043589,1.930870,0.9212711,0.000000,0.9440521,0.000000,0.0000000,0.6967798
0.000000,1.8617642,2.027092,1.9093600,0.000000,1.1702470,0.000000,0.0000000,0.0000000
0.000000,1.8170770,2.085336,0.9642200,0.000000,0.0000000,0.000000,0.0000000,1.6430676
2.051573,0.0000000,2.051059,0.0000000,0.000000,1.1768214,0.000000,0.0000000,0.0000000
0.000000,1.8630193,1.825027,0.9966097,0.000000,1.0845571,0.000000,0.0000000,1.0172932
0.000000,1.9580171,1.988746,1.0023498,1.555545,2.2303782,0.000000,0.0000000,0.0000000
0.000000,0.9293186,2.062766,0.9730703,0.000000,0.0000000,0.000000,0.0000000,0.0000000
0.000000,0.9805119,1.908501,0.9537900,0.000000,1.9638550,0.000000,0.0000000,0.0000000
1.811264,0.0000000,2.083660,1.9959024,0.000000,0.9994628,0.000000,0.0000000,0.0000000
0.000000,1.8832316,1.954925,0.0000000,1.734480,0.8550075,0.000000,0.0000000,0.0000000
0.000000,1.8068333,1.878687,1.0069349,0.000000,2.1906882,0.000000,0.0000000,0.0000000
0.000000,0.0000000,0.000000,1.0663431,0.000000,2.2273474,0.000000,0.0000000,0.0000000
0.000000,1.6636409,2.081608,1.8847269,1.491541,1.1070112,0.000000,0.9285478,0.0000000
0.000000,1.9678213,1.952963,1.0229849,0.000000,0.9899937,0.000000,0.0000000,0.0000000
0.000000,1.8435033,1.987119,0.9840884,0.000000,1.1450956,0.000000,0.9544568,0.0000000
0.000000,1.8513910,1.895060,0.9456121,0.000000,0.8821489,0.000000,0.0000000,0.0000000
1.746965,0.7268631,2.021154,2.0482381,0.000000,2.2155548,0.000000,0.9508092,0.0000000
0.000000,1.8483160,2.021479,1.9545485,1.782406,2.2809639,0.000000,0.0000000,0.0000000
0.000000,1.8582785,1.913366,0.9319107,0.000000,0.8783803,1.863038,0.0000000,0.0000000
0.000000,1.7976226,2.092252,0.9906360,0.000000,1.0511975,0.000000,0.0000000,0.9675809
1.860996,0.0000000,1.865532,0.9591390,0.000000,1.0390763,0.000000,0.0000000,0.0000000
0.000000,1.6526944,2.115805,1.0340281,0.000000,0.9673180,0.000000,0.8854996,0.0000000
1.546257,0.0000000,0.000000,1.0322326,0.000000,0.0000000,0.000000,0.0000000,0.0000000
0.000000,0.0000000,0.000000,0.9675076,0.000000,1.1018248,0.000000,0.0000000,0.0000000
0.000000,1.8789969,2.076571,1.0284082,0.000000,2.1606477,0.000000,0.9956505,0.0000000
0.000000,0.9282419,2.012787,0.0000000,0.000000,1.8611752,0.000000,0.0000000,0.0000000
0.000000,1.9257359,2.044435,1.9918882,0.000000,2.0570157,0.000000,0.9072042,0.0000000
0.000000,1.9839145,2.039941,1.9656590,0.000000,2.0163618,0.000000,0.0000000,0.0000000
0.000000,1.8915196,2.013085,1.0321244,0.000000,2.2028602,0.000000,0.0000000,0.6959362
0.000000,1.9191276,2.027758,0.9880650,0.000000,1.0030245,0.000000,0.0000000,0.0000000
0.000000,1.6943062,2.087800,1.0207039,0.000000,0.9228152,0.000000,0.0000000,0.7172870
0.000000,1.9772660,2.065860,2.0373793,1.663768,2.2679660,0.000000,0.9149956,0.0000000
0.000000,0.0000000,1.849142,1.0453351,0.000000,1.0518042,0.000000,0.0000000,0.9064200
0.000000,1.5535137,2.057730,1.8559582,0.000000,2.0999044,0.000000,0.9333729,0.0000000
0.000000,1.8029046,2.052390,1.9267198,0.000000,1.1359003,0.000000,0.9376810,0.0000000
0.000000,1.9369678,2.007927,1.0032671,0.000000,2.2369275,0.000000,0.7525224,0.0000000
0.000000,0.9197312,1.936096,1.0581070,0.000000,2.2558889,0.000000,0.0000000,0.8851291
0.000000,1.8260355,1.952423,1.8971797,0.000000,2.2378665,0.000000,0.0000000,0.0000000
0.000000,1.9252397,2.031994,1.8958944,0.000000,2.0653963,0.000000,1.0066277,0.0000000
0.000000,1.7896653,1.663820,0.0000000,0.000000,0.0000000,0.000000,0.0000000,0.0000000
0.000000,1.7027644,2.097616,1.8784419,0.000000,2.2082789,0.000000,1.0283231,0.0000000
2.316945,0.0000000,0.000000,1.9105723,0.000000,0.0000000,0.000000,0.0000000,0.0000000
0.000000,1.7438924,2.015407,1.0176309,0.000000,2.2185832,0.000000,0.0000000,0.0000000
0.000000,1.9854876,1.954651,0.9997945,0.000000,2.1511571,0.000000,0.8315814,0.0000000
0.000000,1.8667351,2.060927,0.9019405,0.000000,0.9897879,0.000000,0.9542860,0.0000000
0.000000,1.7834225,1.907795,0.9380777,0.000000,1.0275207,0.000000,0.0000000,0.0000000
0.000000,0.6542596,2.094221,1.9217053,0.000000,2.1081131,0.000000,0.9740470,0.0000000
0.000000,1.8793554,2.060667,0.9432185,0.000000,2.1486897,0.000000,0.0000000,0.0000000
0.000000,1.7759375,1.638002,0.0000000,0.000000,0.9990820,0.000000,0.0000000,0.0000000
0.000000,1.7666590,2.043997,0.9507064,0.000000,1.9377254,0.000000,0.9091015,0.0000000
0.000000,0.0000000,2.052856,1.0601567,0.000000,2.1699810,0.000000,0.0000000,0.0000000
0.000000,1.0762770,1.994616,0.9896125,0.000000,0.9304261,0.000000,0.0000000,0.0000000
2.226748,1.6154262,2.054285,1.7592972,1.727825,2.1255067,0.000000,0.9504952,0.0000000
1.609078,1.8718519,2.102364,1.6290475,1.773736,1.0233937,0.000000,0.0000000,0.0000000
0.000000,1.8183518,2.067230,0.9107807,0.000000,2.1550776,0.000000,0.0000000,0.0000000
0.000000,1.9856749,2.102931,1.7851901,0.000000,0.9067915,0.000000,0.0000000,0.0000000
0.000000,1.7903401,2.076543,0.9536654,1.801950,1.8541535,0.000000,0.0000000,0.0000000
0.000000,1.9915531,1.991840,0.9641733,0.000000,2.1905260,0.000000,0.7954143,0.0000000
0.000000,1.4535233,2.015163,1.0053485,0.000000,2.1626566,0.000000,0.0000000,0.0000000
0.000000,0.8735282,2.097431,1.9068301,0.000000,0.9950670,0.000000,0.0000000,0.0000000
0.000000,1.7326547,1.973680,0.9280867,0.000000,0.0000000,0.000000,0.0000000,0.8281362
0.000000,0.0000000,1.984460,0.0000000,0.000000,1.0235192,0.000000,0.0000000,0.0000000
0.000000,0.0000000,1.917584,0.9501644,0.000000,0.9145278,0.000000,0.0000000,0.0000000
0.000000,0.0000000,1.945957,0.9423629,0.000000,1.1111925,0.000000,0.0000000,0.0000000
0.000000,1.9553825,2.026373,0.9631369,0.000000,0.9794877,0.000000,0.0000000,0.0000000
0.000000,1.8403358,2.077808,1.9272551,0.000000,2.0271711,0.000000,0.9271514,0.0000000
1.909022,1.9588033,1.996460,1.9201051,0.000000,1.1964025,0.000000,0.0000000,0.0000000
2.331927,0.0000000,2.067002,1.8699031,0.000000,2.1498096,0.000000,0.9458451,0.0000000
2.301620,0.9303818,1.932211,2.0020886,1.692462,2.3871802,0.000000,1.0401441,0.0000000
0.000000,1.4507835,0.000000,0.9638508,0.000000,1.1390086,0.000000,0.0000000,0.0000000
0.000000,1.9046237,1.829709,0.9723361,1.610903,0.9691241,0.000000,0.0000000,0.0000000
0.000000,1.8696298,2.033626,1.8156677,1.688025,1.0114130,0.000000,0.0000000,0.0000000
1.951631,0.0000000,2.067154,1.9463501,0.000000,2.1557890,0.000000,0.9469607,0.0000000
2.363279,0.0000000,2.007957,1.9219333,0.000000,2.3645000,0.000000,0.0000000,0.0000000
0.000000,1.7666154,1.848732,1.0203622,0.000000,0.9230819,0.000000,0.0000000,0.0000000
0.000000,1.4207481,2.067042,1.9502815,0.000000,1.8815248,0.000000,1.0095242,0.0000000
0.000000,1.4322344,0.000000,0.9054554,0.000000,0.0000000,0.000000,0.0000000,0.0000000
0.000000,0.0000000,1.850615,0.9948048,0.000000,0.9785724,0.000000,0.8293915,0.0000000
0.000000,1.7035305,0.000000,1.0342812,0.000000,1.0261038,0.000000,0.0000000,0.0000000
0.000000,0.0000000,0.000000,0.8891851,0.000000,2.0188969,0.000000,0.8885350,0.0000000
1.869153,0.0000000,1.978662,2.0528727,0.000000,2.0900865,0.000000,0.0000000,0.0000000
0.000000,0.8018720,1.941543,0.7986657,0.000000,0.9809524,0.000000,0.0000000,0.0000000
0.000000,1.9180603,1.834129,1.0131872,0.000000,1.0061706,0.000000,0.8294050,0.0000000
0.000000,0.0000000,1.835204,0.9634033,0.000000,0.9685494,0.000000,0.0000000,0.0000000
0.000000,1.3757502,1.970935,0.9589449,0.000000,1.9765746,0.000000,0.8224087,0.0000000
0.000000,1.9570008,2.021479,1.7890648,0.000000,2.0829950,0.000000,0.0000000,0.0000000
2.305587,0.0000000,2.075781,1.9628816,0.000000,0.9984238,0.000000,0.0000000,0.0000000
0.000000,0.8595995,1.946986,0.8477575,0.000000,2.0744177,0.000000,0.0000000,0.0000000
2.080347,1.5242651,2.012881,1.8705786,0.000000,1.0858083,0.000000,1.7498144,0.0000000
0.000000,0.8840059,0.000000,0.9572819,0.000000,0.0000000,0.000000,0.0000000,0.0000000
0.000000,1.6118956,2.075974,0.9984577,1.450888,1.9512438,0.000000,0.9209109,0.0000000
2.505569,0.0000000,2.024347,1.0062985,0.000000,2.2515992,1.911312,0.8905587,0.0000000
0.000000,1.9403432,2.036961,0.9931788,1.542724,1.0582672,0.000000,0.7780487,0.0000000
0.000000,0.0000000,1.816111,0.9739390,1.610103,1.1761347,0.000000,0.0000000,0.0000000
0.000000,1.7360532,1.778801,0.9749692,0.000000,0.9182702,0.000000,0.0000000,0.0000000
0.000000,0.0000000,1.923754,0.9422887,1.509983,2.2532938,0.000000,0.0000000,0.0000000
0.000000,0.0000000,1.893591,0.0000000,0.000000,1.2320607,0.000000,0.0000000,0.0000000
0.000000,0.0000000,0.000000,0.9553999,0.000000,1.1131255,0.000000,0.0000000,0.0000000
1.746261,0.0000000,2.070699,1.9027620,0.000000,1.9405014,0.000000,0.0000000,0.0000000
0.000000,1.6351915,1.990092,1.7760467,0.000000,2.0183599,0.000000,0.9162629,0.0000000
0.000000,0.0000000,2.081959,2.0452561,0.000000,2.2200261,0.000000,0.8941042,0.0000000
1.962129,1.8040346,1.983256,1.9209966,0.000000,1.9193401,0.000000,1.6801892,0.0000000
0.000000,1.6710125,1.959956,1.8938714,0.000000,2.0693328,0.000000,0.9360920,0.0000000
0.000000,1.5802008,1.908586,0.9151751,0.000000,0.9164055,0.000000,0.0000000,0.0000000
0.000000,0.8483130,1.925519,0.8822235,0.000000,0.9029846,0.000000,0.0000000,0.0000000
0.000000,0.8206624,0.000000,0.0000000,0.000000,0.9820814,0.000000,0.0000000,0.0000000
1.578174,1.7721505,2.096981,1.0304056,0.000000,0.9872292,0.000000,0.9332290,0.7002006
1.920518,1.9338500,1.881475,0.9176309,0.000000,1.2198778,0.000000,0.0000000,0.0000000
0.000000,1.5427093,2.005051,0.9750017,0.000000,0.8977292,0.000000,1.5531408,0.0000000
2.414769,0.0000000,0.000000,1.9511155,0.000000,2.2296908,1.944972,0.0000000,0.0000000
1.731495,1.8601227,2.007234,1.9758712,0.000000,1.0286586,0.000000,0.0000000,0.0000000
0.000000,1.5766265,1.832786,1.7974093,0.000000,0.0000000,0.000000,0.0000000,0.0000000
1.862332,1.7346308,1.963854,1.8345438,0.000000,0.8681071,0.000000,0.0000000,0.0000000
0.000000,0.0000000,1.960004,1.0048635,0.000000,0.9232262,0.000000,0.8394496,0.0000000
1.799216,0.7578053,1.952114,0.9836684,0.000000,0.9208638,0.000000,0.0000000,0.0000000
1.694741,0.0000000,2.045661,1.8484051,0.000000,2.2714155,0.000000,1.6595288,0.0000000
1.696285,0.0000000,1.985919,1.8690920,0.000000,2.0532959,0.000000,0.0000000,0.0000000
2.485955,0.0000000,2.057481,0.9483809,0.000000,2.1886525,1.629985,0.0000000,0.0000000
2.139649,0.0000000,2.075309,1.9847375,0.000000,1.1873882,0.000000,0.0000000,0.0000000
2.284822,0.0000000,2.019387,1.0100309,0.000000,2.3037468,0.000000,0.0000000,0.0000000
1.798125,1.5909173,1.942326,1.8637866,0.000000,2.0575376,0.000000,0.8943685,0.0000000
2.288949,0.0000000,2.050678,1.9795525,0.000000,2.1210861,2.108318,0.9407726,0.0000000
1.765124,0.0000000,2.055458,2.0562067,0.000000,2.1083761,0.000000,0.8090926,0.0000000
0.000000,1.8161707,0.000000,0.9307936,1.552299,2.2200013,0.000000,0.0000000,0.0000000
0.000000,1.6398344,1.956889,0.9803707,1.672324,0.9482715,0.000000,0.0000000,0.0000000
0.000000,0.7647395,1.999134,2.0085573,0.000000,1.1102191,0.000000,0.0000000,0.0000000
0.000000,0.0000000,1.975986,0.8923386,0.000000,2.1924414,0.000000,0.0000000,0.0000000
0.000000,1.7496534,0.000000,0.9815719,1.669919,0.9412383,0.000000,0.0000000,0.0000000
0.000000,0.9423115,1.822639,0.9895274,0.000000,0.9800604,0.000000,0.0000000,0.0000000
1.729293,0.8970641,2.019261,1.0213877,0.000000,0.9940337,0.000000,0.8099224,0.0000000
0.000000,0.0000000,0.000000,0.9520210,0.000000,0.9710626,0.000000,0.0000000,0.8602856
0.000000,1.5496918,2.002371,1.0088909,0.000000,2.0558053,0.000000,0.9968774,0.0000000
0.000000,1.9170069,1.990541,0.9809400,1.710113,0.9444980,0.000000,0.0000000,0.0000000
2.143817,0.0000000,2.062790,1.0338809,0.000000,0.9987555,0.000000,0.0000000,0.0000000
0.000000,1.7170853,2.036582,0.9789417,0.000000,0.9100680,0.000000,0.0000000,0.0000000
1.460894,1.5720434,2.026851,1.9082770,0.000000,0.0000000,0.000000,0.0000000,0.0000000
0.000000,0.0000000,1.864772,0.9672153,0.000000,1.0386648,0.000000,0.0000000,0.0000000
0.000000,0.0000000,1.992178,1.0089417,0.000000,0.9584792,0.000000,0.0000000,0.9408660
0.000000,0.0000000,2.031812,0.9768435,0.000000,2.1591736,0.000000,1.0275448,0.0000000
0.000000,1.8367793,2.005813,2.0262198,1.482859,2.1899674,0.000000,0.9157909,0.0000000
0.000000,1.8943341,2.032561,0.9680306,0.000000,0.8715324,0.000000,0.8253233,0.0000000
0.000000,0.8784589,1.935578,1.9739607,0.000000,2.2367247,0.000000,0.0000000,0.0000000
0.000000,0.0000000,0.000000,1.0206528,0.000000,0.9127215,0.000000,0.0000000,0.0000000
0.000000,0.0000000,1.860209,0.9239583,0.000000,0.9347175,0.000000,0.0000000,0.0000000
2.036943,1.8788778,2.009259,1.0216638,0.000000,0.9687447,0.000000,0.0000000,0.0000000
0.000000,0.0000000,0.000000,1.0385287,0.000000,0.0000000,2.563578,0.0000000,0.0000000
2.205446,0.0000000,0.000000,2.0981557,0.000000,0.7553805,2.077635,0.9229754,0.0000000
0.000000,1.6122547,1.877728,1.0461168,0.000000,2.1324864,0.000000,0.9310847,0.0000000
0.000000,1.8951736,2.003838,1.8426829,0.000000,0.9729553,0.000000,0.9096627,0.8095086
1.557842,1.5999781,2.033087,0.9893132,0.000000,0.9512539,0.000000,0.0000000,0.0000000
0.000000,1.7544851,0.000000,0.9555934,0.000000,1.1962876,1.847939,0.0000000,0.0000000
1.644314,0.0000000,0.000000,0.9674921,0.000000,0.9095286,0.000000,0.0000000,0.0000000
0.000000,1.8162627,0.000000,0.9790173,1.463921,0.8096122,0.000000,0.0000000,0.0000000
1.880242,1.6387597,2.028699,1.0434938,0.000000,1.0242500,1.853260,0.0000000,0.0000000
0.000000,0.8748970,1.991118,1.0109531,0.000000,1.0338049,0.000000,0.0000000,0.0000000
0.000000,1.6334489,1.877071,0.9243849,0.000000,0.0000000,0.000000,0.0000000,0.0000000
0.000000,0.0000000,2.034020,0.9453374,0.000000,0.8966709,0.000000,0.0000000,0.0000000
2.243832,1.6895372,2.057640,2.0290821,0.000000,1.0758876,0.000000,0.0000000,0.0000000
0.000000,1.7913575,1.989222,1.7939487,0.000000,0.0000000,0.000000,0.0000000,0.0000000
0.000000,1.7528715,1.997720,1.9033533,0.000000,1.9906431,0.000000,0.0000000,0.0000000
1.635800,1.9741271,1.922673,2.0094810,1.843902,2.1858983,0.000000,0.0000000,0.0000000
0.000000,0.0000000,0.000000,0.9617988,0.000000,2.1228376,0.000000,0.0000000,0.0000000
0.000000,1.9974024,1.984328,0.9606411,1.686465,0.9394418,0.000000,0.7235947,0.0000000
0.000000,1.8539985,2.086551,0.9630355,0.000000,0.8279021,0.000000,0.0000000,0.7581510
2.158253,1.9238203,2.011803,2.0113071,1.835722,2.2935507,2.135311,0.0000000,0.0000000
0.000000,1.8419193,2.020737,0.9008337,1.746092,0.0000000,0.000000,0.0000000,0.0000000
1.623486,0.0000000,0.000000,1.9860035,0.000000,2.0994580,1.866222,0.0000000,0.0000000
0.000000,1.8375597,2.025884,0.8140328,0.000000,0.9465927,0.000000,0.0000000,0.0000000
0.000000,0.7869442,0.000000,0.0000000,0.000000,0.9573635,0.000000,0.0000000,0.0000000
0.000000,1.9725709,2.008449,1.0076225,0.000000,0.8622983,0.000000,0.0000000,0.0000000
0.000000,1.9287108,0.000000,0.0000000,0.000000,1.0397063,0.000000,0.0000000,0.0000000
0.000000,1.8320731,2.059145,1.7532638,1.719419,0.9278461,0.000000,0.8085522,0.0000000
2.075543,1.8404825,0.000000,0.7024360,0.000000,0.0000000,0.000000,1.1159092,0.0000000
0.000000,1.9312815,1.973457,1.0227267,0.000000,1.0469590,0.000000,0.0000000,0.0000000
0.000000,1.8728529,2.018802,1.0010954,1.885107,0.8013207,0.000000,0.8799992,0.0000000
1.859522,1.8374831,2.025319,1.0292133,0.000000,0.9959663,0.000000,0.9874340,0.0000000
0.000000,1.8490819,1.958563,0.9321106,0.000000,0.9609716,0.000000,0.0000000,0.0000000
0.000000,0.7718472,1.868155,0.9183477,0.000000,0.9205252,0.000000,0.0000000,0.9638488
0.000000,0.0000000,0.000000,1.0611378,0.000000,0.9926607,0.000000,0.9773735,1.0462759
1.869236,1.8801239,2.029160,1.0361860,0.000000,0.0000000,0.000000,0.0000000,0.9403594
0.000000,0.8681071,0.000000,1.0159060,0.000000,0.0000000,0.000000,0.0000000,0.0000000
0.000000,0.8034489,2.026681,0.9998253,1.810705,1.9644347,0.000000,0.0000000,0.7391026
0.000000,0.9468835,1.866249,1.8254232,0.000000,0.8831268,0.000000,0.9082489,0.0000000
0.000000,1.7165086,1.988479,0.9420312,0.000000,2.0220267,0.000000,0.0000000,0.0000000
2.063371,1.9349996,1.966925,0.9912387,0.000000,1.9604201,0.000000,0.0000000,1.9098622
0.000000,1.7894067,2.048564,1.0237202,0.000000,1.0007159,0.000000,0.8913346,0.0000000
0.000000,0.9004714,0.000000,1.0322131,0.000000,2.1036461,0.000000,0.0000000,0.0000000
0.000000,1.9018362,1.948888,1.0192428,0.000000,0.8910289,0.000000,0.0000000,0.9494236
0.000000,1.8329862,0.000000,1.0000018,0.000000,0.0000000,0.000000,0.0000000,0.0000000
2.063443,0.8638430,1.787782,0.9766519,0.000000,1.0186669,0.000000,1.0958381,0.9347910
0.000000,0.8698354,1.963141,0.9611703,0.000000,0.0000000,0.000000,0.0000000,0.0000000
0.000000,1.7215615,1.754919,1.0297224,0.000000,1.0243991,0.000000,0.0000000,0.0000000
0.000000,0.0000000,1.916352,0.0000000,0.000000,1.0306327,0.000000,0.0000000,0.0000000
0.000000,1.6030752,0.000000,1.0153326,0.000000,0.9581982,0.000000,0.0000000,0.0000000
0.000000,0.0000000,1.920158,0.9870632,0.000000,1.0217853,0.000000,0.0000000,0.0000000
0.000000,0.0000000,1.961024,1.9451362,0.000000,0.9106077,0.000000,0.0000000,0.0000000
0.000000,0.0000000,2.003102,1.0018924,0.000000,0.0000000,0.000000,0.0000000,0.0000000
0.000000,0.0000000,1.753698,1.0204560,0.000000,1.0891673,0.000000,0.0000000,0.0000000
0.000000,0.0000000,1.999712,0.0000000,0.000000,0.9294814,0.000000,0.0000000,0.0000000
2.140965,0.0000000,2.024576,0.9757020,0.000000,0.8415093,2.246577,0.0000000,0.0000000
0.000000,1.9711486,0.000000,1.0248633,0.000000,0.9955245,0.000000,0.0000000,0.0000000
0.000000,0.7515156,1.958723,0.9431678,0.000000,1.0093420,0.000000,0.0000000,0.0000000
0.000000,1.6656788,1.936665,1.8905982,0.000000,0.8949227,0.000000,0.0000000,0.0000000
0.000000,2.1746647,0.000000,1.0092069,0.000000,1.1480811,0.000000,0.0000000,0.0000000
1.904003,0.0000000,1.949068,2.0567129,0.000000,0.0000000,0.000000,0.0000000,0.0000000
2.267961,0.0000000,2.015021,0.9539597,0.000000,0.0000000,2.447220,0.0000000,0.0000000
0.000000,0.0000000,2.004402,0.9700823,0.000000,0.0000000,2.482001,0.0000000,0.0000000
0.000000,0.7930069,1.997109,0.9438879,0.000000,0.9377880,0.000000,0.0000000,0.0000000
0.000000,0.7885783,1.926158,0.9663952,0.000000,0.0000000,0.000000,0.0000000,0.0000000
2.236391,0.0000000,2.047560,0.0000000,0.000000,0.0000000,2.198386,1.0779680,0.0000000
1.585212,1.8171067,2.060936,0.9790382,1.693638,0.9504398,0.000000,0.8766812,0.0000000
0.000000,1.8051220,0.000000,0.9112879,0.000000,0.0000000,0.000000,0.0000000,0.0000000
1.828918,1.9154920,1.993910,1.7494947,1.820099,0.9186242,0.000000,0.9578463,0.0000000
0.000000,0.0000000,1.952527,0.0000000,0.000000,0.0000000,2.387943,0.0000000,0.0000000
0.000000,1.8687979,1.997053,2.1090412,0.000000,2.0283200,0.000000,0.9858653,0.0000000
2.164067,1.7660072,2.057870,1.7314790,1.724632,2.0548102,0.000000,0.0000000,0.0000000
0.000000,0.0000000,0.000000,1.0307238,0.000000,0.0000000,0.000000,0.0000000,0.0000000
0.000000,2.0014652,1.907676,1.0503612,0.000000,2.2926554,0.000000,0.0000000,0.9060367
2.313516,0.0000000,1.827427,0.9856537,0.000000,0.0000000,0.000000,0.0000000,0.0000000
0.000000,0.0000000,2.051538,0.0000000,0.000000,0.9582607,1.936203,0.0000000,0.0000000
0.000000,0.0000000,2.069642,0.0000000,0.000000,1.0937444,0.000000,0.0000000,0.0000000
2.047590,1.9183913,2.050581,1.0169885,0.000000,1.0719952,2.095759,0.9559670,0.0000000
0.000000,0.0000000,0.000000,0.0000000,0.000000,0.0000000,2.506319,0.0000000,0.0000000
0.000000,0.0000000,2.075951,0.0000000,0.000000,1.0663685,2.363464,0.0000000,0.0000000
1.996094,0.7705198,0.000000,1.9337603,0.000000,2.1519475,1.844688,0.9464535,0.0000000
0.000000,2.0294403,1.898066,0.9820064,1.736477,2.0490030,2.017355,0.8344022,0.0000000
0.000000,1.9111431,1.967155,1.9440274,0.000000,2.0737091,0.000000,0.0000000,0.0000000
2.225297,0.0000000,2.052033,2.0404079,0.000000,0.0000000,0.000000,0.0000000,0.0000000
0.000000,0.7334906,1.810724,1.7723317,0.000000,1.9689167,0.000000,0.0000000,0.0000000
0.000000,1.6471125,0.000000,0.9648817,0.000000,0.0000000,0.000000,0.0000000,0.0000000
0.000000,0.8669073,1.860777,0.8133426,0.000000,0.0000000,0.000000,0.0000000,0.0000000
1.964955,0.7002586,2.041389,1.9060420,0.000000,2.0771904,0.000000,0.8943169,0.8655353
1.974994,1.5359899,2.066552,2.0133821,0.000000,2.0093585,0.000000,0.9655524,0.0000000
0.000000,0.0000000,1.898128,1.0049002,0.000000,2.0823242,0.000000,0.7955574,0.7763285
0.000000,0.9637362,0.000000,0.9483236,0.000000,0.0000000,0.000000,0.0000000,0.0000000
0.000000,0.8517381,1.863152,0.9860933,1.379901,0.7830375,0.000000,0.0000000,0.0000000
0.000000,0.0000000,2.013245,0.0000000,0.000000,1.2570886,0.000000,0.0000000,0.0000000
0.000000,0.0000000,0.000000,1.0015257,0.000000,0.0000000,0.000000,0.0000000,0.0000000
0.000000,0.7849090,1.853966,1.0035355,0.000000,0.0000000,0.000000,0.0000000,0.0000000
0.000000,1.7229372,1.938207,1.0070884,0.000000,0.0000000,0.000000,0.0000000,0.0000000
2.090559,0.0000000,1.870258,1.0278336,0.000000,1.1080357,0.000000,0.0000000,0.0000000
0.000000,0.0000000,2.006429,0.0000000,0.000000,1.2639906,0.000000,0.0000000,0.0000000
0.000000,0.8471440,2.005136,1.0066653,0.000000,0.9840410,0.000000,0.0000000,0.0000000
0.000000,1.8551056,2.045426,1.0454426,1.858318,0.9909236,0.000000,0.0000000,0.0000000
0.000000,0.7992934,1.970599,1.9962782,0.000000,0.9451655,0.000000,0.0000000,0.0000000
1.663452,0.8741212,2.031437,0.9914200,0.000000,0.0000000,0.000000,0.0000000,0.0000000
0.000000,1.9489990,1.941858,0.9172718,0.000000,0.0000000,0.000000,0.8846451,0.0000000
1.650047,1.8465537,1.375484,0.0000000,1.879300,2.0710588,0.000000,1.0134718,0.0000000
0.000000,0.0000000,1.994868,0.8791695,0.000000,0.9829358,0.000000,0.0000000,0.0000000
0.000000,1.8153508,1.942366,0.9688393,0.000000,1.0040611,0.000000,0.0000000,0.0000000
0.000000,1.9448454,2.032065,0.9463704,0.000000,2.2056944,0.000000,0.0000000,0.9486328
2.210197,1.7033625,2.029922,1.8835395,0.000000,2.0517119,0.000000,1.1028274,0.9018992
0.000000,1.8654796,1.528427,0.8777270,1.822765,0.9964169,0.000000,0.0000000,0.0000000
0.000000,0.0000000,0.000000,0.0000000,0.000000,0.0000000,0.000000,0.0000000,0.0000000
0.000000,0.0000000,0.000000,0.9999824,0.000000,1.2096703,2.235961,0.0000000,0.9194711
0.000000,0.0000000,1.954605,1.0222750,0.000000,0.8508058,0.000000,0.8106759,0.0000000
0.000000,1.7740890,0.000000,0.0000000,0.000000,0.9553602,0.000000,0.9070078,0.0000000
2.280295,0.0000000,0.000000,0.0000000,0.000000,1.1761435,0.000000,0.0000000,0.9081499
0.000000,0.0000000,1.954374,0.9789096,0.000000,0.0000000,0.000000,0.0000000,0.0000000
0.000000,0.0000000,0.000000,0.0000000,0.000000,1.1658904,0.000000,0.0000000,0.0000000
0.000000,0.0000000,0.000000,0.9809524,0.000000,0.9549618,0.000000,0.0000000,0.0000000
0.000000,1.8882352,1.972541,1.0014448,1.865460,2.2012359,0.000000,0.0000000,0.0000000
0.000000,1.6673180,1.959163,1.0023487,0.000000,2.2163236,0.000000,0.0000000,0.0000000
0.000000,1.8530747,1.696966,0.9619761,1.719969,2.1556987,0.000000,0.0000000,0.0000000
0.000000,1.9421747,2.092323,1.0211475,1.843770,0.9894529,0.000000,0.0000000,0.0000000
0.000000,0.0000000,1.836353,1.0100539,0.000000,1.9204556,0.000000,0.0000000,0.0000000
0.000000,0.0000000,0.000000,0.9229601,0.000000,0.9711100,0.000000,0.0000000,0.0000000
0.000000,1.7763391,1.934295,1.8836636,1.609445,0.9970544,0.000000,0.9017185,0.9597506
2.432393,0.0000000,1.644994,0.0000000,0.000000,0.0000000,0.000000,0.0000000,0.0000000
0.000000,0.0000000,2.057049,1.9742592,0.000000,0.0000000,0.000000,0.8879355,0.0000000
2.020483,0.0000000,2.017999,1.8962765,0.000000,1.9261725,0.000000,0.8566869,0.0000000
1.845041,0.8154282,1.943486,0.0000000,0.000000,1.1546831,0.000000,0.7822058,0.0000000
1.628914,0.7500185,2.005898,0.8976032,0.000000,1.1363972,0.000000,0.0000000,0.9612429
2.273744,0.0000000,1.858095,0.9959298,0.000000,0.0000000,1.794591,0.0000000,0.8669323
0.000000,0.0000000,1.799003,0.9735088,0.000000,2.0496571,0.000000,0.7555743,0.0000000
0.000000,1.5670559,1.920145,0.9829945,0.000000,0.9934038,0.000000,0.7185438,0.0000000
0.000000,0.0000000,1.801720,0.8868679,0.000000,0.0000000,0.000000,0.9022338,0.0000000
0.000000,0.0000000,0.000000,0.9597703,0.000000,0.0000000,0.000000,0.0000000,0.0000000
0.000000,0.0000000,1.924461,0.8696989,0.000000,1.5760521,0.000000,0.0000000,0.0000000
0.000000,0.0000000,0.000000,0.0000000,0.000000,2.2093827,0.000000,0.0000000,0.0000000
0.000000,1.7175286,0.000000,1.0024142,0.000000,0.9416230,0.000000,0.0000000,0.0000000
0.000000,0.0000000,0.000000,0.9528569,0.000000,0.9704114,0.000000,0.0000000,0.0000000
0.000000,0.0000000,1.891403,0.8758648,0.000000,0.0000000,0.000000,0.9133683,0.0000000
0.000000,1.7799136,0.000000,0.9523131,0.000000,2.1814131,0.000000,0.0000000,0.0000000
0.000000,0.0000000,0.000000,0.9572093,0.000000,0.0000000,0.000000,0.0000000,0.0000000
0.000000,1.8380179,2.120287,0.0000000,0.000000,0.9606067,0.000000,0.9000225,0.0000000
1.928700,0.0000000,0.000000,1.0041492,0.000000,2.3818831,0.000000,0.0000000,0.0000000
0.000000,0.0000000,2.019410,0.9026178,0.000000,0.9666756,0.000000,0.0000000,0.0000000
0.000000,0.7843518,0.000000,0.9221709,0.000000,1.9813988,0.000000,1.0241832,0.0000000
0.000000,0.0000000,1.857250,0.0000000,0.000000,1.0152599,0.000000,0.0000000,0.0000000
0.000000,0.0000000,2.100877,1.8772807,0.000000,0.9203711,0.000000,0.0000000,0.0000000
0.000000,0.6684194,2.005240,0.9660444,0.000000,0.9572002,0.000000,0.0000000,0.0000000
2.322409,1.8291275,2.042005,1.8398184,0.000000,0.0000000,1.980068,0.9992572,1.8443086
0.000000,0.8165943,1.921956,1.7735978,0.000000,0.9380442,0.000000,0.0000000,0.7823252
0.000000,0.8839926,1.974309,1.0120623,0.000000,0.9518683,0.000000,0.0000000,0.0000000
2.375955,0.8850247,2.037835,1.9429804,0.000000,0.8881297,2.036167,1.0415641,0.9108261
0.000000,0.7523554,1.925410,0.9462307,0.000000,0.9464267,0.000000,0.0000000,0.0000000
0.000000,0.0000000,0.000000,0.0000000,0.000000,1.2399034,0.000000,0.0000000,0.0000000
1.931848,1.8081520,2.075124,2.0057178,0.000000,0.9742224,0.000000,0.8493702,0.0000000
2.471509,1.6950509,2.049288,1.8735322,0.000000,0.0000000,2.169974,1.0032219,0.0000000
0.000000,1.9450589,1.969822,0.8962979,0.000000,0.8235231,1.904111,0.8911969,0.0000000
0.000000,1.8766879,2.027072,1.0303922,1.719713,0.9969361,0.000000,0.0000000,0.0000000
0.000000,1.6384955,1.689793,0.9875375,0.000000,0.8873690,0.000000,0.9476062,0.0000000
0.000000,1.6675903,1.861091,1.8331883,0.000000,1.0588079,0.000000,0.0000000,0.0000000
0.000000,1.9488025,1.964187,0.8848024,1.858304,0.9765033,0.000000,0.7781738,0.8938794
0.000000,1.6836386,1.685073,0.9429675,0.000000,0.9413108,0.000000,0.0000000,0.0000000
0.000000,1.9662310,1.931717,0.8992556,1.570603,0.8653397,0.000000,0.9245228,0.0000000
2.060633,0.0000000,2.109429,1.0408366,0.000000,1.1618154,0.000000,0.9862962,0.0000000
1.813400,2.0131271,2.003458,1.0245806,1.827983,1.0354396,0.000000,0.7428868,0.0000000
0.000000,1.9531750,2.008736,0.8635296,1.467881,0.9063813,0.000000,1.0210119,0.0000000
2.188300,1.6305721,1.967343,1.0060640,0.000000,0.9772481,0.000000,0.8303737,0.8986965
0.000000,1.8107241,1.909231,1.0174927,0.000000,0.9958178,0.000000,0.0000000,0.0000000
0.000000,1.8666485,1.892467,0.9426133,0.000000,1.9643388,0.000000,1.0108321,0.0000000
0.000000,0.8181340,1.989257,0.0000000,0.000000,0.8809440,0.000000,0.0000000,0.0000000
0.000000,1.7588755,2.091792,0.9468196,1.653022,0.9106943,0.000000,0.0000000,0.0000000
0.000000,0.0000000,2.110020,0.9562119,0.000000,0.9472525,0.000000,0.0000000,0.0000000
0.000000,1.7955705,1.927722,0.0000000,0.000000,0.9435078,0.000000,0.0000000,0.0000000
0.000000,1.4839033,2.046418,0.8872741,0.000000,0.9912992,0.000000,0.0000000,0.7548616
0.000000,1.8760078,1.980151,1.0292992,1.714212,1.0083791,0.000000,0.0000000,0.0000000
0.000000,0.0000000,2.026256,1.8557064,0.000000,0.8835610,0.000000,0.0000000,0.0000000
0.000000,0.0000000,1.788358,0.9472895,0.000000,0.8901037,0.000000,0.0000000,0.0000000
0.000000,0.8435275,1.947298,0.0000000,1.850232,2.2327165,0.000000,0.0000000,0.0000000
2.340139,1.8686889,2.049524,1.9058883,0.000000,2.1477857,1.588977,0.0000000,0.0000000
1.905300,1.8739905,1.913781,1.0463634,1.773009,2.1622636,0.000000,0.9317135,0.7854396
0.000000,1.5900097,1.768751,0.9984973,1.703903,2.3044338,0.000000,0.0000000,0.0000000
0.000000,0.7447587,2.038079,0.8569157,1.890914,0.9680536,0.000000,0.0000000,0.0000000
0.000000,0.0000000,1.993743,0.9502428,0.000000,1.2108313,0.000000,0.0000000,0.0000000
0.000000,1.7935050,1.959103,0.9801330,1.857159,2.1128499,0.000000,0.0000000,0.0000000
0.000000,0.0000000,1.966548,0.9946857,0.000000,1.0011422,0.000000,0.0000000,0.0000000
0.000000,1.8223864,2.003547,1.0199222,0.000000,0.9959310,0.000000,0.0000000,0.0000000
0.000000,0.0000000,1.953993,1.9115590,0.000000,1.0156758,0.000000,0.0000000,0.7731284
1.839988,1.7954328,2.006183,0.8687446,1.727146,0.9023876,0.000000,0.8969867,0.0000000
0.000000,1.6808330,2.079484,1.0181496,0.000000,0.9621654,0.000000,1.0686248,0.0000000
2.404551,1.7437961,1.997493,1.0226758,0.000000,0.9248496,0.000000,1.0317122,1.8358182
0.000000,1.8978102,2.049098,0.9970305,1.768237,0.8750542,0.000000,0.0000000,0.0000000
1.832635,0.0000000,2.093008,2.0356695,0.000000,0.0000000,0.000000,0.0000000,0.0000000
0.000000,1.9909251,1.989538,1.0017392,1.903968,0.9098702,0.000000,0.0000000,0.0000000
0.000000,0.0000000,1.988801,1.9462502,0.000000,0.8426280,0.000000,0.0000000,0.0000000
0.000000,1.5730432,1.987768,0.9947415,1.478128,0.8535893,0.000000,0.0000000,0.0000000
0.000000,1.8300865,1.813593,0.9685968,1.768104,0.9088216,0.000000,0.0000000,0.0000000
1.851012,1.8358833,2.041144,1.0154455,1.546310,0.9346662,0.000000,0.0000000,0.0000000
0.000000,1.8468152,2.056673,2.1067153,0.000000,1.0729437,0.000000,0.0000000,0.7205869
0.000000,1.8979899,1.613032,1.7824217,1.530698,1.0292587,0.000000,0.0000000,0.0000000
0.000000,1.8832927,1.956258,1.0284403,1.954387,0.8522354,0.000000,0.0000000,0.0000000
0.000000,1.6549006,1.798950,1.0505413,0.000000,0.9925527,0.000000,0.0000000,0.0000000
0.000000,1.9562394,2.010502,1.0204560,1.596186,1.1759703,0.000000,0.0000000,0.0000000
1.758325,1.8441572,1.999983,1.9616660,0.000000,0.9546956,0.000000,0.0000000,0.0000000
2.275808,0.0000000,1.788680,0.9240409,0.000000,1.0767503,2.520197,0.0000000,0.0000000
0.000000,0.0000000,0.000000,2.0901827,1.720844,0.9906612,2.223970,0.0000000,0.0000000
1.547103,1.9109717,1.951150,0.9948791,0.000000,2.1887923,0.000000,0.9102743,0.0000000
0.000000,0.0000000,0.000000,1.0522670,0.000000,1.2084384,2.029571,0.0000000,0.0000000
0.000000,1.7487539,2.010043,2.0427669,0.000000,0.0000000,0.000000,0.0000000,0.0000000
0.000000,1.8167284,0.000000,1.0166248,0.000000,0.0000000,0.000000,0.0000000,0.0000000
0.000000,0.8561024,1.795688,0.9934824,0.000000,0.9064393,0.000000,0.0000000,0.0000000
0.000000,1.9929036,1.967848,1.0286649,0.000000,0.0000000,0.000000,0.0000000,0.0000000
0.000000,2.0081336,1.996166,0.9781520,0.000000,0.9427155,0.000000,0.0000000,0.0000000
0.000000,1.8541611,1.995809,0.9895787,1.735984,1.8230291,0.000000,0.8786728,0.0000000
0.000000,1.9437748,1.868896,0.9703339,0.000000,1.0812254,0.000000,0.0000000,0.0000000
1.688452,2.0016214,2.045807,1.0199295,0.000000,2.2119190,0.000000,0.8249951,0.0000000
0.000000,2.0724976,2.067815,0.0000000,0.000000,0.0000000,0.000000,0.0000000,0.0000000
0.000000,0.0000000,1.834096,0.0000000,0.000000,0.0000000,0.000000,0.0000000,0.0000000
0.000000,1.9144919,1.929719,0.9889223,0.000000,0.0000000,0.000000,0.0000000,0.0000000
0.000000,2.0238056,1.953274,0.9287090,0.000000,0.0000000,0.000000,0.0000000,0.0000000
0.000000,1.9752456,1.868845,0.9807513,0.000000,0.0000000,0.000000,0.0000000,0.7831321
0.000000,1.6683048,1.990023,1.9125878,0.000000,0.0000000,0.000000,0.0000000,0.0000000
1.943157,1.8206604,1.878082,0.9355443,1.815286,0.8748970,0.000000,0.0000000,0.0000000
0.000000,1.8523691,2.024668,1.9833313,1.691541,0.0000000,0.000000,0.0000000,0.0000000
0.000000,1.8602562,1.694720,1.0135450,0.000000,2.0927107,0.000000,0.0000000,0.0000000
0.000000,0.7540120,0.000000,0.0000000,0.000000,0.0000000,0.000000,0.0000000,0.0000000
0.000000,1.8968407,1.926158,1.0190583,0.000000,0.9285338,0.000000,0.0000000,0.0000000
0.000000,1.8004847,1.993989,0.9126109,1.709663,0.0000000,0.000000,0.0000000,0.0000000
0.000000,1.7530653,1.781697,0.0000000,1.713527,0.0000000,0.000000,0.0000000,0.0000000
0.000000,1.4677148,2.028131,0.9344096,0.000000,0.9513036,0.000000,0.0000000,0.0000000
0.000000,1.6677521,1.809432,0.9516113,0.000000,0.9540551,0.000000,0.0000000,0.0000000
0.000000,1.8566524,1.930590,0.9220552,0.000000,2.1673903,0.000000,0.0000000,0.0000000
0.000000,1.9933035,2.041339,1.9028461,1.553218,1.8473721,0.000000,0.0000000,0.0000000
1.840306,2.0560013,1.911377,1.9062695,0.000000,0.0000000,0.000000,0.0000000,0.0000000
1.620429,1.8381734,2.000614,0.9993974,0.000000,0.0000000,0.000000,0.0000000,0.0000000
0.000000,1.8295238,2.088232,0.9848615,1.829219,0.8534500,0.000000,0.8267071,0.0000000
0.000000,1.8915822,1.947473,1.0265104,0.000000,0.8433802,0.000000,0.0000000,0.0000000
0.000000,1.7706756,1.898272,0.0000000,0.000000,0.0000000,0.000000,0.0000000,0.0000000
2.079931,0.9080223,2.039580,0.9925707,0.000000,0.9575015,0.000000,0.0000000,0.0000000
0.000000,1.5965846,1.835558,1.9950967,0.000000,0.9586570,0.000000,0.0000000,0.8106418
0.000000,1.8447232,2.032015,1.9529877,0.000000,0.9620414,0.000000,0.0000000,0.0000000
0.000000,1.8668703,1.908501,1.7851444,0.000000,2.1538193,0.000000,0.8967541,0.0000000
1.679993,1.8400250,2.044944,0.9673839,0.000000,2.1282935,0.000000,0.0000000,0.0000000
1.768646,1.6001519,1.956486,0.9948667,0.000000,2.1737869,0.000000,0.8972846,0.0000000
0.000000,1.9012903,2.030031,0.9544307,1.834817,0.8221128,0.000000,0.0000000,0.0000000
1.557345,1.8499067,2.032975,1.0080189,1.748832,2.0533394,0.000000,0.8429822,0.0000000
0.000000,1.9072174,2.005334,1.7545758,0.000000,0.8942939,0.000000,0.0000000,0.0000000
0.000000,1.7904864,2.059765,0.9720745,0.000000,1.9849786,0.000000,0.0000000,0.7783238
0.000000,1.8614966,1.976983,0.9728365,1.831556,0.9420169,0.000000,0.0000000,0.0000000
2.004780,1.7303229,0.000000,1.9426934,0.000000,0.0000000,0.000000,0.0000000,0.0000000
0.000000,1.8560922,2.007302,0.9312602,1.418658,1.0537514,0.000000,0.8023068,0.0000000
0.000000,1.9949674,1.919331,1.0384646,0.000000,0.9131534,0.000000,1.7541348,0.0000000
1.857726,1.9123467,1.957883,1.0387258,0.000000,0.9279559,0.000000,1.0291053,0.0000000
0.000000,0.0000000,2.004614,1.8867251,0.000000,0.9421515,0.000000,0.9403359,0.0000000
2.009811,1.8681964,2.061565,1.0092351,1.760557,2.0102391,0.000000,0.0000000,0.0000000
0.000000,1.7680760,1.986759,0.9024900,0.000000,0.0000000,0.000000,0.0000000,0.0000000
0.000000,1.9716897,1.915755,0.9777960,1.726902,0.8749869,0.000000,0.0000000,0.0000000
0.000000,1.8643151,2.017608,1.9777850,0.000000,0.0000000,0.000000,0.0000000,0.0000000
0.000000,1.8627411,2.042861,1.9508451,0.000000,0.9177708,0.000000,0.7925848,0.8495904
0.000000,1.8179707,1.892971,1.8893830,0.000000,1.0076774,0.000000,0.0000000,0.0000000
0.000000,1.6750072,2.046666,1.9301094,0.000000,0.0000000,1.822963,0.0000000,0.0000000
1.641656,0.0000000,2.043285,1.0125191,0.000000,0.0000000,0.000000,1.0198615,0.0000000
0.000000,1.7200552,2.026850,1.0330914,0.000000,0.0000000,0.000000,1.0089759,0.0000000
0.000000,1.9649376,1.856519,1.0353368,0.000000,0.7313748,0.000000,0.0000000,0.0000000
2.032141,1.8931105,2.098388,2.0123043,0.000000,0.8849006,0.000000,0.0000000,0.0000000
0.000000,1.7611702,2.107886,1.8772778,0.000000,2.1175190,0.000000,0.0000000,0.0000000
0.000000,1.8069600,2.007560,1.9610522,0.000000,0.9060854,0.000000,0.8217414,0.0000000
0.000000,0.0000000,1.637817,0.9744649,0.000000,1.0852437,0.000000,0.8774307,0.0000000
0.000000,1.7853231,1.989090,0.9910253,0.000000,0.0000000,0.000000,0.0000000,0.0000000
0.000000,1.5876218,1.970303,1.9938872,0.000000,0.8393064,0.000000,0.0000000,0.0000000
1.887976,1.9179612,2.035147,0.9906984,1.879484,0.0000000,0.000000,0.0000000,0.0000000
0.000000,1.9899363,1.898221,0.9653050,1.879027,0.0000000,0.000000,0.0000000,0.0000000
1.547944,1.7972569,1.819989,0.9850394,0.000000,1.0456145,0.000000,0.0000000,0.0000000
0.000000,1.8644884,0.000000,1.0128390,0.000000,0.9504952,0.000000,0.0000000,0.0000000
0.000000,1.8865261,1.986006,0.9976048,1.819233,0.0000000,0.000000,0.0000000,0.0000000
0.000000,0.0000000,0.000000,1.0015346,0.000000,0.0000000,0.000000,0.0000000,0.0000000
0.000000,1.8708571,1.960048,1.8444098,0.000000,0.9047802,0.000000,0.8638690,0.0000000
0.000000,1.8172045,2.012468,0.8157333,1.520088,0.0000000,0.000000,0.0000000,0.0000000
0.000000,1.9804140,1.802742,1.0152739,1.522528,0.9788822,0.000000,0.0000000,0.0000000
0.000000,1.8945272,2.031250,2.0457444,1.703944,0.9630106,0.000000,1.6998485,0.0000000
0.000000,1.7824254,1.999374,0.9890711,0.000000,0.0000000,0.000000,0.0000000,0.0000000
0.000000,1.9486569,1.968664,2.0130333,0.000000,0.9345861,0.000000,0.8218902,0.0000000
0.000000,1.7005227,1.949140,1.0340559,0.000000,1.0025353,0.000000,0.0000000,0.0000000
0.000000,1.8893074,1.999340,1.8065003,0.000000,0.0000000,0.000000,0.0000000,0.0000000
0.000000,1.9358438,1.916901,1.0225732,0.000000,1.0110860,0.000000,0.9140178,0.9209345
0.000000,1.9755403,1.973949,2.0846001,0.000000,0.8487905,0.000000,0.0000000,0.0000000
0.000000,1.8874370,1.944253,1.9513725,0.000000,0.9048099,0.000000,0.0000000,0.0000000
1.385227,1.9003785,1.932547,0.9846083,1.571980,1.0005190,0.000000,0.0000000,0.8806882
0.000000,1.6952961,2.013627,1.0600362,0.000000,1.0073550,0.000000,0.0000000,0.0000000
0.000000,0.0000000,1.939674,2.0336934,0.000000,2.1798162,0.000000,0.0000000,0.0000000
1.616614,1.6605396,1.884440,1.9527615,1.585381,1.0053454,0.000000,0.8199197,0.0000000
0.000000,1.8239249,1.998081,0.9614408,0.000000,1.1175697,0.000000,0.0000000,0.0000000
0.000000,1.9021579,1.627902,0.9604213,0.000000,0.0000000,0.000000,0.0000000,0.0000000
0.000000,0.8459351,2.050678,1.8635017,0.000000,0.9596458,0.000000,0.0000000,0.0000000
0.000000,1.9243474,2.064876,1.0048751,1.693116,0.9203988,0.000000,0.0000000,0.0000000
1.964836,1.8385721,1.947179,1.9782899,0.000000,1.0807187,0.000000,0.0000000,0.0000000
0.000000,1.9109265,0.000000,2.0167505,1.694050,0.0000000,0.000000,0.0000000,0.0000000
0.000000,1.8003348,2.003838,1.9873933,1.672424,2.0962555,0.000000,0.0000000,0.0000000
0.000000,1.7907381,2.020384,1.9810147,0.000000,0.0000000,0.000000,0.0000000,0.0000000
1.567441,1.5363819,0.000000,1.9456257,0.000000,0.7949424,0.000000,0.0000000,0.0000000
1.714818,0.6681017,2.094479,1.9642707,0.000000,0.0000000,0.000000,0.0000000,0.0000000
0.000000,0.0000000,2.006852,1.0581013,1.687439,0.9867539,0.000000,0.0000000,0.0000000
1.690037,1.8607533,2.005993,1.8871252,1.813004,1.0541507,0.000000,0.0000000,0.0000000
0.000000,1.8651442,1.904513,1.9902416,0.000000,0.0000000,0.000000,0.0000000,0.0000000
0.000000,1.8183526,1.956769,2.0145093,0.000000,0.9221131,0.000000,0.0000000,0.0000000
0.000000,1.7857474,2.064792,1.0064047,0.000000,0.8771260,0.000000,0.0000000,0.0000000
0.000000,0.0000000,1.999771,2.0136611,0.000000,0.9926877,0.000000,0.0000000,0.0000000
0.000000,1.7945883,2.031717,1.9276574,0.000000,1.7995228,0.000000,0.8108972,0.7338591
0.000000,1.5712767,1.978317,1.9421513,0.000000,2.1844033,0.000000,0.0000000,0.7650594
0.000000,1.7649612,2.017997,1.8741601,0.000000,1.0426342,0.000000,0.0000000,0.0000000
1.701715,1.7651856,1.995802,2.0106095,0.000000,0.9827637,0.000000,0.0000000,0.0000000
0.000000,1.8804143,1.993748,1.9055726,0.000000,0.9197072,0.000000,0.0000000,0.0000000
0.000000,1.9326118,2.058262,0.9908455,1.859708,0.9012098,0.000000,0.0000000,0.0000000
1.940183,0.0000000,2.062310,1.9559392,0.000000,0.0000000,0.000000,0.0000000,0.0000000
1.859839,1.9562938,1.969723,0.9752958,0.000000,0.0000000,0.000000,0.0000000,0.0000000
0.000000,1.8804317,1.963455,1.0134899,0.000000,0.0000000,0.000000,0.0000000,0.0000000
0.000000,0.0000000,1.922127,1.0518303,0.000000,0.0000000,0.000000,0.0000000,0.0000000
0.000000,1.9307701,2.015251,1.8633524,0.000000,0.8948201,0.000000,0.0000000,0.0000000
0.000000,1.7386714,1.999297,0.8057598,0.000000,0.9772167,0.000000,0.7905943,0.0000000
0.000000,1.6112952,1.984954,1.0323843,0.000000,2.1345307,0.000000,0.0000000,0.0000000
0.000000,0.0000000,1.918018,1.8631269,0.000000,0.8898782,0.000000,0.0000000,0.0000000
0.000000,0.0000000,1.948038,1.0152502,0.000000,0.0000000,0.000000,0.0000000,0.0000000
0.000000,0.0000000,2.079605,2.1228311,0.000000,1.2170527,0.000000,0.0000000,0.0000000
0.000000,1.9260623,2.006824,1.0364925,0.000000,0.8889567,0.000000,0.0000000,0.0000000
0.000000,1.7413400,2.022565,2.0261560,0.000000,0.9705422,0.000000,0.0000000,0.0000000
1.670096,0.0000000,2.032771,1.0370220,0.000000,1.0128756,0.000000,0.0000000,0.0000000
0.000000,1.9709433,2.053012,0.0000000,2.034031,1.0417644,0.000000,0.8280536,0.0000000
0.000000,1.8395857,1.981166,0.9459046,1.777554,2.2328934,0.000000,0.0000000,0.0000000
0.000000,0.0000000,2.011756,0.9766136,0.000000,0.0000000,0.000000,0.8649469,0.0000000
2.409966,0.0000000,1.979430,0.9895612,0.000000,1.2104220,0.000000,0.0000000,0.0000000
0.000000,1.8606891,0.000000,0.9575286,0.000000,0.0000000,2.300560,0.0000000,0.0000000
1.814284,1.9388598,2.060857,1.8349229,0.000000,2.0628198,0.000000,0.8922028,0.0000000
0.000000,1.9952941,1.964092,1.8838425,1.488497,0.9850670,0.000000,0.0000000,0.0000000
2.134907,1.8945470,1.987433,1.8581239,1.743331,0.0000000,2.065064,0.0000000,0.0000000
1.466899,1.8674560,1.926687,1.8718998,1.415785,0.9837309,0.000000,0.8779574,0.0000000
0.000000,0.9688090,1.992556,1.9863151,0.000000,1.0545413,0.000000,0.8720714,0.0000000
0.000000,2.0593254,1.876781,0.8506201,1.681829,0.8998687,0.000000,0.7854166,0.0000000
0.000000,1.9267153,1.822666,1.9603650,0.000000,0.8796769,0.000000,0.0000000,0.0000000
0.000000,1.7535926,0.000000,0.0000000,0.000000,0.7656669,0.000000,0.0000000,0.0000000
0.000000,0.0000000,1.966614,1.0008045,1.356640,2.1417510,0.000000,0.0000000,0.0000000
0.000000,2.0629081,1.531334,0.9179677,1.675670,0.0000000,0.000000,0.0000000,0.0000000
0.000000,1.8063950,2.026773,1.9341976,0.000000,0.0000000,0.000000,0.0000000,0.0000000
0.000000,1.9711314,2.007997,0.9886786,0.000000,0.9371894,0.000000,0.0000000,0.0000000
0.000000,1.9205963,1.876003,1.0105589,1.736837,2.1036325,0.000000,0.8582741,0.0000000
0.000000,1.9146391,2.094046,2.0235241,0.000000,2.0046502,0.000000,0.8453954,0.0000000
0.000000,2.0493026,1.977563,0.9600944,1.859646,0.9769731,0.000000,0.0000000,0.0000000
0.000000,2.0088427,2.016687,1.9571823,0.000000,1.0263638,0.000000,0.9686424,0.0000000
1.942639,1.8969885,2.049435,1.9397652,0.000000,0.8466126,0.000000,0.9806966,0.0000000
0.000000,1.8500004,2.001391,0.9466248,0.000000,0.8667654,0.000000,0.0000000,0.0000000
2.392816,1.8955323,0.000000,0.9197432,0.000000,0.8635993,2.339247,0.0000000,0.0000000
2.034276,0.0000000,1.804970,0.0000000,0.000000,2.1616062,0.000000,0.0000000,0.0000000
1.968061,1.9343369,1.975103,0.9989190,0.000000,2.1450761,0.000000,1.7086421,0.8730151
2.419713,0.0000000,0.000000,1.9207446,0.000000,0.0000000,2.283204,0.0000000,0.7042331
0.000000,1.6825560,1.881393,1.6254574,1.825946,1.0291156,0.000000,0.9891310,0.0000000
0.000000,0.0000000,1.991596,0.9726162,0.000000,1.0047975,1.958477,0.0000000,0.0000000
0.000000,1.8485579,1.916146,0.9683153,0.000000,1.0035858,0.000000,0.9304364,0.8151865
1.899862,1.9732793,1.963322,1.8577014,1.426628,1.0009098,0.000000,0.9465205,0.0000000
2.205570,1.8742622,1.758551,1.7972332,0.000000,0.9852124,2.093292,0.9321405,0.0000000
0.000000,1.8473025,1.972052,1.8721819,0.000000,2.0320160,0.000000,0.0000000,0.0000000
1.894330,1.7608756,1.971218,0.9430720,1.738074,2.0997005,0.000000,0.0000000,0.0000000
0.000000,1.9496565,1.821834,1.0341466,0.000000,2.0980126,0.000000,0.0000000,0.0000000
2.271299,1.7197982,1.980595,0.8643970,0.000000,0.9713975,2.537065,0.0000000,0.0000000
1.878124,0.8858425,1.840711,0.9602938,1.715064,2.2908297,2.084189,0.0000000,0.0000000
2.368788,0.0000000,1.950687,1.8355500,0.000000,2.2826485,2.390122,1.0164498,0.0000000
0.000000,2.0225854,1.911521,1.9385007,1.923821,1.0468394,2.098513,0.0000000,0.0000000
2.308855,0.0000000,1.824405,1.9332950,0.000000,2.1635201,1.398537,0.9483210,0.0000000
0.000000,1.8058144,1.809451,1.0374279,0.000000,1.8541732,0.000000,0.8332627,0.8242047
0.000000,1.8319039,2.053549,0.9764280,0.000000,2.1118542,0.000000,0.8936944,0.0000000
0.000000,0.0000000,1.782238,0.8151219,0.000000,1.2046797,2.014933,0.0000000,0.0000000
0.000000,0.0000000,1.984157,2.0200667,0.000000,0.9683134,0.000000,0.0000000,0.0000000
2.395977,1.8442646,1.957558,1.9888258,0.000000,0.0000000,0.000000,0.0000000,0.0000000
2.216693,1.9846748,1.938830,1.9549805,1.701838,1.0463043,0.000000,0.8778207,0.0000000
0.000000,1.8944455,1.866058,0.9787275,1.510696,0.9994100,0.000000,0.9317035,0.0000000
2.016395,1.9802719,1.960042,0.0000000,0.000000,0.7848858,0.000000,0.9081168,0.7537819
0.000000,1.7309297,1.597095,0.0000000,0.000000,1.0639969,0.000000,0.0000000,0.0000000
2.096903,0.8559483,0.000000,0.0000000,0.000000,0.0000000,0.000000,0.0000000,1.9313380
1.761321,1.8995604,2.025640,0.0000000,0.000000,0.0000000,2.032153,0.0000000,0.0000000
0.000000,1.7817295,1.999386,0.0000000,0.000000,0.9609759,0.000000,0.9072903,0.0000000
0.000000,1.8389794,1.935462,1.7916479,0.000000,0.8610736,1.752099,0.0000000,0.0000000
0.000000,1.8563743,1.960967,0.8051607,0.000000,0.9348166,0.000000,0.0000000,0.0000000
1.507827,0.0000000,1.938857,0.0000000,0.000000,0.0000000,0.000000,0.0000000,0.0000000
0.000000,0.0000000,1.910079,0.8786942,0.000000,0.0000000,0.000000,0.0000000,0.0000000
0.000000,1.7083925,1.804560,0.9715081,0.000000,0.8707680,0.000000,0.0000000,0.0000000
0.000000,1.5553527,1.806213,0.0000000,0.000000,1.8157575,0.000000,0.7893729,0.0000000
0.000000,1.6891185,0.000000,0.9198867,0.000000,0.0000000,0.000000,0.0000000,0.0000000
0.000000,1.9713673,2.023599,0.0000000,1.705861,1.9462919,0.000000,0.9156978,0.0000000
0.000000,1.9327156,1.735094,1.8566476,1.541585,1.7818660,0.000000,0.8543706,0.8599479
0.000000,1.8940591,1.971356,0.0000000,0.000000,0.9778418,0.000000,0.8802853,0.0000000
0.000000,1.5619808,2.067183,1.7864277,0.000000,0.9447350,0.000000,0.8818222,0.0000000
0.000000,1.9741011,2.038688,0.8131278,1.352564,1.9769107,0.000000,0.8600667,0.6534398
0.000000,1.9622561,2.025058,0.9159810,0.000000,0.0000000,0.000000,0.0000000,0.0000000
2.071951,1.8560985,2.076786,0.9122202,0.000000,0.0000000,0.000000,0.0000000,0.0000000
2.116235,0.9287754,1.905242,0.0000000,0.000000,0.0000000,2.324889,0.0000000,0.0000000
1.999056,0.0000000,0.000000,1.0901419,0.000000,0.0000000,2.289517,0.0000000,0.0000000
1.738463,1.8319694,1.690237,0.9417901,0.000000,0.0000000,2.230260,0.0000000,0.0000000
1.905471,0.9189158,0.000000,1.0332963,0.000000,2.1380153,0.000000,0.0000000,0.0000000
0.000000,2.0084135,1.961152,0.7180624,1.866491,0.7744173,0.000000,1.8858587,0.0000000
0.000000,1.8713541,1.919453,0.8980349,0.000000,1.7206614,0.000000,0.9164474,0.0000000
0.000000,1.7093590,1.978857,0.0000000,0.000000,2.1737532,1.728068,0.0000000,0.0000000
2.267809,1.8429156,1.981370,1.8542948,0.000000,2.3336267,1.711954,0.0000000,0.0000000
2.223503,1.9431481,2.029874,0.0000000,0.000000,2.1004306,2.186335,0.0000000,0.0000000
0.000000,1.8661823,1.785407,0.0000000,0.000000,0.9545207,2.277431,0.8973562,0.0000000
0.000000,1.9302342,2.011990,0.9729323,0.000000,1.0448318,1.929122,0.8216670,1.3978224
0.000000,0.7520875,2.057972,0.9247086,0.000000,1.0376170,1.936726,0.0000000,0.0000000
1.962371,1.8204689,2.026236,1.0068752,0.000000,2.3065124,0.000000,0.0000000,0.7794402
0.000000,1.8062385,1.994293,0.9401975,0.000000,0.9416172,0.000000,0.8736350,0.0000000
2.061017,1.9128764,1.802482,0.0000000,0.000000,1.0071499,2.439916,0.0000000,0.0000000
1.539008,1.7179094,1.898211,1.7254235,1.815590,0.9363017,0.000000,0.9071946,0.8070164
0.000000,0.0000000,1.639504,0.7753523,0.000000,0.0000000,0.000000,0.7970155,0.7911770
2.491778,0.0000000,1.718813,0.8731149,0.000000,2.1298798,2.380401,0.0000000,0.0000000
1.481725,0.7698347,1.572208,0.9931406,1.590788,2.1556558,1.881522,0.8222609,0.0000000
0.000000,0.0000000,2.142188,0.0000000,0.000000,2.2039059,0.000000,0.0000000,0.0000000
2.170254,0.0000000,1.924112,0.9292978,0.000000,0.9885358,2.163502,0.8419032,1.7304978
1.950400,0.8031882,1.935262,0.0000000,0.000000,0.0000000,1.981763,0.0000000,0.0000000
2.379827,0.0000000,1.822513,0.7295104,0.000000,1.1968925,2.096953,0.9318673,0.0000000
2.000117,1.6586986,1.377835,0.0000000,0.000000,1.0209730,2.292957,0.8580025,0.0000000
2.232726,0.0000000,2.024226,0.9122247,0.000000,0.0000000,1.938714,0.0000000,0.0000000
0.000000,0.0000000,2.001667,0.7275210,0.000000,1.0575299,0.000000,0.8101801,0.0000000
1.288162,0.6902713,2.019184,0.0000000,0.000000,1.8938874,0.000000,0.0000000,0.0000000
0.000000,1.5549730,2.042428,0.0000000,0.000000,0.0000000,0.000000,0.8240457,0.0000000
0.000000,1.8781717,2.004284,0.9885770,0.000000,1.0135486,0.000000,0.8861774,0.0000000
0.000000,1.5549225,1.882709,0.8776982,0.000000,2.1946429,0.000000,0.8888577,0.0000000
1.935555,1.9121197,1.965052,0.9009384,1.752040,1.0110493,0.000000,1.0028362,0.0000000
2.022078,1.6967428,2.078537,1.7065016,0.000000,2.2302405,0.000000,0.0000000,0.0000000
2.064067,1.7594859,1.880259,1.8893701,0.000000,0.0000000,0.000000,2.0012641,0.0000000
1.785113,1.7829251,2.018845,1.9666884,0.000000,0.9338478,0.000000,0.7802255,0.0000000
0.000000,1.9618917,1.946884,1.8592853,0.000000,1.0700948,0.000000,0.7780487,0.0000000
0.000000,1.8124022,1.987269,0.9677831,0.000000,1.1659937,0.000000,0.0000000,0.0000000
0.000000,1.9828336,1.977719,1.8127838,1.487398,2.0402827,0.000000,0.0000000,0.0000000
1.983504,1.8927020,2.098519,2.0060140,0.000000,0.9315795,0.000000,0.0000000,0.0000000
0.000000,2.0558795,1.765797,1.0053475,0.000000,0.8680907,0.000000,0.0000000,0.0000000
0.000000,1.8536563,2.007652,0.8952973,0.000000,1.9811831,0.000000,0.9758256,0.0000000
0.000000,0.0000000,0.000000,0.8835743,0.000000,1.0667154,0.000000,0.0000000,0.0000000
0.000000,1.8631133,1.982059,1.9001115,0.000000,2.0187905,0.000000,0.0000000,0.0000000
0.000000,1.8958837,1.932049,0.9721857,0.000000,1.8019523,0.000000,0.8121792,0.0000000
0.000000,1.7343183,2.087896,1.8659735,0.000000,1.9137950,0.000000,0.8890803,0.0000000
0.000000,1.9884978,1.857635,0.0000000,1.710580,0.0000000,0.000000,0.9888936,0.0000000
0.000000,0.0000000,1.963104,1.0265658,0.000000,1.0828338,0.000000,0.0000000,0.0000000
0.000000,0.8785160,1.964724,0.8833543,0.000000,1.0459780,0.000000,0.9462495,0.0000000
0.000000,1.7276483,1.972855,0.8929671,0.000000,2.0493845,1.669919,0.0000000,0.0000000
0.000000,1.7676185,0.000000,0.8727301,0.000000,0.9807732,0.000000,0.8684674,0.0000000
0.000000,1.9243677,2.071481,1.9081716,0.000000,1.0564904,2.096438,0.8254941,0.0000000
0.000000,1.7473049,1.988281,0.0000000,1.825629,0.0000000,0.000000,0.0000000,0.0000000
0.000000,1.9183113,1.923000,0.0000000,0.000000,1.8763623,0.000000,0.8598747,0.0000000
0.000000,1.7822859,1.879241,0.0000000,0.000000,0.9333108,0.000000,0.0000000,0.0000000
0.000000,1.9650722,1.925967,1.9708687,0.000000,2.0615183,0.000000,0.0000000,0.0000000
0.000000,0.0000000,2.110429,0.0000000,0.000000,2.0067709,0.000000,0.0000000,0.0000000
0.000000,0.0000000,1.657669,0.9498421,0.000000,1.1381126,0.000000,0.0000000,0.0000000
2.348287,0.0000000,0.000000,0.0000000,0.000000,0.0000000,2.080573,0.0000000,0.0000000
0.000000,0.0000000,0.000000,0.0000000,0.000000,0.0000000,0.000000,0.0000000,0.0000000
2.337292,0.0000000,2.068659,0.9610187,0.000000,1.2670867,0.000000,0.0000000,0.0000000
0.000000,1.9049272,2.071093,0.0000000,0.000000,1.0557065,0.000000,0.9327233,0.0000000
0.000000,1.9487367,1.917172,1.9846094,1.728172,1.0130707,0.000000,0.0000000,0.0000000
1.954599,1.9769116,1.984837,1.9835648,0.000000,0.8243202,0.000000,0.0000000,0.0000000
0.000000,1.8381594,1.843956,0.9841386,1.753406,1.0286156,0.000000,0.0000000,0.0000000
1.923471,0.0000000,2.000986,0.8367321,0.000000,0.9473556,1.886076,0.0000000,0.0000000
0.000000,0.8990142,2.006062,0.9004714,0.000000,0.9849898,0.000000,0.0000000,0.0000000
0.000000,1.6701527,1.981815,1.8881625,0.000000,1.0093643,0.000000,0.0000000,0.0000000
2.056775,0.8656626,1.895418,0.0000000,0.000000,0.0000000,0.000000,0.0000000,0.0000000
0.000000,1.8360659,1.982164,0.9018012,1.789012,2.1335627,0.000000,0.8885226,0.0000000
2.089166,1.6183107,2.059348,0.9895923,0.000000,2.1969536,0.000000,0.0000000,0.0000000
0.000000,1.6912078,1.929651,0.7881560,0.000000,2.0509458,0.000000,0.0000000,0.0000000
0.000000,1.8973024,1.806931,0.8331982,0.000000,1.9803783,0.000000,0.0000000,0.0000000
0.000000,1.7044513,1.941917,0.9520554,1.602756,1.8090802,0.000000,0.8601488,0.0000000
1.925876,1.7944093,1.985196,1.9842719,1.596423,2.1431674,0.000000,0.8079906,0.8625992
1.597292,0.8200414,1.938587,1.9565581,0.000000,1.2368576,0.000000,0.0000000,0.0000000
0.000000,1.9584548,2.013318,0.9771455,0.000000,1.9080465,0.000000,0.0000000,0.0000000
1.630438,1.7731809,1.924041,2.0827379,0.000000,1.0043777,0.000000,0.8773076,0.0000000
2.463049,0.0000000,0.000000,1.0005314,0.000000,2.3661191,2.315303,0.0000000,0.0000000
0.000000,0.0000000,2.009198,1.9012327,1.853397,0.0000000,0.000000,0.0000000,0.0000000
1.956268,1.8769223,1.872058,1.9876042,0.000000,0.0000000,0.000000,0.0000000,0.0000000
0.000000,0.0000000,2.011968,1.9569763,0.000000,0.9143726,2.185319,0.0000000,0.0000000
2.445578,0.0000000,2.035838,1.9976749,0.000000,0.0000000,0.000000,0.0000000,0.0000000
0.000000,0.0000000,1.702803,0.9734052,0.000000,0.8106588,0.000000,0.7357600,0.0000000
2.389535,0.0000000,0.000000,0.0000000,0.000000,0.0000000,2.467722,0.0000000,0.0000000
0.000000,1.7611257,1.921639,0.9533745,1.340611,1.9736355,0.000000,0.0000000,0.0000000
1.913964,1.5573792,1.860449,1.9380084,0.000000,0.8860681,0.000000,0.0000000,0.0000000
0.000000,1.8604015,1.923843,1.9401249,0.000000,1.8210790,0.000000,0.9254324,0.8703868
0.000000,1.9800524,0.000000,0.8776982,0.000000,0.9476062,0.000000,0.0000000,0.0000000
1.987092,0.0000000,1.908733,0.0000000,0.000000,0.9204106,0.000000,0.8194769,0.7963908
0.000000,0.0000000,0.000000,0.0000000,0.000000,0.0000000,0.000000,0.0000000,0.0000000
0.000000,1.8766480,2.063322,0.0000000,0.000000,0.8969978,0.000000,0.0000000,0.0000000
2.405504,0.0000000,2.046168,0.0000000,0.000000,1.0767620,2.514706,0.0000000,0.9201016
0.000000,1.9918403,1.987094,2.0297893,0.000000,0.9797167,0.000000,0.8925624,0.0000000
0.000000,1.9088458,1.587356,2.0181243,0.000000,1.0717120,0.000000,0.0000000,0.0000000
0.000000,2.0554238,2.002215,2.0428162,0.000000,0.8409965,0.000000,0.0000000,0.0000000
0.000000,1.7559224,2.001438,1.9587721,0.000000,0.9106123,0.000000,0.0000000,0.0000000
2.459805,0.0000000,2.040784,1.0081092,0.000000,0.0000000,1.976277,0.0000000,0.0000000
2.357790,0.0000000,2.002166,0.9828242,0.000000,0.0000000,0.000000,0.0000000,0.7420675
0.000000,1.8692912,2.072721,0.9731850,0.000000,0.0000000,0.000000,0.0000000,0.0000000
2.414290,1.8976852,0.000000,0.0000000,0.000000,0.0000000,2.553462,0.0000000,0.0000000
1.954684,1.7867445,2.058340,1.9144455,1.878925,0.0000000,2.236766,0.0000000,0.0000000
2.360123,0.0000000,0.000000,1.0110304,0.000000,2.1715879,2.127020,0.0000000,0.0000000
0.000000,1.9464225,1.942227,1.7421214,0.000000,0.9261739,0.000000,0.8977620,0.0000000
0.000000,0.0000000,2.044395,2.0225198,0.000000,1.0667809,0.000000,0.8807574,0.0000000
2.394570,0.0000000,0.000000,1.0215137,0.000000,1.2529321,0.000000,0.0000000,0.9980245
2.466790,0.0000000,0.000000,0.0000000,0.000000,0.0000000,2.526446,0.0000000,0.0000000
0.000000,2.0692438,1.922703,0.9897987,1.540438,0.7974761,0.000000,0.0000000,0.0000000
2.288171,0.0000000,2.055560,0.9583411,0.000000,0.9891269,0.000000,0.0000000,0.0000000
2.066697,1.8086878,1.982362,0.0000000,0.000000,0.8817267,2.333323,0.0000000,0.0000000
0.000000,1.8796512,2.037039,0.9189400,0.000000,0.8041342,0.000000,0.0000000,0.8357634
1.969533,1.9662506,1.959912,0.9865638,0.000000,0.8347067,2.094120,0.8933695,0.0000000
1.653806,1.8435964,1.993352,1.0040017,0.000000,1.8633853,0.000000,0.8956474,0.0000000
0.000000,0.8510425,1.966272,0.9166858,0.000000,0.0000000,0.000000,0.0000000,0.0000000
0.000000,1.8216622,1.911846,1.0125034,1.539779,1.9052992,0.000000,0.9129025,0.6683401
0.000000,1.9455289,1.949653,1.9484025,1.702229,2.0008556,0.000000,0.8890617,0.0000000
0.000000,0.7472320,1.975159,0.9437763,0.000000,1.0117530,0.000000,0.8374814,0.0000000
0.000000,1.5557482,1.970038,0.9567925,0.000000,0.9820844,0.000000,0.0000000,0.0000000
2.288542,0.0000000,0.000000,0.0000000,0.000000,0.0000000,2.531067,1.0045685,0.0000000
2.324330,0.0000000,1.726850,0.9709658,0.000000,1.0329230,2.022908,0.8740985,0.0000000
0.000000,1.8069119,1.483310,1.0034100,0.000000,0.9745840,0.000000,0.0000000,0.7073548
0.000000,1.9053605,1.763658,0.9431735,0.000000,0.8700676,0.000000,0.9132456,0.8278607
1.860811,1.9116672,2.062922,1.9696748,0.000000,0.0000000,0.000000,0.0000000,0.8342495
2.426683,0.0000000,0.000000,0.0000000,0.000000,0.0000000,2.414677,0.0000000,0.0000000
0.000000,1.9529948,1.986696,1.9812092,1.788703,1.8755212,0.000000,0.0000000,0.0000000
2.318319,1.9937597,1.978751,1.0056624,1.848815,0.0000000,2.096441,0.9236083,0.6545315
2.241816,1.8789680,2.041208,0.9867256,1.494464,2.0634831,2.013310,0.0000000,0.0000000
0.000000,1.9350232,2.040421,2.0169690,0.000000,1.1163620,2.131347,0.0000000,0.0000000
2.377659,1.7645432,1.956223,0.9754967,0.000000,2.2059270,2.272027,0.9461204,0.0000000
2.356203,0.8108121,1.957880,0.9928967,0.000000,2.2207498,0.000000,0.0000000,0.0000000
2.572795,0.8419379,2.012599,0.9656698,0.000000,0.9745460,0.000000,0.0000000,0.0000000
0.000000,1.7406415,1.904258,1.9490818,0.000000,1.1111222,0.000000,0.0000000,0.0000000
1.970367,0.0000000,1.665152,0.9123181,0.000000,0.0000000,2.185959,0.0000000,0.9378704
2.410991,1.9686887,1.554739,1.8643777,0.000000,2.1485695,2.191933,0.0000000,0.8765567
0.000000,1.8452395,2.000727,1.9954335,0.000000,2.2633878,1.859398,0.0000000,0.0000000
2.049545,1.8195528,1.901709,1.0531421,0.000000,2.1456659,0.000000,0.0000000,0.0000000
0.000000,1.8761103,1.945957,0.9813156,0.000000,2.2423865,0.000000,0.8249379,0.0000000
1.926075,1.7570051,0.000000,1.9799410,1.688856,0.7799808,0.000000,0.8386707,0.0000000
1.638709,1.9650815,1.916731,1.9583724,1.758918,1.0225438,0.000000,0.0000000,0.0000000
2.270229,0.9308004,2.051751,1.9656197,0.000000,1.2925468,0.000000,0.0000000,0.0000000
1.999676,0.0000000,1.846899,0.0000000,0.000000,0.0000000,2.430695,0.0000000,0.0000000
0.000000,0.0000000,1.773098,0.0000000,0.000000,1.0932150,2.439232,0.0000000,0.0000000
0.000000,0.7751713,0.000000,1.9782066,0.000000,0.0000000,2.462752,0.9860933,0.0000000
2.231533,0.0000000,2.047817,0.9058370,0.000000,1.1785712,2.187329,0.0000000,0.0000000
0.000000,1.5931873,1.877065,0.9643338,0.000000,0.0000000,0.000000,0.0000000,0.0000000
1.953837,1.8391250,2.018326,1.9087765,0.000000,1.9756792,0.000000,0.0000000,0.0000000
1.689437,1.9164885,1.899908,0.9620603,0.000000,1.1485123,0.000000,0.8719390,0.0000000
1.911042,0.0000000,1.984719,0.7652044,0.000000,0.0000000,2.324084,0.0000000,0.0000000
0.000000,1.8241680,1.950615,1.8494549,1.640174,2.0533107,1.658539,0.8528501,0.0000000
2.510912,1.7983721,2.020813,1.0183893,0.000000,2.2547150,0.000000,0.0000000,0.8071766
0.000000,0.0000000,1.988701,0.9793217,0.000000,1.9707777,2.243812,0.0000000,0.0000000
1.995434,0.0000000,1.839167,0.0000000,0.000000,0.0000000,2.204617,0.8750542,0.0000000
0.000000,1.6572941,1.950605,0.9706029,0.000000,1.0171831,0.000000,0.8816447,0.0000000
1.683367,1.7419062,2.043235,0.0000000,0.000000,0.0000000,2.240219,0.0000000,0.0000000
2.038169,1.8731042,1.762191,0.9937126,1.643929,1.9930598,0.000000,0.0000000,0.7741296
0.000000,1.9746111,1.834858,1.8677112,0.000000,1.0074082,0.000000,0.0000000,0.0000000
0.000000,0.0000000,2.011562,0.0000000,0.000000,0.0000000,2.173756,0.0000000,0.0000000
0.000000,1.7387235,1.832861,0.0000000,0.000000,2.0774422,2.053645,0.0000000,0.0000000
0.000000,1.9388201,2.008468,1.8733388,0.000000,0.9643663,0.000000,0.9037274,0.0000000
0.000000,1.9850631,1.855721,0.9509795,0.000000,0.8475535,0.000000,0.0000000,0.0000000
1.968301,1.8893318,1.942962,0.9889483,0.000000,2.1510589,1.828399,0.0000000,0.0000000
2.037901,1.9747454,1.855912,1.8666657,1.772535,0.8296213,2.117342,0.8080434,0.0000000
0.000000,1.9189143,1.956853,0.9748405,0.000000,1.9504723,0.000000,0.8863122,0.0000000
1.904027,1.9697264,1.736313,0.9788242,0.000000,0.8995921,2.019666,0.0000000,0.0000000
0.000000,0.0000000,0.000000,0.0000000,0.000000,0.0000000,2.351619,0.0000000,0.0000000
2.054031,0.0000000,0.000000,0.0000000,0.000000,1.0688246,2.249347,0.0000000,0.8455720
1.867780,1.8752908,2.053352,0.9960526,0.000000,1.0331856,0.000000,0.0000000,0.8483981
0.000000,2.0806600,1.943364,1.9675097,1.850681,0.9364795,0.000000,0.0000000,0.0000000
0.000000,1.8989685,1.987534,0.9252669,0.000000,0.8770533,0.000000,0.0000000,0.0000000
2.481753,0.0000000,0.000000,0.0000000,0.000000,1.2511200,2.587005,0.0000000,0.0000000
0.000000,0.0000000,1.890489,0.0000000,0.000000,0.9833593,0.000000,0.0000000,0.0000000
0.000000,0.0000000,1.924343,0.9862563,0.000000,1.2099381,0.000000,0.9586059,0.0000000
0.000000,0.0000000,0.000000,0.9472842,0.000000,0.8506924,2.336207,0.0000000,0.0000000
0.000000,1.8652073,1.934624,1.9855439,0.000000,1.9741967,0.000000,0.8592034,0.8333786
0.000000,0.9623375,1.681384,1.0040601,1.930498,0.9140698,0.000000,0.0000000,0.0000000
0.000000,0.0000000,1.519226,1.6871631,0.000000,1.9843239,0.000000,0.8595352,0.0000000
0.000000,1.9093589,1.801395,0.8824335,1.779683,0.0000000,0.000000,0.0000000,0.0000000
0.000000,1.7667090,1.961428,0.0000000,1.550032,2.1363665,0.000000,0.7971960,0.0000000
0.000000,1.8834022,2.032796,2.0105196,0.000000,1.0458680,0.000000,0.0000000,0.0000000
0.000000,0.0000000,1.974557,0.9805025,0.000000,0.0000000,0.000000,0.0000000,0.0000000
0.000000,0.8205718,0.000000,1.8271216,0.000000,0.9459154,0.000000,0.0000000,0.0000000
0.000000,0.7688110,1.982727,0.9919032,1.692046,0.0000000,0.000000,0.0000000,0.0000000
0.000000,0.0000000,1.871101,0.9636090,0.000000,0.9087795,0.000000,0.0000000,0.0000000
0.000000,1.7554152,1.979743,1.0130962,1.865295,0.8310661,0.000000,0.0000000,0.0000000
0.000000,0.7839081,0.000000,1.8692208,0.000000,0.0000000,0.000000,0.0000000,0.0000000
0.000000,1.7914668,1.887831,0.9661412,0.000000,0.9741652,0.000000,0.0000000,0.0000000
0.000000,0.8188622,2.033195,2.0360978,0.000000,2.0650589,0.000000,0.0000000,0.0000000
0.000000,1.9762505,1.986602,0.9738448,1.680277,2.1420361,0.000000,0.8294321,0.0000000
0.000000,1.8353372,1.787770,2.0364217,0.000000,1.9285959,0.000000,0.0000000,0.0000000
2.085096,0.0000000,2.157179,0.9591896,0.000000,2.2986765,0.000000,0.0000000,0.0000000
0.000000,1.6936596,1.968328,2.0039873,1.575284,0.8797611,0.000000,0.8902861,0.0000000
1.794470,1.9922077,1.913617,2.0778958,1.725004,2.2935447,0.000000,0.0000000,0.0000000
0.000000,1.9890618,2.017615,2.0117949,0.000000,0.8853568,0.000000,0.0000000,0.0000000
0.000000,1.9880703,1.952732,1.9809715,0.000000,0.9958653,0.000000,0.9326540,0.0000000
0.000000,1.9022986,2.061342,1.9838978,1.713831,0.8892775,0.000000,0.9080932,0.0000000
0.000000,1.9493290,1.778961,1.9722474,1.860024,2.0595138,0.000000,0.0000000,0.0000000
0.000000,0.0000000,0.000000,0.0000000,0.000000,0.9442297,2.138331,0.0000000,0.0000000
2.130743,0.0000000,2.054395,1.0882627,0.000000,1.0360863,0.000000,0.0000000,0.0000000
0.000000,1.8404618,1.843057,0.9556585,0.000000,0.0000000,0.000000,0.0000000,0.7332030
0.000000,1.8052762,1.906653,0.9664286,0.000000,0.0000000,0.000000,0.0000000,0.0000000
1.976437,1.8898259,1.716080,0.9661412,0.000000,0.8733448,0.000000,0.0000000,0.0000000
0.000000,1.9362705,2.072373,2.0245546,0.000000,0.0000000,0.000000,0.0000000,0.0000000
0.000000,0.8468516,2.032932,1.0245903,1.899582,0.8514013,0.000000,0.0000000,0.0000000
2.027553,1.9245365,1.975574,0.9263010,0.000000,0.9126154,0.000000,0.0000000,0.0000000
0.000000,0.0000000,0.000000,0.0000000,0.000000,0.0000000,2.248423,0.0000000,0.0000000
0.000000,1.7290623,2.049912,2.0151252,0.000000,0.0000000,0.000000,0.0000000,0.0000000
0.000000,1.7540650,1.661308,1.0101660,0.000000,0.8164673,0.000000,0.0000000,0.0000000
0.000000,1.8953645,2.082405,0.9231845,0.000000,2.0742303,0.000000,0.0000000,0.0000000
0.000000,1.7353511,1.892429,1.8867689,0.000000,0.0000000,0.000000,0.0000000,0.0000000
0.000000,1.8887801,1.944869,0.9301424,1.876877,2.1925724,0.000000,0.0000000,0.0000000
0.000000,0.9104663,1.982680,0.9397392,0.000000,0.9333239,0.000000,0.0000000,0.7808825
0.000000,0.0000000,2.008705,1.7100858,0.000000,0.9205686,0.000000,0.0000000,0.0000000
0.000000,2.0302937,2.036334,1.9784509,1.870252,2.1141386,0.000000,0.8974551,0.0000000
0.000000,0.0000000,1.983241,1.9108091,0.000000,1.9793747,0.000000,0.0000000,0.0000000
0.000000,1.9074433,2.073407,1.9920155,1.645260,2.2898960,0.000000,0.9961981,0.0000000
1.600027,1.8746268,1.928631,0.9878220,1.662238,0.8804940,0.000000,0.9250641,0.0000000
0.000000,2.0432046,1.940146,1.8990851,1.942256,1.0299922,0.000000,1.7592083,0.0000000
1.590910,1.6354034,1.885612,1.9075754,0.000000,0.8258910,0.000000,0.8544296,0.0000000
0.000000,2.0068423,1.903608,1.9904969,1.856913,1.5917964,0.000000,0.8015493,0.0000000
0.000000,1.9956325,1.794811,0.9658366,1.749614,0.8084647,0.000000,0.8877849,0.0000000
0.000000,1.8530437,1.903939,0.9991593,1.921832,1.8952250,0.000000,0.0000000,0.0000000
0.000000,2.0595993,2.006075,0.9249569,1.809134,1.9015301,0.000000,0.8866449,0.0000000
0.000000,1.8908986,2.008770,1.9493832,1.691607,1.0283042,0.000000,0.9642932,1.4981926
0.000000,1.9342197,0.000000,0.9941529,1.405325,1.7923668,0.000000,0.9077475,0.0000000
0.000000,1.9359941,1.925801,1.8832400,0.000000,2.1505244,0.000000,0.9663952,0.0000000
0.000000,1.8374073,1.987594,1.0160152,0.000000,2.0753829,0.000000,0.0000000,0.0000000
1.985665,1.8965342,1.311403,0.8466126,0.000000,2.1092593,0.000000,1.7193203,0.8609474
1.792428,1.9354577,2.021091,0.9412354,0.000000,0.9723951,0.000000,0.8565245,0.0000000
1.802378,1.9197864,2.023541,1.0222704,1.819131,2.2081327,0.000000,0.8494751,0.0000000
0.000000,1.9766650,2.036336,1.0443569,0.000000,0.0000000,0.000000,0.0000000,1.0050236
0.000000,1.6978622,1.841673,0.9726055,0.000000,0.0000000,0.000000,0.0000000,0.0000000
0.000000,1.7997954,1.793719,1.0487301,0.000000,0.8958162,0.000000,0.9748903,0.0000000
0.000000,2.0274820,0.000000,0.9930258,1.878034,0.9170480,0.000000,0.0000000,0.0000000
0.000000,1.7888835,2.092783,1.9121699,1.439853,2.1366564,0.000000,0.8419956,0.0000000
1.913791,0.8695380,1.899684,1.0443113,1.612314,2.1203762,1.834154,0.8604856,0.0000000
0.000000,1.7965259,1.760849,2.0970517,0.000000,2.3315850,0.000000,0.9659079,1.0897978
1.603175,1.8521351,1.711530,2.0712926,1.875478,0.8710368,0.000000,0.9101047,0.0000000
1.487618,1.9843160,1.833788,1.7016773,1.940767,0.9224708,0.000000,0.8858296,1.6141844
0.000000,1.9716704,1.964441,0.8569252,0.000000,2.0409879,0.000000,0.8457263,0.9175856
0.000000,1.9444813,1.910720,1.0495725,1.844465,1.0170582,0.000000,0.9846654,0.8228504
0.000000,2.0127594,1.984765,0.8817677,0.000000,2.0839657,0.000000,0.9089617,1.5195267
0.000000,1.8986088,1.922127,1.0229021,1.626454,2.0577548,0.000000,0.8870269,0.0000000
0.000000,0.0000000,0.000000,0.0000000,0.000000,1.0206265,0.000000,0.0000000,1.8111628
2.384163,0.0000000,0.000000,0.0000000,0.000000,0.0000000,0.000000,0.0000000,0.0000000
0.000000,1.5333138,1.827992,0.0000000,0.000000,1.0857590,0.000000,0.0000000,0.0000000
1.826535,1.9089221,1.896496,0.0000000,0.000000,0.0000000,0.000000,0.0000000,1.9757654
0.000000,0.0000000,0.000000,0.7814866,0.000000,0.0000000,0.000000,0.0000000,0.0000000
0.000000,1.8167532,1.994188,0.9519299,1.589225,0.9465419,0.000000,0.0000000,0.0000000
1.434379,1.9464597,1.922860,0.9784169,1.785301,0.9319407,0.000000,1.0327418,0.0000000
0.000000,1.8812826,1.806689,0.9275192,0.000000,1.0449776,0.000000,0.0000000,0.0000000
0.000000,0.8889443,2.053454,1.8264146,0.000000,1.0547644,0.000000,0.0000000,0.0000000
0.000000,1.8236507,1.992911,0.9785044,0.000000,1.9612350,0.000000,0.0000000,0.0000000
0.000000,1.8541259,1.914182,0.0000000,0.000000,1.0029618,0.000000,0.0000000,0.0000000
0.000000,1.7041831,2.011463,0.8988797,0.000000,1.7657878,0.000000,0.8420533,0.0000000
2.158802,0.0000000,2.068920,0.0000000,1.897685,0.0000000,2.426406,0.0000000,0.9503742
2.013207,0.7871249,1.960029,0.9826306,1.668906,1.1533054,2.380737,0.0000000,0.8209335
2.416626,1.8168181,2.046743,0.0000000,1.907144,1.1955947,2.409947,0.9748989,0.0000000
2.331871,1.8420495,1.888841,0.0000000,1.771323,1.1269847,2.419465,0.9852603,0.8865810
2.343614,0.0000000,1.996199,0.0000000,1.870169,0.0000000,2.413392,0.9592974,0.9350972
2.329083,0.0000000,1.892262,0.0000000,1.899684,0.0000000,2.368908,0.9572751,0.0000000
2.312240,0.0000000,1.925835,0.0000000,1.936627,0.0000000,2.389608,0.0000000,0.7961072
2.310766,0.8290931,1.983416,0.0000000,1.810390,1.1157977,2.393964,1.0383210,0.9363953
2.242518,0.0000000,2.000217,0.0000000,1.826903,0.0000000,2.391641,0.9081970,0.0000000
2.311108,0.9645548,1.996490,0.0000000,0.000000,1.1330168,2.428775,0.0000000,0.8878351
2.297693,0.8978767,1.703984,0.0000000,0.000000,0.0000000,2.398807,1.0415266,0.0000000
2.228918,1.8215940,1.918040,0.9305352,1.672722,0.0000000,2.408328,0.9408135,0.8972736
0.000000,0.0000000,1.773021,0.8181496,1.788105,1.0286302,0.000000,0.9563524,0.0000000
2.380281,0.8063366,1.988559,0.0000000,1.603896,1.1734027,2.437874,0.0000000,0.9709329
2.351823,1.7493608,1.968593,0.0000000,0.000000,1.1367736,2.417533,0.9913045,0.9256011
2.241387,1.8547789,1.945811,0.8468950,2.041467,1.0850774,2.359356,0.9004661,0.8410783
0.000000,1.8248016,1.893820,0.0000000,0.000000,0.9920072,2.170053,0.0000000,0.0000000
0.000000,0.8564287,1.819943,0.8955910,0.000000,1.0258738,0.000000,0.0000000,0.0000000
0.000000,0.0000000,0.000000,0.0000000,0.000000,0.0000000,0.000000,0.0000000,0.0000000
0.000000,1.9845846,0.000000,0.0000000,0.000000,0.9628674,0.000000,0.0000000,1.0318023
0.000000,0.0000000,1.890440,0.0000000,0.000000,0.0000000,0.000000,0.0000000,0.0000000
0.000000,0.0000000,0.000000,0.9715334,0.000000,0.0000000,0.000000,0.0000000,0.0000000
0.000000,0.9044078,1.887642,1.0031917,0.000000,2.1206336,0.000000,0.0000000,0.0000000
0.000000,0.0000000,0.000000,0.8992395,0.000000,1.0180828,0.000000,0.0000000,0.0000000
0.000000,0.0000000,1.895528,0.7344700,0.000000,0.9600271,0.000000,0.0000000,0.8544493
0.000000,0.0000000,0.000000,0.0000000,0.000000,1.0588802,1.951502,0.0000000,0.0000000
0.000000,0.0000000,0.000000,0.0000000,0.000000,0.9980233,0.000000,0.0000000,0.0000000
0.000000,0.0000000,0.000000,0.0000000,0.000000,0.9530388,2.430021,0.0000000,0.0000000
0.000000,0.0000000,0.000000,0.0000000,0.000000,0.0000000,2.022449,1.0012458,0.0000000
0.000000,1.5173422,0.000000,0.8992716,0.000000,0.0000000,0.000000,0.0000000,0.0000000
0.000000,0.0000000,1.827025,0.0000000,0.000000,0.9568382,0.000000,0.0000000,0.0000000
0.000000,0.0000000,1.945719,0.0000000,0.000000,0.8697310,0.000000,0.0000000,0.0000000
0.000000,0.0000000,1.880242,0.8761379,0.000000,0.0000000,0.000000,0.9681282,0.0000000
0.000000,0.0000000,1.730713,0.0000000,0.000000,0.9446497,0.000000,0.0000000,0.0000000
0.000000,0.0000000,1.863440,0.0000000,0.000000,1.0167018,0.000000,0.0000000,0.0000000
0.000000,1.7884844,1.712282,0.9055877,0.000000,1.8768005,0.000000,0.8598197,0.8679674
0.000000,0.8888205,0.000000,0.0000000,0.000000,1.0135640,0.000000,0.9373557,0.0000000
0.000000,0.0000000,1.783492,0.8880859,0.000000,1.2509888,0.000000,0.0000000,0.0000000
0.000000,0.0000000,0.000000,0.9180701,0.000000,0.0000000,0.000000,0.0000000,0.0000000
0.000000,0.0000000,1.596661,0.8759018,0.000000,0.0000000,0.000000,0.0000000,1.0231572
0.000000,1.8669914,1.911624,1.6596522,0.000000,0.9664581,0.000000,0.0000000,0.0000000
0.000000,0.0000000,1.899210,0.0000000,0.000000,0.0000000,0.000000,0.0000000,0.0000000
2.216202,0.0000000,2.011515,0.8288345,0.000000,0.0000000,0.000000,0.0000000,0.0000000
0.000000,1.7427968,1.763440,0.8282461,0.000000,0.9987637,0.000000,0.0000000,0.0000000
0.000000,0.7712537,1.856025,0.8700516,0.000000,1.0525574,0.000000,0.0000000,0.0000000
0.000000,1.9395738,1.880625,0.9728543,1.864547,0.9603435,0.000000,0.0000000,0.0000000
0.000000,0.5750826,1.911112,1.0004175,1.439569,2.2229186,0.000000,0.7554451,0.0000000
0.000000,0.0000000,1.926067,0.8892221,0.000000,0.0000000,0.000000,0.0000000,0.0000000
0.000000,0.0000000,1.988047,0.9185958,1.568377,0.9692670,0.000000,0.0000000,0.0000000
0.000000,0.0000000,1.987549,0.8946376,0.000000,0.9436897,0.000000,0.0000000,0.0000000
0.000000,1.8670010,1.928935,0.9908905,1.678613,1.7345332,0.000000,0.0000000,0.0000000
0.000000,0.0000000,1.997815,0.9973284,0.000000,1.9777879,0.000000,0.0000000,0.0000000
0.000000,1.9425615,1.595630,0.0000000,0.000000,0.8134745,0.000000,0.0000000,0.0000000
0.000000,0.0000000,1.581621,0.8960518,0.000000,0.9513956,0.000000,0.0000000,0.0000000
0.000000,0.0000000,2.055255,0.9710042,1.989642,1.7261528,0.000000,0.0000000,0.0000000
0.000000,0.0000000,1.962678,0.9904111,0.000000,0.9716185,0.000000,0.0000000,0.0000000
0.000000,0.0000000,0.000000,0.0000000,0.000000,0.8505270,0.000000,0.0000000,0.0000000
0.000000,0.0000000,0.000000,1.0128180,0.000000,0.9593655,0.000000,0.9922806,1.0038996
0.000000,0.8465473,0.000000,0.0000000,0.000000,0.0000000,0.000000,0.9686196,0.0000000
0.000000,0.0000000,0.000000,0.0000000,0.000000,0.0000000,0.000000,0.0000000,0.8911189
0.000000,1.7420935,1.976788,0.9496051,0.000000,2.0334868,0.000000,0.9373803,0.0000000
0.000000,1.8438273,0.000000,0.9889442,0.000000,0.8922382,0.000000,0.0000000,0.0000000
0.000000,0.6540780,1.943447,0.9645102,0.000000,0.9243700,0.000000,0.0000000,0.8496532
0.000000,0.0000000,1.722561,1.0105456,0.000000,0.0000000,0.000000,0.0000000,0.0000000
0.000000,0.0000000,0.000000,0.0000000,0.000000,0.8827709,0.000000,0.0000000,0.0000000
0.000000,1.9015413,1.319999,0.9782025,0.000000,0.9453020,0.000000,0.0000000,0.8013969
0.000000,1.9173907,1.918463,0.9866561,0.000000,0.0000000,0.000000,0.9655106,0.9300979
0.000000,1.7151659,1.947983,0.9890234,0.000000,0.8849136,0.000000,0.0000000,0.0000000
0.000000,1.8960860,0.000000,0.0000000,0.000000,0.8838866,0.000000,1.0758489,0.8749270
0.000000,1.9301712,1.953660,1.0408651,1.585085,1.0251276,2.360738,1.8561189,0.0000000
1.637230,1.7084314,1.579578,0.9825108,0.000000,1.0291741,0.000000,0.8873121,1.0121567
0.000000,1.8063512,1.870296,0.9496817,1.675354,1.9690805,0.000000,0.7327079,0.8386104
0.000000,1.8900317,1.899246,1.9392661,0.000000,1.9801337,0.000000,1.9098717,0.0000000
1.718259,1.9726182,1.947252,0.9907780,0.000000,0.9826291,0.000000,0.8682219,0.8904740
0.000000,0.0000000,1.864135,0.0000000,0.000000,0.0000000,0.000000,0.0000000,0.9959249
0.000000,1.8722629,1.935877,0.9732644,0.000000,1.8978304,0.000000,0.8940754,0.0000000
1.825690,0.0000000,2.013331,0.9904324,0.000000,2.0585141,0.000000,0.8386827,0.0000000
0.000000,1.9050468,1.942460,1.8947723,0.000000,1.0360200,0.000000,0.0000000,0.8973782
0.000000,1.8324609,2.040140,1.8634901,0.000000,0.9358281,0.000000,0.0000000,0.8038941
0.000000,0.8151058,1.760501,0.0000000,0.000000,0.8709420,0.000000,0.0000000,0.0000000
0.000000,1.8309111,1.762851,0.9683839,0.000000,0.9157402,0.000000,0.0000000,0.0000000
0.000000,1.7807128,0.000000,0.9338803,0.000000,0.0000000,0.000000,0.8628284,0.0000000
1.507564,2.0030377,2.052914,0.8971524,1.397363,1.0116010,0.000000,0.7299800,1.6453231
2.286207,0.0000000,1.985594,1.9190259,0.000000,1.9086595,0.000000,0.0000000,0.9931928
0.000000,1.6551678,1.972373,1.0112206,1.627245,1.9530969,0.000000,1.7928487,0.0000000
0.000000,1.9445847,1.966431,1.0165631,1.883090,1.0245462,0.000000,0.9522469,0.0000000
0.000000,1.8576697,2.004948,1.9409062,1.793630,1.9116897,0.000000,0.9441937,0.0000000
2.000864,0.8224529,1.985152,0.9938627,0.000000,0.8694574,0.000000,0.0000000,0.0000000
1.929796,1.8382842,1.988504,0.9953650,0.000000,0.9448889,0.000000,0.0000000,0.0000000
1.970300,1.9338481,1.951945,0.9427439,0.000000,0.8690289,0.000000,0.7972761,0.0000000
2.032062,1.9651940,1.965850,0.9443571,1.807344,0.8196146,0.000000,0.0000000,0.0000000
0.000000,0.0000000,1.995098,0.9809229,0.000000,0.0000000,0.000000,0.0000000,0.0000000
0.000000,1.7901220,1.890293,0.0000000,0.000000,1.0317767,0.000000,0.0000000,0.0000000
0.000000,0.0000000,0.000000,0.0000000,0.000000,0.0000000,0.000000,0.0000000,0.0000000
1.979522,1.8069141,1.983601,0.9756291,1.842706,0.8767908,0.000000,0.8856163,0.7238676
1.856554,0.9327694,1.943973,1.0012648,0.000000,0.9416461,0.000000,0.9199306,0.9180905
2.123886,1.7525573,2.001705,0.9692895,1.418129,0.8793249,0.000000,0.8487694,0.0000000
1.956441,1.9127596,1.894118,1.7725155,1.837467,1.9738243,0.000000,0.8631185,0.0000000
0.000000,1.7789075,1.897006,0.0000000,0.000000,0.8839463,0.000000,0.8431644,0.0000000
0.000000,0.7993911,1.967892,0.9441881,1.796222,1.0601790,0.000000,0.8417760,0.0000000
0.000000,1.7942192,2.044280,1.8109978,0.000000,0.9143942,0.000000,0.0000000,0.7220332
0.000000,0.9098426,1.867228,1.0236589,0.000000,0.9202721,0.000000,0.0000000,0.0000000
0.000000,1.9433073,1.946895,0.9760146,1.376793,1.0069046,0.000000,0.9339936,0.0000000
0.000000,1.8458635,1.949897,0.9095934,0.000000,1.0900337,0.000000,0.0000000,0.9641814
1.885420,1.7871363,1.955155,0.9958385,0.000000,0.9843216,0.000000,0.8426395,0.7985278
0.000000,2.0250203,1.970648,0.9373957,0.000000,0.0000000,0.000000,0.0000000,0.0000000
0.000000,1.8684051,1.961124,0.9433703,1.768131,0.0000000,0.000000,0.8288754,0.0000000
0.000000,1.7908185,1.879021,0.9500200,1.780134,0.0000000,0.000000,0.7693659,0.0000000
0.000000,0.9608945,0.000000,0.8962364,1.751936,0.0000000,0.000000,0.8082894,0.0000000
0.000000,1.8440757,1.585677,0.6642941,0.000000,0.0000000,0.000000,0.7244563,0.0000000
0.000000,1.8327730,1.705560,0.8459131,1.703027,1.0292635,0.000000,0.0000000,0.0000000
0.000000,1.8312690,1.797025,0.9422316,0.000000,0.0000000,0.000000,0.7847932,0.0000000
0.000000,1.9032253,1.983580,0.9333500,0.000000,0.0000000,0.000000,0.0000000,0.0000000
0.000000,1.7794066,1.926017,0.9280479,1.642077,0.0000000,0.000000,0.0000000,0.0000000
0.000000,0.0000000,1.783790,0.0000000,0.000000,1.0595288,0.000000,0.0000000,1.0267808
0.000000,1.9090974,1.986856,0.9245190,0.000000,2.1998490,0.000000,0.9073380,0.0000000
0.000000,0.0000000,1.877860,0.9299194,0.000000,1.0186355,0.000000,0.0000000,1.0314717
0.000000,0.0000000,1.971316,0.9108125,0.000000,1.0760050,0.000000,0.0000000,1.0446298
0.000000,0.9320939,0.000000,0.9631845,0.000000,1.0767157,0.000000,0.0000000,0.9453892
0.000000,1.9133046,1.990804,0.9712102,0.000000,0.0000000,0.000000,0.0000000,0.0000000
0.000000,1.6650441,1.730270,0.8873121,0.000000,1.7702029,0.000000,0.8230850,0.5880602
0.000000,0.0000000,2.061731,0.0000000,0.000000,1.0385142,0.000000,0.0000000,0.9982310
0.000000,0.0000000,2.085573,0.9368989,0.000000,2.1818636,0.000000,0.9550886,1.0254553
0.000000,1.8257882,1.956066,0.9979893,2.004778,1.0426937,0.000000,0.9255901,0.0000000
0.000000,1.5645458,2.016466,0.8379569,0.000000,1.0431461,0.000000,0.0000000,0.9563248
0.000000,1.6137271,1.955899,0.9034504,0.000000,0.0000000,0.000000,0.0000000,0.0000000
0.000000,0.0000000,1.865519,0.9772134,0.000000,0.9068685,0.000000,0.0000000,0.0000000
1.379000,1.7007595,2.057831,1.6699004,0.000000,1.8649110,0.000000,0.9590949,0.0000000
0.000000,0.0000000,1.825293,0.9271908,0.000000,0.9751677,0.000000,0.0000000,0.0000000
0.000000,2.0132539,2.020579,1.0184342,1.761874,0.9786322,0.000000,0.9770776,0.0000000
1.737814,1.9769496,1.943454,1.7605803,0.000000,0.9057589,0.000000,0.0000000,0.0000000
0.000000,1.9118571,2.050977,0.7913704,0.000000,1.0562035,0.000000,1.0340502,0.9841431
0.000000,1.9083930,1.939488,0.9742415,0.000000,0.0000000,0.000000,0.0000000,0.0000000
0.000000,1.8895731,2.067088,1.9271336,1.415248,2.1357721,0.000000,0.9604817,0.0000000
1.635238,1.9733855,2.016292,1.8658614,1.439758,0.9830141,0.000000,0.8216223,0.0000000
0.000000,1.9039478,2.035302,0.9670035,0.000000,0.8875331,0.000000,0.0000000,0.0000000
0.000000,1.9531589,1.696264,0.9880276,0.000000,0.9389602,0.000000,0.0000000,0.0000000
1.926175,1.9501844,1.908039,1.9024027,1.718055,0.0000000,0.000000,0.8414628,0.0000000
0.000000,1.8606229,2.062012,1.0218777,0.000000,1.0209269,0.000000,0.0000000,0.0000000
0.000000,0.0000000,2.019533,1.0260166,0.000000,2.2742579,0.000000,0.0000000,0.0000000
0.000000,1.9325693,0.000000,0.9539740,0.000000,0.0000000,0.000000,0.0000000,0.8885599
1.890200,0.8086221,1.709878,1.7858810,0.000000,2.0264016,0.000000,0.0000000,0.0000000
0.000000,1.9652345,2.063561,0.0000000,0.000000,0.0000000,0.000000,0.0000000,0.0000000
0.000000,0.0000000,2.044561,1.8185211,0.000000,1.0008426,0.000000,0.8645434,0.0000000
1.910734,1.7483246,2.023740,0.9803833,0.000000,0.0000000,0.000000,0.0000000,0.0000000
0.000000,1.6836991,2.030170,1.0239838,0.000000,1.0298959,0.000000,0.0000000,0.0000000
0.000000,1.8648398,1.936092,0.8845926,1.544178,0.8387790,0.000000,0.0000000,0.0000000
0.000000,0.8684184,1.712570,1.8966482,0.000000,0.0000000,0.000000,0.0000000,0.0000000
0.000000,0.0000000,1.790027,1.9189373,0.000000,0.9573476,0.000000,0.0000000,0.0000000
0.000000,1.9812115,1.775343,0.9781260,0.000000,0.8662202,0.000000,0.0000000,0.0000000
0.000000,1.5895880,1.946458,0.0000000,0.000000,1.0519782,0.000000,0.0000000,0.0000000
0.000000,0.0000000,1.928265,0.0000000,0.000000,0.0000000,0.000000,0.0000000,0.0000000
0.000000,0.0000000,0.000000,0.9550933,0.000000,0.0000000,0.000000,0.0000000,0.9480183
0.000000,0.0000000,2.015734,0.9747494,0.000000,0.8598747,0.000000,0.0000000,0.0000000
0.000000,1.6170422,1.814217,0.9187904,0.000000,0.8826091,0.000000,0.8259900,0.0000000
0.000000,0.0000000,1.978930,0.9022338,0.000000,1.1801620,0.000000,0.0000000,0.0000000
0.000000,1.9164997,1.965552,0.9502883,0.000000,0.9540766,0.000000,0.0000000,0.0000000
0.000000,0.0000000,2.050893,0.9038229,0.000000,0.0000000,0.000000,0.0000000,0.0000000
0.000000,1.8715396,1.815865,1.0346345,0.000000,2.1260091,0.000000,0.0000000,0.0000000
0.000000,1.9611845,2.032077,0.0000000,0.000000,0.9333500,0.000000,0.0000000,0.0000000
0.000000,1.9027599,1.885867,0.9371061,1.885374,2.1098071,0.000000,0.0000000,0.0000000
0.000000,1.7949549,2.063572,0.9130523,0.000000,0.9839684,0.000000,0.0000000,0.0000000
0.000000,0.9101276,2.003445,0.9946956,0.000000,0.9305591,0.000000,0.0000000,0.0000000
0.000000,0.9317001,0.000000,0.9303613,0.000000,0.8898843,0.000000,0.0000000,0.0000000
0.000000,1.7960004,1.994709,1.8990522,0.000000,0.8372120,0.000000,0.0000000,0.9103978
0.000000,0.0000000,1.997937,0.9774098,0.000000,2.1778184,0.000000,0.0000000,0.0000000
0.000000,0.0000000,1.766254,0.0000000,0.000000,2.2443444,0.000000,0.9823528,0.0000000
0.000000,1.8455990,1.943987,1.8546675,0.000000,0.9900822,0.000000,0.7796618,0.0000000
0.000000,1.9144638,2.075492,0.9925682,0.000000,0.0000000,0.000000,0.0000000,0.0000000
0.000000,1.9946558,2.076869,0.9330292,0.000000,0.0000000,0.000000,0.0000000,0.0000000
2.209994,1.8440594,2.046097,0.8946832,0.000000,2.2997926,0.000000,0.9254691,0.0000000
0.000000,1.9664975,2.042219,0.9598618,0.000000,0.9826533,0.000000,0.7315844,0.0000000
0.000000,1.9542223,1.878937,1.8318527,0.000000,0.9099209,0.000000,0.0000000,0.0000000
0.000000,0.0000000,1.992420,1.0072405,0.000000,1.0686642,0.000000,0.0000000,0.0000000
0.000000,2.0337797,1.925006,0.9757917,1.740678,2.0174053,0.000000,0.8364105,0.0000000
0.000000,1.8269251,1.905300,1.8837829,0.000000,0.9969552,0.000000,0.7546336,0.0000000
0.000000,1.9004764,1.803520,0.8864211,0.000000,0.8747545,0.000000,0.0000000,0.0000000
0.000000,1.8181201,1.944929,0.9550417,0.000000,1.7117366,0.000000,0.0000000,0.0000000
0.000000,1.8110237,1.952130,0.9212672,0.000000,0.9787420,0.000000,0.0000000,0.0000000
0.000000,0.0000000,2.064190,0.0000000,0.000000,1.0038090,0.000000,0.0000000,0.0000000
0.000000,0.0000000,1.958851,0.9476325,0.000000,1.0020771,0.000000,0.8044839,0.9770594
0.000000,0.0000000,1.983342,0.9191296,0.000000,0.9898283,0.000000,0.0000000,0.0000000
0.000000,1.9670856,1.870658,0.0000000,0.000000,0.8760789,0.000000,0.0000000,0.0000000
0.000000,1.6739502,2.059686,0.8814462,0.000000,0.8733678,0.000000,0.8848090,0.0000000
0.000000,1.9130511,1.936161,0.9582027,0.000000,0.9614089,0.000000,0.0000000,0.9436254
0.000000,1.8420302,2.065251,0.9433816,1.800119,1.0355312,0.000000,0.9353988,0.7631521
0.000000,1.9337448,2.038502,0.9649943,1.792964,0.9017133,0.000000,0.0000000,1.0815133
0.000000,1.9829476,1.900192,0.0000000,0.000000,0.8810750,0.000000,0.8968040,0.8322503
0.000000,1.7800312,2.038564,0.9134165,0.000000,0.9572842,0.000000,0.0000000,0.0000000
0.000000,2.0563655,1.914478,0.7579626,0.000000,1.1406602,0.000000,0.0000000,0.0000000
0.000000,0.9639673,2.041023,0.9735000,0.000000,0.0000000,0.000000,0.0000000,0.0000000
2.185873,0.8785446,1.993277,0.9680785,0.000000,1.2541548,0.000000,0.0000000,0.0000000
1.763781,1.9921096,1.874675,1.0338220,1.759803,1.1294866,0.000000,0.8183671,1.8242576
1.955801,1.8842592,2.086876,1.0091836,1.860702,0.0000000,0.000000,0.0000000,0.0000000
0.000000,1.9447059,1.938079,0.9944654,1.709800,0.9893662,0.000000,0.8718532,0.9564604
1.819823,1.8854096,0.000000,0.9920383,0.000000,0.0000000,0.000000,0.0000000,0.0000000
0.000000,1.9380758,1.993397,1.0206145,0.000000,2.1302879,0.000000,0.0000000,0.0000000
1.943215,0.0000000,2.043712,0.9069550,0.000000,2.1278001,0.000000,0.8962699,0.0000000
1.749869,0.0000000,0.000000,1.8730997,0.000000,0.9794207,0.000000,0.0000000,0.8805079
0.000000,1.9089744,2.012525,1.7869702,0.000000,0.8622539,0.000000,0.0000000,0.0000000
0.000000,0.0000000,1.962368,0.9950720,0.000000,1.9696229,0.000000,0.0000000,0.0000000
0.000000,1.8234183,1.884828,1.0101612,0.000000,0.9793345,0.000000,0.0000000,0.0000000
0.000000,1.9441887,1.704289,1.8205867,1.856223,0.9423401,0.000000,0.8305874,1.8759429
0.000000,2.0397039,1.953070,0.9298471,1.879804,0.8630219,0.000000,0.0000000,0.0000000
0.000000,1.9907723,0.000000,0.9572343,1.859901,0.8924506,0.000000,0.0000000,0.0000000
0.000000,1.6258750,2.025795,1.0313646,0.000000,2.1437059,0.000000,0.8724519,0.0000000
0.000000,1.8872490,2.015690,0.8906675,0.000000,0.0000000,0.000000,0.0000000,0.0000000
0.000000,1.9965151,2.008432,0.9773042,0.000000,0.9470085,0.000000,0.0000000,0.0000000
2.145144,1.4590559,2.088356,2.0999558,0.000000,1.0089525,0.000000,0.9414729,0.0000000
1.620189,1.8873619,2.006751,0.9692895,0.000000,0.0000000,0.000000,0.0000000,0.0000000
0.000000,1.9442869,1.839829,0.9830683,0.000000,1.9250015,0.000000,0.0000000,0.0000000
0.000000,1.8395066,2.027683,0.9351099,0.000000,2.0679484,0.000000,0.0000000,0.0000000
0.000000,1.9569979,2.008487,1.8748855,1.839087,2.1823861,0.000000,0.0000000,0.0000000
1.479973,1.7024993,2.018441,1.9027548,0.000000,1.9374001,0.000000,0.0000000,0.0000000
0.000000,1.7788083,2.079629,0.9649923,0.000000,1.0517584,0.000000,0.0000000,0.0000000
1.653218,2.0375902,2.052264,1.8211539,1.733213,2.0459477,0.000000,0.0000000,0.0000000
0.000000,1.8188920,1.877896,1.0099608,0.000000,0.8793743,0.000000,0.0000000,0.0000000
0.000000,1.9091194,1.980625,0.9892086,0.000000,1.0042540,0.000000,0.0000000,0.8244211
0.000000,1.8461135,1.793586,0.9603349,1.882012,0.9187863,0.000000,0.0000000,0.0000000
0.000000,2.0043554,2.015283,1.8498955,0.000000,2.0062541,0.000000,0.0000000,0.0000000
0.000000,1.9477112,1.878412,0.0000000,1.696583,0.0000000,0.000000,0.0000000,0.0000000
0.000000,1.9464825,1.729345,1.0200628,0.000000,1.9811540,0.000000,0.0000000,0.0000000
1.801688,0.9590795,1.951790,0.0000000,0.000000,0.0000000,0.000000,0.0000000,0.9776894
0.000000,1.8094215,1.740646,0.0000000,1.795819,0.9266662,0.000000,0.0000000,0.8831134
0.000000,0.0000000,2.086306,0.9688658,0.000000,0.8955515,0.000000,0.0000000,0.0000000
0.000000,0.8888701,1.821670,0.9714501,0.000000,1.0189251,0.000000,0.0000000,0.0000000
0.000000,1.8290781,2.038080,1.9395827,0.000000,0.9250050,0.000000,0.8679098,0.0000000
0.000000,0.7931752,1.820997,0.0000000,0.000000,0.0000000,0.000000,0.0000000,0.0000000
0.000000,1.9426241,1.908743,0.8986803,0.000000,0.0000000,0.000000,0.0000000,0.0000000
0.000000,2.0358692,2.000860,0.9280125,1.711626,2.1203113,0.000000,0.0000000,0.0000000
0.000000,0.0000000,1.932464,0.0000000,0.000000,0.8846910,0.000000,0.8572955,0.0000000
0.000000,1.9751696,1.844688,0.9477430,0.000000,0.0000000,0.000000,0.0000000,0.0000000
0.000000,0.0000000,1.937118,0.9121178,0.000000,2.1863002,0.000000,0.0000000,0.0000000
0.000000,1.7294249,2.060627,2.0023732,0.000000,2.3290093,0.000000,0.0000000,0.0000000
0.000000,0.0000000,1.873301,0.0000000,0.000000,0.0000000,0.000000,0.0000000,0.0000000
0.000000,0.7212428,1.913063,0.0000000,0.000000,0.0000000,0.000000,1.7310817,1.4001639
0.000000,0.0000000,1.786751,0.0000000,0.000000,0.9028574,0.000000,0.0000000,0.0000000
0.000000,0.0000000,1.903638,0.9335294,0.000000,1.7052827,0.000000,0.0000000,0.6802471
0.000000,1.8344034,1.918282,0.9210011,1.632935,0.8603493,0.000000,0.8318707,0.0000000
0.000000,1.7733546,2.012224,1.0196319,2.028490,0.9128628,0.000000,0.0000000,0.0000000
1.767029,1.9768741,1.760362,1.0429002,1.978580,0.9567606,0.000000,0.8118269,0.0000000
