0.000000,2.300155,2.388234,1.908956,1.718960,1.884600,0.000000,0.000000,2.025599
1.699411,2.322387,2.329814,1.970837,1.972792,2.121053,0.000000,0.000000,1.920860
2.243937,2.277978,2.345819,1.938271,1.751448,2.056170,2.070348,0.000000,2.038857
1.829957,2.341969,2.238598,1.977661,1.769906,1.893276,0.000000,1.633695,1.686078
1.906247,2.343403,2.261014,1.867851,0.000000,2.109332,0.000000,1.743080,1.773430
2.192938,2.330631,2.291420,1.964154,1.720789,2.220676,2.095640,1.945456,2.194930
1.562587,2.382933,2.378868,1.822386,1.399122,2.224109,0.000000,1.922255,2.010556
0.000000,2.388300,2.389582,2.030367,0.000000,2.038441,0.000000,2.025921,2.143899
0.000000,2.237082,2.278446,2.019257,1.830290,0.000000,0.000000,1.932251,1.933793
0.000000,2.344327,2.251499,1.804293,0.000000,1.850106,2.028676,1.914922,0.000000
1.867222,2.303755,2.358873,1.782502,1.758113,1.973864,1.766989,0.000000,2.055203
0.000000,2.329768,2.369892,2.010408,0.000000,1.929747,0.000000,0.000000,1.791610
2.341230,2.340939,2.317631,1.986159,0.000000,0.000000,0.000000,0.000000,2.262084
0.000000,2.344143,2.299594,1.920527,0.000000,2.049970,0.000000,0.000000,2.019238
1.936612,2.370252,2.268341,1.926290,1.729757,1.881714,0.000000,0.000000,0.000000
0.000000,2.337027,2.407563,1.957474,1.812443,2.239514,0.000000,0.000000,1.905806
1.780305,2.402452,2.197974,1.812210,1.797921,2.211415,0.000000,0.000000,1.472000
2.209272,2.290234,2.270602,0.000000,1.907273,0.000000,1.954605,0.000000,2.038459
0.000000,2.318089,2.304361,1.942751,1.861858,2.204596,0.000000,0.000000,2.175510
1.811859,2.376368,2.337173,1.931375,1.761929,0.000000,0.000000,0.000000,2.251266
1.875692,2.344269,2.296250,2.007750,1.740327,2.068102,1.896099,1.899837,0.000000
1.904680,2.326464,2.304107,1.906445,1.746076,2.332623,0.000000,0.000000,2.304117
1.805430,2.325098,2.284958,1.971302,1.908999,1.944454,0.000000,0.000000,2.186372
1.875319,2.286156,2.270265,1.858095,2.017435,2.007266,1.926261,0.000000,2.286489
1.964166,2.355598,2.273364,1.954569,1.752703,2.391470,0.000000,1.699599,2.219409
0.000000,2.280033,2.404035,1.871347,0.000000,0.000000,0.000000,0.000000,1.667784
1.348856,2.262410,2.381351,1.966560,1.404985,1.973542,0.000000,0.000000,2.070334
2.392360,2.324953,2.367775,0.000000,1.863775,2.111990,2.496234,0.000000,2.068970
0.000000,2.192067,2.251353,1.916580,0.000000,2.271870,0.000000,1.970410,2.390705
1.959411,2.235398,2.242156,1.879122,0.000000,1.830384,0.000000,0.000000,2.156289
2.427155,2.355340,2.440920,1.891663,1.796635,0.000000,2.575685,0.000000,1.927804
2.203646,2.315969,2.282888,2.034380,1.873021,1.988933,2.065613,0.000000,2.228046
1.941675,2.353808,2.422556,1.645466,0.000000,2.024406,2.273283,0.000000,0.000000
2.033244,2.297089,2.432330,1.761002,1.731715,1.985208,0.000000,1.696157,2.212539
1.713641,2.348239,2.332136,1.917531,1.710463,2.408710,1.897126,1.939790,2.171187
2.226488,2.365741,2.274788,2.011230,1.803116,2.054986,0.000000,0.000000,2.048156
1.667349,2.242680,2.392050,1.838525,1.616016,2.044328,0.000000,1.862527,2.122040
1.822458,2.205520,2.409434,1.902851,1.704329,1.564316,0.000000,0.000000,2.056840
2.023569,2.363181,2.282229,1.938286,1.711143,1.850305,0.000000,0.000000,2.206718
2.016898,2.390161,2.296057,1.845363,1.761916,1.652347,0.000000,0.000000,2.125395
0.000000,2.388144,2.448736,1.951374,1.759704,2.065146,0.000000,1.802201,1.944468
1.344469,2.315204,2.302660,1.783552,0.000000,0.000000,0.000000,0.000000,2.052021
1.908344,2.364262,2.319856,1.965379,1.839965,2.236189,0.000000,0.000000,2.090375
2.544750,2.388849,2.319881,2.109293,0.000000,2.493943,0.000000,1.853210,2.253896
2.127933,2.086226,2.333620,1.958301,0.000000,0.000000,0.000000,1.564507,2.021389
1.858949,2.319599,2.277466,1.825611,1.797555,1.503839,0.000000,1.775142,1.605103
1.587940,2.344399,2.254062,1.910065,0.000000,1.876793,0.000000,1.763303,1.809144
1.901433,2.346315,2.253274,1.879211,1.815295,1.896991,0.000000,1.703781,1.958595
0.000000,2.084284,2.305638,0.000000,0.000000,0.000000,0.000000,0.000000,0.000000
2.014439,2.331030,2.287855,1.948743,1.958262,2.162775,0.000000,0.000000,2.033629
1.953621,2.331972,2.242379,2.004866,1.812578,0.000000,0.000000,0.000000,1.618567
1.773939,2.337686,2.334884,1.969020,1.851334,2.204410,0.000000,1.715573,1.783932
2.109190,2.352357,2.451014,1.955628,1.482255,1.713164,0.000000,0.000000,2.302300
0.000000,2.305693,2.278827,1.850113,0.000000,0.000000,0.000000,0.000000,2.346330
0.000000,2.348328,2.296993,1.867851,1.595112,2.290138,0.000000,0.000000,0.000000
1.904602,2.298572,2.262188,1.922101,1.756216,1.956245,0.000000,1.741568,2.096060
2.140833,2.288107,2.381813,1.911990,1.727094,2.135214,0.000000,1.760362,2.046374
1.873674,2.328802,2.313559,1.776672,0.000000,1.698025,0.000000,1.446276,0.000000
0.000000,2.380745,2.213403,1.927358,0.000000,1.996413,0.000000,0.000000,1.929876
1.971828,2.385866,2.241980,1.966200,1.943009,2.280452,0.000000,0.000000,2.226448
1.879745,2.342800,2.348676,1.975850,0.000000,2.121592,0.000000,0.000000,0.000000
0.000000,2.378746,2.150227,1.794514,0.000000,0.000000,0.000000,0.000000,0.000000
1.694180,2.321246,2.336290,1.944396,0.000000,0.000000,0.000000,0.000000,0.000000
1.990055,2.361643,2.233538,1.952896,1.900647,2.082343,0.000000,0.000000,2.320133
0.000000,2.360544,2.219655,0.000000,1.833029,0.000000,0.000000,0.000000,0.000000
1.928424,2.380727,2.227094,1.943403,1.674228,1.945133,0.000000,1.702352,0.000000
1.566264,2.333934,2.397744,0.000000,1.702106,1.842010,0.000000,1.800869,2.219970
0.000000,2.356607,2.251632,1.887831,1.917987,1.742231,0.000000,0.000000,1.866889
1.977313,2.348141,2.249590,0.000000,0.000000,1.855728,0.000000,0.000000,1.763781
2.109916,2.341262,2.256358,1.914577,1.785922,1.882076,0.000000,0.000000,2.254507
2.224520,2.339225,2.370506,1.967304,0.000000,0.000000,0.000000,2.206279,2.361258
2.110134,2.370731,2.233735,0.000000,1.404872,1.901277,0.000000,0.000000,1.992353
1.828995,2.341499,2.239120,1.926988,1.900521,2.029129,0.000000,0.000000,2.112121
1.929860,2.342735,2.201905,1.685964,1.751804,1.811966,0.000000,1.715366,0.000000
1.832232,2.354529,2.231845,1.822567,1.898041,1.964991,1.400517,1.589926,2.191427
1.884280,2.366591,2.230736,1.994970,1.530583,2.018476,0.000000,0.000000,2.203432
1.720206,2.333442,2.235854,1.904724,1.569169,1.795447,0.000000,1.701302,1.622270
2.143027,2.316400,2.359486,1.862014,0.000000,1.805103,0.000000,1.675792,2.187793
2.031968,2.339020,2.264234,1.908429,1.580146,1.609335,0.000000,0.000000,2.237077
1.950844,2.357543,2.244269,1.708387,1.839861,2.088747,0.000000,1.490749,1.900172
2.126215,2.360091,2.191064,1.881930,1.873413,1.930626,1.713030,1.631723,1.231302
1.909207,2.343257,2.243205,1.805174,1.896480,1.479973,0.000000,1.601224,1.337946
1.766642,2.398537,2.156500,0.000000,1.797522,1.824876,0.000000,0.000000,0.000000
2.173408,2.364963,2.280857,2.019334,0.000000,1.943804,2.589410,0.000000,0.000000
1.840639,2.406078,2.308088,1.867968,0.000000,1.910683,0.000000,0.000000,0.000000
1.895785,2.434400,2.225557,1.895974,1.684889,2.282402,2.102149,1.473590,0.000000
1.867280,2.402539,2.208489,0.000000,1.800447,1.659351,0.000000,1.564936,2.034261
0.000000,2.386698,2.393284,1.867702,0.000000,2.456554,1.704734,0.000000,0.000000
1.840987,2.412539,2.293588,1.861343,1.739623,1.720971,0.000000,1.774003,0.000000
1.858928,2.404527,2.237854,1.927648,1.706181,1.953843,2.205252,0.000000,0.000000
1.972335,2.332876,2.316663,2.008844,1.788714,1.811645,0.000000,0.000000,2.153276
0.000000,2.354987,2.278617,1.821879,1.785899,0.000000,0.000000,0.000000,0.000000
1.928045,2.368517,2.211593,1.581708,1.915468,0.000000,0.000000,0.000000,0.000000
0.000000,2.331634,2.259410,2.061352,1.788553,2.033527,0.000000,0.000000,2.314450
1.894208,2.454620,2.220836,1.886296,2.003668,1.567300,1.818250,0.000000,2.156287
0.000000,2.351529,2.370252,2.062139,1.871650,1.848127,0.000000,0.000000,1.433989
1.898950,2.364112,2.246652,2.003802,0.000000,1.979244,0.000000,0.000000,2.224621
2.111507,2.432838,2.257557,2.111814,1.893453,2.170063,0.000000,0.000000,2.257492
1.670096,2.351274,2.314400,1.947592,1.540821,1.863948,1.881346,0.000000,2.258617
1.905558,2.368760,2.295861,2.007601,1.716810,1.927325,2.166824,0.000000,2.256263
0.000000,2.329885,2.334785,1.857369,0.000000,1.757559,0.000000,0.000000,2.149527
2.404858,2.363757,2.244941,1.820613,0.000000,0.000000,2.569120,0.000000,0.000000
2.424153,2.385747,2.073186,0.000000,0.000000,0.000000,2.379427,0.000000,2.245149
2.046716,2.434058,2.170436,0.000000,1.937868,0.000000,2.309126,0.000000,0.000000
2.620811,2.385263,2.333538,0.000000,0.000000,2.572942,2.520934,1.955307,1.967949
2.048303,2.350646,2.286120,0.000000,0.000000,0.000000,0.000000,0.000000,0.000000
1.968946,2.352413,2.228822,1.742814,1.960902,1.404077,0.000000,0.000000,0.000000
0.000000,2.327265,2.288772,1.965446,0.000000,0.000000,0.000000,0.000000,0.000000
1.876708,2.355782,2.302299,1.997472,1.715384,0.000000,0.000000,0.000000,0.000000
0.000000,2.347870,2.290100,2.050941,1.856223,1.859818,0.000000,0.000000,0.000000
1.928110,2.355957,2.217419,0.000000,1.825434,1.983728,0.000000,0.000000,1.968740
2.366086,2.383707,2.265432,1.886645,1.732171,0.000000,0.000000,0.000000,1.893137
2.419142,2.184094,2.294359,1.692658,0.000000,0.000000,0.000000,2.262398,1.573979
1.828235,2.347709,2.275997,2.026467,1.762357,1.848837,0.000000,0.000000,0.000000
2.157318,2.396929,2.389873,2.038984,0.000000,2.575691,0.000000,0.000000,0.000000
0.000000,2.380046,2.242088,0.000000,0.000000,0.000000,0.000000,0.000000,0.000000
1.986225,2.274936,2.362040,0.000000,2.083633,0.000000,0.000000,0.000000,1.323409
1.560549,2.376284,2.192069,1.981062,1.796201,0.000000,0.000000,0.000000,2.146213
0.000000,2.343022,2.288578,1.894351,0.000000,2.497918,0.000000,0.000000,2.200810
0.000000,2.465165,2.283584,1.835492,0.000000,0.000000,0.000000,0.000000,2.129822
0.000000,2.360377,2.286249,1.722867,0.000000,2.019939,0.000000,0.000000,0.000000
1.789515,2.379762,2.251125,1.967086,1.502287,1.939819,0.000000,0.000000,1.644196
0.000000,2.407200,2.187300,1.676326,1.763644,1.956811,0.000000,0.000000,1.688968
0.000000,2.210584,2.247369,1.833054,0.000000,2.200885,0.000000,1.548154,0.000000
0.000000,2.286966,2.204295,1.999808,0.000000,2.326458,0.000000,0.000000,0.000000
1.589555,2.385078,2.365684,1.768435,0.000000,1.884988,0.000000,0.000000,1.762425
1.973119,2.341403,2.238399,1.753465,1.799365,0.000000,0.000000,0.000000,0.000000
1.744656,2.366619,2.331393,1.921592,1.604651,1.762480,0.000000,0.000000,0.000000
1.818612,2.334514,2.371396,1.886887,0.000000,1.878118,0.000000,0.000000,2.043613
0.000000,2.355748,2.223803,2.097691,0.000000,2.158645,0.000000,0.000000,2.258279
0.000000,2.325256,2.277480,1.837985,1.981304,2.077619,0.000000,0.000000,1.880271
1.867851,2.293136,2.247269,1.918463,0.000000,1.991916,0.000000,2.011820,1.913622
0.000000,2.324431,2.275141,1.909358,1.963418,2.035088,0.000000,0.000000,2.120176
0.000000,2.403702,2.400585,1.997534,1.563069,0.000000,0.000000,0.000000,1.993289
1.992311,2.386500,2.277092,1.938433,0.000000,1.633727,0.000000,0.000000,1.828382
2.017325,2.352912,2.225850,1.910846,1.637724,1.880112,0.000000,0.000000,0.000000
1.466571,2.345645,2.293581,1.991301,1.822477,2.030614,0.000000,1.816526,1.973426
1.685416,2.319918,2.390639,1.904753,1.859791,2.073782,0.000000,0.000000,1.865763
1.964151,2.345239,2.325012,2.046232,1.940135,1.963553,0.000000,1.644137,1.910008
1.874083,2.394363,2.274194,1.938632,1.865598,2.266166,0.000000,0.000000,1.945286
1.915899,2.442778,2.035637,0.000000,1.751493,2.011997,0.000000,0.000000,2.017506
2.116655,2.338586,2.318786,2.094281,0.000000,1.867287,0.000000,0.000000,1.586518
1.876143,2.299911,2.409235,1.854030,1.603744,1.660185,0.000000,0.000000,1.771556
0.000000,2.337159,2.261454,1.888725,1.963933,2.045681,0.000000,0.000000,1.766334
1.964218,2.317857,2.406413,1.980947,1.703639,1.697645,0.000000,0.000000,2.133242
0.000000,2.357777,2.200449,1.856864,1.998374,0.000000,0.000000,0.000000,1.913329
2.037413,2.366425,2.378681,1.955700,1.807535,0.000000,0.000000,2.060912,2.131401
2.136822,2.328175,2.292815,2.032517,1.581232,0.000000,0.000000,1.949444,2.029076
0.000000,2.318416,2.244107,1.983666,1.868388,1.755944,0.000000,1.687236,0.000000
0.000000,2.348255,2.381730,1.917429,1.891083,1.676714,0.000000,0.000000,1.887368
1.927661,2.324007,2.425761,1.963768,0.000000,1.712455,0.000000,1.633125,2.096633
0.000000,2.410097,2.294510,2.031842,1.737603,2.063317,0.000000,0.000000,2.174627
1.862163,2.350409,2.273292,2.008563,1.846952,2.029085,0.000000,1.786425,2.066208
1.915098,2.358527,2.303574,2.001344,1.637199,0.000000,0.000000,0.000000,1.679874
1.933073,2.344814,2.449333,1.942012,1.728414,1.898857,0.000000,0.000000,0.000000
1.843476,2.316587,2.330665,1.971903,1.886319,2.031635,0.000000,0.000000,0.000000
2.276434,2.390476,2.376846,1.773978,0.000000,1.933726,1.779341,0.000000,1.912341
2.015516,2.312731,2.406659,1.928696,0.000000,1.916329,0.000000,2.191943,2.122964
1.854668,2.362102,2.273133,1.975891,1.850438,0.000000,0.000000,0.000000,2.129776
2.046823,2.424578,2.274518,1.889695,1.700058,1.757843,0.000000,1.803261,1.751137
1.968705,2.350733,2.344790,2.023441,1.782884,2.350677,0.000000,1.720115,1.996380
1.973462,2.299036,2.220688,1.967015,0.000000,0.000000,0.000000,0.000000,1.847872
1.913521,2.350396,2.220482,1.900314,1.985594,0.000000,1.983999,1.703272,2.058723
0.000000,2.418167,2.323609,1.960231,1.727651,1.962541,0.000000,0.000000,1.962971
0.000000,2.388882,2.236695,1.804878,0.000000,0.000000,0.000000,0.000000,2.317666
0.000000,2.344532,2.274184,1.913466,1.869556,1.766869,0.000000,0.000000,0.000000
1.703517,2.378252,2.166298,1.857124,1.806172,0.000000,0.000000,0.000000,0.000000
1.912096,2.379425,2.329700,1.992926,1.709937,1.588314,2.395920,1.554739,2.207038
1.764678,2.320568,2.379644,1.716286,1.676955,2.117581,0.000000,1.881276,1.753450
1.929687,2.364354,2.190102,0.000000,0.000000,2.531832,0.000000,0.000000,1.893362
1.755411,2.357540,2.249133,1.819860,0.000000,2.301136,0.000000,0.000000,2.244502
0.000000,2.376214,2.256556,0.000000,0.000000,0.000000,0.000000,0.000000,0.000000
2.195682,2.394789,2.346055,1.845439,1.786180,2.218708,0.000000,0.000000,2.241378
1.549616,2.326368,2.267667,1.841192,1.550291,0.000000,0.000000,0.000000,0.000000
1.827375,2.386310,2.269396,1.902861,0.000000,1.965155,0.000000,0.000000,1.907388
2.375818,2.329407,2.319813,1.981237,2.064976,2.555665,0.000000,1.862682,1.991801
1.809808,2.350045,2.201408,1.905932,1.864600,1.827645,0.000000,1.630631,0.000000
1.836540,2.378595,2.382115,2.002814,0.000000,2.453146,0.000000,0.000000,0.000000
0.000000,2.352405,2.314717,1.964827,0.000000,2.110696,0.000000,0.000000,0.000000
0.000000,2.423042,2.384643,1.891289,0.000000,1.818696,0.000000,0.000000,1.845087
0.000000,2.350284,2.264959,0.000000,1.758070,2.018299,0.000000,0.000000,1.838444
1.711356,2.310869,2.169668,1.965751,1.898488,2.119199,1.903963,0.000000,1.490965
0.000000,2.330416,2.400141,1.843832,0.000000,0.000000,0.000000,0.000000,1.621318
0.000000,2.375974,2.236278,2.031630,0.000000,2.128410,0.000000,0.000000,1.935524
1.911735,2.234220,2.302342,1.913201,0.000000,2.123180,0.000000,0.000000,0.000000
0.000000,2.428938,2.279830,1.865552,1.648265,2.054958,0.000000,0.000000,1.550911
0.000000,2.343578,2.236915,1.942969,2.032452,2.181283,0.000000,0.000000,2.095180
1.852696,2.321410,2.331219,2.034962,0.000000,2.297882,0.000000,0.000000,0.000000
1.833788,2.394207,2.292350,1.926872,0.000000,2.178410,2.171671,0.000000,2.397754
1.826588,2.339573,2.254452,0.000000,0.000000,2.162772,0.000000,0.000000,0.000000
2.017878,2.347330,2.283755,2.046873,0.000000,2.261685,0.000000,0.000000,2.211568
0.000000,2.330769,2.397287,2.065327,0.000000,2.373501,0.000000,0.000000,1.721841
1.724455,2.378214,2.147432,1.831107,1.753128,0.000000,0.000000,0.000000,2.232379
1.688632,2.336483,2.255871,1.992447,1.803633,2.265517,0.000000,0.000000,2.142694
1.843158,2.347572,2.264078,1.923838,1.699641,2.014720,0.000000,1.798618,1.963565
0.000000,2.316652,2.212014,0.000000,1.875019,2.279351,0.000000,1.623855,0.000000
0.000000,2.329855,2.426066,1.950987,0.000000,2.086677,0.000000,0.000000,2.230864
1.653973,2.377598,2.246882,1.913228,0.000000,2.064564,0.000000,0.000000,2.038980
1.958934,2.347426,2.227084,1.888398,1.844819,0.000000,0.000000,0.000000,1.862284
1.935139,2.331259,2.281853,1.908842,1.543318,0.000000,0.000000,0.000000,1.995901
1.726745,2.392115,2.330501,2.111505,1.708584,1.803282,0.000000,0.000000,0.000000
1.910032,2.379354,2.230824,1.831548,0.000000,1.722237,0.000000,0.000000,2.183417
1.992853,2.346140,2.239769,1.776222,1.862264,1.681149,0.000000,0.000000,0.000000
1.726832,2.319221,2.299934,2.070017,0.000000,2.004748,0.000000,0.000000,0.000000
1.778012,2.327794,2.386294,2.032174,0.000000,1.998861,0.000000,1.806547,2.125827
0.000000,2.338108,2.276780,1.977149,1.893319,0.000000,0.000000,0.000000,0.000000
0.000000,2.347574,2.189521,2.076547,1.894335,1.930510,0.000000,1.743394,0.000000
1.945942,2.376870,2.262072,2.024683,0.000000,1.904837,0.000000,1.591482,0.000000
1.915540,2.369485,2.279478,2.042168,1.966781,1.865631,0.000000,0.000000,0.000000
1.983047,2.348826,2.245817,2.005508,1.981216,0.000000,0.000000,0.000000,0.000000
1.772970,2.327704,2.213757,1.984954,0.000000,1.902722,0.000000,0.000000,1.632425
2.175939,2.311719,2.262174,2.075015,1.568983,0.000000,0.000000,0.000000,0.000000
1.860065,2.363281,2.251779,1.714174,0.000000,1.508483,0.000000,0.000000,0.000000
0.000000,2.344008,2.265303,1.852406,0.000000,1.883793,0.000000,0.000000,0.000000
1.798821,2.320656,2.207589,1.911679,0.000000,1.932948,0.000000,0.000000,2.245470
0.000000,2.375509,2.403581,0.000000,0.000000,0.000000,0.000000,0.000000,0.000000
0.000000,2.361312,2.252572,2.006564,2.027562,1.869997,0.000000,0.000000,0.000000
1.897478,2.323993,2.384586,1.963344,0.000000,1.740933,0.000000,1.795130,0.000000
0.000000,2.356299,2.291292,1.982630,1.928135,1.803427,0.000000,0.000000,2.027873
1.799365,2.325498,2.220854,1.972801,1.831633,0.000000,0.000000,0.000000,0.000000
2.268043,2.406441,2.323392,1.951523,1.547839,1.771620,1.803447,0.000000,0.000000
1.905003,2.296490,2.299696,2.011955,1.444066,0.000000,0.000000,0.000000,2.145865
0.000000,2.288011,2.332200,1.824583,1.564364,1.723832,0.000000,0.000000,0.000000
0.000000,2.328647,2.248184,2.037266,0.000000,2.265886,0.000000,0.000000,1.961356
1.849588,2.337608,2.204167,2.013379,2.001443,2.026523,0.000000,0.000000,0.000000
1.918674,2.370512,2.224294,1.989964,0.000000,1.920700,0.000000,0.000000,0.000000
0.000000,2.339855,2.348972,2.045965,0.000000,2.074168,0.000000,0.000000,2.182291
2.278399,2.281554,2.234410,2.103178,1.637075,2.116944,0.000000,0.000000,0.000000
2.078694,2.407014,2.239177,1.885794,1.735853,1.885176,1.712570,0.000000,2.113276
1.744997,2.342484,2.259813,2.024677,1.789172,2.416080,0.000000,1.799259,0.000000
1.915872,2.333698,2.237825,0.000000,1.890342,1.920080,0.000000,0.000000,1.617419
0.000000,2.328927,2.285734,2.117646,0.000000,1.995597,0.000000,0.000000,0.000000
2.092598,2.400119,2.264577,1.839239,1.882099,1.961043,1.835155,0.000000,2.090703
1.891235,2.353657,2.296538,1.800859,1.924750,0.000000,0.000000,1.743909,0.000000
0.000000,2.322996,2.193781,1.872766,0.000000,1.621896,0.000000,0.000000,0.000000
1.900233,2.208515,2.291688,1.819122,0.000000,2.065998,0.000000,0.000000,2.320722
1.732659,2.336149,2.298727,1.999281,0.000000,2.078816,0.000000,0.000000,2.152280
0.000000,2.361928,2.290001,2.034339,1.880589,2.255149,0.000000,1.707139,0.000000
1.683274,2.274128,2.263209,2.110603,1.930077,2.209415,0.000000,1.937898,2.124828
1.907355,2.316216,2.334322,2.031821,0.000000,2.367145,0.000000,1.873177,0.000000
1.776983,2.317022,2.262977,1.980820,0.000000,0.000000,0.000000,0.000000,0.000000
1.867514,2.362925,2.249576,2.005349,1.903806,2.008343,0.000000,0.000000,2.072484
0.000000,2.274544,2.270771,2.027467,0.000000,2.017068,0.000000,0.000000,2.127010
0.000000,2.390645,2.251085,1.980304,1.731562,1.960165,0.000000,0.000000,0.000000
1.831810,2.342990,2.281718,1.985257,1.758960,2.370075,0.000000,1.565649,1.591319
1.846308,2.322013,2.182740,1.896751,1.677341,0.000000,0.000000,0.000000,2.244948
1.662873,2.418638,2.237300,1.856554,1.641596,1.975841,0.000000,0.000000,1.952043
1.570372,2.343596,2.204389,1.998081,1.859612,2.324249,0.000000,1.576757,0.000000
0.000000,2.298227,2.357999,1.654141,0.000000,1.978917,0.000000,0.000000,0.000000
1.949275,2.299505,2.362627,0.000000,0.000000,1.845279,0.000000,0.000000,0.000000
0.000000,2.318068,2.357426,2.056887,0.000000,0.000000,0.000000,0.000000,2.245299
1.778506,2.300350,2.266184,1.799684,1.871164,1.848993,0.000000,0.000000,2.263505
0.000000,2.327917,2.355954,1.895727,0.000000,0.000000,0.000000,1.507234,0.000000
1.848314,2.377096,2.269348,1.689726,1.652093,0.000000,0.000000,0.000000,0.000000
1.857488,2.311180,2.244556,2.010047,0.000000,1.841153,0.000000,0.000000,0.000000
1.663768,2.319864,2.313328,2.053237,1.826184,1.935173,0.000000,0.000000,0.000000
2.010348,2.290769,2.292821,2.019043,1.786832,0.000000,0.000000,2.004787,0.000000
1.964955,2.348126,2.243890,2.004240,1.746491,1.987122,0.000000,0.000000,0.000000
2.007101,2.390267,2.268520,1.901413,1.862776,1.763931,0.000000,0.000000,0.000000
0.000000,2.415235,2.300834,2.013572,1.771582,1.721280,0.000000,0.000000,0.000000
0.000000,2.345552,2.246842,1.890156,1.820026,1.927206,0.000000,1.668193,0.000000
2.209005,2.298633,2.385916,1.767932,1.750512,1.799759,0.000000,0.000000,2.069890
0.000000,2.330129,2.247900,1.699034,1.868304,2.188540,0.000000,0.000000,2.275119
1.853116,2.347503,2.201266,1.955070,1.679542,1.975114,0.000000,0.000000,0.000000
1.683783,2.323017,2.300601,2.064101,1.878076,0.000000,0.000000,0.000000,0.000000
2.112490,2.316586,2.242726,1.837321,0.000000,2.188285,2.432588,0.000000,2.300971
2.119500,2.295536,2.245221,2.021509,1.872859,2.248963,0.000000,0.000000,0.000000
0.000000,2.319831,2.402858,1.988913,0.000000,2.379154,0.000000,0.000000,0.000000
0.000000,2.332164,2.283163,2.046929,1.841531,1.953404,0.000000,0.000000,0.000000
1.784854,2.350222,2.243458,1.828564,1.915441,1.911726,0.000000,0.000000,0.000000
0.000000,2.315458,2.259010,1.987423,1.923234,2.010009,0.000000,0.000000,0.000000
0.000000,2.367877,2.261862,2.036186,0.000000,1.976484,0.000000,0.000000,0.000000
1.985519,2.351032,2.237856,2.035080,1.725534,2.225831,0.000000,0.000000,2.261823
1.864334,2.320964,2.256984,2.022546,0.000000,2.266856,0.000000,0.000000,2.078008
0.000000,2.348528,2.318034,1.917633,1.888742,2.352343,0.000000,1.683111,0.000000
2.146084,2.330806,2.384111,1.987919,1.771711,2.325019,0.000000,1.680560,2.374508
2.188436,2.374951,2.231811,1.951621,1.799248,1.901954,0.000000,0.000000,2.256804
2.248766,2.436542,2.390921,1.999660,1.831463,1.785641,0.000000,0.000000,2.023465
2.209557,2.351387,2.403320,2.000930,1.717870,1.944869,0.000000,0.000000,2.312471
2.102512,2.341106,2.394770,1.922579,1.784571,1.776084,1.751285,0.000000,0.000000
2.029355,2.280329,2.347372,0.000000,1.683899,2.014419,1.952252,0.000000,2.372906
2.158240,2.340399,2.354831,1.910088,1.907986,2.123718,2.078224,0.000000,2.157058
1.847315,2.416582,2.245327,2.035082,0.000000,1.843453,0.000000,1.932924,0.000000
2.227341,2.349835,2.236737,2.102189,0.000000,2.121030,0.000000,0.000000,1.964651
0.000000,2.335498,2.293176,1.972350,0.000000,2.182421,0.000000,0.000000,2.156127
0.000000,2.332559,2.196308,1.999141,0.000000,0.000000,0.000000,0.000000,0.000000
1.913927,2.435991,2.154989,1.989230,1.872071,2.099862,0.000000,0.000000,2.100097
1.969375,2.381481,2.251578,1.858067,1.663531,2.280082,0.000000,0.000000,2.354437
1.874397,2.369057,2.202280,2.047292,0.000000,0.000000,0.000000,0.000000,2.224739
1.982527,2.334716,2.297449,2.035881,0.000000,0.000000,0.000000,0.000000,1.782178
0.000000,2.331136,2.215338,1.740710,0.000000,0.000000,1.978385,0.000000,2.282574
1.772753,2.317711,2.290470,2.021532,0.000000,2.209317,0.000000,0.000000,2.263207
1.665905,2.372085,2.264754,1.890254,0.000000,1.741868,0.000000,0.000000,0.000000
1.932665,2.417739,2.227207,1.967396,0.000000,2.214507,0.000000,0.000000,0.000000
0.000000,2.401575,2.243268,1.932420,1.599794,1.856103,0.000000,1.604538,0.000000
1.950643,2.381654,2.214605,1.918075,0.000000,2.091164,0.000000,1.903445,1.983199
2.075628,2.343518,2.202550,2.044194,1.573527,2.325337,1.980915,0.000000,2.094308
2.069909,2.314935,2.217573,1.990149,0.000000,2.196871,0.000000,0.000000,2.144044
2.290797,2.359783,2.310072,2.025506,1.808307,0.000000,1.909259,2.092074,2.180603
2.326221,2.396541,2.296978,2.013722,1.822846,2.204328,0.000000,0.000000,2.434560
0.000000,2.407516,2.245520,1.902343,1.603706,1.952134,0.000000,0.000000,0.000000
2.182886,2.327231,2.355029,2.036254,1.833605,2.337649,0.000000,0.000000,2.311783
1.952090,2.306296,2.321765,0.000000,1.483685,1.766079,0.000000,0.000000,0.000000
1.917850,2.375965,2.225242,2.006577,1.868142,2.322596,0.000000,1.799599,2.173819
2.305788,2.343196,2.260933,2.011292,0.000000,2.372756,0.000000,0.000000,2.159200
0.000000,2.366598,2.281180,1.982283,1.887156,2.078399,0.000000,0.000000,1.729121
1.823413,2.244548,2.226433,2.015297,0.000000,2.357578,0.000000,0.000000,2.231692
1.898903,2.367634,2.285759,1.939006,0.000000,2.120902,0.000000,0.000000,0.000000
2.555987,2.455301,2.165558,2.144062,0.000000,2.621118,2.282363,0.000000,0.000000
1.963848,2.245013,2.356618,0.000000,1.908501,2.095052,0.000000,0.000000,0.000000
0.000000,2.328788,2.390583,1.870791,0.000000,2.159734,0.000000,0.000000,0.000000
1.815181,2.356895,2.345420,0.000000,1.966862,1.749043,0.000000,0.000000,0.000000
2.063640,2.347214,2.319796,1.969533,1.567863,1.907177,0.000000,0.000000,2.213730
1.764908,2.353291,2.220782,1.821689,1.884160,2.025537,0.000000,0.000000,0.000000
0.000000,2.364728,2.302963,2.057685,0.000000,2.196308,0.000000,2.178798,2.201996
1.573255,2.340661,2.242611,1.859667,1.818045,1.662132,0.000000,0.000000,2.070370
2.326732,2.326014,2.363301,2.050286,0.000000,2.349885,1.741028,1.750318,2.084911
0.000000,2.278105,2.172245,1.945072,0.000000,2.360139,0.000000,0.000000,2.251902
2.163814,2.361517,2.257763,2.078678,1.687597,2.208359,0.000000,0.000000,2.209368
0.000000,2.371877,2.284846,2.013377,0.000000,2.377032,0.000000,0.000000,0.000000
0.000000,2.349641,2.211901,0.000000,1.855657,2.069429,0.000000,1.795502,0.000000
1.932637,2.349080,2.128939,0.000000,1.734680,2.000453,0.000000,0.000000,2.270038
0.000000,2.391277,2.211875,1.724188,1.973791,1.941719,0.000000,0.000000,0.000000
1.886200,2.289797,2.326213,1.909320,0.000000,0.000000,0.000000,0.000000,1.908382
2.015433,2.330955,2.196346,1.697835,1.751493,0.000000,0.000000,0.000000,2.179385
2.200724,2.353344,2.171601,1.933956,0.000000,1.921239,0.000000,0.000000,1.941140
1.835517,2.340328,2.235276,1.867845,1.793896,2.240985,0.000000,0.000000,0.000000
2.112059,2.353074,2.247104,2.003310,0.000000,1.598117,0.000000,0.000000,0.000000
2.468467,2.396865,2.182895,2.078995,1.721877,2.466140,2.126719,0.000000,2.051072
1.713679,2.303025,2.395127,1.793675,1.862217,1.811430,0.000000,0.000000,0.000000
1.996251,2.290587,2.362075,2.044825,0.000000,2.112566,0.000000,0.000000,0.000000
0.000000,2.368639,2.300977,2.051858,0.000000,2.116841,0.000000,0.000000,0.000000
0.000000,2.395099,2.210612,2.091061,0.000000,2.080297,0.000000,0.000000,0.000000
0.000000,2.356160,2.277301,2.054471,1.630018,1.879940,0.000000,0.000000,0.000000
1.826245,2.359215,2.215184,1.959170,0.000000,1.831861,0.000000,0.000000,0.000000
1.843072,2.282139,2.258351,0.000000,0.000000,2.020008,0.000000,0.000000,0.000000
2.018133,2.369976,2.343793,0.000000,0.000000,2.048231,0.000000,0.000000,0.000000
0.000000,2.430180,2.305129,2.016428,0.000000,2.357098,0.000000,0.000000,2.121874
0.000000,2.318844,2.217418,2.095772,1.880271,1.887759,0.000000,0.000000,0.000000
1.855330,2.344266,2.282977,2.046997,0.000000,0.000000,0.000000,0.000000,2.112245
2.248968,2.306494,2.251986,0.000000,0.000000,2.093555,2.044438,0.000000,1.762522
0.000000,2.330858,2.191148,1.742420,1.829786,0.000000,0.000000,0.000000,0.000000
1.904464,2.383208,2.226885,2.018986,0.000000,0.000000,0.000000,0.000000,2.211729
2.042086,2.269793,2.273954,1.751789,0.000000,2.208274,0.000000,0.000000,2.162910
0.000000,2.362412,2.257778,1.812801,0.000000,1.805368,0.000000,0.000000,0.000000
1.690813,2.417306,2.216149,1.890462,0.000000,2.066433,0.000000,0.000000,0.000000
1.841665,2.387360,2.202919,1.922332,1.856089,2.304258,0.000000,0.000000,0.000000
0.000000,2.342506,2.271845,2.072339,0.000000,2.045091,0.000000,0.000000,1.782154
1.986896,2.399434,2.243688,2.097252,0.000000,0.000000,0.000000,0.000000,2.069670
1.811703,2.389081,2.354405,2.130035,0.000000,2.415468,0.000000,0.000000,2.135114
2.001867,2.390974,2.302356,2.057903,1.928216,0.000000,0.000000,0.000000,2.169152
0.000000,2.336880,2.306465,2.032858,1.878394,2.159804,0.000000,0.000000,1.688048
2.000598,2.329807,2.228015,1.953504,0.000000,1.901207,0.000000,0.000000,0.000000
2.137308,2.385329,2.297273,2.011729,0.000000,0.000000,1.824244,0.000000,0.000000
0.000000,2.384256,2.271018,2.074894,1.790311,1.805989,0.000000,0.000000,0.000000
1.807415,2.311008,2.254550,2.038043,1.670901,1.910003,0.000000,1.845118,1.935774
0.000000,2.376989,2.205445,0.000000,0.000000,0.000000,0.000000,0.000000,2.221992
1.743972,2.320549,2.294577,1.700432,0.000000,0.000000,0.000000,0.000000,0.000000
1.643394,2.390064,2.241942,1.831759,0.000000,2.010406,0.000000,0.000000,0.000000
0.000000,2.305017,2.281625,0.000000,0.000000,0.000000,0.000000,0.000000,0.000000
0.000000,2.385958,2.353544,1.942187,0.000000,0.000000,0.000000,0.000000,0.000000
1.419502,2.417933,2.228304,0.000000,1.885890,1.935304,1.961596,0.000000,0.000000
0.000000,2.335135,2.225335,2.043042,0.000000,2.008909,0.000000,0.000000,1.893959
0.000000,2.278559,2.354202,2.071456,0.000000,2.150671,0.000000,0.000000,2.220350
1.838517,2.390027,2.284193,2.017376,0.000000,2.412377,1.739044,0.000000,0.000000
0.000000,2.371897,2.230377,0.000000,0.000000,0.000000,2.261279,0.000000,0.000000
1.915350,2.314090,2.340778,0.000000,0.000000,0.000000,0.000000,0.000000,0.000000
1.830836,2.321982,2.238419,1.984352,1.734597,0.000000,0.000000,0.000000,2.132073
2.400579,2.362809,2.259879,0.000000,0.000000,2.340513,2.284185,0.000000,2.304553
2.188372,2.275674,2.266495,0.000000,0.000000,0.000000,2.516753,0.000000,2.363700
1.760988,2.350126,2.258415,2.003981,1.865927,2.082780,0.000000,1.945364,1.655997
1.991132,2.352454,2.213276,1.978052,0.000000,2.068980,0.000000,0.000000,1.786016
1.948031,2.368838,2.294298,1.949178,0.000000,2.247842,0.000000,0.000000,2.104479
2.123304,2.445067,2.210087,1.851685,1.868007,2.393817,0.000000,1.925589,0.000000
2.086622,2.343142,2.361366,2.020775,0.000000,2.006734,0.000000,0.000000,0.000000
1.882116,2.388000,2.315336,2.053795,1.836557,2.217526,0.000000,0.000000,1.828598
1.776896,2.394425,2.281503,1.824111,1.930558,1.753698,0.000000,0.000000,2.345196
1.710658,2.330516,2.253306,2.041663,0.000000,0.000000,0.000000,0.000000,0.000000
2.287773,2.316684,2.253689,0.000000,0.000000,0.000000,0.000000,0.000000,1.680111
0.000000,2.303925,2.307760,1.767601,1.896574,0.000000,0.000000,0.000000,0.000000
0.000000,2.239215,2.364436,0.000000,0.000000,0.000000,0.000000,0.000000,0.000000
1.766240,2.412337,2.240921,1.900081,1.638770,0.000000,0.000000,0.000000,1.998051
2.118800,2.374160,2.292089,0.000000,0.000000,0.000000,2.324312,0.000000,0.000000
0.000000,2.155639,2.268620,0.000000,0.000000,0.000000,0.000000,0.000000,1.823332
2.631223,2.342404,2.301957,0.000000,0.000000,2.034334,2.618462,0.000000,0.000000
2.620538,2.324539,2.319632,2.085994,0.000000,2.442052,2.589724,0.000000,0.000000
2.253852,2.324070,2.346871,2.154200,0.000000,2.238502,0.000000,0.000000,2.055367
0.000000,2.345753,2.136930,0.000000,1.837435,1.917132,0.000000,0.000000,0.000000
1.833747,2.275807,2.403693,0.000000,0.000000,2.093996,0.000000,0.000000,0.000000
0.000000,2.291777,2.213413,2.019188,0.000000,2.443484,2.261767,0.000000,1.769893
2.281091,2.402080,2.236493,0.000000,0.000000,0.000000,2.171911,0.000000,2.046658
2.296192,2.349957,2.249773,0.000000,0.000000,0.000000,0.000000,0.000000,0.000000
1.804406,2.389586,2.222174,2.125674,1.739124,2.251942,0.000000,1.779218,2.000982
0.000000,2.398790,2.234841,2.033499,0.000000,1.734729,0.000000,1.712704,0.000000
0.000000,2.393485,2.278164,0.000000,1.903455,0.000000,0.000000,0.000000,0.000000
2.092998,2.330726,2.361788,2.070021,0.000000,1.790141,0.000000,0.000000,2.191592
1.658159,2.357332,2.236191,2.017727,0.000000,2.142438,0.000000,0.000000,0.000000
0.000000,2.413537,2.282466,0.000000,1.836271,0.000000,2.032072,0.000000,0.000000
1.935277,2.384828,2.202757,1.992241,0.000000,2.210218,0.000000,0.000000,2.271146
2.503086,2.331091,2.176452,1.956779,0.000000,0.000000,2.191019,0.000000,2.169416
1.607121,2.410487,2.149236,2.013914,1.861797,2.045466,0.000000,0.000000,2.111026
0.000000,2.327549,2.251726,2.053628,1.869812,1.818724,0.000000,0.000000,2.060262
1.856857,2.418448,2.265343,2.008669,0.000000,1.981588,0.000000,0.000000,2.297974
0.000000,2.325691,2.233591,2.013158,0.000000,0.000000,0.000000,0.000000,0.000000
1.721895,2.345788,2.292963,2.018079,0.000000,0.000000,0.000000,0.000000,0.000000
1.646959,2.343584,2.229189,2.012852,0.000000,0.000000,0.000000,0.000000,0.000000
0.000000,2.450619,2.154452,0.000000,0.000000,2.041168,0.000000,0.000000,0.000000
2.588644,2.328073,2.287770,2.554288,0.000000,2.464178,2.549560,0.000000,0.000000
1.764189,2.423354,2.350623,2.017470,0.000000,1.839670,0.000000,0.000000,0.000000
2.288161,2.427472,2.232110,1.716361,0.000000,2.481213,0.000000,1.480661,0.000000
1.948469,2.339837,2.349244,1.604009,1.897208,1.704693,0.000000,0.000000,0.000000
0.000000,2.382434,2.268493,2.088142,0.000000,1.994968,0.000000,0.000000,2.132029
2.113574,2.339951,2.195129,1.741536,1.903208,0.000000,0.000000,0.000000,0.000000
0.000000,2.402010,2.195376,1.945240,1.899603,2.319791,0.000000,0.000000,0.000000
2.442946,2.371009,2.241723,1.995701,0.000000,2.135338,0.000000,0.000000,2.000500
1.820668,2.338800,2.322096,2.102755,1.571476,2.243967,0.000000,0.000000,0.000000
1.828287,2.405471,2.327606,2.038269,1.795042,2.165440,0.000000,1.646784,0.000000
2.269649,2.364779,2.274524,1.924264,1.789788,0.000000,2.099942,0.000000,0.000000
2.161598,2.354114,2.239891,1.921849,0.000000,1.862870,0.000000,1.943580,0.000000
1.709937,2.332280,2.256064,2.001169,1.929590,1.756618,0.000000,0.000000,0.000000
1.770818,2.318774,2.228791,2.054114,1.641174,1.951668,0.000000,0.000000,0.000000
1.803922,2.275901,2.303461,2.052072,0.000000,2.179048,0.000000,1.679661,0.000000
2.057929,2.255923,2.258901,1.925743,1.890380,1.661095,0.000000,1.804406,2.049692
2.059697,2.100896,2.286871,2.014203,1.762494,2.155341,0.000000,0.000000,2.095256
2.226387,2.326543,2.338943,2.032165,0.000000,1.915071,0.000000,0.000000,2.109018
0.000000,2.296785,2.161471,1.854981,1.799195,1.951546,0.000000,0.000000,0.000000
1.990742,2.342518,2.238000,1.840948,0.000000,2.373985,2.368546,0.000000,2.327356
2.211798,2.354137,2.252823,1.861438,0.000000,1.809471,2.296807,0.000000,0.000000
0.000000,2.280403,2.196609,1.955631,0.000000,1.855167,0.000000,0.000000,0.000000
1.888891,2.325527,2.203504,1.973550,1.780463,2.058096,0.000000,0.000000,0.000000
2.059265,2.372532,2.218306,2.065894,0.000000,2.122146,1.938113,1.779964,2.274815
0.000000,2.365129,2.239470,1.944232,1.446916,2.013908,0.000000,0.000000,0.000000
1.977110,2.327105,2.172574,2.016286,0.000000,2.037326,0.000000,0.000000,0.000000
2.053552,2.350130,2.217542,2.010857,1.614211,2.099220,0.000000,2.039932,2.221760
0.000000,2.364141,2.188713,1.951431,0.000000,2.385822,1.915468,0.000000,0.000000
2.068363,2.331801,2.251803,1.888032,1.905100,2.008783,0.000000,1.896272,0.000000
0.000000,2.361634,2.174137,1.894272,0.000000,2.343655,0.000000,0.000000,0.000000
0.000000,2.361850,2.278899,1.874834,0.000000,2.072051,0.000000,0.000000,0.000000
0.000000,2.301297,2.252657,1.709174,0.000000,1.841248,2.054120,0.000000,0.000000
1.880772,2.446521,2.290513,1.995731,0.000000,2.176449,0.000000,0.000000,0.000000
2.150258,2.327242,2.226749,2.056189,1.916110,1.860100,2.482957,0.000000,2.054050
1.584661,2.305275,2.288747,2.050054,0.000000,2.351601,0.000000,1.954780,0.000000
1.892682,2.356063,2.329882,1.545034,1.775909,0.000000,0.000000,0.000000,0.000000
2.177854,2.374227,2.331332,1.957019,0.000000,2.239953,0.000000,0.000000,2.138319
0.000000,2.340070,2.201548,1.850150,1.669919,2.099714,0.000000,0.000000,1.640447
1.751877,2.318071,2.215561,1.985123,0.000000,1.952484,0.000000,0.000000,0.000000
1.870930,2.347166,2.191074,0.000000,1.887636,2.185031,0.000000,0.000000,1.640235
2.167736,2.356528,2.318451,2.038857,0.000000,2.099936,0.000000,1.645260,2.014580
2.085114,2.351692,2.328922,2.029167,0.000000,2.293043,0.000000,0.000000,1.408800
0.000000,2.351350,2.233592,1.989721,1.703700,2.217973,0.000000,0.000000,1.705198
2.272479,2.272027,2.379799,1.981171,0.000000,0.000000,0.000000,0.000000,1.890860
1.816724,2.356385,2.236146,1.968162,0.000000,0.000000,0.000000,0.000000,0.000000
0.000000,2.382566,2.245970,1.980774,0.000000,2.161729,0.000000,0.000000,1.795360
2.126337,2.385160,2.371144,1.963578,1.679732,0.000000,0.000000,0.000000,0.000000
1.794899,2.382576,2.232511,2.052702,2.037281,2.288592,0.000000,0.000000,0.000000
1.918994,2.350139,2.204979,1.933273,0.000000,2.063482,0.000000,0.000000,1.779817
0.000000,2.388416,2.242494,1.959348,0.000000,2.258603,0.000000,0.000000,0.000000
1.997850,2.357989,2.341889,2.057220,2.023185,2.165323,1.996532,0.000000,2.072621
0.000000,2.337094,2.244506,1.911763,0.000000,2.060200,0.000000,0.000000,1.638678
2.223853,2.308517,2.353978,1.980683,0.000000,1.917810,0.000000,0.000000,2.089819
0.000000,2.389527,2.259418,2.019910,0.000000,1.981810,0.000000,1.773621,0.000000
0.000000,2.347453,2.330244,2.134469,0.000000,2.419545,2.158026,0.000000,1.845309
2.460300,2.427293,2.345749,0.000000,0.000000,0.000000,2.221695,0.000000,2.179946
0.000000,2.314191,2.188750,2.003147,1.810439,2.146260,0.000000,0.000000,0.000000
1.493329,2.381726,2.257548,1.970169,0.000000,1.872722,0.000000,0.000000,0.000000
0.000000,2.410484,2.253897,1.997153,1.801416,1.802742,1.625758,0.000000,0.000000
1.819362,2.366713,2.268753,1.634515,1.923293,2.253683,0.000000,0.000000,0.000000
1.799355,2.335248,2.271999,1.832585,1.639412,1.814226,0.000000,1.784358,0.000000
1.985578,2.358912,2.360606,1.947861,1.779610,1.983509,0.000000,0.000000,2.013663
1.940719,2.355471,2.242440,1.965428,0.000000,2.247055,0.000000,0.000000,2.377087
1.767614,2.346713,2.288258,2.112044,0.000000,2.462591,0.000000,0.000000,1.678230
2.224431,2.360814,2.319021,2.011025,0.000000,2.217254,2.056379,1.953441,0.000000
1.685805,2.374119,2.251208,2.061425,0.000000,2.401050,0.000000,0.000000,0.000000
1.702434,2.358206,2.243267,2.001620,0.000000,2.326355,0.000000,0.000000,0.000000
1.893714,2.352524,2.251000,1.930101,2.123926,2.457680,2.054000,2.108829,1.879828
2.238796,2.357592,2.188501,2.005863,1.712378,0.000000,0.000000,0.000000,1.951573
1.692418,2.334600,2.349668,1.990799,0.000000,0.000000,0.000000,0.000000,0.000000
2.480892,2.369713,2.290880,2.119170,0.000000,2.176294,0.000000,0.000000,2.218191
0.000000,2.346884,2.243556,2.013833,1.648005,1.822990,0.000000,0.000000,0.000000
1.773379,2.346998,2.227822,2.034094,0.000000,2.186615,0.000000,1.741330,1.621147
0.000000,2.312516,2.234769,2.051789,0.000000,2.314600,0.000000,0.000000,2.210450
1.877192,2.325194,2.258828,2.094270,1.733748,2.238448,0.000000,1.955123,1.747772
2.378088,2.354037,2.249551,2.123782,0.000000,2.150175,1.852035,1.910907,2.294690
1.807072,2.336904,2.303265,2.045013,1.855316,0.000000,0.000000,0.000000,0.000000
2.280358,2.411725,2.252545,1.921050,0.000000,1.920950,0.000000,0.000000,2.082874
1.866334,2.408445,2.237048,1.969120,0.000000,1.951211,0.000000,1.839973,1.770908
1.657150,2.350974,2.264011,2.042512,0.000000,1.932464,0.000000,0.000000,0.000000
0.000000,2.389018,2.181261,0.000000,0.000000,0.000000,0.000000,0.000000,2.196553
2.445868,2.213508,2.333883,1.885386,1.747240,2.340508,1.831675,0.000000,2.130908
0.000000,2.378367,2.261407,0.000000,0.000000,0.000000,0.000000,0.000000,0.000000
2.248789,2.417845,2.200566,0.000000,0.000000,0.000000,2.505236,0.000000,1.991636
2.267299,2.427638,2.247572,1.995828,1.688160,2.402706,1.866209,0.000000,2.223779
2.007988,2.368307,2.286121,1.980065,1.859646,2.319913,0.000000,1.432520,2.034801
1.791419,2.311218,2.322390,2.086918,0.000000,1.718757,1.971299,0.000000,0.000000
0.000000,2.396243,2.221359,2.095750,0.000000,1.991592,0.000000,0.000000,2.126213
1.857082,2.379484,2.313851,2.039261,1.785231,2.239020,0.000000,0.000000,0.000000
0.000000,2.421069,2.269071,0.000000,0.000000,2.279185,0.000000,0.000000,0.000000
1.771025,2.437432,2.264744,1.842542,1.947400,1.888104,0.000000,0.000000,1.632489
0.000000,2.347164,2.250538,1.990174,1.812772,2.340494,0.000000,0.000000,0.000000
0.000000,2.333651,2.211608,1.928440,0.000000,0.000000,0.000000,0.000000,2.162864
2.429912,2.345010,2.188097,0.000000,0.000000,2.353643,0.000000,0.000000,2.159860
1.816441,2.337358,2.336949,1.993219,0.000000,2.169114,0.000000,0.000000,2.055650
1.922123,2.352499,2.318527,2.004700,1.661095,2.406200,0.000000,0.000000,2.054918
2.097833,2.366812,2.256281,1.946141,0.000000,0.000000,0.000000,0.000000,1.867417
1.994987,2.276406,2.219881,1.907580,1.746552,2.075668,0.000000,0.000000,0.000000
2.192409,2.426222,2.273711,2.076270,1.667682,1.998926,0.000000,0.000000,2.228906
1.996310,2.336192,2.198672,0.000000,1.815191,1.710015,0.000000,0.000000,2.173098
1.652685,2.353811,2.321004,2.013870,1.873519,2.397995,0.000000,0.000000,0.000000
2.045258,2.278950,2.364171,2.132686,0.000000,2.313518,2.128069,0.000000,0.000000
1.946095,2.447279,2.333781,2.021515,1.624325,2.214022,0.000000,1.857096,0.000000
1.826719,2.382826,2.237451,2.045970,2.068481,1.979987,0.000000,0.000000,2.201080
1.878519,2.362612,2.236314,1.968177,0.000000,2.290191,0.000000,1.908914,1.557892
1.829451,2.344697,2.251384,1.891224,0.000000,1.764298,0.000000,0.000000,0.000000
2.120414,2.344056,2.277362,2.117335,1.715892,2.460094,2.009450,1.901618,0.000000
1.884754,2.390941,2.225174,1.970555,1.887066,2.545721,2.200859,0.000000,0.000000
1.886932,2.299964,2.216106,1.863821,0.000000,1.756761,1.987551,0.000000,2.275197
1.924381,2.379106,2.244322,1.981272,0.000000,2.102395,2.127427,0.000000,2.329284
2.259231,2.343204,2.302648,1.918278,1.740311,2.078153,0.000000,0.000000,0.000000
1.892912,2.314483,2.344117,2.068056,1.876198,1.934636,0.000000,1.770999,1.554133
2.125518,2.229366,2.226913,2.064465,0.000000,0.000000,2.462460,0.000000,0.000000
2.295489,2.357220,2.227433,1.935015,0.000000,2.203650,2.068989,0.000000,0.000000
1.942704,2.336964,2.236282,2.056816,0.000000,2.204043,0.000000,1.991301,0.000000
1.851736,2.367552,2.230257,0.000000,0.000000,1.908239,1.940649,0.000000,2.114274
1.899664,2.365246,2.241771,2.081408,0.000000,2.210878,0.000000,1.814408,0.000000
1.900481,2.330041,2.225424,2.011939,0.000000,2.019010,0.000000,0.000000,0.000000
1.963958,2.427649,2.362490,2.064249,0.000000,2.380644,0.000000,0.000000,2.316756
2.034872,2.362007,2.156548,1.976130,1.920414,2.006049,0.000000,0.000000,0.000000
1.781178,2.447845,2.270568,2.041408,0.000000,1.845630,0.000000,0.000000,2.210126
1.884211,2.339524,2.259506,2.111359,1.810144,2.363404,0.000000,1.829991,1.455740
1.923111,2.369539,2.291992,2.090670,0.000000,2.103608,1.937148,0.000000,1.908310
0.000000,2.332185,2.322791,2.035517,1.509463,2.266634,0.000000,1.866746,0.000000
1.943685,2.379000,2.291196,2.086171,0.000000,2.271801,0.000000,1.875362,2.217765
1.921278,2.345606,2.270966,2.006534,1.660854,2.366011,0.000000,1.505045,1.998032
1.903490,2.372273,2.252527,2.116214,0.000000,2.292114,0.000000,0.000000,1.996831
1.802784,2.338527,2.294199,2.055622,0.000000,2.413822,0.000000,0.000000,2.321351
1.844396,2.356091,2.250939,2.037014,0.000000,2.141463,0.000000,2.013255,0.000000
1.769893,2.290944,2.302788,0.000000,1.847661,0.000000,0.000000,0.000000,0.000000
1.901879,2.373666,2.337045,1.981214,1.692352,2.356329,0.000000,2.056646,0.000000
2.435523,2.196907,2.295562,2.097509,0.000000,0.000000,0.000000,0.000000,2.069520
1.881907,2.391591,2.242145,2.035262,0.000000,2.281199,0.000000,0.000000,0.000000
1.945108,2.357815,2.243754,1.999589,1.959345,2.263784,0.000000,1.663163,0.000000
1.900970,2.374147,2.257409,1.803881,1.684567,1.979576,0.000000,1.908572,0.000000
0.000000,2.366465,2.244163,1.876155,0.000000,2.055041,0.000000,0.000000,0.000000
1.899582,2.386644,2.303691,2.032686,1.581880,2.239482,0.000000,1.948094,2.201014
1.870658,2.378167,2.187053,1.886437,1.823905,2.272575,0.000000,0.000000,0.000000
0.000000,2.392633,2.159407,0.000000,1.722219,1.998164,0.000000,0.000000,0.000000
1.955067,2.365290,2.306070,1.901413,1.723654,2.084619,0.000000,1.818203,0.000000
1.726114,2.373507,2.350393,2.120313,0.000000,2.181220,0.000000,0.000000,0.000000
0.000000,2.403837,2.232775,1.979225,0.000000,1.860852,0.000000,0.000000,0.000000
2.344388,2.449631,2.258554,1.798114,1.820896,2.228768,2.160495,1.900990,2.079039
1.953584,2.368964,2.290757,1.651980,1.859598,2.046787,0.000000,0.000000,0.000000
1.910271,2.328819,2.134891,1.821561,0.000000,2.215038,1.819528,0.000000,0.000000
1.859887,2.434784,2.308584,1.916798,0.000000,1.813583,0.000000,0.000000,0.000000
1.970009,2.444512,2.254501,1.907331,1.907230,2.213349,0.000000,0.000000,0.000000
1.922358,2.458293,2.232589,1.928347,0.000000,2.482564,0.000000,1.590829,0.000000
0.000000,2.366174,2.207874,2.010697,1.660051,2.234094,0.000000,0.000000,0.000000
1.769487,2.406817,2.270174,1.988571,0.000000,1.990134,0.000000,0.000000,0.000000
1.831987,2.347861,2.195477,1.856173,1.960342,0.000000,1.974315,0.000000,1.997113
0.000000,2.218257,2.271417,0.000000,1.694180,2.047038,0.000000,0.000000,0.000000
0.000000,2.419166,2.212065,1.900329,0.000000,1.829056,0.000000,0.000000,0.000000
0.000000,2.384417,2.203465,1.884726,0.000000,2.222385,0.000000,0.000000,0.000000
0.000000,2.347768,2.200575,1.926274,1.742531,1.958975,0.000000,0.000000,0.000000
1.947787,2.400865,2.258507,2.038069,1.699724,2.209846,1.904366,1.854303,0.000000
2.264784,2.406011,2.274092,2.032063,1.858935,2.392805,0.000000,0.000000,0.000000
2.471116,2.399369,2.279573,1.966070,0.000000,2.383603,0.000000,1.891690,0.000000
2.514081,2.346233,2.292601,2.149424,2.020701,2.432855,2.318512,2.080288,0.000000
2.275455,2.367500,2.254018,1.927702,0.000000,2.278017,1.812743,0.000000,0.000000
1.744888,2.417556,2.275295,1.944672,1.808327,1.938248,0.000000,0.000000,0.000000
1.821634,2.381224,2.246789,2.046589,1.834825,2.022826,0.000000,0.000000,1.996335
2.119058,2.405105,2.226077,2.003324,1.477276,2.358685,0.000000,1.893921,0.000000
2.615563,2.358919,2.236415,1.945836,0.000000,2.455694,1.815675,0.000000,2.317599
1.900035,2.427904,2.237693,2.040724,1.678971,1.846164,1.785007,0.000000,1.977072
0.000000,2.337768,2.297704,2.040552,1.912308,1.961634,0.000000,2.019048,0.000000
1.842901,2.446162,2.216486,1.810911,1.835385,0.000000,0.000000,0.000000,0.000000
0.000000,2.239819,2.324428,1.989610,0.000000,1.957145,0.000000,1.658783,0.000000
1.905850,2.397421,1.909773,2.068562,0.000000,2.052208,1.763822,0.000000,1.980239
0.000000,2.369048,2.142010,1.778370,0.000000,2.313446,0.000000,1.777070,2.060601
2.068028,2.446314,2.297084,2.152618,0.000000,2.256888,0.000000,0.000000,2.126801
0.000000,2.371434,2.147523,1.597331,0.000000,1.961905,0.000000,0.000000,0.000000
2.004439,2.423388,2.370318,2.026374,1.713679,2.012341,1.832501,1.658810,1.964934
2.125896,2.297731,2.445062,1.926807,0.000000,1.937099,1.666963,0.000000,0.000000
1.647657,2.334345,2.360878,1.917890,1.650133,2.129217,0.000000,1.644817,2.037324
1.867352,2.312934,2.271719,1.968758,1.892800,2.184989,0.000000,0.000000,2.127187
2.426860,2.287594,2.327658,2.023729,0.000000,1.996848,0.000000,0.000000,2.250352
1.947504,2.316229,2.380957,1.695515,0.000000,2.187273,0.000000,0.000000,2.155445
2.326632,2.351341,2.265843,1.991813,0.000000,2.171617,2.047380,1.856653,0.000000
1.933824,2.377399,2.293691,1.914564,1.798950,0.000000,0.000000,0.000000,0.000000
1.758622,2.415794,2.288355,1.996915,1.485848,2.243218,0.000000,1.841822,0.000000
2.672424,2.360688,2.364581,2.012597,1.873506,2.526789,2.142812,1.781117,0.000000
1.650419,2.355801,2.242941,1.986358,1.873519,2.116534,0.000000,1.556097,0.000000
1.741425,2.367866,2.244296,1.947878,1.947641,2.352269,0.000000,0.000000,0.000000
1.927144,2.469868,2.337623,1.949938,1.889734,1.836540,0.000000,0.000000,0.000000
1.847171,2.324395,2.293539,1.884577,1.740965,2.352250,0.000000,0.000000,2.238933
1.729996,2.362498,2.344426,0.000000,0.000000,2.464121,0.000000,0.000000,0.000000
1.875564,2.378071,2.267261,1.910800,0.000000,2.226251,0.000000,0.000000,0.000000
2.105697,2.320964,2.338340,2.034784,1.629207,2.298735,0.000000,0.000000,0.000000
1.796516,2.320349,2.358385,1.928810,1.728483,2.173782,1.600761,1.832526,0.000000
1.873575,2.364297,2.276445,2.096260,0.000000,2.324051,0.000000,1.788208,2.225466
2.267406,2.395314,2.299310,1.998277,1.650504,2.360475,0.000000,1.724703,0.000000
1.987046,2.431746,2.289230,1.994980,1.646112,2.268427,0.000000,1.872184,0.000000
1.891403,2.385124,2.227903,1.830350,1.714117,1.832811,0.000000,0.000000,2.198721
0.000000,2.376040,2.320277,1.764447,0.000000,1.805969,0.000000,0.000000,2.160118
0.000000,2.407630,2.283364,0.000000,0.000000,1.964163,0.000000,0.000000,0.000000
1.811820,2.320915,2.223391,2.060811,1.961525,1.974458,0.000000,1.866458,2.104704
2.234410,2.397899,2.199941,1.835262,0.000000,2.439756,0.000000,0.000000,0.000000
0.000000,2.385034,2.290512,1.950003,1.542940,1.795458,0.000000,1.668906,0.000000
2.543167,2.306567,2.261132,2.005386,0.000000,2.434954,2.324995,0.000000,2.158326
1.898914,2.346329,2.227474,2.126884,1.628196,2.057317,0.000000,0.000000,0.000000
0.000000,2.308358,2.247477,1.955162,1.571934,0.000000,0.000000,0.000000,0.000000
2.108255,2.340148,2.217627,1.975797,1.765676,1.736214,0.000000,0.000000,0.000000
0.000000,2.404129,2.238290,2.009727,1.760793,1.846452,0.000000,1.678899,0.000000
2.304207,2.445537,2.280680,1.967337,0.000000,1.841728,0.000000,0.000000,0.000000
1.914469,2.381454,2.337655,2.027371,1.680513,2.552339,0.000000,1.746030,0.000000
1.961149,2.423813,2.206912,2.010724,1.617489,2.117948,0.000000,0.000000,2.048108
2.608826,2.418233,2.351410,1.896762,1.786074,2.307302,2.391701,0.000000,2.213111
2.436023,2.377519,2.352941,2.078468,0.000000,2.374776,0.000000,0.000000,0.000000
2.430946,2.319215,2.251900,2.020062,0.000000,2.511954,1.898082,0.000000,2.252144
2.041419,2.437220,2.338302,2.015157,1.902737,2.290938,0.000000,1.788737,0.000000
2.394346,2.344222,2.306553,2.062213,0.000000,2.147988,2.297760,1.881545,0.000000
1.960275,2.426955,2.331417,2.137599,0.000000,2.431029,0.000000,1.618185,0.000000
1.792674,2.326875,2.309775,1.861587,1.720880,2.460710,0.000000,0.000000,0.000000
1.827523,2.459920,2.284953,1.960741,1.923868,1.896543,0.000000,0.000000,0.000000
1.884377,2.336018,2.294241,2.094352,1.866889,2.220438,0.000000,0.000000,2.266450
1.922396,2.370791,2.352483,1.784677,0.000000,2.481087,0.000000,0.000000,0.000000
1.804898,2.422080,2.277398,1.963144,1.889734,1.882477,0.000000,0.000000,0.000000
0.000000,2.349678,2.265558,1.979055,1.915639,1.960121,0.000000,0.000000,0.000000
1.978933,2.418481,2.279442,2.042775,0.000000,1.988067,0.000000,1.619845,1.891647
1.769343,2.404929,2.251821,1.904042,0.000000,1.942125,0.000000,0.000000,2.263149
1.617454,2.425517,2.384484,2.017782,1.802940,2.276061,0.000000,1.993755,1.493329
1.923577,2.336591,2.259393,1.961880,1.867663,1.888996,0.000000,0.000000,0.000000
2.211308,2.452494,2.288524,2.067762,0.000000,1.997511,1.956707,0.000000,2.103675
2.036921,2.321953,2.355290,1.957883,0.000000,1.820136,0.000000,0.000000,0.000000
2.011636,2.420804,2.349815,2.041867,1.783884,0.000000,0.000000,0.000000,0.000000
0.000000,2.365742,2.195395,1.934431,0.000000,2.077330,1.944776,0.000000,0.000000
0.000000,2.323446,2.388122,2.017883,0.000000,1.916958,0.000000,0.000000,2.054708
1.930490,2.342317,2.304911,1.953687,0.000000,2.279680,0.000000,2.055090,1.956737
1.915580,2.365554,2.261334,2.070175,1.758918,2.323468,0.000000,1.831582,2.080656
1.969883,2.435033,2.285224,1.936061,1.601991,1.743065,0.000000,1.650647,0.000000
1.872866,2.394133,2.369510,2.026721,0.000000,2.412424,0.000000,0.000000,2.067066
2.147556,2.302030,2.307425,2.041306,0.000000,1.825443,0.000000,0.000000,0.000000
0.000000,2.363964,2.259658,1.847917,0.000000,1.869435,0.000000,0.000000,0.000000
2.328262,2.417742,2.245736,2.043328,1.845286,1.937489,0.000000,0.000000,0.000000
0.000000,2.337302,2.117121,2.077057,0.000000,0.000000,2.699763,0.000000,2.112129
2.491534,2.372207,2.369103,2.190988,0.000000,1.510761,2.538987,1.845951,0.000000
1.947081,2.397334,2.319429,2.092234,1.615311,2.173548,0.000000,1.862169,2.254274
1.705821,2.359655,2.374522,2.010795,1.742405,1.945911,0.000000,1.819325,2.066406
2.029657,2.389117,2.377734,1.978626,1.700951,1.902508,2.107333,0.000000,0.000000
2.256201,2.436720,2.257673,1.911187,0.000000,2.392575,1.939496,0.000000,0.000000
2.262674,2.313628,2.349751,1.934984,0.000000,1.819057,2.070733,0.000000,1.693725
1.863065,2.315339,2.355954,1.958035,1.540930,1.619224,0.000000,0.000000,2.190268
2.346192,2.379647,2.357664,2.086988,1.533284,2.048500,2.172727,0.000000,1.999212
0.000000,2.382995,2.225959,2.021906,1.809283,2.067610,0.000000,0.000000,2.139826
1.966692,2.419094,2.280055,1.848770,1.926864,0.000000,0.000000,0.000000,2.083318
0.000000,2.370607,2.433679,1.890675,0.000000,1.793342,0.000000,0.000000,0.000000
2.384871,2.384585,2.278694,2.084379,0.000000,2.151775,2.036882,0.000000,2.234012
1.863481,2.361238,2.197209,1.954076,0.000000,0.000000,0.000000,0.000000,2.040880
1.669413,2.389558,2.319787,2.005071,1.863547,2.308465,1.558831,0.000000,0.000000
2.203590,2.369909,2.200368,2.018793,1.851977,2.250140,2.053547,0.000000,0.000000
0.000000,2.366965,2.328228,1.923598,0.000000,2.316849,0.000000,0.000000,0.000000
2.170233,2.299132,2.288432,1.921282,1.788966,1.878884,0.000000,1.447189,2.162274
1.952346,2.420370,2.270350,1.926071,0.000000,1.655804,0.000000,0.000000,2.304523
2.496429,2.396940,2.209288,2.129600,2.056399,2.524509,2.512271,0.000000,0.000000
1.842675,2.364836,2.298566,1.801667,1.826859,0.000000,0.000000,0.000000,2.079020
2.267222,2.288717,2.304357,2.044334,1.705318,2.236143,2.220512,0.000000,0.000000
1.782932,2.480889,2.243936,1.628066,1.891344,1.893185,0.000000,0.000000,0.000000
1.658105,2.258365,2.247232,0.000000,0.000000,1.914727,0.000000,0.000000,0.000000
0.000000,2.400745,2.162767,2.015245,1.891425,1.724597,0.000000,0.000000,0.000000
0.000000,2.342070,2.262887,0.000000,0.000000,2.079413,0.000000,0.000000,0.000000
1.941928,2.356361,2.277239,1.929948,1.780074,1.855692,0.000000,1.617104,0.000000
2.353865,2.355167,2.115632,1.404872,1.423767,0.000000,0.000000,2.231818,0.000000
1.863427,2.352234,2.281302,2.045453,0.000000,2.093918,0.000000,0.000000,2.186384
0.000000,2.332654,2.136176,2.002191,1.979076,1.602641,0.000000,1.759998,2.069562
2.183013,2.387867,2.284683,2.058427,1.837969,1.991933,0.000000,1.974868,1.978137
0.000000,2.363149,2.341175,1.864221,1.817830,1.921943,0.000000,0.000000,0.000000
0.000000,2.369184,2.317856,1.836695,0.000000,1.841050,0.000000,0.000000,2.113162
2.218678,2.297871,2.262452,2.122276,0.000000,1.985321,0.000000,1.954747,2.215635
1.950929,2.347713,2.299354,2.072372,1.895281,0.000000,0.000000,0.000000,2.233873
0.000000,2.375446,2.324267,2.031812,0.000000,0.000000,0.000000,0.000000,0.000000
1.993491,2.351136,2.319122,1.999651,1.831861,2.242882,0.000000,0.000000,2.114939
1.793030,2.342658,2.397239,1.976177,1.664056,1.766254,0.000000,1.816498,0.000000
1.744469,2.409063,2.334087,1.884062,0.000000,2.272381,0.000000,0.000000,2.187329
2.128205,2.316413,2.359278,1.982477,1.737114,2.037964,0.000000,0.000000,2.164826
0.000000,2.350544,2.265058,2.047440,0.000000,2.001432,0.000000,1.782669,0.000000
0.000000,2.373549,2.273815,2.064426,0.000000,2.368985,0.000000,0.000000,0.000000
0.000000,2.362972,2.282275,2.038486,1.818928,1.782058,0.000000,0.000000,1.970195
0.000000,2.365887,2.319312,2.000004,0.000000,0.000000,0.000000,0.000000,0.000000
2.235109,2.351494,2.326825,1.953304,0.000000,2.037334,0.000000,2.191676,2.298900
1.947819,2.364729,2.233369,1.922341,0.000000,0.000000,0.000000,0.000000,0.000000
0.000000,2.339867,2.255453,2.059445,0.000000,2.048798,0.000000,0.000000,1.865077
0.000000,2.382240,2.295520,0.000000,1.704228,2.061265,0.000000,0.000000,0.000000
0.000000,2.354766,2.285774,2.030665,1.912737,1.916396,0.000000,0.000000,2.002605
0.000000,2.380496,2.330831,1.974126,1.911098,2.043571,0.000000,0.000000,0.000000
1.778493,2.338672,2.272245,2.050356,0.000000,1.821215,0.000000,0.000000,2.141534
1.828001,2.373763,2.238214,2.003785,0.000000,0.000000,0.000000,0.000000,0.000000
0.000000,2.366007,2.255228,2.040912,0.000000,2.178335,0.000000,0.000000,0.000000
0.000000,2.407218,2.333660,0.000000,0.000000,1.858963,0.000000,0.000000,2.070676
2.350733,2.295833,2.354970,1.951404,0.000000,1.683019,2.350536,0.000000,0.000000
0.000000,2.375450,2.280492,2.049727,1.890331,1.991049,0.000000,0.000000,0.000000
0.000000,2.421918,2.329249,1.886336,0.000000,2.018684,0.000000,0.000000,0.000000
1.835254,2.340136,2.362414,2.039138,0.000000,1.789845,0.000000,0.000000,0.000000
1.842472,2.390315,2.131401,2.018414,1.956983,2.296162,0.000000,0.000000,0.000000
2.270582,2.423540,2.339828,2.175898,0.000000,0.000000,0.000000,0.000000,0.000000
2.468750,2.349392,2.319774,1.907919,0.000000,0.000000,2.544666,0.000000,1.773175
2.348094,2.373808,2.259365,1.940165,0.000000,0.000000,2.512080,0.000000,2.368464
0.000000,2.418598,2.280276,1.887776,1.734663,1.875576,0.000000,0.000000,1.633885
0.000000,2.348821,2.321373,1.932790,0.000000,0.000000,0.000000,0.000000,1.876155
2.353146,2.412417,2.411877,0.000000,0.000000,0.000000,2.241822,2.155936,2.255795
2.004791,2.315717,2.157244,1.958076,1.720480,1.900880,0.000000,1.753362,2.265843
0.000000,2.327952,2.223052,1.822576,1.907580,0.000000,0.000000,0.000000,0.000000
2.213661,2.309563,2.244060,1.900637,1.962940,1.837248,2.044996,1.915693,0.000000
2.327849,2.278714,2.272151,0.000000,0.000000,0.000000,2.747939,0.000000,0.000000
1.735358,2.325343,2.238483,2.184249,1.790379,2.065645,0.000000,1.971731,0.000000
2.213944,2.360709,2.227787,1.957513,1.802044,2.348369,0.000000,0.000000,0.000000
0.000000,2.352988,2.154425,2.061448,0.000000,0.000000,0.000000,0.000000,2.311609
2.032260,2.347972,2.317892,2.100722,1.909519,2.301228,2.188831,0.000000,2.283256
2.495832,2.362935,2.255448,1.971307,0.000000,0.000000,2.328957,0.000000,2.143355
0.000000,2.273018,2.376233,0.000000,0.000000,1.916521,2.580032,0.000000,0.000000
1.911070,2.322246,2.287146,0.000000,2.305918,2.187489,0.000000,0.000000,0.000000
2.270330,2.374557,2.336635,2.033977,1.647686,2.143990,2.232482,1.911934,2.250048
2.282317,2.338093,2.271597,0.000000,0.000000,0.000000,2.520672,0.000000,2.369770
0.000000,2.194185,2.289146,0.000000,0.000000,2.132737,2.527785,0.000000,1.742924
2.215571,2.343831,2.204445,2.026763,1.849499,2.373357,2.444864,1.892907,1.360636
1.870785,2.346741,2.183362,1.964013,1.966064,2.158294,2.084055,1.668804,0.000000
2.071064,2.351234,2.212906,2.071802,1.783718,2.145417,0.000000,0.000000,2.282513
2.387929,2.372457,2.262100,2.072515,1.958266,0.000000,1.936692,0.000000,0.000000
1.868413,2.413057,2.353737,1.796755,0.000000,1.994593,0.000000,0.000000,2.112770
1.893127,2.290790,2.218187,1.929763,1.717071,0.000000,0.000000,0.000000,2.030530
0.000000,2.302931,2.218417,1.626685,1.784039,0.000000,0.000000,0.000000,0.000000
2.054425,2.354195,2.286972,2.030267,0.000000,2.124415,0.000000,1.788634,1.871145
2.183287,2.363558,2.225226,2.067318,0.000000,2.285907,0.000000,1.931105,0.000000
1.799854,2.386213,2.301329,2.009800,1.464919,2.222922,0.000000,1.591115,2.006071
0.000000,2.356275,2.271960,1.896647,0.000000,0.000000,0.000000,0.000000,0.000000
1.866406,2.354540,2.306837,1.972187,1.618324,1.566075,0.000000,0.000000,2.040301
1.925064,2.406679,2.346447,0.000000,0.000000,2.514177,0.000000,0.000000,0.000000
0.000000,2.368337,2.264377,2.003051,0.000000,0.000000,0.000000,0.000000,0.000000
1.751789,2.310566,2.275336,2.007071,0.000000,0.000000,0.000000,0.000000,0.000000
1.955382,2.322862,2.243308,2.014177,0.000000,0.000000,0.000000,0.000000,0.000000
2.207670,2.411945,2.264910,2.055667,0.000000,2.216071,0.000000,0.000000,1.832987
2.016143,2.451426,2.339364,0.000000,0.000000,2.527981,0.000000,0.000000,0.000000
1.847744,2.324013,2.294195,2.013331,0.000000,1.968082,0.000000,0.000000,0.000000
1.998556,2.350493,2.283644,2.090885,1.909834,1.981847,0.000000,0.000000,0.000000
1.952302,2.349418,2.246567,2.031843,0.000000,1.890331,0.000000,0.000000,0.000000
1.973613,2.321450,2.405798,1.982840,1.952477,0.000000,0.000000,0.000000,0.000000
1.939238,2.362970,2.179842,1.834544,2.133421,0.000000,0.000000,1.769290,0.000000
1.842885,2.342262,2.244455,0.000000,1.988070,2.372867,0.000000,2.026944,0.000000
0.000000,2.419007,2.396004,1.758339,0.000000,1.965872,0.000000,0.000000,2.220570
0.000000,2.350986,2.302009,1.937679,0.000000,2.008122,0.000000,0.000000,2.176860
2.053622,2.370732,2.401645,1.892741,0.000000,2.428305,0.000000,0.000000,2.027160
2.354533,2.355431,2.325622,2.057435,1.846414,2.273955,1.787805,2.205655,1.948250
1.654224,2.333502,2.263132,1.755454,1.937932,1.992834,0.000000,0.000000,2.085753
0.000000,2.354939,2.271189,0.000000,0.000000,0.000000,0.000000,0.000000,0.000000
1.957581,2.309890,2.362427,1.999965,1.626850,2.419341,2.236458,0.000000,1.947431
0.000000,2.495529,2.259719,2.044550,0.000000,1.701612,0.000000,1.621352,0.000000
0.000000,2.338766,2.292130,0.000000,2.095208,1.910720,0.000000,1.814016,0.000000
2.309889,2.310466,2.196882,0.000000,0.000000,2.352287,0.000000,0.000000,1.986243
2.178885,2.450801,2.228230,1.957819,0.000000,0.000000,0.000000,0.000000,2.112098
0.000000,2.422013,1.993058,0.000000,0.000000,2.331781,0.000000,0.000000,1.972292
0.000000,2.300559,2.241978,1.961905,0.000000,1.909924,0.000000,0.000000,0.000000
1.989607,2.315670,2.153041,2.002890,1.936775,2.425315,0.000000,0.000000,0.000000
1.793874,2.427369,2.296309,2.004697,1.502761,2.349927,0.000000,0.000000,2.091691
1.871845,2.351807,2.136914,1.923952,1.774776,2.400206,0.000000,0.000000,1.832585
1.810134,2.329047,2.245540,2.042295,1.911317,1.978906,0.000000,0.000000,2.174389
1.780936,2.348075,2.303454,2.020108,0.000000,1.921930,0.000000,0.000000,2.295070
0.000000,2.439927,2.288807,1.845920,0.000000,1.942220,0.000000,0.000000,2.189419
2.027805,2.403460,2.321455,1.960810,1.908823,1.994109,0.000000,1.803437,2.022653
2.509837,2.328795,2.338412,0.000000,0.000000,0.000000,2.076337,0.000000,0.000000
1.940930,2.359070,2.372486,2.091661,1.608268,0.000000,0.000000,1.775871,2.161519
2.186961,2.358184,2.275891,1.981760,0.000000,2.333119,0.000000,1.713374,0.000000
2.023443,2.425646,2.359998,0.000000,0.000000,2.309366,0.000000,1.564412,1.607121
2.191832,2.408096,2.336579,1.795206,0.000000,2.272794,1.770284,0.000000,2.090453
2.392948,2.355668,2.251805,1.991860,0.000000,0.000000,2.114032,0.000000,1.967408
1.764053,2.413981,2.338904,1.947018,0.000000,2.321080,0.000000,1.511149,2.079854
1.792115,2.439060,2.252361,1.965989,0.000000,1.986808,0.000000,1.437088,2.248791
1.923952,2.390251,2.319240,1.773736,0.000000,0.000000,0.000000,1.804468,0.000000
0.000000,2.253806,2.279076,1.919541,0.000000,0.000000,0.000000,0.000000,2.125522
1.414062,2.383552,2.327415,1.739398,0.000000,1.611447,0.000000,0.000000,1.985652
0.000000,2.396453,2.078603,0.000000,0.000000,2.496625,0.000000,0.000000,0.000000
1.833872,2.288088,2.186963,2.004828,0.000000,1.883246,0.000000,0.000000,1.942081
0.000000,2.417049,2.322498,1.905714,0.000000,1.940823,0.000000,0.000000,2.244995
0.000000,2.342865,2.261196,1.751730,1.479360,0.000000,0.000000,1.826737,0.000000
1.797025,2.346089,2.293653,1.904626,0.000000,2.513617,0.000000,0.000000,0.000000
1.826544,2.293293,2.241510,1.914419,0.000000,0.000000,0.000000,0.000000,2.219488
0.000000,2.426053,2.266068,0.000000,1.774523,1.921213,0.000000,1.800045,0.000000
2.257319,2.407831,2.244079,2.008298,0.000000,2.591025,0.000000,0.000000,0.000000
0.000000,2.362506,2.350694,1.805236,1.797684,1.933351,0.000000,0.000000,1.992730
0.000000,2.279737,2.329559,1.844342,2.035267,2.354271,0.000000,2.048366,0.000000
0.000000,2.455467,2.436710,0.000000,0.000000,2.030520,0.000000,0.000000,2.281319
1.916240,2.376310,2.415020,2.013168,0.000000,1.840742,0.000000,0.000000,2.190223
1.728966,2.393361,2.397698,1.932089,0.000000,1.914400,0.000000,0.000000,2.077120
2.427262,2.356537,2.358391,1.900455,0.000000,0.000000,1.990077,1.998514,1.912179
0.000000,2.425886,2.260345,1.917469,1.459619,1.876088,0.000000,0.000000,2.229167
0.000000,2.288201,2.266323,2.024125,0.000000,1.903737,0.000000,0.000000,2.188467
2.396274,2.417770,2.342928,2.009059,1.878274,1.776259,2.137608,2.083128,1.822846
0.000000,2.445767,2.283661,1.892461,0.000000,1.892853,0.000000,0.000000,2.334892
2.120725,2.203108,2.273674,0.000000,0.000000,2.479807,2.427632,0.000000,0.000000
2.147927,2.302686,2.264926,2.046435,0.000000,1.948445,0.000000,1.698740,2.017020
2.526970,2.411661,2.373042,2.046695,1.842433,0.000000,2.397520,2.006444,1.885119
1.558040,2.346467,2.302339,1.792596,1.960531,1.647046,2.038472,1.782394,0.000000
1.908067,2.429745,2.322985,2.060784,1.924087,1.993872,0.000000,0.000000,0.000000
1.917491,2.364877,2.233250,1.975075,1.840813,1.774738,0.000000,1.895212,0.000000
1.943219,2.358428,2.155096,1.951729,1.717796,2.117616,0.000000,0.000000,0.000000
1.526601,2.345442,2.252132,1.769605,1.878513,1.953007,0.000000,1.556348,1.974963
1.975137,2.304380,2.108079,1.885935,0.000000,1.882622,0.000000,0.000000,1.905139
0.000000,2.374739,2.284471,1.798511,2.022471,1.730679,0.000000,1.849046,0.000000
2.255622,2.403256,2.298700,2.081673,1.914668,2.323631,0.000000,1.972592,0.000000
1.983609,2.381153,2.197817,2.049161,1.972232,2.070879,0.000000,1.485774,0.000000
0.000000,2.375602,2.231116,1.727059,2.058080,1.812763,0.000000,2.042024,0.000000
2.393501,2.344166,2.378289,2.012128,0.000000,1.954496,0.000000,1.660747,2.125343
1.891414,2.339755,2.097768,2.034985,1.506706,1.991636,0.000000,0.000000,1.813362
1.657341,2.365015,2.264289,1.885227,1.653666,2.372530,0.000000,2.021664,0.000000
0.000000,2.328137,2.254224,0.000000,1.732861,1.761888,0.000000,0.000000,0.000000
1.851048,2.323727,2.259526,1.893639,1.832299,1.821389,1.922916,0.000000,0.000000
0.000000,2.333243,2.260871,1.912424,1.944904,1.894505,0.000000,0.000000,0.000000
0.000000,2.388408,2.237576,0.000000,1.720644,1.887016,0.000000,0.000000,0.000000
0.000000,2.276775,2.241424,1.774548,0.000000,1.982598,0.000000,0.000000,2.164640
1.806466,2.335916,2.294523,2.058598,1.784830,2.016758,0.000000,0.000000,2.185899
0.000000,2.262099,2.257503,1.980563,0.000000,1.767122,0.000000,0.000000,0.000000
1.768712,2.434202,2.245893,1.894579,0.000000,1.780207,0.000000,0.000000,2.142492
0.000000,2.402193,2.310569,0.000000,1.860449,2.467271,0.000000,0.000000,2.126352
2.497844,2.319217,2.251563,2.081797,1.545460,2.391269,2.178941,0.000000,0.000000
2.193351,2.329675,2.252829,2.092727,1.885799,2.327149,0.000000,1.863427,1.956818
0.000000,2.321018,2.243499,1.996995,1.940930,2.531050,0.000000,0.000000,0.000000
1.754107,2.315446,2.305348,1.713831,1.895974,1.936107,0.000000,0.000000,1.871732
1.790821,2.376683,2.217593,1.900486,0.000000,2.421663,2.203093,0.000000,0.000000
1.942439,2.340916,2.147812,1.960266,1.935470,2.416278,0.000000,0.000000,0.000000
1.865163,2.319505,2.296644,1.989371,1.654335,2.002284,0.000000,0.000000,0.000000
0.000000,2.315809,2.294791,2.039844,1.476029,1.991862,0.000000,0.000000,2.186376
0.000000,2.274890,2.284784,2.018589,0.000000,2.031352,0.000000,0.000000,2.185163
1.868162,2.411909,2.356092,1.737489,1.846604,1.804775,1.695172,1.793973,2.089435
0.000000,2.347483,2.326892,2.036299,0.000000,1.924331,0.000000,2.137250,1.722399
2.412390,2.409971,2.351269,2.045352,1.795053,1.849699,2.043658,2.063424,2.219191
2.012421,2.333067,2.231238,1.994061,1.956242,1.750108,0.000000,0.000000,0.000000
1.988551,2.337147,2.363225,2.048930,1.968310,0.000000,0.000000,0.000000,2.005351
1.839558,2.374410,2.305581,2.003478,1.957777,1.819740,0.000000,0.000000,0.000000
2.071242,2.149101,2.367196,2.027907,0.000000,1.685256,0.000000,0.000000,2.120734
1.806931,2.335102,2.275162,1.989483,1.846945,1.707179,0.000000,0.000000,0.000000
0.000000,2.336775,2.301237,1.937194,1.986383,1.817643,0.000000,0.000000,0.000000
2.140529,2.330983,2.261986,2.030891,1.972026,1.869332,0.000000,0.000000,0.000000
1.964230,2.405201,2.320281,2.150719,1.807676,2.145887,0.000000,0.000000,2.345945
2.119085,2.375146,2.230096,1.905466,2.050687,2.058517,0.000000,0.000000,0.000000
1.866902,2.363921,2.202816,2.056881,2.011739,1.704471,0.000000,0.000000,2.016397
1.732205,2.379355,2.270103,2.101083,0.000000,1.985105,0.000000,0.000000,0.000000
1.843585,2.490966,2.149417,2.040912,1.728535,2.351941,0.000000,0.000000,2.186982
2.145716,2.329547,2.247838,2.034397,1.844311,1.909391,0.000000,0.000000,2.249972
2.446726,2.342552,2.188043,1.848082,0.000000,2.153501,2.681370,0.000000,0.000000
0.000000,2.275840,2.342916,2.168745,1.904959,1.981322,2.270601,0.000000,2.166996
2.033887,2.375569,2.183630,1.989758,2.000444,2.366258,1.890620,1.820549,2.163577
0.000000,2.248374,2.293412,2.104534,0.000000,2.416877,2.214211,0.000000,1.919811
1.771543,2.346338,2.298051,2.105627,1.727547,0.000000,0.000000,0.000000,1.576890
0.000000,2.320489,2.271832,2.033250,1.924041,0.000000,0.000000,0.000000,0.000000
1.606712,2.326630,2.258474,1.986965,1.692811,1.812879,0.000000,0.000000,0.000000
2.022582,2.343077,2.304449,2.057330,0.000000,0.000000,0.000000,0.000000,0.000000
1.845798,2.326124,2.160832,1.956304,1.794734,1.885431,0.000000,0.000000,0.000000
1.740885,2.340467,2.252568,1.979157,1.913672,1.920648,0.000000,1.757346,0.000000
0.000000,2.352407,2.146691,1.940668,0.000000,2.162451,0.000000,0.000000,2.103409
1.846156,2.398114,2.340524,2.039859,1.777963,2.393457,0.000000,1.649990,0.000000
1.914872,2.389098,2.292456,0.000000,1.781081,0.000000,0.000000,0.000000,2.026705
0.000000,2.335833,2.427130,0.000000,1.800574,0.000000,0.000000,0.000000,0.000000
1.729620,2.332994,2.397929,1.977845,0.000000,0.000000,0.000000,0.000000,0.000000
1.865835,2.358796,2.253516,1.857418,0.000000,0.000000,0.000000,0.000000,2.074718
0.000000,2.349555,2.228409,1.961503,0.000000,0.000000,0.000000,0.000000,2.056096
0.000000,2.387030,2.311234,2.045823,0.000000,0.000000,0.000000,0.000000,2.051150
2.025156,2.301804,2.260474,1.871089,1.933738,1.749794,0.000000,0.000000,1.850953
1.930558,2.357228,2.254504,2.064979,1.824369,0.000000,0.000000,0.000000,0.000000
0.000000,2.466043,2.365112,2.027090,0.000000,2.204687,0.000000,0.000000,0.000000
0.000000,2.370246,2.270890,0.000000,0.000000,0.000000,0.000000,0.000000,0.000000
1.995141,2.340542,2.290734,2.038117,0.000000,1.857068,0.000000,0.000000,2.118986
1.866876,2.427701,2.207486,1.825222,1.715892,0.000000,0.000000,0.000000,0.000000
0.000000,2.252080,2.287478,0.000000,1.722021,0.000000,0.000000,0.000000,0.000000
1.874052,2.400483,2.259292,1.868819,1.819029,1.902607,0.000000,0.000000,1.977946
0.000000,2.401707,2.268528,1.903223,0.000000,1.908110,0.000000,0.000000,2.285551
2.026848,2.367434,2.310896,1.844110,0.000000,2.426637,0.000000,0.000000,0.000000
1.961343,2.271449,2.291711,1.998570,1.683320,1.957239,0.000000,0.000000,1.764366
2.071606,2.307051,2.190147,1.984608,1.691034,0.000000,0.000000,0.000000,0.000000
2.028458,2.359905,2.229583,1.998795,1.595789,0.000000,0.000000,0.000000,2.266006
1.942464,2.353243,2.249699,1.969723,1.897042,1.706900,1.887452,1.653414,0.000000
1.804724,2.332777,2.257249,2.053021,1.940461,1.686760,0.000000,0.000000,0.000000
2.101016,2.321776,2.268281,0.000000,1.841861,0.000000,0.000000,0.000000,2.279890
2.137761,2.346086,2.296470,1.985141,1.702249,1.915003,0.000000,0.000000,1.705238
2.202649,2.363378,2.288893,2.048485,1.766882,1.917314,0.000000,0.000000,2.335368
1.994269,2.338704,2.305413,2.056580,1.456609,1.924083,0.000000,0.000000,0.000000
1.828978,2.323698,2.252534,1.864268,1.746214,2.297798,0.000000,1.793508,0.000000
2.183884,2.389774,2.322687,1.934768,1.798468,2.312575,0.000000,0.000000,2.224517
2.193597,2.381266,2.267799,1.989733,0.000000,2.442820,1.946243,1.794569,2.103902
0.000000,2.326334,2.261838,1.908861,1.896606,1.644226,0.000000,0.000000,0.000000
1.942936,2.404676,2.277423,2.016038,1.784972,2.276286,1.797198,1.685964,1.275000
2.019874,2.368344,2.224765,1.908467,1.858304,1.788588,0.000000,0.000000,2.156452
2.011097,2.316779,2.199094,1.944149,1.753275,2.281258,0.000000,0.000000,2.243976
1.822810,2.348046,2.270496,1.945673,1.839742,1.884034,0.000000,0.000000,1.458421
2.345152,2.344335,2.386683,2.029404,0.000000,0.000000,1.786646,0.000000,0.000000
1.974560,2.374252,2.316241,1.862520,1.976915,2.107503,0.000000,1.604614,0.000000
0.000000,2.461854,2.347489,2.076929,1.674596,1.826307,0.000000,1.880106,0.000000
2.203237,2.343454,2.272054,2.077452,0.000000,1.855912,0.000000,2.058211,1.587021
1.715384,2.396968,2.302091,1.983298,0.000000,1.884303,0.000000,1.880672,2.181559
2.123582,2.363743,2.272524,2.018470,1.799344,2.188778,0.000000,0.000000,0.000000
2.019781,2.359628,2.277743,1.804980,1.819436,0.000000,0.000000,0.000000,1.489517
2.001171,2.341057,2.207854,1.955592,1.952645,1.749974,0.000000,0.000000,0.000000
1.948410,2.341706,2.266684,2.026732,1.606972,0.000000,0.000000,0.000000,0.000000
2.001499,2.319612,2.258922,2.022087,0.000000,1.835542,0.000000,1.585170,2.254322
1.851568,2.328939,2.279950,2.020937,0.000000,2.015355,0.000000,0.000000,2.251046
1.784264,2.329765,2.348343,1.978919,0.000000,0.000000,2.047286,0.000000,0.000000
2.017105,2.411618,2.282129,2.025038,0.000000,0.000000,0.000000,2.039723,0.000000
2.057914,2.418648,2.286006,2.066183,0.000000,0.000000,0.000000,2.017952,1.787331
1.914278,2.338124,2.293814,2.070674,1.763863,1.462750,0.000000,0.000000,2.170913
2.036701,2.323488,2.278955,2.092975,1.679066,1.769801,0.000000,0.000000,2.266479
0.000000,2.363994,2.319706,2.006799,1.675524,2.262608,0.000000,0.000000,0.000000
1.839046,2.375092,2.250412,1.985745,0.000000,1.812171,0.000000,1.643483,0.000000
0.000000,2.379407,2.292926,1.948930,0.000000,2.170487,0.000000,1.754861,0.000000
1.750467,2.344927,2.238064,1.982051,1.776983,0.000000,0.000000,0.000000,2.153973
1.550239,2.347082,2.422623,2.046716,0.000000,1.678613,0.000000,0.000000,0.000000
2.136685,2.367161,2.232411,1.981397,1.889822,0.000000,0.000000,0.000000,2.253508
1.870347,2.368845,2.275393,1.930610,1.883021,0.000000,0.000000,0.000000,1.475403
1.702188,2.337335,2.175672,1.970079,1.828036,2.091229,0.000000,0.000000,1.566877
0.000000,2.414330,2.252278,2.025678,0.000000,1.900990,2.071913,0.000000,2.281629
1.950202,2.346687,2.249143,1.995210,1.928289,0.000000,0.000000,0.000000,2.110768
1.935520,2.312343,2.385530,2.003069,0.000000,0.000000,0.000000,0.000000,0.000000
0.000000,2.442404,2.253830,1.866804,1.555193,1.809560,0.000000,1.727738,2.126880
1.725393,2.406706,2.253184,1.631467,1.739076,0.000000,0.000000,0.000000,0.000000
1.708603,2.334901,2.289050,2.030548,1.922388,1.957764,0.000000,0.000000,1.416427
1.912976,2.350396,2.292324,2.065716,1.840314,1.926021,0.000000,1.792316,1.183859
0.000000,2.354313,2.328805,1.978142,0.000000,0.000000,0.000000,0.000000,2.047145
2.109243,2.423619,2.227185,2.056985,1.733714,1.869172,0.000000,1.643780,0.000000
1.916557,2.398095,2.293559,2.068112,1.663610,2.005071,0.000000,0.000000,2.110259
1.664187,2.305742,2.263624,1.975647,0.000000,0.000000,0.000000,0.000000,0.000000
1.734796,2.378295,2.253919,2.045146,0.000000,2.022172,0.000000,1.828036,2.377139
1.855954,2.363005,2.230993,2.090770,0.000000,1.697581,0.000000,0.000000,2.192591
1.974562,2.331969,2.279097,2.069131,1.850674,1.809620,0.000000,0.000000,2.209581
1.980079,2.336971,2.301947,1.969217,1.724827,2.001038,1.866700,0.000000,2.099744
1.865776,2.440951,2.257231,2.120072,0.000000,2.014710,0.000000,0.000000,2.228180
2.003516,2.425090,2.336141,2.047563,0.000000,2.328853,0.000000,0.000000,0.000000
1.989264,2.338116,2.327071,2.037639,1.839159,2.010691,0.000000,1.639839,2.215682
1.975588,2.344579,2.388001,1.922882,1.601454,2.235139,0.000000,0.000000,0.000000
1.890435,2.369354,2.259687,1.920843,0.000000,0.000000,0.000000,0.000000,0.000000
2.004222,2.387904,2.323584,1.913132,0.000000,1.919292,0.000000,0.000000,2.244192
1.972618,2.351331,2.247412,2.009750,1.720097,1.840798,0.000000,0.000000,2.153534
2.221737,2.351647,2.175510,2.039404,0.000000,2.161437,0.000000,0.000000,2.274093
2.011947,2.321514,2.337948,2.067416,1.775733,0.000000,0.000000,0.000000,0.000000
1.995967,2.341854,2.312303,2.069394,1.813823,2.255439,0.000000,0.000000,0.000000
1.961074,2.354028,2.251757,2.030313,1.594832,0.000000,0.000000,0.000000,0.000000
1.947140,2.341954,2.189061,2.018336,0.000000,1.589885,0.000000,0.000000,0.000000
2.005503,2.326130,2.272721,1.987756,0.000000,0.000000,0.000000,0.000000,0.000000
1.914059,2.319665,2.300786,2.116203,1.944192,1.973508,0.000000,0.000000,0.000000
2.258394,2.337361,2.316692,1.950506,1.920479,2.108301,2.029438,0.000000,2.150772
1.946786,2.410649,2.261219,2.014720,1.973207,0.000000,0.000000,0.000000,2.212002
1.901428,2.356739,2.253980,2.081130,0.000000,1.844226,0.000000,0.000000,2.121038
1.859942,2.313377,2.376218,2.012809,1.642647,1.754252,0.000000,0.000000,0.000000
1.999960,2.358299,2.263333,2.090512,0.000000,1.985375,0.000000,0.000000,2.178895
2.072666,2.401001,2.262541,1.964918,0.000000,1.850894,0.000000,1.621794,1.727755
1.986271,2.380427,2.260190,2.049660,0.000000,2.328586,0.000000,0.000000,2.134311
2.022097,2.380100,2.267605,2.037760,0.000000,2.085268,0.000000,0.000000,1.945716
1.954793,2.319508,2.271496,2.082284,0.000000,1.965527,0.000000,0.000000,1.774384
2.039488,2.361322,2.318844,1.983936,0.000000,1.839414,0.000000,0.000000,0.000000
1.961939,2.348322,2.277466,1.981691,1.871202,1.802420,0.000000,0.000000,0.000000
2.190686,2.356348,2.283557,2.006058,0.000000,0.000000,0.000000,0.000000,2.064637
2.203321,2.322836,2.200543,1.950592,1.847977,0.000000,0.000000,0.000000,0.000000
1.919828,2.308181,2.313460,2.026980,1.774814,0.000000,0.000000,0.000000,2.146772
0.000000,2.298509,2.337654,2.103661,0.000000,0.000000,0.000000,0.000000,0.000000
1.758226,2.355378,2.256654,1.997928,1.890096,1.789640,0.000000,0.000000,2.083620
1.709036,2.348298,2.322289,1.611520,1.751285,1.954433,0.000000,1.581189,0.000000
0.000000,2.337380,2.234817,2.064769,1.648294,2.266119,0.000000,0.000000,0.000000
1.897120,2.324412,2.282405,2.044051,1.739140,1.779756,0.000000,0.000000,0.000000
0.000000,2.377325,2.269279,2.030500,1.852899,0.000000,1.796472,0.000000,0.000000
2.116043,2.315982,2.318607,2.175917,0.000000,2.434105,0.000000,0.000000,2.285248
1.709663,2.388878,2.223832,2.072985,0.000000,1.777913,0.000000,0.000000,0.000000
1.867026,2.323631,2.301394,2.065507,1.589638,1.941084,0.000000,0.000000,1.587189
1.956571,2.373121,2.253379,2.074044,1.745661,2.025751,0.000000,0.000000,1.759480
1.914985,2.352644,2.241626,0.000000,2.083134,2.083529,0.000000,1.656107,0.000000
1.722831,2.334231,2.133149,1.891809,1.936909,2.472917,0.000000,0.000000,0.000000
1.867579,2.212227,2.290128,1.953227,1.782872,0.000000,0.000000,1.729894,0.000000
2.464705,2.277797,2.242822,1.979122,0.000000,2.420844,0.000000,0.000000,0.000000
2.018672,2.326688,2.205938,1.915057,1.922345,0.000000,2.323495,0.000000,0.000000
2.045475,2.413695,2.278983,1.977253,1.731664,2.238417,2.049507,1.784406,0.000000
1.943465,2.311265,2.287835,1.992241,1.901919,1.970134,0.000000,0.000000,2.159102
2.293315,2.249362,2.224757,2.034536,1.854803,0.000000,2.083165,0.000000,0.000000
2.057642,2.322473,2.333304,2.020575,1.626123,1.967462,0.000000,1.755915,0.000000
1.936283,2.328063,2.240070,2.010005,1.678445,2.109083,0.000000,1.744143,0.000000
1.743659,2.380162,2.254114,1.701240,1.989525,1.799737,0.000000,1.570833,0.000000
0.000000,2.338757,2.261364,2.003954,1.908729,1.759354,0.000000,0.000000,2.172938
1.752276,2.345700,2.371916,0.000000,1.694310,1.531334,0.000000,0.000000,0.000000
1.885153,2.399277,2.402368,2.001609,1.641264,2.359947,0.000000,0.000000,0.000000
1.794228,2.358410,2.145231,1.835935,2.033665,0.000000,0.000000,0.000000,0.000000
1.897068,2.322646,2.233386,2.008008,0.000000,0.000000,0.000000,0.000000,0.000000
1.765797,2.303083,2.257513,1.977357,1.704390,1.874379,0.000000,0.000000,2.118869
1.917167,2.322816,2.329741,2.021118,1.869204,2.417124,0.000000,1.716548,1.694935
1.966368,2.342616,2.270016,2.066937,1.896449,2.288402,0.000000,1.690791,1.723207
0.000000,2.336638,2.118182,1.920189,1.995807,1.953946,0.000000,0.000000,0.000000
1.885578,2.362000,2.336266,1.982082,1.834419,2.052728,0.000000,1.937285,0.000000
2.050350,2.382504,2.312779,1.952477,0.000000,1.693225,0.000000,1.961393,2.120905
1.905753,2.421906,2.393897,1.893250,1.728725,1.733531,0.000000,0.000000,0.000000
2.473992,2.340412,2.281348,1.839486,1.649790,1.727199,2.453364,0.000000,0.000000
2.391194,2.372953,2.204860,0.000000,0.000000,2.488099,2.734283,0.000000,1.821943
2.155513,2.373802,2.236614,1.997838,1.813033,2.404127,1.580668,1.711143,1.933171
2.515739,2.222812,2.247973,2.031217,0.000000,0.000000,2.609026,0.000000,2.125928
0.000000,2.317359,2.332818,1.777008,1.830444,2.058231,0.000000,1.978262,0.000000
2.288255,2.362952,2.325389,1.945232,0.000000,2.009595,2.046792,0.000000,2.070157
1.486514,2.334146,2.298402,1.936631,1.925068,2.007172,0.000000,1.860873,1.659512
2.261897,2.345961,2.280442,2.077032,1.818175,2.001820,2.229996,1.893041,1.842800
2.266642,2.306965,2.291080,1.960455,1.784098,1.970425,2.371917,1.864281,2.031628
1.933046,2.321342,2.286981,2.008084,1.962764,2.200625,0.000000,0.000000,0.000000
2.068451,2.319114,2.349457,1.886144,1.894245,2.267020,2.029413,0.000000,0.000000
1.787805,2.359294,2.315439,2.068293,1.333481,2.127719,0.000000,0.000000,1.863735
2.566964,2.322391,2.297612,1.728794,0.000000,1.942795,2.741134,0.000000,2.100704
2.269222,2.334464,2.341542,1.920588,1.811019,2.471476,2.136238,0.000000,0.000000
2.584962,2.310786,2.269637,1.913498,1.605853,2.459342,2.474993,2.032900,1.940745
1.940213,2.341221,2.257212,2.045225,1.940016,2.093679,2.137796,0.000000,1.856941
2.417379,2.323922,2.230512,1.954443,1.382328,2.334814,1.993114,1.896642,1.464420
2.217678,2.316786,2.349635,2.074856,1.781323,1.935850,2.041903,1.666525,1.815429
1.931879,2.333315,2.287574,1.952856,1.703415,2.338391,2.073575,1.787389,1.990821
2.089569,2.291810,2.304699,1.630244,2.083670,2.409359,2.232698,0.000000,0.000000
0.000000,2.331063,2.365504,2.066923,1.813699,1.936627,0.000000,0.000000,0.000000
2.485318,2.372143,2.320143,2.047595,1.647454,0.000000,0.000000,0.000000,1.839183
2.271606,2.337648,2.287260,2.016679,1.778936,2.092609,1.997453,1.755641,0.000000
1.945932,2.426427,2.238174,1.957455,1.794569,1.998820,1.743049,1.863407,1.794690
2.202893,2.372073,2.277437,0.000000,1.668677,1.569772,2.411138,1.816234,2.169665
2.002218,2.375547,2.265940,0.000000,1.691276,2.127994,0.000000,0.000000,2.286579
2.354155,2.303818,2.259740,0.000000,0.000000,0.000000,0.000000,0.000000,2.433209
2.071509,2.318237,2.222625,0.000000,0.000000,0.000000,2.249045,0.000000,0.000000
1.793119,2.413342,2.392113,0.000000,0.000000,1.921952,2.145559,1.814581,1.796222
1.842269,2.435932,2.345287,1.950075,0.000000,1.722147,2.184613,0.000000,1.983483
1.906696,2.420258,2.299864,1.610321,0.000000,1.869633,1.693877,0.000000,1.987183
2.017062,2.412242,2.253843,0.000000,1.666989,0.000000,2.581632,0.000000,2.102275
0.000000,2.338693,2.315036,1.757388,0.000000,0.000000,0.000000,0.000000,0.000000
0.000000,2.338584,2.306514,1.943016,0.000000,1.741536,0.000000,0.000000,0.000000
0.000000,2.320733,2.288078,0.000000,1.791227,1.909368,0.000000,1.578746,0.000000
0.000000,2.340529,2.278752,1.839773,0.000000,0.000000,0.000000,0.000000,0.000000
1.938421,2.363061,2.310904,0.000000,1.877083,1.998095,0.000000,1.831396,1.397951
1.759508,2.373198,2.227137,1.942621,1.937429,1.842870,0.000000,1.708741,2.129294
1.516678,2.371082,2.253873,0.000000,0.000000,1.955684,0.000000,1.760571,0.000000
2.034547,2.421596,2.320255,1.958538,0.000000,1.889470,0.000000,1.763644,0.000000
1.872522,2.374072,2.238100,1.626256,1.731444,1.983193,0.000000,1.720133,2.044099
1.895276,2.358010,2.263269,1.831962,0.000000,0.000000,0.000000,0.000000,0.000000
2.207807,2.332154,2.276021,1.824440,0.000000,0.000000,2.581841,0.000000,0.000000
2.322969,2.259578,2.331614,0.000000,0.000000,0.000000,2.530003,0.000000,0.000000
2.451506,2.247318,2.209968,2.180284,0.000000,0.000000,2.770558,0.000000,0.000000
2.044735,2.321648,2.193182,1.883580,0.000000,0.000000,2.382160,0.000000,2.177895
2.257425,2.301210,2.346638,2.066593,0.000000,2.365436,0.000000,0.000000,0.000000
0.000000,2.481216,2.209587,1.436125,2.005412,1.548835,0.000000,2.026520,0.000000
0.000000,2.464787,2.228513,1.796070,1.818361,1.727530,2.332149,1.832895,0.000000
1.994975,2.320172,2.297494,0.000000,1.585719,2.256394,2.429646,0.000000,2.262465
2.282379,2.464728,2.352836,1.896652,1.872008,2.457135,2.220264,0.000000,2.162876
2.403766,2.402281,2.322291,0.000000,0.000000,2.325561,2.452535,0.000000,2.053277
1.686670,2.367610,2.438057,0.000000,0.000000,1.909041,2.283674,1.794712,0.000000
1.848874,2.263923,2.276205,1.945865,1.829185,2.089664,2.001961,1.643334,2.234852
0.000000,2.315816,2.356995,1.849417,0.000000,2.075234,2.583337,0.000000,0.000000
2.226531,2.378408,2.260420,2.013750,1.915715,2.519549,1.972355,0.000000,1.794723
0.000000,2.413477,2.256904,1.880395,0.000000,1.883234,2.149683,1.747270,0.000000
2.319573,2.341429,2.188450,0.000000,1.706860,2.014300,2.460660,0.000000,2.173156
2.016125,2.287759,2.291518,1.881493,1.819094,1.872603,0.000000,1.814389,1.644077
1.736755,2.157143,2.283823,1.550705,1.545779,0.000000,1.546522,1.594031,2.065374
2.576644,2.171693,2.374090,1.746230,0.000000,2.211305,2.400977,0.000000,0.000000
2.164073,2.192023,2.299536,1.986281,2.072356,2.309369,2.489551,1.644522,1.602718
2.167432,2.236663,2.333947,0.000000,0.000000,2.531717,0.000000,0.000000,0.000000
2.304446,2.364557,2.275472,1.858596,0.000000,1.977072,2.220343,1.683806,2.170232
2.245680,2.342198,2.290607,0.000000,0.000000,0.000000,2.244452,0.000000,2.277321
2.570654,2.301180,2.291697,1.459021,0.000000,2.393785,2.537609,1.863735,0.000000
2.462472,2.320145,2.254170,0.000000,0.000000,2.041946,2.563383,1.716005,2.029643
2.388168,2.360696,2.290331,1.824449,2.017484,0.000000,2.171591,0.000000,0.000000
0.000000,2.305554,2.390876,1.455042,1.420864,2.115060,0.000000,1.620360,0.000000
1.918260,2.412682,2.321742,0.000000,1.671702,2.185095,0.000000,0.000000,0.000000
1.920907,2.318561,2.295664,0.000000,0.000000,0.000000,0.000000,1.648091,0.000000
0.000000,2.424730,2.292746,1.977154,1.853628,2.027097,0.000000,1.772355,0.000000
1.895318,2.354134,2.365680,1.755396,1.564603,2.412564,1.578218,1.777715,1.685919
2.220718,2.319942,2.290036,1.801877,1.772535,2.022099,0.000000,2.005672,2.136556
2.304529,2.330179,2.299134,1.784252,1.893575,2.300984,2.270293,0.000000,2.241619
2.399761,2.322360,2.204547,1.967741,0.000000,0.000000,2.137980,2.147454,0.000000
1.957816,2.386410,2.248880,2.023026,0.000000,1.867696,0.000000,1.560451,0.000000
2.062056,2.302393,2.293478,1.991372,1.622913,2.140190,0.000000,1.556097,0.000000
1.956675,2.368725,2.181351,1.935566,0.000000,2.331987,0.000000,0.000000,0.000000
1.709761,2.308811,2.210169,2.028946,1.791283,2.213415,0.000000,0.000000,2.116030
2.241871,2.311177,2.248358,2.044477,0.000000,1.863159,0.000000,0.000000,2.055211
0.000000,2.292126,2.318057,2.010695,0.000000,1.736181,0.000000,0.000000,1.937072
1.806658,2.382068,2.167892,1.790595,1.685736,2.296332,0.000000,1.951651,0.000000
1.745306,2.286335,2.186113,1.767149,0.000000,2.133431,0.000000,0.000000,0.000000
1.959608,2.389634,2.249337,1.964821,1.853592,2.106448,0.000000,0.000000,2.322830
1.627967,2.342866,2.315142,1.944371,0.000000,1.853721,0.000000,1.624358,1.910388
1.901844,2.351814,2.315046,1.980899,1.589720,2.058155,1.945567,1.778161,0.000000
1.938834,2.315667,2.128915,0.000000,1.745676,0.000000,0.000000,1.977787,2.151709
2.002965,2.301397,2.241567,2.053132,0.000000,2.165668,2.486817,0.000000,2.283745
1.722561,2.386766,2.250369,1.766709,1.773901,2.091956,0.000000,1.892499,0.000000
1.682086,2.375298,2.361392,1.785934,1.512242,2.296360,2.123417,0.000000,0.000000
1.732726,2.336389,2.370404,1.745460,0.000000,1.961546,2.015612,1.736935,0.000000
1.817746,2.377646,2.257172,1.965618,1.651130,2.112981,2.253763,1.650988,1.555646
1.993063,2.299447,2.246149,0.000000,2.127869,0.000000,0.000000,0.000000,0.000000
0.000000,2.352173,2.259661,0.000000,1.908310,1.908591,0.000000,1.719749,1.732255
1.853944,2.405667,2.345062,0.000000,0.000000,1.866622,0.000000,0.000000,1.508221
1.789617,2.394153,2.251234,2.020619,1.811557,2.317832,0.000000,0.000000,0.000000
1.644048,2.382133,2.364351,0.000000,0.000000,2.263478,0.000000,0.000000,0.000000
1.865110,2.331529,2.356541,1.899684,1.728863,2.276225,2.140736,0.000000,0.000000
2.445443,2.316344,2.377062,0.000000,0.000000,0.000000,2.095326,0.000000,2.122156
0.000000,2.376213,2.230227,0.000000,0.000000,0.000000,0.000000,0.000000,0.000000
2.396703,2.332518,2.324742,1.922037,0.000000,2.534173,2.034908,0.000000,0.000000
2.032531,2.398777,2.312894,0.000000,0.000000,2.111413,0.000000,1.865447,1.455566
1.885141,2.321293,2.261628,2.046239,1.917039,2.026141,1.745260,0.000000,0.000000
2.143840,2.295888,2.297442,1.998265,0.000000,1.648640,1.949471,0.000000,0.000000
1.643185,2.369665,2.210687,1.968277,1.949753,2.057231,0.000000,0.000000,2.094355
2.165125,2.366914,2.314142,1.673464,1.718942,1.894711,2.018878,0.000000,1.961799
0.000000,2.336035,2.288299,1.800943,1.870499,1.969980,0.000000,0.000000,0.000000
2.219696,2.349221,2.163183,1.990216,1.746107,2.018729,1.868999,0.000000,0.000000
2.360187,2.253402,2.203782,0.000000,1.942297,0.000000,1.638494,0.000000,0.000000
2.009687,2.338660,2.229414,1.803602,2.035336,2.295913,0.000000,1.777045,2.214892
2.272308,2.325682,2.195996,1.979185,0.000000,2.501161,2.264161,0.000000,0.000000
1.760515,2.406871,2.220959,1.576312,1.661228,2.137372,0.000000,0.000000,1.389437
1.821716,2.318570,2.228874,1.666396,1.901237,2.168552,0.000000,0.000000,0.000000
1.936501,2.305547,2.226815,1.904111,1.744640,1.810134,0.000000,1.720298,2.196577
1.991352,2.359186,2.319530,2.043505,1.895491,2.353391,1.848606,1.615981,2.184027
2.059056,2.376767,2.114480,1.983204,1.599406,2.473715,0.000000,0.000000,0.000000
1.997123,2.348992,2.349870,1.954291,1.881650,2.159546,0.000000,0.000000,0.000000
1.926716,2.357305,2.410670,2.128818,1.404872,2.008755,0.000000,1.754615,0.000000
2.483740,2.386368,2.297158,2.001063,0.000000,2.452295,2.413481,0.000000,1.929332
2.111883,2.343142,2.379205,1.981086,1.878328,0.000000,0.000000,0.000000,2.207146
2.403000,2.345323,2.400183,1.988408,0.000000,0.000000,2.008846,0.000000,2.215709
1.952076,2.342296,2.326839,1.976622,1.920211,1.828745,2.231711,0.000000,2.204691
2.547863,2.346076,2.457491,2.047657,0.000000,0.000000,0.000000,0.000000,1.840845
1.552453,2.332576,2.287320,1.946810,0.000000,1.621318,0.000000,1.471520,2.038698
2.500212,2.293770,2.233458,0.000000,0.000000,0.000000,2.531479,0.000000,0.000000
1.859997,2.308929,2.319020,1.906749,1.711646,2.223030,0.000000,0.000000,1.852711
2.161052,2.287274,2.431528,2.048686,1.538732,1.772136,0.000000,0.000000,2.036292
1.810400,2.366707,2.367337,2.006390,1.897395,1.884372,0.000000,1.850865,2.034847
1.661068,2.385407,2.275197,1.755396,1.736231,1.895212,0.000000,0.000000,2.215976
2.027501,2.227722,2.391598,0.000000,1.804980,1.840821,0.000000,1.638954,1.960644
0.000000,2.320833,2.296491,0.000000,0.000000,0.000000,0.000000,0.000000,0.000000
0.000000,2.385380,2.329852,0.000000,1.879205,1.793996,2.160648,0.000000,2.115415
2.475008,2.394101,2.321795,0.000000,1.953477,2.153524,2.699142,0.000000,2.320858
0.000000,2.400221,2.389830,2.072995,1.611664,1.959433,2.153761,1.785125,1.667297
1.961730,2.361635,2.270792,2.051775,1.489154,2.143424,0.000000,0.000000,0.000000
1.926563,2.322627,2.296151,2.065435,1.763699,1.681993,0.000000,0.000000,0.000000
1.917669,2.336197,2.344154,2.002772,1.604953,1.821225,0.000000,0.000000,2.186833
2.510917,2.355958,2.244203,2.016218,1.801939,0.000000,2.139713,0.000000,0.000000
2.477463,2.328089,2.423964,1.965648,0.000000,0.000000,0.000000,0.000000,1.989654
1.831438,2.307648,2.227845,1.946370,0.000000,0.000000,0.000000,0.000000,2.141179
2.497420,2.442615,2.078629,0.000000,0.000000,0.000000,2.580155,0.000000,0.000000
2.226746,2.312492,2.237077,1.931760,1.956989,0.000000,2.466828,0.000000,0.000000
2.499163,2.328206,2.238862,2.022061,1.979225,2.312199,2.336944,0.000000,2.084185
1.939626,2.322154,2.303751,1.920501,0.000000,1.852348,0.000000,1.795524,1.375221
1.897592,2.182852,2.318045,2.075811,1.819020,2.133562,0.000000,1.761515,2.245869
2.519190,2.195395,2.347113,2.043027,0.000000,2.505864,2.250953,0.000000,2.213350
2.561821,2.133735,2.355941,0.000000,0.000000,0.000000,2.556616,0.000000,0.000000
1.918612,2.344677,2.160200,1.979597,1.992176,1.594952,0.000000,0.000000,0.000000
2.447501,2.257037,2.309918,1.916682,0.000000,1.978254,2.225407,0.000000,0.000000
2.419497,2.468229,2.288452,0.000000,0.000000,1.763453,2.698379,0.000000,2.039355
1.904925,2.348924,2.418938,1.837880,1.520272,1.608268,0.000000,0.000000,2.110504
2.234513,2.296668,2.316688,1.973128,1.966272,1.669413,2.122622,1.786739,2.225588
2.107018,2.359574,2.240824,2.008003,1.534478,2.012464,0.000000,1.791295,0.000000
2.219738,2.346958,2.327035,1.833372,0.000000,0.000000,0.000000,0.000000,0.000000
0.000000,2.351614,2.254864,2.025007,1.650618,1.970889,0.000000,1.825805,2.077212
2.024010,2.326146,2.249616,2.004161,1.849224,2.316272,0.000000,1.778123,0.000000
0.000000,2.309404,2.238602,1.887553,0.000000,2.023506,0.000000,1.674963,0.000000
2.003248,2.397724,2.356755,1.913585,1.780329,1.964169,1.631338,0.000000,2.173521
2.510241,2.355308,2.311139,0.000000,0.000000,0.000000,2.556485,2.009137,2.230423
2.438787,2.425383,2.253298,1.941932,1.907867,2.065846,2.219018,1.748197,0.000000
0.000000,2.343025,2.267112,2.006820,2.007609,1.949168,0.000000,0.000000,1.931356
1.896444,2.355367,2.263563,1.886347,1.698971,1.740135,0.000000,1.826491,2.062887
2.175809,2.293887,2.393416,1.977872,1.734181,0.000000,2.233888,0.000000,2.012960
2.598846,2.308462,2.423486,0.000000,1.845783,0.000000,2.746667,0.000000,0.000000
1.973703,2.350315,2.319205,2.041580,1.874175,1.963030,2.039663,0.000000,2.178791
2.440839,2.374742,2.304552,2.011325,2.045241,0.000000,2.571792,1.847217,1.801803
2.395463,2.333517,2.274810,1.973451,1.853101,2.550788,2.311621,0.000000,0.000000
2.122522,2.380276,2.248055,2.030435,0.000000,2.232724,2.152535,0.000000,2.166427
2.423517,2.356650,2.301671,1.950993,0.000000,2.578508,2.514876,1.892241,0.000000
2.476622,2.481218,2.335603,1.985793,0.000000,2.429415,1.938196,0.000000,2.001443
2.646537,2.275488,2.242398,1.931340,2.009293,1.949092,0.000000,0.000000,0.000000
0.000000,2.301452,2.267634,2.005514,1.478514,2.222244,1.874255,0.000000,2.439445
2.287339,2.303190,2.256292,1.824636,0.000000,0.000000,2.393743,0.000000,2.236239
2.509475,2.334097,2.222393,2.053255,2.148827,2.399687,2.206465,0.000000,2.206156
2.005121,2.366770,2.267509,2.043328,1.834602,2.526357,1.895265,0.000000,2.100115
2.332556,2.324868,2.367536,2.106284,1.915904,2.496608,0.000000,0.000000,0.000000
2.064580,2.442551,2.255111,1.962631,1.639839,2.479404,0.000000,1.649876,0.000000
2.127234,2.296914,2.247043,2.046174,1.779561,1.559962,1.556897,1.677341,0.000000
2.058638,2.350150,2.273375,2.019947,1.908320,2.045088,2.042807,0.000000,1.716511
2.446245,2.388358,2.244059,2.021655,0.000000,2.585094,0.000000,0.000000,0.000000
2.325545,2.388878,2.364631,0.000000,0.000000,0.000000,2.732143,0.000000,2.192023
0.000000,2.227920,2.446017,0.000000,0.000000,2.186430,2.540291,0.000000,2.222103
2.113641,2.311759,2.352981,2.041854,1.847939,0.000000,2.497645,1.972187,0.000000
2.423562,2.391570,2.386392,1.811674,0.000000,2.357142,2.651929,0.000000,2.045783
1.965968,2.338593,2.226589,1.928668,0.000000,0.000000,0.000000,0.000000,0.000000
2.138292,2.410910,2.241162,1.945275,1.721841,2.145939,0.000000,0.000000,2.103867
1.854768,2.351124,2.267991,1.924121,0.000000,2.297025,0.000000,1.743878,2.075514
2.043941,2.270256,2.288816,1.530409,1.600530,0.000000,2.408256,0.000000,2.249453
1.867475,2.319104,2.342086,1.978594,1.757474,2.169717,1.756718,1.705700,2.122155
2.615593,2.330731,2.321470,2.036779,0.000000,2.424559,0.000000,0.000000,2.142067
1.962262,2.382516,2.353178,1.958643,1.464504,2.176337,2.271122,0.000000,1.939555
2.440113,2.322707,2.266913,0.000000,0.000000,0.000000,2.616906,1.750108,0.000000
1.962544,2.322051,2.246410,1.941206,1.608600,2.034366,0.000000,1.763289,2.124201
2.213216,2.379578,2.256389,0.000000,0.000000,0.000000,2.608512,0.000000,2.067276
2.210453,2.366584,2.274760,1.987425,1.802263,2.274764,1.844249,0.000000,1.979754
2.015353,2.319857,2.252698,1.893404,1.839367,2.014816,0.000000,0.000000,2.287421
2.287339,2.323502,2.408146,0.000000,0.000000,0.000000,2.284487,0.000000,2.367454
1.957706,2.288535,2.211636,0.000000,0.000000,2.366757,2.366623,0.000000,2.015255
2.063294,2.347155,2.285284,2.007135,1.695300,1.928733,0.000000,1.807455,2.237585
0.000000,2.338802,2.262023,1.901959,1.898041,1.695107,0.000000,0.000000,1.690901
2.164692,2.321662,2.232938,1.977897,1.850475,2.431498,1.883540,0.000000,0.000000
2.316003,2.325008,2.269264,2.034444,1.789686,1.659243,2.127003,1.616087,1.987660
2.116558,2.354504,2.280182,1.949681,0.000000,2.161418,0.000000,1.772624,0.000000
2.205858,2.324067,2.257365,1.957648,1.745799,1.799184,2.339654,0.000000,2.012354
1.942420,2.354406,2.446259,0.000000,0.000000,0.000000,2.448002,0.000000,2.304970
2.289265,2.323820,2.350074,0.000000,1.906387,2.137649,2.451500,0.000000,1.791632
2.272431,2.366046,2.329003,1.992105,0.000000,2.066371,0.000000,0.000000,2.173021
2.018427,2.308969,2.181525,2.009143,1.918546,1.872959,0.000000,0.000000,0.000000
2.155640,2.359412,2.260285,1.850534,1.598587,1.754107,1.795753,0.000000,0.000000
2.650986,2.354961,2.186493,0.000000,1.897395,2.502240,2.748171,0.000000,0.000000
1.778936,2.271553,2.431345,0.000000,0.000000,1.966719,0.000000,0.000000,2.199978
1.605816,2.466902,2.382383,1.972513,1.641415,2.419876,0.000000,1.917212,2.097776
1.856046,2.339825,2.428231,1.894568,0.000000,1.701385,2.408167,0.000000,2.325698
1.941389,2.351306,2.367981,2.044121,1.906126,2.170901,1.804180,1.718407,2.246258
2.071206,2.397167,2.307694,2.008120,2.080992,1.828140,0.000000,0.000000,2.008542
0.000000,2.415197,2.290997,1.878172,1.663925,2.367193,0.000000,1.719070,0.000000
1.924306,2.396077,2.190234,1.764867,1.932570,0.000000,0.000000,0.000000,2.123289
2.029947,2.422538,2.270740,0.000000,1.667733,2.447175,0.000000,1.594392,2.154819
1.870449,2.385234,2.428387,2.054924,1.628000,2.091736,0.000000,0.000000,2.101107
2.020221,2.316808,2.246035,1.961005,1.878651,0.000000,0.000000,0.000000,0.000000
1.736575,2.353845,2.326993,1.911084,1.962644,1.891831,0.000000,0.000000,2.074881
2.000115,2.329656,2.315717,1.983806,1.964867,0.000000,0.000000,0.000000,0.000000
1.867078,2.402633,2.293995,1.927218,0.000000,1.817559,0.000000,0.000000,0.000000
1.933175,2.358693,2.269983,2.026192,1.945414,1.662132,0.000000,0.000000,0.000000
1.833980,2.420455,2.416940,1.897115,0.000000,0.000000,0.000000,0.000000,2.014592
1.991991,2.354694,2.216890,1.932282,0.000000,1.948330,0.000000,0.000000,2.345861
1.949647,2.328524,2.277302,2.041462,0.000000,2.308948,0.000000,0.000000,0.000000
1.850777,2.352957,2.388603,1.947690,1.707952,2.409928,0.000000,1.658864,0.000000
2.025673,2.276974,2.403105,2.075216,0.000000,2.093411,0.000000,0.000000,0.000000
2.283238,2.396453,2.296689,1.918379,2.060480,2.525452,0.000000,0.000000,2.280278
2.097346,2.339352,2.343033,2.061245,1.924482,1.759522,0.000000,1.780572,2.196386
2.240549,2.334716,2.335954,2.082925,1.946838,2.509429,0.000000,0.000000,0.000000
2.050030,2.418704,2.339339,2.036074,1.643929,1.770714,0.000000,0.000000,0.000000
0.000000,2.292258,2.249735,1.988464,1.871461,1.991731,0.000000,1.865308,2.191886
2.005714,2.357230,2.232316,2.001761,1.944608,1.778555,0.000000,1.816186,1.546574
1.978803,2.324865,2.256712,1.982198,1.863487,2.252786,0.000000,0.000000,2.160282
0.000000,2.211845,2.530444,0.000000,0.000000,1.888459,2.396015,0.000000,2.219998
2.193877,2.407465,2.324777,2.176525,0.000000,2.072173,0.000000,0.000000,2.148764
0.000000,2.345856,2.241142,1.911317,0.000000,0.000000,0.000000,0.000000,2.093070
0.000000,2.347632,2.266318,1.932857,1.822097,0.000000,0.000000,0.000000,0.000000
2.123341,2.342906,2.324939,1.932282,1.635363,1.746690,0.000000,0.000000,0.000000
1.684360,2.358653,2.271349,2.027258,0.000000,0.000000,0.000000,0.000000,0.000000
1.892574,2.405774,2.212722,2.049181,1.927078,1.702803,0.000000,0.000000,2.268806
2.291826,2.287734,2.256980,1.852602,1.737863,1.825231,0.000000,0.000000,2.037801
2.428195,2.268250,2.256784,0.000000,0.000000,0.000000,2.421153,0.000000,1.970032
1.836883,2.353629,2.388997,2.057473,0.000000,0.000000,0.000000,0.000000,2.137867
0.000000,2.408636,2.291181,2.020332,0.000000,1.632935,0.000000,0.000000,0.000000
2.100974,2.303821,2.238098,1.846369,1.994581,2.387556,0.000000,0.000000,0.000000
0.000000,2.379904,2.341900,2.016492,0.000000,0.000000,0.000000,0.000000,2.260377
1.794756,2.366064,2.279284,1.860285,1.948292,2.272478,0.000000,0.000000,2.183675
1.585677,2.310672,2.186655,1.879478,0.000000,1.866648,0.000000,0.000000,2.055285
1.785536,2.396271,2.247047,1.814581,1.712857,1.841137,0.000000,0.000000,0.000000
1.864361,2.341510,2.274940,2.002614,1.926650,2.317697,0.000000,1.794910,0.000000
1.868620,2.266884,2.409438,1.978243,0.000000,2.067460,0.000000,0.000000,2.271394
1.902483,2.367088,2.395486,2.004522,2.042152,2.387152,0.000000,1.992396,2.330294
1.617733,2.410044,2.290914,1.975644,2.040517,1.760988,0.000000,1.850128,0.000000
1.901669,2.342544,2.249360,2.033100,1.954612,2.059984,0.000000,1.810960,0.000000
2.165256,2.343335,2.342953,1.980483,1.769749,1.651782,0.000000,1.708859,2.071234
0.000000,2.348967,2.285118,2.048976,1.894426,1.602145,0.000000,1.603099,0.000000
0.000000,2.343001,2.233889,1.931673,1.992095,1.616929,0.000000,1.775570,0.000000
0.000000,2.357637,2.266171,1.998319,1.923847,2.039373,0.000000,0.000000,0.000000
0.000000,2.399517,2.207586,1.849914,1.833447,1.944361,0.000000,1.773290,0.000000
1.491469,2.415811,2.271452,1.967101,1.816968,2.056608,0.000000,1.928586,2.208539
1.690259,2.244755,2.283848,1.988306,1.848464,1.968823,0.000000,1.815495,1.857663
1.795961,2.364773,2.226820,1.885391,1.474538,2.468859,0.000000,1.932790,1.473907
1.730116,2.406923,2.255472,2.032030,1.764583,2.125971,0.000000,0.000000,2.090229
2.147365,2.338825,2.337752,1.693225,1.881726,2.354484,1.869837,1.895323,1.928781
2.099046,2.365582,2.248021,1.882471,1.906643,1.944790,0.000000,1.713049,0.000000
1.937614,2.329122,2.339561,2.044541,1.847383,2.420732,0.000000,1.698950,1.724792
1.764853,2.344763,2.308075,2.088714,0.000000,0.000000,0.000000,0.000000,2.042366
1.825390,2.284808,2.374544,1.945211,1.852979,0.000000,0.000000,0.000000,0.000000
0.000000,2.274106,2.358820,2.097460,0.000000,1.791632,0.000000,1.949781,1.836565
0.000000,2.328328,2.216868,1.986052,1.904135,1.834096,0.000000,0.000000,1.720844
0.000000,2.366451,2.283052,1.984662,1.805705,2.326752,0.000000,1.683991,0.000000
2.126087,2.335609,2.382743,2.088623,1.730441,2.275503,1.949980,1.720971,1.572482
1.984186,2.275694,2.335897,2.187511,1.935343,2.506581,0.000000,1.931816,2.255709
2.174532,2.249071,2.231026,2.134249,1.944429,1.742074,0.000000,1.820209,2.113512
2.130931,2.332714,2.259266,1.933847,1.955864,1.844942,0.000000,1.771659,2.021059
0.000000,2.343343,2.215978,1.713850,1.942849,2.271812,0.000000,1.691453,1.898903
1.845798,2.373967,2.276953,2.099145,1.969653,2.034116,0.000000,1.969331,1.984894
0.000000,2.347228,2.223773,1.763535,2.009177,2.094516,0.000000,1.817923,1.975377
2.013107,2.337183,2.364629,2.045804,1.822963,2.072500,0.000000,1.774054,1.649274
1.945197,2.424223,2.241569,0.000000,0.000000,2.041253,2.267331,0.000000,2.265820
2.517446,2.334797,2.381616,0.000000,0.000000,0.000000,0.000000,0.000000,0.000000
0.000000,2.392410,2.243982,0.000000,1.950003,2.171518,0.000000,0.000000,1.787122
2.122211,2.386284,2.287497,0.000000,2.006874,0.000000,0.000000,0.000000,2.022360
0.000000,2.359235,2.274187,1.562973,0.000000,0.000000,0.000000,0.000000,1.801458
0.000000,2.299267,2.270171,1.903860,2.010189,1.893084,0.000000,0.000000,1.580451
2.047753,2.401898,2.349288,1.956834,1.999297,1.863881,0.000000,2.065484,0.000000
0.000000,2.386207,2.399070,1.855038,1.878931,2.089955,0.000000,0.000000,1.905918
2.013682,2.357260,2.220318,1.828987,1.872560,2.109529,0.000000,0.000000,0.000000
1.817316,2.354874,2.278015,1.957009,0.000000,2.105511,0.000000,0.000000,0.000000
1.574565,2.311845,2.263560,0.000000,0.000000,2.005924,0.000000,0.000000,0.000000
1.940194,2.341811,2.316905,1.797759,2.093048,1.806961,1.909457,1.684107,2.047741
2.435922,2.276309,2.317976,0.000000,2.029703,0.000000,2.648235,0.000000,2.192863
2.355769,2.316626,2.289303,1.965261,1.866327,2.306611,2.563944,0.000000,2.156760
2.489100,2.371875,2.332996,0.000000,2.017087,2.391189,2.605788,1.949798,2.217648
2.438839,2.373737,2.256001,0.000000,1.817400,2.253969,2.614054,1.970521,2.233759
2.404850,2.303681,2.337048,0.000000,1.894054,0.000000,2.597841,1.918595,2.162287
2.402088,2.275169,2.273915,0.000000,2.096939,0.000000,2.579863,1.914550,2.275241
2.403263,2.339624,2.290739,0.000000,1.983282,0.000000,2.577228,0.000000,2.087707
2.363750,2.348435,2.324396,0.000000,1.956724,2.231595,2.587873,2.076642,2.109293
2.359991,2.303004,2.337752,0.000000,2.038582,0.000000,2.553328,1.816394,1.966401
2.402922,2.331909,2.285103,0.000000,0.000000,2.266034,2.574862,0.000000,2.112553
2.373727,2.288489,2.267464,0.000000,0.000000,0.000000,2.584671,2.083053,1.686851
2.390604,2.348784,2.352401,1.861070,1.894996,0.000000,2.590534,1.881627,2.154070
1.709134,2.435259,2.140685,1.636299,1.833996,2.057260,0.000000,1.912705,0.000000
2.437910,2.365943,2.318078,0.000000,1.913968,2.346805,2.660631,0.000000,2.213908
2.412785,2.369037,2.355550,0.000000,1.995084,2.273547,2.599448,1.982609,2.108779
2.288565,2.313249,2.252675,1.693790,2.061288,2.170155,2.552491,1.800932,2.117393
0.000000,2.326685,2.244914,0.000000,0.000000,1.984014,2.208767,0.000000,0.000000
0.000000,2.387255,2.250632,1.791182,1.808507,2.051748,0.000000,0.000000,1.402363
1.719639,2.337256,2.382571,0.000000,1.622202,0.000000,0.000000,0.000000,0.000000
1.989751,2.317257,1.499419,0.000000,0.000000,1.925735,0.000000,0.000000,2.067492
0.000000,2.318030,2.191729,0.000000,0.000000,0.000000,0.000000,0.000000,0.000000
0.000000,2.277182,2.341022,1.943067,0.000000,0.000000,0.000000,0.000000,0.000000
0.000000,2.395398,2.200392,2.006383,1.821534,2.166133,0.000000,0.000000,0.000000
0.000000,2.501306,2.183390,1.798479,1.578658,2.036166,2.010552,0.000000,1.872071
1.769461,2.345245,2.321422,1.468940,0.000000,1.920054,0.000000,0.000000,2.136954
0.000000,2.341292,2.281843,0.000000,0.000000,2.117760,2.220011,0.000000,0.000000
0.000000,2.321343,2.408893,0.000000,0.000000,1.996047,0.000000,0.000000,0.000000
0.000000,2.349627,2.101688,0.000000,2.106505,1.906078,2.465371,0.000000,1.961718
1.831776,2.348448,2.300941,0.000000,0.000000,0.000000,2.365988,2.002492,1.912027
0.000000,2.359802,2.363434,1.798543,0.000000,0.000000,0.000000,0.000000,0.000000
0.000000,2.444533,2.258576,0.000000,0.000000,1.913676,0.000000,0.000000,0.000000
1.691519,2.360598,2.365420,0.000000,0.000000,1.739462,0.000000,0.000000,1.544660
1.868813,2.377938,2.198373,1.752276,0.000000,0.000000,0.000000,1.936256,2.040448
1.782214,2.351097,2.171746,0.000000,0.000000,1.889299,0.000000,0.000000,1.896694
0.000000,2.407157,2.290172,0.000000,1.864015,2.033404,0.000000,0.000000,2.262359
1.839462,2.360671,2.168965,1.811175,1.504978,1.889360,0.000000,1.719639,2.020973
0.000000,2.447829,2.270452,0.000000,0.000000,2.027128,0.000000,1.874711,1.852232
0.000000,2.429180,2.216177,1.776172,0.000000,2.501978,0.000000,0.000000,0.000000
1.721153,2.346982,2.373259,1.836140,0.000000,0.000000,0.000000,0.000000,1.980464
0.000000,2.427455,2.287778,1.751804,0.000000,0.000000,0.000000,0.000000,2.249503
2.039671,2.310591,2.394130,1.875887,1.738171,1.932916,0.000000,0.000000,1.698929
0.000000,2.431182,2.430520,0.000000,0.000000,0.000000,0.000000,0.000000,1.606972
2.352040,2.405990,2.353536,1.657669,1.837605,0.000000,0.000000,0.000000,0.000000
0.000000,2.408314,2.247946,1.656492,0.000000,1.997527,0.000000,0.000000,1.831852
1.896282,2.400231,2.429873,1.740103,1.857593,2.105115,1.972917,0.000000,1.828183
1.808457,2.353339,2.280914,1.945709,1.939387,1.920687,0.000000,0.000000,0.000000
1.700888,2.373340,2.291856,2.000835,1.862864,2.413184,0.000000,1.510890,0.000000
0.000000,2.371210,2.259755,1.778444,0.000000,0.000000,0.000000,0.000000,0.000000
1.712743,2.418604,2.327254,1.837192,1.614104,1.938534,0.000000,0.000000,1.313541
0.000000,2.431446,2.258639,1.789275,1.892961,1.887379,0.000000,0.000000,0.000000
1.804827,2.359607,2.287481,1.981781,1.776696,1.860319,0.000000,0.000000,1.618775
0.000000,2.382114,2.406038,1.994657,0.000000,2.093738,0.000000,0.000000,2.179755
0.000000,2.366611,2.206751,0.000000,1.889266,1.626949,0.000000,0.000000,0.000000
1.676569,2.394128,2.397768,1.792104,1.922136,1.902791,0.000000,0.000000,0.000000
1.541748,2.332632,2.248714,1.942008,2.021055,1.843228,0.000000,0.000000,1.501540
0.000000,2.445275,2.385879,1.980822,1.963756,1.943237,0.000000,0.000000,1.763971
0.000000,2.409529,2.319594,0.000000,0.000000,1.701054,2.231411,0.000000,0.000000
2.073946,2.270696,2.278391,2.025636,0.000000,1.918731,2.142527,1.984561,2.233870
0.000000,2.397534,2.164778,0.000000,2.142746,0.000000,0.000000,1.937239,0.000000
0.000000,2.356901,2.368572,0.000000,1.886240,0.000000,0.000000,0.000000,1.926505
0.000000,2.478156,2.285905,1.899210,0.000000,2.073699,0.000000,1.874761,1.940179
0.000000,2.402303,2.225148,1.977888,0.000000,1.784476,0.000000,0.000000,0.000000
2.085023,2.371321,2.380436,1.929020,0.000000,1.848740,0.000000,0.000000,2.080734
1.738624,2.452464,2.388757,2.021091,0.000000,0.000000,0.000000,0.000000,0.000000
0.000000,2.473273,2.348521,0.000000,0.000000,1.765542,0.000000,0.000000,0.000000
1.924352,2.387905,2.188161,1.956405,0.000000,1.890604,0.000000,0.000000,1.842916
1.988238,2.362423,2.348359,1.973312,0.000000,0.000000,0.000000,1.931021,2.045904
0.000000,2.427762,2.248455,1.978047,0.000000,1.769827,0.000000,0.000000,2.009450
1.855657,2.363058,2.238962,0.000000,0.000000,1.767773,0.000000,2.151698,2.127854
2.253034,2.369176,2.252545,2.081730,1.868999,2.050255,2.447035,2.044454,1.916762
2.058295,2.388466,2.252654,1.965022,0.000000,2.058348,0.000000,1.774624,2.170732
1.845508,2.310558,2.326792,1.899363,1.908558,2.003386,1.941488,1.465416,2.056047
2.181992,2.384733,2.268172,2.037933,0.000000,2.141414,0.000000,2.157717,1.919466
2.098165,2.340809,2.240760,1.981556,1.759984,1.965258,0.000000,1.736444,1.930997
1.964681,2.346795,2.289370,0.000000,0.000000,0.000000,0.000000,0.000000,2.002723
0.000000,2.370269,2.292426,1.946529,1.640144,2.056553,0.000000,1.788151,1.681478
2.041813,2.399248,2.294321,1.980865,1.667502,2.083022,1.933324,1.677365,0.000000
0.000000,2.368510,2.230498,2.059463,1.751166,2.072040,0.000000,0.000000,1.869582
1.940996,2.327917,2.331848,1.967206,0.000000,1.871656,0.000000,0.000000,2.027287
1.528778,2.423740,2.399637,0.000000,0.000000,1.741884,0.000000,0.000000,0.000000
0.000000,2.364500,2.235214,1.936768,2.037697,1.831480,0.000000,0.000000,0.000000
0.000000,2.403808,2.360141,1.867761,1.970213,0.000000,0.000000,1.725657,1.880472
1.626057,2.385503,2.202917,1.794305,1.683529,2.023202,0.000000,1.459960,1.821834
2.338743,2.361315,2.265750,2.003492,1.977011,1.951807,2.123895,0.000000,2.206991
0.000000,2.443643,2.278473,2.022441,1.754557,2.156520,0.000000,1.895349,1.966317
1.833037,2.368680,2.214935,2.033126,2.004376,2.049092,0.000000,1.904494,1.572527
1.693356,2.314302,2.227020,1.943771,1.825231,1.983081,0.000000,1.888387,1.261895
2.294685,2.328730,2.261865,1.987725,1.831116,1.738915,0.000000,0.000000,0.000000
2.305932,2.329826,2.263116,1.990730,1.825266,1.889778,0.000000,0.000000,0.000000
2.291437,2.337431,2.263061,1.885488,1.818296,1.738058,0.000000,1.594552,1.261444
2.307827,2.335505,2.265606,1.888714,1.819427,1.639229,0.000000,0.000000,1.480126
1.855458,2.444637,2.283637,1.961846,1.821088,0.000000,0.000000,0.000000,0.000000
0.000000,2.393949,2.244426,0.000000,0.000000,2.063553,0.000000,0.000000,1.696413
0.000000,2.369072,2.284000,0.000000,0.000000,0.000000,0.000000,0.000000,2.251768
2.328330,2.332352,2.277542,1.951258,1.848314,1.753582,0.000000,1.771233,1.812830
2.326766,2.315671,2.263859,2.002530,1.764732,1.883292,0.000000,1.839861,2.049578
2.324719,2.328234,2.247483,1.938579,1.759129,1.758650,0.000000,1.697539,1.621726
2.279368,2.336820,2.253383,1.974520,1.876617,2.149771,0.000000,1.726237,1.655639
0.000000,2.351714,2.286045,0.000000,1.691386,1.767893,0.000000,1.686329,1.897514
1.775557,2.354980,2.383340,1.888376,1.895139,2.120358,0.000000,1.683552,2.132890
1.900587,2.356478,2.248848,1.921896,1.806061,1.828788,2.000326,0.000000,2.135900
0.000000,2.306912,2.259923,2.047318,1.718259,1.840544,0.000000,0.000000,2.102575
1.832517,2.375988,2.313916,1.952029,1.794062,2.013809,0.000000,1.867987,2.230561
0.000000,2.346304,2.302407,1.819187,0.000000,2.180067,0.000000,0.000000,2.041448
2.066460,2.396359,2.322699,1.991677,1.596700,1.968643,1.949189,1.685279,2.049483
0.000000,2.378260,2.331069,1.874791,1.654669,0.000000,0.000000,0.000000,1.518236
1.843150,2.273265,2.313055,1.886741,2.033894,0.000000,0.000000,1.657751,1.654919
1.851867,2.257124,2.274778,1.900040,2.023794,0.000000,0.000000,1.538732,1.752305
1.805989,2.360587,2.263581,1.792473,1.876556,0.000000,0.000000,1.616579,1.720261
1.856625,2.251106,2.272674,1.328588,0.000000,0.000000,0.000000,1.448913,1.646871
2.006556,2.405911,2.248527,1.691826,2.032561,2.058527,0.000000,0.000000,1.650590
1.988883,2.337406,2.261463,1.884463,1.710191,0.000000,0.000000,1.569586,1.662026
1.819860,2.338546,2.260917,1.866700,1.711124,0.000000,0.000000,0.000000,1.682483
1.793586,2.367443,2.320996,1.856096,1.970326,0.000000,0.000000,0.000000,1.628425
2.013538,2.367280,2.263593,0.000000,0.000000,2.119058,0.000000,0.000000,2.130375
0.000000,2.403090,2.239435,1.849038,0.000000,2.232086,0.000000,1.814676,2.106298
0.000000,2.267785,2.305362,1.859839,0.000000,2.037271,0.000000,0.000000,2.209931
0.000000,2.391701,2.238919,1.821625,0.000000,2.152010,0.000000,0.000000,2.246464
0.000000,2.450193,2.233965,1.926369,0.000000,2.153431,0.000000,0.000000,2.010329
1.963780,2.399389,2.248429,1.942420,1.760946,0.000000,0.000000,0.000000,1.597253
1.928712,2.236361,2.271399,1.774624,1.998721,1.997034,0.000000,1.646170,1.726149
0.000000,2.390802,2.270687,0.000000,0.000000,2.077028,0.000000,0.000000,2.080235
2.048510,2.364424,2.274408,1.873798,1.624157,2.227928,0.000000,1.910177,2.056381
1.915652,2.317334,2.336209,1.995979,2.049827,2.085387,0.000000,1.851180,0.000000
0.000000,2.371776,2.259716,1.675914,0.000000,2.086292,0.000000,0.000000,1.928806
0.000000,2.272715,2.218875,1.806901,1.826034,0.000000,0.000000,0.000000,1.562346
1.805399,2.340847,2.299162,1.954427,0.000000,1.813737,0.000000,0.000000,2.225699
1.945449,2.320029,2.382450,1.848404,0.000000,2.083886,1.953207,1.918190,0.000000
0.000000,2.200930,2.267392,1.854382,0.000000,1.950335,0.000000,0.000000,2.106772
1.871939,2.322500,2.337006,2.036868,1.863011,1.957264,0.000000,1.954155,2.003014
1.991694,2.325349,2.336868,1.992265,1.713202,1.811518,0.000000,0.000000,0.000000
2.174275,2.370778,2.418794,1.582741,0.000000,2.112407,2.132208,2.068100,2.090730
1.826140,2.323079,2.304424,1.948483,1.921849,0.000000,0.000000,0.000000,1.936981
1.916678,2.344439,2.303325,2.027426,1.792294,2.372028,0.000000,1.920963,1.513839
1.857516,2.345349,2.250378,1.969146,1.779500,1.966028,0.000000,1.643245,1.746567
0.000000,2.320619,2.251118,1.934007,0.000000,1.775066,2.005266,0.000000,2.217361
1.917876,2.320135,2.292232,1.976055,0.000000,1.877920,1.909862,0.000000,1.788404
2.232577,2.356749,2.328486,2.021456,1.874650,0.000000,0.000000,1.682926,1.816101
1.960143,2.321813,2.279284,2.043755,0.000000,2.041854,0.000000,0.000000,2.194313
0.000000,2.340399,2.308847,2.052033,1.695386,2.365021,0.000000,0.000000,2.116918
2.041210,2.409443,2.283353,1.907948,1.665438,0.000000,0.000000,0.000000,2.240279
1.954361,2.331335,2.227302,1.933976,0.000000,2.071842,1.868755,0.000000,2.134144
1.965391,2.310962,2.311523,0.000000,1.833455,0.000000,0.000000,0.000000,0.000000
2.070965,2.335073,2.292529,1.955752,0.000000,2.001685,0.000000,1.729087,1.920735
2.020104,2.367171,2.307284,1.960767,1.647337,0.000000,0.000000,0.000000,1.478205
0.000000,2.412495,2.364306,2.047968,0.000000,2.059792,0.000000,0.000000,1.498175
2.039477,2.317592,2.318653,1.769185,1.805236,1.677558,0.000000,0.000000,2.210562
1.779659,2.421645,2.202383,2.045418,1.615734,0.000000,0.000000,0.000000,1.727059
1.771685,2.325985,2.357457,1.998804,1.772432,1.914695,0.000000,0.000000,2.063884
0.000000,2.287412,2.297366,1.956252,1.887184,1.732440,0.000000,0.000000,0.000000
0.000000,2.308684,2.261953,0.000000,1.563021,2.103956,0.000000,0.000000,1.866222
1.909429,2.280019,2.310320,0.000000,0.000000,0.000000,0.000000,0.000000,0.000000
0.000000,2.270549,2.242096,1.910187,0.000000,0.000000,0.000000,0.000000,2.069796
0.000000,2.376410,2.433550,1.949499,0.000000,1.719749,0.000000,0.000000,2.063536
0.000000,2.358129,2.308017,1.837581,1.703517,1.765218,0.000000,1.651980,1.436221
0.000000,2.400159,2.434975,1.804468,0.000000,2.360324,0.000000,0.000000,0.000000
1.551581,2.357956,2.229801,1.900577,1.825399,1.908153,0.000000,0.000000,0.000000
0.000000,2.345061,2.434084,1.807646,1.963184,0.000000,0.000000,0.000000,0.000000
1.935428,2.380337,2.304503,2.069269,1.521738,2.312877,0.000000,0.000000,0.000000
0.000000,2.357028,2.267343,0.000000,1.865690,1.866700,0.000000,0.000000,1.717536
2.030943,2.333445,2.269483,1.874212,2.002164,2.361993,0.000000,0.000000,2.346385
0.000000,2.356371,2.242856,1.826105,0.000000,1.967937,0.000000,0.000000,0.000000
0.000000,2.327043,2.273162,1.989391,1.712416,1.861118,0.000000,0.000000,0.000000
0.000000,2.403249,2.272365,1.860723,0.000000,1.779769,0.000000,0.000000,0.000000
1.659485,2.278253,2.367790,1.947711,1.667989,1.674424,0.000000,0.000000,2.110037
0.000000,2.325470,2.383506,1.954820,1.862830,2.348155,0.000000,0.000000,0.000000
0.000000,2.204320,2.329436,0.000000,0.000000,2.304230,0.000000,1.964706,0.000000
1.708485,2.391578,2.268790,1.929518,1.829597,1.980164,0.000000,1.559324,0.000000
1.869147,2.346205,2.236451,1.985136,2.012997,0.000000,0.000000,0.000000,0.000000
1.699306,2.358718,2.292707,1.866058,0.000000,0.000000,0.000000,0.000000,0.000000
2.331512,2.358943,2.306404,1.789366,0.000000,2.480401,0.000000,1.850938,2.010304
1.779647,2.392106,2.321633,1.919724,1.674154,1.965307,0.000000,1.463169,1.712320
1.787539,2.338826,2.219403,1.895139,0.000000,1.819842,0.000000,0.000000,2.168661
1.858025,2.361423,2.313869,2.014481,0.000000,2.137328,0.000000,0.000000,0.000000
1.840124,2.328701,2.247710,1.951583,1.780766,2.154982,0.000000,1.672821,1.584321
0.000000,2.418154,2.317585,1.958880,1.483685,1.993910,0.000000,1.509267,2.142664
0.000000,2.366486,2.261994,1.772842,1.944246,1.749509,0.000000,0.000000,0.000000
0.000000,2.275074,2.212773,1.910083,1.911503,1.737554,0.000000,0.000000,0.000000
0.000000,2.375009,2.280542,1.842534,0.000000,1.957484,0.000000,0.000000,1.517801
0.000000,2.335791,2.279090,0.000000,1.815219,2.007618,0.000000,0.000000,0.000000
1.763549,2.406781,2.256768,1.895265,0.000000,2.004154,0.000000,1.608968,2.126769
0.000000,2.362324,2.248537,1.838259,1.834932,1.979657,0.000000,0.000000,2.136416
0.000000,2.329428,2.328764,0.000000,0.000000,1.752158,0.000000,0.000000,0.000000
1.754833,2.377466,2.261018,1.762892,1.505711,1.746736,0.000000,1.769618,1.627771
1.909254,2.358269,2.274516,1.916405,1.979303,1.922818,0.000000,0.000000,2.110263
1.944361,2.187484,2.267670,1.886763,1.802242,2.071062,0.000000,1.870798,1.599716
1.937448,2.344653,2.219012,1.929989,1.854167,1.803427,0.000000,0.000000,2.316795
0.000000,2.343184,2.283452,0.000000,2.027939,1.762150,0.000000,1.793608,1.901016
1.645260,2.344991,2.313990,1.826833,1.751166,1.914568,0.000000,0.000000,2.080317
0.000000,2.378550,2.249320,1.515925,1.897436,2.281320,0.000000,0.000000,2.047690
1.859956,2.301357,2.264420,1.947000,1.991565,0.000000,0.000000,0.000000,0.000000
2.268917,2.375029,2.323828,1.936157,2.103098,2.508310,2.073510,0.000000,0.000000
1.897016,2.325575,2.266672,2.067644,1.953260,2.258973,0.000000,1.636734,1.987256
2.222591,2.358352,2.244475,2.018367,1.876884,0.000000,2.025506,0.000000,0.000000
0.000000,2.365655,2.269663,1.988931,1.999660,1.978732,0.000000,1.743706,1.963156
1.922750,2.328177,2.266396,1.984077,1.716754,0.000000,0.000000,0.000000,0.000000
0.000000,2.341607,2.265331,2.041229,1.673390,2.321978,0.000000,0.000000,0.000000
2.150691,2.323408,2.370139,1.813910,0.000000,2.257487,0.000000,1.792540,2.203056
2.061958,2.302498,2.357006,1.945488,0.000000,1.958841,0.000000,0.000000,2.152755
0.000000,2.316713,2.204505,1.864414,1.822214,1.724508,0.000000,0.000000,0.000000
1.859777,2.393940,2.256319,1.990144,0.000000,2.035988,1.939421,0.000000,1.843871
0.000000,2.352229,2.409459,2.020322,0.000000,1.958669,0.000000,0.000000,1.884108
1.798554,2.335598,2.207452,2.029401,1.918612,1.884680,0.000000,1.661175,2.029604
0.000000,2.379454,2.235439,1.859694,1.933316,1.726044,0.000000,0.000000,0.000000
1.749869,2.356753,2.263215,1.914469,1.877698,1.784901,0.000000,0.000000,0.000000
0.000000,2.332979,2.399137,2.062729,1.562780,2.319751,0.000000,1.744904,1.774320
0.000000,2.349636,2.196615,1.781335,0.000000,0.000000,0.000000,0.000000,0.000000
2.055282,2.328395,2.199328,1.954608,1.668270,1.894017,0.000000,0.000000,0.000000
2.461415,2.343801,2.322718,2.168567,0.000000,2.017905,0.000000,1.882946,2.121748
2.102239,2.329509,2.239889,1.938579,0.000000,0.000000,0.000000,0.000000,2.142892
1.716417,2.347131,2.251056,1.966137,0.000000,1.937068,0.000000,0.000000,2.326734
1.772496,2.353262,2.341677,1.870220,1.647308,2.198294,0.000000,0.000000,0.000000
2.201139,2.346365,2.306049,2.007004,1.898760,2.349617,0.000000,0.000000,0.000000
1.969037,2.341676,2.306414,2.020162,1.420969,2.113993,0.000000,0.000000,1.787655
1.941279,2.423234,2.302631,1.929985,0.000000,2.103517,0.000000,0.000000,2.222395
1.926336,2.350274,2.237986,1.974472,1.795480,2.114777,0.000000,0.000000,2.025815
0.000000,2.371367,2.284840,2.019922,0.000000,1.758749,0.000000,0.000000,0.000000
0.000000,2.348164,2.292632,1.978417,0.000000,2.008508,0.000000,0.000000,2.281818
0.000000,2.367926,2.285777,1.920670,1.964772,1.837573,0.000000,0.000000,0.000000
1.860770,2.353728,2.286291,1.930790,1.822981,2.254708,0.000000,0.000000,1.855266
0.000000,2.380725,2.064443,0.000000,1.800658,0.000000,0.000000,0.000000,0.000000
1.738301,2.383014,2.303642,2.040126,0.000000,2.200932,0.000000,0.000000,0.000000
2.182185,2.321613,2.236283,0.000000,0.000000,0.000000,0.000000,0.000000,2.075201
0.000000,2.360642,2.221488,0.000000,1.873705,1.853332,0.000000,0.000000,1.885187
0.000000,2.375594,2.301581,1.937732,0.000000,1.791103,0.000000,0.000000,2.008231
1.854482,2.303470,2.260437,1.942900,0.000000,2.037850,0.000000,0.000000,2.375260
1.839534,2.340583,2.266884,2.058864,0.000000,1.850010,0.000000,1.735820,1.935308
0.000000,2.446097,2.287543,0.000000,0.000000,0.000000,0.000000,0.000000,0.000000
0.000000,2.346888,2.243388,1.797361,0.000000,0.000000,0.000000,0.000000,0.000000
1.790266,2.354767,2.305772,1.856025,1.860216,2.311089,0.000000,0.000000,1.741393
1.687642,2.304809,2.336088,0.000000,0.000000,1.769382,1.668855,1.714591,0.000000
1.945921,2.284236,2.227150,1.895486,1.830265,0.000000,0.000000,0.000000,0.000000
1.855855,2.446912,2.317349,1.824236,1.326098,2.340057,0.000000,0.000000,0.000000
1.979646,2.345882,2.327244,2.040626,1.794668,2.517371,0.000000,0.000000,1.840845
2.207090,2.361219,2.280893,0.000000,0.000000,0.000000,0.000000,0.000000,1.988361
0.000000,2.392768,2.255376,0.000000,1.758282,0.000000,0.000000,1.801657,1.490893
0.000000,2.309982,2.298149,0.000000,2.014734,1.805715,0.000000,0.000000,0.000000
0.000000,2.325151,2.267684,1.867059,1.650247,1.919889,1.609518,0.000000,1.935919
0.000000,2.334964,2.295717,1.842002,1.760501,1.720699,0.000000,1.663741,1.344622
0.000000,2.381417,2.265249,2.039264,2.100189,1.825726,0.000000,0.000000,0.000000
2.033607,2.307169,2.260662,2.085800,2.037304,1.913521,0.000000,1.623654,0.000000
