0,9.89423992472933,0,6.25455931392442,0,6.76078542189077,7.58910817965937,8.25581284274481,6.45453796783646
0,9.27603447517155,0,0,0,7.01031186730723,7.4582149919882,6.95029739324781,4.26955757977876
5.17823794621749,9.44182503925946,0,0,0,0,7.12795851179353,8.15266463126683,6.42928389931753
5.58514907754498,8.37676953015342,4.4254452550414,6.98979598931835,0,7.03144086029113,6.04623678295496,8.38016770153744,7.09646472304501
5.57420515911711,8.59281259221458,4.27179315427418,6.54753118711956,0,6.76389645583988,6.62521993934989,8.38308105876629,6.78721344132865
5.30910892762624,7.97121696036722,0,0,0,4.37172374167799,6.65596788172618,8.88897327612892,7.91679290825745
4.6317147412102,9.79267888930458,0,5.71098977290555,0,5.93856469974712,6.59271571296339,8.65613914879226,8.19579161968175
0,9.90893270077202,0,5.38160097068477,0,5.32095909702886,6.32145151404019,9.51097815558818,9.0318462810806
0,8.76149687956602,0,0,0,4.9864792042185,8.03659604851962,8.62218183793931,0
4.37462430490712,8.34149604468796,4.22595744902399,6.46507105319128,0,7.23125806034868,7.74336076346498,8.50196990292472,6.49742334707626
0,9.57902392310289,0,5.00253591583961,0,6.39181660582932,7.13253748696486,8.00235619952689,7.12201145430644
0,9.69623580493233,0,5.23340544237089,0,6.80422641815328,7.20053682697862,8.38334632046223,5.77221963620943
0,9.15159198892247,0,0,0,4.95871022123134,7.54063746055361,7.62820142872986,5.69984138542294
0,8.97013458506018,0,0,0,0,7.41774855644403,6.84817511153329,0
5.16031886839075,8.66335547738981,4.82052347182724,6.09435952582602,0,7.38114068357428,6.07306757530961,8.3845185745117,6.97302790559833
4.79256219959515,10.1068609560267,0,5.32002993345369,0,6.16344111184695,6.93627470630921,8.70922907761985,7.48668618044023
0,7.74120773254729,0,5.99401130137456,0,6.51140351789051,7.09473264731229,8.00674749546853,6.20170521306667
0,8.68523156074305,0,5.89536655706265,0,6.60007456002367,7.98423101887699,8.33024173315042,0
6.50217516426097,9.01777452112611,0,0,0,0,6.29258713973878,8.85631477256574,0
0,9.35193541580248,4.55660999537271,6.40735841945659,4.32585302986794,7.01641235500911,6.56700992558775,8.50177696976125,8.02923086578831
4.87733244678184,8.93684781713355,3.99212724966981,5.36133911296419,0,6.55183719141249,6.83242810236215,8.2279659257681,7.19060820987694
4.42819431551889,9.01522654183333,2.44841554120559,5.99518262647639,0,6.67275420427872,6.51009463664821,8.53286573301046,0
4.34885757328237,8.82527330210721,0,5.75441221560752,0,6.73898153473345,6.89452818540104,8.31821772490785,7.42598939199592
5.34962816078246,8.68196667749026,4.77870323674897,5.56256447274066,0,6.48186805173234,7.17523719513355,8.1789081125891,6.6265058062609
5.32149663949544,8.71202121530238,4.80516792779499,6.79808549173621,4.80541351741597,7.07067312890058,6.44735340499267,8.33211824752861,7.2575526263806
0,10.0677427238933,0,5.61495126094959,3.02091257208429,6.48556609995652,6.7161951779548,3.87598123408088,5.71827692080665
3.14113047624335,9.81950793874085,0,4.44406202559333,0,6.69814474195051,7.25667119939912,8.39717916895848,5.57901258770025
6.47041243197595,7.04482664848845,0,0,0,0,8.10211098692613,9.67361516328384,8.07554842146741
0,6.93934115154132,0,0,0,0,7.04444293536163,8.50058401960885,7.55144957582255
0,8.41360443859259,5.19039802432854,6.46345058508243,0,0,6.6501755503468,0,7.99123362506553
2.1938856760707,10.4836060027981,5.58874566466784,5.93261647129878,0,6.82252413461948,6.81020860007712,8.74290464285095,6.57649742381348
7.05575278106547,0,0,0,0,0,6.98634462334237,8.80495526066819,8.1251515836401
1.7227665977411,10.2746406799265,5.02005743267516,5.24238173421773,0,6.93934115154132,6.04398583720008,7.89538013946062,7.24939272434414
0,10.3853826966246,0,5.34013086936145,0,6.43848737902122,7.25590196044899,7.87046002087279,7.39452383815434
6.19963658249205,9.29991595856855,4.34211568336104,6.46082734606584,0,6.79026595018967,6.86044352143089,8.61082742214761,7.34648751533977
7.0161521801522,8.42409715857839,4.18006343762464,5.8652775468576,0,6.8803429713718,6.43920659079615,8.72585803021622,7.32326312291492
0,9.93588697658279,0,5.58938121434623,4.40610930518984,6.23305686849065,7.69286157625565,7.8979579637995,7.75953308939105
0,10.1276625717044,0,5.2322843959436,0,6.34723157901929,7.50645440799837,8.22343134118049,6.71090062649085
6.2148480696268,8.79849998489461,5.04452129009539,6.16196652709659,0,6.22718863062752,7.5717259342234,8.42682418388871,0
5.20811909862989,8.93493463599916,4.91669084791971,6.57954283615031,0,6.3808680216688,6.61451109998844,7.06709817020568,0
0,10.5737038178054,0,5.70963199944509,0,6.26185421401906,6.16251448386387,7.55944484639243,7.34385304619807
0,9.00075326542601,5.96717185453894,5.37578753731494,5.64321826768142,6.36700295197399,7.07581731702804,8.09978201228967,5.74297113601378
4.716711560721,9.1742125508973,0,5.08956969551756,5.3963511068194,6.96573169150326,6.52303353201187,8.778349033728,0
5.4886484281157,9.17446134915119,0,0,0,6.29168024449705,7.0379147430399,8.6187022999179,0
5.23925714541849,0,0,0,0,0,5.69622062244891,9.315213769011,7.91058694387117
5.31073988654659,8.75193798730304,4.10363460912919,6.16797760049388,0,6.71020637232941,7.17455584235403,8.54739644614783,0
6.14622218555573,8.0303509857322,4.40976338964548,5.67486846449156,0,5.90506207560686,7.15935411126084,8.5263491474313,7.66019914121263
5.00609165404638,8.44923977950395,0,0,0,6.84837675546264,7.09701934734267,8.51884782176013,6.53000260944051
6.24839097638976,0,0,0,0,0,6.62286929383236,9.03058073067246,0
5.81036224671876,8.85377685040118,4.84166422167044,5.79557131028393,0,6.76637602947057,6.36476796840775,8.00007447427713,0
0,8.41570295433651,0,0,0,6.62794877929998,6.97428244645119,7.53177743646635,5.1096356266014
5.83100232466692,9.3282567320778,3.65764675168284,6.23472440200702,0,6.22515231229786,6.7046716747957,8.58697854880327,4.74562753868335
0,10.6000987265372,0,0,4.49836418167028,6.70302859131546,0,5.65515229768813,4.65975306375838
4.56767598156051,8.66085707651931,0,5.44285051728033,0,6.5950288654241,6.99120448563641,8.76522133689118,0
6.26737131194908,8.94423973595798,0,6.60242505667998,0,0,6.6041470559801,8.37401542173991,5.7407892002853
5.28720586179332,8.60408072740455,4.89342709319071,5.43394032033275,0,6.64096021299513,6.69932791150361,8.58882896735243,5.47201854104838
6.22971343619779,9.82450603160472,2.797890905102,5.4266666049757,0,6.47158866599638,6.43530064848536,7.69962952241975,7.35441991033762
4.58649692072247,9.11034654098148,4.64150211523548,6.59653159794732,0,6.81193797060985,7.00447355785857,8.32152374660278,6.37835826963071
7.01134021923851,8.14679305794473,4.13180089926605,7.17700348695437,6.07385066070593,7.3132403868903,5.90941357421911,8.08209327817838,0
6.46226473401741,8.16184308377992,5.27785952464564,5.93494710427281,0,6.34714399570561,6.39010642986802,8.41194600267001,0
0,9.47169643607275,0,4.89230210713439,0,6.69045711008345,6.75135874577976,8.05098714222681,7.54146556959281
0,7.46042125856246,0,7.48032113733128,0,7.13512190056922,6.69995590140253,7.58680353516258,4.46602305457793
0,9.34278867827441,0,6.4356374163192,0,6.35459610220007,6.59653159794732,7.26926153332299,5.27571382033818
0,8.33283035262307,5.13084501260429,6.89238780185102,0,7.23653370831338,6.42917094052316,7.92153200367994,6.87956154461135
0,8.2041577547925,0,6.73861447317547,0,7.05518341304857,6.59868612464871,8.13420067249343,0
0,8.27287707486923,4.96452154513023,6.85881710385962,0,7.15110137761385,6.22734661787038,8.14861048782425,6.47290255397938
0,9.99833853601687,0,6.00790368105975,4.32001824338994,6.39896092412523,7.16293223807734,8.53217638071825,6.94827322728502
0,8.50323218855961,0,0,0,6.55152309415398,6.51364545491211,7.25274117136855,6.31398273439522
0,8.48384527955719,5.25739119993539,0,0,6.3029852090396,7.5316274053882,6.75076223011523,0
0,8.5482518392007,0,0,0,6.83930511734441,6.99580278567062,7.10229357328601,6.60824351077678
0,9.70280241252521,7.13256943406047,0,6.13841796006415,6.39551198412853,7.85620724906459,7.79882255739483,0
2.66235524184008,8.33466601348371,5.76472077276128,5.07273333969447,0,6.48312264186018,6.91030203324871,8.21530400752943,7.74798968034606
3.13853307218566,8.38506652598604,0,0,0,6.46079607554456,5.94560383789236,7.68876680598315,7.34575211209279
0,7.5884198752397,0,6.77516059037054,0,6.52510296893913,7.16703016083307,8.04222043648989,0
0,8.31703591968512,0,7.04838640872188,0,6.74757478967123,6.15742380189435,7.65088714807836,6.58841740712634
0,8.3067116375964,4.98319557833747,5.7037491407673,0,7.0458811010334,5.93547603689913,8.04772062113373,7.14249533022189
0,8.354469535081,5.44016409077627,6.47432270178992,0,6.72398867861545,6.79232198052977,8.04754469910192,6.35193228928541
0,9.58550433570838,0,6.43297224656308,0,6.65980660874896,7.19623703160448,7.44773962496833,6.99917608679376
0,8.62375258812889,5.46081879589268,6.33013080367766,0,6.92613532626357,7.33121746379196,8.28574777478264,5.58567438617587
2.34755845863678,8.43351806114315,0,6.03253451088132,0,6.97547000065018,5.98936233901611,8.23408464443442,7.1653466327499
1.26694760348732,7.88069851896974,5.91022737634736,5.63375335216087,0,5.96213871772615,5.83968189462286,7.94472617910167,6.62095281955736
0,8.42348672497593,0,5.73737842408472,0,6.71198367446378,6.89363607042125,7.61160003589026,5.60785877335271
0,7.64084406663503,0,0,3.58045870515952,6.7800468996604,5.82159513950327,7.48963005863247,6.56966373198527
0,8.71722204457805,0,5.62311457158875,4.30555047596327,6.79154725234761,0,8.78506074650115,6.43530064848536
0,9.05518018276575,0,0,5.09460872787243,7.14101548395077,6.42606765695947,8.27811586912038,6.69592251881379
0,8.2586426454707,0,2.7219531062712,0,6.90757526278019,6.61795095614926,8.17469161480035,7.87656255676654
4.45701814496423,8.1019534670162,4.86422127564072,5.8964668184857,0,0,5.96514623879011,0,6.94577334616966
0,9.94938783071889,0,4.92180408038964,0,6.93736262373479,7.02316216048558,8.32077433295952,6.81919725200035
3.01847176052348,8.91043186030075,0,5.1102392726417,0,6.76334203606061,6.76766528280321,8.3979005168282,7.34440246657341
3.902982260776,8.18762744995612,4.17945134885266,5.26388118922691,0,7.02533384929246,6.5687097342418,8.37319579214349,6.94221467503371
4.00787849107167,6.96346430964022,0,5.634932450109,4.51710370711964,6.81963419558696,7.47747414423735,9.14177669408677,7.7938877889987
0,8.76317319469565,0,5.44003391916652,0,7.12827138157406,5.84701664274211,8.40868104792603,0
0,8.13024753474495,0,6.66453656323688,0,7.40640710181642,6.67418253217739,6.6845992275898,0
4.73056859538243,8.30017583658196,3.17345996133772,5.64728266741672,5.06423925018105,6.67151382339875,5.99555616501124,8.57743750563078,7.10645858585845
4.14867490676715,8.05858360284819,4.51327417128355,0,0,6.89946097615732,6.84784602622823,8.21502807754897,5.28695303646899
4.24420031776648,8.85618225816173,4.27624936551971,5.97291862982088,0,6.83614111777234,6.70590833645701,9.70009147993862,8.36688644752524
0,8.45602817361219,5.13926301669243,6.24465221977057,0,6.64926948352064,6.41132553549988,8.40169928370612,7.5952163240711
0,8.55970847151895,0,4.62064975683648,0,6.52879090392644,6.34424943457859,8.24142124433682,7.2305124642173
3.25076201373052,9.11885317525086,0,5.2553576721079,4.58680252862991,6.84140177843212,7.38104101621401,8.81361545685904,7.08999349897034
0,8.75913337398617,5.19428929612399,5.97810064664985,5.00495251096076,6.75292436785001,6.95245135953099,8.93298083832732,7.74476034988391
0,9.32724302020526,0,5.71495318265837,0,5.0737978690539,6.77084676171468,7.74317862989987,6.53628571813193
5.94508023655045,0,0,0,0,0,6.25640242007917,8.43986064127919,5.12515374753885
0,0,0,0,6.9501152901482,0,0,6.52545478740443,0
0,7.31002194418747,7.76210251971393,6.74838433056499,0,5.79182387654356,7.21507820093889,6.31584612830036,0
4.23033127142169,8.04743593181901,5.0288025980517,0,0,0,8.01852667847406,9.31436699839919,6.35153123258282
0,8.83670091234686,0,0,0,0,7.07352392243502,7.36675483488304,0
0,8.288919000853,5.82879854797247,0,5.32622431980104,6.94932899089207,7.84842637958167,0,0
0,8.86281911916805,0,6.46234279376438,0,6.57929287780874,7.26220073946859,7.5684412493867,5.75215985522951
0,8.99713601283925,5.48483842640575,6.18896203143861,0,6.72612548286658,7.10025816304984,8.46583042093107,7.25738345265288
0,8.87592581687555,4.92949754263662,0,0,7.22260981348361,6.11357155424442,8.58363053365145,6.49388998792049
0,8.18360120289526,0,6.04358250137009,0,6.89869435249162,7.19625951336615,7.66592211491601,6.42567906850213
3.55134004009187,0,0,4.63249348163698,0,6.89647185996165,6.12780760828528,8.63528551257226,5.78655990111377
0,0,0,0,4.23338160423931,3.97066920086088,7.10256519722845,8.91807447650808,0
0,8.73761784988888,4.23627805811077,0,0,6.65315975951814,6.11062441227724,8.04265127972749,5.12794414326992
0,8.61831373106629,0,0,0,6.87025069244086,0,9.91210531274297,8.39929664931824
0,8.41296092793138,0,4.99829277089787,0,0,4.4125558397087,8.24244840356832,6.73194845515743
0,9.61258028472865,0,0,0,5.84043814829474,7.20270587162358,5.91857122158766,0
0,7.95372248281256,0,5.05350319432343,0,6.82361251086971,6.5424719605068,5.09662948726312,4.28537805961808
0,6.96352105688799,4.58975193325971,0,0,0,0,8.86090771071165,8.21658257095532
0,8.81178334801553,5.3640114697434,6.09311820083448,0,0,0,8.62723612741351,0
0,8.83796278431016,0,6.34589948410337,0,6.88562213814767,6.04495791954798,8.5923043744713,0
0,0,0,6.29977611079207,0,7.04806489744232,6.97875413713183,8.49841396027153,0
0,0,0,5.19733613669392,0,6.11838350066517,6.67834211465433,7.91112238573351,0
0,8.46280669696148,3.39215663701001,5.43306676709965,0,6.16381993959009,7.66392420595824,7.83671343913397,4.47767766547281
0,0,4.3218784618376,6.52497100509703,0,7.35043909757291,5.95056442453581,8.06385629730029,0
0,9.65132705215143,0,5.09497644253001,0,6.45673825790501,6.27638029681479,8.47979449737756,0
0,8.37830117054962,5.41543351321672,6.65000734285599,5.186100063427,6.71828825402731,6.92244682772513,8.18856411663105,0
0,9.292270528067,4.69993476243251,6.30758829319107,0,6.71209313089111,0,8.12718599185015,5.0484447554918
0,9.71233310032541,0,5.3366723204245,0,6.27189539284557,7.38753595674179,8.25730007115532,6.63967973616927
0,8.16558538781052,0,6.34568899102255,0,7.36459134512862,6.5414339579916,8.24241418191996,0
5.56091237362317,0,5.71052635018955,6.26744719743791,0,6.45461663304524,6.69197207374089,8.75207240961545,0
4.78523920772875,7.810413509125,0,0,0,5.71574398305544,7.25655832063784,8.46186016935806,7.54518888377367
5.53587651209656,8.7292887376533,0,0,0,0,6.79622018422951,8.11328586932914,4.2395986415416
0,10.0296266896411,0,6.24216489799306,0,0,5.86152668999359,7.48448099652483,5.6320716271022
0,8.74829538852475,5.26154964235582,0,4.78122212976845,7.15126600408851,6.167495526308,8.13672308919737,6.66244280289687
4.48886106358771,8.26135597932199,0,5.72162239278453,4.12971170605939,6.72324332501887,6.28624015087194,7.87359398305477,6.60824351077678
4.82783362206542,8.91036032177014,5.28695303646899,6.08226457143442,0,6.27089390943278,6.4039549201529,7.68361084191497,7.21266313209899
0,9.92046757257081,0,0,0,7.17171826481333,7.14867587807903,7.89046276700564,7.10658974415031
5.35460317755863,8.81390090990618,0,5.45313924963941,0,6.69720707223763,6.78369885672013,9.22680409800685,0
4.05004430332552,8.72008505462155,5.71834262598753,5.70014252473561,0,6.63496181902411,5.89613686715053,7.91788237785916,0
3.89222837809997,0,6.12119811210616,6.37376337718431,0,6.6571249023988,6.47489328001702,6.34891169282217,0
3.99654796049783,9.1633242332926,5.48910300175412,6.10795786254379,0,7.75762411728575,6.92684196377813,8.90344285979985,0
0,10.1254464023686,0,5.36433916209003,0,6.9653447110315,6.87136096778903,7.36262623470365,0
2.84258109405982,8.59703157052381,4.90282734146195,5.63586045817074,0,6.08727460195396,6.76791833379434,8.14776585164733,5.41707770226888
0,10.0940913830826,0,6.20352692841137,0,0,6.76968790002305,8.37124907874514,5.74990241026975
0,8.02906469464795,4.52580225060452,0,0,7.09757366420271,7.25213899430322,7.21250830994141,0
3.76699723337789,9.79066593864668,0,5.39793643157675,0,7.13085082914431,6.33388335349851,8.25052347176393,6.40925340490498
0,8.90277526899597,5.01595445557386,5.57207798365877,0,6.57861211894474,7.04922879925008,8.21313238345533,0
3.2519236789144,8.40200902576977,5.32447232402489,6.57715178753774,4.35234032430352,7.01043821311587,7.64419180764048,8.43199035984018,0
0,9.8236106644471,5.86397202659271,0,0,6.82145637539577,6.28854605612428,7.10487513220461,5.75751279707717
0,10.3108308956561,0,0,0,6.80307231151446,7.51150277827747,8.54529073236058,6.60889091712779
3.85354607566917,8.91957755891249,3.68737832798767,6.1825600004533,0,6.61995319932978,5.88654837715842,8.23325609776933,5.0952215105376
0,8.54631694758265,4.54063166485052,5.84040907218803,0,6.37625064400775,6.8020836038081,8.71131814655133,7.02023539006614
0,9.0098898744909,0,0,0,0,7.13862093792872,8.36739303432624,0
0,10.5806145931665,0,5.1874416702021,0,6.63168552185852,6.50809827115695,8.38218871433537,0
3.50855589998265,9.28477971779102,5.42644669425856,5.78188483954316,0,6.93055341525812,6.9984639791076,8.81597542845844,7.67226452227773
4.53721249280486,9.7708814459881,0,5.43768792799584,0,5.75266787238601,6.47915459547182,7.70729644099013,6.39624608830418
0,10.096827351611,0,6.48214358443063,0,6.92323484983052,7.08075014375313,7.42856489640103,0
3.77345035556421,8.70977691162665,4.29578768655697,5.57591122364102,0,6.60304911552456,7.01069085685346,8.023912746866,5.76446983960228
4.55166391846495,8.72322964722202,0,6.43289186006475,4.07175806354931,6.23752352299293,6.56523680062452,8.25724560442993,0
0,9.43108103867408,0,4.11447393351727,0,6.74593022634318,6.67737309184423,8.81830320418806,8.13993354301011
5.27867572629275,8.21366895865512,0,5.72779192711655,0,6.76136441376632,7.29193546173297,7.54115776297785,0
3.16039889510922,8.21177339828045,5.01999138902028,0,0,7.3183472223821,6.52367977355244,7.92786533949529,5.85779028713555
3.59731226058845,9.21246810674224,0,6.16556490224286,0,7.19609463537549,5.90503481910959,8.21696339112773,6.66489359680182
3.84929617551984,0,0,5.75311217578907,0,6.85039096159257,6.76386181360753,8.36233426083862,7.67597746396934
0,8.71998545294653,4.85981240436167,5.86972055219963,0,7.25070648170106,6.97500262793063,8.3430207402825,0
4.28096243218686,5.97989791073652,0,6.30995464120174,5.02998030036003,6.59624488699778,5.85521517841641,7.72591706205274,5.25780782320983
2.70738331211451,9.27485389280125,0,5.06107489085433,0,6.44822461626898,5.75612188833677,8.23286548677703,5.33402229116881
4.68628923727288,9.80105607638418,0,5.3626058564304,3.29546642702991,5.92286445561573,7.26083175619858,7.87816670438111,7.12862424538833
5.00676113254766,7.93612391426164,0,6.5797094403408,0,7.20245268632782,7.39857817543327,0,6.09465270490415
4.55482381155135,8.47951001564632,4.15935172353071,5.98154046591029,0,7.20622149298615,6.4244313268334,8.2899939268042,0
0,8.55014429155592,0,0,0,7.07208257240381,0,7.97724766907639,0
0,9.44428933400311,0,4.45759782152096,0,0,6.01344617121437,8.731939988452,0
4.78732506222495,8.65684904120726,0,5.41146746448069,0,6.84204273561676,7.01297978539113,7.82990481449927,6.06497055240172
0,8.67355399854045,0,0,0,6.86310304177215,6.03658130591111,8.66823217780026,8.21435416380337
0,9.17377181873554,7.23451622760573,6.20790568736252,0,7.39686889374232,6.68789383565407,8.30082414126315,6.56377089671699
0,7.86314748613179,5.57871043866294,4.63054549231932,0,6.95742124999696,6.98046656193372,8.03773379699956,6.54395501010082
0,8.43482411317319,0,6.36283843038123,4.66088867474444,6.76656031031509,6.89548024810652,9.82778292178581,7.75588707726074
0,9.12205873400111,0,6.14949341133289,0,7.09725103952409,6.93782851198828,8.39974210066005,6.88167820847202
0,9.85518976712838,3.62060061336064,5.96540287278012,3.26728496407589,6.59161886081876,7.04002838029008,8.7183217820284,0
4.82679258093036,8.53985642914452,0,5.41614484566124,0,6.40334238298834,0,8.63072899812926,6.12702201086353
0,7.35244751047945,0,6.06985974453536,5.09662948726312,7.30707487539049,6.62084624099554,7.75537737251438,5.71191597455292
0,10.0247312598215,0,5.91754886415781,4.31815455807947,7.00353807435885,7.93050472327525,8.7744273965252,8.13032999002773
0,8.32971114215609,6.12023148271127,6.47683389176454,0,7.20505594409974,6.6400196143393,8.35843424314482,0
3.15700042115011,8.51225903848,5.24328023061813,6.70741230759036,5.74939298590825,7.13803331919695,7.02752744611525,8.99756909218862,7.53628926895015
2.99673177388707,8.77502102799025,5.0340913701326,5.46489056637385,0,6.54409887843277,7.12185001295773,8.62855029156876,0
0,8.36440092186516,0,0,0,0,8.0929549658847,7.00451894741444,0
0,9.29048153634116,0,5.84814252516304,0,6.59098762563526,6.95876203232072,8.36350340536113,7.42739990081632
0,8.89817569821345,4.54009818924438,5.87124416854313,6.80745969266449,0,6.8701676316507,8.42927522177747,0
0,8.53006795481634,4.73127406278382,5.06764554881304,0,6.80848727732347,6.49225498642084,6.93495207057056,0
0,8.81346080242959,0,6.45534006276257,0,6.11624526400529,7.65395021396416,8.67831154055909,8.03135932248498
0,9.99330997483316,0,4.39531297899962,0,6.55781475073378,6.90179756700789,8.0982445881744,0
4.03087213926653,6.88889860413183,0,6.80042616022947,0,6.87955125860906,7.05529558693547,7.56283707873529,4.85600672231905
0,8.54360530043469,3.96347628701706,6.12038532717482,0,6.66806305052902,6.76113285724234,8.16612819653209,7.20533817611118
4.86236727742715,8.62224485938553,0,5.43424588377228,0,6.23801207620121,7.40505179570791,8.14064784645617,0
0,7.91926164073637,0,0,0,6.66840612332099,7.85857496567345,8.13409506688919,7.12268115752385
0,10.3142884002338,0,5.53081701278627,0,6.38174833322048,6.91707174561949,8.95123927757334,7.49250400067081
5.64374934454072,8.45819661860852,0,5.09919547107574,0,6.10403401571148,4.97203305631431,8.2415134683992,5.74623513891159
5.45420938650501,8.27278769852453,0,4.81850579631122,0,6.56724891620499,7.19028409619312,7.42102790639118,5.10303214336222
4.82478752752574,8.79481432189767,4.73461825317498,5.35185813347607,0,6.53163535806844,7.42472598300784,8.51809678305433,7.70965820487895
0,9.28308884900647,6.83582953941055,7.39367531748069,0,7.3180089038221,8.16259893848074,8.69437154458443,6.82653437751079
6.33788711458236,8.30753332526069,5.093136515608,4.94199950170612,0,6.18575584651516,7.0560632088547,8.21616647393927,5.7929831201145
5.8498721805281,8.39115820184773,4.2955151327259,6.30631178263241,0,6.85539826114661,7.43588039982619,8.05567188533439,5.17682746896033
0,8.9735263034888,0,0,0,6.7362430899041,6.33944177534352,7.87895834859923,7.04006342374396
0,9.87312627840012,4.62497281328427,6.7918953928876,0,0,5.5376885349669,7.9628892705021,5.49544543065896
0,8.74524786341104,0,6.21708502829708,4.23671180350902,6.93068047695651,7.24841872022182,8.173775692198,6.80060427246291
4.66457052926954,7.89648945559543,0,6.07004464723084,0,6.49450998355501,5.97268939178165,7.93093615603416,6.34058855434377
3.16589690007731,8.60296713643596,0,6.89070067241595,0,6.86215103437712,6.94367246456892,8.3386931234237,7.74962845232411
0,8.77157491074661,0,6.6678596925802,4.96946601705818,7.05429420563632,6.89715933976873,8.13861730597333,5.6773015974066
0,8.44812817446972,0,0,0,7.31507865943227,7.11073693847239,7.49565304882298,6.34208620683361
0,8.15002914294043,0,6.65607078223434,0,6.75616465275283,7.11334567104876,7.99563012710751,5.71039390424385
0,8.05989569626777,0,6.3389473726778,0,7.1223665335574,7.16961941840795,8.60394136710478,0
3.70278235928293,8.50463263689135,0,6.06024406250281,0,7.57281157937556,6.29489692965099,7.62096485701664,7.03534782149505
0,8.63404245791253,0,0,0,7.9314212955033,6.6392481859164,7.12600688421592,0
0,8.09376470355867,5.3855953746551,0,0,7.45487618715824,6.43261849762465,7.66356265523038,0
0,10.0627195861051,0,6.26181605918674,0,0,7.00030711259044,7.70622147433876,6.3538481655137
0,8.51216858921846,0,0,0,5.6708804233136,6.73238947475419,8.40635771547814,7.56912279300606
0,9.85457038030151,0,0,0,6.49096629714253,6.71164306671896,7.83220860604804,5.72191704485168
0,8.88770654140252,0,5.96565944092603,0,6.37087653422045,6.32575583576162,7.75591276978122,7.58264683501982
4.22697972001481,8.20306583801449,5.95285364798033,5.79669584501227,0,0,7.12413198676591,8.21520121898431,6.41386870927307
2.35327820730956,9.21024436736789,5.71909792543398,0,0,0,7.37131946947395,8.33942684388523,0
0,8.97114619579327,4.78649124244846,6.97126514623666,0,6.42926776312809,7.09029347897393,8.50685594572117,6.65580064581381
0,9.30057405176732,0,6.34185729933766,0,7.12549224099705,6.74704647492425,8.08293964426059,6.72861665129067
3.51541852575218,8.47052497432386,0,6.37296136357534,0,0,6.75605991572994,8.31076417079897,4.91022546649722
3.93534883073164,8.06270064099041,4.34289591747084,6.31463441248932,0,7.41441624257735,6.58296652390573,7.98238903337859,0
3.62700405039585,8.24695017090205,0,6.57042067062528,0,7.40401127937194,5.55094204718442,7.5498617648275,7.12847188765207
0,9.47479475830866,0,6.99987856785794,0,7.86734685049979,6.71659477352098,8.21819129077776,0
3.49012359085656,8.17468879786323,3.88135759111726,5.95248980370166,0,6.62575039409464,6.16091191941833,8.34096662238978,6.46671998642533
0,8.38560277102864,0,6.38980433027356,0,7.28770426884554,6.95699296204767,8.35513298022054,6.9538179173087
4.02302756347106,8.58129974426894,0,6.31256930659807,0,0,6.82798670039845,8.56921242224816,6.31476107837203
4.94257056318213,7.44747152063917,6.21937671049729,5.73644325689575,0,5.60554468023387,6.17140827911597,8.37291858225919,0
0,8.83290133868472,0,5.77228189108089,0,0,5.97579237771369,8.7020565151819,7.91184807517029
0,8.62705157647648,4.87542630461649,5.75817595848653,0,7.14035002670165,6.72840131452707,8.43127576130302,6.39990854724167
0,8.93971205409023,0,6.08709285812139,0,6.93420244899699,7.1466383122251,6.56581411500231,8.10372413701892
0,7.96906368287374,5.59266467686858,0,0,7.00307454965423,7.70336879108657,7.81326813768441,4.33872761652873
0,8.89161885500622,0,6.24161997066899,0,6.32274475702677,7.29413270416048,6.88574481620992,0
0,8.96149047566849,0,0,0,6.9970473864609,7.63937770259387,7.84687542535598,6.1892492639553
3.10189246938238,8.87495154825121,5.08530977242172,0,0,6.59837277955102,6.43979755544332,8.77032574368539,8.38756275160047
0,8.13982854112873,0,5.63849700795757,0,6.8621196340809,7.37565043696377,8.6138914982354,6.52893697035771
0,9.32245403372664,0,6.44322464553474,5.40676810255284,6.59713205922879,7.32961853289994,7.99497626576348,6.50431811320821
0,8.61165573935488,0,6.33594038358972,0,6.58448747880535,7.27253727181477,7.47659128689162,5.64155239812007
0,8.2602885957961,4.82293932096485,5.55971962997934,0,6.9986466191702,6.70637321944944,8.48371293029557,7.504909046387
4.90978311909985,8.41680252778187,0,0,0,0,6.79557153797619,8.68686507741485,7.43920084301188
3.61657754235853,8.31130490798439,0,0,0,6.7656385663103,6.87829557183051,8.49803483653201,7.36735497451248
3.76884523575182,8.79348918782581,4.98340112114249,0,0,7.04277556265808,6.83791204604035,8.12777956620391,7.05649419875897
3.83449380291891,7.87058220817844,0,0,0,6.68025223889047,7.35560276358116,7.80757104076241,5.63735773127496
3.23710859312926,8.36800617221786,0,0,0,0,6.81645106457324,8.33433949306007,0
3.36936265814214,8.06470880020277,0,6.97989918075462,0,7.09357072503035,5.91929699880592,7.95172481042055,6.61831165591069
0,9.56977550309106,0,6.59101507893034,0,7.1440045736348,6.28982688196787,7.56502136365406,7.39312770098313
0,9.61880763576854,0,0,0,5.18738580584075,8.24122622831326,7.33827065929008,7.38526814321757
0,9.56372591175216,0,5.6335745796127,0,6.49962161343969,7.56870462812426,8.02020143690574,7.72661398152059
0,8.64253690630144,0,6.35271650053982,0,6.94824441811218,7.34288274384044,7.18656813596485,6.24997524225948
0,9.54819023066878,0,5.81969709925256,0,6.56613782842024,8.10200799594684,7.57656365935272,8.07766755347879
0,8.67309205656241,0,0,0,6.73092263053118,7.54433210805369,7.69724846632873,0
0,8.43622605659156,0,6.46088988417502,0,6.54926440151943,7.18951484798215,7.31835385493533,0
0,9.10800416736482,0,6.04389094928636,0,5.63568206195227,6.71796187734947,7.5263513122777,5.99056414186482
0,8.90283375198798,0,5.66063138100022,0,7.07280350710564,7.53145591373192,8.36957214704381,7.41495232742411
0,7.50440807884858,4.28950007699614,0,0,6.25887375672018,6.91417463078432,8.42994105817442,7.04048384943116
3.88094504985728,8.6650871961516,0,0,0,0,6.60879652980259,8.01764704779631,7.02710153661458
0,8.0442123346236,6.92141160542962,6.48555084686967,0,7.07845118569235,7.41512694469661,8.98250457929555,8.06132281556076
4.88045067572213,8.45782103493754,4.98106915849449,6.31927437315054,0,7.53172385652238,6.37487148609693,7.8576239101622,5.77734267776423
2.13060982825424,9.86900997291924,0,6.52143081440136,0,6.70090329644481,6.86187886571461,7.3874554940192,6.91634825340016
3.11971825333498,8.46783696706497,0,6.38782163618542,0,6.68642258707189,6.17574252220032,7.87071965105396,7.34651975749123
0,8.03644726979858,5.89205849064134,6.2605561323249,0,6.89933996938079,7.0161162886522,7.91846852407391,7.00188294170684
0,8.95022677286024,0,6.49469137299864,6.14579378242183,6.81314785218906,7.20196847712509,8.9801747233452,7.44193603594571
0,8.17778545041491,6.07621921297279,6.71886821634602,0,7.09473264731229,7.3530562955875,8.41897157749772,0
0,7.83231175527332,0,5.7979101373809,0,6.43986142259966,7.45496297538634,8.4425041273844,5.95700249355288
0,10.0547225573396,0,6.13910838902054,0,7.02282352180981,6.78795771552654,8.27723913194939,5.91155516387968
0,8.80764841512717,0,6.01349508292873,0,7.52267601812461,5.82850434379265,8.76863183420442,7.25993212161443
4.35375575270685,8.42586706472221,0,0,0,6.42267862023888,7.04594206841151,8.2201312653582,7.00816154257482
3.94332785525656,8.1868902852805,0,0,0,6.87858390168186,7.20680005076164,8.57360187983786,0
0,8.60095144941413,0,0,0,7.37065876173757,6.74870092912653,8.08721610440245,0
0,8.23630664366226,0,6.61381365635921,0,7.26405815371171,6.73632618335461,8.37320965062072,6.20069171316234
0,8.55422882671707,5.44725447932241,5.77193944131648,0,6.87603754793,6.45390842329113,7.96408269809432,0
4.20543860972769,9.15568458864835,3.59209318542624,6.77619907724028,0,7.03678153871787,6.36392425360216,8.06360764482232,7.70358088160038
0,9.84941144233746,4.91177214329238,6.84381391284536,5.2729482751975,6.9899894298429,6.95348361768717,7.84253404896842,7.05505396600302
0,8.31672069853288,5.43241110102874,6.38783845520437,5.17913960871871,6.92531028422802,6.75223532879862,7.71943188324826,6.25450166208387
0,9.92354504931111,0,6.10793561139507,0,6.55812687831137,6.95019196917939,8.48371913455852,7.32393610153037
0,10.0598329650319,0,6.22120628245042,0,6.81633054106279,6.90694495075488,8.35962902560229,7.65982681319206
0,9.9656733080901,0,5.80326575314115,0,6.7113631949714,6.48555084686967,7.56010129813815,7.55905911028327
0,9.45805165003407,0,6.01732720663371,5.13143599424196,6.99650763957993,7.12141399108513,7.75895266916759,5.82582310056523
0,9.53635093274394,0,5.24691880346204,0,6.40397147000519,7.01033894275296,7.01075400781586,0
0,8.44350359327037,0,5.59719898925342,0,7.17695764868705,6.39769602814405,8.05429068938033,6.56247234188231
0,7.86008474379894,0,0,0,7.69304854797558,6.29092078127136,8.36272879571863,0
0,8.9063459740321,0,6.03490710495082,0,6.76135283721347,6.78056942506021,8.32642486086043,6.39260364484512
0,7.64489542122771,4.69446229346685,7.11035320704702,0,6.86790156552643,6.5218574763665,7.99175803287735,0
0,0,0,7.09362054939946,6.28674269618139,7.09394434730258,6.67549529902165,7.62779265567594,6.84933135884442
0,8.50271488473554,6.17732151363618,6.86558863082025,7.74310489973921,7.25587372023775,6.73992816833864,7.6508110456635,7.12995438444774
0,8.04561071644928,0,5.16472882943366,0,0,6.39017355071914,7.4633343589353,5.59812561879766
0,7.59402889059891,5.72701060077541,0,0,7.28553396418536,7.19195629959726,8.94876909301256,0
0,7.06002132686288,4.79090258590413,5.06101150142132,0,6.85178792026023,6.93502992111702,8.16450173143115,0
0,7.8578095530091,5.50744312609404,4.83794718627054,6.50005768072126,7.244006062513,7.56677157122594,8.87957680982195,0
0,8.62875245507679,0,5.48034721413233,0,0,6.24272897413885,8.33127075924522,0
0,8.27392601129037,4.06731588983418,7.26440122250036,6.53275632833453,7.63840053596217,6.40170158476155,7.96546570882981,7.57384467714143
0,8.16320321116292,5.80660978445567,6.12987775426161,0,7.39378603492987,7.176086322152,8.42407520699481,7.28908478600688
0,8.15778881166853,5.53504819137076,6.21818170547548,5.67989953419287,7.02590269268922,7.12904110579423,7.61324102539931,7.87377287903865
0,7.59008920647861,4.85771718767154,0,0,7.01712972802003,6.36430315238905,8.04805958359208,0
0,8.18500735504158,0,5.53985078297384,0,6.24296229191872,7.55304535993249,7.92321057116509,5.34185566856252
0,9.07514817240355,6.13083510855579,5.3324288961768,0,0,7.12402727514564,7.81686428387999,7.3189439760599
3.72930136861285,8.94408836000246,0,6.78607340271476,5.33209057665496,7.30665219701225,5.91843676057443,8.74458052513418,7.40283559339439
0,8.44532117917844,0,6.14564379795566,0,0,7.40927574372685,8.22164022458389,5.70777449592574
0,9.53843475503922,0,6.61220231214979,0,6.77845492288543,7.10656515328089,7.74320465101166,0
0,9.19364680653446,0,6.31062711784943,0,6.289715570909,6.58271741998659,7.20621407340513,5.88016979196196
0,8.2557219281045,5.01183457467174,6.18105131489335,0,6.66667685503156,6.34955848380013,8.25305315119185,0
0,8.5920353225807,4.85748411460208,6.54613957815223,0,0,6.95918956343012,8.43271097703315,0
0,7.74056874516837,4.82044284292173,5.64583551470135,0,0,6.77774909407653,8.78822440452901,0
0,7.89948367001286,4.06250983870208,6.76403501276968,0,7.18712792356278,6.31322190614266,8.26675552152748,0
0,8.83315071869959,5.88190076564784,7.38561546450565,0,6.8812059437486,6.74224364050064,8.71857363494763,0
0,7.71946741164433,0,6.6724758853234,0,7.5892397133423,6.92649852179927,0,0
0,9.55519169154257,0,6.01366625509167,0,7.42363411374467,7.50180009849887,7.56830695117215,0
0,9.91985290662239,0,5.77734267776423,4.78440364618281,0,7.08958504820174,7.55917380412903,6.69070562211892
0,9.43765122800167,0,0,0,6.68541140783849,6.88007570987539,6.02801342485506,6.74554218506483
0,9.1735965088957,0,6.67042405695708,5.87709131645338,7.43907152861312,6.63320000521542,7.88267334530392,6.5627688996956
3.02965049175745,8.21453283578374,0,6.11514129180158,0,0,6.40446783825444,7.75625527365915,6.68213365979239
0,9.00377489191574,0,5.21678187856552,0,6.15791075474365,6.98536425830912,8.56370266154098,8.44013718577112
0,8.41788764073677,0,0,0,7.42892719480227,6.87732699885422,8.04958030207307,0
0,9.62597360899997,0,6.38156217808502,0,6.66428146119468,7.97414391785439,8.7408901895505,7.50787666853372
0,7.61966533079297,0,6.44667174711096,0,7.33473396817059,7.02383018995717,7.77796856394008,5.42574265480328
3.78895100783815,8.56167695347508,0,6.35027470984372,4.60487014097909,6.7426565540837,7.23104819144361,8.43712348337819,7.60984733459889
0,8.82417482347039,4.17392562489244,5.98398665725202,0,7.04116666440608,6.5801952107475,8.72235524017952,8.22402141138914
3.92098274679962,8.13306189069066,0,5.81568156715361,0,6.52946263292366,6.18169226766053,7.76149804059049,0
0,6.10659963560018,0,5.43729639382949,0,7.19943933281322,7.4059454100725,7.16068284989301,5.49696328626185
0,6.98512364455781,0,6.02890483008183,0,0,7.8792195672805,8.13282399160281,5.67706197395659
0,9.23909302412332,0,4.56507709242165,0,7.17346777800492,7.80646028441852,9.11922896497519,0
0,7.62586820555983,5.16404284072557,5.05216104092475,0,6.68423665733784,7.34012194028781,7.99209283336137,6.48984302557222
0,7.69445199942006,5.55825561369072,6.02315699384047,5.33739383852983,6.80340536360689,7.772314725828,7.58089361098376,5.98143946346089
0,6.92319546347002,0,6.77640436452916,5.14435000325061,6.96986585504504,7.09283968226502,8.34905852313283,5.74111037192218
0,8.46029897796641,4.85934717988247,7.15543533314125,5.87793184099015,7.10978958975274,6.8605273938191,8.09660429316223,0
0,7.74103389886223,6.25323247995896,5.90718579672743,4.76873356985346,6.98788721344408,6.35492640773569,7.871951974712,0
0,9.96958891430184,0,0,0,7.17689652772865,7.49331724886215,9.07742136323494,7.09425144329739
0,9.61295475395634,0,5.97655393437223,0,6.74616532961338,7.00101790944183,8.06477483098257,5.49577381092626
0,8.98393274937255,0,5.50125821054473,0,6.53702487538143,6.61713556254301,8.44589265932754,6.05561236693173
0,7.50564077856167,0,0,0,7.6194003144242,6.49213376878959,8.12129319145765,7.27503380570506
0,8.18877523184796,0,5.69736190685328,0,6.83698940808881,7.64811518974029,8.75032984494614,7.65558002083278
0,8.13665286406728,0,5.66393223005624,5.69406878246856,7.31925547260447,7.03045067366616,8.16309777477729,6.91040177392304
0,8.56729868064246,0,5.94306180787981,5.30021556383112,7.01499402965174,7.00234701895218,8.16311487332477,0
0,9.42068233145318,0,0,4.85624013994314,7.94033815791259,7.21598969762064,7.99216721824911,6.05263019901183
0,9.0254735788145,0,5.85861863377455,6.14645772907348,6.80967927781779,6.21025865328435,8.39334957750074,5.8913679305697
0,7.97874968061357,0,0,0,6.66211046232141,6.62005987310813,8.18359003504526,5.81445883613626
0,8.80582481290361,5.17110879980699,6.55040868096286,5.84499264320772,7.10370028046637,6.6118528450835,8.61627262229655,5.75659627914882
0,8.50660129480376,0,6.03459587306859,0,0,7.61995971107554,8.11558364108362,0
0,7.76257052715953,0,5.93436495506741,0,7.9454739513247,7.51220238477736,0,0
0,8.27093964950454,5.29546329756513,5.89954112575733,0,7.21913678806145,7.55757733480371,8.11436360726175,7.71386500640001
3.96783607024736,8.71775242612141,0,5.45958551414416,0,6.95365555716489,0,7.856776477079,7.56859618645674
0,8.56181850414376,0,0,0,7.19765987978702,7.38827838401802,8.312758532233,5.17105201550216
0,7.60571088053439,0,6.13196534689555,0,8.17194415108944,6.81873825566426,8.10078340825853,0
0,0,0,0,0,7.92058452685582,6.48005989923235,8.05139829302455,0
0,8.69727724687,0,7.05829372826737,0,7.27351582356697,6.70415696890198,7.11159367923834,7.63062144312867
0,8.42803405509642,0,6.75992789822735,0,7.64305157305024,5.45043741460887,7.7757797094468,0
0,9.53186574440705,0,0,0,7.72878982959402,0,8.27950183202785,7.71321723816223
0,8.12928701893898,6.32929300650034,6.31102675454867,0,7.46292118084393,7.79724607942845,8.99770887490713,6.46132754146509
0,9.03887091753505,0,0,0,7.63128131379856,5.60012421304521,8.86758383040955,7.4765856250347
0,7.3941550045863,0,6.45840097730425,0,7.55015638382413,6.87349504229702,8.28142528723659,0
3.01357219168232,8.94702435473567,5.6959182995994,6.05504948873309,0,7.32097689412889,6.60083601934278,8.66384784611655,6.75140551627693
0,8.68926405558628,0,6.71138753475478,0,7.42547706943597,6.10164094775366,8.56824555678272,0
2.7324175575505,8.5310014175471,4.32968015430167,7.17912502594161,0,7.42086628926181,6.40264661554538,7.53447949729348,4.20826830854041
0,0,0,0,0,8.07429097857918,0,7.3507280954267,0
0,8.92024338596646,0,5.61013091857475,0,7.07861135766681,8.25290728177077,7.5028319735956,5.83410873633178
0,8.39768642098231,0,4.44839941003814,5.25080638387699,7.58989206702203,6.87237677508032,8.4115926469538,7.10291079375618
0,8.79257998577387,0,5.50015556203491,5.18262589205184,7.77107552128921,7.07678049660874,6.69755263180073,0
0,9.52279798040936,0,5.11078224270119,0,7.14840863500414,6.76574230493517,8.03985714558751,4.51699449508437
0,8.02278210891834,6.79690192750694,5.6579479383124,0,7.22920089358672,6.49054142383942,8.28410283424265,0
4.19207605071544,8.25658139048712,0,6.99252831943122,0,6.93594421134139,7.30585331674473,7.44383920896222,5.82502618194157
0,9.52972457915848,0,5.80003160744556,0,7.01781075604018,7.01456274729887,7.60868708060122,0
4.56892105331297,8.81775545689607,0,5.82094309442978,0,7.62294766841065,6.83948714480964,6.67458664402084,0
0,8.30337601395827,4.92500478145628,6.80512436789518,5.73992152127207,7.49803882408284,7.10826868934836,6.60537910845078,0
0,9.38931466626565,5.60363059270576,5.41800968946604,0,6.53954260207676,6.87025069244086,6.28633323387412,3.79256356539082
0,8.37849648147949,5.4943774494525,6.91067102406303,0,0,6.98199967040176,7.56704056225257,3.991757973447
0,8.40065712796675,5.999879045709,6.98651100500379,0,7.652930234133,7.10582714586732,8.58193356717979,0
0,8.64553363434368,0,0,0,0,0,8.13852676925114,0
0,8.56791102025525,0,5.09571146645137,4.92884661866325,7.77896077495632,6.71322347965717,7.81688845656969,0
0,8.14562793498231,0,5.48612385357256,0,7.46805654620865,0,7.6285711270894,0
0,8.91747019790253,0,0,0,7.24920084237228,6.71361212160138,7.9507914307614,5.54243932424744
3.61172839492552,7.7088506243462,6.02798932179035,6.76413891786978,0,0,6.48102567556925,8.11650664776105,7.13383052866601
0,9.60543185965679,0,5.65259443788677,5.06272160729459,6.70196036600254,6.96708023306682,7.47372796183626,0
3.09240516081425,9.12832630578501,5.07442353384312,5.08202529018293,0,6.95053695207741,6.77566285055187,8.37517560699223,0
0,8.79138872800529,0,5.88499230259746,0,6.43523648937073,6.64855699749732,8.47018334154643,0
0,8.09157843580735,4.78523920772875,5.2340454765279,0,6.79126640553647,7.86663029163754,8.51915326920808,0
0,6.07667847632246,7.64101220046996,7.2264780648113,0,7.9476467574339,7.93731398003439,8.52279944695691,0
0,9.0518790814685,5.29761712143364,6.49407148984944,0,6.19217842345601,7.0337533673898,6.55936024747897,0
0,9.63803652892567,6.54798985012496,6.40100467436929,0,6.94376893193408,7.64377994010275,8.36393711131529,6.52335670498567
0,8.35469073237106,0,5.82806287516654,0,6.87809987207451,7.14933581965101,8.40198209548554,6.65038253611727
0,8.89558990031998,0,0,0,0,0,8.54735375431109,6.95821072247063
0,0,0,0,0,0,6.15814356144107,8.66605103170519,0
0,8.99372422075812,0,0,0,0,0,7.30699437899602,0
0,9.17192901120888,7.41292091519592,6.20245454224962,0,0,0,0,0
0,9.45280800472922,0,0,0,6.58378259642932,6.93704219960703,8.51141653863878,6.26177790289858
0,0,0,0,0,6.43229679905344,6.6674401361596,7.47338153921424,0
0,10.0639638973775,0,5.79751565407305,0,6.75808288995843,0,8.49196768686416,6.16213516116107
0,8.14688284938245,0,0,0,0,7.39621258688612,7.854008615054,0
0,8.36044580974171,0,6.37215870622423,0,0,0,7.29198313120647,0
0,5.42097737928392,6.69213336906677,6.83793349261158,4.98873045870821,7.19602717745235,8.48558280611662,8.47993566994049,5.28745862321316
3.76026945020061,8.22737016208432,0,5.35540633353216,0,6.8870830737126,6.21406795256968,7.934653138941,0
0,8.15791772619408,0,6.08032213546678,0,6.91076075800196,7.09171715638102,8.34499937547994,6.12854899514872
0,8.75875017024116,0,4.48874872297084,0,0,7.55446577376849,8.13601183183712,0
0,8.04244552700938,0,0,0,7.32226601839718,7.04275808854161,9.60990812481826,7.38158283768153
0,8.35762285172825,0,6.25407878033068,0,7.71390966460842,7.25739050212963,7.64386136923191,5.95373671904701
0,8.20598043107805,0,0,0,6.54115986088738,6.54927871309678,8.80081904853809,0
0,8.04992820865249,0,5.85964597248713,0,6.94815798561351,7.38895227806905,8.0132670447578,0
0,7.81497297506725,0,0,4.90608926147187,7.009309560111,0,6.74645913099401,6.95473428017613
0,0,0,0,0,6.59285273492823,6.49008600203507,7.57830402762386,0
0,8.50412618878335,0,6.27208423955925,0,6.59278422629269,6.98632613478216,8.03920577639939,6.27225417111501
0,8.63442496404396,0,6.8529188730763,0,7.08585125390007,6.96564675739791,7.00431013839677,0
0,7.93017023481468,5.23153633285769,5.93851198215525,0,6.60256075477906,7.83954527430322,8.33332083275043,0
0,8.9042376768198,4.99795524093888,5.54220427900015,0,6.74194859780583,7.59996702215692,8.37671199043661,0
0,7.92834476304273,0,6.51509780189295,0,0,5.44708213981315,8.29233066350796,0
0,0,0,0,0,0,6.88779743964119,7.62316284838018,5.55443136953216
0,8.85294516871297,7.25842623500316,6.83882311993786,6.21514795267466,0,0,7.47384719431988,0
0,9.49210748549831,0,5.22955661097724,0,6.8105613259907,5.81251729095298,8.43225167079517,4.4499189007168
3.3541057741283,8.30034478403971,5.9082731374712,6.56296655605654,0,7.04230365430441,7.3582511124646,8.31950537607382,7.3889275560374
0,9.47764625267513,3.81065451103986,0,0,6.701837508333,6.80532380283019,7.59612104678505,0
3.5004392163118,8.66482668041523,5.89034502570741,0,0,7.07386276191306,0,8.54987333080487,0
0,7.98116257381502,0,5.43472586632759,0,7.45955776527571,6.21588727992057,7.36393251263195,0
3.60576954739093,7.98337525872398,3.84502813660387,5.48500438085163,0,6.35278617845369,5.58664922784131,7.6411370815929,0
0,8.40953002669574,0,6.1600251886519,4.81275329918425,0,6.77261115803868,8.30534065599366,4.51797697428571
0,9.19702815631579,0,5.99727264739096,0,7.47419345569391,7.36823873484371,8.14063910296824,0
0,9.25336154652638,5.41423199114439,6.85648303700456,4.66748749205295,7.0818682372262,7.1863865159135,8.63772976593588,0
0,8.72328661183805,0,5.97956907569491,0,6.19740090008447,6.44552932505221,8.00628756445008,0
2.83144707924613,8.02277227167552,6.2915135824595,6.01922561789337,0,6.65916570633645,6.52938964075569,8.39230547719492,7.19209176118282
0,8.54544045435434,5.57070812043086,5.64297033525944,0,6.14360606706747,6.85323573320633,8.33223857115117,6.48448255222401
0,7.47463036859915,6.01146323361467,5.93666511339114,0,6.49411686018481,6.53780691741983,8.2886299802413,6.85778742160421
0,9.00876749189007,0,5.63578910350233,0,6.34363435815792,7.61970458650468,7.99057349535146,6.69012152084153
0,8.4142652701556,0,6.30205104893724,0,6.85456545046802,7.79093173540424,8.57256167094579,6.77552589551856
2.14593128294867,5.79636165594929,0,0,0,0,6.21274636647424,8.84409116931744,7.85886860490886
0,9.37027145588815,0,5.43380933598519,0,7.20078303775867,7.17388935186132,8.27826064738763,5.52074065853776
0,7.3100821345898,0,0,0,6.34623267422649,6.3278474940287,7.68390539679406,5.214881408306
0,8.3745645439657,0,7.10261457547405,5.63407506223138,7.07225225086354,6.76428898395686,8.28444869820543,4.67656018207476
0,8.51320725812817,0,4.89432617169587,0,0,0,8.51455571633465,5.69464081673892
0,6.74077937308111,0,6.19770606034684,4.85156140402199,7.36203594776264,6.99839091374146,7.99446028989161,5.4329356682728
0,8.05669306053563,4.75703253529734,6.21098153036649,5.52445642684205,6.83867311779469,6.89403153776233,7.901928849229,5.02677107600566
0,7.90152913790407,0,6.2872449890659,0,6.93314033470525,7.32783966939347,8.19174555989408,5.69383314380253
0,8.03858948731127,4.74319148388547,6.20564807705068,0,6.85373194563766,7.16129611586393,8.38835249454265,6.08734274737632
0,7.69787035548455,0,6.4732886633149,4.83039157709727,6.30426597035273,7.33883615068141,7.7808545446873,5.8662414023539
0,8.18473130258986,4.44041346037361,5.98682881870345,4.35709336812867,6.82479749326081,7.5125520045694,0,7.25400102743033
0,7.8057842757757,0,7.12197916812169,0,7.37751512851601,6.79292787115139,7.92372119560467,4.27360588571946
0,8.17851532417916,5.68846577054431,3.56161410306806,0,7.40600617116598,7.48833268618854,8.50486146729561,0
0,7.679690534339,0,7.42987092986678,0,7.48620964423268,7.11370384015725,7.79458836349842,4.94826331320342
0,8.24363227776344,0,6.5443146421292,0,7.19835558923296,7.66494241891839,8.7659202754068,6.37536547730031
0,8.51298233820474,0,5.42816071669679,0,7.20833383316894,7.2262962790199,7.57824776897728,6.27523272023863
0,8.88000546336929,0,0,4.42855233211082,5.99426063440998,6.11286326053854,8.63006998892304,7.49142793739705
0,6.56689743964837,5.84926714139818,5.85475668627438,5.47520753334478,6.39897755683345,7.31100460071448,8.26967753864248,0
0,8.0139123672677,5.23564377201998,6.17727999315619,0,0,7.11653212158712,8.86257561416721,5.22343216935625
0,9.27672718397137,0,5.64183614643721,0,6.44177554300798,6.43311692597786,7.29107702240461,5.85793315448346
0,9.29164382304022,0,6.68875314016848,0,7.07289676656624,7.28699276364001,7.09870616247415,7.25208938708607
0,8.0389993134636,5.52353875765721,0,5.64862206347893,7.68162493612038,7.00916500052058,0,0
0,7.29104975829032,0,6.05633894933119,5.34415078289121,6.82956668471086,7.08774912876691,8.16654575975851,5.8652775468576
0,7.32955950702363,0,0,0,6.606933929723,6.79299516967645,7.94481480691278,6.03808569399257
0,9.15992248378248,0,5.36199614321122,0,5.90552532243033,6.93108110428563,8.39418452590803,8.19005485807198
0,9.26687192271184,0,5.75798652866971,0,6.44352694059293,7.17076548862827,8.3026054346849,7.68251470407874
0,8.3333352549953,5.7037824746562,6.40272947039202,0,7.54070649583863,5.90710419848991,7.94825811347948,6.85998209751045
3.03302805829769,9.80272754938498,0,7.43891280172005,5.15732967324706,0,6.82391704406618,7.56111638660307,4.07465192887636
0,7.56740255133479,5.59768094377366,6.21746401640339,0,0,6.88865400567974,8.35720282710723,7.2180668616817
0,8.44958008190551,5.06934435691027,7.09388623745004,0,6.82939365749109,7.05307565763161,7.95725785242982,6.57351255514921
0,9.70963577752395,0,5.56948888687283,0,6.12367631941649,7.22163858158591,8.96449098312634,6.76529269315007
0,8.32325158256019,0,6.35343046910329,0,7.41091559923037,5.98941244298185,7.29530078578735,7.48357619455009
0,8.0700588549866,4.88424028159131,6.30373556824063,0,6.99171032347559,7.03933602032289,7.96354357045932,0
0,8.41678704922354,0,6.1628094131883,0,0,6.18534405273567,8.02971944445757,0
0,6.89210342529391,4.76473475565943,5.19971176279391,0,7.45157264066876,7.07963921955202,9.40086155311309,8.28219211671282
0,6.78227141793692,0,5.73673357479589,0,5.48384212095574,5.64307659953881,8.43575751401069,0
0,9.52736034848689,0,0,0,7.08636160952861,7.62743727667023,8.56727965787982,7.11632108947699
0,7.86389729438905,5.43664349602832,6.13789982533753,0,6.59604004312224,6.84822817966748,8.57751659139934,6.8317270026856
0,9.28045394857183,0,5.52182085307779,0,0,6.95702152028506,8.54231302980584,7.58048034040045
0,8.18353977817681,5.36527483467292,6.25423257620541,0,6.26324587002809,7.25944682640124,9.44109488629173,0
0,7.64759518753406,4.48368028840038,6.37217579074992,0,6.96107801266397,6.64832370995641,7.92404698982145,0
0,8.5596241308901,0,5.76217716103328,0,0,6.06780039285019,7.97527929636701,0
0,8.35420827100862,0,6.46232718230244,0,6.98209251056819,6.61984651417092,8.52478232098483,0
0,7.69858255614656,0,5.01708114157965,5.04265062352827,6.59371554184312,7.27953260566758,8.66733412867408,5.38477025427824
0,8.067490888625,5.70258175407968,5.91884008938698,0,0,7.71366848658661,8.69877113846765,7.98657634028909
0,9.59737670861591,0,0,0,6.42753968465999,6.61829829898012,6.95238441712534,6.60632580926938
0,8.41628275943202,5.12092364799038,6.36164784107151,0,0,7.07176859133344,7.60100245454242,0
0,8.10397208314936,0,6.47268626761539,0,7.04022110409119,6.86935742718557,8.85775420046025,6.64724729056771
0,7.91169052070834,0,5.79289164972798,0,0,7.66519563808562,9.1657215954593,7.60645700445541
0,8.49920435820061,0,5.67452529358908,5.32017670090093,6.9791359640385,6.82034382197117,8.16974979106924,8.37703877203205
0,8.42407081662026,0,6.00792827313865,4.83723383467686,6.93856572477545,6.8689208911956,8.08760648265935,7.5885110015611
0,8.44931041782826,0,5.83425502712888,0,7.4522864352133,6.98310390977199,8.49722515043997,6.61452450759994
0,5.56164270749508,5.06783444784706,5.71880244141259,0,6.66061356139389,6.27246182603104,7.92183312053551,6.12854899514872
0,9.48209121359656,0,0,0,6.71949612952143,6.34400344940674,8.06766960702641,5.04426347507624
0,8.04717996212442,0,5.70244825164306,0,6.64450562267094,7.66923844866238,8.88363052775673,7.34106250631839
0,8.42679791366885,4.44453184002528,6.31591842311866,0,6.8592685687659,6.18908514119111,8.0316616253525,7.07174312908759
0,7.80177177164228,4.50225113198025,6.18464361390272,0,6.82381916850944,7.11487513383847,8.27963626466526,7.46988219710368
0,8.34432441597565,0,6.19056127726364,5.08078305399834,7.23769910899776,6.48832308364536,8.05324161151884,6.65881944816547
0,7.76116158761088,0,6.33230224123883,4.03830317133848,0,7.09015183296373,8.5718631783552,8.3737015021746
0,8.0727793331695,4.55176940926098,6.35437004079735,0,6.69089196562508,7.18364307155121,8.48347713977574,0
0,8.47748932156155,0,6.60313048580004,0,7.34396295442482,7.30053358217156,9.00679967310252,0
0,8.51191729833588,4.6802776584749,6.07020640904847,0,6.5798066133018,3.85566427175876,8.33346985258476,0
0,8.0229952254201,0,6.48489474394479,5.55798569254462,6.5415781894545,7.05090278820062,8.36564445692472,6.39995839727616
0,7.90822905855749,5.61334706051805,0,5.67552016493823,7.11347592920432,7.53720092136986,8.62160365591835,6.1034306974428
0,7.85746918145932,0,6.74109838815433,0,7.48683189911377,6.38056311779585,7.81494875603028,0
3.29361217098222,8.11871660659374,5.95695073907611,6.5321013684456,0,7.08122107233206,7.56445629376995,9.31792940264882,7.29957436892302
0,8.59657906803887,0,4.67999932660874,0,0,6.80190575489028,7.27735829411923,6.89556123288143
0,8.00969203547827,5.5525719128873,6.62658529014558,0,0,0,8.03012315600464,0
0,8.13215992437245,4.95582705760126,6.75949886048284,3.41246697392039,0,6.28232282009023,8.46472868511191,8.23308605459389
2.33988087773774,8.83670963038797,5.55028158367044,6.02957887921664,0,4.77389978926258,6.62592273131925,8.01726464491703,7.99190008313633
0,9.20002737536774,0,6.69153768773866,0,6.98259369857987,7.80262215007102,7.77135384376555,6.39512803326952
0,8.1199789510896,0,0,0,0,0,8.21985127924798,0
0,9.1133006974577,0,6.83087423464618,0,7.19406891555248,7.2617586574657,8.38509163323393,5.93595183717772
0,8.45295329235332,0,6.35074609091166,4.49513208077915,6.91559447206023,7.04021234472414,8.67041029273752,6.72976433154863
0,7.84669165178015,0,5.89550415596207,4.97127057057398,4.76499047743553,6.89288526631541,8.62865764011349,7.79378059902498
0,8.4928451694477,0,6.59197546974599,0,7.37163393884093,6.89202215999314,8.44013502556366,5.86929691313377
0,7.84055695198321,0,7.04729110883927,0,7.55691399872133,8.04764385896209,8.13038593795495,0
0,7.91822828208355,0,6.80917174760333,0,6.77613063877784,7.08411744717461,7.40437041027901,0
0,9.34960653930129,0,0,0,6.07518509859952,6.85433340498606,7.86886257644363,5.20296218573118
0,9.1606920396858,0,5.85799029570801,0,6.95944599438749,6.56764242334238,8.50939687899876,6.30636652366173
0,8.54751480943595,0,6.86770382085579,0,7.60745593851192,7.2647721644522,8.17988660682354,5.83478149686903
0,7.70565879271843,0,5.74297113601378,5.32408257443406,7.10198893746754,7.04735199031609,8.20623703312245,0
0,7.6616023726417,5.44289378765528,6.37279063936282,0,7.53843645592229,7.03381507864287,8.7153848165212,7.85346499749885
0,8.01303860008428,0,6.06338978167944,5.57753874808195,7.24044895726327,6.52917063227919,7.30516805389947,5.30697973962669
0,9.18589295432307,0,5.54490396958871,4.68213122712422,7.00661370177483,6.90945383561772,8.25317035227387,5.41885216817677
0,7.89523114424681,0,0,0,0,6.71817947363668,9.63521587360417,5.83571675924906
2.44408465526775,7.39578913241189,0,7.10743366408536,0,7.0173538015888,6.68954951669755,9.31687819433643,8.69054800014751
0,7.4108853679307,0,6.31702027198784,0,7.49310007606135,6.04954475818451,8.36941913762648,5.29395787777058
0,8.35877173813833,0,6.29449079329436,6.02276939693639,6.89034458872234,7.24688113449748,7.522908485114,0
0,8.50087680013127,0,6.22821510182841,0,7.5569610212791,7.35475892483213,0,5.65294521661914
0,8.75092211942407,6.17149180734856,6.37903720237456,4.62399194022868,6.54702928346018,7.67299518817022,8.73632550847634,8.39389949994838
0,6.82008186471236,0,5.6250278259673,0,6.98499405932294,6.54947905367643,8.25509049273743,7.0649043163822
0,8.17155144302328,0,5.77585504344785,5.24475834945347,6.3937078039562,7.05269509733848,7.72594794851631,0
0,8.43401373595584,0,5.96755600205631,0,7.38611142860802,7.10314112510529,7.65461856654738,7.14939079512804
0,9.00062747429831,0,5.45937272554882,0,7.3078861854996,7.64033949544976,8.81373737906688,5.35861252233179
0,9.42406369190967,0,0,0,7.60573078439872,7.2962641051072,8.5843245981188,8.09424412581824
0,5.28710473933393,0,0,0,0,6.1779441140506,8.27120057712931,6.23499878806993
0,7.76371409619694,0,0,0,0,6.83842663684482,8.27602568003902,0
0,8.35847409223398,0,0,0,7.1735597729146,7.11649154194754,8.24528472561382,6.97706676637232
0,8.16388970059415,4.76635322357948,6.48414656663768,5.87403145021589,7.22183582528845,6.59844090640324,8.3022533970777,0
0,8.40997762287793,0,7.05936845635716,6.10161855559987,7.21885109784293,6.71903730868291,8.35752431430507,6.72479351730076
0,8.25741158900412,4.83524962830341,6.5186752001233,0,7.09994465497444,7.11250672774225,8.05383622409222,6.69015881409704
0,9.61735760824332,4.87718008904558,0,0,7.28372978252324,6.48637418080857,7.1344604800849,7.60168215550017
0,7.64125714489041,6.43009037698955,6.59703655541197,0,7.29272511997453,6.84008653045732,7.23692232613424,4.69765820542324
0,8.60975414100257,0,6.2208088340638,0,7.3093462255417,7.06714933113239,8.68490183104233,7.6874012051587
0,8.35828420880074,0,6.36156151137835,0,7.01755990493691,6.89208310958784,8.57835602131389,8.14859603087776
0,7.89305701551217,0,5.35436683239906,0,6.16967349202831,6.88063071158548,8.89463049803621,0
1.95160817016995,7.27714405850761,0,6.49450998355501,3.42034620050092,6.828181627951,6.99882922588151,9.20411503471196,8.23500002730745
0,8.17367418452703,0,6.58321556578756,0,7.61951320035309,6.7864911914891,8.88675059894597,7.32210083889624
0,8.0702808933939,4.45225207956338,6.17771587223778,0,7.22324462063666,6.44786038388469,8.68875709155723,7.2390498488768
0,8.51173834073327,0,5.30220978126338,5.93163492169815,7.28280241586877,7.18107470059808,7.18028310366224,0
0,8.91649400591211,4.2614114673159,6.04573964150798,0,7.0190998543871,6.95002901920947,8.24995145138023,0
0,8.49665369269698,0,6.62928399005841,0,7.71831653825333,7.38771542718071,7.85019317482981,0
0,9.00202508650731,4.27944004589878,6.90507168135294,0,7.02314434025606,7.00386513895703,0,0
3.93260963903653,8.06214910810901,5.01747849257825,6.38129134510268,5.05465217951303,7.14672493424211,7.30900484750907,9.35060653503681,8.26400529500363
0,0,0,0,0,0,0,8.93001781837479,0
0,8.41350239211699,0,5.92812530654589,0,7.03075136969128,6.50377906192539,8.29953705665472,8.15519553551741
3.11750733047991,8.42866138643427,3.66227877231676,6.0125408727099,4.92493215190328,7.31891083241867,6.06145691892802,8.31351642669631,6.74139368176691
0,8.20131189873895,0,6.85324629348174,0,7.35869713143418,7.23669205232327,8.5582871489512,4.9673797854253
0,8.39255697627805,0,5.43380933598519,0,7.52340567492104,5.73821610697409,8.43252162039896,6.94592736559566
4.0285608216761,8.23144790884215,5.22493989674326,6.67304509129646,5.49285566085191,7.11911770456051,7.49873683478078,9.01106104145009,8.42459532994867
0,7.85589345429541,0,6.56858340160781,0,6.85120609129095,7.33791299968067,7.90891643096578,7.51784688440476
0,7.38385280267887,4.14487923559615,0,0,0,7.28595881087006,7.66599707602997,6.50520093049993
0,7.89883803470758,3.62193804836005,6.72141365252529,5.58563687328081,6.68267234828688,7.62334864837191,9.03491259836109,8.26502754380808
0,9.48969032855839,0,6.7901197324487,0,6.80676298650806,6.65362403004144,8.80720554664888,8.18171486070687
0,7.37968205778972,0,6.34938371667687,0,7.15637942503015,7.73229030641305,8.32570817810229,5.91649851461807
2.42214432805168,8.2591087554034,4.41727311486095,6.80126078728311,5.91498838839737,7.41522327221023,7.74826155726948,8.5692427997263,0
0,7.57028344547455,0,5.55218409050509,5.57878598448152,7.18550064548793,8.25313909999506,8.88241946826473,7.86189655498734
0,7.19739044290846,0,6.78711190645979,0,6.90290352825111,7.0524182352227,7.45612521152046,7.1645811579442
0,8.16010101759208,4.95448813347326,5.81931111922965,0,7.41814480767249,7.19014084969958,9.06017191921379,8.09448222469144
3.6235406128056,8.53053183485541,0,6.98633537910499,0,6.97684281265515,6.57284182682492,8.34033190020259,7.9556214919323
2.73696154459663,7.99746472132689,4.67385634377654,6.98882822500862,5.10885034159321,6.88627624730501,6.32900763873069,8.32397730634372,0
0,7.79893331004122,0,6.50195011306087,0,7.33763328576764,7.13169851046691,8.09635755971382,6.37686299306583
0,7.14521979402329,5.41747723171729,6.03010817070019,0,7.25496961213525,7.94205302142842,8.68108597674176,7.90852685541444
0,7.98428554450404,0,6.19711599979764,0,7.03646506632744,7.97724423724374,7.03798497700683,0
0,8.61168303483666,6.95508723762934,6.82454756796544,4.37449836825309,0,0,8.69312772788534,6.27511977268382
0,0,4.03742141482248,5.80450223866443,0,7.1343488720522,7.65470385601039,7.54813439400343,8.13455554294744
0,7.36985273665678,0,6.00032517554018,0,7.01496707995335,8.0563411582784,7.4187328911973,5.77312195273481
0,6.65146850907467,0,0,0,7.29054523805108,6.89311868472912,8.03020778453427,6.58651642300151
3.97930775223374,8.00069819374432,0,6.98694531554265,0,7.20330879021434,6.65689360533524,8.56879273890352,8.2226207682597
0,6.36294189292789,0,6.05755654847007,0,6.55672153636201,6.43869520444861,8.7190885911673,8.13004431234384
0,8.43180304497641,5.23292514778098,6.3169300021713,4.60766706618668,6.90110320290176,7.65558475477348,8.77250495303756,7.78998444637925
5.39847939344702,7.96446165256695,4.3907385752759,6.25567326337412,5.17631920973719,7.28322842438164,5.90476221326869,8.90065805924474,0
0,6.87270824390457,0,0,7.0203426181314,0,7.51552973922096,8.52593090615946,0
0,6.52816257504137,4.35606759550379,5.23207072072911,0,0,7.89101657218515,8.73079375290266,8.46289961119537
0,8.30659560927055,0,0,4.04340208348453,6.64174336994065,7.58978084300157,8.4573200371773,7.67246469405371
0,7.85709773486404,5.19733613669392,6.39821216578111,4.41654882704561,6.90230042829917,7.49273801655152,8.2634564030172,8.02844538252093
5.00455015044031,8.35971330927308,6.44808210635242,6.68054095329745,0,7.36297516523512,6.24784943220199,7.85181680780165,6.31533991817619
0,8.37168406557513,5.35176334225366,0,0,7.30536293131212,6.38532929714983,7.60601934592154,0
0,8.12808359966764,0,4.7798795097799,0,6.90141522323594,7.63532320974421,8.95131054209756,8.04926101522944
0,6.89058877406023,0,6.57961225793629,0,0,7.49051265150166,8.17503240563553,0
0,8.38915752671919,0,5.36373050509627,0,0,6.90974330155509,9.22083510906882,8.32896301304721
0,0,0,5.44992195067993,0,0,5.75155624946104,0,5.17292419713997
0,0,0,5.83501539448142,0,6.91087042188228,0,7.51653667080476,0
0,7.96608362279975,5.95373671904701,5.80727123968123,0,7.18148547506586,6.23305686849065,8.94513838497996,8.35277599075303
0,5.96950008472933,5.02012347196856,6.34530297192736,0,6.64274752356923,0,7.56362106469485,7.20126036473671
0,8.55979472162322,0,5.84652547650136,0,0,5.25968048293312,9.70079592748182,7.20616955476294
0,8.75050566355247,0,5.66101414280526,0,0,6.93522452097168,10.5312692034145,5.26641381753503
0,9.60025858430302,0,6.17738379112392,4.2354100025007,0,7.28038034078391,8.48743270883858,8.26702268004141
0,8.69605543835806,0,5.71742236036024,0,6.99373111998941,6.54947905367643,7.96772721938601,6.80655277347297
0,9.25389782172501,6.90293367370292,7.53468252562197,0,7.14935152723856,6.26528220115015,7.94830403843458,6.97076763612366
0,9.81524632868569,0,5.42181736253365,0,6.1404447401193,6.37007220104626,7.57485104920404,6.00753472728548
0,8.40473868390446,0,6.16824997444404,4.72366408003588,7.19826584746484,6.48484895325403,8.63924620882222,8.33957017915384
0,8.14093925231665,0,5.60932526430331,0,0,6.79165956899081,8.9114544366615,0
0,8.36075222421529,5.22848485694936,6.06506346114217,4.53485501207307,7.09699451999617,6.97230630004158,8.8587112478787,8.17845919895254
0,9.63958059873512,0,6.54186658998716,0,7.09820206980959,6.97430115902604,8.53692718890647,6.57116303516035
0,8.37470062427636,5.21074219429208,6.66727480801465,0,6.82039838776389,5.95829548571647,8.420999421361,6.94059026207571
0,8.28258163316091,0,6.01405739576062,5.14790137076507,0,6.78769841012534,8.43377027727631,0
0,9.07644662799605,0,6.29821368227699,4.92275080878574,0,6.0048742340179,9.35658560018745,0
0,8.90994313671011,5.0698471537281,6.32893628406228,3.39752397629585,6.07431101288347,5.8466121704285,7.80417386114348,4.76379654927051
0,9.42728877291319,0,6.20229257269954,0,5.64318285252727,7.27738593408109,8.28725410265089,0
0,7.45693393188017,0,6.78250946594439,0,0,0,8.65292092032743,7.73436197458347
0,9.36402237056097,0,6.04626045019359,0,6.93036768065278,7.73724552071938,9.30079331996061,8.38916207308301
0,9.57385785227658,0,5.95469682291577,0,6.31620755013778,6.61099209779416,8.19699343688559,7.90429054431548
0,8.31319273622984,5.222353827741,5.86232350278475,0,7.02016389830107,7.20682229630048,8.74198658099852,8.47076802842555
0,8.30009383708634,0,6.26636528519503,5.38472439428878,5.58930646475731,7.5093736214454,8.96730146406656,7.63379066462215
0,8.35442011197804,4.98429131875665,6.0990176572727,0,7.58653473636194,6.41334419648424,8.86734148302029,0
0,8.28038165733661,0,5.64236795762133,0,7.25455966888545,6.5592610671336,7.98554902448625,5.74354791121562
0,9.1784946366956,0,6.52163681187126,0,5.85870428565681,7.4723813515957,8.94712584613892,0
0,8.80962098509811,0,0,0,7.29530078578735,6.47901642621426,8.58255762139719,0
0,8.23860563817073,0,6.59475539854607,5.59337219332923,7.76540367301612,7.14155386328368,8.18111047892065,7.58986678992182
0,5.56317851121412,3.93123722435195,6.07232999316254,0,6.65582637623617,5.62603712603135,8.0244792235762,0
0,8.87999154893195,0,6.426472276097,4.81413367372847,0,6.69518067901716,8.50050267647091,8.56281644144065
0,0,0,0,0,5.62307843724124,7.0980863405498,8.59394680363307,7.62321174646192
0,7.87354830235524,0,6.44269938946034,0,6.62502094625429,6.13811574743367,8.27640488292856,6.97093662958026
0,7.35887548333569,4.94897263370415,5.32276604695035,0,5.25127816854225,6.40844641534381,8.46382827902489,0
0,7.01064574658139,0,6.26670706816617,0,7.15115625611678,6.12673817116555,8.185511860059,0
0,8.37728263799901,0,6.59604004312224,5.42137535403989,0,6.09935436139153,8.09271038787226,8.12868843988287
0,8.09616256676646,0,6.04355877066612,0,0,6.68687167206877,8.78333339496763,8.29986271141632
0,7.73294336694517,5.47218663652701,6.14341280338004,0,6.99013678798792,6.73427056205316,9.35692248230349,7.90440128506044
0,7.96210563554532,0,6.07821547351664,4.18342324530564,6.98672356351595,6.28573735288371,8.08761262912974,7.6377694433079
0,9.50036469920632,5.37133545928461,6.93713930867029,3.63784928300116,6.82623064045796,6.51752355151456,7.73864497293807,7.34384658063206
0,8.08342428322178,0,6.75688587653795,5.10254576202968,6.9670048381861,7.6957488954702,9.5164564885825,7.3203548759909
0,7.12982625529337,5.10758050015273,5.2756115290124,0,6.84113459164024,7.46193919813635,8.5057803115595,6.53370162482807
0,7.81002821908809,0,5.97495399498099,3.33148996923734,0,7.3892550733663,9.36362782218508,8.53624848070139
0,7.96433303274438,0,5.93946047386119,0,6.77317190464741,7.53143447520689,9.03975843539113,8.3414292861488
0,8.9643771717296,0,6.56367215287959,5.00876688303623,7.04831690152786,6.81041804609318,9.29251925793383,8.70974886717454
0,9.07215588476416,0,0,0,6.99843658022091,6.79734872010208,7.42190736393627,0
0,8.62520957712686,3.80488312987024,6.07727520352109,0,0,6.87092530573142,8.82522920974841,8.03602021662073
0,8.91690712652104,0,6.38266168341844,3.98061579689376,7.11241709024438,5.86024476636311,8.03825375651257,6.74428295397079
0,9.51163684644546,5.78163817719184,6.32163123116592,0,0,7.60129238351185,8.68166471336402,6.21372771099488
0,8.75127035238277,0,6.75218859709699,0,0,6.78201063365506,7.8106121796549,0
0,8.63650039826668,4.65348404626664,6.75437097208278,0,0,5.98632636925186,7.86714764502251,5.18816762304705
0,8.77122437043011,6.24682356278455,6.53275632833453,0,7.53046926557424,6.75414945069632,8.05362640120105,0
0,8.50502748843737,0,5.99178949430692,0,0,6.37888448269124,7.6405125199668,0
0,8.82859520844824,5.01847117986403,5.58383459742031,0,6.40659941866115,7.36121023108896,9.85346187543483,8.54485504996615
0,8.5772698984489,0,6.31873385207508,0,7.20697058724759,6.3194904998016,7.53984055463133,6.47452321232125
0,7.94922562426289,0,5.33402229116881,0,7.14877018211531,6.86789115888699,8.86037004463755,7.19112807984582
0,9.54118250354376,0,0,0,6.66437075431215,6.89795743650203,7.91224368391841,7.88882950198626
0,7.56628513452039,6.590149937879,5.74939298590825,0,4.89604714933639,7.44442407270565,9.48362935914033,8.87969930101457
0,7.55297192578453,0,5.44362909770809,0,7.61829040914331,5.45446604903797,7.98354578729475,7.27413993076724
0,9.89302298948825,6.9246615590485,5.17880158054647,0,6.41989720350254,6.33148405614108,8.20355857966633,0
0,9.02328764080633,0,6.62789586294749,0,7.20616955476294,5.84586057324919,8.32520910235113,6.9471105984602
0,8.34019822312801,0,5.81969709925256,0,6.77818175792624,6.43213591095077,8.59588051943916,7.3919884365783
0,8.45684215717131,6.43157259865969,6.57317724722162,3.79773385902602,6.63360786507516,7.16280051690762,8.82788744092691,7.87500905071582
0,9.69214904667168,0,5.92804539923833,0,6.4240583226044,5.93370301024943,7.7216322603294,0
0,9.04851884629465,0,5.95051233577655,0,0,6.78294007549017,7.27897394836171,0
0,8.57981487659703,6.69657735318264,5.42508216733953,0,0,4.51819517197368,7.66539254200652,5.65210314085274
0,8.4473649711226,4.80860070599228,6.94350844868795,5.49581485087866,6.86911839536722,6.45778954347291,7.92522620111647,0
5.15704177919008,0,0,0,0,0,6.44014877433612,7.30718890085854,0
0,7.79020376776665,0,0,0,0,6.95513492502891,9.68779740546561,8.58390746887844
3.11971825333498,7.78685906818908,4.81137101657199,5.27938935666252,0,7.62100406174865,5.53863263637057,8.76984272804322,9.16986935752188
0,9.74588007151684,0,6.41746730643369,3.06572464537403,7.49002117690045,7.01201619029664,6.84803712120301,6.39335661282936
0,9.78044382869255,0,5.45958551414416,0,6.63762493644359,6.88540741531823,7.28765639495903,7.07428614986977
0,8.36164286587508,0,6.35390036529969,0,0,6.99484998583307,8.56081191145129,0
0,9.48295956675092,0,0,0,0,4.98675235363292,8.11043324536713,0
0,9.54818309761958,0,0,0,7.20102172972782,7.44453515815678,7.22551058444006,0
0,9.56624401854156,0,5.84296453878954,0,6.60418769730013,7.0995237396011,7.66884144255028,6.69948802481491
0,8.26236029486473,0,5.46429779812887,0,6.63459393527122,6.32371359288489,6.91513795980586,7.67263224891669
0,8.77721779794046,0,5.53433765567593,0,0,6.91144845081975,7.34333566877264,7.79702007819065
0,10.4007536601684,0,0,0,6.70895061916978,7.50487602328734,6.64475281090604,7.13342364027946
0,8.43259997921708,6.82747754369177,6.53354171437758,0,7.445055341577,7.45899897570305,8.76392201073373,0
0,7.90836510022321,0,6.30984554830903,0,6.92290986595376,6.71327206816114,7.99985977113695,0
0,9.17350728617082,0,5.75612188833677,0,6.37222704257577,7.57494342037199,8.42934728448516,8.15456340971483
4.09000181278796,8.0283345177758,0,4.93202489351434,5.65759891035172,5.83921622332017,6.63896038224884,7.89095297501707,7.27020153680407
0,9.25974939223373,0,0,0,0,0,8.27307367471386,6.65689360533524
0,8.85946571664986,0,0,0,6.27415920304872,7.24375597587454,7.47988670427368,6.70273402242717
2.97960289162411,7.80540534821763,6.23356723282334,5.62740526305844,5.74846899227861,7.0570800470927,7.68027263342315,8.6827923720658,7.96611485550247
3.0521126069901,7.3795884835338,0,0,5.2240786166125,6.47678773046155,6.89824015341341,8.10922495308995,7.71689277812993
0,8.95988728691839,0,6.96142873852791,0,0,6.54388306817231,6.99451995887787,7.10611421347372
3.49499126094852,7.85525006087691,0,0,0,0,0,9.01773814977461,7.43154845937242
0,7.81964433769087,0,0,0,7.36021210963581,6.58281430110661,7.39430870177241,8.43037306886358
0,0,0,0,0,7.06869997001651,7.78652273623874,7.61395687861579,8.46150710493493
0,7.69360013882768,5.00455015044031,6.66798679614435,0,7.28844943809838,5.62021968988551,6.45174922498025,7.69516663793217
0,8.61079646073191,0,5.45442327652358,0,0,6.24517609998861,0,7.46194494352926
3.32251485962769,8.7497229541021,0,6.83926228253684,3.69981939415227,6.55217973048671,7.0509201205749,8.19402762702565,8.03759488006682
4.7667787011845,0,0,0,0,6.74001095615941,6.4571777355615,7.29482556836644,0
0,8.7894224822608,0,6.45662835830603,0,6.57966779189532,6.68219631290094,5.93370301024943,6.19550682511979
0,7.45628122993095,0,6.52930204312077,0,7.02231534868123,6.91105981299044,7.46699385292416,0
0,8.82257126201365,0,6.72128111202494,0,7.17771371154501,6.57852872885977,8.30140750450522,0
0,9.39343662861271,0,6.08913557428143,0,7.0339120457755,6.39547860294883,7.82502153487797,0
0,9.15388006734246,0,5.47633802104029,0,7.18431826284944,6.40894056788228,7.08168337570376,5.37142841336536
0,8.60661516059247,0,0,0,7.11566335765357,6.97460986596738,8.46728630394338,0
0,8.9677425576799,6.60769018575169,4.62996035479531,0,6.74402384999798,7.06850414283762,7.77064101471099,0
0,9.21919108857414,0,0,0,8.01646310248226,6.75440594465846,7.13422130476028,0
0,9.16674578737786,0,0,0,6.80096040178613,6.58885769937744,7.79751310596631,7.29660308126686
0,9.99278423289633,0,0,0,7.1794451552156,6.85440724348021,8.01015704516881,5.46400128218897
0,9.32003747104914,0,0,0,7.12244721580654,6.61178562587491,7.19591473746707,6.30441223868224
0,9.58330294932237,0,6.1486605851212,0,6.68257214914099,6.8355501107329,7.78612397405771,0
0,8.63168726881857,4.97542253834051,6.22655643193803,0,7.54928806097452,6.75675795543021,7.99493917833999,6.79400410443912
0,8.71639972460667,0,0,0,7.04950654568673,6.66219994949604,7.61245546582066,0
0,8.79894823367566,4.68582808900555,6.02206649440488,0,7.43576834873077,6.02087770767633,7.79124592131393,0
0,9.16868052655687,0,0,0,7.74922332181483,6.3220085320319,7.00981535417328,0
0,9.24535996507722,0,5.82428772764048,0,0,6.7596380280292,7.47805097597683,4.97618186602688
0,8.33125389849932,5.65066295232554,6.12165912876581,0,0,6.25146062501858,8.2211186673204,6.12809114463981
0,6.5592894053789,0,6.99215157295417,0,6.71948405798551,4.78298158730416,8.53961004570024,0
0,8.92959683875696,5.79611853919127,5.73045686207039,0,7.2046175838572,5.87776379259181,7.86525321117527,0
0,8.83329361021164,0,5.70940000010691,0,0,6.0153763671543,8.05020899907938,0
0,9.28648626615547,5.98833465409905,6.59050707092859,0,0,5.82203947204905,7.88456898044749,5.62769305354895
0,8.0909415321175,5.28300066243614,5.9762493813015,0,6.10659963560018,7.1872262322749,8.70115174093951,7.86242406137681
0,8.37656927765046,0,4.94257056318213,0,6.41201529263419,6.79284935048078,8.00244321075809,7.26370095707116
0,8.53746433639185,5.12384492469748,0,0,6.88457876653092,0,7.03046836417078,4.77592510641058
0,9.31562788496938,0,6.38692982313781,6.86106191498995,7.68601996094763,6.67386670613175,0,6.27771434434314
0,9.53781510937025,6.57289773803793,0,0,7.2330510047272,7.33806258198862,8.1316865808088,3.76421881065975
0,8.78149250554387,0,0,0,7.31325371986809,6.34593456197625,8.39622709519336,0
0,9.27022118782577,4.64159854260164,6.09026861616656,4.72063943579421,7.49055173570299,6.4700252102867,7.9609272863527,0
0,9.61655186813414,0,5.93558178986031,0,5.91870566452356,7.50650386411843,8.16853743623335,7.88805689281679
0,0,0,6.24777204480062,0,6.89071084437288,5.90058205063081,7.42666811293075,0
0,9.37945003479791,0,0,0,6.0221392313759,8.19979665127434,8.44530613581595,6.86705827665003
0,9.17337239949617,6.47953829882779,6.500884182936,6.84916171816418,7.2633576479179,0,7.1408016352677,4.25745498342083
0,8.5770099575934,0,6.42165478760295,0,7.2725233847582,7.32153241295807,8.14067990525784,0
0,8.77937436220003,5.7623657987551,6.3677239572926,0,6.97429180278238,7.04422485092719,8.15093821948234,5.50898339635113
0,9.18965897867824,0,5.86309125714108,0,7.08129673660133,7.10050560001654,7.06764375186039,0
0,10.1548764224906,6.74897054515977,0,0,7.34484824477061,6.86021283608467,8.60051175836818,0
0,7.09126779297162,0,7.00919210703563,0,6.85561952456161,6.85332021228725,7.64727541891019,0
0,8.2354719843204,0,5.52632904925911,0,0,5.79011306440722,8.08012595489676,0
0,8.43154815328766,0,6.34419672856394,4.00204650807573,6.71921844732088,6.51281459433019,8.1096008222919,6.13500196210418
0,8.70024448188979,6.04647343013878,0,0,7.00445540145935,6.30217931867034,7.85770513314834,0
0,8.37909137027695,0,6.22406325719295,0,7.89350490707018,7.22171894482781,7.91090604306054,6.36731201791052
4.23280130536912,8.27930395489369,5.95508579176427,6.82927468390849,0,6.88164741539635,7.11048385555373,7.66741091408611,5.84006009294875
0,7.62293299536284,0,0,0,0,7.44192431289115,7.40370683014867,0
6.06101393038019,8.33699657533577,0,0,4.3815265096322,5.73741065563619,6.20407279650681,9.15424715531811,0
0,7.12992235369822,0,5.21786624215041,0,0,7.62664330303423,8.53956702014305,6.2839289161289
0,9.7642772080029,0,7.0299906106648,6.9396317816294,8.31728509399116,6.77985372332958,0,0
0,8.84679329751788,6.92198357499277,0,7.73386744178653,7.25028058731643,0,7.91863593133613,0
0,9.34636490414392,6.77241653980462,6.96032875358921,0,7.8057802020494,5.94772162416006,8.58325243067565,6.48542881379856
0,8.69486729886126,0,0,0,0,0,8.52818060807235,0
0,7.33400292627283,0,6.97212816140237,0,8.86651254923818,8.29662133046985,7.79215898039362,0
0,8.06521492479253,0,0,0,0,0,7.99615560257383,7.28004271128429
0,7.87609561916635,5.2749463802248,5.67297956550116,0,6.83926228253684,6.81331272268366,7.68494485011685,0
0,8.1158854295561,5.03980567139604,6.15030421642137,4.42292862599431,7.25005336945613,7.08804143241402,8.14224952885595,0
0,8.60323142839201,0,6.78371017745349,0,7.28245872837355,6.1884694408125,8.4848910496575,6.88189373345579
0,9.52482989234755,0,4.89657033780828,0,5.11487518208538,6.82403665673874,8.28302155367891,7.00830624728702
0,8.19065385975379,0,0,0,6.9077052777321,6.33352826507776,7.43094416173153,0
0,8.19276691007483,4.76592756486621,4.27847004651558,0,7.02953033590806,6.33661331920809,7.13772348924344,5.42873140526997
4.05213271341279,8.84508443064771,0,7.10687659295427,0,6.97270933877156,5.67788330113051,8.67769508807027,6.7012967551982
0,8.25557384942509,0,7.26192007513427,6.31265997089544,7.07042669685297,6.89754331390572,7.66569719785323,0
0,8.987451788155,0,5.67339199333213,0,7.19814617924484,5.98037832137042,8.59125187664109,0
0,8.69839245200467,0,0,0,6.73619560483221,7.62789973143701,7.97528273494962,0
0,9.04260669280461,0,5.44401816071959,0,6.67892056367264,6.86472250916472,8.92604854613839,0
0,8.27733065349515,0,5.99759571303822,0,6.99851877462899,6.48757746790723,9.44838041752648,8.77184006094179
0,8.62512340257666,0,0,0,0,0,8.31564967070849,6.60747417095384
0,8.73118458924895,0,5.38509121533007,0,7.622203962962,6.61177218149097,7.17078855038381,0
0,8.42445929015463,0,5.94628411002744,0,7.61002076118661,7.24499150940004,7.75476452629602,0
2.87073578337931,8.63025398370025,0,7.20209513909798,5.48997025077088,0,6.10499410509586,0,7.4321227960146
0,8.97123637771313,0,0,0,7.56364182418064,6.43671110856115,9.37463372625075,8.97682446326813
0,8.9164483912274,0,0,0,7.22999818573504,6.42710315522369,7.30922575248402,6.97711341708445
0,8.81237308482535,0,0,0,7.68191085463555,6.83036654639906,7.75279917252206,6.73244905708209
0,8.45521991056791,0,6.37197075717495,0,7.23089618990883,6.1749728993815,8.02860187653372,5.33715339033323
0,10.0872747014917,6.62503421369268,7.25759491534108,0,7.45613676927456,5.78757200038588,7.11372825610737,3.70745583968687
0,7.84491081893672,6.25146062501858,6.32809748510175,0,0,5.97169541925069,7.82454988389095,0
2.95699144523756,8.43527138601056,0,6.4858406157429,0,0,6.40877587749983,8.04119724404046,0
0,9.97922098862157,7.21821349462306,7.29684029622879,4.96960494453826,7.53903769406528,0,6.35123469595402,0
2.23964529322017,8.65362612050957,5.97523353399756,5.92345333649144,0,6.81027474566358,6.46142130025505,8.99423822170805,0
0,10.0413259068711,6.62982549797303,6.67446037661155,0,6.97540458161789,0,7.34231953678223,0
0,9.23304075749696,5.49306144334055,7.93805660646675,0,7.28219057010356,6.37881659978922,8.75266839440307,6.6134915951648
0,8.61315225156126,0,0,0,7.35813001583891,3.61091791264422,7.77779262633883,4.60716818865076
0,0,0,0,0,8.06441632575682,0,8.69091621992675,5.41933959479549
0,9.61668509311136,0,0,0,7.42234979155575,0,4.76037745029047,4.91250781609831
0,8.34971847284449,0,6.06113052534108,0,7.40726309732766,5.37003319408964,8.58039519481174,7.1093482762659
4.81696963560164,0,0,4.70962028734456,0,0,0,8.89599394432656,0
0,7.99691974385259,0,0,0,5.57871043866294,0,7.53988838689952,0
0,7.96663525698661,5.3173353723838,6.05949695749981,4.02891675689965,8.04380785062409,4.72472942104573,8.28342085415024,6.16745359582873
0,0,0,0,0,4.89858579028763,0,6.33794015419413,0
0,7.63809708309979,0,0,0,0,5.35955356601861,8.41192600473646,7.56972134205851
3.77689033143665,7.45728032620739,6.18892099148621,6.35376115981477,0,6.92760692468474,5.76129638085681,7.6110012942195,0
0,8.23375012168376,5.59719898925342,6.09338916682991,0,7.17756865289144,5.86932516132236,8.93743656110213,7.53164883977754
4.4573659912197,6.28902887878918,0,5.92863123793641,0,6.77384667236422,0,7.47324520888565,0
0,8.01574347612872,0,5.38389855463824,0,7.20010394592458,7.12504171081195,8.44551887091321,7.10371672148013
0,9.00869164283943,0,5.27361475390766,0,6.47174333068365,6.44035625480577,8.30802404172889,3.98117586411646
0,7.76890109797385,0,4.95038976708097,0,0,0,8.86316303973853,7.963467025557
0,9.19048658337129,5.3687758301966,5.91916263535258,0,6.69228223397215,6.92275225998804,8.5357950981359,0
0,9.3647681562636,0,0,0,8.57379089253063,6.19921015624209,7.09992815182647,4.18098086888165
0,9.72401991942507,4.24204591836945,4.6978405208294,0,7.02597377536729,7.13179442912796,8.71413567299044,6.82285077189169
0,8.44713332231831,0,6.69447542110482,5.5964199563277,0,6.52325388854964,8.73659374645161,7.96791082926058
0,8.85035280449643,0,6.83894096298178,5.98305427974801,0,5.83982737244502,9.59093201780832,6.31296816803527
2.47737838336721,9.10511429172596,0,7.14796044955795,0,0,6.43276322822498,9.34577994287001,7.51537725038503
0,8.50487564090819,0,7.67378575351209,5.1851486684424,6.28618429691141,0,6.90931406344613,5.41151211431438
0,9.36986231499307,0,5.04361864657827,0,0,6.36332116404232,8.76561142978504,7.75790193483834
0,8.51016052005206,5.821950621333,5.79481077300377,0,6.50920123436422,0,8.4866246996097,7.69137824519862
0,8.17239317489383,0,5.06006017742378,0,0,6.5255134117834,9.16794630907037,8.29189732553388
0,8.31622200636717,0,0,0,0,0,8.76764836175186,7.83767668962593
0,9.25140553692811,0,5.90432588929122,0,0,5.85145507409964,8.34608453443635,7.67819677846833
0,0,0,6.1283527991701,0,6.394777340648,0,6.9932905670884,0
0,7.90811874091611,0,0,0,7.14244788251321,7.57306866861265,7.64199161837078,0
0,7.93643496904376,0,0,0,0,0,9.20112302242657,7.8796169430916
0,8.59455600368339,0,5.69012293987024,0,0,5.62866373543926,8.47985678184736,7.60728206650612
0,8.91107277914391,3.83427765680329,5.27694050078845,0,0,0,0,0
0,8.40753009960503,0,5.31379693739642,0,0,7.10220301557393,7.08924315502751,0
0,7.77229366375174,0,5.98085850132076,0,7.33353268840218,7.4594886535912,8.64141235955441,7.63809226564519
0,8.43172026676533,0,6.51502375359861,0,0,0,0,0
0,9.4928465726839,0,6.65031785766616,0,7.50490354261279,6.53387604343316,7.26746262055228,0
0,7.6367135202777,0,5.70833874573741,0,0,6.9074452309222,9.27340906344317,0
0,10.4353620854898,5.45352463085042,7.02472909842249,0,7.46605591677232,5.40609495872147,0,0
0,10.189996437072,3.80755098383143,0,0,7.17333743739405,7.2269578205812,8.71072830725719,7.30830164321265
0,9.99782908153152,4.5779017588339,4.64592817846026,0,6.88722598772964,6.42787907586008,8.34964989620001,6.98224103690868
0,9.57392737251743,0,6.95157118726656,0,6.99905743738892,6.70604293007625,7.68606128829003,6.54922146555841
0,8.58639830704447,5.72753155282704,0,0,6.96336026465486,5.83431353745597,8.34192271720898,6.71435255217737
0,8.64387694236556,0,4.20648206215895,0,7.14162509765667,6.5256892643022,7.80055217944056,6.20164443203033
0,9.4116799346059,5.2555664294804,6.67398041499927,0,7.3462811409501,6.49889942879986,8.05991149413095,6.73255629632699
0,8.81253683890282,5.06050424124939,6.00942724748215,0,6.18881838423589,5.85796172550388,8.41568081770925,0
0,0,0,0,0,8.71503042185967,6.8411559692109,6.82334052783977,0
0,8.63041651402993,0,6.14712123519245,0,6.96553350070149,7.38002508850057,8.38186132176243,6.97449761992393
0,9.72997904647403,5.59080039594086,6.76237106119499,0,7.38317546217753,6.99399719334465,7.37168424476384,5.55945010376628
3.35689712276558,8.99753692702794,0,6.16940150558411,0,7.41075838649098,7.02812164164079,8.54109329493228,4.67142598176516
0,9.20609135768677,6.59182461225803,7.03746688550379,0,7.20889637111807,0,6.77638155691141,4.95505210951922
0,0,0,6.26653619128255,4.41835856392127,6.61498025946435,0,8.3301428716252,4.6354083690487
0,7.62871702303667,0,6.48387158534995,0,6.85492396033615,0,6.58885769937744,5.43074815372853
2.56955412384829,8.50798492516502,6.78277012018801,5.38605348085212,0,6.99625138654696,6.12911556740183,6.76371168339816,4.3686880702347
0,7.21923932361941,6.19332317306486,6.31546649473257,0,7.23241516655549,0,4.39284292710773,0
3.66356164612965,8.82049415151787,0,5.90134835516487,0,5.61002109484173,6.6220046733801,7.42788746206843,6.79964654598764
3.47877551630753,8.685769040685,0,7.24353441832406,0,7.27909122330605,7.01319579144013,8.96122495267322,8.62898855893497
4.18098086888165,7.72588176206906,0,6.52604087659468,0,6.95046029949562,6.1886952416366,8.00533370005995,6.41465496297866
3.60821155104648,8.31025019949874,6.92033581118747,0,0,6.66063916827702,6.45389267959845,7.84429951688354,0
0,9.78643674873256,4.81380905109942,7.73572177244112,0,7.03377981553601,6.15164699916696,7.44576796259209,0
0,0,6.55650843336853,6.68658477991954,0,6.75032924102096,5.74789504927452,7.14796044955795,4.2837244833835
3.34109345759245,7.82373796341455,3.26461371654205,5.63571774374207,0,0,7.13434089957319,8.62427921752429,7.16985797078094
0,7.79524727968753,0,4.96918810418208,0,7.22454945197737,6.31010007988141,8.52789967195972,8.18168129352214
0,7.8029898782505,0,5.32685623135446,3.56359963768718,7.42405190946058,7.09941641910485,8.57854789959593,7.81250769982974
0,8.52009697136353,0,5.47499804345191,0,7.66573000140914,7.2484044941554,8.59143758283586,8.12699100997398
2.59151638484626,8.37059392774181,0,5.87383462472916,0,7.32404822061414,7.45533897069372,8.34362283095936,0
0,8.40671739275544,0,5.30056483908852,0,7.38349865432428,6.81365336892584,8.21459779949882,6.74012921258679
0,8.91970327105859,6.24383674908232,5.66226579445327,0,7.64241381639751,6.02617993419643,8.64559344221969,6.95443846312251
0,8.40802320671409,0,5.05624580534831,0,6.9658637968858,6.72343572752551,8.55919273235649,6.58563357908339
0,7.9623912980753,0,5.01143497426682,0,0,4.97962610722191,8.44884582583123,5.9244429456766
0,9.08015651296087,0,7.15519331486379,0,7.612228081872,6.00972186337881,7.50916538857454,0
0,8.50258095072828,0,7.48941208350872,5.64116211267453,7.06959347683469,5.5727622122178,7.14676430540589,6.76420818193907
2.50061594349318,8.17981934847017,0,5.77867347349783,0,7.28036656221922,6.74403562890784,8.51461386781929,0
0,8.42625922201956,4.86352642905804,6.50189009085263,0,7.39821083448777,0,7.12098585874531,0
0,9.02766795363751,0,6.72438517265221,0,7.32256987740894,6.67584844199777,7.95202049240969,0
0,8.10809950798406,0,0,0,7.04149914903173,6.34296613227272,8.18519971017993,6.84244846278148
0,7.35296019625916,5.07972593858105,6.09296010342356,0,7.23256693739626,6.25419412945415,7.5660987769307,0
0,8.94076275371434,0,6.14596516569953,0,7.56385977276639,6.19994106137879,7.40327435293074,0
0,8.92236225570776,6.41530970249758,6.0294826142955,0,7.63351000768954,6.87098755478992,8.26057299813943,0
0,8.82355961907215,6.05680743215815,5.60252464258197,0,7.24808435414477,6.75689750491817,8.51067197442597,0
0,9.54964430983015,6.43488354064089,6.1522857863448,3.33825758188828,7.16569438223468,6.44793957612389,7.42139294524793,0
3.10906095886099,8.5269494440315,7.20857072982388,6.49381435239293,0,7.97764568176316,7.00034357600396,9.24604529659696,0
0,9.49888207483985,0,7.04276682563801,0,7.36136272241632,6.37055145615608,7.9923768186231,0
0,8.31138599334889,4.66682956637482,0,0,6.8854483184596,6.76090124708751,7.71022760565607,6.8346468071615
0,9.62516157500837,0,0,0,7.10927470507962,7.62498024902111,8.11143904153952,8.02925367143695
0,9.03000364410543,0,6.31215214492374,0,7.35397197913236,7.11638602717741,7.54815547748347,5.63239387856855
0,9.6674423820987,4.22624963310204,5.08493848528874,0,6.30676786634079,7.48912137608133,8.62506235777694,7.76102527063963
0,8.72949255650757,0,0,0,6.9740578682362,6.29922494414207,7.76254925884485,6.48716638072813
0,8.98652534527282,0,6.09438208111467,0,0,5.72394451448014,7.78794203562541,5.13243986217002
2.51284601847724,7.87991203436396,0,0,0,6.82381916850944,6.6994141295491,8.60214077357894,7.12679441871125
0,9.17853489785634,0,6.81990718840894,0,6.98492926040784,6.45992010370735,7.72676829672513,7.13926374662797
0,8.30075957803338,0,0,4.01800332896538,0,6.07027572753227,7.78559204367817,6.02014918096789
2.07568449280212,8.05046738423739,0,5.92516447535075,0,7.27742739259149,6.0728140928043,7.95934933268662,6.93442642079695
0,8.68039478784391,0,7.07855234992414,0,7.66843025833396,5.0432960763358,8.22613743448532,0
0,6.71062054684898,0,7.38611762660297,5.28178139790794,7.42159036975614,5.56072009181436,7.57985245459377,6.46706187739652
0,8.46724846099162,0,6.29336382444385,0,6.71141187394574,6.38893108510488,7.97029123906756,7.47531656057268
4.98154971320116,7.91774398266052,0,5.55055359206552,0,6.72559770874165,0,6.23327282365135,0
0,9.41155728187243,0,0,0,0,7.59179612242598,7.71760046231869,6.28159362320281
2.57337529777561,7.87847358824313,6.62829266735458,0,0,7.44549932905917,6.03677246481252,7.67204102737528,5.66268266377078
0,8.90868918416356,0,0,0,0,6.98408649218866,7.93815653330611,6.53230517971707
0,8.9547614350187,4.8343753286809,5.6126535412451,0,6.4636376962426,6.95002901920947,8.05305711436848,7.55711774717106
0,8.69714694718053,0,5.15057113439377,0,0,5.63010005296868,8.14338371479207,0
0,8.56847358572058,0,5.65420700221293,5.02361732831942,0,5.33859521304661,7.66084920459315,0
0,9.01865309341187,0,0,4.37058644453133,7.20100681314879,6.59263349077157,7.90551907969078,6.15526140970131
0,7.29099522783164,5.10284977808407,0,0,7.16703016083307,6.36078420857979,7.67835874839318,6.8229813969327
2.42125662271154,8.51213441736822,0,6.35811952442906,0,6.35815417626474,7.10068701488811,8.09662865859499,7.50976257196867
0,7.55650115024391,0,5.48113879838364,0,6.41607847405491,6.50136474279747,5.78566963412838,0
4.47323751472727,9.38667739042288,0,6.2095352532729,0,6.92255521759374,6.77446385756222,7.17920125649333,6.73539989450003
0,8.89922043274449,0,6.53014849900237,0,7.2140554539281,6.90752525252808,6.95254698376607,7.0735323948214
0,10.3263340584751,0,0,0,5.25947258272447,5.91698342842067,7.12175313563663,7.50401153101255
0,10.0003737624795,0,5.88757517101572,0,6.74691728885502,6.88481413168057,7.54412573755441,0
0,8.52114935546921,0,6.05173616544955,0,6.68978581894166,6.20496172137039,6.21674581188374,0
0,8.28507952867679,0,5.48080557612131,0,6.68712107661671,6.38812433525441,7.45638522868306,5.17190344169238
0,9.08686453804867,0,6.31570152298224,5.12479696570715,6.94059993901122,6.91825991162722,8.06833403388868,6.21796246623477
0,8.5876330155621,5.54094977044609,0,0,6.92769515176168,7.15835055984963,8.02276899257308,0
0,8.53056538378999,0,5.67644553558091,0,7.21689302346321,7.2480772387581,7.33316679489924,6.57359636456664
0,9.64523482410835,4.38937457233642,0,0,7.11204215544604,4.44511879783986,7.34771842749787,6.37584220288566
0,8.68802229556487,0,0,0,7.69411043125454,6.35025724701772,6.10802461301941,0
0,8.88218624376843,0,0,5.46708920579491,7.44334180568959,6.93349124952428,7.83952558170468,5.86309125714108
0,8.09283268435578,0,6.34171640713757,0,6.98654797494724,6.34477634199559,7.65503546812201,6.40814980656861
0,8.85006466735836,4.9399266658258,0,0,6.8766670076989,6.68599826597926,8.61726293559346,0
0,8.57630325510362,0,0,0,6.69323692349162,7.10595838699848,8.38775170940767,6.59987049921284
0,8.66515964541989,0,0,0,6.97615197279049,6.64593586605608,7.32407459974825,5.106975246533
0,9.0834508730602,0,0,0,7.80238101041934,5.95438553886656,6.74262116817083,5.89357604628886
0,8.89184438996509,4.08463087003446,6.10161855559987,0,6.87772896747516,6.70091559437446,8.59806140442032,7.52434533681993
0,7.93652433470846,0,5.76239723491612,0,6.74227903977496,6.90209931412598,7.25316601931479,0
0,8.29599275103862,0,6.39359075395063,0,7.3421446838687,6.89362592817627,7.23335433047971,6.32134366825955
0,8.48488485266119,4.99457366054891,7.07063064494889,0,7.2027430993493,6.89089392190673,7.95897193067562,7.27106416955691
0,8.55676576573604,0,5.84519522760653,3.88957287659055,7.02334034531718,6.60754168059087,7.2242944512292,6.01094849618067
0,8.66277295998208,0,4.90919301802792,5.67435366396539,6.79383601932042,7.32416692123812,5.79212907095477,0
0,8.93903152372234,0,0,6.65965282962673,6.85038037112081,7.03414120344579,7.94394946350543,6.68738288446371
0,8.86400889235318,0,6.3454082646412,5.26863105617768,7.26115486478695,0,8.1322716125392,0
0,9.02832316886195,0,6.77605078798471,0,6.83644185996337,6.6294425105343,7.7216411230241,5.75510910182154
0,8.51181073193536,0,5.55636463387013,0,5.74297113601378,6.28389159434044,7.2220914536792,6.7373227665806
0,9.20305187529699,0,6.72872430228625,5.94704232955524,7.37669584337461,6.96742886046775,7.12282633520546,5.56302503693994
0,8.65812140994863,0,6.67028458252188,0,6.76860814757198,6.07442606782233,8.00113724667066,0
0,8.6007196698612,3.97330623384504,6.61432337454975,0,6.86359438319637,7.13053076256773,7.61303851876158,6.55247935595711
0,8.75152037216412,4.7079072634392,6.6365107009887,4.83246510842478,6.66540342372663,6.63677298575277,8.2284946024866,7.75175484884155
0,8.25131174892331,0,0,0,6.85487124635692,6.42857366055061,7.25674174215511,7.09499804009516
0,8.01684251334423,5.61963970654377,6.85563005969364,0,7.23732517775361,6.69198448199734,7.49563082882276,6.84412301373728
0,8.68420650601755,3.56840530064606,6.22092808516701,0,6.57840363069229,5.72665228874695,7.90621937015564,7.42604299197926
0,9.87734889492643,0,0,0,6.53215960447625,0,8.42849311665152,7.2004547432457
0,9.13749329686526,4.20677999155189,0,0,6.44320873273687,7.25839806598908,8.99597443444823,7.19035194263403
0,9.45927641859283,0,5.5327568776041,0,6.55724699632908,5.81639661902534,7.94677678623661,8.20626432733772
0,8.69929805806791,0,6.1598350725749,0,7.16096235951073,6.0843171641226,8.66812211552898,4.41279829334063
0,8.99506205842654,0,6.42323072963552,0,6.86896247426298,5.65217334092297,7.92816816005479,7.27157861219747
0,8.67750258167906,5.09166213273863,6.54763153762964,5.86870351676999,7.18975624446195,6.85826036653597,8.70386195207885,6.92530045819789
0,8.75463877928128,0,6.29186539196754,0,6.95071897841425,6.71480139883098,7.25763720251327,0
0,8.09617780195976,0,0,0,7.04761286895683,6.52838180437805,7.82300947383736,5.79206803952356
0,8.22709219572715,5.02322240960173,0,0,6.52031180137177,6.62845134504087,8.64736143498963,7.96901178110648
0,8.57276790742408,4.89057466669581,6.71264023338921,0,6.90470061825291,6.65392053451374,8.27672798265343,7.93257390507045
0,8.77619488569905,0,7.27791094825471,0,7.29138369248113,0,7.68383636827835,5.63906615993651
0,9.46820993500547,0,6.16684540622261,0,6.74204302093956,7.39652545976719,8.07880295133121,7.44636920654304
0,8.79751524525751,0,6.80730491101687,0,6.7293460590081,6.71591657749634,8.56468918517496,0
0,8.83557273796498,3.63310243864494,6.88499829185952,0,6.59013619944504,6.34247346942009,8.45371650633118,7.00063523545717
0,8.5356105459395,4.17022477255742,5.4014153245516,0,0,6.16095412508656,8.91267126133086,7.6377694433079
0,8.76646598141578,5.98971301406918,0,0,7.15302033554312,7.91803167751659,8.56561757441018,7.73045595079738
0,9.17268004079351,0,8.10039510704112,6.63901271634975,7.23082380010417,6.31523141123164,8.23804790998664,7.37825253637345
0,8.49164150993183,0,6.41637274076075,0,6.94000947451147,6.44513234526914,8.12882705902994,7.21703982861633
0,8.90387635115822,0,6.33303092936591,3.86514101952802,6.81307090332155,4.14392806241093,8.17074011147636,0
0,8.37516177573358,4.41703174387257,6.33005952911017,0,6.7644274865136,6.30888137719404,7.7880498532313,4.45236859573013
0,10.2753993241967,0,6.17284816417396,0,7.72659193454731,6.40702848989356,7.9731244198688,0
0,8.32231391548473,0,5.66358528490479,0,6.65337902523683,7.21769285033233,7.62216970004304,6.97456309831375
0,8.73174150931788,0,0,0,6.89896677294906,5.67401031632253,7.16960402597794,7.4771007227873
0,6.10651050705448,0,5.09497644253001,0,6.51137378960702,5.87566080136434,7.80810360331553,5.17178996007628
0,8.50937470656373,0,0,0,6.81093596100142,6.29032762846151,7.680766689751,0
0,8.4796055440848,4.95272365547726,6.38198520783032,0,6.36030024839336,6.28637046464908,7.61442560819455,4.5681949498632
0,9.86482468375874,0,0,0,6.45804043334925,7.3210695020337,8.57044007630261,0
0,8.52414695784351,4.49758497530815,6.05121820150709,0,6.92123403109457,6.09966851631737,8.41861848885115,7.69139194755154
0,8.51799686838137,4.06782945656635,6.01525431323072,0,6.48176087962148,7.22370405714223,8.07927100511945,7.42092615050347
0,8.86556576586725,5.06625919784425,0,0,6.7852712107671,5.58424790596101,7.76753068430902,0
0,8.29270874149919,6.48827744967542,6.40400456888811,0,6.84367531935583,6.62361359860634,8.89791468563349,8.33552262268357
0,9.26567100533151,0,6.176241420477,0,6.68421164764659,6.38443525763446,7.54663105076029,6.97460986596738
0,8.27371937362878,4.35504076958889,6.65533738496393,0,7.33454473180401,6.16110183089905,7.51398744154614,5.36016476987412
0,8.5942412658019,0,6.02264824208824,0,6.66227664641542,5.88757517101572,8.91014972582333,7.38695400346736
0,8.61788160980526,0,5.44254757221927,0,6.59804570603833,7.21658466247283,7.8256846675248,6.38418208239364
0,8.52499071158499,5.79984994340243,5.86918391239915,0,7.32567582835765,5.34734559761539,7.481831720151,0
0,8.30910326361125,0,6.19904766030414,0,0,6.2839289161289,7.49941222246235,6.78221473148666
3.90901849640785,8.71417673404084,5.28988188772693,6.5459816444984,0,5.98840988637875,6.55443185527692,8.76785540705271,0
2.92154737536461,8.99362362444545,0,5.90707699759772,3.90055752731887,6.54059700502856,7.06718343696278,8.18859745357589,0
0,8.55658696651651,5.14580700732571,6.15610996402788,4.54435804659133,7.43282694430537,6.60559557623852,8.23135475176195,6.49043517730182
0,9.34125459279237,5.83384535895437,5.95648482821196,0,7.12243107987748,7.28159211163212,8.76341712955374,0
0,9.24787697550491,4.72650247115562,5.58266889890336,0,6.67352550193036,6.78926449292952,8.28531409609645,0
0,9.89170339124329,0,0,0,6.58826601188124,6.76622627627507,7.23083103932046,6.37488852433927
0,8.58008535805567,0,6.4031270781241,4.09317721447009,0,6.10054314213422,7.39844349942071,0
0,9.21220862570286,4.98154971320116,0,0,7.20019352289739,6.77317190464741,7.40221368766013,7.08615247888394
0,8.34664683404296,0,0,0,6.95536379289686,6.88432287199902,8.46321207754972,7.67134694359619
3.30725293548561,7.80667195219859,4.81259077683707,0,0,6.9929967572914,6.00888689279985,7.70747174434404,7.7969050033919
0,9.35995793559701,0,0,0,6.53346901935497,6.96570338093633,7.98745993972262,0
1.94017947434633,9.0976486037944,0,0,0,6.93326706815086,6.41746730643369,8.01507950825227,6.74741045499155
0,8.16926559194917,5.12758835578989,0,0,6.54121757178465,6.87060362385127,8.50442198563386,6.88634776454325
0,0,0,0,0,7.03907297318333,7.39308461729922,7.92683001014466,7.50240169523197
0,7.88614530950804,5.88307166067986,4.9469142165384,0,7.19518732017871,7.1212120647068,8.70577676744495,7.87165071073575
3.75490124965593,8.98202346188797,0,5.9113385026287,0,6.9060738661996,6.43986142259966,8.12329394017923,8.27848412356042
4.89230210713439,8.80047559952333,6.43347049867287,6.52949182829912,0,6.59141306703712,5.62495569411023,9.14207116715077,4.66673554164625
4.06182137051654,8.59478181336011,0,5.71613914886557,0,0,5.93410022971841,8.57608077604496,6.70545547947252
0,8.49995750670212,0,5.37328568278534,0,7.0546914251053,6.07642590758224,8.52557397434155,7.59606075739597
0,9.76411628383807,0,6.89609759142467,0,6.88365723959808,6.95474382120494,7.49819397968206,0
0,8.61508186223535,0,6.30541725471004,0,6.94137379060576,6.38736741571245,8.18313763227621,8.04586067959704
4.21257194358675,8.60747072869249,5.22499370212919,6.62716797900622,0,6.84372862681729,5.70900216169036,8.27879639863921,7.25653009895653
0,8.58490791308428,0,6.23056018463612,0,6.61542240831493,6.21867979779225,7.86761877852862,7.99073264340181
4.13180089926605,8.56454041027873,5.34309950931993,6.52323919962436,0,6.96275469720074,6.44695714881579,8.65624705707728,8.64116503682172
3.31200180285768,8.64054999804429,0,5.67545158488814,0,7.3811655988623,6.35810219806092,8.69389565731382,8.4216949939377
0,9.16391625650463,0,6.34300131319059,0,7.10860414038997,5.94458256120785,7.82308154590946,6.72102803136919
0,8.75193482420751,0,5.21074219429208,0,6.9756008258772,7.33193745806311,8.20085646785506,6.83234183969226
0,8.81151815095618,6.88906163653488,6.19821445393576,0,6.86411682195231,7.49229779844142,7.3211687152728,0
0,7.95930041823798,0,5.77081787599236,5.43039770690524,6.77786297113498,7.22064446579189,8.02991480910631,6.16868980647719
0,9.10934476069226,0,6.12389533428847,0,6.79029968970933,4.89731727539903,7.59144285826146,7.71969831545616
0,7.73601447732024,0,6.31633401692687,0,5.83548302564587,0,9.35691384571805,7.83219670352967
0,7.81953183728897,0,0,0,6.50261011968489,7.56351207032352,8.55108240968253,6.90242107739143
0,8.32555557457685,0,0,0,6.38386130171202,7.26792311566242,9.19899323604485,7.76997412290846
0,8.34476889476029,5.62293388679288,6.27870902382872,0,6.69015881409704,7.03789718377739,7.94159435230748,0
0,8.59185529572466,4.50468664740977,5.80745156065305,0,0,6.82904751321037,8.80022547031372,6.17349439469228
0,8.67242614251946,6.01491248297053,6.12852719749632,0,6.11414667370816,6.39117982323554,5.06088471049938,0
0,7.42615018332783,0,7.00130937231425,0,7.85093328658151,5.19401184973872,9.16150510678971,8.46133158341882
0,8.24268002701281,5.33609473088207,6.43965383942593,3.71795270159964,7.09359563752521,6.37983435978751,7.86339748469079,7.93213240792135
0,8.98809891365371,0,5.60274593047843,0,6.55768703409426,6.97956418172857,8.71527654258805,7.51982796976441
0,0,3.5360196074696,6.6352113773728,0,7.08776583413435,7.30393070462759,8.51984965987745,8.01406784427643
0,8.40861639796653,0,5.34080197815419,0,6.79133381596489,7.41963834346058,8.22482013347633,7.80761577066497
0,7.4414083623875,0,6.25119071948388,0,6.65172690033215,6.55389066806991,7.30366824361668,0
0,7.83959253495755,5.4270623224386,6.33128830396271,0,6.47643375632875,7.55007747653227,8.81591460549404,8.87620240881759
0,8.41988020733771,0,0,0,6.84701752576659,7.60894999112138,8.38547957420787,6.23861755088254
0,0,0,0,0,7.02789996818262,6.8626742275415,8.07875954451633,0
0,8.76673872278774,5.15997441692629,6.39166582554105,0,6.85269701123193,7.3742214086477,8.46268209386968,7.20411211662375
0,8.8535768526862,0,6.12844000213506,3.60604117580493,7.06457952450256,6.51094263015311,8.46201657721935,0
0,8.25123608039838,4.55250753340479,6.29677777326571,0,7.00123651455988,7.02468461700904,7.97364807568732,0
0,9.31195789135517,0,5.75409528852979,3.4797004431501,7.12165624892941,6.9105214496021,8.1381294789991,5.86672298194424
0,8.0869239895039,5.55152444707663,6.33425606068809,5.070789216916,6.75976558126835,7.90932789313176,8.39398999318182,0
5.53244042190525,7.08708904343319,5.33859521304661,0,0,6.98663115232304,7.06641577428722,8.52685041000927,0
4.56746831880408,8.59616886847657,5.18833507581181,5.60112201426993,0,0,5.29901712166231,8.24948889432001,0
3.73552446193698,9.7179046834398,0,0,0,0,7.37242596332195,7.15061517936086,0
0,10.049309357668,0,0,0,7.34445416118749,6.68884027474789,7.18533398387123,6.14643631831886
3.62434093297637,0,0,5.34037060277904,0,5.99881248477052,6.1850968950478,7.54401459733503,0
0,8.2883861326775,0,0,0,7.35555164210374,6.58955901471617,8.33141045163317,7.50494206839617
0,8.5592886147817,0,6.20657592672493,0,7.19676147439605,6.7617232204486,8.01845093549301,6.44838293680506
0,9.2752756893797,0,6.43963786970452,0,6.72458936581965,6.03414082138842,5.47654723043873,5.52736346351486
4.77887136048843,8.57206766571746,5.60145439355468,0,0,7.11769200280906,7.65917608463607,8.67955180806459,7.65416356651583
4.65253075734793,7.31600317819967,3.75560308615684,5.97447097073141,0,6.41589860176375,6.24542824076208,6.23394002672168,6.22511273106728
3.51184390174922,9.34254338269201,5.37625015760446,0,0,7.22833765202498,6.51339330234364,7.79667892504863,7.73427008875811
4.26927778123189,9.10246001752289,5.17400053204066,6.76351532526339,4.69902476145972,6.41506422541163,7.48540742940366,8.50215873828826,8.36102113665318
0,9.95610846524834,0,5.62286160373238,0,6.39934340644008,6.96335080548301,7.14254277567939,7.17034259549475
5.25692229118165,8.78987024959984,0,0,0,0,6.88004486741355,8.69915968518277,0
5.07978815278457,0,0,6.53616972230765,0,7.19818357710194,5.77557586547008,8.06898549562895,0
3.96953691162875,8.05145883583869,0,5.96126303837486,3.22724074119983,7.39056407105871,6.20736190808322,8.36157977564551,8.00654088596309
4.08597631255158,0,0,0,0,0,7.09202493699411,8.46852591969522,0
4.7743220687334,7.33200942898688,0,0,0,5.56264124817256,7.65033051545341,9.30694970751213,8.96029442454745
0,9.23066247216609,0,5.02322240960173,0,6.32722224279133,6.76929748583457,8.80612448326845,6.99481332154958
0,8.09837837109964,0,5.7947194696483,0,0,5.8990202567167,8.95825450335454,7.06615122063463
5.35696356198077,8.00135837590484,0,6.12295322982048,0,0,6.63190954652853,8.78099949257194,8.2483590423098
4.80402104473326,8.28690668986563,0,0,0,0,6.03725020225712,8.88560973221996,7.01870613950318
4.01457959375324,8.09021533458744,4.70202462735197,5.20455598673356,2.95334655705755,7.3982353280827,6.18540583261398,8.84516655759151,6.30809844150953
0,9.47987884019167,0,5.71650124706398,0,6.63714006888811,6.17941605925318,8.20154776332086,7.19155733389173
5.18318705929441,7.71369975368581,0,0,0,0,6.58803199231889,9.12937215281565,8.05345787518325
6.24705592728804,8.95039019126229,5.51524161804833,6.92564431181788,0,0,5.98370955473492,8.77000583015249,6.87095643074504
0,9.39725967624507,0,5.30101372809578,0,6.84708128094672,6.60879652980259,8.40964138775066,0
6.03351778333898,8.25196643392193,0,0,0,0,6.60491895875868,8.67589123060074,7.22671797146695
5.13356064093355,7.4060608529937,4.84055846371874,5.6268654325521,0,7.47499904265293,5.76337126606786,8.55641005840828,7.73763372710174
5.19910458147644,8.01428282584673,0,0,4.28400026937532,4.67609452432479,5.9365066515273,8.30463343364167,6.55836800109368
5.10709632656705,8.18965532418953,0,0,0,0,7.496169524692,9.48174823493791,8.29040550831193
4.70953020131233,8.27889285415299,4.89828746092981,6.7955156004919,0,7.4079667716283,6.25094002766958,8.85101477530219,7.67052646515532
0,9.02116095371273,0,6.15710609615073,0,4.94314129873304,0,7.64149242714617,7.17353677498058
6.27291474168324,6.87717235250434,0,0,0,0,7.07465858304771,9.64940142951286,9.08499594592472
0,8.25746345353399,0,6.0820134098106,4.47346569499066,6.52026760410463,7.26447822176891,9.17712582563759,0
5.95061651058197,8.25185952262822,0,0,0,5.30792110269073,6.70337214538566,8.84791894860587,8.35161075062656
4.50656458223397,8.11944919863232,0,6.11219877925247,0,6.21009794294431,4.977492075503,8.37619168109407,5.46277192151357
4.65329346116982,8.16823978807678,0,4.10016094754354,0,6.09962364308425,6.55175153830752,8.75165959658937,7.18884315744773
2.40964416528745,8.64018397650859,0,6.32233181950912,3.93866493637457,6.75702540817697,0,7.44151978332713,0
0,8.58060169932929,0,0,0,6.66976455181567,4.7667787011845,7.25351284462802,0
0,0,7.09638191691069,6.58095808780179,4.49691660054784,7.61751372534728,8.23153573471279,7.50494206839617,5.35005556195245
0,9.93658378002532,0,6.37080810551458,4.98333261156825,6.38451963513946,6.8229705121643,8.37135090113458,7.95144664875049
0,9.43627203289803,0,5.82313464894076,0,6.63331843328038,5.92724597478133,8.37433847133083,7.14013603564883
4.90082042808905,8.26007653414226,4.30730308847795,6.10619849457145,4.82060409423225,6.57596805055118,7.44334180568959,8.97282148891712,0
4.39654572077308,8.52427207688053,0,6.19140088208437,0,5.95079879038197,6.79805201389017,6.13820210321957,0
0,9.12528344743582,0,0,0,5.75361970950337,7.04336076917843,8.29623475100736,7.23235734303286
5.07729656061481,7.78940487541112,0,4.86298565883358,0,0,6.73848419313242,9.03936342110676,7.84529465099532
3.86932425089503,8.85597561464315,0,5.08734939116396,0,0,6.80881853112211,7.62081782558105,6.20407279650681
0,7.81129303626363,0,0,0,0,7.26452721821667,8.76448442638621,0
5.20526962549796,9.08353715149666,0,6.3821712842406,0,6.56550437799471,7.29547723761307,7.03341829697779,7.5937015954387
4.66945867587045,8.27327789336126,0,6.61425632120879,0,0,6.5322906231466,7.9730348196923,0
0,8.5245500631498,4.64803808621527,5.77774519816661,0,7.2654716804157,6.81669206802514,6.18040995104221,8.32271483931579
0,8.02258206595763,5.69538061097536,6.04277534134241,0,7.08893451691159,7.09844175210772,9.1782685246804,6.90253165960691
4.30406509320417,8.37549828206354,4.90163854572049,0,0,6.96500479978283,6.75084412588536,6.68052840223029,8.01004081301654
0,8.61446326755023,0,6.57655313101644,0,6.77227913941969,6.84209613017586,7.44012319242442,0
4.06405716128364,8.73785526641322,0,6.74355257979828,0,7.23503539723443,6.97878208063007,7.21203632308929,7.21492375226519
5.72103282806273,9.29454364325826,0,0,0,0,6.40165182155148,8.20647173903157,6.55921855825986
0,0,0,6.84553939177421,0,6.1380077922134,0,8.11542225145883,0
4.42076646298981,0,0,0,0,6.00932902289155,6.64216080299436,7.96369316403473,7.01490419449918
0,6.04666270757274,0,0,0,0,6.44971184065512,9.45038037095012,7.58734598435929
5.50133983986602,7.25508267036036,6.10751274547065,0,0,7.1133049618953,6.88834817345691,8.11195505754747,5.84154241436069
5.43773142233071,8.28604770988297,5.81723020049665,6.54690018179244,0,0,6.47294889497186,8.09051874706063,0
0,8.94921583872429,0,5.97228172769121,6.23446954751775,7.07569896783014,5.44957816038862,8.3553140572058,7.21205107605094
6.25542369292197,8.66066823170328,0,0,0,4.05091500429476,6.25267429922865,9.51534405537031,7.78586635561412
4.91866619333285,9.19901346407544,3.95986033484231,6.61312915229592,0,7.16159097065009,6.63175141667724,7.40292701750787,0
7.2230695416683,10.4507733519061,0,0,0,0,6.92046417772347,9.15459507686055,4.96200511712819
4.26112937986693,8.3050538708531,0,6.41324581970108,0,7.27149520704299,6.47818700952308,8.73964530374159,7.27228033004539
0,9.55917868961353,0,6.83007477909762,0,0,7.10640119869595,7.58258572775619,7.62924693255122
4.96151507546484,7.77907374921295,0,6.58548176176074,0,0,6.69053167017892,8.58711469825455,7.727909489726
0,0,0,6.34700384644642,0,6.89269240130509,6.49408661352328,8.55346147350801,7.52390261765321
5.9521778317766,0,4.40072571210637,5.80901298186329,0,4.2395986415416,6.52702180709316,7.92137233868579,5.06468146251334
4.72650247115562,7.61741044979079,0,4.1293899039649,0,5.67394163264518,7.06869997001651,8.88993536335334,7.56132968442226
4.15261347034608,5.50675328898997,0,0,0,0,6.52051802946076,8.81412683579454,7.95385598759434
4.5779017588339,8.18486794413607,0,0,0,0,7.61484974242459,9.74123329389229,7.07121676413473
4.82863368611322,3.81727266888234,0,0,0,0,6.33882373380911,8.96955333573938,8.20733367401975
5.8811752382134,9.3185936994164,0,7.51805331751301,5.72775938403765,7.91504144095622,4.01494053943483,9.23350010298659,7.54058435324497
4.13468644150548,8.36017908255291,4.60146332405677,6.32840096169622,0,0,6.63694343396643,8.73251261390689,5.84906538031145
0,8.88093728990003,5.6011958858811,5.92585879000999,0,6.92597822787056,7.1040290493941,7.0358318209237,4.52178857704904
0,8.89171375091304,0,5.18738580584075,0,7.44892774391998,6.04448385108362,6.24084098759195,0
0,8.52738111780373,0,6.24167836994486,0,0,6.28752393168922,8.18847243430192,2.96630346286318
0,8.87820750665007,4.1876831026526,7.09168387712648,0,6.5702525115464,7.37824004246423,7.28222495338778,0
0,9.92305976113109,5.09864617141897,6.97336510107187,0,0,6.62163199099435,8.18840019381888,6.40138637593309
3.13766576944266,9.19341595864542,4.22259118166663,6.64144323226655,0,5.95963842644153,6.53217416295402,8.39214457523712,6.88386209676214
0,8.93102586030579,6.84365399557555,7.22732111875127,4.94492275073087,6.46776083597674,7.55371650793533,6.7093043402583,5.41676684674758
0,7.80967930214707,4.64198415911081,6.00032517554018,0,6.89758372366064,6.42077638169043,8.90208681673457,7.9107996879775
3.88176996225713,9.65128201304782,0,5.57127912484311,3.71722392712308,6.79007473807299,6.2393787567474,8.32694268340405,0
5.79182387654356,8.87528852612223,0,6.13528346620409,4.47688216568656,7.05477775628904,6.62527299748835,8.05819122137242,5.57689562475035
5.74184867546266,8.96554408296652,0,6.99276715830798,5.07579862000267,6.99714798502242,7.06399805456442,7.9086334524868,4.19147127295282
0,8.02631397545919,5.28030613374619,0,0,7.45043996997184,7.1590585960902,8.06614163176658,5.55520512382641
3.44137917129499,8.3789329209672,0,6.52962319694161,4.76422311584269,0,7.23682878379367,8.47711258866384,6.79063702231123
0,8.9093379766214,0,6.00682103042867,0,6.30713258359778,7.32154563583629,7.62025890888431,5.75634329872183
0,7.85826191311865,6.02352022954811,5.95612230296069,0,6.58909152581051,7.51058927394044,6.9506327595428,6.29557960539732
0,7.19597470703253,3.69037833023767,6.12455209124634,0,6.8443148214187,6.2262401826519,8.11725577741789,7.00152791373327
3.94642443214548,8.37140875014636,0,6.27622986997836,0,7.2498332029099,7.15408396575038,8.47217281266841,7.55409907042738
0,9.15592431209101,0,4.84623223780465,4.26997713086526,5.60112201426993,7.50940649635636,8.37137866907788,0
5.19267903452504,7.39435787988324,4.95723451736914,6.44581505294596,0,0,6.78463804173505,7.73984232497413,7.33368292731499
0,5.78812362308995,0,0,0,0,4.96025386453533,7.90054768724133,7.5644096223497
0,8.48145201763847,4.62947247851106,6.25766758788264,0,7.16458889294313,6.41616022349293,7.24209667554675,6.10771307267241
0,9.12636402099575,0,5.90364375171855,0,6.76606497851907,7.48326128882239,8.31667670628528,0
0,9.12539123075227,0,5.71184984573396,4.7558290622732,7.06792495113454,7.6603310723071,8.48590271068459,8.46023546331991
0,5.4085609406468,0,6.16600591658297,0,6.36542178811446,5.85489998765176,7.40574487226589,5.34667886742591
0,8.40806112796059,0,6.36335563610272,0,6.12139571670001,6.92786178167214,7.70282256376569,0
3.7857792788539,7.6596523840346,0,0,0,6.13294240775731,7.08728126514062,8.4912331259467,6.63260765442113
0,9.60570127072582,0,6.19117569143907,0,6.93166709902845,7.6165543274803,8.42432542648689,0
0,9.70171402695811,0,5.95852804686172,0,0,6.96433408043483,8.7284018038449,0
0,8.55602921520144,4.06027058188835,5.14481647556228,0,7.08723112390948,6.93656622883625,7.71980486846638,7.56365739351217
0,8.45127345016652,6.05598744312348,6.41717336169319,3.68185483917697,0,8.28911247232221,6.86126097730235,6.30296690056003
3.57094015624925,8.57984493370554,0,6.06754557151332,0,7.32354028660825,5.84145527978127,5.25028191750948,7.69474793082077
0,9.43392382651878,0,0,0,7.39402588069174,6.44490996773471,5.54853118938491,8.01091720234882
0,8.4994527563393,0,5.7261960694931,0,6.60589314295652,6.72436114718521,8.18148826034082,5.86178287763821
4.8673805924662,9.63713635078618,0,8.47299675988202,7.49594741722438,7.25178460303738,6.24068511813231,7.88502445242408,0
0,9.5543767850877,0,4.24706564923976,0,6.17891874268022,5.14795948495947,5.95030395360289,0
0,9.77320231401909,0,4.62673596390265,0,6.50285001413249,0,0,0
0,8.30198060667823,4.57502020903721,0,0,0,0,0,4.49569008536927
0,9.2240460190323,0,6.91420443837632,0,7.22360197838108,8.75440058169446,7.75390247761194,0
2.70136121295141,9.10362671901865,0,6.93349124952428,0,7.18506120493413,6.08178502630803,7.46878720657544,7.48668618044023
0,8.53818922396806,0,5.80169532517887,0,6.66015252533526,0,8.59870128642357,7.76101248997082
0,8.94870414242694,0,6.27786454805721,4.32862585794677,7.13135472635994,6.21017830134281,7.6478432957105,7.57184947935099
3.15145314855077,7.5015958044583,0,5.32149663949544,0,5.34534407197579,5.84551349162368,8.12197935897182,0
0,9.11624175792957,0,6.39634615167773,0,6.60917402566136,7.91665436218884,8.16509916759437,0
0,8.85815391113763,0,6.43398456316716,0,7.36595197996384,7.042810509975,7.94571127866575,0
0,7.43309308972288,0,6.6031847289722,0,6.68049074808362,6.25590358082936,7.69877752902101,0
0,8.05921299019677,0,6.1380077922134,5.6553272543868,0,7.47099876457262,6.72749160329763,0
0,8.1277323294088,4.01277290852829,6.25843357796222,0,7.03912558814704,7.23697269146276,8.29442207074113,0
0,7.67708078703038,6.99702909472602,0,0,6.84085664162669,7.32134066157307,7.98894670170728,0
0,0,0,5.88710353178324,0,6.59830464805721,8.00647422862843,8.19868620887987,8.21616647393927
0,7.92501650445277,0,5.09172360877836,0,6.62773709708711,7.04033496888125,8.28940135353752,0
0,8.27029471274741,4.95596789275395,5.97210332237935,0,6.81722863978258,7.18949975876716,8.00476962495291,0
4.15653658247855,9.17088827205505,5.08152858087183,6.39609597446757,0,7.02977820248629,6.28047074252189,7.72451292713108,0
4.41291949811625,7.28441616674688,5.49289682073749,6.65145558775902,0,7.07727862021279,5.94892232384231,7.28528034062305,0
0,9.48420745539424,0,6.27478085345632,3.9740583963476,6.7093043402583,6.48812532140057,8.03307441047881,7.23325323211814
0,10.1414251305902,0,5.84857521955774,0,6.70036203775916,5.90724019185364,8.61015516178811,0
0,8.9458786092965,0,0,0,0,0,8.10148378925196,0
0,9.79631428372255,6.43778364922441,6.45733464507211,5.11313171213943,7.22671070241385,6.50229517086147,6.9951615779798,0
0,10.0251917791537,0,6.11363793106566,4.81785927939844,7.28456710807216,5.50166629053407,8.493011148463,4.24491742070147
2.96475746925456,8.89097910417078,8.23292927042293,5.30900999608678,0,6.47801796989825,7.35254365908681,9.2455047925638,0
0,10.6754851918617,6.57309340266937,0,0,7.33806258198862,7.00333814887587,7.52289226824034,6.65866551715191
3.40916555131133,8.8485035570462,0,4.48931029989356,0,4.93820796016067,3.46511070740581,8.0745120793818,7.46063989187499
0,8.3320821476185,0,4.72889111297785,0,5.98358357365711,0,0,0
0,9.16570695654383,0,5.5749258525312,0,5.83214637207899,6.81066050774134,8.29017715168815,6.64335995330554
0,10.376256105854,0,0,0,7.66302713219009,5.42662262670096,8.80523120051505,7.64827733695123
0,9.66894806348243,5.84721881756626,5.27683833487091,0,0,6.20542607234731,8.96323962508621,7.13736587381926
0,8.72983539609596,0,0,0,0,6.90166678164158,8.15478469920117,6.48966075447383
0,9.93094706543228,0,5.74454046712837,0,6.79769484711182,6.11055783511984,7.3436137924101,0
0,8.93924792752481,8.67020436511006,5.72191704485168,0,0,0,0,0
0,8.32831820775244,6.98218534211613,5.75871248151466,0,7.823193647698,6.87207628652512,9.27641833256856,0
3.94970407239583,9.19395994227628,7.13026663050016,6.43640674575835,0,7.71488717961122,6.73818803898794,8.34823711729916,0
3.36349551447814,9.9116441964864,0,6.29430613131759,0,7.12539571590045,6.69691078325494,8.63745493032574,0
3.30505352110925,8.33269807415024,0,5.35922430145156,0,6.31242422662248,3.89079936897652,8.68706760290844,0
0,8.93586142012481,3.98266784499748,6.28629600171297,0,6.79286056809692,6.40544331098135,8.33758315512564,6.71215393484095
0,9.42445125125954,4.85312341621088,6.09730994519132,0,7.14120553328499,6.39969250170507,8.01693816814263,7.12355190763329
0,8.4328937701119,5.81844954963433,6.69663910788065,0,7.48971947058132,7.22260981348361,8.07633818321186,5.73482884306153
0,10.2905272845022,5.91152808379031,0,0,7.22036652140824,8.23953273440553,7.6749797169384,6.40507968663435
0,8.27984421917976,0,6.05354692940453,0,7.53635327168096,7.20582075681361,7.94711991404447,6.94641814425953
0,0,6.398478455206,0,0,6.99350168957235,0,0,0
0,8.36591205716879,0,5.282137170319,0,6.83295629890665,7.31517181514877,7.67278581621553,7.48478990285846
0,6.23421462806111,0,0,0,0,0,8.38264642633267,0
0,9.01166135846478,5.60270905256276,0,0,7.44734910128277,5.97426752227946,8.55587337389375,7.22721214315806
3.28316431475056,9.15580287347624,4.48998377617897,6.3652841773806,0,7.49758984550156,6.72448126874838,8.30237240957167,7.87589055327872
0,9.45533934412423,0,0,0,7.08792452120795,7.15341932945789,8.11344760408449,0
0,9.54805469403266,0,0,0,7.01778388214593,0,0,0
3.3813347525659,6.4906324833165,4.07261007007609,6.17993383448817,0,6.49692580837482,5.8394199811983,7.67287422305455,0
0,8.74742516043197,0,7.16117194046602,0,7.27764847562288,6.81121133840789,9.07359811575615,6.58009807554216
0,7.90093297517473,6.25986822982706,5.20015311776081,0,6.88482436369142,6.63729734899119,8.85966596020919,0
0,10.233923751738,0,4.58261778151758,0,7.0135916813879,6.66787240366363,8.14110240251425,6.93957366236866
2.41591377830105,9.14202834009391,4.16262606963851,6.09870329777758,0,6.9819532470861,7.11131633876851,8.11149005498158,0
0,8.40107277284575,0,4.62888671260541,0,6.34009471846361,7.03286253802172,8.37790123857869,7.36488894439125
0,9.24751090802881,5.99968070187932,6.14399248242585,0,6.35496117039365,6.84119872298125,7.79551072464347,0
0,8.53400114306561,0,0,0,6.87287393712395,5.76556720759715,8.20798236276458,7.9144094301362
0,8.31850563933581,4.86019992616462,6.58147096874841,0,0,6.60147465404507,8.48409752182689,6.02625237259365
0,8.38020898755089,0,0,0,6.20776473594018,6.37113310017214,8.37571948480828,7.0314762059719
0,9.55664270591446,0,6.31365673602232,0,6.2564791424975,6.17094874908178,8.34714955157373,5.05203312279218
0,0,0,0,0,0,0,9.08590236604676,0
0,8.51907541891415,4.10396480559909,5.18296263018501,0,6.79482171560418,4.62291186746425,7.93684241166789,0
3.40751074371875,8.65148629386616,0,0,0,0,6.57432241877335,8.42488270802063,5.63550363390291
3.28840188751681,8.55997486451151,0,6.55367696089067,0,6.29497075490665,4.83373899394737,8.61729007845449,0
0,9.95083381764199,0,0,0,6.86893128712456,7.16390798390329,8.55627735678576,7.87424470638904
0,10.2851277548208,0,0,0,6.99289574023321,7.55119737696242,7.92539609547512,0
3.86304282320643,8.69850590616681,0,6.29140245900122,0,5.70691090933073,6.75781571992634,9.16758526018815,7.74561300691426
4.32730642247365,9.01969305200411,5.01216745307433,0,0,6.83322567949456,6.23370459411318,7.8745109622625,7.5249119472904
3.22644709036452,8.72095818550384,4.72464068596426,6.41037223091264,3.98229505841348,6.69990666154285,6.71956855567696,8.72607553337818,7.56547733402389
4.25731339050024,8.04197277838546,4.35079393224278,6.92326438858291,0,6.6938439789815,5.36630306433913,8.46930462068926,7.99950406762884
3.56840530064606,8.99086134807221,5.49120787469123,6.69046953715209,0,6.56834472974538,6.07256054602933,8.41139257893001,0
3.13113691056019,8.84132676166594,6.08429438066794,0,4.78724171152684,6.55401887045892,0,9.33569467312888,6.35487426148282
0,8.17424644028741,0,6.48274031162926,4.48401898442394,7.08011067146424,5.91452950563386,8.41588666943254,7.39497240229578
0,8.57838800358443,4.41425178196862,5.46154104765005,4.6551025547363,7.1569407760296,5.71442563475468,8.6565237364051,7.69133256933283
3.7789486512028,0,0,5.64848115887111,0,6.58651642300151,7.06992514756524,8.54762151842415,4.28647892666197
3.73385281975667,0,0,5.76947657785156,0,6.59460495988031,0,8.22939377874703,6.74581265397726
3.59786005572677,7.86486544537327,4.89140120617256,6.25076643497547,5.34142474758197,6.74422407259907,6.39442652499803,8.65531727148779,6.49620167353341
0,9.67106357093525,5.40506192397802,5.69732835824974,0,6.30212434794223,7.11610189360024,8.89903614712037,0
0,8.40075150574759,5.62970527125989,5.42013668986913,0,7.02844962820515,6.00032517554018,8.53635443660029,7.86563698963235
0,0,0,5.72404251366356,0,6.4420145506494,6.96336972373723,8.45971872763777,0
2.31944221006047,8.71212325914182,0,5.55237802049697,0,6.65380452149437,5.79869863745208,7.90005103960261,7.62304548322771
3.81990771652034,8.13254490202058,6.78151155240789,6.62155211240976,5.25660956314825,6.86227662570311,7.31229996363056,8.43153943789322,0
0,9.64011427919035,5.34013086936145,5.68194578004703,0,5.93777364391007,0,7.83804358610014,0
0,10.542284138346,0,4.88907011514441,0,5.72168787852504,5.83883770564907,7.66375988092295,0
0,9.51686873222432,0,0,0,6.75369459510512,7.27344645427257,7.89706224442311,0
0,9.8741926154791,6.47890894803606,5.82617708286981,0,6.75096110820946,7.22861338998859,8.01592178045506,6.82152178118421
0,7.93982526249996,0,5.53429816666374,0,0,7.27918089486678,8.26819579103749,7.61845746478797
3.01406323023871,7.86786383339917,0,6.14242442745892,0,6.69645383234452,6.52571857004906,8.40425514979805,7.25286864470555
0,8.65997838524475,0,5.68527900309164,0,0,6.62104606648195,7.97037071892377,6.85376361041324
4.50788806318154,8.8632507700838,0,6.27700056843846,0,7.30929268375232,6.64976145023218,8.03697113138176,4.71805234304476
0,9.40291749356274,4.91808131248565,5.74910632061986,0,6.03301427676478,6.90437958774222,8.28336273804688,7.82356989753233
0,9.19064263917838,0,0,0,7.33622051131936,6.60737964980466,8.00803617475079,6.54445845873452
2.89867056071086,8.56802317849353,4.84371453387832,6.02075632341001,0,6.30603803252804,7.54271704793218,9.51894209468047,9.19015705222582
0,8.6495661633305,0,5.29129275161107,0,6.50844121435848,6.94154782471689,7.43022089442903,0
0,8.45373142370491,6.01325050042984,5.72384650569194,0,7.22732111875127,6.39776264152004,8.3325224775121,6.03294232655429
3.91581580366684,8.54854456080613,6.39857829546167,6.71552883030265,0,0,6.84068555705703,7.69069288805505,6.88616385273866
4.13899920276253,8.72558040148847,4.82518885995478,5.51463769251412,0,0,7.02010133881368,7.13110680866735,0
0,8.51336989191238,0,5.26424338621429,0,7.74729022865311,7.0590590530733,8.07349336390316,0
0,10.113335102478,0,5.80320539764727,6.47498577554647,6.90546265292225,7.22236161837178,7.65641284946965,0
0,0,3.5266545990191,5.2517497307317,0,7.48247921899828,6.96564675739791,8.13063913679983,7.64577065713095
0,8.82847947949119,4.98182421224214,6.5999113147064,4.29428772036588,6.57812557872259,6.45189121329012,7.92784010030893,5.16786693716397
0,8.60249527506265,4.3961760577783,5.39630577487624,0,6.45844799519456,6.66778342268643,8.10788269928677,0
3.63283806323031,8.3272256786567,0,5.97939196587371,0,7.03014988719574,6.65428137786009,7.93292552756069,0
4.14265842250065,8.67228400061193,5.03396111939975,6.57659490938221,0,7.28995858373736,5.39752901661898,8.43515633007262,0
3.93456696986304,8.77846301104356,4.61877718939431,6.90812521054902,5.25817222624361,7.01259265782776,6.07702278546957,7.98773505550224,0
3.69981939415227,8.55787053547512,0,4.67637394499442,0,0,6.83859810828452,8.23162355287071,5.44790048808753
0,10.5450729816245,0,6.45026502980459,0,7.3702621274575,0,7.59881027244419,0
0,9.48634199277857,0,0,0,6.59918999561393,0,7.53231843303806,0
0,9.26770320936466,0,6.79398169472227,0,7.09934211355213,6.1161569910653,8.22779498057432,7.13551217245031
3.61899332664977,0,4.8503100351742,6.4449258534844,0,6.15298798126465,5.98219673328707,7.85980689955972,7.49081411864403
3.15870110183213,8.58582146311143,0,5.50934784997844,0,6.3937245242672,6.29751439441794,8.01611985909292,6.68893984782839
0,7.9039360914983,0,6.58296652390573,0,7.13658662408596,0,0,0
0,10.3741753227041,0,4.40452171250125,0,7.10984678279971,7.26806959237463,8.72352745492019,5.62260857186709
0,9.83068027257698,0,5.57727398268146,0,5.85064955046575,6.78062620485116,8.90750675913481,7.95091475726495
0,10.3388091531995,0,0,0,7.00675863062408,6.52782633001791,8.5226244155801,0
3.17930304974838,9.67581501081025,0,6.46838172262279,0,0,5.92144436240117,7.59732607188493,6.88326789533087
4.37298589002173,7.8917569944092,0,5.52058053043494,0,0,0,9.05121919299266,7.48708405434186
3.48185528467961,8.88479027108051,0,0,3.56868726878553,5.9495742738478,0,6.91364788343694,6.1108019296966
4.69446229346685,0,0,6.10434670416465,5.05809123525255,0,6.58677836731916,7.93730683671804,5.13302990230986
4.29100723628671,8.17849848694193,5.00743016314731,6.24999454709245,4.73768856568824,6.10946978029889,6.13502361907935,8.68656458903456,0
0,10.3405740591899,0,6.38435087300929,0,6.63540835313885,6.93833297944628,8.31551020598366,7.33713871626078
0,8.45019190683143,5.54169482469306,6.20342580901962,0,0,6.36957558742713,7.92898603812126,7.65604384053829
0,9.24708687294319,0,0,0,0,6.45301063698271,8.09886470364517,7.2696585314651
0,9.13218205439056,0,5.57522914707043,0,6.26252168803619,7.50637197569585,8.5218224597999,8.16789951023664
0,8.91446348019213,5.44609061083747,5.49544543065896,0,0,6.95469611515056,8.1338163318749,6.78168172172677
0,8.6792372081608,0,5.92412209863768,0,6.24087995116102,7.56860135061233,8.11576293234575,7.0413854167312
0,10.2114978494278,0,0,0,0,7.18995987742555,8.17180290695437,7.47079377419506
0,7.67055444709764,0,0,0,6.58310488816369,6.68481170767059,8.17873979359053,5.60502970928156
0,8.65534165892756,0,5.97340240428957,0,7.12260049414821,6.63844998118031,8.75033934944493,8.32017050055335
0,9.89825388073752,0,5.96878428338476,3.90136642523962,6.59061693236596,6.2907169246745,8.0804262528751,7.20540500886965
0,10.0574610738146,0,0,0,7.10857141841226,7.25813746498534,8.36179006093333,4.97611286005783
0,8.53585987966023,6.0114387283154,0,0,7.86047436746984,7.64670721944257,8.94121701622959,7.84342501902679
0,9.41276679796833,3.88629485685541,6.53863174327641,0,6.15869361646043,6.01674235429225,7.87839403480307,7.35722451325502
3.3418011717055,7.50877620566188,0,6.37096206351856,0,7.27989108544144,5.77755943965215,9.33932268320198,0
3.7367167835281,9.37437914592504,4.18722755636881,6.52037072802284,0,7.19663413500269,6.04878961372725,8.66679181203913,8.08137608657093
0,8.0473335518035,0,5.96624929796692,0,7.23243684951449,6.04791576650043,8.4852256304433,7.44397960746019
2.85589532836619,8.00320590820156,5.48757315919489,6.85650408897134,0,7.60421696050991,6.27028875424875,8.3214264518824,7.95279448353336
0,8.55162940013737,4.79438459903922,6.19959597830169,0,6.89571306165935,4.92369664173485,7.91378433301561,3.92236929748229
0,11.5590835969513,0,0,0,6.35895083725836,6.31472488975696,8.58590175582509,0
0,8.56469872127242,5.46484823743567,0,0,6.80211694695914,7.32426582766283,9.22440105562452,8.34433392561129
3.95028171754524,8.40406032693508,0,5.97716276239712,0,0,6.32155934819137,7.56980903036275,5.31581341416479
2.84607149899958,8.64383112867924,3.82472067702535,5.73052177184582,0,6.11551677911121,6.13822369100088,8.39602392895979,0
0,9.22605622841619,0,3.67452694788954,0,6.09370520105453,6.62700909753147,7.91235354746799,4.56268013436714
0,8.6924683136327,0,6.20381000832268,0,7.03290665716106,6.94365316997912,7.25881347850319,7.80081832473699
0,8.14056040813656,0,6.63644511904732,0,6.78558764500793,6.39719628633358,7.80151406234921,7.23713096598305
0,8.55419413501069,5.71709348871587,6.73706185266885,0,0,6.6207130018177,8.22515497807808,6.2107607066933
0,8.55231513144836,0,0,0,0,7.26344874142545,7.39197611311196,0
0,9.90255211515097,0,5.5566349928699,0,7.21559285763748,6.7672165349747,8.25948666283611,8.10024035125909
0,8.88660961682559,0,6.37949522153455,0,7.09473264731229,4.26619481914876,7.49147256406707,0
0,8.37548445526721,5.48633102587851,6.82616554194218,0,7.31819466151499,7.02374114514085,8.23495759329234,8.25429998708472
0,9.40097726037385,0,6.42823450504456,0,5.03083000138177,5.63546794447233,8.40996871744473,7.75355058252454
0,8.76968736796486,4.45283452468439,0,0,6.89471056546133,5.99271376650841,7.66232676152908,7.57967882309046
4.20005501664421,7.90537527517617,0,0,0,7.56722157317319,6.49478205538365,7.77134541088914,6.26217847132961
4.43946973021037,8.22781902150802,4.70492501912508,5.64569421688063,0,6.45365649445969,7.36051101481832,8.45976109306928,7.89505977230222
0,8.72733579547509,0,6.34512745943042,0,6.66246836298224,6.90328530351069,8.07058103596387,7.34712571653662
0,10.1277105210699,0,6.26625133157403,0,6.81995086034536,6.71613461924008,7.53831403572813,5.02899897811321
0,9.9735265433161,5.19904936488937,6.95186785360046,0,7.2805869964756,5.02460394332365,7.5582454490761,7.10555640662448
4.22639569313297,8.88396598007991,0,5.88008595912459,0,5.62499176068914,6.57018243691689,8.19406907098859,7.54160352111899
5.17501915020354,8.48166341835553,4.50169677751182,6.24945387084779,0,5.95976746036473,5.70561412948517,7.95213311017455,7.15842060775464
4.85732870237083,9.41194154350209,5.28320372873799,6.00716563733407,0,4.85732870237083,6.398545016484,7.33316679489924,5.59038978730111
4.23974276491146,7.64842038618902,4.59147685885609,5.19295685089021,0,5.71006271261335,6.48364237650149,8.57250679352585,8.82684319226566
5.01833887848129,7.67372067174147,3.64100137386947,6.66470234467356,0,4.96758860455389,6.50981181227282,8.33610767041521,0
4.14456227838272,8.64241162695923,0,5.97825265313575,0,5.9827264811647,5.71227960491015,6.78118247625783,0
3.71113006304876,8.09374026824353,3.47877551630753,0,0,6.43408092084694,7.24344864093064,7.39402588069174,7.50422634727662
4.45364937834685,8.69346314078176,4.34159518887954,6.4803665959577,0,6.99954107361267,6.45414454894256,8.61670906035327,0
0,0,4.09317721447009,0,0,6.9235695712765,6.39059295399831,8.81437054070476,0
0,8.27034079345522,4.8136467002589,5.86064376317643,0,7.01155657969588,6.81672492763247,8.23160492542103,0
0,8.3017474359019,0,5.64826976472594,0,6.92228914875917,6.29795610679675,8.53979190601442,7.39518739595429
0,9.35792382038189,2.71137799119488,0,0,0,6.49998251027223,8.20015920198735,6.57823680878819
0,7.97581213560483,5.97317327713573,6.23680002592869,0,6.94645662651921,6.54655582917196,8.46898145992236,7.94469427116669
0,9.37667650666724,3.77092016445015,6.27504446722602,0,6.87337085212031,6.56506776749363,8.43674640211271,6.75242223376967
0,8.53249354179441,5.41698889626554,0,0,7.18537943979414,6.66248114277993,9.05504587156884,7.92103478103917
0,9.74611418542603,0,5.30707887221661,0,6.55400462656065,6.87242857432717,8.29445705709645,0
0,9.57846353427525,0,5.01176798569219,0,6.09316336693282,5.81723020049665,8.53668204400008,0
0,7.42635262453126,0,5.57230611186781,0,0,6.28571872588014,8.1785349672643,0
0,8.80656333826837,4.97251797198313,6.19148275702045,0,7.10745004383344,7.11730282202968,8.39485831181884,7.70880125105041
0,9.83458217722128,0,5.68378382814951,0,6.08591071739993,6.66202096713811,8.51992944445912,0
0,7.48363803938143,0,4.81737411726392,0,0,6.19226023475828,9.33872479163115,5.68136643537187
0,7.92562739458204,4.53742653390157,0,0,6.89023265051212,6.73990451341664,8.30941350910164,0
3.29694736028836,5.63328847704298,5.20735273117394,5.27724693592875,0,0,5.78891987462499,8.57606191961218,5.25754745400483
4.59562477314456,7.98519500241745,5.34405525822189,0,0,7.47231880664149,6.13092209533385,8.17037522178072,7.31819466151499
4.89350204728137,5.8489500699824,5.40658864183182,5.2677550609654,0,7.47512379385949,5.75795495354459,8.74693572149719,7.62369082117251
4.61452628091212,8.24213510014983,0,6.32761530348853,0,7.30899815265708,6.27733873632325,8.14431627290123,0
0,9.64009475931423,0,5.28740807604,0,5.83548302564587,6.64119522448567,8.27247865017388,8.12248403015957
0,8.40808120333246,0,0,0,7.35397197913236,0,8.1509151420489,0
0,9.82237510622952,0,0,4.62507084769443,6.7784435425018,7.50502461864868,0,0
0,8.30306388940318,5.07373528103948,4.88703537311831,0,6.64300817781285,5.22138232507391,8.43081143435619,6.97437600582403
0,8.85024673381312,0,5.66250898934043,0,6.37978349638118,6.51137378960702,7.83518375526675,0
0,8.46159379696788,0,0,0,6.8837187011539,7.87638795521821,8.72001321178752,0
0,8.68105541828598,0,6.34623267422649,0,6.07938384514587,6.98123805574194,8.26809316667591,7.76880387742473
0,9.4781054105876,0,5.84049629797202,0,0,6.43770364858436,8.20514192073669,7.45539102044173
3.52841723167288,10.0129247472345,0,0,0,5.0902471397313,6.37357572951784,8.31434724291683,6.53076100284967
0,8.21026305786801,6.17316090850802,6.72112445060008,0,7.6151751188288,6.79477693229939,7.5226597974806,7.154857515091
0,8.75728825062215,0,6.33686112875003,4.7477108727702,6.94152848908906,7.11354919196123,8.33927154082294,0
0,8.61726655468417,0,5.68453169506406,0,7.09923477356086,6.67980017067071,7.87300758890495,5.78139145398318
3.47413800606387,9.14422834686362,6.47424557164819,0,0,0,6.69848997770064,8.49889275526576,6.68173258691708
5.62758514182064,9.15510035213533,6.91626893474734,7.013510716648,0,8.00782983135471,6.38386130171202,8.80388377250286,4.91661761199013
5.29164515677997,8.86805426753036,7.20655531716776,0,0,7.5909682785585,6.09953389057673,8.34223962419943,0
6.12562386754457,9.30878200728822,7.58293195288744,6.58486045077461,0,7.75478596082319,6.74264475891854,8.79172467263992,0
5.0762357511802,8.18820845338482,0,5.61170373478807,0,6.25309777520272,6.68870334557118,8.54484143183224,0
5.35218983201253,9.35064129950752,6.73931295843801,6.64266931404588,0,7.45161327679835,6.36102610086979,6.34472366374554,0
5.6343609398777,0,7.36623020740392,0,0,7.52851992104812,6.17101142470411,8.71737431251096,0
4.88688448666008,8.88224039001747,0,5.86087168989898,3.75723879162728,6.70078030882951,6.40978006719497,7.72454827546684,0
4.79131774761558,9.22050850089181,0,6.26752307716857,0,7.26628949340579,6.4487786285189,7.99579184127806,0
5.48055558653624,9.35792382038189,6.12793848120785,6.527226656164,0,7.14799190772252,6.39066004220255,8.13634557112543,0
4.87885474879602,8.82669790837849,6.2555964790995,6.5028799968924,0,7.36187720903672,6.90256181627078,6.36316602506334,4.2901854310083
4.49580164893273,8.65488516680022,0,0,0,7.45455789919755,6.72809019064939,6.18998748323994,0
4.88348350843577,9.51077083725013,5.7497432430324,5.8076018032952,0,7.47393802857581,6.84441071146486,8.04435354447129,4.61986173473108
0,7.34489345754517,0,6.73618373321191,0,0,4.88861830790781,5.39044065542384,7.50526122494517
5.49240279026223,9.15613441886087,0,6.39964263841359,0,6.69262949926151,6.30499709814987,8.66346260981769,0
5.09858511949429,9.54392272261072,5.82576409133026,6.59976164975153,0,6.76222070699491,6.16059532011432,8.34993126697406,0
5.18593223595325,8.51315103288985,4.54595082632812,5.99930870113103,0,7.02023539006614,7.29173794970282,7.36357123751702,5.46645547882552
0,8.0522328235222,4.26647548151378,5.64470457271829,0,6.49046553460731,8.43960779541117,0,6.50872442658322
0,8.49373826257924,0,5.17150619968165,0,0,6.60477004145489,6.63446251541086,8.33957017915384
0,9.83271631497891,0,6.18152689982007,0,6.37320032851691,5.40762010143849,0,0
3.47908392031923,0,0,0,0,0,0,0,0
0,7.47946337367157,0,5.62228315107706,0,7.19176812805953,6.50614274018946,0,7.95067161330667
0,8.29117049935118,0,6.09616234321571,0,0,5.48496289482205,0,9.39185326855925
4.21729938628088,8.0285497145839,6.45675395686181,0,0,0,5.60377796035146,7.0344407919544,7.96263509178524
0,7.87634999432552,0,0,0,0,6.7534845919543,6.7369788203277,6.6294425105343
0,9.1901509298768,5.54911499464406,5.69221583828474,0,5.65606173844479,6.20546644050491,0,6.71497118017727
0,8.79471128519378,0,5.72214615867316,0,0,5.57814366303423,0,7.53259685183527
0,10.1216467023344,0,0,0,0,0,0,7.8880043637288
0,5.39226297939056,0,4.70175228383434,0,7.17996324257062,6.35820615176696,0,0
0,8.98357276168601,0,6.06180650816423,0,7.21918805715462,7.03967787819224,0,0
0,9.62737825643696,0,5.93083836279033,0,0,6.66120235387435,0,5.53662535438202
0,8.56944782357053,0,6.69964811249404,0,7.29432974381025,5.21537044572711,0,7.87097921384481
0,9.64850497624736,0,5.99866357183467,0,0,6.89234718157946,6.4736128799871,8.24578596231432
0,0,0,5.55508909884223,0,6.96856811837865,6.90073066404517,6.50538039122095,8.01033966840265
0,7.49655809409538,6.51465342985737,4.6317147412102,0,4.6446793190828,5.72798716335302,0,7.77359026036775
0,7.69319445283675,6.52727054693451,5.44587493090565,0,5.54322240964376,5.28761024940435,3.83168025274561,8.87663669934243
0,0,4.54159120434522,5.00240148916915,0,6.18270454940918,5.87644643552372,0,7.74922332181483
0,8.68377316370589,0,0,0,6.16875262383574,5.92617908040935,0,8.24173477145356
3.27940632460823,8.17219834026969,0,5.96136609928395,0,5.90459861408632,4.95060216398078,4.45527709641347,7.3034393752352
0,9.73230769584101,0,0,0,5.60605938612759,6.13660331277422,0,6.88912276683414
0,8.85302093468193,0,5.33724957654982,0,3.93652047702853,5.79051047816603,0,7.32408119442305
0,9.95866205528078,0,4.8770277080929,0,6.42994525900031,6.45725619339438,5.76406193887339,7.54160882656689
0,10.3647846396028,0,5.94172268021314,0,5.68061619662436,6.15689423623172,0,7.02756293038685
0,9.52271749603975,0,6.47463116288,0,6.73545929773515,7.1124089409825,8.08489220055422,5.73272620104598
4.73795129722191,8.4682676180794,0,5.08152858087183,0,7.08733140385775,4.83246510842478,0,7.00485476611181
0,10.3574411920255,0,5.67596582065943,0,6.02916968928663,5.39825319516064,0,8.04737834435002
0,7.39382293802235,0,4.4087902719431,0,6.45838530418287,5.55759996447812,8.78561904726232,8.5196541607456
0,8.89327892118543,5.80594789141749,5.76060379464937,0,5.91873255094188,7.15406051551764,0,0
0,8.58073871969955,4.83913497593388,5.86246572399586,0,6.61291430933188,7.34729970074316,6.67128583099751,0
3.17680304844629,9.24975337433302,5.45749823090035,6.30126274512447,0,6.20522420711185,6.67057618870346,8.24681651312081,8.09852125582079
3.92868344632125,8.57005884899264,5.81883586228493,6.29762484080554,0,6.42072755873061,5.53981151107484,6.5284110313253,7.17886579859015
3.56133013316696,8.85009047406897,0,5.882179674558,0,6.78050128505519,5.8558166305117,7.34152273689555,7.17868277411012
0,10.089933923907,6.3729272210645,0,0,6.53349809799817,6.87747131387354,0,8.13160423731286
0,8.0861487026551,0,0,0,6.13292070566198,5.02230032562676,3.93143339894797,6.92892951421354
0,9.99860225869127,3.86283276123737,5.51809526038594,0,0,5.37152135880645,0,7.26971423789224
0,8.46499211669972,0,6.80882957102585,0,6.96681632611134,6.51663676458089,8.4755416862805,8.45330299340514
0,9.86861656559265,0,6.11836148029633,0,0,6.89581426803949,7.46799373016542,7.85765872082122
0,9.17154652770142,0,5.55253313741666,0,0,7.2884972740348,0,7.26768591739146
3.96271611974366,8.76095942584578,0,0,0,0,6.68051585100561,0,8.68035911157041
0,7.7126674228729,0,0,0,4.48987156162463,0,0,6.61500706193018
0,9.68212990554503,0,0,0,0,5.7782094435441,0,6.19591445597494
4.84268990324681,8.83458454022466,5.61258051122973,6.49733290390466,0,6.21951603477477,5.97355512656441,6.9629534394469,7.8905263953562
0,8.25485652656787,4.39777694476511,0,0,0,6.13407026819571,0,8.23500267937361
0,9.80961084481959,0,0,0,5.98277691871042,6.01325050042984,7.64203480589822,7.28858610613194
0,9.89994127190947,0,4.59885025724327,0,6.71827616790158,6.11055783511984,0,8.37133238874401
0,9.47007040065839,0,0,0,0,5.43009096515748,0,7.74407163418147
2.7434173449395,7.91879967219658,0,0,0,0,6.01852021913141,6.82229542503065,7.56939115240283
0,9.46837218800461,0,0,0,6.3525074376634,5.81048209331526,7.26936602179975,7.3672855030952
3.38405122282718,8.47309082234584,4.90089483008306,7.32820751689855,0,6.43550913718362,6.01452167668335,7.36317812335034,0
0,8.03077396042185,0,0,0,0,6.76312249328644,8.38358408148609,0
4.58802402715312,8.51191528775419,0,6.05446282017226,0,0,6.11058002799814,7.58509822799711,7.32620242131347
3.85290974093564,8.51295020265699,0,5.6251360139982,0,0,6.0401118439295,0,6.37827337061804
0,9.24502195268344,0,5.49021789812231,0,0,6.62887436248343,8.37146890956885,7.15471691425654
4.44347444698779,7.7967652519027,5.6808549700125,0,0,0,6.76585755745356,8.66172288043765,8.18734655693697
4.03406363133717,7.48964123556329,4.90904543833462,0,0,6.43616639388204,6.00940269223899,8.40047733612028,7.21710588390463
2.54709867004445,8.03618523605943,0,3.45915177492271,0,5.45035152240354,7.01582911026758,8.86872292141429,7.83104148536868
2.90853906185161,8.89892555944231,4.12017473892312,5.93012091686693,3.20274644293832,0,5.95412606145261,7.20952515075154,7.92070437236421
2.5564518169511,8.91769801764182,4.88446720190543,6.48821660114261,0,7.29147908177171,5.79757635394256,7.62620951746859,7.26624757054385
3.87328217711172,7.11076958966784,0,5.40425271695671,0,7.07392204701939,5.97589395211702,7.66205400133533,8.30449737198327
0,9.29694916794094,3.66995144422842,4.49591320005114,0,6.82972887054374,6.69168664133989,8.02670926530816,7.61802994320267
0,10.0191795145322,0,5.70474867440153,0,4.81535007091044,5.62061823339543,0,7.75036933029836
4.0996637236997,8.3484786380285,3.44489523692787,0,0,7.28521863867771,4.82903347822665,7.54848221459475,7.76139583899776
0,9.59244131804601,0,0,0,4.91954287369292,6.81376323006147,7.67088550730932,0
4.01854284880582,7.776652470953,4.07821518029222,5.95984487272752,0,7.09791272154387,6.7905695648937,7.47136877969054,8.05137917347959
3.94931879017184,7.90673874257391,6.28415281761319,4.57831273181821,0,0,6.28336894299298,8.63835362833774,8.52207724498552
0,8.76176471510407,0,6.35688860567896,0,6.18770955455349,5.86485202097211,8.0775278663467,7.16878018537144
3.55848599018034,7.11804861885084,3.35515344316075,0,0,7.26121104692947,6.14512939465213,7.19754762324328,8.1608182024865
3.81264456144787,8.27219505898784,4.35863005686749,5.4935140158113,0,6.4257114566416,6.7492166528507,7.95001236056514,8.18412316072342
0,8.60097903863998,0,0,0,7.23672083944967,6.2801523636296,8.17167294472799,6.87703830632008
0,8.61300142898738,3.85967652505594,6.30459504401335,0,7.21123933977637,5.99008860092805,8.15471860487305,6.86845296249939
4.20125387786978,8.61246337042054,4.1334050061227,6.04237151688179,0,6.62859677747123,6.51523107500677,8.4496785125783,4.77110826353152
3.91959427092446,8.63695826154393,4.22024272909747,6.14098308654745,0,6.74068483054872,6.59030104819669,7.5108683368381,5.24306889231756
0,8.81230162009614,0,5.58825938340066,0,6.767055396879,6.35292551971809,7.5324737146201,7.57196271564437
0,8.43500217778505,4.5842529377327,5.02249798663877,0,5.62130625283196,6.68396151632634,7.02727014748328,8.39342427607506
0,8.8158656477379,0,0,0,0,5.78188483954316,0,7.38632833557747
2.17928687664955,8.7526778767012,4.06902675423781,6.26886898514863,0,6.83536736514113,5.89709892107226,8.18512723287784,7.54995647325714
0,8.33005846990673,0,5.8058575993225,4.116758157059,6.75754847849536,5.98645200528444,8.62014320414485,7.42922406284661
4.41243459084526,8.46388101835864,4.47278099794235,0,3.89324785010181,7.43864232008469,6.40166840956332,8.09690577361624,6.46337261176486
4.06061540947797,8.51988356910245,4.36830796253294,6.11613492161273,0,5.64668288261563,6.31115387819474,8.20768532644903,5.45937272554882
0,8.83596105500818,0,5.66590752222727,0,6.9463796605189,6.12553641864746,5.60034603270674,7.73942014989578
0,9.84105348215458,0,4.88105797855716,0,6.2530207929086,6.60585257089038,6.15557970195995,7.79726662246303
0,8.47681693087516,0,6.72359202730881,0,7.15133654999629,6.50455759831637,8.1384741957797,7.0036198505375
0,8.58234777274975,0,6.10168573055708,0,0,5.47033603034609,8.1498934320679,6.07617327503494
3.52252966682968,9.11394840725349,4.4236483093647,6.00689488476334,0,0,6.31584612830036,7.21795687286379,7.25288280740666
0,8.99821465084187,0,0,0,7.51126217545688,6.46188996238948,8.55555391950373,6.02796521814468
2.16905370036952,9.20317073141777,5.37003319408964,6.06501700785095,0,7.05912781763208,6.09604976229806,8.75608409969809,5.9762493813015
3.57262649728969,9.28892971633641,0,0,0,6.17532658342052,6.29201348526659,9.07699296242574,6.90648447184869
3.59236855373309,8.62671643090456,0,0,0,6.10731237812985,6.34681110913801,9.10525204149483,6.56619411571059
3.56896915744138,8.55042485209838,0,0,0,5.54708967749606,6.70173921132852,8.72576224889626,5.62718936582468
0,8.61747101203607,0,0,0,0,6.9649103594832,8.22802201079301,6.09384061372485
3.88259419473733,8.70531953445856,0,0,0,0,7.00564394980125,8.70208477619061,5.88868403371354
4.50446548186646,8.47377407729859,0,0,0,0,6.89665388591096,8.25115779658821,5.75738643074099
5.0316789810246,7.42428460566481,0,0,3.88382927105736,0,6.99842744709185,8.59712020008921,6.68637267628741
4.71876669257063,8.59187756884509,0,0,0,6.68653487722978,7.0483082127889,8.27706114940647,6.26871742406922
4.71590622758276,8.73466790518997,6.40279574932694,0,0,5.86212435910193,7.04460864772895,9.18581199589826,5.38288826799831
3.91461963127541,8.08068004270135,0,4.95237038596428,0,7.91426324359461,7.31463272260813,8.61758498338597,0
3.89487684659318,7.77786803195826,0,5.83120776291144,0,7.69107674592268,7.11396424622943,8.38802256253978,6.2925686398914
5.53949728034835,7.80436561608941,0,4.82671245593533,0,7.74119035053854,6.292790615475,9.02780359202339,4.63908840419155
4.66720557690754,8.28816485869163,0,0,0,7.58075587309874,6.84711315701258,8.38318168355484,6.18012016796352
0,8.20684551726538,0,0,0,7.41610784726573,6.20129993635845,8.3368145459471,0
0,8.47283996944467,0,0,0,7.17819454499891,7.06836789261388,7.85870247751194,6.32141556673893
4.00204650807573,8.51886978514716,0,0,0,6.32886492430202,6.34994286399181,8.69294823578042,4.64217691161719
3.80064441744476,8.11474054129678,0,5.44336963824718,0,7.76539943142348,7.1359182120965,8.68605118651572,6.85956243638065
0,7.82908529232233,0,5.69133870443186,0,7.90066995814564,7.04920275656612,8.72215810804414,7.77988929566379
0,8.53304882388015,0,0,0,6.07145340717792,6.67751158117762,9.34195618104149,7.94129201344734
0,8.42985594315451,0,0,0,7.03182959408406,6.51173047069332,8.58036703180047,6.72169072590935
0,8.07709005360246,5.80697063245237,0,0,6.92358925728467,6.22839265339281,8.19697690791444,6.07027572753227
0,8.96582761692544,0,5.45928759743096,0,7.17659086688754,6.2311505150415,6.86762054824202,0
0,9.83140598737068,2.10413415427021,6.42686055650504,0,6.82897177817476,7.41064348462612,7.68596026288206,6.84677309324734
0,7.89383696379151,5.20461090010773,6.6305118669761,0,6.97238129629181,0,8.65418608612382,0
3.28541234866844,9.35019796195088,4.18889687916332,5.89409975803886,0,6.54268807548081,6.77091556274213,9.21494973253308,7.37136350113901
0,9.34877099375461,0,5.88771384611405,0,6.74939240698284,7.00583434914177,7.85353102396772,5.98282735371232
0,10.232309169084,5.8704826505472,0,0,7.25650893217286,7.10304241816612,8.69379844121408,6.7754916538293
0,8.54382928008659,0,6.02298743868014,0,5.95518949124327,7.07213347896483,9.01840353619292,0
0,9.00740010297933,0,0,0,6.9017774472956,6.94474273103242,8.90365623169496,8.23674621574856
3.69187496309373,8.49132754108604,4.30081657924834,6.39101218145211,0,7.08457841378784,6.51042201760352,8.16414594513257,7.70420786490663
0,8.49835282100237,4.56528525228918,6.65456480631563,0,7.06059653045358,6.160067431761,8.39425690051905,7.11612625107048
4.45353301132513,8.89700128871819,0,0,0,6.31557497617331,6.54375355965694,8.81940519135234,0
0,9.26239187884799,0,5.73985721879319,4.2754153371144,6.18709300638155,7.72884262534925,7.36454068111336,0
0,8.76968426051708,5.28431985690418,6.28958569234527,0,7.10737633285415,6.86177416573231,8.22175041579262,8.11394761831687
0,9.06281552608331,0,5.68047972908637,0,7.02046770301059,6.53480576255065,8.98261509054835,7.88443342807135
0,8.80951498370208,0,0,0,7.35115180792486,6.38600351508259,7.98427872896325,0
4.52828914165213,8.27480565673527,0,0,0,4.17192269686748,7.61835920014154,8.09930220080386,7.46991069646957
0,9.08977484377539,3.39047341829918,5.28096772821292,0,6.96666549086086,6.87396061814515,8.57353004564627,7.38113445465528
0,8.89994086831168,5.28279755489,6.49255796622955,4.68129754637564,6.92805778131997,7.72955949175034,8.34667292466042,6.72576566708838
2.45530618001171,8.62186847235437,5.46501754243903,6.18773009961395,0,6.56657397207317,6.72502163729286,9.04710353778767,8.78208656268753
0,9.63665331259718,4.58415081876402,6.06199290579752,0,6.91988145877998,6.61538222104223,8.91799678486083,7.79708171995748
0,9.16197856604826,5.74802262063492,5.93160837995462,0,6.91251393858032,6.47220718127024,8.89293009626865,5.5401256430914
0,8.04654295316395,0,6.55652264164769,0,5.29966645611733,0,7.83366361309411,4.54318839363221
0,9.56404892051131,0,4.98961592687218,0,0,6.5466706265547,8.55290197572947,7.27781425582634
0,7.71887658805017,4.44029554279786,6.04734853810489,0,0,4.90230741721063,8.94794780710824,5.08679354394587
0,8.60182290115335,5.85180009998001,6.08958894510118,0,4.90171288687207,6.00383768317112,7.56063760145916,8.1152638251992
0,8.25798454275184,4.14914835426277,5.87756770042787,0,4.93310609158702,6.63458079406236,9.0776474848505,7.85840105968659
0,8.22299124402999,0,5.62221082096239,0,0,0,8.41304305406607,6.86181604704069
0,10.3992807534682,0,6.52938964075569,0,6.5062323901066,6.74877127075239,7.067345423774,0
0,9.05447104946162,0,5.13626891459364,4.20005501664421,0,6.70154258832791,8.33562575020564,6.19921015624209
0,10.4155294363579,0,6.23499878806993,5.15940006736137,7.13969205631829,6.54668497530098,8.69147921629223,5.35507570036665
2.84897089215859,8.25909322190541,0,6.13884953402104,0,7.2416456139334,6.36984961164574,8.29801676066314,0
4.30244215533104,10.4053652628607,3.80019719024589,8.21413754889779,0,6.77484083886042,7.2605788157647,7.17999370994006,0
0,7.8848588502528,4.91617808374337,5.14638921507388,0,7.29814058965521,6.97787817841361,9.01919681552393,0
3.85651029549789,8.21071422574816,0,6.62991792124528,0,7.17175666417436,7.20622891251212,8.65371859750598,0
0,8.67439521116721,5.5920684850262,0,0,7.0797150036012,6.33002388992132,7.70892692373607,0
0,8.07087483829953,5.10029316602679,6.45709927157251,0,7.02350068452402,6.8740433644966,8.42019979579866,7.60306511930671
0,8.42580132498581,5.23851428217728,6.41455671506635,0,6.70757113180284,6.70990172276544,8.71005071612535,0
0,8.70231748354222,0,0,0,0,0,8.36532091405771,0
0,9.6737787470265,4.20140363451551,6.3500651358022,0,6.46903323897252,6.37299550492052,8.00014155955596,2.91614779421115
0,8.09219963842046,5.72798716335302,6.37383160397017,0,6.80852040764158,7.12218093967662,9.84285605569606,0
0,9.2721501735425,0,5.93396784075946,4.77870323674897,0,6.56224633402757,8.13974103113795,4.84890037091069
0,8.66769378922036,4.0573347365882,5.98655250274696,4.39642251495761,6.78620892090264,6.01540077615145,7.99118286132504,0
0,8.36005505357677,5.3229611974608,5.7225060886543,0,7.07994232129549,7.35576889033626,7.35335734702794,6.96846460309358
5.10157228908836,8.90170973589391,5.04548750486347,5.4421146342958,0,6.97944318227292,7.34114678973114,8.35834985159611,7.55875145728214
0,9.03826296425273,7.27600299927349,5.51023817783977,4.7634551649538,7.41913474934678,6.73764288609461,8.30874611591211,0
4.46464295085111,9.19230368449003,0,5.12764766249453,0,6.70769328711125,6.80039276065364,8.45907879135528,7.67965818556374
0,8.11512630281423,4.35747776175247,5.54654369822971,0,6.52838180437805,7.89648945559543,8.20183840360894,5.02893352237763
4.39222445965033,9.11347808828155,0,6.3332618659926,0,7.02133393304435,6.24037330630822,8.54704127220106,7.09477411957771
5.09516024916594,8.38653082206281,0,5.85518652881535,0,6.73348522169866,7.66293315120237,8.46603041482666,5.46417073063468
2.42214432805168,9.15112950034385,3.40751074371875,5.71650124706398,0,6.56128523038054,6.28932588460154,7.75930266874434,5.7214259098288
0,8.60221609269781,0,5.07097752310242,0,6.42230496154737,6.26771275130897,7.8554438976437,0
0,7.85494760047559,6.29521064935424,5.50874035345287,0,6.95343585147411,5.99313814585999,8.14103248426031,5.76490893131678
3.25269737334371,8.78197760188952,4.82526910711608,6.04367741855492,0,6.59326368820862,6.90368701480618,8.19490863203587,0
4.3810261343403,8.68473946262804,0,0,0,6.87891331974724,7.09804500542527,8.76779158562815,7.52771329592372
0,8.42702337726564,5.89073219385384,6.09117412625696,0,6.8609571294335,5.78668263438384,8.5521664352913,7.84080086114006
3.59703825044836,8.16438220135496,5.68306943305866,3.42067315816281,0,6.85171388809851,6.26699179810175,8.4738701552304,6.27087500387549
4.20811957648095,9.26524513714547,0,5.49256749420726,0,7.48578337242186,6.42561428907606,8.75220839497984,0
4.59945387899198,8.59285338681932,0,5.54236098196999,0,6.84350471638053,6.97142467253773,8.2615961773703,7.69324460271651
5.52094078261536,8.7232133710214,4.3425058765116,5.18582033532089,0,5.93208602358848,6.44397226154946,8.5039052970893,7.84249870779851
0,8.65687860912433,3.8797064039516,5.12705443711082,0,7.5171947104686,6.88727702350063,7.9444567023105,7.56531155067126
0,8.19823783450452,4.88974744348639,6.35947005705576,0,7.18169079904119,6.67909654697982,8.05899480527312,7.36783482703018
0,8.81048947465249,0,5.16444305799171,0,6.87030260193149,5.68717872548942,7.33050350321286,6.86575550782185
0,9.11469913737927,0,4.59572572716009,0,6.67957405990059,6.87812047385245,8.02909402097338,6.97855851077754
5.78339432029125,8.35298813532327,4.69125613490122,0,0,6.76840125339761,7.05706282115733,8.48128618187768,5.73304997233677
0,8.5703718074675,0,0,0,6.69847764990454,7.8718757139306,8.6255434333851,6.98714854504489
0,9.21470085125314,6.33954768697801,0,0,7.07268480066652,7.43222933767249,8.25247997030893,0
0,8.64724378307585,4.32611744023437,5.51869710203952,0,6.46207736576017,6.48157712927643,8.63469707700275,0
3.19540246868256,7.86664562447511,0,6.86299846988934,0,7.27688138448456,7.05969494489001,8.43546456337728,7.12418031150818
4.05664269503809,8.67613864364271,0,5.94539443025345,0,6.34821198841872,6.51789281410138,8.28364823252905,0
0,8.64457622153766,0,0,0,7.31825436201749,7.23111332788639,7.98317058604604,0
3.87265828190587,8.63431645391461,0,6.34042984797666,0,7.10587636330999,6.86023380967892,8.15764555381274,0
0,9.69888357630141,0,6.2564791424975,0,6.71920637243243,7.44718002133962,8.60612671988852,7.81971665269506
0,9.55928451009272,0,6.0342126854217,0,0,6.37008932125582,8.04488931863766,0
0,8.02199154188317,4.37210255347619,6.48218949916697,0,7.65371310217432,6.09320853099127,8.06576162871571,6.98214821053107
0,8.54788339221994,0,6.1161569910653,0,7.08631978689838,6.84944797012086,8.46632506978783,0
0,10.1279422439304,0,5.58522413853207,0,6.34085300899574,6.78380073870692,8.57624858263412,0
0,8.09251774057676,4.49747361053272,6.12207605601804,0,0,6.80711692965964,7.84181519956784,0
4.52861306326594,0,0,6.05029933282887,0,6.19998165156003,6.52960860127798,8.35058827858757,6.99056032173885
0,8.61394778210219,0,6.42017406519561,0,0,7.05766555240911,8.21825062355374,0
0,10.0136684315524,0,6.58213593607869,0,6.59233195154863,6.21921745897909,8.69157329820404,6.88904125893801
0,7.99451426061925,0,6.51266615369874,4.96368343920046,6.97186558344803,6.50590363444381,7.79485610056574,5.6180066976348
3.54990470182335,7.4738926124792,5.41694449030625,6.34798447903297,4.9337542497603,6.78784498230958,6.45162299622202,8.01894809985558,6.84262991902168
0,8.54699080009271,3.97255350516818,7.06760966172607,0,7.51762954034826,7.16101669953178,9.2033651012397,7.07163278519649
0,8.39228961477198,4.53464041979756,6.43911072577403,0,6.8006376649752,7.22366760163799,8.32724986257053,6.1576355496612
0,8.49775549752376,4.9469852670198,5.29546329756513,0,6.91237459350196,7.04322104949083,8.12529069389704,0
0,9.39866056757354,0,6.59646334089122,0,7.06306528652924,6.47341218682312,8.25495531896094,6.84704940386474
0,9.03469448324431,0,6.45203318144217,0,6.9701101677289,6.76988304997344,7.59608587841648,0
0,8.20565275828917,0,5.54689471911906,0,6.526582703443,7.27958087004606,9.03836391958721,8.06338097097668
0,9.00046342876236,5.00916755082122,6.59859076914288,0,7.00150059866765,7.38613002247762,8.34962861283686,7.92373205712214
0,8.02793986997753,5.08103162471799,6.26902052326075,0,6.78550854583447,6.84290737665781,8.37443536586121,7.88449367584032
2.92369907065416,8.6508670738886,4.54648118963941,5.53973296264969,0,0,5.72446706584903,8.82411155435519,7.07360017132839
0,8.90096741058378,6.04836459424079,6.0792922574735,0,6.24726888066174,6.50829212306961,8.36136243438265,7.14065904406851
3.18924101973851,8.83332276923622,5.01096857188638,0,0,6.72359202730881,6.62883471219893,8.73545283584915,0
0,8.83837773592202,0,0,0,6.57829241918179,6.50285001413249,7.95831113423456,7.53938869255321
0,6.88090809697316,0,5.54310498592012,0,0,6.6674401361596,6.54040931598544,5.7439962842695
4.6369595084775,9.0105763764485,0,4.35491234218231,0,0,6.73555433557216,8.55091225977618,8.05121026828759
0,8.35848346825948,0,6.04127799706569,0,6.10275991662881,7.15064655412457,0,7.14342011085002
4.70102567163161,8.22104067919876,0,0,0,6.11109032830985,5.94340286752921,7.9298464297425,4.29114413819671
0,8.85068241183676,5.73029456919631,5.2494421987659,0,7.05510574683204,7.35453506022451,8.98996423782822,7.83373095996419
5.18217673141322,0,0,5.81027235234459,0,6.81426843588867,5.82632453852279,8.58727320508326,0
0,8.54453010962487,0,5.47968013051368,0,6.67586105194071,7.03063640835795,8.64928755200464,6.83795493872286
0,8.45305352405925,0,0,0,6.85493450279855,7.04042254835969,8.85070533700186,5.17801240350439
3.85439389259151,8.42520947280005,0,0,0,6.45793067677354,6.04945039630663,7.78601594859683,5.74460446917646
4.87976701889122,9.03192278476656,0,5.50064577814833,0,6.68101777715771,6.59016367612421,8.39067486394769,6.39541183724635
0,9.34070174539488,0,5.23292514778098,0,5.90650560788079,7.52895522822869,8.5104424563927,6.36703729735111
0,8.27340295669069,0,5.3261270671873,0,6.65326294937467,7.45346916746235,7.57832959868969,5.10915244727207
3.51303686341769,9.14873089034449,4.96172512272625,6.34703888560268,0,0,7.1092910546999,8.99153116381078,5.93872283584992
5.10035411376413,8.12332062934388,4.12761813898503,6.60563615873259,0,6.93336454448856,6.85088858729303,9.24965723435313,8.55801646593567
3.79301421884594,8.78541258878154,5.50975264273009,0,0,6.94161549647024,6.85795560542953,7.80029415561493,0
4.5384960527201,8.53887640224738,0,6.35466564927477,0,6.5418233352093,5.77380592602434,8.0804262528751,0
0,8.80611549446401,0,0,0,6.71802232551216,5.99995341450389,8.95574098268542,4.97002161121096
0,8.65701252344893,3.77045944110636,6.42482040035699,0,6.199717785927,4.04620418689417,8.59632964240937,5.71026144075391
4.33362389544571,8.46580305023392,0,5.80925298426447,0,7.31574386710136,5.73934265005475,8.93155328822133,7.77025697311161
2.38784493694487,8.63352628752925,0,0,0,7.17967375625444,6.47993719419975,8.53539257341692,7.05395730896971
4.81453930388046,8.5894375710167,0,0,0,6.96387092710862,0,8.52951101457625,7.38918710689228
