0.000000,0.000000,2.0746811,0.000000,0.000000,0.000000,0.000000,2.052448,1.924411,0.000000,2.128217,2.151171,2.175973,2.482207,2.209360,2.413775,0.000000,0.000000,1.679732,1.886606,1.945886,1.883067,1.908956,2.218187,1.993906,2.000952,0.000000,0.000000,2.031506,0.000000,0.000000,1.550343,0.000000,0.000000,1.6799926,0.000000,2.464637,1.970509,1.714723,0.000000,0.000000,0.000000,1.676593,2.182723,2.045480,0.000000,0.000000,0.0000000,0.000000,2.037253,0.000000,1.738269,0.000000,0.000000,2.233427,2.146389,0.000000,0.000000,0.000000,2.169110,1.838291,1.687958,2.093207,2.118722,0.0000000,0.000000,2.582322,0.000000,1.5927817
0.000000,1.699411,2.2320858,0.000000,0.000000,0.000000,0.000000,2.112684,2.046080,0.000000,1.774333,2.106796,2.288040,2.444629,2.150323,2.476214,2.232701,2.430290,1.962851,0.000000,1.974278,2.295961,2.061619,2.403662,0.000000,2.107949,2.005103,2.247731,0.000000,1.753538,0.000000,0.000000,0.000000,0.000000,0.0000000,0.000000,2.353818,2.009982,2.141975,0.000000,1.779622,0.000000,0.000000,2.246327,2.192449,2.119407,0.000000,0.0000000,0.000000,2.074168,2.325262,1.906995,0.000000,0.000000,2.461990,2.360811,2.392912,0.000000,0.000000,2.053014,1.826166,1.828382,2.072672,2.141739,0.0000000,0.000000,2.352285,2.015187,0.0000000
2.225936,2.313364,1.9198629,1.997787,0.000000,0.000000,1.888276,2.036364,1.964050,0.000000,2.173196,2.164066,2.193870,2.456679,2.078451,2.398211,1.544499,2.344122,1.524636,2.009217,0.000000,2.187079,2.087992,2.090392,1.951092,1.831531,0.000000,0.000000,0.000000,0.000000,1.921738,0.000000,1.704794,0.000000,0.0000000,0.000000,2.441264,2.025733,0.000000,2.223413,2.183865,0.000000,0.000000,0.000000,2.181625,0.000000,1.786156,1.9001464,0.000000,0.000000,2.189069,2.043376,0.000000,2.006803,2.233198,2.209041,0.000000,2.104999,0.000000,2.161221,1.705338,0.000000,2.130269,1.832341,0.0000000,2.018196,2.535191,2.038028,1.7541648
0.000000,2.010570,0.0000000,0.000000,0.000000,0.000000,1.845072,2.138248,2.063856,1.967256,1.848441,2.179886,2.376007,2.440055,2.247724,2.450413,1.930490,2.368957,1.778493,1.975304,1.635049,2.244774,2.111733,2.267255,1.992251,2.209061,2.110373,2.079038,0.000000,0.000000,1.789309,0.000000,0.000000,0.000000,1.9536238,0.000000,2.459706,1.979490,0.000000,0.000000,0.000000,2.010489,0.000000,2.225015,1.677052,1.955238,1.934299,0.0000000,0.000000,1.987031,2.143316,2.055099,2.068044,0.000000,2.373481,2.189864,1.819131,1.633695,0.000000,2.199654,1.554891,1.938819,2.085675,2.105414,2.0869258,0.000000,2.556731,0.000000,1.8866508
0.000000,1.906247,1.8030329,1.532369,0.000000,0.000000,0.000000,2.140269,1.900212,0.000000,2.107008,2.232356,2.170000,2.458402,2.242927,2.321886,1.487030,2.338348,1.873984,1.864984,1.674056,1.987851,1.867851,2.215283,1.957203,2.175105,2.073061,1.660024,0.000000,0.000000,1.818482,0.000000,0.000000,0.000000,1.9138726,0.000000,2.510470,1.914373,1.586938,0.000000,0.000000,1.687123,0.000000,2.187316,0.000000,0.000000,1.369891,0.0000000,0.000000,2.104407,2.152391,1.939927,0.000000,0.000000,2.276524,0.000000,0.000000,1.743080,0.000000,2.289626,1.703944,1.842128,2.091957,2.143144,0.0000000,0.000000,2.436123,0.000000,1.7165295
2.239040,2.249715,2.0271352,2.047489,0.000000,1.778875,1.760208,2.092076,0.000000,0.000000,2.246682,2.195996,2.187015,2.423169,2.034872,2.437891,1.814848,2.386813,1.887217,0.000000,1.705459,2.267114,2.119944,2.252812,1.551838,2.224560,0.000000,2.085813,0.000000,0.000000,1.846490,0.000000,1.892955,1.787435,1.8778963,0.000000,2.412288,1.863674,1.991470,2.214728,2.095640,1.866242,1.300003,1.857110,1.556947,1.375484,1.801227,0.0000000,0.000000,0.000000,1.976102,1.897788,0.000000,0.000000,2.300821,2.225929,2.293729,1.945456,0.000000,2.137497,1.809412,0.000000,2.491562,1.840044,2.0097501,0.000000,2.572174,1.859873,0.0000000
0.000000,1.842222,1.9428965,1.644018,0.000000,0.000000,0.000000,1.990624,1.703150,0.000000,2.036141,2.128888,2.069730,2.452544,2.109450,2.378868,0.000000,0.000000,1.666680,1.551272,1.867332,1.964175,1.943031,2.178927,1.857844,2.018614,1.832786,0.000000,0.000000,1.357933,1.285350,0.000000,0.000000,0.000000,1.8550670,0.000000,2.417048,1.726325,1.457991,1.664840,0.000000,1.688990,1.083311,1.858443,2.112310,0.000000,1.790402,1.8861214,1.699599,1.801321,2.045487,2.075296,0.000000,0.000000,2.155379,2.262795,1.677438,1.978664,0.000000,2.091329,1.708879,1.703903,1.908814,2.044472,1.1354695,1.747270,2.344855,1.596384,1.5135209
0.000000,2.188902,2.0245924,1.463420,0.000000,0.000000,1.689213,0.000000,1.946930,0.000000,0.000000,2.232167,2.079087,2.474296,2.111153,2.446662,0.000000,2.264151,1.861879,0.000000,2.116814,2.098671,2.030367,2.323709,1.924306,1.859253,1.704309,1.959087,0.000000,0.000000,1.893250,0.000000,2.009255,0.000000,1.8262453,0.000000,2.466976,1.522649,0.000000,0.000000,0.000000,0.000000,0.000000,1.702044,2.201486,1.666577,1.789149,1.9175535,1.892241,1.661415,2.167762,2.149345,0.000000,0.000000,2.336114,2.157941,0.000000,2.112768,1.328423,2.089857,0.000000,0.000000,1.996202,2.035001,0.0000000,0.000000,2.420039,1.649331,0.0000000
2.092981,2.009794,1.6367032,0.000000,0.000000,0.000000,0.000000,1.762535,1.762687,0.000000,1.890533,2.235166,2.232604,2.450008,2.070583,2.432265,2.147265,2.345089,1.220465,0.000000,1.823413,1.742389,2.019257,2.254475,1.929093,2.237360,0.000000,2.124067,0.000000,1.816658,1.804990,0.000000,1.963765,0.000000,1.8805541,0.000000,2.459691,1.984850,0.000000,0.000000,0.000000,1.901302,1.818789,1.770662,2.188577,0.000000,1.539008,1.9196452,1.479667,1.961634,1.988221,1.966725,0.000000,1.831057,2.306739,2.240164,0.000000,1.932251,0.000000,2.042942,0.000000,0.000000,2.184872,1.304489,0.0000000,1.731816,2.622048,1.848441,1.9842971
0.000000,1.919859,1.4530208,0.000000,0.000000,0.000000,1.875973,1.963988,2.027462,0.000000,1.947899,2.169513,2.261442,2.442596,2.165485,2.482285,0.000000,2.178214,0.000000,1.905042,1.901141,0.000000,1.804293,2.247733,1.922490,2.183520,0.000000,1.799695,1.784098,0.000000,0.000000,1.657451,1.970918,1.633252,0.0000000,0.000000,2.282154,1.938120,1.346144,2.028151,2.028676,1.878597,1.380543,2.090494,0.000000,1.490965,1.686624,0.0000000,0.000000,0.000000,2.091182,1.732794,1.959443,1.641747,2.336932,1.712474,1.885731,1.914922,0.000000,2.177943,0.000000,0.000000,1.986787,1.971123,1.8953335,0.000000,2.523023,1.402018,1.8285119
0.000000,1.867222,1.8900738,0.000000,0.000000,0.000000,0.000000,2.103909,2.019864,0.000000,1.836206,1.822386,2.224614,2.505166,2.257259,2.384748,0.000000,2.278141,0.000000,2.033068,1.371371,0.000000,1.782502,2.245721,1.952184,1.891825,0.000000,0.000000,0.000000,0.000000,1.800225,0.000000,0.000000,0.000000,0.0000000,0.000000,2.475678,1.906378,0.000000,2.210430,1.936650,1.889558,0.000000,1.578834,0.000000,0.000000,0.000000,0.0000000,1.975725,0.000000,1.843204,2.040242,0.000000,0.000000,2.275813,1.938737,1.781962,1.733146,0.000000,2.268802,1.941305,0.000000,2.029754,2.162387,1.6329981,0.000000,2.306793,0.000000,0.0000000
1.988256,2.191449,1.9641108,0.000000,1.686306,0.000000,0.000000,0.000000,2.063307,0.000000,2.000473,2.196718,2.187605,2.445594,2.155082,2.391573,0.000000,2.310941,1.719877,1.700909,1.910088,2.163638,2.010408,2.202521,1.963851,2.069949,1.949168,2.105953,0.000000,0.000000,0.000000,0.000000,1.982425,2.081654,0.0000000,0.000000,2.393694,2.070309,1.610176,0.000000,0.000000,0.000000,0.000000,0.000000,2.076460,0.000000,0.000000,1.7442051,0.000000,1.972487,0.000000,2.268894,0.000000,1.762632,2.352052,2.097161,0.000000,2.002810,0.000000,2.162675,0.000000,0.000000,2.021668,2.133953,1.7811658,0.000000,2.500902,1.926038,0.0000000
0.000000,2.341230,0.0000000,2.119936,0.000000,2.026176,0.000000,0.000000,1.925864,2.105220,1.849172,0.000000,2.210277,2.517612,1.946564,2.475990,1.913457,2.010199,0.000000,0.000000,0.000000,1.934423,1.986159,2.316634,0.000000,0.000000,0.000000,0.000000,0.000000,0.000000,2.068532,0.000000,0.000000,1.755021,0.0000000,0.000000,2.396093,1.840314,0.000000,0.000000,0.000000,0.000000,0.000000,1.478360,0.000000,0.000000,0.000000,0.0000000,2.069553,0.000000,0.000000,1.990270,0.000000,0.000000,2.350684,2.282958,0.000000,0.000000,0.000000,2.282477,0.000000,0.000000,2.553212,0.000000,0.0000000,0.000000,2.713535,0.000000,0.0000000
0.000000,0.000000,0.0000000,0.000000,0.000000,0.000000,0.000000,0.000000,1.940361,0.000000,0.000000,0.000000,2.210427,2.439395,2.154840,2.424065,0.000000,2.376794,1.955014,1.858707,1.779756,2.262930,2.180161,2.153598,0.000000,0.000000,2.006979,2.119250,0.000000,0.000000,2.075745,0.000000,0.000000,0.000000,0.0000000,2.142873,2.385781,2.085487,2.069233,0.000000,1.989771,0.000000,0.000000,2.113162,0.000000,2.232256,0.000000,0.0000000,0.000000,1.985547,0.000000,0.000000,0.000000,1.677630,2.373630,2.094799,0.000000,0.000000,0.000000,2.066566,0.000000,0.000000,2.268806,1.981974,1.8791278,0.000000,2.557877,0.000000,0.0000000
0.000000,1.936612,0.0000000,1.573345,0.000000,0.000000,1.856878,1.692265,2.122863,2.212335,1.627640,2.176496,2.162946,2.460672,2.205212,2.447340,0.000000,1.571017,1.963365,1.931153,2.041712,2.034468,2.006794,2.237346,1.974036,2.128411,2.088462,0.000000,1.446093,1.865506,0.000000,0.000000,2.135765,0.000000,1.7789484,0.000000,2.487644,1.896475,0.000000,0.000000,0.000000,1.493044,0.000000,2.175586,1.754267,0.000000,1.776908,0.0000000,0.000000,1.953973,0.000000,2.232237,0.000000,0.000000,2.340777,0.000000,1.796233,1.728033,0.000000,2.197571,1.586224,1.690990,1.993080,2.163033,1.7218587,1.657314,2.465120,0.000000,1.7062413
0.000000,0.000000,1.9562780,0.000000,0.000000,0.000000,0.000000,1.889783,1.821443,0.000000,1.826377,2.182649,2.059235,2.508699,2.120486,2.407563,1.410018,2.258769,1.973020,1.852935,1.915012,2.135120,1.995112,2.212995,1.974014,2.007475,1.942936,1.390780,1.567957,2.050747,1.886937,0.000000,0.000000,1.751552,1.8727720,0.000000,2.464599,1.796906,1.549304,1.977508,2.230701,1.670574,0.000000,2.075232,2.299266,0.000000,1.876259,2.0326691,1.912732,1.899465,2.110702,1.912907,0.000000,0.000000,2.175955,2.065912,1.558535,1.559913,0.000000,2.195047,1.786203,1.771478,2.078164,2.062034,1.5016764,0.000000,2.365432,0.000000,1.6296291
0.000000,1.780305,1.1687961,0.000000,2.131387,0.000000,0.000000,0.000000,0.000000,0.000000,0.000000,0.000000,2.171506,2.435798,2.118927,2.461992,2.044430,2.431744,1.924926,0.000000,1.885073,2.240168,2.153698,2.187017,1.846331,2.236885,0.000000,2.191114,0.000000,0.000000,1.858318,0.000000,2.012564,0.000000,1.8122193,0.000000,2.318350,1.634358,1.821215,0.000000,0.000000,0.000000,1.770167,2.169783,0.000000,2.043532,0.000000,0.0000000,1.586518,1.718555,0.000000,2.194597,1.951570,0.000000,2.078451,2.087354,1.854867,0.000000,0.000000,2.010915,0.000000,0.000000,1.978371,1.951279,0.0000000,1.253874,2.464846,1.262569,2.1718870
0.000000,2.209272,0.0000000,0.000000,0.000000,1.524396,0.000000,0.000000,1.844473,0.000000,0.000000,0.000000,2.220366,2.412189,2.118005,2.443554,0.000000,2.419541,2.045123,0.000000,1.888321,2.290528,2.215819,2.137078,0.000000,2.114969,1.966019,2.208469,0.000000,0.000000,1.990941,0.000000,1.812966,0.000000,1.8115959,0.000000,2.284699,1.887133,0.000000,0.000000,1.954605,0.000000,0.000000,2.151563,0.000000,1.836017,0.000000,0.0000000,0.000000,2.231727,2.022533,1.957310,0.000000,1.876647,0.000000,2.265704,1.982869,0.000000,0.000000,2.112001,0.000000,1.634074,2.250274,2.031127,1.7154598,2.023675,2.513059,1.788542,0.0000000
0.000000,2.061194,0.0000000,1.759634,0.000000,0.000000,1.958051,2.091016,1.901423,0.000000,2.098637,2.259892,2.253963,2.437719,2.164836,2.439039,0.000000,2.428823,2.125937,2.074606,0.000000,2.274370,2.184945,2.157154,1.983400,0.000000,2.026763,2.214053,0.000000,0.000000,2.091550,0.000000,0.000000,1.655942,2.0762299,0.000000,2.477226,1.592701,0.000000,0.000000,0.000000,1.971797,0.000000,0.000000,1.943299,0.000000,2.041354,0.0000000,0.000000,0.000000,2.215797,2.156695,1.974568,0.000000,2.437678,2.431786,2.058020,1.846604,0.000000,2.283896,1.694525,0.000000,2.299704,0.000000,2.0770796,1.724330,2.712328,0.000000,2.0198621
0.000000,1.811859,1.9450436,0.000000,0.000000,0.000000,0.000000,0.000000,0.000000,0.000000,0.000000,2.152909,2.139243,2.457591,2.157899,2.435001,0.000000,0.000000,1.747514,1.976144,0.000000,0.000000,1.931375,2.213148,0.000000,2.089961,1.998487,0.000000,0.000000,0.000000,1.793264,0.000000,2.018552,1.772483,0.0000000,0.000000,2.133579,1.787874,0.000000,0.000000,0.000000,0.000000,0.000000,0.000000,1.773226,0.000000,1.467636,1.5022195,0.000000,1.901156,0.000000,2.034454,0.000000,0.000000,2.121525,1.780305,1.558584,1.993212,0.000000,0.000000,0.000000,1.673932,0.000000,2.102779,0.0000000,0.000000,2.537947,0.000000,1.5467331
2.040211,2.110220,1.8263419,1.730065,0.000000,0.000000,1.826228,1.996058,1.874890,0.000000,2.069310,2.205644,2.213309,2.444834,2.177938,2.387974,0.000000,2.352470,2.040809,1.907661,1.847932,2.153733,2.015321,2.247050,1.942726,2.053460,1.699181,0.000000,0.000000,0.000000,1.861655,0.000000,2.034004,2.020123,0.0000000,0.000000,2.434570,1.939223,1.938961,1.778555,1.902781,0.000000,0.000000,1.842573,1.729859,0.000000,1.753304,0.0000000,0.000000,2.050790,2.179295,1.981118,0.000000,1.762604,2.227997,2.115282,1.756589,1.899837,0.000000,2.142236,1.840647,1.898298,2.254634,2.042376,0.0000000,0.000000,2.511373,1.642677,1.7166043
0.000000,2.004130,1.8014682,0.000000,0.000000,0.000000,1.498314,2.033119,1.699849,0.000000,1.960433,2.071554,2.322693,2.448002,2.203305,2.434762,1.991852,2.348015,1.663479,1.965410,1.785419,2.133763,1.925164,2.221601,1.985250,2.163517,2.007120,2.046669,0.000000,0.000000,1.619259,0.000000,0.000000,1.494181,1.9423731,0.000000,2.418999,1.674522,0.000000,0.000000,1.141985,1.880930,0.000000,2.194334,1.773800,1.989025,1.516490,1.5697717,0.000000,1.186697,2.034273,1.919305,2.020454,0.000000,2.265119,1.841074,1.622913,1.828857,0.000000,2.054093,1.343857,0.000000,2.025749,1.866726,1.5328269,1.664344,2.330900,0.000000,0.0000000
0.000000,1.805430,1.8669284,0.000000,0.000000,0.000000,0.000000,0.000000,1.691629,1.954499,1.680489,2.085701,2.208703,2.452070,2.207975,2.348768,0.000000,2.381060,2.035662,2.036956,1.920622,2.229199,2.070696,2.211561,2.023120,2.035011,1.964915,0.000000,0.000000,0.000000,1.976382,0.000000,2.048210,1.807173,1.5236148,0.000000,2.366255,1.895465,0.000000,0.000000,0.000000,0.000000,0.000000,2.168732,1.609335,0.000000,1.759129,1.4571284,1.915863,1.717722,0.000000,1.848142,0.000000,0.000000,2.225389,1.772817,1.250583,1.926476,0.000000,2.048296,0.000000,0.000000,2.061517,2.033181,0.0000000,0.000000,2.433947,0.000000,1.5705569
0.000000,1.898103,2.0158669,0.000000,0.000000,0.000000,1.731410,2.062152,1.965167,2.038095,1.931407,2.143252,2.210214,2.466065,2.232976,2.397787,0.000000,0.000000,0.000000,2.008684,1.925510,0.000000,1.950833,2.247992,2.024618,1.995731,0.000000,0.000000,1.376663,1.619914,0.000000,0.000000,2.071421,0.000000,1.9737878,0.000000,2.405627,1.887072,0.000000,1.787308,1.957203,1.875197,0.000000,1.579316,0.000000,0.000000,1.618185,0.0000000,1.920817,1.994581,1.980796,2.078848,1.544446,0.000000,2.354802,2.024093,1.725163,1.788737,0.000000,2.249971,1.721967,0.000000,2.107377,2.209149,1.2244900,0.000000,2.453306,1.332997,1.7051774
1.162977,1.964166,1.8226661,1.907575,0.000000,0.000000,1.277110,2.028348,1.894367,1.839837,1.853966,2.139477,2.266616,2.428988,2.191789,2.413508,0.000000,0.000000,0.000000,1.843088,1.374958,0.000000,1.954569,2.270787,1.938147,2.098942,1.911675,0.000000,0.000000,1.618740,0.000000,0.000000,2.067893,0.000000,1.9007585,0.000000,2.427692,1.905864,1.881598,0.000000,0.000000,1.759984,1.534930,0.000000,0.000000,0.000000,1.578350,0.0000000,1.914731,1.812908,2.180954,2.108748,0.000000,0.000000,2.255148,1.963967,1.520640,1.723903,0.000000,2.231861,1.748590,1.838565,1.987831,2.122996,1.5565476,0.000000,2.470958,0.000000,1.6561624
0.000000,1.405551,0.0000000,0.000000,1.641385,0.000000,0.000000,0.000000,2.029342,0.000000,0.000000,0.000000,2.137151,2.501060,2.165248,2.404035,0.000000,2.368928,2.094079,1.730884,1.781913,2.178402,2.071955,2.140523,1.664762,2.258924,1.980510,2.161065,0.000000,0.000000,1.946338,0.000000,2.030677,0.000000,0.0000000,0.000000,2.195846,0.000000,0.000000,0.000000,0.000000,0.000000,0.000000,1.877554,2.118599,0.000000,1.629759,0.0000000,0.000000,1.833096,0.000000,0.000000,0.000000,0.000000,2.068344,1.820530,1.850593,2.049944,0.000000,1.455914,0.000000,0.000000,1.847834,2.063541,0.0000000,0.000000,2.519166,0.000000,0.0000000
0.000000,1.710054,1.9777216,0.000000,0.000000,0.000000,0.000000,0.000000,1.939726,1.799301,1.920406,2.042198,2.213433,2.479696,2.170229,2.381351,0.000000,2.355998,2.032740,1.973935,1.848978,2.201412,2.085371,2.213328,2.028448,1.988429,1.980876,0.000000,1.742436,0.000000,2.017743,0.000000,2.050566,0.000000,1.5416934,0.000000,2.287981,1.881994,0.000000,0.000000,0.000000,0.000000,0.000000,1.851955,2.180393,0.000000,1.786948,1.9121145,0.000000,1.706581,0.000000,2.032431,0.000000,0.000000,2.268414,1.873618,1.838187,1.674252,0.000000,1.805827,0.000000,0.000000,1.961334,2.019398,0.0000000,0.000000,2.560808,0.000000,1.6040470
0.000000,2.392360,0.0000000,1.784465,0.000000,0.000000,0.000000,0.000000,0.000000,2.072002,1.980368,0.000000,2.290249,2.470261,2.221529,2.470616,0.000000,2.460720,2.241714,0.000000,1.810203,2.382107,2.245813,2.285325,0.000000,1.988228,2.130461,0.000000,0.000000,0.000000,2.148830,0.000000,0.000000,1.664396,2.0146056,0.000000,2.469965,2.069119,0.000000,2.427853,2.496234,1.785583,0.000000,0.000000,0.000000,0.000000,0.000000,0.0000000,1.602984,0.000000,2.160609,1.875887,0.000000,0.000000,2.042791,2.281872,0.000000,2.054846,0.000000,2.286644,0.000000,0.000000,2.160679,2.157665,0.0000000,2.022102,2.687721,0.000000,0.0000000
1.829957,1.850975,0.0000000,0.000000,0.000000,0.000000,1.816658,2.079695,1.891148,2.045617,1.968817,0.000000,2.223904,2.382203,2.044286,2.408460,0.000000,2.312462,1.808137,0.000000,1.778543,2.141050,1.967164,2.109997,1.649216,1.880701,0.000000,0.000000,0.000000,1.721696,0.000000,0.000000,0.000000,0.000000,1.9260171,0.000000,2.395531,1.786855,0.000000,0.000000,0.000000,0.000000,0.000000,0.000000,2.221073,0.000000,0.000000,2.0022131,0.000000,0.000000,2.211303,2.249663,0.000000,0.000000,2.052299,2.069828,1.498175,2.005316,0.000000,2.232033,0.000000,1.704612,2.065162,1.927288,0.0000000,1.555646,2.390705,0.000000,0.0000000
0.000000,1.967253,1.8369152,0.000000,0.000000,0.000000,0.000000,0.000000,2.093631,0.000000,0.000000,2.213992,2.164299,2.444950,2.219180,2.468838,0.000000,0.000000,0.000000,1.956053,1.275000,0.000000,1.879122,2.142874,2.028239,2.017362,1.641144,0.000000,0.000000,0.000000,0.000000,0.000000,0.000000,0.000000,0.0000000,0.000000,1.830384,0.000000,0.000000,1.761016,0.000000,0.000000,0.000000,1.916990,0.000000,0.000000,0.000000,0.0000000,2.116913,0.000000,0.000000,2.050674,0.000000,0.000000,2.417788,2.281640,0.000000,1.861370,0.000000,2.119423,0.000000,0.000000,2.013089,2.063264,0.0000000,0.000000,2.590927,0.000000,0.0000000
0.000000,2.427155,1.9395291,2.265956,1.753216,2.090484,2.401942,0.000000,0.000000,0.000000,2.079537,2.038072,2.215491,2.526629,2.247632,2.440920,0.000000,2.307140,1.920799,0.000000,0.000000,2.065747,1.986671,2.245886,1.947976,1.981293,1.792986,0.000000,1.811976,2.411936,1.503570,0.000000,1.749163,0.000000,1.8245473,0.000000,2.418572,1.854382,1.889739,2.603814,2.575685,2.330347,0.000000,2.209637,0.000000,0.000000,2.043935,0.0000000,0.000000,2.270462,0.000000,2.258874,0.000000,0.000000,2.178929,2.178137,0.000000,1.819510,1.687191,2.160217,0.000000,0.000000,2.673156,2.081100,0.0000000,2.292767,2.568137,1.897633,1.5017443
0.000000,2.302619,1.7635080,2.014350,0.000000,0.000000,1.751330,0.000000,0.000000,0.000000,2.099014,0.000000,2.131220,2.376449,2.136817,2.460157,0.000000,2.410273,1.988356,0.000000,1.659809,2.045620,2.195655,2.166055,1.927898,1.773379,2.035995,0.000000,2.010830,2.323305,2.054418,0.000000,0.000000,0.000000,1.8404015,0.000000,2.383024,0.000000,2.049148,2.378782,2.395263,2.002182,0.000000,1.987092,0.000000,0.000000,0.000000,0.0000000,1.516302,0.000000,0.000000,2.302690,0.000000,0.000000,2.185061,2.123873,1.967851,1.596621,1.592579,2.135178,1.618116,0.000000,2.581477,1.726202,0.0000000,0.000000,2.619786,1.722525,1.9037612
2.060112,1.941675,1.8799700,1.813207,0.000000,0.000000,2.015883,2.073224,2.044284,0.000000,2.248789,0.000000,2.150902,2.521484,2.276096,2.422556,0.000000,0.000000,0.000000,1.996855,1.928114,0.000000,1.970122,2.238571,2.093851,2.032476,1.870506,0.000000,0.000000,1.808037,0.000000,0.000000,1.490893,0.000000,1.4167473,0.000000,2.491889,1.977965,0.000000,2.080784,2.273283,1.763371,0.000000,1.868239,2.214487,0.000000,1.549512,1.9991480,1.871486,2.152578,2.092072,2.108880,0.000000,0.000000,2.114478,2.081317,1.601608,2.090617,0.000000,2.210034,1.774751,0.000000,2.114752,2.012052,0.0000000,1.768619,2.539374,1.423870,0.9755016
1.965694,2.033244,2.2092728,0.000000,1.669565,0.000000,0.000000,2.059812,2.177870,0.000000,2.051087,2.062112,2.080674,2.527593,2.282391,2.432330,0.000000,2.303440,1.778272,2.020424,1.755584,2.175559,2.013957,2.220567,2.045737,1.919589,1.754543,0.000000,1.482632,0.000000,0.000000,0.000000,0.000000,0.000000,1.4824060,0.000000,2.455178,1.801468,1.631627,0.000000,0.000000,1.760417,1.881913,1.950062,2.232850,0.000000,1.922907,1.8638280,0.000000,1.911911,0.000000,1.978724,1.569076,0.000000,2.185599,2.137811,1.810370,2.060136,1.770766,2.262168,1.922579,0.000000,2.249479,2.050627,0.0000000,0.000000,2.534404,0.000000,0.0000000
0.000000,1.891809,1.8975555,2.048078,0.000000,0.000000,1.471920,1.713106,1.710852,0.000000,1.632011,2.088154,2.227997,2.496537,2.157195,2.366188,0.000000,2.316201,1.932049,1.863935,1.944851,2.140360,2.074099,2.201924,1.820750,2.090624,1.952073,2.083125,0.000000,2.135550,1.961824,0.000000,1.947368,1.190736,1.8980046,0.000000,2.507033,1.960001,2.036479,1.940179,2.108808,1.747757,1.330722,1.905247,1.634924,1.958410,1.173483,0.0000000,0.000000,2.160065,2.170468,2.154865,0.000000,1.149799,2.324369,2.234376,2.006411,1.939790,1.234378,2.149747,1.881007,1.845577,2.256750,2.137597,0.0000000,1.266571,2.643704,1.454867,1.6194660
0.000000,2.246916,1.9772227,2.091467,1.814686,0.000000,0.000000,1.980320,1.978849,0.000000,0.000000,2.279804,2.188786,2.520024,2.248489,2.385329,0.000000,2.310121,1.993975,2.010639,0.000000,2.163080,2.065845,2.205701,1.927440,2.021887,1.926361,0.000000,0.000000,0.000000,1.969732,1.854073,2.282902,1.671776,2.0487622,1.836581,2.462374,2.009494,0.000000,1.830427,1.593870,0.000000,0.000000,2.154955,1.663557,0.000000,0.000000,0.0000000,2.019672,0.000000,2.140542,2.044113,0.000000,0.000000,2.122196,2.388112,0.000000,1.930137,0.000000,2.135188,0.000000,0.000000,2.023368,2.174779,0.0000000,0.000000,2.705687,0.000000,1.5572955
1.905631,1.807183,1.9149035,1.929840,0.000000,0.000000,1.677486,1.432913,1.809491,0.000000,1.774155,2.078594,2.147747,2.506618,2.156696,2.416707,0.000000,2.343202,0.000000,1.744656,1.626586,2.139223,2.015931,2.180010,1.845501,2.054650,1.889448,2.133512,0.000000,0.000000,1.871467,0.000000,1.807072,1.656849,1.8837526,0.000000,2.405209,1.826122,1.362044,0.000000,1.713831,1.394517,0.000000,2.131572,2.252167,0.000000,1.732407,1.8727220,0.000000,1.921918,0.000000,2.061271,1.320685,0.000000,1.941551,2.221118,1.790730,2.101306,0.000000,2.212371,0.000000,0.000000,2.203881,2.065996,0.0000000,1.358076,2.610130,0.000000,1.7870062
0.000000,1.822458,1.9794114,0.000000,1.292704,0.000000,1.872134,1.774422,1.711800,0.000000,1.966380,2.067280,2.136753,2.543123,2.187591,2.413991,1.472160,2.312296,1.897499,1.893415,1.525531,2.066298,1.998894,2.153133,1.940387,2.173925,1.823771,0.000000,1.399821,0.000000,1.936657,0.000000,1.950987,0.000000,1.9029798,0.000000,2.404638,1.900869,1.481952,0.000000,0.000000,1.815770,1.407462,2.025108,2.165705,1.621147,0.000000,1.8552093,0.000000,2.037814,0.000000,1.958746,1.524096,1.572254,1.694547,0.000000,1.852899,1.798361,1.081868,2.187664,1.838782,0.000000,1.978732,2.037577,0.0000000,0.000000,2.589400,0.000000,1.4021328
0.000000,2.023569,1.7062413,1.846892,0.000000,0.000000,0.000000,1.943800,1.755857,0.000000,1.999427,2.103752,2.202840,2.514298,2.147834,2.376913,0.000000,2.330767,2.079574,0.000000,1.905947,2.189776,2.098514,2.213149,0.000000,2.136806,2.036431,2.045593,1.830410,0.000000,2.061891,0.000000,2.054820,1.613247,1.5646026,0.000000,2.189646,1.762577,1.963550,0.000000,0.000000,1.472080,0.000000,1.869249,0.000000,1.537120,1.830606,0.0000000,1.903830,1.908914,2.014686,1.783706,0.000000,0.000000,2.043994,2.187622,1.895643,1.688093,0.000000,2.023148,0.000000,0.000000,2.121066,2.040006,0.0000000,0.000000,2.638382,0.000000,1.4151404
0.000000,2.016898,0.0000000,2.078999,0.000000,0.000000,0.000000,0.000000,1.562346,0.000000,0.000000,0.000000,2.181927,2.554664,2.248242,2.376695,0.000000,2.426229,2.036819,1.973661,1.873109,2.242233,2.201519,2.180360,1.975494,2.240721,2.017077,0.000000,0.000000,0.000000,2.071889,0.000000,0.000000,0.000000,0.0000000,0.000000,2.319380,1.551684,0.000000,1.530641,0.000000,0.000000,0.000000,2.024906,0.000000,1.575955,2.031176,0.0000000,0.000000,1.978852,1.994402,1.593870,0.000000,0.000000,1.998774,2.129064,1.945556,1.877415,0.000000,2.014096,0.000000,1.718259,2.049061,2.135430,1.7347459,0.000000,2.549081,0.000000,0.0000000
0.000000,1.680277,2.1981636,1.839510,1.857173,0.000000,0.000000,1.870639,1.917456,0.000000,1.976019,2.180820,2.200089,2.538136,2.143022,2.448736,0.000000,2.269944,1.422632,0.000000,1.921875,0.000000,1.951374,2.072225,1.982093,1.994517,1.707496,2.030327,1.298487,0.000000,0.000000,0.000000,2.107322,0.000000,1.6984041,0.000000,2.489412,1.479897,1.540438,1.446001,0.000000,1.567394,0.000000,2.112843,2.330474,2.049536,1.895255,2.0570671,0.000000,2.076513,1.917527,2.059190,0.000000,1.305780,2.063021,2.109428,1.653470,2.101446,0.000000,2.111861,0.000000,1.535888,2.100938,2.098048,0.0000000,0.000000,2.538631,0.000000,1.8661371
0.000000,2.039619,0.0000000,1.938067,1.892041,0.000000,0.000000,0.000000,1.724348,1.894362,0.000000,2.093541,2.128447,2.489054,2.197675,2.380364,1.865387,2.296705,1.857670,1.770493,1.706940,1.982064,1.995552,2.188172,1.734314,2.167442,1.696306,2.101378,0.000000,0.000000,1.767508,0.000000,0.000000,0.000000,0.0000000,0.000000,2.392243,1.809034,0.000000,0.000000,0.000000,0.000000,0.000000,2.114973,0.000000,1.919073,1.987781,0.0000000,0.000000,1.978835,0.000000,2.335085,0.000000,0.000000,2.268156,0.000000,1.740598,0.000000,1.779108,2.065669,1.849090,0.000000,1.945158,2.017313,0.0000000,0.000000,2.602090,0.000000,0.0000000
0.000000,2.030702,1.6427069,0.000000,1.818371,0.000000,1.734845,0.000000,0.000000,0.000000,1.816243,2.193822,2.178442,2.499373,2.131457,2.437091,0.000000,2.318894,1.697391,1.861858,1.782214,2.035957,1.965379,2.226810,1.853101,2.153217,0.000000,2.102525,0.000000,0.000000,1.630470,0.000000,0.000000,1.598938,1.9078526,0.000000,2.439331,1.753859,0.000000,0.000000,2.011041,0.000000,0.000000,2.178076,1.664344,0.000000,1.945797,0.0000000,0.000000,2.161230,2.224860,2.328157,0.000000,0.000000,2.095384,0.000000,1.944651,1.616859,0.000000,2.080315,1.845638,0.000000,1.969545,2.050403,0.0000000,0.000000,2.616192,0.000000,1.6552238
0.000000,2.544750,2.1023625,0.000000,0.000000,2.266228,2.059620,2.090354,0.000000,0.000000,2.338906,0.000000,2.136642,2.507023,2.176366,2.463833,0.000000,2.297422,0.000000,1.858561,2.029007,0.000000,2.109293,2.298338,0.000000,1.946930,0.000000,1.877536,1.424179,0.000000,1.889283,0.000000,0.000000,0.000000,0.0000000,0.000000,2.502648,1.712953,0.000000,2.550137,2.555937,2.122922,0.000000,1.828633,0.000000,0.000000,2.007176,2.0541170,0.000000,0.000000,2.287519,2.316636,0.000000,0.000000,2.148914,2.348406,2.315002,1.853210,1.973909,2.165142,2.097046,0.000000,2.740089,2.131585,0.0000000,1.921019,2.682481,1.683645,1.9315701
0.000000,2.127933,0.0000000,1.743769,0.000000,0.000000,1.944066,2.093255,1.916892,1.946536,2.069161,2.211570,1.819270,2.485405,2.043799,2.434420,1.360918,2.171527,0.000000,0.000000,1.566689,0.000000,1.958301,2.169564,1.426222,2.022578,0.000000,1.993027,0.000000,0.000000,1.495663,0.000000,0.000000,0.000000,1.6426769,0.000000,2.463653,1.364693,0.000000,0.000000,0.000000,1.689035,1.604123,1.729551,1.690304,0.000000,0.000000,0.0000000,0.000000,0.000000,1.996925,1.925851,0.000000,0.000000,2.206786,2.234872,0.000000,1.564507,0.000000,1.884703,0.000000,0.000000,2.146942,1.782872,0.0000000,1.457215,2.679993,0.000000,1.7307474
0.000000,1.858949,1.8827838,1.612529,0.000000,0.000000,0.000000,0.000000,1.513648,0.000000,1.975783,2.102483,2.176899,2.520188,2.174758,2.423708,0.000000,2.304762,1.796733,1.967146,1.977560,2.213378,2.026721,2.206072,2.092849,2.094651,2.004844,1.562201,0.000000,0.000000,1.846983,0.000000,0.000000,0.000000,1.5171155,0.000000,2.360336,1.946557,0.000000,0.000000,0.000000,1.659997,1.375747,0.000000,0.000000,0.000000,1.607492,0.0000000,0.000000,1.871038,0.000000,1.941957,1.415570,0.000000,2.171290,1.843189,0.000000,1.775142,0.000000,2.144096,0.000000,0.000000,1.964599,2.117061,0.0000000,0.000000,2.667029,0.000000,0.0000000
0.000000,1.587940,1.8870885,0.000000,0.000000,0.000000,0.000000,1.866615,1.954109,0.000000,0.000000,2.142609,2.050460,2.473663,2.089099,2.427516,1.529129,2.333231,1.895885,2.026374,2.009259,1.962411,1.910065,2.165338,2.062741,2.208321,1.993087,2.057345,1.997555,0.000000,1.920687,0.000000,2.092910,0.000000,1.8230713,0.000000,2.377435,1.722956,0.000000,0.000000,0.000000,0.000000,0.000000,1.571109,0.000000,0.000000,1.790391,0.0000000,1.894017,0.000000,2.139252,1.939529,0.000000,0.000000,2.216595,0.000000,0.000000,1.794139,0.000000,2.225325,0.000000,0.000000,2.083770,1.986391,1.4751676,0.000000,2.611148,0.000000,1.6111937
0.000000,1.901433,1.7603476,1.780948,0.000000,0.000000,0.000000,1.899251,1.628098,0.000000,1.790073,2.170574,2.148877,2.472418,2.162527,2.437394,1.873308,2.250267,1.601301,1.900647,2.030416,2.105023,2.073804,2.243187,1.857649,2.109248,1.967006,2.035739,0.000000,1.376663,1.703619,0.000000,1.937542,0.000000,1.7035983,0.000000,2.300756,1.878603,1.935439,0.000000,0.000000,0.000000,0.000000,2.223625,0.000000,1.815124,1.805450,0.0000000,0.000000,1.778025,2.106762,1.876307,0.000000,1.547944,2.335309,2.080678,2.211279,1.703781,0.000000,2.035935,0.000000,1.784937,2.049940,2.029392,1.5542844,0.000000,2.583473,0.000000,0.0000000
0.000000,0.000000,0.0000000,0.000000,0.000000,0.000000,0.000000,0.000000,0.000000,1.945047,1.723992,0.000000,1.915175,2.414962,1.934655,2.318310,1.632839,2.299683,0.000000,0.000000,1.798211,1.925652,1.543694,2.009019,0.000000,2.132011,1.906199,2.007740,1.942453,0.000000,1.805572,0.000000,0.000000,0.000000,0.0000000,0.000000,2.339692,0.000000,0.000000,0.000000,0.000000,0.000000,0.000000,0.000000,0.000000,0.000000,0.000000,0.0000000,0.000000,0.000000,0.000000,0.000000,0.000000,0.000000,0.000000,1.918959,0.000000,0.000000,0.000000,2.073046,0.000000,0.000000,2.304351,1.638433,0.0000000,0.000000,2.395999,0.000000,0.0000000
1.825098,2.014439,2.0623873,2.079881,1.522588,0.000000,0.000000,1.914790,2.013754,0.000000,2.002385,2.209450,2.171757,2.497521,2.209082,2.402176,0.000000,2.337853,0.000000,2.059902,1.880907,2.177331,2.049319,2.267403,2.096810,2.162711,2.032929,2.035371,0.000000,1.497132,0.000000,0.000000,1.920756,1.886960,1.6738340,0.000000,2.403816,1.886741,2.080168,0.000000,0.000000,1.768949,0.000000,2.198839,0.000000,0.000000,1.718536,0.0000000,0.000000,2.154200,2.276065,1.976622,1.735375,1.621352,2.398588,2.191606,2.199536,1.858241,0.000000,2.134822,0.000000,1.733931,2.283122,2.201515,1.9002681,0.000000,2.601685,0.000000,1.5737981
0.000000,1.953621,0.0000000,0.000000,0.000000,0.000000,0.000000,1.978003,0.000000,0.000000,0.000000,0.000000,2.194517,2.515022,2.207394,2.416588,1.775783,2.355050,1.898960,1.953474,1.883764,2.174146,2.078405,2.286221,1.756961,2.209802,1.962129,2.072533,0.000000,0.000000,2.045378,0.000000,2.004809,0.000000,0.0000000,0.000000,2.327182,2.065646,0.000000,1.882969,0.000000,0.000000,1.563646,2.208591,0.000000,1.909556,1.905339,0.0000000,2.008254,2.031713,2.121608,0.000000,2.008648,0.000000,2.124065,0.000000,1.928992,0.000000,0.000000,2.196623,0.000000,1.832677,1.977566,2.075677,0.0000000,0.000000,2.531028,0.000000,0.0000000
1.803633,1.774092,1.8630651,1.773736,1.508548,0.000000,1.794095,1.655362,1.835163,0.000000,1.837540,2.152692,2.197232,2.515551,2.157995,2.410971,1.465499,2.260927,1.737310,1.865453,1.803468,2.056441,1.997757,2.258998,1.854782,2.102098,1.881311,1.973170,0.000000,1.691144,1.889002,0.000000,1.917176,1.618324,1.9939678,0.000000,2.464218,1.739959,1.733380,1.834237,0.000000,1.736099,0.000000,1.922238,0.000000,1.593347,1.909933,0.0000000,1.995844,1.997323,2.184210,1.978287,0.000000,0.000000,2.407831,2.194614,2.034378,1.715573,1.581145,2.191686,0.000000,1.785512,2.250855,2.134020,1.7359842,0.000000,2.694948,1.642047,0.0000000
2.453551,2.427804,1.8604286,1.929441,0.000000,2.255501,0.000000,0.000000,1.886758,0.000000,2.080122,0.000000,2.203275,2.517155,2.134046,2.451014,0.000000,2.291313,2.031439,1.786039,1.911985,2.111179,1.955628,2.211149,1.619328,2.124441,1.976575,2.075440,0.000000,0.000000,2.006726,1.965452,1.794349,0.000000,0.0000000,0.000000,2.371427,1.988077,2.080318,1.618602,0.000000,0.000000,1.691716,2.116229,2.100497,0.000000,0.000000,1.9698193,0.000000,1.773009,0.000000,0.000000,0.000000,0.000000,1.830265,0.000000,2.206681,1.871202,0.000000,1.905840,1.662926,0.000000,2.620727,2.081035,0.0000000,1.603933,2.528667,2.185113,1.9235512
0.000000,0.000000,0.0000000,0.000000,0.000000,0.000000,0.000000,2.025315,0.000000,0.000000,0.000000,2.181260,2.124163,2.466334,2.218342,2.459011,2.158805,2.342237,2.071713,2.039600,0.000000,2.260368,2.076535,2.194967,2.117196,2.206258,2.000144,2.098197,0.000000,0.000000,1.930029,0.000000,0.000000,0.000000,2.0657584,0.000000,2.389714,2.003213,0.000000,1.890035,0.000000,0.000000,0.000000,2.048025,0.000000,1.981913,1.686624,0.0000000,0.000000,1.749073,2.039948,0.000000,0.000000,0.000000,2.288895,2.023355,0.000000,0.000000,0.000000,2.184140,0.000000,0.000000,1.965682,2.155656,1.6702722,0.000000,2.511246,0.000000,0.0000000
0.000000,1.675232,0.0000000,0.000000,0.000000,0.000000,0.000000,2.073982,1.946430,0.000000,0.000000,2.129937,2.170371,2.506104,2.179873,2.399563,0.000000,2.316125,1.781335,2.024458,1.676980,2.116947,2.116838,2.259802,1.965606,2.146241,1.858498,2.061403,0.000000,0.000000,1.869441,0.000000,0.000000,0.000000,0.0000000,0.000000,2.443329,2.047368,0.000000,0.000000,0.000000,1.738236,0.000000,2.168907,0.000000,1.794536,1.841492,0.0000000,0.000000,2.148747,2.167308,1.926827,0.000000,0.000000,2.206073,1.785606,0.000000,0.000000,0.000000,2.127946,0.000000,0.000000,2.024176,2.106889,0.0000000,0.000000,2.582539,0.000000,0.0000000
0.000000,1.904602,1.9020239,0.000000,1.558634,0.000000,0.000000,2.083656,1.742845,0.000000,2.034940,2.257356,2.176491,2.499669,2.217883,2.430849,1.789720,2.325061,2.006487,2.021068,1.783314,2.188394,2.007931,2.247554,2.118200,2.200182,1.962064,2.084778,0.000000,0.000000,0.000000,0.000000,0.000000,0.000000,0.0000000,0.000000,2.405706,1.882795,0.000000,0.000000,0.000000,1.791857,0.000000,2.197069,0.000000,0.000000,0.000000,0.0000000,2.001629,1.869659,0.000000,1.884355,0.000000,1.900980,2.177507,0.000000,1.795195,1.849462,0.000000,2.231191,0.000000,0.000000,1.945069,2.108922,1.6512154,0.000000,2.476350,0.000000,0.0000000
0.000000,2.214375,1.9557916,2.165209,2.075564,0.000000,1.934217,1.907086,0.000000,0.000000,2.126204,2.076984,2.158268,2.527739,2.179744,2.381813,0.000000,2.287620,2.060377,1.968333,1.965064,2.219431,1.969913,2.141276,2.086151,2.116277,1.982446,1.936962,0.000000,0.000000,1.777691,0.000000,1.944676,2.039026,1.8419239,0.000000,2.382613,1.671652,1.885210,0.000000,1.510178,1.663951,0.000000,1.726989,2.228615,1.654280,1.732339,1.8744713,0.000000,1.888725,0.000000,2.008341,2.031534,0.000000,2.078409,0.000000,1.904523,2.053391,0.000000,2.016752,0.000000,0.000000,2.148088,2.059131,0.0000000,0.000000,2.536643,2.011252,0.0000000
0.000000,1.873674,0.0000000,0.000000,0.000000,0.000000,0.000000,1.427639,1.775318,0.000000,1.639565,2.039971,2.197224,2.413547,2.130836,2.411205,0.000000,2.047480,1.930973,0.000000,1.943807,1.864095,1.776672,2.096810,0.000000,2.127391,2.029425,1.826096,0.000000,1.489953,0.000000,0.000000,0.000000,0.000000,0.0000000,0.000000,2.309218,0.000000,0.000000,1.592579,0.000000,0.000000,0.000000,1.787528,0.000000,1.726517,0.000000,0.0000000,1.736099,1.676035,2.177949,2.000396,0.000000,0.000000,2.119667,0.000000,0.000000,1.446276,0.000000,2.106001,0.000000,1.804693,1.930522,2.008586,0.0000000,0.000000,2.405564,0.000000,0.0000000
0.000000,1.863065,1.8510630,1.808546,0.000000,0.000000,0.000000,2.118730,2.077305,0.000000,0.000000,2.097029,2.126409,2.523749,2.226878,2.384008,1.726237,2.293451,1.969140,1.941716,0.000000,2.203504,2.184570,2.233150,2.009057,2.116597,2.015704,2.020242,0.000000,0.000000,2.100519,0.000000,0.000000,0.000000,1.9778200,0.000000,2.500117,1.975243,0.000000,0.000000,0.000000,1.772432,0.000000,2.195123,1.829202,1.982905,1.819242,0.0000000,2.093892,0.000000,2.233951,1.909608,0.000000,0.000000,2.203534,1.940742,2.045092,0.000000,0.000000,2.245871,0.000000,0.000000,2.061714,2.216676,0.0000000,0.000000,2.287780,0.000000,0.0000000
0.000000,1.971828,2.0603716,2.091871,1.630341,0.000000,1.873748,2.036910,2.006151,0.000000,2.012216,2.167978,2.148420,2.506351,2.232435,2.375302,0.000000,2.333662,1.557196,2.027760,1.883315,2.187374,2.069952,2.245517,2.109378,2.145246,2.037240,1.996389,1.480203,1.888576,1.996932,0.000000,1.799928,1.855337,1.8747422,1.944389,2.465583,1.982654,2.068209,0.000000,1.666396,1.814972,1.724703,1.968519,1.731968,0.000000,1.917376,0.0000000,1.932897,1.873885,2.170111,2.125519,0.000000,0.000000,2.272539,2.128622,2.221023,1.981349,0.000000,2.255142,1.800289,1.801573,2.359505,2.151958,1.5955501,0.000000,2.579743,1.465416,0.0000000
0.000000,1.879745,1.9203623,0.000000,0.000000,0.000000,0.000000,2.072073,1.862466,0.000000,2.135364,2.201181,2.031770,2.473283,2.232698,2.355200,0.000000,2.403775,1.731867,2.041026,1.891701,2.227309,2.053497,2.259073,1.905164,2.095081,0.000000,2.066175,0.000000,0.000000,0.000000,0.000000,0.000000,0.000000,1.2130357,0.000000,2.383293,1.836492,1.508548,0.000000,0.000000,0.000000,1.385102,1.866307,1.912373,0.000000,0.000000,0.0000000,0.000000,1.577688,0.000000,1.964544,0.000000,0.000000,2.340514,0.000000,1.438332,1.942267,0.000000,2.169527,1.676132,0.000000,2.035474,2.120287,0.0000000,0.000000,2.499750,0.000000,0.0000000
0.000000,0.000000,0.0000000,0.000000,0.000000,0.000000,0.000000,0.000000,0.000000,0.000000,0.000000,1.901227,2.098786,2.481451,2.252577,2.380235,0.000000,2.514256,1.718203,2.094212,0.000000,2.320329,2.266898,2.227892,1.989105,1.991748,0.000000,0.000000,0.000000,0.000000,1.768382,0.000000,0.000000,0.000000,0.0000000,0.000000,2.262177,2.033997,0.000000,0.000000,0.000000,0.000000,0.000000,2.055638,0.000000,1.928065,0.000000,0.0000000,0.000000,0.000000,0.000000,2.275897,0.000000,0.000000,2.221642,0.000000,0.000000,0.000000,0.000000,1.899098,0.000000,0.000000,1.484956,2.189603,0.0000000,1.999132,2.566983,0.000000,0.0000000
0.000000,1.694180,0.0000000,0.000000,0.000000,0.000000,0.000000,1.905840,0.000000,0.000000,0.000000,2.100609,2.144872,2.458078,2.197672,2.369155,0.000000,2.406713,1.956350,2.003149,1.876283,2.272474,2.142303,2.217559,1.814876,2.156893,1.622608,2.192482,1.911939,0.000000,1.679233,0.000000,1.978317,0.000000,0.0000000,0.000000,2.357575,0.000000,0.000000,0.000000,0.000000,0.000000,0.000000,1.827844,1.716342,1.946130,0.000000,0.0000000,0.000000,0.000000,0.000000,1.777107,0.000000,0.000000,2.246479,0.000000,0.000000,0.000000,0.000000,2.094884,0.000000,0.000000,1.683436,2.114874,0.0000000,0.000000,2.483807,0.000000,0.0000000
0.000000,1.990055,1.4923297,0.000000,1.510696,0.000000,0.000000,1.852224,1.727129,0.000000,1.724508,2.153247,2.123532,2.457531,2.266046,2.379044,0.000000,2.423630,1.785606,2.088948,1.593024,2.289590,2.219635,2.248605,1.975022,2.093497,1.580885,2.148933,0.000000,0.000000,1.204488,0.000000,1.911892,0.000000,1.5731184,0.000000,2.394397,1.946571,0.000000,0.000000,0.000000,1.563838,1.724526,1.591237,0.000000,0.000000,0.000000,0.0000000,1.539284,1.997016,1.916678,2.004730,1.683436,0.000000,2.266678,1.717907,1.403507,1.721877,0.000000,2.136304,0.000000,0.000000,2.016262,2.073418,0.0000000,0.000000,2.320133,0.000000,0.0000000
0.000000,0.000000,1.5252333,0.000000,0.000000,0.000000,0.000000,1.725798,2.170539,0.000000,0.000000,2.157716,2.075873,2.464338,2.247359,2.383774,0.000000,2.433833,2.004520,2.077688,2.078008,2.341536,2.126815,2.233349,1.876756,2.025585,1.978376,2.133365,2.330949,0.000000,1.365799,0.000000,2.030330,0.000000,0.0000000,0.000000,2.305670,1.902930,0.000000,0.000000,0.000000,0.000000,0.000000,0.000000,0.000000,0.000000,0.000000,0.0000000,0.000000,2.033836,0.000000,0.000000,0.000000,0.000000,2.265349,0.000000,0.000000,0.000000,0.000000,2.149883,0.000000,0.000000,2.038512,2.071003,0.0000000,0.000000,2.450608,0.000000,0.0000000
0.000000,1.928424,1.2623446,0.000000,0.000000,0.000000,1.723600,1.991874,1.846566,0.000000,1.933531,2.207767,2.228888,2.408137,2.177933,2.420517,0.000000,2.339500,1.294649,1.781069,1.733397,2.149085,2.073584,2.280634,1.981049,2.067444,0.000000,2.160229,0.000000,1.696114,1.206511,0.000000,2.051600,0.000000,1.3385764,0.000000,2.440241,1.995455,0.000000,0.000000,0.000000,1.454780,0.000000,2.211698,0.000000,0.000000,0.000000,0.0000000,1.592093,1.961861,0.000000,2.024563,0.000000,0.000000,2.251659,0.000000,0.000000,1.702352,0.000000,2.252028,0.000000,1.691497,1.861641,2.136609,0.0000000,0.000000,2.457956,0.000000,1.7028231
0.000000,1.566264,1.8483588,0.000000,2.055187,0.000000,0.000000,0.000000,1.892730,0.000000,0.000000,2.123623,2.008188,2.471017,2.199192,2.397744,1.455914,0.000000,0.000000,1.965917,1.655030,0.000000,0.000000,2.268601,2.014563,1.901854,0.000000,0.000000,1.559471,0.000000,0.000000,0.000000,1.829365,0.000000,1.8273309,1.581059,2.370406,1.675962,0.000000,0.000000,0.000000,0.000000,0.000000,1.893030,1.971696,0.000000,1.636951,1.6374466,0.000000,0.000000,0.000000,1.965482,0.000000,0.000000,2.164633,1.963657,0.000000,1.947053,0.000000,2.162137,0.000000,0.000000,2.026621,2.012070,0.0000000,0.000000,2.428160,0.000000,1.3762706
0.000000,1.849031,0.0000000,1.894139,0.000000,0.000000,0.000000,0.000000,1.888570,0.000000,2.080271,2.168811,2.172039,2.450637,2.245055,2.370192,0.000000,2.372708,1.993551,2.041534,1.952812,2.305710,2.218399,2.233967,1.984714,2.076480,1.814150,2.136003,1.661201,0.000000,1.944529,0.000000,1.951082,1.959383,0.0000000,0.000000,2.460064,2.035890,1.879146,0.000000,0.000000,0.000000,0.000000,2.224633,0.000000,1.808387,1.523072,0.0000000,1.618150,2.052895,2.324147,1.939428,0.000000,0.000000,2.256292,2.202765,2.196670,1.646112,0.000000,2.262591,0.000000,1.877198,2.188425,2.149729,1.7134884,0.000000,2.537249,0.000000,0.0000000
0.000000,1.977313,0.0000000,0.000000,0.000000,0.000000,0.000000,0.000000,0.000000,0.000000,0.000000,0.000000,2.167289,2.464092,2.241261,2.391235,1.868993,2.427085,2.110796,0.000000,2.000557,2.318092,2.138477,2.245490,1.994723,2.313645,1.878118,2.221343,0.000000,0.000000,1.949592,0.000000,1.990280,1.738285,0.0000000,0.000000,2.242997,1.921080,1.953511,0.000000,0.000000,0.000000,0.000000,0.000000,0.000000,1.599250,0.000000,0.0000000,0.000000,1.987438,2.183484,0.000000,0.000000,0.000000,2.236862,2.281176,2.207000,0.000000,0.000000,1.907590,0.000000,0.000000,1.954648,2.107850,0.0000000,0.000000,2.522636,0.000000,0.0000000
0.000000,2.109916,0.0000000,1.794668,0.000000,0.000000,0.000000,1.981224,1.739719,0.000000,2.078408,0.000000,2.241462,2.468016,2.257489,2.361614,1.620120,2.394760,2.010547,2.016181,1.957458,2.291984,2.170308,2.256894,0.000000,2.204580,0.000000,2.109300,1.937565,0.000000,1.826544,0.000000,2.074551,0.000000,0.0000000,0.000000,2.323524,2.117460,1.945531,1.772329,1.897048,0.000000,0.000000,0.000000,0.000000,0.000000,0.000000,0.0000000,1.737717,2.031829,1.910163,2.076362,0.000000,0.000000,2.302817,2.264350,2.142136,1.687032,0.000000,0.000000,0.000000,0.000000,2.298029,2.210863,1.8185751,0.000000,2.534581,0.000000,0.0000000
0.000000,2.269472,1.9823564,1.912700,0.000000,2.214971,2.113141,0.000000,2.215246,0.000000,2.215236,0.000000,2.127006,2.465840,2.129974,2.452416,2.177347,2.335152,0.000000,0.000000,2.094958,2.164805,1.967304,2.183784,0.000000,2.241808,1.816507,1.721044,0.000000,0.000000,1.964462,0.000000,2.192824,0.000000,0.0000000,2.046466,2.239910,1.995349,2.100633,2.062520,2.079717,0.000000,0.000000,2.182127,2.059652,0.000000,1.979837,0.0000000,0.000000,0.000000,0.000000,2.469608,0.000000,2.071094,1.915423,2.151397,0.000000,2.206279,0.000000,1.960477,2.046272,0.000000,2.376982,2.110348,0.0000000,2.252467,2.496004,2.098776,0.0000000
0.000000,2.110134,2.0647373,1.691848,1.735259,0.000000,1.816827,0.000000,1.820860,0.000000,1.918998,2.207274,2.085822,2.417151,2.208899,2.387501,1.470959,2.290404,1.791610,1.967756,1.851092,1.935139,1.819131,2.294199,1.920570,1.967792,1.755771,1.665074,0.000000,0.000000,1.828096,0.000000,2.102294,1.927189,0.0000000,0.000000,2.391670,2.012210,2.121654,0.000000,1.884200,0.000000,0.000000,2.167977,1.720060,0.000000,1.518112,0.0000000,0.000000,2.017494,1.804066,2.255774,0.000000,0.000000,2.233683,2.191072,2.343021,1.711007,0.000000,2.133427,1.730935,0.000000,2.332161,2.104571,0.0000000,0.000000,2.330548,0.000000,1.6431252
0.000000,1.828995,0.0000000,0.000000,0.000000,0.000000,1.707496,2.051046,1.851092,0.000000,2.083800,2.202383,2.062094,2.427993,2.237385,2.357329,0.000000,2.385844,1.996817,2.053182,1.977675,2.307244,2.114094,2.266841,0.000000,2.044091,1.864885,2.137324,0.000000,0.000000,1.822927,0.000000,1.998599,1.704370,1.6938334,0.000000,2.434174,1.897504,0.000000,1.908567,0.000000,1.463252,0.000000,2.200491,0.000000,0.000000,1.762700,0.0000000,1.754731,1.846937,2.145441,1.957516,0.000000,0.000000,2.267538,1.769448,0.000000,1.597960,0.000000,2.245725,0.000000,1.728241,2.179227,2.030116,1.7277033,0.000000,2.487514,0.000000,0.0000000
0.000000,2.059578,0.0000000,1.810528,0.000000,0.000000,0.000000,1.949327,1.850938,0.000000,1.935620,2.202311,2.175193,2.420110,2.254781,2.394130,1.459106,2.427606,1.979794,1.982724,1.817839,2.348200,2.244655,2.243998,1.925152,1.984196,2.077325,2.201777,0.000000,1.830077,1.667861,0.000000,1.976238,1.710502,0.0000000,0.000000,2.389725,2.035694,1.775268,0.000000,1.959335,1.775230,0.000000,1.520762,1.400053,0.000000,1.764393,0.0000000,0.000000,1.915715,1.781649,1.991750,0.000000,1.718923,2.139376,2.082674,0.000000,1.715366,0.000000,2.131087,0.000000,0.000000,2.096479,2.088531,0.0000000,0.000000,2.514012,0.000000,0.0000000
0.000000,1.832232,0.0000000,1.896861,0.000000,0.000000,0.000000,1.920449,1.937769,0.000000,1.793386,2.130045,2.222292,2.459022,2.282709,2.389064,0.000000,2.402220,1.969304,2.075840,1.648727,2.345139,2.186814,2.293112,1.932955,1.992636,2.130971,2.151507,0.000000,0.000000,1.707099,0.000000,2.027343,0.000000,1.8176432,0.000000,2.444499,1.905339,1.561085,0.000000,1.400517,1.643453,0.000000,2.212552,0.000000,1.779096,1.864308,0.0000000,0.000000,1.962854,2.178148,2.032119,1.591237,0.000000,2.181271,2.014557,1.712493,1.589926,0.000000,2.132354,0.000000,1.761639,2.094940,2.029012,0.0000000,0.000000,2.436000,0.000000,0.9644486
0.000000,1.884280,1.4800500,0.000000,0.000000,0.000000,1.590255,1.997130,1.907704,1.998468,1.849462,2.161621,2.099977,2.423036,2.226930,2.385049,0.000000,2.373789,1.751196,1.942940,1.650105,2.173755,1.994970,2.276879,1.829554,2.133667,1.484509,2.172693,0.000000,0.000000,0.000000,0.000000,2.081216,0.000000,1.5397245,0.000000,2.458790,1.945964,0.000000,0.000000,0.000000,1.525889,1.357933,1.989530,1.618289,1.606115,1.912142,0.0000000,0.000000,1.967512,2.059201,1.909504,0.000000,0.000000,2.286954,0.000000,1.610321,0.000000,0.000000,2.235397,0.000000,1.617733,1.910968,2.125991,0.0000000,0.000000,2.497432,0.000000,0.0000000
0.000000,1.720206,1.3777047,0.000000,0.000000,0.000000,1.616052,1.588770,1.935965,0.000000,1.789344,2.147274,2.200715,2.441934,2.197840,2.384571,0.000000,2.413150,1.889651,1.989235,1.908215,2.250130,2.139059,2.259737,1.928448,2.077570,1.617489,0.000000,0.000000,1.842316,1.826289,0.000000,2.125572,0.000000,0.0000000,0.000000,2.353985,1.547787,0.000000,0.000000,0.000000,1.654447,1.571568,1.426729,0.000000,2.033239,1.739253,0.0000000,1.844919,1.892461,1.360211,1.936011,0.000000,1.418235,2.236708,0.000000,1.496644,1.701302,0.000000,2.205725,0.000000,0.000000,2.011180,2.090732,0.0000000,0.000000,2.509914,0.000000,0.0000000
0.000000,2.143027,2.0594203,1.615699,0.000000,0.000000,1.684659,1.669489,1.734447,0.000000,2.024201,2.126949,2.212275,2.453951,2.212849,2.368930,0.000000,2.348280,1.784842,1.855791,1.864885,1.826894,2.095461,2.270845,1.670222,2.055601,1.640750,2.113115,2.000937,1.253407,1.821225,0.000000,2.078234,1.502084,1.7471480,0.000000,2.336410,1.914146,1.897022,0.000000,0.000000,1.442952,0.000000,1.902488,2.112281,0.000000,1.453374,1.7536254,1.646842,1.921682,0.000000,1.952816,2.120565,1.118999,2.200678,2.124462,2.203594,1.675792,0.000000,2.080753,0.000000,0.000000,2.283735,2.060574,0.0000000,0.000000,2.443149,0.000000,0.0000000
0.000000,2.031968,1.5294789,0.000000,0.000000,0.000000,0.000000,2.002641,1.812869,0.000000,1.732525,2.145248,2.148449,2.431187,2.195969,2.396051,0.000000,2.425495,1.943800,2.026616,1.949650,2.266746,2.095717,2.241654,1.946321,2.079816,1.859150,0.000000,0.000000,0.000000,1.612458,0.000000,2.124247,0.000000,1.2428725,1.493826,2.276369,1.866680,0.000000,0.000000,0.000000,1.439379,1.479744,2.040890,0.000000,1.856378,0.000000,0.0000000,1.484658,1.984690,0.000000,1.971230,2.092225,0.000000,2.217046,2.040665,1.926460,1.615840,0.000000,2.105677,0.000000,1.784748,2.020596,2.035403,1.6806779,1.544606,2.520858,0.000000,0.0000000
0.000000,1.950844,1.6509313,1.989436,0.000000,0.000000,0.000000,2.057355,1.876240,0.000000,1.921900,2.174478,2.183653,2.437729,2.243000,2.329074,1.655832,0.000000,0.000000,2.049538,1.625858,0.000000,1.708387,2.253410,2.065779,2.041719,1.778493,0.000000,1.409908,0.000000,0.000000,0.000000,0.000000,0.000000,1.6520646,0.000000,2.509279,1.889090,1.859722,0.000000,0.000000,1.716399,1.710716,2.192577,0.000000,0.000000,0.000000,0.0000000,0.000000,1.928830,1.692986,1.905393,0.000000,0.000000,2.299249,2.051122,1.760710,1.730099,0.000000,2.252815,0.000000,0.000000,2.044536,2.088199,0.0000000,0.000000,2.462982,0.000000,1.4180234
0.000000,2.126215,1.6836677,1.876684,1.083790,0.000000,2.056421,2.060729,1.952406,0.000000,1.950830,2.145349,2.074432,2.463595,2.225190,2.391433,0.000000,0.000000,0.000000,2.064585,1.837029,0.000000,2.051650,2.281365,2.045080,1.988726,1.820558,0.000000,0.000000,1.204778,0.000000,0.000000,0.000000,0.000000,0.0000000,0.000000,2.436219,1.544231,0.000000,0.000000,1.720225,1.157367,1.643870,2.199171,1.060766,0.000000,0.000000,0.0000000,1.792204,1.941723,0.000000,2.039345,1.611121,0.000000,2.175772,1.559913,1.780621,1.732558,0.000000,2.141549,1.552299,1.180344,2.407972,2.001288,0.0000000,1.729774,2.467502,1.069012,1.1096833
0.000000,1.909207,1.7569749,0.000000,0.000000,0.000000,0.000000,1.634704,1.403050,0.000000,1.671227,2.113719,2.185889,2.444374,2.255587,2.380312,0.000000,2.435130,1.984486,2.064454,1.922460,2.303730,2.175098,2.239922,2.002097,2.042493,1.758791,0.000000,0.000000,0.000000,1.695986,0.000000,2.048621,0.000000,0.0000000,0.000000,2.301158,0.000000,0.000000,0.000000,0.000000,1.655556,0.000000,1.643185,1.151259,1.621522,1.832928,0.0000000,1.684429,1.986115,0.000000,1.862136,2.022921,0.000000,2.197371,2.028660,0.000000,1.758325,0.000000,2.065477,0.000000,0.000000,1.992532,2.080363,0.0000000,1.133519,2.500666,0.000000,0.0000000
0.000000,1.841185,0.0000000,0.000000,0.000000,0.000000,0.000000,0.000000,0.000000,0.000000,0.000000,0.000000,2.196476,2.486738,2.246730,2.370932,0.000000,0.000000,2.042407,2.049756,2.025202,1.957494,1.976849,2.245980,1.989676,2.089128,1.892020,0.000000,0.000000,0.000000,1.582955,0.000000,0.000000,0.000000,1.8194823,0.000000,2.459643,1.887116,0.000000,0.000000,0.000000,0.000000,0.000000,2.219432,0.000000,0.000000,0.000000,0.0000000,0.000000,1.956668,1.926922,2.044527,0.000000,0.000000,2.431850,0.000000,1.739301,0.000000,0.000000,2.090139,0.000000,0.000000,2.027708,2.088852,1.4135202,0.000000,2.608283,0.000000,0.0000000
0.000000,2.213106,0.0000000,0.000000,0.000000,1.837662,2.386581,0.000000,1.830623,0.000000,2.344588,0.000000,2.327560,2.437668,2.128242,2.431540,0.000000,2.298200,1.606339,1.873395,1.925018,2.169344,2.036231,2.267996,1.979775,2.151032,0.000000,1.850755,0.000000,0.000000,0.000000,1.767494,2.082869,0.000000,2.0396501,0.000000,2.455522,2.065561,0.000000,2.432325,2.589410,2.029163,0.000000,2.160418,0.000000,0.000000,0.000000,0.0000000,1.876222,2.144241,2.215034,2.193042,0.000000,2.171447,2.326207,1.918194,0.000000,0.000000,0.000000,2.090282,0.000000,1.914650,2.160618,1.925331,1.8074247,1.711993,2.544821,1.943176,0.0000000
0.000000,1.923746,0.0000000,0.000000,0.000000,0.000000,0.000000,2.126200,1.823610,0.000000,1.969278,2.115925,2.322004,2.456190,2.243052,2.413524,0.000000,2.320958,1.704289,1.891154,0.000000,2.168211,2.021488,2.285306,1.818361,2.189012,1.890893,2.075767,0.000000,1.717257,1.582182,0.000000,0.000000,0.000000,1.9302175,0.000000,2.459034,1.800479,0.000000,0.000000,0.000000,1.553828,0.000000,2.183151,0.000000,2.081298,0.000000,0.0000000,0.000000,2.193066,2.289338,1.843848,0.000000,0.000000,2.453290,1.882372,0.000000,0.000000,1.678493,2.154729,0.000000,1.851933,1.965170,2.148180,1.6672202,0.000000,2.324133,0.000000,0.0000000
0.000000,1.895785,1.6391986,0.000000,0.000000,0.000000,2.279799,1.669160,0.000000,0.000000,0.000000,2.114201,2.127454,2.451338,2.296386,2.377821,0.000000,2.255308,1.777753,1.740295,2.015469,2.161528,1.920631,2.218100,1.781829,2.173180,1.699327,1.852906,0.000000,0.000000,0.000000,0.000000,0.000000,0.000000,1.9190510,0.000000,2.469458,1.927779,1.427437,2.074445,2.234139,0.000000,0.000000,2.131208,0.000000,0.000000,0.000000,0.0000000,1.739623,1.953820,0.000000,2.316525,0.000000,0.000000,2.128511,0.000000,0.000000,1.715290,0.000000,2.154295,1.714950,0.000000,1.872610,1.773162,0.0000000,1.831286,2.523566,1.748696,1.5426156
0.000000,1.867280,1.5242160,0.000000,0.000000,0.000000,0.000000,1.889931,1.877632,2.066210,0.000000,1.532139,0.000000,2.464842,2.257648,2.373057,0.000000,0.000000,0.000000,2.006394,1.642047,0.000000,0.000000,2.303117,1.918648,1.942308,1.466817,0.000000,0.000000,0.000000,0.000000,0.000000,0.000000,0.000000,1.9334804,0.000000,2.385381,0.000000,0.000000,0.000000,0.000000,1.438046,0.000000,2.122400,1.753786,0.000000,1.514537,0.0000000,1.835689,1.788301,0.000000,2.085350,0.000000,0.000000,2.136110,0.000000,1.793675,1.745676,0.000000,2.092941,0.000000,0.000000,1.978938,1.861451,0.0000000,0.000000,2.348121,1.666706,1.5641728
0.000000,1.792852,2.0821281,0.000000,0.000000,0.000000,1.892241,2.047013,2.000355,0.000000,0.000000,2.116795,2.249277,2.474861,2.191651,2.422133,0.000000,0.000000,0.000000,0.000000,1.805215,0.000000,1.867702,2.293170,1.802033,2.058582,0.000000,0.000000,0.000000,0.000000,0.000000,0.000000,1.664396,0.000000,2.0255188,0.000000,2.483349,1.864401,0.000000,0.000000,1.704734,1.661628,0.000000,1.952936,2.168995,0.000000,0.000000,0.0000000,0.000000,1.973096,2.216342,1.946197,0.000000,0.000000,2.476532,0.000000,1.984149,1.857404,0.000000,2.177861,0.000000,0.000000,1.979247,2.114792,0.0000000,0.000000,2.583852,0.000000,0.0000000
0.000000,1.866941,1.8151623,0.000000,0.000000,0.000000,0.000000,1.836410,1.913288,2.136428,2.012848,2.054768,2.263770,2.453999,2.169107,2.402145,0.000000,0.000000,0.000000,1.918163,1.759185,0.000000,1.861343,2.175083,1.927935,2.145663,1.677124,0.000000,0.000000,1.119828,0.000000,0.000000,0.000000,0.000000,1.9571966,0.000000,2.334870,1.617489,0.000000,0.000000,0.000000,1.627640,0.000000,2.167800,1.462161,0.000000,0.000000,0.0000000,0.000000,1.906107,0.000000,1.961737,0.000000,0.000000,2.333238,0.000000,1.550032,1.774003,0.000000,2.047136,1.475168,1.664213,1.938639,1.965037,0.9568259,0.000000,2.526634,0.000000,1.7214065
2.049599,2.139214,1.6882728,1.530698,0.000000,0.000000,2.000398,1.910472,1.603744,1.645877,2.030954,2.172022,2.277951,2.410001,2.185556,2.390515,0.000000,1.114808,1.822576,0.000000,1.872572,0.000000,1.927648,2.254519,1.989103,2.070889,2.034876,0.000000,0.000000,0.000000,0.000000,0.000000,0.000000,0.000000,1.8894425,0.000000,2.471882,1.969904,0.000000,2.206708,2.205252,1.710716,0.000000,1.942486,0.000000,0.000000,1.557594,0.0000000,0.000000,1.790391,0.000000,1.963488,0.000000,1.996127,2.327470,1.886223,0.000000,1.085221,1.389682,2.150674,0.000000,1.628425,1.974582,2.004885,0.0000000,1.581837,2.571882,1.962247,1.5870213
0.000000,1.972335,0.0000000,0.000000,0.000000,0.000000,1.933633,2.063449,1.943288,0.000000,1.995889,2.210582,2.215693,2.441520,2.186844,2.417372,0.000000,2.333958,0.000000,1.793442,1.799939,2.099073,2.008844,2.306737,2.008349,2.192052,0.000000,2.032314,0.000000,1.540548,0.000000,0.000000,0.000000,0.000000,2.0669119,0.000000,2.461241,1.919086,0.000000,0.000000,1.717815,1.907139,0.000000,2.146896,0.000000,2.033749,0.000000,0.0000000,0.000000,1.951088,2.180348,2.278463,0.000000,0.000000,2.447173,0.000000,0.000000,0.000000,0.000000,2.239848,1.769670,1.906252,2.056715,2.073020,0.0000000,0.000000,2.627138,0.000000,0.0000000
0.000000,1.905932,1.4121051,0.000000,0.000000,0.000000,0.000000,2.034786,1.782849,0.000000,0.000000,2.057541,2.223478,2.446830,2.219457,2.351753,0.000000,2.332420,0.000000,0.000000,1.882500,2.123567,1.859942,2.221655,1.749554,2.179465,1.427437,2.044938,1.403050,0.000000,0.000000,0.000000,0.000000,0.000000,1.8331878,0.000000,2.475213,1.414925,0.000000,0.000000,0.000000,0.000000,0.000000,0.000000,1.505245,2.019072,0.000000,0.0000000,0.000000,1.863748,0.000000,2.002329,1.677389,0.000000,2.463728,0.000000,0.000000,0.000000,0.000000,2.111439,0.000000,1.714079,1.944425,2.083498,0.0000000,0.000000,2.598275,0.000000,0.0000000
0.000000,1.928045,0.0000000,0.000000,0.000000,0.000000,0.000000,0.000000,1.692462,1.917753,0.000000,1.945240,2.197187,2.477583,2.253093,2.382162,0.000000,2.427676,1.996436,2.035544,0.000000,2.275009,2.161889,2.271339,0.000000,2.259716,2.117939,2.119918,0.000000,1.702413,1.597803,0.000000,0.000000,0.000000,0.0000000,0.000000,2.343393,1.586812,0.000000,0.000000,0.000000,0.000000,1.565649,2.036281,0.000000,2.013150,0.000000,0.0000000,0.000000,2.276422,2.199291,0.000000,0.000000,0.000000,0.000000,1.616228,0.000000,1.662265,0.000000,2.007716,0.000000,1.944318,1.715271,2.061139,0.0000000,0.000000,2.227239,0.000000,0.0000000
0.000000,0.000000,0.0000000,0.000000,0.000000,0.000000,0.000000,1.784275,2.101476,2.122116,1.802482,0.000000,2.247205,2.482266,2.191212,2.339180,2.059257,2.364656,1.845011,2.094576,1.435351,2.291938,2.107760,2.270803,1.971866,2.217337,2.031013,2.086346,1.622811,1.806101,0.000000,0.000000,1.523374,0.000000,1.8672996,0.000000,2.526616,0.000000,1.646813,1.369620,1.687575,0.000000,0.000000,2.184942,0.000000,2.044085,1.529421,0.0000000,0.000000,1.889261,0.000000,0.000000,0.000000,1.647454,2.294517,0.000000,1.590378,1.678971,1.643959,2.171090,0.000000,1.598938,1.974343,1.759241,1.5009269,0.000000,2.545157,0.000000,0.0000000
2.261661,2.292108,0.0000000,1.939503,0.000000,0.000000,2.486283,1.982506,2.112739,1.673513,1.807495,2.132244,2.209893,2.491669,2.274468,2.376554,0.000000,2.373175,1.895270,2.022998,1.646433,2.228960,2.109170,2.243367,1.989818,2.294867,2.161179,2.077454,0.000000,0.000000,0.000000,0.000000,0.000000,0.000000,1.8348661,0.000000,2.320052,1.902846,1.774282,1.843763,1.983324,0.000000,1.457646,2.256630,0.000000,0.000000,1.559864,0.0000000,1.812307,2.129624,1.722938,1.938252,1.407686,1.897126,1.779854,0.000000,1.714761,1.726954,0.000000,1.974613,0.000000,1.502084,2.112759,2.080271,0.0000000,0.000000,2.549068,0.000000,0.0000000
0.000000,2.148117,1.8540734,0.000000,0.000000,0.000000,0.000000,2.085114,2.004571,2.168065,2.192753,2.185308,2.056099,2.427998,2.156383,2.424957,0.000000,2.374395,1.794580,1.860852,1.631883,2.212411,2.062139,2.144290,1.974675,2.256483,1.711375,1.802929,0.000000,0.000000,1.496784,0.000000,0.000000,0.000000,1.9254394,0.000000,2.478794,2.049072,0.000000,0.000000,0.000000,1.974081,0.000000,2.147908,0.000000,1.969082,1.724081,0.0000000,1.914387,2.165399,1.818315,2.398843,0.000000,1.579228,2.263029,0.000000,1.593870,1.402592,1.493755,2.137050,0.000000,0.000000,1.953381,2.024981,0.0000000,0.000000,2.587493,0.000000,1.8967462
0.000000,1.964334,0.0000000,0.000000,1.422529,0.000000,0.000000,1.737798,1.854910,0.000000,1.956089,2.219190,2.196061,2.433702,2.209457,2.408695,2.094816,2.341419,0.000000,1.834428,1.866517,2.142748,2.063905,2.255941,1.937023,2.237794,1.502829,2.143837,0.000000,0.000000,1.581448,0.000000,0.000000,0.000000,1.9312402,0.000000,2.417587,1.982169,0.000000,0.000000,0.000000,1.494676,0.000000,2.213496,0.000000,1.791103,1.572573,0.0000000,0.000000,1.931157,2.060354,1.994023,0.000000,0.000000,2.242972,0.000000,1.856301,0.000000,0.000000,2.236705,0.000000,0.000000,1.961437,2.026054,0.0000000,0.000000,2.629873,0.000000,0.0000000
0.000000,2.325234,0.0000000,0.000000,0.000000,1.619466,2.421664,2.090732,1.855053,0.000000,2.120748,0.000000,2.249219,2.436025,2.229722,2.396260,1.514410,2.373545,0.000000,1.975173,0.000000,2.167760,2.111814,2.236548,2.012298,2.240152,0.000000,2.016590,0.000000,0.000000,0.000000,0.000000,0.000000,0.000000,2.0402191,0.000000,2.543067,2.070727,0.000000,2.045987,1.845577,1.798736,0.000000,1.954321,0.000000,1.953827,0.000000,0.0000000,0.000000,2.030406,0.000000,1.812326,0.000000,2.079768,2.289311,1.890936,1.656986,0.000000,1.698215,2.113697,0.000000,0.000000,2.001956,2.084490,0.0000000,0.000000,2.627562,2.003029,1.7852777
0.000000,2.085340,1.6698434,0.000000,0.000000,0.000000,0.000000,2.134606,1.906305,0.000000,2.148957,2.063689,2.253352,2.446997,2.212804,2.378551,1.350348,0.000000,0.000000,1.595271,0.000000,0.000000,1.947592,2.166836,1.828322,2.087952,1.763590,0.000000,0.000000,0.000000,0.000000,0.000000,0.000000,0.000000,1.9861102,0.000000,2.421130,2.002874,1.727477,0.000000,1.881346,1.624860,1.685668,2.239149,0.000000,0.000000,0.000000,0.0000000,0.000000,2.005644,1.934806,2.057340,0.000000,1.588272,2.242539,1.514410,1.843220,1.322732,0.000000,2.137593,0.000000,0.000000,2.038659,2.061212,1.3347665,0.000000,2.598635,1.440514,1.8855728
0.000000,2.000539,0.0000000,0.000000,0.000000,0.000000,1.945999,2.130092,1.930041,2.110546,1.917172,2.147369,2.227275,2.431145,2.161486,2.405666,0.000000,2.074760,0.000000,1.857991,1.984948,2.212564,2.007601,2.287291,1.837183,2.137343,1.913804,0.000000,0.000000,1.820356,0.000000,0.000000,0.000000,0.000000,1.8208596,0.000000,2.417085,1.990691,0.000000,0.000000,2.166824,1.924251,1.363164,2.213909,0.000000,0.000000,1.411777,0.0000000,0.000000,2.230299,2.172629,1.764962,0.000000,0.000000,2.183295,1.531449,1.928935,1.620394,0.000000,2.084168,0.000000,1.815181,2.146298,1.884337,0.0000000,1.629629,2.602022,0.000000,1.7495691
0.000000,1.907374,0.0000000,0.000000,0.000000,0.000000,0.000000,0.000000,1.858824,0.000000,0.000000,2.077361,2.194273,2.477135,2.123004,2.450708,2.069304,2.291197,0.000000,0.000000,1.956177,0.000000,1.857369,2.236984,0.000000,2.106889,0.000000,2.052152,0.000000,0.000000,1.964147,1.706281,1.902189,0.000000,0.0000000,0.000000,2.345745,1.974163,0.000000,0.000000,0.000000,0.000000,0.000000,0.000000,2.122122,2.068419,0.000000,0.0000000,0.000000,1.934011,2.112905,0.000000,2.096509,0.000000,2.358365,1.832063,1.910580,0.000000,0.000000,0.000000,0.000000,0.000000,0.000000,0.000000,0.0000000,0.000000,2.494897,0.000000,0.0000000
0.000000,2.404858,1.9305100,0.000000,0.000000,0.000000,2.447062,0.000000,0.000000,1.904317,1.772329,0.000000,2.165079,2.464632,2.163265,2.352381,0.000000,2.292935,1.949202,2.066119,1.844141,2.187603,2.066778,2.281796,2.058303,1.656986,1.932613,0.000000,1.994754,1.583896,1.959010,0.000000,0.000000,0.000000,1.8655124,0.000000,2.381694,2.069947,0.000000,2.663765,2.569120,2.267110,1.996251,1.643006,0.000000,0.000000,1.946024,0.0000000,0.000000,0.000000,2.041267,2.209598,0.000000,0.000000,2.222685,0.000000,0.000000,0.000000,0.000000,2.199219,2.174690,0.000000,2.237033,2.054054,0.0000000,1.896970,2.555139,0.000000,0.0000000
0.000000,2.424153,1.8885758,0.000000,0.000000,0.000000,2.306102,0.000000,2.188055,0.000000,0.000000,0.000000,2.068832,2.434237,2.286302,2.391380,2.090858,2.447948,1.997251,1.842323,0.000000,2.325477,2.233977,2.213640,0.000000,2.270115,2.057306,2.171592,0.000000,0.000000,2.150217,2.195656,0.000000,0.000000,0.0000000,2.194976,1.948104,1.767998,0.000000,2.540486,2.471037,2.328655,0.000000,2.299492,0.000000,0.000000,1.965455,0.0000000,0.000000,2.363509,0.000000,2.358019,0.000000,0.000000,1.956033,0.000000,0.000000,0.000000,0.000000,0.000000,2.096336,0.000000,2.069235,1.995604,0.0000000,2.189137,2.511285,0.000000,1.7850307
0.000000,2.046716,0.0000000,0.000000,0.000000,0.000000,1.662767,0.000000,0.000000,0.000000,0.000000,0.000000,2.079085,2.479840,2.164071,2.407231,0.000000,2.419243,0.000000,1.979320,2.075257,2.376089,2.051670,2.338847,0.000000,2.290513,2.165854,2.174946,1.730611,1.711781,0.000000,0.000000,1.921853,0.000000,0.0000000,0.000000,2.213251,2.068525,0.000000,1.870633,2.309126,0.000000,0.000000,0.000000,0.000000,0.000000,0.000000,0.0000000,0.000000,2.021192,1.943150,2.213147,0.000000,0.000000,2.226218,0.000000,1.622338,0.000000,0.000000,0.000000,0.000000,0.000000,2.300541,2.099788,0.0000000,0.000000,2.417841,0.000000,0.0000000
2.664988,2.639390,1.8191312,2.367312,2.193224,2.187795,2.479167,0.000000,0.000000,2.559953,2.434551,0.000000,2.211007,2.418187,2.300155,2.554336,1.596027,0.000000,0.000000,0.000000,2.104331,0.000000,0.000000,2.485085,1.901121,1.916137,2.087705,0.000000,0.000000,2.200357,0.000000,1.952598,2.192852,0.000000,0.0000000,2.004347,2.572942,1.987016,0.000000,2.518059,2.520934,2.188172,0.000000,2.198585,1.885408,0.000000,0.000000,0.0000000,1.833363,0.000000,2.052344,2.132714,0.000000,2.160149,0.000000,0.000000,1.834949,1.955307,0.000000,2.105588,0.000000,0.000000,2.560738,2.093497,0.0000000,2.353107,2.299774,1.899154,0.0000000
0.000000,2.048303,0.0000000,0.000000,0.000000,0.000000,0.000000,0.000000,2.161915,0.000000,1.410790,1.727129,2.172302,2.442341,2.168903,2.419486,0.000000,2.389090,2.015946,0.000000,2.037937,2.268352,2.099976,2.238423,0.000000,1.985640,2.003138,2.126254,0.000000,1.708623,0.000000,0.000000,0.000000,0.000000,0.0000000,0.000000,0.000000,0.000000,0.000000,0.000000,0.000000,0.000000,0.000000,0.000000,0.000000,0.000000,0.000000,0.0000000,1.819501,1.983288,0.000000,0.000000,0.000000,0.000000,2.064740,0.000000,0.000000,0.000000,0.000000,0.000000,0.000000,0.000000,0.000000,1.963325,0.0000000,0.000000,2.456373,0.000000,1.8379527
0.000000,1.968946,1.3513851,2.175137,0.000000,0.000000,0.000000,0.000000,1.469588,0.000000,0.000000,0.000000,2.180928,2.443738,2.180180,2.418769,0.000000,0.000000,0.000000,1.864805,1.998749,0.000000,1.970341,2.173726,0.000000,2.043572,1.840623,0.000000,1.354175,1.970735,0.000000,0.000000,2.078681,0.000000,0.0000000,0.000000,1.997027,1.994655,0.000000,1.641083,0.000000,0.000000,0.000000,2.220991,1.332997,0.000000,1.784866,0.0000000,1.742294,0.000000,0.000000,0.000000,0.000000,0.000000,2.196491,0.000000,1.754426,1.445359,0.000000,0.000000,0.000000,0.000000,2.061213,2.087573,0.0000000,0.000000,2.360323,0.000000,1.7805479
0.000000,0.000000,0.0000000,0.000000,0.000000,0.000000,0.000000,0.000000,0.000000,0.000000,2.019608,2.147303,2.128904,2.472434,2.249326,2.354863,0.000000,2.387315,2.081250,2.002206,2.002405,2.322079,2.168093,2.243478,1.938718,2.141273,2.009339,0.000000,0.000000,0.000000,1.751092,0.000000,1.866255,2.043188,0.0000000,0.000000,2.301111,1.936962,0.000000,0.000000,0.000000,0.000000,0.000000,1.958579,0.000000,1.748348,0.000000,0.0000000,0.000000,1.940013,2.164287,1.928444,0.000000,0.000000,2.327252,2.054969,2.005464,0.000000,0.000000,0.000000,0.000000,1.779634,0.000000,2.153166,1.8279487,0.000000,2.562139,0.000000,0.0000000
0.000000,1.902900,0.0000000,0.000000,0.000000,0.000000,0.000000,0.000000,2.068074,0.000000,1.962346,2.185791,2.149234,2.483351,2.213721,2.419398,0.000000,2.314914,1.913590,1.957203,1.876665,2.141408,1.997472,2.282337,1.692527,0.000000,0.000000,0.000000,0.000000,0.000000,1.777988,0.000000,1.908144,1.638279,0.0000000,0.000000,2.374979,2.004833,0.000000,0.000000,0.000000,0.000000,0.000000,2.006174,0.000000,0.000000,0.000000,0.0000000,0.000000,1.923910,2.027314,1.800363,0.000000,0.000000,2.381641,0.000000,1.967777,0.000000,0.000000,2.153239,0.000000,0.000000,1.790243,2.045597,0.0000000,0.000000,2.465180,0.000000,0.0000000
0.000000,1.948243,0.0000000,0.000000,0.000000,0.000000,0.000000,0.000000,1.892257,0.000000,0.000000,2.208678,2.229190,2.481995,2.235910,2.475308,0.000000,2.317690,1.852740,1.955674,1.904714,2.145102,2.050941,2.281948,1.965624,2.160495,0.000000,2.054993,0.000000,1.752585,1.893703,0.000000,0.000000,1.840044,0.0000000,0.000000,2.388734,1.743065,0.000000,0.000000,0.000000,0.000000,0.000000,0.000000,0.000000,0.000000,0.000000,0.0000000,0.000000,2.025585,2.114107,1.962011,1.975783,0.000000,2.383046,1.912096,2.045154,0.000000,0.000000,2.127315,1.840497,0.000000,2.054590,2.161547,0.0000000,0.000000,2.501095,0.000000,0.0000000
0.000000,1.930826,2.1117725,1.963181,0.000000,0.000000,0.000000,0.000000,2.148687,0.000000,0.000000,2.098981,2.189451,2.433692,2.215495,2.439108,0.000000,2.359718,2.069044,1.948646,2.042629,2.326274,2.045707,2.271194,0.000000,2.056379,2.102397,0.000000,0.000000,0.000000,0.000000,0.000000,0.000000,0.000000,0.0000000,0.000000,2.334769,1.916776,1.944854,0.000000,0.000000,0.000000,0.000000,2.206306,0.000000,0.000000,0.000000,0.0000000,0.000000,1.811723,2.220733,1.918718,0.000000,0.000000,2.221673,2.069465,2.228302,0.000000,0.000000,0.000000,0.000000,0.000000,2.035741,2.010776,0.0000000,0.000000,2.368905,0.000000,0.0000000
0.000000,2.378293,0.0000000,2.150527,2.167355,0.000000,1.983496,1.719015,0.000000,0.000000,2.059762,2.019960,2.126689,2.490898,2.219687,2.403425,0.000000,2.339401,0.000000,1.984783,0.000000,2.196439,2.136461,2.199955,1.855714,2.004730,0.000000,1.964001,0.000000,0.000000,0.000000,0.000000,1.791238,0.000000,1.6980248,0.000000,2.423741,0.000000,0.000000,0.000000,0.000000,0.000000,0.000000,0.000000,2.166588,0.000000,1.629012,0.0000000,1.833980,0.000000,2.004538,2.285959,2.147511,1.864633,2.161002,1.812830,0.000000,1.523313,0.000000,2.168263,1.572755,1.764881,2.416917,1.943490,0.0000000,1.949537,2.378921,1.968637,1.6087840
0.000000,2.485511,1.9254894,2.261953,2.309864,2.332416,2.284826,0.000000,2.173063,0.000000,2.444049,0.000000,2.241914,2.546276,2.123462,2.509573,1.992433,2.423437,0.000000,1.757388,1.577290,2.274205,2.145789,2.153004,2.018268,2.290859,0.000000,1.969811,0.000000,0.000000,1.702352,0.000000,0.000000,1.242136,0.0000000,0.000000,1.801678,1.789743,0.000000,2.128248,1.770999,0.000000,0.000000,1.614992,1.992025,0.000000,1.750437,1.8772763,1.968679,0.000000,2.042777,2.375002,0.000000,0.000000,2.195970,2.233076,0.000000,2.262398,0.000000,2.080141,1.791587,0.000000,2.707917,1.726780,0.0000000,0.000000,2.420421,2.248600,1.9204793
0.000000,1.898242,1.4856994,0.000000,1.952110,0.000000,0.000000,1.670725,1.791689,0.000000,0.000000,2.098828,2.181728,2.456496,2.187051,2.402116,0.000000,2.369749,1.924880,1.997209,0.000000,2.200849,2.040515,2.272515,1.879146,2.037102,2.003886,2.121982,1.576490,1.523976,1.543856,0.000000,0.000000,0.000000,1.2438510,0.000000,2.423629,1.940317,0.000000,0.000000,0.000000,0.000000,0.000000,2.166718,0.000000,2.139621,1.860723,0.0000000,0.000000,2.085781,2.095698,1.775255,0.000000,1.403050,2.369827,0.000000,0.000000,0.000000,1.440231,2.186879,0.000000,1.922703,1.817297,1.999395,1.8651231,0.000000,2.454076,1.619397,0.0000000
1.785700,2.157318,0.0000000,0.000000,0.000000,0.000000,2.495690,0.000000,0.000000,2.763794,2.238978,0.000000,1.917518,2.420548,2.315341,2.441980,0.000000,2.308135,0.000000,0.000000,0.000000,2.045267,2.038984,2.237942,1.857767,2.207691,0.000000,0.000000,0.000000,0.000000,0.000000,0.000000,2.348672,0.000000,0.0000000,0.000000,2.575691,0.000000,0.000000,0.000000,1.974722,0.000000,0.000000,1.757701,0.000000,0.000000,2.302111,0.0000000,0.000000,0.000000,2.255031,0.000000,0.000000,0.000000,2.077117,0.000000,0.000000,0.000000,0.000000,1.996607,0.000000,0.000000,1.995245,0.000000,0.0000000,0.000000,2.454248,0.000000,0.0000000
0.000000,0.000000,0.0000000,0.000000,0.000000,0.000000,0.000000,0.000000,0.000000,0.000000,0.000000,2.110514,2.066383,2.495139,2.190070,2.420193,0.000000,2.290713,0.000000,2.072865,1.997132,0.000000,0.000000,2.360031,1.911387,1.768104,0.000000,0.000000,0.000000,0.000000,0.000000,0.000000,0.000000,0.000000,0.0000000,0.000000,2.434796,0.000000,1.713927,0.000000,0.000000,0.000000,0.000000,1.905961,1.773850,0.000000,1.790459,0.0000000,0.000000,0.000000,2.158070,1.977927,0.000000,0.000000,2.437558,0.000000,0.000000,0.000000,0.000000,2.249230,0.000000,0.000000,1.906378,2.085835,0.0000000,0.000000,2.447710,2.100770,0.0000000
0.000000,2.291152,1.8190664,2.285916,2.100123,0.000000,1.700183,1.905558,1.800774,2.427482,2.619075,0.000000,2.020029,2.490488,2.028289,2.446015,0.000000,2.243011,0.000000,1.908410,0.000000,2.069410,0.000000,2.182218,1.793175,0.000000,0.000000,0.000000,2.158902,0.000000,1.609847,0.000000,0.000000,0.000000,0.0000000,0.000000,2.342083,0.000000,2.155635,2.113333,0.000000,0.000000,0.000000,2.218248,2.165543,0.000000,2.027348,2.1493304,0.000000,0.000000,2.277285,2.067536,0.000000,0.000000,2.248330,2.251347,0.000000,2.036631,0.000000,1.890615,1.754890,0.000000,2.154980,1.890467,0.0000000,0.000000,2.333562,2.166041,1.7676538
0.000000,1.560549,0.0000000,1.839981,0.000000,0.000000,0.000000,1.952705,2.083947,0.000000,2.097154,1.850482,2.162135,2.460096,2.170894,2.402652,0.000000,2.388177,0.000000,1.838227,0.000000,2.266495,1.996558,2.284139,1.773303,2.076842,2.159306,2.168590,0.000000,1.577157,0.000000,0.000000,0.000000,0.000000,0.0000000,0.000000,1.766173,0.000000,1.650561,0.000000,0.000000,0.000000,0.000000,2.214099,0.000000,2.076591,0.000000,0.0000000,0.000000,1.949626,0.000000,0.000000,0.000000,0.000000,2.163403,0.000000,0.000000,0.000000,0.000000,2.001566,0.000000,1.614566,0.000000,1.949299,1.7482878,0.000000,2.460041,0.000000,1.7100346
0.000000,0.000000,0.0000000,0.000000,0.000000,0.000000,0.000000,0.000000,0.000000,0.000000,0.000000,0.000000,2.346806,2.502880,2.406147,2.468441,0.000000,2.303254,0.000000,1.954853,0.000000,1.925452,1.894351,2.220003,1.941448,2.097073,0.000000,0.000000,2.139307,0.000000,0.000000,0.000000,0.000000,0.000000,0.0000000,0.000000,2.582852,0.000000,0.000000,0.000000,0.000000,0.000000,0.000000,0.000000,0.000000,2.238416,1.694050,0.0000000,0.000000,2.018857,2.093374,1.977530,2.202519,0.000000,2.460271,1.948570,0.000000,0.000000,0.000000,2.258482,1.883332,0.000000,2.007475,2.130130,0.0000000,1.640841,2.380923,2.044010,0.0000000
0.000000,0.000000,0.0000000,0.000000,0.000000,0.000000,0.000000,2.038765,1.928485,2.342204,0.000000,1.984217,2.103234,2.495980,2.222804,2.422697,0.000000,2.281936,0.000000,1.817578,1.992573,0.000000,1.835492,2.182008,0.000000,2.083492,0.000000,1.827775,2.085919,1.984538,0.000000,0.000000,0.000000,0.000000,1.5255910,0.000000,2.463733,0.000000,0.000000,0.000000,0.000000,0.000000,0.000000,2.081385,0.000000,0.000000,1.795404,0.0000000,0.000000,0.000000,2.197167,1.794657,2.153114,0.000000,2.212810,0.000000,0.000000,0.000000,0.000000,2.266628,0.000000,0.000000,0.000000,2.036266,0.0000000,0.000000,2.604307,0.000000,0.0000000
0.000000,1.748076,1.6440773,0.000000,0.000000,0.000000,0.000000,0.000000,1.810872,2.021112,0.000000,2.094095,2.082967,2.435128,2.146047,2.465323,0.000000,2.232759,0.000000,1.933980,2.025884,1.937622,1.722867,2.221832,1.692243,1.842776,1.571842,1.880289,2.057715,0.000000,0.000000,0.000000,0.000000,0.000000,1.5161765,0.000000,2.483607,1.774662,1.942570,0.000000,0.000000,0.000000,0.000000,1.981728,0.000000,2.019180,0.000000,0.0000000,0.000000,1.972866,0.000000,1.929824,2.125569,0.000000,2.362976,0.000000,1.794536,0.000000,0.000000,2.216370,0.000000,0.000000,1.804663,2.064025,0.0000000,0.000000,2.253414,0.000000,0.0000000
0.000000,1.789515,2.0229065,0.000000,0.000000,0.000000,0.000000,1.955945,1.980870,0.000000,1.746674,1.947014,2.123728,2.460872,2.195760,2.418183,0.000000,2.295164,0.000000,1.765326,1.731139,2.147635,1.967086,2.201823,1.625426,2.178237,1.918524,2.023482,0.000000,0.000000,0.000000,0.000000,0.000000,0.000000,1.4131945,0.000000,2.492910,2.010110,0.000000,0.000000,0.000000,0.000000,0.000000,1.947382,2.156995,1.942114,0.000000,1.7427823,1.627771,2.154325,1.990735,1.828469,1.999575,0.000000,2.309383,0.000000,1.409908,1.992183,0.000000,2.223458,0.000000,0.000000,1.812268,2.065904,0.0000000,1.947906,2.477247,1.619017,0.0000000
0.000000,0.000000,2.0472085,0.000000,1.788817,0.000000,0.000000,2.081715,1.814647,0.000000,1.641053,2.186885,2.040443,2.485008,2.213969,2.344252,0.000000,2.314671,1.646609,0.000000,0.000000,2.078282,1.964050,2.267814,1.724206,1.961268,1.506242,2.044541,0.000000,0.000000,0.000000,0.000000,0.000000,0.000000,1.7278770,0.000000,2.401439,0.000000,0.000000,0.000000,0.000000,0.000000,0.000000,1.838356,2.162640,0.000000,0.000000,1.9515936,0.000000,1.722884,2.021370,1.951979,2.167360,0.000000,2.143946,1.833963,0.000000,1.983078,0.000000,2.217671,0.000000,1.880513,1.973210,2.207679,0.0000000,1.827549,2.197783,0.000000,0.0000000
0.000000,2.078653,1.8151432,1.856611,0.000000,0.000000,0.000000,2.012046,1.897291,0.000000,0.000000,1.763985,2.157653,2.406295,2.197199,2.439258,0.000000,2.315429,1.635206,0.000000,1.752379,2.071407,1.833054,2.234194,1.889233,2.144177,0.000000,1.881112,1.938620,0.000000,1.612601,0.000000,0.000000,0.000000,1.8854197,0.000000,2.411622,1.971880,0.000000,0.000000,0.000000,1.648698,0.000000,2.112549,0.000000,1.766254,1.434866,0.0000000,0.000000,2.043120,0.000000,1.982248,2.079084,0.000000,2.285025,1.996684,1.746261,1.548154,0.000000,2.110433,0.000000,1.867631,1.977275,2.104682,1.8926334,0.000000,2.188609,1.874853,0.0000000
0.000000,0.000000,1.3700256,0.000000,0.000000,0.000000,0.000000,1.791520,2.080800,1.889487,0.000000,2.183233,2.110362,2.437806,2.234995,2.449953,0.000000,2.344788,1.745784,1.789914,0.000000,2.156380,1.999808,2.172525,0.000000,2.095387,1.834858,2.089794,0.000000,0.000000,0.000000,0.000000,0.000000,0.000000,1.6140329,0.000000,2.462571,1.895570,0.000000,0.000000,0.000000,0.000000,0.000000,2.234444,0.000000,2.100067,0.000000,0.0000000,0.000000,2.134379,2.160135,2.219191,0.000000,0.000000,2.106762,0.000000,0.000000,0.000000,0.000000,2.171275,1.556147,0.000000,1.796527,2.176406,0.0000000,0.000000,2.405954,0.000000,0.0000000
0.000000,1.589555,1.9275789,1.721877,0.000000,0.000000,1.883136,2.054704,1.879098,0.000000,0.000000,2.201815,2.183801,2.443306,2.101236,2.396869,1.849558,2.328871,0.000000,1.716978,0.000000,2.120013,1.768435,2.272653,1.996513,1.998286,0.000000,2.089730,1.712666,0.000000,1.931863,0.000000,0.000000,0.000000,1.9911175,0.000000,2.538123,1.562732,0.000000,0.000000,0.000000,0.000000,0.000000,2.151678,2.221757,1.487251,1.848471,2.0772971,1.899628,0.000000,0.000000,2.124243,2.106339,1.593065,2.331395,0.000000,1.877246,0.000000,0.000000,2.238992,0.000000,1.691034,1.987886,2.081444,0.0000000,0.000000,2.196449,0.000000,1.8339630
0.000000,1.973119,1.8593014,0.000000,0.000000,0.000000,0.000000,0.000000,0.000000,0.000000,0.000000,0.000000,2.113556,2.459020,2.171633,2.368264,0.000000,2.334524,1.993884,1.924801,1.878094,2.128910,2.085987,2.214399,1.848658,2.098540,1.836296,2.129364,0.000000,0.000000,1.890528,0.000000,1.968643,0.000000,0.0000000,0.000000,2.217635,1.671577,1.701756,0.000000,0.000000,0.000000,0.000000,2.166975,0.000000,0.000000,1.629402,0.0000000,0.000000,1.632170,1.874027,1.519349,2.080435,1.712031,1.998671,1.733213,1.767601,1.782406,0.000000,1.649159,0.000000,0.000000,1.505112,2.024788,0.0000000,0.000000,2.315084,0.000000,0.0000000
0.000000,2.181898,1.5772897,1.712915,0.000000,0.000000,0.000000,2.117870,1.861111,0.000000,0.000000,0.000000,2.040311,2.444378,2.209349,2.331393,0.000000,2.268987,1.986803,1.738269,1.953840,2.157922,2.004404,2.223057,0.000000,2.102433,1.990887,2.020198,0.000000,0.000000,1.706241,0.000000,1.988188,0.000000,2.0648166,0.000000,2.419512,0.000000,0.000000,0.000000,0.000000,0.000000,0.000000,2.183667,0.000000,0.000000,1.797490,0.0000000,1.940509,2.076836,2.196108,2.037669,2.050543,0.000000,2.244305,1.994723,0.000000,0.000000,0.000000,2.151417,0.000000,1.880472,2.017891,2.021091,0.0000000,0.000000,2.344473,1.676859,0.0000000
2.139272,2.184100,2.0026141,1.895075,0.000000,0.000000,0.000000,2.032834,2.035752,0.000000,0.000000,2.202860,2.192454,2.466964,2.185446,2.371396,0.000000,2.257467,1.933473,0.000000,0.000000,2.074539,1.956490,2.215842,0.000000,2.079931,2.011424,2.075315,0.000000,0.000000,1.999365,0.000000,0.000000,0.000000,1.8238247,0.000000,2.485116,1.878112,0.000000,0.000000,0.000000,0.000000,0.000000,2.137521,2.184327,1.681689,1.754368,1.7784811,0.000000,1.794139,2.091739,1.868806,0.000000,2.026819,2.207005,2.023783,0.000000,1.979347,0.000000,2.288843,0.000000,0.000000,1.896845,2.115489,1.7661196,1.948874,2.540603,1.662873,0.0000000
2.291707,2.235990,0.0000000,1.767680,0.000000,0.000000,2.021950,0.000000,0.000000,0.000000,2.085914,1.959665,2.097497,2.438066,2.224199,2.381870,1.973173,2.329446,1.838283,1.902099,2.005999,2.178873,2.097691,2.208289,1.625493,2.189047,2.064928,2.084133,0.000000,0.000000,0.000000,0.000000,0.000000,0.000000,0.0000000,0.000000,2.563578,1.952396,0.000000,0.000000,0.000000,0.000000,0.000000,0.000000,0.000000,1.988549,1.781238,0.0000000,0.000000,1.525889,2.001411,0.000000,0.000000,1.974974,1.878740,2.039330,0.000000,0.000000,0.000000,2.237521,0.000000,0.000000,1.789298,1.691914,0.0000000,0.000000,2.450004,0.000000,1.9053685
0.000000,2.036514,1.7440650,0.000000,2.189129,0.000000,0.000000,1.999402,1.896470,0.000000,2.048515,2.104923,2.154607,2.434836,2.240245,2.345425,0.000000,2.410784,2.069250,2.000321,0.000000,2.264968,2.113597,2.179864,2.141481,2.061648,1.662503,0.000000,0.000000,0.000000,2.009471,0.000000,0.000000,0.000000,2.0640397,0.000000,2.468663,1.954099,1.904680,0.000000,0.000000,0.000000,0.000000,2.138984,0.000000,0.000000,1.593911,0.0000000,1.925868,1.800373,2.194057,2.073355,0.000000,0.000000,2.212844,2.009400,1.727721,1.911693,0.000000,2.146215,0.000000,0.000000,2.174348,2.134155,0.0000000,0.000000,2.384888,0.000000,0.0000000
0.000000,1.867851,1.8744590,1.739639,0.000000,0.000000,0.000000,2.099983,1.903894,0.000000,1.937330,2.229113,2.110493,2.424426,2.203026,2.366967,0.000000,2.377667,0.000000,1.969930,1.797188,2.166089,1.993268,2.268711,2.053333,2.026757,1.910935,0.000000,0.000000,0.000000,1.970677,0.000000,0.000000,1.609847,1.9228943,0.000000,2.420255,1.744950,1.708229,0.000000,0.000000,0.000000,1.529362,0.000000,0.000000,0.000000,0.000000,0.0000000,0.000000,1.838267,2.065874,1.923767,1.522830,0.000000,2.289417,1.877053,1.997260,2.011820,1.529246,2.245690,1.701694,1.776858,2.145024,2.107018,1.7760215,0.000000,2.492723,0.000000,1.8522461
0.000000,0.000000,2.0781433,0.000000,0.000000,0.000000,0.000000,1.974801,1.593226,0.000000,2.088180,2.206664,2.150738,2.513066,2.207992,2.387808,0.000000,2.384193,2.042019,2.120328,1.686056,2.232343,2.076292,2.167347,2.158938,2.045058,0.000000,0.000000,1.876174,0.000000,0.000000,0.000000,2.143626,0.000000,1.9722238,0.000000,2.440873,1.985496,0.000000,0.000000,0.000000,0.000000,0.000000,0.000000,0.000000,0.000000,1.645230,0.0000000,1.954803,1.903593,2.147447,1.887491,0.000000,0.000000,2.304456,0.000000,1.748771,1.952124,0.000000,2.151940,0.000000,0.000000,2.155521,2.088973,0.0000000,0.000000,2.566747,0.000000,0.0000000
0.000000,0.000000,2.0330798,0.000000,1.727112,0.000000,0.000000,0.000000,1.896663,2.025671,1.798500,2.129698,2.210628,2.447230,2.181017,2.411881,0.000000,2.270216,1.859474,1.854446,1.779500,2.062528,1.997534,2.210632,1.804898,2.052884,0.000000,2.109627,0.000000,0.000000,1.761695,0.000000,2.029323,0.000000,2.0863511,0.000000,2.415740,2.047290,0.000000,0.000000,0.000000,0.000000,0.000000,2.086150,2.085495,0.000000,1.638525,2.0448292,1.770493,1.983538,2.383631,2.041857,2.173538,0.000000,2.348482,1.838106,1.889833,0.000000,0.000000,2.171964,1.826193,1.910013,1.945439,2.210483,0.0000000,0.000000,2.499074,0.000000,0.0000000
0.000000,1.992311,0.0000000,0.000000,0.000000,0.000000,0.000000,1.788197,1.837297,0.000000,0.000000,2.178272,2.059819,2.513206,2.265032,2.378261,0.000000,2.337189,2.109359,2.082215,2.119336,2.290654,2.139143,2.265162,2.065469,2.136387,2.132866,0.000000,0.000000,2.045122,0.000000,0.000000,2.155987,0.000000,1.9087428,0.000000,2.245445,1.880088,1.587648,0.000000,0.000000,0.000000,0.000000,0.000000,1.641053,1.899246,1.904057,0.0000000,0.000000,1.879044,2.096165,1.918388,1.693160,0.000000,2.370945,1.854467,1.727094,1.871707,1.751951,2.039218,0.000000,1.649101,1.764542,2.244036,0.0000000,0.000000,2.558133,0.000000,0.0000000
0.000000,2.017325,1.8079767,0.000000,0.000000,0.000000,0.000000,2.100866,1.894521,0.000000,2.098551,2.094429,2.076975,2.455555,2.220141,2.346040,0.000000,2.441332,2.020992,2.014851,0.000000,2.297434,2.162041,2.215722,2.031198,1.920345,1.742719,0.000000,0.000000,0.000000,1.822386,0.000000,0.000000,0.000000,1.6933775,1.595510,2.422172,1.926460,1.900425,0.000000,0.000000,0.000000,0.000000,2.107197,0.000000,0.000000,1.536057,0.0000000,0.000000,1.835870,2.244303,2.062116,0.000000,0.000000,2.299957,0.000000,0.000000,1.747407,0.000000,2.239678,0.000000,1.742231,2.076814,2.009232,0.0000000,0.000000,2.536319,1.694093,0.0000000
0.000000,1.658620,1.5186078,0.000000,0.000000,0.000000,0.000000,1.978702,1.901322,0.000000,0.000000,2.101251,1.994211,2.492010,2.204353,2.398661,0.000000,2.327668,0.000000,2.121624,1.874379,2.187338,1.991301,2.243253,1.944776,1.942835,0.000000,2.077808,0.000000,0.000000,0.000000,0.000000,0.000000,0.000000,1.7396547,0.000000,2.370076,1.808417,0.000000,0.000000,0.000000,1.601262,0.000000,1.950520,0.000000,1.527074,1.829854,0.0000000,1.927587,1.900567,1.638647,2.024530,2.043045,0.000000,2.252042,0.000000,1.673365,1.817287,0.000000,2.220218,0.000000,0.000000,2.111558,2.091636,1.6356442,0.000000,2.531692,1.779598,1.8048163
1.699265,1.685416,2.1502059,2.003476,0.000000,0.000000,0.000000,1.842073,1.810183,0.000000,2.086224,2.170134,2.156471,2.440032,2.181308,2.405361,0.000000,2.219271,1.734131,1.712089,1.953371,1.567535,1.973048,2.235829,1.929445,2.116531,1.959246,2.076950,1.898637,1.835976,1.798725,0.000000,1.952796,2.001018,1.8528483,0.000000,2.431548,2.050459,1.872021,0.000000,0.000000,1.594071,0.000000,2.064746,2.251934,1.875497,0.000000,1.9448044,0.000000,2.145341,1.674694,1.941011,0.000000,1.602603,2.283550,2.147719,2.125310,1.938842,0.000000,1.961359,0.000000,0.000000,2.330740,2.117615,1.8510556,0.000000,2.581685,0.000000,0.0000000
0.000000,1.964151,1.9313078,2.093770,0.000000,0.000000,0.000000,0.000000,1.760738,0.000000,0.000000,2.260956,2.137169,2.482241,2.167134,2.440086,0.000000,2.414065,1.902059,2.104005,1.571934,2.228658,2.069141,2.215255,2.124569,1.799928,0.000000,2.165940,1.426729,0.000000,1.650447,0.000000,2.014672,1.828434,2.0493266,0.000000,2.416460,1.915215,0.000000,0.000000,0.000000,0.000000,0.000000,2.085291,0.000000,0.000000,1.661920,0.0000000,1.969178,1.724401,0.000000,1.798361,1.720535,0.000000,2.267885,2.047661,1.759438,1.715610,0.000000,2.101735,0.000000,1.587981,2.090710,2.046097,1.4328144,0.000000,2.556858,0.000000,0.0000000
0.000000,1.874083,1.8361156,1.796037,0.000000,0.000000,0.000000,1.941143,1.691541,0.000000,0.000000,2.178269,2.162485,2.484469,2.218095,2.353631,0.000000,2.341447,1.915350,2.042993,1.554790,2.164844,2.001862,2.207854,2.006032,2.097117,1.888454,0.000000,0.000000,0.000000,0.000000,0.000000,1.996633,0.000000,0.0000000,0.000000,2.420864,1.565174,1.553371,0.000000,0.000000,0.000000,0.000000,2.202569,0.000000,1.816243,1.665983,0.0000000,0.000000,2.135497,2.286403,0.000000,0.000000,0.000000,2.311383,2.146530,1.762783,0.000000,0.000000,2.108403,1.649761,0.000000,2.089494,2.034703,1.7768709,0.000000,2.320237,0.000000,0.0000000
0.000000,1.915899,1.8163563,1.938699,0.000000,0.000000,0.000000,1.898242,0.000000,0.000000,0.000000,2.053945,2.051784,2.473072,2.272416,2.376122,0.000000,2.327448,0.000000,2.042056,1.608379,1.989065,2.144932,2.206983,1.953561,2.075560,2.188061,0.000000,0.000000,0.000000,1.872866,0.000000,0.000000,0.000000,0.0000000,0.000000,2.376866,1.970259,2.055067,0.000000,0.000000,0.000000,0.000000,2.047017,0.000000,0.000000,0.000000,0.0000000,1.860251,2.223234,0.000000,1.878997,0.000000,0.000000,2.263667,2.170446,2.319691,0.000000,0.000000,2.058248,0.000000,1.968443,2.070878,2.124965,1.8731771,0.000000,2.322122,0.000000,0.0000000
0.000000,2.152779,0.0000000,2.055830,0.000000,0.000000,1.925051,2.089868,2.046239,1.921720,0.000000,0.000000,2.183954,2.459670,2.175310,2.368234,0.000000,2.337492,0.000000,1.918511,1.997060,2.080330,2.094281,2.163574,1.973850,2.110956,1.905869,2.063016,0.000000,0.000000,0.000000,0.000000,0.000000,0.000000,1.7043494,0.000000,2.377524,1.992993,0.000000,0.000000,0.000000,1.684866,0.000000,2.136523,0.000000,0.000000,1.935996,0.0000000,1.893724,1.818844,2.190706,2.067597,0.000000,0.000000,2.164816,1.530988,2.116324,0.000000,0.000000,2.304467,0.000000,0.000000,2.364208,1.994428,0.0000000,1.945716,2.543376,0.000000,0.0000000
0.000000,1.876143,1.9386504,0.000000,0.000000,0.000000,1.700494,1.740263,1.774041,0.000000,0.000000,2.058164,2.218147,2.498741,2.234243,2.409235,0.000000,2.294696,1.715328,1.978713,1.516239,2.075031,1.929558,2.224691,1.926782,2.065787,0.000000,2.046002,0.000000,0.000000,1.704814,0.000000,0.000000,0.000000,1.6559696,0.000000,2.377767,0.000000,0.000000,0.000000,0.000000,0.000000,0.000000,2.188061,2.067315,0.000000,1.644107,0.0000000,0.000000,0.000000,1.996661,1.936046,1.983650,0.000000,2.306313,1.826640,1.721913,2.042565,0.000000,2.105806,1.675207,0.000000,2.059527,1.993580,1.5245757,0.000000,2.551210,0.000000,0.0000000
0.000000,1.429246,1.8914249,2.036393,1.306880,0.000000,0.000000,1.637539,1.832484,0.000000,0.000000,2.073659,2.083854,2.488461,2.227059,2.378149,0.000000,2.394461,1.969913,1.984333,1.853578,2.267868,2.056681,2.210781,1.985440,1.999422,1.845501,0.000000,0.000000,0.000000,1.851276,0.000000,0.000000,0.000000,1.6428564,0.000000,2.361864,1.795283,0.000000,0.000000,0.000000,0.000000,0.000000,1.663268,0.000000,1.616754,1.451958,0.0000000,1.807072,2.049913,0.000000,1.964888,2.101700,0.000000,2.094742,2.091677,1.843685,1.802492,0.000000,2.037182,1.609774,0.000000,2.087807,2.098847,0.0000000,0.000000,2.442449,0.000000,0.0000000
0.000000,2.029496,1.9960138,0.000000,0.000000,0.000000,0.000000,2.022394,1.902523,0.000000,0.000000,0.000000,2.151245,2.485121,2.241359,2.406413,0.000000,2.276586,1.699703,1.946268,1.673735,2.046114,1.980947,2.207925,1.934768,2.059976,1.889123,0.000000,0.000000,0.000000,1.737522,0.000000,0.000000,0.000000,1.7654340,0.000000,2.436179,1.861084,1.850467,0.000000,0.000000,0.000000,0.000000,1.706601,2.108384,1.600491,2.011709,0.0000000,0.000000,1.903682,0.000000,2.004409,0.000000,0.000000,2.277325,0.000000,0.000000,0.000000,0.000000,2.279585,0.000000,0.000000,1.951611,2.160480,0.0000000,0.000000,2.572827,0.000000,0.0000000
0.000000,1.763399,0.0000000,0.000000,0.000000,0.000000,0.000000,0.000000,0.000000,0.000000,0.000000,2.059198,2.199702,2.482151,2.269199,2.430090,0.000000,2.352948,1.968802,2.101379,1.966850,2.210048,2.143056,2.214032,1.890484,2.103936,1.874865,0.000000,1.707119,0.000000,1.760292,0.000000,0.000000,0.000000,0.0000000,0.000000,2.399319,1.975296,1.989418,0.000000,0.000000,0.000000,0.000000,2.077924,0.000000,1.990082,0.000000,0.0000000,1.846278,2.198568,2.050270,1.952786,0.000000,0.000000,2.312795,2.187821,1.974135,0.000000,0.000000,2.257857,0.000000,1.833688,2.181669,2.157595,0.0000000,0.000000,2.600036,0.000000,0.0000000
0.000000,2.037413,1.8972085,0.000000,0.000000,0.000000,0.000000,1.936802,1.370295,0.000000,0.000000,2.132208,2.009515,2.480650,2.208203,2.416825,0.000000,2.270390,1.897524,2.003646,0.000000,2.092519,1.955700,2.280858,2.049691,2.142090,1.849781,1.983002,1.890046,0.000000,1.743018,0.000000,0.000000,0.000000,0.0000000,0.000000,2.351282,0.000000,1.922307,0.000000,1.730713,1.725604,0.000000,2.188108,0.000000,1.916177,1.625093,0.0000000,0.000000,1.845302,0.000000,1.927390,2.168994,0.000000,1.980955,2.090755,1.927086,2.060912,1.677028,1.912696,0.000000,0.000000,2.268482,1.997490,0.0000000,0.000000,2.534307,0.000000,2.0882695
0.000000,2.136822,2.3022338,2.061591,0.000000,0.000000,2.256467,1.799928,1.719786,0.000000,1.973892,2.115356,2.203575,2.442093,2.181878,2.403660,0.000000,2.272061,1.573708,1.893105,1.859004,1.561182,2.032517,2.242646,1.662503,2.086984,0.000000,2.089451,0.000000,0.000000,1.825814,0.000000,0.000000,1.615134,0.0000000,0.000000,2.410712,1.882227,2.195386,0.000000,0.000000,1.706840,0.000000,2.142241,0.000000,1.890958,0.000000,2.1396422,2.165751,2.009156,2.108909,1.894320,0.000000,0.000000,2.250156,2.192885,2.380132,1.949444,0.000000,2.136221,1.943887,2.066461,2.483674,2.109311,0.0000000,0.000000,2.614164,0.000000,0.0000000
0.000000,0.000000,0.0000000,0.000000,0.000000,0.000000,1.652488,1.783956,1.988251,0.000000,1.905037,2.110230,2.201292,2.455030,2.135661,2.422228,0.000000,2.262568,1.673489,2.026174,1.994090,2.152061,2.005789,2.229127,0.000000,2.064305,2.129663,0.000000,0.000000,0.000000,0.000000,0.000000,1.976705,0.000000,0.0000000,0.000000,2.416819,2.067210,1.679637,0.000000,0.000000,1.628817,0.000000,2.170737,0.000000,1.789264,0.000000,0.0000000,1.771556,1.992860,2.187553,1.937920,0.000000,0.000000,2.209202,2.027870,1.792294,1.687236,0.000000,2.267315,1.852464,1.746368,2.091344,1.997511,0.0000000,0.000000,2.402381,0.000000,0.0000000
0.000000,0.000000,1.9074267,2.088065,0.000000,0.000000,0.000000,1.899031,0.000000,0.000000,0.000000,1.930370,2.154929,2.495331,2.238854,2.381730,0.000000,2.302939,2.000235,2.087991,1.967512,2.160624,2.067120,2.137060,1.900885,2.040158,1.807746,0.000000,0.000000,0.000000,1.803489,0.000000,0.000000,0.000000,0.0000000,0.000000,2.440141,1.913150,1.621352,0.000000,0.000000,0.000000,0.000000,1.985111,1.997926,1.949763,0.000000,1.6157698,0.000000,1.940213,2.134389,1.850246,0.000000,0.000000,2.276222,2.085994,2.139377,1.502829,0.000000,2.073306,0.000000,0.000000,2.219253,2.059694,0.0000000,1.564077,2.526947,0.000000,0.0000000
1.935766,1.927661,1.8904784,0.000000,1.414494,0.000000,0.000000,1.856075,1.825832,0.000000,0.000000,2.158375,2.134083,2.483705,2.193473,2.425761,0.000000,2.226478,0.000000,1.913453,1.784382,1.968203,1.963768,2.233875,1.901924,2.059137,1.503301,1.989040,0.000000,0.000000,0.000000,0.000000,0.000000,1.774422,1.7288456,0.000000,2.403647,1.932235,1.834395,0.000000,1.447098,0.000000,0.000000,1.903579,2.153137,0.000000,1.588438,1.8194731,0.000000,1.978759,2.056756,2.009452,0.000000,0.000000,2.321560,1.958736,2.130808,2.056811,0.000000,2.095415,1.824956,1.720771,2.291373,2.052338,1.6580231,0.000000,2.581033,1.484135,0.0000000
0.000000,1.796874,1.8885259,0.000000,0.000000,0.000000,0.000000,2.110904,1.982441,0.000000,0.000000,0.000000,2.184501,2.485026,2.233232,2.375888,0.000000,2.301655,0.000000,2.114775,0.000000,2.165556,2.031842,2.235159,2.067201,2.059134,2.111978,0.000000,1.882122,0.000000,1.782490,0.000000,0.000000,0.000000,1.7848776,0.000000,2.440937,1.825505,0.000000,0.000000,0.000000,0.000000,0.000000,2.107286,1.600800,2.149442,1.666835,0.0000000,0.000000,1.804334,0.000000,2.048094,2.034713,0.000000,2.305455,1.755107,0.000000,1.817830,0.000000,2.111695,1.724259,0.000000,2.082713,2.054270,1.7205893,1.707457,2.501929,0.000000,0.0000000
0.000000,1.862163,1.7974145,1.879021,0.000000,0.000000,1.741773,0.000000,1.876435,0.000000,0.000000,2.157433,2.180603,2.437549,2.227907,2.388855,0.000000,2.287979,0.000000,2.010983,1.687778,2.126561,2.008563,2.253282,1.958803,2.062464,1.830273,2.058431,0.000000,0.000000,0.000000,0.000000,0.000000,1.810577,0.0000000,0.000000,2.483852,1.928603,0.000000,0.000000,0.000000,1.560549,1.696114,2.150713,0.000000,1.484359,0.000000,0.0000000,0.000000,1.909759,2.092815,1.988125,2.086168,0.000000,2.242699,2.082215,2.006254,1.786425,0.000000,2.175660,0.000000,1.859667,2.116441,2.039130,1.8874689,0.000000,2.478716,0.000000,0.0000000
0.000000,1.915098,0.0000000,0.000000,0.000000,0.000000,0.000000,1.886353,0.000000,1.911939,0.000000,2.149836,2.232885,2.449599,2.199561,2.425695,0.000000,2.320675,0.000000,0.000000,1.944070,2.122067,2.013710,2.222792,1.907230,2.107174,2.005772,2.098653,0.000000,0.000000,0.000000,0.000000,0.000000,0.000000,0.0000000,0.000000,2.442753,1.987957,1.605366,0.000000,0.000000,0.000000,0.000000,2.069493,0.000000,2.147888,0.000000,0.0000000,0.000000,2.220668,2.188970,1.995873,0.000000,0.000000,2.337517,1.563646,1.906121,0.000000,0.000000,2.198549,0.000000,0.000000,0.000000,2.116339,1.8181565,0.000000,2.603317,0.000000,0.0000000
0.000000,1.933073,1.9573000,0.000000,0.000000,0.000000,0.000000,2.092511,2.121187,0.000000,0.000000,2.183214,2.205303,2.517193,2.169000,2.449333,0.000000,2.310396,0.000000,1.872541,0.000000,2.051032,1.942012,2.175678,2.041398,2.003390,0.000000,1.938282,1.786878,0.000000,0.000000,0.000000,0.000000,0.000000,1.7347625,0.000000,2.451432,1.854839,0.000000,0.000000,0.000000,0.000000,0.000000,2.141829,2.209414,2.028149,0.000000,0.0000000,0.000000,2.093708,2.040051,0.000000,0.000000,0.000000,2.332455,0.000000,0.000000,2.052055,0.000000,2.191877,0.000000,0.000000,1.998362,2.142524,1.8362138,2.012124,2.551029,0.000000,1.8205578
0.000000,1.843476,1.8963918,0.000000,0.000000,0.000000,0.000000,2.084602,1.955037,1.751552,0.000000,2.100198,2.078103,2.488616,2.203132,2.427228,0.000000,2.302517,1.817951,1.955873,0.000000,2.061069,1.988210,2.229774,1.949969,2.022642,0.000000,0.000000,1.728932,0.000000,1.837710,0.000000,0.000000,0.000000,1.9810566,0.000000,2.411844,1.982688,1.922366,0.000000,0.000000,0.000000,0.000000,0.000000,0.000000,1.701405,1.757758,0.0000000,0.000000,2.135920,0.000000,2.011918,0.000000,0.000000,2.384829,0.000000,0.000000,0.000000,0.000000,2.202993,1.799472,0.000000,1.970108,2.045009,0.0000000,0.000000,2.113676,0.000000,0.0000000
0.000000,2.324917,2.3006875,2.226544,1.500174,1.864254,2.417216,0.000000,1.893356,0.000000,0.000000,2.132469,2.226639,2.517457,2.261660,2.405958,0.000000,2.245078,1.785172,2.067357,1.853664,2.223514,2.009112,2.180569,0.000000,2.038589,1.867072,0.000000,0.000000,0.000000,0.000000,0.000000,1.795349,0.000000,1.6513289,0.000000,2.508924,1.973292,2.305132,0.000000,1.779341,0.000000,0.000000,2.103725,2.222367,1.869473,0.000000,2.0957895,2.192149,2.278416,2.198453,2.009110,0.000000,0.000000,2.168603,2.247733,2.506283,2.072103,1.886443,2.201371,2.059195,0.000000,2.564664,2.099796,1.6875297,0.000000,2.476552,0.000000,2.4061691
0.000000,2.015516,1.9631900,1.951180,0.000000,0.000000,1.896892,2.076792,2.057625,1.900521,0.000000,2.167934,2.163965,2.512018,2.270740,2.406659,0.000000,2.359447,1.872922,2.037984,0.000000,2.185496,2.040038,2.209387,2.059792,2.084688,1.952584,0.000000,1.880989,0.000000,1.847872,0.000000,0.000000,0.000000,1.5656489,0.000000,2.423765,1.897824,0.000000,1.981691,1.853022,0.000000,0.000000,1.860955,2.217813,0.000000,0.000000,1.8303586,0.000000,1.824583,2.129724,1.997330,1.450441,0.000000,2.268077,1.762412,2.144392,2.191943,0.000000,2.189385,0.000000,0.000000,2.387410,2.157129,1.6912984,1.908410,2.604055,0.000000,1.7580983
0.000000,1.854668,1.7345136,0.000000,0.000000,0.000000,1.548312,2.050295,1.835336,0.000000,0.000000,2.020890,2.044747,2.504571,2.275212,2.348137,0.000000,2.320108,1.894054,2.079042,1.638279,2.198240,2.024801,2.191961,2.068429,1.943009,1.671552,0.000000,1.835550,0.000000,1.925481,0.000000,0.000000,0.000000,1.6589994,0.000000,2.336478,1.745275,0.000000,0.000000,0.000000,1.607307,0.000000,2.125252,0.000000,0.000000,1.844049,0.0000000,1.529012,1.798479,0.000000,1.998321,1.739895,0.000000,2.103196,0.000000,0.000000,1.867605,0.000000,2.048052,0.000000,0.000000,2.116405,1.844704,0.0000000,0.000000,2.479454,0.000000,0.0000000
0.000000,2.078969,1.8612338,1.884045,0.000000,0.000000,1.580451,1.966464,1.898627,0.000000,1.534761,2.115688,2.171933,2.435774,2.130376,2.448156,0.000000,2.353352,1.970323,1.861967,2.086922,2.201410,2.017572,2.229291,1.904837,2.041123,1.996572,2.110042,0.000000,1.739623,1.736444,0.000000,0.000000,1.683552,1.4143860,0.000000,2.419090,1.825027,2.087513,1.450710,0.000000,1.678254,0.000000,2.063852,1.455914,1.972261,1.358933,0.0000000,1.805246,1.802472,1.587439,2.079799,2.135135,0.000000,2.097887,2.138597,2.258709,1.803261,0.000000,2.147659,1.647046,0.000000,2.213683,1.839159,1.6082315,1.614992,2.471693,0.000000,1.8292106
0.000000,1.968705,2.4080129,2.191716,0.000000,0.000000,2.268185,0.000000,0.000000,1.854796,2.156066,2.177453,2.120273,2.475621,2.138893,2.459754,1.586644,2.319053,1.824929,1.866144,1.925177,0.000000,2.023441,2.231622,2.012427,2.101224,1.606712,0.000000,0.000000,0.000000,1.994814,0.000000,0.000000,0.000000,0.0000000,0.000000,2.403069,0.000000,2.378177,0.000000,0.000000,0.000000,0.000000,2.255033,2.126620,1.769906,1.633189,1.8522170,2.097598,1.854903,2.305860,1.970102,0.000000,0.000000,2.341065,2.298880,2.565740,1.976661,1.809956,2.044808,2.135951,0.000000,2.418191,2.105571,0.0000000,1.787134,2.475829,2.121259,2.2626552
0.000000,1.973462,0.0000000,0.000000,0.000000,0.000000,1.840995,2.015381,0.000000,0.000000,0.000000,0.000000,2.202899,2.493673,2.245139,2.335205,0.000000,2.054384,0.000000,1.974025,0.000000,2.283563,2.117823,2.085622,0.000000,1.897566,1.901974,0.000000,0.000000,0.000000,2.109110,0.000000,0.000000,0.000000,0.0000000,0.000000,2.112713,1.973156,0.000000,0.000000,0.000000,0.000000,0.000000,2.023950,0.000000,0.000000,0.000000,0.0000000,0.000000,1.945673,0.000000,2.106179,0.000000,0.000000,2.207622,0.000000,2.047369,1.649790,1.973943,2.044722,0.000000,0.000000,2.188117,2.156665,2.0243670,1.854582,2.406399,0.000000,0.0000000
0.000000,1.913521,2.0577634,2.158060,0.000000,0.000000,0.000000,0.000000,0.000000,1.944533,0.000000,0.000000,2.265698,2.486694,2.229360,2.373796,0.000000,2.376676,1.957129,2.035908,0.000000,2.293080,2.120644,2.194748,2.056175,2.127891,2.209159,0.000000,0.000000,1.881376,1.825133,0.000000,0.000000,0.000000,1.8227292,0.000000,2.399798,1.842815,1.965733,2.053895,1.983999,0.000000,0.000000,0.000000,0.000000,2.125904,0.000000,2.0481740,0.000000,2.030677,2.108667,1.946539,0.000000,0.000000,2.186739,2.298417,2.243803,1.703272,0.000000,2.175265,2.183082,0.000000,2.249259,2.147068,0.0000000,0.000000,2.580635,0.000000,0.0000000
0.000000,1.544660,2.0708755,2.186390,1.646346,0.000000,0.000000,0.000000,1.808796,0.000000,1.745213,0.000000,2.198530,2.472613,2.208403,2.396509,0.000000,2.334267,1.765985,1.891842,1.876672,2.157367,1.960231,2.287141,1.925514,1.970294,0.000000,0.000000,1.602756,0.000000,1.711877,0.000000,0.000000,1.875875,1.7191072,0.000000,2.501111,1.865697,2.142486,0.000000,1.670045,0.000000,1.536785,2.113794,1.908662,0.000000,0.000000,0.0000000,1.713431,1.824698,0.000000,2.134025,2.085275,0.000000,2.236646,2.214747,2.287218,1.590296,0.000000,2.119509,1.774168,0.000000,2.152201,2.186993,0.0000000,0.000000,2.445189,0.000000,1.8643342
0.000000,0.000000,1.9806087,0.000000,0.000000,0.000000,0.000000,0.000000,2.112010,0.000000,0.000000,1.792171,2.093066,2.456934,2.305275,2.381114,0.000000,2.397493,0.000000,2.042441,0.000000,2.336146,2.112926,2.274355,1.944715,2.123560,2.021693,0.000000,0.000000,0.000000,0.000000,0.000000,0.000000,0.000000,0.0000000,1.810380,2.383908,0.000000,1.577112,0.000000,0.000000,0.000000,0.000000,2.218569,1.538289,0.000000,1.751122,0.0000000,0.000000,0.000000,1.978066,2.097482,2.152073,0.000000,2.233069,1.958627,2.194771,0.000000,1.695943,2.166749,1.834502,0.000000,2.352960,1.890980,0.0000000,0.000000,2.483363,0.000000,2.1278852
0.000000,0.000000,1.7558717,0.000000,0.000000,0.000000,0.000000,1.915012,0.000000,0.000000,0.000000,2.092384,2.158630,2.482320,2.215892,2.413415,0.000000,2.370875,1.868194,1.909490,1.655362,2.180811,1.930894,2.239137,1.943302,2.103862,2.066755,2.140422,1.683529,0.000000,1.371772,0.000000,0.000000,0.000000,1.8728780,0.000000,2.433017,1.926386,1.953457,0.000000,0.000000,0.000000,0.000000,0.000000,0.000000,0.000000,0.000000,0.0000000,0.000000,1.823493,0.000000,2.061212,0.000000,0.000000,2.236078,0.000000,0.000000,0.000000,0.000000,2.252866,0.000000,0.000000,1.880560,2.113784,0.0000000,0.000000,2.533061,0.000000,1.9942544
2.105094,1.703517,0.0000000,1.881059,1.591930,0.000000,0.000000,1.613283,1.786460,0.000000,1.823914,2.065876,2.147354,2.471954,2.281514,2.362851,0.000000,2.393433,1.940342,2.048453,1.661920,2.291421,2.227555,2.233770,1.980285,2.062112,1.952745,0.000000,0.000000,0.000000,2.028332,0.000000,0.000000,1.580798,0.0000000,0.000000,2.365599,0.000000,1.788393,0.000000,1.979220,0.000000,1.555143,0.000000,0.000000,0.000000,1.576312,0.0000000,1.756087,1.913072,2.185857,1.962210,2.046293,0.000000,2.192928,2.056986,0.000000,1.688025,1.442859,2.265976,0.000000,0.000000,2.098927,2.089509,0.0000000,1.833697,2.487992,0.000000,0.0000000
2.106635,2.148409,1.8018872,1.828900,0.000000,0.000000,2.131094,2.037094,2.005166,0.000000,1.714818,1.954747,2.165897,2.464192,2.179206,2.411957,0.000000,2.312738,1.902154,1.981410,1.765421,2.166098,1.992926,2.333612,1.985658,2.029507,1.667886,0.000000,0.000000,2.270850,1.790527,0.000000,0.000000,0.000000,1.8180447,0.000000,2.422183,0.000000,0.000000,2.438077,2.395920,0.000000,0.000000,2.147488,1.452401,1.906860,1.865749,0.0000000,0.000000,1.373239,0.000000,1.861417,0.000000,0.000000,1.987473,0.000000,1.727303,1.554739,0.000000,2.301356,0.000000,0.000000,2.190053,1.884800,0.0000000,0.000000,2.450099,0.000000,1.9787215
0.000000,1.764678,2.0051119,0.000000,1.580189,0.000000,0.000000,1.975444,1.825160,0.000000,1.973641,2.111030,2.138231,2.472188,2.172556,2.380942,0.000000,2.313439,1.917345,1.935489,1.765245,2.147419,2.062505,2.265176,1.919453,2.079456,1.760250,2.039080,0.000000,0.000000,1.866876,0.000000,0.000000,0.000000,1.9998648,0.000000,2.356257,1.886527,1.683552,0.000000,1.437184,1.644255,0.000000,1.794503,2.177611,0.000000,1.696754,1.9652036,1.702536,1.892165,0.000000,2.030356,1.416961,0.000000,2.275311,1.897927,1.824476,2.067988,0.000000,2.166182,0.000000,0.000000,1.975524,2.058482,0.0000000,0.000000,2.555421,0.000000,1.8125300
0.000000,1.929687,0.0000000,2.158605,0.000000,0.000000,1.785242,2.002135,0.000000,2.364139,1.878770,2.121596,2.183940,2.441830,2.188560,2.466770,0.000000,2.290543,1.873971,1.913690,2.040221,2.249790,2.052986,2.278354,1.878979,2.108505,1.594832,0.000000,0.000000,0.000000,1.884154,0.000000,0.000000,0.000000,0.0000000,0.000000,2.531832,2.076243,1.845577,0.000000,0.000000,0.000000,0.000000,2.066446,0.000000,0.000000,0.000000,0.0000000,1.887687,2.007227,2.321085,2.146741,0.000000,0.000000,2.446857,2.263895,2.055521,0.000000,0.000000,2.164042,1.696434,0.000000,1.921699,2.101434,0.0000000,0.000000,2.350634,0.000000,0.0000000
0.000000,2.013243,0.0000000,0.000000,0.000000,0.000000,0.000000,2.072546,1.846012,0.000000,0.000000,2.254293,2.119983,2.451543,2.219027,2.327215,0.000000,2.312890,0.000000,2.050223,0.000000,2.073067,1.936912,2.254136,2.047325,2.089743,1.975714,1.966886,0.000000,0.000000,0.000000,0.000000,0.000000,0.000000,0.0000000,0.000000,2.473075,1.949849,1.759970,0.000000,0.000000,0.000000,0.000000,0.000000,0.000000,0.000000,0.000000,0.0000000,0.000000,1.887072,2.101758,1.933171,0.000000,0.000000,2.301175,1.793785,0.000000,0.000000,0.000000,2.274997,0.000000,0.000000,2.230846,2.126009,0.0000000,0.000000,2.316640,0.000000,0.0000000
0.000000,1.938440,0.0000000,0.000000,0.000000,0.000000,0.000000,0.000000,1.799195,2.318556,0.000000,0.000000,2.127917,2.489494,2.219121,2.381264,0.000000,2.380569,0.000000,1.938609,0.000000,2.167379,0.000000,2.249027,1.921196,0.000000,0.000000,2.028131,0.000000,0.000000,0.000000,0.000000,0.000000,0.000000,0.0000000,0.000000,2.436378,0.000000,1.975251,1.871574,2.191077,2.104461,0.000000,2.157247,0.000000,0.000000,0.000000,0.0000000,0.000000,0.000000,2.206379,1.717944,2.066939,0.000000,2.361025,0.000000,0.000000,0.000000,0.000000,1.973604,0.000000,2.099021,0.000000,2.040888,0.0000000,0.000000,2.200687,0.000000,0.0000000
0.000000,2.195682,1.6293371,1.934388,0.000000,0.000000,0.000000,2.069913,1.847639,0.000000,0.000000,2.012458,2.313842,2.481866,2.119454,2.427092,0.000000,2.423069,2.017915,0.000000,1.757132,0.000000,2.066977,2.289421,1.963359,1.960269,0.000000,2.327469,2.065485,0.000000,1.873971,0.000000,0.000000,0.000000,1.7718657,0.000000,2.541050,0.000000,0.000000,0.000000,1.844272,0.000000,1.829880,2.073602,0.000000,2.145093,1.835788,0.0000000,1.626982,0.000000,2.211432,2.058705,0.000000,0.000000,2.216502,1.905125,0.000000,0.000000,0.000000,2.304530,1.882691,0.000000,1.925406,2.092086,0.0000000,0.000000,2.555679,1.874539,1.7719945
0.000000,1.549616,1.9225539,0.000000,0.000000,0.000000,0.000000,1.958205,0.000000,2.227123,0.000000,2.211153,2.110582,2.472373,2.250751,2.425141,0.000000,2.413896,1.928607,1.928558,2.005705,2.294188,2.018215,2.236992,1.885227,2.118361,1.987599,0.000000,0.000000,1.785981,1.623081,0.000000,0.000000,1.794789,0.0000000,0.000000,2.268018,1.916718,0.000000,0.000000,0.000000,0.000000,0.000000,0.000000,0.000000,0.000000,0.000000,0.0000000,1.703984,1.905738,2.264560,1.973221,0.000000,0.000000,2.381452,1.623149,0.000000,0.000000,0.000000,1.751744,0.000000,0.000000,1.805041,2.145857,1.5034357,0.000000,2.425032,1.609555,0.0000000
0.000000,2.081059,1.9841338,1.956483,0.000000,0.000000,0.000000,2.064348,1.734514,0.000000,2.108178,2.190468,2.330881,2.448833,2.093692,2.424267,0.000000,1.762604,0.000000,1.833104,1.635049,2.139242,1.902861,2.288647,1.884440,2.065349,1.717071,1.936939,0.000000,0.000000,1.963412,0.000000,0.000000,1.917819,2.0052012,0.000000,2.450256,1.944091,0.000000,0.000000,0.000000,0.000000,0.000000,2.105917,0.000000,0.000000,0.000000,0.0000000,0.000000,0.000000,2.256561,2.229891,0.000000,0.000000,2.345966,1.959014,1.961920,0.000000,0.000000,2.269420,0.000000,1.745229,2.219478,2.043843,0.0000000,0.000000,2.487191,0.000000,0.0000000
2.482044,2.441000,2.0570449,2.504235,1.812462,2.340001,2.113482,2.300820,0.000000,2.349593,2.531301,2.043918,2.319389,2.469374,2.172599,2.414281,0.000000,2.244446,0.000000,1.881317,2.022762,2.148444,1.981237,2.296133,1.887893,2.067265,1.973445,1.655279,0.000000,0.000000,0.000000,1.808407,0.000000,2.150415,1.8940276,0.000000,2.555665,2.154840,2.081931,0.000000,0.000000,0.000000,0.000000,2.045589,0.000000,0.000000,1.817914,0.0000000,0.000000,1.930193,2.308167,2.139753,0.000000,2.382157,2.131235,2.184511,2.097376,1.862682,0.000000,2.293962,1.781492,1.947728,2.518483,2.188283,0.0000000,2.332507,2.558799,2.304788,1.9452538
0.000000,1.809808,0.0000000,2.051840,0.000000,0.000000,0.000000,0.000000,1.705700,0.000000,2.170243,2.105762,2.360289,2.449709,2.237406,2.344250,1.755064,2.229378,0.000000,1.707595,1.861241,2.106944,1.905932,2.207572,2.040132,2.087369,1.823484,1.695965,0.000000,0.000000,0.000000,0.000000,0.000000,0.000000,1.7540920,2.013180,2.465458,0.000000,1.866432,0.000000,0.000000,0.000000,1.883540,0.000000,0.000000,0.000000,0.000000,0.0000000,1.614424,2.007916,2.182011,1.935585,0.000000,0.000000,2.407197,1.933699,0.000000,1.630631,0.000000,2.268054,0.000000,1.886993,2.159344,2.060675,0.0000000,0.000000,2.236397,0.000000,0.0000000
0.000000,1.951840,1.6622116,2.246540,0.000000,0.000000,2.075117,1.580538,0.000000,0.000000,2.088349,2.069084,2.075875,2.423540,2.177936,2.457088,0.000000,2.327164,2.011941,1.524576,2.106580,2.231332,2.062674,2.340707,1.775154,2.111635,1.900925,0.000000,0.000000,0.000000,1.964727,0.000000,0.000000,0.000000,1.9541453,0.000000,2.453146,1.741726,0.000000,0.000000,0.000000,1.571659,0.000000,2.046900,0.000000,0.000000,0.000000,0.0000000,0.000000,0.000000,2.290561,2.311685,0.000000,0.000000,2.120080,0.000000,0.000000,0.000000,0.000000,1.916941,0.000000,1.780657,1.975385,1.832887,0.0000000,0.000000,2.335658,0.000000,0.0000000
0.000000,0.000000,0.0000000,0.000000,0.000000,0.000000,1.817998,0.000000,1.737196,0.000000,0.000000,2.209885,2.245935,2.449079,2.139697,2.414376,0.000000,2.371245,0.000000,1.876956,0.000000,2.149765,1.964827,2.303118,0.000000,2.054529,0.000000,2.190436,2.074708,1.865947,0.000000,0.000000,0.000000,2.079302,0.0000000,0.000000,2.483807,1.743597,0.000000,0.000000,0.000000,0.000000,0.000000,1.967803,0.000000,2.121500,0.000000,0.0000000,1.788070,0.000000,1.953926,1.790391,0.000000,0.000000,2.377858,1.816987,2.167889,0.000000,0.000000,2.238864,0.000000,0.000000,0.000000,2.118521,0.0000000,0.000000,2.259716,0.000000,0.0000000
0.000000,1.937512,0.0000000,0.000000,0.000000,0.000000,0.000000,0.000000,2.065127,2.061904,2.077367,2.113192,2.093469,2.465955,2.161517,2.384643,0.000000,2.264177,0.000000,1.865044,1.918296,2.090332,1.891289,2.230111,1.557693,2.026405,1.660774,1.843072,0.000000,0.000000,0.000000,0.000000,0.000000,0.000000,1.7519956,0.000000,2.423129,1.977390,0.000000,0.000000,0.000000,0.000000,0.000000,2.110464,1.992624,0.000000,0.000000,0.0000000,0.000000,0.000000,2.085391,1.853304,0.000000,0.000000,2.107656,1.869191,0.000000,1.781214,0.000000,2.169107,0.000000,0.000000,1.894182,1.847909,0.0000000,0.000000,2.299451,0.000000,0.0000000
0.000000,1.953497,0.0000000,0.000000,0.000000,0.000000,0.000000,0.000000,1.995077,0.000000,0.000000,2.210846,2.079881,2.415544,2.189247,2.436409,0.000000,2.362963,0.000000,1.932806,1.835459,2.074256,0.000000,2.290789,0.000000,1.871082,0.000000,2.026362,0.000000,0.000000,0.000000,0.000000,0.000000,0.000000,0.0000000,0.000000,2.471518,0.000000,0.000000,0.000000,0.000000,0.000000,0.000000,2.188603,1.821661,2.025057,1.673982,0.0000000,0.000000,1.891148,2.195955,2.083450,0.000000,0.000000,2.405135,0.000000,0.000000,0.000000,0.000000,2.176887,0.000000,0.000000,2.073578,2.109637,1.8712528,0.000000,2.328978,0.000000,1.9016536
0.000000,1.758819,1.7899932,0.000000,1.569540,0.000000,0.000000,0.000000,1.951190,0.000000,2.104760,1.939320,2.115943,2.442690,2.244789,2.401865,0.000000,2.394731,2.007590,1.987160,2.090350,2.415082,2.137592,2.254969,1.907618,2.013712,2.248135,0.000000,1.874908,0.000000,1.686806,0.000000,0.000000,0.000000,0.0000000,0.000000,2.497714,2.099175,0.000000,0.000000,1.903963,0.000000,0.000000,2.248519,0.000000,0.000000,0.000000,0.0000000,0.000000,2.047843,0.000000,0.000000,0.000000,2.060424,2.205980,0.000000,1.589679,0.000000,0.000000,2.095201,0.000000,0.000000,2.017355,2.132276,0.0000000,0.000000,2.334250,0.000000,0.0000000
0.000000,0.000000,1.8158458,0.000000,1.586014,0.000000,1.854389,0.000000,1.969178,0.000000,0.000000,2.090884,2.207897,2.467886,2.110719,2.408268,0.000000,2.265272,0.000000,0.000000,1.847872,2.093865,1.843832,2.212105,0.000000,2.023353,1.868954,2.065561,0.000000,0.000000,1.577024,0.000000,1.954331,0.000000,0.0000000,0.000000,2.151672,1.978423,0.000000,0.000000,0.000000,0.000000,0.000000,2.029601,2.199578,0.000000,0.000000,1.8172781,0.000000,1.825999,2.044761,1.620703,0.000000,1.879508,1.816921,1.913567,0.000000,1.860914,0.000000,0.000000,0.000000,0.000000,0.000000,1.978303,0.0000000,2.034490,2.246565,0.000000,1.6018766
0.000000,1.835262,0.0000000,0.000000,0.000000,0.000000,0.000000,0.000000,2.028142,2.175208,0.000000,2.138312,2.099405,2.417637,2.164909,2.390445,0.000000,2.236331,0.000000,1.839462,2.027920,1.923627,2.031630,2.263465,0.000000,2.102127,0.000000,1.897731,0.000000,1.529129,0.000000,0.000000,2.041727,0.000000,1.8001298,0.000000,2.484647,2.061802,0.000000,0.000000,0.000000,0.000000,0.000000,2.041310,0.000000,0.000000,0.000000,0.0000000,1.444252,0.000000,2.267760,1.843204,0.000000,0.000000,2.255640,1.928204,1.628882,0.000000,0.000000,2.163973,0.000000,0.000000,1.830538,1.978681,1.6707752,0.000000,2.457647,0.000000,0.0000000
0.000000,1.911735,0.0000000,2.122112,1.396774,0.000000,2.065296,0.000000,1.711626,0.000000,1.871247,1.929651,2.186840,2.396214,2.223977,2.424955,0.000000,2.321855,0.000000,0.000000,2.119019,2.181789,1.946427,2.259462,0.000000,2.117208,1.763317,2.067539,0.000000,0.000000,1.708879,0.000000,0.000000,0.000000,1.6904367,0.000000,2.339035,1.866504,0.000000,0.000000,1.833588,0.000000,0.000000,2.092332,0.000000,0.000000,0.000000,0.0000000,1.889184,0.000000,2.240541,2.192236,0.000000,0.000000,1.854296,1.935455,1.785407,0.000000,0.000000,1.807626,0.000000,0.000000,1.735622,1.781214,0.0000000,0.000000,2.164223,0.000000,0.0000000
0.000000,0.000000,0.0000000,0.000000,1.535156,0.000000,0.000000,0.000000,2.017623,0.000000,1.726832,2.234184,2.136816,2.464061,2.202597,2.419172,0.000000,2.352595,0.000000,1.920782,1.715290,2.117810,1.937452,2.274364,1.859914,2.018793,0.000000,2.046322,0.000000,0.000000,0.000000,0.000000,0.000000,0.000000,1.7850072,0.000000,2.452490,1.901353,0.000000,0.000000,0.000000,0.000000,0.000000,2.164232,0.000000,0.000000,1.913049,0.0000000,0.000000,1.848665,2.119844,1.972969,2.052951,0.000000,2.260818,0.000000,0.000000,0.000000,0.000000,2.290872,1.790141,1.791419,1.917181,2.074878,0.0000000,0.000000,2.378172,1.858179,1.8642877
0.000000,1.875545,1.7645962,0.000000,0.000000,0.000000,0.000000,0.000000,1.898314,2.117941,0.000000,2.106212,2.262825,2.465017,2.112233,2.485912,0.000000,2.218851,0.000000,1.996394,0.000000,2.039507,1.942969,2.307055,0.000000,1.904312,1.949770,0.000000,2.159811,0.000000,2.146802,0.000000,0.000000,0.000000,0.0000000,0.000000,2.339951,2.154897,0.000000,0.000000,0.000000,0.000000,0.000000,2.182098,0.000000,1.644403,1.846589,0.0000000,0.000000,2.129837,0.000000,0.000000,0.000000,0.000000,2.414903,0.000000,2.056169,0.000000,0.000000,2.050680,0.000000,0.000000,0.000000,2.032695,1.9937524,0.000000,2.585891,0.000000,0.0000000
0.000000,1.852696,0.0000000,0.000000,0.000000,0.000000,1.639870,1.822440,2.025418,0.000000,1.835542,1.894277,2.134389,2.441405,2.154129,2.396332,0.000000,2.327389,1.791464,1.894933,1.750273,2.170354,2.034962,2.213184,1.938931,0.000000,1.842253,2.017668,0.000000,0.000000,1.785887,0.000000,0.000000,0.000000,1.7389955,0.000000,2.422465,1.892521,0.000000,2.065269,1.728708,0.000000,0.000000,1.874490,2.009857,2.080580,1.682273,0.0000000,0.000000,1.882262,2.137678,1.929344,1.479360,0.000000,2.285492,1.768738,2.059919,0.000000,0.000000,2.136667,0.000000,1.905378,2.007362,2.024435,0.0000000,0.000000,2.542379,1.620771,0.0000000
0.000000,1.833788,0.0000000,0.000000,1.903386,0.000000,0.000000,0.000000,1.961512,2.099422,0.000000,2.152622,2.153030,2.457473,2.231576,2.439221,0.000000,2.313393,1.979697,1.813439,1.992316,2.269139,2.009859,2.271896,1.703802,2.021984,2.114774,2.076164,0.000000,0.000000,0.000000,1.818594,0.000000,0.000000,0.0000000,0.000000,2.415638,1.949040,0.000000,0.000000,2.244253,0.000000,0.000000,1.903500,1.972764,0.000000,1.975714,0.0000000,0.000000,2.070788,0.000000,2.376966,0.000000,0.000000,2.112036,0.000000,0.000000,0.000000,0.000000,2.182968,0.000000,0.000000,1.944872,2.153870,1.8589421,1.913763,2.544633,0.000000,0.0000000
0.000000,1.826588,1.9480730,0.000000,0.000000,0.000000,0.000000,0.000000,1.592660,0.000000,0.000000,1.641596,2.213336,2.446765,2.216759,2.434452,0.000000,2.325067,1.998210,1.786250,1.828070,2.168694,2.058725,2.280104,0.000000,2.184104,1.762549,2.032036,0.000000,0.000000,1.734065,0.000000,0.000000,2.171761,0.0000000,1.951786,2.162772,1.597410,0.000000,0.000000,0.000000,0.000000,0.000000,2.233027,0.000000,0.000000,0.000000,0.0000000,0.000000,1.905923,0.000000,0.000000,0.000000,0.000000,2.370048,1.918863,0.000000,1.531392,0.000000,1.909877,0.000000,0.000000,0.000000,2.063772,0.0000000,0.000000,2.057617,1.758805,1.7617637
0.000000,2.341755,2.2384768,2.189725,1.903840,2.069110,2.183993,0.000000,2.010151,0.000000,2.369582,2.058351,2.154446,2.426303,2.118682,2.419838,0.000000,2.314726,1.941595,2.025163,0.000000,2.095032,2.071825,2.216513,0.000000,2.221828,1.714003,2.126425,0.000000,0.000000,1.896689,0.000000,2.061289,0.000000,0.0000000,0.000000,2.373658,2.009421,2.272860,2.242735,2.089630,0.000000,0.000000,2.348706,2.173095,1.907570,2.283443,2.1589280,2.013757,1.935027,0.000000,2.082094,0.000000,1.938139,2.220099,2.222320,2.335035,0.000000,0.000000,2.104605,2.217144,1.951485,2.449674,2.273374,0.0000000,0.000000,2.553553,2.347518,2.3737619
0.000000,0.000000,1.9719115,0.000000,0.000000,0.000000,0.000000,1.990794,1.924989,0.000000,0.000000,2.237912,2.120670,2.444089,2.208484,2.397287,0.000000,2.252479,0.000000,0.000000,0.000000,1.942289,2.065327,2.252856,0.000000,2.044127,0.000000,2.056670,0.000000,0.000000,0.000000,0.000000,1.754455,0.000000,0.0000000,0.000000,2.511566,2.045304,0.000000,1.669666,2.209707,0.000000,0.000000,2.184556,2.022415,2.236745,0.000000,0.0000000,0.000000,2.214920,2.113564,2.326614,0.000000,0.000000,2.442059,1.906262,0.000000,1.743394,0.000000,2.072484,1.684452,0.000000,0.000000,2.097360,1.7292417,0.000000,2.287259,0.000000,0.0000000
2.001584,1.724455,0.0000000,0.000000,0.000000,0.000000,0.000000,1.805928,0.000000,0.000000,0.000000,1.901443,2.177104,2.458431,2.264540,2.384722,0.000000,2.334501,2.008633,0.000000,1.906503,2.249090,2.214482,2.212781,2.018453,2.080379,1.904160,2.069506,0.000000,0.000000,1.772932,0.000000,0.000000,0.000000,0.0000000,0.000000,2.332863,1.913873,0.000000,1.879074,2.184723,0.000000,0.000000,0.000000,0.000000,1.843111,1.700578,0.0000000,0.000000,2.002996,2.149162,1.894553,0.000000,1.695021,2.142428,2.025411,0.000000,0.000000,0.000000,2.178120,0.000000,0.000000,1.941752,2.052534,1.8752884,0.000000,2.612828,0.000000,0.0000000
0.000000,1.688632,1.7657840,0.000000,1.606227,0.000000,0.000000,1.917381,1.891852,2.109412,2.072928,2.217203,2.181814,2.440734,2.215864,2.381123,1.688250,2.335333,1.467636,1.994269,1.844673,2.106598,1.992447,2.230476,1.863614,2.090303,1.785160,2.086368,0.000000,0.000000,1.557941,0.000000,0.000000,0.000000,1.6691092,0.000000,2.443490,1.920976,0.000000,0.000000,0.000000,0.000000,0.000000,2.248150,0.000000,2.090477,1.673316,0.0000000,0.000000,1.993022,2.158809,2.020054,0.000000,0.000000,2.358729,2.034412,1.759873,0.000000,0.000000,2.086861,1.762796,0.000000,2.040051,2.168317,0.0000000,0.000000,2.597833,0.000000,0.0000000
0.000000,1.843158,1.8486205,0.000000,0.000000,0.000000,1.710619,1.870848,0.000000,0.000000,0.000000,1.932409,2.090601,2.449584,2.141052,2.366187,0.000000,2.365610,0.000000,1.907057,1.903381,2.166849,2.038318,2.229205,1.836189,2.137118,0.000000,2.104531,0.000000,0.000000,0.000000,0.000000,0.000000,0.000000,1.8928481,0.000000,2.458749,1.799844,0.000000,0.000000,0.000000,0.000000,0.000000,0.000000,0.000000,0.000000,0.000000,0.0000000,1.811087,0.000000,1.982570,1.938252,0.000000,0.000000,2.325317,1.985965,0.000000,1.818649,0.000000,2.167486,0.000000,0.000000,1.900471,1.966025,0.0000000,0.000000,2.550530,0.000000,0.0000000
0.000000,2.009909,0.0000000,0.000000,0.000000,0.000000,0.000000,1.634578,0.000000,1.848374,0.000000,2.115760,2.299730,2.413246,2.125655,2.521660,0.000000,2.270436,0.000000,2.025330,0.000000,1.608858,1.486883,2.252428,1.846756,1.936348,0.000000,1.643394,0.000000,0.000000,1.582225,0.000000,0.000000,0.000000,1.6721503,0.000000,2.417811,2.067700,0.000000,0.000000,0.000000,1.799631,0.000000,1.891116,0.000000,0.000000,1.611628,0.0000000,0.000000,0.000000,2.090259,1.932136,0.000000,0.000000,2.218187,2.043558,0.000000,1.623855,0.000000,2.131380,0.000000,1.858193,1.945382,0.000000,1.8078564,0.000000,2.487615,0.000000,1.9399568
0.000000,0.000000,1.9574937,0.000000,0.000000,0.000000,1.757260,2.000344,2.153118,0.000000,0.000000,2.114784,2.243224,2.500244,2.209112,2.443045,0.000000,2.279283,0.000000,1.621215,0.000000,1.860216,1.950987,2.296574,1.928012,1.964089,0.000000,2.063548,1.694115,0.000000,1.869191,0.000000,0.000000,1.595590,1.7116651,0.000000,2.460409,0.000000,1.695622,0.000000,0.000000,0.000000,0.000000,1.977330,2.145796,0.000000,1.844657,1.8402031,0.000000,0.000000,2.049210,1.924154,2.148989,1.884942,2.118811,2.079166,0.000000,0.000000,0.000000,2.175738,1.709115,0.000000,2.077331,2.095723,0.0000000,1.902099,2.496499,0.000000,0.0000000
0.000000,1.823610,2.1288959,2.201189,0.000000,0.000000,0.000000,2.063119,1.886971,0.000000,0.000000,2.236793,2.075920,2.455658,2.230870,2.437629,0.000000,2.326944,0.000000,1.945435,0.000000,2.207109,2.002929,2.170244,2.027301,2.000351,0.000000,0.000000,0.000000,0.000000,0.000000,0.000000,0.000000,0.000000,1.7536546,0.000000,2.521256,1.982024,1.887072,0.000000,0.000000,0.000000,0.000000,0.000000,0.000000,0.000000,0.000000,0.0000000,0.000000,0.000000,0.000000,0.000000,2.086235,0.000000,2.203984,1.958663,1.944439,0.000000,0.000000,2.207673,0.000000,0.000000,2.124839,2.147380,0.0000000,0.000000,2.215161,0.000000,0.0000000
0.000000,1.958934,1.9012721,1.873816,0.000000,0.000000,0.000000,1.902587,1.888321,0.000000,1.961612,0.000000,2.267786,2.468979,2.226642,2.413455,0.000000,2.374235,2.097312,2.058379,1.968345,2.331486,2.110590,2.240357,0.000000,2.105420,2.055667,2.036307,0.000000,1.730475,1.935347,0.000000,2.068944,0.000000,1.7810085,0.000000,2.314883,1.795097,1.834419,0.000000,0.000000,0.000000,0.000000,0.000000,0.000000,1.770075,0.000000,0.0000000,0.000000,1.732726,0.000000,1.957028,1.604651,0.000000,2.297203,2.191228,1.965425,1.864161,1.874908,2.193807,0.000000,0.000000,2.150365,2.047480,0.0000000,1.788024,2.520877,1.890068,1.7031908
0.000000,1.935139,1.8901614,0.000000,0.000000,0.000000,0.000000,1.645818,1.870099,0.000000,1.935658,2.099308,2.151355,2.465051,2.177966,2.398647,0.000000,2.296226,1.968682,2.010604,1.864527,2.126206,2.022411,2.221362,1.969158,2.176269,0.000000,2.020276,0.000000,0.000000,1.777975,0.000000,0.000000,0.000000,1.7141167,0.000000,2.258647,1.751596,1.553167,0.000000,0.000000,1.717722,0.000000,2.193465,0.000000,1.960754,0.000000,0.0000000,0.000000,1.816686,0.000000,1.889305,0.000000,0.000000,2.138064,2.185651,1.850740,1.696754,1.756546,2.011988,0.000000,0.000000,2.010793,2.020926,1.7978671,0.000000,2.395730,0.000000,1.7516260
0.000000,2.380855,0.0000000,2.025080,2.117801,0.000000,1.836687,0.000000,2.004778,0.000000,1.897022,1.998590,2.184925,2.467841,2.297056,2.433076,0.000000,2.274188,0.000000,0.000000,1.985188,0.000000,2.111505,2.219570,0.000000,2.228459,1.991350,0.000000,0.000000,0.000000,0.000000,0.000000,1.870557,0.000000,0.0000000,0.000000,2.354744,0.000000,0.000000,0.000000,0.000000,0.000000,1.948708,2.193280,0.000000,0.000000,0.000000,0.0000000,0.000000,0.000000,2.259690,0.000000,0.000000,1.995285,2.185447,2.091482,0.000000,0.000000,0.000000,2.122300,1.769251,0.000000,0.000000,1.786390,0.0000000,1.960537,2.368528,2.127689,0.0000000
0.000000,1.910032,1.7114139,0.000000,0.000000,0.000000,0.000000,1.962507,1.928106,0.000000,2.068021,2.201594,2.099826,2.462145,2.229367,2.363504,1.764759,2.407968,2.106400,2.019518,1.950096,2.299323,2.218174,2.173454,2.072612,2.274319,1.885692,2.139367,0.000000,0.000000,2.026830,0.000000,1.930177,0.000000,0.0000000,0.000000,2.364066,1.990292,1.941298,1.862014,0.000000,0.000000,0.000000,0.000000,0.000000,0.000000,1.725569,0.0000000,1.942624,1.726570,0.000000,2.203377,0.000000,0.000000,2.093825,2.126708,2.135595,0.000000,1.883839,1.733815,0.000000,0.000000,2.316231,2.055292,0.0000000,0.000000,2.550006,2.029887,1.8741072
0.000000,1.992853,1.8846116,0.000000,0.000000,0.000000,0.000000,0.000000,1.883643,0.000000,0.000000,2.162725,2.223942,2.481127,2.194987,2.444604,0.000000,0.000000,1.936768,1.978395,1.971094,2.187317,2.111335,2.231503,1.952742,2.169416,2.182863,1.998951,1.798747,0.000000,1.798286,0.000000,2.006717,1.890424,0.0000000,0.000000,2.223669,1.971137,1.664970,0.000000,0.000000,0.000000,0.000000,0.000000,0.000000,0.000000,0.000000,0.0000000,1.907489,2.011688,0.000000,1.773723,0.000000,1.774447,2.240901,2.085864,1.726342,1.781166,0.000000,2.073710,0.000000,1.845531,1.720844,2.062654,1.7331459,0.000000,2.290143,1.928688,0.0000000
0.000000,1.726832,1.9173140,0.000000,0.000000,0.000000,0.000000,0.000000,2.100813,0.000000,2.015137,2.142924,2.043802,2.490583,2.212928,2.379953,0.000000,2.315896,0.000000,2.017335,1.704855,2.165593,2.070017,2.215704,1.939451,2.042515,1.962974,0.000000,1.804468,0.000000,0.000000,0.000000,1.920531,0.000000,0.0000000,0.000000,2.507634,2.128941,0.000000,0.000000,0.000000,0.000000,0.000000,2.067214,0.000000,2.079900,0.000000,0.0000000,0.000000,0.000000,1.815504,1.946179,1.861275,0.000000,2.319117,1.842753,0.000000,0.000000,0.000000,2.167973,0.000000,0.000000,1.850423,2.219894,0.0000000,0.000000,2.584638,0.000000,0.0000000
1.848785,1.778012,1.7654745,2.057853,0.000000,0.000000,0.000000,1.871518,1.897245,0.000000,1.710191,2.069997,1.825381,2.468050,2.215512,2.386294,0.000000,2.252869,0.000000,1.964441,1.881953,2.105117,2.032174,2.234370,1.862392,2.062492,1.887072,2.050705,0.000000,0.000000,0.000000,0.000000,0.000000,0.000000,1.6733901,0.000000,2.449283,1.570833,1.805979,0.000000,0.000000,0.000000,0.000000,2.016490,2.122677,1.877246,0.000000,1.9685518,1.627377,1.645083,2.264562,1.911758,0.000000,0.000000,2.249459,0.000000,0.000000,1.806547,0.000000,2.155939,1.775859,0.000000,1.904577,1.989902,0.0000000,1.820850,2.482099,0.000000,0.0000000
0.000000,0.000000,0.0000000,0.000000,0.000000,0.000000,0.000000,0.000000,1.998062,0.000000,1.946666,2.200909,2.272098,2.465340,2.223566,2.384033,0.000000,2.276471,1.653694,1.853880,0.000000,2.057707,1.977149,2.278617,1.714780,2.036730,0.000000,2.061378,0.000000,0.000000,0.000000,0.000000,1.861628,0.000000,0.0000000,0.000000,2.401348,1.890140,0.000000,0.000000,0.000000,0.000000,0.000000,2.200248,0.000000,1.854946,1.860511,0.0000000,1.773621,1.992713,1.758197,1.963961,2.087786,0.000000,2.361711,1.786308,1.818789,0.000000,0.000000,2.225495,0.000000,0.000000,0.000000,2.145013,0.0000000,0.000000,2.510387,1.772496,0.0000000
0.000000,0.000000,0.0000000,0.000000,0.000000,0.000000,0.000000,1.687823,1.926757,0.000000,1.822142,2.223873,2.151455,2.463537,2.196711,2.446056,0.000000,2.381482,0.000000,2.022038,1.806679,2.232871,2.076547,2.276807,1.910823,2.000824,1.769539,2.126930,0.000000,0.000000,0.000000,0.000000,0.000000,0.000000,1.6106127,0.000000,2.446550,1.940239,0.000000,0.000000,0.000000,0.000000,1.725322,2.185700,0.000000,0.000000,0.000000,0.0000000,0.000000,2.000704,2.153845,2.014503,0.000000,0.000000,2.325460,1.800045,1.755771,1.743394,0.000000,2.157213,1.807706,0.000000,2.113452,2.109683,0.0000000,0.000000,2.592890,0.000000,0.0000000
0.000000,1.945942,1.6607741,1.791587,0.000000,0.000000,0.000000,0.000000,1.774599,0.000000,1.633759,2.122331,2.235076,2.426154,2.186605,2.390062,0.000000,2.255841,1.259860,0.000000,1.996171,2.087407,2.024683,2.251244,0.000000,2.006213,1.940922,2.081968,1.413520,1.852877,1.737587,0.000000,1.827766,1.516740,0.0000000,0.000000,2.435821,1.930442,0.000000,0.000000,1.937224,0.000000,0.000000,2.057968,0.000000,1.925402,1.609298,0.0000000,1.735176,1.864726,2.031600,1.773341,0.000000,1.540985,2.217512,0.000000,0.000000,1.591482,0.000000,2.134968,0.000000,0.000000,1.675110,1.928065,0.0000000,0.000000,2.462520,1.794987,0.0000000
0.000000,1.915540,0.0000000,2.131630,1.867728,0.000000,0.000000,1.878723,1.944561,0.000000,2.208876,2.069293,2.214012,2.451872,2.240159,2.342664,0.000000,2.449889,0.000000,1.982475,1.769696,2.234325,2.042168,2.235262,1.900829,2.038801,2.148428,2.197763,0.000000,0.000000,1.975245,0.000000,0.000000,1.788462,0.0000000,1.987546,2.430898,2.086425,0.000000,0.000000,0.000000,0.000000,0.000000,1.938173,0.000000,1.558288,1.928676,0.0000000,0.000000,2.203730,2.065480,1.825425,2.020907,0.000000,1.897540,1.988095,1.651725,0.000000,0.000000,2.248216,0.000000,1.666680,1.841555,2.077542,0.0000000,0.000000,2.506231,0.000000,0.0000000
0.000000,1.983047,0.0000000,0.000000,0.000000,0.000000,0.000000,1.976915,1.921875,0.000000,1.724597,2.107795,2.155552,2.438819,2.269133,2.430051,0.000000,2.368250,0.000000,2.060189,0.000000,2.234326,2.005508,2.237156,0.000000,0.000000,2.013078,2.141466,0.000000,0.000000,0.000000,0.000000,0.000000,0.000000,0.0000000,0.000000,2.386339,2.035662,1.650903,0.000000,0.000000,0.000000,0.000000,1.963261,0.000000,0.000000,0.000000,0.0000000,0.000000,2.144065,0.000000,1.453990,1.979233,0.000000,2.175516,0.000000,1.534704,0.000000,0.000000,2.253789,0.000000,0.000000,0.000000,2.211950,0.0000000,0.000000,2.544654,0.000000,0.0000000
0.000000,1.991670,0.0000000,1.874113,0.000000,0.000000,0.000000,0.000000,2.069816,0.000000,0.000000,2.143034,2.359625,2.413349,2.182897,2.425785,0.000000,2.294239,0.000000,0.000000,0.000000,1.989289,1.984954,2.211956,0.000000,2.142796,1.533512,2.119254,0.000000,0.000000,0.000000,0.000000,0.000000,1.637477,0.0000000,0.000000,2.430077,2.085042,0.000000,0.000000,0.000000,0.000000,0.000000,2.197630,0.000000,0.000000,0.000000,0.0000000,0.000000,2.003436,2.113715,1.879787,0.000000,1.732221,2.269589,2.080011,1.830350,0.000000,0.000000,2.272786,0.000000,0.000000,0.000000,2.101331,1.9214370,0.000000,2.587327,1.578394,0.0000000
0.000000,2.175939,0.0000000,0.000000,0.000000,0.000000,0.000000,1.924817,2.110969,0.000000,1.994989,2.188242,2.070844,2.489659,2.227524,2.418849,0.000000,2.318084,1.614850,2.077258,1.909707,1.884720,2.075015,2.242578,1.842667,2.102019,1.931923,1.998958,1.962433,0.000000,0.000000,0.000000,2.030521,0.000000,0.0000000,0.000000,2.420158,1.967310,0.000000,0.000000,0.000000,0.000000,0.000000,1.903337,0.000000,0.000000,0.000000,0.0000000,0.000000,1.936726,1.963359,1.679732,0.000000,0.000000,2.233216,0.000000,0.000000,0.000000,0.000000,2.281069,0.000000,0.000000,2.094052,2.173094,0.0000000,0.000000,2.529706,0.000000,0.0000000
0.000000,1.860065,0.0000000,0.000000,0.000000,0.000000,1.714326,0.000000,1.865605,0.000000,1.649904,1.770999,2.168875,2.438462,2.212538,2.408114,0.000000,2.392997,0.000000,1.940376,1.347956,2.163480,1.928647,2.276621,1.883563,2.013015,0.000000,2.193539,0.000000,0.000000,1.881942,0.000000,0.000000,0.000000,0.0000000,0.000000,2.374903,1.670272,0.000000,0.000000,0.000000,0.000000,0.000000,1.978941,0.000000,0.000000,1.677414,0.0000000,0.000000,1.866006,1.792204,0.000000,2.171885,0.000000,2.192584,0.000000,1.780207,0.000000,0.000000,2.183052,1.494535,0.000000,1.927349,2.051381,0.0000000,0.000000,2.456911,0.000000,0.0000000
0.000000,1.794040,0.0000000,1.755194,0.000000,0.000000,0.000000,0.000000,2.160990,0.000000,0.000000,2.137433,2.128666,2.438959,2.237884,2.407123,0.000000,2.383052,0.000000,1.917394,1.802991,2.242769,2.043824,2.192917,1.804622,2.072271,2.108526,2.154246,0.000000,0.000000,0.000000,0.000000,0.000000,0.000000,0.0000000,0.000000,2.420096,1.868838,0.000000,0.000000,0.000000,0.000000,0.000000,2.213354,0.000000,2.258629,0.000000,0.0000000,0.000000,1.873977,1.742657,1.933980,2.067502,0.000000,2.031125,0.000000,0.000000,0.000000,0.000000,2.041612,0.000000,1.881644,1.819251,2.198068,0.0000000,0.000000,2.517572,0.000000,0.0000000
0.000000,1.958742,0.0000000,0.000000,0.000000,0.000000,0.000000,0.000000,2.110437,0.000000,0.000000,0.000000,2.168867,2.439132,2.264534,2.426043,0.000000,2.434111,0.000000,1.941408,1.796462,2.289221,2.145559,2.202835,1.875668,1.674547,2.028655,2.172507,1.821033,0.000000,2.112533,0.000000,0.000000,0.000000,0.0000000,0.000000,2.427554,1.995908,0.000000,1.869755,1.962591,0.000000,0.000000,2.224489,0.000000,2.062901,0.000000,0.0000000,0.000000,1.980531,2.013773,0.000000,2.048136,0.000000,1.971742,1.545194,2.021503,0.000000,0.000000,2.095864,0.000000,0.000000,1.996077,2.040008,1.6188095,0.000000,2.475022,2.169130,0.0000000
0.000000,0.000000,2.0046712,0.000000,0.000000,0.000000,0.000000,0.000000,0.000000,0.000000,0.000000,1.930746,1.939391,2.495776,2.206171,2.403581,0.000000,2.343471,1.656520,1.853325,1.997847,2.239991,2.035997,2.144666,1.835525,2.181440,1.964236,2.154612,0.000000,0.000000,2.017396,0.000000,0.000000,0.000000,0.0000000,0.000000,2.366202,0.000000,0.000000,0.000000,0.000000,0.000000,0.000000,1.959087,2.166814,0.000000,1.905986,0.0000000,0.000000,0.000000,0.000000,1.701797,0.000000,0.000000,1.770779,0.000000,0.000000,0.000000,0.000000,2.173301,0.000000,0.000000,1.884503,2.038657,0.0000000,1.689882,2.515022,1.812365,0.0000000
0.000000,0.000000,0.0000000,1.597685,0.000000,0.000000,0.000000,0.000000,2.076571,0.000000,1.992916,2.253499,2.039666,2.427762,2.136019,2.446164,0.000000,2.411690,0.000000,1.829777,1.689236,2.072720,2.006564,2.204366,1.837920,2.105149,2.012276,2.210154,0.000000,0.000000,1.771194,0.000000,0.000000,0.000000,1.5144738,0.000000,2.444075,1.939473,1.814274,0.000000,0.000000,0.000000,0.000000,2.107611,1.626256,0.000000,0.000000,0.0000000,0.000000,2.213361,2.096740,1.911879,1.537956,0.000000,2.364543,1.762988,0.000000,0.000000,0.000000,2.212468,0.000000,0.000000,0.000000,2.166546,1.5838530,0.000000,2.550486,1.857180,0.0000000
0.000000,1.897478,2.1252674,1.882946,0.000000,0.000000,0.000000,1.830972,1.807876,0.000000,2.104201,2.160598,2.118437,2.503268,2.201780,2.384586,0.000000,2.320576,0.000000,2.045829,1.797964,2.142757,2.045875,2.264039,1.870740,2.032348,1.842573,0.000000,0.000000,0.000000,0.000000,0.000000,0.000000,0.000000,0.0000000,0.000000,2.421687,1.884234,0.000000,0.000000,0.000000,0.000000,0.000000,1.944608,2.181643,1.906865,0.000000,1.8065369,0.000000,1.876094,2.165288,2.002705,0.000000,0.000000,1.897359,0.000000,0.000000,2.030539,0.000000,2.200491,0.000000,1.733581,2.116741,2.104213,0.0000000,1.772868,2.530292,1.831979,0.0000000
0.000000,0.000000,0.0000000,0.000000,0.000000,0.000000,0.000000,0.000000,1.733981,0.000000,0.000000,2.199821,2.106560,2.487175,2.232096,2.434889,0.000000,2.307990,0.000000,2.014925,0.000000,2.029645,1.982630,2.217995,1.817550,1.822639,1.674767,1.952440,1.568190,0.000000,0.000000,0.000000,0.000000,0.000000,0.0000000,0.000000,2.404089,1.976956,0.000000,0.000000,0.000000,0.000000,0.000000,1.888587,0.000000,2.184662,1.781480,0.0000000,0.000000,1.813872,1.729482,1.958809,0.000000,0.000000,2.315177,0.000000,0.000000,0.000000,0.000000,2.228004,0.000000,1.732457,1.648178,2.025079,1.5712467,0.000000,2.494861,1.861152,1.6796844
0.000000,1.799365,1.5941916,1.756145,0.000000,0.000000,0.000000,1.777356,1.990393,0.000000,0.000000,2.194521,2.087440,2.468218,2.225723,2.397162,0.000000,2.404962,1.879822,1.925859,1.694461,2.237158,2.100490,2.215909,1.891696,1.900920,2.103095,0.000000,0.000000,0.000000,2.034947,1.485254,0.000000,1.665438,0.0000000,0.000000,2.341270,1.836271,0.000000,0.000000,0.000000,0.000000,0.000000,2.147670,0.000000,0.000000,1.648554,0.0000000,0.000000,2.053281,2.093853,1.826579,0.000000,0.000000,2.263542,1.617279,2.006538,1.401442,0.000000,2.208678,0.000000,1.748922,2.251613,2.068078,0.0000000,0.000000,2.553495,1.776384,1.6037441
0.000000,2.268043,2.2691514,1.916293,2.027884,0.000000,2.136689,1.550343,1.904744,0.000000,1.970070,2.207083,2.146955,2.443249,2.145721,2.419624,0.000000,2.323122,1.849995,1.733230,1.803344,0.000000,1.983809,2.230811,1.799780,2.058779,1.695021,2.104318,1.961468,1.825937,1.894827,0.000000,0.000000,0.000000,1.8122873,2.062189,2.434938,1.931304,2.165735,2.043679,1.803447,0.000000,0.000000,2.084936,1.748061,1.849098,0.000000,0.0000000,1.673415,1.721352,2.185380,2.192709,2.151684,0.000000,2.102313,1.965316,2.330094,1.835484,0.000000,2.205324,1.952390,1.832819,2.540897,1.927230,0.0000000,0.000000,2.452815,1.889255,2.0988367
0.000000,1.905003,0.0000000,0.000000,0.000000,0.000000,0.000000,0.000000,2.097172,0.000000,1.818426,2.118847,2.096748,2.447830,2.250682,2.374492,0.000000,2.373094,1.889421,1.846073,1.522224,2.219306,2.041797,2.206245,1.736869,0.000000,1.942001,2.059523,1.674105,0.000000,1.721588,0.000000,1.806830,0.000000,0.0000000,0.000000,2.326439,2.020393,0.000000,0.000000,0.000000,0.000000,0.000000,2.147561,0.000000,0.000000,0.000000,0.0000000,0.000000,1.912980,0.000000,1.767255,0.000000,0.000000,2.079394,0.000000,0.000000,0.000000,0.000000,2.123714,0.000000,0.000000,2.159108,2.080370,0.0000000,0.000000,2.559969,0.000000,0.0000000
0.000000,0.000000,1.6415057,0.000000,1.749359,0.000000,1.672225,1.648323,1.890898,0.000000,1.853462,2.191467,2.221387,2.463083,2.196530,2.443621,0.000000,2.250214,0.000000,0.000000,1.908762,1.950629,1.824583,2.302304,0.000000,2.155023,0.000000,2.024823,0.000000,0.000000,0.000000,0.000000,0.000000,1.721135,1.9656876,0.000000,2.399942,0.000000,0.000000,0.000000,0.000000,0.000000,0.000000,2.120196,0.000000,1.619638,0.000000,0.0000000,0.000000,2.044430,1.959430,1.561717,0.000000,0.000000,2.310841,1.699034,2.009310,1.702044,0.000000,2.078562,0.000000,0.000000,2.009813,2.086780,0.0000000,0.000000,2.414037,2.016798,1.7381876
0.000000,0.000000,0.0000000,0.000000,0.000000,0.000000,0.000000,1.850298,0.000000,0.000000,1.688833,2.102372,1.924667,2.432479,2.223984,2.401324,0.000000,2.402382,1.761002,1.856385,0.000000,2.212145,2.037266,2.254688,1.854446,1.902622,1.929138,2.145722,0.000000,0.000000,1.709409,0.000000,0.000000,0.000000,0.0000000,0.000000,2.382724,1.970000,1.587981,0.000000,0.000000,0.000000,0.000000,1.914201,0.000000,0.000000,0.000000,0.0000000,0.000000,1.915693,2.149397,1.889805,0.000000,0.000000,2.185392,0.000000,1.770089,0.000000,0.000000,2.269705,0.000000,0.000000,1.965787,2.047016,0.0000000,0.000000,2.579901,0.000000,0.0000000
0.000000,1.915432,0.0000000,1.952765,0.000000,0.000000,1.528310,1.885590,2.013540,0.000000,0.000000,2.253222,2.150654,2.403329,2.212994,2.414293,0.000000,2.400379,1.690614,1.802773,0.000000,2.287870,2.023151,2.256563,1.799216,1.969521,2.131248,2.155830,1.899236,0.000000,2.018988,0.000000,0.000000,0.000000,1.3289179,0.000000,2.492290,1.966713,1.786937,0.000000,0.000000,0.000000,0.000000,2.144805,0.000000,1.928155,1.748696,0.0000000,0.000000,2.157428,2.044927,1.885414,0.000000,0.000000,2.310029,1.997146,2.196080,0.000000,0.000000,2.235482,1.711104,1.838926,2.125115,2.100626,1.9475115,0.000000,2.480384,0.000000,0.0000000
0.000000,1.918674,0.0000000,0.000000,0.000000,0.000000,0.000000,0.000000,2.114723,0.000000,0.000000,2.238142,2.161237,2.444185,2.235070,2.423673,0.000000,2.372518,0.000000,1.944629,0.000000,2.136936,1.989964,2.290458,1.763303,2.103308,1.819740,2.120302,1.632998,1.780414,1.901036,0.000000,0.000000,0.000000,0.0000000,0.000000,2.462646,1.874150,1.861940,0.000000,0.000000,0.000000,0.000000,2.172231,0.000000,2.060581,1.751552,0.0000000,0.000000,2.123734,2.057099,1.831565,2.068057,0.000000,2.280885,0.000000,1.785911,0.000000,0.000000,2.188119,0.000000,1.741123,2.018680,2.051194,0.0000000,0.000000,2.390782,0.000000,0.0000000
0.000000,1.953744,1.7883350,0.000000,0.000000,0.000000,0.000000,1.760807,1.769971,1.607529,0.000000,2.191437,2.069145,2.437082,2.154857,2.391620,0.000000,2.308669,0.000000,1.779390,1.655141,2.117497,2.045965,2.257309,1.721551,1.550756,1.851575,2.133085,0.000000,1.829871,1.746276,0.000000,1.976523,0.000000,1.6960929,0.000000,2.506021,2.001256,1.727460,0.000000,0.000000,0.000000,0.000000,2.038961,1.929816,0.000000,1.896975,0.0000000,0.000000,1.946575,2.161113,2.032731,0.000000,0.000000,2.287181,0.000000,0.000000,0.000000,0.000000,2.137704,0.000000,1.902955,0.000000,2.054704,0.0000000,0.000000,2.574667,1.800341,0.0000000
2.273270,2.278399,1.7274251,1.912105,0.000000,0.000000,0.000000,0.000000,1.900304,0.000000,1.802898,2.192188,2.173079,2.429786,2.252007,2.383130,0.000000,2.298135,1.823386,2.023673,1.829614,2.080206,2.103178,2.265799,1.902338,2.022180,1.565980,2.087566,0.000000,0.000000,1.421490,0.000000,1.863541,1.866517,0.0000000,0.000000,2.510609,2.149586,0.000000,0.000000,0.000000,0.000000,0.000000,2.210210,0.000000,2.060935,1.851114,0.0000000,1.864387,1.847962,0.000000,1.913398,0.000000,0.000000,2.315514,2.001976,1.886847,0.000000,0.000000,2.307402,0.000000,0.000000,2.431318,2.117383,0.0000000,0.000000,2.583833,0.000000,0.0000000
1.986866,2.078694,0.0000000,1.595271,0.000000,0.000000,1.690082,0.000000,2.112564,0.000000,0.000000,2.222905,2.139168,2.446264,2.211836,2.416821,0.000000,2.361329,0.000000,1.757118,1.931832,2.112495,1.885794,2.280184,1.602068,2.102041,1.783075,2.168806,1.602603,1.795786,0.000000,0.000000,0.000000,1.535325,1.6988664,0.000000,2.456995,2.047304,0.000000,0.000000,1.712570,0.000000,0.000000,2.170698,0.000000,0.000000,1.806891,0.0000000,0.000000,1.998406,2.105523,1.848993,0.000000,0.000000,2.301808,0.000000,0.000000,0.000000,0.000000,2.201966,1.611012,1.923047,2.363373,2.084350,0.0000000,1.754847,2.547451,0.000000,0.0000000
0.000000,1.744997,1.6601311,0.000000,0.000000,0.000000,0.000000,1.950588,1.937391,0.000000,1.849995,2.270136,2.151185,2.407547,2.153631,2.426516,0.000000,2.410425,1.747529,1.757659,1.832744,2.163761,2.024677,2.261947,1.687145,1.870258,2.051475,2.224823,0.000000,0.000000,1.968138,0.000000,0.000000,0.000000,0.0000000,1.865123,2.458576,2.031090,1.570695,0.000000,0.000000,0.000000,0.000000,2.149556,0.000000,2.170500,0.000000,0.0000000,0.000000,2.165456,0.000000,2.112237,2.055866,0.000000,2.330602,0.000000,1.718776,1.799259,0.000000,2.274605,1.624793,1.902463,1.841680,2.148468,1.9128703,0.000000,2.585278,1.896762,0.0000000
2.069344,1.993080,1.5944322,0.000000,1.664866,0.000000,1.560695,1.872247,0.000000,0.000000,1.972438,2.253684,2.282028,2.425785,2.220633,2.448035,0.000000,2.463693,1.908909,2.025886,0.000000,2.336186,2.141484,2.235399,1.903948,2.006172,1.820732,2.205193,0.000000,1.783219,1.803033,0.000000,0.000000,0.000000,0.0000000,0.000000,2.457188,1.965561,1.561425,1.949784,1.783004,0.000000,0.000000,1.646813,0.000000,1.940487,0.000000,0.0000000,1.790583,2.063657,2.063415,1.981291,0.000000,0.000000,2.310364,1.940524,1.870987,0.000000,0.000000,2.188720,1.511407,0.000000,2.143649,2.064719,0.0000000,0.000000,2.577038,2.033335,1.6567941
0.000000,0.000000,0.0000000,0.000000,0.000000,0.000000,0.000000,1.987175,2.007703,0.000000,1.977867,2.263719,2.314809,2.424184,2.127960,2.442991,0.000000,2.375482,0.000000,1.958685,1.971946,2.192721,2.117646,2.254915,1.916226,1.943847,1.748348,2.139691,0.000000,0.000000,0.000000,0.000000,0.000000,1.781853,0.0000000,0.000000,2.441855,2.107776,1.739317,0.000000,0.000000,0.000000,0.000000,2.152468,0.000000,2.104684,0.000000,0.0000000,0.000000,2.151933,2.237396,1.886262,0.000000,0.000000,2.402956,2.098155,1.593266,0.000000,0.000000,2.232613,0.000000,1.874379,1.981731,2.156817,0.0000000,1.748439,2.574712,1.867378,0.0000000
1.997323,2.092598,0.0000000,0.000000,0.000000,0.000000,1.813872,1.884566,1.907652,0.000000,0.000000,2.237219,2.154097,2.442421,2.221388,2.419283,0.000000,2.356402,0.000000,1.793763,1.502558,2.109070,1.839239,2.298278,0.000000,2.135691,1.823950,2.139095,0.000000,0.000000,0.000000,0.000000,2.088528,0.000000,1.6886990,0.000000,2.483769,1.728880,0.000000,0.000000,1.835155,0.000000,0.000000,1.958563,0.000000,0.000000,1.782849,0.0000000,0.000000,1.966892,2.139020,2.007633,2.119084,0.000000,2.338775,0.000000,0.000000,0.000000,0.000000,2.208307,0.000000,1.908795,2.397693,2.034967,1.7145531,1.628784,2.566483,1.883009,0.0000000
0.000000,1.891235,0.0000000,0.000000,0.000000,0.000000,0.000000,0.000000,1.919898,0.000000,2.140734,2.192009,1.981381,2.437787,2.258502,2.412821,1.701838,2.254025,0.000000,1.907762,1.867955,2.004538,1.800859,2.220695,0.000000,2.106849,1.940575,1.948434,0.000000,0.000000,0.000000,0.000000,1.962718,1.903138,1.9553361,0.000000,2.439833,1.901146,1.805664,0.000000,0.000000,0.000000,0.000000,1.945815,0.000000,0.000000,0.000000,0.0000000,0.000000,2.000374,0.000000,2.066786,0.000000,0.000000,2.360898,0.000000,0.000000,1.743909,0.000000,2.268297,2.040813,1.925414,1.814044,2.069406,1.9983900,0.000000,2.495399,0.000000,0.0000000
1.797080,0.000000,0.0000000,0.000000,0.000000,0.000000,0.000000,2.012765,2.193254,0.000000,2.175082,2.081344,2.242862,2.436157,2.262400,2.427257,0.000000,2.360146,1.993980,1.981561,2.111524,2.350042,2.185473,2.275981,2.021289,2.237331,2.269318,2.157370,1.788542,1.984012,1.739446,0.000000,0.000000,0.000000,1.7419789,0.000000,2.290924,1.994807,0.000000,1.805633,2.022208,1.822810,1.766575,1.964059,0.000000,0.000000,1.860113,0.0000000,0.000000,2.086670,0.000000,1.731003,1.723957,0.000000,2.230406,1.840354,0.000000,0.000000,0.000000,2.177640,0.000000,0.000000,1.848381,2.103653,0.0000000,0.000000,2.531244,0.000000,0.0000000
1.924914,1.900233,2.1574555,0.000000,0.000000,0.000000,0.000000,1.598352,1.840346,0.000000,2.132579,2.076089,2.102552,2.469740,2.216602,2.400229,0.000000,2.294630,1.562925,1.671976,1.683111,2.125446,2.038950,2.091482,1.760835,2.213096,0.000000,2.118661,1.733931,0.000000,1.767853,1.380543,0.000000,0.000000,0.0000000,0.000000,2.394584,1.925951,0.000000,0.000000,1.880118,0.000000,0.000000,2.081530,2.040939,1.999806,0.000000,1.7952065,0.000000,1.884703,0.000000,2.304747,0.000000,0.000000,2.263112,0.000000,0.000000,0.000000,0.000000,1.959287,1.917212,0.000000,2.456679,2.116058,0.0000000,0.000000,2.474182,1.759550,1.9111402
0.000000,1.732659,0.0000000,1.665853,0.000000,0.000000,0.000000,1.901353,1.784606,0.000000,1.812763,0.000000,2.193716,2.433230,2.196659,2.413667,1.620976,2.335624,1.957116,1.981630,2.012097,2.143198,1.999281,2.217077,1.747133,2.232834,1.947393,2.122900,0.000000,0.000000,1.845760,0.000000,1.876841,0.000000,1.7293964,0.000000,2.368004,2.073690,0.000000,0.000000,0.000000,0.000000,0.000000,1.745922,0.000000,2.015373,1.738074,0.0000000,0.000000,1.625060,1.973904,1.920752,0.000000,0.000000,2.270116,0.000000,2.005140,1.657341,0.000000,1.826710,0.000000,0.000000,1.832004,2.098053,1.7030683,1.557892,2.486811,1.823161,0.0000000
0.000000,1.858485,0.0000000,1.837192,0.000000,0.000000,0.000000,2.012995,2.079232,0.000000,2.079068,2.078898,2.061263,2.455699,2.217899,2.417907,0.000000,2.310524,1.503166,1.974705,1.872378,2.113889,2.034339,2.239858,1.834113,2.164906,1.941143,2.100211,0.000000,0.000000,1.833896,0.000000,0.000000,1.896814,2.0090022,0.000000,2.447459,1.778936,1.717833,0.000000,0.000000,1.897048,1.342935,2.099133,0.000000,0.000000,1.697391,0.0000000,0.000000,2.041000,2.044640,2.054300,2.007182,0.000000,2.270413,1.396419,1.464587,1.707139,0.000000,2.271019,0.000000,0.000000,2.011166,1.999450,0.0000000,0.000000,2.555901,0.000000,1.7631526
0.000000,1.683274,0.0000000,0.000000,0.000000,0.000000,0.000000,1.976360,0.000000,0.000000,2.102602,2.254508,2.142098,2.402062,2.205737,2.393413,1.879229,2.359253,1.768962,2.027643,1.861431,2.197926,2.110603,2.211586,1.991504,2.234412,1.740519,2.155004,0.000000,0.000000,0.000000,0.000000,1.971258,0.000000,1.4897352,0.000000,2.497828,2.033111,1.729979,1.637539,0.000000,1.815067,1.508352,0.000000,0.000000,0.000000,0.000000,0.0000000,0.000000,2.066700,0.000000,2.109201,0.000000,0.000000,2.377320,1.900015,0.000000,1.937898,0.000000,2.254136,1.831421,1.671377,2.186474,2.092407,1.6823200,0.000000,2.589343,0.000000,0.0000000
2.083661,1.907355,2.1232469,1.989543,0.000000,0.000000,0.000000,1.884937,0.000000,0.000000,1.708722,2.202943,2.171207,2.445597,2.153976,2.381592,1.904739,2.340706,1.818918,1.821297,1.885318,1.808127,2.149819,2.260842,1.866968,2.067248,1.906682,2.144662,2.080188,1.990257,1.596186,0.000000,0.000000,0.000000,1.7880933,0.000000,2.481908,1.948639,1.794228,0.000000,0.000000,0.000000,0.000000,2.085727,2.139843,1.931530,0.000000,1.5886457,0.000000,1.906643,2.224997,2.145551,0.000000,1.663636,2.226696,2.073517,2.301735,1.873177,0.000000,2.190333,0.000000,1.834866,2.146763,2.084638,0.0000000,0.000000,2.378407,2.080544,0.0000000
0.000000,1.776983,0.0000000,0.000000,0.000000,0.000000,0.000000,1.871259,0.000000,0.000000,0.000000,2.134258,2.210712,2.418199,2.240956,2.415738,1.780122,2.375617,1.897509,2.037271,1.910575,2.198529,2.007746,2.223475,1.679732,2.234041,1.850106,2.141562,0.000000,0.000000,1.808537,0.000000,0.000000,0.000000,1.8185751,0.000000,2.400543,1.996361,0.000000,0.000000,0.000000,0.000000,0.000000,0.000000,0.000000,1.899735,0.000000,0.0000000,0.000000,1.749749,2.162077,1.830248,0.000000,1.758226,2.253670,0.000000,0.000000,0.000000,0.000000,2.182616,0.000000,1.684958,1.985750,2.121796,0.0000000,1.628066,2.583010,0.000000,0.0000000
0.000000,1.891571,0.0000000,1.763481,0.000000,0.000000,0.000000,1.821770,1.941595,0.000000,0.000000,2.212427,2.014590,2.434798,2.182369,2.437391,0.000000,2.378268,1.702864,1.910121,1.780171,2.161517,2.005349,2.290206,0.000000,2.205262,2.088223,2.085962,1.792875,0.000000,1.362884,0.000000,0.000000,0.000000,1.8453324,0.000000,2.473077,1.916486,1.843173,0.000000,0.000000,1.682250,0.000000,2.158072,0.000000,0.000000,1.569169,0.0000000,1.793275,1.831692,2.194155,1.941891,0.000000,0.000000,2.141378,0.000000,0.000000,0.000000,0.000000,2.112986,0.000000,1.805123,2.053980,1.916620,0.0000000,1.545885,2.472335,0.000000,1.8666673
0.000000,0.000000,0.0000000,0.000000,0.000000,0.000000,0.000000,0.000000,1.717740,0.000000,1.836606,2.173755,2.251691,2.445493,1.812549,2.423934,0.000000,2.367845,0.000000,1.965606,1.785747,2.311186,2.080167,2.269342,1.860072,1.818881,1.583981,2.180124,0.000000,0.000000,1.632394,0.000000,0.000000,0.000000,0.0000000,1.760473,2.434372,1.830418,0.000000,0.000000,0.000000,0.000000,0.000000,1.895191,0.000000,0.000000,0.000000,0.0000000,0.000000,0.000000,0.000000,1.865578,1.699076,0.000000,2.260879,2.011552,1.507102,0.000000,0.000000,2.229710,0.000000,0.000000,1.997965,0.000000,0.0000000,0.000000,2.582641,0.000000,0.0000000
0.000000,0.000000,0.0000000,1.954532,0.000000,0.000000,0.000000,1.976410,2.073144,0.000000,2.123181,2.206012,2.124608,2.432928,2.209654,2.384331,0.000000,2.365404,0.000000,1.810773,1.790266,2.219280,2.015823,2.245409,0.000000,2.040140,1.951692,2.098731,0.000000,0.000000,1.298297,0.000000,0.000000,0.000000,1.7998648,0.000000,2.487338,2.042106,1.685233,0.000000,0.000000,0.000000,0.000000,2.127200,0.000000,0.000000,0.000000,0.0000000,0.000000,2.092632,2.240020,1.772817,2.107575,0.000000,2.167967,1.976246,1.924884,0.000000,0.000000,2.289505,1.862082,0.000000,2.032502,2.053957,1.7083865,0.000000,2.494694,0.000000,0.0000000
0.000000,1.831810,1.8021692,0.000000,0.000000,0.000000,0.000000,0.000000,1.708308,2.132321,1.779939,2.128234,1.953234,2.441168,2.178435,2.381271,0.000000,2.399544,1.958310,1.927804,1.970932,2.222305,2.095869,2.230645,1.799631,1.923648,2.043632,0.000000,0.000000,0.000000,1.927423,0.000000,0.000000,1.918344,1.7466896,1.688138,2.438845,1.995691,1.865598,0.000000,0.000000,0.000000,0.000000,2.158673,0.000000,1.897767,1.833946,0.0000000,1.603251,2.072152,2.174894,1.917598,0.000000,0.000000,2.224519,2.039652,1.646463,1.565649,0.000000,2.148681,0.000000,1.903401,2.189498,2.110095,1.7187758,0.000000,2.527711,0.000000,1.9385791
0.000000,1.846308,0.0000000,0.000000,0.000000,0.000000,0.000000,0.000000,0.000000,0.000000,0.000000,0.000000,2.176628,2.473038,2.251359,2.438202,0.000000,2.368955,1.927882,1.998196,1.980089,2.275792,2.219379,2.217050,1.904758,2.097491,1.905480,2.133750,0.000000,0.000000,1.785899,0.000000,0.000000,0.000000,0.0000000,0.000000,2.282738,1.902518,0.000000,0.000000,0.000000,0.000000,0.000000,1.877379,0.000000,0.000000,1.868549,0.0000000,0.000000,2.022531,2.023387,1.818863,0.000000,0.000000,2.267470,0.000000,1.891544,0.000000,0.000000,2.145360,0.000000,0.000000,1.653554,2.109236,0.0000000,0.000000,2.558364,0.000000,0.0000000
0.000000,1.662873,0.0000000,0.000000,0.000000,0.000000,0.000000,1.766802,1.958176,0.000000,1.769435,2.130123,1.881270,2.435549,2.188414,2.456215,0.000000,2.404671,1.935766,1.802107,1.786971,2.270322,2.067795,2.256890,0.000000,2.026131,2.048827,2.162413,1.554689,0.000000,1.588687,0.000000,0.000000,0.000000,0.0000000,0.000000,2.388556,1.998907,1.769093,0.000000,0.000000,0.000000,0.000000,2.153189,0.000000,0.000000,1.485402,0.0000000,0.000000,1.936863,0.000000,1.825346,2.103090,0.000000,2.243456,0.000000,1.824280,0.000000,0.000000,2.016898,0.000000,1.905451,0.000000,2.044499,1.7183514,0.000000,2.418038,1.712301,0.0000000
0.000000,1.746368,0.0000000,0.000000,0.000000,0.000000,0.000000,0.000000,2.152486,2.079184,1.795808,2.171243,2.134814,2.442277,2.236242,2.401055,0.000000,2.407642,2.026739,1.992200,1.607529,2.353438,2.129736,2.195092,1.787099,2.062365,2.127555,2.158449,0.000000,0.000000,1.972721,0.000000,1.693269,0.000000,1.5632137,0.000000,2.488195,1.871574,0.000000,0.000000,0.000000,0.000000,0.000000,2.177883,0.000000,0.000000,0.000000,0.0000000,0.000000,2.056082,2.105995,1.956603,0.000000,1.408021,2.349728,0.000000,1.724064,1.576757,0.000000,2.192738,0.000000,1.875190,2.073578,2.169483,1.7633441,0.000000,2.531655,0.000000,0.0000000
0.000000,0.000000,2.0475494,1.707833,0.000000,0.000000,0.000000,1.738463,2.156991,0.000000,0.000000,2.226252,2.205064,2.456449,2.172029,2.423570,0.000000,2.291341,0.000000,1.766173,1.951773,2.104756,1.654141,2.318827,0.000000,2.107050,1.989133,2.075911,0.000000,0.000000,0.000000,0.000000,0.000000,0.000000,1.9469087,0.000000,2.512608,1.970860,0.000000,0.000000,0.000000,0.000000,1.812724,2.174268,1.865057,2.017668,0.000000,0.0000000,0.000000,1.822603,0.000000,1.938233,1.795874,0.000000,2.405950,0.000000,0.000000,0.000000,0.000000,2.194906,1.672895,1.778961,1.845814,2.087050,0.0000000,0.000000,2.278124,0.000000,1.6120614
0.000000,1.949275,2.0738164,0.000000,0.000000,0.000000,0.000000,2.144969,1.950561,0.000000,1.891230,2.131863,1.885584,2.507489,2.124547,2.382447,0.000000,2.310780,0.000000,1.971218,1.767932,2.115699,1.943461,2.083441,1.962749,2.141567,0.000000,0.000000,0.000000,0.000000,0.000000,0.000000,0.000000,0.000000,1.9582367,0.000000,2.425298,2.027256,0.000000,0.000000,0.000000,0.000000,0.000000,2.052445,2.127903,0.000000,0.000000,0.0000000,0.000000,1.638248,0.000000,0.000000,0.000000,0.000000,2.185576,0.000000,0.000000,1.863988,0.000000,2.249326,0.000000,1.852653,2.046432,2.023166,1.9549942,0.000000,2.375554,0.000000,0.0000000
0.000000,0.000000,2.1148646,0.000000,0.000000,0.000000,0.000000,0.000000,1.926872,0.000000,0.000000,2.119211,2.123791,2.431023,2.091660,2.427375,1.908767,2.247115,0.000000,0.000000,1.830470,2.028355,2.056887,2.223020,1.674228,2.085120,0.000000,2.030467,1.498452,0.000000,0.000000,0.000000,1.972224,0.000000,1.5893490,0.000000,2.403948,1.811058,1.692287,0.000000,0.000000,0.000000,0.000000,0.000000,2.094129,1.952026,0.000000,0.0000000,0.000000,1.866720,1.913804,0.000000,0.000000,0.000000,2.289531,0.000000,1.920938,1.712474,0.000000,2.115163,0.000000,1.778506,1.728535,1.935674,0.0000000,0.000000,2.356332,1.757417,0.0000000
0.000000,1.828676,0.0000000,0.000000,0.000000,0.000000,0.000000,0.000000,2.050914,0.000000,0.000000,0.000000,2.127435,2.430590,2.209144,2.427356,2.009566,2.371345,1.867065,2.006736,1.973584,2.270070,2.176657,2.223053,0.000000,2.240063,1.872071,2.128358,0.000000,0.000000,0.000000,0.000000,0.000000,0.000000,0.0000000,0.000000,2.335491,2.057220,0.000000,0.000000,0.000000,0.000000,0.000000,2.111957,0.000000,1.657150,0.000000,0.0000000,0.000000,2.059453,1.593870,1.594832,1.900288,1.736918,2.174866,0.000000,0.000000,0.000000,0.000000,2.120401,0.000000,1.917881,0.000000,2.041056,0.0000000,0.000000,2.480441,0.000000,0.0000000
0.000000,0.000000,1.9654035,0.000000,1.613855,0.000000,0.000000,0.000000,0.000000,0.000000,0.000000,2.110803,2.197931,2.447660,2.154927,2.414541,0.000000,2.315218,1.732457,1.992328,1.890014,2.128505,1.981128,2.248300,1.769106,2.172681,1.875924,2.095922,0.000000,0.000000,0.000000,0.000000,1.964943,1.518979,1.6005298,0.000000,2.241799,1.795491,0.000000,0.000000,0.000000,0.000000,1.543641,2.091546,2.126892,0.000000,0.000000,1.6427966,0.000000,1.859336,1.973844,1.765999,0.000000,0.000000,2.315532,0.000000,2.019570,1.951017,0.000000,1.955323,0.000000,0.000000,1.777913,2.175807,1.7874003,0.000000,2.522001,0.000000,1.8306825
0.000000,1.848314,0.0000000,0.000000,0.000000,0.000000,0.000000,1.835558,2.081177,0.000000,0.000000,2.080964,2.039598,2.463374,2.241713,2.375201,1.882424,2.346779,1.841303,2.087017,1.969927,2.225361,2.188475,2.207137,1.778641,2.215517,1.430443,2.089246,0.000000,0.000000,1.847789,0.000000,1.862527,0.000000,0.0000000,0.000000,2.231465,2.032838,0.000000,0.000000,0.000000,0.000000,0.000000,1.871272,0.000000,0.000000,0.000000,0.0000000,1.794943,1.907412,0.000000,1.940379,0.000000,0.000000,2.060782,0.000000,0.000000,0.000000,0.000000,1.908339,0.000000,0.000000,1.700681,2.083826,0.0000000,0.000000,2.556003,0.000000,0.0000000
0.000000,1.857488,0.0000000,0.000000,0.000000,0.000000,0.000000,0.000000,2.112345,0.000000,0.000000,2.105643,2.178453,2.475708,2.271786,2.403990,1.769041,2.406637,1.872685,2.034759,1.579972,2.241088,2.118733,2.261265,1.804550,2.263380,1.779231,2.167405,0.000000,0.000000,0.000000,0.000000,1.781371,0.000000,0.0000000,0.000000,2.393114,1.953624,0.000000,0.000000,0.000000,0.000000,0.000000,1.714950,0.000000,1.866091,0.000000,0.0000000,0.000000,2.153699,1.962107,1.935635,0.000000,1.622811,2.303204,1.765878,1.672474,0.000000,0.000000,2.185237,0.000000,1.734198,1.987418,2.121957,0.0000000,0.000000,2.527670,0.000000,0.0000000
0.000000,1.663768,0.0000000,0.000000,0.000000,0.000000,0.000000,1.934551,1.750243,0.000000,2.218982,2.145059,2.148673,2.458209,2.215814,2.414786,1.964181,2.350948,1.521495,2.055457,1.793519,2.191142,2.142852,2.243531,1.873171,2.221445,0.000000,2.127606,0.000000,0.000000,0.000000,0.000000,1.760417,1.799907,0.0000000,0.000000,2.453592,2.003989,0.000000,0.000000,0.000000,1.750988,0.000000,1.698551,0.000000,1.962275,0.000000,0.0000000,0.000000,2.107826,0.000000,2.059968,0.000000,0.000000,2.369349,0.000000,1.745151,0.000000,0.000000,2.294781,0.000000,0.000000,2.019899,2.069440,0.0000000,0.000000,2.571399,0.000000,0.0000000
0.000000,2.010348,0.0000000,0.000000,0.000000,0.000000,0.000000,1.992457,0.000000,0.000000,1.867559,2.119203,2.133250,2.443012,2.192218,2.368773,1.947801,2.408338,1.850224,2.018663,1.869531,2.168676,2.045546,2.216084,2.009417,2.289935,1.556847,2.207227,0.000000,0.000000,1.864241,0.000000,0.000000,0.000000,0.0000000,0.000000,2.294050,2.143091,0.000000,0.000000,0.000000,1.708406,1.598665,0.000000,0.000000,1.570326,0.000000,0.0000000,0.000000,0.000000,0.000000,1.824912,1.917132,0.000000,2.326397,0.000000,1.948285,2.004787,0.000000,2.226489,0.000000,0.000000,1.934108,2.054098,0.0000000,0.000000,2.499584,0.000000,1.5863083
1.807596,1.964955,0.0000000,1.936989,0.000000,0.000000,0.000000,1.692177,2.119917,0.000000,2.114864,2.247816,2.182624,2.393573,2.196385,2.471819,0.000000,2.420665,1.786669,1.756087,0.000000,2.280561,2.004240,2.246230,1.759620,2.136665,2.131520,0.000000,0.000000,0.000000,0.000000,0.000000,1.920808,0.000000,0.0000000,0.000000,2.518543,2.059684,1.754179,0.000000,0.000000,0.000000,0.000000,2.189047,0.000000,0.000000,0.000000,0.0000000,1.719291,2.031873,2.021713,2.059454,0.000000,0.000000,2.127605,1.580798,1.749869,0.000000,0.000000,2.223656,0.000000,0.000000,1.945567,2.229227,1.7756326,0.000000,2.495732,0.000000,0.0000000
2.065320,2.075389,0.0000000,0.000000,1.463503,0.000000,1.628000,1.785512,1.979576,0.000000,0.000000,2.194145,2.203791,2.436503,2.182015,2.398385,0.000000,2.410384,2.006138,1.838581,1.532025,2.298223,2.174145,2.240880,1.837118,1.938342,1.985609,2.238186,0.000000,1.545885,2.057241,0.000000,0.000000,0.000000,0.0000000,0.000000,2.291940,1.996705,0.000000,0.000000,0.000000,0.000000,1.605403,2.131477,0.000000,0.000000,1.680253,0.0000000,0.000000,2.049064,2.180305,1.894627,0.000000,0.000000,2.293961,1.765999,1.910430,0.000000,0.000000,2.080111,0.000000,0.000000,2.000677,2.093069,1.5660278,0.000000,2.468798,1.721443,1.5704647
0.000000,1.956746,0.0000000,0.000000,0.000000,0.000000,0.000000,0.000000,1.820292,2.207099,1.847156,2.182678,2.154313,2.415235,2.135921,2.424664,0.000000,2.349074,0.000000,1.817783,1.944282,1.646463,2.013572,2.269538,0.000000,1.680418,0.000000,2.103566,1.545566,0.000000,0.000000,0.000000,2.106365,0.000000,0.0000000,1.502016,2.401605,0.000000,0.000000,0.000000,0.000000,0.000000,0.000000,2.055863,0.000000,2.041937,1.791711,0.0000000,1.774333,0.000000,0.000000,1.988554,2.112749,0.000000,2.269624,0.000000,0.000000,0.000000,0.000000,2.197766,0.000000,0.000000,1.781480,2.011865,0.0000000,0.000000,2.452297,0.000000,0.0000000
0.000000,0.000000,1.6698686,0.000000,0.000000,0.000000,0.000000,0.000000,0.000000,1.945623,1.837945,2.140578,2.186411,2.439928,2.220300,2.406135,0.000000,2.441398,1.768395,2.007056,1.699160,2.273989,2.086917,2.245050,1.862311,2.088894,2.176180,0.000000,1.572436,0.000000,1.714136,0.000000,0.000000,0.000000,0.0000000,0.000000,2.476731,2.027846,0.000000,0.000000,0.000000,0.000000,0.000000,0.000000,0.000000,1.871505,0.000000,0.0000000,0.000000,2.230491,2.184675,2.098753,2.073947,0.000000,2.026904,0.000000,1.536897,1.668193,0.000000,2.246981,0.000000,1.842714,1.970509,2.121971,1.7574453,0.000000,2.501168,0.000000,0.0000000
0.000000,2.209005,2.0624576,1.701157,0.000000,0.000000,0.000000,1.861499,1.522042,0.000000,1.741028,2.136641,2.151955,2.476768,2.249635,2.387418,0.000000,2.340368,1.915229,1.711607,1.952594,2.258227,2.120580,2.223523,0.000000,2.057371,1.920276,0.000000,0.000000,0.000000,0.000000,0.000000,0.000000,1.924780,0.0000000,0.000000,2.392169,1.895858,0.000000,0.000000,0.000000,0.000000,0.000000,1.944944,2.180385,0.000000,1.722920,1.8525366,0.000000,1.971221,1.548939,1.970599,2.054118,0.000000,2.039225,0.000000,0.000000,0.000000,0.000000,2.220982,1.503234,1.626982,2.283487,2.054857,1.7543828,1.445174,2.524945,0.000000,0.0000000
0.000000,0.000000,0.0000000,0.000000,0.000000,0.000000,0.000000,0.000000,2.176040,2.005989,1.927747,2.195448,2.045353,2.466010,2.253862,2.381628,0.000000,2.440777,1.993537,2.017568,0.000000,2.358694,2.083089,2.237314,1.869620,2.093882,1.952026,2.166234,1.567347,0.000000,1.759789,0.000000,0.000000,0.000000,1.7311725,0.000000,2.473585,0.000000,0.000000,0.000000,0.000000,0.000000,0.000000,2.222900,0.000000,2.212366,0.000000,0.0000000,0.000000,1.965621,0.000000,1.921032,0.000000,0.000000,2.148134,0.000000,0.000000,0.000000,0.000000,2.186897,0.000000,1.887514,2.038737,2.099603,1.7244014,0.000000,2.312443,0.000000,0.0000000
0.000000,1.853116,0.0000000,0.000000,1.499487,0.000000,0.000000,1.794635,1.946947,0.000000,2.078780,2.205948,2.194985,2.438165,2.232408,2.418248,0.000000,2.329975,1.789731,1.988283,1.701838,2.164143,2.009901,2.282674,0.000000,1.745630,1.754412,2.102520,0.000000,0.000000,1.650019,0.000000,0.000000,1.858540,0.0000000,0.000000,2.512489,2.019201,1.674375,0.000000,0.000000,0.000000,0.000000,2.168694,0.000000,0.000000,0.000000,0.0000000,1.780353,1.925077,2.143904,1.947941,2.116859,0.000000,2.354244,1.761612,0.000000,0.000000,0.000000,2.226524,1.946158,1.902239,1.995401,2.134421,0.0000000,0.000000,2.522191,0.000000,1.9660041
0.000000,1.683783,0.0000000,0.000000,0.000000,0.000000,0.000000,0.000000,2.130479,0.000000,0.000000,2.304234,2.097645,2.432773,2.199648,2.392572,1.757857,2.318695,0.000000,1.929344,2.035673,2.210228,2.064101,2.263845,1.844604,2.192540,2.109929,2.115649,0.000000,0.000000,0.000000,0.000000,0.000000,0.000000,0.0000000,1.772290,2.407842,1.981789,0.000000,0.000000,0.000000,0.000000,0.000000,2.212310,0.000000,1.988050,0.000000,0.0000000,0.000000,1.911651,2.091688,1.768316,1.850084,1.735671,2.371189,0.000000,0.000000,0.000000,0.000000,2.161447,0.000000,1.937474,0.000000,2.141141,1.7636718,0.000000,2.608136,1.704329,1.7914861
2.243743,2.221408,0.0000000,0.000000,0.000000,0.000000,2.268841,0.000000,0.000000,0.000000,0.000000,1.815836,2.174963,2.463226,2.230399,2.386378,0.000000,2.425499,1.917633,2.032355,2.013621,2.304337,2.221510,2.227080,2.010583,2.180088,1.664161,2.136153,0.000000,0.000000,1.817381,0.000000,0.000000,0.000000,0.0000000,0.000000,2.381190,2.085373,0.000000,2.425639,2.521445,2.084681,0.000000,2.110270,0.000000,0.000000,0.000000,0.0000000,0.000000,2.290303,0.000000,2.271527,0.000000,1.726026,2.007043,0.000000,0.000000,0.000000,0.000000,2.234393,0.000000,0.000000,0.000000,2.050172,0.0000000,2.078360,2.468235,0.000000,0.0000000
0.000000,2.119500,0.0000000,1.728984,0.000000,0.000000,1.931800,1.985141,2.021154,0.000000,1.814762,2.265457,2.150761,2.431979,2.197908,2.414576,1.999696,0.000000,0.000000,1.965361,1.828616,2.184548,2.133468,2.227093,1.922920,2.270197,0.000000,2.183994,0.000000,0.000000,0.000000,0.000000,0.000000,0.000000,0.0000000,0.000000,2.471527,2.090526,0.000000,0.000000,0.000000,1.808865,0.000000,1.855344,0.000000,0.000000,0.000000,0.0000000,0.000000,1.942431,2.194355,1.873040,0.000000,0.000000,2.292893,1.975530,0.000000,0.000000,0.000000,2.311019,0.000000,0.000000,2.037537,2.079138,0.0000000,1.666035,2.555037,1.786983,0.0000000
0.000000,0.000000,2.1508483,0.000000,0.000000,0.000000,0.000000,1.946448,1.890211,0.000000,1.944690,2.174997,2.212024,2.485762,2.206855,2.402858,0.000000,2.326680,1.865315,1.766012,0.000000,2.232533,2.013716,2.221238,1.740119,2.006949,1.968561,2.075665,0.000000,0.000000,0.000000,0.000000,0.000000,0.000000,1.8160068,0.000000,2.544996,2.072111,1.814609,0.000000,0.000000,0.000000,0.000000,2.147442,2.138813,2.143973,0.000000,1.6913204,0.000000,1.881071,0.000000,2.024788,0.000000,0.000000,2.305646,0.000000,0.000000,0.000000,0.000000,2.307264,1.830810,0.000000,1.866471,2.175213,1.6812899,0.000000,2.569110,0.000000,0.0000000
0.000000,0.000000,0.0000000,0.000000,0.000000,0.000000,0.000000,1.931399,2.028728,0.000000,0.000000,2.274120,2.077341,2.458808,2.228239,2.425431,0.000000,2.375222,1.741282,1.768197,0.000000,2.074365,2.046929,2.249330,1.830000,0.000000,1.799822,2.147341,1.623620,0.000000,1.776522,0.000000,0.000000,0.000000,1.7490880,0.000000,2.466246,0.000000,0.000000,0.000000,0.000000,0.000000,0.000000,1.987791,0.000000,2.100864,0.000000,0.0000000,0.000000,1.826667,0.000000,2.027218,0.000000,0.000000,2.341655,0.000000,0.000000,0.000000,0.000000,2.252714,0.000000,0.000000,1.730526,2.202286,0.0000000,0.000000,2.584403,0.000000,0.0000000
0.000000,1.784854,0.0000000,1.838541,0.000000,0.000000,1.481649,1.858838,2.106003,0.000000,0.000000,2.231937,1.996441,2.440940,2.204540,2.415449,0.000000,2.352406,1.980095,1.959953,1.696796,2.254752,2.039833,2.201747,1.871807,1.684383,2.176339,0.000000,1.467718,0.000000,2.089696,0.000000,1.944561,0.000000,1.8244316,1.857781,2.452844,1.841121,0.000000,0.000000,0.000000,0.000000,0.000000,2.101720,1.511986,0.000000,1.726570,0.0000000,0.000000,1.930818,2.143442,2.013831,0.000000,0.000000,2.047805,0.000000,1.528778,0.000000,0.000000,2.239978,1.709016,1.880242,2.128513,2.186161,1.6551962,0.000000,2.483248,1.912580,0.0000000
0.000000,0.000000,0.0000000,0.000000,0.000000,0.000000,0.000000,1.880430,2.124369,0.000000,1.822909,2.207355,2.162367,2.452616,2.243692,2.385565,0.000000,2.327274,1.876562,1.892730,2.043116,2.231533,1.987423,2.196380,1.863112,1.720006,2.126936,2.129056,1.757189,0.000000,2.040912,0.000000,0.000000,0.000000,1.7359842,0.000000,2.478158,1.916150,0.000000,1.652797,1.702598,0.000000,0.000000,2.133546,0.000000,1.738382,1.802472,0.0000000,0.000000,1.874533,2.085436,2.147360,0.000000,0.000000,2.326405,1.452224,1.843569,0.000000,1.368264,2.315890,1.701673,0.000000,2.035297,2.172366,0.0000000,0.000000,2.564986,1.878615,0.0000000
0.000000,0.000000,0.0000000,1.749284,0.000000,0.000000,0.000000,0.000000,1.670020,0.000000,0.000000,2.244693,2.218468,2.420669,2.220394,2.421192,0.000000,2.319342,0.000000,0.000000,0.000000,2.102050,2.036186,2.236355,1.610285,1.755584,1.442672,2.121211,0.000000,1.775670,0.000000,0.000000,1.955155,1.907623,0.0000000,0.000000,2.448934,2.019342,0.000000,0.000000,0.000000,0.000000,0.000000,0.000000,0.000000,1.813410,0.000000,0.0000000,1.779059,2.096878,2.033004,2.055379,0.000000,0.000000,2.339706,1.957826,0.000000,0.000000,0.000000,2.300855,0.000000,1.876398,2.052061,2.138418,0.0000000,0.000000,2.577764,0.000000,1.8186308
0.000000,1.985519,0.0000000,0.000000,0.000000,0.000000,0.000000,0.000000,2.179530,0.000000,1.832265,2.229314,2.223969,2.435377,2.243530,2.414432,0.000000,2.333283,1.810930,1.888365,2.075530,2.263658,2.035080,2.213897,0.000000,1.619224,0.000000,2.076831,0.000000,0.000000,2.051507,0.000000,0.000000,0.000000,0.0000000,1.576846,2.485800,2.036339,0.000000,0.000000,0.000000,0.000000,0.000000,1.991726,0.000000,0.000000,0.000000,0.0000000,0.000000,1.893362,2.088337,1.861519,2.067852,0.000000,2.269978,0.000000,0.000000,0.000000,0.000000,2.243289,0.000000,0.000000,2.298384,2.083718,0.0000000,0.000000,2.478320,0.000000,0.0000000
0.000000,1.864334,0.0000000,0.000000,0.000000,0.000000,0.000000,2.000215,1.949113,0.000000,2.165378,1.901573,2.177806,2.454295,2.275533,2.415396,0.000000,2.165122,0.000000,2.019135,1.749223,1.979166,2.022546,2.240474,1.657914,1.978588,0.000000,1.839446,2.065821,0.000000,1.878124,0.000000,0.000000,0.000000,0.0000000,0.000000,2.398252,1.713259,0.000000,0.000000,0.000000,0.000000,1.835188,2.147772,0.000000,0.000000,0.000000,0.0000000,0.000000,1.923081,1.994833,2.206091,0.000000,0.000000,2.207843,1.716473,1.653022,0.000000,0.000000,2.288721,0.000000,0.000000,2.043202,2.063155,0.0000000,0.000000,2.499263,1.746766,0.0000000
0.000000,0.000000,1.6302762,0.000000,0.000000,0.000000,0.000000,0.000000,1.836426,2.199371,2.044567,2.115389,2.213889,2.455687,2.198471,2.388669,0.000000,2.335340,1.824236,1.833271,2.046157,2.262274,2.058252,2.253757,1.766642,2.201665,1.980486,2.130887,0.000000,0.000000,0.000000,1.409908,1.828036,0.000000,0.0000000,0.000000,2.432362,1.893030,0.000000,0.000000,1.622676,0.000000,0.000000,2.046638,1.446185,2.033236,0.000000,0.0000000,1.527663,1.999657,2.175555,2.001979,0.000000,1.675622,2.291248,0.000000,0.000000,1.683111,0.000000,2.134894,0.000000,1.892198,1.953090,2.044097,0.0000000,0.000000,2.548710,1.815000,0.0000000
0.000000,2.146084,0.0000000,1.958429,0.000000,0.000000,0.000000,0.000000,1.789595,0.000000,0.000000,2.227872,2.217342,2.488048,2.259395,2.439666,0.000000,2.196646,1.424896,1.922187,0.000000,2.025519,1.987919,2.285390,0.000000,2.099615,1.868213,1.932971,2.055715,0.000000,1.905835,0.000000,0.000000,1.924717,0.0000000,0.000000,2.468706,1.996600,1.861431,0.000000,0.000000,0.000000,0.000000,1.994954,2.204870,0.000000,0.000000,1.8676568,0.000000,1.977437,2.210589,1.800711,0.000000,0.000000,2.296721,1.919872,0.000000,1.680560,0.000000,2.188141,0.000000,1.942300,2.163663,2.101786,1.6402044,1.963985,2.439710,1.827025,1.8012793
0.000000,2.188436,0.0000000,1.810213,0.000000,0.000000,0.000000,1.818333,2.136529,0.000000,1.715403,2.055576,2.317526,2.492288,2.254662,2.374525,0.000000,2.282880,0.000000,2.026663,0.000000,2.060677,1.951621,2.301662,1.860818,1.995760,1.935516,2.036755,2.097813,0.000000,2.015546,0.000000,0.000000,1.817222,0.0000000,0.000000,2.459273,2.004520,1.811684,1.706940,0.000000,0.000000,0.000000,2.238101,0.000000,0.000000,1.659216,0.0000000,1.744966,2.037125,2.106138,2.004431,0.000000,1.701013,2.232915,0.000000,0.000000,1.768025,0.000000,2.092978,0.000000,1.941595,2.105388,2.081637,0.0000000,1.747985,2.581308,2.034351,0.0000000
0.000000,2.248766,1.9835720,1.882442,2.160501,0.000000,0.000000,1.948278,1.990806,1.853260,1.910837,2.190918,2.170486,2.481951,2.164129,2.401769,0.000000,2.216538,0.000000,1.781685,0.000000,1.726954,1.999660,2.221576,1.734397,2.088659,0.000000,1.473273,0.000000,1.819934,0.000000,0.000000,0.000000,0.000000,1.5849156,1.957184,2.484735,2.014889,0.000000,1.865763,0.000000,0.000000,0.000000,2.189785,2.051666,0.000000,0.000000,1.5236750,0.000000,1.844949,0.000000,1.883350,0.000000,0.000000,2.244055,1.972709,0.000000,1.870721,0.000000,2.210440,0.000000,0.000000,2.370372,2.031332,0.0000000,0.000000,2.329002,0.000000,0.0000000
0.000000,2.209557,2.0410130,1.974711,2.082416,0.000000,0.000000,1.905432,1.853203,0.000000,1.811430,2.199409,2.216206,2.479812,2.193834,2.403320,0.000000,2.269506,0.000000,1.759676,1.736165,1.960537,2.000930,2.220938,1.679779,1.988298,0.000000,2.048153,2.026258,0.000000,1.907767,0.000000,0.000000,0.000000,0.0000000,0.000000,2.439461,2.039704,0.000000,0.000000,0.000000,0.000000,0.000000,1.949859,2.071914,0.000000,1.644876,1.6872812,0.000000,1.761860,2.056376,1.684613,0.000000,0.000000,2.203677,1.789891,0.000000,1.969916,0.000000,2.184533,0.000000,0.000000,0.000000,2.007086,0.0000000,1.613283,2.412936,0.000000,0.0000000
0.000000,2.102512,1.9676283,1.738624,0.000000,0.000000,0.000000,1.984129,1.983442,0.000000,2.051502,2.191358,2.194305,2.489374,2.212108,2.394770,0.000000,2.412721,0.000000,1.898149,0.000000,2.230546,2.030803,2.288197,1.839726,2.013068,0.000000,2.157074,0.000000,0.000000,1.964416,0.000000,0.000000,0.000000,0.0000000,0.000000,2.400590,1.941913,0.000000,2.042444,1.751285,0.000000,0.000000,2.174339,2.135572,2.151246,0.000000,1.6711765,0.000000,1.907695,2.088803,1.953331,0.000000,0.000000,2.303246,1.896063,1.540876,1.966844,0.000000,2.283999,0.000000,1.756102,2.008402,2.121075,0.0000000,1.669363,2.582164,1.727321,0.0000000
0.000000,2.029355,2.0062325,0.000000,1.517178,0.000000,0.000000,2.024782,1.849855,0.000000,1.934895,2.172889,2.231084,2.478189,2.201913,2.414030,0.000000,2.396230,1.347203,0.000000,1.629175,1.986731,0.000000,2.214180,1.716005,2.033246,1.690879,1.984977,2.075818,1.666963,1.851239,0.000000,0.000000,0.000000,0.0000000,0.000000,2.390225,1.810872,1.825964,1.968899,1.952252,0.000000,0.000000,1.870569,2.028399,2.137766,0.000000,0.0000000,0.000000,1.542561,0.000000,1.942715,0.000000,0.000000,2.211412,1.946860,1.835509,1.753611,0.000000,2.177067,0.000000,0.000000,1.956814,2.150889,0.0000000,0.000000,2.408175,0.000000,1.9233481
0.000000,2.158240,2.0732419,0.000000,1.957858,0.000000,0.000000,1.852761,2.116483,0.000000,2.125032,2.084106,2.252092,2.453704,2.179492,2.428086,0.000000,2.418625,1.941077,1.864984,1.707318,2.252183,2.131587,2.214892,1.805460,2.281758,1.694028,2.199597,0.000000,0.000000,2.083382,0.000000,0.000000,0.000000,0.0000000,0.000000,2.409951,2.100920,0.000000,2.323640,2.229012,0.000000,1.955159,2.185128,2.089904,0.000000,0.000000,0.0000000,0.000000,1.901608,0.000000,2.207516,1.993657,1.725234,2.092724,2.212071,0.000000,1.871063,0.000000,2.117972,0.000000,0.000000,2.107096,2.109332,0.0000000,0.000000,2.580612,2.095202,0.0000000
0.000000,1.934586,0.0000000,0.000000,0.000000,0.000000,0.000000,0.000000,1.763194,2.328530,0.000000,2.136442,1.907091,2.441097,2.148238,2.429391,2.018787,2.386090,1.776459,1.902995,1.948181,2.207695,2.075632,2.293526,0.000000,2.237256,1.833238,2.161949,0.000000,0.000000,0.000000,0.000000,2.192122,0.000000,0.0000000,0.000000,2.405600,1.862581,0.000000,0.000000,0.000000,0.000000,0.000000,2.009964,0.000000,1.955873,0.000000,0.0000000,0.000000,2.003604,2.326331,1.890260,0.000000,0.000000,2.399342,0.000000,0.000000,1.932924,0.000000,2.235539,0.000000,0.000000,0.000000,2.082940,0.0000000,0.000000,2.548937,0.000000,0.0000000
0.000000,2.227341,2.2480973,1.981240,0.000000,0.000000,0.000000,0.000000,1.909735,0.000000,2.142550,2.219117,2.202091,2.409301,2.173966,2.384395,1.931037,2.421982,2.016598,0.000000,2.016831,2.324009,2.102189,2.278145,0.000000,2.118715,1.982190,2.213687,0.000000,0.000000,0.000000,0.000000,1.894102,2.053549,0.0000000,0.000000,2.441454,1.960067,2.166869,0.000000,1.939488,0.000000,0.000000,1.854639,0.000000,0.000000,0.000000,0.0000000,0.000000,1.744873,2.288153,1.866255,0.000000,0.000000,2.437046,2.321230,2.241007,0.000000,0.000000,2.222291,1.722615,1.904861,2.390407,2.160302,1.7989496,0.000000,2.620615,0.000000,0.0000000
0.000000,0.000000,0.0000000,0.000000,0.000000,0.000000,0.000000,0.000000,1.988150,0.000000,1.866209,2.158461,2.149878,2.426241,2.137513,2.394060,2.093347,2.317189,1.663768,0.000000,1.903054,2.186677,1.972350,2.256887,0.000000,2.044576,1.886217,2.116206,1.595510,0.000000,0.000000,0.000000,1.914078,0.000000,0.0000000,0.000000,2.351458,1.931244,0.000000,0.000000,0.000000,0.000000,0.000000,2.236018,1.963054,1.962548,0.000000,0.0000000,0.000000,1.703558,2.226126,1.920449,0.000000,0.000000,2.296269,2.083404,0.000000,0.000000,0.000000,1.925523,0.000000,0.000000,0.000000,2.042297,0.0000000,0.000000,2.564886,0.000000,0.0000000
0.000000,0.000000,0.0000000,0.000000,0.000000,0.000000,0.000000,0.000000,2.187620,1.988883,2.095479,2.115186,2.227160,2.465310,2.272106,2.410436,2.068182,2.410602,2.000500,1.982180,2.056417,2.309945,2.126978,2.251019,1.666422,2.238978,2.017510,2.193912,0.000000,0.000000,1.702249,0.000000,1.852384,0.000000,0.0000000,0.000000,2.388234,1.983246,0.000000,0.000000,0.000000,0.000000,0.000000,1.657778,0.000000,1.936172,0.000000,0.0000000,0.000000,2.001580,0.000000,1.840790,0.000000,1.631755,2.250781,0.000000,0.000000,0.000000,0.000000,2.161858,0.000000,1.722687,1.712186,2.117857,0.0000000,0.000000,2.527672,0.000000,0.0000000
0.000000,1.913927,0.0000000,0.000000,0.000000,0.000000,0.000000,0.000000,1.985095,0.000000,0.000000,2.121961,2.098805,2.441797,2.246246,2.408167,2.039303,2.411393,1.876015,2.033064,1.706661,2.288301,2.180687,2.225765,0.000000,2.221154,2.042266,2.174430,0.000000,0.000000,0.000000,0.000000,0.000000,1.949064,0.0000000,0.000000,2.422611,1.940046,1.760557,0.000000,0.000000,0.000000,0.000000,2.218613,0.000000,1.920202,0.000000,0.0000000,0.000000,1.922469,0.000000,2.312871,0.000000,1.556897,2.310412,1.852079,0.000000,0.000000,0.000000,1.934104,0.000000,1.945147,1.831523,2.089222,0.0000000,0.000000,2.498808,0.000000,0.0000000
0.000000,1.969375,0.0000000,0.000000,0.000000,0.000000,0.000000,0.000000,1.907542,2.302120,1.954082,2.153582,2.170298,2.549452,2.275026,2.425052,1.938466,2.351700,0.000000,0.000000,0.000000,2.189238,2.030726,2.265217,0.000000,2.240832,1.866915,2.104929,0.000000,0.000000,0.000000,0.000000,0.000000,0.000000,1.9464195,0.000000,2.387181,1.866465,0.000000,0.000000,0.000000,1.856533,0.000000,2.014770,0.000000,0.000000,0.000000,0.0000000,0.000000,1.916954,2.173185,2.335853,0.000000,1.592255,2.350422,2.002391,0.000000,0.000000,0.000000,2.206099,0.000000,1.852370,0.000000,2.105760,0.0000000,0.000000,2.385243,0.000000,0.0000000
1.906855,1.874397,2.3112169,0.000000,0.000000,0.000000,0.000000,0.000000,1.743784,0.000000,0.000000,2.089665,2.118660,2.419507,2.167204,2.460041,2.078637,2.396904,1.983509,1.953117,2.042794,2.338022,2.066380,2.294858,0.000000,2.241870,1.945193,2.185589,0.000000,0.000000,0.000000,0.000000,0.000000,0.000000,0.0000000,0.000000,2.342780,1.721533,2.028231,0.000000,0.000000,0.000000,0.000000,1.782118,0.000000,0.000000,0.000000,0.0000000,0.000000,1.906469,2.086555,1.669160,0.000000,0.000000,2.297029,2.223458,2.266919,0.000000,0.000000,0.000000,1.797630,0.000000,2.300496,2.024779,1.7823218,0.000000,2.413577,0.000000,0.0000000
0.000000,1.982527,0.0000000,0.000000,0.000000,0.000000,0.000000,0.000000,2.175750,0.000000,0.000000,2.256331,2.204623,2.415318,2.205651,2.455763,2.112517,2.423441,1.957387,1.854553,2.050197,2.302800,2.035881,2.223630,1.820099,2.289771,2.024408,2.249303,0.000000,0.000000,0.000000,0.000000,0.000000,0.000000,0.0000000,0.000000,2.329297,1.843817,0.000000,0.000000,0.000000,0.000000,1.668346,2.262086,0.000000,2.042941,0.000000,0.0000000,0.000000,1.956863,0.000000,1.950441,0.000000,0.000000,2.360094,2.147313,2.031599,0.000000,0.000000,2.154998,0.000000,0.000000,2.254649,2.072912,0.0000000,0.000000,2.615551,1.837799,1.9168293
2.034446,0.000000,0.0000000,0.000000,0.000000,0.000000,0.000000,0.000000,0.000000,1.945250,1.953979,2.127338,2.134137,2.427294,2.164348,2.412116,2.026786,2.379861,1.760487,1.956395,1.795327,2.228708,2.063211,2.205734,0.000000,2.234542,0.000000,2.157742,0.000000,0.000000,0.000000,0.000000,1.904709,1.915332,0.0000000,0.000000,2.313412,1.886324,1.825946,0.000000,2.107093,0.000000,0.000000,1.775507,0.000000,0.000000,0.000000,0.0000000,0.000000,1.933128,0.000000,1.757046,0.000000,0.000000,2.281332,1.972912,1.761667,0.000000,0.000000,2.122003,0.000000,0.000000,1.653973,1.921114,1.6513572,0.000000,2.478003,0.000000,0.0000000
2.317044,2.229142,0.0000000,2.161623,0.000000,1.886583,0.000000,0.000000,1.974312,0.000000,0.000000,2.165342,2.192964,2.395200,2.178179,2.442869,2.105386,2.412466,1.891512,1.960760,1.846285,2.242265,2.085587,2.208630,2.041661,2.279902,0.000000,2.188746,1.675719,0.000000,0.000000,0.000000,1.896501,0.000000,0.0000000,0.000000,2.439921,2.025977,2.065382,2.114185,1.973740,0.000000,1.980566,0.000000,0.000000,1.998526,0.000000,0.0000000,0.000000,2.021126,2.100451,1.762522,0.000000,0.000000,2.166729,2.112258,1.821761,0.000000,0.000000,1.799493,0.000000,1.873084,0.000000,1.975055,0.0000000,2.293280,2.595525,2.234670,0.0000000
0.000000,1.764881,0.0000000,0.000000,0.000000,0.000000,0.000000,0.000000,1.988621,0.000000,1.863715,2.205038,2.186375,2.440419,2.174014,2.465143,1.946179,2.449857,1.565554,1.989165,0.000000,2.301684,2.106785,2.238139,1.918287,2.286084,0.000000,2.213025,0.000000,0.000000,2.087188,0.000000,0.000000,1.683019,1.9636482,0.000000,2.349815,0.000000,0.000000,0.000000,0.000000,0.000000,0.000000,2.182912,0.000000,0.000000,0.000000,0.0000000,0.000000,1.891863,2.184111,0.000000,0.000000,0.000000,2.294615,0.000000,2.029470,0.000000,0.000000,2.254942,2.034735,1.684153,2.053227,2.097826,0.0000000,0.000000,2.391649,0.000000,0.0000000
0.000000,1.932665,0.0000000,0.000000,0.000000,0.000000,0.000000,0.000000,2.087460,0.000000,0.000000,2.218337,2.203438,2.425239,2.190997,2.399139,1.866870,2.396475,1.744158,1.778235,0.000000,2.199220,2.057235,2.327324,0.000000,2.216941,1.900395,2.189668,0.000000,0.000000,0.000000,0.000000,0.000000,2.077527,0.0000000,0.000000,2.406529,1.920310,0.000000,0.000000,0.000000,0.000000,1.715780,2.197236,0.000000,0.000000,0.000000,0.0000000,0.000000,2.003016,2.166100,2.034874,0.000000,0.000000,2.423554,2.095950,2.106053,0.000000,0.000000,2.255081,0.000000,1.913631,0.000000,2.169614,1.7087215,0.000000,2.557617,0.000000,0.0000000
0.000000,1.932318,0.0000000,0.000000,0.000000,0.000000,0.000000,1.747818,1.991650,0.000000,2.047823,2.172789,2.148119,2.440598,2.179302,2.421418,1.848059,0.000000,1.618948,1.746230,1.687552,2.129866,1.932420,2.200129,0.000000,2.216393,2.030777,2.148978,0.000000,0.000000,0.000000,0.000000,0.000000,1.726605,1.8330874,0.000000,2.364841,1.827348,0.000000,0.000000,0.000000,0.000000,0.000000,2.184867,0.000000,1.850541,0.000000,0.0000000,0.000000,2.147481,1.898637,1.989237,0.000000,0.000000,2.287889,0.000000,0.000000,1.604538,0.000000,2.265665,0.000000,1.874951,1.855401,2.039304,0.0000000,0.000000,2.445509,1.839646,1.8456686
0.000000,1.950643,0.0000000,1.900541,0.000000,0.000000,0.000000,1.738009,2.060063,0.000000,1.961976,2.149828,2.146686,2.402639,2.124243,2.426213,2.008939,2.335590,1.655196,0.000000,2.014409,1.915832,1.918075,2.301259,0.000000,2.185313,0.000000,2.138883,0.000000,0.000000,0.000000,0.000000,2.027267,1.914201,0.0000000,0.000000,2.438639,1.995802,1.949705,1.776434,0.000000,1.741330,0.000000,2.231748,0.000000,1.929481,0.000000,0.0000000,0.000000,1.941862,2.291600,1.877475,0.000000,0.000000,2.258384,2.291295,2.091755,1.903445,0.000000,2.290004,2.125974,1.701405,2.219639,2.115957,0.0000000,0.000000,2.493648,1.959208,0.0000000
0.000000,2.120511,1.8710949,2.031275,1.746919,0.000000,0.000000,0.000000,1.613676,0.000000,2.087738,2.140879,2.301624,2.441062,2.253086,2.414493,2.009823,2.342100,0.000000,1.979708,1.967705,2.211508,2.075143,2.264807,1.961684,2.103733,1.877620,2.131598,0.000000,0.000000,1.719291,0.000000,1.898226,1.912576,0.0000000,0.000000,2.466543,2.124172,2.196778,2.143620,2.268714,0.000000,1.830691,2.233315,0.000000,1.949395,0.000000,0.0000000,1.823843,2.007148,2.137915,1.848291,0.000000,1.782298,2.297213,2.135439,2.251073,0.000000,0.000000,2.223829,1.693638,0.000000,2.324661,2.139683,1.7563885,0.000000,2.545298,1.908842,1.7231891
0.000000,2.170103,2.1117215,0.000000,2.189225,0.000000,2.265136,0.000000,0.000000,0.000000,2.201384,2.158374,2.207277,2.417060,2.235683,2.466640,0.000000,2.337774,1.838259,1.925164,1.781817,2.203944,2.075730,2.266676,1.990693,1.917593,0.000000,0.000000,2.159950,0.000000,1.839718,0.000000,2.174750,1.878088,0.0000000,0.000000,2.402720,1.825981,2.252839,0.000000,1.964007,0.000000,0.000000,2.399167,2.037753,0.000000,2.152965,2.1897933,2.122740,1.967652,2.060423,2.274534,0.000000,0.000000,2.096789,1.832173,2.276508,0.000000,0.000000,1.812287,2.191585,0.000000,2.448196,2.177282,0.0000000,0.000000,2.444718,2.371165,2.2601763
0.000000,2.290797,0.0000000,1.900207,0.000000,0.000000,0.000000,1.870569,1.983931,2.060350,2.113125,2.254952,2.305195,2.461576,2.210787,2.424690,0.000000,2.372871,1.711259,1.911042,1.990450,2.220298,2.025506,2.301660,1.893900,1.967515,2.062347,2.004654,2.203158,0.000000,2.044030,0.000000,1.857222,0.000000,1.8422529,0.000000,2.449576,2.003866,0.000000,1.946761,1.909259,0.000000,0.000000,1.595510,0.000000,0.000000,0.000000,0.0000000,0.000000,1.852616,2.212752,1.982098,0.000000,0.000000,2.363566,2.066210,0.000000,2.092074,2.017160,2.139388,0.000000,1.901804,1.923361,2.068462,1.6998078,1.823098,2.578241,0.000000,0.0000000
0.000000,2.326221,0.0000000,0.000000,0.000000,0.000000,0.000000,2.083266,2.050070,2.207206,2.132072,2.104072,2.261118,2.487434,2.298508,2.393949,0.000000,2.335171,1.697645,1.982485,0.000000,2.099387,2.013722,2.295713,1.851319,2.076351,1.806941,2.094120,2.170066,1.593105,2.055927,0.000000,0.000000,0.000000,1.8024924,0.000000,2.471842,0.000000,0.000000,0.000000,0.000000,0.000000,0.000000,0.000000,0.000000,0.000000,1.745784,0.0000000,0.000000,0.000000,2.109198,1.834212,0.000000,0.000000,2.173113,0.000000,0.000000,0.000000,0.000000,2.243204,0.000000,1.827069,1.977165,2.074754,0.0000000,1.902851,2.520777,1.829537,1.7271289
0.000000,1.980865,0.0000000,0.000000,0.000000,0.000000,0.000000,1.891577,1.963310,0.000000,0.000000,2.145649,2.179530,2.442173,2.156261,2.445269,1.993944,2.426885,1.734347,1.662238,1.669565,2.203065,1.973037,2.277970,0.000000,2.236987,1.576890,2.220420,0.000000,0.000000,1.997358,0.000000,0.000000,1.598156,1.9400533,0.000000,2.390964,1.866961,1.633410,0.000000,0.000000,1.676423,0.000000,2.189795,0.000000,0.000000,0.000000,0.0000000,0.000000,1.773774,0.000000,1.955543,0.000000,0.000000,2.302201,1.778456,1.741473,0.000000,0.000000,2.263843,0.000000,0.000000,1.964138,2.075569,1.6991808,0.000000,2.432696,1.789709,1.8753190
2.252235,2.182886,2.1386728,2.136133,1.856392,0.000000,0.000000,0.000000,0.000000,0.000000,2.222785,2.195247,2.196466,2.447713,2.158796,2.395632,1.974408,2.315690,0.000000,1.756202,1.833463,2.064139,2.036254,2.247734,1.865328,2.090106,1.674816,2.066357,2.009951,0.000000,0.000000,0.000000,0.000000,2.084513,0.0000000,0.000000,2.477876,2.083193,2.018886,0.000000,1.964745,0.000000,0.000000,2.058994,2.166199,2.053146,0.000000,1.7801223,0.000000,2.085245,2.144039,2.080341,0.000000,0.000000,2.352825,2.005729,2.094382,1.936543,0.000000,1.978292,0.000000,0.000000,2.465438,2.151337,0.0000000,1.992217,2.543985,1.969606,1.8555149
0.000000,1.952090,1.7357373,0.000000,0.000000,0.000000,0.000000,0.000000,1.704713,0.000000,0.000000,2.086816,2.153910,2.461543,2.217476,2.356670,2.029604,2.371195,1.722273,1.932873,1.778210,2.246899,2.183279,2.233511,0.000000,2.202616,0.000000,2.140281,0.000000,0.000000,0.000000,0.000000,1.730202,0.000000,1.6928549,0.000000,2.372927,2.009154,0.000000,0.000000,0.000000,0.000000,0.000000,2.036584,2.163835,1.716099,0.000000,0.0000000,0.000000,1.818501,2.031970,0.000000,0.000000,0.000000,2.258607,1.843437,1.750899,2.032136,0.000000,1.959427,0.000000,0.000000,1.911851,1.998659,0.0000000,1.730764,2.457698,0.000000,0.0000000
0.000000,1.917850,0.0000000,1.880872,1.895060,0.000000,0.000000,0.000000,1.978531,2.120414,1.868226,2.164143,2.184352,2.424640,2.134989,2.390772,1.972510,2.363736,0.000000,1.831506,1.836385,2.120788,2.006577,2.268509,0.000000,2.193956,0.000000,2.161744,0.000000,0.000000,0.000000,0.000000,0.000000,0.000000,0.0000000,0.000000,2.455245,1.914636,0.000000,2.078598,1.915341,0.000000,0.000000,2.209100,0.000000,1.762796,0.000000,0.0000000,0.000000,1.927206,0.000000,2.358691,0.000000,0.000000,2.147541,1.792573,0.000000,1.799599,0.000000,2.211701,1.957122,0.000000,1.983324,1.984889,0.0000000,0.000000,2.537874,0.000000,1.8541380
2.297450,2.311740,2.0938470,2.098459,2.124131,0.000000,2.158411,0.000000,2.009244,0.000000,2.234785,1.989113,2.140776,2.448210,2.203742,2.440588,1.908306,2.425998,0.000000,1.981638,0.000000,2.307946,2.086604,2.291385,0.000000,2.241253,0.000000,2.103351,0.000000,0.000000,1.984131,0.000000,0.000000,0.000000,2.0677820,0.000000,2.446377,2.059635,2.078423,0.000000,0.000000,0.000000,0.000000,2.317141,0.000000,2.186344,1.831700,2.0420048,2.045740,0.000000,1.922362,2.032822,0.000000,0.000000,2.181371,2.183052,2.216859,0.000000,1.910706,2.203765,2.259249,0.000000,2.468707,2.089296,0.0000000,0.000000,2.407810,0.000000,2.3831716
0.000000,2.067013,0.0000000,1.897483,0.000000,0.000000,1.582483,1.601378,2.053749,0.000000,0.000000,2.193848,2.164782,2.433823,2.178314,2.475642,1.767348,2.422128,1.853721,1.824155,1.769106,2.267824,2.050091,2.236659,1.839135,2.281825,2.107580,2.113634,0.000000,0.000000,0.000000,0.000000,0.000000,0.000000,1.9081770,0.000000,2.467826,1.949282,0.000000,0.000000,0.000000,1.508876,0.000000,2.213707,0.000000,0.000000,0.000000,0.0000000,1.713869,1.660533,2.045604,2.026927,0.000000,0.000000,2.331007,2.084838,1.479744,0.000000,0.000000,2.183545,1.585930,1.724508,2.086213,1.805470,0.0000000,0.000000,2.445313,0.000000,1.8639414
2.112973,1.972501,0.0000000,1.820933,0.000000,0.000000,0.000000,0.000000,1.970009,0.000000,0.000000,2.187725,2.138394,2.409588,2.194364,2.409435,1.953474,2.403743,0.000000,1.812801,1.755252,2.216115,2.065431,2.261072,1.900990,2.227914,1.896585,2.139794,0.000000,0.000000,0.000000,0.000000,1.475795,0.000000,1.4835354,0.000000,2.456354,1.996600,1.839111,0.000000,0.000000,0.000000,1.704673,2.236706,0.000000,1.703497,0.000000,0.0000000,0.000000,1.946958,0.000000,1.957829,0.000000,0.000000,2.219977,1.913443,2.087482,0.000000,0.000000,2.253237,0.000000,2.007601,2.309134,2.053536,0.0000000,0.000000,2.560003,0.000000,1.9906489
0.000000,1.978014,0.0000000,0.000000,0.000000,0.000000,0.000000,0.000000,2.205018,0.000000,1.892386,2.175990,2.135554,2.453923,2.207467,2.406391,1.900536,2.290627,1.720389,1.896340,1.985324,2.108946,1.939006,2.242718,0.000000,2.164774,1.993345,2.118515,0.000000,2.042452,0.000000,0.000000,0.000000,0.000000,1.8028876,0.000000,2.434019,1.969644,0.000000,0.000000,0.000000,1.786704,0.000000,2.233953,0.000000,0.000000,0.000000,0.0000000,0.000000,2.156037,0.000000,0.000000,0.000000,0.000000,2.284854,0.000000,1.901989,0.000000,0.000000,2.186907,0.000000,1.903865,1.690813,2.105682,0.0000000,0.000000,2.552964,0.000000,1.7363618
2.548997,2.555987,2.1993335,2.522201,2.187730,2.391908,2.358770,2.431202,0.000000,2.574555,2.614525,0.000000,2.269253,2.473226,2.111357,2.490890,0.000000,2.434035,1.817662,0.000000,2.117521,2.363625,2.144062,2.390479,1.989220,2.290116,0.000000,0.000000,0.000000,0.000000,1.780074,2.318181,1.964380,2.153033,0.0000000,0.000000,2.621118,0.000000,1.884731,2.338944,2.282363,0.000000,0.000000,1.965745,0.000000,0.000000,0.000000,0.0000000,0.000000,1.907168,2.360614,0.000000,0.000000,2.414007,2.146705,2.258482,2.256993,0.000000,0.000000,0.000000,0.000000,0.000000,2.615830,2.041285,0.0000000,2.442182,2.485156,2.194896,2.1754083
0.000000,1.963848,0.0000000,0.000000,0.000000,0.000000,0.000000,0.000000,0.000000,0.000000,0.000000,1.963875,2.181526,2.446813,2.245946,2.376312,2.087283,2.358750,0.000000,0.000000,0.000000,2.140267,1.851458,2.057151,0.000000,2.189885,0.000000,2.160166,0.000000,0.000000,1.920263,0.000000,0.000000,0.000000,2.0047543,0.000000,2.516080,2.109853,0.000000,0.000000,0.000000,0.000000,0.000000,2.021317,1.920132,0.000000,0.000000,0.0000000,0.000000,1.757914,0.000000,1.968843,0.000000,0.000000,2.327805,2.091051,0.000000,0.000000,0.000000,2.147600,1.852006,0.000000,2.353901,2.171330,0.0000000,1.724366,2.284068,0.000000,0.0000000
0.000000,0.000000,2.1291472,0.000000,0.000000,0.000000,0.000000,0.000000,1.947014,0.000000,0.000000,2.101189,2.105640,2.444685,2.127899,2.476635,2.053546,2.353030,0.000000,0.000000,0.000000,2.054338,1.870791,2.212388,0.000000,2.180626,0.000000,2.163386,0.000000,0.000000,0.000000,0.000000,0.000000,0.000000,0.0000000,0.000000,2.456301,2.039678,0.000000,0.000000,0.000000,0.000000,0.000000,2.018915,2.179896,0.000000,0.000000,0.0000000,0.000000,1.798340,0.000000,0.000000,0.000000,0.000000,2.376748,0.000000,0.000000,0.000000,0.000000,2.228053,0.000000,0.000000,0.000000,2.096892,0.0000000,1.869927,2.466628,0.000000,0.0000000
0.000000,1.815181,1.8542455,0.000000,0.000000,0.000000,0.000000,0.000000,2.019263,0.000000,2.059169,2.094645,1.987200,2.471969,2.230148,2.361228,1.989332,2.364034,0.000000,1.858074,1.821480,2.169920,2.039426,2.266720,0.000000,2.216846,2.127424,2.056182,0.000000,0.000000,0.000000,0.000000,1.955713,0.000000,1.7290524,0.000000,2.403957,1.826105,0.000000,0.000000,0.000000,0.000000,1.722543,2.157526,2.105567,1.997011,1.822160,1.6088576,0.000000,2.136391,0.000000,1.954006,0.000000,0.000000,2.138019,0.000000,0.000000,1.944059,0.000000,2.052781,0.000000,1.840671,1.796928,2.110490,0.0000000,0.000000,2.263247,0.000000,1.6081577
0.000000,2.063640,0.0000000,0.000000,0.000000,0.000000,0.000000,0.000000,2.005310,2.051169,1.977437,2.096201,2.125519,2.500603,2.247601,2.379609,0.000000,2.227649,0.000000,1.965307,0.000000,2.055351,1.969533,2.246535,1.671826,1.835254,1.951027,2.075462,2.064520,0.000000,1.890254,0.000000,0.000000,0.000000,1.6185323,0.000000,2.444678,2.039734,1.935716,0.000000,0.000000,0.000000,0.000000,2.174149,0.000000,0.000000,1.949120,0.0000000,0.000000,2.012681,2.003012,1.911661,0.000000,0.000000,2.274383,0.000000,0.000000,1.758777,0.000000,2.195030,0.000000,0.000000,1.825858,2.101409,0.0000000,1.633537,2.555432,1.808397,1.5930646
0.000000,1.764908,0.0000000,0.000000,0.000000,0.000000,0.000000,1.759101,2.162287,2.214174,1.736001,2.140997,2.172828,2.466048,2.244734,2.429850,0.000000,2.322557,1.520026,2.002898,2.083673,2.217551,1.979290,2.308864,1.933878,1.945939,2.003525,2.041566,2.287491,1.843321,2.206427,0.000000,0.000000,1.793874,0.0000000,0.000000,2.463273,2.045432,1.791531,0.000000,0.000000,0.000000,0.000000,2.172675,0.000000,0.000000,0.000000,0.0000000,1.632362,1.967080,2.136954,1.600220,0.000000,0.000000,2.235474,1.749389,1.627212,1.790583,0.000000,2.173804,0.000000,0.000000,2.075790,2.119286,0.0000000,0.000000,2.569113,2.028061,0.0000000
0.000000,0.000000,0.0000000,2.036092,0.000000,0.000000,0.000000,2.001367,1.956291,2.011962,1.892149,2.238315,2.326772,2.540846,2.203368,2.434502,0.000000,2.246226,0.000000,2.058487,0.000000,2.168054,2.057685,2.313887,0.000000,0.000000,1.930666,1.966179,2.205221,0.000000,2.114039,0.000000,0.000000,0.000000,1.9968173,0.000000,2.479966,0.000000,0.000000,0.000000,0.000000,0.000000,0.000000,1.970831,0.000000,0.000000,0.000000,0.0000000,0.000000,1.919589,2.231361,1.972361,0.000000,0.000000,2.379383,1.990349,0.000000,2.178798,0.000000,2.238632,0.000000,1.927255,2.062233,2.085138,0.0000000,0.000000,2.528464,0.000000,0.0000000
0.000000,1.573255,0.0000000,0.000000,0.000000,0.000000,0.000000,0.000000,1.917141,0.000000,0.000000,2.170360,2.262713,2.470643,2.194655,2.439744,0.000000,2.347852,1.708840,1.879852,0.000000,2.189244,1.973094,2.226206,1.641053,2.026772,1.903554,2.056755,1.744423,0.000000,0.000000,0.000000,1.879199,0.000000,0.0000000,0.000000,2.380429,1.995408,0.000000,0.000000,0.000000,0.000000,1.803582,1.834486,0.000000,0.000000,0.000000,0.0000000,0.000000,1.937803,2.017969,1.941620,0.000000,0.000000,2.293614,1.942486,1.910022,0.000000,0.000000,2.091192,0.000000,0.000000,1.931447,2.108995,0.0000000,0.000000,2.501385,2.048327,0.0000000
0.000000,2.326732,2.1209657,1.832702,0.000000,0.000000,0.000000,0.000000,1.948428,2.146008,2.076804,2.174551,2.262018,2.414453,2.170888,2.440324,0.000000,2.274586,1.500995,0.000000,0.000000,2.058753,2.050286,2.096253,0.000000,1.850887,1.868104,2.185438,0.000000,0.000000,0.000000,0.000000,1.918626,0.000000,0.0000000,1.954902,2.469707,2.071329,0.000000,0.000000,1.741028,0.000000,0.000000,0.000000,2.139603,0.000000,0.000000,1.7752300,0.000000,1.927534,2.124197,0.000000,0.000000,0.000000,2.213776,1.874502,1.707218,1.797964,0.000000,2.294302,0.000000,0.000000,0.000000,1.994020,0.0000000,0.000000,2.521717,1.668321,0.0000000
1.694245,0.000000,0.0000000,1.929336,0.000000,0.000000,0.000000,1.879745,0.000000,2.071775,2.091203,2.180496,2.239863,2.444247,2.230213,2.464285,0.000000,2.334535,1.742704,2.037218,0.000000,2.195952,1.995545,2.398016,1.858346,1.938165,1.971972,0.000000,1.837896,0.000000,0.000000,0.000000,0.000000,0.000000,0.0000000,0.000000,2.458982,2.145311,1.834477,0.000000,0.000000,0.000000,1.806375,0.000000,0.000000,0.000000,0.000000,0.0000000,0.000000,2.058945,2.224903,1.619776,0.000000,0.000000,2.224495,2.080191,1.867929,0.000000,0.000000,2.229108,0.000000,0.000000,2.024854,2.132247,0.0000000,0.000000,2.462771,1.928777,0.0000000
0.000000,2.163814,2.1382745,2.145972,0.000000,0.000000,1.980282,0.000000,1.998496,0.000000,2.089421,2.222098,2.150881,2.430733,2.207415,2.394839,0.000000,2.248828,1.787400,1.901257,1.998666,2.112442,2.078678,2.265196,1.721443,2.057669,1.978797,2.078049,1.532483,1.640750,1.581578,0.000000,2.007569,2.116148,0.0000000,0.000000,2.381390,2.163069,2.259155,0.000000,1.814399,0.000000,1.542182,2.158515,0.000000,0.000000,0.000000,1.7570891,0.000000,2.058162,2.207341,2.316732,0.000000,1.665074,2.255436,2.058118,2.288011,1.719217,0.000000,2.142787,1.971025,1.684958,2.358481,2.159117,0.0000000,0.000000,2.532405,2.062735,1.9514311
0.000000,0.000000,0.0000000,0.000000,0.000000,0.000000,0.000000,2.063476,0.000000,0.000000,2.161737,2.231141,2.253466,2.436602,2.135942,2.438982,0.000000,2.260539,1.607566,1.927431,1.783979,2.015059,2.013377,2.294789,0.000000,1.927922,1.819381,1.934888,0.000000,0.000000,0.000000,0.000000,1.945865,0.000000,0.0000000,1.825434,2.461402,0.000000,0.000000,0.000000,0.000000,0.000000,1.618185,2.023675,0.000000,1.867469,0.000000,0.0000000,0.000000,2.016331,2.216825,2.101395,0.000000,0.000000,2.356168,0.000000,0.000000,0.000000,0.000000,2.268324,0.000000,1.945602,1.869646,2.058059,0.0000000,0.000000,2.645889,0.000000,0.0000000
0.000000,0.000000,0.0000000,0.000000,0.000000,0.000000,0.000000,0.000000,2.061852,0.000000,1.791599,2.139215,2.115506,2.434118,2.231543,2.384014,0.000000,2.436142,0.000000,1.996197,1.795458,2.217871,2.024493,2.258431,1.917394,2.348981,0.000000,2.120799,0.000000,0.000000,2.024360,0.000000,1.949368,0.000000,0.0000000,0.000000,2.421474,1.939212,0.000000,0.000000,0.000000,0.000000,0.000000,2.169838,0.000000,0.000000,1.732221,0.0000000,0.000000,2.117279,0.000000,1.914251,0.000000,0.000000,2.265683,0.000000,0.000000,1.795502,0.000000,2.155680,0.000000,0.000000,2.042221,2.065112,0.0000000,0.000000,2.423276,0.000000,1.8627627
1.979441,1.932637,0.0000000,0.000000,0.000000,0.000000,1.885641,0.000000,0.000000,1.983981,0.000000,1.999031,2.182389,2.497019,2.162016,2.473438,0.000000,2.322088,0.000000,1.989040,0.000000,2.053045,1.994321,2.245856,0.000000,2.198949,0.000000,2.164297,2.091414,0.000000,1.870677,0.000000,0.000000,0.000000,0.0000000,0.000000,2.400839,1.939100,0.000000,1.908125,1.898005,0.000000,0.000000,0.000000,0.000000,0.000000,0.000000,0.0000000,0.000000,1.885754,1.972698,0.000000,0.000000,0.000000,2.334339,0.000000,0.000000,0.000000,0.000000,2.270554,0.000000,0.000000,2.079430,1.923310,0.0000000,0.000000,2.490637,1.965143,1.8633065
0.000000,0.000000,0.0000000,0.000000,0.000000,0.000000,0.000000,0.000000,2.034722,1.636920,0.000000,2.214586,2.211998,2.430023,2.190913,2.494106,0.000000,2.261929,0.000000,1.866785,1.804765,1.857292,1.893751,2.237350,1.795108,2.097261,1.858977,0.000000,1.933785,0.000000,1.870163,0.000000,1.926687,0.000000,0.0000000,0.000000,2.406299,2.003580,0.000000,0.000000,0.000000,0.000000,0.000000,2.239938,0.000000,0.000000,0.000000,0.0000000,0.000000,1.786681,2.188620,1.904846,2.150270,0.000000,2.235816,0.000000,1.911846,0.000000,0.000000,2.257641,2.121082,1.812142,2.085827,2.054836,1.8369315,0.000000,2.509340,1.889811,2.1829352
0.000000,2.062460,0.0000000,0.000000,0.000000,0.000000,2.059843,0.000000,2.071514,0.000000,0.000000,2.247456,2.103273,2.424354,2.275085,2.378421,1.923674,2.271455,0.000000,0.000000,1.877764,1.997506,1.909320,2.273053,0.000000,2.097251,1.889739,2.196583,0.000000,0.000000,0.000000,0.000000,2.156001,0.000000,0.0000000,0.000000,2.268059,0.000000,0.000000,1.849751,0.000000,0.000000,0.000000,2.127359,0.000000,0.000000,0.000000,0.0000000,0.000000,0.000000,0.000000,1.882093,0.000000,2.005118,2.378278,1.631851,0.000000,1.834071,0.000000,2.042861,0.000000,0.000000,1.974593,2.101478,0.0000000,0.000000,2.633689,0.000000,0.0000000
2.180443,2.141796,0.0000000,2.008387,0.000000,0.000000,1.801939,1.943724,0.000000,0.000000,2.066113,0.000000,2.105332,2.433270,2.169571,2.380943,2.040295,2.402592,0.000000,2.020225,1.945865,2.192177,2.113697,2.210914,1.951075,2.268772,0.000000,2.199176,0.000000,0.000000,2.007219,0.000000,1.988125,0.000000,0.0000000,0.000000,2.263254,1.707675,1.817053,0.000000,0.000000,0.000000,0.000000,2.191221,0.000000,0.000000,1.885476,0.0000000,0.000000,0.000000,0.000000,0.000000,0.000000,1.981974,2.148757,0.000000,1.536953,0.000000,0.000000,2.210433,0.000000,0.000000,2.056415,1.904229,0.0000000,0.000000,2.503931,1.985265,0.0000000
0.000000,2.200724,0.0000000,0.000000,1.716155,0.000000,0.000000,1.803126,0.000000,0.000000,1.778210,2.110909,2.194392,2.429935,2.128595,2.428870,1.942122,2.360285,0.000000,0.000000,1.913159,2.109294,1.933956,2.272520,0.000000,2.127999,0.000000,2.185392,0.000000,1.624826,1.805705,0.000000,0.000000,0.000000,0.0000000,0.000000,2.359914,2.113848,0.000000,1.806010,0.000000,0.000000,0.000000,1.901684,0.000000,2.128223,0.000000,0.0000000,0.000000,2.025775,0.000000,1.903272,0.000000,1.871063,2.260023,2.112426,0.000000,0.000000,0.000000,2.249846,0.000000,0.000000,2.173659,0.000000,0.0000000,0.000000,2.468255,2.126017,1.9345857
0.000000,1.835517,0.0000000,0.000000,0.000000,0.000000,0.000000,0.000000,0.000000,0.000000,0.000000,2.067426,2.218899,2.431478,2.167904,2.509069,1.889789,2.326851,0.000000,1.853426,2.018426,2.033056,1.939890,2.190176,1.865519,2.129430,1.826078,2.148229,2.108688,0.000000,0.000000,0.000000,0.000000,0.000000,0.0000000,0.000000,2.400542,2.074957,0.000000,0.000000,0.000000,0.000000,0.000000,1.814006,0.000000,0.000000,0.000000,0.0000000,0.000000,1.896741,2.153004,1.757772,0.000000,0.000000,2.357338,0.000000,1.891987,0.000000,0.000000,2.139656,0.000000,1.612242,1.868259,2.064046,0.0000000,0.000000,2.614427,1.848583,1.8254696
0.000000,2.112059,0.0000000,0.000000,0.000000,0.000000,0.000000,1.893884,1.861424,0.000000,0.000000,2.164643,2.277344,2.448165,2.203775,2.461811,1.630534,2.346061,0.000000,1.977853,2.050002,2.078546,2.003310,2.273012,1.813111,2.151340,2.001551,2.115586,2.107161,0.000000,1.795426,0.000000,2.036458,2.022612,0.0000000,0.000000,2.369675,1.974804,0.000000,0.000000,0.000000,1.835402,0.000000,2.228748,0.000000,0.000000,0.000000,0.0000000,0.000000,2.150805,2.175578,1.908956,0.000000,1.620051,2.308536,1.897208,1.849744,0.000000,0.000000,2.171864,0.000000,1.888869,2.007543,2.119805,0.0000000,0.000000,2.605504,0.000000,1.8898765
2.594599,2.468467,0.0000000,2.405269,2.067505,1.829047,2.439303,2.009740,1.774079,2.561055,2.358924,2.007511,2.243440,2.426212,2.113295,2.465082,2.087834,2.410365,0.000000,1.968375,0.000000,2.156914,2.078995,2.189881,0.000000,2.280723,0.000000,2.171468,2.218368,0.000000,1.901207,1.750601,2.171581,0.000000,0.0000000,1.915998,2.466140,2.066474,0.000000,0.000000,2.126719,0.000000,0.000000,2.251141,0.000000,0.000000,0.000000,0.0000000,0.000000,1.863708,2.389016,0.000000,0.000000,2.133607,2.223194,2.006110,0.000000,0.000000,0.000000,2.144346,0.000000,0.000000,2.290079,1.757160,0.0000000,2.344025,2.473206,1.912295,1.8586788
0.000000,1.849692,1.9182780,0.000000,0.000000,0.000000,0.000000,1.859011,0.000000,0.000000,0.000000,2.112322,2.034702,2.472972,2.150406,2.442203,1.897157,2.346281,0.000000,1.784583,0.000000,2.084932,1.889360,2.122946,1.841177,2.080371,1.707496,1.988736,2.187141,0.000000,2.012922,0.000000,0.000000,1.912336,0.0000000,0.000000,2.337196,0.000000,0.000000,0.000000,0.000000,0.000000,0.000000,1.854696,2.149121,0.000000,0.000000,0.0000000,0.000000,2.098560,0.000000,1.806101,0.000000,0.000000,2.098620,0.000000,0.000000,1.911586,0.000000,2.183990,1.694547,0.000000,1.931697,2.157687,0.0000000,0.000000,2.518611,1.924976,1.8961725
0.000000,1.996251,2.1829168,0.000000,0.000000,0.000000,0.000000,0.000000,0.000000,0.000000,2.086229,2.204243,2.175622,2.440095,2.214173,2.362075,0.000000,2.305975,0.000000,1.864507,0.000000,2.144910,2.044825,2.246783,1.919527,2.130039,0.000000,1.995953,0.000000,0.000000,0.000000,0.000000,1.779475,0.000000,0.0000000,0.000000,2.520126,1.979446,0.000000,0.000000,0.000000,0.000000,0.000000,1.984499,2.073433,0.000000,0.000000,0.0000000,0.000000,1.993477,0.000000,0.000000,0.000000,0.000000,2.344874,0.000000,0.000000,1.645671,0.000000,2.260911,0.000000,1.853260,2.110809,2.216452,0.0000000,1.817606,2.589892,1.794987,0.0000000
0.000000,0.000000,0.0000000,0.000000,0.000000,0.000000,0.000000,1.898606,1.832937,0.000000,0.000000,2.186527,2.282284,2.459212,2.145897,2.414507,0.000000,2.380504,0.000000,1.984040,1.821143,2.200545,2.051858,2.300411,0.000000,2.253417,0.000000,2.170708,0.000000,0.000000,0.000000,0.000000,0.000000,0.000000,1.7612932,0.000000,2.473041,1.754557,0.000000,0.000000,0.000000,0.000000,0.000000,2.180616,0.000000,1.949702,0.000000,0.0000000,0.000000,0.000000,2.253831,2.172891,0.000000,0.000000,2.351619,2.067474,0.000000,0.000000,0.000000,2.338775,0.000000,1.904406,0.000000,2.150088,0.0000000,0.000000,2.628625,0.000000,0.0000000
0.000000,0.000000,0.0000000,0.000000,0.000000,0.000000,0.000000,0.000000,2.203443,0.000000,0.000000,2.188609,2.101483,2.424140,2.225857,2.435720,0.000000,2.328525,0.000000,1.955968,1.893250,2.155405,2.091061,2.289291,0.000000,2.114166,2.136184,1.895790,0.000000,1.977629,0.000000,0.000000,1.981956,2.093165,0.0000000,0.000000,2.437533,2.093162,1.926811,0.000000,0.000000,0.000000,0.000000,2.223878,0.000000,1.807876,1.901518,0.0000000,0.000000,2.123385,2.158417,1.907685,0.000000,0.000000,2.368781,1.990139,2.106810,0.000000,0.000000,2.199972,0.000000,1.960845,2.132787,2.177723,1.9616618,0.000000,2.332380,0.000000,0.0000000
0.000000,1.638647,0.0000000,0.000000,0.000000,0.000000,0.000000,1.905110,2.024019,0.000000,1.984917,2.262703,2.238552,2.440035,2.204650,2.424724,0.000000,2.359260,1.754688,1.714420,0.000000,2.187855,2.054471,2.281717,0.000000,2.183387,0.000000,2.158826,0.000000,0.000000,0.000000,0.000000,0.000000,0.000000,1.7981143,0.000000,2.411489,0.000000,0.000000,0.000000,0.000000,0.000000,1.656410,1.994243,0.000000,0.000000,1.724259,0.0000000,0.000000,1.966997,2.048219,1.877878,0.000000,0.000000,2.369088,1.861036,0.000000,0.000000,0.000000,2.246851,0.000000,0.000000,1.867371,2.094616,1.8805482,0.000000,2.459496,0.000000,0.0000000
0.000000,1.889167,0.0000000,0.000000,0.000000,0.000000,0.000000,1.936524,1.872447,0.000000,0.000000,2.156232,2.191084,2.411146,2.167383,2.456805,2.024117,2.381047,0.000000,0.000000,1.656080,1.968357,1.959170,2.225741,0.000000,2.182437,1.720516,2.219243,2.001004,0.000000,0.000000,0.000000,0.000000,1.845462,0.0000000,0.000000,2.417985,2.060326,0.000000,0.000000,0.000000,1.756560,0.000000,2.179634,0.000000,0.000000,0.000000,0.0000000,0.000000,1.932448,2.102813,1.727616,0.000000,0.000000,2.360506,2.010252,2.082116,0.000000,0.000000,2.149808,1.994578,0.000000,2.120333,2.046071,0.0000000,0.000000,2.477945,1.887100,1.9647117
0.000000,1.843072,2.0062757,0.000000,0.000000,0.000000,0.000000,0.000000,1.940365,0.000000,0.000000,2.169234,2.210335,2.437024,2.182487,2.411381,2.012607,2.328724,0.000000,1.907503,1.711085,2.104938,2.075197,2.212876,1.862870,2.107567,0.000000,2.119288,0.000000,0.000000,1.864274,0.000000,1.939492,1.673168,0.0000000,0.000000,2.393371,2.015568,0.000000,0.000000,0.000000,0.000000,0.000000,2.222791,2.047199,1.859529,0.000000,0.0000000,0.000000,0.000000,2.066145,0.000000,0.000000,0.000000,2.242447,1.685325,0.000000,1.992650,0.000000,1.923602,0.000000,0.000000,2.004590,0.000000,0.0000000,0.000000,2.416796,1.821270,2.0234929
0.000000,2.018133,0.0000000,0.000000,2.121719,0.000000,0.000000,0.000000,1.957374,0.000000,0.000000,1.982093,2.182493,2.453265,2.191091,2.460265,0.000000,2.295882,0.000000,0.000000,1.994324,1.914777,2.224044,2.227665,0.000000,2.172616,2.005212,0.000000,2.077351,1.954225,0.000000,0.000000,2.318504,0.000000,0.0000000,0.000000,2.368239,1.955366,0.000000,0.000000,0.000000,0.000000,0.000000,2.221674,1.979228,0.000000,0.000000,0.0000000,0.000000,1.882244,1.975463,0.000000,0.000000,0.000000,0.000000,0.000000,0.000000,1.957613,0.000000,2.207481,0.000000,0.000000,1.898349,2.016951,0.0000000,0.000000,2.257576,2.085819,1.9238004
0.000000,2.111016,0.0000000,0.000000,0.000000,0.000000,0.000000,0.000000,1.815874,2.218418,0.000000,2.182590,2.195767,2.480753,2.094449,2.422529,1.707536,2.340016,0.000000,1.981059,1.906739,2.071263,2.025988,2.301374,0.000000,2.163551,0.000000,2.102662,0.000000,0.000000,1.411996,0.000000,2.019228,0.000000,0.0000000,0.000000,2.453653,1.960936,0.000000,0.000000,0.000000,0.000000,0.000000,2.106941,0.000000,1.911610,0.000000,0.0000000,0.000000,2.087349,2.396052,1.861757,0.000000,0.000000,2.251983,0.000000,0.000000,0.000000,0.000000,2.135971,0.000000,1.860832,0.000000,1.982698,1.6528533,0.000000,2.565572,0.000000,0.0000000
0.000000,2.187882,0.0000000,0.000000,0.000000,0.000000,0.000000,1.866235,1.689793,0.000000,2.097961,2.228144,2.122855,2.421175,2.272415,2.376061,0.000000,2.320718,1.714136,2.040179,1.849395,2.184088,2.095772,2.231491,1.923022,2.100827,1.887430,2.039368,1.947046,0.000000,1.820823,0.000000,1.989610,0.000000,0.0000000,0.000000,2.433497,2.044266,1.872660,1.852805,0.000000,0.000000,0.000000,0.000000,0.000000,1.858963,1.654308,0.0000000,0.000000,2.136810,0.000000,1.950445,0.000000,0.000000,2.312658,0.000000,0.000000,0.000000,0.000000,2.176976,0.000000,0.000000,2.043933,2.102439,1.7290524,0.000000,2.520358,0.000000,0.0000000
1.867540,1.855330,0.0000000,0.000000,0.000000,0.000000,0.000000,1.887608,1.669894,0.000000,0.000000,2.162396,2.069311,2.478527,2.242126,2.379012,2.038793,2.264009,0.000000,1.930234,1.887027,2.073424,2.046997,2.254102,1.675061,2.139419,1.869121,2.025422,0.000000,0.000000,1.743550,0.000000,1.992483,0.000000,1.7084260,0.000000,2.349185,0.000000,0.000000,0.000000,1.825381,0.000000,0.000000,0.000000,0.000000,1.405664,0.000000,0.0000000,1.576446,1.996934,0.000000,1.863848,0.000000,0.000000,2.311704,0.000000,0.000000,0.000000,0.000000,2.087851,0.000000,0.000000,0.000000,2.137867,0.0000000,0.000000,2.603766,0.000000,0.0000000
2.490613,2.328323,0.0000000,2.309567,0.000000,0.000000,2.106256,0.000000,1.940638,0.000000,2.022998,2.161590,2.267689,2.434996,2.187207,2.393061,0.000000,2.382321,1.757772,1.785618,0.000000,2.261835,2.070173,2.201129,0.000000,2.128389,1.899031,2.113122,1.791182,0.000000,1.847171,0.000000,0.000000,0.000000,1.7537422,0.000000,2.477264,2.123184,2.011025,2.297973,2.235650,0.000000,0.000000,2.206876,0.000000,0.000000,0.000000,0.0000000,0.000000,1.942715,2.190963,0.000000,0.000000,0.000000,1.783135,2.111218,0.000000,0.000000,0.000000,2.224203,0.000000,0.000000,2.404790,2.062938,0.0000000,0.000000,2.575267,2.082710,0.0000000
0.000000,1.857998,0.0000000,0.000000,0.000000,0.000000,0.000000,0.000000,2.120773,0.000000,0.000000,0.000000,2.282668,2.446573,2.209444,2.514728,2.063784,2.384279,0.000000,0.000000,2.010807,2.174630,1.916985,2.318585,0.000000,2.262444,0.000000,2.225083,0.000000,0.000000,1.733280,0.000000,0.000000,0.000000,0.0000000,0.000000,0.000000,1.784807,1.708820,0.000000,0.000000,0.000000,0.000000,2.280549,0.000000,1.784536,0.000000,0.0000000,0.000000,2.061743,0.000000,1.852224,0.000000,0.000000,2.389265,0.000000,0.000000,0.000000,0.000000,0.000000,0.000000,0.000000,0.000000,2.017199,0.0000000,0.000000,2.510395,0.000000,0.0000000
0.000000,1.904464,1.4153554,0.000000,0.000000,0.000000,0.000000,2.013178,2.085891,0.000000,1.821689,2.113624,2.065129,2.438844,2.277189,2.407569,0.000000,2.298416,0.000000,0.000000,1.959700,2.020416,2.018986,2.275059,0.000000,2.135884,2.058911,2.092269,0.000000,0.000000,0.000000,0.000000,0.000000,0.000000,0.0000000,0.000000,2.447238,1.964495,0.000000,0.000000,0.000000,0.000000,1.761667,2.174319,0.000000,1.707893,1.589184,0.0000000,0.000000,1.925693,0.000000,1.544231,0.000000,1.802981,2.323452,0.000000,1.832063,0.000000,0.000000,2.136195,0.000000,0.000000,0.000000,2.093514,1.9132923,0.000000,2.525065,0.000000,0.0000000
1.999006,2.042086,2.0530885,0.000000,0.000000,1.731562,1.895044,0.000000,0.000000,0.000000,2.210498,2.269283,2.061999,2.458181,2.306156,2.408363,0.000000,2.137700,0.000000,1.820631,0.000000,1.955057,1.868665,2.175873,0.000000,0.000000,1.638831,0.000000,2.097211,0.000000,2.046186,0.000000,0.000000,0.000000,0.0000000,2.058396,2.408682,0.000000,0.000000,0.000000,1.903252,0.000000,0.000000,1.661787,0.000000,0.000000,0.000000,0.0000000,0.000000,1.582053,1.994338,2.265365,0.000000,0.000000,2.327876,1.994985,2.298591,0.000000,0.000000,2.118123,1.821015,1.789092,2.638228,2.106519,0.0000000,0.000000,2.529346,0.000000,2.5121238
0.000000,1.832029,0.0000000,0.000000,0.000000,0.000000,0.000000,0.000000,0.000000,0.000000,1.984409,2.227455,2.107108,2.433098,2.109480,2.478489,0.000000,2.328264,0.000000,0.000000,0.000000,0.000000,1.907355,2.188118,0.000000,2.102237,1.848396,1.990728,0.000000,0.000000,0.000000,0.000000,0.000000,0.000000,0.0000000,0.000000,2.418226,1.958323,0.000000,1.721171,0.000000,0.000000,0.000000,2.059811,1.909032,0.000000,0.000000,0.0000000,0.000000,1.992321,2.124526,1.814896,0.000000,0.000000,2.148144,0.000000,0.000000,0.000000,0.000000,2.046621,0.000000,0.000000,1.902114,0.000000,0.0000000,0.000000,2.464796,1.955690,0.0000000
0.000000,1.690813,0.0000000,0.000000,0.000000,0.000000,0.000000,0.000000,2.023034,0.000000,0.000000,2.239909,2.184128,2.417306,2.175961,2.475245,0.000000,2.394694,0.000000,0.000000,1.974776,2.068827,1.890462,2.235103,0.000000,2.182644,0.000000,2.067917,2.103075,0.000000,1.942581,0.000000,0.000000,0.000000,0.0000000,0.000000,2.486856,2.006762,0.000000,0.000000,0.000000,1.812219,0.000000,2.207478,0.000000,0.000000,0.000000,0.0000000,0.000000,2.139955,2.300431,2.357585,0.000000,0.000000,2.185892,1.836353,0.000000,0.000000,0.000000,1.962374,0.000000,0.000000,2.029321,2.139374,0.0000000,0.000000,2.529764,0.000000,2.0355896
0.000000,1.885629,0.0000000,0.000000,0.000000,0.000000,0.000000,0.000000,2.063898,1.905456,0.000000,2.201349,2.208664,2.427342,2.179596,2.487244,0.000000,2.383513,0.000000,1.934170,1.733397,2.054217,1.922332,2.227999,0.000000,2.207087,1.844457,2.114948,2.088025,0.000000,0.000000,0.000000,0.000000,0.000000,0.0000000,0.000000,2.446350,2.095788,0.000000,0.000000,0.000000,0.000000,0.000000,2.229419,0.000000,1.860716,0.000000,0.0000000,0.000000,2.171970,2.199565,2.257088,0.000000,0.000000,2.319040,1.987662,1.656437,0.000000,0.000000,2.054304,0.000000,0.000000,0.000000,2.044755,0.0000000,0.000000,2.500022,0.000000,1.9847549
0.000000,0.000000,0.0000000,0.000000,0.000000,0.000000,0.000000,0.000000,0.000000,0.000000,0.000000,2.180208,2.177278,2.441853,2.191651,2.413235,0.000000,2.387466,0.000000,0.000000,0.000000,2.192655,2.102618,2.256076,0.000000,2.278683,0.000000,2.187490,0.000000,0.000000,0.000000,0.000000,1.789035,0.000000,0.0000000,0.000000,2.517522,2.130209,0.000000,0.000000,0.000000,0.000000,0.000000,2.173432,0.000000,0.000000,0.000000,0.0000000,0.000000,2.098028,2.159312,1.903534,0.000000,0.000000,2.342280,1.851437,0.000000,0.000000,0.000000,2.216734,0.000000,0.000000,0.000000,2.117503,1.8270865,0.000000,2.625452,0.000000,0.0000000
0.000000,1.986896,2.2232307,2.123205,0.000000,0.000000,2.207325,0.000000,2.095766,0.000000,0.000000,2.214931,2.015091,2.444826,2.260954,2.380915,0.000000,2.406250,0.000000,1.940915,0.000000,1.582182,2.097252,2.254573,0.000000,2.115506,1.888603,2.180371,2.045024,0.000000,1.650333,0.000000,0.000000,0.000000,0.0000000,0.000000,2.431377,2.050770,2.288655,0.000000,1.811401,0.000000,1.778850,2.201157,0.000000,0.000000,0.000000,0.0000000,0.000000,1.930870,2.085804,1.822540,0.000000,0.000000,2.293035,2.068512,2.427081,0.000000,0.000000,1.965367,0.000000,1.786727,2.312604,2.127744,0.0000000,0.000000,2.560113,0.000000,0.0000000
0.000000,2.030977,0.0000000,0.000000,0.000000,0.000000,0.000000,1.905373,0.000000,0.000000,0.000000,2.283192,2.179751,2.453804,2.229562,2.360595,0.000000,2.350200,1.738657,0.000000,0.000000,2.176383,2.130035,2.278482,0.000000,1.849425,0.000000,2.173606,0.000000,0.000000,0.000000,0.000000,0.000000,2.044682,1.9357967,0.000000,2.575132,1.869454,0.000000,0.000000,0.000000,0.000000,0.000000,1.868071,0.000000,1.726412,0.000000,0.0000000,0.000000,1.741852,2.282078,0.000000,0.000000,0.000000,2.448294,2.089049,1.794514,0.000000,0.000000,2.249212,0.000000,0.000000,1.824236,2.021308,0.0000000,0.000000,2.585535,0.000000,0.0000000
0.000000,2.001867,0.0000000,0.000000,0.000000,0.000000,0.000000,2.043655,1.928700,1.765380,0.000000,2.218617,2.115479,2.432222,2.130226,2.384188,0.000000,2.214055,1.610139,0.000000,0.000000,2.008812,2.057903,2.247284,0.000000,2.115021,1.941997,2.089362,1.763808,1.911823,0.000000,0.000000,0.000000,0.000000,1.6401436,0.000000,2.437676,2.004538,1.863293,0.000000,0.000000,0.000000,0.000000,2.175591,0.000000,0.000000,0.000000,0.0000000,0.000000,1.934961,2.083775,1.590337,0.000000,0.000000,2.405339,0.000000,0.000000,0.000000,0.000000,2.150415,0.000000,1.721823,1.772586,2.126471,1.7141167,0.000000,2.289511,1.884572,0.0000000
0.000000,1.882023,0.0000000,0.000000,0.000000,0.000000,0.000000,0.000000,1.946222,0.000000,0.000000,2.210508,2.155663,2.440461,2.177013,2.429359,0.000000,2.243008,1.513393,1.924121,1.819390,1.790311,2.032858,2.275069,1.823995,1.987274,1.703700,1.996672,1.837848,0.000000,0.000000,0.000000,2.033174,1.991115,0.0000000,0.000000,2.332110,0.000000,1.756718,0.000000,0.000000,0.000000,0.000000,2.194715,0.000000,1.989267,1.813650,0.0000000,1.683065,1.951010,2.038644,1.915057,0.000000,0.000000,2.258940,1.930806,1.913895,0.000000,0.000000,2.090088,0.000000,0.000000,1.997076,2.110278,0.0000000,0.000000,2.562724,0.000000,0.0000000
0.000000,2.000598,0.0000000,0.000000,0.000000,0.000000,0.000000,0.000000,1.891923,0.000000,0.000000,1.984894,2.182347,2.452241,2.177857,2.432159,0.000000,2.347329,0.000000,0.000000,0.000000,2.001864,1.953504,2.175699,0.000000,2.042192,0.000000,2.147719,0.000000,0.000000,0.000000,0.000000,0.000000,0.000000,0.0000000,0.000000,2.452577,2.053920,0.000000,0.000000,0.000000,0.000000,1.659593,2.203341,0.000000,0.000000,0.000000,0.0000000,0.000000,2.107966,2.167589,2.196414,0.000000,0.000000,2.315049,0.000000,0.000000,0.000000,0.000000,0.000000,0.000000,0.000000,0.000000,2.071488,1.9316058,0.000000,2.059083,1.746751,0.0000000
0.000000,2.137308,1.6123856,1.843647,0.000000,0.000000,0.000000,1.936669,1.995224,0.000000,0.000000,2.222498,2.132720,2.463088,2.261494,2.426703,0.000000,2.364200,0.000000,1.937440,1.618913,2.147922,2.011729,2.242079,0.000000,1.788427,0.000000,2.210560,0.000000,0.000000,0.000000,0.000000,0.000000,0.000000,1.6205315,0.000000,2.387816,0.000000,1.664553,0.000000,2.070090,0.000000,0.000000,2.113452,0.000000,0.000000,0.000000,0.0000000,0.000000,1.950506,0.000000,1.707833,0.000000,0.000000,2.248854,1.621522,1.831413,0.000000,0.000000,2.165578,0.000000,0.000000,2.052791,2.065318,0.0000000,0.000000,2.529333,0.000000,0.0000000
0.000000,0.000000,0.0000000,0.000000,0.000000,0.000000,0.000000,1.720989,1.957180,0.000000,0.000000,2.165338,2.181406,2.462678,2.195161,2.401130,0.000000,2.324977,1.554031,1.817765,1.711607,0.000000,2.074894,2.250312,0.000000,2.114430,2.000566,2.095970,0.000000,0.000000,0.000000,0.000000,0.000000,0.000000,1.6589724,0.000000,2.447429,1.948539,1.905144,0.000000,0.000000,0.000000,0.000000,2.127901,0.000000,2.027200,0.000000,0.0000000,0.000000,2.230343,2.146220,1.891441,0.000000,0.000000,2.221969,0.000000,1.723564,0.000000,0.000000,2.139906,0.000000,1.859115,0.000000,2.064041,0.0000000,0.000000,2.312326,0.000000,0.0000000
0.000000,1.841192,1.6243584,2.119697,0.000000,0.000000,1.675378,1.978344,1.928733,0.000000,2.009175,2.179689,2.238042,2.458435,2.238914,2.409102,0.000000,2.331634,1.847383,0.000000,2.088836,2.149806,2.038043,2.254645,1.701941,2.141804,2.128003,1.968767,0.000000,1.925406,0.000000,0.000000,0.000000,1.968676,1.7235109,0.000000,2.500925,1.971957,2.002756,0.000000,0.000000,0.000000,0.000000,2.079791,0.000000,2.113077,0.000000,0.0000000,0.000000,2.220540,2.134813,2.039888,0.000000,0.000000,2.252540,2.081218,2.166477,1.866176,0.000000,2.303113,1.885204,0.000000,2.373440,2.162711,0.0000000,0.000000,2.527312,0.000000,1.4060023
0.000000,0.000000,0.0000000,0.000000,0.000000,0.000000,0.000000,0.000000,0.000000,0.000000,0.000000,1.923572,2.352794,2.461994,2.192679,2.526181,0.000000,2.359644,0.000000,0.000000,0.000000,2.241868,2.058811,2.248138,0.000000,2.255174,0.000000,2.209829,2.396520,0.000000,0.000000,0.000000,0.000000,0.000000,0.0000000,0.000000,0.000000,0.000000,0.000000,0.000000,0.000000,0.000000,0.000000,0.000000,0.000000,0.000000,0.000000,0.0000000,0.000000,0.000000,0.000000,1.900900,0.000000,0.000000,0.000000,0.000000,0.000000,0.000000,0.000000,0.000000,0.000000,0.000000,0.000000,0.000000,0.0000000,0.000000,2.627193,0.000000,0.0000000
0.000000,1.743972,0.0000000,0.000000,0.000000,0.000000,0.000000,0.000000,0.000000,0.000000,0.000000,1.557991,2.146554,2.428571,2.130568,2.434711,2.110788,2.284852,0.000000,1.807656,1.603668,1.991959,1.890424,2.171266,0.000000,2.132405,0.000000,2.129297,1.994352,1.681008,1.812578,0.000000,1.813130,0.000000,0.0000000,0.000000,0.000000,1.883390,0.000000,0.000000,0.000000,0.000000,0.000000,2.187786,2.009599,0.000000,0.000000,0.0000000,0.000000,0.000000,0.000000,0.000000,0.000000,0.000000,2.183144,0.000000,2.068464,1.792283,0.000000,1.860688,0.000000,0.000000,0.000000,1.797101,0.0000000,0.000000,2.432090,0.000000,0.0000000
0.000000,1.878406,0.0000000,0.000000,0.000000,0.000000,0.000000,0.000000,1.931005,0.000000,0.000000,2.115062,2.238211,2.424826,2.069980,2.424520,2.027573,2.365198,0.000000,1.921032,0.000000,2.077576,1.875086,2.271897,0.000000,2.216740,0.000000,2.183861,0.000000,0.000000,1.786425,0.000000,0.000000,0.000000,0.0000000,0.000000,2.447703,2.083027,0.000000,0.000000,0.000000,0.000000,0.000000,2.190237,0.000000,1.965787,0.000000,0.0000000,0.000000,1.870302,0.000000,0.000000,0.000000,0.000000,2.361486,0.000000,0.000000,0.000000,0.000000,2.173513,0.000000,0.000000,1.845981,2.006017,0.0000000,0.000000,2.544960,1.882957,1.9986432
0.000000,0.000000,0.0000000,0.000000,0.000000,0.000000,0.000000,0.000000,0.000000,0.000000,0.000000,0.000000,2.096398,2.409172,2.141194,2.381011,0.000000,2.291997,0.000000,0.000000,2.024674,2.044199,1.870614,2.279997,0.000000,2.131496,2.128711,2.066225,0.000000,0.000000,0.000000,0.000000,0.000000,0.000000,0.0000000,0.000000,2.302539,2.000943,0.000000,0.000000,0.000000,0.000000,0.000000,1.880707,0.000000,1.643274,0.000000,0.0000000,0.000000,0.000000,2.021643,0.000000,0.000000,0.000000,2.353736,0.000000,0.000000,0.000000,0.000000,1.985775,0.000000,0.000000,0.000000,2.177562,1.8430954,0.000000,2.498333,0.000000,0.0000000
0.000000,0.000000,1.7347790,0.000000,0.000000,0.000000,0.000000,0.000000,0.000000,1.862736,0.000000,2.179193,2.061375,2.444851,2.125498,2.385273,0.000000,2.360883,1.497967,0.000000,1.900839,2.033124,1.942187,2.188739,0.000000,2.236986,0.000000,2.243128,0.000000,0.000000,0.000000,0.000000,1.926687,0.000000,0.0000000,0.000000,2.438248,2.044848,0.000000,0.000000,0.000000,0.000000,0.000000,2.020186,2.116371,2.001531,0.000000,0.0000000,0.000000,0.000000,2.121040,2.267543,0.000000,0.000000,2.378502,0.000000,0.000000,1.801374,0.000000,2.000867,0.000000,0.000000,0.000000,2.044499,1.9856268,1.693029,2.552727,1.826982,0.0000000
0.000000,1.419502,0.0000000,0.000000,0.000000,0.000000,0.000000,0.000000,1.929207,0.000000,0.000000,2.170174,2.167666,2.417933,2.169890,2.447402,1.751877,2.355174,1.707119,1.746230,1.720753,2.133213,1.946186,2.269570,0.000000,2.134254,1.507564,2.177834,0.000000,0.000000,1.953564,0.000000,0.000000,0.000000,1.6732171,0.000000,2.408521,2.033393,0.000000,0.000000,1.961596,0.000000,0.000000,2.055784,0.000000,0.000000,1.601646,0.0000000,1.765609,2.033762,2.127947,1.997873,2.141109,0.000000,2.306274,0.000000,0.000000,0.000000,0.000000,2.117811,0.000000,0.000000,0.000000,2.063753,1.7204618,0.000000,2.468987,0.000000,0.0000000
0.000000,1.568190,0.0000000,0.000000,0.000000,0.000000,1.639748,0.000000,2.153903,0.000000,0.000000,2.145233,2.202793,2.416038,2.230625,2.455901,1.659755,2.276804,1.765985,1.898082,0.000000,2.128332,2.043042,2.286317,1.747117,2.099343,0.000000,2.029002,0.000000,0.000000,0.000000,0.000000,0.000000,2.112961,0.0000000,0.000000,2.408106,2.189886,1.939604,0.000000,0.000000,0.000000,0.000000,0.000000,1.748605,1.968652,0.000000,0.0000000,0.000000,2.195763,2.151058,2.040975,0.000000,1.910430,2.363815,0.000000,1.986551,0.000000,0.000000,2.164716,0.000000,1.963196,2.162606,2.193426,1.7831709,0.000000,2.540337,0.000000,0.0000000
0.000000,0.000000,2.0859606,0.000000,0.000000,0.000000,0.000000,1.989674,2.140704,1.969161,1.920436,2.103290,2.162111,2.434189,2.256904,2.354202,1.675524,2.283719,1.849521,1.967256,1.928534,2.187374,2.071456,2.226467,2.008884,2.048354,0.000000,0.000000,1.959789,0.000000,0.000000,0.000000,1.814111,0.000000,0.0000000,0.000000,2.448138,1.967462,0.000000,0.000000,0.000000,0.000000,0.000000,2.038992,2.126547,2.052680,0.000000,1.7594240,0.000000,1.950257,0.000000,1.962324,0.000000,0.000000,2.336516,0.000000,1.747453,1.998300,0.000000,2.099640,0.000000,0.000000,1.932053,2.212262,0.0000000,0.000000,2.599313,0.000000,0.0000000
0.000000,1.881422,0.0000000,2.170932,2.046415,0.000000,0.000000,1.949499,1.991059,1.980523,0.000000,2.171150,2.165937,2.462088,2.207208,2.397208,1.967393,2.358861,0.000000,1.837985,1.819630,2.102585,2.028728,2.127875,0.000000,2.193987,1.848531,2.099788,0.000000,0.000000,0.000000,0.000000,1.431731,1.883913,1.9061793,0.000000,2.460364,2.122002,0.000000,2.104275,2.255860,0.000000,0.000000,2.125635,0.000000,2.096047,0.000000,0.0000000,0.000000,0.000000,2.353780,1.942231,0.000000,0.000000,2.233924,2.143174,2.050341,0.000000,1.870937,2.180211,2.080668,0.000000,2.088788,1.960616,1.8813698,0.000000,2.500796,1.753523,1.9795004
0.000000,0.000000,0.0000000,0.000000,0.000000,0.000000,0.000000,0.000000,0.000000,0.000000,0.000000,0.000000,2.194954,2.472157,2.282650,2.467784,0.000000,2.276683,1.650276,1.857243,0.000000,2.105837,2.027864,2.238960,0.000000,2.115027,0.000000,0.000000,2.165080,2.389101,2.045515,0.000000,0.000000,0.000000,0.0000000,0.000000,2.057153,0.000000,0.000000,2.424015,2.458044,0.000000,0.000000,0.000000,0.000000,0.000000,0.000000,0.0000000,0.000000,2.192717,0.000000,2.110711,0.000000,0.000000,2.209636,2.239197,0.000000,0.000000,0.000000,0.000000,0.000000,0.000000,0.000000,2.083155,0.0000000,0.000000,2.373147,0.000000,1.9136582
0.000000,1.915350,0.0000000,0.000000,1.862520,0.000000,2.278326,0.000000,0.000000,0.000000,0.000000,0.000000,2.122308,2.471941,2.256621,2.376519,0.000000,2.198700,0.000000,0.000000,0.000000,1.993654,1.914998,2.191294,0.000000,2.059839,0.000000,0.000000,2.044508,0.000000,0.000000,0.000000,0.000000,0.000000,0.0000000,0.000000,0.000000,2.005802,0.000000,0.000000,0.000000,0.000000,1.679945,0.000000,2.101827,0.000000,0.000000,0.0000000,0.000000,2.138043,0.000000,2.087927,0.000000,0.000000,0.000000,0.000000,0.000000,1.991360,0.000000,0.000000,0.000000,0.000000,0.000000,2.038163,0.0000000,0.000000,2.241988,0.000000,1.9653793
0.000000,1.830836,0.0000000,0.000000,0.000000,0.000000,0.000000,0.000000,0.000000,0.000000,1.943479,1.993824,2.240203,2.450699,2.231049,2.457114,1.636672,2.368293,1.601646,1.884885,0.000000,2.242088,2.162051,2.267013,0.000000,2.187313,0.000000,2.136637,0.000000,0.000000,1.562443,0.000000,0.000000,0.000000,0.0000000,0.000000,2.349092,2.104154,0.000000,0.000000,0.000000,0.000000,0.000000,1.839006,0.000000,0.000000,0.000000,0.0000000,0.000000,1.951177,2.050597,0.000000,0.000000,0.000000,2.182535,1.897307,0.000000,0.000000,0.000000,1.964169,0.000000,0.000000,0.000000,2.072274,0.0000000,0.000000,2.406092,1.880442,0.0000000
0.000000,2.400579,0.0000000,0.000000,0.000000,0.000000,0.000000,0.000000,2.167422,0.000000,0.000000,0.000000,2.041063,2.459456,2.221669,2.374556,0.000000,2.367120,1.837726,2.070793,2.114519,2.149206,2.003366,2.267028,1.934617,1.944894,0.000000,2.159984,2.178328,0.000000,2.104655,0.000000,0.000000,0.000000,0.0000000,0.000000,2.445894,2.271595,0.000000,2.458554,2.432732,0.000000,0.000000,2.171225,0.000000,0.000000,0.000000,0.0000000,0.000000,1.914410,0.000000,1.848926,0.000000,0.000000,1.845172,0.000000,0.000000,0.000000,0.000000,2.298664,0.000000,0.000000,0.000000,2.161716,0.0000000,0.000000,2.529660,0.000000,1.8057149
0.000000,2.188372,0.0000000,0.000000,0.000000,0.000000,2.520758,0.000000,2.209624,0.000000,0.000000,0.000000,0.000000,2.473425,0.000000,2.393921,0.000000,2.380703,0.000000,0.000000,0.000000,0.000000,0.000000,2.372678,0.000000,0.000000,0.000000,2.200861,2.101251,2.195254,1.940749,0.000000,0.000000,0.000000,0.0000000,0.000000,0.000000,0.000000,0.000000,2.656783,2.630525,0.000000,0.000000,0.000000,0.000000,0.000000,0.000000,0.0000000,0.000000,2.182948,0.000000,0.000000,0.000000,0.000000,2.196241,0.000000,0.000000,0.000000,0.000000,0.000000,0.000000,0.000000,0.000000,0.000000,0.0000000,1.977206,2.524116,0.000000,0.0000000
0.000000,1.913512,0.0000000,0.000000,0.000000,0.000000,1.763358,2.172671,1.984690,2.247441,0.000000,2.231663,2.201565,2.461644,2.192790,2.469182,0.000000,2.364101,1.932428,1.854896,0.000000,2.190235,2.074009,2.216871,1.834386,2.157883,1.995781,2.115958,0.000000,0.000000,0.000000,0.000000,0.000000,0.000000,2.0340603,0.000000,2.533053,1.953863,1.632521,0.000000,1.908871,0.000000,0.000000,2.187215,0.000000,0.000000,1.919989,0.0000000,0.000000,1.888149,2.303356,2.380846,0.000000,0.000000,2.204260,1.950202,1.821779,1.945364,0.000000,2.275140,0.000000,0.000000,2.053044,2.135950,2.0443138,0.000000,2.499230,0.000000,1.7155727
0.000000,1.991132,0.0000000,0.000000,0.000000,0.000000,0.000000,1.969504,1.970117,2.133612,0.000000,2.220540,2.194151,2.473017,2.228470,2.436692,1.876247,2.309998,1.533569,2.004785,0.000000,2.135521,2.018379,2.209685,0.000000,2.150792,1.955988,2.049309,0.000000,0.000000,0.000000,0.000000,1.999632,0.000000,0.0000000,0.000000,2.493088,2.059955,1.736788,0.000000,0.000000,0.000000,0.000000,2.220435,0.000000,0.000000,0.000000,0.0000000,0.000000,2.193505,2.208762,2.278297,0.000000,0.000000,2.318409,2.064618,0.000000,0.000000,0.000000,2.123971,0.000000,0.000000,2.025156,2.109051,1.6418670,0.000000,2.477860,0.000000,0.0000000
0.000000,1.948031,0.0000000,0.000000,1.823843,0.000000,0.000000,2.077757,1.861540,2.032412,0.000000,2.129723,2.142239,2.480616,2.243217,2.411364,1.775394,2.275461,0.000000,1.893314,0.000000,1.940808,1.949178,2.239265,1.830137,2.210722,0.000000,2.132534,1.967319,0.000000,1.930394,0.000000,0.000000,1.849172,1.9282121,0.000000,2.440512,2.086257,0.000000,0.000000,0.000000,0.000000,1.535325,2.164146,0.000000,0.000000,0.000000,0.0000000,0.000000,2.049817,2.147059,1.935505,0.000000,0.000000,2.308515,0.000000,2.058515,0.000000,0.000000,2.180267,0.000000,0.000000,1.906315,2.047669,0.0000000,0.000000,2.457223,0.000000,1.9143641
2.172493,2.123304,1.5981172,2.029264,1.476264,0.000000,1.868568,1.808766,1.977727,2.284876,2.175897,0.000000,2.268099,2.455780,2.187077,2.386314,0.000000,2.361688,1.762164,1.915220,2.093766,2.064804,1.919007,2.254464,1.736657,2.111070,0.000000,2.205353,2.098546,0.000000,1.643334,0.000000,1.690304,0.000000,1.4174927,2.081289,2.393817,1.851729,0.000000,1.593750,0.000000,0.000000,1.506706,2.177485,0.000000,0.000000,0.000000,0.0000000,0.000000,2.093418,2.257955,2.054106,0.000000,1.831065,2.336941,1.985870,1.892827,1.925589,0.000000,2.198137,0.000000,0.000000,2.001766,2.012177,0.0000000,0.000000,2.492699,2.176775,1.6656460
0.000000,2.086622,2.0831966,0.000000,1.649561,0.000000,0.000000,1.710638,2.078939,0.000000,0.000000,0.000000,2.258945,2.444831,2.143426,2.435345,2.140451,2.289626,1.854482,0.000000,1.929832,2.129416,2.020775,2.262668,0.000000,2.146631,1.898061,2.072164,0.000000,0.000000,0.000000,0.000000,2.003405,0.000000,0.0000000,0.000000,2.381839,2.007441,0.000000,1.990109,0.000000,0.000000,0.000000,2.158567,2.074101,1.701199,0.000000,0.0000000,0.000000,1.835163,0.000000,1.697708,2.024548,0.000000,2.288967,0.000000,0.000000,1.885204,0.000000,1.923560,0.000000,1.768012,0.000000,2.073628,1.5465745,0.000000,2.556323,1.744361,0.0000000
0.000000,1.923606,0.0000000,0.000000,0.000000,0.000000,0.000000,2.066946,1.940157,2.140123,1.964751,2.260120,2.159243,2.481022,2.225744,2.427852,1.848366,2.247763,0.000000,1.885357,1.892101,2.038446,2.053795,2.234735,1.737701,2.237072,1.774155,2.002978,0.000000,0.000000,1.492258,0.000000,0.000000,0.000000,1.9779894,0.000000,2.407420,1.816356,0.000000,1.976796,0.000000,1.831040,0.000000,1.990228,0.000000,0.000000,0.000000,0.0000000,0.000000,1.853937,0.000000,1.760487,0.000000,1.591849,2.394828,0.000000,0.000000,0.000000,0.000000,2.210319,1.619190,0.000000,2.027956,1.998233,0.0000000,0.000000,2.522725,1.714003,1.8044676
0.000000,2.398547,2.0721155,2.228155,1.839837,1.945716,1.986518,2.096668,1.745105,0.000000,2.270737,2.211970,2.181339,2.414910,2.136673,2.467602,1.940453,2.276027,1.665386,1.677365,1.998443,2.106900,1.960260,2.264172,0.000000,2.098992,2.195584,2.072415,0.000000,0.000000,0.000000,2.117066,0.000000,0.000000,1.9741686,2.083776,2.489908,2.020836,2.293788,2.051034,0.000000,0.000000,0.000000,2.376184,2.007684,0.000000,1.884206,0.0000000,0.000000,2.091066,2.272964,2.315079,2.025819,1.617802,2.297387,2.133254,2.220287,0.000000,2.108463,2.273570,2.125403,1.935034,2.511756,2.160820,1.9664669,0.000000,2.345196,2.213745,2.0684619
0.000000,1.710658,1.6364236,0.000000,0.000000,0.000000,0.000000,1.791554,1.656794,1.815533,1.914187,2.201042,2.159048,2.427827,2.235294,2.462882,2.050215,2.347381,1.819556,2.061815,2.010443,2.148748,2.041663,2.216561,1.858838,2.237087,1.864294,2.143393,0.000000,0.000000,0.000000,0.000000,2.023582,0.000000,0.0000000,0.000000,2.337660,2.046441,0.000000,0.000000,0.000000,0.000000,0.000000,2.201608,0.000000,0.000000,0.000000,0.0000000,1.771310,2.019977,0.000000,0.000000,0.000000,0.000000,2.359168,1.827523,0.000000,0.000000,0.000000,1.760152,0.000000,1.795338,1.877896,2.083552,0.0000000,0.000000,2.589479,0.000000,0.0000000
0.000000,2.287773,2.1314946,0.000000,0.000000,0.000000,2.230372,0.000000,0.000000,0.000000,2.204262,0.000000,2.132264,2.462127,2.214397,2.449337,2.018328,2.387106,2.094709,1.856308,2.147765,2.334380,2.298821,1.970224,1.868013,2.210922,0.000000,2.094816,0.000000,1.964492,2.223582,0.000000,0.000000,0.000000,2.0776417,0.000000,2.044499,0.000000,0.000000,2.261686,2.382320,0.000000,0.000000,0.000000,0.000000,0.000000,2.099419,0.0000000,0.000000,2.041585,0.000000,2.077274,0.000000,0.000000,0.000000,0.000000,1.883701,0.000000,0.000000,0.000000,2.166412,0.000000,1.816413,2.159009,0.0000000,0.000000,2.205785,1.865499,0.0000000
0.000000,1.733330,0.0000000,1.863961,0.000000,0.000000,0.000000,0.000000,0.000000,0.000000,1.891777,2.173166,2.114351,2.427712,2.210610,2.389348,2.006642,2.341329,0.000000,1.656712,0.000000,2.181610,1.957239,2.202630,1.878705,2.168639,2.076744,2.105444,0.000000,0.000000,0.000000,0.000000,0.000000,2.042447,0.0000000,0.000000,2.452081,2.016018,0.000000,0.000000,0.000000,1.898678,0.000000,0.000000,0.000000,2.086166,1.767468,0.0000000,0.000000,2.121815,2.085603,2.032276,1.920946,0.000000,2.317686,2.170057,1.835270,0.000000,0.000000,2.028688,0.000000,1.921802,2.243924,2.026958,2.0590080,0.000000,2.544645,0.000000,1.9159575
0.000000,0.000000,1.8585679,0.000000,0.000000,0.000000,0.000000,1.914858,1.985683,0.000000,0.000000,1.841806,1.859983,2.427006,2.090796,2.412266,2.110951,2.341729,0.000000,0.000000,1.754063,1.827966,1.743425,2.248653,0.000000,2.146899,0.000000,1.933351,0.000000,0.000000,0.000000,0.000000,0.000000,0.000000,0.0000000,0.000000,2.405826,1.911475,0.000000,2.088732,0.000000,0.000000,0.000000,2.163938,2.093267,0.000000,2.029211,0.0000000,0.000000,0.000000,0.000000,0.000000,0.000000,0.000000,2.190409,0.000000,2.030543,1.943284,0.000000,0.000000,0.000000,0.000000,1.850960,1.993544,0.0000000,1.892612,2.375196,0.000000,0.0000000
0.000000,1.797231,0.0000000,0.000000,0.000000,0.000000,0.000000,1.842034,2.099094,0.000000,0.000000,2.161890,2.184927,2.428291,2.152434,2.441041,0.000000,2.375876,1.754499,0.000000,1.970825,2.181874,1.900081,2.217431,0.000000,2.225930,2.005787,2.180942,0.000000,1.725551,0.000000,0.000000,0.000000,0.000000,1.6738833,0.000000,2.437408,1.954948,0.000000,0.000000,0.000000,0.000000,0.000000,2.176494,0.000000,0.000000,0.000000,0.0000000,0.000000,2.040424,0.000000,1.982064,0.000000,0.000000,2.144411,1.863427,0.000000,0.000000,0.000000,2.157101,0.000000,0.000000,1.809659,1.988261,1.6094813,0.000000,2.242662,1.705740,1.8559118
1.952376,2.118800,0.0000000,0.000000,0.000000,0.000000,2.025110,0.000000,0.000000,0.000000,1.902393,0.000000,1.993834,2.435518,0.000000,2.404326,0.000000,2.230926,0.000000,0.000000,0.000000,0.000000,0.000000,1.908662,0.000000,0.000000,0.000000,1.993308,0.000000,0.000000,1.713641,0.000000,2.060806,0.000000,0.0000000,0.000000,2.438371,2.142040,0.000000,2.307848,2.361472,0.000000,0.000000,1.934248,0.000000,0.000000,0.000000,0.0000000,0.000000,0.000000,2.181165,2.379847,0.000000,0.000000,2.320929,0.000000,0.000000,0.000000,0.000000,2.180453,0.000000,0.000000,2.021543,2.085696,0.0000000,0.000000,2.618957,0.000000,1.9602628
0.000000,0.000000,0.0000000,0.000000,0.000000,0.000000,0.000000,0.000000,0.000000,0.000000,2.151623,0.000000,2.031515,2.398409,1.919558,2.359156,1.703822,2.330030,0.000000,0.000000,0.000000,0.000000,1.858012,2.075613,1.742089,0.000000,0.000000,2.200974,2.207410,0.000000,1.603060,0.000000,0.000000,0.000000,1.8556710,0.000000,2.388741,2.054110,0.000000,0.000000,0.000000,0.000000,0.000000,0.000000,1.991311,0.000000,0.000000,1.8087459,0.000000,1.576935,1.905008,1.824796,0.000000,0.000000,2.067887,1.786518,0.000000,0.000000,0.000000,0.000000,0.000000,0.000000,1.766173,0.000000,0.0000000,0.000000,2.565849,0.000000,0.0000000
2.638900,2.631223,0.0000000,2.120371,0.000000,0.000000,2.426808,0.000000,0.000000,0.000000,0.000000,0.000000,0.000000,2.509116,2.203261,2.374294,0.000000,2.409069,0.000000,0.000000,0.000000,0.000000,0.000000,0.000000,0.000000,0.000000,0.000000,0.000000,0.000000,0.000000,0.000000,0.000000,0.000000,0.000000,0.0000000,0.000000,2.480749,2.122082,0.000000,2.575165,2.618462,2.205171,0.000000,0.000000,0.000000,0.000000,0.000000,0.0000000,0.000000,0.000000,0.000000,0.000000,0.000000,0.000000,0.000000,0.000000,0.000000,0.000000,0.000000,0.000000,0.000000,0.000000,2.532210,0.000000,0.0000000,2.187072,2.678537,0.000000,0.0000000
0.000000,2.620538,1.9285214,2.265702,0.000000,0.000000,2.362408,1.976343,0.000000,0.000000,0.000000,0.000000,1.984943,2.527601,2.204233,2.387630,0.000000,0.000000,0.000000,0.000000,0.000000,0.000000,2.085994,2.280920,0.000000,0.000000,0.000000,0.000000,2.139253,0.000000,0.000000,0.000000,1.832492,1.875264,1.7259560,2.058019,2.442052,2.363091,0.000000,0.000000,2.589724,0.000000,0.000000,2.061068,0.000000,0.000000,0.000000,0.0000000,0.000000,2.441682,0.000000,2.063673,0.000000,0.000000,0.000000,0.000000,0.000000,0.000000,0.000000,2.168574,1.863514,0.000000,2.470999,1.902657,0.0000000,0.000000,2.446829,0.000000,0.0000000
2.237697,2.253852,1.8487101,0.000000,0.000000,0.000000,1.973536,0.000000,0.000000,0.000000,0.000000,2.063194,2.142122,2.430025,2.088274,2.383530,0.000000,2.314436,1.802232,0.000000,1.967364,2.242558,2.154200,2.222284,0.000000,1.940516,0.000000,2.148796,1.674767,0.000000,0.000000,0.000000,0.000000,0.000000,0.0000000,0.000000,2.427235,1.977571,0.000000,0.000000,2.162066,0.000000,0.000000,0.000000,2.205990,0.000000,0.000000,0.0000000,0.000000,1.780159,1.929388,2.406534,0.000000,0.000000,2.144946,0.000000,0.000000,1.894123,0.000000,1.947665,0.000000,1.727129,0.000000,1.620805,0.0000000,2.239795,2.566746,0.000000,0.0000000
0.000000,0.000000,0.0000000,0.000000,0.000000,0.000000,0.000000,0.000000,2.081210,0.000000,0.000000,1.947578,2.247300,2.481566,2.260527,2.418339,0.000000,2.455430,2.027429,1.918252,0.000000,2.364883,2.209048,2.163883,0.000000,2.279003,2.175857,2.031892,0.000000,0.000000,2.194259,0.000000,0.000000,0.000000,0.0000000,0.000000,2.417657,2.049198,0.000000,1.745507,0.000000,0.000000,0.000000,1.970131,0.000000,0.000000,0.000000,0.0000000,0.000000,2.170605,0.000000,0.000000,0.000000,0.000000,2.351927,0.000000,1.738527,0.000000,0.000000,2.194148,0.000000,1.863280,0.000000,2.120457,0.0000000,0.000000,2.470347,0.000000,0.0000000
0.000000,1.833747,0.0000000,0.000000,0.000000,0.000000,0.000000,2.058473,0.000000,0.000000,0.000000,0.000000,0.000000,2.474213,2.335632,2.430278,0.000000,2.273991,0.000000,0.000000,0.000000,0.000000,1.967619,2.238541,0.000000,2.099711,0.000000,2.003056,0.000000,0.000000,0.000000,0.000000,0.000000,0.000000,0.0000000,0.000000,2.093996,0.000000,0.000000,2.167237,0.000000,0.000000,0.000000,0.000000,2.236203,0.000000,2.092094,1.8000027,0.000000,0.000000,0.000000,0.000000,0.000000,0.000000,2.189718,0.000000,0.000000,2.017645,0.000000,0.000000,0.000000,0.000000,2.074148,2.062856,0.0000000,2.094914,2.397421,1.983752,0.0000000
2.463771,2.346444,0.0000000,1.992190,0.000000,0.000000,2.414564,0.000000,0.000000,2.523394,2.398386,2.127037,2.219176,2.400525,2.062569,2.457212,2.021658,2.305915,0.000000,0.000000,0.000000,0.000000,2.019188,2.104869,0.000000,2.167364,0.000000,2.031317,1.996934,0.000000,0.000000,2.050106,1.945673,0.000000,0.0000000,0.000000,2.443484,2.074204,0.000000,2.361828,2.261767,0.000000,0.000000,2.023993,2.027271,0.000000,0.000000,0.0000000,0.000000,0.000000,2.287730,2.232790,0.000000,2.158358,2.215922,1.798007,0.000000,0.000000,0.000000,0.000000,0.000000,1.834932,1.977385,0.000000,0.0000000,1.868265,2.526963,2.028672,0.0000000
0.000000,2.281091,0.0000000,0.000000,0.000000,0.000000,2.202421,0.000000,0.000000,0.000000,0.000000,2.102788,2.200041,2.437703,2.189113,2.410520,2.127402,2.406903,2.015652,0.000000,2.038643,2.333736,2.042225,2.240709,0.000000,2.259944,2.055182,2.224903,0.000000,0.000000,0.000000,0.000000,0.000000,0.000000,0.0000000,0.000000,2.306600,1.747300,0.000000,2.424023,2.482644,1.947777,0.000000,0.000000,0.000000,0.000000,0.000000,0.0000000,0.000000,2.082772,0.000000,2.338516,2.205161,0.000000,2.096001,0.000000,1.782466,0.000000,0.000000,1.750705,0.000000,0.000000,0.000000,1.951340,0.0000000,1.964422,2.321534,0.000000,2.0044568
0.000000,2.296192,2.0231346,0.000000,0.000000,0.000000,2.242809,0.000000,1.822891,0.000000,0.000000,0.000000,2.213454,2.410448,2.178303,2.470579,2.198969,2.510340,2.076588,0.000000,2.091578,2.384764,2.275949,2.091379,0.000000,2.394400,1.900091,2.260840,0.000000,0.000000,1.627738,0.000000,1.962931,0.000000,0.0000000,0.000000,1.958723,0.000000,0.000000,2.135638,2.395094,2.145404,0.000000,0.000000,0.000000,0.000000,0.000000,0.0000000,0.000000,1.852827,0.000000,0.000000,0.000000,0.000000,0.000000,0.000000,1.724330,0.000000,0.000000,2.301289,0.000000,0.000000,2.191612,1.903460,0.0000000,0.000000,2.143570,0.000000,0.0000000
2.016272,2.193334,0.0000000,2.295344,0.000000,0.000000,0.000000,1.875239,2.079725,0.000000,2.163244,2.213463,2.266914,2.451079,2.155734,2.394044,1.812394,2.331148,1.659916,1.911154,0.000000,2.121097,2.125674,2.291394,0.000000,2.150084,1.784287,2.099034,0.000000,0.000000,1.655666,0.000000,0.000000,2.245797,0.0000000,0.000000,2.415416,1.891761,1.936531,0.000000,1.765259,0.000000,0.000000,2.171094,0.000000,1.938222,1.872384,0.0000000,0.000000,1.984662,2.149545,1.885550,0.000000,1.733112,2.138777,2.204553,0.000000,1.779218,0.000000,2.052232,1.943157,0.000000,2.164565,1.995677,0.0000000,0.000000,2.504129,2.270228,1.8806188
0.000000,0.000000,0.0000000,0.000000,0.000000,0.000000,0.000000,1.807495,2.028387,0.000000,0.000000,2.111604,2.137942,2.420112,2.130542,2.392961,0.000000,2.365420,1.328588,0.000000,2.021382,1.989624,2.033499,2.266400,0.000000,2.049566,0.000000,2.190590,1.732373,0.000000,0.000000,0.000000,0.000000,0.000000,1.5736623,0.000000,2.402510,2.014126,0.000000,0.000000,0.000000,0.000000,0.000000,2.202518,0.000000,1.789264,1.793530,0.0000000,0.000000,2.120082,2.103941,1.869390,0.000000,0.000000,2.284133,0.000000,0.000000,1.712704,0.000000,2.021518,1.584746,0.000000,1.502558,1.927247,0.0000000,0.000000,2.568821,1.902622,1.8940010
0.000000,0.000000,0.0000000,0.000000,0.000000,0.000000,0.000000,0.000000,1.936440,0.000000,0.000000,0.000000,2.171734,2.477079,2.212280,2.486134,1.849721,2.370999,0.000000,0.000000,0.000000,2.073056,1.884669,2.287414,0.000000,2.254280,0.000000,2.188187,2.020470,1.974523,0.000000,0.000000,0.000000,0.000000,0.0000000,0.000000,0.000000,0.000000,0.000000,0.000000,0.000000,0.000000,0.000000,0.000000,0.000000,0.000000,0.000000,0.0000000,0.000000,0.000000,2.184478,0.000000,0.000000,0.000000,2.217078,0.000000,0.000000,0.000000,0.000000,0.000000,0.000000,0.000000,0.000000,1.983593,0.0000000,0.000000,2.318625,0.000000,0.0000000
0.000000,2.110067,0.0000000,0.000000,1.524755,0.000000,0.000000,1.924541,2.025348,0.000000,2.140862,2.298326,2.125530,2.437429,2.172163,2.412611,0.000000,2.257827,0.000000,2.016898,2.022308,2.028239,2.070021,2.243696,1.967295,2.016796,1.924574,1.957226,2.094160,0.000000,1.840513,0.000000,1.755929,1.726167,1.8993837,0.000000,2.351351,2.104301,1.572618,0.000000,0.000000,1.909721,0.000000,2.157018,0.000000,0.000000,1.802033,0.0000000,0.000000,1.925776,2.144374,0.000000,0.000000,0.000000,2.394714,0.000000,1.667323,0.000000,0.000000,2.141717,0.000000,0.000000,2.076883,2.134222,0.0000000,0.000000,2.677520,2.043796,0.0000000
0.000000,1.658159,0.0000000,1.918150,2.247497,0.000000,0.000000,0.000000,0.000000,0.000000,0.000000,2.159691,2.240375,2.423589,2.182288,2.495042,0.000000,2.242861,0.000000,1.939499,0.000000,2.019296,2.017727,2.260849,1.978501,2.075603,1.969037,1.988971,2.110828,0.000000,1.985080,0.000000,0.000000,0.000000,0.0000000,0.000000,2.402919,2.107417,0.000000,0.000000,0.000000,0.000000,1.767786,1.679280,0.000000,0.000000,0.000000,0.0000000,0.000000,1.914023,2.188930,1.928814,0.000000,0.000000,2.288972,2.072667,2.195158,0.000000,0.000000,2.001297,0.000000,0.000000,2.118885,1.970970,0.0000000,0.000000,2.468239,2.203374,0.0000000
0.000000,1.977497,0.0000000,0.000000,0.000000,0.000000,0.000000,0.000000,0.000000,0.000000,0.000000,2.164337,2.127238,2.442919,2.157424,2.419252,1.590706,2.313349,0.000000,0.000000,1.884834,2.005153,1.613354,2.134291,0.000000,2.096199,0.000000,1.989803,2.027995,0.000000,2.004634,0.000000,0.000000,0.000000,0.0000000,0.000000,2.454921,1.939771,0.000000,0.000000,2.032072,0.000000,0.000000,1.919200,0.000000,0.000000,0.000000,0.0000000,0.000000,0.000000,0.000000,0.000000,0.000000,0.000000,2.329996,0.000000,0.000000,0.000000,0.000000,2.170783,0.000000,0.000000,0.000000,0.000000,0.0000000,0.000000,2.552955,2.133656,0.0000000
0.000000,1.935277,0.0000000,0.000000,0.000000,0.000000,0.000000,0.000000,0.000000,2.149398,0.000000,0.000000,2.265058,2.411355,2.141085,2.491941,2.160117,2.452822,2.038420,0.000000,0.000000,2.263431,2.185472,2.290614,1.898360,2.361527,1.875484,0.000000,0.000000,0.000000,1.877560,0.000000,0.000000,0.000000,0.0000000,0.000000,2.371098,2.142294,0.000000,0.000000,0.000000,0.000000,0.000000,2.236469,1.594792,1.646696,0.000000,0.0000000,0.000000,2.127330,2.274228,1.877137,0.000000,0.000000,2.211650,0.000000,0.000000,0.000000,0.000000,2.085664,0.000000,0.000000,1.814207,2.045071,0.0000000,0.000000,2.431415,0.000000,0.0000000
0.000000,2.503086,0.0000000,0.000000,1.913987,2.007032,2.456643,2.149106,0.000000,0.000000,0.000000,1.934411,2.232553,2.439616,2.228372,2.478277,1.990248,2.331459,1.729962,1.777194,2.063260,2.150947,1.976069,2.284474,0.000000,2.175171,2.033672,2.097946,0.000000,2.328331,0.000000,0.000000,2.107346,0.000000,0.0000000,0.000000,2.285163,0.000000,0.000000,2.711639,2.585016,2.393413,0.000000,0.000000,0.000000,0.000000,1.824592,0.0000000,0.000000,2.111393,0.000000,2.401395,0.000000,2.094005,2.206724,0.000000,0.000000,0.000000,0.000000,0.000000,0.000000,0.000000,1.980977,1.525412,0.0000000,2.309003,2.460055,1.977354,1.7765467
0.000000,1.607121,0.0000000,0.000000,0.000000,0.000000,0.000000,1.776147,1.946031,1.944457,1.672374,2.123493,2.174702,2.448431,2.199340,2.451511,2.132262,0.000000,1.881709,2.075499,1.962455,1.822133,2.191718,2.200535,2.081233,2.308005,1.840290,2.159202,1.512563,0.000000,1.967548,0.000000,2.052583,0.000000,1.8255050,0.000000,2.365489,1.964593,0.000000,0.000000,0.000000,1.761847,0.000000,2.198129,1.547471,1.922928,0.000000,0.0000000,0.000000,2.082673,0.000000,1.921088,1.716735,0.000000,2.348254,0.000000,0.000000,1.758875,0.000000,2.156821,0.000000,1.662450,2.062629,2.075630,0.0000000,0.000000,2.512013,1.892461,0.0000000
2.087430,0.000000,0.0000000,0.000000,0.000000,0.000000,1.794844,1.818918,1.497272,1.556047,2.020686,2.083502,2.164510,2.428570,2.163399,2.403513,2.139865,2.424513,1.793108,0.000000,1.938271,2.273856,2.161630,2.236093,1.856427,2.290236,1.649302,0.000000,0.000000,0.000000,1.904509,0.000000,1.939279,0.000000,1.6903481,0.000000,2.358150,1.960710,0.000000,0.000000,0.000000,1.785922,0.000000,1.977869,1.616964,1.601147,1.626421,0.0000000,0.000000,2.062237,0.000000,1.860961,1.890925,1.763604,2.290979,0.000000,1.872766,1.577909,0.000000,1.949385,0.000000,0.000000,2.055874,2.147359,0.0000000,0.000000,2.569569,0.000000,1.7368040
0.000000,1.856857,0.0000000,0.000000,0.000000,0.000000,0.000000,0.000000,2.115358,0.000000,1.736329,1.992226,2.211915,2.427111,2.166307,2.452617,2.111056,2.391798,2.033445,1.862271,2.035277,2.265266,2.040053,2.255214,1.627344,2.225917,2.019425,2.162235,0.000000,0.000000,1.754557,1.756761,0.000000,0.000000,1.6380019,0.000000,1.981588,1.936642,0.000000,0.000000,0.000000,1.797555,0.000000,2.185141,0.000000,0.000000,0.000000,0.0000000,0.000000,2.089019,0.000000,1.975494,2.159205,1.872384,2.065784,0.000000,0.000000,0.000000,0.000000,1.903238,0.000000,0.000000,1.920868,1.704532,1.7497641,0.000000,2.481346,1.773443,1.6558042
0.000000,1.924511,0.0000000,0.000000,0.000000,0.000000,0.000000,0.000000,1.729001,0.000000,0.000000,0.000000,2.107869,2.421909,2.134730,2.431811,2.011857,2.372141,1.766213,2.062625,1.901242,2.190847,2.053626,2.223447,1.847277,2.224707,2.079926,2.126922,0.000000,1.879336,0.000000,0.000000,0.000000,0.000000,0.0000000,0.000000,2.321670,2.050298,0.000000,0.000000,0.000000,0.000000,0.000000,0.000000,1.766815,1.641566,1.856089,0.0000000,0.000000,1.893810,0.000000,0.000000,0.000000,1.694698,2.344533,1.960886,0.000000,0.000000,0.000000,1.843917,0.000000,2.018009,1.900187,2.120711,0.0000000,0.000000,2.577474,0.000000,0.0000000
0.000000,1.858269,0.0000000,0.000000,0.000000,0.000000,0.000000,0.000000,1.925460,1.790209,0.000000,0.000000,2.226951,2.376600,2.116457,2.468975,2.069490,2.336134,1.858845,0.000000,1.955290,2.222001,2.030835,2.272706,0.000000,2.212324,1.844650,2.160703,0.000000,0.000000,0.000000,0.000000,2.067064,1.892058,0.0000000,0.000000,2.279436,2.092543,0.000000,0.000000,0.000000,0.000000,0.000000,2.152650,2.032126,0.000000,0.000000,0.0000000,0.000000,1.814867,2.157071,2.348632,0.000000,0.000000,2.273183,1.967030,2.010058,0.000000,0.000000,1.891825,0.000000,0.000000,0.000000,2.073096,0.0000000,0.000000,2.474010,0.000000,0.0000000
1.919493,1.646959,0.0000000,0.000000,0.000000,0.000000,0.000000,0.000000,1.923526,0.000000,1.946856,2.073927,2.206568,2.445113,2.208526,2.458130,2.066741,2.378350,1.788070,1.992795,1.795994,2.188879,2.153107,2.209143,0.000000,2.218246,0.000000,2.134359,0.000000,0.000000,0.000000,0.000000,0.000000,0.000000,0.0000000,0.000000,2.350644,0.000000,0.000000,0.000000,0.000000,0.000000,0.000000,2.210961,0.000000,0.000000,1.623250,0.0000000,0.000000,1.928891,0.000000,0.000000,0.000000,0.000000,2.214840,0.000000,0.000000,0.000000,0.000000,2.232755,0.000000,0.000000,1.839502,2.016628,0.0000000,0.000000,2.494823,1.868149,0.0000000
0.000000,0.000000,1.9505301,0.000000,0.000000,0.000000,0.000000,0.000000,1.987112,0.000000,0.000000,2.140059,2.241967,2.519133,2.277896,2.400951,0.000000,2.410196,1.923081,1.996256,0.000000,2.351101,2.220436,2.160147,0.000000,2.242446,0.000000,2.007759,0.000000,0.000000,1.762700,0.000000,0.000000,0.000000,1.9433094,0.000000,2.480551,2.122436,0.000000,0.000000,0.000000,0.000000,0.000000,2.072208,0.000000,0.000000,0.000000,0.0000000,0.000000,2.075541,2.141749,1.914822,0.000000,0.000000,2.387753,0.000000,0.000000,0.000000,0.000000,2.266753,0.000000,0.000000,2.073410,2.089081,0.0000000,0.000000,2.532607,0.000000,0.0000000
0.000000,2.588644,2.0264525,2.211777,2.082851,0.000000,2.341356,0.000000,1.688766,0.000000,0.000000,0.000000,1.991029,2.529702,2.147094,2.391722,0.000000,0.000000,0.000000,0.000000,0.000000,0.000000,2.554288,2.302004,0.000000,0.000000,0.000000,0.000000,0.000000,0.000000,1.653862,0.000000,1.939361,2.028008,1.8349156,2.018237,2.464178,2.336651,0.000000,0.000000,2.549560,0.000000,0.000000,2.135676,0.000000,0.000000,0.000000,0.0000000,0.000000,2.451601,1.822323,1.968964,0.000000,0.000000,0.000000,0.000000,0.000000,0.000000,0.000000,2.188061,2.012523,0.000000,2.414163,1.954602,0.0000000,0.000000,2.390418,0.000000,0.0000000
0.000000,1.764189,2.0029916,0.000000,0.000000,0.000000,0.000000,0.000000,1.821115,0.000000,0.000000,1.972444,2.167679,2.423354,2.036191,2.392679,0.000000,2.064241,0.000000,0.000000,0.000000,1.825937,2.017470,2.216850,0.000000,1.826210,0.000000,1.976404,1.892074,0.000000,0.000000,0.000000,0.000000,0.000000,0.0000000,0.000000,2.437979,1.625326,0.000000,0.000000,0.000000,0.000000,1.462330,2.022743,2.126982,0.000000,0.000000,1.6417165,0.000000,0.000000,2.079491,2.108926,0.000000,0.000000,2.020102,0.000000,0.000000,1.593508,0.000000,2.076168,0.000000,1.768633,1.748771,1.959189,0.0000000,0.000000,2.443098,1.656355,1.4716801
0.000000,2.288161,1.2455531,2.078988,0.000000,0.000000,0.000000,0.000000,1.638586,0.000000,2.195482,0.000000,1.985670,2.427472,2.058381,2.359521,0.000000,2.330096,1.924074,1.793464,2.113990,2.217761,1.881901,2.269930,0.000000,2.177756,1.996396,2.060083,1.660024,0.000000,1.571659,0.000000,1.773098,1.984721,0.0000000,0.000000,2.481213,1.894526,0.000000,0.000000,0.000000,0.000000,0.000000,1.553879,1.640871,0.000000,1.728500,0.0000000,0.000000,0.000000,0.000000,2.178219,0.000000,0.000000,1.689079,1.713125,1.435254,1.480661,0.000000,2.094210,0.000000,0.000000,2.039898,1.784984,0.0000000,0.000000,2.445277,1.992229,0.0000000
0.000000,1.948469,1.7510327,0.000000,0.000000,0.000000,0.000000,1.621181,2.031963,1.883165,1.890243,2.130116,2.094949,2.470093,2.193956,2.393811,1.550705,2.368106,1.547577,1.961049,0.000000,2.226375,1.962011,2.212115,1.852006,2.011779,1.822341,2.054478,1.408021,0.000000,0.000000,0.000000,0.000000,0.000000,1.6159812,0.000000,2.408301,1.365523,0.000000,0.000000,0.000000,0.000000,0.000000,2.156429,2.185024,0.000000,0.000000,1.7370817,0.000000,2.081236,2.098774,0.000000,2.045549,0.000000,1.934170,0.000000,1.835566,2.084782,0.000000,2.044536,0.000000,0.000000,2.137950,2.156171,0.0000000,1.853657,2.546303,0.000000,1.6125295
1.987016,1.470637,0.0000000,1.960550,0.000000,0.000000,0.000000,1.905835,2.060376,0.000000,1.894732,2.199818,2.184251,2.448310,2.235296,2.417313,0.000000,2.298588,1.077000,2.018036,1.739317,2.169859,2.088142,2.274753,1.835072,2.059618,0.000000,1.479820,0.000000,0.000000,1.614389,0.000000,0.000000,0.000000,1.7352920,1.474065,2.458615,0.000000,0.000000,1.436221,0.000000,0.000000,0.000000,2.135417,1.567723,0.000000,1.504041,0.0000000,0.000000,1.890123,0.000000,0.000000,2.153291,0.000000,2.007837,1.864832,0.000000,0.000000,0.000000,2.294920,1.668014,0.000000,2.104037,1.972872,0.0000000,0.000000,2.404912,0.000000,0.0000000
0.000000,2.113574,0.0000000,0.000000,0.000000,0.000000,0.000000,0.000000,0.000000,0.000000,0.000000,2.136501,2.186422,2.457739,2.292955,2.423883,0.000000,2.301426,1.753333,2.026714,0.000000,2.133040,1.827104,2.296537,0.000000,1.950117,0.000000,2.047598,0.000000,0.000000,1.935965,0.000000,0.000000,0.000000,0.0000000,0.000000,2.333978,2.050063,0.000000,0.000000,0.000000,0.000000,1.758720,0.000000,0.000000,0.000000,1.753377,0.0000000,0.000000,2.094665,0.000000,1.705580,1.641234,0.000000,1.712627,0.000000,0.000000,0.000000,0.000000,2.099261,0.000000,0.000000,0.000000,2.096270,0.0000000,0.000000,2.301335,0.000000,0.0000000
0.000000,0.000000,1.7166230,0.000000,0.000000,0.000000,0.000000,0.000000,1.991029,1.829734,1.664422,1.524815,2.086412,2.484429,2.263926,2.306217,0.000000,2.398745,1.135858,2.014867,1.981604,2.146380,1.945240,2.244614,1.801489,2.112843,2.129888,0.000000,0.000000,1.767494,1.540438,0.000000,0.000000,0.000000,1.6013007,0.000000,2.448009,2.008542,0.000000,0.000000,0.000000,0.000000,0.000000,2.216682,0.000000,1.698404,1.572208,0.0000000,0.000000,1.837403,0.000000,1.964876,0.000000,0.000000,0.000000,0.000000,1.751092,0.000000,0.000000,2.194576,0.000000,0.000000,2.092654,2.026627,0.0000000,0.000000,2.486806,1.843724,1.9838584
0.000000,2.442946,0.0000000,2.124776,2.193772,0.000000,1.937739,0.000000,2.035747,2.387610,2.077036,0.000000,2.254665,2.430156,2.115286,2.446242,0.000000,2.419533,1.925173,1.722471,2.072880,2.311498,2.044065,2.275852,1.678230,1.838758,0.000000,2.216624,0.000000,0.000000,1.614068,0.000000,0.000000,0.000000,1.7645420,0.000000,2.466314,2.040035,0.000000,2.122519,2.108454,0.000000,0.000000,2.173634,0.000000,0.000000,1.800087,0.0000000,0.000000,2.101267,2.229083,2.373429,0.000000,1.861105,2.129486,0.000000,0.000000,0.000000,0.000000,2.258801,0.000000,0.000000,2.388797,1.957187,0.0000000,2.271214,2.363092,0.000000,0.0000000
0.000000,1.820668,2.0777216,0.000000,0.000000,0.000000,0.000000,0.000000,0.000000,0.000000,0.000000,2.023236,2.262060,2.418932,2.148271,2.427066,2.041499,2.258115,1.686010,1.887647,1.889288,2.130029,2.102755,2.275591,1.542670,2.178981,1.712953,2.080234,1.554992,0.000000,0.000000,0.000000,0.000000,1.769408,1.8009112,0.000000,2.414521,1.947578,0.000000,0.000000,0.000000,0.000000,0.000000,1.850202,2.099964,0.000000,0.000000,0.0000000,0.000000,1.676544,2.232251,2.284955,0.000000,0.000000,2.198087,0.000000,1.734829,1.858193,0.000000,1.971909,0.000000,0.000000,1.847277,1.986615,0.0000000,1.892128,2.504188,0.000000,1.7849247
0.000000,1.828287,2.0233008,0.000000,0.000000,0.000000,0.000000,0.000000,1.738220,2.099160,0.000000,2.159572,2.104761,2.405471,2.103283,2.425468,1.925118,2.251738,1.610431,1.764298,1.984414,2.062678,2.038269,2.218130,1.673735,2.186292,0.000000,2.056095,0.000000,0.000000,0.000000,0.000000,0.000000,1.904533,1.8028461,0.000000,2.385154,2.026822,0.000000,0.000000,0.000000,1.617244,0.000000,2.165212,2.039684,0.000000,0.000000,0.0000000,0.000000,1.769500,2.193649,2.306425,0.000000,0.000000,2.313136,1.873444,1.980443,1.646784,0.000000,2.071956,0.000000,1.802856,1.885130,2.052697,0.0000000,1.752835,2.489888,0.000000,1.8191590
0.000000,2.269649,1.7936524,0.000000,0.000000,0.000000,0.000000,0.000000,2.084172,0.000000,0.000000,1.992202,2.122739,2.467591,2.212947,2.377030,0.000000,2.291238,1.902453,1.913439,1.978137,2.096796,1.972350,2.238440,0.000000,1.894584,1.361200,1.965107,2.154173,0.000000,0.000000,0.000000,0.000000,0.000000,0.0000000,0.000000,2.399946,1.917788,0.000000,2.333740,2.249351,0.000000,0.000000,0.000000,0.000000,0.000000,0.000000,0.0000000,0.000000,1.954932,1.957954,2.181469,0.000000,0.000000,2.145900,0.000000,1.899093,0.000000,0.000000,2.031217,0.000000,0.000000,1.660158,2.128355,0.0000000,1.784783,2.306950,0.000000,0.0000000
2.196526,2.161598,0.0000000,2.109813,0.000000,0.000000,1.675256,1.873158,0.000000,2.268532,2.201202,0.000000,2.209403,2.428269,2.134384,2.415914,0.000000,2.280211,1.814370,1.715892,2.048377,2.017584,1.921849,2.175709,1.873084,2.073640,1.825620,2.149416,2.142409,0.000000,1.659728,0.000000,0.000000,0.000000,1.5902958,2.106139,2.406522,1.911614,0.000000,0.000000,0.000000,0.000000,0.000000,2.007684,0.000000,0.000000,0.000000,0.0000000,1.498867,1.769579,2.254302,2.167643,0.000000,1.951945,2.357190,1.949185,0.000000,1.943580,0.000000,2.248785,0.000000,0.000000,1.943371,2.071789,0.0000000,0.000000,2.511684,1.994505,1.7083668
0.000000,1.709937,1.7043899,0.000000,0.000000,0.000000,0.000000,2.020152,1.691672,0.000000,1.766521,2.173050,2.094724,2.421170,2.191451,2.370191,0.000000,2.356858,1.909669,2.022106,1.887474,2.222479,2.114677,2.212754,1.868058,2.217086,0.000000,2.091083,0.000000,0.000000,1.738721,0.000000,1.789252,0.000000,0.0000000,0.000000,2.403433,2.064172,0.000000,0.000000,0.000000,0.000000,0.000000,0.000000,0.000000,0.000000,0.000000,0.0000000,1.666963,1.962129,1.869761,1.909434,0.000000,0.000000,2.245731,2.000383,0.000000,0.000000,0.000000,2.241794,0.000000,0.000000,2.067498,2.159779,1.6225407,0.000000,2.551719,0.000000,0.0000000
0.000000,1.770818,0.0000000,0.000000,0.000000,0.000000,0.000000,1.965503,1.861445,0.000000,0.000000,2.180144,2.124449,2.420101,2.191305,2.390638,0.000000,2.367040,1.893196,1.994178,0.000000,2.273161,2.054114,2.247154,1.916762,2.016914,1.930638,2.133264,1.677798,0.000000,0.000000,0.000000,0.000000,1.830222,1.7334806,0.000000,2.458304,1.909989,0.000000,0.000000,0.000000,0.000000,0.000000,2.104197,0.000000,0.000000,0.000000,0.0000000,0.000000,1.761141,0.000000,1.573753,0.000000,0.000000,2.238691,1.869984,0.000000,0.000000,0.000000,2.249117,0.000000,0.000000,1.987703,2.148292,0.0000000,0.000000,2.523700,0.000000,0.0000000
0.000000,1.803922,2.1496610,0.000000,0.000000,0.000000,0.000000,0.000000,1.920263,0.000000,1.694331,2.130451,2.222372,2.397980,2.161577,2.453630,2.090777,2.302627,1.793486,1.755656,1.932535,2.165317,2.052072,2.247232,1.623149,2.136743,1.844134,2.052702,0.000000,0.000000,0.000000,0.000000,0.000000,0.000000,1.7555549,0.000000,2.404373,2.071115,0.000000,0.000000,0.000000,0.000000,0.000000,2.027577,2.045856,0.000000,0.000000,0.0000000,0.000000,1.813371,0.000000,1.864348,0.000000,0.000000,2.367997,1.641777,0.000000,1.874360,0.000000,2.028194,0.000000,0.000000,1.890528,2.075116,0.0000000,0.000000,2.559949,0.000000,1.8077361
2.064558,2.204094,1.8357879,0.000000,1.763029,0.000000,1.796776,2.004244,1.983099,0.000000,2.029728,2.089886,2.238520,2.434525,2.210069,2.401169,0.000000,2.309646,1.892031,1.857872,1.930474,2.158861,2.076477,2.257199,1.964291,2.233505,1.955821,2.146962,0.000000,0.000000,0.000000,0.000000,2.007341,0.000000,1.6509313,0.000000,2.399258,2.040835,0.000000,0.000000,1.824137,0.000000,1.710988,2.067897,1.638923,0.000000,1.910655,0.0000000,2.002124,2.080029,1.994799,1.950168,0.000000,1.874982,2.254184,2.167142,1.762178,1.804406,0.000000,2.251764,1.823959,0.000000,2.148027,2.117544,0.0000000,0.000000,2.571225,1.802597,0.0000000
0.000000,2.059697,1.3882077,0.000000,0.000000,0.000000,1.941613,1.570188,0.000000,0.000000,1.934516,2.171850,2.220175,2.442606,1.759942,2.372064,0.000000,2.355671,1.577865,1.925760,1.701488,0.000000,2.014203,2.030130,1.876490,2.218663,0.000000,2.173532,2.174108,0.000000,1.546733,0.000000,0.000000,0.000000,1.8445498,0.000000,2.439667,2.012025,0.000000,1.985342,0.000000,0.000000,0.000000,1.964529,2.061930,0.000000,0.000000,1.8883929,1.560060,0.000000,1.974545,2.029424,0.000000,1.625060,2.095128,0.000000,0.000000,1.951807,0.000000,2.227246,0.000000,0.000000,2.020804,1.778025,0.0000000,0.000000,2.579070,2.121119,1.5295372
2.190842,2.226387,1.8966316,0.000000,0.000000,0.000000,0.000000,0.000000,2.111109,0.000000,0.000000,2.043139,2.180044,2.417316,2.087933,2.397200,0.000000,2.309065,1.788806,1.858540,2.016594,2.197482,2.032165,2.275225,0.000000,2.131681,1.866045,2.142845,0.000000,1.935200,0.000000,0.000000,2.056027,0.000000,0.0000000,0.000000,2.428334,1.983869,0.000000,0.000000,2.155635,0.000000,0.000000,2.163036,2.116379,0.000000,0.000000,0.0000000,0.000000,1.877150,1.942420,2.407712,0.000000,0.000000,2.163117,0.000000,1.796233,1.878633,0.000000,1.995148,0.000000,1.901498,0.000000,1.921999,0.0000000,2.211921,2.506661,0.000000,0.0000000
0.000000,0.000000,0.0000000,0.000000,0.000000,0.000000,0.000000,0.000000,2.036157,0.000000,0.000000,2.034308,2.190799,2.445741,2.217069,2.425578,0.000000,2.405823,0.000000,1.978101,0.000000,2.233771,2.052608,2.278860,0.000000,2.254001,0.000000,2.170913,1.851129,0.000000,0.000000,0.000000,0.000000,0.000000,0.0000000,1.747163,2.363635,2.069335,0.000000,0.000000,2.067830,0.000000,0.000000,0.000000,0.000000,0.000000,0.000000,0.0000000,0.000000,2.086190,0.000000,1.935301,0.000000,0.000000,2.303208,0.000000,1.904386,0.000000,0.000000,2.154737,0.000000,0.000000,2.090410,2.125387,0.0000000,0.000000,2.581075,0.000000,0.0000000
0.000000,1.990742,1.6884748,0.000000,0.000000,0.000000,0.000000,1.942628,1.833971,0.000000,0.000000,0.000000,2.123399,2.461468,2.241455,2.407986,0.000000,2.382514,1.695300,2.031039,1.744190,2.230741,2.114775,2.224328,1.806213,2.250325,1.922349,2.092214,0.000000,0.000000,1.653862,0.000000,0.000000,0.000000,0.0000000,0.000000,2.447503,2.068910,1.867410,2.080527,2.368546,0.000000,0.000000,2.078068,0.000000,0.000000,0.000000,0.0000000,0.000000,2.340782,2.223445,2.288817,0.000000,0.000000,2.297467,0.000000,0.000000,0.000000,0.000000,2.286818,0.000000,0.000000,2.217421,2.163646,0.0000000,1.865874,2.561086,0.000000,0.0000000
2.152077,2.211798,1.5603532,0.000000,0.000000,0.000000,2.154161,0.000000,0.000000,0.000000,0.000000,0.000000,1.981277,2.419004,0.000000,2.384613,0.000000,2.135150,0.000000,1.721841,0.000000,0.000000,1.861438,2.228603,0.000000,0.000000,0.000000,2.050519,0.000000,0.000000,0.000000,0.000000,0.000000,0.000000,0.0000000,0.000000,2.440828,0.000000,0.000000,2.345663,2.362224,1.871782,0.000000,1.911934,0.000000,0.000000,1.600220,0.0000000,0.000000,0.000000,2.004575,2.362016,0.000000,0.000000,2.330757,0.000000,0.000000,0.000000,0.000000,2.162508,0.000000,0.000000,1.983222,1.877240,0.0000000,0.000000,2.614016,0.000000,0.0000000
0.000000,1.976125,0.0000000,0.000000,0.000000,0.000000,0.000000,0.000000,2.063636,0.000000,0.000000,2.146370,2.165648,2.443615,2.210367,2.389770,0.000000,2.405475,1.937057,2.059495,1.734646,2.291622,2.151177,2.239051,1.850453,2.083053,2.001162,2.149867,0.000000,1.845974,1.776721,0.000000,0.000000,0.000000,0.0000000,0.000000,2.349496,1.828200,0.000000,0.000000,0.000000,0.000000,0.000000,2.221740,0.000000,0.000000,0.000000,0.0000000,0.000000,1.883332,2.088804,1.605554,0.000000,0.000000,2.224057,0.000000,0.000000,0.000000,0.000000,2.224748,0.000000,0.000000,2.068963,2.148755,0.0000000,0.000000,2.584137,0.000000,0.0000000
0.000000,1.888891,0.0000000,1.816016,0.000000,0.000000,0.000000,0.000000,1.996049,0.000000,2.124629,2.217084,2.207601,2.414308,2.190471,2.398149,0.000000,2.354211,1.540548,1.907776,1.786494,2.153286,2.046330,2.272903,1.779047,2.213819,0.000000,2.148273,0.000000,1.807937,1.267231,0.000000,0.000000,0.000000,0.0000000,0.000000,2.432990,2.045796,0.000000,0.000000,0.000000,0.000000,0.000000,0.000000,0.000000,1.622507,0.000000,0.0000000,0.000000,2.167988,2.070614,0.000000,0.000000,0.000000,2.247001,1.968265,1.829923,0.000000,0.000000,2.190989,0.000000,0.000000,1.980422,2.088761,0.0000000,0.000000,2.584225,0.000000,0.0000000
0.000000,2.059265,0.0000000,0.000000,0.000000,0.000000,0.000000,1.746414,2.002716,0.000000,2.059659,2.217006,2.191485,2.427402,2.159127,2.399145,0.000000,2.387685,1.668397,1.986498,1.826184,2.209297,2.065894,2.287436,1.670171,2.144214,0.000000,2.152451,0.000000,0.000000,1.368807,0.000000,1.955244,0.000000,0.9812192,0.000000,2.404176,2.004115,0.000000,0.000000,1.938113,0.000000,0.000000,2.110653,0.000000,1.930518,0.000000,0.0000000,0.000000,1.989949,2.110298,1.721461,0.000000,1.624826,2.356315,0.000000,0.000000,1.779964,0.000000,2.189938,0.000000,0.000000,1.932207,2.072586,0.0000000,0.000000,2.544529,0.000000,0.0000000
0.000000,0.000000,0.0000000,0.000000,0.000000,0.000000,0.000000,1.946070,1.920384,0.000000,1.934822,2.230715,2.122296,2.418711,2.182542,2.401024,0.000000,2.363117,0.000000,1.594592,1.890041,2.046437,1.944232,2.232734,1.939983,2.051743,1.899389,2.158142,1.890101,1.862702,0.000000,0.000000,0.000000,0.000000,1.2958077,0.000000,2.467244,2.084912,1.744236,0.000000,0.000000,0.000000,0.000000,2.173916,0.000000,1.856463,1.618498,0.0000000,0.000000,1.987180,2.136074,1.946377,0.000000,0.000000,2.284638,0.000000,1.843987,0.000000,0.000000,2.176717,0.000000,1.776372,1.832139,2.055177,0.0000000,0.000000,2.523571,1.887150,0.0000000
0.000000,1.977110,0.0000000,0.000000,0.000000,0.000000,0.000000,0.000000,2.094370,0.000000,1.979920,2.227639,2.179776,2.431684,2.169212,2.401930,0.000000,2.376949,1.430344,1.960483,1.919584,2.166731,2.016286,2.290573,1.840600,2.150886,0.000000,2.116963,0.000000,0.000000,0.000000,0.000000,0.000000,0.000000,0.0000000,0.000000,2.364942,2.105748,0.000000,1.879668,0.000000,0.000000,0.000000,0.000000,0.000000,0.000000,1.659728,0.0000000,0.000000,1.919296,2.083440,1.901498,1.943273,0.000000,2.295312,1.988963,0.000000,0.000000,0.000000,2.042633,0.000000,1.255965,0.000000,2.125413,0.0000000,0.000000,2.610984,0.000000,0.0000000
0.000000,2.053552,0.0000000,1.895586,0.000000,0.000000,0.000000,2.002705,2.137970,0.000000,0.000000,2.247641,2.128748,2.411873,2.193763,2.415009,0.000000,2.366686,1.775356,1.861499,2.024238,2.290109,2.010857,2.256121,1.625160,2.050218,2.123016,2.112873,1.970669,0.000000,1.363860,0.000000,0.000000,0.000000,1.3977164,0.000000,2.437089,1.721714,0.000000,0.000000,0.000000,0.000000,0.000000,2.032645,0.000000,0.000000,0.000000,0.0000000,0.000000,1.888321,0.000000,1.934861,2.085082,0.000000,2.332342,1.824218,1.840971,2.039932,0.000000,2.294863,1.419080,1.865651,2.214150,2.089466,2.0402498,1.638187,2.387108,0.000000,2.0072208
0.000000,0.000000,0.0000000,0.000000,1.949140,0.000000,0.000000,1.703232,2.314059,0.000000,0.000000,2.227290,2.167912,2.425372,2.172480,2.396825,0.000000,2.383192,0.000000,0.000000,2.146374,2.331564,1.951431,2.248538,0.000000,2.037914,2.159406,2.155415,0.000000,2.060186,0.000000,0.000000,0.000000,0.000000,0.0000000,0.000000,2.477569,1.953010,1.758833,0.000000,1.915468,0.000000,0.000000,0.000000,0.000000,1.509853,0.000000,0.0000000,0.000000,2.224035,2.273039,1.896928,0.000000,0.000000,2.344519,0.000000,0.000000,0.000000,0.000000,2.228236,0.000000,1.929828,0.000000,2.146650,1.8506810,0.000000,2.543161,1.885510,0.0000000
0.000000,2.068363,0.0000000,0.000000,1.486735,0.000000,1.744221,0.000000,1.649819,0.000000,1.680937,2.189408,2.234972,2.426984,2.196540,2.424504,1.878364,2.363719,1.503436,1.904558,1.836345,2.159019,1.949746,2.281793,1.844803,2.152279,1.656162,2.109584,0.000000,0.000000,0.000000,0.000000,0.000000,0.000000,0.0000000,0.000000,2.310731,1.980028,1.881924,0.000000,1.800837,1.652572,0.000000,2.121933,0.000000,0.000000,1.474932,0.0000000,1.799769,2.045324,0.000000,2.324922,0.000000,0.000000,2.331240,0.000000,1.863541,1.896272,1.769500,2.110354,0.000000,0.000000,1.910874,2.047360,0.0000000,0.000000,2.540329,0.000000,1.9748148
0.000000,0.000000,0.0000000,0.000000,0.000000,0.000000,0.000000,1.874804,2.332026,0.000000,0.000000,2.203024,2.184556,2.424223,2.165552,2.376526,0.000000,2.364528,1.313541,0.000000,2.182581,2.315944,1.894272,2.242904,0.000000,2.068305,2.185056,2.166577,0.000000,2.078209,0.000000,0.000000,0.000000,0.000000,0.0000000,0.000000,2.476497,1.984315,0.000000,0.000000,0.000000,0.000000,0.000000,2.126446,0.000000,0.000000,0.000000,0.0000000,0.000000,2.242517,2.240852,1.917274,0.000000,0.000000,2.350465,0.000000,1.796342,0.000000,0.000000,2.181398,0.000000,2.025702,0.000000,2.187180,1.9318317,0.000000,2.562287,0.000000,1.5169281
1.670675,1.870182,0.0000000,0.000000,0.000000,0.000000,0.000000,1.744361,0.000000,2.227483,0.000000,2.179589,2.191864,2.420120,2.204580,2.471831,1.828399,2.385254,0.000000,1.901603,0.000000,2.162981,2.045655,2.235258,1.789823,2.210564,1.894129,2.135773,1.853815,1.879140,0.000000,0.000000,1.481649,0.000000,0.0000000,0.000000,2.268834,1.961303,0.000000,1.926934,1.867572,0.000000,0.000000,0.000000,1.767919,0.000000,1.702925,0.0000000,0.000000,1.925164,2.056698,1.885567,1.934547,0.000000,2.315713,0.000000,0.000000,0.000000,0.000000,2.040689,0.000000,0.000000,1.983060,1.974907,1.6647356,0.000000,2.588919,0.000000,0.0000000
1.914373,0.000000,0.0000000,0.000000,0.000000,0.000000,0.000000,0.000000,0.000000,0.000000,0.000000,2.040745,2.232007,2.436736,2.201012,2.466472,0.000000,0.000000,0.000000,0.000000,0.000000,2.089383,1.709174,2.205981,0.000000,2.165158,0.000000,2.127196,0.000000,0.000000,0.000000,0.000000,0.000000,0.000000,0.0000000,0.000000,1.841248,2.095497,0.000000,2.012648,2.073360,0.000000,0.000000,0.000000,0.000000,1.854825,0.000000,0.0000000,0.000000,2.189672,0.000000,1.941455,0.000000,0.000000,2.010552,1.975201,0.000000,0.000000,0.000000,2.010668,0.000000,0.000000,0.000000,2.038269,0.0000000,0.000000,2.407058,0.000000,1.9049002
2.052608,1.880772,1.9584546,0.000000,1.552657,0.000000,1.973479,1.707576,2.147370,0.000000,0.000000,2.154456,2.101201,2.446521,2.206860,2.363079,0.000000,2.290673,1.344927,0.000000,2.025831,2.229837,2.012517,2.201045,1.784169,2.027341,1.974618,2.020537,0.000000,1.751611,1.433207,0.000000,1.912567,1.821215,0.0000000,0.000000,2.400332,1.821661,1.729568,0.000000,0.000000,0.000000,0.000000,2.201833,1.962461,0.000000,1.524216,1.3678549,1.407797,1.751774,2.097305,1.905874,0.000000,0.000000,2.186849,1.704875,1.689615,1.262793,0.000000,2.020647,0.000000,0.000000,1.940016,1.915612,0.0000000,1.583383,2.513819,1.706701,1.6512438
2.269793,2.213866,0.0000000,0.000000,0.000000,0.000000,2.287480,1.841027,1.631979,0.000000,0.000000,2.149712,2.228704,2.434037,2.198967,2.409441,0.000000,2.467775,1.799875,2.026895,0.000000,2.275807,2.132244,2.287466,0.000000,2.266915,1.379773,2.234702,0.000000,0.000000,1.574114,0.000000,0.000000,0.000000,0.0000000,0.000000,2.285713,1.966689,1.742877,2.418652,2.482957,0.000000,0.000000,2.090421,0.000000,0.000000,0.000000,0.0000000,1.612925,1.933871,1.863921,1.981285,0.000000,1.961774,2.250559,1.946441,1.897912,0.000000,0.000000,2.246243,0.000000,0.000000,0.000000,2.128236,0.0000000,1.954717,2.591681,0.000000,0.0000000
0.000000,1.770454,0.0000000,0.000000,0.000000,0.000000,0.000000,1.910248,1.912999,0.000000,1.822051,2.222688,2.148951,2.417269,2.142120,2.458170,0.000000,2.329002,0.000000,1.825876,1.701818,2.081367,2.050054,2.223193,1.614247,2.154672,1.950925,2.106048,0.000000,0.000000,0.000000,0.000000,0.000000,0.000000,0.0000000,0.000000,2.474586,0.000000,1.723225,0.000000,0.000000,0.000000,0.000000,1.840900,0.000000,2.061846,0.000000,0.0000000,0.000000,1.995731,2.181667,2.035915,1.861356,1.738301,2.294534,0.000000,1.939395,1.954780,0.000000,2.147264,1.602145,0.000000,2.153666,2.102959,0.0000000,0.000000,2.557159,1.796135,0.0000000
0.000000,1.892682,1.7312234,0.000000,0.000000,0.000000,0.000000,1.611230,1.911145,0.000000,0.000000,2.118053,2.100921,2.433057,2.244267,2.388326,1.496294,2.336171,1.751685,1.926885,1.633695,2.213797,2.077740,2.191994,1.841955,2.123605,1.834519,2.103089,0.000000,0.000000,1.595590,0.000000,1.935100,0.000000,0.0000000,0.000000,2.410090,2.001902,0.000000,0.000000,0.000000,0.000000,0.000000,2.169466,2.008419,0.000000,0.000000,1.3992384,0.000000,1.847465,0.000000,1.909174,0.000000,0.000000,2.217487,1.767720,0.000000,1.919440,0.000000,1.651499,1.776784,0.000000,2.088669,1.983637,0.0000000,1.552350,2.473104,0.000000,0.0000000
0.000000,2.177854,1.5288953,1.946144,1.856470,0.000000,0.000000,0.000000,1.956122,0.000000,0.000000,0.000000,2.046339,2.439108,2.190742,2.333811,1.705399,2.398667,0.000000,1.968073,0.000000,2.173312,2.025242,2.265744,0.000000,2.109738,0.000000,2.080545,1.774282,1.910393,0.000000,0.000000,0.000000,0.000000,0.0000000,0.000000,2.368978,2.051145,1.913832,0.000000,0.000000,0.000000,0.000000,2.192676,1.868213,0.000000,0.000000,0.0000000,0.000000,1.738802,2.183887,0.000000,0.000000,0.000000,1.750616,1.807626,1.909980,1.770519,0.000000,1.875625,0.000000,0.000000,1.955726,1.678947,0.0000000,1.811772,2.295049,0.000000,0.0000000
0.000000,0.000000,0.0000000,0.000000,0.000000,0.000000,0.000000,0.000000,1.784050,0.000000,0.000000,1.983233,0.000000,2.472262,2.288911,2.386919,0.000000,2.407468,1.812656,1.993484,0.000000,2.301771,2.172566,2.207010,1.808606,2.158320,2.038868,2.128070,0.000000,0.000000,0.000000,0.000000,0.000000,0.000000,0.0000000,0.000000,2.338917,1.846392,0.000000,0.000000,0.000000,0.000000,0.000000,2.047690,0.000000,0.000000,0.000000,0.0000000,1.612889,1.587564,0.000000,0.000000,0.000000,0.000000,1.774776,0.000000,0.000000,0.000000,0.000000,2.229906,0.000000,0.000000,2.032516,2.157452,0.0000000,0.000000,2.464812,0.000000,1.4589352
0.000000,1.751877,0.0000000,0.000000,0.000000,0.000000,0.000000,1.841287,0.000000,0.000000,0.000000,2.153631,2.115664,2.439764,2.211351,2.410631,1.967372,2.406855,1.841279,2.034987,2.032879,2.304920,2.252503,2.225901,1.918031,2.272332,0.000000,2.155178,0.000000,0.000000,1.783778,0.000000,0.000000,0.000000,0.0000000,0.000000,2.337389,1.964300,0.000000,0.000000,0.000000,0.000000,0.000000,2.172575,0.000000,0.000000,0.000000,0.0000000,0.000000,1.844511,2.074373,0.000000,0.000000,0.000000,2.271554,0.000000,0.000000,0.000000,0.000000,2.196495,0.000000,0.000000,2.003785,2.206092,0.0000000,0.000000,2.415167,0.000000,0.0000000
1.845996,1.870930,1.6360188,2.219095,1.798340,0.000000,0.000000,1.876738,2.103049,0.000000,0.000000,2.152810,2.188933,2.433198,2.241593,2.371549,1.640022,2.413889,1.929174,2.001923,1.737196,2.264376,2.000315,2.237150,1.906203,2.238672,0.000000,2.207537,0.000000,0.000000,1.431237,0.000000,0.000000,2.167903,0.0000000,0.000000,2.402965,1.989483,0.000000,0.000000,0.000000,0.000000,0.000000,2.148693,0.000000,0.000000,0.000000,0.0000000,0.000000,1.766066,2.055323,1.810577,0.000000,0.000000,2.220100,2.207189,0.000000,0.000000,0.000000,2.195674,0.000000,0.000000,2.094271,2.112819,0.0000000,0.000000,2.540780,0.000000,0.0000000
2.198804,2.167736,1.7353911,0.000000,0.000000,0.000000,0.000000,1.664553,2.173172,0.000000,2.030441,2.174054,2.018089,2.431789,2.182885,2.392000,0.000000,2.324146,1.710561,1.931534,2.016725,2.248208,2.038857,2.242626,1.821215,2.230342,1.837953,2.115077,0.000000,0.000000,1.556797,0.000000,1.739655,0.000000,0.0000000,0.000000,2.430846,1.980617,0.000000,0.000000,0.000000,0.000000,0.000000,2.164087,2.095116,0.000000,0.000000,1.6602921,1.522588,1.707159,2.088627,0.000000,0.000000,0.000000,2.223374,0.000000,0.000000,1.993719,0.000000,2.092273,0.000000,0.000000,2.054154,1.969246,0.0000000,0.000000,2.523003,0.000000,0.0000000
2.142664,2.085114,1.8610159,0.000000,0.000000,0.000000,1.589596,1.767122,2.152094,0.000000,0.000000,2.084409,1.993965,2.450640,2.213128,2.358362,1.637570,2.322900,1.707258,1.874367,2.056239,2.238877,2.029167,2.277974,1.735951,2.246838,1.956639,2.164944,0.000000,0.000000,1.782861,0.000000,1.683413,0.000000,0.0000000,0.000000,2.357390,1.971877,0.000000,0.000000,0.000000,0.000000,0.000000,2.229219,2.119930,0.000000,1.648583,1.6757921,1.497759,1.619810,0.000000,1.934783,0.000000,0.000000,2.129527,0.000000,0.000000,2.004020,0.000000,1.954433,0.000000,0.000000,1.918542,1.986342,0.0000000,0.000000,2.407126,0.000000,0.0000000
0.000000,1.740519,1.9172341,0.000000,0.000000,0.000000,0.000000,1.874459,1.962498,0.000000,0.000000,2.186148,2.066634,2.428546,2.264675,2.399646,0.000000,2.423298,1.382074,1.994923,0.000000,2.217722,2.084898,2.261804,1.786820,1.728656,1.798950,2.208377,0.000000,0.000000,1.891300,0.000000,0.000000,0.000000,1.6634260,0.000000,2.489597,1.807716,1.900268,0.000000,0.000000,0.000000,0.000000,1.841208,0.000000,0.000000,1.812433,0.0000000,0.000000,1.701962,2.089601,1.955467,0.000000,0.000000,1.941793,1.985542,0.000000,0.000000,0.000000,2.276030,0.000000,0.000000,1.835771,2.107843,0.0000000,0.000000,2.411911,1.621113,1.8503717
2.216668,2.272479,1.5839808,1.876902,2.319987,0.000000,1.645112,1.800447,2.250836,0.000000,1.888076,1.999985,2.282135,2.474108,2.194838,2.456999,0.000000,2.226704,0.000000,0.000000,2.051895,1.976100,1.981171,2.289344,0.000000,2.171127,1.915513,2.053336,2.277364,1.660935,2.063278,0.000000,0.000000,0.000000,0.0000000,0.000000,2.344221,1.979901,0.000000,0.000000,0.000000,0.000000,0.000000,2.185022,2.202652,0.000000,0.000000,1.8167051,1.752879,1.903282,0.000000,1.661361,0.000000,0.000000,2.249179,2.107558,1.829923,2.155555,0.000000,2.213620,0.000000,0.000000,2.255854,2.071451,0.0000000,0.000000,2.592290,1.979713,1.4714400
0.000000,1.816724,0.0000000,0.000000,0.000000,0.000000,0.000000,0.000000,1.976793,0.000000,0.000000,2.161139,2.220359,2.423985,2.176724,2.465270,0.000000,2.349873,0.000000,1.896850,1.931606,2.158563,1.994973,2.253552,0.000000,2.145438,0.000000,2.143965,0.000000,0.000000,0.000000,0.000000,0.000000,0.000000,0.0000000,0.000000,1.787943,0.000000,0.000000,0.000000,0.000000,0.000000,1.862736,2.189034,0.000000,0.000000,0.000000,0.0000000,0.000000,1.893458,2.177394,0.000000,0.000000,0.000000,2.334509,0.000000,0.000000,1.628066,0.000000,1.933660,0.000000,0.000000,0.000000,2.046068,0.0000000,0.000000,2.232225,0.000000,1.9256434
0.000000,0.000000,2.1323087,0.000000,0.000000,0.000000,0.000000,0.000000,0.000000,2.264145,0.000000,2.196543,2.192234,2.464180,1.887541,2.424601,2.047284,2.420850,0.000000,2.022364,2.065785,2.276968,2.093303,2.338789,0.000000,2.261258,0.000000,2.217680,0.000000,0.000000,0.000000,0.000000,1.978088,0.000000,0.0000000,0.000000,2.316109,2.028729,0.000000,1.892515,0.000000,0.000000,0.000000,2.038250,0.000000,0.000000,1.945730,0.0000000,0.000000,1.856258,2.189433,2.132593,0.000000,0.000000,1.922635,2.088001,1.921252,0.000000,0.000000,2.029855,0.000000,0.000000,1.845897,2.095084,0.0000000,0.000000,2.456472,2.064318,0.0000000
0.000000,2.126337,1.7915986,0.000000,0.000000,0.000000,0.000000,1.692986,1.559077,0.000000,0.000000,1.952353,2.188134,2.403841,2.172846,2.394967,1.998300,2.213598,0.000000,0.000000,0.000000,1.982106,1.963578,2.217529,0.000000,2.069716,0.000000,2.048375,0.000000,0.000000,1.618671,0.000000,0.000000,0.000000,1.8112734,0.000000,2.361818,1.821316,0.000000,0.000000,0.000000,1.537176,0.000000,1.870105,1.985622,1.730082,0.000000,0.0000000,0.000000,0.000000,0.000000,1.638893,2.173916,0.000000,2.133991,0.000000,0.000000,1.615346,0.000000,2.104870,0.000000,0.000000,1.955775,1.979643,0.0000000,0.000000,2.257030,1.897499,1.7867854
0.000000,1.834965,0.0000000,0.000000,0.000000,0.000000,0.000000,0.000000,1.953727,2.203877,0.000000,0.000000,2.203554,2.451714,2.211844,2.430655,2.035006,2.349642,0.000000,1.893244,1.631210,2.157506,2.052702,2.283321,0.000000,2.211639,1.881516,2.148477,0.000000,0.000000,0.000000,0.000000,1.702700,0.000000,1.6230814,0.000000,2.438737,1.660131,0.000000,1.808477,0.000000,0.000000,0.000000,2.234450,0.000000,0.000000,0.000000,0.0000000,0.000000,2.178826,2.286403,1.843530,0.000000,0.000000,2.416859,0.000000,0.000000,0.000000,0.000000,2.013176,0.000000,2.068307,1.990260,1.820905,1.8304098,0.000000,2.499596,1.936176,1.9099753
0.000000,1.936184,0.0000000,0.000000,1.997253,0.000000,0.000000,1.849016,1.866941,0.000000,1.883125,2.167910,2.112733,2.422919,1.924574,2.410857,0.000000,2.367452,1.545247,0.000000,2.032119,2.164337,1.933273,2.259761,1.710891,2.072214,0.000000,2.139187,0.000000,0.000000,1.531795,0.000000,0.000000,0.000000,0.0000000,0.000000,2.388546,2.017999,0.000000,0.000000,0.000000,0.000000,0.000000,1.973003,0.000000,0.000000,1.684014,0.0000000,0.000000,1.822223,2.005073,0.000000,0.000000,0.000000,2.171787,2.157054,0.000000,0.000000,0.000000,2.218874,0.000000,0.000000,1.798286,2.108623,0.0000000,0.000000,2.459559,0.000000,1.6973270
0.000000,0.000000,0.0000000,1.802253,0.000000,0.000000,0.000000,0.000000,2.052099,0.000000,0.000000,2.151799,2.115907,2.444057,2.266269,2.478408,0.000000,2.372943,0.000000,0.000000,1.755079,2.233907,2.139519,2.228219,0.000000,1.881650,0.000000,2.000894,0.000000,0.000000,0.000000,0.000000,0.000000,0.000000,0.0000000,0.000000,2.440867,2.015712,0.000000,0.000000,0.000000,0.000000,0.000000,2.216986,0.000000,0.000000,0.000000,0.0000000,0.000000,2.047566,2.255681,0.000000,0.000000,0.000000,2.313812,0.000000,0.000000,0.000000,0.000000,2.217827,0.000000,0.000000,0.000000,2.124206,0.0000000,0.000000,2.375295,0.000000,0.0000000
1.999249,2.075816,0.0000000,0.000000,0.000000,0.000000,1.765056,2.103221,2.067378,0.000000,0.000000,2.275826,2.328066,2.427939,2.105167,2.447992,0.000000,2.311848,0.000000,0.000000,1.895102,1.948351,2.057220,2.260698,0.000000,2.119750,0.000000,2.114414,0.000000,1.819538,0.000000,0.000000,0.000000,0.000000,0.0000000,1.963851,2.490527,2.002164,0.000000,2.108981,1.996532,0.000000,0.000000,2.159645,0.000000,0.000000,0.000000,0.0000000,0.000000,1.900253,0.000000,1.989035,0.000000,1.948014,2.363442,0.000000,0.000000,0.000000,0.000000,2.316849,0.000000,1.925494,1.610103,2.052456,0.0000000,0.000000,2.529934,2.123458,0.0000000
0.000000,1.676472,0.0000000,0.000000,0.000000,0.000000,1.894325,1.919693,2.185687,0.000000,0.000000,2.211962,2.111213,2.474095,2.250642,2.404591,1.870823,2.269273,0.000000,2.060322,0.000000,2.099490,2.119856,2.225625,1.933781,1.846073,1.985734,2.002781,2.384099,0.000000,2.291781,0.000000,0.000000,0.000000,0.0000000,0.000000,2.420680,1.804087,0.000000,0.000000,0.000000,0.000000,0.000000,2.039339,0.000000,0.000000,0.000000,0.0000000,0.000000,0.000000,2.019956,2.001315,1.900314,0.000000,2.289172,0.000000,0.000000,0.000000,0.000000,2.305559,0.000000,0.000000,2.132108,2.212771,0.0000000,0.000000,2.612707,0.000000,0.0000000
0.000000,2.223853,1.8901888,0.000000,1.945602,0.000000,0.000000,0.000000,0.000000,0.000000,0.000000,2.178999,2.154728,2.395725,2.167573,2.396883,2.019695,2.259493,0.000000,0.000000,1.866203,2.036830,1.980683,2.200872,0.000000,2.157002,1.956128,2.120718,0.000000,0.000000,0.000000,0.000000,1.965210,0.000000,0.0000000,0.000000,2.339419,1.967640,0.000000,0.000000,0.000000,0.000000,0.000000,1.946779,1.982593,0.000000,0.000000,0.0000000,0.000000,0.000000,0.000000,0.000000,0.000000,0.000000,2.160208,0.000000,0.000000,1.826140,0.000000,2.040226,0.000000,0.000000,1.891658,1.987000,0.0000000,0.000000,2.305731,0.000000,1.9480939
0.000000,1.986151,0.0000000,0.000000,0.000000,0.000000,0.000000,1.768276,0.000000,0.000000,0.000000,2.240445,2.167662,2.433960,2.138791,2.421903,0.000000,2.365030,0.000000,1.760891,2.035818,2.108010,2.019910,2.247561,0.000000,2.075784,2.003822,2.149418,0.000000,0.000000,0.000000,0.000000,2.026641,0.000000,1.5347040,0.000000,2.387004,1.603896,1.748515,0.000000,0.000000,0.000000,0.000000,2.154979,0.000000,1.835418,0.000000,0.0000000,0.000000,1.882215,2.213901,1.936314,2.114157,0.000000,2.309083,0.000000,0.000000,1.773621,0.000000,2.201316,0.000000,1.851524,2.021704,2.015263,1.8901121,0.000000,2.497787,0.000000,1.8560816
2.491836,2.402472,2.0568568,2.264696,0.000000,1.900217,2.446044,1.928737,0.000000,2.428588,2.437025,2.208815,2.245710,2.449629,2.080162,2.450257,2.065627,2.371687,0.000000,2.028385,0.000000,0.000000,2.134469,2.221841,0.000000,2.172999,0.000000,2.111906,2.110939,0.000000,0.000000,1.919915,2.118741,2.148525,1.7644606,0.000000,2.419545,2.065290,0.000000,2.439896,2.309520,0.000000,0.000000,2.021957,2.175374,0.000000,0.000000,0.0000000,1.723850,0.000000,2.338369,2.331725,0.000000,2.016823,2.226258,0.000000,0.000000,1.983186,0.000000,1.927501,0.000000,0.000000,2.112767,1.615876,0.0000000,2.258249,2.513262,2.116898,1.8650173
0.000000,2.460300,0.0000000,1.999696,1.582397,1.813622,2.446888,0.000000,0.000000,1.959433,0.000000,1.874533,2.049368,2.427293,2.063126,2.367160,1.912820,2.339726,1.590706,1.582182,1.585634,1.986869,1.956714,2.216542,0.000000,2.166932,0.000000,2.057646,1.994185,0.000000,1.822549,0.000000,0.000000,0.000000,0.0000000,0.000000,2.407538,1.883862,2.065011,2.191825,2.221695,0.000000,0.000000,1.986899,0.000000,0.000000,0.000000,0.0000000,0.000000,2.106163,0.000000,2.212012,0.000000,2.031975,1.453462,0.000000,0.000000,0.000000,0.000000,1.991818,0.000000,0.000000,1.849284,1.784429,0.0000000,2.245749,2.507352,0.000000,0.0000000
0.000000,2.045706,0.0000000,0.000000,0.000000,0.000000,0.000000,1.668014,2.022117,0.000000,1.626883,2.161943,2.299985,2.441273,2.203331,2.417491,2.012509,2.365065,1.640811,0.000000,1.866563,2.211786,2.059217,2.281228,1.812646,2.174916,1.801143,2.123377,1.608305,1.855451,0.000000,0.000000,1.777814,0.000000,1.7690801,0.000000,2.378914,2.047707,0.000000,0.000000,0.000000,1.731579,0.000000,2.217644,1.533739,1.894187,0.000000,0.0000000,0.000000,2.184875,2.220537,1.484658,0.000000,1.851685,2.386075,1.779671,1.922097,0.000000,0.000000,2.171807,0.000000,0.000000,1.921282,2.073174,0.0000000,0.000000,2.314191,0.000000,1.9596207
0.000000,1.888897,0.0000000,0.000000,0.000000,0.000000,0.000000,0.000000,2.004660,1.848777,0.000000,2.165512,2.159141,2.447046,2.225546,2.403201,2.050317,2.370310,1.728708,1.882593,2.017014,2.267968,1.994099,2.219898,1.612386,2.237423,1.894817,2.134480,0.000000,0.000000,0.000000,0.000000,0.000000,0.000000,1.6523749,0.000000,2.340472,1.751018,0.000000,0.000000,0.000000,0.000000,0.000000,2.197774,0.000000,1.880778,0.000000,0.0000000,0.000000,2.109906,2.163764,1.947067,2.152046,0.000000,2.416469,1.772136,1.776222,0.000000,0.000000,2.157055,0.000000,1.851678,1.903850,2.068698,1.6688044,0.000000,2.182267,0.000000,1.8602437
0.000000,0.000000,0.0000000,0.000000,0.000000,0.000000,0.000000,1.823574,0.000000,0.000000,1.612133,2.145393,2.175709,2.413027,2.161701,2.387714,2.023759,2.324526,0.000000,0.000000,0.000000,2.201577,1.997153,2.244740,1.828952,2.156229,1.921549,2.123621,0.000000,0.000000,0.000000,0.000000,1.847051,0.000000,0.0000000,0.000000,2.389284,2.041373,0.000000,1.721062,1.625758,1.702598,0.000000,2.223696,0.000000,1.925702,1.527369,0.0000000,0.000000,1.931113,2.277912,1.919793,2.012245,0.000000,2.229538,1.886409,0.000000,0.000000,0.000000,2.203323,0.000000,0.000000,1.889459,2.049066,0.0000000,0.000000,2.577912,0.000000,1.8381302
0.000000,1.979829,0.0000000,0.000000,0.000000,0.000000,0.000000,1.863554,1.599794,2.215750,0.000000,2.117729,2.155436,2.445795,2.227377,2.366268,1.923509,2.358041,0.000000,1.884292,1.562877,2.133384,2.036541,2.262794,1.816479,2.195100,1.957410,2.086645,1.509528,0.000000,1.452844,0.000000,1.775708,0.000000,1.5139026,1.679447,2.373170,1.934069,1.668881,0.000000,0.000000,1.659351,0.000000,1.989128,0.000000,0.000000,1.780548,0.0000000,1.507761,2.233489,2.283253,1.955287,0.000000,0.000000,2.356404,1.885929,1.704511,0.000000,0.000000,2.115338,0.000000,0.000000,2.045942,2.041406,1.7408054,0.000000,2.480712,1.813795,1.8616346
0.000000,1.799355,1.4799735,0.000000,0.000000,0.000000,0.000000,0.000000,1.706561,0.000000,0.000000,2.059694,2.131931,2.410630,2.158303,2.414719,1.478668,2.366531,0.000000,1.822882,1.916043,1.781781,1.999022,2.217523,1.666422,2.131520,1.388700,2.183128,2.036983,0.000000,1.639137,0.000000,1.868278,0.000000,0.0000000,0.000000,2.317865,1.936046,0.000000,0.000000,0.000000,0.000000,0.000000,1.953684,0.000000,0.000000,1.726465,0.0000000,1.591033,2.184683,0.000000,1.923935,0.000000,1.482557,2.146375,1.808457,1.950298,1.784358,0.000000,2.031902,1.804231,0.000000,1.850563,2.067033,0.0000000,0.000000,2.174865,0.000000,0.0000000
0.000000,1.985578,0.0000000,0.000000,0.000000,0.000000,0.000000,0.000000,1.956441,0.000000,0.000000,2.059948,2.065769,2.441108,2.213417,2.441972,2.061088,2.400417,0.000000,1.934061,0.000000,2.196033,1.994757,2.219192,1.715026,2.228299,1.798500,2.166737,0.000000,0.000000,2.033063,0.000000,0.000000,1.815134,0.0000000,0.000000,2.401824,1.948473,0.000000,0.000000,0.000000,0.000000,0.000000,2.189911,2.098006,0.000000,0.000000,0.0000000,0.000000,1.708406,2.156864,1.953341,0.000000,0.000000,2.238136,1.863781,1.873593,1.877373,0.000000,1.968135,0.000000,0.000000,1.965485,1.946045,1.7119544,0.000000,2.480367,1.867313,1.8412003
0.000000,1.940719,0.0000000,0.000000,0.000000,0.000000,0.000000,0.000000,1.877872,2.251843,0.000000,2.207890,2.251235,2.441326,2.234410,2.477164,2.136444,2.396607,0.000000,1.831065,2.032093,2.270493,2.082935,2.242176,0.000000,2.245562,0.000000,2.191209,0.000000,0.000000,0.000000,0.000000,0.000000,0.000000,0.0000000,0.000000,2.489156,2.217464,0.000000,0.000000,0.000000,0.000000,0.000000,2.014575,0.000000,1.808177,0.000000,0.0000000,0.000000,1.963091,0.000000,2.277285,0.000000,0.000000,2.362694,1.894388,0.000000,0.000000,0.000000,2.146244,0.000000,1.840948,0.000000,2.084058,0.0000000,0.000000,2.524963,2.017770,1.9117998
0.000000,1.767614,0.0000000,1.934714,0.000000,0.000000,0.000000,2.016579,2.137286,0.000000,1.810538,2.256912,2.238873,2.398462,2.146052,2.432139,1.645260,2.297253,1.591523,1.802815,2.050817,2.165829,2.112044,2.222662,1.752761,2.110137,2.027330,2.106340,0.000000,0.000000,0.000000,0.000000,1.839271,0.000000,0.0000000,0.000000,2.524571,2.106753,0.000000,1.839582,1.819621,0.000000,0.000000,2.165779,0.000000,1.953227,0.000000,0.0000000,0.000000,2.085319,2.321177,2.005182,0.000000,0.000000,2.398167,1.957639,1.670549,0.000000,0.000000,2.326641,0.000000,0.000000,2.062024,2.097262,0.0000000,0.000000,2.623813,0.000000,0.0000000
2.338217,2.346519,0.0000000,2.210397,0.000000,0.000000,2.422194,0.000000,1.940354,0.000000,1.924352,2.109793,2.132213,2.400043,2.195335,2.430916,1.904949,2.309873,0.000000,0.000000,1.953090,0.000000,2.011025,2.206750,0.000000,2.062039,0.000000,2.117917,2.014310,0.000000,1.712070,0.000000,0.000000,0.000000,0.0000000,0.000000,2.307289,0.000000,0.000000,1.754179,2.056379,0.000000,0.000000,0.000000,0.000000,0.000000,1.612206,0.0000000,0.000000,0.000000,0.000000,1.962712,0.000000,0.000000,2.029798,1.996199,1.746368,1.953441,0.000000,2.080878,0.000000,0.000000,1.937110,1.837751,0.0000000,0.000000,2.476576,1.993155,1.7200786
0.000000,1.870911,0.0000000,0.000000,1.704713,0.000000,0.000000,1.985232,0.000000,2.152850,1.727268,2.093535,2.222278,2.403456,2.165524,2.466188,0.000000,2.298200,1.604651,0.000000,1.928619,2.115901,2.061425,2.265514,0.000000,2.164589,0.000000,2.126807,0.000000,0.000000,0.000000,0.000000,1.949726,0.000000,0.0000000,0.000000,2.424112,1.775833,0.000000,0.000000,0.000000,0.000000,0.000000,1.972570,0.000000,0.000000,0.000000,0.0000000,0.000000,1.923090,2.249653,2.014169,0.000000,0.000000,2.355190,0.000000,1.869070,0.000000,0.000000,2.250508,0.000000,0.000000,1.593911,1.999692,0.0000000,0.000000,2.594199,0.000000,1.8121804
0.000000,1.702434,0.0000000,0.000000,0.000000,0.000000,0.000000,2.047442,1.962721,2.018872,0.000000,2.212390,2.244833,2.405336,2.163674,2.409385,0.000000,2.342053,0.000000,0.000000,1.933167,2.151584,2.002639,2.270181,0.000000,2.153002,0.000000,2.148488,0.000000,0.000000,0.000000,0.000000,0.000000,0.000000,0.0000000,0.000000,2.441520,1.691563,0.000000,0.000000,0.000000,0.000000,0.000000,2.200787,0.000000,0.000000,0.000000,0.0000000,0.000000,2.055261,2.284890,2.092853,0.000000,0.000000,2.373913,0.000000,1.908463,0.000000,0.000000,2.256779,0.000000,0.000000,1.971762,2.011918,0.0000000,0.000000,2.583209,0.000000,0.0000000
2.370242,2.069765,1.6462286,0.000000,0.000000,2.381881,2.242179,0.000000,2.039806,2.098222,2.325305,0.000000,2.182773,2.402263,2.185054,2.423517,0.000000,2.340405,1.894611,0.000000,1.957051,2.174685,2.054284,2.178030,0.000000,2.124259,0.000000,2.119223,1.863226,0.000000,0.000000,1.721116,0.000000,0.000000,0.0000000,0.000000,2.503814,2.152170,1.826087,2.324538,2.352002,0.000000,0.000000,2.171268,0.000000,1.866837,1.935632,0.0000000,0.000000,2.076022,2.200295,2.381149,0.000000,0.000000,2.014949,0.000000,2.039720,2.108829,0.000000,2.047962,2.106837,0.000000,2.430318,2.027907,0.0000000,2.432196,2.568395,0.000000,2.1153368
0.000000,2.238796,0.0000000,0.000000,0.000000,0.000000,1.469426,1.849105,0.000000,0.000000,0.000000,2.096367,2.148847,2.461230,2.195821,2.404851,0.000000,2.413191,1.796603,1.947200,1.696029,2.203834,2.012251,2.209803,1.918031,2.013390,1.808885,1.735275,0.000000,0.000000,0.000000,0.000000,0.000000,1.547419,0.0000000,0.000000,2.441865,2.032010,0.000000,0.000000,0.000000,0.000000,0.000000,1.883753,0.000000,0.000000,0.000000,0.0000000,0.000000,1.878531,2.039802,1.702064,0.000000,0.000000,1.726920,0.000000,0.000000,0.000000,0.000000,2.184485,0.000000,0.000000,2.133912,2.032266,1.9207778,0.000000,2.518898,0.000000,0.0000000
0.000000,1.692418,2.1413253,0.000000,0.000000,0.000000,0.000000,1.954341,1.707258,0.000000,0.000000,2.225705,2.219217,2.438031,2.229130,2.425646,1.542561,2.348256,1.707813,1.649130,0.000000,2.095023,1.990799,2.148859,1.486735,1.744501,0.000000,2.097916,0.000000,0.000000,0.000000,0.000000,0.000000,0.000000,0.0000000,0.000000,2.499895,2.071759,0.000000,0.000000,0.000000,0.000000,0.000000,1.963829,2.139434,1.961340,1.870702,0.0000000,0.000000,1.894838,2.049447,1.947871,0.000000,0.000000,2.135300,0.000000,0.000000,1.664944,0.000000,2.287130,0.000000,0.000000,1.825452,2.043602,1.9122715,1.826754,2.581203,0.000000,0.0000000
0.000000,2.480892,0.0000000,0.000000,0.000000,0.000000,2.333066,0.000000,0.000000,0.000000,1.797242,0.000000,2.183582,2.389857,1.956284,2.420616,2.135734,2.387107,1.782849,0.000000,2.091288,2.172094,2.119170,2.190356,0.000000,2.268461,1.802315,2.190359,0.000000,0.000000,0.000000,0.000000,2.024341,0.000000,0.0000000,0.000000,2.310550,2.093083,2.220510,2.102962,0.000000,0.000000,0.000000,2.218392,0.000000,0.000000,0.000000,0.0000000,0.000000,2.193697,0.000000,2.228566,0.000000,2.064340,1.791587,1.881953,0.000000,0.000000,0.000000,0.000000,0.000000,0.000000,2.101255,1.926183,0.0000000,2.355973,2.539914,0.000000,0.0000000
0.000000,0.000000,0.0000000,0.000000,0.000000,0.000000,0.000000,1.610066,2.114245,0.000000,1.977601,2.254366,2.206894,2.432202,2.217432,2.459458,2.072935,2.368834,0.000000,1.805317,0.000000,2.272003,2.061114,2.158621,1.758212,2.205887,1.981582,2.160895,0.000000,0.000000,0.000000,0.000000,1.707556,0.000000,0.0000000,0.000000,2.438655,1.807686,1.780863,0.000000,0.000000,0.000000,0.000000,2.199717,0.000000,0.000000,0.000000,0.0000000,0.000000,1.955919,2.301691,0.000000,0.000000,0.000000,2.390995,1.641053,1.829511,0.000000,0.000000,2.156492,0.000000,1.814408,1.864500,2.100048,0.0000000,0.000000,2.507861,1.864997,1.7873193
0.000000,1.773379,0.0000000,2.097415,0.000000,0.000000,0.000000,0.000000,2.132479,0.000000,2.077523,2.192974,2.254791,2.432538,2.228940,2.479080,2.104503,2.372031,1.792003,1.613783,2.076648,2.249788,2.034094,2.282022,1.840251,2.252355,2.036609,2.206411,0.000000,0.000000,0.000000,0.000000,1.846725,1.834303,0.0000000,0.000000,2.379223,2.255684,0.000000,0.000000,0.000000,0.000000,0.000000,2.196659,0.000000,2.133617,0.000000,0.0000000,0.000000,2.184771,0.000000,1.600414,0.000000,0.000000,2.369107,1.961509,0.000000,1.741330,0.000000,2.259413,0.000000,0.000000,2.220399,2.062250,0.0000000,0.000000,2.544721,0.000000,1.9311407
0.000000,0.000000,0.0000000,0.000000,0.000000,0.000000,0.000000,0.000000,0.000000,1.997253,1.957232,2.201839,2.229020,2.431393,2.222830,2.414717,2.116965,2.392603,0.000000,1.935532,1.527899,2.279911,2.092139,2.282674,1.751048,2.230486,0.000000,2.183638,1.858471,0.000000,0.000000,0.000000,0.000000,0.000000,1.7419473,0.000000,2.442558,0.000000,0.000000,0.000000,0.000000,0.000000,0.000000,2.051286,0.000000,0.000000,0.000000,0.0000000,0.000000,1.976136,2.327227,1.843523,0.000000,0.000000,2.423142,1.891360,0.000000,1.547787,0.000000,1.858179,0.000000,0.000000,1.971805,2.110609,1.7191072,0.000000,2.504298,1.865835,1.6381866
0.000000,1.877192,0.0000000,1.917863,0.000000,0.000000,0.000000,0.000000,1.640781,0.000000,0.000000,2.231811,2.282099,2.458913,2.206194,2.456993,2.064114,2.341947,1.743128,1.737506,2.042458,2.183088,2.094270,2.295217,1.841979,2.187363,2.036946,2.159684,0.000000,1.924285,0.000000,0.000000,0.000000,1.778210,0.0000000,0.000000,2.448067,2.262720,0.000000,0.000000,0.000000,0.000000,0.000000,2.212139,0.000000,2.059227,1.605103,0.0000000,0.000000,2.175192,0.000000,1.912456,0.000000,0.000000,2.387208,1.927386,1.773392,1.955123,0.000000,2.257563,0.000000,0.000000,2.054176,2.050753,0.0000000,0.000000,2.583917,0.000000,2.0157396
0.000000,2.378088,2.1178262,2.103038,1.886887,1.693682,2.184025,0.000000,2.025713,0.000000,2.130726,2.169894,2.019914,2.451203,2.179006,2.437645,2.049450,2.312971,1.450531,1.862904,1.901337,2.111399,2.123782,2.266179,0.000000,2.200128,0.000000,2.148571,0.000000,0.000000,0.000000,0.000000,1.839414,0.000000,1.8920090,1.987216,2.498903,2.067603,2.210047,2.268183,2.058779,0.000000,0.000000,2.189621,0.000000,2.197470,0.000000,0.0000000,1.967086,1.877288,0.000000,2.289153,0.000000,1.933496,2.246841,2.095124,2.279970,1.910907,0.000000,1.977030,1.952009,0.000000,2.424673,2.036936,0.0000000,0.000000,2.568823,2.241034,0.0000000
0.000000,1.807072,0.0000000,0.000000,0.000000,0.000000,0.000000,0.000000,1.947690,0.000000,0.000000,2.027422,2.203953,2.429395,2.152294,2.393381,2.077558,2.361776,0.000000,1.797996,0.000000,2.168597,2.056015,2.182971,0.000000,2.214835,0.000000,2.164865,1.566971,1.913576,0.000000,0.000000,0.000000,0.000000,0.0000000,0.000000,2.254933,2.016341,0.000000,0.000000,0.000000,0.000000,0.000000,2.056253,1.806020,1.999093,0.000000,0.0000000,0.000000,2.126233,0.000000,1.820072,0.000000,1.622541,2.254992,1.945492,1.956405,0.000000,0.000000,1.882471,0.000000,0.000000,1.654558,2.037625,1.6712265,0.000000,2.328197,0.000000,0.0000000
0.000000,2.280358,1.9598742,2.006478,1.853916,0.000000,0.000000,1.923737,1.959744,0.000000,2.086766,2.210409,2.064657,2.425265,2.196149,2.436316,1.944876,2.328454,0.000000,1.844681,0.000000,2.109003,1.963774,2.238359,0.000000,2.167237,1.814705,2.085041,0.000000,0.000000,0.000000,0.000000,0.000000,2.044318,1.6850268,1.716286,2.469932,0.000000,2.183693,0.000000,1.874761,0.000000,0.000000,2.196771,0.000000,0.000000,1.593024,0.0000000,0.000000,1.945385,1.732323,2.072795,0.000000,0.000000,2.360336,1.992517,1.973988,0.000000,0.000000,2.181078,1.739317,0.000000,2.394643,2.119142,0.0000000,0.000000,2.566430,0.000000,2.1349157
0.000000,1.866334,1.6630574,2.064547,0.000000,0.000000,0.000000,0.000000,1.873270,0.000000,0.000000,2.206905,2.282762,2.431687,2.230857,2.425509,0.000000,2.378367,1.839343,0.000000,2.060767,2.185954,1.969120,2.319169,0.000000,2.127850,2.048588,2.207008,2.125124,0.000000,0.000000,0.000000,0.000000,0.000000,0.0000000,0.000000,2.437895,2.275143,1.818361,0.000000,0.000000,0.000000,0.000000,2.182114,0.000000,1.972846,0.000000,0.0000000,0.000000,2.157495,1.941419,1.851166,2.089843,0.000000,2.337082,1.952450,0.000000,1.839973,0.000000,2.268607,0.000000,0.000000,2.155258,2.140482,0.0000000,0.000000,2.376764,1.872547,0.0000000
0.000000,1.657150,0.0000000,0.000000,0.000000,0.000000,0.000000,0.000000,2.010172,0.000000,0.000000,2.217221,2.206782,2.427440,2.183249,2.468655,0.000000,2.367856,0.000000,0.000000,0.000000,2.137735,2.042512,2.275110,0.000000,2.090409,0.000000,2.150228,0.000000,1.810222,0.000000,0.000000,0.000000,1.886780,0.0000000,0.000000,2.381561,1.950216,0.000000,0.000000,0.000000,0.000000,0.000000,2.275873,0.000000,0.000000,0.000000,0.0000000,0.000000,2.123371,2.261147,1.961134,0.000000,0.000000,2.433470,0.000000,0.000000,0.000000,0.000000,2.124938,0.000000,0.000000,0.000000,2.156471,0.0000000,0.000000,2.567321,0.000000,0.0000000
0.000000,0.000000,0.0000000,0.000000,0.000000,0.000000,0.000000,0.000000,2.327136,0.000000,0.000000,2.099788,2.071554,2.432230,2.158821,2.442801,0.000000,2.372903,1.596106,0.000000,2.167820,2.165499,0.000000,2.334501,0.000000,0.000000,2.162171,2.168111,2.211778,2.046432,0.000000,0.000000,0.000000,0.000000,0.0000000,0.000000,2.409235,0.000000,0.000000,0.000000,0.000000,0.000000,0.000000,2.235222,0.000000,0.000000,0.000000,0.0000000,0.000000,2.062066,2.205754,0.000000,0.000000,0.000000,2.399808,0.000000,0.000000,0.000000,0.000000,2.154841,0.000000,0.000000,0.000000,2.174235,0.0000000,0.000000,2.502978,0.000000,0.0000000
0.000000,2.445868,0.0000000,2.052963,1.957536,1.981131,2.471344,1.955353,1.945896,0.000000,2.052924,1.981511,2.149903,2.426693,2.122011,2.387517,1.932676,2.380039,0.000000,1.650931,2.076009,1.880924,1.941349,2.195868,0.000000,2.241695,1.392718,2.118127,2.070953,1.803891,1.983491,0.000000,1.947745,0.000000,1.7053385,0.000000,2.432194,2.026918,2.134064,2.113112,2.084926,0.000000,0.000000,1.998392,1.259860,0.000000,1.668957,0.0000000,1.810656,2.168045,0.000000,2.273340,0.000000,1.860497,1.742782,1.751241,0.000000,0.000000,1.382074,2.030112,1.687733,1.584151,2.219398,1.957371,0.0000000,2.271166,2.495879,1.736869,1.7588895
0.000000,0.000000,0.0000000,0.000000,0.000000,0.000000,0.000000,0.000000,0.000000,0.000000,0.000000,2.157654,2.101724,2.444560,2.206182,2.473232,0.000000,2.236944,0.000000,0.000000,0.000000,1.882923,0.000000,2.265788,0.000000,0.000000,0.000000,1.700868,1.985768,1.719621,0.000000,0.000000,0.000000,0.000000,0.0000000,0.000000,1.778776,0.000000,0.000000,0.000000,0.000000,0.000000,0.000000,2.211245,0.000000,0.000000,0.000000,0.0000000,0.000000,2.206077,2.167622,0.000000,0.000000,0.000000,2.134588,0.000000,0.000000,0.000000,0.000000,0.000000,0.000000,0.000000,0.000000,2.115177,0.0000000,0.000000,2.513250,0.000000,1.8977880
0.000000,2.248789,0.0000000,0.000000,0.000000,0.000000,2.466238,0.000000,0.000000,0.000000,0.000000,2.088844,2.194705,2.419406,2.159529,2.402776,0.000000,2.351847,1.818315,0.000000,2.031569,2.087231,1.964937,2.307673,0.000000,2.056590,2.084400,2.067772,2.146168,0.000000,1.524396,0.000000,0.000000,0.000000,0.0000000,0.000000,2.311223,0.000000,1.668830,2.548491,2.505236,0.000000,0.000000,1.935501,0.000000,0.000000,0.000000,0.0000000,1.464836,2.091719,0.000000,2.275512,0.000000,0.000000,1.711588,0.000000,1.784157,0.000000,0.000000,2.003394,0.000000,0.000000,1.569540,1.959690,0.0000000,1.855010,2.364175,1.892977,1.8253016
0.000000,2.323109,2.0183185,2.002554,0.000000,0.000000,1.587564,1.732894,1.697391,0.000000,2.076745,2.173195,2.168810,2.433597,2.212769,2.426560,1.696392,2.343322,1.418023,1.780341,1.964982,2.081727,1.995828,2.179164,1.752335,2.165860,0.000000,2.139188,0.000000,1.723814,1.909311,0.000000,1.714875,0.000000,1.8810593,1.698320,2.511692,1.946634,2.025797,2.198183,1.966820,1.432224,1.915278,1.953644,1.788220,2.194418,1.613997,0.0000000,1.882859,1.702290,2.106045,2.242966,0.000000,1.833572,2.248070,2.019141,1.777232,1.283523,1.823887,2.089239,1.774877,1.787319,2.392118,2.133398,1.8188812,1.790288,2.514143,2.177781,2.0763202
0.000000,2.007988,1.9674975,1.858325,0.000000,0.000000,0.000000,1.887279,1.817344,1.917801,0.000000,2.246439,2.197551,2.464934,2.139002,2.417466,2.060135,2.371063,1.842519,1.954552,1.955330,2.242284,2.127159,2.219750,1.982069,2.248291,2.085995,1.956415,1.465664,0.000000,2.073491,0.000000,0.000000,1.599211,1.7809480,0.000000,2.455051,1.984136,1.639657,0.000000,1.547892,1.709781,1.663242,2.105515,1.996637,1.797425,1.660104,0.0000000,0.000000,1.881744,2.205692,1.976335,2.092411,0.000000,2.186636,2.043130,1.875784,1.432520,0.000000,2.145355,1.511664,1.945510,2.098392,1.873779,1.7046124,1.598665,2.451929,1.790220,1.9820691
1.986309,2.025773,2.0464963,2.065937,1.883678,0.000000,0.000000,0.000000,2.086330,0.000000,0.000000,2.137243,2.248664,2.425248,2.122030,2.486114,2.094143,2.301038,0.000000,0.000000,1.892214,2.022029,2.086918,2.248239,1.724330,2.206737,0.000000,0.000000,0.000000,0.000000,0.000000,0.000000,1.925064,1.910664,0.0000000,0.000000,2.296818,2.093920,0.000000,2.068369,1.971299,0.000000,0.000000,2.047460,2.109568,1.952799,0.000000,0.0000000,0.000000,2.088082,2.096928,1.849090,0.000000,1.817811,2.284930,2.196029,1.928907,1.942052,0.000000,1.929122,0.000000,1.902915,0.000000,2.138840,0.0000000,0.000000,2.487104,0.000000,1.8203012
0.000000,0.000000,1.4909650,0.000000,0.000000,0.000000,0.000000,0.000000,0.000000,0.000000,0.000000,2.202012,0.000000,2.473677,2.233486,2.460312,0.000000,2.408083,0.000000,1.990265,0.000000,2.236925,2.095750,2.300208,1.862034,0.000000,1.891955,2.243421,0.000000,0.000000,1.714932,0.000000,0.000000,0.000000,0.0000000,0.000000,2.404793,0.000000,0.000000,0.000000,0.000000,0.000000,0.000000,0.000000,0.000000,2.058537,1.785829,0.0000000,1.508221,0.000000,0.000000,1.790832,0.000000,0.000000,2.013180,0.000000,0.000000,0.000000,0.000000,2.247295,0.000000,0.000000,0.000000,2.042919,0.0000000,0.000000,2.346936,0.000000,0.0000000
0.000000,1.946204,0.0000000,0.000000,1.750541,0.000000,0.000000,0.000000,1.621998,2.299858,0.000000,2.083165,2.219240,2.423871,2.179431,2.459662,2.018155,2.347339,0.000000,1.961027,0.000000,2.152955,2.118855,2.260744,1.813294,2.196839,0.000000,2.149205,0.000000,0.000000,1.797792,0.000000,2.114053,0.000000,0.0000000,0.000000,2.387808,2.063799,0.000000,0.000000,0.000000,0.000000,0.000000,2.215142,1.852776,2.027128,1.654753,0.0000000,0.000000,2.019533,2.232883,2.267195,0.000000,0.000000,2.336139,1.995708,1.881083,1.899852,0.000000,2.114766,0.000000,0.000000,1.832417,2.087738,0.0000000,0.000000,2.285409,0.000000,1.8911808
0.000000,0.000000,1.4161062,0.000000,0.000000,0.000000,0.000000,1.645877,0.000000,0.000000,0.000000,0.000000,0.000000,2.421069,2.098631,2.424114,0.000000,2.393028,0.000000,0.000000,0.000000,2.128065,1.579447,2.280016,0.000000,2.081744,0.000000,0.000000,1.767202,0.000000,1.864580,0.000000,0.000000,0.000000,0.0000000,0.000000,2.435115,0.000000,1.758734,0.000000,0.000000,0.000000,0.000000,2.023616,1.528954,1.683922,0.000000,0.0000000,1.631242,0.000000,2.250085,0.000000,0.000000,0.000000,2.426106,0.000000,0.000000,0.000000,0.000000,2.151812,0.000000,0.000000,0.000000,1.984061,0.0000000,0.000000,2.418760,0.000000,0.0000000
0.000000,1.973119,0.0000000,2.174330,2.151569,0.000000,0.000000,0.000000,1.984458,0.000000,1.768580,2.172661,2.229018,2.446061,2.127566,2.404384,0.000000,2.315428,1.799780,0.000000,1.992945,2.113293,1.842542,2.241446,0.000000,1.830452,0.000000,0.000000,0.000000,0.000000,0.000000,0.000000,0.000000,1.979659,1.4180234,0.000000,2.448373,1.988027,0.000000,0.000000,0.000000,0.000000,1.735869,2.036656,0.000000,2.235644,1.342781,0.0000000,0.000000,2.123150,2.183298,1.807776,0.000000,1.561134,2.152160,2.218018,0.000000,0.000000,0.000000,2.202549,0.000000,1.751374,1.666809,2.014831,1.6843833,0.000000,2.469383,1.295808,1.4302440
0.000000,0.000000,1.6973693,0.000000,0.000000,0.000000,0.000000,0.000000,0.000000,2.150784,1.700888,2.161045,2.205271,2.415167,2.094183,2.418380,0.000000,2.356909,1.670398,1.734978,2.045956,2.222480,1.995819,2.261681,0.000000,2.088916,1.978287,2.148942,0.000000,0.000000,0.000000,0.000000,0.000000,0.000000,0.0000000,0.000000,2.388340,1.863988,0.000000,0.000000,0.000000,0.000000,0.000000,2.090909,0.000000,2.081452,0.000000,0.0000000,1.388331,2.152104,2.264771,2.000742,0.000000,0.000000,2.309124,0.000000,1.678469,0.000000,0.000000,2.094467,0.000000,0.000000,1.816573,2.002206,0.0000000,0.000000,2.562995,1.887993,0.0000000
0.000000,0.000000,1.9664249,0.000000,0.000000,0.000000,0.000000,0.000000,0.000000,0.000000,1.967483,2.024260,2.157474,2.393129,2.159201,2.419063,0.000000,2.373961,0.000000,1.853894,0.000000,2.127637,1.939604,2.253636,0.000000,2.079695,1.958857,2.156792,1.797942,0.000000,0.000000,0.000000,0.000000,0.000000,0.0000000,0.000000,2.335043,2.043467,0.000000,0.000000,0.000000,0.000000,0.000000,2.339817,0.000000,0.000000,0.000000,0.0000000,0.000000,2.143972,0.000000,0.000000,0.000000,0.000000,2.301450,0.000000,2.170644,0.000000,0.000000,2.181780,0.000000,0.000000,2.254467,2.315925,0.0000000,0.000000,2.311777,1.988115,2.2146585
0.000000,2.429912,0.0000000,2.194661,0.000000,0.000000,0.000000,0.000000,0.000000,2.392019,2.428908,0.000000,2.114008,2.451627,2.161406,2.405552,0.000000,2.401366,0.000000,0.000000,0.000000,2.075775,2.272240,2.256777,0.000000,2.007806,0.000000,0.000000,0.000000,0.000000,1.857656,0.000000,0.000000,0.000000,0.0000000,0.000000,2.353643,0.000000,0.000000,0.000000,0.000000,0.000000,0.000000,2.221667,0.000000,0.000000,0.000000,0.0000000,1.804365,0.000000,0.000000,0.000000,0.000000,2.123168,0.000000,0.000000,0.000000,0.000000,0.000000,2.053205,0.000000,0.000000,0.000000,0.000000,0.0000000,0.000000,2.523037,2.132545,0.0000000
0.000000,2.230070,2.1109796,2.040630,1.765542,0.000000,1.968732,1.837062,2.039812,0.000000,0.000000,2.275618,2.142778,2.432025,2.212097,2.396521,0.000000,2.327314,1.681219,1.812530,0.000000,2.143678,1.993565,2.195650,0.000000,1.928538,1.692505,0.000000,0.000000,0.000000,1.664396,0.000000,1.490676,0.000000,0.0000000,0.000000,2.504441,2.066795,1.914836,1.999662,1.802378,0.000000,0.000000,2.234463,2.164576,2.263638,2.048318,2.0219495,1.838902,1.734381,2.152260,2.323037,0.000000,0.000000,2.237399,2.078008,0.000000,1.885425,0.000000,2.062160,2.018979,0.000000,2.094737,2.105315,0.0000000,0.000000,2.478763,2.270284,1.4991430
0.000000,1.974932,0.0000000,0.000000,0.000000,0.000000,0.000000,0.000000,1.774649,2.166856,0.000000,2.209905,2.199787,2.436087,2.110168,2.401427,2.123231,2.362053,0.000000,1.925577,1.914100,2.170886,2.004700,2.239239,1.987617,2.210476,0.000000,2.132259,0.000000,0.000000,1.938928,0.000000,1.893538,1.845516,1.8544174,0.000000,2.442849,2.093934,0.000000,0.000000,0.000000,1.721280,0.000000,2.184489,1.877331,1.944808,0.000000,1.6626087,0.000000,1.827983,2.265940,1.972341,0.000000,0.000000,2.199205,1.932440,1.901593,1.948323,0.000000,2.061323,1.718037,1.656931,2.070019,1.967990,0.0000000,0.000000,2.444657,0.000000,1.9727236
0.000000,2.097833,2.0941427,0.000000,0.000000,0.000000,0.000000,0.000000,0.000000,0.000000,0.000000,2.171282,2.195150,2.447648,2.190413,2.433499,2.030528,2.391339,0.000000,1.912332,0.000000,2.206213,2.124611,2.271957,0.000000,2.263899,2.029046,2.177047,0.000000,0.000000,0.000000,0.000000,0.000000,2.050590,0.0000000,1.996446,2.301912,1.818082,2.290222,0.000000,0.000000,0.000000,0.000000,2.278294,0.000000,1.956115,0.000000,0.0000000,0.000000,2.209715,2.267679,1.928261,0.000000,0.000000,2.331551,2.117041,2.127886,0.000000,0.000000,1.967969,0.000000,1.817297,2.169630,2.275547,1.9575582,0.000000,2.595147,0.000000,0.0000000
0.000000,1.994987,0.0000000,0.000000,0.000000,0.000000,0.000000,0.000000,1.979579,0.000000,0.000000,2.180223,2.248155,2.433898,2.193548,2.442736,1.997337,2.366993,0.000000,1.833054,1.687372,2.209088,2.130904,2.237569,0.000000,2.225099,1.743816,2.177823,0.000000,0.000000,0.000000,0.000000,0.000000,0.000000,0.0000000,0.000000,2.396360,1.968478,0.000000,1.940187,0.000000,0.000000,0.000000,2.210054,0.000000,1.878394,0.000000,0.0000000,0.000000,2.079359,2.092872,1.920631,0.000000,0.000000,2.277603,2.062561,0.000000,0.000000,0.000000,2.187530,0.000000,0.000000,1.820237,2.001873,0.0000000,0.000000,2.547652,0.000000,1.8647126
2.188601,2.192409,0.0000000,2.040184,0.000000,0.000000,0.000000,0.000000,1.746506,0.000000,1.840829,2.248608,2.140502,2.427851,2.129794,2.386740,0.000000,2.331849,0.000000,1.728863,1.924327,2.107305,2.076270,2.262114,0.000000,1.937266,1.715554,0.000000,0.000000,0.000000,1.781540,0.000000,0.000000,0.000000,0.0000000,0.000000,2.461562,1.875680,1.627410,0.000000,0.000000,0.000000,0.000000,2.126239,0.000000,1.922809,0.000000,0.0000000,0.000000,1.672449,1.867228,0.000000,2.107407,0.000000,0.000000,1.970842,0.000000,0.000000,0.000000,0.000000,0.000000,0.000000,2.101934,1.811313,0.0000000,0.000000,2.462614,2.032659,1.8652552
0.000000,1.996310,0.0000000,0.000000,0.000000,0.000000,0.000000,0.000000,1.896855,0.000000,0.000000,2.111670,2.267055,2.477576,2.226938,2.414045,2.009654,2.368494,0.000000,1.990944,0.000000,2.064948,2.121702,2.225083,1.887904,2.214842,2.039891,2.113246,2.163549,0.000000,0.000000,0.000000,0.000000,0.000000,0.0000000,0.000000,2.390183,1.876738,0.000000,0.000000,0.000000,0.000000,0.000000,2.173551,0.000000,1.998459,0.000000,0.0000000,0.000000,1.899547,0.000000,1.929956,0.000000,0.000000,2.311512,0.000000,0.000000,0.000000,0.000000,2.106265,0.000000,0.000000,2.001090,2.088324,0.0000000,0.000000,2.580414,0.000000,1.7924393
0.000000,1.955997,0.0000000,0.000000,0.000000,0.000000,0.000000,1.865782,1.988301,2.016914,1.910837,2.213173,2.187208,2.444688,2.136571,2.471624,2.015423,2.332869,0.000000,1.851349,0.000000,2.101129,2.013870,2.243802,1.873600,2.184832,0.000000,2.132947,0.000000,0.000000,0.000000,0.000000,0.000000,0.000000,1.7999285,0.000000,2.512932,1.966590,0.000000,0.000000,0.000000,1.777120,0.000000,2.191298,0.000000,2.132648,1.807726,0.0000000,0.000000,1.973762,2.181889,1.975680,1.642916,0.000000,2.398435,1.779695,1.794007,1.839797,0.000000,2.277579,0.000000,1.842378,2.048765,2.095398,1.6372611,0.000000,2.604844,0.000000,1.9185684
0.000000,2.045258,0.0000000,1.900890,0.000000,0.000000,2.415398,0.000000,0.000000,0.000000,2.257684,1.983319,2.108627,2.508100,1.487324,2.374018,0.000000,2.412353,0.000000,0.000000,2.061498,2.064763,2.132686,2.272100,1.908034,1.982522,0.000000,2.279290,2.148323,0.000000,0.000000,0.000000,1.992803,2.023939,0.0000000,0.000000,2.509178,0.000000,0.000000,2.435331,2.275286,1.992691,0.000000,0.000000,0.000000,0.000000,0.000000,0.0000000,2.162838,0.000000,2.134687,2.316322,0.000000,0.000000,2.179334,0.000000,2.155936,0.000000,0.000000,2.229371,0.000000,0.000000,2.162757,0.000000,0.0000000,0.000000,2.568150,0.000000,0.0000000
0.000000,1.946095,0.0000000,1.660346,0.000000,0.000000,0.000000,0.000000,1.509918,0.000000,0.000000,2.146029,2.064250,2.450065,2.055286,2.455420,0.000000,2.340218,1.669919,1.772445,2.140884,2.179373,2.021515,2.213015,1.567723,2.159889,2.083144,2.137760,1.752893,1.670876,1.257347,0.000000,0.000000,2.018546,1.3358850,0.000000,2.508167,1.961556,0.000000,0.000000,0.000000,0.000000,1.698950,2.148456,0.000000,0.000000,0.000000,0.0000000,1.559127,2.070371,2.152007,2.012664,0.000000,0.000000,2.184793,0.000000,0.000000,1.857096,0.000000,2.137948,1.672225,0.000000,2.028737,1.685141,0.0000000,1.478205,2.392767,1.716492,0.0000000
0.000000,1.826719,1.4324212,0.000000,0.000000,0.000000,0.000000,0.000000,2.130581,2.342078,0.000000,1.978287,2.035720,2.490990,2.187511,2.390624,1.840155,2.368820,0.000000,1.981261,0.000000,2.175170,2.045970,2.291062,0.000000,2.173495,2.007803,0.000000,2.000024,1.713869,0.000000,0.000000,2.083014,0.000000,0.0000000,0.000000,2.441547,2.142135,1.858630,0.000000,0.000000,0.000000,0.000000,2.052212,0.000000,0.000000,0.000000,0.0000000,0.000000,1.771840,2.294858,1.840679,0.000000,0.000000,2.351476,0.000000,0.000000,0.000000,0.000000,2.003476,0.000000,1.845332,2.165302,2.084812,0.0000000,0.000000,2.386142,0.000000,0.0000000
0.000000,1.878519,0.0000000,0.000000,0.000000,0.000000,0.000000,1.660935,1.969980,2.087844,0.000000,2.184133,2.196292,2.401247,2.174486,2.442947,0.000000,2.310587,0.000000,0.000000,1.658945,1.952292,1.968177,2.225642,0.000000,2.072192,1.962684,1.980598,1.875759,0.000000,0.000000,0.000000,2.075797,0.000000,0.0000000,0.000000,2.446501,1.965201,0.000000,0.000000,0.000000,0.000000,0.000000,2.223667,0.000000,1.780548,0.000000,0.0000000,1.486956,1.954668,2.218000,2.165355,2.098541,0.000000,2.369190,0.000000,1.919993,1.908914,0.000000,2.268242,0.000000,0.000000,1.978134,2.082259,0.0000000,0.000000,2.347274,1.922328,0.0000000
0.000000,1.829451,0.0000000,0.000000,1.875503,0.000000,0.000000,0.000000,2.097344,2.047993,0.000000,2.171409,2.185132,2.440360,2.141764,2.447622,0.000000,2.322201,0.000000,1.798093,1.880035,1.887943,1.891224,2.268660,0.000000,2.100441,1.921287,0.000000,1.901227,0.000000,0.000000,0.000000,0.000000,0.000000,0.0000000,0.000000,2.426406,2.006796,0.000000,0.000000,0.000000,0.000000,0.000000,2.230163,0.000000,1.669970,0.000000,0.0000000,0.000000,1.601877,2.177074,1.930474,2.108385,0.000000,2.364889,0.000000,1.849766,0.000000,0.000000,0.000000,0.000000,0.000000,1.829451,2.116869,0.0000000,0.000000,2.284439,0.000000,0.0000000
0.000000,2.157256,0.0000000,2.227600,0.000000,0.000000,0.000000,0.000000,1.986426,1.800500,2.420955,2.136201,2.142743,2.419292,2.086386,2.433213,1.970085,2.307028,1.396301,1.844803,1.958950,2.114011,2.117335,2.226531,1.988716,2.136476,0.000000,2.052625,0.000000,0.000000,1.633284,1.779488,2.078431,2.038806,1.9114286,0.000000,2.460094,1.933488,1.864215,2.136810,2.009450,1.690171,0.000000,2.050737,2.156346,1.961883,1.746353,1.6258248,0.000000,1.913512,2.294333,2.052550,1.953317,1.845974,2.175486,0.000000,1.820987,1.976027,0.000000,2.043488,1.777381,0.000000,2.097306,1.884891,0.0000000,0.000000,2.477024,2.103110,1.8853233
0.000000,1.884754,0.0000000,1.910716,0.000000,0.000000,1.894203,1.756932,0.000000,2.443970,1.868928,2.237362,2.226465,2.451687,2.142382,2.481403,0.000000,2.379631,1.676278,1.987365,2.055443,2.286050,1.970555,2.316434,1.972607,2.239660,0.000000,2.139977,0.000000,0.000000,0.000000,0.000000,2.069231,0.000000,1.6517255,0.000000,2.545721,1.907829,1.628719,2.343556,2.200859,0.000000,0.000000,2.239142,0.000000,0.000000,0.000000,0.0000000,0.000000,1.903924,2.390364,2.217660,0.000000,0.000000,2.417478,1.678158,0.000000,0.000000,0.000000,2.096166,0.000000,0.000000,2.235299,1.985458,0.0000000,0.000000,2.580075,0.000000,1.8907021
0.000000,1.961880,0.0000000,0.000000,0.000000,0.000000,1.800911,0.000000,0.000000,0.000000,0.000000,0.000000,2.099943,2.425285,2.199978,2.377485,2.120231,2.385940,1.966230,0.000000,1.887603,2.297820,2.135548,2.218867,1.830904,2.235370,2.135026,0.000000,0.000000,0.000000,1.671402,0.000000,0.000000,0.000000,0.0000000,0.000000,2.194782,2.037852,0.000000,2.132717,2.168455,0.000000,0.000000,2.238917,0.000000,1.965406,0.000000,0.0000000,0.000000,2.051301,1.831962,2.416347,0.000000,1.726447,2.263660,0.000000,0.000000,0.000000,0.000000,1.918898,0.000000,0.000000,0.000000,2.134913,1.5787018,0.000000,2.593622,0.000000,0.0000000
0.000000,1.924381,1.6808665,1.946197,0.000000,0.000000,0.000000,0.000000,2.114029,2.232882,0.000000,2.249108,2.161684,2.480892,2.189355,2.417855,0.000000,2.307526,1.662820,0.000000,1.948316,2.081219,1.981272,2.261150,0.000000,0.000000,1.839678,1.959154,1.667502,0.000000,1.486292,0.000000,0.000000,0.000000,1.4848070,0.000000,2.452747,1.937924,0.000000,0.000000,2.219308,0.000000,0.000000,2.176615,0.000000,0.000000,0.000000,0.0000000,0.000000,1.968292,2.223609,2.394068,0.000000,0.000000,2.314411,1.752453,1.971934,0.000000,0.000000,2.235156,0.000000,1.767654,0.000000,2.007131,0.0000000,0.000000,2.528410,0.000000,0.0000000
0.000000,2.259231,0.0000000,0.000000,1.793042,0.000000,0.000000,0.000000,2.147314,0.000000,0.000000,2.104988,2.183706,2.414094,2.126379,2.383957,1.933379,2.289115,0.000000,1.749599,2.054687,2.155699,1.918278,2.322128,0.000000,2.012382,1.975226,2.032089,0.000000,0.000000,0.000000,0.000000,2.000564,0.000000,1.7384466,0.000000,2.318309,0.000000,0.000000,0.000000,0.000000,0.000000,0.000000,0.000000,0.000000,0.000000,0.000000,0.0000000,0.000000,0.000000,0.000000,1.805133,1.735342,0.000000,2.284272,0.000000,2.084850,0.000000,0.000000,2.283567,1.650076,0.000000,2.344147,2.064715,1.9499487,0.000000,2.384938,0.000000,0.0000000
0.000000,1.892912,1.5510143,0.000000,0.000000,0.000000,0.000000,0.000000,2.073415,0.000000,2.046423,2.206701,2.046256,2.405551,2.181464,2.404154,0.000000,2.184073,1.491325,1.773519,1.636330,1.999833,2.068056,2.169144,1.588604,0.000000,0.000000,2.023422,0.000000,1.885839,0.000000,0.000000,2.134708,0.000000,0.0000000,0.000000,2.388877,1.942413,1.818063,0.000000,0.000000,0.000000,0.000000,2.020594,2.102604,0.000000,0.000000,1.7371960,0.000000,1.624693,2.073487,1.772586,0.000000,0.000000,2.272160,0.000000,0.000000,1.951102,0.000000,2.071081,0.000000,0.000000,1.983715,2.207385,1.6834130,1.642137,2.556589,1.928135,1.2851482
0.000000,2.125518,0.0000000,0.000000,0.000000,0.000000,2.115739,0.000000,0.000000,1.948639,0.000000,2.191826,2.221326,2.409323,1.830444,2.324965,0.000000,2.324726,0.000000,2.035422,1.816479,0.000000,2.064465,2.110122,0.000000,0.000000,0.000000,2.038318,2.004944,0.000000,0.000000,0.000000,0.000000,0.000000,0.0000000,0.000000,2.431986,2.044618,0.000000,2.488962,2.462460,1.672374,0.000000,0.000000,2.085777,0.000000,0.000000,1.4755598,0.000000,0.000000,2.240844,2.065908,0.000000,0.000000,2.189768,0.000000,0.000000,1.831294,0.000000,2.213784,0.000000,0.000000,2.142910,0.000000,0.0000000,0.000000,2.565129,0.000000,0.0000000
2.244231,2.295489,1.7099175,0.000000,1.904665,0.000000,2.015387,0.000000,0.000000,2.442488,2.187956,0.000000,2.162258,2.416103,2.129338,2.415552,0.000000,2.331407,0.000000,0.000000,0.000000,2.054942,1.935015,2.277239,0.000000,1.987167,0.000000,0.000000,1.955746,0.000000,0.000000,2.112780,2.135432,0.000000,0.0000000,0.000000,2.344494,2.024862,0.000000,0.000000,2.068989,0.000000,0.000000,1.906522,1.670348,0.000000,0.000000,0.0000000,0.000000,2.212926,2.211860,2.488051,0.000000,0.000000,2.186248,0.000000,2.236059,0.000000,0.000000,0.000000,0.000000,0.000000,0.000000,2.231957,0.0000000,0.000000,2.556395,0.000000,0.0000000
0.000000,1.942704,0.0000000,0.000000,0.000000,0.000000,0.000000,2.001252,2.011653,0.000000,0.000000,2.297923,2.201668,2.430617,2.201898,2.445489,1.968620,2.334060,0.000000,1.766548,0.000000,2.156541,2.056816,2.253735,1.733981,2.179201,0.000000,2.142209,0.000000,1.857858,0.000000,0.000000,0.000000,1.997720,0.0000000,0.000000,2.433681,0.000000,0.000000,0.000000,0.000000,1.773379,0.000000,2.081394,0.000000,2.078612,0.000000,0.0000000,0.000000,2.068931,2.203851,1.735573,0.000000,0.000000,2.374796,1.977302,1.932838,1.991301,0.000000,2.248641,0.000000,1.881487,2.108498,2.182165,1.8576138,0.000000,2.533522,0.000000,1.6932035
1.995896,1.851736,0.0000000,2.075630,0.000000,0.000000,0.000000,0.000000,1.928725,0.000000,1.974377,2.257482,2.278429,2.415174,2.174014,2.455867,1.923834,2.371291,0.000000,0.000000,0.000000,2.201096,2.058325,2.282209,0.000000,1.951445,0.000000,2.158844,0.000000,0.000000,1.647802,0.000000,1.802513,0.000000,0.0000000,0.000000,2.393099,1.840147,0.000000,2.057559,1.940649,0.000000,0.000000,2.242301,0.000000,2.049921,0.000000,0.0000000,0.000000,2.037532,0.000000,2.232862,0.000000,0.000000,2.312306,1.968740,0.000000,0.000000,0.000000,1.766975,0.000000,1.841019,1.884503,2.045372,0.0000000,0.000000,2.534855,2.004566,0.0000000
0.000000,1.899664,1.7144014,0.000000,0.000000,0.000000,0.000000,1.658593,1.936612,0.000000,0.000000,2.175514,2.201553,2.418207,2.161507,2.467491,2.004520,2.350881,1.651754,0.000000,1.787897,2.146256,2.081408,2.260234,1.719951,2.201416,0.000000,2.130564,0.000000,1.684636,1.651215,0.000000,1.895701,0.000000,0.0000000,0.000000,2.431091,2.011731,0.000000,0.000000,0.000000,0.000000,0.000000,2.188997,0.000000,1.826990,0.000000,0.0000000,0.000000,2.175059,2.209500,1.981860,0.000000,1.665256,2.289317,2.052090,0.000000,1.814408,0.000000,2.207765,0.000000,1.795426,1.717164,2.085374,0.0000000,0.000000,2.322501,0.000000,1.7135838
0.000000,2.024803,0.0000000,0.000000,0.000000,0.000000,0.000000,0.000000,2.007105,0.000000,0.000000,2.132806,2.241128,2.405723,2.190366,2.465273,1.946888,2.309477,1.714326,1.867007,1.820283,2.154568,2.020343,2.232738,1.777629,2.174242,0.000000,2.098537,0.000000,1.704814,0.000000,0.000000,0.000000,1.800785,1.6222358,0.000000,2.341488,2.032419,0.000000,0.000000,0.000000,0.000000,0.000000,2.242925,0.000000,1.603896,0.000000,0.0000000,0.000000,2.046380,2.120443,1.936859,0.000000,0.000000,2.233059,2.053465,1.815599,0.000000,0.000000,2.199882,0.000000,1.749854,1.948212,2.031583,1.7166604,0.000000,2.502804,0.000000,1.8078665
0.000000,1.963958,1.8058064,0.000000,0.000000,0.000000,0.000000,1.935731,1.558732,2.216341,0.000000,1.918950,2.262557,2.454988,2.227829,2.406346,1.930530,2.317246,1.688901,1.923310,1.783706,2.136186,2.064249,2.245749,1.522588,2.134170,0.000000,2.067711,0.000000,0.000000,0.000000,0.000000,0.000000,1.748862,1.6605333,0.000000,2.397196,1.693898,1.588189,0.000000,0.000000,1.688923,0.000000,2.149061,2.105734,0.000000,0.000000,1.6767863,0.000000,0.000000,2.233084,1.867007,0.000000,0.000000,2.231197,0.000000,1.782693,1.908101,0.000000,1.951333,0.000000,1.823834,1.810173,2.030627,1.5823110,0.000000,2.434455,0.000000,0.0000000
0.000000,2.034872,1.6514423,0.000000,1.651357,0.000000,0.000000,0.000000,2.001981,2.027460,0.000000,2.101649,2.199269,2.441608,2.201397,2.398333,0.000000,2.427279,1.742184,2.006992,0.000000,2.129911,2.108374,2.214118,1.796971,2.102489,2.101877,2.133653,0.000000,0.000000,1.564698,0.000000,0.000000,0.000000,0.0000000,0.000000,2.401476,2.086532,0.000000,0.000000,0.000000,0.000000,0.000000,2.203446,0.000000,0.000000,0.000000,0.0000000,1.603175,2.215924,2.191867,1.644107,0.000000,0.000000,2.210835,1.778899,0.000000,0.000000,0.000000,2.121298,0.000000,0.000000,1.949337,2.023766,0.0000000,0.000000,2.486499,0.000000,0.0000000
0.000000,1.781178,1.6575053,0.000000,0.000000,0.000000,1.577245,0.000000,1.807445,0.000000,1.788312,2.122462,1.980953,2.447845,2.111999,2.389967,0.000000,2.342627,1.386847,1.806628,2.084154,2.204268,2.041408,2.229226,1.658159,2.079135,2.015277,0.000000,0.000000,0.000000,1.621794,0.000000,0.000000,0.000000,0.0000000,0.000000,2.406993,1.895270,1.604160,0.000000,0.000000,0.000000,0.000000,2.120415,0.000000,0.000000,1.559913,0.0000000,1.772085,1.563118,2.163027,1.644255,0.000000,0.000000,2.076136,0.000000,0.000000,0.000000,0.000000,2.291060,0.000000,0.000000,1.822323,1.881077,0.0000000,1.787366,2.520023,1.940716,0.0000000
0.000000,1.884211,0.0000000,1.767707,0.000000,0.000000,0.000000,2.107656,1.956720,0.000000,2.059520,2.277610,2.186813,2.428917,2.164700,2.389517,1.990196,2.311337,1.737440,1.721786,1.844596,2.100502,2.111359,2.217529,1.566311,2.187823,0.000000,2.151672,0.000000,0.000000,1.633917,0.000000,0.000000,1.881100,1.9104163,0.000000,2.521285,2.001714,1.814303,0.000000,0.000000,1.853786,0.000000,2.183240,0.000000,2.037304,1.655002,0.0000000,1.812375,2.097192,2.245241,2.049698,0.000000,0.000000,2.400499,1.803788,0.000000,1.829991,0.000000,2.311378,1.731037,1.896840,2.075242,2.113797,1.9968804,0.000000,2.550030,1.880312,1.8893490
0.000000,1.923111,2.0086836,2.197416,0.000000,0.000000,1.988075,1.770427,0.000000,0.000000,0.000000,2.303044,2.215380,2.431858,2.128518,2.453066,0.000000,2.304778,0.000000,0.000000,1.831218,2.172671,2.090670,2.214932,1.928489,1.775921,1.543909,0.000000,0.000000,2.189871,0.000000,0.000000,0.000000,0.000000,0.0000000,1.902269,2.480371,1.971247,2.306451,2.150775,2.369601,0.000000,0.000000,2.080822,0.000000,0.000000,0.000000,0.0000000,0.000000,0.000000,2.119058,2.266122,0.000000,0.000000,2.056408,2.236779,2.155715,0.000000,0.000000,2.191099,0.000000,0.000000,2.175443,2.124112,0.0000000,0.000000,2.491530,1.890096,2.1166901
0.000000,1.772033,0.0000000,0.000000,0.000000,0.000000,0.000000,1.638217,1.814447,0.000000,0.000000,2.249741,2.115075,2.452065,2.132669,2.476245,0.000000,2.350725,1.777839,1.810429,1.944066,2.159787,2.035517,2.264332,1.737814,2.081776,1.872441,2.188023,0.000000,0.000000,0.000000,0.000000,0.000000,0.000000,1.1965152,0.000000,2.411912,0.000000,1.740359,0.000000,0.000000,0.000000,0.000000,2.133405,0.000000,0.000000,0.000000,0.0000000,0.000000,1.645701,0.000000,2.052376,0.000000,0.000000,2.262673,0.000000,0.000000,1.866746,1.040623,2.092202,1.534478,1.531161,1.964964,2.016329,0.0000000,0.000000,2.511736,1.989001,1.8214522
0.000000,1.943685,1.5502389,0.000000,0.000000,0.000000,0.000000,2.076426,2.133591,2.245836,1.990109,2.262209,2.157867,2.430828,2.217853,2.433091,0.000000,2.275668,1.449543,1.524815,1.956678,2.055897,2.086171,2.249717,1.648236,2.058620,1.984889,2.034330,1.596423,1.855749,0.000000,0.000000,0.000000,0.000000,1.4966438,0.000000,2.540383,2.055522,0.000000,0.000000,0.000000,0.000000,0.000000,2.183253,0.000000,0.000000,1.590296,0.0000000,0.000000,2.101525,2.277061,2.032264,0.000000,0.000000,2.348350,0.000000,0.000000,1.875362,0.000000,2.282532,0.000000,1.838830,1.821943,2.079252,0.0000000,0.000000,2.564844,1.949932,0.0000000
1.801185,1.921278,1.6464334,0.000000,0.000000,0.000000,1.646959,2.028181,1.984308,0.000000,0.000000,2.198146,2.214375,2.437348,2.198597,2.405251,1.833313,2.296564,1.554638,1.779329,1.937860,2.142243,2.006534,2.249880,0.000000,2.153333,0.000000,2.001364,0.000000,0.000000,1.309063,0.000000,0.000000,1.812840,1.9490679,0.000000,2.426349,1.963045,1.824645,0.000000,0.000000,1.716080,0.000000,2.008063,0.000000,1.617139,1.744361,0.0000000,1.714155,1.911814,2.180596,1.985270,0.000000,0.000000,2.256228,1.972914,1.819168,1.505045,1.506574,2.239675,1.701385,0.000000,1.990956,2.012887,1.7920924,0.000000,2.387867,2.118992,2.1147656
0.000000,1.903490,0.0000000,0.000000,0.000000,0.000000,0.000000,1.823825,0.000000,2.373256,0.000000,2.238639,2.212921,2.421539,2.176422,2.422402,2.046634,2.378856,0.000000,0.000000,1.958557,2.186012,2.116214,2.223383,0.000000,2.240333,0.000000,2.176966,0.000000,0.000000,0.000000,0.000000,2.157692,0.000000,1.9336913,0.000000,2.494957,2.229700,0.000000,0.000000,0.000000,0.000000,0.000000,2.082185,0.000000,2.156270,0.000000,0.0000000,0.000000,1.975658,0.000000,2.215783,0.000000,0.000000,2.383033,2.005012,1.714686,0.000000,0.000000,2.084112,0.000000,0.000000,1.940461,1.979460,1.7755698,0.000000,2.565311,0.000000,0.0000000
0.000000,1.879923,1.8109403,0.000000,0.000000,0.000000,0.000000,1.961343,2.000446,2.282941,0.000000,2.173357,2.200391,2.408339,2.168415,2.400423,2.055602,2.322518,1.631435,1.855330,1.926633,2.117391,2.055622,2.240153,1.702721,2.186115,1.749989,2.146234,1.422529,0.000000,0.000000,0.000000,0.000000,0.000000,1.8804952,0.000000,2.488534,1.785841,0.000000,0.000000,0.000000,1.650561,0.000000,2.053852,1.973635,2.176274,1.581621,0.0000000,0.000000,1.923039,2.200144,2.016145,0.000000,0.000000,2.321313,1.941481,0.000000,0.000000,0.000000,2.244407,1.794327,0.000000,2.071444,2.087621,1.6435424,0.000000,2.353210,0.000000,1.7572317
0.000000,1.844396,0.0000000,0.000000,0.000000,0.000000,0.000000,0.000000,0.000000,2.246101,1.782094,2.200214,2.201941,2.414185,2.162004,2.453455,2.071564,2.365981,0.000000,0.000000,2.031625,2.156882,2.037014,2.342604,0.000000,2.259281,1.969120,2.202767,0.000000,1.698971,0.000000,0.000000,1.952742,1.803302,1.7947783,0.000000,2.295838,2.123303,0.000000,0.000000,0.000000,0.000000,0.000000,2.282386,0.000000,2.157086,0.000000,0.0000000,0.000000,2.265204,0.000000,2.375464,0.000000,0.000000,2.335102,1.618740,1.698740,2.013255,0.000000,2.174805,1.783040,1.666860,0.000000,2.112315,0.0000000,2.064477,2.609964,0.000000,1.9689317
0.000000,1.769893,0.0000000,0.000000,0.000000,0.000000,0.000000,0.000000,0.000000,0.000000,0.000000,0.000000,2.216199,2.448784,2.208771,2.436629,1.924146,2.321887,0.000000,0.000000,0.000000,2.194302,1.988941,2.173361,0.000000,2.147709,1.932413,2.078802,0.000000,0.000000,0.000000,0.000000,0.000000,0.000000,0.0000000,0.000000,0.000000,2.135957,0.000000,0.000000,0.000000,0.000000,0.000000,1.965938,0.000000,0.000000,0.000000,0.0000000,0.000000,2.130022,0.000000,0.000000,0.000000,0.000000,2.229986,1.559766,0.000000,0.000000,0.000000,0.000000,0.000000,0.000000,0.000000,2.028769,0.0000000,0.000000,2.423481,0.000000,0.0000000
0.000000,2.027835,0.0000000,0.000000,0.000000,0.000000,0.000000,1.826929,1.824663,2.268899,1.817297,2.084980,2.199798,2.418333,2.241406,2.470941,2.051169,2.343894,1.671302,0.000000,2.144623,2.076552,1.982675,2.210086,1.708702,2.190082,1.946543,2.183478,0.000000,0.000000,1.418341,0.000000,0.000000,1.742562,1.7617775,0.000000,2.456085,1.924734,0.000000,0.000000,1.564507,1.750407,0.000000,2.165879,1.480356,0.000000,1.449363,0.0000000,0.000000,1.932861,0.000000,2.174447,0.000000,1.327430,2.214761,0.000000,1.802138,2.056646,0.000000,2.238102,0.000000,0.000000,1.934984,1.857558,0.0000000,1.505511,2.494037,0.000000,1.9174870
0.000000,2.441061,0.0000000,2.139719,0.000000,0.000000,2.051978,0.000000,0.000000,0.000000,2.164550,0.000000,2.243992,2.350881,1.596621,2.295562,2.055888,2.291707,0.000000,0.000000,0.000000,0.000000,2.097509,2.096058,1.819196,2.183657,0.000000,2.138523,0.000000,0.000000,0.000000,0.000000,1.826087,0.000000,0.0000000,0.000000,2.331539,0.000000,0.000000,2.232740,0.000000,0.000000,1.740949,0.000000,0.000000,1.838549,0.000000,0.0000000,0.000000,0.000000,0.000000,2.390269,0.000000,2.116084,2.311180,1.897364,0.000000,0.000000,0.000000,2.144767,0.000000,0.000000,2.314768,0.000000,0.0000000,2.025101,2.501047,1.780791,0.0000000
0.000000,1.930454,0.0000000,0.000000,0.000000,0.000000,0.000000,2.089325,1.923986,2.155961,1.883747,2.270342,2.215469,2.449523,2.248073,2.433466,1.883073,2.270146,0.000000,0.000000,1.856554,1.882882,2.035262,2.295464,0.000000,2.128821,0.000000,2.067731,0.000000,1.699076,0.000000,0.000000,0.000000,1.596740,1.7731237,0.000000,2.473404,0.000000,0.000000,0.000000,0.000000,1.751463,1.420655,1.981778,0.000000,0.000000,0.000000,0.0000000,0.000000,2.089588,2.264822,1.988751,2.108517,0.000000,2.431444,1.797803,0.000000,0.000000,0.000000,2.284612,0.000000,1.970172,1.940083,2.111178,1.8622708,0.000000,2.549832,0.000000,1.9315304
0.000000,1.945108,0.0000000,0.000000,0.000000,0.000000,0.000000,1.557792,1.739558,2.204703,1.983864,2.237318,2.214899,2.426914,2.221085,2.436116,1.998616,2.348845,1.568003,1.881615,1.946863,2.118210,1.999589,2.216735,1.813458,2.198062,2.019539,2.097380,0.000000,0.000000,0.000000,0.000000,0.000000,0.000000,1.7638898,0.000000,2.457482,1.904209,0.000000,0.000000,0.000000,1.767322,0.000000,1.916620,0.000000,1.933191,0.000000,0.0000000,0.000000,2.208888,2.272085,2.014280,0.000000,1.742247,2.332227,1.690392,1.804591,1.663163,0.000000,2.102295,0.000000,1.697602,2.078069,2.057499,1.7810932,0.000000,2.565747,0.000000,1.8809185
0.000000,1.977976,0.0000000,0.000000,0.000000,0.000000,0.000000,0.000000,0.000000,2.236039,1.744625,2.212536,2.208482,2.388632,2.172093,2.449467,2.024766,2.357083,0.000000,0.000000,1.663505,2.158379,2.061974,2.204779,1.815922,2.224002,0.000000,2.150801,1.798372,0.000000,0.000000,0.000000,1.890413,0.000000,0.0000000,0.000000,2.404444,2.006289,0.000000,0.000000,0.000000,1.732289,0.000000,2.255069,0.000000,2.089007,0.000000,0.0000000,0.000000,2.228252,2.289339,2.230079,0.000000,1.614566,2.362025,1.892650,0.000000,1.908572,0.000000,2.236212,1.622405,0.000000,1.923378,2.077798,0.0000000,1.836165,2.566378,0.000000,0.0000000
0.000000,1.954132,1.6067118,0.000000,0.000000,0.000000,0.000000,0.000000,0.000000,0.000000,0.000000,2.074982,2.246239,2.443663,2.205092,2.466565,1.937296,2.360708,0.000000,1.923509,0.000000,2.246490,2.062966,2.211130,1.711317,2.190404,1.794503,2.148116,0.000000,0.000000,1.799429,0.000000,0.000000,0.000000,1.7516408,0.000000,2.290273,2.203512,0.000000,0.000000,0.000000,0.000000,0.000000,2.221449,1.643006,0.000000,0.000000,0.0000000,0.000000,0.000000,2.200007,0.000000,0.000000,0.000000,2.430515,0.000000,0.000000,0.000000,0.000000,2.064034,0.000000,0.000000,1.779280,2.058874,1.7359677,0.000000,2.509088,0.000000,0.0000000
0.000000,2.002302,0.0000000,0.000000,0.000000,0.000000,1.431039,1.791801,1.813159,2.303534,1.804550,2.076348,2.263568,2.421757,2.261289,2.468988,2.106720,2.306631,1.646726,0.000000,2.137575,2.119844,2.032686,2.233679,1.629110,2.202992,1.954400,1.687597,0.000000,0.000000,0.000000,1.596661,2.141399,0.000000,1.8248229,0.000000,2.413688,1.902831,0.000000,0.000000,1.570142,1.737212,0.000000,2.193222,1.297534,0.000000,1.450352,0.0000000,1.673785,1.972578,0.000000,2.165096,1.757928,0.000000,2.244187,0.000000,0.000000,1.948094,0.000000,2.162937,0.000000,0.000000,1.888875,1.813525,0.0000000,0.000000,2.508510,0.000000,1.9115818
0.000000,2.204614,1.6441070,0.000000,0.000000,0.000000,0.000000,1.764406,2.111800,0.000000,0.000000,1.930410,2.140895,2.420684,2.146600,2.475187,2.047474,2.370116,1.759564,1.806081,1.992776,2.233857,1.966725,2.226627,1.897788,2.292036,2.105991,2.147293,0.000000,1.722543,0.000000,0.000000,0.000000,0.000000,1.8670457,0.000000,2.427976,1.981280,0.000000,0.000000,1.687890,1.517365,0.000000,2.208448,0.000000,0.000000,0.000000,0.0000000,0.000000,2.191550,2.160953,2.012321,0.000000,0.000000,2.227209,1.886291,1.808905,0.000000,0.000000,2.161698,0.000000,1.991821,2.042693,1.940660,1.5908287,0.000000,2.351026,0.000000,1.9234920
0.000000,0.000000,0.0000000,0.000000,2.132720,0.000000,0.000000,2.005584,0.000000,0.000000,0.000000,2.158364,2.093546,2.526403,2.200518,2.389540,0.000000,2.401493,0.000000,2.043794,0.000000,0.000000,0.000000,2.325542,0.000000,2.140670,0.000000,0.000000,0.000000,0.000000,0.000000,0.000000,0.000000,0.000000,1.3404555,0.000000,2.427089,1.990109,0.000000,0.000000,0.000000,1.808945,1.652713,2.020491,0.000000,0.000000,0.000000,0.0000000,0.000000,2.015970,2.152291,0.000000,2.083881,0.000000,2.106376,2.271849,0.000000,0.000000,0.000000,2.077203,0.000000,0.000000,2.216334,1.964425,0.0000000,0.000000,2.326450,1.973267,0.0000000
0.000000,2.043768,1.4907485,0.000000,0.000000,0.000000,0.000000,0.000000,1.666474,1.761168,1.932586,2.164866,2.246156,2.412171,2.165108,2.460125,2.018897,2.359467,1.594512,1.830273,2.087647,2.146791,1.986947,2.231315,1.822232,2.162164,1.967197,2.145205,1.474696,1.760124,1.337472,1.609335,2.078187,0.000000,1.6472209,0.000000,2.347121,1.846543,0.000000,0.000000,0.000000,0.000000,0.000000,0.000000,0.000000,2.088034,0.000000,0.0000000,0.000000,2.190852,0.000000,2.152214,0.000000,0.000000,2.318181,1.935701,0.000000,1.818203,0.000000,2.049637,0.000000,1.854467,1.901824,1.883488,0.0000000,1.591197,2.512804,0.000000,1.9356085
0.000000,1.932783,0.0000000,0.000000,0.000000,0.000000,0.000000,0.000000,2.035838,2.416135,0.000000,2.120251,2.205572,2.433945,2.077949,2.414058,2.114107,2.263634,1.500311,1.878585,1.982853,2.064743,2.120313,2.218654,0.000000,2.131024,1.806213,2.090199,0.000000,0.000000,0.000000,0.000000,2.024955,0.000000,1.7728038,0.000000,2.467539,2.070340,0.000000,0.000000,0.000000,0.000000,0.000000,2.069965,2.263569,0.000000,1.831235,1.9040469,1.770193,0.000000,2.184535,1.795141,0.000000,0.000000,2.434091,1.849647,1.803829,1.983316,0.000000,2.001842,0.000000,0.000000,0.000000,1.919405,0.0000000,0.000000,2.432692,0.000000,2.0049180
0.000000,1.948219,0.0000000,0.000000,0.000000,0.000000,1.535551,1.986202,2.086901,0.000000,0.000000,1.689949,2.102223,2.403837,1.892585,2.403597,2.054954,2.323481,0.000000,1.428344,1.886662,2.087940,1.979225,2.182942,1.347203,2.237711,2.042689,2.158718,1.579928,0.000000,0.000000,0.000000,0.000000,1.794657,0.8221395,0.000000,2.270829,1.939931,0.000000,0.000000,0.000000,1.575553,0.000000,1.901021,0.000000,2.075953,0.000000,0.0000000,0.000000,2.033655,2.062175,1.879704,0.000000,0.000000,2.167413,1.977022,2.025242,0.000000,0.000000,1.823152,1.787423,1.630824,1.555796,1.597764,1.9109864,0.000000,2.324445,0.000000,1.8632260
0.000000,2.344388,0.0000000,1.862662,1.784713,0.000000,2.187092,0.000000,1.826570,0.000000,1.643364,1.814284,2.074729,2.449631,1.980774,2.414936,2.205337,2.356275,1.511278,1.625226,2.216336,2.211769,2.078148,2.255832,1.344927,2.233296,0.000000,2.169410,1.809897,0.000000,1.474460,1.786995,0.000000,1.916173,1.6911441,1.674129,2.428959,1.862433,0.000000,1.484210,2.160495,0.000000,0.000000,2.120729,0.000000,0.000000,1.767415,0.0000000,1.620086,2.033853,1.845325,2.229498,0.000000,1.739398,1.848097,0.000000,1.676229,1.900990,0.000000,1.952665,1.562249,0.000000,2.031118,1.745275,0.0000000,1.913008,2.370726,0.000000,1.9075800
0.000000,1.953584,0.0000000,1.549772,0.000000,0.000000,0.000000,1.954364,2.090166,0.000000,1.827470,2.256638,2.149199,2.413173,2.165608,2.399349,2.136455,2.341565,1.655914,1.722651,2.053523,2.232752,1.891750,2.272075,1.659809,2.194689,2.076670,2.148264,1.727860,0.000000,0.000000,0.000000,1.919924,1.884697,1.5705569,0.000000,2.460960,2.008334,0.000000,0.000000,0.000000,1.820485,0.000000,2.201009,0.000000,2.026558,1.369350,0.0000000,0.000000,1.626123,2.181854,1.764948,0.000000,0.000000,2.375138,1.772098,1.998480,0.000000,0.000000,2.201255,0.000000,0.000000,2.246310,2.064015,1.8592117,0.000000,2.563890,1.948028,1.9119433
0.000000,1.961705,0.0000000,0.000000,0.000000,0.000000,0.000000,2.048813,0.000000,0.000000,0.000000,2.204558,0.000000,2.454477,2.145656,2.404086,1.983201,2.377267,0.000000,1.793164,1.756703,2.167141,2.013373,2.291315,0.000000,2.267956,1.934895,2.190794,0.000000,0.000000,0.000000,0.000000,0.000000,0.000000,0.0000000,0.000000,2.403684,1.896115,0.000000,0.000000,1.819528,0.000000,0.000000,2.211772,0.000000,2.116840,0.000000,0.0000000,0.000000,2.167337,2.253828,2.097844,0.000000,1.884617,2.367780,0.000000,0.000000,0.000000,0.000000,2.144698,0.000000,0.000000,1.905056,2.104101,2.0248450,0.000000,2.448843,0.000000,1.7655149
0.000000,2.005382,1.6054785,0.000000,0.000000,0.000000,0.000000,1.588023,1.773315,1.591767,0.000000,2.138875,2.124480,2.434784,2.125803,2.399265,2.032089,2.325004,1.641174,1.926580,0.000000,2.148942,1.942256,2.245082,1.838958,2.180284,1.694093,2.104398,0.000000,0.000000,1.526482,0.000000,0.000000,0.000000,1.7134693,0.000000,2.430992,1.926328,1.707397,0.000000,0.000000,1.642856,0.000000,2.174731,0.000000,0.000000,1.793830,0.0000000,0.000000,2.020916,0.000000,1.780390,0.000000,0.000000,2.321021,0.000000,1.711954,0.000000,0.000000,2.166454,0.000000,0.000000,2.026365,1.965682,0.0000000,0.000000,2.512315,1.737277,1.7762093
0.000000,1.970009,1.6110487,0.000000,0.000000,1.411886,0.000000,0.000000,0.000000,2.005605,0.000000,2.019044,2.195749,2.444512,2.101868,2.395247,2.004551,2.340085,1.633189,1.752967,2.037911,2.142637,2.057089,2.229749,1.716099,2.193569,1.887820,2.146680,0.000000,1.514474,1.581102,0.000000,2.073061,1.928814,1.7611129,0.000000,2.381123,1.976454,0.000000,0.000000,0.000000,1.532998,0.000000,2.160779,0.000000,1.750362,1.541312,0.0000000,0.000000,2.156043,2.221007,2.105619,0.000000,1.503570,2.280026,1.657505,1.676617,0.000000,0.000000,2.041997,0.000000,1.805684,1.905874,1.863501,1.4436956,0.000000,2.460867,1.739301,1.9355393
0.000000,1.984352,0.0000000,1.863394,0.000000,0.000000,1.821188,0.000000,0.000000,2.507973,1.706541,2.042559,2.186408,2.458293,2.095007,2.454261,1.991208,2.295534,0.000000,1.893570,2.103169,2.063104,2.026907,2.218814,1.754019,2.174190,0.000000,2.046516,0.000000,0.000000,1.587898,0.000000,0.000000,0.000000,1.9386954,0.000000,2.482564,0.000000,0.000000,0.000000,0.000000,1.512178,0.000000,2.186344,0.000000,0.000000,0.000000,0.0000000,0.000000,1.730526,2.338350,2.161490,0.000000,0.000000,2.315798,1.980571,0.000000,1.609701,0.000000,2.115371,0.000000,1.375353,2.064798,1.825417,0.0000000,0.000000,2.446373,0.000000,1.9002377
0.000000,0.000000,0.0000000,0.000000,0.000000,0.000000,1.567253,1.962863,2.173104,0.000000,1.846468,2.185343,2.179656,2.406502,2.151935,2.378617,2.006536,2.296450,0.000000,1.869601,2.067974,2.178262,2.010697,2.254273,1.491900,2.181244,2.030314,2.124867,0.000000,0.000000,0.000000,0.000000,1.929041,0.000000,1.7535232,0.000000,2.412654,2.096296,0.000000,0.000000,0.000000,1.594352,0.000000,2.207187,0.000000,2.036052,0.000000,0.0000000,0.000000,2.053440,2.299349,1.884034,1.607640,1.809471,2.387218,1.921209,2.076315,0.000000,0.000000,2.218428,0.000000,0.000000,1.768988,2.005555,1.8496695,0.000000,2.259501,1.882064,1.6897484
0.000000,1.909254,0.0000000,0.000000,0.000000,0.000000,0.000000,0.000000,1.957371,0.000000,0.000000,2.223494,2.005425,2.441375,2.088755,2.406837,2.039099,2.311548,0.000000,0.000000,0.000000,1.891679,1.988571,2.272321,0.000000,2.184368,0.000000,2.170036,0.000000,0.000000,0.000000,0.000000,1.974402,0.000000,1.5931050,0.000000,2.426471,2.064830,0.000000,0.000000,0.000000,0.000000,0.000000,2.203398,0.000000,2.116784,0.000000,0.0000000,0.000000,1.840028,0.000000,0.000000,2.188352,0.000000,2.391720,0.000000,1.922174,0.000000,0.000000,2.163534,0.000000,0.000000,1.895412,2.008076,2.0221269,0.000000,2.497550,1.993205,1.6568764
0.000000,1.831987,2.1527845,0.000000,0.000000,0.000000,0.000000,0.000000,0.000000,0.000000,0.000000,2.128939,2.247367,2.387920,2.166683,2.485668,1.994006,2.364944,1.782669,0.000000,2.007377,2.274780,2.184120,2.310079,1.935462,2.226381,2.233521,2.139891,0.000000,0.000000,0.000000,0.000000,0.000000,1.894489,0.0000000,0.000000,0.000000,2.079802,2.233365,1.986245,2.311345,0.000000,0.000000,2.228493,0.000000,0.000000,0.000000,0.0000000,0.000000,2.027882,0.000000,1.921918,0.000000,1.960616,2.198345,2.225231,2.190954,0.000000,0.000000,0.000000,0.000000,0.000000,2.170184,2.122880,1.8533397,0.000000,2.387264,2.107456,0.0000000
0.000000,0.000000,0.0000000,1.960873,0.000000,0.000000,0.000000,0.000000,2.022144,0.000000,0.000000,0.000000,1.878633,2.441679,2.254007,2.444346,0.000000,2.312124,0.000000,0.000000,2.001414,0.000000,1.923022,2.283499,0.000000,2.160288,0.000000,2.083722,1.722561,0.000000,0.000000,0.000000,0.000000,0.000000,0.0000000,1.753946,2.373578,1.731376,0.000000,0.000000,0.000000,0.000000,0.000000,2.187506,1.986584,0.000000,1.921015,0.0000000,0.000000,0.000000,0.000000,1.870003,0.000000,0.000000,2.142727,0.000000,0.000000,1.640265,0.000000,0.000000,0.000000,0.000000,0.000000,2.016161,0.0000000,2.093455,2.329790,2.012979,1.6998703
0.000000,0.000000,1.0927216,0.000000,0.000000,0.000000,0.000000,2.025268,2.067412,0.000000,0.000000,1.668779,2.009790,2.429405,2.073681,2.413646,2.126897,2.400270,0.000000,1.555796,1.966392,2.159960,1.900329,2.208676,0.000000,2.255391,2.086215,2.191801,0.000000,1.735688,0.000000,0.000000,0.000000,0.000000,0.0000000,0.000000,2.253613,1.886516,0.000000,0.000000,0.000000,1.741060,1.672225,1.960181,0.000000,1.869429,1.548939,0.0000000,0.000000,1.937535,2.057462,1.605328,0.000000,0.000000,2.221947,1.972126,1.729568,0.000000,0.000000,1.979848,1.580668,0.000000,1.653582,1.734829,0.0000000,0.000000,2.118795,2.066562,1.8534622
0.000000,1.689392,0.0000000,0.000000,0.000000,0.000000,0.000000,0.000000,2.112001,0.000000,0.000000,2.210659,2.008926,2.495758,2.034597,2.464522,0.000000,2.396703,0.000000,1.946905,0.000000,2.080364,1.944178,2.272369,0.000000,2.234467,1.899491,2.086836,2.166426,0.000000,1.818881,0.000000,0.000000,0.000000,0.0000000,0.000000,2.386317,2.004481,1.821097,0.000000,0.000000,0.000000,0.000000,0.000000,0.000000,0.000000,1.736886,0.0000000,0.000000,2.142635,0.000000,0.000000,0.000000,1.785759,2.015263,0.000000,0.000000,0.000000,0.000000,2.109288,0.000000,0.000000,1.499762,2.107956,0.0000000,0.000000,2.453088,0.000000,0.0000000
0.000000,0.000000,0.0000000,0.000000,0.000000,0.000000,0.000000,1.784264,0.000000,1.871795,1.694978,2.193409,2.163684,2.391516,2.132325,2.392573,1.996675,2.359667,0.000000,1.868652,1.824743,2.122285,1.947875,2.237982,1.328918,2.177085,1.914341,2.130996,0.000000,0.000000,0.000000,0.000000,0.000000,0.000000,0.0000000,0.000000,2.412476,1.920657,0.000000,0.000000,0.000000,0.000000,0.000000,2.067237,0.000000,1.682367,0.000000,0.0000000,0.000000,2.137527,2.252212,1.890500,0.000000,0.000000,2.301087,0.000000,0.000000,0.000000,0.000000,2.125315,0.000000,0.000000,2.049413,2.063235,1.8255580,0.000000,2.529696,1.825337,1.6540290
0.000000,1.971722,1.9447079,1.657642,0.000000,0.000000,1.935355,0.000000,1.759101,0.000000,0.000000,2.062335,2.199084,2.439341,2.087630,2.444602,1.988868,2.281189,1.389682,1.740199,2.129650,2.076223,2.038069,2.271721,1.732911,2.129750,1.887976,2.140325,0.000000,0.000000,1.617104,0.000000,2.175729,2.136769,1.8389263,0.000000,2.352802,1.726815,0.000000,2.032414,1.904366,1.644758,0.000000,2.117351,0.000000,1.973649,0.000000,0.0000000,1.775192,1.789914,2.337510,2.166803,0.000000,0.000000,2.328562,1.796233,1.931244,1.854303,0.000000,2.030879,1.916092,1.937728,1.916963,1.908348,0.0000000,0.000000,2.472374,1.808467,2.0112794
2.304077,2.264784,0.0000000,0.000000,1.703497,0.000000,0.000000,0.000000,1.976041,2.326490,2.328937,2.018235,2.082571,2.462279,2.307847,2.379439,0.000000,2.418103,0.000000,1.994166,2.065553,2.235022,2.115462,2.240061,1.945029,2.234435,0.000000,1.993582,0.000000,0.000000,0.000000,0.000000,0.000000,0.000000,1.6725232,0.000000,2.405935,0.000000,0.000000,0.000000,0.000000,0.000000,0.000000,2.171190,0.000000,0.000000,0.000000,0.0000000,0.000000,1.677317,2.297538,2.129344,0.000000,0.000000,2.321190,0.000000,0.000000,1.870557,0.000000,1.981216,0.000000,1.910828,2.169405,2.004176,0.0000000,0.000000,2.449475,1.983408,0.0000000
0.000000,2.471116,0.0000000,2.005234,1.964693,0.000000,2.354826,0.000000,1.547419,0.000000,0.000000,0.000000,2.158356,2.415406,1.982919,2.423169,1.868658,2.313196,0.000000,1.538067,1.978529,1.568144,1.966070,2.158701,0.000000,2.128531,1.607566,2.165788,2.013746,1.503031,1.900258,0.000000,0.000000,0.000000,1.7184807,0.000000,2.440079,2.024808,0.000000,0.000000,0.000000,0.000000,0.000000,2.110338,0.000000,0.000000,1.500380,0.0000000,0.000000,1.962383,1.719291,1.963838,2.078562,0.000000,2.045823,0.000000,1.430542,1.891690,0.000000,2.043691,0.000000,0.000000,1.908657,1.288561,0.0000000,2.065814,2.421526,1.961574,1.8370047
0.000000,2.514081,0.0000000,0.000000,1.899557,0.000000,2.538743,0.000000,1.781697,0.000000,2.269926,2.240113,2.245461,2.540798,2.156656,2.453038,0.000000,2.247782,0.000000,0.000000,1.984752,2.125273,2.149424,2.200562,2.007950,2.169353,1.853606,1.826263,0.000000,0.000000,0.000000,0.000000,2.042037,0.000000,2.0531749,0.000000,2.596464,2.098443,0.000000,2.387029,2.318512,0.000000,1.860654,2.198271,0.000000,0.000000,0.000000,0.0000000,0.000000,2.024871,2.405521,2.109811,0.000000,2.031963,2.268545,1.638862,1.628066,2.080288,0.000000,2.204802,0.000000,1.669464,2.179793,2.031665,0.0000000,2.037410,2.617646,0.000000,1.9078621
2.217923,2.275455,1.9979467,0.000000,1.856272,0.000000,2.044460,0.000000,1.759817,2.500412,2.205025,1.753450,2.125624,2.416989,2.062121,2.399886,2.048372,2.369078,0.000000,1.753698,0.000000,1.894012,1.927702,2.207961,1.469669,2.207751,0.000000,2.142268,1.953581,0.000000,0.000000,2.103311,0.000000,0.000000,0.0000000,0.000000,2.402421,1.894251,0.000000,2.167900,2.091846,1.956857,0.000000,1.872972,0.000000,0.000000,1.851502,0.0000000,0.000000,1.805756,2.229406,2.479213,0.000000,0.000000,2.161566,0.000000,2.211045,0.000000,0.000000,2.095790,0.000000,1.986141,1.717981,2.174886,1.8486802,0.000000,2.537235,0.000000,0.0000000
0.000000,1.904273,1.7735958,1.848044,0.000000,0.000000,0.000000,1.937516,1.832139,0.000000,0.000000,2.109017,2.159038,2.458672,2.065675,2.448863,1.901553,2.434730,0.000000,1.755598,0.000000,2.285779,1.944672,2.253086,0.000000,2.261212,2.084466,2.182092,0.000000,2.006138,0.000000,0.000000,0.000000,0.000000,1.2808567,0.000000,2.423779,1.841074,1.761168,0.000000,0.000000,0.000000,0.000000,2.053881,0.000000,0.000000,0.000000,0.0000000,0.000000,1.691188,2.218155,2.153761,0.000000,0.000000,2.227956,1.916580,0.000000,0.000000,0.000000,2.242937,0.000000,0.000000,2.064579,1.610212,0.0000000,0.000000,2.436395,1.941547,1.8196207
0.000000,1.858526,1.8036953,1.840044,0.000000,0.000000,0.000000,1.841531,0.000000,2.376046,1.893052,2.126993,2.151663,2.453172,2.101714,2.408841,2.075182,2.373444,1.491900,1.834419,1.981784,2.207205,2.046589,2.238593,1.729911,2.206263,1.847902,2.046322,1.744733,0.000000,0.000000,1.600298,0.000000,0.000000,1.3494540,0.000000,2.462849,1.985465,1.966961,0.000000,0.000000,0.000000,0.000000,2.068054,1.902518,0.000000,0.000000,0.9909451,0.000000,1.702126,2.199064,1.858276,0.000000,0.000000,2.102541,1.491253,1.900344,0.000000,0.000000,1.925743,0.000000,1.889299,2.120382,1.557246,0.0000000,1.598470,2.419272,1.943465,1.7978778
0.000000,2.119058,0.9943357,1.899016,0.000000,0.000000,1.694784,1.787747,1.775205,0.000000,1.960124,1.788220,2.136609,2.425832,2.166475,2.388814,2.101623,2.338507,1.282092,0.000000,2.094214,2.011348,2.003324,2.182709,0.000000,2.156113,1.885737,2.188982,1.965778,0.000000,1.659593,0.000000,0.000000,1.722597,1.5407117,0.000000,2.394737,2.097696,0.000000,0.000000,0.000000,0.000000,0.000000,1.911080,0.000000,1.927890,0.000000,0.0000000,0.000000,2.085058,2.104588,1.943569,2.098961,1.745321,2.138497,1.839462,0.000000,1.893921,0.000000,2.098950,0.000000,0.000000,1.870233,1.711511,0.0000000,0.000000,2.350470,1.827174,1.8866957
0.000000,2.615563,0.0000000,2.158020,1.755814,0.000000,2.511994,0.000000,0.000000,0.000000,0.000000,2.243513,2.217406,2.452465,2.254802,2.492483,0.000000,2.247764,0.000000,0.000000,2.116155,2.155668,1.945836,2.322652,0.000000,2.218834,2.009911,1.937190,0.000000,0.000000,0.000000,0.000000,1.947354,0.000000,1.9709725,2.074868,2.528924,2.126340,0.000000,2.138430,1.833513,1.694461,2.301173,1.753640,1.727964,0.000000,0.000000,0.0000000,0.000000,1.722777,0.000000,0.000000,2.025822,2.087474,2.249603,1.847428,0.000000,1.598782,0.000000,1.998339,0.000000,2.019263,1.972344,2.037398,0.0000000,0.000000,2.671728,0.000000,1.8665431
1.869627,1.903173,0.0000000,0.000000,0.000000,0.000000,0.000000,1.751981,2.039036,0.000000,0.000000,1.927886,2.146441,2.458235,2.150167,2.498885,2.001773,2.378090,0.000000,1.612350,0.000000,2.003987,2.040724,2.233751,0.000000,2.202570,0.000000,2.137226,2.007326,0.000000,0.000000,0.000000,0.000000,0.000000,1.7270068,0.000000,2.486103,2.166068,0.000000,2.115962,1.785007,0.000000,1.582869,2.134802,0.000000,0.000000,0.000000,0.0000000,0.000000,0.000000,0.000000,1.653498,0.000000,0.000000,1.889635,0.000000,0.000000,0.000000,0.000000,2.159152,0.000000,0.000000,1.968454,1.723725,0.0000000,0.000000,2.535860,2.118833,0.0000000
0.000000,1.911512,0.0000000,0.000000,0.000000,0.000000,1.684383,1.797856,1.869480,0.000000,1.669565,2.153533,2.123328,2.438242,2.169101,2.401719,2.111410,2.406036,1.795590,1.267011,1.843259,2.267200,2.076293,2.284213,1.881024,2.228670,1.815191,0.000000,0.000000,0.000000,1.938237,0.000000,2.148843,1.698067,1.5065736,0.000000,2.387563,1.778210,1.847458,0.000000,0.000000,1.649532,0.000000,1.652262,0.000000,0.000000,1.845011,0.0000000,1.237664,0.000000,0.000000,1.929948,1.313186,0.000000,2.317448,2.010124,1.857523,2.019048,0.000000,2.184049,0.000000,1.655390,2.151018,2.003487,0.0000000,0.000000,2.530171,0.000000,1.9104959
0.000000,1.879383,0.0000000,1.845546,0.000000,0.000000,0.000000,1.767574,2.100288,0.000000,1.454166,2.116988,2.167767,2.446162,1.967367,2.441691,1.953003,2.386698,1.246037,0.000000,2.034392,2.188641,1.855926,2.237780,0.000000,2.226991,2.087177,2.179136,0.000000,0.000000,0.000000,0.000000,0.000000,1.702044,1.2990571,0.000000,2.378472,1.763467,1.732238,0.000000,0.000000,0.000000,0.000000,2.121170,0.000000,1.939096,0.000000,0.0000000,0.000000,1.805348,2.173585,1.933882,2.103826,0.000000,2.206990,0.000000,1.779598,0.000000,0.000000,1.950724,0.000000,1.853916,1.727425,1.831226,1.6040470,0.000000,2.378973,2.022358,1.8976382
0.000000,2.164543,0.0000000,0.000000,2.007045,0.000000,0.000000,1.851933,1.925198,0.000000,0.000000,0.000000,1.764501,2.436775,2.231180,2.467149,2.108144,2.429809,0.000000,0.000000,2.086290,1.988010,1.989610,2.262219,1.425407,2.192945,2.000561,2.186481,2.103270,0.000000,1.832232,0.000000,0.000000,1.824218,1.4611485,0.000000,2.356868,0.000000,1.756804,1.899353,0.000000,0.000000,0.000000,2.133177,0.000000,0.000000,1.691012,0.0000000,1.652572,1.638156,2.145741,1.967818,0.000000,0.000000,2.199256,1.832945,1.620771,1.658783,0.000000,1.963270,0.000000,0.000000,2.043167,1.917828,0.0000000,0.000000,2.463617,1.993349,1.9813411
1.916869,2.020724,0.0000000,0.000000,0.000000,0.000000,0.000000,1.774523,2.056165,0.000000,0.000000,1.945535,2.147665,2.448423,2.224025,2.493451,2.100140,2.408869,0.000000,0.000000,1.969058,2.159939,2.068562,2.194233,0.000000,2.261833,0.000000,2.186167,0.000000,1.670222,0.000000,0.000000,0.000000,0.000000,1.8384202,0.000000,2.448672,0.000000,1.758396,2.045655,1.863159,0.000000,0.000000,2.176289,0.000000,0.000000,0.000000,0.0000000,1.488497,0.000000,1.788749,1.876040,0.000000,0.000000,0.000000,0.000000,0.000000,0.000000,0.000000,2.089003,0.000000,0.000000,1.879639,1.858213,0.0000000,0.000000,2.539977,0.000000,1.9276403
0.000000,1.674129,0.0000000,1.932140,0.000000,0.000000,0.000000,0.000000,1.568564,0.000000,0.000000,1.568471,2.034014,2.486883,2.233489,2.342572,2.045132,1.973632,0.000000,2.113086,0.000000,2.327517,2.146449,2.262317,1.574610,2.193794,1.772393,2.087005,0.000000,0.000000,1.846884,0.000000,0.000000,0.000000,1.7997481,0.000000,2.428930,1.945097,0.000000,0.000000,0.000000,0.000000,0.000000,1.893420,0.000000,0.000000,0.000000,0.0000000,0.000000,0.000000,2.113310,2.090576,0.000000,0.000000,2.252425,0.000000,0.000000,1.777070,0.000000,2.109879,0.000000,0.000000,2.178542,0.000000,0.0000000,0.000000,2.410866,0.000000,0.0000000
2.214092,2.080027,0.0000000,0.000000,1.819740,0.000000,0.000000,1.989299,2.060788,0.000000,0.000000,2.259762,0.000000,2.452916,2.215700,2.456255,2.044831,2.383793,0.000000,0.000000,0.000000,1.975958,2.152618,2.281587,0.000000,2.187839,0.000000,2.173369,1.995842,1.648207,0.000000,0.000000,0.000000,0.000000,1.7603476,0.000000,2.452630,2.029519,0.000000,0.000000,0.000000,0.000000,0.000000,2.168909,0.000000,0.000000,0.000000,0.0000000,0.000000,0.000000,2.287605,1.650590,0.000000,1.716005,2.332824,0.000000,0.000000,0.000000,0.000000,2.176827,0.000000,0.000000,1.799514,1.959236,0.0000000,0.000000,2.382435,0.000000,1.9498492
0.000000,0.000000,0.0000000,0.000000,0.000000,0.000000,1.652178,0.000000,2.154877,0.000000,0.000000,2.133758,2.174810,2.435280,2.196433,2.382069,1.853908,2.435903,0.000000,1.917265,0.000000,2.372235,2.158365,2.200052,1.874064,2.172229,1.968584,2.191908,0.000000,0.000000,0.000000,0.000000,1.809590,0.000000,1.7066009,0.000000,2.050516,2.166097,0.000000,0.000000,0.000000,0.000000,2.155877,2.242628,0.000000,0.000000,1.480203,0.0000000,0.000000,0.000000,0.000000,2.109381,0.000000,0.000000,2.285510,0.000000,1.803458,0.000000,0.000000,1.793708,0.000000,0.000000,1.638709,1.969828,0.0000000,0.000000,2.287255,0.000000,1.8755515
1.994845,2.006891,0.0000000,0.000000,0.000000,0.000000,0.000000,1.960949,2.075580,0.000000,0.000000,2.037783,2.024115,2.475486,2.182537,2.419922,2.091671,2.403855,0.000000,1.806921,0.000000,2.212395,2.026374,2.130583,1.646755,2.253915,0.000000,2.181213,0.000000,0.000000,0.000000,0.000000,0.000000,0.000000,1.8853233,0.000000,2.467229,2.087150,0.000000,2.109008,1.832501,0.000000,0.000000,2.136962,1.603896,0.000000,1.779598,0.0000000,1.741726,0.000000,1.979255,1.870842,0.000000,0.000000,2.232975,0.000000,0.000000,1.658810,0.000000,2.158944,0.000000,1.463921,1.918027,1.851502,1.5377333,0.000000,2.536886,1.887921,0.0000000
2.131205,2.125896,1.2204649,1.744252,0.000000,0.000000,1.841445,1.560549,2.085246,0.000000,0.000000,0.000000,2.079309,2.438340,2.133989,2.445062,2.240919,2.386530,0.000000,0.000000,1.981646,2.228893,2.016208,2.178896,1.444806,2.286102,1.758777,2.285818,0.000000,1.895559,0.000000,0.000000,2.021910,0.000000,1.6296291,1.919706,2.386473,2.149125,0.000000,1.903267,1.982325,0.000000,1.473907,2.190412,1.712378,0.000000,1.632106,0.0000000,1.640052,1.836148,0.000000,2.046504,0.000000,0.000000,2.020686,0.000000,1.661121,0.000000,0.000000,1.987995,1.606152,1.864593,0.000000,0.000000,0.0000000,0.000000,2.438385,0.000000,0.0000000
0.000000,1.953956,1.2946490,0.000000,0.000000,0.000000,1.741250,0.000000,1.767813,1.763481,1.830512,1.986251,2.165399,2.435535,2.106189,2.405272,2.064136,2.326961,1.613819,1.735110,1.900627,2.198156,2.106070,2.206717,1.781528,2.186131,1.766039,2.166223,1.447553,0.000000,1.949829,0.000000,0.000000,1.702823,2.0360921,0.000000,2.355187,1.867676,1.727077,0.000000,0.000000,0.000000,0.000000,2.111680,2.001018,1.699076,1.594472,1.5282510,1.603403,1.790493,2.061763,2.022646,2.003509,0.000000,2.128557,0.000000,1.864839,1.914686,0.000000,1.989235,2.122045,0.000000,1.898293,1.851510,0.0000000,1.241150,2.381932,0.000000,1.9968197
0.000000,1.870994,0.0000000,0.000000,0.000000,0.000000,0.000000,0.000000,1.969635,0.000000,2.035521,2.143103,2.092862,2.449323,2.225336,2.394146,2.103164,2.379726,1.611266,1.984533,1.710308,2.238458,2.095134,2.256585,1.742310,2.239197,0.000000,2.179727,0.000000,0.000000,2.031280,0.000000,1.852152,0.000000,1.6890347,0.000000,2.440761,1.881428,0.000000,0.000000,0.000000,0.000000,0.000000,2.213502,0.000000,0.000000,0.000000,0.0000000,0.000000,1.969325,2.028776,1.636268,1.703822,0.000000,2.195995,0.000000,0.000000,1.843197,0.000000,2.214674,0.000000,0.000000,1.912253,1.967182,0.0000000,0.000000,2.473365,0.000000,1.8092431
0.000000,2.426860,0.0000000,1.850887,2.110474,0.000000,1.427740,1.481725,0.000000,0.000000,1.988228,2.036498,2.109038,2.426799,2.210993,2.431095,2.181669,2.317377,1.372173,0.000000,1.989304,2.138407,2.092010,2.225495,1.750258,2.157507,1.781444,2.205352,0.000000,0.000000,1.706001,1.816809,1.839869,0.000000,1.7789730,1.950298,2.437742,2.131798,0.000000,1.962937,0.000000,0.000000,1.944783,1.918467,0.000000,0.000000,1.565079,1.6573688,1.620942,0.000000,2.044427,2.003666,0.000000,2.001425,2.140386,1.999445,0.000000,1.806699,0.000000,2.202486,0.000000,0.000000,1.802482,1.952255,0.0000000,0.000000,2.514735,1.972578,1.7181665
0.000000,1.947504,0.0000000,0.000000,0.000000,0.000000,0.000000,0.000000,1.908339,0.000000,0.000000,2.105959,2.147392,2.505193,2.233874,2.397424,2.105751,2.403312,1.764406,1.994137,0.000000,2.288966,2.171277,2.243086,1.874385,2.250876,0.000000,2.148150,0.000000,0.000000,0.000000,0.000000,0.000000,0.000000,1.7671220,0.000000,2.392933,0.000000,0.000000,0.000000,0.000000,0.000000,0.000000,2.189189,2.138390,0.000000,0.000000,0.0000000,0.000000,0.000000,2.046534,1.895086,0.000000,0.000000,2.123277,2.035975,1.653106,2.095426,0.000000,2.042925,0.000000,0.000000,2.022794,2.046528,0.0000000,0.000000,2.564091,1.817512,1.8501429
0.000000,2.326632,1.5068382,1.792350,1.723439,0.000000,1.773736,1.837378,0.000000,0.000000,2.074735,2.049181,2.123970,2.423925,2.158591,2.417178,2.059059,2.322214,0.000000,1.911154,1.982027,2.209284,2.064758,2.198466,1.958921,2.175309,1.863795,2.153226,0.000000,0.000000,1.585930,0.000000,1.988241,0.000000,1.9156611,0.000000,2.469621,2.141105,0.000000,2.180273,2.047380,1.609884,1.683621,2.163509,0.000000,0.000000,0.000000,0.0000000,0.000000,1.794139,2.110364,2.274001,0.000000,1.992643,2.183994,2.008846,1.708189,1.856653,0.000000,2.136959,1.573255,0.000000,2.222168,1.904494,0.0000000,0.000000,2.504331,2.062424,1.9273206
0.000000,2.012009,0.0000000,0.000000,0.000000,0.000000,1.705600,1.803654,1.916338,2.117837,0.000000,2.016648,2.076723,2.442496,2.097877,2.435858,2.045038,2.443257,0.000000,1.904871,2.076913,2.237099,2.043962,2.307763,1.882969,2.280698,1.831201,2.208061,0.000000,0.000000,2.003529,0.000000,0.000000,0.000000,1.8176338,0.000000,2.408463,1.858554,0.000000,0.000000,0.000000,0.000000,0.000000,2.131071,0.000000,0.000000,1.858755,0.0000000,0.000000,0.000000,2.327266,1.860031,0.000000,0.000000,2.316705,1.631338,1.871354,0.000000,0.000000,2.036531,0.000000,0.000000,2.058811,1.887111,0.0000000,0.000000,2.444038,1.820347,1.9136627
0.000000,2.019273,0.0000000,1.977970,0.000000,0.000000,1.216367,0.000000,1.805307,0.000000,1.868226,2.037102,2.230544,2.439059,2.029648,2.434513,2.028122,2.326579,1.632330,1.692243,2.113489,2.177926,2.134526,2.218015,1.810940,2.186876,1.844249,2.183973,1.853462,0.000000,1.940753,0.000000,0.000000,0.000000,1.9321561,0.000000,2.352477,1.914014,0.000000,0.000000,0.000000,0.000000,0.000000,1.819140,0.000000,1.666963,0.000000,0.0000000,0.000000,2.058930,1.895123,1.917083,0.000000,0.000000,2.127887,0.000000,0.000000,1.841822,0.000000,2.182544,1.655749,0.000000,1.895102,1.941173,0.0000000,0.000000,2.399809,1.993908,1.9817546
0.000000,2.672424,1.9594303,2.433156,2.116610,2.009719,2.562456,2.048865,1.931005,0.000000,2.190398,0.000000,2.123781,2.454458,2.128188,2.392860,2.118273,2.360959,1.820668,1.922941,2.073791,2.384947,2.058217,2.220190,1.952510,2.134481,2.118158,2.048946,1.801521,0.000000,2.119176,0.000000,2.146246,0.000000,1.7644606,0.000000,2.526789,2.049325,0.000000,0.000000,2.142812,0.000000,0.000000,2.027447,2.084780,0.000000,0.000000,1.5623943,1.618289,2.215345,0.000000,2.025130,0.000000,1.943678,0.000000,0.000000,0.000000,1.781117,0.000000,2.142446,1.750153,0.000000,2.328907,1.938143,0.0000000,2.022404,2.431267,1.783552,0.0000000
0.000000,1.953554,1.8915928,0.000000,0.000000,0.000000,0.000000,1.845585,0.000000,0.000000,2.123249,2.147312,2.147012,2.421034,2.196568,2.385288,2.069476,2.427187,2.003071,1.915917,2.061919,2.342263,2.094941,2.246817,1.784346,2.225037,1.918313,2.143151,1.556697,0.000000,2.091615,0.000000,0.000000,1.912852,1.8830555,0.000000,2.528373,2.195420,2.073592,1.526007,0.000000,1.623284,1.736559,2.255274,1.612025,0.000000,1.674006,1.3130084,0.000000,1.604538,2.279339,2.015479,0.000000,0.000000,2.260737,0.000000,2.145144,1.556097,0.000000,2.152478,2.104226,0.000000,2.040140,1.974621,0.0000000,0.000000,2.481931,1.749659,2.1581249
0.000000,1.925394,1.8221601,1.927804,2.133278,0.000000,1.701178,0.000000,0.000000,2.446336,0.000000,0.000000,2.143499,2.449156,2.113342,2.497036,2.026125,2.476031,1.559520,1.872184,1.997771,2.355078,2.206039,2.286850,0.000000,2.304840,1.645142,2.189049,0.000000,0.000000,2.150262,0.000000,0.000000,0.000000,0.0000000,0.000000,2.352269,0.000000,0.000000,0.000000,0.000000,0.000000,0.000000,1.969939,2.089615,0.000000,0.000000,1.5522990,1.862608,0.000000,2.297099,2.125395,0.000000,0.000000,2.195293,1.861213,2.032096,0.000000,0.000000,2.107002,0.000000,1.877379,2.262213,1.908619,0.0000000,1.604047,2.398474,1.864918,1.9503081
0.000000,1.958208,1.6191899,2.161866,2.127587,0.000000,0.000000,0.000000,1.504510,0.000000,0.000000,2.104981,2.190859,2.469868,2.042049,2.424945,2.019516,2.390453,1.653414,1.673662,2.077452,2.180684,1.949938,2.186922,1.738366,2.228267,2.040979,2.223737,0.000000,1.733915,2.117526,0.000000,0.000000,1.616403,0.0000000,0.000000,2.332333,1.595510,2.087775,0.000000,0.000000,0.000000,0.000000,2.155796,1.701302,0.000000,1.801981,0.0000000,0.000000,1.542074,2.153225,1.928045,2.104626,0.000000,2.232936,1.940046,1.676955,1.666732,0.000000,2.125817,0.000000,0.000000,1.854960,2.040287,0.0000000,0.000000,2.483127,1.761224,0.0000000
0.000000,1.952537,1.5328269,0.000000,0.000000,0.000000,0.000000,0.000000,1.919510,0.000000,0.000000,2.159404,2.144980,2.478293,2.246498,2.390798,2.074749,2.368664,1.600298,1.953197,1.532541,2.231497,2.054046,2.228543,1.909787,2.221327,1.623889,2.142620,0.000000,1.894944,1.514220,0.000000,0.000000,0.000000,1.9228475,0.000000,2.523726,1.787793,0.000000,0.000000,0.000000,1.821689,1.551066,2.173692,0.000000,0.000000,1.481649,0.0000000,0.000000,1.773621,2.153793,0.000000,0.000000,0.000000,2.304155,1.841413,1.592701,0.000000,0.000000,2.261183,0.000000,0.000000,2.029078,2.056425,1.5008586,0.000000,2.492502,0.000000,0.0000000
0.000000,1.979098,1.9815082,2.124389,0.000000,0.000000,0.000000,1.810823,1.730338,2.554081,2.154680,0.000000,2.110950,2.469367,2.171564,2.483023,0.000000,0.000000,0.000000,0.000000,1.835130,2.166718,2.094400,2.156445,1.817156,1.703456,1.834088,0.000000,0.000000,0.000000,0.000000,0.000000,1.960880,0.000000,1.6152046,0.000000,2.464121,1.841161,0.000000,0.000000,0.000000,0.000000,0.000000,1.986490,2.155713,0.000000,1.645407,1.7093697,0.000000,0.000000,2.295404,1.967361,0.000000,0.000000,2.251439,2.094717,0.000000,0.000000,0.000000,2.104301,0.000000,0.000000,1.871688,2.024295,0.0000000,0.000000,2.407138,0.000000,1.8948381
0.000000,2.029790,0.0000000,2.087134,2.225407,0.000000,1.795042,0.000000,0.000000,0.000000,0.000000,0.000000,2.292944,2.432092,2.112028,2.427085,2.140876,2.413082,1.877632,1.919793,1.894235,2.207978,2.048201,2.240820,1.865559,2.216881,0.000000,2.219614,0.000000,0.000000,2.113444,0.000000,0.000000,0.000000,2.0140880,0.000000,2.449671,1.881498,0.000000,0.000000,0.000000,0.000000,0.000000,1.952625,0.000000,1.791159,0.000000,0.0000000,1.646784,0.000000,2.233161,2.109240,0.000000,0.000000,2.203217,0.000000,0.000000,0.000000,0.000000,2.192303,0.000000,0.000000,2.045407,1.892612,0.0000000,0.000000,2.363514,1.826324,1.9094101
0.000000,2.105697,2.1108111,2.050165,1.735490,0.000000,0.000000,1.894674,1.940439,2.105684,0.000000,2.110039,2.121990,2.430546,2.260512,2.434320,0.000000,2.295499,0.000000,0.000000,2.004914,2.127566,2.034784,2.232977,1.803850,2.071362,0.000000,2.140509,1.512883,1.945368,0.000000,0.000000,0.000000,1.654224,1.6888110,0.000000,2.402100,1.791711,0.000000,0.000000,0.000000,1.651130,0.000000,2.009779,2.066893,1.947470,0.000000,0.0000000,0.000000,1.798093,2.221349,1.771401,0.000000,0.000000,2.320317,1.973937,1.805215,0.000000,0.000000,2.018665,1.891944,0.000000,1.954023,2.046103,0.0000000,0.000000,2.517816,1.937087,1.9486252
0.000000,1.909283,1.6970724,0.000000,0.000000,0.000000,0.000000,0.000000,1.811869,1.869640,0.000000,2.099363,2.175014,2.477575,2.173687,2.408466,2.061142,2.340124,0.000000,0.000000,1.828969,2.165636,1.969778,2.276669,1.906266,2.170165,1.721823,2.124067,0.000000,0.000000,1.917154,0.000000,1.920955,0.000000,1.9013676,0.000000,2.406482,1.919440,1.790300,1.679898,1.600761,1.408021,0.000000,2.147671,2.085386,1.793086,0.000000,1.5916452,0.000000,1.818900,2.056187,2.016438,0.000000,0.000000,2.256548,1.887976,1.885969,1.832526,0.000000,2.021070,0.000000,1.780936,2.026021,1.949825,1.6660604,0.000000,2.509975,0.000000,1.9544234
0.000000,1.980611,0.0000000,0.000000,0.000000,0.000000,1.667631,1.704794,1.883764,2.001139,0.000000,2.167443,2.190836,2.411296,2.226476,2.457477,2.121133,2.381097,1.643959,0.000000,1.832618,2.222377,2.132718,2.180478,1.768065,2.261235,0.000000,1.704552,0.000000,0.000000,1.925876,0.000000,2.087314,0.000000,1.8006266,0.000000,2.466734,2.130106,0.000000,0.000000,1.800394,1.841696,0.000000,1.981979,0.000000,0.000000,1.569494,0.0000000,0.000000,1.923923,2.215451,2.025392,0.000000,1.515925,2.251384,1.950117,1.767587,1.788208,0.000000,2.203784,0.000000,1.961315,2.038212,1.956415,0.0000000,0.000000,2.524337,0.000000,2.0273048
0.000000,2.267406,0.0000000,2.041015,0.000000,0.000000,2.150043,1.660828,1.724597,2.075834,2.093414,1.802201,2.124304,2.441183,2.086983,2.443346,2.073207,2.411651,1.821734,1.860777,2.165564,2.298885,2.172469,2.243064,1.837848,2.265015,0.000000,2.152153,0.000000,1.396064,2.011112,0.000000,1.993491,0.000000,1.6440180,0.000000,2.360475,1.790606,0.000000,2.100303,1.614495,0.000000,0.000000,2.103332,0.000000,0.000000,1.597174,0.0000000,1.805103,2.085918,0.000000,2.151323,0.000000,0.000000,2.085892,1.860613,1.498036,1.724703,0.000000,2.151247,1.557494,1.450888,2.273880,1.640447,0.0000000,1.633790,2.336482,1.963553,1.8475107
0.000000,2.143584,0.0000000,0.000000,0.000000,0.000000,1.549304,0.000000,0.000000,0.000000,0.000000,2.092096,2.215193,2.431746,2.056550,2.458554,2.025506,2.328400,1.637601,1.786820,2.066634,2.108339,1.994980,2.289785,1.724064,2.141631,1.865030,2.177953,1.484210,1.772252,0.000000,0.000000,0.000000,0.000000,1.6717764,0.000000,2.415217,1.948535,0.000000,0.000000,0.000000,0.000000,0.000000,2.149117,0.000000,0.000000,0.000000,0.0000000,1.812617,2.054759,0.000000,1.994569,0.000000,0.000000,2.347452,1.529712,1.569076,1.872184,0.000000,2.113251,0.000000,0.000000,1.794183,2.004441,0.0000000,0.000000,2.435795,0.000000,2.0639611
0.000000,1.891403,0.0000000,0.000000,0.000000,0.000000,0.000000,0.000000,2.135173,0.000000,0.000000,2.083734,2.097798,2.449259,2.228170,2.360843,1.703883,2.418586,0.000000,1.857642,1.532082,2.190675,2.089940,2.279381,0.000000,2.233272,2.087799,2.175203,0.000000,0.000000,1.921947,0.000000,0.000000,0.000000,0.0000000,0.000000,2.430873,2.210329,0.000000,0.000000,0.000000,0.000000,0.000000,2.220930,0.000000,0.000000,1.525054,0.0000000,0.000000,1.710035,2.082838,1.692177,0.000000,0.000000,2.304291,0.000000,2.210284,0.000000,0.000000,2.148144,0.000000,0.000000,1.645348,2.015243,0.0000000,0.000000,2.515220,0.000000,0.0000000
0.000000,1.761446,1.8110383,0.000000,0.000000,0.000000,0.000000,1.968528,0.000000,2.486702,0.000000,2.157998,2.149714,2.458724,2.163646,2.382002,2.123973,2.418087,0.000000,1.894309,0.000000,2.182397,2.115913,2.212427,1.786809,2.245448,2.078406,2.191705,0.000000,0.000000,1.958918,0.000000,0.000000,1.968049,1.7242592,0.000000,2.427633,1.987157,1.891143,1.471600,0.000000,1.782526,0.000000,1.973593,1.873680,0.000000,1.755555,0.0000000,0.000000,1.876326,0.000000,1.836304,2.048839,0.000000,2.281871,0.000000,1.761459,1.817783,0.000000,1.978401,0.000000,1.805633,1.859018,2.067814,0.0000000,0.000000,2.490989,1.890615,1.8596736
0.000000,1.880248,1.5982347,0.000000,0.000000,0.000000,0.000000,0.000000,1.954961,0.000000,0.000000,2.069611,2.107642,2.408494,2.174526,2.333192,2.118738,2.390349,0.000000,1.599639,1.786925,2.148977,1.992952,2.240251,1.533227,2.180600,1.989738,2.238208,0.000000,1.962290,0.000000,0.000000,0.000000,0.000000,1.7063812,0.000000,2.429258,2.096909,0.000000,0.000000,0.000000,0.000000,0.000000,1.923986,0.000000,0.000000,1.709683,0.0000000,0.000000,2.078611,1.352123,1.821461,0.000000,0.000000,2.265512,2.037144,2.007469,0.000000,0.000000,1.943190,0.000000,0.000000,2.147699,2.136999,0.0000000,0.000000,2.508747,0.000000,1.8301195
0.000000,1.944808,1.4294462,0.000000,0.000000,0.000000,1.712992,2.027074,0.000000,2.121517,1.535438,2.165305,2.130459,2.471985,2.274110,2.448311,0.000000,1.771827,1.510113,2.001542,2.093180,2.272932,2.157208,2.275370,1.875374,1.976520,1.720462,0.000000,0.000000,0.000000,1.918823,0.000000,0.000000,0.000000,1.5162392,0.000000,2.442871,1.953940,0.000000,0.000000,0.000000,1.688520,0.000000,1.706581,0.000000,0.000000,1.721388,0.0000000,1.593065,1.912990,1.589018,1.790945,0.000000,0.000000,2.277498,1.729894,1.914473,1.866458,0.000000,2.267583,0.000000,0.000000,1.935297,2.111530,0.0000000,0.000000,2.524236,1.893506,1.7965918
0.000000,2.234410,0.0000000,0.000000,2.077578,0.000000,0.000000,1.637909,0.000000,2.248206,0.000000,0.000000,2.128876,2.462588,2.226961,2.435225,0.000000,2.477775,0.000000,2.050850,1.873233,2.360433,2.143505,2.144041,1.831353,2.267500,1.836744,2.177427,0.000000,0.000000,2.030550,0.000000,1.881732,0.000000,1.5258885,0.000000,2.439756,1.965373,0.000000,0.000000,0.000000,0.000000,0.000000,1.893607,0.000000,0.000000,1.950188,0.0000000,0.000000,0.000000,2.369644,2.082084,0.000000,0.000000,2.347348,2.067772,0.000000,0.000000,0.000000,1.845348,0.000000,1.877884,2.159067,1.647221,0.0000000,0.000000,2.493258,0.000000,1.6915406
0.000000,1.968052,0.0000000,0.000000,2.048123,0.000000,1.803364,1.615275,1.933065,0.000000,0.000000,2.104014,2.089780,2.431503,2.197148,2.437544,2.039933,2.399590,1.708643,1.696200,1.938767,2.242469,1.965582,2.207597,1.417174,2.214183,1.869082,2.174984,0.000000,1.791159,1.942282,0.000000,0.000000,0.000000,0.0000000,0.000000,2.329108,1.561910,0.000000,0.000000,0.000000,0.000000,0.000000,2.086848,0.000000,1.843902,1.616298,0.0000000,0.000000,2.006189,1.973765,1.769120,2.105363,0.000000,2.261241,0.000000,0.000000,1.668906,0.000000,1.982780,0.000000,0.000000,1.567253,1.943114,0.0000000,0.000000,2.444316,1.961774,1.9679161
0.000000,2.543167,0.0000000,2.226761,1.896057,0.000000,2.487745,2.156867,0.000000,0.000000,1.927202,2.158419,2.200726,2.463365,2.127014,2.454667,2.060117,2.475893,1.891148,0.000000,2.012423,2.385635,2.091169,2.297010,0.000000,2.324761,1.692615,2.255092,0.000000,0.000000,1.726377,0.000000,1.815162,0.000000,1.7116458,0.000000,2.435102,1.879360,0.000000,2.452625,2.324995,1.954039,0.000000,2.152295,0.000000,0.000000,0.000000,0.0000000,0.000000,0.000000,0.000000,2.308879,0.000000,1.929089,2.280647,0.000000,0.000000,0.000000,0.000000,2.251004,0.000000,1.771129,2.204361,0.000000,0.0000000,1.934221,2.581900,2.129327,1.8952651
2.079797,1.898914,0.0000000,0.000000,0.000000,0.000000,1.928008,1.851904,2.116874,0.000000,1.576312,2.167397,2.044468,2.408593,2.196413,2.415073,2.083368,2.397355,0.000000,1.909655,1.887943,2.299294,2.126884,2.234881,0.000000,2.229024,1.850784,2.162168,1.589596,1.469507,0.000000,0.000000,0.000000,1.932963,1.7772317,0.000000,2.469833,1.951523,1.518855,0.000000,0.000000,1.739382,0.000000,2.205244,0.000000,0.000000,1.666138,0.0000000,0.000000,2.052132,2.093165,0.000000,0.000000,0.000000,2.359033,0.000000,0.000000,0.000000,0.000000,2.224408,0.000000,0.000000,1.912336,1.978278,0.0000000,0.000000,2.587476,0.000000,1.9630174
1.767109,0.000000,0.0000000,0.000000,0.000000,0.000000,0.000000,1.981073,2.096853,1.874274,0.000000,2.219954,2.129421,2.417044,2.268150,2.426520,1.840092,2.420370,0.000000,1.840995,1.759241,2.302965,1.955162,2.228883,1.737065,2.237435,1.904802,2.148574,0.000000,0.000000,0.000000,0.000000,0.000000,0.000000,0.0000000,0.000000,2.322904,1.980226,1.825743,1.505511,1.516866,0.000000,0.000000,2.186988,0.000000,0.000000,1.682623,0.0000000,0.000000,1.779047,0.000000,1.816649,0.000000,0.000000,2.298657,1.624826,1.616438,0.000000,0.000000,2.256157,0.000000,0.000000,1.980833,2.104959,1.5230720,0.000000,2.562858,0.000000,1.9285499
0.000000,2.108255,0.0000000,0.000000,0.000000,0.000000,0.000000,1.820567,1.985709,0.000000,0.000000,2.173965,2.052861,2.423167,2.169085,2.449331,2.047720,2.455002,0.000000,1.844126,1.958544,2.321214,2.096953,2.226115,1.755064,2.201089,1.926030,2.242589,1.456262,0.000000,1.954188,0.000000,0.000000,0.000000,0.0000000,0.000000,2.324393,1.696477,0.000000,0.000000,1.912760,0.000000,0.000000,2.182552,0.000000,0.000000,0.000000,0.0000000,0.000000,0.000000,2.152076,1.863908,2.059937,0.000000,2.285365,1.686556,0.000000,0.000000,0.000000,1.769723,0.000000,0.000000,1.966907,1.989165,0.0000000,0.000000,2.571186,0.000000,1.9737652
0.000000,1.873637,0.0000000,0.000000,0.000000,0.000000,0.000000,1.753903,0.000000,0.000000,0.000000,1.993376,2.141764,2.432206,2.173397,2.387436,2.097218,2.387778,0.000000,1.607195,1.992476,2.022787,2.009727,2.209149,0.000000,2.097663,1.852137,2.257851,2.070299,1.951854,1.754484,0.000000,1.383720,0.000000,1.2875629,0.000000,2.468946,1.874736,0.000000,0.000000,0.000000,0.000000,1.392356,2.190032,0.000000,1.406565,0.000000,0.0000000,0.000000,2.108796,2.080159,1.740023,1.722435,0.000000,2.323188,0.000000,0.000000,1.678899,0.000000,2.151835,1.443603,1.744795,1.759452,1.980737,0.0000000,0.000000,2.510790,1.869358,1.9193004
0.000000,2.304207,1.7648670,2.201340,1.606488,0.000000,1.853772,1.851627,1.828252,0.000000,2.349913,1.954984,2.122047,2.445537,2.092052,2.450470,2.088206,2.422584,0.000000,1.782082,2.160596,2.198888,1.967337,2.232161,0.000000,1.961243,0.000000,2.214404,2.151649,0.000000,1.973610,0.000000,0.000000,2.104618,1.3589327,0.000000,2.424712,2.015191,2.027512,2.187699,1.746245,1.553320,1.530119,2.044614,0.000000,0.000000,1.692418,0.0000000,0.000000,1.821861,2.192558,2.187093,2.008800,0.000000,2.145916,1.983676,2.252185,1.435641,0.000000,1.861946,1.603933,0.000000,2.320970,1.767853,0.0000000,0.000000,2.469465,2.159088,1.8510703
0.000000,2.156238,0.0000000,2.058812,0.000000,0.000000,1.778481,1.848329,1.941294,2.161433,2.157191,2.115799,2.205063,2.442381,2.214276,2.450235,2.049392,2.431520,1.601953,1.798586,1.994049,2.229600,2.027371,2.151351,1.882116,2.246411,2.139653,2.200464,2.213396,0.000000,2.010628,0.000000,0.000000,1.839965,1.5691688,0.000000,2.552339,1.856357,1.841586,0.000000,0.000000,0.000000,0.000000,2.104430,0.000000,1.762906,1.651499,0.0000000,1.374298,0.000000,2.212346,2.058923,2.143227,0.000000,2.296262,1.686874,2.035156,1.746030,0.000000,2.226780,0.000000,0.000000,2.079552,1.876015,0.0000000,0.000000,2.478167,2.000747,2.0099092
0.000000,1.961149,0.0000000,0.000000,0.000000,0.000000,0.000000,1.828157,2.033525,0.000000,0.000000,2.149054,2.181934,2.423813,2.244729,2.430710,1.975558,2.417603,1.663294,1.895402,2.002632,2.239476,2.010724,2.309576,1.502693,2.052703,1.846377,2.192875,2.218662,0.000000,2.070894,0.000000,0.000000,1.725956,1.6508744,0.000000,2.382288,1.886178,0.000000,0.000000,0.000000,1.603175,1.485551,2.118535,0.000000,0.000000,1.538566,0.0000000,1.436607,1.406002,0.000000,1.915935,0.000000,0.000000,2.217357,0.000000,0.000000,0.000000,0.000000,2.203926,0.000000,0.000000,2.025117,1.899465,0.0000000,0.000000,2.492545,0.000000,2.0387929
0.000000,2.608826,1.9994270,2.066470,2.305976,0.000000,1.888015,0.000000,1.710113,0.000000,2.039181,1.924771,2.066351,2.442955,2.120837,2.437432,2.034302,2.356193,0.000000,0.000000,2.140677,0.000000,1.896762,2.104105,1.660051,2.192808,2.036727,2.144893,0.000000,2.029509,1.648323,1.862055,1.784275,0.000000,1.6888334,1.675670,2.497199,2.114089,0.000000,2.311168,2.391701,0.000000,1.912156,1.714231,2.099488,0.000000,1.415785,1.6871228,1.598274,0.000000,0.000000,2.131638,0.000000,1.775519,1.992343,2.167421,0.000000,1.913127,0.000000,2.125300,1.374034,0.000000,1.891192,1.661148,0.0000000,1.659782,2.470652,2.077760,1.5544868
2.440769,2.436023,1.8237889,2.303234,0.000000,0.000000,1.920549,2.074875,0.000000,2.463022,2.527320,1.875025,2.188590,2.438572,2.230972,2.462460,2.047758,2.349857,0.000000,0.000000,2.005906,2.199317,2.121991,2.231503,0.000000,2.210669,0.000000,2.196746,0.000000,0.000000,0.000000,0.000000,2.134209,0.000000,0.0000000,0.000000,2.413939,1.885788,0.000000,0.000000,0.000000,1.878136,0.000000,2.135857,0.000000,0.000000,0.000000,0.0000000,0.000000,0.000000,2.325949,2.077782,0.000000,1.840163,2.236781,1.944145,2.125950,0.000000,0.000000,2.204783,0.000000,1.941975,2.293660,1.874150,0.0000000,1.928359,2.479281,2.065868,0.0000000
0.000000,2.430946,0.0000000,2.018525,1.880442,0.000000,2.073326,1.860107,1.542453,2.418262,2.194678,2.074897,2.185790,2.436363,2.140974,2.436507,1.995826,2.403684,1.670096,1.883919,1.998302,2.332997,2.198098,2.209425,1.780499,2.242085,1.905159,2.179673,0.000000,0.000000,1.968761,0.000000,2.153748,0.000000,0.0000000,1.896350,2.511954,2.046057,1.571017,0.000000,1.898082,1.829777,0.000000,2.003489,0.000000,0.000000,1.888742,0.0000000,0.000000,1.922579,2.284999,2.329057,0.000000,2.018787,2.308497,1.932499,0.000000,0.000000,0.000000,2.200369,1.603782,1.809313,2.156498,2.013408,0.0000000,1.763740,2.546444,1.887541,1.7515964
0.000000,2.082962,0.0000000,1.983676,0.000000,0.000000,1.631049,1.814485,0.000000,0.000000,0.000000,2.099881,0.000000,2.437220,1.945036,2.446121,2.021955,2.424288,0.000000,1.729722,2.168994,2.186681,2.015157,2.136160,1.844126,2.184868,1.810705,2.234334,1.785512,0.000000,1.978273,0.000000,0.000000,0.000000,1.6118810,0.000000,2.371114,1.840195,1.760543,0.000000,0.000000,1.731257,0.000000,1.914564,0.000000,0.000000,1.824707,0.0000000,1.630212,1.556548,2.206733,2.097506,2.126140,0.000000,2.278702,0.000000,1.709016,1.788737,0.000000,2.186462,1.431731,1.513521,2.013538,1.761321,0.0000000,0.000000,2.476671,1.979600,2.0100116
0.000000,2.394346,0.0000000,2.094795,1.869377,0.000000,2.447581,0.000000,1.692309,0.000000,0.000000,2.066838,2.044373,2.403188,2.047070,2.440366,2.086672,0.000000,0.000000,0.000000,2.110987,2.199780,2.062213,2.201903,0.000000,2.083302,1.919567,2.201646,1.563933,0.000000,0.000000,0.000000,0.000000,2.057556,1.4521352,0.000000,2.376976,2.054773,0.000000,2.295810,2.297760,0.000000,0.000000,2.041819,0.000000,0.000000,0.000000,0.0000000,0.000000,2.029390,0.000000,1.975961,0.000000,0.000000,2.231759,1.912474,1.813968,1.881545,0.000000,2.189139,0.000000,1.961115,2.031914,1.969313,0.0000000,1.884754,2.468189,1.822702,1.9073212
0.000000,1.971607,0.0000000,1.937030,2.003204,0.000000,1.738608,0.000000,1.812743,0.000000,2.138035,0.000000,2.153138,2.426955,2.222043,2.447820,2.076030,2.376481,0.000000,1.635863,2.106832,2.020592,2.137599,2.190559,1.519102,2.196813,1.881012,2.196473,2.050768,0.000000,1.747681,1.429346,0.000000,0.000000,1.7097416,0.000000,2.431029,1.906662,1.678350,0.000000,0.000000,0.000000,0.000000,2.019539,1.457646,0.000000,1.933531,0.0000000,1.564221,0.000000,2.266850,2.096427,0.000000,0.000000,2.106949,1.671126,0.000000,1.707556,0.000000,2.193273,0.000000,0.000000,1.894282,1.674498,0.0000000,0.000000,2.376118,1.895070,1.9447473
0.000000,1.792674,2.0890916,1.750273,0.000000,0.000000,1.785571,1.978259,2.106336,2.217686,1.909848,2.037618,2.121777,2.467907,2.234101,2.460543,2.093681,2.383540,0.000000,1.922886,2.069988,2.217726,2.120683,2.141748,1.893623,2.233856,0.000000,2.131017,0.000000,0.000000,0.000000,0.000000,1.951965,1.914155,1.7262720,0.000000,2.461923,2.109746,1.843220,0.000000,0.000000,0.000000,0.000000,2.271493,2.191138,0.000000,0.000000,1.5216774,0.000000,1.979422,2.347070,2.033318,0.000000,0.000000,2.263663,2.149659,2.144502,2.087494,0.000000,2.168932,2.050805,0.000000,2.089447,2.050075,1.6674255,0.000000,2.510773,1.794426,1.7689881
0.000000,2.029800,0.0000000,2.122124,2.148303,0.000000,0.000000,1.638862,2.092183,0.000000,0.000000,0.000000,2.125244,2.459920,2.114106,2.404178,1.892692,2.367258,1.581405,1.685279,2.069582,2.168534,1.979573,2.186542,1.719823,2.106312,2.009320,2.179532,0.000000,0.000000,2.047519,0.000000,0.000000,1.781733,1.8537574,0.000000,2.426416,1.824796,2.089632,0.000000,0.000000,1.508352,0.000000,2.068589,1.470878,0.000000,1.757644,0.0000000,0.000000,2.064632,2.185760,2.014124,0.000000,0.000000,2.219005,1.980274,1.823869,0.000000,0.000000,2.145785,1.648698,1.829460,1.874896,2.001429,0.0000000,0.000000,2.466274,1.882413,1.9214757
0.000000,1.894864,0.0000000,0.000000,0.000000,0.000000,0.000000,1.684061,1.894917,0.000000,2.072866,2.175608,2.142287,2.466066,2.233190,2.406496,2.034622,2.356755,0.000000,1.973666,1.686624,2.155962,2.094352,2.257498,1.902214,2.179542,0.000000,2.114022,0.000000,1.906677,0.000000,0.000000,0.000000,0.000000,1.8564839,0.000000,2.533521,2.020345,0.000000,0.000000,0.000000,1.839550,1.538289,2.167972,0.000000,0.000000,1.699244,0.0000000,0.000000,1.981099,2.129529,1.810547,0.000000,0.000000,2.274641,0.000000,0.000000,1.683297,0.000000,2.270234,0.000000,1.719438,2.083908,2.039541,1.7445160,0.000000,2.532156,1.857544,1.9168070
0.000000,1.997884,1.9328651,2.119294,0.000000,0.000000,1.920232,1.887290,1.799024,0.000000,2.282483,0.000000,2.134822,2.469881,2.157882,2.494743,2.015829,2.383081,0.000000,0.000000,0.000000,2.111527,1.945794,2.201249,1.780000,2.203702,0.000000,2.049446,2.209172,0.000000,1.699306,0.000000,0.000000,0.000000,0.0000000,0.000000,2.481087,1.838645,1.656575,0.000000,0.000000,0.000000,0.000000,2.014573,2.208204,0.000000,0.000000,0.0000000,0.000000,0.000000,2.315401,1.973669,0.000000,0.000000,2.226666,2.126663,0.000000,1.978107,0.000000,2.080014,0.000000,0.000000,2.053900,1.988923,0.0000000,0.000000,2.397190,1.903465,1.8473449
0.000000,1.926431,0.0000000,0.000000,0.000000,0.000000,0.000000,1.826412,2.021694,0.000000,0.000000,2.254176,2.217552,2.457457,2.214539,2.467204,1.936840,2.362534,0.000000,0.000000,1.974621,2.206805,2.020349,2.242075,1.830325,2.201318,1.895075,2.153285,0.000000,0.000000,1.978843,0.000000,0.000000,0.000000,1.7029457,0.000000,2.439466,2.067697,0.000000,0.000000,0.000000,0.000000,0.000000,2.209205,0.000000,2.040190,1.805072,0.0000000,0.000000,2.155509,2.182210,1.999730,0.000000,0.000000,2.386170,0.000000,0.000000,0.000000,0.000000,2.234755,0.000000,1.818473,1.967006,2.062741,1.9531570,0.000000,2.417628,1.795535,1.8125397
0.000000,0.000000,0.0000000,0.000000,0.000000,0.000000,0.000000,1.864832,2.050971,2.087961,0.000000,2.217062,2.096326,2.452846,2.276225,2.418733,1.912345,2.407234,0.000000,1.942581,0.000000,2.258008,2.126748,2.240922,1.786553,2.228375,0.000000,2.178149,0.000000,0.000000,0.000000,0.000000,0.000000,0.000000,0.0000000,0.000000,2.517440,2.085878,0.000000,0.000000,0.000000,0.000000,0.000000,2.168943,0.000000,0.000000,1.790764,0.0000000,0.000000,2.156858,2.224041,1.851597,0.000000,0.000000,2.364304,0.000000,0.000000,0.000000,0.000000,2.222567,0.000000,1.868310,2.021405,2.101808,0.0000000,0.000000,2.604822,1.817494,0.0000000
0.000000,1.978933,0.0000000,2.115964,0.000000,0.000000,0.000000,0.000000,0.000000,0.000000,0.000000,2.214449,2.157706,2.437911,2.213521,2.486470,1.943728,2.380292,0.000000,0.000000,0.000000,2.197521,2.042775,2.245955,0.000000,1.863474,1.601877,2.195341,0.000000,0.000000,1.923530,0.000000,0.000000,1.979038,1.6975811,1.817231,2.475176,1.977836,0.000000,0.000000,0.000000,0.000000,0.000000,1.860961,0.000000,0.000000,0.000000,0.0000000,0.000000,2.006168,2.127760,1.920976,0.000000,0.000000,2.375310,2.122366,1.757957,1.709213,0.000000,2.153874,0.000000,1.952792,1.994214,2.123545,0.0000000,0.000000,2.580545,1.934601,1.8529858
0.000000,1.769343,0.0000000,0.000000,0.000000,1.910505,0.000000,0.000000,0.000000,0.000000,0.000000,2.171611,2.162512,2.464559,2.183359,2.463123,1.974492,2.373869,0.000000,0.000000,1.940298,2.205117,1.914423,2.340697,0.000000,2.210388,1.705036,2.184072,0.000000,1.597371,1.987370,0.000000,0.000000,0.000000,0.0000000,0.000000,2.405541,1.875405,0.000000,0.000000,0.000000,0.000000,0.000000,2.073569,0.000000,1.977063,1.674645,0.0000000,0.000000,1.975805,1.666577,2.341990,0.000000,0.000000,2.303835,1.765797,0.000000,0.000000,0.000000,2.212602,1.857537,0.000000,1.935085,1.987934,0.0000000,2.159636,2.559186,0.000000,0.0000000
0.000000,2.095218,0.0000000,1.856413,0.000000,0.000000,1.628229,1.931033,1.999082,0.000000,0.000000,1.357789,2.068375,2.425517,2.359219,2.448094,1.866510,2.305653,0.000000,1.674694,2.159343,1.659647,2.017782,2.249474,1.794360,2.055261,1.768619,2.119624,2.027041,1.651471,1.807656,0.000000,0.000000,2.031320,1.7237786,0.000000,2.438095,0.000000,0.000000,1.950738,0.000000,1.836516,0.000000,2.028822,0.000000,0.000000,1.901909,0.0000000,0.000000,2.054013,2.177153,2.099432,0.000000,0.000000,2.227760,1.775205,1.605103,1.993755,0.000000,2.129204,0.000000,1.750705,2.120164,1.777913,0.0000000,0.000000,2.475592,2.011420,1.9573065
0.000000,1.923577,0.0000000,0.000000,0.000000,0.000000,0.000000,1.977538,1.987662,0.000000,1.925035,2.126864,2.201278,2.451456,2.219636,2.437010,0.000000,2.378298,0.000000,1.831768,2.019074,2.162971,1.961880,2.240232,0.000000,2.148742,2.033274,0.000000,2.174054,0.000000,0.000000,0.000000,0.000000,0.000000,1.6578325,0.000000,2.447477,1.949082,0.000000,0.000000,0.000000,1.601185,1.508614,2.199238,0.000000,0.000000,1.553218,0.0000000,0.000000,2.175223,1.998951,1.998289,0.000000,0.000000,2.317395,0.000000,1.522528,0.000000,0.000000,2.069726,0.000000,0.000000,2.002719,2.059434,0.0000000,0.000000,2.271780,1.933676,1.7973929
0.000000,2.211308,0.0000000,0.000000,0.000000,0.000000,0.000000,1.945517,2.161860,0.000000,0.000000,2.119986,2.181956,2.452494,2.157549,2.386941,0.000000,2.346931,0.000000,0.000000,2.035613,2.301329,2.067762,2.306179,0.000000,2.036501,2.071389,2.084421,0.000000,0.000000,0.000000,0.000000,0.000000,0.000000,1.8179701,0.000000,2.530789,2.007965,0.000000,2.168890,1.956707,1.791790,0.000000,2.164777,0.000000,0.000000,0.000000,0.0000000,0.000000,0.000000,2.279529,0.000000,0.000000,0.000000,2.270355,2.252330,0.000000,0.000000,0.000000,2.189476,0.000000,0.000000,1.928806,1.886437,0.0000000,1.812103,2.419685,0.000000,1.9365544
0.000000,2.036921,0.0000000,0.000000,0.000000,0.000000,0.000000,0.000000,2.060461,0.000000,0.000000,2.087592,2.074241,2.456735,2.218592,2.416221,1.576089,2.338468,0.000000,1.888670,0.000000,2.175887,1.957883,2.156921,0.000000,2.110766,1.678014,1.951153,0.000000,0.000000,0.000000,0.000000,0.000000,0.000000,1.5499278,0.000000,2.353552,1.921763,0.000000,0.000000,0.000000,0.000000,0.000000,2.143789,1.969469,0.000000,1.547366,1.4203414,0.000000,0.000000,1.866543,0.000000,2.043735,0.000000,2.246644,0.000000,0.000000,1.848471,0.000000,1.955175,0.000000,0.000000,1.814819,2.152034,1.5805811,0.000000,2.554170,0.000000,1.7385597
2.057994,2.130262,1.6815011,1.959503,0.000000,0.000000,1.767362,1.858241,1.840750,0.000000,2.482399,0.000000,2.051476,2.448074,2.066709,2.457381,1.825310,2.374668,0.000000,1.824938,2.092861,2.078642,2.041867,2.229672,1.921716,2.191377,0.000000,2.106363,0.000000,0.000000,0.000000,1.901949,0.000000,0.000000,1.6937467,0.000000,2.323826,0.000000,0.000000,0.000000,0.000000,0.000000,0.000000,2.060513,1.603554,0.000000,1.568797,0.0000000,0.000000,0.000000,2.137431,2.146294,0.000000,0.000000,2.189158,1.928045,1.346296,0.000000,0.000000,1.975371,0.000000,0.000000,2.176984,1.739703,0.0000000,0.000000,2.403863,2.148294,1.9191955
0.000000,0.000000,0.0000000,0.000000,0.000000,0.000000,0.000000,1.982019,2.093146,0.000000,0.000000,2.099849,2.185598,2.427771,2.120847,2.433024,2.001472,2.409457,0.000000,1.927300,1.987907,2.247648,1.934431,2.286855,0.000000,2.205822,2.009639,2.227585,1.640235,0.000000,0.000000,0.000000,0.000000,0.000000,0.0000000,0.000000,2.483561,1.995555,1.705036,0.000000,1.944776,0.000000,1.729928,2.200125,0.000000,0.000000,0.000000,0.0000000,0.000000,2.076727,1.875619,0.000000,0.000000,0.000000,2.344669,0.000000,1.648149,0.000000,0.000000,2.045661,0.000000,0.000000,1.841232,2.071566,0.0000000,0.000000,2.156490,0.000000,1.9448901
0.000000,1.990612,2.1730511,2.144120,0.000000,0.000000,1.793973,2.004444,0.000000,0.000000,0.000000,2.132644,2.200072,2.445473,2.238118,2.436702,1.902009,2.321755,0.000000,0.000000,0.000000,0.000000,2.017883,2.167048,1.836972,2.095314,0.000000,2.098714,0.000000,0.000000,0.000000,0.000000,0.000000,0.000000,0.0000000,0.000000,2.430293,1.822729,0.000000,1.913905,1.895281,0.000000,0.000000,0.000000,2.219152,0.000000,0.000000,0.0000000,0.000000,1.915755,2.127708,1.988210,0.000000,0.000000,2.201473,2.181291,0.000000,2.163434,0.000000,2.150524,0.000000,0.000000,2.091399,2.001546,0.0000000,1.913544,2.478343,1.918867,1.9235343
0.000000,1.990669,1.8681358,1.837629,0.000000,0.000000,0.000000,0.000000,1.779194,0.000000,0.000000,2.159648,2.130075,2.438404,2.227737,2.374910,2.021963,2.312902,0.000000,1.826667,1.672474,2.103932,2.019412,2.280505,1.716380,2.136122,0.000000,2.151386,0.000000,0.000000,1.982443,0.000000,0.000000,0.000000,1.8593152,0.000000,2.529287,2.067139,1.831040,0.000000,1.863567,0.000000,0.000000,2.173390,0.000000,0.000000,0.000000,0.0000000,0.000000,1.760054,2.149910,1.911600,0.000000,0.000000,2.317321,2.115007,1.933057,2.055090,0.000000,2.115233,0.000000,0.000000,2.307555,2.111718,0.0000000,0.000000,2.539863,0.000000,1.9659047
2.051015,1.915580,0.0000000,0.000000,0.000000,0.000000,0.000000,2.176195,1.983018,0.000000,2.075820,2.253170,2.172005,2.464956,2.178636,2.427161,0.000000,2.382898,1.894653,1.947972,1.936836,2.128439,2.070175,2.270300,1.948410,2.170618,1.821698,2.118199,0.000000,0.000000,1.780815,0.000000,0.000000,1.613748,1.7546296,0.000000,2.470212,1.942976,1.634106,0.000000,0.000000,1.851371,0.000000,2.163700,0.000000,0.000000,1.774028,0.0000000,0.000000,1.943569,2.209349,2.067370,1.684590,0.000000,2.296714,0.000000,0.000000,1.831582,0.000000,2.282199,0.000000,0.000000,2.119246,1.989701,0.0000000,0.000000,2.541507,0.000000,1.7336310
0.000000,1.969883,0.0000000,0.000000,0.000000,0.000000,0.000000,1.884057,1.757474,0.000000,0.000000,2.082218,1.815988,2.453251,2.195170,2.401113,1.880236,2.364879,1.900556,1.916954,1.959684,1.842612,1.936061,2.232873,1.953581,2.243287,0.000000,2.144929,0.000000,0.000000,0.000000,0.000000,1.888825,0.000000,1.5284856,0.000000,2.348572,1.910566,0.000000,0.000000,0.000000,1.603175,0.000000,1.597843,0.000000,0.000000,1.807183,0.0000000,1.875918,0.000000,0.000000,1.902582,0.000000,0.000000,1.831073,0.000000,0.000000,1.650647,0.000000,2.127546,0.000000,0.000000,1.916829,1.997039,1.4149252,0.000000,2.467286,1.871858,0.0000000
1.682413,1.937470,0.0000000,0.000000,0.000000,0.000000,0.000000,0.000000,1.895039,0.000000,0.000000,2.077333,2.169745,2.448299,2.125968,2.402857,1.968508,2.291833,0.000000,0.000000,1.908320,2.058198,2.026721,2.183614,1.851107,2.173880,0.000000,2.038662,1.623452,0.000000,0.000000,0.000000,0.000000,0.000000,0.0000000,0.000000,2.510813,2.065727,0.000000,0.000000,0.000000,0.000000,0.000000,2.003326,2.127919,0.000000,0.000000,1.7092324,0.000000,1.856765,2.128375,1.852253,0.000000,0.000000,1.856180,0.000000,1.734148,2.045009,0.000000,2.053533,1.680347,1.826745,1.974352,2.006977,1.4743807,0.000000,2.435415,0.000000,0.0000000
2.197597,2.147556,1.8986011,1.802607,0.000000,0.000000,2.395345,0.000000,2.090894,0.000000,0.000000,2.182937,2.156983,2.429404,2.180504,2.414151,2.087848,2.279604,1.847812,0.000000,1.942508,2.159205,2.041306,2.200351,1.823699,2.155861,1.876320,2.094513,0.000000,0.000000,0.000000,0.000000,0.000000,1.857495,1.7987038,0.000000,2.443113,1.935293,0.000000,1.775318,0.000000,0.000000,0.000000,2.186447,2.156869,2.178382,0.000000,1.8696459,0.000000,2.221312,1.985291,1.738544,0.000000,0.000000,2.213597,0.000000,0.000000,0.000000,0.000000,2.041168,1.757474,0.000000,1.847812,2.037771,0.0000000,2.029206,2.519516,1.793253,0.0000000
0.000000,0.000000,0.0000000,0.000000,1.736362,0.000000,0.000000,0.000000,2.026815,2.314241,0.000000,2.087160,0.000000,2.470006,2.196794,2.398293,2.039799,2.419957,0.000000,1.961758,0.000000,2.276034,2.043314,2.098240,1.838766,2.277400,1.734746,2.127732,0.000000,0.000000,1.619604,0.000000,0.000000,0.000000,1.8552236,0.000000,2.440959,1.846922,0.000000,0.000000,0.000000,0.000000,0.000000,0.000000,0.000000,2.017074,1.790628,0.0000000,0.000000,0.000000,2.212516,2.110692,0.000000,0.000000,1.912133,0.000000,0.000000,1.578218,0.000000,2.086626,0.000000,1.773507,2.023008,2.046621,0.0000000,0.000000,2.535758,0.000000,0.0000000
0.000000,2.328262,0.0000000,2.204842,2.033061,0.000000,0.000000,0.000000,2.013359,0.000000,2.264425,2.099444,2.142458,2.462511,2.196583,2.406209,1.939066,2.383233,0.000000,0.000000,0.000000,2.214314,2.153074,2.178655,1.922144,2.239249,2.075630,2.178778,0.000000,0.000000,1.985755,0.000000,0.000000,0.000000,1.8913544,0.000000,2.467730,1.985929,0.000000,0.000000,0.000000,0.000000,1.765676,2.057410,0.000000,1.594512,1.901197,0.0000000,0.000000,2.108312,2.039205,2.053412,2.138099,1.804765,1.626784,2.096553,0.000000,0.000000,0.000000,2.061788,0.000000,0.000000,2.147719,1.970122,0.0000000,0.000000,2.438522,0.000000,0.0000000
2.566369,2.315169,1.8970165,2.055964,0.000000,0.000000,2.209115,0.000000,0.000000,0.000000,2.130052,0.000000,2.124077,2.488365,2.047459,2.461532,0.000000,2.396445,1.994142,2.102866,0.000000,2.241140,2.134736,2.294082,2.052755,2.225516,0.000000,2.107655,0.000000,0.000000,0.000000,0.000000,1.988075,0.000000,2.0656114,0.000000,2.523531,2.042255,0.000000,2.792247,2.699763,2.611548,0.000000,0.000000,0.000000,0.000000,1.873699,0.0000000,2.072892,0.000000,0.000000,2.290985,0.000000,0.000000,2.376553,0.000000,0.000000,0.000000,0.000000,2.363288,2.350067,0.000000,2.100796,0.000000,0.0000000,2.081039,2.681322,0.000000,0.0000000
0.000000,2.491534,1.8550955,2.156853,0.000000,1.720225,2.406021,0.000000,0.000000,0.000000,2.437573,1.798511,2.128071,2.435728,1.953800,2.447563,0.000000,2.338584,1.914487,1.648034,2.045764,2.120693,2.190988,2.247968,1.782849,2.010210,0.000000,2.121715,2.071129,2.049675,1.955224,0.000000,2.122014,0.000000,1.7092716,1.841421,2.335661,1.996108,2.030197,2.609523,2.538987,2.306951,0.000000,1.962234,1.794371,0.000000,2.024430,0.0000000,1.900385,0.000000,0.000000,2.340149,0.000000,1.978224,2.309287,1.725868,0.000000,1.845951,0.000000,0.000000,1.733029,0.000000,1.810823,0.000000,0.0000000,2.156566,2.439879,2.062385,1.7711419
0.000000,2.141501,0.0000000,0.000000,0.000000,0.000000,0.000000,2.068146,1.781962,2.201361,0.000000,2.243209,2.046854,2.439078,2.111872,2.448123,2.068756,2.270541,1.379515,0.000000,2.103311,2.157286,2.092234,2.254049,1.763863,2.211586,2.097882,2.080118,0.000000,1.896016,0.000000,0.000000,0.000000,1.952275,0.0000000,0.000000,2.506887,2.093798,1.551889,1.858255,1.932073,0.000000,1.552453,2.222385,0.000000,0.000000,0.000000,0.0000000,1.759410,1.932215,2.160961,1.934648,1.809699,0.000000,2.269383,1.713317,1.996115,1.862169,0.000000,2.208061,1.740630,1.878854,1.984734,2.102839,0.0000000,0.000000,2.493928,1.737944,1.6552792
0.000000,1.705821,2.0146458,0.000000,1.433403,0.000000,0.000000,1.977836,1.898329,0.000000,0.000000,2.014612,2.142121,2.426787,2.238574,2.404647,0.000000,2.203166,0.000000,0.000000,0.000000,1.941117,2.010795,2.231253,1.713355,2.074679,1.828469,2.001490,0.000000,0.000000,0.000000,0.000000,0.000000,1.765515,1.7997693,0.000000,2.385706,1.924796,1.699578,1.947403,1.715139,0.000000,0.000000,1.915652,2.084915,0.000000,1.544124,0.0000000,0.000000,1.840600,0.000000,1.894959,0.000000,1.523313,2.213661,0.000000,1.929481,1.937868,0.000000,2.049007,1.656327,1.582569,1.915675,1.978349,0.0000000,1.784441,2.461579,0.000000,0.0000000
2.164396,2.029657,1.9768293,1.861831,0.000000,0.000000,2.373554,0.000000,1.826438,0.000000,0.000000,2.123174,2.155211,2.431936,2.167095,2.408894,2.078576,2.296051,1.787943,0.000000,1.836736,2.134438,1.978626,2.253461,1.571797,2.198207,1.856829,2.115289,0.000000,0.000000,1.846164,0.000000,0.000000,0.000000,1.7515371,1.389192,2.435768,1.972344,1.482482,1.896918,2.107333,0.000000,0.000000,2.004560,2.095462,2.141279,1.967367,0.0000000,0.000000,2.212301,2.050131,1.971995,0.000000,1.494747,2.172146,1.411668,0.000000,1.914428,0.000000,2.065675,1.718222,1.902463,1.990415,2.032908,1.4524013,1.956964,2.454558,1.790821,1.4856994
2.306426,2.256201,0.0000000,1.985619,0.000000,0.000000,2.425748,0.000000,2.118931,0.000000,2.165416,1.955752,2.188436,2.436720,2.080065,2.413441,2.133935,2.404071,2.054888,1.808546,2.004680,2.370271,2.156901,2.217814,1.913475,2.281342,2.020705,2.250366,0.000000,0.000000,1.929308,0.000000,0.000000,0.000000,1.7291901,0.000000,2.392575,1.891143,1.774447,2.447981,2.164422,1.719070,1.578174,0.000000,1.614921,0.000000,1.853022,0.0000000,0.000000,0.000000,2.178592,2.150293,0.000000,1.749929,2.143077,0.000000,0.000000,0.000000,0.000000,2.157217,0.000000,1.931899,2.013973,1.995046,1.8528121,1.766106,2.468966,0.000000,1.9691989
0.000000,2.262674,2.1437330,2.028000,0.000000,0.000000,2.111621,2.026127,0.000000,0.000000,2.048930,2.065859,2.133871,2.466798,2.188332,2.377607,2.202536,2.428518,1.993657,0.000000,0.000000,2.256741,2.137212,2.145772,2.043016,2.311342,0.000000,2.201254,0.000000,0.000000,1.953883,0.000000,0.000000,0.000000,1.7405026,0.000000,2.358772,1.926774,0.000000,2.224143,2.070733,0.000000,0.000000,0.000000,2.198515,1.873140,0.000000,1.6091514,0.000000,0.000000,0.000000,2.280360,0.000000,0.000000,1.917549,0.000000,0.000000,0.000000,0.000000,2.123466,0.000000,0.000000,2.122805,1.967815,0.0000000,0.000000,2.552799,0.000000,0.0000000
1.718850,1.863065,1.9775190,0.000000,1.955690,0.000000,1.876896,1.968129,1.825849,0.000000,0.000000,2.152265,2.081643,2.461064,2.212398,2.405736,2.041755,2.392181,1.908277,1.854231,1.578130,2.202351,2.084494,2.205932,1.904170,2.290766,1.503705,2.187717,0.000000,0.000000,1.953457,0.000000,0.000000,0.000000,0.0000000,0.000000,2.359517,1.976664,0.000000,0.000000,0.000000,0.000000,0.000000,2.009530,2.086597,0.000000,1.828711,0.0000000,0.000000,1.993077,0.000000,1.892553,0.000000,0.000000,2.286189,0.000000,1.835837,2.026855,0.000000,1.948573,0.000000,0.000000,1.903465,2.123440,1.6963703,0.000000,2.505029,1.842464,0.0000000
2.347330,2.346192,1.9894036,1.970265,0.000000,0.000000,2.360528,0.000000,2.025253,1.903801,0.000000,1.867267,1.897530,2.447017,2.114477,2.373392,2.189096,2.371148,1.867052,0.000000,1.733414,2.250097,2.086988,2.165835,1.855430,2.253833,1.717443,2.153678,0.000000,0.000000,1.733998,0.000000,0.000000,0.000000,1.8764289,1.534761,2.463351,2.155695,1.521434,2.207718,2.172727,0.000000,0.000000,2.099194,2.071756,0.000000,0.000000,1.6925929,0.000000,2.023361,2.084186,1.980116,0.000000,0.000000,1.976736,0.000000,1.665360,1.928118,0.000000,2.036840,1.716847,0.000000,1.994887,1.898375,0.0000000,1.590132,2.438600,1.742641,1.9022336
2.089521,0.000000,0.0000000,0.000000,0.000000,0.000000,0.000000,1.988393,2.013647,0.000000,1.781793,2.185996,2.089609,2.452887,2.189410,2.431121,1.976766,2.383551,0.000000,1.971287,1.771750,2.152307,2.021906,2.268749,1.896021,2.266543,0.000000,2.138076,0.000000,0.000000,0.000000,0.000000,0.000000,0.000000,1.7311725,0.000000,2.473261,1.884148,0.000000,0.000000,0.000000,0.000000,0.000000,2.190291,0.000000,2.002601,2.000010,0.0000000,0.000000,1.660747,1.941121,1.890096,0.000000,0.000000,2.157370,0.000000,0.000000,0.000000,0.000000,2.290669,0.000000,0.000000,1.820512,2.026601,1.7543828,0.000000,2.447021,0.000000,0.0000000
0.000000,1.966692,0.0000000,0.000000,0.000000,0.000000,0.000000,2.022441,1.999712,0.000000,2.054459,2.129390,2.136448,2.458143,2.242442,2.382411,2.123293,2.385404,1.819943,1.852696,0.000000,2.285110,2.033861,2.191853,2.145763,2.259724,2.038634,2.211295,1.600414,1.751137,0.000000,0.000000,0.000000,0.000000,0.0000000,0.000000,2.342007,1.814886,0.000000,0.000000,0.000000,0.000000,1.857229,1.582526,0.000000,1.907316,1.920427,0.0000000,0.000000,2.104002,0.000000,1.736575,0.000000,0.000000,2.181332,0.000000,1.639900,0.000000,0.000000,2.092018,0.000000,0.000000,1.832467,2.075111,1.8633868,0.000000,2.429255,1.831869,0.0000000
0.000000,1.845485,2.1118056,0.000000,2.065406,0.000000,0.000000,2.081488,1.870283,0.000000,0.000000,2.211428,1.971788,2.510175,2.244619,2.433679,1.981969,2.280517,0.000000,0.000000,0.000000,2.080780,1.967274,2.259246,0.000000,2.170977,0.000000,2.022773,0.000000,0.000000,1.695086,0.000000,0.000000,0.000000,0.0000000,0.000000,2.404172,1.937216,0.000000,0.000000,0.000000,0.000000,0.000000,1.872578,2.107227,0.000000,1.850674,0.0000000,0.000000,1.838106,0.000000,1.809461,0.000000,0.000000,2.224638,0.000000,0.000000,0.000000,0.000000,2.256586,0.000000,1.888426,1.833513,2.217283,0.0000000,0.000000,2.501618,1.797921,0.0000000
2.536749,2.534560,1.6154168,2.262699,2.121338,2.042068,2.340866,1.965076,2.171727,0.000000,2.448474,0.000000,2.168875,2.444305,2.173614,2.403167,2.107963,2.342185,1.703984,1.719749,2.108771,2.201929,2.084379,2.276087,1.964821,2.205806,1.980907,2.113404,1.655307,1.644018,0.000000,1.824191,1.984905,0.000000,1.8563852,2.075790,2.546177,2.037144,0.000000,2.103358,2.036882,0.000000,1.756932,2.193308,1.798243,0.000000,2.058469,1.9565253,0.000000,1.922686,1.897198,2.309094,0.000000,2.082769,2.133322,1.673044,0.000000,0.000000,0.000000,2.178664,1.772650,1.751552,2.113007,1.969953,0.0000000,2.093646,2.563193,2.046479,0.0000000
0.000000,1.863481,1.5691223,0.000000,0.000000,0.000000,0.000000,1.796451,0.000000,0.000000,0.000000,2.061020,2.165431,2.410823,2.148379,2.395155,0.000000,2.348141,1.780086,1.867267,1.915612,2.114801,2.050169,2.254173,0.000000,2.204597,1.835006,2.140954,0.000000,0.000000,0.000000,0.000000,0.000000,0.000000,0.0000000,0.000000,2.327457,1.841924,0.000000,0.000000,0.000000,0.000000,0.000000,2.204883,0.000000,0.000000,0.000000,0.0000000,0.000000,1.751152,1.952752,0.000000,0.000000,0.000000,2.279270,0.000000,1.628327,0.000000,0.000000,2.046218,0.000000,0.000000,0.000000,1.920613,0.0000000,0.000000,2.320972,0.000000,0.0000000
0.000000,1.669413,1.6305021,2.087161,1.793907,0.000000,1.455217,1.853743,2.033614,0.000000,2.036109,2.103031,2.223149,2.407513,2.058365,2.387559,0.000000,2.238617,0.000000,0.000000,1.993304,2.047416,2.005071,2.191458,1.861023,2.114204,1.901639,2.039387,0.000000,1.834245,0.000000,0.000000,2.006693,0.000000,1.7239212,0.000000,2.389170,1.927218,1.675354,1.863266,1.558831,1.563214,0.000000,1.980921,2.078753,1.685485,0.000000,1.6619464,0.000000,2.070675,2.213885,1.932231,0.000000,0.000000,2.348600,1.701900,1.742026,1.921913,0.000000,2.097087,0.000000,1.956363,1.962110,1.947238,0.0000000,1.677100,2.473646,0.000000,0.0000000
0.000000,2.203590,0.0000000,1.723350,1.711877,0.000000,0.000000,1.806061,2.036212,0.000000,2.176051,2.177505,2.202014,2.441006,2.092600,2.449600,0.000000,2.434176,1.932877,2.034414,0.000000,2.282252,2.167113,2.304226,0.000000,2.018295,1.886651,2.182431,0.000000,1.715949,1.750004,0.000000,1.969977,0.000000,1.7194378,0.000000,2.480021,2.041208,0.000000,2.229259,2.053547,1.547787,0.000000,2.167433,0.000000,1.881182,0.000000,0.0000000,1.884068,2.044939,2.055567,2.052969,0.000000,1.905719,2.280081,2.076088,1.725481,1.715629,0.000000,2.103434,1.614211,1.944447,2.136560,1.899526,0.0000000,0.000000,2.619958,2.051280,1.6749384
0.000000,1.697518,2.0054686,0.000000,0.000000,0.000000,1.680324,1.779781,1.881030,0.000000,1.732356,0.000000,1.881703,2.440072,1.949636,2.402939,0.000000,2.278674,0.000000,0.000000,1.788151,0.000000,1.923598,2.232938,1.837896,2.161538,0.000000,2.086116,0.000000,0.000000,1.818147,0.000000,0.000000,1.909731,1.9052418,0.000000,2.384754,0.000000,0.000000,0.000000,0.000000,0.000000,0.000000,0.000000,0.000000,0.000000,0.000000,0.0000000,0.000000,0.000000,2.277085,1.943020,0.000000,0.000000,2.321856,0.000000,0.000000,0.000000,0.000000,1.948712,1.627508,0.000000,2.013060,0.000000,0.0000000,0.000000,2.199394,2.058362,0.0000000
0.000000,2.170233,1.9089278,0.000000,0.000000,0.000000,1.745969,1.867832,1.769683,2.012190,0.000000,2.133030,2.136840,2.495503,2.246491,2.428528,1.918053,2.379514,1.888615,2.123769,1.767866,2.229576,2.075278,2.241341,2.056634,2.219807,1.892241,2.018305,0.000000,0.000000,1.755064,0.000000,0.000000,1.811957,1.8137370,0.000000,2.380442,1.882111,0.000000,0.000000,0.000000,1.699013,0.000000,1.987587,2.188880,0.000000,0.000000,1.6875974,0.000000,1.895407,0.000000,1.833096,1.640326,0.000000,2.247123,1.691958,1.904861,2.108922,0.000000,1.984590,0.000000,0.000000,2.169541,2.105029,0.0000000,1.914600,2.540096,0.000000,1.6104308
2.174627,2.194042,1.6051030,0.000000,0.000000,0.000000,1.804775,1.921097,2.021126,0.000000,2.213273,2.197187,2.091158,2.425463,2.183091,2.410779,0.000000,2.343142,1.738366,1.744314,1.890511,2.078051,2.027600,2.204261,1.845920,2.196108,1.859928,2.114044,0.000000,1.816818,0.000000,0.000000,0.000000,0.000000,1.7489223,1.950946,2.279835,0.000000,1.591482,1.731850,1.423458,1.585339,0.000000,2.171551,1.261670,0.000000,1.752158,1.6095911,0.000000,1.838162,0.000000,2.169197,0.000000,1.834759,2.340628,1.877089,1.816639,0.000000,0.000000,2.179501,0.000000,1.730338,2.333131,2.087896,0.0000000,0.000000,2.513496,1.980272,2.0195369
2.517250,2.535628,1.6570954,2.142680,2.154074,2.014877,2.215553,0.000000,1.909768,0.000000,2.541511,0.000000,2.240047,2.437461,2.072674,2.473579,2.125554,2.387782,1.693008,2.007531,0.000000,2.266272,2.179552,2.251802,1.922643,2.300577,1.819335,2.148570,0.000000,0.000000,1.839917,2.089981,2.034688,0.000000,1.8708925,1.621147,2.524509,2.091560,0.000000,2.547736,2.512271,0.000000,0.000000,2.015634,0.000000,1.933371,0.000000,0.0000000,0.000000,1.996997,2.284128,2.000342,0.000000,2.046861,2.166596,2.126480,0.000000,0.000000,0.000000,2.066255,1.767322,0.000000,2.164868,1.962430,1.6382788,1.547892,2.537305,2.171478,0.0000000
0.000000,1.842675,0.0000000,0.000000,0.000000,0.000000,0.000000,2.028360,2.027812,0.000000,0.000000,2.089946,0.000000,2.480009,2.250209,2.429663,2.148957,2.452058,1.959599,1.945204,0.000000,2.311705,2.216130,2.275907,1.929590,2.335346,0.000000,2.245273,1.880960,2.010491,2.096551,0.000000,0.000000,0.000000,0.0000000,0.000000,2.386539,1.971618,0.000000,0.000000,0.000000,0.000000,1.733915,2.194921,0.000000,1.343243,0.000000,0.0000000,0.000000,1.880307,0.000000,1.760626,2.113358,0.000000,2.070706,0.000000,0.000000,0.000000,0.000000,2.112747,0.000000,0.000000,1.927550,2.066472,1.7136409,1.633410,2.333940,1.771879,0.0000000
0.000000,2.267222,0.0000000,0.000000,0.000000,0.000000,0.000000,0.000000,2.033061,0.000000,0.000000,2.163365,2.217498,2.402649,1.934135,2.402946,2.126496,2.402112,2.020020,1.691431,1.915823,2.154519,2.095540,2.085330,1.961808,2.286550,0.000000,2.223163,0.000000,0.000000,2.032638,0.000000,0.000000,0.000000,1.8299142,0.000000,2.436993,1.772342,0.000000,2.452472,2.239818,2.082206,0.000000,0.000000,0.000000,0.000000,0.000000,0.0000000,0.000000,0.000000,2.165474,2.070743,0.000000,0.000000,2.302439,0.000000,0.000000,0.000000,0.000000,2.243776,0.000000,0.000000,2.026808,0.000000,0.0000000,0.000000,2.554857,0.000000,0.0000000
0.000000,1.858977,0.0000000,0.000000,0.000000,0.000000,0.000000,0.000000,2.103246,0.000000,0.000000,2.067367,1.878202,2.480889,2.193332,2.373692,0.000000,2.349764,1.751122,1.744112,1.989729,1.902174,1.790084,2.173001,1.710269,2.214075,2.056719,2.122948,1.554638,0.000000,0.000000,0.000000,0.000000,0.000000,1.7737613,0.000000,2.413459,1.998558,0.000000,0.000000,0.000000,0.000000,0.000000,2.183274,0.000000,2.084353,0.000000,0.0000000,1.704390,0.000000,0.000000,1.728068,2.179596,0.000000,2.213943,0.000000,0.000000,0.000000,0.000000,2.193293,0.000000,0.000000,1.816837,1.913918,0.0000000,0.000000,1.960873,1.885107,2.0229065
0.000000,2.106409,1.9461723,0.000000,0.000000,0.000000,0.000000,1.904293,2.113642,0.000000,0.000000,2.028308,2.091801,2.442729,2.113959,2.428318,0.000000,2.209952,0.000000,0.000000,1.999828,1.536337,1.539008,2.166190,1.724206,2.121640,1.912806,1.977052,0.000000,0.000000,0.000000,0.000000,0.000000,0.000000,1.8650371,0.000000,2.465172,2.005675,1.491325,0.000000,1.556197,1.634421,0.000000,2.117949,2.202790,1.945133,0.000000,1.7518774,0.000000,1.682926,1.777107,1.976658,0.000000,0.000000,2.155016,0.000000,1.833638,0.000000,0.000000,2.186673,0.000000,0.000000,1.909947,1.962736,0.0000000,0.000000,2.331471,1.953327,1.8085365
0.000000,0.000000,0.0000000,0.000000,0.000000,0.000000,0.000000,1.980443,2.144323,0.000000,0.000000,2.171020,2.173748,2.509196,2.263070,2.349691,1.886976,0.000000,0.000000,2.099981,1.566689,2.272824,2.083278,2.244243,2.015231,2.202383,1.986304,2.128884,1.851451,1.664318,0.000000,0.000000,0.000000,1.950298,1.8068705,0.000000,2.424557,2.013647,0.000000,0.000000,0.000000,0.000000,0.000000,2.207004,0.000000,0.000000,1.678134,0.0000000,0.000000,1.934605,2.123593,1.943742,2.145473,0.000000,2.327811,0.000000,1.792696,1.697433,0.000000,2.037720,0.000000,0.000000,2.095957,2.055708,0.0000000,0.000000,2.528183,0.000000,0.0000000
0.000000,0.000000,0.0000000,0.000000,0.000000,0.000000,0.000000,0.000000,0.000000,0.000000,0.000000,2.246853,2.030135,2.467016,2.259168,2.422251,0.000000,2.100454,0.000000,1.916557,0.000000,0.000000,1.777480,2.287452,1.641777,0.000000,0.000000,0.000000,0.000000,0.000000,1.754746,0.000000,0.000000,0.000000,1.9546481,0.000000,2.450053,2.004687,0.000000,0.000000,0.000000,0.000000,0.000000,0.000000,0.000000,0.000000,1.880642,0.0000000,0.000000,1.885016,0.000000,1.771336,0.000000,0.000000,2.299286,0.000000,1.844481,0.000000,0.000000,2.255252,0.000000,0.000000,1.997715,2.004933,0.0000000,0.000000,2.284746,0.000000,0.0000000
0.000000,1.941928,0.0000000,0.000000,0.000000,0.000000,0.000000,1.528778,1.719932,0.000000,0.000000,2.138437,2.006192,2.456273,2.211542,2.418395,1.881036,2.372165,1.833855,1.875729,1.903188,2.140225,2.125907,2.208743,1.736640,2.209316,0.000000,2.106820,0.000000,1.727825,1.775243,0.000000,0.000000,0.000000,0.0000000,0.000000,2.359046,1.863387,0.000000,0.000000,0.000000,0.000000,0.000000,2.132374,0.000000,0.000000,1.817119,0.0000000,0.000000,1.769382,0.000000,1.721135,2.052943,0.000000,2.070004,1.571842,1.774193,1.617104,0.000000,0.000000,0.000000,0.000000,1.843670,1.928220,0.0000000,1.831252,2.375611,1.934845,1.7865760
2.385012,2.353865,2.1741169,0.000000,2.128324,0.000000,2.348203,0.000000,2.011279,0.000000,0.000000,1.898288,1.911080,2.481575,2.301824,2.324421,2.241366,2.397165,1.941525,2.036126,1.871158,2.319997,2.172863,2.203823,1.919715,2.299674,1.899465,2.159095,1.881235,0.000000,2.025196,1.772226,2.096872,0.000000,0.0000000,0.000000,2.217330,2.121302,1.850379,2.393720,2.332764,2.529108,0.000000,1.829228,2.058601,0.000000,2.093750,0.0000000,0.000000,0.000000,2.305349,2.162992,0.000000,1.732356,1.730969,0.000000,0.000000,2.231818,0.000000,2.330033,0.000000,0.000000,2.328303,1.892392,1.7135838,2.021283,2.343328,0.000000,1.7675476
0.000000,1.863427,0.0000000,0.000000,0.000000,0.000000,0.000000,1.983708,0.000000,0.000000,1.945407,2.032977,2.181508,2.454126,2.198284,2.405524,1.856547,2.280681,1.724685,1.899883,1.921845,2.194098,2.184364,2.252973,0.000000,2.120251,0.000000,1.991042,1.912322,0.000000,1.785007,0.000000,1.868742,0.000000,0.0000000,0.000000,2.308690,2.078811,0.000000,0.000000,0.000000,0.000000,0.000000,2.145547,0.000000,1.669236,0.000000,0.0000000,0.000000,2.014017,2.132446,0.000000,0.000000,1.682786,2.196052,2.011350,0.000000,0.000000,0.000000,1.700971,0.000000,0.000000,0.000000,2.068002,0.0000000,0.000000,2.551195,1.881165,0.0000000
0.000000,1.853109,0.0000000,0.000000,0.000000,0.000000,0.000000,0.000000,2.176295,0.000000,1.660426,2.007842,2.132023,2.484180,2.247737,2.372665,1.829090,2.348047,1.839686,2.050104,2.117662,2.244089,2.002191,2.199664,2.023664,2.174801,2.083986,2.025768,0.000000,0.000000,0.000000,1.844419,0.000000,0.000000,1.8131975,0.000000,2.338593,1.812219,0.000000,0.000000,0.000000,1.675646,0.000000,2.227869,0.000000,0.000000,1.860442,0.0000000,0.000000,1.852333,2.141476,2.108126,1.636392,0.000000,2.011999,0.000000,1.983405,1.759998,0.000000,2.161215,0.000000,0.000000,2.205061,2.079850,0.0000000,0.000000,2.554876,0.000000,0.0000000
0.000000,2.183013,2.2696855,2.241996,0.000000,0.000000,0.000000,2.133036,1.965043,0.000000,2.245564,1.971053,2.281334,2.453256,2.251797,2.381602,0.000000,2.179783,0.000000,0.000000,2.017682,1.464254,2.058427,2.271502,1.865888,2.068211,0.000000,1.790674,1.441737,0.000000,0.000000,0.000000,1.947102,1.932669,1.9599975,0.000000,2.476073,1.885850,2.192165,1.828788,2.072791,1.859191,0.000000,2.164070,0.000000,1.794250,1.992270,0.0000000,2.021395,2.125028,2.233089,2.247480,2.183367,0.000000,2.347158,2.021361,2.398376,1.974868,0.000000,2.282128,2.091286,1.852812,2.445027,2.038353,0.0000000,0.000000,2.584712,0.000000,2.0050030
0.000000,2.028756,0.0000000,0.000000,1.841460,0.000000,0.000000,2.058321,0.000000,2.044443,0.000000,2.126250,1.912709,2.481757,2.204081,2.380393,0.000000,2.141923,0.000000,1.972241,1.783730,2.092759,1.864221,2.248069,1.863407,1.706820,0.000000,0.000000,0.000000,0.000000,0.000000,0.000000,0.000000,0.000000,1.7628238,0.000000,2.500962,1.907738,0.000000,0.000000,0.000000,0.000000,0.000000,1.890713,0.000000,0.000000,0.000000,0.0000000,0.000000,2.157671,2.142458,2.144629,0.000000,0.000000,1.984180,0.000000,0.000000,0.000000,0.000000,2.233033,1.764799,0.000000,1.700204,2.013846,1.6320426,0.000000,2.588245,0.000000,2.0081223
0.000000,2.163498,2.3355283,2.152204,2.072453,0.000000,2.171997,2.004584,2.035932,0.000000,2.400089,2.050621,2.145033,2.467304,2.196435,2.397784,1.633853,2.291759,0.000000,1.842206,0.000000,0.000000,1.836695,2.210436,1.696242,2.083948,2.104799,1.952980,0.000000,2.208791,0.000000,1.782872,0.000000,0.000000,1.9049197,0.000000,2.471767,1.955618,2.275732,2.251082,2.272232,0.000000,0.000000,2.351077,2.041924,2.204269,2.061243,2.2437646,0.000000,1.883942,2.236161,2.182544,0.000000,1.866785,2.067322,2.157121,2.493826,0.000000,0.000000,2.194028,2.243191,0.000000,2.462306,2.089006,0.0000000,0.000000,2.360695,0.000000,2.3431995
2.260636,2.266541,2.3451413,2.187924,1.938143,1.857439,2.218487,1.951594,2.059388,0.000000,2.222892,2.267798,2.139943,2.429103,2.223185,2.442447,0.000000,2.289306,0.000000,0.000000,1.874052,0.000000,2.122276,2.166784,1.739719,2.080785,2.095213,1.757317,1.826999,2.021344,0.000000,0.000000,1.806911,0.000000,1.9436884,0.000000,2.529317,1.952279,2.244510,1.994947,2.102022,0.000000,1.690614,2.253879,2.025308,1.984571,1.951617,2.1506768,2.159732,2.096954,2.197008,2.263417,0.000000,1.977368,2.113369,2.135347,2.469429,1.954747,2.087287,2.248847,2.192862,0.000000,2.568267,2.205328,1.8450797,0.000000,2.574173,2.059828,1.8988011
0.000000,2.233316,2.2765460,1.751596,1.817381,0.000000,0.000000,2.105052,2.005538,0.000000,0.000000,2.213176,2.045843,2.495972,2.246536,2.372415,1.693225,2.295679,0.000000,2.025071,1.772342,0.000000,2.072372,2.225053,1.956467,2.109366,0.000000,1.949537,0.000000,2.244485,0.000000,0.000000,1.834378,0.000000,1.9866222,0.000000,2.433993,1.611664,1.642886,2.202578,2.298658,0.000000,0.000000,1.972149,0.000000,1.678637,1.900146,2.1379510,2.180495,1.958829,2.022605,2.267755,0.000000,0.000000,2.167097,2.233681,2.369948,0.000000,0.000000,2.153842,2.095731,0.000000,2.443068,2.170235,0.0000000,0.000000,2.560113,1.820209,0.0000000
0.000000,2.111921,0.0000000,0.000000,0.000000,0.000000,0.000000,1.927165,2.141176,0.000000,0.000000,2.130493,2.077499,2.519949,2.198030,2.402671,0.000000,2.336158,0.000000,1.940583,2.064016,2.222916,2.031812,2.264828,0.000000,2.162182,2.046641,2.033675,0.000000,0.000000,0.000000,0.000000,1.982900,0.000000,1.8329033,0.000000,2.442518,0.000000,0.000000,0.000000,0.000000,0.000000,0.000000,2.200562,0.000000,0.000000,0.000000,0.0000000,0.000000,0.000000,2.069466,0.000000,0.000000,0.000000,2.031101,1.615558,1.764989,0.000000,0.000000,2.214277,0.000000,0.000000,0.000000,2.147260,0.0000000,1.918000,2.595108,0.000000,0.0000000
0.000000,1.993491,0.0000000,0.000000,0.000000,0.000000,0.000000,2.038456,1.659324,0.000000,1.685873,2.156484,2.134736,2.483682,2.234595,2.381462,1.758381,2.312327,0.000000,1.939503,1.748771,2.090596,1.999651,2.238345,1.712666,2.117824,1.939957,2.025244,1.670474,0.000000,1.856990,0.000000,0.000000,0.000000,0.0000000,0.000000,2.415855,1.870943,0.000000,0.000000,0.000000,1.619397,0.000000,1.917287,0.000000,1.695107,1.996556,0.0000000,0.000000,1.770934,2.026174,1.866550,2.069612,0.000000,2.232895,1.479053,0.000000,0.000000,0.000000,2.173462,0.000000,0.000000,2.022832,2.072493,1.7499139,0.000000,2.536292,1.772007,0.0000000
0.000000,2.054586,2.1037382,0.000000,0.000000,0.000000,0.000000,2.111289,2.007214,0.000000,1.961315,2.173809,2.101282,2.455793,2.163565,2.397239,0.000000,2.264386,0.000000,1.895612,1.844796,0.000000,1.976177,2.206540,0.000000,2.064814,1.830094,2.023082,0.000000,0.000000,0.000000,0.000000,0.000000,0.000000,0.0000000,0.000000,2.467718,1.703293,1.712301,0.000000,0.000000,0.000000,0.000000,2.023424,2.095712,1.964401,1.947056,0.0000000,0.000000,1.965419,0.000000,1.968564,0.000000,0.000000,2.341403,0.000000,0.000000,1.969181,0.000000,2.287125,0.000000,0.000000,1.787423,2.074166,0.0000000,0.000000,2.547743,1.815219,0.0000000
0.000000,1.744469,0.0000000,0.000000,0.000000,0.000000,0.000000,1.977694,1.732777,0.000000,0.000000,2.177362,2.075722,2.459455,2.239045,2.382524,1.887909,2.278493,1.695408,0.000000,1.971998,2.104121,1.884062,2.209707,1.681571,2.099430,1.943833,2.053339,0.000000,0.000000,0.000000,0.000000,0.000000,0.000000,0.0000000,0.000000,2.486729,1.959224,1.539449,0.000000,0.000000,0.000000,0.000000,2.145729,0.000000,1.960735,2.029158,0.0000000,0.000000,1.776147,2.065241,1.747102,0.000000,0.000000,2.306525,0.000000,1.611700,1.652262,0.000000,2.027373,0.000000,1.745661,0.000000,2.104160,0.0000000,0.000000,2.560241,0.000000,1.9290002
0.000000,2.128205,2.1923171,1.880848,0.000000,0.000000,1.625891,2.036336,1.937072,0.000000,1.994226,2.098260,2.156811,2.497159,2.246093,2.359278,1.880842,2.318533,0.000000,1.988439,1.615734,2.139285,1.999685,2.238138,1.890489,2.137473,1.599561,2.008186,0.000000,0.000000,0.000000,0.000000,0.000000,0.000000,1.8487549,0.000000,2.389514,1.819057,2.012138,0.000000,1.558436,0.000000,0.000000,2.117346,2.131807,1.750944,1.744454,0.0000000,0.000000,1.879027,1.945992,1.839247,0.000000,0.000000,1.884577,2.032660,2.245934,1.788794,1.485031,0.000000,2.043411,0.000000,2.423809,2.116210,0.0000000,0.000000,2.513866,2.150817,1.8791099
0.000000,1.871145,0.0000000,0.000000,1.630856,0.000000,0.000000,1.987086,1.854460,0.000000,0.000000,2.111829,2.090152,2.456720,2.215183,2.359035,1.524994,2.082906,0.000000,1.971175,1.883758,1.594392,2.047440,2.220738,0.000000,2.025501,0.000000,0.000000,0.000000,0.000000,0.000000,0.000000,1.758904,1.573708,0.0000000,0.000000,2.507970,1.971699,0.000000,0.000000,0.000000,0.000000,0.000000,2.176834,0.000000,2.018719,0.000000,0.0000000,0.000000,2.153252,1.783659,1.983068,2.109622,0.000000,2.215450,0.000000,1.847751,1.782669,0.000000,2.184194,0.000000,0.000000,2.020349,2.044089,0.0000000,0.000000,2.527479,0.000000,0.0000000
0.000000,0.000000,0.0000000,0.000000,1.936707,0.000000,0.000000,1.965706,1.866104,2.057327,0.000000,2.100113,2.101501,2.482436,2.284498,2.399830,1.823179,2.339904,0.000000,1.943544,1.713240,2.041653,2.064426,2.215509,0.000000,2.164164,1.749299,2.073572,0.000000,0.000000,0.000000,0.000000,0.000000,0.000000,0.0000000,0.000000,2.480614,2.023804,0.000000,0.000000,0.000000,0.000000,0.000000,2.166824,0.000000,1.955290,2.012329,0.0000000,0.000000,2.154827,2.155272,1.833730,0.000000,1.589142,2.327480,0.000000,0.000000,0.000000,0.000000,2.206891,0.000000,0.000000,0.000000,2.018988,0.0000000,0.000000,2.631017,1.671602,1.8720020
0.000000,2.157629,2.0728580,2.270285,2.028744,1.743862,0.000000,1.980974,1.986182,0.000000,2.206181,2.158430,2.125492,2.451848,2.260578,2.368261,1.565554,2.207566,0.000000,1.959770,1.947039,1.943775,2.038486,2.234955,1.863861,2.049188,0.000000,1.839406,0.000000,0.000000,0.000000,1.645848,0.000000,0.000000,0.0000000,0.000000,2.444399,1.649015,2.176529,1.900556,1.950093,0.000000,0.000000,2.278515,1.594432,1.593347,1.914391,0.0000000,1.798125,2.113929,2.020410,2.201050,0.000000,0.000000,1.985740,2.110862,2.027950,0.000000,2.074900,2.148048,2.078144,0.000000,2.316294,2.098482,0.0000000,0.000000,2.454488,2.225958,0.0000000
0.000000,2.124861,0.0000000,0.000000,1.916513,0.000000,0.000000,2.010170,2.161294,1.689926,0.000000,2.106503,2.053171,2.514558,2.292028,2.398255,1.882320,2.365689,0.000000,1.989766,2.042548,2.245213,2.000004,2.235887,0.000000,2.172031,2.010341,2.050484,0.000000,0.000000,0.000000,0.000000,2.070385,0.000000,0.0000000,0.000000,2.421539,1.964169,0.000000,0.000000,0.000000,0.000000,0.000000,0.000000,0.000000,0.000000,1.928907,0.0000000,0.000000,2.199748,2.152212,1.837151,0.000000,0.000000,2.286641,1.767998,0.000000,0.000000,0.000000,2.208638,0.000000,0.000000,0.000000,2.078390,0.0000000,1.967658,2.589822,0.000000,0.0000000
0.000000,2.235109,0.0000000,0.000000,0.000000,0.000000,0.000000,2.085207,2.165228,0.000000,2.125768,2.125332,2.170419,2.487507,2.264877,2.441155,1.921905,2.353041,0.000000,1.914596,2.021340,2.283251,2.019153,2.280448,1.855174,2.178717,2.065477,2.127313,0.000000,0.000000,2.074062,0.000000,0.000000,0.000000,1.8949911,0.000000,2.433575,0.000000,0.000000,0.000000,1.932877,0.000000,0.000000,2.004507,0.000000,1.874871,1.769369,0.0000000,0.000000,0.000000,0.000000,2.133080,0.000000,0.000000,2.310455,1.970192,2.032741,2.191676,0.000000,2.288438,0.000000,0.000000,2.450795,2.137885,0.0000000,0.000000,2.540143,0.000000,0.0000000
0.000000,1.947819,0.0000000,0.000000,0.000000,0.000000,0.000000,1.948188,1.977763,0.000000,0.000000,2.114243,2.153002,2.449792,2.184900,2.430665,0.000000,0.000000,0.000000,0.000000,1.758551,2.192063,1.922341,2.239087,0.000000,2.158522,0.000000,2.097676,0.000000,0.000000,0.000000,0.000000,0.000000,0.000000,0.0000000,1.571751,2.366974,0.000000,0.000000,0.000000,0.000000,0.000000,0.000000,2.134379,0.000000,2.128836,0.000000,0.0000000,0.000000,1.780948,2.107012,1.755223,0.000000,0.000000,2.235686,0.000000,1.939637,0.000000,0.000000,2.094351,0.000000,1.645789,2.044860,1.908662,0.0000000,0.000000,2.537888,1.887279,0.0000000
0.000000,0.000000,0.0000000,0.000000,0.000000,0.000000,1.868735,2.144675,2.014011,0.000000,0.000000,2.246411,2.153748,2.472061,2.262331,2.397134,2.002705,2.447068,0.000000,1.852297,1.649876,2.265070,2.059445,2.237018,1.994980,2.270103,1.693573,2.213104,0.000000,0.000000,1.950874,0.000000,0.000000,1.677365,1.5742046,0.000000,2.499444,1.899052,0.000000,0.000000,0.000000,0.000000,0.000000,0.000000,0.000000,1.925406,0.000000,0.0000000,0.000000,0.000000,2.110060,1.890751,0.000000,0.000000,2.257504,0.000000,1.750288,0.000000,0.000000,2.347270,0.000000,0.000000,1.955497,2.116146,0.0000000,0.000000,2.589411,1.891582,0.0000000
0.000000,0.000000,0.0000000,0.000000,0.000000,0.000000,0.000000,2.133549,2.157718,1.899557,2.239576,2.184392,2.189254,2.485909,2.253085,2.388249,0.000000,2.261295,0.000000,1.895444,1.970894,0.000000,0.000000,2.224435,0.000000,1.987173,1.841570,1.830827,0.000000,1.789652,0.000000,0.000000,0.000000,0.000000,1.8184171,0.000000,2.513042,1.837993,0.000000,0.000000,0.000000,0.000000,0.000000,2.149831,0.000000,2.011616,0.000000,0.0000000,0.000000,2.048333,2.193771,1.931280,0.000000,0.000000,2.362496,0.000000,0.000000,0.000000,0.000000,2.311281,0.000000,1.771646,1.823287,2.015779,0.0000000,0.000000,2.553714,1.739494,1.8873459
0.000000,0.000000,0.0000000,0.000000,0.000000,0.000000,0.000000,2.054337,1.999354,1.895170,1.928664,2.242274,2.154582,2.473683,2.275748,2.414195,1.790617,2.327298,0.000000,1.965467,0.000000,2.187724,2.030665,2.201305,1.750123,2.021183,0.000000,2.003831,1.834651,0.000000,0.000000,0.000000,0.000000,0.000000,0.0000000,0.000000,2.489469,1.845569,1.863915,0.000000,0.000000,0.000000,0.000000,1.918604,0.000000,1.722831,1.824075,0.0000000,0.000000,1.944436,2.204893,1.780560,0.000000,0.000000,2.337182,0.000000,0.000000,0.000000,0.000000,2.228088,0.000000,0.000000,2.084705,1.983243,0.0000000,0.000000,2.550782,1.862924,0.0000000
0.000000,0.000000,0.0000000,0.000000,0.000000,0.000000,0.000000,1.861675,2.195747,0.000000,0.000000,2.064308,2.180752,2.483097,2.216649,2.436776,1.941873,2.417356,1.762123,1.863541,2.115114,2.340114,2.097839,2.259549,0.000000,2.206749,1.937542,2.154386,0.000000,0.000000,0.000000,0.000000,0.000000,1.903653,0.0000000,0.000000,2.373701,1.704895,0.000000,0.000000,0.000000,0.000000,0.000000,0.000000,0.000000,2.124629,1.763112,0.0000000,0.000000,2.184498,2.084678,1.913827,0.000000,0.000000,2.236807,0.000000,1.599561,0.000000,0.000000,0.000000,0.000000,0.000000,0.000000,1.942169,0.0000000,0.000000,2.515283,0.000000,1.8664777
2.295930,2.228716,0.0000000,2.025143,0.000000,0.000000,2.088612,0.000000,1.775557,0.000000,2.083714,2.197953,2.212901,2.442926,2.264808,2.426884,1.940279,2.337634,1.855067,1.829863,1.472797,2.113366,2.050356,2.322582,0.000000,2.169290,0.000000,2.148755,0.000000,0.000000,1.933159,0.000000,0.000000,0.000000,1.9917890,0.000000,2.425043,1.919911,0.000000,2.016401,0.000000,1.788588,1.679827,2.091016,0.000000,1.897509,0.000000,0.0000000,1.935389,0.000000,0.000000,1.983809,2.123730,1.912419,2.067897,0.000000,0.000000,0.000000,0.000000,2.144992,0.000000,0.000000,2.046499,1.905495,0.0000000,1.760236,2.532939,2.128231,1.9294409
0.000000,1.828001,0.0000000,0.000000,0.000000,0.000000,0.000000,2.044223,1.909655,0.000000,0.000000,2.135540,2.150624,2.439736,2.191261,2.417740,1.625692,2.339187,0.000000,1.828495,1.882169,2.080641,2.003785,2.233672,0.000000,2.158661,0.000000,2.124990,1.681196,0.000000,1.901302,0.000000,0.000000,0.000000,1.5949521,0.000000,2.357607,0.000000,0.000000,0.000000,0.000000,0.000000,0.000000,2.059303,0.000000,2.023843,1.681313,0.0000000,0.000000,1.750497,2.087460,0.000000,0.000000,0.000000,2.242299,0.000000,1.910552,0.000000,0.000000,2.020096,0.000000,0.000000,1.892655,1.929892,0.0000000,0.000000,2.544368,1.919174,0.0000000
0.000000,0.000000,0.0000000,0.000000,0.000000,0.000000,0.000000,1.983039,1.890740,0.000000,0.000000,2.239372,2.088492,2.500483,2.210668,2.398294,0.000000,2.428869,0.000000,1.981370,2.024424,2.301663,2.040912,2.330531,0.000000,2.243454,1.896005,0.000000,0.000000,1.659862,0.000000,0.000000,0.000000,1.843111,0.0000000,0.000000,2.442654,0.000000,0.000000,0.000000,0.000000,0.000000,0.000000,0.000000,0.000000,0.000000,0.000000,0.0000000,0.000000,0.000000,2.169759,1.878076,0.000000,0.000000,2.408980,0.000000,0.000000,0.000000,0.000000,2.139798,0.000000,0.000000,0.000000,2.072257,0.0000000,0.000000,2.602762,1.848149,0.0000000
0.000000,0.000000,0.0000000,0.000000,0.000000,0.000000,0.000000,0.000000,0.000000,2.261905,0.000000,2.149469,0.000000,2.481308,2.259739,2.432827,0.000000,2.375127,0.000000,0.000000,2.005214,2.113925,0.000000,2.209303,0.000000,2.157351,1.941840,2.079590,0.000000,0.000000,0.000000,0.000000,0.000000,0.000000,0.0000000,0.000000,2.413526,1.861458,0.000000,0.000000,0.000000,0.000000,0.000000,2.239304,0.000000,1.909089,0.000000,0.0000000,0.000000,2.047847,2.183271,0.000000,0.000000,0.000000,2.367340,1.908600,0.000000,0.000000,0.000000,2.106890,0.000000,0.000000,0.000000,1.968118,0.0000000,0.000000,2.441536,0.000000,0.0000000
2.503841,2.366875,2.1450531,2.229084,1.965917,0.000000,2.607479,2.165206,0.000000,0.000000,2.028733,0.000000,1.904685,2.488364,2.206697,2.363178,1.805031,2.370898,0.000000,1.901548,1.999489,2.052554,1.951404,2.154288,2.038866,2.194338,0.000000,2.087753,0.000000,0.000000,0.000000,0.000000,2.089785,0.000000,2.0163808,1.641083,2.430605,1.966883,0.000000,2.142978,2.391853,0.000000,0.000000,1.935639,2.127919,0.000000,0.000000,0.0000000,0.000000,2.336601,0.000000,2.203539,0.000000,1.863467,1.945744,1.902034,0.000000,2.073250,0.000000,2.003789,1.798404,0.000000,2.174821,2.084988,0.0000000,2.203565,2.519410,0.000000,1.7433155
0.000000,2.121208,0.0000000,0.000000,0.000000,0.000000,0.000000,2.043136,1.963848,0.000000,0.000000,2.096083,2.217444,2.467193,2.242922,2.405287,0.000000,2.288094,1.656767,1.882424,1.868136,2.136003,2.049727,2.278916,1.813004,2.086982,1.975039,1.963802,0.000000,1.886212,1.961914,0.000000,1.995283,1.836655,1.7162300,0.000000,2.476684,1.894086,1.729173,0.000000,0.000000,0.000000,0.000000,1.982417,0.000000,0.000000,1.921939,0.0000000,0.000000,1.908496,2.026160,1.831945,2.108454,0.000000,2.183751,1.938207,1.566736,0.000000,0.000000,2.287778,0.000000,0.000000,1.872878,2.108652,0.0000000,0.000000,2.544796,0.000000,0.0000000
0.000000,0.000000,0.0000000,0.000000,0.000000,0.000000,0.000000,1.996637,2.043621,0.000000,0.000000,2.018686,2.162288,2.471953,2.197911,2.386932,1.668677,2.325871,1.875337,1.866739,2.020825,2.251090,2.012478,2.244020,0.000000,2.104931,1.904538,2.053406,1.528486,0.000000,0.000000,0.000000,0.000000,0.000000,0.0000000,0.000000,2.366226,1.773149,0.000000,0.000000,0.000000,0.000000,0.000000,2.039301,0.000000,2.005293,1.695494,0.0000000,0.000000,0.000000,2.087699,1.990240,2.069496,0.000000,2.184879,0.000000,0.000000,0.000000,0.000000,2.004073,0.000000,0.000000,0.000000,1.957990,0.0000000,0.000000,2.505476,1.887094,1.9247964
0.000000,1.835254,2.0833518,1.763917,0.000000,0.000000,0.000000,0.000000,1.999196,0.000000,2.106006,2.182920,2.144805,2.433778,2.228939,2.410880,2.108497,2.347079,0.000000,1.658539,1.899266,2.161053,2.039138,2.283935,1.803747,2.202363,0.000000,2.172961,0.000000,0.000000,0.000000,0.000000,1.963700,0.000000,1.8755638,0.000000,2.413693,2.003133,0.000000,0.000000,0.000000,1.748212,0.000000,2.111694,2.237067,0.000000,0.000000,1.8657626,0.000000,1.834916,2.078565,2.042314,0.000000,0.000000,2.238338,0.000000,1.662132,2.035598,0.000000,2.062480,1.533796,0.000000,2.021621,1.990134,0.0000000,0.000000,2.382051,1.806941,1.8924453
1.931649,1.842472,1.9743206,0.000000,1.983337,0.000000,0.000000,2.083467,1.944041,0.000000,0.000000,2.168732,2.188256,2.487745,2.261854,2.410970,0.000000,2.383473,1.975463,2.000267,0.000000,2.263299,2.187591,2.244627,1.959786,2.209767,0.000000,2.065802,0.000000,0.000000,1.795721,0.000000,0.000000,0.000000,0.0000000,0.000000,2.469177,2.138807,0.000000,2.056608,2.150032,0.000000,0.000000,2.158058,0.000000,0.000000,0.000000,0.0000000,0.000000,1.984509,2.155653,2.087811,2.090832,0.000000,2.174266,0.000000,0.000000,1.898308,0.000000,2.163011,0.000000,1.869249,2.115663,2.362987,0.0000000,0.000000,2.571270,1.867241,0.0000000
2.294930,2.399642,1.8085664,2.256166,0.000000,0.000000,2.125695,2.119445,0.000000,0.000000,2.675380,0.000000,1.767441,2.441448,2.048204,2.412936,2.047410,2.282258,1.576846,0.000000,1.965400,2.244315,2.175898,2.257588,1.825593,2.081570,0.000000,1.874884,0.000000,0.000000,0.000000,2.338909,2.241671,0.000000,0.0000000,2.297647,2.427257,2.007377,0.000000,1.943937,0.000000,0.000000,0.000000,0.000000,2.148271,0.000000,1.778899,0.0000000,0.000000,0.000000,2.202028,2.177772,0.000000,2.189571,2.066777,2.114176,2.185997,0.000000,0.000000,0.000000,0.000000,0.000000,2.358010,0.000000,0.0000000,1.939428,2.338054,0.000000,1.8885259
2.521956,2.499717,0.0000000,2.276976,2.120258,1.955136,2.606119,0.000000,0.000000,0.000000,1.822864,1.945136,2.276832,2.463689,2.265191,2.339525,1.965170,2.374199,1.948306,0.000000,2.000092,2.256183,2.068407,2.159174,0.000000,2.215800,0.000000,2.195005,0.000000,0.000000,0.000000,0.000000,1.873488,0.000000,0.0000000,0.000000,2.515621,2.145192,0.000000,2.685583,2.560888,2.428289,0.000000,1.988838,0.000000,1.825169,0.000000,0.0000000,0.000000,2.308725,0.000000,2.277404,0.000000,0.000000,2.263517,1.991010,0.000000,0.000000,0.000000,2.203990,0.000000,0.000000,2.550669,2.135125,0.0000000,2.267140,2.655239,0.000000,0.0000000
0.000000,2.348094,0.0000000,0.000000,0.000000,0.000000,2.149579,0.000000,2.161025,0.000000,0.000000,0.000000,2.016179,2.491810,2.261295,2.368002,0.000000,2.351699,1.871537,1.922903,2.051761,2.168137,1.940165,2.069313,0.000000,2.214392,1.872290,2.083180,0.000000,0.000000,0.000000,0.000000,0.000000,0.000000,0.0000000,1.901282,2.389136,2.155004,1.762796,2.635285,2.580961,2.412921,0.000000,2.230734,0.000000,0.000000,0.000000,0.0000000,0.000000,2.274939,0.000000,2.321859,0.000000,0.000000,0.000000,0.000000,0.000000,0.000000,0.000000,2.221961,2.123052,0.000000,2.189325,2.047086,0.0000000,1.982019,2.586286,1.982866,0.0000000
0.000000,0.000000,0.0000000,2.134626,1.745661,0.000000,1.969924,2.108927,1.953923,0.000000,0.000000,2.140513,2.275680,2.462677,2.211168,2.346218,0.000000,2.344180,0.000000,0.000000,0.000000,2.149660,1.943696,2.254483,0.000000,2.116682,0.000000,2.096071,1.775746,0.000000,1.909665,0.000000,0.000000,0.000000,0.0000000,0.000000,2.475913,1.837216,0.000000,0.000000,0.000000,0.000000,0.000000,2.152405,0.000000,2.002139,1.719273,0.0000000,0.000000,1.941543,0.000000,2.157176,0.000000,0.000000,2.193739,2.031715,0.000000,0.000000,1.785501,2.231622,1.790708,0.000000,2.036428,2.084440,0.0000000,0.000000,2.506369,1.985113,1.6821566
0.000000,0.000000,0.0000000,0.000000,2.062542,0.000000,0.000000,2.195498,1.990058,0.000000,0.000000,2.143783,2.096850,2.504052,2.301638,2.372046,0.000000,2.294827,0.000000,0.000000,1.897860,2.153274,1.932790,2.291916,0.000000,2.057535,1.869665,1.968864,0.000000,1.821398,2.005986,0.000000,0.000000,0.000000,1.7625354,0.000000,2.442615,1.985635,0.000000,0.000000,0.000000,0.000000,0.000000,0.000000,0.000000,1.991640,2.038087,0.0000000,0.000000,1.904293,1.975259,2.312131,0.000000,0.000000,2.228937,0.000000,1.674228,0.000000,0.000000,2.293774,0.000000,0.000000,2.089911,2.229778,0.0000000,2.031083,2.424512,0.000000,0.0000000
0.000000,2.353146,2.0026030,2.414626,0.000000,0.000000,2.468327,0.000000,2.057556,2.356669,2.418028,0.000000,2.126633,2.524510,2.161695,2.443958,0.000000,2.348018,0.000000,0.000000,1.970669,2.043183,0.000000,2.340680,0.000000,2.062930,0.000000,2.138949,2.076464,0.000000,0.000000,0.000000,0.000000,0.000000,1.8859237,0.000000,2.510286,2.119606,0.000000,2.495196,2.464649,2.398679,0.000000,2.197644,1.813872,0.000000,1.832585,0.0000000,0.000000,1.946803,2.175942,2.270861,0.000000,1.973307,0.000000,0.000000,0.000000,2.155936,0.000000,2.219122,1.934369,0.000000,2.021002,2.008850,0.0000000,2.117732,2.490929,1.956623,0.0000000
0.000000,2.004791,0.0000000,0.000000,0.000000,0.000000,1.922486,2.001295,2.167023,0.000000,0.000000,2.101196,2.192036,2.464429,2.287339,2.437567,0.000000,2.379964,1.390902,2.020813,2.091931,2.292981,2.155575,2.195134,1.923948,2.274493,1.880212,2.056710,0.000000,0.000000,1.673019,0.000000,0.000000,1.739350,0.0000000,1.636392,2.384475,2.029999,0.000000,0.000000,0.000000,0.000000,0.000000,2.275399,0.000000,1.599949,0.000000,0.0000000,0.000000,2.028540,1.966973,1.861953,0.000000,0.000000,2.140873,1.880678,1.897979,1.753362,0.000000,2.136958,0.000000,0.000000,2.004402,1.845958,1.6088208,0.000000,2.496459,1.870334,2.0439756
0.000000,1.868368,1.6023741,0.000000,0.000000,0.000000,0.000000,0.000000,0.000000,0.000000,0.000000,2.003392,2.031921,2.485289,2.197206,2.440099,0.000000,2.317552,0.000000,0.000000,0.000000,2.130022,1.948358,2.172015,0.000000,2.209264,1.983220,2.130637,0.000000,0.000000,0.000000,0.000000,0.000000,0.000000,1.8667979,0.000000,2.309489,0.000000,0.000000,1.577378,0.000000,0.000000,0.000000,1.976860,0.000000,0.000000,0.000000,0.0000000,0.000000,2.098750,0.000000,1.849707,0.000000,0.000000,2.177353,0.000000,0.000000,0.000000,0.000000,2.145975,0.000000,0.000000,1.865934,2.068854,0.0000000,0.000000,2.150603,0.000000,0.0000000
2.276403,2.213661,0.0000000,1.941459,0.000000,0.000000,2.404577,0.000000,2.000319,1.659997,0.000000,1.965633,2.092294,2.483532,2.215860,2.374643,2.049974,2.427111,1.689793,0.000000,0.000000,2.262258,2.084171,2.163353,1.947627,2.213462,1.494747,2.195850,0.000000,0.000000,2.039943,0.000000,0.000000,0.000000,0.0000000,0.000000,2.351217,1.933085,0.000000,2.188538,2.044996,0.000000,0.000000,2.148892,0.000000,0.000000,1.686261,0.0000000,0.000000,1.892461,0.000000,1.916566,0.000000,0.000000,2.130953,0.000000,1.705278,1.915693,0.000000,2.161336,0.000000,0.000000,1.960430,2.017201,0.0000000,1.833663,2.559882,0.000000,0.0000000
0.000000,2.327849,0.0000000,2.223980,0.000000,0.000000,0.000000,0.000000,0.000000,0.000000,0.000000,0.000000,2.019833,2.468687,2.255924,2.384632,1.861132,2.335894,0.000000,0.000000,1.910426,0.000000,0.000000,2.291976,0.000000,2.152493,0.000000,2.084004,1.621079,2.191424,0.000000,0.000000,0.000000,0.000000,1.8870661,0.000000,2.382135,1.938534,0.000000,2.730738,2.754400,2.655682,0.000000,0.000000,0.000000,0.000000,1.979837,0.0000000,0.000000,0.000000,0.000000,0.000000,0.000000,0.000000,2.030795,0.000000,0.000000,1.907896,1.837183,2.122361,0.000000,0.000000,1.999999,2.182122,0.0000000,2.173423,2.602917,0.000000,0.0000000
0.000000,2.218195,0.0000000,0.000000,0.000000,0.000000,0.000000,2.009171,2.008705,0.000000,2.065940,2.027961,0.000000,2.450433,2.261570,2.409485,0.000000,2.276317,0.000000,2.050737,2.022843,2.180840,2.184249,2.271443,0.000000,2.158081,0.000000,2.070097,0.000000,0.000000,0.000000,0.000000,1.861329,0.000000,1.8411924,0.000000,2.453711,2.024411,1.791947,0.000000,0.000000,1.768051,0.000000,0.000000,0.000000,0.000000,0.000000,0.0000000,0.000000,1.903242,0.000000,2.010826,0.000000,0.000000,2.245372,0.000000,0.000000,1.971731,0.000000,2.255444,0.000000,0.000000,2.004036,2.185192,0.0000000,0.000000,2.629557,0.000000,0.0000000
0.000000,2.213944,0.0000000,2.011172,2.184041,0.000000,1.808985,0.000000,1.796135,0.000000,2.128516,1.977823,2.177462,2.428989,2.235685,2.423066,0.000000,2.095312,1.871392,2.007274,1.747803,1.876107,2.037895,2.211688,2.135884,2.083278,1.983710,0.000000,1.490821,0.000000,2.160970,0.000000,1.854016,2.136997,1.8491720,1.995609,2.373495,2.038074,1.914971,0.000000,0.000000,1.536001,1.901784,2.230253,0.000000,0.000000,1.736116,0.0000000,0.000000,1.653498,2.137848,1.942074,0.000000,1.534704,1.982748,0.000000,0.000000,0.000000,0.000000,2.069732,0.000000,0.000000,1.988908,1.998122,0.0000000,1.879591,2.463579,2.164613,0.0000000
0.000000,2.025720,0.0000000,0.000000,0.000000,0.000000,0.000000,0.000000,1.801521,0.000000,0.000000,0.000000,2.129007,2.415514,2.147814,2.417455,0.000000,2.392808,1.821952,0.000000,0.000000,2.133503,2.182204,2.237286,0.000000,2.294683,2.062516,2.151975,1.844919,0.000000,2.132658,0.000000,0.000000,0.000000,0.0000000,0.000000,2.324701,2.177819,0.000000,0.000000,0.000000,0.000000,0.000000,2.147923,0.000000,0.000000,0.000000,0.0000000,1.814838,0.000000,0.000000,2.347383,0.000000,0.000000,2.014588,0.000000,0.000000,1.970309,0.000000,0.000000,0.000000,0.000000,1.824440,1.827836,1.6297263,0.000000,2.557476,0.000000,0.0000000
0.000000,2.177644,0.0000000,0.000000,0.000000,0.000000,2.138093,1.864128,1.798650,2.132632,2.013497,2.166692,2.227602,2.447350,2.150524,2.427394,1.759578,2.352683,1.977437,2.070991,0.000000,2.250077,2.154960,2.292883,2.112661,2.237174,2.004077,2.100673,0.000000,0.000000,1.949423,0.000000,2.244296,1.619397,1.9397152,1.909830,2.542311,2.036750,0.000000,0.000000,2.188831,0.000000,0.000000,2.033791,1.745599,0.000000,1.861784,0.0000000,0.000000,1.692024,0.000000,2.414828,0.000000,0.000000,2.216859,0.000000,0.000000,2.039988,0.000000,2.162281,0.000000,0.000000,2.088467,1.910201,0.0000000,0.000000,2.615500,0.000000,0.0000000
2.530236,2.495832,2.0468895,1.911126,0.000000,0.000000,2.507985,0.000000,0.000000,1.991667,0.000000,0.000000,0.000000,2.488822,2.225982,2.309222,0.000000,2.431914,1.485105,2.072090,1.922873,0.000000,2.033561,2.430351,2.121720,2.301396,1.921600,2.001090,2.232291,1.755107,0.000000,0.000000,0.000000,0.000000,1.9081055,0.000000,2.313264,2.089837,0.000000,2.223998,2.328957,0.000000,0.000000,0.000000,0.000000,0.000000,0.000000,0.0000000,2.094382,0.000000,0.000000,2.237659,0.000000,1.909117,0.000000,0.000000,0.000000,1.948892,0.000000,2.026492,0.000000,0.000000,2.263343,2.094014,0.0000000,0.000000,2.407970,0.000000,0.0000000
0.000000,0.000000,1.6693121,0.000000,2.235096,0.000000,1.540438,1.900536,0.000000,0.000000,0.000000,0.000000,0.000000,2.494515,1.818026,2.406968,2.101199,2.149109,0.000000,0.000000,0.000000,1.959960,0.000000,2.288925,1.807354,1.823959,1.954334,1.689102,0.000000,0.000000,0.000000,0.000000,0.000000,0.000000,0.0000000,0.000000,2.552258,2.385777,0.000000,1.992819,2.580032,0.000000,0.000000,0.000000,0.000000,0.000000,0.000000,0.0000000,0.000000,0.000000,0.000000,1.887547,0.000000,0.000000,0.000000,0.000000,1.944754,0.000000,0.000000,2.221708,0.000000,0.000000,2.556616,0.000000,0.0000000,0.000000,2.420605,0.000000,0.0000000
0.000000,2.170419,1.7904246,0.000000,0.000000,0.000000,1.815124,0.000000,0.000000,2.341687,2.091006,0.000000,0.000000,2.419164,2.038095,2.380941,2.144417,1.735655,1.794712,0.000000,1.986515,2.064778,2.074743,2.305918,0.000000,2.240578,1.947186,2.196731,0.000000,2.049939,0.000000,1.858997,2.115772,0.000000,0.0000000,2.039877,2.307163,0.000000,1.898164,2.162439,2.164463,0.000000,2.116743,2.194947,0.000000,0.000000,2.087581,0.0000000,0.000000,0.000000,0.000000,1.963079,0.000000,0.000000,0.000000,1.996752,0.000000,0.000000,0.000000,0.000000,2.161803,0.000000,2.050104,2.012654,0.0000000,2.152561,2.212570,0.000000,0.0000000
0.000000,2.270330,0.0000000,2.091087,2.064811,0.000000,2.016302,0.000000,1.985581,0.000000,0.000000,1.968215,1.939238,2.504467,2.217377,2.344468,1.904430,2.345628,2.012922,2.048184,2.079661,2.246255,2.102783,2.220213,1.902692,2.184846,1.954605,2.113858,0.000000,0.000000,1.850460,0.000000,0.000000,0.000000,2.1230454,0.000000,2.497666,2.112283,0.000000,2.334947,2.406960,1.889151,0.000000,2.126606,0.000000,0.000000,1.878496,0.0000000,1.854532,1.819925,2.067862,1.946321,0.000000,0.000000,2.039909,0.000000,0.000000,1.911934,0.000000,2.336202,2.089255,0.000000,2.102096,2.159330,0.0000000,0.000000,2.408427,1.856561,0.0000000
0.000000,2.282317,0.0000000,0.000000,0.000000,0.000000,2.341967,0.000000,0.000000,0.000000,0.000000,0.000000,0.000000,2.467421,2.110582,2.429906,1.990737,2.474268,0.000000,0.000000,0.000000,0.000000,2.050076,2.318134,0.000000,2.265613,0.000000,2.310891,2.189454,1.992239,2.121162,0.000000,0.000000,0.000000,0.0000000,0.000000,2.492955,0.000000,0.000000,2.727111,2.683576,2.369636,0.000000,0.000000,0.000000,0.000000,0.000000,0.0000000,0.000000,2.154087,0.000000,0.000000,0.000000,0.000000,2.344820,0.000000,0.000000,0.000000,0.000000,0.000000,0.000000,0.000000,0.000000,0.000000,0.0000000,0.000000,2.616439,0.000000,0.0000000
0.000000,0.000000,0.0000000,0.000000,0.000000,0.000000,2.255348,0.000000,2.377080,2.514726,0.000000,0.000000,0.000000,2.480167,2.220609,2.505148,0.000000,0.000000,0.000000,0.000000,2.260992,0.000000,2.175244,2.300470,0.000000,1.912087,2.179101,0.000000,0.000000,2.066649,0.000000,0.000000,2.414137,0.000000,0.0000000,2.044202,2.495413,2.448489,2.251044,2.088048,2.527785,0.000000,0.000000,2.129951,2.085822,0.000000,0.000000,1.8942665,2.201946,2.536228,2.050864,2.148770,0.000000,0.000000,0.000000,0.000000,0.000000,2.179144,0.000000,0.000000,1.975661,0.000000,2.523803,0.000000,0.0000000,0.000000,2.332078,0.000000,1.9888235
0.000000,2.215571,0.0000000,0.000000,0.000000,0.000000,2.170779,2.167145,1.893479,0.000000,0.000000,2.074554,2.208317,2.417183,2.186256,2.387966,2.094149,2.444349,2.133831,2.052784,0.000000,2.318733,2.178513,2.277996,1.998760,2.301286,0.000000,2.212394,1.527781,0.000000,2.020663,0.000000,0.000000,1.858603,1.5280749,0.000000,2.384899,1.749854,0.000000,2.422924,2.444864,2.269699,0.000000,0.000000,0.000000,1.898560,1.650761,0.0000000,1.891289,0.000000,1.665438,2.080220,0.000000,0.000000,2.293288,0.000000,0.000000,1.892907,0.000000,2.227816,1.686896,0.000000,2.040748,1.782609,1.4511563,0.000000,2.570133,1.639535,0.0000000
1.903376,1.894526,0.0000000,0.000000,1.760612,0.000000,2.154284,2.016050,2.068427,0.000000,0.000000,2.088271,2.084051,2.477019,2.252352,2.404095,1.996237,2.401677,2.000659,2.017412,1.975791,2.257799,2.101314,2.182800,1.835204,2.230676,1.935385,2.129655,1.747970,0.000000,1.811038,0.000000,0.000000,0.000000,1.7220391,0.000000,2.486711,2.010703,0.000000,2.080274,2.221635,0.000000,0.000000,2.196813,0.000000,1.875172,0.000000,0.0000000,0.000000,2.065580,1.853318,1.864646,0.000000,0.000000,2.252944,0.000000,1.737993,1.668804,0.000000,2.033238,0.000000,0.000000,2.196841,2.091637,0.0000000,0.000000,2.531385,0.000000,0.0000000
0.000000,2.071064,0.0000000,0.000000,0.000000,0.000000,0.000000,2.011019,1.910205,0.000000,0.000000,1.931808,2.157502,2.447383,2.194090,2.414672,2.029388,2.393616,1.930806,2.026824,1.917934,2.275540,2.166187,2.221469,0.000000,2.240802,1.962693,2.162631,0.000000,0.000000,0.000000,0.000000,2.179051,0.000000,0.0000000,0.000000,2.441386,2.077598,0.000000,0.000000,0.000000,0.000000,1.682157,2.056152,0.000000,1.788404,0.000000,0.0000000,1.597843,2.046429,2.208963,1.842932,0.000000,1.568190,1.987208,0.000000,0.000000,0.000000,0.000000,2.217713,0.000000,0.000000,2.066805,1.949911,0.0000000,0.000000,2.507660,0.000000,0.0000000
1.723921,2.387929,0.0000000,1.845890,2.039906,0.000000,1.989120,2.061224,2.038574,0.000000,1.880017,2.242348,2.232124,2.435026,2.222941,2.420652,1.961115,2.336686,1.698593,1.854825,1.973477,2.179867,2.097033,2.229047,1.806071,2.168947,2.002834,2.186927,0.000000,0.000000,1.740774,0.000000,0.000000,0.000000,0.0000000,1.681525,2.386300,1.884566,0.000000,2.047359,1.936692,1.879970,0.000000,2.261475,0.000000,1.879923,0.000000,0.0000000,0.000000,1.997107,2.236483,2.007313,0.000000,1.783849,2.250548,1.553014,1.911966,0.000000,1.832046,2.213967,0.000000,0.000000,2.525681,2.067103,0.0000000,1.925934,2.580270,1.932117,0.0000000
0.000000,1.868413,0.0000000,0.000000,1.931796,0.000000,0.000000,1.767002,2.000765,0.000000,0.000000,1.923918,2.028317,2.424296,2.052036,2.370311,1.979079,2.312481,1.756030,1.894373,1.512499,2.112362,1.977074,2.165312,1.807264,2.154479,1.095020,2.116694,0.000000,0.000000,1.701900,0.000000,0.000000,0.000000,1.5598636,0.000000,2.360013,2.045097,0.000000,0.000000,0.000000,0.000000,0.000000,2.073284,1.959960,0.000000,1.482331,1.5480494,0.000000,1.418023,0.000000,1.925081,0.000000,0.000000,1.515862,1.680560,1.823986,1.258036,0.000000,1.995599,0.000000,0.000000,1.630631,1.640083,0.0000000,1.627640,2.340504,1.938617,0.0000000
0.000000,1.893127,1.5776880,0.000000,0.000000,0.000000,0.000000,2.016091,0.000000,0.000000,0.000000,2.178058,2.066715,2.466704,2.254894,2.425000,0.000000,2.396131,1.903510,1.940683,1.953267,2.294717,1.929763,2.267336,0.000000,2.227062,1.988671,2.171188,0.000000,0.000000,0.000000,0.000000,0.000000,0.000000,0.0000000,0.000000,2.333711,1.898868,0.000000,1.876405,1.845026,0.000000,0.000000,0.000000,0.000000,0.000000,1.935177,0.0000000,0.000000,2.058633,1.922869,1.885011,0.000000,0.000000,2.305312,0.000000,1.722399,0.000000,1.944465,2.077658,0.000000,0.000000,0.000000,2.029904,0.0000000,0.000000,2.581648,1.887396,1.8952493
0.000000,1.959186,0.0000000,0.000000,0.000000,0.000000,0.000000,1.966040,2.126413,0.000000,0.000000,1.998696,2.212361,2.457955,2.259601,2.402169,0.000000,2.355089,1.771853,1.745676,1.897011,2.257946,1.626685,2.170305,0.000000,2.202612,1.922524,2.027609,0.000000,1.745784,2.012648,0.000000,0.000000,0.000000,0.0000000,0.000000,2.364913,1.865216,0.000000,1.822792,1.987403,0.000000,0.000000,2.206485,0.000000,1.891782,1.911261,0.0000000,0.000000,1.973219,0.000000,1.658891,0.000000,0.000000,2.259149,0.000000,0.000000,0.000000,1.986706,2.043018,0.000000,0.000000,0.000000,2.091766,0.0000000,0.000000,2.536201,1.769264,1.8301195
1.729242,2.208801,0.0000000,1.758918,1.964785,0.000000,1.714420,1.919222,1.862251,0.000000,0.000000,2.115724,2.126204,2.446038,2.215127,2.424677,2.054525,2.339326,1.837297,1.986518,0.000000,2.201990,2.111499,2.268839,1.764664,2.189954,0.000000,2.179074,0.000000,0.000000,1.604953,0.000000,1.930161,0.000000,1.8662878,0.000000,2.505774,2.147271,0.000000,0.000000,1.860113,1.868838,0.000000,2.024629,1.639657,1.576312,1.843002,0.0000000,1.869959,1.769853,1.651782,1.923263,2.084311,0.000000,2.138717,1.948906,0.000000,1.788634,0.000000,2.261722,1.881650,0.000000,1.978281,1.961143,0.0000000,0.000000,2.484957,2.091974,1.8728531
0.000000,2.183287,0.0000000,0.000000,0.000000,0.000000,0.000000,0.000000,1.880983,0.000000,1.924679,1.991501,2.166923,2.395098,2.194869,2.451566,1.947965,2.238405,1.601762,1.755598,1.952302,2.122245,2.067318,2.178916,1.560206,2.144022,1.869882,1.990784,0.000000,0.000000,1.712838,0.000000,1.876762,1.944318,1.6595393,0.000000,2.344718,2.068639,0.000000,1.868355,0.000000,0.000000,1.819029,2.157496,0.000000,0.000000,0.000000,0.0000000,1.603744,1.727616,0.000000,1.974326,0.000000,1.611737,0.000000,0.000000,1.995314,1.931105,0.000000,2.173682,0.000000,0.000000,2.092160,1.724081,0.0000000,0.000000,2.418852,0.000000,1.6056285
0.000000,1.858401,1.9618862,0.000000,0.000000,0.000000,0.000000,0.000000,0.000000,2.008728,0.000000,2.043957,2.142136,2.422135,2.060899,2.425839,2.013064,2.238799,1.506242,1.874101,1.948542,2.072572,2.009800,2.261398,1.900314,2.092396,0.000000,2.021378,0.000000,0.000000,1.725340,0.000000,0.000000,0.000000,1.8516412,0.000000,2.440974,1.915540,0.000000,0.000000,0.000000,1.370834,0.000000,1.778555,2.136356,0.000000,0.000000,0.0000000,0.000000,0.000000,0.000000,1.732289,0.000000,0.000000,1.901373,1.916504,0.000000,1.591115,0.000000,1.950837,0.000000,0.000000,2.000312,1.817090,0.0000000,0.000000,2.403588,1.870188,2.0427092
0.000000,0.000000,0.0000000,0.000000,0.000000,0.000000,0.000000,0.000000,1.906450,0.000000,0.000000,2.040678,2.236763,2.464846,2.120398,2.498449,1.727964,2.394799,0.000000,0.000000,1.918819,2.041765,1.896647,2.267222,0.000000,2.259586,0.000000,2.132679,0.000000,0.000000,0.000000,0.000000,0.000000,0.000000,0.0000000,0.000000,2.470453,2.090044,0.000000,0.000000,0.000000,0.000000,0.000000,2.176753,0.000000,0.000000,1.933765,0.0000000,0.000000,1.742137,2.113812,0.000000,0.000000,0.000000,2.357075,0.000000,0.000000,0.000000,0.000000,2.175159,0.000000,0.000000,1.812753,2.204213,1.7917447,1.985931,2.634462,1.830580,0.0000000
0.000000,1.890506,1.4408915,0.000000,0.000000,0.000000,0.000000,1.649130,1.734978,2.140201,0.000000,1.822251,2.235200,2.411711,2.131994,2.415127,2.110331,2.303605,1.649761,1.862021,1.906913,2.022994,1.972187,2.260374,1.858039,2.153644,1.524516,2.094171,1.451691,0.000000,0.000000,0.000000,0.000000,0.000000,1.8018244,0.000000,2.401652,1.951908,0.000000,0.000000,0.000000,0.000000,0.000000,2.101147,1.823404,0.000000,0.000000,0.0000000,0.000000,1.639290,0.000000,1.835311,0.000000,0.000000,2.194507,0.000000,1.795535,0.000000,0.000000,1.851415,0.000000,0.000000,1.982264,1.732103,0.0000000,0.000000,2.459811,1.746168,1.8100943
0.000000,1.925064,0.0000000,2.274689,0.000000,0.000000,2.147980,0.000000,1.927197,2.657142,2.265105,0.000000,2.281635,2.457570,1.956882,2.517850,0.000000,2.289150,0.000000,1.805195,2.070227,2.145029,2.075318,2.238706,0.000000,2.094218,0.000000,2.055698,0.000000,1.868065,0.000000,0.000000,0.000000,0.000000,0.0000000,0.000000,2.514177,0.000000,0.000000,0.000000,0.000000,0.000000,0.000000,0.000000,0.000000,0.000000,0.000000,0.0000000,1.888742,0.000000,2.365379,2.071244,0.000000,0.000000,2.269425,0.000000,0.000000,0.000000,0.000000,1.933199,0.000000,0.000000,2.364542,1.833863,0.0000000,2.207425,2.501903,0.000000,1.9833659
0.000000,0.000000,0.0000000,0.000000,0.000000,0.000000,0.000000,0.000000,0.000000,0.000000,0.000000,0.000000,2.049234,2.491145,2.161082,2.417514,0.000000,2.370813,0.000000,1.909457,0.000000,2.055217,2.003051,2.202452,0.000000,2.149038,0.000000,0.000000,2.151375,0.000000,0.000000,0.000000,0.000000,0.000000,0.0000000,0.000000,0.000000,0.000000,0.000000,0.000000,0.000000,0.000000,0.000000,2.158846,0.000000,0.000000,0.000000,0.0000000,0.000000,0.000000,0.000000,0.000000,2.250919,0.000000,2.338328,0.000000,0.000000,0.000000,0.000000,1.925951,0.000000,0.000000,1.887206,1.977653,0.0000000,0.000000,2.594810,0.000000,0.0000000
0.000000,1.751789,0.0000000,0.000000,0.000000,0.000000,0.000000,2.112522,1.877986,0.000000,0.000000,1.991933,2.223844,2.494225,2.310453,2.427423,1.823053,2.427196,1.987519,0.000000,2.041731,2.322186,2.007071,2.225279,0.000000,2.269801,1.930746,2.204817,0.000000,0.000000,0.000000,0.000000,0.000000,0.000000,0.0000000,0.000000,2.433070,1.896772,0.000000,2.050447,2.024500,0.000000,0.000000,2.028357,0.000000,0.000000,1.822332,0.0000000,0.000000,2.017568,1.859136,1.915751,0.000000,0.000000,2.189310,0.000000,0.000000,0.000000,1.970248,2.140696,0.000000,0.000000,1.939238,2.174894,0.0000000,0.000000,2.596214,1.796950,1.7572317
0.000000,1.955382,0.0000000,0.000000,0.000000,0.000000,0.000000,1.934077,2.192581,0.000000,0.000000,2.175999,2.243730,2.478686,2.262915,2.457056,0.000000,2.399363,0.000000,1.894664,2.053096,2.325331,2.014177,2.208832,0.000000,2.232098,2.006736,2.172732,0.000000,0.000000,0.000000,0.000000,0.000000,0.000000,0.0000000,0.000000,2.482111,2.041882,0.000000,2.036604,2.055992,0.000000,0.000000,2.261079,0.000000,2.031772,0.000000,0.0000000,0.000000,2.187926,2.156940,1.808905,0.000000,0.000000,2.275729,0.000000,0.000000,0.000000,1.878292,2.068555,0.000000,0.000000,1.903988,2.115612,0.0000000,0.000000,2.604115,1.890974,0.0000000
0.000000,2.328741,2.2007425,1.797932,1.664527,1.875668,0.000000,0.000000,1.875098,0.000000,2.254363,1.991701,2.177437,2.425191,2.051907,2.467883,1.858401,2.213657,0.000000,1.737196,1.910748,1.942711,2.055667,2.230794,1.544499,2.049636,1.804867,2.035975,2.118084,0.000000,1.984409,0.000000,1.944214,0.000000,1.5871050,1.951004,2.412749,1.959751,2.029978,2.328922,2.072021,0.000000,1.740646,2.142765,1.717015,0.000000,0.000000,0.0000000,2.118514,1.761252,0.000000,1.971923,0.000000,0.000000,1.839295,0.000000,2.328798,0.000000,0.000000,2.158968,1.873127,0.000000,2.595955,0.000000,0.0000000,0.000000,2.473850,2.200293,2.0364675
0.000000,2.016143,0.0000000,2.056193,2.244465,0.000000,2.166222,0.000000,0.000000,2.773472,2.190043,0.000000,2.206175,2.466014,2.037104,2.490165,0.000000,2.274587,0.000000,0.000000,1.948847,2.058390,1.945602,2.229373,1.848508,2.090554,0.000000,2.053310,0.000000,0.000000,0.000000,0.000000,0.000000,0.000000,0.0000000,0.000000,2.527981,1.948282,0.000000,0.000000,0.000000,0.000000,0.000000,0.000000,0.000000,0.000000,0.000000,0.0000000,1.736624,0.000000,2.357713,2.109161,0.000000,0.000000,2.324415,0.000000,0.000000,0.000000,0.000000,1.968740,0.000000,0.000000,2.345841,1.916186,0.0000000,2.254269,2.452655,1.724915,1.9587104
0.000000,1.847744,0.0000000,0.000000,0.000000,0.000000,0.000000,2.092838,2.148611,0.000000,0.000000,2.235240,2.260356,2.464294,2.279854,2.410243,1.972655,2.419129,1.802201,1.856498,1.964797,2.301048,2.013331,2.201010,0.000000,2.258695,1.894643,2.226857,0.000000,0.000000,0.000000,0.000000,1.930842,0.000000,0.0000000,0.000000,2.437461,1.924150,0.000000,2.163089,2.094793,0.000000,0.000000,2.218907,0.000000,2.126967,1.924713,0.0000000,0.000000,2.016224,0.000000,0.000000,0.000000,0.000000,2.295123,0.000000,0.000000,0.000000,1.978946,2.259415,0.000000,0.000000,1.901764,2.086938,1.7357538,0.000000,2.592597,1.879555,0.0000000
0.000000,1.998556,0.0000000,0.000000,0.000000,0.000000,0.000000,2.096515,2.130647,0.000000,1.963381,2.244892,2.240454,2.476798,2.244913,2.408288,0.000000,2.292254,0.000000,1.995647,2.027686,2.015171,2.090885,2.265636,1.973949,2.089930,2.042900,2.153028,2.050658,0.000000,1.874132,0.000000,2.079449,0.000000,0.0000000,0.000000,2.526781,1.918652,0.000000,2.223361,2.164924,0.000000,0.000000,2.296137,0.000000,1.761750,1.849603,0.0000000,0.000000,2.192718,0.000000,0.000000,0.000000,0.000000,2.224782,0.000000,1.969898,0.000000,0.000000,0.000000,0.000000,0.000000,2.137086,1.974759,0.0000000,0.000000,2.614005,0.000000,0.0000000
1.458077,1.952302,0.0000000,0.000000,0.000000,0.000000,0.000000,2.173851,2.034558,0.000000,2.007150,2.168485,2.237610,2.446300,2.235326,2.397264,1.629012,2.310517,1.637508,0.000000,1.850431,2.024252,2.031843,2.274420,1.771233,2.078309,0.000000,2.174832,2.035329,1.655335,1.903983,0.000000,2.081356,0.000000,0.0000000,0.000000,2.470704,2.021496,0.000000,0.000000,1.929413,1.910107,0.000000,2.166487,0.000000,1.601531,1.692440,0.0000000,0.000000,1.933155,2.013211,2.064135,0.000000,0.000000,2.123538,1.866065,0.000000,1.780329,0.000000,2.291720,0.000000,0.000000,2.091286,1.987927,0.0000000,0.000000,2.519803,1.861973,0.0000000
0.000000,1.973613,1.8580116,1.807113,0.000000,0.000000,0.000000,2.092674,1.817194,0.000000,0.000000,1.849313,2.075400,2.561111,2.341879,2.405798,1.865743,2.318245,0.000000,2.093880,0.000000,2.263979,2.194143,2.263950,1.999347,2.171579,1.975416,1.983491,0.000000,0.000000,1.825390,0.000000,0.000000,0.000000,1.8770952,0.000000,2.503735,2.033107,1.952601,0.000000,0.000000,0.000000,0.000000,2.020754,2.169208,0.000000,0.000000,1.8149909,0.000000,1.981519,2.075081,1.997269,0.000000,0.000000,2.087744,0.000000,0.000000,2.119618,0.000000,2.211181,0.000000,0.000000,2.436620,2.136791,0.0000000,0.000000,2.506464,0.000000,0.0000000
0.000000,1.939238,1.9439621,0.000000,0.000000,0.000000,0.000000,2.022204,2.055480,0.000000,0.000000,1.676544,1.975636,2.544606,2.254076,2.372083,1.912640,2.415588,1.963798,2.116668,1.904302,2.191590,2.081399,2.218085,2.068637,2.196417,1.783825,2.121829,2.210872,0.000000,2.153949,0.000000,0.000000,1.428243,1.7856649,0.000000,2.406169,1.684613,1.998553,0.000000,2.052348,0.000000,1.781733,2.165509,0.000000,0.000000,1.714894,0.0000000,0.000000,1.873984,2.040380,2.286147,1.569633,0.000000,0.000000,0.000000,1.783564,1.769290,0.000000,2.094663,0.000000,0.000000,2.232849,2.091695,0.0000000,0.000000,2.547077,1.958870,2.0097962
0.000000,1.842885,1.6625293,1.539834,2.147923,0.000000,1.746383,2.041696,0.000000,0.000000,1.922826,1.881259,2.045909,2.502959,2.241289,2.334209,1.806911,2.368040,0.000000,2.048626,1.947207,2.102786,2.015275,2.213282,1.940487,2.215028,1.869582,2.073509,2.126958,0.000000,2.068840,0.000000,1.804457,0.000000,1.7711160,0.000000,2.420623,1.864600,1.542019,0.000000,1.915603,0.000000,1.675232,2.200645,0.000000,0.000000,0.000000,0.0000000,0.000000,2.185516,2.184001,2.241287,0.000000,0.000000,1.835911,2.005714,1.727199,2.026944,0.000000,2.077189,0.000000,1.640174,2.230401,2.018398,0.0000000,0.000000,2.469634,1.879668,0.0000000
0.000000,2.083868,0.0000000,0.000000,2.075442,0.000000,0.000000,0.000000,2.079749,0.000000,0.000000,1.958835,1.568097,2.512750,2.318620,2.396004,0.000000,2.148456,0.000000,1.983047,0.000000,2.020874,2.186342,2.222681,0.000000,1.791610,1.696647,0.000000,2.099416,0.000000,1.693833,0.000000,1.801636,0.000000,0.0000000,0.000000,2.483847,2.067230,0.000000,0.000000,2.027634,0.000000,0.000000,2.240585,2.040548,0.000000,0.000000,0.0000000,0.000000,1.735523,2.202185,0.000000,0.000000,0.000000,2.144616,0.000000,0.000000,1.957855,0.000000,2.153470,0.000000,0.000000,2.017011,2.118184,0.0000000,0.000000,2.388775,0.000000,0.0000000
0.000000,2.013594,0.0000000,0.000000,0.000000,0.000000,1.480966,1.952426,2.031332,0.000000,0.000000,2.041897,2.058689,2.446513,2.183687,2.383921,1.638494,2.185428,0.000000,1.744625,1.894378,2.002376,1.937679,2.198419,0.000000,2.098458,1.660024,2.010911,1.764975,0.000000,0.000000,0.000000,0.000000,0.000000,1.4584207,0.000000,2.419090,2.112945,0.000000,0.000000,0.000000,1.817353,0.000000,2.163577,1.542670,0.000000,1.488935,0.0000000,1.553218,1.879680,2.031041,2.044517,0.000000,0.000000,2.049614,0.000000,1.610066,1.606152,0.000000,2.105612,0.000000,0.000000,1.836866,1.790538,0.0000000,0.000000,2.428744,1.755872,0.0000000
0.000000,2.053622,2.0360453,1.709683,1.826017,0.000000,1.870290,2.079040,2.029494,0.000000,0.000000,2.051244,1.997323,2.546022,2.239896,2.401645,1.819786,2.309294,0.000000,2.010547,1.824244,2.252464,2.112996,2.215483,1.846907,2.099677,2.030100,1.956905,0.000000,0.000000,0.000000,0.000000,0.000000,0.000000,0.0000000,0.000000,2.487924,1.982554,1.884469,0.000000,1.678014,0.000000,0.000000,2.184867,2.208995,1.797792,1.887569,2.2236823,0.000000,0.000000,2.118541,1.952708,0.000000,0.000000,2.061173,2.176127,2.384054,2.054412,0.000000,2.076516,2.257717,0.000000,2.135398,2.077270,0.0000000,0.000000,2.319331,1.950325,0.0000000
0.000000,2.354533,2.1013024,2.079206,1.965088,2.209006,2.192593,0.000000,1.914391,0.000000,2.277376,2.144024,2.121068,2.453603,2.218236,2.412895,1.847684,2.242538,1.296960,1.720662,1.987157,1.378612,2.057435,2.260968,0.000000,2.082607,0.000000,2.054819,1.858977,2.232530,1.363443,1.661068,1.891517,0.000000,1.7833972,1.995250,2.445600,1.939384,2.095045,2.207791,2.168048,1.904709,0.000000,2.067233,1.769106,1.755987,1.487765,0.0000000,2.102240,1.880866,0.000000,2.084190,2.063927,0.000000,2.004724,2.131366,2.406378,2.205655,0.000000,2.186560,2.129448,0.000000,2.611395,2.129069,0.0000000,0.000000,2.477358,2.098213,1.8779143
0.000000,1.654224,0.0000000,0.000000,0.000000,0.000000,0.000000,2.048489,2.137976,0.000000,0.000000,2.145868,2.060889,2.479586,2.280426,2.365213,0.000000,2.306874,1.753786,0.000000,2.054473,2.209582,1.830972,2.143921,1.952688,2.076801,1.942559,2.069295,0.000000,0.000000,0.000000,0.000000,0.000000,0.000000,0.0000000,0.000000,2.468712,0.000000,0.000000,1.878148,1.977401,1.875092,0.000000,2.245029,0.000000,0.000000,1.830955,0.0000000,0.000000,2.099884,2.026717,1.831852,0.000000,0.000000,2.112792,0.000000,1.945101,1.695922,0.000000,2.205500,0.000000,0.000000,2.061884,2.113049,0.0000000,1.752246,2.486013,1.679827,0.0000000
0.000000,0.000000,0.0000000,0.000000,0.000000,0.000000,0.000000,0.000000,0.000000,2.343129,0.000000,0.000000,0.000000,2.478426,2.226931,2.389335,0.000000,0.000000,0.000000,0.000000,2.109805,0.000000,0.000000,2.282696,0.000000,1.808217,0.000000,2.148039,1.954830,0.000000,0.000000,0.000000,2.007118,2.040944,0.0000000,0.000000,2.459505,1.946243,0.000000,2.445806,0.000000,0.000000,0.000000,2.122808,0.000000,0.000000,0.000000,0.0000000,0.000000,0.000000,0.000000,2.256587,0.000000,0.000000,0.000000,0.000000,0.000000,0.000000,0.000000,2.266975,0.000000,0.000000,2.358139,0.000000,0.0000000,2.237900,2.523304,0.000000,0.0000000
0.000000,2.210919,2.4581554,0.000000,2.064368,0.000000,2.204641,0.000000,1.787528,0.000000,2.518497,0.000000,2.046804,2.515798,2.246436,2.413314,0.000000,2.283423,0.000000,1.910158,0.000000,0.000000,1.999965,2.149380,1.789640,2.089688,1.911892,1.909311,2.017612,2.412698,2.030737,0.000000,0.000000,1.967512,0.0000000,2.217643,2.489653,2.110085,2.362968,2.505146,2.536952,2.253431,0.000000,2.435468,2.244258,0.000000,2.076050,2.3571784,2.319282,2.401689,0.000000,2.096196,0.000000,0.000000,2.031821,2.307235,2.296430,1.946437,0.000000,2.115232,2.376753,0.000000,2.599219,2.160452,0.0000000,1.849995,2.388322,2.093588,2.3642445
0.000000,1.943638,0.0000000,1.681759,0.000000,0.000000,2.195163,1.963193,1.558139,2.643063,1.948708,0.000000,2.114699,2.495529,2.116607,2.433616,1.947298,2.271116,1.680300,1.855855,1.998434,2.131741,2.044550,2.231615,0.000000,2.111942,1.839638,2.071254,2.184776,0.000000,2.017412,0.000000,0.000000,0.000000,1.8518383,0.000000,2.437265,0.000000,0.000000,1.742074,0.000000,0.000000,0.000000,1.751611,0.000000,0.000000,0.000000,0.0000000,1.830205,0.000000,2.187603,2.099772,0.000000,0.000000,2.054244,0.000000,0.000000,1.621352,0.000000,2.154280,0.000000,0.000000,1.862534,0.000000,0.0000000,1.746965,2.422739,1.788496,0.0000000
0.000000,0.000000,1.2960002,0.000000,2.113579,0.000000,0.000000,0.000000,1.940631,0.000000,0.000000,2.064116,2.031101,2.489194,2.168893,2.445562,0.000000,2.313495,1.496853,2.052059,1.981038,2.092077,2.080324,2.286425,2.033128,2.145085,0.000000,1.898540,2.269362,0.000000,2.162351,0.000000,0.000000,0.000000,1.9379392,0.000000,2.421011,0.000000,0.000000,1.844534,0.000000,0.000000,1.687823,2.129515,0.000000,0.000000,1.757232,0.0000000,1.716679,0.000000,0.000000,2.149179,0.000000,0.000000,2.194418,0.000000,0.000000,1.814016,0.000000,2.029009,1.758819,0.000000,2.237770,1.607344,0.0000000,0.000000,2.423657,1.955631,1.8569763
0.000000,2.507680,2.3549080,0.000000,0.000000,2.257943,2.421273,0.000000,0.000000,0.000000,2.449440,2.137344,2.116570,2.446971,2.130159,2.448976,0.000000,2.236779,0.000000,0.000000,0.000000,1.620463,1.852420,2.239575,0.000000,1.998988,0.000000,1.998351,2.039269,2.343424,1.921532,0.000000,2.161002,0.000000,0.0000000,0.000000,2.485765,0.000000,2.231005,2.435107,2.341584,1.947445,1.848404,2.315248,2.022244,0.000000,1.742105,2.0733334,2.295893,2.300206,0.000000,2.017846,0.000000,0.000000,2.210173,1.825505,2.465799,0.000000,2.038251,2.201091,2.176400,0.000000,2.740139,1.632712,0.0000000,0.000000,2.511604,2.369799,2.3247347
0.000000,2.178885,0.0000000,1.760026,0.000000,0.000000,1.936825,0.000000,0.000000,2.555074,1.919828,0.000000,2.219157,2.450801,2.265167,2.466467,0.000000,2.145679,0.000000,1.668065,1.864812,1.631979,1.957819,2.263743,0.000000,1.923357,0.000000,1.912368,2.002645,0.000000,0.000000,0.000000,0.000000,0.000000,1.5725727,0.000000,2.316039,1.604500,0.000000,0.000000,0.000000,0.000000,0.000000,2.076478,0.000000,0.000000,0.000000,0.0000000,1.650105,0.000000,2.146100,2.056354,0.000000,0.000000,2.040417,0.000000,0.000000,0.000000,0.000000,1.852863,0.000000,0.000000,1.847209,1.684498,0.0000000,0.000000,2.388779,0.000000,2.0190677
0.000000,2.182848,2.3036585,0.000000,1.808806,0.000000,2.313306,0.000000,1.929570,0.000000,1.928546,0.000000,2.015891,2.502144,2.305652,2.375177,0.000000,2.243468,0.000000,2.018684,0.000000,1.903554,2.035596,2.264718,1.866661,2.025064,0.000000,1.784642,2.210783,0.000000,2.196566,0.000000,0.000000,1.968404,0.0000000,1.943128,2.331781,0.000000,2.141856,0.000000,0.000000,0.000000,0.000000,2.328665,2.031900,0.000000,0.000000,0.0000000,2.124257,0.000000,2.212950,2.101393,0.000000,0.000000,2.067515,1.988611,2.419691,0.000000,0.000000,1.781190,2.196890,0.000000,2.380546,1.964559,0.0000000,1.813362,2.325925,0.000000,0.0000000
0.000000,0.000000,0.0000000,0.000000,0.000000,0.000000,0.000000,1.941716,0.000000,0.000000,0.000000,0.000000,2.102288,2.471046,2.275041,2.345002,0.000000,2.330612,0.000000,1.950465,1.969014,2.238676,2.035943,2.198776,1.795119,2.207568,1.829417,2.083084,2.318058,0.000000,2.211249,0.000000,0.000000,0.000000,1.9124883,0.000000,2.423422,0.000000,0.000000,0.000000,0.000000,0.000000,0.000000,1.955945,0.000000,0.000000,1.640841,0.0000000,0.000000,2.009232,0.000000,0.000000,1.870423,0.000000,2.351244,0.000000,0.000000,0.000000,0.000000,2.090285,0.000000,1.792863,1.996471,2.028421,0.0000000,0.000000,2.559030,2.036895,0.0000000
0.000000,1.989607,0.0000000,0.000000,0.000000,0.000000,0.000000,0.000000,1.961802,0.000000,0.000000,2.141612,2.196172,2.490310,2.293331,2.411498,1.663873,2.340107,0.000000,2.000876,1.611700,2.162718,2.031407,2.303406,2.001157,2.048847,1.847390,2.017621,0.000000,0.000000,1.999500,0.000000,1.747483,0.000000,1.7664411,0.000000,2.479120,1.845294,1.643423,0.000000,0.000000,1.498314,0.000000,2.210695,2.114095,1.786983,1.842010,0.0000000,0.000000,1.903746,2.355037,1.934737,1.536785,0.000000,2.263930,0.000000,1.770636,2.059374,0.000000,1.964138,0.000000,0.000000,2.209138,1.792640,0.0000000,1.956434,2.460282,1.795371,1.6914746
0.000000,2.054263,0.0000000,1.561571,0.000000,0.000000,0.000000,0.000000,1.909956,0.000000,0.000000,2.050822,2.141970,2.431319,2.188891,2.407844,0.000000,2.123059,0.000000,1.933820,1.837346,1.792395,2.004697,2.285642,1.969442,1.867098,1.755209,1.756989,2.042909,0.000000,1.884537,0.000000,2.045069,0.000000,1.8801886,0.000000,2.494924,2.179983,0.000000,0.000000,0.000000,1.492973,1.632457,2.140795,0.000000,0.000000,0.000000,0.0000000,1.733781,0.000000,0.000000,2.016778,0.000000,0.000000,2.181934,0.000000,0.000000,0.000000,0.000000,2.218935,0.000000,0.000000,1.897597,1.710599,0.0000000,0.000000,2.501723,1.604198,1.8935059
0.000000,1.955392,2.2730049,1.987390,0.000000,0.000000,0.000000,0.000000,1.982780,0.000000,0.000000,2.089935,1.864334,2.497818,2.303180,2.393399,0.000000,2.266769,0.000000,2.057427,0.000000,2.079964,2.044541,2.279583,2.047484,2.036032,1.832097,0.000000,2.238722,0.000000,2.147203,0.000000,1.719566,0.000000,1.8176712,0.000000,2.442863,0.000000,2.189227,0.000000,1.750512,0.000000,0.000000,2.169192,2.084998,0.000000,0.000000,1.4450824,1.934423,0.000000,2.327898,1.996602,0.000000,0.000000,2.193465,2.089770,2.439383,2.014837,0.000000,1.907086,2.195892,0.000000,2.381013,2.000577,0.0000000,1.892574,2.437705,0.000000,0.0000000
0.000000,1.810134,0.0000000,0.000000,0.000000,0.000000,1.585127,1.911651,2.104771,0.000000,0.000000,2.238542,2.215831,2.441984,2.261325,2.458149,0.000000,2.160354,0.000000,1.997824,1.997979,1.996026,2.042295,2.250803,1.944145,1.970819,1.931089,1.900233,2.133567,0.000000,2.025277,0.000000,0.000000,0.000000,1.8798103,0.000000,2.466402,1.749734,1.872510,0.000000,0.000000,1.780366,0.000000,0.000000,0.000000,0.000000,1.674718,0.0000000,0.000000,1.974843,0.000000,1.997104,1.755872,0.000000,2.324826,0.000000,1.773838,0.000000,0.000000,2.214713,0.000000,0.000000,2.094345,2.068461,1.6343580,0.000000,2.582616,1.782813,1.8553942
0.000000,1.959602,1.7658511,0.000000,0.000000,0.000000,1.761182,1.852384,2.001929,0.000000,0.000000,0.000000,2.160431,2.434537,2.118650,2.483408,1.949147,2.211774,0.000000,1.830836,0.000000,1.941650,2.020108,2.214483,1.902109,2.009685,0.000000,2.040084,2.100879,0.000000,1.891706,0.000000,0.000000,0.000000,1.7959826,0.000000,2.381870,0.000000,0.000000,0.000000,0.000000,0.000000,0.000000,2.020094,2.029691,0.000000,0.000000,1.5466273,1.366211,0.000000,0.000000,1.890046,0.000000,0.000000,2.196472,0.000000,0.000000,0.000000,0.000000,2.149837,1.878525,0.000000,1.835853,1.756202,0.0000000,0.000000,2.427722,0.000000,2.0982550
0.000000,1.976865,0.0000000,0.000000,0.000000,0.000000,0.000000,0.000000,1.834709,1.875845,0.000000,2.176284,2.212306,2.445154,2.182790,2.450503,0.000000,2.183878,0.000000,1.798340,0.000000,0.000000,1.845920,2.210723,1.915296,0.000000,0.000000,1.853729,0.000000,0.000000,0.000000,0.000000,0.000000,0.000000,1.9946902,0.000000,2.472082,1.923251,0.000000,0.000000,0.000000,0.000000,0.000000,0.000000,0.000000,0.000000,0.000000,0.0000000,0.000000,0.000000,0.000000,1.944551,0.000000,0.000000,2.151950,0.000000,0.000000,0.000000,0.000000,2.200398,0.000000,0.000000,1.940372,0.000000,0.0000000,0.000000,2.510396,0.000000,0.0000000
0.000000,2.027805,1.7147803,1.660533,2.007676,0.000000,1.817222,1.989557,1.852653,0.000000,2.130776,2.148818,2.096639,2.461415,2.199356,2.386627,1.585212,2.178191,0.000000,0.000000,1.925273,0.000000,1.960810,2.150867,0.000000,2.072918,1.639076,1.905076,1.717926,0.000000,0.000000,0.000000,0.000000,0.000000,1.7416626,0.000000,2.452575,2.000383,1.784169,0.000000,0.000000,1.768606,0.000000,2.137939,1.520701,0.000000,1.812122,2.1087298,1.998466,1.951184,0.000000,2.212373,0.000000,0.000000,1.788047,2.060286,2.107800,1.803437,0.000000,2.214831,2.017026,0.000000,2.172744,2.029378,0.0000000,0.000000,2.438366,2.066957,1.8612883
2.120554,2.509837,0.0000000,2.240014,2.213949,0.000000,2.045381,2.205209,2.178801,0.000000,2.195531,0.000000,2.189450,2.506529,2.328668,2.416157,0.000000,2.250045,0.000000,1.864101,0.000000,2.106115,2.045080,2.249061,0.000000,2.094420,1.986105,0.000000,2.186422,2.011279,0.000000,0.000000,0.000000,0.000000,0.0000000,0.000000,2.449280,2.106936,0.000000,2.288558,2.087752,1.926303,0.000000,2.258106,0.000000,0.000000,0.000000,0.0000000,0.000000,0.000000,0.000000,1.945343,0.000000,0.000000,0.000000,2.022991,2.092646,0.000000,0.000000,2.308440,0.000000,0.000000,2.653546,2.072970,0.0000000,2.110947,2.613710,0.000000,0.0000000
0.000000,1.940930,0.0000000,0.000000,0.000000,0.000000,1.686851,0.000000,1.783861,0.000000,1.846232,1.858596,2.108411,2.441946,2.133974,2.379876,1.876514,2.230933,0.000000,1.901799,1.938980,1.919998,2.091661,2.212203,1.901513,2.053191,0.000000,1.988298,1.946229,0.000000,0.000000,0.000000,2.256155,0.000000,0.0000000,0.000000,2.377814,1.893708,0.000000,0.000000,0.000000,0.000000,0.000000,0.000000,1.842542,0.000000,0.000000,0.0000000,0.000000,0.000000,0.000000,2.001672,2.080515,0.000000,0.000000,0.000000,1.748091,1.895559,0.000000,2.160771,0.000000,0.000000,1.950099,1.663820,0.0000000,0.000000,2.458465,1.880513,1.8991285
0.000000,2.186961,0.0000000,1.984038,0.000000,0.000000,1.700909,0.000000,1.706920,0.000000,1.519903,1.958362,1.909537,2.398678,2.129108,2.455993,2.060998,2.387166,1.650675,1.794437,2.149740,2.181088,2.142106,2.169509,1.890746,2.157231,0.000000,2.145650,0.000000,0.000000,1.947224,0.000000,1.948532,0.000000,1.7530548,0.000000,2.370346,1.874169,0.000000,1.579360,0.000000,0.000000,1.783350,2.064214,0.000000,1.928972,0.000000,0.0000000,1.719603,1.663057,1.819445,2.033244,0.000000,0.000000,2.047865,1.588272,1.795579,1.713374,0.000000,2.100938,1.619466,0.000000,2.358379,1.236154,0.0000000,0.000000,2.407989,2.128530,1.8240035
0.000000,2.268901,2.2139138,1.895796,1.640932,0.000000,2.145506,0.000000,1.923640,0.000000,2.236945,2.077667,0.000000,2.445522,2.138623,2.475251,1.865460,2.238131,0.000000,1.566736,0.000000,0.000000,1.953147,2.212539,0.000000,1.963378,1.974879,2.057346,2.169797,0.000000,2.071752,0.000000,1.845875,1.456435,1.7996100,1.891825,2.365077,0.000000,1.969524,2.239282,1.931752,0.000000,0.000000,2.030299,1.806294,0.000000,1.539999,0.0000000,2.208153,2.178169,0.000000,2.000815,0.000000,0.000000,2.105343,2.038094,2.342020,1.564412,0.000000,2.120996,1.962172,0.000000,2.569349,1.858380,0.0000000,0.000000,2.376975,2.107620,2.0269472
0.000000,2.314973,2.0328824,1.813650,1.685416,1.833980,2.050778,0.000000,1.905159,0.000000,2.240584,2.052309,2.101972,2.441849,2.234980,2.465512,1.803623,2.212789,0.000000,1.680111,0.000000,1.805215,1.952514,2.294407,1.694050,2.015145,2.002278,2.089771,2.171458,0.000000,2.058383,0.000000,1.951441,0.000000,1.5809285,0.000000,2.294691,0.000000,2.142940,2.280745,2.096558,0.000000,1.788645,2.265939,1.951526,0.000000,0.000000,0.0000000,1.960439,0.000000,1.480661,2.261073,0.000000,0.000000,2.051928,2.082702,2.294809,1.589638,1.959928,1.703109,2.090282,0.000000,2.516833,1.929215,0.0000000,1.516615,2.233195,2.221911,2.0345915
0.000000,2.502332,2.3577810,2.026398,0.000000,2.267333,2.426093,0.000000,0.000000,0.000000,2.453303,0.000000,2.153114,2.453958,2.113627,2.414722,1.910379,2.267612,0.000000,0.000000,0.000000,0.000000,2.041422,2.241185,0.000000,0.000000,0.000000,0.000000,2.181131,2.343851,2.077359,0.000000,2.157477,0.000000,1.6793518,2.105692,2.446452,0.000000,2.126975,2.486192,2.223518,0.000000,0.000000,1.969571,1.925760,0.000000,0.000000,2.0628482,2.345096,0.000000,0.000000,2.060985,0.000000,0.000000,2.003701,2.114293,2.459168,0.000000,0.000000,2.233615,2.187328,0.000000,2.713933,1.890991,0.0000000,0.000000,2.505106,2.321025,2.2776504
0.000000,2.021657,1.8443650,0.000000,0.000000,0.000000,0.000000,1.376924,1.863119,1.604009,0.000000,1.964010,2.173673,2.425315,2.135595,2.446383,1.928131,2.150504,0.000000,1.691804,1.819667,1.847277,1.947018,2.281345,1.847420,2.030740,1.688250,2.013327,2.090640,0.000000,1.921956,0.000000,2.164389,0.000000,1.6978770,0.000000,2.399083,2.046495,0.000000,0.000000,0.000000,0.000000,0.000000,2.073979,2.036814,0.000000,0.000000,1.4461846,0.000000,1.537956,0.000000,2.066203,0.000000,0.000000,2.153126,0.000000,1.800890,1.511149,1.272655,2.168194,0.000000,0.000000,1.857551,1.370295,0.0000000,1.500654,2.434336,0.000000,1.8912514
0.000000,1.848837,0.0000000,0.000000,0.000000,0.000000,0.000000,1.836622,1.880035,0.000000,0.000000,2.124200,2.001398,2.453476,2.210027,2.407896,0.000000,2.250779,0.000000,1.946979,1.876823,1.474460,1.965989,2.238709,1.802929,2.036361,0.000000,1.936455,0.000000,0.000000,0.000000,0.000000,0.000000,0.000000,1.7410917,0.000000,2.439224,1.848725,0.000000,0.000000,0.000000,1.786098,0.000000,2.068176,0.000000,0.000000,1.536897,0.0000000,0.000000,1.627147,1.913173,2.020299,0.000000,0.000000,1.865506,0.000000,1.902274,1.532541,0.000000,2.147414,0.000000,0.000000,1.947161,1.880772,0.0000000,0.000000,2.460073,1.820173,0.0000000
0.000000,2.052827,0.0000000,0.000000,1.996941,0.000000,0.000000,0.000000,1.947627,0.000000,0.000000,1.868259,1.709566,2.433127,2.029110,2.391322,2.098135,2.481434,0.000000,1.797501,2.018418,2.120541,1.977412,2.234830,1.867462,2.348550,0.000000,2.207723,0.000000,0.000000,0.000000,0.000000,0.000000,0.000000,1.6762779,0.000000,2.220700,0.000000,0.000000,0.000000,0.000000,0.000000,0.000000,2.102818,0.000000,0.000000,0.000000,0.0000000,1.482104,0.000000,1.791902,1.885050,0.000000,0.000000,2.211458,0.000000,1.710852,1.804468,0.000000,1.812142,0.000000,0.000000,2.289813,0.000000,0.0000000,0.000000,2.352403,1.959259,1.8459659
0.000000,0.000000,0.0000000,0.000000,0.000000,0.000000,0.000000,1.864514,2.238543,0.000000,0.000000,2.259720,2.138171,2.502868,2.354237,2.430604,0.000000,2.374354,0.000000,1.770245,2.104099,2.232665,1.919541,2.226864,1.975680,2.135175,1.996089,1.952029,2.373845,0.000000,2.211718,0.000000,0.000000,2.110026,0.0000000,0.000000,2.492897,2.120353,0.000000,0.000000,0.000000,1.876003,0.000000,2.263072,0.000000,0.000000,1.816460,0.0000000,0.000000,1.955543,0.000000,1.958195,0.000000,0.000000,2.250215,0.000000,0.000000,0.000000,0.000000,2.209130,0.000000,0.000000,2.172854,2.054744,0.0000000,0.000000,2.572881,0.000000,2.1360012
0.000000,2.045358,1.7511367,1.595510,0.000000,0.000000,0.000000,0.000000,0.000000,0.000000,0.000000,1.855010,2.007571,2.427363,1.932211,2.432540,0.000000,2.163750,0.000000,0.000000,1.933984,0.000000,1.920414,2.156796,1.363721,2.082979,0.000000,1.965055,2.129916,0.000000,2.073945,0.000000,0.000000,1.826069,1.5065074,0.000000,2.412102,1.995908,0.000000,0.000000,0.000000,0.000000,0.000000,2.059091,2.131841,0.000000,0.000000,0.0000000,1.393199,0.000000,0.000000,1.955458,0.000000,0.000000,1.761390,1.702311,0.000000,0.000000,0.000000,2.210010,1.580146,0.000000,0.000000,0.000000,0.0000000,1.572937,2.308100,0.000000,1.9106362
0.000000,0.000000,0.0000000,0.000000,0.000000,0.000000,0.000000,0.000000,2.101399,2.008966,0.000000,0.000000,2.227965,2.446870,2.262173,2.449033,0.000000,2.295884,0.000000,1.891474,0.000000,2.205644,2.158256,2.337791,0.000000,2.102378,0.000000,0.000000,2.247877,1.750825,1.769277,0.000000,0.000000,0.000000,1.7599145,0.000000,2.556930,2.189204,0.000000,0.000000,0.000000,0.000000,0.000000,2.174771,1.967863,0.000000,0.000000,0.0000000,0.000000,2.085687,2.388881,0.000000,0.000000,0.000000,2.352418,0.000000,0.000000,1.879532,0.000000,2.119926,0.000000,0.000000,1.944854,1.943869,0.0000000,0.000000,2.408415,0.000000,0.0000000
0.000000,1.833872,0.0000000,0.000000,0.000000,0.000000,0.000000,0.000000,2.140112,0.000000,0.000000,2.071504,2.178769,2.415687,2.227234,2.464484,2.062289,2.401725,1.847879,2.001209,1.999004,2.309498,2.061155,2.253059,1.987259,2.243808,0.000000,2.207604,0.000000,0.000000,0.000000,0.000000,0.000000,0.000000,0.0000000,0.000000,2.313696,2.148873,2.017572,1.832257,0.000000,0.000000,0.000000,2.262288,0.000000,0.000000,1.803675,0.0000000,1.817269,2.086241,0.000000,1.932255,0.000000,0.000000,2.203043,2.221033,2.237539,0.000000,0.000000,1.911415,1.958509,0.000000,2.184314,2.098544,0.0000000,0.000000,2.514870,0.000000,0.0000000
0.000000,1.923956,0.0000000,0.000000,0.000000,0.000000,0.000000,0.000000,0.000000,0.000000,0.000000,2.184867,2.200628,2.476558,2.281961,2.517919,0.000000,2.305879,0.000000,1.870664,0.000000,0.000000,1.905714,2.238896,1.962619,2.107237,0.000000,2.037225,2.024904,0.000000,0.000000,0.000000,0.000000,0.000000,1.8192052,0.000000,2.431734,0.000000,0.000000,0.000000,0.000000,0.000000,0.000000,0.000000,0.000000,0.000000,0.000000,0.0000000,0.000000,0.000000,2.078194,0.000000,0.000000,0.000000,2.366200,0.000000,0.000000,0.000000,0.000000,2.056438,0.000000,0.000000,0.000000,0.000000,0.0000000,0.000000,2.565743,0.000000,1.9940945
0.000000,1.973346,0.0000000,0.000000,0.000000,0.000000,0.000000,0.000000,1.645877,0.000000,0.000000,0.000000,2.042815,2.466821,2.142093,2.486132,0.000000,2.316073,1.380158,1.931915,2.111630,1.986777,2.051321,2.343151,1.946698,1.994497,0.000000,2.001622,2.314466,0.000000,2.277931,0.000000,0.000000,0.000000,1.7826931,0.000000,2.319064,0.000000,0.000000,0.000000,0.000000,0.000000,0.000000,0.000000,0.000000,0.000000,0.000000,0.0000000,0.000000,0.000000,0.000000,2.113055,0.000000,0.000000,2.166251,0.000000,0.000000,1.826737,0.000000,1.838998,0.000000,1.665360,1.992648,1.812763,0.0000000,0.000000,2.394714,2.184517,0.0000000
0.000000,1.797025,0.0000000,1.760334,0.000000,0.000000,1.817877,0.000000,2.060817,0.000000,0.000000,2.080440,2.153095,2.490078,2.142122,2.449537,1.973830,2.415622,1.781889,2.003262,2.014209,2.249027,2.052408,2.145274,1.862480,2.220111,0.000000,2.199776,0.000000,0.000000,2.118073,0.000000,0.000000,0.000000,1.8061620,0.000000,2.513617,2.086094,0.000000,0.000000,0.000000,0.000000,0.000000,2.149967,2.009779,0.000000,0.000000,0.0000000,0.000000,1.758494,2.355256,2.140123,0.000000,0.000000,2.346785,2.140483,0.000000,1.950089,0.000000,1.917416,2.090300,0.000000,2.186135,1.870468,0.0000000,0.000000,2.207132,1.937099,1.7892294
0.000000,1.826544,0.0000000,0.000000,0.000000,0.000000,0.000000,0.000000,2.113299,0.000000,0.000000,2.119829,2.144027,2.434757,2.222540,2.460726,2.020177,2.371634,0.000000,0.000000,0.000000,2.090931,1.914419,2.186233,0.000000,2.235103,0.000000,2.257172,2.126226,0.000000,1.919514,0.000000,0.000000,0.000000,0.0000000,0.000000,2.448944,2.048273,0.000000,0.000000,0.000000,0.000000,0.000000,2.210825,0.000000,0.000000,1.767733,0.0000000,0.000000,1.991203,0.000000,2.392566,0.000000,0.000000,2.376720,0.000000,0.000000,0.000000,0.000000,2.191303,0.000000,0.000000,2.010402,2.144281,0.0000000,0.000000,2.527368,0.000000,1.7273903
0.000000,0.000000,0.0000000,0.000000,1.888687,0.000000,0.000000,0.000000,2.139095,0.000000,0.000000,2.270708,2.141125,2.441181,2.168856,2.383938,0.000000,2.299809,0.000000,1.822260,1.792830,2.087388,1.863206,2.061679,0.000000,1.955333,0.000000,1.814667,0.000000,0.000000,1.894500,0.000000,0.000000,0.000000,0.0000000,0.000000,2.468086,1.960672,0.000000,1.756303,2.014346,0.000000,0.000000,0.000000,0.000000,0.000000,1.617314,0.0000000,0.000000,2.032151,0.000000,2.079730,2.140667,0.000000,2.338151,0.000000,1.953227,1.800045,0.000000,2.319543,0.000000,0.000000,2.022991,2.001297,0.0000000,0.000000,2.544507,1.904445,0.0000000
0.000000,2.257319,0.0000000,2.141669,0.000000,0.000000,2.068960,0.000000,1.983429,2.317383,2.190428,1.913375,2.181259,2.479760,2.213664,2.431771,1.846240,2.246604,0.000000,1.980590,1.718886,2.097085,2.008298,2.193804,1.906082,2.083615,1.820365,2.102965,2.185440,0.000000,2.085337,0.000000,1.663321,0.000000,1.8921438,0.000000,2.591025,2.145844,1.995340,2.081521,0.000000,0.000000,1.896089,2.144190,0.000000,0.000000,0.000000,0.0000000,1.558288,1.694201,2.308343,2.182331,0.000000,0.000000,2.059831,0.000000,0.000000,0.000000,0.000000,2.264972,1.818147,1.806030,2.171419,2.069014,0.0000000,0.000000,2.554429,2.008186,1.9435225
0.000000,0.000000,1.8674945,0.000000,0.000000,0.000000,0.000000,0.000000,1.757758,0.000000,0.000000,2.001923,2.149512,2.506213,2.252511,2.483640,0.000000,2.254448,0.000000,1.909093,0.000000,2.148129,2.059854,2.235178,0.000000,2.076456,0.000000,1.823404,2.212438,0.000000,2.061200,0.000000,0.000000,0.000000,0.0000000,0.000000,2.498814,2.012089,0.000000,0.000000,0.000000,0.000000,0.000000,2.072167,2.077456,0.000000,1.782621,0.0000000,0.000000,2.122209,2.261378,0.000000,0.000000,0.000000,2.291008,0.000000,0.000000,0.000000,0.000000,2.201198,0.000000,0.000000,2.178371,2.117348,0.0000000,0.000000,2.002685,2.265025,0.0000000
0.000000,2.115989,0.0000000,0.000000,0.000000,0.000000,0.000000,0.000000,0.000000,0.000000,0.000000,1.916958,2.064246,2.438703,2.080254,2.385527,1.925281,2.435364,0.000000,1.874299,2.119480,2.088539,1.959713,2.248684,1.912258,2.187893,1.902089,2.105570,2.176382,0.000000,1.474460,0.000000,0.000000,0.000000,1.7736850,0.000000,2.354271,0.000000,0.000000,0.000000,0.000000,0.000000,0.000000,1.871619,0.000000,0.000000,0.000000,0.0000000,0.000000,0.000000,2.232555,2.214190,0.000000,0.000000,1.994783,0.000000,0.000000,2.048366,0.000000,1.725092,0.000000,0.000000,2.202340,0.000000,0.0000000,0.000000,2.235409,0.000000,1.7769456
0.000000,2.087229,0.0000000,0.000000,0.000000,0.000000,0.000000,2.137633,0.000000,0.000000,0.000000,0.000000,1.967200,2.558130,2.277205,2.436710,0.000000,2.231862,0.000000,1.989185,0.000000,1.981035,2.212544,2.255188,1.806446,1.903811,0.000000,0.000000,2.007032,0.000000,0.000000,0.000000,0.000000,0.000000,0.0000000,0.000000,2.530802,2.036474,0.000000,0.000000,2.037641,0.000000,0.000000,2.219381,2.161023,0.000000,0.000000,0.0000000,0.000000,1.846308,2.169266,0.000000,0.000000,0.000000,2.035583,0.000000,0.000000,2.091670,0.000000,2.250436,0.000000,0.000000,2.046114,1.950554,0.0000000,0.000000,2.388648,0.000000,0.0000000
0.000000,1.916240,1.9764871,0.000000,0.000000,0.000000,0.000000,0.000000,1.863995,1.623654,0.000000,1.959503,2.054729,2.484209,2.296994,2.415020,2.013985,2.210418,0.000000,1.920141,1.973539,1.941503,2.013168,2.273059,1.767694,2.015271,1.749299,2.079504,1.998937,0.000000,1.946116,0.000000,2.241445,1.569864,1.7374567,0.000000,2.454432,1.988386,0.000000,0.000000,0.000000,1.846171,0.000000,2.061393,2.249472,0.000000,0.000000,0.0000000,0.000000,1.686579,0.000000,2.006014,0.000000,0.000000,2.087708,0.000000,1.869345,0.000000,1.878842,2.206732,0.000000,0.000000,1.831192,1.637261,0.0000000,1.698446,2.422636,2.007661,1.7878396
0.000000,1.728966,1.8949436,0.000000,0.000000,0.000000,1.736148,2.009415,1.755641,0.000000,0.000000,1.972581,2.077283,2.487757,2.110686,2.397698,1.719932,2.106397,0.000000,1.727007,1.765326,1.897932,1.932089,2.114704,1.763207,1.836246,1.482255,1.758579,1.511793,0.000000,0.000000,0.000000,0.000000,0.000000,1.6984672,0.000000,2.420863,1.929860,0.000000,0.000000,0.000000,1.761196,0.000000,2.037101,2.069950,0.000000,1.546045,0.0000000,0.000000,0.000000,0.000000,0.000000,0.000000,0.000000,1.695879,1.599211,1.630889,1.900268,0.000000,2.178416,0.000000,0.000000,1.777827,1.773558,0.0000000,1.749929,2.342998,1.825620,0.0000000
1.622879,2.427262,2.1614676,2.087601,1.797231,2.224581,2.344647,0.000000,0.000000,0.000000,2.333774,2.025330,2.144109,2.445206,2.087699,2.410225,1.674449,2.199721,0.000000,0.000000,0.000000,0.000000,1.900455,2.206887,0.000000,1.963602,0.000000,2.013400,1.873965,0.000000,1.896652,1.563933,0.000000,0.000000,0.0000000,2.075723,2.430894,1.962507,2.102738,2.285488,2.244772,0.000000,0.000000,1.996675,1.816743,1.936019,0.000000,0.0000000,2.224481,1.812190,1.649446,2.070603,0.000000,1.625725,1.710385,2.180146,2.438434,1.998514,0.000000,2.151500,2.088803,0.000000,2.644363,2.037732,0.0000000,0.000000,2.489914,1.746827,2.1012949
0.000000,1.988876,0.0000000,0.000000,0.000000,0.000000,0.000000,0.000000,1.914528,0.000000,0.000000,2.037407,2.191412,2.480053,2.233088,2.373738,0.000000,2.286476,1.445726,1.948746,1.987670,2.014171,1.917469,2.259265,1.931824,2.055811,0.000000,2.076339,1.609041,0.000000,0.000000,0.000000,0.000000,0.000000,1.6309207,0.000000,2.438050,1.753187,0.000000,0.000000,0.000000,0.000000,0.000000,2.082309,0.000000,0.000000,0.000000,0.0000000,0.000000,1.784015,0.000000,2.046037,0.000000,0.000000,1.954410,0.000000,0.000000,1.717870,0.000000,2.192556,0.000000,0.000000,1.938669,1.901493,0.0000000,0.000000,2.528002,1.960007,1.9067105
0.000000,0.000000,1.6524313,0.000000,0.000000,0.000000,0.000000,2.128119,1.950055,0.000000,0.000000,2.160727,2.235802,2.515025,2.278050,2.402812,0.000000,2.357585,1.919484,2.003710,0.000000,2.296407,2.024125,2.159198,2.028013,2.187318,1.906749,2.080792,0.000000,0.000000,2.104165,0.000000,0.000000,1.994078,0.0000000,0.000000,2.457525,0.000000,0.000000,0.000000,0.000000,0.000000,0.000000,1.874785,0.000000,0.000000,1.963325,0.0000000,0.000000,2.046299,0.000000,2.015923,0.000000,0.000000,2.260878,0.000000,0.000000,0.000000,0.000000,2.228438,0.000000,0.000000,1.965675,2.101358,0.0000000,0.000000,2.591445,1.940420,0.0000000
0.000000,2.434210,2.3026245,1.991433,2.073597,2.239839,1.762933,0.000000,0.000000,0.000000,2.332928,2.134656,2.202169,2.418637,1.693138,2.393892,1.968876,2.342118,0.000000,0.000000,0.000000,1.580711,2.009059,2.272366,0.000000,2.178858,0.000000,2.175690,1.993642,0.000000,1.649761,0.000000,0.000000,0.000000,0.0000000,0.000000,2.416982,2.025852,2.091330,2.347621,2.310312,0.000000,0.000000,1.957277,0.000000,2.175025,0.000000,0.0000000,2.257292,1.852660,0.000000,1.974882,0.000000,0.000000,1.725763,2.189205,2.420269,2.083128,0.000000,2.106033,2.046450,0.000000,2.510744,2.008392,0.0000000,0.000000,2.457878,2.202585,1.9788489
0.000000,0.000000,0.0000000,0.000000,0.000000,0.000000,0.000000,2.048380,2.022238,0.000000,0.000000,2.064670,2.150646,2.512683,2.209896,2.399465,1.509398,2.318288,1.625360,2.027453,1.735044,2.100407,1.997288,2.262667,1.955421,2.064796,0.000000,2.062898,0.000000,0.000000,0.000000,0.000000,0.000000,0.000000,1.7026184,0.000000,2.486772,0.000000,1.885811,0.000000,0.000000,0.000000,0.000000,1.666551,0.000000,0.000000,1.679494,0.0000000,1.835130,1.665594,1.947662,2.041524,0.000000,0.000000,2.141647,0.000000,1.597213,0.000000,0.000000,2.277258,0.000000,0.000000,1.998770,1.880825,0.0000000,0.000000,2.517129,1.904037,1.7709604
2.024284,2.481411,2.3369023,2.230539,0.000000,0.000000,2.065464,2.043056,0.000000,0.000000,2.732841,0.000000,2.266597,2.492136,0.000000,2.413354,0.000000,0.000000,0.000000,0.000000,0.000000,0.000000,0.000000,2.347370,0.000000,0.000000,0.000000,0.000000,0.000000,2.565544,0.000000,2.365333,1.941375,0.000000,0.0000000,2.498654,2.479807,2.034278,2.393643,2.668799,2.521821,2.479085,0.000000,2.407938,0.000000,0.000000,2.190216,0.0000000,0.000000,2.009593,0.000000,1.961989,0.000000,0.000000,0.000000,0.000000,0.000000,0.000000,0.000000,0.000000,2.233521,1.951071,2.512349,0.000000,0.0000000,2.194232,2.274609,2.318647,0.0000000
0.000000,2.147927,2.0007220,2.064000,0.000000,0.000000,0.000000,2.022434,2.129467,0.000000,0.000000,2.198724,2.197086,2.455034,2.323169,2.373381,1.570741,2.253573,1.541203,1.937110,1.970660,2.181004,2.046435,2.235273,1.926604,2.055058,1.795294,2.104750,0.000000,0.000000,1.882494,0.000000,1.974576,0.000000,1.6990551,0.000000,2.456178,2.114491,1.548678,0.000000,2.068618,1.968608,0.000000,1.686806,0.000000,0.000000,1.879952,0.0000000,0.000000,2.127407,1.982814,1.999228,0.000000,0.000000,2.188028,2.110071,2.141870,1.698740,0.000000,2.114025,0.000000,0.000000,2.343869,2.126866,0.0000000,0.000000,2.596224,1.918744,0.0000000
1.790425,2.539835,0.0000000,2.185229,2.234482,2.217508,2.366346,1.864168,0.000000,0.000000,2.351908,2.054067,2.316311,2.452811,2.192454,2.382903,1.836124,2.240452,0.000000,1.899791,1.975427,2.109310,2.046695,2.226733,0.000000,2.012671,1.788737,2.073068,0.000000,0.000000,1.899893,0.000000,2.035307,0.000000,0.0000000,0.000000,2.455949,2.126126,0.000000,2.463576,2.397520,0.000000,0.000000,1.948250,0.000000,2.110610,0.000000,0.0000000,1.772791,1.927132,0.000000,2.043809,0.000000,1.799248,2.180919,2.060588,2.197748,2.006444,0.000000,2.065874,0.000000,0.000000,2.650262,2.042208,0.0000000,2.181508,2.584004,1.987051,1.9168159
0.000000,1.849053,1.8984471,0.000000,2.110862,0.000000,2.019743,1.683806,1.944117,0.000000,1.574925,1.857614,2.018866,2.494966,2.204265,2.384334,2.013732,2.361900,1.864845,1.995001,1.953381,2.215206,2.040422,2.169846,1.951401,2.181095,1.669363,2.163390,0.000000,0.000000,2.146721,0.000000,0.000000,2.069361,1.8138427,0.000000,2.344967,1.743878,0.000000,2.001193,2.185435,1.862628,1.748409,2.174914,0.000000,0.000000,0.000000,0.0000000,1.806689,1.680371,0.000000,2.075319,1.567957,0.000000,1.569122,1.379901,1.817156,1.846027,0.000000,1.935708,1.647831,1.469750,2.075093,2.116228,0.0000000,0.000000,2.402324,1.851356,0.0000000
0.000000,1.908067,1.7771944,0.000000,1.667989,0.000000,0.000000,0.000000,1.974169,0.000000,1.769028,2.082074,2.201411,2.519680,2.304038,2.411117,1.893372,2.328459,1.760152,2.033262,0.000000,2.209164,2.151853,2.236248,0.000000,2.140638,1.754426,2.042108,0.000000,0.000000,1.857928,0.000000,0.000000,0.000000,0.0000000,0.000000,2.276995,2.084410,0.000000,0.000000,0.000000,0.000000,0.000000,2.195770,2.133948,1.801793,0.000000,0.0000000,0.000000,2.110572,2.252412,1.836214,0.000000,0.000000,2.247361,0.000000,0.000000,2.020666,0.000000,2.148871,0.000000,0.000000,2.084445,2.116177,0.0000000,1.736509,2.322165,1.804734,0.0000000
0.000000,1.917491,0.0000000,0.000000,1.780875,0.000000,0.000000,0.000000,1.927066,2.460527,0.000000,0.000000,2.111107,2.471755,2.202268,2.413135,0.000000,2.277885,0.000000,1.998337,2.165142,2.110082,1.991648,2.218904,1.837192,2.075511,1.911554,2.026817,2.289626,0.000000,1.987233,0.000000,0.000000,0.000000,1.9133106,0.000000,2.453782,2.068772,0.000000,0.000000,0.000000,0.000000,0.000000,2.191681,0.000000,0.000000,0.000000,0.0000000,1.634074,0.000000,2.205394,2.094765,2.107026,0.000000,2.317413,0.000000,0.000000,1.895212,0.000000,2.303042,1.764718,0.000000,2.131651,1.887909,0.0000000,0.000000,2.509771,2.265291,1.8845488
0.000000,1.943219,0.0000000,0.000000,0.000000,0.000000,0.000000,2.000566,1.977664,0.000000,0.000000,2.029484,2.115574,2.550450,2.315262,2.325630,1.612565,2.403824,0.000000,2.087875,0.000000,2.289390,2.163111,2.338030,1.809382,2.147752,1.862588,0.000000,0.000000,0.000000,0.000000,0.000000,0.000000,0.000000,0.0000000,0.000000,2.342658,2.056868,1.975095,0.000000,0.000000,0.000000,0.000000,2.158823,1.703984,0.000000,0.000000,0.0000000,0.000000,1.708564,2.305637,0.000000,0.000000,0.000000,2.264700,0.000000,0.000000,0.000000,0.000000,2.036284,0.000000,0.000000,2.058219,2.097499,0.0000000,0.000000,2.266515,1.866294,0.0000000
0.000000,2.002949,2.3133795,2.025174,2.128912,0.000000,1.837613,1.964739,1.689213,0.000000,2.121019,1.960732,2.077316,2.505548,2.241957,2.385920,2.038454,2.387959,1.948549,2.022895,0.000000,2.310270,2.114423,2.205685,1.933859,2.299223,1.946796,2.016932,0.000000,0.000000,2.148390,0.000000,0.000000,0.000000,1.8278010,0.000000,2.491281,2.067088,2.251217,1.968820,1.886217,0.000000,0.000000,2.300067,1.970779,0.000000,1.884857,2.2051872,2.050330,2.071221,2.210861,1.978314,0.000000,1.656162,2.266932,2.245237,2.452849,1.960804,1.561814,2.113719,2.276950,0.000000,2.405695,2.037669,1.4909650,0.000000,2.488969,2.165128,2.1709079
0.000000,1.975137,1.7253396,0.000000,0.000000,0.000000,0.000000,2.033474,1.592701,0.000000,0.000000,1.969134,1.971555,2.559167,2.337505,2.365464,0.000000,2.324991,1.812549,2.040470,0.000000,2.217063,2.121740,2.211537,1.804231,2.026034,0.000000,1.721678,0.000000,0.000000,2.087964,0.000000,0.000000,0.000000,1.6954721,0.000000,2.508454,1.908225,0.000000,0.000000,0.000000,0.000000,2.013243,0.000000,2.047732,1.815086,0.000000,0.0000000,0.000000,1.884885,2.204881,0.000000,0.000000,0.000000,2.154471,0.000000,0.000000,0.000000,0.000000,2.107746,0.000000,0.000000,2.066828,2.098187,0.0000000,0.000000,2.419840,1.741473,0.0000000
0.000000,1.884994,1.8834765,0.000000,0.000000,0.000000,1.545779,1.860113,1.870772,0.000000,0.000000,1.923851,1.980057,2.489624,2.199203,2.362359,1.884737,2.345510,1.868517,1.970012,2.071456,2.159909,1.949784,2.178678,1.951268,2.148104,1.798200,2.001517,0.000000,0.000000,2.061146,0.000000,0.000000,0.000000,1.8540878,0.000000,2.354943,1.570879,0.000000,0.000000,0.000000,1.729173,1.798114,2.109778,0.000000,0.000000,0.000000,0.0000000,1.802169,1.636050,2.115991,2.077363,1.436992,0.000000,1.680513,0.000000,1.740949,1.849046,0.000000,2.018604,0.000000,0.000000,2.127218,2.028704,0.0000000,0.000000,2.343114,1.879923,0.0000000
0.000000,2.314291,2.2282486,2.035400,0.000000,0.000000,2.258854,0.000000,0.000000,0.000000,2.308520,1.954122,2.142440,2.403256,1.996904,2.438170,1.937345,2.329023,0.000000,1.796765,1.964648,0.000000,2.081673,2.243188,1.847894,2.087246,1.901337,2.170126,1.939115,0.000000,1.916918,0.000000,1.880971,2.211563,1.7461223,2.054853,2.362769,1.949447,2.210619,2.288611,2.116925,0.000000,1.896204,2.145526,0.000000,1.843235,0.000000,0.0000000,2.174221,0.000000,0.000000,1.957803,0.000000,0.000000,2.147156,1.887664,2.425128,1.972592,0.000000,2.064340,2.049786,0.000000,2.570083,1.841319,0.0000000,0.000000,2.477334,2.113286,1.9466133
0.000000,1.983609,1.7074169,1.946557,2.273857,0.000000,0.000000,2.015467,2.011447,0.000000,1.507564,2.178540,2.284104,2.478136,2.267248,2.333084,1.906281,2.399947,1.890200,2.120123,1.660185,2.191922,2.071683,2.193929,2.003974,2.186964,1.734613,2.013505,1.902980,1.473115,1.678947,1.387467,0.000000,1.969167,1.8204020,1.734181,2.472000,2.047086,0.000000,0.000000,0.000000,1.805796,1.728966,2.178699,0.000000,1.882442,1.856590,0.0000000,0.000000,2.134140,2.006957,1.866058,0.000000,1.496993,2.172452,0.000000,0.000000,1.724081,0.000000,2.101727,0.000000,0.000000,2.151659,2.040258,0.0000000,0.000000,2.539709,1.640538,0.0000000
0.000000,1.784937,1.8140635,1.701157,2.150396,2.262924,2.162423,1.862217,1.471360,0.000000,1.894717,1.852232,2.041242,2.492854,2.242680,2.357255,2.009658,2.375197,1.905500,1.971742,2.015754,2.228885,2.034174,2.240510,1.881901,2.191014,1.905855,2.137435,0.000000,1.443045,2.158100,0.000000,0.000000,0.000000,1.7662939,0.000000,2.392295,1.801981,1.738382,2.089396,2.018334,1.714648,0.000000,2.182295,1.370160,0.000000,1.536785,0.0000000,0.000000,2.150695,0.000000,2.276959,0.000000,0.000000,1.835180,0.000000,1.766307,2.042024,0.000000,1.967800,1.728621,0.000000,2.181991,2.004389,0.0000000,2.239326,2.450314,1.491613,1.8970944
0.000000,2.393501,0.0000000,2.189414,1.861411,1.629337,1.922332,2.102774,2.056579,0.000000,2.156959,2.112945,2.194011,2.485560,2.254550,2.422768,1.882824,2.304707,1.665750,0.000000,1.993822,2.076093,2.012128,2.235511,0.000000,2.182781,1.990169,2.125971,1.841090,0.000000,0.000000,1.683714,0.000000,0.000000,1.7955459,0.000000,2.482508,1.951146,0.000000,1.722561,2.025802,1.906951,0.000000,2.031918,0.000000,1.911019,1.957552,0.0000000,0.000000,0.000000,1.970204,1.890560,2.152149,0.000000,1.965125,2.152339,1.974321,1.660747,0.000000,2.225947,0.000000,0.000000,2.459297,2.101130,0.0000000,0.000000,2.475547,1.723903,1.9291095
0.000000,1.891414,2.0329717,0.000000,0.000000,0.000000,0.000000,2.018682,1.812054,0.000000,0.000000,2.105082,2.081834,2.538969,2.316312,2.420518,1.781250,2.331554,1.610831,1.981144,1.972210,2.151737,2.034985,2.231999,1.793863,2.100735,1.762604,1.996988,0.000000,0.000000,1.951204,0.000000,0.000000,0.000000,1.8907674,0.000000,2.514343,2.090096,0.000000,0.000000,0.000000,0.000000,0.000000,2.140282,2.183008,1.958278,0.000000,1.9061502,0.000000,2.128793,2.239704,1.809422,0.000000,0.000000,2.082282,0.000000,0.000000,2.075688,0.000000,2.165047,0.000000,1.856477,2.051812,2.155613,0.0000000,0.000000,2.202427,0.000000,2.0568861
0.000000,2.045458,1.5829123,0.000000,0.000000,0.000000,1.539284,0.000000,1.939186,1.971207,1.342163,1.909037,2.121600,2.397381,2.154996,2.404690,2.006698,1.407686,1.354612,2.010070,2.098824,2.188707,2.030809,2.206478,1.868265,2.205319,1.885198,2.201822,0.000000,1.744221,1.952933,0.000000,2.006534,0.000000,1.7102686,0.000000,2.372530,1.810370,0.000000,0.000000,0.000000,0.000000,0.000000,2.153656,0.000000,0.000000,0.000000,0.0000000,1.555294,0.000000,2.169734,2.167672,0.000000,0.000000,2.140679,0.000000,1.727651,2.021664,0.000000,1.980285,0.000000,1.756532,2.220061,1.855344,0.0000000,0.000000,2.405533,0.000000,1.7158172
0.000000,1.742168,0.0000000,0.000000,0.000000,0.000000,1.792718,1.890451,2.129427,0.000000,0.000000,2.229696,2.207675,2.437264,2.199049,2.477780,1.897473,2.359584,1.689659,1.897115,1.993496,2.239280,1.830342,2.286837,2.007893,2.158916,1.918106,2.175685,0.000000,0.000000,1.954238,0.000000,0.000000,0.000000,1.6866469,0.000000,2.430861,2.025943,0.000000,2.117932,2.060453,1.676859,1.964056,2.216604,0.000000,0.000000,1.716791,0.0000000,0.000000,2.113591,0.000000,1.980963,0.000000,0.000000,2.365885,0.000000,1.667502,0.000000,1.770792,2.250080,0.000000,1.766334,2.119869,2.021717,1.7921932,0.000000,2.574212,2.193431,1.8945949
0.000000,1.851048,0.0000000,0.000000,0.000000,0.000000,0.000000,1.971800,2.160227,0.000000,0.000000,2.229402,2.209116,2.433704,2.246164,2.435066,1.777455,2.334002,1.490025,1.896527,2.008146,2.204192,1.893639,2.233609,0.000000,2.155473,1.986192,2.182068,0.000000,1.900874,1.858568,0.000000,0.000000,0.000000,1.7643792,0.000000,2.416611,0.000000,1.886104,2.199112,2.023456,1.835155,0.000000,2.246526,0.000000,0.000000,1.777889,0.0000000,0.000000,1.980766,2.179535,2.002403,0.000000,0.000000,2.342284,0.000000,1.732238,0.000000,1.844957,2.281009,0.000000,1.832349,2.063021,2.067607,1.7623842,0.000000,2.585217,1.858734,1.8453247
0.000000,1.852042,0.0000000,0.000000,0.000000,0.000000,0.000000,1.894754,2.092214,0.000000,0.000000,2.237014,2.133829,2.449026,2.277576,2.491241,1.893655,2.328118,0.000000,0.000000,0.000000,2.172390,1.912424,2.183564,1.772663,2.120943,1.990779,2.165664,0.000000,0.000000,1.939246,0.000000,0.000000,0.000000,1.7704926,0.000000,2.479940,2.080867,0.000000,0.000000,0.000000,1.683297,0.000000,2.233893,0.000000,0.000000,1.760932,0.0000000,0.000000,2.170885,1.875049,1.860620,0.000000,0.000000,2.344536,1.642077,1.867903,0.000000,0.000000,2.227646,1.751166,1.854496,1.992817,2.116433,1.8289867,0.000000,2.564326,1.802013,1.8707595
1.812578,1.969583,0.0000000,0.000000,0.000000,0.000000,0.000000,1.910252,2.020884,0.000000,0.000000,2.221415,2.202859,2.446028,2.174454,2.450157,1.866209,2.318055,0.000000,1.548469,1.566122,2.041408,1.859108,2.293027,0.000000,2.124596,1.703272,2.148012,0.000000,0.000000,1.701302,0.000000,0.000000,0.000000,0.0000000,0.000000,2.431269,2.103191,0.000000,1.987397,0.000000,1.768104,1.698088,2.152875,0.000000,0.000000,1.805174,0.0000000,0.000000,1.810163,0.000000,2.043092,0.000000,0.000000,2.171942,0.000000,1.690592,0.000000,1.826324,2.226980,0.000000,1.807364,2.022738,2.154753,1.7571034,1.941683,2.594308,1.890816,1.9038992
0.000000,0.000000,0.0000000,0.000000,0.000000,0.000000,0.000000,2.046889,2.127507,0.000000,0.000000,2.138295,2.061596,2.445367,2.251079,2.389263,1.590501,2.247720,1.684429,1.533739,1.985450,2.098635,1.774548,2.205453,0.000000,2.144359,1.971397,2.129038,0.000000,1.897592,1.865249,0.000000,0.000000,0.000000,0.0000000,0.000000,2.430817,1.984499,0.000000,0.000000,1.818184,1.602527,0.000000,2.220379,0.000000,0.000000,1.937084,0.0000000,0.000000,2.032882,1.730713,1.897286,0.000000,0.000000,2.193603,1.735325,1.818156,1.549200,1.808497,2.205875,1.665516,0.000000,1.916803,2.068021,1.8491943,0.000000,2.506292,1.843305,1.4609792
0.000000,1.806466,0.0000000,0.000000,0.000000,0.000000,0.000000,2.123023,2.146078,0.000000,0.000000,2.204382,2.211914,2.508885,2.305479,2.404248,1.569215,2.379264,1.936333,2.015937,2.088755,2.308893,2.058598,2.241632,1.994328,2.183277,2.014435,2.119870,1.700224,0.000000,0.000000,0.000000,0.000000,1.732188,1.8878537,0.000000,2.478466,2.000968,0.000000,1.961378,0.000000,1.896527,0.000000,2.249153,0.000000,0.000000,1.985937,0.0000000,0.000000,2.074573,2.015343,2.068390,0.000000,0.000000,2.158368,0.000000,1.840647,1.673711,0.000000,2.262798,1.742657,0.000000,2.223233,2.099504,1.5671595,0.000000,2.558021,1.934384,0.0000000
0.000000,0.000000,0.0000000,0.000000,0.000000,0.000000,0.000000,2.117925,2.055671,0.000000,0.000000,2.140732,2.049271,2.442772,2.269748,2.370777,0.000000,2.250174,1.754325,0.000000,0.000000,2.122651,1.980563,2.190215,0.000000,2.062680,1.822477,2.086043,0.000000,1.839470,1.927485,0.000000,0.000000,0.000000,1.6377245,0.000000,2.434194,1.926996,0.000000,0.000000,0.000000,1.951955,0.000000,1.470557,0.000000,0.000000,2.020240,0.0000000,0.000000,2.062854,0.000000,1.837484,0.000000,0.000000,2.210546,0.000000,1.743190,0.000000,0.000000,2.248540,0.000000,0.000000,2.000237,2.215809,1.9108604,0.000000,2.615768,0.000000,0.0000000
0.000000,1.886409,0.0000000,0.000000,0.000000,0.000000,0.000000,0.000000,0.000000,1.922341,0.000000,2.102240,2.111197,2.434202,2.167747,2.423804,0.000000,2.289089,0.000000,1.819501,0.000000,0.000000,1.894579,2.239502,1.880336,1.883338,0.000000,2.001627,0.000000,0.000000,0.000000,0.000000,2.038382,0.000000,1.6096643,0.000000,2.452662,1.903845,0.000000,0.000000,0.000000,0.000000,0.000000,2.044581,0.000000,0.000000,0.000000,0.0000000,0.000000,0.000000,2.065331,1.937281,0.000000,0.000000,2.298110,0.000000,0.000000,0.000000,0.000000,2.171004,0.000000,0.000000,1.948240,1.825955,0.0000000,0.000000,2.490695,1.903302,1.8162714
0.000000,1.998129,1.5665002,0.000000,1.999981,0.000000,0.000000,2.067576,2.005208,2.022743,0.000000,2.097133,2.132900,2.481891,2.271880,2.463173,0.000000,2.208919,0.000000,2.009087,0.000000,2.119486,2.021486,2.227685,1.908315,1.931013,1.536001,1.902995,0.000000,0.000000,1.924150,0.000000,0.000000,0.000000,1.8157037,0.000000,2.498110,2.130526,0.000000,0.000000,2.125811,0.000000,0.000000,2.216331,2.098950,0.000000,1.825735,0.0000000,0.000000,2.146750,2.322696,1.877101,0.000000,0.000000,2.302651,0.000000,0.000000,0.000000,0.000000,2.014995,0.000000,0.000000,2.113333,2.092644,0.0000000,0.000000,2.414088,0.000000,0.0000000
0.000000,2.497844,0.0000000,2.274044,2.082867,1.915670,2.338105,0.000000,1.946775,0.000000,2.224485,2.129559,2.287141,2.443739,2.221474,2.422321,2.038672,2.338722,0.000000,1.900298,0.000000,2.118659,2.081797,2.222743,0.000000,2.109003,1.858360,2.163891,1.614033,0.000000,1.845585,0.000000,1.802294,0.000000,1.8880429,1.954988,2.489582,2.103936,1.619879,2.388302,2.178941,1.756346,1.783611,2.210773,0.000000,2.009505,0.000000,0.0000000,0.000000,1.920760,2.032628,2.029294,0.000000,0.000000,2.134204,2.003831,0.000000,0.000000,0.000000,2.256591,1.747483,0.000000,2.650303,2.036416,0.0000000,2.050351,2.577082,1.796179,1.7578857
0.000000,2.193351,2.1096215,2.087476,0.000000,0.000000,0.000000,1.765891,2.134632,0.000000,1.898591,2.215237,2.212055,2.433106,2.222080,2.475218,1.726430,2.295406,1.392114,2.009164,2.025125,2.209915,2.092727,2.251730,1.919383,2.143968,1.934601,2.098348,0.000000,0.000000,0.000000,0.000000,0.000000,0.000000,1.6645268,0.000000,2.487327,2.058585,2.062995,2.050817,1.782849,1.811127,1.582526,2.237464,1.397716,0.000000,1.435738,0.0000000,1.961861,2.046685,0.000000,2.037033,1.813062,0.000000,2.229291,2.082946,2.259874,1.863427,0.000000,2.247475,2.061862,0.000000,2.332509,2.120601,0.0000000,0.000000,2.562370,1.927550,1.6552238
0.000000,0.000000,0.0000000,0.000000,0.000000,0.000000,0.000000,0.000000,2.016707,2.170735,0.000000,2.095237,2.167264,2.469376,2.271299,2.438320,0.000000,2.357807,1.288959,1.999038,0.000000,2.225876,2.150299,2.313005,1.859067,2.155119,0.000000,1.968679,0.000000,0.000000,1.869448,0.000000,0.000000,0.000000,1.7876779,0.000000,2.531050,2.121810,0.000000,0.000000,0.000000,0.000000,0.000000,2.270829,2.032841,0.000000,1.583640,0.0000000,0.000000,2.125211,2.339588,1.976257,0.000000,0.000000,2.330070,0.000000,0.000000,1.940009,0.000000,1.944465,0.000000,0.000000,2.166148,2.051686,0.0000000,0.000000,2.156109,1.807746,1.7149126
0.000000,1.754107,0.0000000,0.000000,0.000000,0.000000,0.000000,0.000000,1.805867,0.000000,0.000000,2.080531,2.074735,2.439855,2.215775,2.411867,1.966731,2.313433,0.000000,1.859115,0.000000,2.175710,2.077552,2.206596,1.749103,2.123206,0.000000,2.175403,0.000000,0.000000,1.634421,0.000000,0.000000,0.000000,0.0000000,0.000000,2.217832,2.006517,0.000000,0.000000,0.000000,0.000000,0.000000,1.990941,1.980782,0.000000,1.686511,0.0000000,0.000000,2.119759,2.231476,1.952715,0.000000,0.000000,2.236394,0.000000,0.000000,1.827758,0.000000,1.979969,0.000000,0.000000,2.072163,1.993039,0.0000000,0.000000,2.105023,1.786623,0.0000000
1.962269,2.337560,2.0471175,2.026632,1.850607,0.000000,2.112854,1.745059,2.076080,0.000000,2.641506,0.000000,2.161836,2.434545,2.155946,2.408245,0.000000,2.321331,0.000000,0.000000,1.890140,2.100427,1.900486,2.181127,1.654419,2.098978,0.000000,2.098353,0.000000,2.355725,0.000000,2.118770,0.000000,1.875906,0.0000000,2.286307,2.421663,2.067014,1.758452,2.580286,2.425353,2.373961,0.000000,2.192191,0.000000,0.000000,1.926261,1.9477036,0.000000,0.000000,0.000000,2.197720,0.000000,0.000000,2.062586,1.777381,0.000000,0.000000,0.000000,0.000000,1.975647,0.000000,2.435779,1.416320,0.0000000,2.002616,2.432472,2.191575,1.9693836
0.000000,1.942439,0.0000000,0.000000,0.000000,0.000000,0.000000,0.000000,2.054912,0.000000,0.000000,2.142792,2.156376,2.500250,2.280598,2.439483,1.813477,2.392862,0.000000,1.966835,0.000000,2.218598,2.122284,2.306653,1.822359,2.154866,1.899241,2.096610,0.000000,0.000000,2.002171,0.000000,0.000000,0.000000,1.7182035,0.000000,2.419734,2.005332,0.000000,0.000000,0.000000,0.000000,0.000000,2.238956,1.950762,0.000000,0.000000,0.0000000,0.000000,1.905027,2.359049,2.044297,0.000000,0.000000,2.356752,1.635707,1.590090,1.996035,0.000000,1.989389,0.000000,0.000000,2.201132,2.017604,0.0000000,0.000000,2.474555,1.913288,0.0000000
0.000000,1.926063,0.0000000,0.000000,0.000000,0.000000,0.000000,2.088936,2.165794,0.000000,0.000000,1.996474,2.041376,2.472744,2.294624,2.391569,1.892117,2.377142,1.764474,1.653778,0.000000,2.131429,1.989371,2.241413,0.000000,2.187354,1.981237,2.215671,1.599678,0.000000,0.000000,0.000000,0.000000,0.000000,0.0000000,0.000000,2.464795,2.068707,0.000000,0.000000,1.908501,0.000000,0.000000,2.262915,0.000000,0.000000,1.977754,0.0000000,0.000000,2.015259,2.021357,1.978251,0.000000,0.000000,2.045784,0.000000,0.000000,0.000000,0.000000,2.259961,0.000000,0.000000,2.025771,2.223048,0.0000000,0.000000,2.580307,1.806385,0.0000000
0.000000,0.000000,0.0000000,0.000000,0.000000,0.000000,0.000000,2.057045,1.772906,0.000000,0.000000,2.181616,2.050922,2.482533,2.301299,2.404956,1.943843,2.425854,1.996717,2.001205,0.000000,2.320817,2.039844,2.241578,1.919632,2.242684,1.960644,2.201991,0.000000,0.000000,0.000000,0.000000,0.000000,0.000000,0.0000000,0.000000,2.441953,2.040148,1.877186,0.000000,0.000000,1.717536,0.000000,1.976036,0.000000,0.000000,2.024434,0.0000000,0.000000,2.142898,2.017645,1.902179,0.000000,0.000000,2.249329,0.000000,1.854403,0.000000,0.000000,2.238690,0.000000,0.000000,1.958365,2.159212,0.0000000,0.000000,2.609416,1.907628,0.0000000
0.000000,0.000000,0.0000000,0.000000,0.000000,0.000000,0.000000,2.105277,2.005579,1.936958,2.229583,2.227028,2.195964,2.442705,2.232470,2.396344,1.691188,2.390501,1.723600,0.000000,0.000000,2.152795,2.018589,2.245750,1.662476,2.219860,1.929089,2.224227,0.000000,0.000000,1.911135,0.000000,0.000000,0.000000,1.6725977,0.000000,2.472696,0.000000,0.000000,0.000000,0.000000,1.873779,0.000000,1.893121,0.000000,1.897006,2.002503,0.0000000,0.000000,2.067094,1.995595,2.360592,0.000000,0.000000,2.305130,0.000000,1.711414,0.000000,0.000000,2.270993,0.000000,0.000000,1.961365,2.143140,1.6010313,0.000000,2.594134,0.000000,1.6640560
0.000000,1.991755,1.8152764,0.000000,0.000000,0.000000,1.794040,2.039491,1.910163,0.000000,0.000000,2.003646,2.017174,2.535169,2.222054,2.356092,2.065658,2.471310,2.015179,2.120118,2.080345,2.348943,2.172705,2.220791,2.040556,2.262310,2.003976,2.137034,0.000000,0.000000,0.000000,0.000000,0.000000,0.000000,1.7747885,0.000000,2.423966,0.000000,0.000000,0.000000,1.695172,0.000000,0.000000,2.108542,2.272088,0.000000,0.000000,0.0000000,1.619293,1.941782,2.113483,2.070924,1.600607,0.000000,2.010921,0.000000,1.722255,2.088659,0.000000,2.070055,0.000000,0.000000,2.203039,2.086366,0.0000000,0.000000,2.550767,0.000000,0.0000000
0.000000,2.161640,1.8015311,1.972075,2.050531,2.185311,2.012095,2.075252,1.888032,2.472042,2.056502,1.999331,2.097018,2.453168,2.169157,2.452884,1.571751,2.259259,1.937713,1.828676,2.152669,1.939380,2.036299,2.221122,1.817334,2.021842,1.879490,2.061295,2.068756,0.000000,0.000000,0.000000,0.000000,2.164972,1.8552591,0.000000,2.526806,2.125984,0.000000,2.454391,2.120302,1.732676,0.000000,1.918071,0.000000,0.000000,1.753917,0.0000000,0.000000,1.907934,2.196443,2.344347,1.875954,1.582526,1.914618,0.000000,0.000000,2.137250,0.000000,2.332224,2.045715,1.752143,2.448769,1.837443,0.0000000,2.276119,2.538668,1.650960,0.0000000
0.000000,2.446940,2.2108566,2.060920,2.026824,2.209930,2.203939,1.903029,1.944922,0.000000,2.324590,2.102306,2.154994,2.457070,2.207285,2.376825,1.911289,2.333854,0.000000,0.000000,1.940985,1.764664,2.102301,2.202868,0.000000,2.136973,1.963660,2.086542,0.000000,2.136091,1.755382,0.000000,0.000000,0.000000,0.0000000,2.041336,2.446817,2.038409,2.046438,2.245831,2.196656,1.882180,0.000000,2.180984,1.539504,2.153846,1.794888,0.0000000,2.176076,1.856131,1.830980,2.003699,0.000000,1.668855,1.971230,2.201182,2.383289,2.063424,1.931220,2.220259,2.103533,0.000000,2.681069,2.017366,0.0000000,0.000000,2.489882,2.193371,1.8631925
0.000000,2.012421,0.0000000,1.622608,0.000000,0.000000,0.000000,1.940686,1.994431,0.000000,1.793686,2.118769,2.276585,2.451342,2.200287,2.418254,0.000000,2.285105,1.675451,1.771504,2.032243,2.073515,1.994061,2.233041,1.786681,2.153182,2.051807,2.071464,1.876423,0.000000,1.638402,0.000000,0.000000,0.000000,1.6699191,0.000000,2.433323,2.056009,1.822214,0.000000,0.000000,1.617837,0.000000,2.185450,0.000000,1.923153,0.000000,0.0000000,0.000000,2.109073,0.000000,1.981330,0.000000,1.748045,1.806274,1.696839,0.000000,0.000000,0.000000,2.181330,0.000000,1.722489,2.013459,2.068668,0.0000000,0.000000,2.544489,1.873711,0.0000000
0.000000,1.988551,1.7780741,1.712397,1.720844,0.000000,0.000000,1.916450,1.917394,0.000000,1.880542,2.052566,2.289579,2.513373,2.224562,2.465004,0.000000,2.256303,0.000000,1.989045,1.732002,2.110900,2.048930,2.266017,0.000000,2.054181,1.516928,1.922954,0.000000,0.000000,0.000000,0.000000,0.000000,0.000000,0.0000000,0.000000,2.342181,2.048767,0.000000,0.000000,0.000000,0.000000,0.000000,2.162012,2.137062,0.000000,0.000000,1.2847431,0.000000,2.126462,1.944482,1.945772,0.000000,0.000000,2.192164,1.544553,1.934275,0.000000,0.000000,1.776434,0.000000,0.000000,1.869786,2.124623,0.0000000,0.000000,2.525733,1.928351,0.0000000
0.000000,1.839558,0.0000000,0.000000,0.000000,0.000000,0.000000,1.970122,1.931764,0.000000,1.821470,2.155783,2.175892,2.474403,2.308039,2.372798,1.434866,2.226947,1.347052,1.949395,2.051220,2.132704,2.003478,2.241152,0.000000,1.979611,1.865763,1.792182,1.604538,0.000000,0.000000,0.000000,0.000000,0.000000,1.8556852,0.000000,2.240304,2.007176,0.000000,0.000000,0.000000,0.000000,0.000000,2.273490,0.000000,0.000000,1.868381,0.0000000,0.000000,1.999445,0.000000,1.622744,2.110549,0.000000,2.170988,0.000000,0.000000,0.000000,0.000000,2.107809,0.000000,0.000000,1.989128,2.079519,1.7393817,0.000000,2.305401,1.838477,1.5294206
0.000000,2.071242,1.9992418,0.000000,0.000000,0.000000,0.000000,2.059343,0.000000,0.000000,1.916370,2.161620,2.275940,2.442856,2.143631,2.367196,1.852319,2.089987,0.000000,1.838348,0.000000,2.111535,2.027907,2.236409,1.758678,1.920799,0.000000,1.992134,0.000000,0.000000,1.851962,0.000000,0.000000,0.000000,0.0000000,0.000000,2.438825,2.013659,0.000000,0.000000,0.000000,0.000000,0.000000,1.875948,1.993046,0.000000,0.000000,0.0000000,0.000000,1.805705,0.000000,1.685987,0.000000,1.690968,2.071455,1.777107,0.000000,1.928184,0.000000,2.085002,0.000000,0.000000,1.977571,1.918849,0.0000000,0.000000,2.487510,0.000000,0.0000000
0.000000,1.806931,0.0000000,0.000000,0.000000,0.000000,0.000000,1.930045,1.982454,0.000000,0.000000,2.127013,2.246352,2.467559,2.278778,2.408333,0.000000,2.077371,0.000000,1.968085,0.000000,0.000000,1.989483,2.262577,0.000000,1.899098,1.925160,0.000000,1.763262,0.000000,0.000000,0.000000,0.000000,0.000000,0.0000000,0.000000,2.378929,1.626883,0.000000,0.000000,0.000000,0.000000,1.669742,2.204846,0.000000,0.000000,1.572982,0.0000000,0.000000,1.933281,0.000000,1.931332,0.000000,0.000000,2.183659,0.000000,1.781649,0.000000,0.000000,2.117299,0.000000,0.000000,1.945577,2.138114,1.6516123,0.000000,2.518500,1.897809,0.0000000
0.000000,0.000000,0.0000000,0.000000,0.000000,0.000000,0.000000,2.057806,0.000000,0.000000,1.946933,2.145426,2.131618,2.503714,2.316994,2.390571,0.000000,1.477431,0.000000,2.030379,0.000000,0.000000,1.937194,2.265228,1.738576,0.000000,0.000000,0.000000,0.000000,0.000000,2.052885,0.000000,1.913663,2.104486,1.5467859,0.000000,2.417150,1.966802,1.789925,0.000000,0.000000,1.855869,0.000000,1.460725,1.602679,0.000000,1.780159,0.0000000,0.000000,2.034366,1.852580,2.042216,1.610758,0.000000,2.279395,0.000000,0.000000,1.514600,0.000000,2.121641,0.000000,0.000000,1.950072,2.217855,0.0000000,0.000000,2.560089,1.977157,0.0000000
2.161876,2.140529,0.0000000,0.000000,0.000000,0.000000,1.804652,2.026761,2.055649,0.000000,1.743362,2.221488,2.171203,2.456122,2.245877,2.361700,1.561571,2.259919,0.000000,2.038392,1.864328,2.168463,2.030891,2.232050,2.017374,2.146521,1.779426,2.034837,0.000000,0.000000,1.777170,0.000000,1.836157,0.000000,1.7353415,0.000000,2.457199,1.946013,0.000000,0.000000,0.000000,1.885391,0.000000,2.222582,0.000000,0.000000,0.000000,0.0000000,1.782944,1.848254,0.000000,1.727842,0.000000,0.000000,2.384980,1.766307,1.714686,0.000000,0.000000,2.222619,0.000000,0.000000,2.089996,2.127883,0.0000000,0.000000,2.619474,1.988711,0.0000000
0.000000,1.964230,2.1611949,0.000000,0.000000,0.000000,0.000000,2.199154,2.090379,0.000000,0.000000,2.310535,1.979309,2.513187,2.283175,2.455070,0.000000,2.244350,0.000000,2.016496,0.000000,2.084070,2.150719,2.316027,1.805123,0.000000,1.934268,1.998346,2.147809,0.000000,1.931931,0.000000,0.000000,0.000000,1.7740791,1.935873,2.502600,1.929892,0.000000,2.007253,1.755295,0.000000,0.000000,2.276914,0.000000,0.000000,1.929659,0.0000000,1.389804,2.017443,0.000000,2.017030,2.185070,0.000000,2.337919,1.993683,1.853080,0.000000,0.000000,2.284217,1.910580,0.000000,2.325828,2.248953,0.0000000,0.000000,2.573209,0.000000,2.2237379
0.000000,2.119085,1.5646980,1.742578,1.546045,0.000000,0.000000,2.139580,1.936531,0.000000,1.940749,2.229638,2.224047,2.496002,2.272302,2.400272,0.000000,0.000000,1.754876,2.013321,0.000000,1.738657,2.101549,2.297421,1.850482,1.724472,1.713221,0.000000,0.000000,0.000000,2.079383,0.000000,0.000000,1.596106,1.8220242,0.000000,2.445363,2.048788,0.000000,0.000000,0.000000,1.690171,0.000000,2.108166,0.000000,0.000000,1.580711,0.0000000,1.558831,1.944629,2.081870,2.000797,0.000000,1.616298,2.221832,1.922801,0.000000,0.000000,0.000000,2.185367,0.000000,0.000000,2.156919,2.217067,1.6537498,0.000000,2.548094,2.072906,0.0000000
0.000000,1.866902,0.0000000,0.000000,0.000000,0.000000,0.000000,1.983913,2.126546,0.000000,0.000000,2.217547,2.179388,2.483597,2.296926,2.421462,1.747894,2.367641,1.693421,1.967393,1.657969,2.161003,2.056881,2.194344,1.836842,2.207096,1.764786,1.981373,2.182937,0.000000,2.100756,0.000000,0.000000,0.000000,1.5865183,0.000000,2.422501,1.831328,0.000000,0.000000,0.000000,1.568471,0.000000,2.217498,0.000000,0.000000,1.613890,0.0000000,0.000000,1.984928,2.157458,1.991095,0.000000,0.000000,2.285828,0.000000,1.823071,1.697348,0.000000,2.025128,1.688003,1.752010,2.174290,2.143592,1.7741934,0.000000,2.571030,1.940575,2.0514367
0.000000,1.732205,0.0000000,0.000000,0.000000,0.000000,0.000000,2.150701,1.956681,0.000000,0.000000,2.182762,2.228370,2.484305,2.270517,2.399508,1.626718,2.129291,0.000000,1.935877,0.000000,2.004522,2.101083,2.318725,0.000000,1.947557,1.923225,1.785864,2.133478,0.000000,1.963921,0.000000,1.547892,0.000000,0.0000000,0.000000,2.472165,1.873711,0.000000,0.000000,0.000000,1.810813,0.000000,2.280304,1.555395,1.653246,1.764053,0.0000000,1.586350,2.138935,2.128252,1.859508,0.000000,0.000000,2.225846,1.723689,1.731901,0.000000,0.000000,2.255484,0.000000,1.857893,1.924650,2.122136,0.0000000,0.000000,2.368427,1.720717,1.6843372
0.000000,1.843585,0.0000000,0.000000,0.000000,0.000000,0.000000,0.000000,1.758113,2.440965,0.000000,2.065229,2.156513,2.514177,2.292769,2.444688,1.734480,2.447333,1.592214,2.138167,0.000000,2.374730,2.154326,2.314138,2.043161,2.257336,1.947850,2.197011,0.000000,0.000000,1.841586,0.000000,1.962238,0.000000,1.9029749,0.000000,2.422974,1.982966,0.000000,0.000000,0.000000,0.000000,0.000000,1.833020,0.000000,0.000000,1.737912,0.0000000,1.891825,1.988998,2.220429,1.892993,0.000000,0.000000,2.317908,0.000000,1.612025,1.848089,0.000000,2.084586,0.000000,1.936783,2.036496,2.097431,0.0000000,0.000000,2.543844,2.086415,0.0000000
2.127868,2.145716,0.0000000,0.000000,2.249890,0.000000,0.000000,1.976166,1.939074,0.000000,1.768303,2.190828,2.075419,2.440232,2.259407,2.412515,1.827523,2.352657,1.479820,2.024256,0.000000,2.143524,2.072752,2.286263,1.654419,2.097236,0.000000,2.094239,0.000000,0.000000,2.030197,0.000000,1.942446,0.000000,1.7926069,0.000000,2.431893,1.982916,0.000000,0.000000,0.000000,1.753655,1.682553,2.220199,0.000000,0.000000,1.639565,0.0000000,1.799195,1.833405,0.000000,1.778776,0.000000,0.000000,2.125016,0.000000,0.000000,0.000000,0.000000,2.204239,1.663268,0.000000,2.067380,1.976166,0.0000000,0.000000,2.529594,0.000000,0.0000000
0.000000,2.446726,1.8531520,1.911303,2.022180,0.000000,2.370882,0.000000,0.000000,2.047596,2.250373,0.000000,2.102272,2.489232,2.220428,2.409218,0.000000,2.332185,0.000000,2.156741,0.000000,0.000000,2.107586,2.263416,1.945531,2.078388,0.000000,0.000000,2.208255,0.000000,1.951455,0.000000,0.000000,0.000000,1.9884911,0.000000,2.445484,2.129162,0.000000,2.690865,2.681370,2.414750,0.000000,0.000000,1.891192,0.000000,1.744873,0.0000000,1.991596,2.193157,0.000000,2.297071,0.000000,0.000000,2.143620,1.942220,0.000000,0.000000,0.000000,1.869070,0.000000,0.000000,2.666785,2.153917,0.0000000,0.000000,2.637840,0.000000,2.0224562
2.464669,2.413489,1.8714736,2.157372,0.000000,0.000000,2.471468,0.000000,2.140980,2.331494,2.448183,2.190412,2.221897,2.413802,0.000000,2.399664,2.038000,2.327514,0.000000,1.975190,0.000000,0.000000,2.168745,2.197938,0.000000,2.121209,0.000000,2.135782,2.170870,0.000000,0.000000,2.052129,0.000000,2.086172,0.0000000,0.000000,2.401170,2.077930,0.000000,2.395433,2.270601,0.000000,0.000000,2.096934,2.181144,0.000000,0.000000,0.0000000,0.000000,0.000000,2.253323,2.318089,0.000000,2.193572,2.063754,1.985706,0.000000,1.982433,0.000000,1.922703,0.000000,0.000000,2.191728,0.000000,0.0000000,2.291363,2.533704,2.094177,0.0000000
0.000000,2.033887,0.0000000,1.733380,0.000000,0.000000,1.743987,2.099884,1.949884,0.000000,0.000000,2.133966,2.186171,2.486232,2.231594,2.410749,0.000000,2.258345,0.000000,2.064987,1.698488,2.104080,2.082119,2.251088,1.628947,2.067018,2.033639,1.966725,2.161582,0.000000,2.072800,0.000000,1.937663,0.000000,1.9415032,0.000000,2.492082,1.925913,0.000000,2.074779,1.890620,1.800848,0.000000,2.162073,0.000000,0.000000,0.000000,0.0000000,1.620669,1.890035,2.135840,2.126161,0.000000,0.000000,0.000000,0.000000,0.000000,1.820549,0.000000,2.294167,0.000000,1.859267,2.243243,1.927267,0.0000000,0.000000,2.526879,1.831057,0.0000000
2.461918,2.387085,0.0000000,2.001627,0.000000,0.000000,2.394409,0.000000,0.000000,2.390304,2.381467,2.121405,2.177567,2.418989,2.029273,2.485164,2.080440,2.369106,0.000000,0.000000,0.000000,0.000000,2.104534,2.208272,0.000000,0.000000,0.000000,2.159206,0.000000,0.000000,0.000000,1.817437,1.826789,0.000000,0.0000000,0.000000,2.416877,2.019966,0.000000,2.348904,2.214211,0.000000,0.000000,1.967685,2.101039,0.000000,0.000000,0.0000000,0.000000,0.000000,2.273580,2.244385,0.000000,2.182841,2.218114,1.827479,0.000000,0.000000,0.000000,0.000000,0.000000,0.000000,2.009624,0.000000,0.0000000,1.823062,2.370204,2.086377,0.0000000
0.000000,1.771543,0.0000000,0.000000,0.000000,0.000000,0.000000,2.129571,1.862034,0.000000,0.000000,1.779720,2.188835,2.470803,2.197065,2.375994,0.000000,1.859777,0.000000,1.791632,0.000000,0.000000,2.105627,2.268634,1.701426,1.958227,0.000000,0.000000,0.000000,0.000000,1.936981,0.000000,0.000000,0.000000,1.9338941,0.000000,2.473376,1.675085,0.000000,0.000000,0.000000,1.769605,0.000000,2.182502,0.000000,0.000000,0.000000,0.0000000,1.791126,2.080756,2.137930,1.937463,0.000000,0.000000,2.224328,1.776247,1.837484,0.000000,0.000000,2.047271,0.000000,1.808546,2.048764,2.101089,0.0000000,0.000000,2.387495,0.000000,0.0000000
0.000000,1.943425,0.0000000,0.000000,0.000000,0.000000,0.000000,2.051454,0.000000,0.000000,0.000000,2.233429,1.944518,2.509902,2.272579,2.377146,1.822675,0.000000,0.000000,2.044141,2.095240,1.938369,2.033250,2.183515,1.914713,0.000000,0.000000,1.627705,2.227313,0.000000,2.216868,0.000000,0.000000,0.000000,1.9588988,0.000000,2.456861,1.762425,0.000000,0.000000,0.000000,0.000000,0.000000,0.000000,0.000000,0.000000,0.000000,0.0000000,1.752570,1.733012,0.000000,2.080967,0.000000,0.000000,0.000000,0.000000,0.000000,0.000000,0.000000,2.181538,0.000000,1.525889,2.200391,2.195628,0.0000000,0.000000,2.560119,0.000000,1.8493058
0.000000,1.606712,0.0000000,0.000000,0.000000,0.000000,1.851940,2.017633,2.084945,0.000000,1.911851,1.769984,2.013410,2.494453,2.254451,2.377285,1.896345,2.142032,0.000000,1.953351,0.000000,1.848665,1.986965,2.178539,1.957748,1.750183,0.000000,1.827427,2.188056,0.000000,2.181494,0.000000,0.000000,1.894996,1.6036683,1.642587,2.451513,0.000000,0.000000,0.000000,0.000000,0.000000,0.000000,2.133420,0.000000,0.000000,0.000000,0.0000000,1.925193,1.982309,2.012642,2.076838,1.907556,0.000000,2.259773,0.000000,1.861159,1.529362,0.000000,2.208188,1.807475,0.000000,2.039683,2.077725,0.0000000,0.000000,2.515154,0.000000,1.7822858
0.000000,2.022582,0.0000000,0.000000,0.000000,0.000000,0.000000,2.086985,1.931701,0.000000,0.000000,2.199633,2.077865,2.509517,2.296075,2.363516,0.000000,2.347954,1.599133,2.066588,0.000000,2.155817,2.057330,2.244099,1.915742,2.088802,0.000000,2.131626,0.000000,0.000000,0.000000,0.000000,0.000000,0.000000,1.9206438,0.000000,2.417987,1.920739,0.000000,0.000000,0.000000,1.811430,1.764257,2.216634,0.000000,0.000000,1.678278,0.0000000,0.000000,1.978982,0.000000,2.054028,0.000000,0.000000,2.046851,0.000000,1.690791,0.000000,0.000000,2.211842,0.000000,0.000000,2.159417,2.217561,0.0000000,0.000000,2.558496,0.000000,0.0000000
0.000000,1.845798,0.0000000,0.000000,0.000000,0.000000,0.000000,0.000000,1.792607,0.000000,2.046281,2.108858,2.125079,2.469740,2.286706,2.365932,0.000000,2.373217,1.917412,1.989118,0.000000,2.159408,2.027353,2.196060,1.945680,1.994999,2.062867,2.127501,0.000000,0.000000,1.920851,0.000000,0.000000,0.000000,0.0000000,0.000000,2.427479,1.933723,0.000000,0.000000,0.000000,0.000000,1.681806,2.002541,0.000000,0.000000,1.767002,0.0000000,1.909089,2.117200,0.000000,1.922025,0.000000,0.000000,2.184840,0.000000,0.000000,1.698193,0.000000,2.193250,0.000000,0.000000,1.851217,2.139110,1.7642027,0.000000,2.442290,0.000000,0.0000000
0.000000,1.740885,1.5375664,0.000000,0.000000,0.000000,0.000000,1.895638,1.923238,0.000000,1.633632,2.146644,2.093938,2.434928,2.222160,2.408331,0.000000,2.333564,1.817484,1.903953,1.821060,2.168613,2.027634,2.224725,1.784571,1.978466,1.983034,2.070853,0.000000,1.693421,1.652403,0.000000,0.000000,1.610831,0.0000000,0.000000,2.373556,1.843724,1.761584,0.000000,0.000000,0.000000,0.000000,2.189112,0.000000,0.000000,1.496504,0.0000000,0.000000,2.093643,0.000000,2.008464,0.000000,0.000000,2.109898,0.000000,1.753786,1.757346,0.000000,2.261814,1.476186,1.601800,1.998194,1.984832,0.0000000,0.000000,2.461098,1.941620,1.4690211
0.000000,0.000000,0.0000000,0.000000,0.000000,0.000000,0.000000,0.000000,1.963064,0.000000,0.000000,2.031036,2.195735,2.471365,2.247549,2.424299,0.000000,0.000000,1.927579,1.918168,0.000000,2.297921,2.167592,2.227195,0.000000,2.124079,1.732323,0.000000,0.000000,0.000000,1.981251,0.000000,0.000000,0.000000,0.0000000,0.000000,2.396132,1.879259,0.000000,0.000000,0.000000,0.000000,0.000000,2.208839,0.000000,2.107223,0.000000,0.0000000,0.000000,1.780742,2.052011,1.960061,0.000000,0.000000,2.278165,2.020198,0.000000,0.000000,0.000000,2.120246,0.000000,1.957613,0.000000,2.099062,0.0000000,0.000000,2.282592,1.916941,0.0000000
0.000000,1.846156,0.0000000,2.165539,1.713030,0.000000,0.000000,2.049913,1.884731,2.183100,2.189860,2.170643,2.165804,2.465480,2.182192,2.432273,0.000000,2.263382,0.000000,2.001474,1.999045,2.080450,2.039859,2.286507,1.977954,2.100715,0.000000,1.985242,1.489081,0.000000,1.711143,0.000000,0.000000,0.000000,1.8468767,0.000000,2.499303,2.082305,0.000000,0.000000,0.000000,0.000000,0.000000,0.000000,0.000000,1.595112,1.672001,0.0000000,1.933551,1.852841,2.264275,2.071008,0.000000,2.000982,2.247880,2.064709,1.885505,1.649990,0.000000,2.233263,0.000000,1.888260,2.069171,2.074334,0.0000000,1.623048,2.551335,1.774130,0.0000000
0.000000,1.914872,0.0000000,0.000000,0.000000,0.000000,0.000000,2.074364,2.102070,2.316625,0.000000,2.154611,1.927800,2.472659,2.193325,2.435239,0.000000,2.341286,0.000000,1.964495,0.000000,2.138230,1.969460,2.216844,1.817250,2.085333,2.187717,0.000000,0.000000,0.000000,0.000000,0.000000,0.000000,0.000000,1.8125009,0.000000,2.395822,1.902960,0.000000,0.000000,0.000000,0.000000,1.798661,2.240626,0.000000,0.000000,0.000000,0.0000000,1.852195,2.244689,2.127001,1.780596,0.000000,0.000000,2.222019,0.000000,2.009400,0.000000,0.000000,2.159872,0.000000,1.984424,2.104216,2.170300,0.0000000,0.000000,2.549154,0.000000,0.0000000
0.000000,0.000000,2.1433767,0.000000,0.000000,0.000000,0.000000,0.000000,0.000000,0.000000,0.000000,2.253292,2.131249,2.501646,2.188758,2.427130,0.000000,2.420157,1.919562,0.000000,0.000000,2.221628,2.152989,2.215982,0.000000,0.000000,0.000000,0.000000,0.000000,0.000000,1.665126,0.000000,0.000000,0.000000,0.0000000,0.000000,2.485426,2.013773,0.000000,0.000000,0.000000,0.000000,0.000000,2.034920,2.107939,0.000000,0.000000,0.0000000,0.000000,0.000000,2.162422,2.141379,0.000000,0.000000,2.373573,0.000000,0.000000,0.000000,0.000000,2.244695,0.000000,0.000000,0.000000,2.087117,0.0000000,0.000000,2.139937,0.000000,0.0000000
0.000000,1.729620,2.0670699,0.000000,0.000000,0.000000,0.000000,2.016486,2.048168,0.000000,0.000000,2.173986,2.145007,2.468920,2.218223,2.397929,0.000000,2.395849,1.958758,0.000000,1.691453,2.208869,2.112529,2.178389,1.757545,2.259999,1.806355,2.200043,0.000000,0.000000,1.821743,0.000000,0.000000,0.000000,1.8033024,0.000000,2.408075,0.000000,0.000000,0.000000,0.000000,0.000000,0.000000,2.234445,2.047493,0.000000,0.000000,1.7145910,0.000000,2.017621,2.186703,1.926807,0.000000,0.000000,2.336012,0.000000,0.000000,1.950147,0.000000,1.980902,0.000000,0.000000,1.848441,2.095387,0.0000000,1.786832,2.281707,1.818203,0.0000000
0.000000,1.865835,0.0000000,0.000000,0.000000,0.000000,0.000000,1.973170,2.011139,2.244902,0.000000,2.133078,1.998155,2.431471,2.214423,2.379155,0.000000,2.393600,1.835657,1.911939,0.000000,2.211850,2.105409,2.226541,0.000000,2.278097,2.097037,2.162950,0.000000,0.000000,0.000000,0.000000,0.000000,0.000000,1.7826453,0.000000,2.404766,1.882029,0.000000,0.000000,0.000000,0.000000,0.000000,2.207723,0.000000,1.983515,0.000000,0.0000000,1.686351,0.000000,2.105210,0.000000,0.000000,0.000000,2.213319,0.000000,0.000000,0.000000,0.000000,2.120305,0.000000,1.865321,2.042927,2.104896,1.8123844,0.000000,2.190176,0.000000,0.0000000
0.000000,0.000000,0.0000000,0.000000,0.000000,0.000000,0.000000,2.046357,0.000000,2.292334,0.000000,2.135265,2.031249,2.452086,2.210402,2.372864,1.803302,2.450076,1.854610,1.940793,0.000000,2.260208,2.133461,2.199673,0.000000,2.291803,1.823664,2.193550,0.000000,0.000000,1.937122,0.000000,0.000000,0.000000,1.8203654,0.000000,2.401475,1.900990,0.000000,0.000000,0.000000,0.000000,0.000000,1.968876,0.000000,1.888515,0.000000,0.0000000,0.000000,2.161962,2.187292,1.801887,2.093463,0.000000,2.172747,0.000000,0.000000,0.000000,0.000000,2.153990,0.000000,0.000000,1.935100,2.121423,1.8424484,0.000000,2.152161,0.000000,0.0000000
0.000000,0.000000,0.0000000,0.000000,0.000000,0.000000,0.000000,0.000000,1.968049,0.000000,1.711916,2.106764,2.177173,2.447072,2.169457,2.389295,0.000000,2.309764,1.749374,0.000000,1.762398,2.043655,2.045823,2.233454,1.665334,2.230431,0.000000,2.114777,0.000000,1.759030,1.734015,0.000000,0.000000,0.000000,1.9340070,0.000000,2.424324,1.976562,1.572800,1.793030,1.983705,0.000000,0.000000,2.186148,0.000000,1.702762,0.000000,0.0000000,0.000000,1.988451,2.122963,0.000000,0.000000,0.000000,2.190526,1.752453,0.000000,0.000000,0.000000,2.219024,1.737912,1.756846,1.886274,2.050959,0.0000000,0.000000,2.532379,0.000000,0.0000000
0.000000,2.178862,1.7104049,1.936958,1.713183,0.000000,0.000000,2.181885,1.958490,0.000000,1.910585,2.004818,2.147628,2.440046,1.813756,2.340609,1.966001,2.374836,1.892257,1.829211,2.030304,2.254721,2.098003,2.183636,1.946412,2.210526,2.095509,2.165289,0.000000,1.894478,2.012181,0.000000,0.000000,0.000000,1.9409886,1.569308,2.398776,1.875552,0.000000,2.026971,2.175170,1.973847,1.621998,1.871120,0.000000,0.000000,1.703863,0.0000000,1.756646,2.116952,2.162458,2.225879,1.982235,1.957216,2.077340,2.189670,2.042162,0.000000,1.493826,2.205656,1.944969,0.000000,2.012315,2.002547,1.6130680,0.000000,2.510853,1.548887,0.0000000
2.076366,2.108308,1.8083168,1.755021,1.786960,0.000000,0.000000,2.094616,1.984072,0.000000,2.063887,0.000000,2.239298,2.442713,2.192670,2.422592,1.610831,2.381758,1.937592,0.000000,0.000000,2.125158,2.064979,2.179115,1.796440,2.218484,1.809877,2.187662,0.000000,1.810311,1.408577,0.000000,0.000000,0.000000,1.4421117,0.000000,2.435293,1.942278,0.000000,0.000000,0.000000,1.814772,1.749719,2.026485,0.000000,2.098301,1.610758,0.0000000,1.724259,2.170173,2.072532,2.026697,2.180653,1.842885,2.125093,1.978789,1.866504,1.685393,0.000000,2.274658,0.000000,1.850990,2.048939,2.035856,0.0000000,1.907340,2.534575,2.140566,0.0000000
0.000000,0.000000,1.8193438,0.000000,0.000000,0.000000,0.000000,2.045590,1.996258,0.000000,1.984548,2.183680,2.192902,2.478258,2.101266,2.411093,0.000000,2.384720,1.952970,2.000022,0.000000,2.255452,2.027090,2.282113,1.637755,2.201776,2.058574,2.188313,0.000000,0.000000,0.000000,0.000000,0.000000,1.737538,1.7995781,0.000000,2.396142,1.988456,0.000000,0.000000,0.000000,0.000000,0.000000,2.221646,0.000000,1.918344,1.736099,0.0000000,0.000000,0.000000,2.254338,2.234236,0.000000,0.000000,2.224369,0.000000,0.000000,0.000000,0.000000,2.296437,0.000000,1.911238,1.782442,2.135950,1.8967878,0.000000,2.262267,0.000000,0.0000000
0.000000,0.000000,0.0000000,0.000000,0.000000,0.000000,0.000000,1.860031,2.157968,0.000000,0.000000,1.917305,2.248324,2.468026,2.279356,2.394505,0.000000,2.246055,0.000000,0.000000,2.101102,2.194948,1.861519,2.395356,0.000000,2.102221,2.077102,2.059573,0.000000,0.000000,1.888952,0.000000,0.000000,0.000000,0.0000000,0.000000,2.364868,2.095090,1.787967,0.000000,0.000000,0.000000,0.000000,1.894938,0.000000,1.807143,0.000000,0.0000000,0.000000,0.000000,0.000000,2.147615,0.000000,0.000000,2.286935,2.128604,1.811322,0.000000,0.000000,2.140883,0.000000,2.005547,1.557842,2.259763,1.8497213,0.000000,2.317157,0.000000,0.0000000
0.000000,1.995141,0.0000000,0.000000,0.000000,0.000000,0.000000,1.872560,1.871650,0.000000,0.000000,2.110062,2.223964,2.433542,2.220902,2.423317,1.670524,2.195587,1.715780,1.980561,1.769421,2.072436,2.038117,2.258854,1.882372,2.071563,1.979374,2.031252,0.000000,0.000000,0.000000,1.567676,0.000000,0.000000,1.7621914,1.908034,2.344625,2.033078,0.000000,0.000000,0.000000,0.000000,1.793984,2.211763,0.000000,1.484807,1.816432,0.0000000,1.635707,1.952174,2.157486,1.949033,0.000000,0.000000,1.951428,1.897473,0.000000,0.000000,0.000000,2.084728,0.000000,1.999029,1.738737,2.132484,1.7257625,0.000000,2.539454,0.000000,0.0000000
0.000000,1.866876,0.0000000,0.000000,0.000000,0.000000,0.000000,2.048120,2.117609,0.000000,1.995434,2.160265,2.186499,2.427701,2.223349,2.404000,1.555746,2.431816,2.054771,1.909684,2.039637,2.374421,2.199984,2.228101,1.849973,2.294178,2.144367,2.198745,1.395827,1.805766,1.929960,0.000000,0.000000,0.000000,1.7545716,1.992129,2.380177,1.964736,0.000000,1.923977,0.000000,1.819704,0.000000,2.192636,0.000000,0.000000,1.683111,0.0000000,0.000000,1.872472,2.224812,1.928122,0.000000,0.000000,2.076524,1.841185,1.735770,1.477973,0.000000,2.255942,0.000000,1.957771,2.053947,2.055683,1.7362470,0.000000,2.554472,1.729276,0.0000000
0.000000,0.000000,1.7114332,0.000000,2.032058,0.000000,0.000000,2.001234,2.073790,0.000000,0.000000,2.162939,1.914745,2.481588,2.230436,2.361343,0.000000,2.457271,1.888310,1.956170,1.919798,2.328067,2.171363,2.199796,1.915639,2.370958,1.675719,2.267600,0.000000,0.000000,2.032452,0.000000,0.000000,0.000000,1.8965222,0.000000,2.473516,1.983173,0.000000,0.000000,0.000000,1.678899,1.866012,2.145409,0.000000,0.000000,1.802836,0.0000000,0.000000,0.000000,0.000000,0.000000,0.000000,0.000000,2.096199,1.964593,0.000000,0.000000,0.000000,2.251890,0.000000,0.000000,2.028704,2.171698,0.0000000,0.000000,2.385276,0.000000,0.0000000
2.012856,1.965022,0.0000000,1.829983,0.000000,0.000000,0.000000,1.952433,2.028546,0.000000,1.765124,2.115980,2.131021,2.433262,2.189839,2.412772,1.774460,2.422731,1.942548,1.770128,0.000000,2.212257,1.954169,2.170108,0.000000,2.299889,1.651612,2.164660,0.000000,0.000000,0.000000,0.000000,0.000000,0.000000,1.9058109,0.000000,2.454467,1.955880,0.000000,0.000000,0.000000,0.000000,1.761778,2.129045,1.645289,1.836157,1.982787,0.0000000,0.000000,1.877071,0.000000,2.002311,0.000000,0.000000,2.117542,2.087183,0.000000,0.000000,0.000000,2.250251,0.000000,0.000000,2.015019,2.134619,1.8335134,0.000000,2.489530,1.735869,0.0000000
1.811488,1.776197,0.0000000,1.918498,0.000000,0.000000,0.000000,2.025317,0.000000,0.000000,0.000000,2.110472,2.151337,2.448772,2.221123,2.403168,0.000000,2.410126,1.942936,1.832593,0.000000,2.239363,2.083552,2.212218,1.839542,2.321747,1.920544,2.210537,0.000000,1.859591,0.000000,0.000000,0.000000,0.000000,1.7935083,0.000000,2.420791,1.791632,0.000000,0.000000,0.000000,0.000000,0.000000,1.939391,0.000000,1.772688,0.000000,0.0000000,0.000000,0.000000,2.037514,2.213434,2.012971,1.764691,1.941169,1.996759,1.708248,0.000000,0.000000,2.255774,0.000000,0.000000,1.861933,2.060677,0.0000000,0.000000,2.479703,1.712243,0.0000000
0.000000,2.026848,0.0000000,0.000000,2.157596,0.000000,0.000000,2.073063,2.059544,0.000000,0.000000,1.859198,2.144506,2.454893,2.220494,2.365000,0.000000,2.392325,1.887385,0.000000,0.000000,2.200379,2.040618,2.200864,1.891625,2.183826,1.536449,2.161131,0.000000,0.000000,1.930262,0.000000,0.000000,0.000000,1.8786688,0.000000,2.461143,2.098188,0.000000,0.000000,0.000000,1.760417,0.000000,2.154184,1.804755,1.950482,0.000000,0.0000000,0.000000,2.086042,2.220215,1.853578,2.159663,0.000000,2.177604,0.000000,0.000000,0.000000,0.000000,2.226470,0.000000,1.928416,1.993949,2.223384,0.0000000,0.000000,2.419555,0.000000,0.0000000
0.000000,1.961343,1.8426982,0.000000,0.000000,0.000000,0.000000,2.032226,2.060247,0.000000,2.110726,2.115494,2.111821,2.466970,2.244015,2.344420,1.998765,2.295305,1.718942,2.007287,1.325094,2.149747,1.998570,2.207544,1.875454,2.204636,2.059596,2.053145,1.684820,1.649990,1.607492,0.000000,0.000000,0.000000,1.9294530,0.000000,2.404128,2.002057,0.000000,0.000000,1.610903,1.913279,1.961674,2.194523,0.000000,1.825796,1.905232,0.0000000,1.701921,2.106110,0.000000,1.825275,0.000000,0.000000,2.215502,0.000000,1.784406,1.431534,0.000000,2.205865,1.660694,0.000000,1.983295,2.129569,1.6251599,0.000000,2.461425,0.000000,0.0000000
0.000000,2.071606,1.8150099,1.752688,0.000000,0.000000,0.000000,1.945659,1.737766,0.000000,1.934205,2.197003,2.198544,2.451475,2.261467,2.406965,1.676980,2.395410,1.888863,2.087282,2.032323,2.221180,2.099297,2.217355,2.008667,2.267568,1.813284,0.000000,1.602832,0.000000,0.000000,0.000000,1.934019,0.000000,1.6767138,0.000000,2.344061,1.897664,0.000000,0.000000,1.510696,1.603630,0.000000,1.781154,0.000000,2.028569,0.000000,0.0000000,0.000000,1.998999,0.000000,0.000000,1.531218,1.589308,2.295423,1.857082,0.000000,1.788151,0.000000,2.191348,0.000000,1.826693,2.044629,2.217726,1.5726638,1.570833,2.539784,0.000000,0.0000000
1.945492,2.028458,0.0000000,2.072288,0.000000,0.000000,0.000000,1.956555,0.000000,1.715535,1.967744,2.077392,2.202920,2.456349,2.242740,2.364739,0.000000,2.377673,1.887815,2.002554,0.000000,2.165685,2.092580,2.251142,2.020204,2.300627,2.012695,2.075942,1.753815,0.000000,1.707338,0.000000,0.000000,0.000000,0.0000000,0.000000,2.470343,2.110164,0.000000,0.000000,0.000000,0.000000,0.000000,2.193992,0.000000,0.000000,0.000000,0.0000000,0.000000,2.056677,2.066722,1.880171,0.000000,1.640235,2.092880,2.042501,0.000000,0.000000,0.000000,2.133886,0.000000,1.913466,1.788852,2.048392,1.9524433,0.000000,2.452663,0.000000,2.0380180
0.000000,1.942464,0.0000000,0.000000,0.000000,0.000000,0.000000,0.000000,1.764975,2.004789,0.000000,0.000000,2.177580,2.455448,2.187240,2.408879,1.649532,2.291261,1.755757,1.826526,1.910238,2.100740,1.969723,2.175914,1.859729,2.131557,2.077909,2.021747,0.000000,0.000000,0.000000,1.494464,0.000000,1.765501,1.6915186,0.000000,2.422746,2.023443,0.000000,2.068009,2.041211,1.772957,0.000000,2.199170,0.000000,1.788645,1.574655,0.0000000,0.000000,2.205036,2.208956,2.069901,0.000000,1.503166,2.225636,1.935158,0.000000,1.653414,0.000000,2.091826,1.635738,0.000000,2.111844,2.076017,1.7289318,1.877451,2.576338,0.000000,0.0000000
0.000000,1.884440,1.6670146,0.000000,0.000000,0.000000,0.000000,0.000000,1.938617,0.000000,0.000000,2.080415,2.240725,2.433191,2.191457,2.413788,1.934636,2.305104,1.820099,0.000000,1.927148,2.166656,2.053021,2.288582,1.942417,2.160152,1.762384,0.000000,0.000000,0.000000,1.766334,0.000000,1.936760,0.000000,1.7199689,0.000000,2.357142,2.071855,0.000000,0.000000,0.000000,0.000000,1.627212,2.186253,0.000000,1.733330,0.000000,0.0000000,1.432421,2.001492,0.000000,0.000000,2.086170,1.829417,2.234683,1.743519,1.801625,0.000000,0.000000,2.062424,0.000000,1.705981,1.724153,2.068772,0.0000000,0.000000,2.518925,0.000000,0.0000000
0.000000,2.101016,0.0000000,2.010489,0.000000,0.000000,0.000000,0.000000,2.029147,0.000000,1.943020,0.000000,2.234630,2.408859,2.143033,2.381599,2.185764,2.411576,1.912553,0.000000,2.038253,2.347984,2.185552,2.297798,1.787897,2.254630,2.002068,2.225318,0.000000,0.000000,0.000000,0.000000,0.000000,0.000000,0.0000000,0.000000,2.379251,2.207526,0.000000,0.000000,0.000000,0.000000,0.000000,2.099911,0.000000,2.140472,0.000000,0.0000000,0.000000,2.014497,2.110646,0.000000,0.000000,1.904582,2.097375,2.106822,0.000000,0.000000,0.000000,1.967860,0.000000,1.890822,0.000000,2.082550,0.0000000,0.000000,2.512551,0.000000,0.0000000
0.000000,2.229348,0.0000000,0.000000,1.843460,0.000000,2.167336,1.875845,1.849847,0.000000,2.221908,2.117765,2.152863,2.445946,2.227885,2.385409,1.965188,2.359469,1.868452,0.000000,0.000000,2.131024,2.005173,2.108346,0.000000,2.239831,0.000000,2.119406,0.000000,0.000000,0.000000,1.750243,0.000000,0.000000,1.6828326,0.000000,2.462316,1.996859,0.000000,0.000000,1.963181,0.000000,0.000000,2.054508,0.000000,2.088822,1.926125,0.0000000,0.000000,2.081904,2.096011,2.219383,1.922200,1.988709,1.913439,2.124131,0.000000,0.000000,0.000000,2.059152,0.000000,1.942344,1.964642,2.076219,1.9571869,0.000000,2.459921,0.000000,0.0000000
0.000000,2.202649,0.0000000,0.000000,0.000000,0.000000,0.000000,2.050824,1.959988,0.000000,2.024286,2.211969,2.191143,2.449118,2.230605,2.412556,0.000000,2.289512,1.601378,1.953634,1.980702,2.100104,2.055540,2.259198,1.760012,2.114616,2.065655,2.025546,2.065636,0.000000,0.000000,0.000000,0.000000,0.000000,0.0000000,0.000000,2.407862,0.000000,0.000000,0.000000,0.000000,1.980809,0.000000,0.000000,0.000000,1.802253,1.773494,0.0000000,0.000000,2.032929,1.808586,1.692199,0.000000,0.000000,2.316674,1.859846,1.851554,1.618740,0.000000,2.313093,0.000000,0.000000,1.936421,2.174439,0.0000000,0.000000,2.597966,0.000000,0.0000000
0.000000,1.994269,0.0000000,1.738899,0.000000,0.000000,0.000000,1.972029,1.852282,0.000000,1.938414,0.000000,2.233057,2.456955,2.169850,2.385512,0.000000,2.347273,1.559962,1.905821,0.000000,2.183091,2.056580,2.232102,1.830538,2.006884,2.076504,2.073719,1.777393,0.000000,1.732036,1.687032,0.000000,1.732238,1.9031682,0.000000,2.424147,1.945190,0.000000,0.000000,0.000000,1.662662,0.000000,2.035911,0.000000,2.058651,0.000000,0.0000000,1.750198,2.124099,1.608710,1.993853,0.000000,1.744112,2.127066,1.991925,1.735474,1.772483,0.000000,2.096735,0.000000,1.905159,1.754107,2.021664,1.8157890,0.000000,2.509885,1.886707,0.0000000
0.000000,1.828978,1.6724736,0.000000,0.000000,0.000000,0.000000,2.090432,2.073919,0.000000,0.000000,2.011397,2.220000,2.449424,2.158601,2.436073,1.607862,2.444330,0.000000,1.887027,0.000000,2.257394,1.997016,2.193738,0.000000,2.290996,1.990297,2.137015,0.000000,0.000000,2.102926,0.000000,0.000000,0.000000,1.9397227,0.000000,2.446318,1.989083,0.000000,0.000000,0.000000,1.718942,0.000000,2.190866,0.000000,0.000000,1.744469,0.0000000,0.000000,2.055926,2.115360,2.027429,0.000000,1.576979,2.010925,1.926038,0.000000,1.793508,0.000000,2.093010,1.711162,0.000000,2.025449,2.008777,1.9360651,0.000000,2.345030,0.000000,2.0526741
0.000000,2.183884,0.0000000,2.053352,1.742452,0.000000,0.000000,0.000000,2.146246,0.000000,1.970981,2.002048,2.217826,2.436472,2.191404,2.411035,1.959630,2.255728,1.749479,0.000000,2.105027,2.214507,1.934768,2.292189,0.000000,2.155609,2.068728,2.052199,0.000000,0.000000,0.000000,1.685987,1.972644,1.962758,1.7965810,0.000000,2.447366,2.166051,0.000000,0.000000,0.000000,0.000000,0.000000,2.246472,0.000000,2.036857,0.000000,0.0000000,1.627574,2.019920,2.119769,0.000000,0.000000,1.899684,2.013682,2.080783,0.000000,0.000000,0.000000,2.057041,0.000000,2.000353,0.000000,2.078901,0.0000000,0.000000,2.524046,2.091473,0.0000000
0.000000,2.193597,0.0000000,1.877083,1.552555,0.000000,0.000000,1.871354,1.847081,1.491900,1.668448,2.058630,2.214290,2.402757,2.119108,2.381562,1.695772,2.149330,1.884292,0.000000,1.719584,1.955919,1.989733,2.236341,1.521251,2.164128,1.736526,1.905110,0.000000,1.690060,1.463670,1.797673,0.000000,1.916352,1.7928188,0.000000,2.469829,1.993299,0.000000,2.106202,1.956314,1.810380,1.631947,2.113655,0.000000,0.000000,0.000000,0.0000000,1.705781,1.898611,0.000000,2.018063,2.148741,1.843786,2.016579,1.839054,0.000000,1.794569,0.000000,2.209396,0.000000,0.000000,1.774244,1.961740,1.7250570,1.817737,2.438380,0.000000,0.0000000
0.000000,1.604085,0.0000000,0.000000,0.000000,0.000000,1.661734,2.046273,2.157668,0.000000,0.000000,2.175516,2.201936,2.453036,2.246003,2.352710,0.000000,2.413270,2.044646,1.872535,2.035406,2.340421,2.028930,2.202041,1.784866,2.272522,2.109214,2.201643,1.792014,1.893575,0.000000,0.000000,0.000000,1.831209,1.7947783,0.000000,2.450833,2.048133,0.000000,0.000000,0.000000,1.786261,1.568983,2.029496,0.000000,0.000000,1.869422,0.0000000,0.000000,2.121819,1.769997,2.091677,0.000000,0.000000,2.183019,2.094208,0.000000,0.000000,0.000000,2.226763,1.759438,1.810547,2.054308,2.097930,1.7854773,0.000000,2.559120,1.677822,0.0000000
1.986521,2.121774,0.0000000,1.664030,0.000000,0.000000,0.000000,1.655058,1.847300,0.000000,0.000000,0.000000,2.197255,2.435600,2.173936,2.439134,0.000000,2.280191,1.941745,1.763467,1.893501,2.135071,2.043572,2.228297,1.778148,2.086495,1.552555,2.054492,1.859288,0.000000,1.864294,0.000000,0.000000,1.984843,1.8438787,0.000000,2.442438,1.959246,0.000000,2.062778,1.931990,1.698866,0.000000,2.163645,1.534930,1.636548,1.871019,0.0000000,1.847224,2.098998,2.147033,2.103210,0.000000,1.680064,2.156405,2.050762,1.798404,1.685964,0.000000,1.991164,1.705278,1.834808,1.973522,1.977856,1.6602921,1.712800,2.493756,0.000000,1.6087105
0.000000,2.019874,1.6675280,1.770908,1.567863,0.000000,0.000000,1.947794,2.065039,0.000000,0.000000,2.148145,2.155540,2.437496,2.261296,2.366424,0.000000,2.285792,1.882824,1.964870,1.515611,2.162394,2.020634,2.253861,1.798511,2.088606,1.996438,2.063640,1.765191,1.568797,1.874508,0.000000,0.000000,1.921562,1.7632894,1.450978,2.363708,1.993385,0.000000,0.000000,0.000000,1.758720,1.741520,2.196813,0.000000,0.000000,1.966245,0.0000000,0.000000,1.995691,2.118352,1.780049,0.000000,1.727512,2.146692,1.974773,0.000000,0.000000,0.000000,2.091421,1.717443,1.768223,1.918274,2.104027,1.8779384,0.000000,2.443615,0.000000,0.0000000
1.888543,2.011097,1.5959873,0.000000,0.000000,0.000000,0.000000,1.947585,2.043835,0.000000,0.000000,0.000000,2.180520,2.462260,2.222009,2.411696,0.000000,2.443510,1.954951,1.947920,0.000000,2.314630,2.201937,2.231848,1.866399,2.314356,2.064444,2.228834,0.000000,1.785090,2.026345,0.000000,0.000000,0.000000,1.7390116,0.000000,2.307455,0.000000,0.000000,0.000000,0.000000,1.757715,0.000000,2.200584,0.000000,1.899057,1.679518,0.0000000,1.839070,1.959001,2.008711,2.204255,0.000000,1.857698,2.313033,2.063700,1.681501,1.423767,0.000000,2.190890,0.000000,1.853987,1.822323,2.056557,0.0000000,1.783290,2.508642,1.683783,2.0472328
0.000000,1.822810,0.0000000,1.655556,0.000000,0.000000,0.000000,1.777988,1.822846,0.000000,1.994795,1.948038,2.144126,2.440651,2.219196,2.416586,0.000000,2.321205,1.730389,1.939395,1.674424,2.127168,1.979780,2.260638,1.831540,2.096097,0.000000,2.025218,0.000000,1.516302,1.678230,0.000000,0.000000,1.857334,1.8154285,0.000000,2.424857,1.951299,0.000000,1.921330,1.630728,1.748952,0.000000,2.207636,0.000000,1.420969,1.594432,0.0000000,1.777678,1.957729,2.198706,1.981171,0.000000,1.701488,2.248740,1.840631,1.749734,1.601570,0.000000,2.029262,1.779280,1.936180,2.040493,2.017400,1.6982988,0.000000,2.517742,0.000000,1.6281310
0.000000,2.345152,1.7326423,2.022633,1.996492,0.000000,1.673341,2.078535,2.168023,0.000000,2.181795,2.242926,2.209332,2.451138,2.209422,2.386683,1.830120,2.251606,0.000000,1.847337,1.970210,2.171864,2.029404,2.136638,1.876125,1.954757,1.910776,2.072623,0.000000,1.783064,2.005136,1.716436,0.000000,1.618081,1.9605464,1.467800,2.481543,0.000000,0.000000,0.000000,1.786646,1.959909,0.000000,2.157786,2.112345,1.632075,0.000000,1.8328781,0.000000,1.833513,1.902886,1.982027,0.000000,1.790152,2.040878,2.182736,0.000000,1.986901,0.000000,2.305491,1.840108,1.670951,2.325861,2.006334,1.7586498,1.860914,2.533911,1.966683,0.0000000
0.000000,2.009610,1.7593678,0.000000,0.000000,0.000000,1.493684,1.983783,1.892230,1.743738,1.822873,2.276257,2.256188,2.434852,2.174304,2.445732,0.000000,2.348798,1.771181,1.800911,1.918353,2.153670,1.980427,2.077275,1.970026,2.168263,2.025676,2.052203,0.000000,0.000000,1.456435,0.000000,0.000000,0.000000,1.7296024,0.000000,2.340379,2.023433,0.000000,0.000000,0.000000,1.848770,1.807123,2.135529,1.917810,1.752923,1.137789,0.0000000,0.000000,2.121605,0.000000,1.958544,2.008256,1.653078,2.116099,1.983353,0.000000,1.784039,0.000000,2.032716,1.502287,1.865776,1.820329,2.040522,1.7614041,0.000000,2.484305,1.705198,1.8712907
1.905066,1.883367,1.6153814,1.862500,0.000000,0.000000,1.961315,2.134713,2.021439,0.000000,2.064485,2.063411,2.249294,2.488606,2.165612,2.419650,0.000000,2.347607,0.000000,2.009046,0.000000,2.170986,2.076929,2.298821,2.005579,2.212978,0.000000,2.110286,0.000000,0.000000,1.874268,0.000000,0.000000,0.000000,1.9355123,0.000000,2.474164,1.858283,1.600723,1.960124,1.994197,1.923944,1.650960,2.162466,1.684406,1.746858,2.013420,0.0000000,1.703150,1.942584,2.191317,1.955569,0.000000,0.000000,2.366653,2.176570,1.687958,1.880106,0.000000,2.232217,1.753684,1.759831,2.041416,2.096941,1.9410365,0.000000,2.534993,0.000000,0.0000000
0.000000,2.203237,1.6597278,0.000000,0.000000,0.000000,0.000000,2.026367,1.984835,0.000000,2.159723,2.279201,2.284638,2.428774,2.158029,2.430749,1.911443,2.320791,1.789241,1.853217,1.904494,2.153956,2.077452,2.263565,1.993676,2.165410,1.786413,2.132944,1.671876,0.000000,1.491756,0.000000,1.860757,2.035339,1.9518775,0.000000,2.469097,2.125965,0.000000,0.000000,0.000000,1.946522,1.604425,2.202918,0.000000,2.044463,0.000000,0.0000000,1.866032,2.156609,2.259550,2.292331,0.000000,1.848434,2.290808,1.873183,1.465581,2.058211,0.000000,2.183881,0.000000,1.918551,2.222454,2.026300,1.9252519,0.000000,2.592892,0.000000,0.0000000
0.000000,1.715384,0.0000000,0.000000,0.000000,0.000000,0.000000,1.926864,1.910421,0.000000,0.000000,2.179767,2.103647,2.448982,2.224427,2.380776,0.000000,2.353004,1.798843,1.770766,0.000000,2.148450,1.983298,2.274178,1.644906,2.167575,1.878184,2.112308,1.531737,1.610176,0.000000,0.000000,0.000000,1.756789,1.8922462,0.000000,2.469243,1.956226,0.000000,0.000000,0.000000,0.000000,0.000000,1.930790,0.000000,1.784299,1.774384,0.0000000,0.000000,1.859612,1.899231,1.999347,0.000000,0.000000,2.243945,2.036201,0.000000,1.880672,0.000000,2.157143,1.771698,0.000000,1.695172,2.028776,0.0000000,0.000000,2.521542,0.000000,1.9401609
0.000000,2.123582,0.0000000,0.000000,1.944608,0.000000,0.000000,0.000000,2.070446,0.000000,2.079569,2.183630,2.261795,2.434060,2.201796,2.375596,1.971195,2.378775,1.728518,1.835262,0.000000,2.181864,2.083972,2.176072,1.851641,2.242472,1.991201,2.164981,0.000000,1.677124,0.000000,0.000000,0.000000,0.000000,1.8914845,2.004501,2.429961,1.921450,0.000000,2.105328,2.012089,1.626355,1.778789,2.197260,0.000000,2.026717,1.790027,0.0000000,0.000000,2.137815,0.000000,1.801573,2.037144,1.927526,2.263049,1.936608,0.000000,0.000000,0.000000,2.170074,0.000000,1.864181,1.979301,2.121677,1.8018035,1.829331,2.549845,2.102263,0.0000000
0.000000,2.019781,0.0000000,0.000000,0.000000,0.000000,0.000000,0.000000,1.773200,0.000000,0.000000,2.017121,2.029032,2.465430,2.259203,2.372739,0.000000,0.000000,1.883563,2.002117,0.000000,2.214313,2.103119,2.196133,1.811361,2.214802,2.075774,2.086042,0.000000,0.000000,1.755713,0.000000,0.000000,0.000000,1.7369674,0.000000,2.299135,1.878925,0.000000,0.000000,0.000000,0.000000,0.000000,2.015962,0.000000,1.728362,0.000000,0.0000000,1.586434,2.127920,1.926778,1.599211,2.080627,0.000000,2.257454,2.028108,1.832962,0.000000,0.000000,2.128897,0.000000,1.726780,1.798447,2.096364,1.7701538,0.000000,2.502966,0.000000,0.0000000
0.000000,2.023052,0.0000000,0.000000,2.249947,0.000000,0.000000,1.774041,1.886920,0.000000,0.000000,2.239561,2.208909,2.480793,2.232035,2.370726,1.620257,2.384270,1.978270,2.038821,1.699453,2.282859,2.205952,2.205197,1.915522,2.250898,2.118574,2.092932,0.000000,0.000000,1.910323,0.000000,0.000000,0.000000,1.7660660,0.000000,2.396912,1.969571,0.000000,0.000000,0.000000,0.000000,0.000000,2.204867,0.000000,1.717722,1.641415,0.0000000,0.000000,2.109604,1.890517,1.890598,0.000000,1.606115,2.065096,1.777715,0.000000,1.607677,0.000000,2.069701,0.000000,1.713106,2.139252,2.110839,1.7403909,0.000000,2.504944,0.000000,0.0000000
2.027211,1.981654,1.6681675,1.996349,0.000000,0.000000,0.000000,2.113594,1.920006,0.000000,2.057094,2.280247,2.274635,2.420554,2.188965,2.401373,1.726622,2.325754,1.851268,1.819362,1.943930,2.148402,2.026732,2.263005,1.832979,2.181759,2.037506,2.066217,1.752717,1.659620,1.585634,0.000000,2.035237,1.697961,1.8343946,0.000000,2.443181,1.976917,0.000000,0.000000,0.000000,1.953747,0.000000,1.957025,0.000000,1.872797,1.914935,0.0000000,1.860326,1.945197,2.112487,2.007778,2.115930,2.038556,2.259499,2.117836,1.930706,1.608047,0.000000,2.170216,0.000000,1.826649,1.937928,2.131961,1.8779984,0.000000,2.548002,0.000000,1.6753293
0.000000,2.001499,0.0000000,0.000000,0.000000,0.000000,0.000000,2.149754,2.001589,2.098353,1.931487,2.251142,2.140133,2.434983,2.218718,2.413532,1.923145,2.298570,1.684084,1.983723,1.851751,2.164436,2.022087,2.289838,1.881153,2.148414,1.909989,0.000000,1.835262,1.641113,1.863266,0.000000,0.000000,1.706181,1.9148492,0.000000,2.390451,1.871247,0.000000,0.000000,0.000000,1.981442,1.730833,2.142200,1.319483,1.370160,1.245311,0.0000000,0.000000,1.803054,2.094253,2.254832,0.000000,1.649274,2.128620,2.153955,1.818612,1.585170,0.000000,2.107781,1.587230,0.000000,2.030015,2.036521,1.6908350,1.397246,2.482954,0.000000,1.7024545
0.000000,1.851568,0.0000000,0.000000,0.000000,0.000000,0.000000,1.961808,1.763971,1.846528,0.000000,2.015622,2.171682,2.446398,2.264600,2.422684,1.929203,2.337373,2.000269,2.026298,0.000000,2.270648,2.104382,2.287852,1.877499,2.159876,1.924255,2.167379,0.000000,0.000000,1.793874,0.000000,1.990504,0.000000,1.8228824,0.000000,2.450813,0.000000,0.000000,0.000000,0.000000,0.000000,1.811742,1.996836,0.000000,1.859852,0.000000,0.0000000,1.570787,2.017472,2.121122,1.937920,2.114949,1.618948,2.058771,2.091242,0.000000,1.624258,0.000000,2.087932,0.000000,1.912225,1.937928,2.176080,0.0000000,0.000000,2.559362,0.000000,0.0000000
0.000000,1.798114,0.0000000,0.000000,0.000000,0.000000,0.000000,0.000000,2.047673,0.000000,2.056186,2.170293,2.193433,2.451299,2.161954,2.404513,0.000000,2.253360,1.664892,0.000000,1.905607,2.166903,1.978919,2.256400,0.000000,2.082349,1.829288,2.104721,0.000000,0.000000,0.000000,0.000000,1.878196,2.005950,1.6305343,0.000000,2.442641,1.896204,1.675597,2.309990,2.260735,1.873034,0.000000,2.022119,2.103089,0.000000,0.000000,1.7697357,0.000000,1.927796,2.068166,2.036842,0.000000,1.881358,2.251269,2.103030,1.847887,0.000000,0.000000,2.260312,1.885590,1.769618,1.982422,2.085667,0.0000000,0.000000,2.544696,0.000000,0.0000000
0.000000,2.017105,0.0000000,2.098516,0.000000,0.000000,0.000000,1.961052,2.111007,0.000000,0.000000,2.018781,2.100882,2.462681,2.238292,2.411553,0.000000,2.196391,0.000000,1.843554,0.000000,2.091107,2.025038,2.268062,0.000000,2.148891,1.564650,1.967086,0.000000,0.000000,1.892982,0.000000,0.000000,0.000000,1.8488742,0.000000,2.345433,1.981649,0.000000,1.663689,0.000000,0.000000,0.000000,2.046896,0.000000,0.000000,1.730560,0.0000000,1.904337,1.917003,0.000000,1.883073,0.000000,0.000000,1.883419,2.110070,1.811947,2.039723,0.000000,2.150450,0.000000,0.000000,1.914677,2.010135,0.0000000,0.000000,2.606783,0.000000,0.0000000
0.000000,2.057914,0.0000000,2.072344,0.000000,0.000000,1.915486,2.072326,1.988474,1.796971,1.883661,2.038053,2.119107,2.464223,2.261764,2.394317,0.000000,2.330193,1.640781,1.869461,0.000000,2.114437,2.066183,2.283602,1.952171,2.153295,1.915486,2.090654,0.000000,1.837135,1.817494,0.000000,0.000000,1.599094,1.8775716,1.445267,2.362187,2.017586,1.894822,0.000000,2.089745,0.000000,0.000000,2.229903,0.000000,1.781709,1.636081,0.0000000,0.000000,1.950724,0.000000,1.897172,2.116438,0.000000,2.061508,2.070121,0.000000,2.017952,0.000000,2.176175,0.000000,1.847217,1.988624,2.007899,1.5190407,0.000000,2.572301,0.000000,1.6308886
0.000000,1.914278,1.7013228,0.000000,0.000000,0.000000,0.000000,2.058677,1.978287,0.000000,1.840251,2.149663,2.160778,2.410965,2.218319,2.424569,0.000000,2.359975,1.699683,1.981442,1.877986,1.763235,2.070674,2.258287,1.901799,2.158880,0.000000,2.088675,2.008231,0.000000,1.952100,1.670146,0.000000,0.000000,1.8320884,0.000000,2.330629,2.009677,0.000000,0.000000,0.000000,1.862870,0.000000,2.116559,0.000000,2.020617,1.676472,0.0000000,1.892063,1.851999,0.000000,1.984326,0.000000,0.000000,2.318576,0.000000,1.826122,1.644551,0.000000,2.143992,0.000000,1.756432,1.829571,2.051372,0.0000000,0.000000,2.564736,0.000000,2.0281795
1.924180,2.087456,0.0000000,1.613890,1.624526,0.000000,0.000000,1.912322,1.916557,0.000000,2.181180,0.000000,2.256372,2.426326,2.224261,2.409516,1.848844,2.298780,1.716436,1.755339,0.000000,2.084548,2.092975,2.200305,1.719181,2.124717,2.071618,2.091040,0.000000,1.981691,1.706141,0.000000,0.000000,0.000000,1.8274442,0.000000,2.295786,2.115398,0.000000,0.000000,1.528427,1.875417,0.000000,2.082706,0.000000,0.000000,1.696498,0.0000000,0.000000,2.080150,0.000000,1.807746,0.000000,1.892305,2.340316,1.965579,1.790515,0.000000,0.000000,1.956379,0.000000,0.000000,2.133381,2.220866,1.5720253,0.000000,2.585236,2.026187,0.0000000
0.000000,1.895927,0.0000000,0.000000,0.000000,0.000000,0.000000,0.000000,1.910800,2.008888,2.126640,2.106713,2.186143,2.447695,2.228511,2.379413,1.635769,2.344260,0.000000,1.764366,1.592296,2.094048,2.188195,2.213101,0.000000,2.138086,1.975591,2.093484,0.000000,1.715949,1.852173,1.642527,0.000000,1.464004,1.8385891,0.000000,2.429093,2.082910,1.674228,0.000000,0.000000,1.784441,0.000000,2.004207,0.000000,1.695000,0.000000,0.0000000,1.907384,1.872084,2.024786,1.746995,0.000000,0.000000,2.137881,0.000000,1.775771,0.000000,0.000000,2.171428,0.000000,0.000000,1.834610,2.062176,1.5606462,0.000000,2.505122,0.000000,0.0000000
2.086511,1.879128,0.0000000,0.000000,0.000000,0.000000,1.610249,1.976540,1.925598,0.000000,2.128241,1.376140,2.127448,2.422168,2.197177,2.370905,0.000000,1.890773,1.725903,1.799493,2.024596,2.099826,1.985745,2.240233,1.792607,2.001306,2.020794,0.000000,1.843600,1.914009,0.000000,0.000000,0.000000,1.434671,1.7313761,0.000000,2.417976,1.854167,1.572071,0.000000,0.000000,1.862817,1.710794,2.195395,0.000000,0.000000,1.722723,0.0000000,1.584916,1.887100,0.000000,1.992716,0.000000,1.558732,2.157863,0.000000,0.000000,1.643483,0.000000,2.242505,1.297534,1.521556,1.857726,2.063264,0.0000000,0.000000,2.538548,1.638525,1.4037353
0.000000,1.998411,0.0000000,1.640599,0.000000,0.000000,0.000000,2.109768,1.890265,0.000000,0.000000,0.000000,2.192005,2.443496,2.283696,2.423694,0.000000,2.071223,0.000000,0.000000,1.700723,0.000000,1.948930,2.211940,0.000000,1.922945,0.000000,0.000000,1.753975,0.000000,1.684475,0.000000,0.000000,0.000000,1.9047534,0.000000,2.541953,2.030469,0.000000,0.000000,0.000000,1.876629,0.000000,2.186830,0.000000,0.000000,1.763999,0.0000000,0.000000,1.938414,2.106301,1.928114,2.174093,0.000000,2.045336,0.000000,0.000000,1.754861,0.000000,2.225324,0.000000,1.732086,1.944737,1.979694,0.0000000,0.000000,2.364802,1.904175,0.0000000
0.000000,1.750467,0.0000000,0.000000,0.000000,0.000000,0.000000,2.042347,1.747072,2.256290,2.068165,2.125925,2.181865,2.467885,2.176128,2.434591,0.000000,2.232567,0.000000,2.058683,0.000000,2.065846,2.061938,2.276803,0.000000,2.000839,1.883217,1.925843,2.084192,0.000000,2.042428,0.000000,0.000000,1.910594,1.8401634,0.000000,2.477332,2.016405,0.000000,0.000000,0.000000,0.000000,0.000000,2.113858,1.604915,0.000000,0.000000,0.0000000,1.731664,1.973298,2.164376,2.091865,0.000000,0.000000,1.944590,0.000000,0.000000,1.878256,0.000000,2.201346,0.000000,1.838734,2.123194,2.042363,0.0000000,0.000000,2.530934,0.000000,0.0000000
0.000000,1.749118,1.9525676,0.000000,0.000000,0.000000,0.000000,2.025638,2.088124,1.802721,0.000000,2.168549,2.142714,2.486855,2.228747,2.422623,0.000000,2.308301,1.551272,0.000000,0.000000,2.063359,2.046716,2.091631,1.689748,2.065682,1.713469,1.830682,0.000000,1.376663,1.803261,0.000000,0.000000,0.000000,1.3462959,1.841484,2.481248,1.947358,0.000000,0.000000,0.000000,1.767362,0.000000,2.151871,2.198736,1.707278,0.000000,1.8611862,1.475951,1.961646,2.254303,2.193738,0.000000,0.000000,2.133021,0.000000,0.000000,1.820081,0.000000,2.173065,0.000000,1.886791,1.864128,1.983812,1.5941114,1.695257,2.507533,2.148974,0.0000000
0.000000,2.136685,1.7156292,2.176219,0.000000,0.000000,0.000000,2.034637,1.933308,0.000000,2.056425,1.978183,2.114657,2.481699,2.280808,2.359633,2.020491,2.430567,1.955375,2.085204,1.639229,2.257354,2.216189,2.202782,2.063594,2.289583,2.029042,2.156885,0.000000,1.562104,1.898980,0.000000,0.000000,0.000000,1.7545135,0.000000,2.371823,1.992911,0.000000,1.755238,1.913003,1.858880,1.525233,2.151633,0.000000,0.000000,1.790719,0.0000000,0.000000,1.897788,0.000000,2.070372,1.551632,1.762136,1.854553,1.993046,1.768935,1.795031,0.000000,1.966134,0.000000,0.000000,1.826017,2.138281,1.6864424,1.754644,2.503788,0.000000,1.8316326
0.000000,1.984639,0.0000000,1.657642,0.000000,0.000000,0.000000,2.021755,1.977105,0.000000,1.509918,2.031989,2.177022,2.472625,2.271743,2.395542,0.000000,2.371440,1.882401,2.050784,1.618046,2.230170,2.068289,2.258168,1.976937,2.207765,1.992471,2.066585,1.705801,0.000000,1.868542,0.000000,0.000000,1.817353,1.8550171,0.000000,2.436002,1.941771,0.000000,0.000000,0.000000,1.813708,0.000000,2.166842,1.828348,1.737717,1.969331,0.0000000,0.000000,1.960886,2.085546,1.943092,2.185025,0.000000,2.208851,1.750869,0.000000,1.797878,0.000000,2.119617,0.000000,1.551066,2.069290,2.166266,1.6792090,0.000000,2.532033,1.786878,0.0000000
0.000000,2.026964,1.6883177,1.575821,0.000000,0.000000,0.000000,1.987798,1.980534,0.000000,0.000000,1.905665,2.130308,2.439649,2.236682,2.423435,2.063211,2.400541,1.959589,1.998454,1.678110,2.289554,2.170561,2.185442,2.011791,2.276946,0.000000,2.171037,1.677726,0.000000,1.754208,0.000000,0.000000,0.000000,1.8647060,0.000000,2.486567,1.982427,0.000000,0.000000,0.000000,1.897711,0.000000,2.203288,0.000000,1.600993,1.860811,0.0000000,1.863273,2.040168,2.155424,1.940849,0.000000,0.000000,2.126164,1.665957,1.615098,1.768157,0.000000,2.177467,1.583725,1.742263,2.125698,1.894288,1.9272015,0.000000,2.470069,0.000000,1.5315068
0.000000,0.000000,0.0000000,0.000000,0.000000,0.000000,0.000000,2.037355,1.763043,2.080617,0.000000,0.000000,2.239348,2.456862,2.290429,2.402659,1.588811,2.385219,1.983389,1.814466,1.960914,2.300867,2.148923,2.254216,1.814255,2.278839,2.078806,2.165414,0.000000,0.000000,1.840378,0.000000,0.000000,0.000000,1.7537568,0.000000,2.409121,1.937440,0.000000,2.085837,2.073014,1.866465,0.000000,2.223866,0.000000,1.797209,1.915138,0.0000000,0.000000,1.785899,2.118694,1.636827,0.000000,1.720352,2.095336,1.838758,0.000000,1.557941,0.000000,2.208601,0.000000,1.810380,1.936233,2.108399,1.9697872,0.000000,2.578296,0.000000,0.0000000
0.000000,1.950202,0.0000000,0.000000,0.000000,0.000000,0.000000,2.078977,1.743644,1.697496,0.000000,1.714288,2.083731,2.467095,2.262168,2.366623,1.985406,2.407840,1.870747,2.023575,1.888421,2.237510,2.109742,2.246630,1.779976,2.279676,1.460894,2.172755,0.000000,0.000000,1.694913,0.000000,0.000000,0.000000,1.8394224,0.000000,2.384354,1.911433,0.000000,0.000000,0.000000,0.000000,1.842276,2.173981,0.000000,1.648207,1.850202,0.0000000,0.000000,2.142249,0.000000,1.843894,0.000000,0.000000,2.349456,0.000000,1.734148,1.671677,0.000000,2.058615,0.000000,1.489663,1.938605,2.105477,1.7697619,0.000000,2.516593,0.000000,0.0000000
0.000000,1.935520,2.1252794,0.000000,0.000000,0.000000,0.000000,2.021710,1.993611,0.000000,0.000000,2.138722,2.007157,2.490787,2.199543,2.385530,1.878040,2.281265,1.787053,1.940834,1.769198,2.102853,2.003069,2.211935,1.953544,2.173599,1.593468,2.022434,0.000000,0.000000,0.000000,0.000000,0.000000,0.000000,1.7609324,0.000000,2.385566,0.000000,0.000000,0.000000,0.000000,0.000000,1.599949,1.953581,2.100443,1.628621,0.000000,0.0000000,0.000000,2.132396,0.000000,1.695021,0.000000,0.000000,2.274208,0.000000,0.000000,1.984737,0.000000,2.255172,0.000000,0.000000,1.998441,2.200320,0.0000000,0.000000,2.532730,0.000000,0.0000000
0.000000,1.976346,0.0000000,1.706800,0.000000,0.000000,0.000000,1.972698,1.806111,2.104134,0.000000,1.816167,2.224308,2.451127,2.161276,2.401157,1.706301,2.360671,1.872253,1.964193,1.882575,2.269841,1.976501,2.281349,1.805501,2.198709,1.867261,2.128916,0.000000,0.000000,1.652909,0.000000,0.000000,1.844265,1.8754476,1.571293,2.411813,1.894012,1.773494,0.000000,0.000000,1.860723,1.725410,2.177469,0.000000,0.000000,1.740407,0.0000000,0.000000,2.077606,2.212516,2.026565,0.000000,0.000000,2.213055,1.373769,0.000000,1.764745,0.000000,2.030010,1.497132,0.000000,2.017523,2.014694,1.6379403,0.000000,2.526020,0.000000,0.0000000
0.000000,1.937920,0.0000000,0.000000,0.000000,0.000000,0.000000,2.019015,1.817128,0.000000,0.000000,2.096111,1.552043,2.441631,2.236095,2.396229,2.035524,0.000000,1.857572,1.894769,1.872040,2.206708,2.089915,2.217111,1.768329,2.161109,1.528427,2.091919,1.586560,0.000000,1.737065,0.000000,0.000000,0.000000,1.6172092,0.000000,2.344973,1.901644,0.000000,0.000000,0.000000,1.842237,0.000000,1.885618,0.000000,1.743769,0.000000,0.0000000,0.000000,2.143839,0.000000,1.688497,0.000000,0.000000,2.200100,1.920037,0.000000,1.524456,0.000000,2.181564,0.000000,1.897084,1.891224,2.098082,1.6293046,0.000000,2.485594,0.000000,0.0000000
0.000000,1.708603,1.7547166,0.000000,0.000000,0.000000,0.000000,2.063720,1.799525,2.217362,1.687890,2.207969,2.103738,2.467060,2.258484,2.358757,1.941301,2.328045,1.822621,1.968634,1.603099,2.164655,2.030548,2.208524,1.899180,2.185207,1.674154,2.026039,1.585634,0.000000,1.677894,1.260540,0.000000,0.000000,1.8575369,1.497898,2.388071,1.882737,0.000000,1.905169,0.000000,1.864155,1.770792,2.190161,0.000000,1.845745,1.639535,0.0000000,0.000000,1.884417,2.129911,2.090744,1.595709,0.000000,2.211583,0.000000,1.583041,1.798179,0.000000,2.175693,1.511278,0.000000,1.907853,2.061732,1.5614739,1.456869,2.514993,0.000000,0.0000000
0.000000,1.985893,1.6672202,0.000000,0.000000,0.000000,1.781395,2.045157,1.979517,1.817344,1.797080,2.276587,2.218544,2.432105,2.163899,2.414654,0.000000,2.379827,1.891647,1.939320,1.637013,2.243595,2.068800,2.289788,2.013424,2.282799,2.015207,2.222853,1.606414,0.000000,0.000000,0.000000,0.000000,1.596344,1.8712276,0.000000,2.393834,1.940191,0.000000,0.000000,0.000000,1.911066,1.777157,2.148101,0.000000,2.026964,1.890358,0.0000000,0.000000,1.895675,1.777901,1.989964,0.000000,1.728621,2.287600,1.991477,0.000000,1.792316,0.000000,2.176730,1.690126,1.570049,1.989374,2.125486,1.8300426,1.433403,2.510476,1.671427,1.9013676
0.000000,1.690835,1.9002731,0.000000,1.627672,0.000000,1.941675,1.936878,1.867026,1.924158,1.874194,0.000000,2.173818,2.466655,2.223504,2.363860,0.000000,2.336806,1.863367,1.922149,1.653526,2.198289,2.042285,2.234656,1.802127,2.195414,1.952029,2.038062,0.000000,0.000000,0.000000,0.000000,1.946232,0.000000,1.7346464,0.000000,2.413730,1.908842,1.802649,0.000000,0.000000,0.000000,0.000000,2.118753,2.035608,1.798275,1.769093,0.0000000,0.000000,1.938037,2.183369,1.934054,0.000000,0.000000,1.949684,0.000000,1.645613,1.470234,0.000000,2.190089,0.000000,1.934915,2.019677,2.046528,0.0000000,1.677341,2.320373,1.702966,0.0000000
0.000000,2.109243,1.5751943,1.995240,1.801300,0.000000,0.000000,2.060782,2.157918,1.911359,1.919519,0.000000,2.219755,2.443258,2.293892,2.448598,0.000000,2.388502,1.804919,1.952403,0.000000,2.254591,2.056985,2.253281,1.968602,2.287193,2.056947,2.113866,1.651669,1.788565,0.000000,0.000000,0.000000,0.000000,1.7489525,0.000000,2.464589,2.021355,1.817212,0.000000,0.000000,1.702516,0.000000,2.272886,0.000000,1.947414,1.700640,0.0000000,0.000000,2.196139,2.305383,2.079429,0.000000,0.000000,2.375802,2.003403,1.746445,1.643780,0.000000,2.299535,0.000000,0.000000,2.042611,2.153558,0.0000000,0.000000,2.566992,0.000000,0.0000000
0.000000,1.916557,0.0000000,1.551581,0.000000,0.000000,0.000000,2.196899,2.038945,2.056089,0.000000,2.276718,2.163272,2.481475,2.188365,2.404892,0.000000,2.313349,1.667656,1.899016,1.692942,2.128845,2.068112,2.294557,1.950605,2.147344,0.000000,0.000000,1.726657,0.000000,1.574970,0.000000,0.000000,0.000000,1.8801118,0.000000,2.490909,1.939171,0.000000,0.000000,0.000000,2.047661,1.780972,2.189857,0.000000,1.786238,1.637940,0.0000000,0.000000,1.966536,1.889745,1.935143,2.108999,0.000000,2.331258,0.000000,0.000000,0.000000,0.000000,2.269838,0.000000,1.772868,2.079288,2.069055,0.0000000,0.000000,2.413821,0.000000,0.0000000
0.000000,1.664187,0.0000000,0.000000,0.000000,0.000000,0.000000,2.010620,1.694007,2.089084,0.000000,2.187449,2.157956,2.465929,2.222151,2.398308,0.000000,2.355761,1.894722,1.899475,1.742042,2.197915,1.992541,2.210681,1.783599,2.209934,0.000000,2.147180,1.971917,0.000000,0.000000,0.000000,0.000000,0.000000,1.8324670,0.000000,2.431826,1.989736,0.000000,0.000000,0.000000,0.000000,0.000000,0.000000,0.000000,1.885465,0.000000,0.0000000,0.000000,1.965488,0.000000,2.018599,0.000000,0.000000,2.299706,1.767468,0.000000,1.668167,0.000000,2.077916,0.000000,1.789936,1.882622,2.256777,0.0000000,0.000000,2.543316,0.000000,0.0000000
1.942508,1.734796,0.0000000,0.000000,1.692789,0.000000,0.000000,1.995908,1.944328,0.000000,0.000000,2.141760,2.212030,2.487190,2.241297,2.415063,0.000000,2.421689,1.847164,2.078960,0.000000,2.288185,2.124899,2.316090,1.818835,2.243850,0.000000,2.068887,0.000000,0.000000,1.694633,0.000000,0.000000,0.000000,1.8722967,0.000000,2.391849,1.916700,0.000000,0.000000,1.860442,0.000000,0.000000,2.018554,0.000000,0.000000,0.000000,0.0000000,1.745861,1.860975,2.171205,2.314868,0.000000,0.000000,2.325294,2.035129,1.898267,1.828036,0.000000,2.187401,0.000000,1.948871,1.925431,2.171586,0.0000000,0.000000,2.405506,0.000000,0.0000000
0.000000,1.855954,1.6513289,0.000000,0.000000,0.000000,0.000000,2.224632,1.944601,0.000000,1.983086,1.935762,2.156409,2.461064,2.175086,2.391332,0.000000,2.374405,1.874126,2.009471,0.000000,2.208800,2.090770,2.268918,1.899026,2.276115,1.762837,2.139868,0.000000,0.000000,1.519780,0.000000,0.000000,0.000000,2.0105266,0.000000,2.451822,2.001800,0.000000,0.000000,0.000000,1.947871,1.740295,2.253134,1.706521,0.000000,0.000000,0.0000000,0.000000,2.063414,2.123313,1.973031,0.000000,0.000000,2.234696,1.873649,1.787574,1.618810,0.000000,2.256498,0.000000,1.926926,2.027469,2.056837,0.0000000,0.000000,2.498425,0.000000,0.0000000
0.000000,1.974562,1.8641280,1.667707,1.523555,0.000000,0.000000,1.916530,1.982156,2.070985,0.000000,2.252639,2.045182,2.436528,2.193642,2.412215,0.000000,2.184441,1.901036,1.706301,1.831082,1.808636,2.069131,2.146086,1.853606,1.932456,1.756202,0.000000,1.850040,0.000000,1.677293,0.000000,0.000000,0.000000,1.4689399,0.000000,2.448907,2.014066,1.475638,0.000000,1.798714,1.561425,0.000000,2.066826,1.430840,0.000000,1.940027,0.0000000,0.000000,1.971673,1.996696,2.029223,0.000000,0.000000,2.113742,1.970163,0.000000,1.757132,0.000000,2.250232,1.895643,0.000000,2.224633,2.160882,0.0000000,1.441362,2.531172,1.775771,1.8102323
0.000000,1.980079,1.8046728,1.636175,0.000000,0.000000,0.000000,2.117677,1.935605,1.969574,0.000000,2.202877,2.164098,2.437451,2.202557,2.407291,0.000000,2.253325,1.830222,1.640932,1.752952,2.023318,1.969217,2.265078,1.844326,1.984732,1.873009,0.000000,1.847096,1.355048,0.000000,0.000000,0.000000,1.859046,1.7240814,0.000000,2.474243,1.989085,0.000000,2.015841,1.866700,0.000000,0.000000,2.179641,1.471600,2.001497,1.833388,0.0000000,1.841082,1.956970,0.000000,2.236568,0.000000,1.578877,2.207645,1.736526,0.000000,1.788231,1.222888,2.278288,1.798061,1.703903,1.971911,2.066701,0.0000000,0.000000,2.522563,1.868039,1.4715201
0.000000,1.865776,0.0000000,0.000000,1.602489,0.000000,0.000000,2.069184,1.886645,2.136691,1.897421,2.180386,2.253254,2.440951,2.129630,2.443348,0.000000,2.267846,0.000000,0.000000,1.952986,1.867326,2.120072,2.270055,0.000000,2.091622,2.014370,0.000000,1.890637,0.000000,1.906990,0.000000,0.000000,0.000000,0.0000000,0.000000,2.407465,2.024681,1.608931,0.000000,0.000000,0.000000,0.000000,2.127565,0.000000,1.917491,0.000000,0.0000000,1.843150,1.985062,2.215708,1.906228,2.134963,1.541258,2.236587,1.671352,0.000000,1.768567,0.000000,2.287198,0.000000,0.000000,1.661920,2.110637,0.0000000,0.000000,2.559761,1.768091,1.6907908
0.000000,2.018272,1.7062613,2.068638,0.000000,0.000000,0.000000,1.842823,1.581362,2.299545,2.431519,0.000000,2.041019,2.425090,2.046850,2.409580,0.000000,2.251853,1.635800,1.525948,2.003934,2.086003,2.047563,2.282682,0.000000,2.135445,1.129173,0.000000,0.000000,0.000000,1.141607,1.759227,0.000000,0.000000,1.5873975,0.000000,2.360918,1.929308,0.000000,0.000000,0.000000,0.000000,1.507630,2.108696,1.782813,0.000000,1.831675,1.4475535,0.000000,0.000000,2.138444,1.937387,2.008512,1.893581,2.168835,2.130846,1.671702,1.763385,0.000000,1.988378,1.709330,0.000000,0.000000,1.826289,0.0000000,0.000000,2.287975,1.785348,1.5427238
0.000000,1.989264,1.8235292,0.000000,0.000000,0.000000,0.000000,0.000000,1.923238,1.671202,2.110894,2.203862,2.088010,2.458653,2.191430,2.391419,0.000000,2.282457,1.835525,2.002202,1.915260,2.049594,2.037639,2.246429,1.920211,1.753669,0.000000,0.000000,1.696839,0.000000,1.357503,0.000000,0.000000,1.924801,1.6071580,0.000000,2.444533,1.919226,0.000000,1.774561,0.000000,0.000000,1.657914,2.117080,1.782502,0.000000,1.918410,0.0000000,0.000000,1.950209,0.000000,1.866196,0.000000,1.931526,2.050488,1.911205,0.000000,1.752703,0.000000,2.178486,1.741393,0.000000,1.936577,2.072017,1.8694477,0.000000,2.491380,1.759508,0.0000000
0.000000,1.975588,1.8591564,0.000000,0.000000,0.000000,0.000000,2.000249,1.890746,1.989312,1.907129,2.096730,2.176268,2.483658,2.210305,2.427892,0.000000,2.209209,0.000000,1.883050,1.950216,2.074368,1.922882,2.250054,1.712972,1.893730,1.827043,0.000000,0.000000,0.000000,0.000000,0.000000,0.000000,1.691980,1.4650847,0.000000,2.376810,1.557743,0.000000,0.000000,0.000000,0.000000,0.000000,2.084238,2.192031,2.009320,1.666345,1.7557998,0.000000,2.123920,1.999038,1.867280,0.000000,0.000000,2.218454,2.010479,0.000000,1.555344,0.000000,2.197398,0.000000,1.851904,1.948077,2.185262,0.0000000,0.000000,2.499968,0.000000,0.0000000
0.000000,1.890435,0.0000000,0.000000,0.000000,0.000000,0.000000,0.000000,2.095851,0.000000,0.000000,2.148769,2.184495,2.442573,2.197685,2.353862,0.000000,2.351201,2.093560,1.886099,0.000000,2.260745,2.076753,2.284016,0.000000,2.035606,1.784240,0.000000,0.000000,0.000000,1.804375,0.000000,0.000000,0.000000,0.0000000,0.000000,2.396207,1.940027,0.000000,0.000000,0.000000,0.000000,0.000000,2.213433,0.000000,0.000000,0.000000,0.0000000,0.000000,2.170646,2.145752,2.256336,0.000000,0.000000,2.321518,0.000000,0.000000,0.000000,0.000000,0.000000,0.000000,1.833688,0.000000,2.082184,0.0000000,0.000000,2.174954,0.000000,0.0000000
1.947620,2.004222,0.0000000,0.000000,0.000000,0.000000,0.000000,0.000000,1.883240,0.000000,0.000000,2.170483,2.151105,2.447920,2.200649,2.365353,0.000000,2.267198,0.000000,0.000000,1.983978,2.111378,1.913132,2.272749,0.000000,1.771827,1.914096,0.000000,0.000000,0.000000,0.000000,0.000000,0.000000,0.000000,1.6850268,0.000000,2.458512,2.007833,0.000000,0.000000,0.000000,0.000000,0.000000,2.198612,0.000000,0.000000,0.000000,0.0000000,0.000000,1.886713,0.000000,1.866667,0.000000,1.722165,2.124885,1.873158,0.000000,0.000000,0.000000,2.290443,0.000000,0.000000,0.000000,2.176853,0.0000000,0.000000,2.593943,0.000000,0.0000000
0.000000,1.972618,1.6187056,0.000000,0.000000,0.000000,0.000000,2.024378,1.921647,0.000000,2.119419,2.189395,2.140208,2.420234,2.236884,2.381511,0.000000,2.304708,1.813004,1.955661,2.025220,2.150989,2.009750,2.226706,1.738979,2.099213,2.089220,0.000000,0.000000,1.852355,0.000000,0.000000,0.000000,1.611953,1.6929203,0.000000,2.412949,2.027077,0.000000,0.000000,0.000000,0.000000,0.000000,0.000000,0.000000,0.000000,1.588064,0.0000000,0.000000,1.997673,0.000000,1.912778,2.061063,1.669439,2.093012,0.000000,1.751863,1.663189,0.000000,2.205710,1.642527,0.000000,2.052392,2.188571,0.0000000,0.000000,2.528559,0.000000,1.6014929
0.000000,2.221737,1.7565604,1.971149,0.000000,0.000000,0.000000,2.007605,1.943277,1.970964,2.113061,0.000000,2.196397,2.433798,2.250389,2.412444,0.000000,2.338515,1.955113,2.035665,1.783516,2.046105,2.039404,2.255544,1.913434,2.054305,2.148145,0.000000,0.000000,0.000000,1.785266,0.000000,0.000000,0.000000,1.6461115,0.000000,2.481071,1.935088,1.928261,0.000000,0.000000,0.000000,0.000000,2.159957,0.000000,0.000000,0.000000,0.0000000,0.000000,1.860716,2.137593,1.925909,0.000000,0.000000,2.102243,0.000000,0.000000,0.000000,0.000000,2.282657,0.000000,1.637354,2.077720,2.047723,0.0000000,0.000000,2.520253,0.000000,0.0000000
0.000000,2.011947,1.8084467,0.000000,0.000000,0.000000,0.000000,1.963881,1.906310,1.887010,0.000000,2.162426,2.152192,2.461078,2.235699,2.375786,0.000000,2.180517,1.299057,1.874631,0.000000,2.113342,2.067416,2.249176,1.686033,1.760766,1.983402,1.988037,0.000000,1.651215,1.961299,0.000000,0.000000,0.000000,1.7539464,0.000000,2.425320,2.002309,0.000000,0.000000,0.000000,0.000000,1.770934,2.195499,0.000000,0.000000,1.661068,0.0000000,0.000000,2.119366,1.905047,1.973658,0.000000,1.609591,2.291864,0.000000,0.000000,0.000000,0.000000,2.252608,0.000000,1.764352,1.837159,2.070900,0.0000000,0.000000,2.378369,1.883615,0.0000000
0.000000,1.995967,1.6893920,0.000000,0.000000,0.000000,0.000000,2.081979,2.090498,1.972929,2.135406,1.966886,2.125513,2.466848,2.217085,2.388964,0.000000,2.320133,1.913749,1.985995,1.992776,2.207502,2.069394,2.237685,1.778346,1.738301,2.089614,2.104774,0.000000,1.754441,1.796211,0.000000,0.000000,1.681360,1.7457840,0.000000,2.446949,1.866798,1.825390,0.000000,0.000000,0.000000,0.000000,2.168600,0.000000,0.000000,0.000000,0.0000000,1.614495,2.106402,2.098343,1.919405,0.000000,0.000000,2.281735,0.000000,0.000000,0.000000,0.000000,2.224038,1.562684,1.764379,1.987587,2.106205,0.0000000,0.000000,2.512126,1.860299,0.0000000
0.000000,1.961074,0.0000000,0.000000,0.000000,0.000000,0.000000,1.980625,2.000878,1.918313,2.198721,2.202862,2.144117,2.432381,2.217800,2.396181,0.000000,2.258789,1.656931,1.871820,1.910172,2.100282,2.030313,2.237793,1.735044,1.998643,2.047925,2.021469,0.000000,1.627836,1.690259,0.000000,0.000000,0.000000,0.0000000,0.000000,2.349674,1.756188,0.000000,0.000000,0.000000,0.000000,0.000000,2.194698,0.000000,0.000000,1.779488,0.0000000,0.000000,1.905777,2.122310,1.806830,0.000000,0.000000,2.326799,0.000000,1.731495,0.000000,0.000000,2.264459,0.000000,1.931268,2.021202,2.099796,1.9187310,0.000000,2.554627,1.811058,0.0000000
0.000000,1.947140,2.0314890,1.879413,1.778592,0.000000,0.000000,1.735556,1.827505,0.000000,0.000000,2.144161,2.195330,2.453430,2.167195,2.402919,1.622032,2.205215,1.737343,0.000000,1.439474,2.037397,2.018336,2.174716,0.000000,1.822187,1.665438,0.000000,0.000000,0.000000,0.000000,0.000000,0.000000,0.000000,1.4872508,0.000000,2.409562,1.963771,0.000000,0.000000,0.000000,0.000000,0.000000,2.163070,2.125241,0.000000,0.000000,1.7844883,0.000000,1.888609,2.091316,1.782430,0.000000,1.910664,2.120025,2.031379,1.643215,0.000000,0.000000,2.031414,1.601224,0.000000,2.018802,2.198526,1.5726182,1.829322,2.347078,1.946902,0.0000000
0.000000,2.005503,1.5783939,0.000000,1.504510,0.000000,0.000000,2.076637,2.028416,0.000000,0.000000,2.310631,2.266392,2.384733,2.176342,2.453367,0.000000,2.270604,1.640569,0.000000,1.622405,1.953070,1.987756,2.234520,1.763112,2.071857,0.000000,0.000000,1.577953,0.000000,1.722777,0.000000,2.070175,0.000000,1.6997034,0.000000,2.369354,1.839159,0.000000,0.000000,0.000000,0.000000,1.553625,2.181809,0.000000,0.000000,1.686579,0.0000000,0.000000,1.950206,1.871404,1.776397,0.000000,1.941331,2.281955,1.676351,1.532311,0.000000,0.000000,2.299832,1.674938,1.719107,0.000000,2.167810,2.0161549,0.000000,2.521096,0.000000,1.8495583
0.000000,1.914059,1.8208322,0.000000,0.000000,0.000000,0.000000,1.870353,1.757189,0.000000,0.000000,1.699097,2.174738,2.466575,2.330930,2.469805,0.000000,2.113119,1.952963,2.085412,1.508286,1.964642,2.116203,2.233986,1.905626,1.746736,1.831548,1.794547,2.159118,0.000000,1.757786,0.000000,0.000000,1.819445,1.8471337,0.000000,2.449129,1.955313,0.000000,0.000000,0.000000,0.000000,0.000000,0.000000,0.000000,0.000000,1.795480,0.0000000,1.904258,2.035348,2.209733,2.281155,2.001817,0.000000,2.335967,2.171450,1.645642,0.000000,0.000000,2.183144,0.000000,1.859818,1.836116,2.045366,1.5726182,0.000000,2.259272,1.709448,0.0000000
0.000000,2.258394,1.7773062,1.918287,1.988906,0.000000,2.027453,2.047145,1.834527,0.000000,2.059518,2.074438,2.309536,2.481366,2.269195,2.357160,0.000000,2.207563,1.853116,1.815029,0.000000,1.891403,2.094065,2.212854,1.609041,2.131902,0.000000,0.000000,1.970064,1.729448,2.032452,0.000000,0.000000,0.000000,1.7571604,0.000000,2.493115,0.000000,0.000000,2.224683,2.029438,0.000000,1.822576,0.000000,0.000000,0.000000,1.880689,0.0000000,0.000000,1.957210,0.000000,2.054698,0.000000,0.000000,2.347992,0.000000,0.000000,1.614140,0.000000,2.161295,0.000000,0.000000,2.120778,2.049118,0.0000000,1.915944,2.546092,0.000000,1.8571868
0.000000,1.946786,1.8401554,0.000000,0.000000,0.000000,0.000000,1.949085,1.891550,0.000000,0.000000,2.262362,1.974529,2.479230,2.268370,2.380177,0.000000,2.252204,2.046877,1.983225,0.000000,2.142775,2.014720,2.295742,1.606414,1.971570,1.722183,0.000000,2.223802,0.000000,1.870188,0.000000,0.000000,0.000000,0.0000000,0.000000,2.497859,0.000000,0.000000,0.000000,0.000000,0.000000,0.000000,1.984894,0.000000,0.000000,1.691936,0.0000000,0.000000,1.734663,2.187096,2.101235,2.069742,0.000000,2.329176,2.240518,0.000000,1.841043,0.000000,2.238993,1.556248,0.000000,2.169901,2.146691,0.0000000,0.000000,2.555963,1.852660,0.0000000
0.000000,1.924129,1.8713727,0.000000,0.000000,0.000000,0.000000,2.097912,2.090853,0.000000,2.162180,2.242434,2.051472,2.464292,2.181165,2.424994,0.000000,2.272291,1.765865,1.943937,0.000000,2.131567,2.081130,2.189091,2.018429,1.712051,0.000000,0.000000,0.000000,0.000000,0.000000,0.000000,1.963276,0.000000,0.0000000,0.000000,2.386343,0.000000,0.000000,0.000000,0.000000,0.000000,0.000000,1.858540,0.000000,1.655694,0.000000,0.0000000,0.000000,1.830700,2.044477,1.954212,2.183910,0.000000,2.320858,2.086920,0.000000,1.578921,0.000000,2.272265,0.000000,0.000000,1.992851,1.999191,0.0000000,0.000000,2.516949,1.926530,1.6219303
0.000000,1.859942,2.0514893,1.872297,0.000000,0.000000,0.000000,0.000000,0.000000,0.000000,2.007195,0.000000,2.154397,2.470598,2.212023,2.380787,0.000000,2.281602,1.725251,1.876520,1.840821,2.187280,2.092409,2.222167,1.859018,1.837459,1.698257,2.080044,0.000000,0.000000,1.817166,0.000000,0.000000,0.000000,0.0000000,0.000000,2.412647,1.967836,0.000000,0.000000,0.000000,0.000000,0.000000,2.189064,2.140257,0.000000,0.000000,1.6950640,0.000000,2.153948,0.000000,0.000000,0.000000,1.757786,1.835048,0.000000,0.000000,1.998926,0.000000,2.172300,0.000000,0.000000,1.798554,2.070479,0.0000000,1.783576,2.490476,0.000000,0.0000000
0.000000,1.999960,0.0000000,0.000000,0.000000,0.000000,0.000000,1.982814,1.952029,0.000000,0.000000,2.233970,2.235441,2.435603,2.189607,2.438460,0.000000,2.282802,0.000000,0.000000,1.730441,0.000000,2.090512,2.263265,0.000000,2.132842,0.000000,2.125274,0.000000,0.000000,0.000000,0.000000,0.000000,0.000000,0.0000000,0.000000,2.405816,2.123778,0.000000,0.000000,0.000000,0.000000,0.000000,2.202073,0.000000,1.842433,0.000000,0.0000000,1.730799,2.008046,2.199392,1.712627,0.000000,0.000000,2.335592,0.000000,0.000000,0.000000,0.000000,2.192352,0.000000,1.851575,2.188889,2.062683,0.0000000,1.670448,2.550626,0.000000,0.0000000
1.721533,2.072666,1.6189133,1.573843,0.000000,0.000000,1.784441,2.060093,1.954909,0.000000,2.126504,2.251527,2.204172,2.436065,2.199380,2.418298,0.000000,2.291555,1.703903,1.481042,1.884954,1.715422,1.964918,2.316366,0.000000,2.069328,1.770805,2.028122,1.865387,0.000000,0.000000,0.000000,0.000000,1.533569,1.7215333,0.000000,2.416901,1.901804,0.000000,0.000000,1.844488,1.742877,1.413845,2.145239,1.758777,1.952066,1.875814,0.0000000,0.000000,2.103678,1.598391,2.237615,2.163612,0.000000,2.075570,2.010468,2.008377,1.824716,1.371371,2.196794,1.754514,0.000000,2.069955,2.040474,0.0000000,0.000000,2.423610,1.736132,0.0000000
0.000000,1.986271,0.0000000,0.000000,1.652825,0.000000,0.000000,1.919418,1.905373,0.000000,2.046117,2.158973,2.129273,2.433025,2.246497,2.406615,0.000000,2.185873,0.000000,0.000000,1.806233,1.889701,2.049660,2.248555,0.000000,2.136094,1.684751,2.015960,0.000000,0.000000,0.000000,0.000000,0.000000,0.000000,0.0000000,0.000000,2.454486,2.065340,0.000000,0.000000,0.000000,0.000000,0.000000,2.192366,0.000000,1.861946,1.785595,0.0000000,0.000000,1.881685,2.159392,1.857439,0.000000,0.000000,2.331409,1.789138,0.000000,0.000000,0.000000,2.176191,0.000000,1.882963,2.163608,2.102103,1.7277381,0.000000,2.278866,0.000000,0.0000000
0.000000,2.022097,1.7068402,1.923513,0.000000,0.000000,1.858997,0.000000,1.817100,0.000000,2.111475,0.000000,2.201756,2.409517,2.064383,2.401220,0.000000,2.213228,1.711877,0.000000,2.115221,2.079462,2.037760,2.142458,1.808616,2.075116,1.859921,2.061265,1.848097,1.855352,1.317230,1.290938,0.000000,1.882911,1.7669488,0.000000,2.488027,2.071166,1.465581,0.000000,1.538621,1.541258,0.000000,2.085514,0.000000,0.000000,1.949667,0.0000000,0.000000,1.595231,0.000000,1.951665,0.000000,1.904543,2.017766,1.903059,1.636143,1.614460,1.534307,2.207246,1.714477,1.733681,2.016091,1.846559,1.5260668,1.502626,2.425772,1.883477,1.4517798
0.000000,1.954793,1.7507650,0.000000,0.000000,0.000000,1.735474,2.209690,2.066899,0.000000,1.917806,1.890090,2.087312,2.453566,2.251116,2.438200,0.000000,2.309068,0.000000,0.000000,1.936707,2.057661,2.082284,2.255007,0.000000,2.077168,1.974298,2.049575,0.000000,1.887240,0.000000,0.000000,0.000000,0.000000,1.8550883,0.000000,2.448560,2.051754,0.000000,1.873345,2.063535,1.925959,0.000000,2.040105,0.000000,0.000000,1.978425,0.0000000,0.000000,2.197251,2.151620,1.845034,0.000000,0.000000,2.300983,2.059740,1.720389,1.550083,1.877113,2.265763,1.694741,1.796895,2.367859,2.175944,1.8318016,0.000000,2.606151,1.600491,0.0000000
0.000000,2.039488,1.8285551,0.000000,0.000000,0.000000,0.000000,2.083038,1.855508,0.000000,1.983715,2.187402,2.112295,2.502891,2.221098,2.351375,1.583426,2.312651,0.000000,1.910996,0.000000,2.075657,1.983936,2.248875,1.778948,2.023226,1.575910,0.000000,0.000000,0.000000,1.824894,0.000000,0.000000,0.000000,1.6420773,0.000000,2.495617,1.860292,0.000000,0.000000,0.000000,0.000000,0.000000,2.190024,0.000000,1.971949,1.833146,0.0000000,0.000000,2.079366,2.070453,1.938504,0.000000,0.000000,2.366213,2.164912,0.000000,0.000000,0.000000,2.287309,0.000000,1.810055,2.019238,2.135043,1.8113419,0.000000,2.524818,1.691782,1.6139616
0.000000,1.961939,1.7691721,0.000000,0.000000,0.000000,0.000000,1.968103,1.933155,0.000000,0.000000,2.139007,2.208846,2.450927,2.178744,2.421367,0.000000,2.371463,1.867007,1.869134,0.000000,2.117272,1.981691,2.232775,1.764718,2.010193,1.717870,2.134618,1.742908,0.000000,0.000000,0.000000,0.000000,0.000000,1.8275226,0.000000,2.442842,1.952009,1.666628,0.000000,0.000000,0.000000,0.000000,2.167994,0.000000,0.000000,1.753026,0.0000000,0.000000,2.179554,0.000000,2.096028,0.000000,0.000000,2.312145,1.957239,1.877842,0.000000,0.000000,2.159918,0.000000,1.808467,1.998721,2.021433,0.0000000,0.000000,2.503807,1.769801,0.0000000
0.000000,2.332578,0.0000000,0.000000,1.948487,0.000000,1.957912,1.936207,2.065032,0.000000,2.233570,2.076618,2.199155,2.424158,2.234484,2.395238,0.000000,2.240765,0.000000,0.000000,1.997495,0.000000,2.006058,2.223128,0.000000,2.186501,0.000000,2.004213,0.000000,0.000000,1.623149,0.000000,0.000000,0.000000,0.0000000,0.000000,2.298954,2.050258,1.908975,2.333739,2.268580,1.768051,0.000000,2.152420,1.836026,0.000000,1.873711,0.0000000,0.000000,1.834353,0.000000,2.291065,2.073981,1.903544,0.000000,2.109793,1.982877,0.000000,0.000000,1.912308,0.000000,1.759129,2.246824,2.100013,0.0000000,0.000000,2.415049,2.283019,0.0000000
0.000000,2.203321,1.6768347,0.000000,0.000000,0.000000,0.000000,1.954589,2.042426,1.716249,2.058380,2.212406,2.230248,2.473622,2.212374,2.431322,0.000000,2.309758,1.533910,1.858019,1.887139,2.111064,2.040129,2.244546,1.953534,2.095237,1.941430,0.000000,0.000000,0.000000,0.000000,0.000000,0.000000,0.000000,0.0000000,0.000000,2.335255,1.792562,0.000000,0.000000,0.000000,0.000000,0.000000,2.008080,0.000000,1.884148,0.000000,0.0000000,0.000000,2.048096,2.309363,1.947595,0.000000,0.000000,2.352281,1.917717,0.000000,0.000000,0.000000,1.993157,0.000000,1.915782,1.912299,2.196494,0.0000000,0.000000,2.439269,0.000000,0.0000000
0.000000,1.919828,0.0000000,0.000000,0.000000,0.000000,0.000000,2.081582,1.708820,2.136724,2.071929,0.000000,2.102592,2.507783,2.243086,2.402743,0.000000,2.325747,0.000000,1.900663,0.000000,2.106837,2.026980,2.243815,0.000000,2.013686,1.937637,0.000000,0.000000,0.000000,1.697983,0.000000,1.970532,0.000000,0.0000000,0.000000,2.387164,1.942791,0.000000,0.000000,0.000000,0.000000,0.000000,1.818742,1.937769,0.000000,0.000000,0.0000000,0.000000,1.891912,2.236541,2.389961,0.000000,1.617069,2.365507,2.083822,0.000000,0.000000,0.000000,2.196121,0.000000,1.920933,0.000000,2.124246,1.8461410,0.000000,2.532820,0.000000,0.0000000
0.000000,0.000000,0.0000000,0.000000,0.000000,0.000000,0.000000,2.068815,0.000000,2.436810,2.151311,2.255874,2.256721,2.434349,2.193974,2.450335,0.000000,2.370050,0.000000,0.000000,1.723368,2.143658,2.103661,2.309271,2.018498,1.819621,0.000000,0.000000,0.000000,0.000000,0.000000,0.000000,0.000000,0.000000,0.0000000,0.000000,2.518311,2.043285,0.000000,0.000000,0.000000,0.000000,0.000000,2.147808,0.000000,0.000000,0.000000,0.0000000,0.000000,2.090305,2.191632,1.968637,0.000000,0.000000,2.345686,2.305085,0.000000,0.000000,0.000000,2.136378,0.000000,1.867280,2.002521,2.086968,1.9189853,0.000000,2.546245,0.000000,0.0000000
0.000000,1.758226,1.5839808,0.000000,0.000000,0.000000,0.000000,2.091912,2.011984,2.132433,2.067397,2.235557,2.228342,2.446043,2.123081,2.437827,0.000000,2.339178,0.000000,1.997683,1.777492,2.079636,1.997928,2.274804,1.718148,2.035364,0.000000,0.000000,0.000000,0.000000,0.000000,0.000000,0.000000,0.000000,1.8187143,0.000000,2.373250,2.007967,0.000000,0.000000,0.000000,0.000000,0.000000,2.118107,0.000000,1.826999,0.000000,0.0000000,0.000000,1.922937,0.000000,1.749329,0.000000,1.661255,2.332434,2.050292,0.000000,0.000000,0.000000,2.238947,0.000000,0.000000,1.830725,2.033940,1.8668762,0.000000,2.487146,0.000000,1.6124575
0.000000,1.709036,1.7277902,0.000000,0.000000,0.000000,0.000000,2.080463,1.865493,0.000000,1.987806,2.246455,2.171171,2.439050,2.159021,2.422424,0.000000,2.284124,1.999808,1.821580,1.620394,2.079414,1.849773,2.231082,1.917638,2.010570,0.000000,0.000000,1.542128,0.000000,1.822612,0.000000,0.000000,1.776734,1.8022319,0.000000,2.306209,1.878681,0.000000,1.449363,0.000000,0.000000,0.000000,2.169926,0.000000,0.000000,1.669287,0.0000000,0.000000,1.792417,1.944551,1.966049,0.000000,0.000000,2.054033,1.895722,1.700494,1.581189,0.000000,1.986610,1.678541,0.000000,1.774003,1.873624,0.0000000,0.000000,2.413091,1.732894,0.0000000
0.000000,0.000000,0.0000000,0.000000,0.000000,0.000000,0.000000,1.942362,1.871518,0.000000,0.000000,2.233306,2.136754,2.439670,2.200583,2.395557,0.000000,2.354317,1.835221,0.000000,0.000000,2.143178,2.064769,2.242976,2.096440,2.054878,0.000000,2.090353,0.000000,0.000000,0.000000,0.000000,0.000000,0.000000,1.8780404,0.000000,2.480726,2.080714,0.000000,0.000000,0.000000,0.000000,0.000000,1.795764,0.000000,0.000000,0.000000,0.0000000,0.000000,2.170362,2.177560,1.719144,0.000000,0.000000,2.298384,0.000000,1.681360,0.000000,0.000000,2.228964,0.000000,0.000000,0.000000,2.097981,0.0000000,0.000000,2.366214,0.000000,0.0000000
1.914731,1.926844,0.0000000,0.000000,0.000000,0.000000,0.000000,0.000000,1.928818,0.000000,0.000000,2.168340,2.171167,2.422864,2.195204,2.429097,0.000000,2.375002,1.803489,1.829914,1.761501,2.183804,2.044051,2.231152,1.668754,2.184018,0.000000,2.135500,0.000000,0.000000,0.000000,0.000000,0.000000,0.000000,1.9501542,0.000000,2.459209,1.960735,0.000000,0.000000,0.000000,1.788070,0.000000,2.153209,0.000000,0.000000,0.000000,0.0000000,1.748832,2.091014,0.000000,2.179842,2.082821,0.000000,2.109692,0.000000,1.931391,0.000000,0.000000,2.290015,1.693029,0.000000,1.896658,2.076760,1.6798504,0.000000,2.553490,1.705298,1.8467556
0.000000,0.000000,0.0000000,0.000000,0.000000,0.000000,0.000000,2.008618,2.134317,0.000000,0.000000,2.008035,2.136344,2.464544,2.222634,2.432525,0.000000,2.380492,0.000000,0.000000,1.977184,2.251483,2.030500,2.161730,0.000000,2.235118,2.044699,2.184533,0.000000,0.000000,1.993597,0.000000,0.000000,0.000000,1.9984660,0.000000,2.443379,1.766815,0.000000,1.693160,1.902826,0.000000,0.000000,2.211618,0.000000,0.000000,1.932069,0.0000000,0.000000,2.101572,2.186485,2.327269,0.000000,0.000000,2.275666,0.000000,1.839438,0.000000,0.000000,2.200209,0.000000,1.979230,2.005440,2.140099,0.0000000,0.000000,2.597991,0.000000,1.7232964
0.000000,2.116043,0.0000000,0.000000,0.000000,0.000000,0.000000,2.010408,2.001578,2.276556,0.000000,2.169661,2.170079,2.436415,2.183867,2.442074,0.000000,2.292495,0.000000,0.000000,2.024050,1.999737,2.175917,2.249472,0.000000,2.199392,1.954394,2.051592,0.000000,0.000000,0.000000,0.000000,0.000000,0.000000,0.0000000,0.000000,2.434105,1.781853,0.000000,0.000000,0.000000,0.000000,0.000000,2.237718,0.000000,2.051631,0.000000,0.0000000,1.830051,2.022117,2.186889,1.892875,0.000000,0.000000,2.074098,0.000000,0.000000,0.000000,0.000000,2.090929,0.000000,0.000000,0.000000,2.112469,0.0000000,0.000000,2.572781,0.000000,0.0000000
0.000000,1.709663,1.7608907,0.000000,0.000000,0.000000,0.000000,1.996352,2.059721,0.000000,0.000000,2.218755,2.150600,2.462430,2.177246,2.417140,0.000000,2.386240,2.020317,1.743738,0.000000,2.154258,2.072985,2.237367,1.873575,2.073149,1.919789,2.067539,0.000000,0.000000,1.677004,0.000000,0.000000,0.000000,0.0000000,0.000000,2.253614,1.716211,0.000000,0.000000,0.000000,0.000000,0.000000,2.226692,0.000000,0.000000,0.000000,0.0000000,0.000000,1.880059,0.000000,1.973301,0.000000,0.000000,2.167085,0.000000,0.000000,0.000000,0.000000,2.103683,0.000000,0.000000,1.820090,2.022732,1.6395041,0.000000,2.558769,0.000000,0.0000000
0.000000,1.867026,1.8052765,1.759002,0.000000,0.000000,0.000000,2.030193,1.981715,0.000000,0.000000,2.180122,2.205418,2.434608,2.188900,2.433990,0.000000,2.272675,1.790379,0.000000,1.726570,1.986874,2.065507,2.275818,1.824021,2.092282,0.000000,2.011106,1.586854,0.000000,0.000000,0.000000,0.000000,1.971230,1.7168845,0.000000,2.400237,1.995122,0.000000,0.000000,0.000000,0.000000,0.000000,1.928607,0.000000,1.874064,1.699912,0.0000000,0.000000,2.081896,2.165768,1.888165,0.000000,1.785395,2.316191,1.920189,1.718296,0.000000,0.000000,2.159397,0.000000,1.799067,1.999253,2.073837,0.0000000,0.000000,2.549072,0.000000,0.0000000
0.000000,1.956571,1.8253281,2.030246,1.686420,0.000000,0.000000,2.011756,2.003255,0.000000,1.914550,2.208167,2.264781,2.452490,2.194070,2.449665,0.000000,2.212308,1.490749,0.000000,1.968440,1.961973,2.074044,2.248509,1.828451,2.113348,1.875086,1.959195,1.803726,1.506507,0.000000,0.000000,0.000000,2.010395,1.6543633,0.000000,2.492151,2.021985,0.000000,0.000000,1.959738,1.686670,1.679969,2.186933,2.043972,0.000000,1.455566,1.7900159,1.549772,2.180490,0.000000,2.066774,0.000000,1.734497,2.229880,2.045816,1.828831,0.000000,0.000000,2.300044,1.609811,0.000000,2.014364,2.018036,1.7935083,1.536113,2.514161,1.980923,0.0000000
0.000000,1.914985,1.6446696,0.000000,0.000000,0.000000,0.000000,1.645583,0.000000,0.000000,1.983749,2.095229,2.194490,2.476579,2.130250,2.408283,1.812975,2.255902,0.000000,1.927988,1.896933,2.049680,1.734397,2.249793,1.810538,2.111958,2.079372,2.006607,1.838412,0.000000,0.000000,0.000000,0.000000,1.869582,2.0177466,0.000000,2.429238,1.963436,0.000000,1.674963,0.000000,1.936779,0.000000,2.136013,0.000000,1.738995,0.000000,0.0000000,0.000000,1.882250,2.144002,2.303070,0.000000,1.577997,2.190321,0.000000,1.992273,1.656107,0.000000,2.162954,1.833780,0.000000,2.101045,1.940623,1.5243360,1.804642,2.152232,2.024282,1.8563287
0.000000,1.722831,0.0000000,0.000000,0.000000,0.000000,0.000000,0.000000,0.000000,2.183970,0.000000,2.167375,2.219860,2.440377,2.222028,2.364426,2.032550,2.396197,1.450352,2.066076,1.740487,2.251821,2.092106,2.288045,1.934303,2.280391,1.855933,2.127176,0.000000,0.000000,1.739478,0.000000,1.936000,0.000000,1.7859341,0.000000,2.472917,2.049279,0.000000,0.000000,0.000000,1.698257,0.000000,2.201776,0.000000,1.750213,0.000000,0.0000000,0.000000,1.918313,2.305665,2.106591,0.000000,1.661015,2.220878,0.000000,0.000000,1.480356,0.000000,2.161481,0.000000,1.910842,2.178892,1.999162,1.7946683,0.000000,2.364213,0.000000,1.6368894
0.000000,2.085407,0.0000000,0.000000,0.000000,0.000000,0.000000,1.857879,0.000000,0.000000,0.000000,1.806557,2.165045,2.418795,2.143868,2.440000,1.928939,1.685873,1.968271,1.876417,2.101318,2.304403,2.000074,2.201606,1.904548,2.139188,0.000000,2.177894,0.000000,0.000000,1.635488,0.000000,0.000000,0.000000,1.8404650,0.000000,2.365592,1.843569,0.000000,0.000000,0.000000,1.825248,0.000000,1.893767,0.000000,1.986256,0.000000,0.0000000,1.673192,2.056668,0.000000,1.862027,0.000000,0.000000,2.329060,1.958765,1.572025,1.729894,0.000000,2.203027,0.000000,0.000000,1.903618,1.967584,0.0000000,0.000000,2.289002,0.000000,1.9257307
0.000000,2.464705,2.2747816,2.202660,0.000000,1.821079,2.294084,0.000000,1.937800,0.000000,2.313849,1.951424,2.176147,2.457540,2.182993,2.406547,2.150230,2.421283,1.729001,1.873382,2.081482,2.227955,2.197987,2.090397,1.934034,2.300395,1.616509,2.150378,0.000000,0.000000,2.019304,0.000000,1.653750,0.000000,0.0000000,0.000000,2.432057,2.016499,1.990354,2.202057,2.072962,0.000000,1.981105,0.000000,0.000000,1.878800,0.000000,0.0000000,2.108236,1.867968,2.304212,2.202853,0.000000,1.992350,1.987919,2.077256,2.333913,1.876653,0.000000,2.230466,0.000000,0.000000,2.729782,1.993282,0.0000000,2.140811,2.135542,2.121040,2.2840289
0.000000,2.018672,0.0000000,0.000000,0.000000,0.000000,0.000000,0.000000,2.005824,2.105989,1.905417,2.079109,2.175352,2.443723,2.269123,2.427401,0.000000,2.151460,1.649015,1.966850,0.000000,2.042785,1.927939,2.031348,1.699432,2.079675,0.000000,1.757502,1.495311,0.000000,1.669565,0.000000,0.000000,0.000000,1.6454657,0.000000,2.301551,1.944379,0.000000,2.536994,2.459975,2.183721,0.000000,2.236940,0.000000,0.000000,0.000000,0.0000000,0.000000,2.083009,0.000000,2.257407,0.000000,0.000000,1.975050,1.683135,0.000000,1.443881,0.000000,2.101635,0.000000,0.000000,1.945339,2.184326,0.0000000,2.252130,2.547793,0.000000,0.0000000
0.000000,2.045475,0.0000000,1.939637,0.000000,0.000000,0.000000,0.000000,1.846733,0.000000,1.764094,1.937220,2.210861,2.428277,2.165145,2.403256,2.011877,2.392637,1.980654,1.915863,1.978906,2.326296,2.048705,2.253034,1.844203,2.218193,2.054816,2.165214,0.000000,1.819113,0.000000,0.000000,0.000000,0.000000,1.7022288,0.000000,2.388814,1.785677,0.000000,2.215100,2.049507,1.854145,0.000000,2.142941,0.000000,2.035673,0.000000,0.0000000,0.000000,2.012460,1.773774,2.043563,0.000000,1.580711,2.252860,1.857369,1.615169,1.784406,0.000000,2.208390,1.676326,0.000000,2.060522,2.023846,0.0000000,0.000000,2.547829,0.000000,1.6950425
0.000000,1.943465,0.0000000,0.000000,0.000000,0.000000,0.000000,1.887965,1.728656,1.892853,0.000000,2.081915,2.176354,2.447372,2.225282,2.364836,2.054086,2.388589,0.000000,2.056118,1.719768,2.233504,2.176830,2.211429,1.917274,2.221726,0.000000,0.000000,0.000000,0.000000,0.000000,0.000000,2.007825,0.000000,1.8187978,0.000000,2.454371,1.952332,0.000000,1.766240,1.559077,1.731325,1.444714,2.259258,0.000000,0.000000,0.000000,0.0000000,1.733748,1.857446,2.118666,2.108228,0.000000,1.625891,2.299337,0.000000,1.823179,1.777468,0.000000,2.015516,1.787770,0.000000,2.118675,2.010712,0.0000000,0.000000,2.508453,0.000000,1.8476612
0.000000,2.293315,0.0000000,1.793675,0.000000,0.000000,2.431874,0.000000,2.121661,0.000000,0.000000,2.013740,2.099731,2.450299,2.277169,2.384667,1.977017,2.345557,1.791441,0.000000,2.032409,2.289375,2.151566,2.237793,1.878555,2.207158,1.915265,2.072645,0.000000,1.803571,1.636703,0.000000,0.000000,0.000000,1.8576138,0.000000,2.433587,2.057052,0.000000,2.478363,2.266076,1.883309,1.823332,2.194254,0.000000,0.000000,0.000000,0.0000000,0.000000,1.991692,0.000000,1.950803,1.943958,0.000000,2.105212,1.546574,1.825637,1.483385,0.000000,2.141487,0.000000,0.000000,2.030795,2.051041,0.0000000,1.985722,2.512771,0.000000,1.8668306
0.000000,2.057642,1.5737981,1.754861,0.000000,0.000000,0.000000,0.000000,1.708997,0.000000,0.000000,2.145778,2.199493,2.478727,2.147803,2.425408,2.048868,2.398967,1.766508,0.000000,1.737619,2.214407,2.110868,2.138351,1.978082,2.239053,1.714307,2.126935,0.000000,0.000000,1.769316,0.000000,0.000000,1.782861,1.8535127,0.000000,2.417731,1.899118,0.000000,0.000000,0.000000,1.592255,0.000000,2.165757,2.115651,1.744516,0.000000,1.8055315,0.000000,1.915170,2.142801,1.825133,0.000000,1.739108,2.259728,1.808636,0.000000,1.755915,1.388577,1.944747,1.508745,1.758013,2.093055,1.928948,1.5450336,0.000000,2.507912,1.697179,1.8850732
1.972630,1.936283,0.0000000,1.933777,0.000000,0.000000,1.664004,1.965663,1.661601,0.000000,1.734912,2.129409,2.203179,2.440488,2.223853,2.434246,1.912696,2.372663,1.771762,1.970480,1.904954,2.185615,2.087359,2.227221,1.906184,2.228534,1.821115,2.156755,0.000000,0.000000,1.681899,0.000000,0.000000,0.000000,1.7786042,0.000000,2.355953,1.980707,0.000000,1.945506,0.000000,1.902930,1.934411,0.000000,0.000000,1.615770,0.000000,0.0000000,0.000000,1.876465,0.000000,1.762467,0.000000,1.706541,2.272030,0.000000,0.000000,1.744143,0.000000,1.994254,0.000000,0.000000,2.041725,2.008101,0.0000000,0.000000,2.582274,0.000000,0.0000000
0.000000,2.045524,1.9217075,0.000000,0.000000,0.000000,0.000000,2.052219,2.010475,0.000000,0.000000,2.249307,2.140927,2.501817,2.256698,2.380449,0.000000,2.384458,1.908819,2.064503,2.055516,2.136955,2.020303,2.180339,2.157814,2.199604,1.618394,2.035351,2.192095,0.000000,2.095421,1.637323,0.000000,0.000000,2.0627808,0.000000,2.296769,1.797361,0.000000,0.000000,0.000000,1.725886,1.731054,2.226483,0.000000,0.000000,0.000000,0.0000000,0.000000,1.799546,1.829606,2.053294,0.000000,0.000000,2.159545,0.000000,1.783004,1.901373,0.000000,2.225090,1.833347,0.000000,2.180187,2.064424,0.0000000,1.554689,2.531764,1.718850,0.0000000
0.000000,1.644285,1.8649048,0.000000,0.000000,0.000000,0.000000,2.177058,1.995682,0.000000,1.715516,2.016179,1.795874,2.446700,2.184202,2.419184,0.000000,2.291124,1.919458,1.936100,1.962399,2.050291,2.003954,2.255306,1.978768,2.144954,1.773213,2.011430,2.142037,0.000000,2.120841,0.000000,1.691475,0.000000,1.9666647,0.000000,2.412828,0.000000,0.000000,0.000000,0.000000,0.000000,0.000000,2.229120,0.000000,0.000000,1.583426,0.0000000,0.000000,1.977360,2.122535,2.046582,0.000000,0.000000,2.383214,0.000000,0.000000,0.000000,0.000000,2.305490,1.903554,1.852130,2.053099,2.117003,0.0000000,0.000000,2.585274,1.647889,2.1643950
0.000000,1.913453,1.9511462,1.866045,0.000000,0.000000,1.851831,1.920510,2.086584,0.000000,0.000000,2.157366,2.207405,2.489727,2.212848,2.371916,0.000000,2.224814,2.043624,1.942915,1.944833,2.190757,2.077312,2.262689,1.932432,2.023138,2.074001,1.948205,2.225495,1.859232,0.000000,0.000000,0.000000,0.000000,1.9974763,0.000000,2.340054,1.880483,0.000000,1.838404,0.000000,0.000000,0.000000,2.120673,2.083890,0.000000,1.925122,0.0000000,0.000000,2.024169,0.000000,2.058975,2.128587,0.000000,2.114967,0.000000,0.000000,1.880366,0.000000,2.100985,1.783207,1.621964,1.979928,2.122895,0.0000000,1.889051,2.588739,1.955981,0.0000000
0.000000,1.885153,1.9902254,1.903519,0.000000,0.000000,0.000000,1.880778,1.763754,0.000000,1.662265,2.060528,2.098876,2.461302,2.212009,2.402368,0.000000,0.000000,1.660373,1.844688,1.641686,0.000000,2.001609,2.211705,1.732726,1.888482,1.671427,0.000000,0.000000,0.000000,1.848993,0.000000,0.000000,0.000000,1.8102126,0.000000,2.432067,1.929969,1.590951,0.000000,1.724384,1.624057,0.000000,2.175605,2.056221,0.000000,0.000000,1.8542455,1.567535,1.934283,0.000000,2.024406,2.077440,0.000000,2.042106,0.000000,1.632585,0.000000,0.000000,2.121015,0.000000,0.000000,2.001909,2.031418,0.0000000,1.727077,2.457165,2.042591,0.0000000
0.000000,1.794228,1.9206265,0.000000,0.000000,0.000000,0.000000,2.037788,0.000000,0.000000,0.000000,2.084971,2.187707,2.500447,2.261350,2.355845,0.000000,2.430230,2.142168,2.057770,0.000000,2.301847,2.181814,2.182579,2.074071,2.346337,2.084856,2.039191,0.000000,0.000000,2.127091,0.000000,0.000000,0.000000,1.9796378,0.000000,2.336970,1.904499,0.000000,1.916316,2.074109,0.000000,0.000000,1.750586,0.000000,0.000000,0.000000,0.0000000,1.896042,2.054445,2.184890,2.041162,0.000000,0.000000,2.253241,2.099401,1.926270,0.000000,0.000000,2.216823,0.000000,1.780439,2.171954,2.173535,0.0000000,1.705640,2.441845,0.000000,0.0000000
0.000000,1.897068,0.0000000,0.000000,0.000000,0.000000,0.000000,2.109429,0.000000,0.000000,0.000000,2.130690,2.188014,2.430425,2.199036,2.418232,0.000000,2.354047,1.967492,0.000000,0.000000,2.173360,2.051861,2.154999,1.641897,2.209461,0.000000,2.116579,0.000000,0.000000,1.827165,0.000000,0.000000,2.075891,1.9090225,0.000000,2.441404,1.960502,0.000000,1.880701,0.000000,0.000000,1.605928,1.965022,0.000000,0.000000,0.000000,0.0000000,1.822882,2.087656,2.109600,1.855451,0.000000,0.000000,2.229144,1.969556,0.000000,0.000000,0.000000,2.267916,0.000000,1.991135,1.995611,2.130468,0.0000000,0.000000,2.345515,0.000000,0.0000000
0.000000,1.828330,1.7519956,0.000000,0.000000,0.000000,0.000000,1.998691,2.004115,0.000000,1.762783,2.163276,2.196547,2.440282,2.185720,2.372982,0.000000,2.340020,1.973841,1.882052,0.000000,2.216770,2.051024,2.252718,1.872922,2.055915,2.106935,2.162320,0.000000,0.000000,1.776734,0.000000,0.000000,0.000000,1.7309516,0.000000,2.428299,2.096774,0.000000,0.000000,0.000000,0.000000,1.666680,2.198906,0.000000,0.000000,1.793697,0.0000000,0.000000,1.835911,0.000000,1.779194,0.000000,0.000000,2.233729,0.000000,0.000000,1.518484,0.000000,2.184368,0.000000,1.832046,1.920717,2.144675,0.0000000,0.000000,2.544108,0.000000,0.0000000
1.991313,2.010547,1.8860254,2.107132,0.000000,0.000000,0.000000,1.992539,1.724313,0.000000,1.829477,2.163638,2.172677,2.500640,2.203205,2.365370,0.000000,2.389173,1.928692,1.981993,0.000000,2.294225,2.074939,2.250341,2.030660,2.077617,1.984747,0.000000,0.000000,0.000000,0.000000,0.000000,0.000000,0.000000,1.8236009,0.000000,2.456603,1.925227,1.942998,1.687935,0.000000,0.000000,0.000000,2.032134,2.048332,1.685164,1.484359,1.9166286,1.796342,2.123923,0.000000,1.997847,1.602450,0.000000,2.257248,1.808656,0.000000,2.067553,0.000000,2.167728,0.000000,1.860216,2.119842,2.048865,1.8115080,1.932271,2.544884,1.789538,0.0000000
1.855855,1.966368,0.0000000,1.943753,0.000000,0.000000,0.000000,2.029692,1.986197,0.000000,2.103532,2.153046,2.142516,2.452066,2.254054,2.397768,0.000000,2.282571,1.981813,1.848172,1.706780,2.092811,2.066937,2.203438,1.996892,2.060659,2.006773,2.021376,1.637230,0.000000,1.682646,0.000000,0.000000,1.549720,1.7990136,0.000000,2.415733,1.971906,0.000000,0.000000,0.000000,1.573934,0.000000,2.015139,0.000000,0.000000,1.906174,0.0000000,0.000000,2.018069,2.050088,2.043974,0.000000,0.000000,2.197296,0.000000,1.805552,1.690791,0.000000,2.322599,1.823475,1.649819,2.093587,2.194664,0.0000000,0.000000,2.550529,1.751433,1.6617073
0.000000,1.586350,1.8063141,0.000000,0.000000,0.000000,0.000000,1.798522,2.037817,0.000000,1.913786,2.218932,2.210430,2.457181,2.243233,2.381451,0.000000,2.371703,1.982806,1.935789,0.000000,2.196843,2.028818,2.216391,1.935877,2.162637,2.017014,2.040416,0.000000,0.000000,2.121779,0.000000,0.000000,0.000000,1.7194745,0.000000,2.343402,1.768606,0.000000,0.000000,0.000000,0.000000,0.000000,2.209827,0.000000,0.000000,1.609481,0.0000000,1.906378,2.166898,2.155039,2.005666,0.000000,0.000000,2.273360,0.000000,1.823475,1.629888,0.000000,2.135694,0.000000,1.937868,2.155591,2.134217,0.0000000,0.000000,2.522277,0.000000,0.0000000
0.000000,1.885578,2.0240300,1.640174,0.000000,0.000000,0.000000,2.070729,1.965382,0.000000,2.120456,2.257456,2.169442,2.473867,2.236508,2.407368,0.000000,2.240693,1.859295,1.914319,1.720188,1.507630,1.982082,2.242822,1.810646,2.075823,1.972424,2.028861,1.729328,0.000000,1.711433,0.000000,0.000000,1.573572,2.0227416,0.000000,2.249111,2.008256,0.000000,0.000000,1.985560,1.657969,0.000000,2.213503,1.607492,0.000000,1.958163,0.0000000,0.000000,2.154907,0.000000,1.984530,2.073891,0.000000,2.293172,1.872353,1.511664,1.937285,0.000000,2.156426,1.942202,1.808097,2.070372,2.125166,1.6202229,0.000000,2.548753,0.000000,0.0000000
1.989644,2.050350,1.8404888,1.843979,0.000000,0.000000,0.000000,0.000000,1.659782,0.000000,0.000000,2.194256,2.123121,2.456689,2.093185,2.401033,0.000000,2.291527,1.852566,1.804344,2.072858,2.086902,1.961868,2.182700,1.871681,2.126153,1.917660,2.041787,1.689548,0.000000,1.925381,0.000000,0.000000,1.593830,1.6629256,0.000000,2.329238,1.851692,0.000000,0.000000,0.000000,0.000000,1.675378,1.949385,0.000000,0.000000,1.873506,0.0000000,0.000000,1.917172,1.787203,2.173403,0.000000,0.000000,1.954119,1.439379,1.813024,1.961393,0.000000,2.041103,0.000000,0.000000,1.903010,1.978919,0.0000000,0.000000,2.459885,0.000000,1.4572148
0.000000,1.905753,1.8305973,0.000000,0.000000,0.000000,0.000000,1.982829,1.877692,0.000000,2.081909,2.208008,1.991054,2.499422,2.226694,2.393897,0.000000,2.255601,0.000000,1.932519,0.000000,2.083012,1.893250,2.211675,1.969249,2.144404,0.000000,2.017672,0.000000,0.000000,1.753728,0.000000,0.000000,0.000000,1.9686550,0.000000,2.383875,1.783967,0.000000,0.000000,0.000000,1.793486,0.000000,1.780572,2.106488,0.000000,1.982596,1.6086737,0.000000,2.005633,1.955034,0.000000,2.143157,0.000000,2.251420,0.000000,0.000000,0.000000,0.000000,2.240993,1.739301,1.980138,1.938267,2.142588,0.0000000,1.821425,2.119642,1.663057,0.0000000
0.000000,2.473992,1.9947662,2.220174,0.000000,0.000000,1.784441,0.000000,0.000000,2.504983,2.067016,0.000000,1.930013,2.449128,2.160762,2.332960,0.000000,2.280818,1.823332,1.960524,0.000000,2.182633,2.068262,2.329868,1.789035,2.108261,1.850784,1.774346,0.000000,0.000000,1.883188,1.889997,1.907628,0.000000,1.8239499,1.692309,2.383390,1.939533,0.000000,2.537351,2.463757,2.332045,0.000000,1.695601,0.000000,0.000000,0.000000,0.0000000,0.000000,0.000000,2.124351,2.235932,0.000000,0.000000,1.868877,1.927362,2.001139,0.000000,0.000000,2.131161,2.152488,0.000000,2.425821,1.990553,0.0000000,2.132462,2.506069,0.000000,1.9096459
2.411286,2.391194,0.0000000,2.201930,0.000000,0.000000,2.200938,2.024841,0.000000,0.000000,2.122608,0.000000,2.116399,2.454527,2.178496,2.470577,0.000000,2.359821,0.000000,0.000000,0.000000,2.251021,2.063712,2.210030,2.051396,2.139798,0.000000,0.000000,0.000000,2.447205,2.031437,0.000000,1.866432,0.000000,1.9410549,0.000000,2.488099,2.051944,1.783623,2.692974,2.734283,2.435979,0.000000,0.000000,0.000000,0.000000,2.108424,0.0000000,1.963344,0.000000,2.244781,0.000000,0.000000,0.000000,2.065504,1.919924,2.087715,0.000000,0.000000,1.942994,1.946465,1.911874,2.206939,1.976719,0.0000000,2.210327,2.565294,0.000000,0.0000000
0.000000,2.260795,1.7399912,1.857173,1.592052,1.817737,2.082922,2.053891,1.875111,0.000000,2.176292,2.165679,2.218624,2.429282,2.140128,2.437944,1.947672,2.303431,1.766414,1.898770,1.895911,2.153141,1.997838,2.233603,1.907071,2.121675,1.982304,2.072595,1.740917,0.000000,0.000000,0.000000,1.940771,2.158563,1.9603952,0.000000,2.451626,2.015738,0.000000,2.099985,2.180301,1.847119,0.000000,2.187449,1.706261,1.954413,0.000000,0.0000000,0.000000,1.849744,2.269372,2.292519,2.117187,0.000000,2.289242,2.117616,1.894277,1.711742,1.544285,2.087668,2.063119,0.000000,2.286635,2.005386,0.0000000,0.000000,2.482252,2.145765,2.0247879
0.000000,2.515739,0.0000000,2.080372,0.000000,0.000000,2.420963,0.000000,1.686420,0.000000,2.137125,2.141244,2.123731,2.391197,1.925672,2.372637,1.923475,2.291326,0.000000,1.860374,0.000000,2.083763,2.031217,2.180470,0.000000,2.115726,0.000000,2.090331,0.000000,0.000000,0.000000,0.000000,0.000000,0.000000,0.0000000,1.761404,2.389816,0.000000,0.000000,2.619268,2.609026,2.492581,1.817923,0.000000,0.000000,0.000000,0.000000,1.5309875,0.000000,0.000000,1.275212,2.417927,0.000000,2.113799,2.373479,0.000000,0.000000,0.000000,0.000000,1.819011,0.000000,0.000000,2.083165,0.000000,0.0000000,2.296787,2.601789,0.000000,1.8821107
0.000000,1.786762,1.5853811,0.000000,2.072986,0.000000,1.802877,1.968150,0.000000,0.000000,2.060544,2.125158,2.178847,2.462082,2.045500,2.468229,1.967209,2.329747,1.811664,1.883580,2.115046,2.196420,2.083069,2.284823,0.000000,2.175832,0.000000,2.149528,1.545992,0.000000,1.712608,0.000000,2.150922,0.000000,1.9120451,0.000000,2.333660,1.749103,0.000000,1.951309,1.915589,0.000000,0.000000,2.007920,0.000000,0.000000,0.000000,0.0000000,0.000000,1.641355,1.805735,2.093111,0.000000,1.701054,1.977088,1.919370,1.740789,1.978262,0.000000,2.091753,1.866353,0.000000,2.047477,0.000000,1.7276338,0.000000,2.388399,1.910557,2.0345983
2.235070,2.288255,1.8824070,0.000000,0.000000,0.000000,1.842792,0.000000,1.556598,2.438519,0.000000,0.000000,1.957584,2.413106,2.064233,2.397661,1.855543,2.119444,0.000000,0.000000,1.911122,1.833938,1.945232,2.175006,1.678374,1.951661,0.000000,1.869288,0.000000,1.621794,0.000000,0.000000,2.080162,0.000000,1.7116265,0.000000,2.395233,2.001492,0.000000,1.837985,2.083986,0.000000,0.000000,1.785184,2.193556,0.000000,0.000000,0.0000000,0.000000,0.000000,2.192767,2.133527,0.000000,0.000000,2.186228,0.000000,0.000000,0.000000,0.000000,1.983047,0.000000,0.000000,1.893826,0.000000,0.0000000,0.000000,2.424792,1.885289,1.7220030
0.000000,2.056915,0.0000000,0.000000,0.000000,0.000000,0.000000,2.226649,1.981192,0.000000,2.189695,2.212480,2.119662,2.450126,2.140717,2.445834,0.000000,2.304161,0.000000,2.058031,1.746168,2.185656,1.936631,2.308139,1.973233,2.094886,1.746751,1.947752,1.445634,0.000000,0.000000,0.000000,0.000000,1.622811,2.0141324,0.000000,2.475488,1.999673,0.000000,0.000000,0.000000,2.058794,0.000000,0.000000,0.000000,0.000000,1.692374,0.0000000,0.000000,0.000000,2.198535,2.054442,0.000000,0.000000,2.351235,1.923821,1.583169,1.860873,0.000000,2.256425,0.000000,0.000000,2.115526,2.050008,0.0000000,0.000000,2.563560,0.000000,1.9178323
0.000000,2.261897,0.0000000,0.000000,0.000000,0.000000,1.989242,0.000000,1.776908,1.924419,1.821852,2.217603,2.098553,2.436769,2.128803,2.407514,1.792596,2.334328,0.000000,1.965167,1.893602,2.174766,2.077032,2.316625,1.976598,2.154105,0.000000,2.077476,2.186085,0.000000,1.622032,0.000000,2.051842,1.640932,1.9634301,0.000000,2.438972,1.929755,0.000000,2.326485,2.229996,1.999082,0.000000,0.000000,0.000000,0.000000,1.679042,0.0000000,1.878226,0.000000,0.000000,1.967806,0.000000,0.000000,2.166782,1.828018,1.754179,1.893041,0.000000,2.153827,0.000000,0.000000,2.120779,1.896010,0.0000000,1.559815,2.580532,1.883448,1.9667725
0.000000,2.329265,1.8810417,1.693963,0.000000,0.000000,2.306979,0.000000,0.000000,0.000000,1.898965,2.124816,2.127288,2.435835,1.858130,2.388101,0.000000,2.325292,0.000000,1.954470,1.676665,2.164945,1.960455,2.285691,2.022760,2.139482,0.000000,2.067783,1.454780,1.813448,1.550239,0.000000,1.949986,1.502152,1.8970944,1.860723,2.362730,2.003111,0.000000,2.412054,2.371917,2.009626,1.432126,0.000000,0.000000,0.000000,0.000000,0.0000000,1.783849,0.000000,1.987544,2.307673,0.000000,1.714837,2.317540,0.000000,1.938003,1.864281,0.000000,2.083081,0.000000,0.000000,2.060461,0.000000,0.0000000,1.463587,2.568013,0.000000,1.6664995
0.000000,1.985842,1.7111623,0.000000,0.000000,0.000000,1.223957,2.199376,1.915800,0.000000,2.018882,2.207189,2.219501,2.438208,2.216917,2.442045,0.000000,0.000000,0.000000,2.023657,0.000000,0.000000,2.008084,2.204074,2.040400,2.027047,2.090210,0.000000,0.000000,0.000000,0.000000,0.000000,2.099032,0.000000,2.0099656,0.000000,2.435924,2.005698,0.000000,0.000000,1.859742,1.979328,0.000000,2.178007,0.000000,0.000000,1.336362,0.0000000,0.000000,1.807072,0.000000,2.021395,0.000000,0.000000,2.317896,0.000000,1.430741,1.632075,0.000000,2.197277,0.000000,0.000000,2.083919,2.028653,0.0000000,0.000000,2.539587,0.000000,1.8162525
0.000000,2.068451,1.8705248,0.000000,0.000000,0.000000,1.975878,2.022443,1.895827,0.000000,0.000000,2.187131,2.112618,2.465609,2.210990,2.372583,1.935847,2.348095,0.000000,1.912732,1.763644,2.122565,1.886144,2.220570,1.988326,2.171700,1.813294,1.998062,0.000000,0.000000,0.000000,0.000000,0.000000,0.000000,1.9640037,0.000000,2.443943,1.984530,0.000000,1.854718,2.029413,1.912493,0.000000,2.161788,1.920700,0.000000,0.000000,1.6136047,0.000000,1.794338,1.993335,2.051263,1.988005,1.332997,2.204191,1.609555,0.000000,1.264579,0.000000,2.078629,0.000000,1.353152,2.048273,2.028719,1.7826213,0.000000,2.527304,1.771284,1.7691983
0.000000,2.190313,0.0000000,0.000000,0.000000,0.000000,1.843251,2.079968,0.000000,0.000000,1.764732,2.289755,2.126112,2.449279,2.139478,2.446869,0.000000,2.368591,0.000000,2.092563,1.913667,2.184819,2.068293,2.245197,2.176639,2.170129,0.000000,1.946430,0.000000,0.000000,0.000000,1.724986,1.478282,1.775884,1.9865841,0.000000,2.452757,2.078238,1.682833,1.332673,2.000537,1.910022,1.614957,2.007893,1.373769,0.000000,1.918555,0.0000000,0.000000,0.000000,2.130166,2.003631,2.048777,0.000000,2.316644,2.075436,1.551684,1.756087,0.000000,2.185780,0.000000,0.000000,2.251066,1.733898,1.8348661,1.301697,2.594259,0.000000,1.9477036
1.633600,2.566964,0.0000000,2.346904,0.000000,0.000000,2.485842,2.064336,2.134713,0.000000,1.991855,1.965682,0.000000,2.505285,2.283159,2.374829,0.000000,2.273787,0.000000,1.996600,2.018309,2.274546,1.866406,2.185115,2.149802,1.948542,1.859660,0.000000,0.000000,2.263757,0.000000,0.000000,1.899750,0.000000,2.0724449,0.000000,2.485814,1.948566,0.000000,2.733690,2.741134,2.546908,0.000000,2.103008,0.000000,0.000000,0.000000,0.0000000,0.000000,0.000000,0.000000,0.000000,0.000000,0.000000,2.093072,0.000000,0.000000,0.000000,0.000000,2.221392,2.027397,0.000000,2.313677,1.948694,0.0000000,2.014513,2.628124,0.000000,0.0000000
1.957132,2.320737,1.9975854,2.086072,0.000000,1.920276,2.204919,2.118977,0.000000,0.000000,2.480282,2.077651,2.207999,2.443837,2.067273,2.400422,0.000000,0.000000,0.000000,1.890658,0.000000,2.072804,1.920588,2.134918,2.034695,2.056972,0.000000,0.000000,1.679352,0.000000,0.000000,0.000000,1.721660,0.000000,2.0120520,0.000000,2.513770,2.272416,0.000000,2.351311,2.244184,1.942122,0.000000,2.050677,2.212816,0.000000,1.818333,1.6330299,1.839925,0.000000,2.266859,2.283846,0.000000,2.060678,2.109473,2.136955,1.882905,0.000000,0.000000,2.108028,1.720662,0.000000,2.366683,2.047812,1.7733663,1.947228,2.492441,1.996892,1.8882930
2.585842,2.584962,1.3909017,1.820978,0.000000,0.000000,2.404742,0.000000,1.727894,0.000000,1.939372,0.000000,1.831531,2.474951,1.902562,2.391767,0.000000,0.000000,0.000000,1.978507,2.047897,2.074246,1.913498,2.235187,1.985123,1.460215,0.000000,0.000000,0.000000,0.000000,0.000000,0.000000,2.012840,2.087603,2.0072336,1.484583,2.478931,1.909188,0.000000,2.629996,2.544341,2.404291,0.000000,0.000000,0.000000,0.000000,1.803747,0.0000000,0.000000,0.000000,1.911052,2.184226,0.000000,1.740167,1.537678,0.000000,1.888725,2.032900,0.000000,2.155831,1.997388,0.000000,2.337512,0.000000,0.0000000,2.080067,2.335833,0.000000,0.0000000
2.245174,2.230086,1.7616946,0.000000,0.000000,0.000000,2.133039,2.186142,1.914854,2.285364,0.000000,2.187554,2.219036,2.442174,2.166436,2.413224,0.000000,0.000000,0.000000,2.028991,2.017013,0.000000,2.045225,2.304988,2.042922,2.119508,1.685850,0.000000,0.000000,0.000000,2.039252,0.000000,0.000000,1.540274,2.0774481,0.000000,2.517025,2.160952,0.000000,2.116148,2.137796,2.020336,0.000000,2.197583,1.694288,0.000000,0.000000,0.0000000,1.584236,1.826929,2.194790,2.117060,0.000000,0.000000,2.274520,0.000000,1.840060,0.000000,0.000000,2.219207,0.000000,0.000000,2.429401,2.048395,0.0000000,1.384097,2.528943,2.064391,1.8356401
0.000000,2.417379,0.0000000,2.073970,1.809253,1.907273,2.248708,2.036296,1.904140,0.000000,2.121653,2.114144,2.136981,2.391798,1.984450,2.387562,0.000000,2.270294,1.906421,0.000000,1.971538,2.201588,1.973839,2.227161,1.972390,2.193514,1.818853,0.000000,0.000000,0.000000,1.726044,1.560158,1.969717,0.000000,1.8559543,1.920423,2.383497,1.868065,0.000000,2.422773,2.243947,2.045446,1.514474,1.723547,1.767786,0.000000,1.757103,0.0000000,0.000000,0.000000,0.000000,2.265643,0.000000,1.800204,2.212808,1.958806,1.779964,1.896642,0.000000,2.206642,0.000000,0.000000,2.044877,0.000000,1.6688298,2.123392,2.509827,2.048608,1.8062736
2.418760,2.362945,0.0000000,1.872697,0.000000,0.000000,2.478104,2.217786,1.930890,0.000000,2.168498,2.259728,2.204089,2.456359,1.995526,2.465287,1.448822,0.000000,0.000000,1.929279,0.000000,0.000000,2.074856,2.279906,0.000000,0.000000,0.000000,0.000000,0.000000,0.000000,0.000000,0.000000,1.509137,0.000000,2.0453655,0.000000,2.467409,2.048545,0.000000,2.236829,2.041903,2.021696,0.000000,0.000000,0.000000,0.000000,1.971894,0.0000000,0.000000,0.000000,2.010510,2.127838,0.000000,1.966686,2.307127,1.647918,1.456955,1.666525,0.000000,2.257642,0.000000,0.000000,2.145529,0.000000,0.0000000,2.061812,2.631628,1.701364,1.9958162
0.000000,1.997620,1.6789470,0.000000,0.000000,0.000000,0.000000,2.054903,1.930858,0.000000,0.000000,2.190170,2.173380,2.414849,2.164038,2.374123,0.000000,0.000000,0.000000,1.859232,2.008054,2.037144,1.959306,2.243179,1.907853,2.105451,1.935331,0.000000,0.000000,0.000000,0.000000,0.000000,0.000000,0.000000,1.9678628,0.000000,2.420329,2.096190,0.000000,0.000000,2.073575,1.909320,1.734580,1.969603,1.710561,0.000000,1.791542,0.0000000,0.000000,2.102607,2.110963,1.916222,0.000000,1.485699,2.322539,0.000000,0.000000,1.787389,0.000000,2.038729,1.548939,0.000000,2.038291,1.977897,1.7173688,1.604160,2.484184,0.000000,1.6169644
1.878854,2.089569,2.0084403,2.134665,2.134360,0.000000,2.130194,0.000000,0.000000,2.289762,2.349176,0.000000,2.105342,2.420446,2.013335,2.312365,1.790719,2.318229,1.976030,0.000000,0.000000,2.247235,2.132091,2.222021,1.754601,2.220692,1.981826,0.000000,0.000000,0.000000,1.930702,2.097078,1.920868,2.263117,0.0000000,2.088551,2.409359,2.043907,0.000000,1.899923,2.280245,0.000000,0.000000,0.000000,0.000000,0.000000,0.000000,0.0000000,0.000000,0.000000,0.000000,2.025391,0.000000,1.917598,1.752614,2.013416,0.000000,0.000000,0.000000,0.000000,1.889992,0.000000,2.143907,2.001992,0.0000000,2.206179,2.360667,1.921209,1.9633378
1.744283,2.166096,0.0000000,0.000000,0.000000,0.000000,1.875582,0.000000,1.981354,0.000000,0.000000,2.268636,2.190860,2.466908,2.029369,2.456412,2.006012,2.348603,1.916468,0.000000,2.033159,2.293532,2.189157,2.324952,2.007827,2.257666,1.697581,2.080249,0.000000,0.000000,1.962461,0.000000,0.000000,1.698172,0.0000000,0.000000,2.445100,2.143344,0.000000,1.970201,0.000000,0.000000,0.000000,1.875258,1.831413,0.000000,0.000000,0.0000000,0.000000,0.000000,1.942431,2.230046,1.834419,0.000000,2.294308,0.000000,0.000000,2.046719,0.000000,2.214801,0.000000,0.000000,2.125018,0.000000,0.0000000,0.000000,2.611722,1.617174,0.0000000
0.000000,2.485318,1.9501747,2.224109,1.802940,1.953150,2.119014,2.210658,1.970651,2.079926,2.515733,2.141644,2.124395,2.446991,2.119398,2.444359,0.000000,2.278945,0.000000,1.927128,1.631819,2.150726,2.047595,2.178251,1.995503,2.190217,0.000000,0.000000,0.000000,0.000000,0.000000,2.128626,0.000000,1.849551,2.1152226,0.000000,2.486813,2.124758,0.000000,2.347370,2.073441,2.017831,1.804180,2.119393,1.747985,0.000000,1.656492,0.0000000,0.000000,0.000000,2.277303,2.142982,0.000000,0.000000,2.120495,2.092770,0.000000,0.000000,0.000000,2.195882,0.000000,1.912714,2.560018,1.943541,0.0000000,1.871895,2.446067,2.031338,0.0000000
0.000000,2.271606,1.8221510,1.794833,0.000000,0.000000,1.857411,2.014957,1.840132,1.523374,2.030022,2.101690,2.159242,2.434600,2.083296,2.419784,0.000000,2.266732,1.769421,2.020745,1.938958,2.156840,2.085439,2.184588,2.075922,2.053310,1.718351,0.000000,1.530467,0.000000,1.899220,0.000000,1.971443,2.028154,1.8450873,0.000000,2.460025,2.116991,0.000000,2.192768,1.997453,0.000000,0.000000,2.079014,1.459363,0.000000,1.887781,0.0000000,0.000000,0.000000,2.123475,2.262743,1.455042,0.000000,2.131055,1.739317,1.733146,1.755641,0.000000,2.188155,0.000000,1.642886,2.147378,1.979979,0.0000000,1.996581,2.497464,1.385727,1.5492518
0.000000,2.014766,1.4766536,1.483760,0.000000,0.000000,1.488862,1.982493,0.000000,0.000000,1.882639,2.077175,2.250422,2.443291,2.244020,2.402143,0.000000,0.000000,0.000000,1.909566,2.072772,0.000000,1.957455,2.275126,1.895575,2.111040,1.720024,0.000000,0.000000,0.000000,0.000000,0.000000,0.000000,0.000000,1.8779684,0.000000,2.468444,1.908215,0.000000,0.000000,1.827401,1.782717,0.000000,2.079305,1.687507,0.000000,0.000000,0.0000000,1.859852,0.000000,2.200612,2.038126,0.000000,0.000000,2.323265,0.000000,1.719511,1.863407,0.000000,1.923479,1.771465,1.599133,2.060735,1.796277,0.0000000,0.000000,2.491302,0.000000,1.9581341
0.000000,2.315073,1.9121561,0.000000,1.630082,0.000000,2.277559,2.015598,0.000000,2.069130,1.502626,2.191946,2.268396,2.458497,2.215457,2.411825,0.000000,0.000000,0.000000,1.876672,1.865585,0.000000,1.914541,2.244853,2.033754,2.130285,0.000000,0.000000,0.000000,0.000000,0.000000,0.000000,1.704187,0.000000,1.8525729,0.000000,2.333281,1.843080,0.000000,2.331739,2.411138,0.000000,0.000000,2.169153,0.000000,0.000000,0.000000,0.0000000,0.000000,0.000000,2.252341,2.009042,0.000000,0.000000,2.503090,2.277089,0.000000,1.816234,0.000000,1.908762,1.434379,1.405890,2.093086,2.118706,0.0000000,0.000000,2.627398,0.000000,1.6564648
0.000000,2.002218,1.8414524,0.000000,0.000000,0.000000,1.691694,2.042734,0.000000,2.528245,2.135438,2.159504,2.257103,2.473165,2.148625,2.406983,0.000000,0.000000,0.000000,1.901699,2.031278,0.000000,0.000000,2.242297,1.982654,0.000000,0.000000,0.000000,0.000000,0.000000,0.000000,0.000000,0.000000,1.934895,1.9331516,0.000000,2.402627,1.950929,1.829262,0.000000,0.000000,0.000000,0.000000,1.984894,0.000000,0.000000,0.000000,0.0000000,0.000000,1.883753,2.270590,2.204900,0.000000,0.000000,2.237503,2.144299,2.201491,1.481194,0.000000,1.995439,1.840314,1.950701,2.022481,2.045928,0.0000000,0.000000,2.603269,0.000000,1.9553361
0.000000,2.354155,2.3535865,0.000000,0.000000,2.234034,2.289161,0.000000,1.968990,0.000000,2.368826,0.000000,2.171027,2.461453,1.791272,2.491673,0.000000,0.000000,0.000000,1.885005,1.953574,0.000000,2.268166,2.301096,1.919331,0.000000,0.000000,0.000000,0.000000,0.000000,0.000000,0.000000,0.000000,2.082411,0.0000000,1.807334,2.374564,0.000000,1.973065,0.000000,1.940933,0.000000,0.000000,2.242039,1.999132,0.000000,2.209683,2.3514656,1.924562,1.992112,0.000000,1.977261,0.000000,0.000000,2.241149,0.000000,2.306506,0.000000,2.265943,2.041859,1.768580,0.000000,2.722235,2.042777,0.0000000,1.642767,2.433209,0.000000,2.3241238
0.000000,2.071509,2.1416655,0.000000,0.000000,0.000000,2.218485,0.000000,1.761321,0.000000,2.137232,0.000000,2.131558,2.435594,2.212932,2.456030,0.000000,2.374128,0.000000,1.842386,2.061063,2.017111,0.000000,2.109570,1.943161,1.932783,0.000000,0.000000,0.000000,0.000000,0.000000,0.000000,2.024415,0.000000,2.0863458,0.000000,1.612242,0.000000,0.000000,2.234361,2.385114,0.000000,0.000000,0.000000,0.000000,0.000000,0.000000,0.0000000,0.000000,0.000000,0.000000,1.978436,0.000000,0.000000,0.000000,0.000000,0.000000,0.000000,0.000000,0.000000,2.182015,0.000000,1.684981,2.000194,0.0000000,1.673513,2.356963,1.694612,0.0000000
0.000000,1.943775,1.9500926,1.718185,0.000000,0.000000,1.662688,2.039052,1.782358,0.000000,0.000000,2.118610,2.148341,2.445666,2.070858,2.392113,0.000000,2.127413,0.000000,1.618740,2.077581,1.958384,1.903015,2.234048,1.662978,2.142231,1.671302,1.676931,0.000000,0.000000,0.000000,0.000000,0.000000,0.000000,1.7718528,1.776784,2.414821,1.594232,1.640265,1.603251,2.145559,1.643245,0.000000,1.937516,2.210456,0.000000,1.822990,1.9219603,1.364693,2.127819,2.033178,2.066214,0.000000,0.000000,2.402070,0.000000,1.793575,2.009017,0.000000,2.093847,1.836923,1.864600,1.932755,1.961737,1.3998207,0.000000,2.459572,0.000000,1.7423890
0.000000,1.846293,1.9730026,1.613712,0.000000,0.000000,1.571522,1.993965,0.000000,2.283004,1.694612,1.856667,2.305020,2.454253,2.198607,2.383474,0.000000,0.000000,0.000000,1.795950,1.430840,0.000000,1.950075,2.205737,1.953627,2.095745,1.728656,0.000000,1.756360,0.000000,0.000000,0.000000,0.000000,1.852370,1.9259383,0.000000,2.435929,0.000000,0.000000,1.850850,2.184613,0.000000,0.000000,2.069766,2.214783,0.000000,1.754223,1.8653212,1.888032,1.452756,2.249640,2.095772,0.000000,0.000000,2.092178,2.184245,1.787943,1.931427,0.000000,2.118385,1.609188,0.000000,2.076084,1.929916,1.0366301,1.680654,2.471023,1.503705,1.6064510
2.191300,2.289699,1.7383657,1.919558,0.000000,0.000000,2.344901,1.910646,1.876082,0.000000,1.604160,2.049362,2.069283,2.424360,2.271982,2.436955,0.000000,2.318156,0.000000,0.000000,2.026072,2.149633,2.074368,2.246568,1.657095,2.191087,1.938635,2.017044,0.000000,1.780900,1.772149,0.000000,1.866667,0.000000,1.7893208,0.000000,2.100823,0.000000,1.381947,1.426018,1.693877,1.677076,0.000000,0.000000,0.000000,0.000000,1.765569,0.0000000,0.000000,0.000000,1.795928,2.100727,0.000000,1.897229,2.110692,1.759326,2.000292,1.146852,1.525472,1.815134,0.000000,1.417174,1.786564,1.922626,0.0000000,1.972527,2.451375,1.922596,0.0000000
0.000000,2.017062,0.0000000,0.000000,0.000000,0.000000,2.216629,0.000000,2.057741,0.000000,0.000000,0.000000,2.191871,2.443355,2.169063,2.393491,1.730441,2.286553,1.830452,1.670976,1.938954,2.192940,1.869012,2.241260,0.000000,2.085722,2.046911,1.951992,0.000000,0.000000,0.000000,0.000000,0.000000,0.000000,1.9736521,0.000000,2.275387,0.000000,0.000000,2.338894,2.581632,0.000000,0.000000,2.160441,0.000000,0.000000,0.000000,0.0000000,0.000000,2.065635,0.000000,2.262730,2.084796,1.496853,2.146150,1.694504,1.755310,0.000000,0.000000,1.950489,0.000000,0.000000,1.901794,1.925394,0.0000000,1.965413,2.504381,0.000000,1.7795854
0.000000,1.902024,0.0000000,0.000000,0.000000,0.000000,0.000000,2.018396,0.000000,1.763794,0.000000,2.149813,2.128084,2.450447,2.112106,2.397184,2.048007,2.409909,0.000000,0.000000,1.811801,0.000000,1.826096,2.308325,1.914994,2.180116,0.000000,2.012308,2.097335,0.000000,1.785137,0.000000,0.000000,0.000000,2.0506562,0.000000,2.386366,1.841271,0.000000,0.000000,0.000000,1.821752,0.000000,0.000000,2.022010,0.000000,0.000000,0.0000000,0.000000,0.000000,2.163584,2.016782,0.000000,0.000000,2.301270,0.000000,0.000000,1.887363,0.000000,2.226070,0.000000,0.000000,2.015811,0.000000,0.0000000,0.000000,2.510517,1.752747,0.0000000
0.000000,2.039961,0.0000000,0.000000,1.921002,0.000000,1.653218,0.000000,0.000000,1.701921,1.901101,2.028439,2.052049,2.405485,1.967122,2.404496,2.066271,2.396043,0.000000,1.943099,2.000355,2.221110,2.169545,2.217105,2.021700,2.273110,0.000000,2.192952,0.000000,0.000000,1.820393,0.000000,0.000000,0.000000,2.0462242,0.000000,2.329318,0.000000,0.000000,0.000000,1.781105,1.843778,0.000000,0.000000,0.000000,0.000000,0.000000,0.0000000,0.000000,0.000000,0.000000,2.023502,1.999956,0.000000,2.130060,0.000000,0.000000,1.550859,0.000000,1.987791,0.000000,0.000000,1.989622,0.000000,0.0000000,0.000000,2.386529,0.000000,1.8861214
0.000000,0.000000,1.6356755,0.000000,0.000000,0.000000,0.000000,2.087356,0.000000,0.000000,0.000000,2.131684,2.104228,2.473739,2.218059,2.396773,1.923817,2.399030,0.000000,1.835829,0.000000,1.643364,1.732642,2.191833,1.914528,2.183986,1.844995,2.136226,2.012161,0.000000,0.000000,0.000000,0.000000,1.627935,1.9748792,0.000000,2.337934,1.719823,0.000000,0.000000,0.000000,2.001560,0.000000,1.791576,0.000000,0.000000,1.789857,0.0000000,0.000000,0.000000,2.109087,1.983827,2.045581,0.000000,2.340155,2.174303,1.845417,1.578746,0.000000,2.164301,1.924763,0.000000,2.113627,2.123906,0.0000000,0.000000,2.460107,1.706760,1.8847714
0.000000,0.000000,2.0988061,0.000000,0.000000,0.000000,0.000000,1.942100,0.000000,2.063879,1.928664,2.129226,2.129789,2.440991,2.116312,2.401841,2.002516,2.398385,0.000000,1.805491,1.815238,0.000000,1.839773,2.208524,1.969225,0.000000,1.787111,2.139756,2.135608,0.000000,1.832543,0.000000,0.000000,1.868142,2.0124907,1.993580,2.320299,1.953674,0.000000,0.000000,0.000000,1.876119,0.000000,2.033404,0.000000,0.000000,0.000000,1.9039879,1.884652,0.000000,0.000000,1.974416,0.000000,0.000000,2.296256,2.184988,0.000000,0.000000,0.000000,2.112562,1.910126,0.000000,2.376868,1.944400,0.0000000,0.000000,2.492684,0.000000,1.9825248
1.921690,1.938421,1.8660714,1.706601,0.000000,0.000000,1.504510,2.135594,1.946419,0.000000,1.915364,2.157695,2.147951,2.472497,2.228820,2.407035,1.650247,0.000000,1.938226,1.812656,1.963421,2.126911,1.944407,2.230180,1.957190,2.160336,2.050619,1.859184,0.000000,0.000000,1.752217,0.000000,0.000000,0.000000,1.9236188,0.000000,2.426462,1.901824,1.780645,0.000000,0.000000,1.841712,1.420864,2.150431,0.000000,1.587606,1.806152,0.0000000,1.864228,2.070548,0.000000,2.006500,0.000000,0.000000,2.245310,0.000000,0.000000,1.831396,0.000000,2.204031,1.849558,0.000000,2.026971,2.098737,0.0000000,0.000000,2.513370,1.839287,0.0000000
2.022599,1.759508,1.8183799,1.857963,0.000000,0.000000,0.000000,2.133201,2.029724,0.000000,0.000000,2.249556,1.990060,2.504519,2.272479,2.362703,0.000000,2.351434,1.618810,1.967925,1.915084,2.159991,2.051441,2.162736,1.955805,1.987350,1.961587,1.729825,0.000000,0.000000,2.017821,0.000000,0.000000,0.000000,1.9891624,0.000000,2.449118,1.824787,0.000000,0.000000,0.000000,0.000000,0.000000,2.070346,0.000000,0.000000,1.938496,0.0000000,1.920795,1.755107,2.026194,1.959487,0.000000,0.000000,2.214631,1.789092,1.616544,1.770049,0.000000,2.290015,1.696221,0.000000,2.199480,2.025943,0.0000000,0.000000,2.384357,1.846452,0.0000000
0.000000,1.516678,0.0000000,0.000000,1.745846,0.000000,1.886735,2.116596,1.965491,0.000000,0.000000,1.917332,2.285414,2.451809,2.203026,2.421849,0.000000,1.920028,0.000000,1.841979,1.674178,1.813477,0.000000,2.251801,1.937883,1.971512,1.912036,1.675012,1.618463,1.748409,0.000000,0.000000,0.000000,0.000000,1.9789789,0.000000,2.503008,2.020550,1.737114,0.000000,0.000000,1.700681,0.000000,2.180575,0.000000,0.000000,1.855430,0.0000000,1.654085,1.863152,0.000000,1.860716,0.000000,0.000000,2.324375,1.882674,1.722111,1.760571,0.000000,2.297806,1.715535,2.142086,2.012865,2.071991,1.8799464,1.691607,2.479822,1.855855,0.0000000
0.000000,2.050930,1.8600997,0.000000,0.000000,0.000000,2.200146,1.833613,1.539834,0.000000,0.000000,0.000000,2.132936,2.421596,1.754107,2.412013,1.773073,2.303574,0.000000,1.680087,2.068500,2.227769,1.958538,2.231544,1.995094,2.076091,0.000000,2.055464,1.644196,0.000000,0.000000,1.851670,2.255862,0.000000,1.9102804,1.658918,2.373977,1.994254,0.000000,2.110302,1.999963,1.849254,0.000000,2.016604,0.000000,0.000000,0.000000,0.0000000,0.000000,0.000000,2.103850,2.151544,0.000000,1.858443,2.235939,1.792730,0.000000,1.763644,0.000000,2.096642,0.000000,1.349603,1.971972,1.834096,0.0000000,2.003031,2.320892,0.000000,1.7843937
0.000000,1.872522,1.8445959,1.492830,0.000000,0.000000,1.394159,2.015875,1.859914,0.000000,1.728050,2.226465,2.159366,2.460084,2.204287,2.392895,0.000000,2.287819,0.000000,1.998018,1.816987,2.111033,1.752232,2.260759,1.975758,2.208651,1.495733,1.918867,0.000000,0.000000,0.000000,0.000000,0.000000,1.691122,1.9807742,0.000000,2.407115,1.843391,1.453286,0.000000,1.496714,1.682879,0.000000,1.320685,0.000000,1.823179,1.695965,0.0000000,0.000000,1.910902,0.000000,2.069841,0.000000,0.000000,2.227580,1.719493,1.796874,1.726710,1.702618,2.149416,1.712647,1.864401,2.010963,2.072331,1.8760945,1.306880,2.258858,0.000000,1.8276532
0.000000,1.895276,0.0000000,0.000000,0.000000,0.000000,0.000000,2.160251,2.090732,2.143496,1.954994,2.067619,2.216451,2.483439,2.218031,2.464773,1.761833,2.286509,1.820439,1.935797,0.000000,1.705379,1.831962,2.243257,0.000000,2.136481,0.000000,1.915549,2.018868,0.000000,0.000000,0.000000,0.000000,0.000000,1.9822431,0.000000,2.325588,1.987819,1.717499,1.804929,1.992197,1.775720,0.000000,2.179785,0.000000,1.596146,0.000000,0.0000000,0.000000,2.115108,2.058686,1.643065,0.000000,0.000000,2.397465,2.019255,1.814025,0.000000,0.000000,2.177641,0.000000,1.873730,2.160498,2.081898,0.0000000,0.000000,2.244249,0.000000,1.8430566
0.000000,2.222877,0.0000000,0.000000,0.000000,0.000000,2.118601,0.000000,0.000000,0.000000,0.000000,2.108652,2.134487,2.459845,2.231292,2.428178,1.988826,2.342693,1.926922,1.887245,0.000000,2.130669,2.030942,2.204232,0.000000,2.155639,1.973284,2.082841,2.121855,0.000000,1.934876,0.000000,0.000000,0.000000,1.9066623,0.000000,2.399567,1.908600,0.000000,2.532355,2.581841,1.842041,0.000000,0.000000,0.000000,0.000000,1.646784,0.0000000,0.000000,2.082695,1.748922,1.721262,0.000000,1.795349,2.217546,1.939372,0.000000,1.713011,0.000000,2.088784,0.000000,0.000000,1.888160,2.043621,0.0000000,2.118554,2.544515,0.000000,1.6525720
0.000000,2.322969,0.0000000,0.000000,0.000000,0.000000,2.552129,0.000000,0.000000,1.856751,0.000000,0.000000,2.172824,2.473485,2.158073,2.389801,2.125073,2.380424,0.000000,0.000000,1.860470,1.788909,1.683714,2.222239,2.119142,2.280803,0.000000,2.211808,0.000000,1.877764,0.000000,0.000000,0.000000,0.000000,2.0989475,0.000000,2.448279,1.850894,0.000000,2.601491,2.530003,1.949254,0.000000,0.000000,0.000000,0.000000,1.925152,0.0000000,0.000000,0.000000,0.000000,2.161515,0.000000,0.000000,2.201861,1.853908,0.000000,0.000000,0.000000,2.174410,0.000000,0.000000,2.146680,1.992831,0.0000000,1.812297,2.637269,0.000000,0.0000000
2.448374,2.523369,0.0000000,0.000000,2.016008,1.981834,2.177715,0.000000,2.147943,0.000000,2.477480,0.000000,2.176482,2.490795,0.000000,2.317255,0.000000,2.283908,0.000000,1.829623,0.000000,0.000000,2.180284,2.229241,0.000000,1.956483,0.000000,0.000000,1.895170,0.000000,2.057231,1.818389,1.950670,0.000000,0.0000000,0.000000,2.496951,1.885346,0.000000,2.776325,2.770558,2.378014,0.000000,0.000000,2.077702,0.000000,1.991675,0.0000000,0.000000,0.000000,0.000000,2.361008,0.000000,1.990634,0.000000,0.000000,0.000000,0.000000,0.000000,0.000000,0.000000,0.000000,2.291306,0.000000,0.0000000,2.110402,2.619922,1.940328,0.0000000
1.857145,2.060775,1.8242355,0.000000,0.000000,0.000000,0.000000,1.957729,0.000000,0.000000,0.000000,1.981810,2.111843,2.465198,2.228432,2.347471,0.000000,2.355666,0.000000,1.971759,1.920310,2.141615,2.034329,2.235748,1.989652,2.155463,1.758282,1.943038,0.000000,0.000000,1.591523,0.000000,1.863681,0.000000,2.0734526,0.000000,2.381246,1.882662,0.000000,2.418488,2.416770,0.000000,0.000000,1.914727,0.000000,1.868323,1.568003,0.0000000,0.000000,1.609371,2.097065,2.296234,0.000000,0.000000,2.242564,0.000000,0.000000,1.496224,0.000000,1.979982,1.725692,0.000000,2.090763,1.997789,0.0000000,1.816309,2.270799,0.000000,0.0000000
0.000000,2.257425,1.8533253,1.521190,0.000000,0.000000,1.625493,1.827479,1.984372,0.000000,2.149465,2.215031,2.194095,2.488910,2.109557,2.430847,0.000000,2.443549,2.106988,2.174301,2.068248,2.277180,2.239736,2.285611,2.234323,2.356716,1.985404,2.164695,0.000000,0.000000,2.039086,0.000000,2.016111,2.061783,1.9933686,0.000000,2.365436,0.000000,0.000000,0.000000,0.000000,1.692418,0.000000,0.000000,1.604349,0.000000,0.000000,0.0000000,0.000000,0.000000,2.122129,2.230751,1.873059,0.000000,2.337075,0.000000,1.956506,1.640296,0.000000,1.952218,0.000000,0.000000,1.999130,0.000000,0.0000000,0.000000,2.637909,0.000000,0.0000000
0.000000,1.933672,1.9781749,2.011992,2.021906,2.030309,1.979907,0.000000,0.000000,0.000000,2.114879,0.000000,2.169862,2.499915,2.230370,2.411878,0.000000,2.308936,2.150240,1.958445,2.093196,2.324659,2.260069,2.220338,2.031833,2.112772,1.960924,0.000000,0.000000,1.266571,2.048133,1.718905,1.997160,0.000000,1.7521136,1.709193,2.319778,0.000000,0.000000,2.158401,1.930921,0.000000,2.008300,2.201835,0.000000,0.000000,1.218015,0.0000000,1.913457,0.000000,2.279169,2.154196,1.544767,1.714572,1.942045,1.763125,0.000000,2.026520,0.000000,1.988536,1.535551,1.918459,2.170563,2.015115,0.0000000,1.422425,2.287848,1.684636,0.0000000
0.000000,1.879383,1.9401498,0.000000,0.000000,0.000000,1.500243,1.721044,1.496923,0.000000,0.000000,0.000000,2.086186,2.509275,2.168285,2.360744,0.000000,2.390661,0.000000,2.006114,2.076760,2.314967,2.015343,2.309623,1.867117,2.276061,2.149596,2.051860,0.000000,0.000000,0.000000,0.000000,0.000000,1.828849,1.7803048,0.000000,2.409845,1.922882,0.000000,0.000000,2.332149,0.000000,0.000000,0.000000,0.000000,0.000000,0.000000,0.0000000,0.000000,2.639004,1.997530,2.225598,0.000000,1.408466,2.187612,0.000000,1.488862,1.832895,0.000000,2.125304,1.731427,1.733631,2.327531,2.167068,0.0000000,0.000000,2.433243,0.000000,0.0000000
0.000000,1.994975,0.0000000,0.000000,0.000000,0.000000,0.000000,0.000000,1.946024,0.000000,0.000000,1.885726,2.284615,2.489269,2.220090,2.405836,0.000000,0.000000,2.085657,2.001961,1.924943,2.025248,1.679018,2.138060,1.977601,2.105030,1.926266,0.000000,0.000000,0.000000,0.000000,0.000000,2.118814,0.000000,2.0042179,2.083960,2.446887,2.185115,0.000000,0.000000,2.429646,0.000000,1.723654,2.206669,0.000000,0.000000,0.000000,0.0000000,1.884600,2.364169,0.000000,1.737277,0.000000,0.000000,2.313160,0.000000,1.680277,0.000000,0.000000,2.146922,0.000000,0.000000,2.282583,2.003989,0.0000000,0.000000,2.521848,0.000000,0.0000000
2.333043,2.371287,0.0000000,1.879443,0.000000,0.000000,2.136533,2.045227,1.942329,2.208571,1.911238,2.122204,2.281391,2.465803,2.101618,2.427662,0.000000,2.332089,1.929940,1.982272,2.046028,2.198537,2.072518,2.286037,0.000000,2.231001,1.915423,2.077570,1.777530,1.785031,1.931312,0.000000,1.874675,0.000000,2.1136240,0.000000,2.492475,1.551529,0.000000,2.281636,2.327008,1.987912,0.000000,1.900121,0.000000,0.000000,1.820301,0.0000000,0.000000,0.000000,2.253886,2.400544,0.000000,2.037273,2.187092,1.814418,0.000000,1.993601,0.000000,2.205769,1.694201,0.000000,2.167128,1.938635,0.0000000,0.000000,2.571203,1.921806,0.0000000
0.000000,2.492734,1.8380253,2.057675,2.019539,2.050048,2.317254,0.000000,0.000000,0.000000,2.068456,2.052927,2.250651,2.499158,2.239779,2.330663,1.983799,2.340396,1.867897,1.843360,1.753465,2.216406,2.070058,2.201151,1.929016,2.215332,1.941521,1.968876,0.000000,0.000000,0.000000,0.000000,1.526956,0.000000,1.7425779,0.000000,2.378503,2.018433,0.000000,2.459536,2.452535,0.000000,0.000000,0.000000,0.000000,0.000000,1.687417,0.0000000,0.000000,1.367309,0.000000,2.273288,0.000000,0.000000,1.943407,1.505045,0.000000,1.827575,0.000000,2.048698,0.000000,0.000000,1.924402,2.097818,0.0000000,2.041508,2.583866,0.000000,0.0000000
0.000000,2.242734,1.9172030,0.000000,0.000000,0.000000,2.327662,2.236684,0.000000,0.000000,1.984809,1.827418,1.943125,2.516325,2.148094,2.438057,0.000000,2.410703,0.000000,2.086152,1.760974,0.000000,1.965088,2.249154,2.259372,2.318167,0.000000,2.100838,1.741330,0.000000,2.100442,0.000000,0.000000,0.000000,2.1040767,0.000000,2.435041,0.000000,0.000000,2.222043,2.504973,2.214729,0.000000,1.799939,2.388793,0.000000,0.000000,2.0117580,2.015622,0.000000,1.909056,1.919462,0.000000,0.000000,1.977615,0.000000,0.000000,2.257102,0.000000,2.302206,0.000000,0.000000,2.275625,1.946282,0.0000000,1.846778,2.564193,0.000000,1.8580812
1.849736,2.061846,1.7006190,0.000000,0.000000,0.000000,1.711723,2.113466,1.897592,2.081286,2.089728,2.149773,2.226054,2.439871,2.207121,2.431505,1.989904,2.356742,0.000000,1.968162,0.000000,2.141223,1.945865,2.268060,1.992897,2.179458,0.000000,2.099392,1.666267,0.000000,0.000000,1.304489,0.000000,1.637447,1.9547998,0.000000,2.440271,2.016717,1.782693,2.185653,2.032228,1.981720,0.000000,2.209813,1.850563,0.000000,1.648091,0.0000000,0.000000,1.493968,1.913923,1.950874,0.000000,1.729310,2.265252,2.124968,1.713717,1.688475,1.584066,2.144511,1.427336,0.000000,2.087962,2.001782,1.7597045,0.000000,2.471180,0.000000,1.9375575
2.351148,2.200607,2.0018219,0.000000,0.000000,0.000000,2.082314,2.155600,1.942730,1.414602,1.882645,2.109711,2.325441,2.439873,2.175989,2.396355,1.382835,2.182426,0.000000,1.798982,1.920575,0.000000,1.849417,2.232609,0.000000,2.096812,1.832114,0.000000,0.000000,1.992500,0.000000,0.000000,0.000000,0.000000,1.7838726,0.000000,2.439906,2.094256,0.000000,2.379026,2.583337,1.889959,0.000000,0.000000,2.198671,0.000000,1.781781,1.9330339,0.000000,0.000000,2.196414,2.304501,0.000000,1.947655,2.117490,2.134414,0.000000,2.068928,0.000000,2.151439,1.677894,1.748968,2.094543,2.047889,0.0000000,2.038351,2.510755,0.000000,1.8526382
0.000000,2.315913,1.9009753,2.127979,0.000000,0.000000,2.150641,2.084342,1.862291,0.000000,2.307197,2.087850,2.187576,2.468239,2.082756,2.472185,0.000000,2.254809,0.000000,1.869920,2.065175,0.000000,2.013750,2.252962,1.816827,2.080752,0.000000,0.000000,0.000000,2.082042,0.000000,0.000000,2.003432,0.000000,1.9764815,0.000000,2.519549,1.966527,0.000000,2.222174,1.984533,0.000000,0.000000,1.843910,0.000000,0.000000,0.000000,0.0000000,1.877487,0.000000,2.322758,2.293565,0.000000,2.007678,2.283120,2.127983,2.072951,0.000000,0.000000,2.144591,1.829923,0.000000,2.326655,0.000000,0.0000000,0.000000,2.433376,1.916459,1.9594271
0.000000,2.070322,1.9076470,0.000000,0.000000,0.000000,1.854746,2.140178,1.663005,2.216108,0.000000,2.120949,2.226153,2.414790,2.267379,2.343703,1.488643,0.000000,0.000000,1.837686,1.561910,0.000000,1.880395,2.267021,1.935435,2.170419,1.834088,0.000000,0.000000,0.000000,0.000000,0.000000,0.000000,0.000000,1.9851930,0.000000,2.420868,1.916128,1.464171,0.000000,2.149683,1.919606,1.449543,2.137772,2.243254,0.000000,1.829322,1.9106923,1.741473,2.104251,2.096008,2.025810,0.000000,0.000000,2.263637,1.747787,1.706900,2.011704,0.000000,2.148159,1.369620,1.770258,2.017547,1.808875,0.0000000,0.000000,2.438845,0.000000,1.9524567
2.252077,2.362192,1.8789194,1.875582,1.663689,0.000000,2.262957,1.695408,0.000000,0.000000,2.197861,2.001398,1.877017,2.457666,2.260212,2.399947,0.000000,1.406790,0.000000,2.056701,1.721352,0.000000,1.704106,2.162198,2.001737,0.000000,0.000000,0.000000,0.000000,1.683575,0.000000,0.000000,1.949371,0.000000,0.0000000,0.000000,2.334403,2.031838,0.000000,2.604178,2.491285,2.339570,1.741139,1.851795,2.206509,0.000000,1.834676,0.0000000,0.000000,0.000000,0.000000,2.405915,0.000000,0.000000,2.074889,1.957578,0.000000,2.216265,0.000000,2.112047,1.945783,0.000000,2.002636,1.968687,0.0000000,1.553980,2.591624,0.000000,0.0000000
0.000000,2.034605,1.4650847,1.638094,2.145897,0.000000,1.745321,2.113608,1.781576,0.000000,1.960181,2.191783,2.210341,2.428764,2.098908,2.454619,2.068943,2.420851,1.982887,1.962946,2.024263,2.394593,1.976033,2.261075,0.000000,2.269482,1.890325,2.178687,1.738058,0.000000,1.498729,0.000000,1.942664,1.549772,1.9334413,0.000000,2.358557,1.523253,0.000000,1.904076,1.673489,1.898658,1.887681,2.020998,1.538011,0.000000,0.000000,0.0000000,0.000000,1.303748,2.040787,2.170935,0.000000,1.829245,2.178442,2.046682,2.050047,1.814389,0.000000,2.155849,1.752423,0.000000,2.253627,0.000000,0.0000000,0.000000,2.502186,1.998247,0.0000000
0.000000,1.986166,0.0000000,0.000000,0.000000,0.000000,0.000000,2.017592,0.000000,0.000000,2.084408,0.000000,2.143352,2.394433,1.978697,2.399537,2.100188,2.351479,0.000000,0.000000,1.902264,2.056539,1.890538,2.188132,1.897214,2.188757,0.000000,2.122142,2.129144,1.883165,1.691298,1.595630,0.000000,0.000000,1.9384401,0.000000,2.398643,1.927086,0.000000,1.978273,1.546522,1.780827,1.605328,2.041735,2.087703,0.000000,0.000000,1.9029699,0.000000,1.598313,1.897374,1.990624,0.000000,1.704956,2.150770,2.029009,0.000000,1.754934,0.000000,2.109243,0.000000,0.000000,1.993690,1.428745,0.0000000,0.000000,2.558300,1.811048,1.9297392
0.000000,2.576644,0.0000000,2.126487,0.000000,0.000000,2.527623,2.224335,0.000000,0.000000,0.000000,1.915292,2.184161,2.505349,1.861329,2.409807,0.000000,2.322203,0.000000,0.000000,1.706780,0.000000,1.746230,2.240798,0.000000,1.897483,0.000000,0.000000,0.000000,0.000000,0.000000,0.000000,1.738042,0.000000,1.9216947,0.000000,2.392777,0.000000,0.000000,2.469849,2.400977,1.986561,0.000000,0.000000,0.000000,0.000000,0.000000,0.0000000,1.888354,0.000000,0.000000,2.315808,0.000000,1.981884,2.281277,2.133376,0.000000,1.770297,0.000000,2.111101,0.000000,0.000000,2.528171,0.000000,0.0000000,2.049913,2.616136,0.000000,0.0000000
0.000000,2.164073,0.0000000,0.000000,0.000000,0.000000,1.975655,1.700328,1.955139,0.000000,2.086240,2.175311,2.197061,2.437324,2.032597,2.413930,0.000000,2.338534,0.000000,0.000000,2.037077,2.247775,2.048404,2.320778,0.000000,2.142787,0.000000,1.904185,0.000000,1.302258,1.643453,1.216643,0.000000,0.000000,1.9695797,0.000000,2.480791,0.000000,0.000000,2.408531,2.489551,2.085735,0.000000,1.732373,1.758622,0.000000,0.000000,0.0000000,0.000000,0.000000,2.141361,1.964562,0.000000,0.000000,2.258159,2.145417,1.817783,1.644522,0.000000,2.158717,1.418129,1.710035,2.324456,1.804159,0.0000000,0.000000,2.590202,0.000000,1.9901365
0.000000,2.167432,1.9547702,2.030246,0.000000,0.000000,1.884160,0.000000,0.000000,0.000000,2.368232,0.000000,0.000000,2.476130,2.244796,2.403365,0.000000,2.295622,0.000000,0.000000,0.000000,0.000000,2.129149,2.326840,0.000000,1.691563,0.000000,1.952769,0.000000,0.000000,0.000000,2.070559,0.000000,0.000000,0.0000000,0.000000,2.531717,1.904597,0.000000,2.108928,2.034488,0.000000,0.000000,0.000000,0.000000,0.000000,0.000000,0.0000000,1.962417,2.106712,0.000000,1.884097,0.000000,0.000000,1.874662,0.000000,0.000000,0.000000,0.000000,0.000000,0.000000,0.000000,2.183178,1.988032,0.0000000,2.089419,2.292891,0.000000,1.8930195
0.000000,2.308769,0.0000000,2.033275,0.000000,1.367172,2.091575,1.642916,0.000000,2.035494,1.946687,2.124062,2.032843,2.442177,2.139748,2.416531,1.601570,0.000000,0.000000,1.717369,1.997076,2.015393,1.858596,2.239906,1.784960,2.093033,2.058451,0.000000,0.000000,1.778998,0.000000,0.000000,1.490604,1.743691,1.7911595,0.000000,2.418244,0.000000,0.000000,2.364858,2.285234,0.000000,0.000000,0.000000,0.000000,0.000000,0.000000,0.0000000,1.800172,0.000000,0.000000,2.239942,0.000000,0.000000,2.110425,1.962609,1.295229,1.683806,0.000000,2.064161,0.000000,0.000000,2.302476,1.855607,0.0000000,0.000000,2.447430,0.000000,1.7856883
0.000000,2.245680,0.0000000,0.000000,0.000000,0.000000,0.000000,0.000000,0.000000,0.000000,0.000000,1.802971,2.131998,2.499970,2.279216,2.358570,0.000000,2.409348,0.000000,2.058971,1.958294,2.156696,2.069199,2.221380,2.051025,2.245610,1.938060,2.092680,2.159780,0.000000,0.000000,0.000000,2.029590,0.000000,0.0000000,0.000000,2.301600,1.965237,0.000000,2.414316,2.348159,0.000000,0.000000,2.265556,0.000000,0.000000,0.000000,0.0000000,0.000000,0.000000,0.000000,2.267876,0.000000,0.000000,0.000000,0.000000,0.000000,0.000000,0.000000,0.000000,0.000000,0.000000,2.441989,2.067169,0.0000000,2.165766,2.560970,1.709878,0.0000000
0.000000,2.570654,2.0334669,2.199898,0.000000,0.000000,2.289258,0.000000,0.000000,0.000000,2.010923,0.000000,1.552094,2.477377,2.113733,2.354397,0.000000,0.000000,0.000000,0.000000,1.882790,0.000000,1.459021,2.263382,0.000000,0.000000,1.856216,0.000000,0.000000,0.000000,0.000000,0.000000,1.958115,0.000000,0.0000000,0.000000,2.512383,2.298929,0.000000,2.191522,2.537609,0.000000,0.000000,1.748121,1.739526,0.000000,0.000000,0.0000000,1.836124,0.000000,0.000000,1.760459,0.000000,0.000000,1.665646,0.000000,0.000000,1.863735,0.000000,2.108091,0.000000,0.000000,2.416884,1.824316,0.0000000,0.000000,2.394405,0.000000,0.0000000
2.489762,2.462472,1.9248508,2.216955,2.081012,0.000000,2.499452,2.207077,2.014620,0.000000,2.032445,1.841374,1.881241,2.449243,2.314737,2.347262,0.000000,2.369143,1.912980,2.057931,1.791722,2.269649,2.119218,2.243018,1.995934,1.839941,1.485551,1.756015,0.000000,0.000000,0.000000,0.000000,0.000000,0.000000,1.7836470,0.000000,2.415580,1.975811,0.000000,2.574438,2.563383,0.000000,0.000000,1.702372,0.000000,0.000000,1.802138,0.0000000,1.840908,0.000000,0.000000,2.050381,0.000000,0.000000,1.993376,0.000000,0.000000,1.889498,0.000000,2.221408,1.816837,0.000000,2.540521,2.086026,0.0000000,2.021849,2.547879,0.000000,0.0000000
0.000000,2.388168,0.0000000,1.696264,0.000000,0.000000,0.000000,2.022545,1.646550,0.000000,1.924562,1.782466,2.023690,2.476465,2.257484,2.330699,0.000000,2.449020,2.037676,2.080587,2.025143,2.357845,2.124995,2.160742,0.000000,0.000000,1.844203,2.104181,0.000000,0.000000,2.003445,0.000000,1.678398,0.000000,0.0000000,0.000000,2.379267,0.000000,0.000000,2.311156,2.275768,0.000000,0.000000,1.919580,0.000000,0.000000,0.000000,0.0000000,1.788347,2.456864,1.899144,2.049513,0.000000,0.000000,2.209542,0.000000,0.000000,0.000000,0.000000,2.118728,0.000000,0.000000,2.343587,2.143997,0.0000000,2.214594,2.633655,0.000000,0.0000000
0.000000,0.000000,1.7725987,0.000000,0.000000,0.000000,0.000000,2.182078,1.787597,0.000000,1.250346,1.871310,1.939414,2.483435,2.153638,2.390876,0.000000,2.303382,0.000000,1.815770,1.994864,2.289533,2.215369,2.236534,0.000000,2.073548,0.000000,1.664527,0.000000,0.000000,1.993227,0.000000,1.972161,0.000000,1.8260517,0.000000,2.405676,1.708150,0.000000,1.846202,0.000000,0.000000,0.000000,2.140255,2.137119,0.000000,0.000000,1.8981231,1.916499,0.000000,0.000000,1.960351,0.000000,0.000000,2.195390,0.000000,1.630567,2.007368,0.000000,1.939163,0.000000,0.000000,1.943887,2.055773,0.0000000,0.000000,2.008093,0.000000,0.0000000
0.000000,1.918260,1.6530779,0.000000,0.000000,0.000000,0.000000,1.867858,2.086766,0.000000,0.000000,0.000000,2.190707,2.463645,2.134152,2.406938,0.000000,2.302214,1.935701,1.737326,1.954958,2.159949,1.842049,2.228202,1.777876,2.012805,1.983191,2.080712,0.000000,0.000000,0.000000,0.000000,0.000000,0.000000,1.6999953,0.000000,2.393294,0.000000,0.000000,0.000000,1.930125,0.000000,0.000000,2.180708,0.000000,2.052400,1.566689,0.0000000,0.000000,1.879603,0.000000,1.932755,0.000000,0.000000,2.066525,0.000000,0.000000,0.000000,0.000000,2.108249,0.000000,0.000000,1.891088,1.869697,0.0000000,0.000000,2.422665,1.830384,1.4560011
0.000000,1.920907,1.8320378,1.553371,0.000000,0.000000,0.000000,0.000000,1.839558,0.000000,0.000000,1.205068,1.824485,2.466462,2.219978,2.339727,0.000000,0.000000,1.987824,0.000000,0.000000,1.761279,1.276057,2.216862,0.000000,2.078622,0.000000,0.000000,0.000000,0.000000,1.513074,0.000000,2.050186,0.000000,0.0000000,0.000000,2.192760,1.994949,0.000000,0.000000,0.000000,0.000000,0.000000,2.249728,0.000000,0.000000,0.000000,1.7179258,1.616684,2.193363,0.000000,1.862149,1.823950,1.954556,2.001456,0.000000,1.793208,1.648091,0.000000,2.121783,0.000000,0.000000,0.000000,2.132450,0.0000000,1.467145,2.441960,0.000000,1.4570419
2.046617,0.000000,1.7450121,0.000000,0.000000,0.000000,1.675061,0.000000,2.095215,2.046655,0.000000,0.000000,2.150034,2.448769,2.158663,2.379931,0.000000,2.252941,1.536953,1.859046,2.076386,2.103708,1.977154,2.207655,1.902438,2.068070,1.866321,1.958323,0.000000,0.000000,0.000000,0.000000,0.000000,0.000000,1.7650427,0.000000,2.462840,1.992474,0.000000,1.785395,0.000000,0.000000,0.000000,2.153836,0.000000,0.000000,1.976650,0.0000000,0.000000,1.778580,2.202796,2.123425,0.000000,1.802607,2.239894,1.871347,1.544392,1.772355,0.000000,2.228440,0.000000,0.000000,2.239473,2.094752,0.0000000,1.483610,2.404287,0.000000,0.0000000
2.143541,1.919270,2.0325968,1.784724,0.000000,0.000000,2.130639,2.014931,1.930149,1.893597,1.725410,0.000000,1.952792,2.467294,2.237214,2.365680,0.000000,2.288863,0.000000,1.882842,1.844788,1.871858,1.755396,2.276676,1.699223,1.958835,0.000000,2.042274,1.904229,0.000000,1.826122,0.000000,0.000000,0.000000,1.9155036,0.000000,2.484788,0.000000,1.851210,2.175443,2.142873,0.000000,0.000000,2.220640,1.651527,0.000000,2.000790,0.0000000,1.819002,2.160718,0.000000,2.022187,0.000000,0.000000,2.082540,0.000000,1.879205,1.777715,1.616438,2.143252,1.824725,0.000000,1.986470,2.031895,0.0000000,0.000000,2.479085,1.906455,1.3187922
0.000000,2.220718,2.0039521,1.771194,0.000000,0.000000,1.965657,2.163353,1.729121,2.037463,0.000000,2.025134,2.159270,2.457814,2.184957,2.408433,0.000000,2.312163,1.919235,1.962253,1.969682,2.148976,2.044527,2.238302,2.006887,2.165266,1.750034,2.102051,0.000000,0.000000,0.000000,0.000000,1.947728,0.000000,1.9945403,1.837743,2.463673,1.722974,0.000000,2.167663,1.553014,0.000000,0.000000,2.196078,0.000000,0.000000,0.000000,0.0000000,0.000000,1.831057,0.000000,2.067903,2.052136,1.727129,2.074849,2.027544,1.902915,2.005672,0.000000,2.067324,0.000000,1.584023,2.051516,2.123938,0.0000000,1.932503,2.549126,0.000000,1.9194882
0.000000,2.304529,1.8526019,1.564936,0.000000,0.000000,1.705499,0.000000,1.957993,0.000000,0.000000,0.000000,1.610285,2.498079,2.200438,2.408803,0.000000,2.315009,2.069576,1.839893,2.078537,2.232190,2.032538,2.236098,2.017245,2.197938,2.061783,2.071764,0.000000,1.947263,1.766602,0.000000,0.000000,0.000000,1.6942014,0.000000,2.487420,2.234356,0.000000,2.363825,2.270293,1.773494,0.000000,2.189825,0.000000,1.818063,0.000000,0.0000000,1.912382,2.002792,0.000000,1.691519,0.000000,0.000000,2.233314,0.000000,0.000000,1.484210,0.000000,2.104275,0.000000,0.000000,2.029936,2.098360,0.0000000,0.000000,2.532752,0.000000,0.0000000
0.000000,2.399761,0.0000000,2.115399,2.098930,0.000000,1.930298,1.884572,0.000000,2.185944,1.900587,0.000000,2.194848,2.421575,2.252355,2.442018,0.000000,2.347868,1.851751,0.000000,1.998673,2.195671,1.970189,2.229575,0.000000,2.051444,0.000000,2.187108,0.000000,0.000000,0.000000,0.000000,1.897068,2.052427,0.0000000,0.000000,2.417193,2.027891,0.000000,2.257415,2.137980,0.000000,0.000000,2.193348,0.000000,0.000000,0.000000,0.0000000,0.000000,2.124243,0.000000,1.661361,0.000000,1.611592,2.412811,0.000000,1.834874,2.147454,0.000000,2.041091,0.000000,1.700868,1.748152,2.317716,0.0000000,2.062117,2.670653,1.869876,0.0000000
1.895091,1.957816,0.0000000,0.000000,0.000000,0.000000,0.000000,1.682157,1.961321,0.000000,1.782514,2.180850,2.195409,2.428549,2.194024,2.439221,0.000000,2.345904,1.705600,1.557743,2.032022,2.202569,2.023026,2.283411,1.518484,2.003383,2.039801,2.187445,0.000000,1.841287,0.000000,0.000000,0.000000,1.541856,1.4547796,0.000000,2.326764,1.847729,0.000000,0.000000,0.000000,0.000000,0.000000,1.601378,0.000000,0.000000,0.000000,0.0000000,1.676955,1.891409,0.000000,1.963439,0.000000,0.000000,2.258864,0.000000,1.886257,1.560451,0.000000,2.146279,1.437376,0.000000,1.657232,2.065000,0.0000000,0.000000,2.572461,1.932641,1.8503348
0.000000,2.062056,2.0485420,0.000000,0.000000,0.000000,0.000000,1.800363,1.955602,2.100271,2.057620,2.148194,2.064685,2.470573,2.202275,2.354800,0.000000,2.443165,1.839438,2.022121,1.707019,2.266047,2.189766,2.210718,1.893804,2.097247,1.750288,2.184679,0.000000,0.000000,1.695193,0.000000,1.918238,0.000000,1.6660604,0.000000,2.381945,0.000000,0.000000,0.000000,0.000000,0.000000,0.000000,2.003948,2.135776,0.000000,1.489299,1.6772208,0.000000,1.887116,2.043835,1.821870,0.000000,0.000000,2.301962,0.000000,1.870112,1.974160,0.000000,2.087303,1.523555,0.000000,2.121184,2.106298,0.0000000,0.000000,2.554234,0.000000,0.0000000
2.067496,1.956675,0.0000000,0.000000,0.000000,0.000000,0.000000,1.945655,0.000000,2.185841,0.000000,2.036542,2.212261,2.410780,2.188279,2.470760,1.925768,2.337708,0.000000,1.752952,2.049331,2.237476,2.060915,2.291318,0.000000,2.192269,1.950939,2.132221,0.000000,1.552606,0.000000,0.000000,2.058996,0.000000,0.0000000,2.218719,2.399441,2.047655,0.000000,0.000000,0.000000,0.000000,0.000000,0.000000,0.000000,0.000000,0.000000,0.0000000,0.000000,1.902612,2.338160,1.980451,0.000000,1.996070,2.258097,2.122435,0.000000,0.000000,0.000000,2.147179,0.000000,2.055909,0.000000,2.106779,0.0000000,0.000000,2.526242,2.052895,0.0000000
0.000000,1.709761,1.8136312,0.000000,0.000000,0.000000,0.000000,1.900521,1.773188,0.000000,0.000000,2.106211,2.186178,2.459565,2.138102,2.415660,1.940365,2.340601,1.968988,2.001804,1.779830,2.261496,2.098983,2.219545,1.902269,2.195729,2.007191,2.112180,0.000000,0.000000,1.727425,0.000000,1.980081,0.000000,1.8871389,0.000000,2.426839,2.002452,0.000000,0.000000,2.018211,0.000000,0.000000,2.192849,0.000000,0.000000,0.000000,0.0000000,0.000000,1.736624,0.000000,1.615381,0.000000,0.000000,2.283949,0.000000,0.000000,0.000000,0.000000,2.267615,0.000000,0.000000,2.101516,2.040890,0.0000000,0.000000,2.561307,1.745414,0.0000000
0.000000,2.241871,1.7087805,1.781045,1.587815,0.000000,1.699954,0.000000,1.895007,0.000000,1.810144,2.183619,2.209583,2.431051,2.156859,2.418677,1.891971,2.295525,1.881177,1.847691,1.921523,2.083395,2.044477,2.257057,1.716847,2.131117,0.000000,2.117540,0.000000,1.799312,0.000000,0.000000,2.053980,1.901794,1.9093440,0.000000,2.426729,2.015103,0.000000,0.000000,0.000000,1.805745,0.000000,2.190688,0.000000,0.000000,0.000000,0.0000000,1.856990,1.859770,0.000000,1.690348,0.000000,1.915729,2.284710,0.000000,1.580929,0.000000,0.000000,2.236196,0.000000,0.000000,1.941675,2.001027,0.0000000,1.702536,2.576623,1.755598,1.8185472
2.176748,1.751700,2.1549706,0.000000,0.000000,0.000000,0.000000,1.848097,2.104714,0.000000,1.818464,2.124246,2.099464,2.480297,2.099108,2.397431,1.914160,2.288066,1.695429,1.885867,1.888026,2.130836,2.087051,2.214134,1.783195,2.143354,1.696605,1.993951,0.000000,0.000000,0.000000,0.000000,2.083544,0.000000,1.7054592,0.000000,2.368778,2.117998,0.000000,1.750571,0.000000,0.000000,0.000000,1.899083,2.132744,0.000000,0.000000,0.0000000,0.000000,1.868735,0.000000,0.000000,0.000000,1.839022,2.255526,1.818147,1.757957,2.056646,0.000000,1.945563,0.000000,0.000000,1.960770,1.985901,1.6391069,0.000000,2.566274,1.699641,0.0000000
1.792718,1.806658,1.7539464,1.508614,0.000000,0.000000,1.921377,0.000000,2.154844,0.000000,0.000000,2.049000,2.155660,2.456968,2.203446,2.393346,0.000000,2.332755,2.101953,1.949485,2.110660,2.392863,2.031612,2.245864,1.994992,2.181182,2.088694,1.929836,0.000000,1.997179,1.725039,0.000000,0.000000,0.000000,1.7485752,0.000000,2.296332,0.000000,0.000000,0.000000,0.000000,0.000000,0.000000,2.136853,0.000000,0.000000,1.571568,0.0000000,1.760026,1.714875,0.000000,2.113909,0.000000,0.000000,2.124184,0.000000,1.798629,1.951651,0.000000,2.225689,0.000000,0.000000,1.781769,2.008962,0.0000000,0.000000,2.560466,1.975691,2.1399749
0.000000,1.981293,0.0000000,0.000000,0.000000,0.000000,0.000000,0.000000,0.000000,0.000000,0.000000,2.100689,2.097968,2.426620,1.878555,2.412955,0.000000,2.242172,0.000000,1.899328,1.772162,0.000000,1.767149,2.179440,0.000000,2.044721,0.000000,0.000000,1.716361,0.000000,0.000000,0.000000,0.000000,0.000000,1.9727008,0.000000,2.341418,1.845034,0.000000,1.992340,0.000000,0.000000,0.000000,1.932983,0.000000,0.000000,0.000000,0.0000000,0.000000,0.000000,2.174879,0.000000,0.000000,0.000000,2.392083,1.733313,0.000000,0.000000,0.000000,2.206424,0.000000,0.000000,1.932188,1.670499,0.0000000,0.000000,2.580587,0.000000,0.0000000
0.000000,1.959608,0.0000000,0.000000,0.000000,0.000000,0.000000,0.000000,1.922447,0.000000,0.000000,0.000000,2.234599,2.433035,2.185059,2.385612,0.000000,2.311867,1.641596,1.830043,1.892934,2.134243,2.003029,2.222819,0.000000,2.189392,2.012397,2.027993,0.000000,0.000000,0.000000,1.638801,1.849477,1.742153,0.0000000,0.000000,2.276309,2.073826,1.674938,0.000000,0.000000,0.000000,0.000000,2.215638,0.000000,0.000000,0.000000,0.0000000,0.000000,1.851889,2.213354,1.904032,0.000000,1.954572,2.127840,1.669464,1.781105,0.000000,0.000000,1.863955,0.000000,0.000000,1.724667,1.983097,0.0000000,0.000000,2.495975,0.000000,0.0000000
0.000000,1.785595,0.0000000,0.000000,0.000000,0.000000,0.000000,0.000000,1.803747,0.000000,1.610066,2.066631,2.079251,2.475024,2.218055,2.378404,0.000000,2.300458,0.000000,1.897860,0.000000,2.014264,1.944371,2.130716,0.000000,2.052793,0.000000,0.000000,1.715234,0.000000,1.879425,0.000000,1.890533,0.000000,1.9160248,0.000000,2.393407,1.803551,0.000000,0.000000,0.000000,0.000000,0.000000,2.102058,0.000000,0.000000,0.000000,0.0000000,0.000000,0.000000,0.000000,1.517178,2.068665,0.000000,2.286674,1.665853,1.943721,1.624358,0.000000,1.975744,0.000000,0.000000,2.083255,1.888963,0.0000000,0.000000,2.420651,1.723386,0.0000000
0.000000,1.901844,1.7836945,0.000000,0.000000,0.000000,0.000000,1.646638,2.019448,2.176587,1.859894,2.073259,2.219547,2.401806,2.144691,2.426097,1.965049,2.242753,1.506838,1.732120,1.942030,2.030528,1.980899,2.191461,1.707000,2.121658,1.900177,2.056833,0.000000,0.000000,0.000000,0.000000,2.165007,0.000000,1.8591011,0.000000,2.341601,2.093224,0.000000,0.000000,1.945567,1.575194,1.542236,2.119930,2.038732,0.000000,0.000000,1.5891424,0.000000,1.908244,2.143624,1.726325,0.000000,0.000000,2.199039,0.000000,1.924280,1.778161,0.000000,1.960795,0.000000,1.558535,1.815855,1.961976,0.0000000,0.000000,2.408045,1.698866,1.8329786
0.000000,1.938834,1.7926515,0.000000,2.002298,0.000000,0.000000,1.869608,0.000000,0.000000,0.000000,1.985002,2.142770,2.443132,2.260922,2.385994,1.651073,2.402733,1.841019,0.000000,2.045216,2.214325,2.050329,2.205404,1.883804,2.056058,0.000000,2.215920,0.000000,0.000000,1.818166,0.000000,1.965388,1.787412,0.0000000,0.000000,2.371195,2.028129,0.000000,1.826885,0.000000,0.000000,0.000000,2.187498,0.000000,0.000000,0.000000,0.0000000,1.702167,1.714363,1.858554,0.000000,0.000000,0.000000,2.211089,0.000000,1.739333,1.977787,0.000000,2.084674,0.000000,1.635331,2.064461,2.020636,0.0000000,0.000000,2.530785,0.000000,0.0000000
0.000000,2.002965,0.0000000,0.000000,0.000000,0.000000,0.000000,0.000000,0.000000,2.202832,0.000000,0.000000,2.125762,2.463270,2.185339,2.383597,0.000000,2.363272,1.987124,0.000000,0.000000,2.299529,2.053132,2.161776,0.000000,0.000000,0.000000,2.178326,0.000000,0.000000,0.000000,0.000000,0.000000,2.024884,0.0000000,2.156603,2.457879,2.283909,0.000000,2.223260,2.486817,0.000000,0.000000,1.982359,0.000000,0.000000,0.000000,0.0000000,0.000000,2.407784,0.000000,0.000000,0.000000,0.000000,2.234977,0.000000,0.000000,0.000000,0.000000,2.095760,0.000000,0.000000,2.272719,1.966194,0.0000000,0.000000,2.576539,0.000000,0.0000000
0.000000,1.722561,0.0000000,0.000000,0.000000,0.000000,0.000000,1.678254,1.540548,0.000000,1.771866,1.984072,2.193417,2.457714,2.162186,2.402672,2.042518,2.395299,1.954490,0.000000,2.108910,2.392463,2.102712,2.293700,0.000000,2.206522,2.084511,2.103411,0.000000,0.000000,1.646433,0.000000,0.000000,0.000000,1.7319683,0.000000,2.391530,1.776834,0.000000,0.000000,0.000000,0.000000,0.000000,1.769670,0.000000,0.000000,0.000000,0.0000000,0.000000,0.000000,0.000000,2.211709,0.000000,1.799504,2.309971,0.000000,1.771530,1.892499,0.000000,2.227287,0.000000,0.000000,2.205920,1.919143,0.0000000,0.000000,2.546412,0.000000,2.1109309
0.000000,1.914023,1.7615978,0.000000,0.000000,0.000000,1.315306,1.717220,1.885323,2.166766,0.000000,2.110344,2.192917,2.420028,2.098131,2.434049,2.046434,2.260670,1.439474,1.753260,1.898195,2.065437,1.987231,2.103469,1.778506,2.160817,1.719768,2.059445,0.000000,0.000000,1.642557,0.000000,2.030936,0.000000,1.8725533,0.000000,2.417426,2.038464,0.000000,0.000000,2.123417,1.751833,0.000000,2.188574,2.109247,0.000000,1.597134,1.8275662,0.000000,2.169233,2.144722,1.994802,2.177398,1.700847,2.241656,0.000000,1.788151,1.988348,0.000000,2.018585,0.000000,0.000000,1.958349,1.892655,0.0000000,0.000000,2.421674,1.838074,1.8037159
0.000000,1.762425,0.0000000,0.000000,0.000000,0.000000,0.000000,2.030593,0.000000,0.000000,0.000000,1.990917,2.023120,2.464293,2.083021,2.382668,2.066323,2.333660,0.000000,1.920799,0.000000,2.126038,1.830162,2.174767,1.938740,2.206787,0.000000,0.000000,0.000000,0.000000,1.664892,0.000000,0.000000,0.000000,1.9527420,0.000000,2.455100,1.970880,0.000000,2.175409,2.088828,1.811927,0.000000,0.000000,2.216351,0.000000,0.000000,1.9543043,0.000000,0.000000,2.166476,2.312489,0.000000,0.000000,2.326005,0.000000,1.777542,2.046748,0.000000,2.063859,0.000000,0.000000,2.068964,1.932263,0.0000000,1.809481,2.577727,0.000000,1.7104438
0.000000,1.817746,0.0000000,0.000000,0.000000,0.000000,0.000000,1.898205,2.080596,0.000000,2.119248,2.140759,2.183639,2.436923,2.177978,2.406501,0.000000,2.250379,1.673538,2.043558,0.000000,2.120743,2.091946,2.252001,1.811469,2.147032,1.918326,2.073760,1.564936,1.613605,1.638954,0.000000,0.000000,0.000000,1.9745202,0.000000,2.483400,2.128084,0.000000,2.512705,2.323219,0.000000,0.000000,2.187365,0.000000,1.807977,0.000000,0.0000000,0.000000,2.166426,2.040846,1.883206,2.160698,1.770792,2.381096,1.606786,0.000000,1.650988,0.000000,2.261389,0.000000,0.000000,1.998319,2.100512,0.0000000,1.617733,2.614924,0.000000,1.6621321
1.886493,1.993063,1.7504072,0.000000,0.000000,0.000000,0.000000,0.000000,1.812850,0.000000,0.000000,0.000000,2.145668,2.476569,2.231004,2.380892,1.365247,2.464223,2.087502,1.575598,1.693508,2.345496,2.281662,2.127869,0.000000,2.228205,1.948504,2.171316,0.000000,0.000000,2.024073,0.000000,2.075419,0.000000,0.0000000,0.000000,0.000000,1.858373,0.000000,0.000000,0.000000,0.000000,0.000000,1.816874,0.000000,0.000000,1.703619,0.0000000,0.000000,1.639657,0.000000,1.736722,0.000000,0.000000,1.940823,1.801300,0.000000,0.000000,0.000000,0.000000,0.000000,0.000000,0.000000,2.068360,0.0000000,0.000000,2.389451,0.000000,0.0000000
0.000000,0.000000,0.0000000,0.000000,0.000000,0.000000,0.000000,1.750556,1.916535,0.000000,1.970111,1.852522,0.000000,2.467471,2.246096,2.358738,0.000000,2.092462,0.000000,1.987264,0.000000,1.960779,1.951644,2.208734,1.906029,1.941573,2.016841,0.000000,0.000000,0.000000,0.000000,0.000000,1.950810,0.000000,1.9807101,0.000000,2.467534,1.825018,0.000000,0.000000,0.000000,0.000000,0.000000,1.947428,0.000000,0.000000,1.762233,0.0000000,1.866045,2.047722,0.000000,2.382260,2.064375,0.000000,2.159524,0.000000,1.557196,1.719749,0.000000,2.260252,1.706840,1.649933,2.047037,2.122528,0.0000000,0.000000,2.509620,1.834982,0.0000000
0.000000,1.853944,1.8403698,0.000000,0.000000,0.000000,0.000000,1.952625,1.929695,0.000000,0.000000,2.215232,0.000000,2.486253,2.263918,2.423696,0.000000,1.859495,0.000000,1.835886,0.000000,0.000000,1.693985,2.271106,1.648265,1.782597,2.050814,0.000000,0.000000,0.000000,1.544231,0.000000,0.000000,0.000000,2.0309381,0.000000,2.493617,1.929231,0.000000,0.000000,0.000000,0.000000,0.000000,0.000000,0.000000,0.000000,1.807384,0.0000000,1.661335,1.846019,0.000000,1.844311,0.000000,1.336362,2.394748,0.000000,1.826973,0.000000,0.000000,2.286916,1.847111,1.503166,1.839070,2.192699,1.6696665,0.000000,2.411039,1.800658,1.6353002
1.882581,2.097538,1.8583595,0.000000,0.000000,0.000000,0.000000,1.951577,1.840179,0.000000,0.000000,2.205323,2.103380,2.456919,2.199122,2.377506,0.000000,2.310396,1.883908,1.950069,1.776297,2.082408,2.020619,2.196773,1.902940,2.071919,1.772393,2.052136,0.000000,0.000000,1.837937,0.000000,0.000000,0.000000,1.8759544,0.000000,2.447348,1.967056,0.000000,0.000000,0.000000,0.000000,0.000000,2.199305,0.000000,0.000000,1.867000,0.0000000,0.000000,2.029613,2.204869,1.990651,0.000000,0.000000,2.307604,0.000000,0.000000,1.582912,0.000000,2.245417,1.625526,0.000000,2.069568,2.038654,0.0000000,0.000000,2.242335,0.000000,1.6117365
0.000000,2.065969,0.0000000,1.787632,1.888781,0.000000,0.000000,1.905529,0.000000,0.000000,0.000000,0.000000,2.161768,2.444607,2.192681,2.446204,0.000000,2.351168,2.224486,0.000000,1.863581,1.984357,2.395579,2.246652,1.845294,2.113906,1.699348,2.190150,0.000000,0.000000,2.185974,0.000000,0.000000,0.000000,1.9161189,0.000000,2.366733,1.857243,1.966398,0.000000,0.000000,2.059744,1.605479,2.218612,2.123459,1.518670,2.094998,0.0000000,2.128755,2.152790,0.000000,2.096070,1.711433,0.000000,2.139150,2.159199,0.000000,1.967089,0.000000,2.184992,0.000000,1.898159,1.903193,2.055297,1.9317049,0.000000,2.487790,1.649216,1.7621363
0.000000,1.865110,1.8247074,0.000000,0.000000,0.000000,0.000000,2.050861,1.954466,0.000000,0.000000,2.150570,1.991945,2.502069,2.189948,2.395676,0.000000,2.421868,1.992783,1.857278,0.000000,2.302919,2.208753,2.244604,1.880377,1.983757,0.000000,2.160239,0.000000,0.000000,2.170702,0.000000,0.000000,0.000000,2.0703698,0.000000,2.494783,1.474853,0.000000,1.952564,2.245699,0.000000,0.000000,2.096331,0.000000,2.028510,0.000000,0.0000000,0.000000,2.031104,0.000000,1.971446,2.033655,0.000000,2.049267,2.108860,0.000000,1.835402,0.000000,2.256338,0.000000,0.000000,1.926365,2.075004,0.0000000,0.000000,2.462724,1.645906,0.0000000
2.524713,2.562913,2.2170527,2.309970,1.938015,0.000000,2.530985,1.949554,0.000000,0.000000,2.201848,0.000000,2.176665,2.469956,2.197979,2.410589,0.000000,2.169259,0.000000,0.000000,0.000000,1.599678,0.000000,2.085296,0.000000,1.817596,0.000000,0.000000,1.703964,0.000000,1.816262,0.000000,2.186491,0.000000,1.8579906,0.000000,2.539634,1.997646,0.000000,2.329890,2.161954,0.000000,0.000000,1.937334,2.280688,0.000000,2.213987,1.7964289,1.762329,2.144567,0.000000,2.348861,0.000000,2.067882,2.013511,2.245217,0.000000,1.709174,1.888554,2.243194,1.843910,1.876167,2.503530,1.942679,0.0000000,2.162884,2.544360,2.124308,2.2033860
0.000000,0.000000,0.0000000,0.000000,0.000000,0.000000,0.000000,0.000000,1.648871,0.000000,0.000000,1.898061,2.130116,2.476435,2.193344,2.415786,0.000000,2.349141,0.000000,0.000000,2.002050,0.000000,1.881141,2.212780,0.000000,0.000000,0.000000,0.000000,0.000000,1.693399,1.794811,0.000000,0.000000,0.000000,0.0000000,0.000000,2.472551,0.000000,0.000000,0.000000,2.067247,0.000000,0.000000,2.137541,0.000000,0.000000,0.000000,0.0000000,0.000000,0.000000,2.340075,2.056953,2.072304,0.000000,2.160854,2.115640,0.000000,0.000000,0.000000,2.257407,0.000000,0.000000,0.000000,2.085976,0.0000000,0.000000,2.508818,1.953454,1.9756246
0.000000,2.396703,2.1319411,2.217943,1.818166,0.000000,2.268372,1.882998,1.938692,2.147782,2.664540,0.000000,2.159921,2.442076,2.140240,2.482602,1.925402,2.295660,0.000000,0.000000,0.000000,1.796679,1.922037,2.341016,1.722417,2.136536,0.000000,1.903064,0.000000,2.123883,0.000000,1.939510,1.900040,2.105015,1.8289005,0.000000,2.534173,0.000000,2.211109,2.353169,2.135771,0.000000,0.000000,2.177167,1.968472,0.000000,2.070752,2.1404661,0.000000,0.000000,2.349232,2.109852,0.000000,0.000000,2.315510,2.227722,2.323689,1.888731,0.000000,2.089358,2.130237,0.000000,2.502334,0.000000,0.0000000,2.099172,2.509783,2.201285,0.0000000
2.055228,2.032531,1.7578148,1.996335,0.000000,0.000000,0.000000,0.000000,0.000000,0.000000,1.724915,0.000000,2.219190,2.443710,2.211510,2.409686,0.000000,2.351143,1.581751,0.000000,0.000000,2.142739,2.062527,2.250550,0.000000,2.182952,1.867598,2.161356,0.000000,1.868806,1.779866,0.000000,0.000000,0.000000,1.9088235,0.000000,2.517803,2.093956,0.000000,1.635018,1.988641,0.000000,0.000000,2.216537,0.000000,1.752658,0.000000,0.0000000,0.000000,2.162250,2.146251,2.126485,0.000000,0.000000,2.120655,1.879437,0.000000,1.865447,0.000000,2.334270,0.000000,0.000000,2.041596,2.080354,0.0000000,0.000000,2.338313,1.594512,1.7306793
0.000000,1.917256,1.8432664,1.677124,0.000000,0.000000,0.000000,1.912852,2.077599,0.000000,2.075369,2.140631,2.115763,2.450745,2.203811,2.356906,0.000000,2.373173,1.969143,1.970300,1.582268,2.214170,2.046239,2.196423,1.911568,2.197335,1.963961,2.095435,0.000000,0.000000,0.000000,0.000000,0.000000,0.000000,1.9021538,0.000000,2.478702,2.030978,0.000000,2.061322,1.745260,1.729499,1.561231,2.164786,1.538676,0.000000,1.458678,0.0000000,0.000000,2.103040,1.936608,2.120403,0.000000,1.553116,2.193192,0.000000,0.000000,1.727964,0.000000,2.280706,0.000000,0.000000,2.133955,2.079919,1.6530498,0.000000,2.559112,0.000000,1.3443164
2.159276,2.143840,1.8269904,1.681618,0.000000,0.000000,1.827862,1.887346,0.000000,0.000000,2.016234,2.208004,2.277800,2.438885,2.165509,2.431049,0.000000,2.297330,1.851517,1.627278,1.838694,2.015801,1.998265,2.238222,0.000000,2.123277,1.541911,2.145613,0.000000,0.000000,0.000000,0.000000,0.000000,1.873971,1.7342643,0.000000,2.448107,1.981426,0.000000,2.219526,1.949471,0.000000,1.660694,2.216875,0.000000,1.349454,0.000000,0.0000000,0.000000,2.120511,2.159907,2.165150,0.000000,1.959497,2.212770,1.830214,0.000000,1.830435,0.000000,2.251874,0.000000,1.766922,2.267160,2.047098,1.6428863,1.962789,2.351374,0.000000,1.8259373
0.000000,1.744345,1.7131255,0.000000,0.000000,0.000000,0.000000,1.987912,1.772278,0.000000,0.000000,2.232835,2.167127,2.473417,2.263136,2.365606,0.000000,2.347794,2.037849,2.051745,2.008815,2.278201,2.076971,2.215481,1.970181,2.089396,1.866667,2.091784,0.000000,0.000000,1.895202,0.000000,0.000000,0.000000,1.9060243,0.000000,2.525627,1.781009,0.000000,1.570833,0.000000,0.000000,1.693334,0.000000,0.000000,0.000000,0.000000,0.0000000,1.845195,1.827688,2.256051,1.989267,0.000000,0.000000,2.081973,0.000000,1.699265,1.601416,0.000000,2.231853,1.796798,1.766735,2.248766,1.993159,1.6384018,0.000000,2.569141,1.721551,0.0000000
0.000000,2.295668,2.0117950,2.067822,1.822368,0.000000,2.234808,2.041830,1.954678,0.000000,2.360509,2.021568,2.182200,2.415056,2.141298,2.410010,1.941154,2.231956,0.000000,0.000000,0.000000,2.035905,1.852319,2.165216,1.616438,2.101429,0.000000,1.999498,1.759831,2.009991,0.000000,1.804108,0.000000,0.000000,1.8025133,0.000000,2.446654,2.038059,1.881615,2.249082,2.018878,0.000000,0.000000,2.103167,1.996171,0.000000,0.000000,0.0000000,1.596661,1.692462,2.205803,2.169869,0.000000,2.028296,2.203602,2.167670,1.700079,1.847277,0.000000,2.092001,2.039629,0.000000,2.129102,1.944872,0.0000000,1.929655,2.307011,2.047481,0.0000000
0.000000,1.811273,1.8923000,2.008766,2.001367,0.000000,0.000000,1.745275,2.061421,0.000000,0.000000,2.169667,2.171466,2.439995,2.228501,2.415231,1.735325,2.281439,0.000000,1.807244,0.000000,2.059625,1.856308,2.198106,0.000000,2.195598,1.966485,2.099143,0.000000,0.000000,1.845133,0.000000,0.000000,1.984974,1.7824417,1.935088,2.467360,2.009053,1.688497,1.993664,1.841987,0.000000,0.000000,2.225918,0.000000,0.000000,1.483460,0.0000000,0.000000,1.717666,2.147981,2.005321,0.000000,1.705077,2.145523,2.103446,1.975836,0.000000,0.000000,2.196842,0.000000,1.957213,2.039652,1.991998,0.0000000,0.000000,2.152654,1.848434,1.8105868
2.202725,2.219696,0.0000000,1.981235,2.190539,0.000000,0.000000,0.000000,2.118601,0.000000,2.055592,2.084245,2.229001,2.419178,2.268720,2.476486,0.000000,2.276047,0.000000,1.909462,0.000000,2.063015,2.009765,2.168576,1.843755,2.070198,2.012883,2.035856,0.000000,0.000000,1.725991,0.000000,0.000000,0.000000,1.8049801,0.000000,2.534073,2.152306,0.000000,2.137750,1.937030,1.805338,0.000000,2.201067,0.000000,0.000000,0.000000,0.0000000,0.000000,2.064897,2.259053,2.185883,0.000000,1.919776,2.106646,2.052321,1.938905,0.000000,0.000000,2.214417,0.000000,0.000000,2.277077,1.887223,0.0000000,0.000000,2.500628,1.714799,0.0000000
0.000000,2.360187,0.0000000,0.000000,1.545034,0.000000,2.280498,0.000000,2.127244,0.000000,0.000000,0.000000,2.296224,2.438664,2.186139,2.487927,1.825496,2.270873,0.000000,0.000000,0.000000,2.053348,1.968472,2.238247,0.000000,2.084039,1.727216,2.082581,0.000000,0.000000,0.000000,1.875258,0.000000,0.000000,0.0000000,0.000000,2.350655,2.100249,0.000000,2.031440,1.785583,0.000000,0.000000,2.193304,0.000000,0.000000,0.000000,0.0000000,0.000000,1.974941,0.000000,1.736951,0.000000,2.040488,2.100166,0.000000,0.000000,0.000000,0.000000,1.976774,0.000000,0.000000,2.118920,2.008182,0.0000000,2.194381,2.526482,2.064719,1.7888402
0.000000,2.009687,0.0000000,0.000000,0.000000,0.000000,0.000000,0.000000,2.062978,0.000000,0.000000,1.984243,2.083742,2.478079,2.229896,2.378902,1.915607,2.371194,0.000000,1.974787,1.825240,2.168870,1.951627,2.160734,1.890194,2.161378,2.103804,2.062063,0.000000,0.000000,1.944829,0.000000,1.808177,0.000000,1.9175535,0.000000,2.453547,1.947875,0.000000,0.000000,2.028973,1.727059,1.501063,2.163992,0.000000,0.000000,0.000000,0.0000000,0.000000,1.868986,0.000000,2.164755,2.073754,0.000000,1.981561,0.000000,0.000000,1.777045,0.000000,2.181396,0.000000,0.000000,2.146646,2.001847,0.0000000,0.000000,2.498918,0.000000,1.7810327
2.277295,2.272308,2.2523250,2.303132,2.182496,0.000000,1.878854,0.000000,0.000000,1.761182,2.382487,1.889476,2.143469,2.454158,2.218944,2.414932,1.860716,0.000000,0.000000,2.044113,2.006719,2.126591,2.021774,2.306104,1.921776,2.101945,1.683065,1.854817,0.000000,0.000000,1.912110,1.633220,0.000000,0.000000,1.7801831,0.000000,2.501161,2.047729,0.000000,2.406123,2.264161,0.000000,0.000000,2.081751,0.000000,1.529537,0.000000,0.0000000,1.643304,1.703130,2.259726,1.838428,1.545566,2.038980,2.191095,2.151274,2.363902,0.000000,0.000000,2.000943,2.115124,0.000000,2.598175,1.860353,0.0000000,2.101626,2.483905,1.745584,2.0110994
0.000000,1.760515,1.8242801,0.000000,0.000000,0.000000,0.000000,1.994989,2.036172,0.000000,1.643304,1.775909,2.131307,2.447840,2.168613,2.411114,1.973581,2.259777,1.494110,1.815115,0.000000,2.123320,1.948407,2.236402,1.844481,2.109262,1.948441,2.003838,0.000000,1.821416,1.321711,0.000000,0.000000,1.825098,1.9108137,0.000000,2.312613,2.099288,1.693116,0.000000,0.000000,1.893996,0.000000,2.168561,2.048813,0.000000,0.000000,1.4441590,1.527133,1.743738,0.000000,2.089544,0.000000,1.579447,2.206758,1.815675,1.700764,1.932081,1.825611,2.122716,1.523072,0.000000,2.111057,1.981288,1.8306910,0.000000,2.400471,0.000000,1.9799766
0.000000,1.860072,0.0000000,0.000000,0.000000,0.000000,0.000000,0.000000,0.000000,0.000000,2.076983,2.198388,2.143317,2.415816,2.242185,2.388424,1.906999,2.346868,0.000000,1.967486,0.000000,2.090412,1.887049,2.100291,1.816780,2.166040,0.000000,2.114492,0.000000,0.000000,1.864308,0.000000,0.000000,0.000000,0.0000000,0.000000,2.421133,1.935658,0.000000,0.000000,0.000000,1.763563,0.000000,1.983773,0.000000,0.000000,1.523434,0.0000000,0.000000,2.040652,1.976758,1.924528,1.631915,0.000000,2.215623,0.000000,1.720571,0.000000,0.000000,2.236228,0.000000,0.000000,2.091208,2.118885,0.0000000,0.000000,2.265262,0.000000,1.7635490
0.000000,1.957957,0.0000000,0.000000,0.000000,0.000000,1.544392,1.627344,0.000000,0.000000,0.000000,2.152416,2.253255,2.439683,2.240965,2.446340,1.744314,2.277769,1.644285,1.967492,1.678182,2.163914,1.911804,2.244489,1.806557,2.238897,2.154770,2.024502,0.000000,1.578790,0.000000,0.000000,0.000000,0.000000,1.6138903,0.000000,2.358152,1.921041,0.000000,0.000000,0.000000,1.544767,0.000000,1.884337,0.000000,0.000000,0.000000,0.0000000,0.000000,1.919042,0.000000,0.000000,2.131442,0.000000,2.186654,0.000000,1.876277,1.720298,0.000000,2.024758,0.000000,0.000000,1.993700,1.782430,0.0000000,0.000000,2.467656,0.000000,1.8973484
0.000000,1.991352,0.0000000,1.916437,1.777963,0.000000,1.869678,2.069571,1.956668,1.794294,1.871139,2.039099,2.201701,2.483483,2.254299,2.390060,1.943548,2.326188,1.669944,2.146461,1.944149,2.135252,2.086209,2.259952,1.980780,2.173730,1.922648,2.081096,1.566264,0.000000,1.752996,0.000000,0.000000,1.859990,1.9605684,0.000000,2.453166,2.017148,0.000000,1.993381,1.848606,1.960502,0.000000,1.935666,0.000000,1.647366,1.789332,0.0000000,0.000000,1.888687,2.131153,1.897333,1.731935,1.692789,1.916043,0.000000,1.667579,1.615981,0.000000,2.141654,1.767494,0.000000,2.070672,2.028558,0.0000000,1.587648,2.550146,1.867495,0.0000000
2.183633,2.151367,0.0000000,1.913237,0.000000,0.000000,1.778111,0.000000,2.013268,0.000000,2.043730,2.113029,2.238855,2.472793,2.281807,2.401584,1.892896,2.381761,1.825840,2.000042,1.972135,2.236749,2.170017,2.256120,1.941609,2.187146,1.862109,1.620600,0.000000,0.000000,1.770454,0.000000,0.000000,0.000000,1.7873888,0.000000,2.473715,2.142663,0.000000,2.097054,1.988378,0.000000,0.000000,2.191818,0.000000,0.000000,1.820301,0.0000000,0.000000,1.786623,0.000000,1.980084,0.000000,1.924658,2.225969,2.019425,1.816573,0.000000,0.000000,2.208203,0.000000,1.614921,2.297343,2.029082,0.0000000,0.000000,2.496578,2.102046,0.0000000
0.000000,1.997123,0.0000000,0.000000,0.000000,0.000000,0.000000,1.882192,1.864520,1.860209,2.116208,2.133086,2.146297,2.508908,2.322728,2.379482,0.000000,2.183314,0.000000,2.018186,0.000000,1.983687,2.062736,2.232327,1.931256,2.021477,1.676157,0.000000,2.028813,0.000000,0.000000,0.000000,0.000000,0.000000,1.6256256,0.000000,2.415337,1.778407,0.000000,0.000000,0.000000,1.835648,0.000000,1.881639,0.000000,0.000000,1.637755,0.0000000,0.000000,1.967155,0.000000,1.795174,0.000000,0.000000,2.182540,0.000000,1.769356,1.587898,0.000000,2.231106,1.610249,0.000000,2.028424,2.235893,0.0000000,0.000000,2.556970,1.749959,0.0000000
2.030924,1.926716,2.0256396,1.837297,0.000000,0.000000,1.655721,2.069903,2.025937,0.000000,0.000000,2.215585,2.178610,2.475034,2.215869,2.444178,0.000000,2.194008,1.544873,1.731935,1.914596,2.028658,2.128818,2.256893,1.737392,1.983671,1.791980,1.985162,0.000000,0.000000,1.549356,0.000000,0.000000,1.453462,1.6692360,0.000000,2.490899,1.890511,1.648612,1.710171,0.000000,1.575060,1.792640,2.111166,2.189649,1.730475,1.795491,1.9700351,0.000000,1.846703,2.131166,2.095691,0.000000,0.000000,2.311007,1.608416,0.000000,1.754615,0.000000,2.263752,1.840402,0.000000,1.703374,2.077910,0.0000000,0.000000,2.536431,1.834079,1.3791286
0.000000,2.483781,0.0000000,2.276074,0.000000,0.000000,2.211326,0.000000,0.000000,0.000000,0.000000,1.927296,2.109528,2.508807,2.270443,2.415996,0.000000,2.293640,0.000000,1.956004,0.000000,2.114633,2.043235,2.224683,2.007355,2.111231,0.000000,2.079098,2.219863,0.000000,2.131796,0.000000,0.000000,0.000000,2.0175096,0.000000,2.569603,2.119124,0.000000,2.396238,2.425830,0.000000,0.000000,2.132767,0.000000,0.000000,0.000000,0.0000000,1.966290,2.231868,0.000000,2.388024,0.000000,0.000000,0.000000,0.000000,0.000000,0.000000,0.000000,2.351252,0.000000,0.000000,2.631721,1.904140,0.0000000,2.078274,2.585627,0.000000,0.0000000
2.166635,2.241668,0.0000000,0.000000,1.825664,0.000000,2.130414,1.824378,2.019581,0.000000,2.060022,0.000000,2.142069,2.532548,2.318896,2.467711,1.819658,2.305092,1.667835,1.975404,0.000000,2.105881,2.137053,2.058944,0.000000,2.150447,1.684337,2.033429,2.159668,0.000000,2.061674,0.000000,2.048468,0.000000,1.8701625,0.000000,2.420432,1.991991,0.000000,2.025658,1.959399,0.000000,0.000000,2.042171,0.000000,0.000000,1.840267,0.0000000,1.605741,1.877980,0.000000,2.229466,0.000000,1.868826,1.936886,1.948209,0.000000,1.693247,0.000000,1.869544,0.000000,0.000000,2.016796,2.061119,0.0000000,1.805918,2.509595,2.183147,0.0000000
2.385510,2.403000,1.7377007,1.982225,0.000000,0.000000,2.486843,2.119693,1.788920,0.000000,2.194882,1.854496,1.957739,2.512361,2.298929,2.400183,1.717944,2.211614,0.000000,1.970596,0.000000,2.054241,1.988408,2.185874,2.023580,2.077583,1.899430,2.031982,2.141494,1.633474,1.998330,1.725674,1.923927,0.000000,2.0472571,0.000000,2.428446,2.005527,0.000000,2.253722,2.037850,2.032882,0.000000,2.240764,1.950301,0.000000,0.000000,1.6719510,0.000000,2.034592,2.128522,1.838573,0.000000,0.000000,2.008703,0.000000,0.000000,0.000000,0.000000,2.160194,1.809442,0.000000,2.070296,2.065811,0.0000000,1.832937,2.515193,1.774990,0.0000000
1.862183,1.952076,0.0000000,0.000000,0.000000,0.000000,0.000000,0.000000,1.798404,0.000000,2.035538,0.000000,1.967086,2.489633,2.189326,2.445202,0.000000,2.384729,1.802305,1.816243,0.000000,2.197486,2.078736,2.088279,1.974669,2.171062,0.000000,2.015435,0.000000,0.000000,2.136366,0.000000,0.000000,0.000000,2.0250694,0.000000,2.508001,2.224342,0.000000,2.377866,2.395126,1.852122,0.000000,2.156077,0.000000,0.000000,0.000000,0.0000000,0.000000,1.998261,2.023275,2.079369,0.000000,0.000000,2.205315,0.000000,0.000000,0.000000,0.000000,2.269121,1.822765,0.000000,1.808716,1.941899,0.0000000,0.000000,2.498024,2.176144,0.0000000
2.560077,2.608888,2.1319601,2.426509,0.000000,2.096491,2.402114,2.196658,2.115639,0.000000,2.273569,1.473432,2.076496,2.503231,2.174727,2.457491,0.000000,2.109671,0.000000,0.000000,0.000000,0.000000,2.047657,2.183323,0.000000,2.048393,0.000000,0.000000,2.141233,0.000000,2.138930,0.000000,2.140306,0.000000,0.0000000,2.015331,2.432592,1.890909,0.000000,2.081782,0.000000,0.000000,0.000000,2.118833,2.248523,0.000000,2.152339,1.8429943,0.000000,0.000000,0.000000,2.216771,0.000000,2.004636,2.082464,2.038323,0.000000,2.151964,0.000000,2.169986,0.000000,0.000000,2.525055,2.078300,0.0000000,2.252214,2.481596,1.856237,1.6506182
1.852573,1.612745,1.8994653,1.189190,0.000000,0.000000,0.000000,1.491037,1.847721,0.000000,0.000000,2.133991,2.057191,2.467861,2.181249,2.393520,0.000000,1.919811,1.596819,1.956278,0.000000,1.731698,1.946810,2.217516,1.842073,0.000000,0.000000,0.000000,2.026398,0.000000,1.959186,0.000000,0.000000,0.000000,1.5804072,0.000000,2.234374,1.669666,0.000000,1.419712,0.000000,0.000000,1.587230,1.684268,1.794800,0.000000,1.856378,0.0000000,0.000000,0.000000,0.000000,1.877095,1.461656,0.000000,2.053586,0.000000,0.000000,1.924905,1.450888,2.179405,1.724330,0.000000,2.006293,2.232936,0.0000000,0.000000,2.448717,1.797803,1.4347686
0.000000,2.500212,0.0000000,2.038742,0.000000,0.000000,2.489897,0.000000,0.000000,0.000000,0.000000,0.000000,0.000000,2.528092,2.212858,2.277230,0.000000,0.000000,0.000000,0.000000,1.748197,0.000000,0.000000,2.136437,1.734597,0.000000,0.000000,0.000000,0.000000,2.211938,1.807876,0.000000,1.801898,0.000000,2.0302071,0.000000,2.446998,1.649274,0.000000,2.613436,2.644890,2.288123,0.000000,0.000000,2.240703,0.000000,0.000000,0.0000000,0.000000,0.000000,0.000000,0.000000,0.000000,0.000000,0.000000,2.166952,0.000000,1.799642,0.000000,1.887021,0.000000,0.000000,2.308167,2.005345,0.0000000,2.148369,2.494501,0.000000,0.0000000
0.000000,1.859997,1.7819495,0.000000,0.000000,0.000000,0.000000,1.933734,1.741504,0.000000,0.000000,2.121617,2.006929,2.464982,2.152009,2.369560,0.000000,2.273175,1.572025,1.944400,0.000000,2.087661,1.922652,2.234379,1.959633,0.000000,1.950711,1.920540,0.000000,0.000000,1.902458,0.000000,0.000000,0.000000,1.6132829,0.000000,2.378691,0.000000,0.000000,1.777343,1.863125,0.000000,1.648640,2.094274,2.015217,0.000000,1.582827,1.8257433,0.000000,1.791733,1.980777,2.065274,1.798425,0.000000,2.065807,1.959252,0.000000,0.000000,0.000000,2.215445,0.000000,0.000000,1.917686,2.075843,0.0000000,1.770766,2.392663,2.043105,1.4727173
2.171209,2.165987,1.9299364,1.650019,0.000000,0.000000,1.702495,1.853073,1.881411,0.000000,0.000000,2.161536,2.250258,2.505939,2.200176,2.431641,0.000000,2.195817,1.375615,1.860065,2.051138,1.938252,2.048686,2.255821,1.938695,0.000000,0.000000,1.969460,2.042714,0.000000,2.009606,0.000000,0.000000,0.000000,1.6233847,0.000000,2.471537,1.947787,1.680418,0.000000,0.000000,0.000000,0.000000,2.124973,2.153246,0.000000,1.302258,2.0235543,1.653973,1.702844,0.000000,2.034541,0.000000,0.000000,2.086780,0.000000,0.000000,1.578130,0.000000,2.252182,1.844265,0.000000,1.832878,2.138978,0.0000000,0.000000,2.571979,2.116571,1.6078991
0.000000,1.850010,2.0386704,0.000000,0.000000,0.000000,1.887753,2.161865,1.960004,0.000000,0.000000,2.216727,2.037379,2.485829,2.269622,2.410566,0.000000,2.218586,1.825567,1.992416,0.000000,1.947546,2.087759,2.350016,1.701529,1.956024,1.488497,2.002063,2.090414,0.000000,2.136091,0.000000,0.000000,0.000000,1.8786031,0.000000,2.497307,0.000000,0.000000,2.092696,1.652600,0.000000,0.000000,2.100270,1.945868,0.000000,2.064992,0.0000000,0.000000,1.791655,0.000000,2.131471,2.205372,0.000000,2.376842,2.231498,0.000000,1.850865,0.000000,2.327739,1.725657,0.000000,2.028902,2.252878,0.0000000,0.000000,2.645201,2.059324,0.0000000
0.000000,1.960927,1.8416805,0.000000,0.000000,0.000000,0.000000,0.000000,1.846247,0.000000,0.000000,2.139097,2.043276,2.527604,2.194842,2.355275,1.725850,2.232856,0.000000,2.039993,2.082838,2.036261,2.052482,2.130667,1.980172,0.000000,0.000000,2.007308,0.000000,0.000000,0.000000,0.000000,0.000000,0.000000,1.8168368,0.000000,2.362934,0.000000,0.000000,0.000000,0.000000,0.000000,0.000000,1.916700,0.000000,0.000000,1.597803,0.0000000,0.000000,0.000000,2.252981,2.261608,2.174601,1.807606,2.328862,1.988833,0.000000,1.719786,0.000000,2.234888,0.000000,0.000000,2.012899,2.102510,0.0000000,0.000000,2.315699,2.082208,0.0000000
0.000000,2.027501,1.9153009,0.000000,0.000000,0.000000,2.171052,1.964970,1.745645,0.000000,0.000000,2.218507,2.114890,2.500214,2.282181,2.391598,0.000000,2.156568,0.000000,1.922562,0.000000,1.982264,1.958637,2.191685,1.853729,1.996670,0.000000,1.773723,2.091137,0.000000,1.880135,0.000000,0.000000,1.883142,1.9263566,0.000000,2.432435,0.000000,0.000000,0.000000,1.549512,0.000000,1.784689,1.900329,2.142886,0.000000,1.589555,1.7371960,0.000000,1.822612,0.000000,2.041956,2.133327,0.000000,2.170915,0.000000,0.000000,1.673637,0.000000,2.117966,0.000000,0.000000,2.305656,2.111266,0.0000000,1.796168,2.496906,2.130098,2.0463175
0.000000,0.000000,1.7568321,0.000000,0.000000,0.000000,0.000000,1.901528,1.844542,0.000000,0.000000,2.043240,2.272603,2.577886,2.525813,2.507912,0.000000,2.235663,0.000000,2.124400,1.995868,2.127186,2.089239,2.319406,2.068679,2.043691,0.000000,0.000000,2.308620,0.000000,2.207490,0.000000,0.000000,0.000000,2.0871929,0.000000,2.573885,0.000000,0.000000,0.000000,1.623822,0.000000,0.000000,2.083562,0.000000,0.000000,0.000000,0.0000000,0.000000,0.000000,2.046917,2.016881,2.232012,0.000000,2.232084,0.000000,0.000000,0.000000,0.000000,2.309313,0.000000,0.000000,2.004402,2.116068,0.0000000,0.000000,2.450458,2.276195,0.0000000
0.000000,1.831802,1.8218973,0.000000,0.000000,0.000000,0.000000,0.000000,0.000000,0.000000,0.000000,1.918423,2.196523,2.526193,2.431986,2.351505,0.000000,2.393924,0.000000,2.097148,0.000000,2.258049,2.044214,2.320512,2.098106,2.198636,1.692068,2.121627,0.000000,0.000000,0.000000,0.000000,0.000000,0.000000,1.9118924,0.000000,2.504636,1.989165,0.000000,0.000000,2.160648,0.000000,1.678134,2.051907,0.000000,0.000000,0.000000,0.0000000,0.000000,2.084051,0.000000,1.969621,2.178861,0.000000,0.000000,0.000000,0.000000,0.000000,0.000000,2.091453,0.000000,0.000000,1.903914,2.083405,0.0000000,0.000000,2.388009,2.179922,0.0000000
0.000000,2.475008,2.0700268,2.381825,1.985129,0.000000,2.488370,0.000000,2.205706,0.000000,1.754048,1.738673,1.859598,2.558077,2.386153,2.385485,0.000000,2.234866,2.049869,2.008722,2.130019,2.017492,2.102720,2.248674,2.194616,2.003058,2.026472,0.000000,2.090061,2.342554,0.000000,0.000000,0.000000,0.000000,1.9898944,0.000000,2.528461,2.133681,1.796765,2.687217,2.699142,2.567325,0.000000,0.000000,0.000000,0.000000,0.000000,0.0000000,0.000000,1.878812,0.000000,1.907652,0.000000,0.000000,2.221228,1.676714,0.000000,0.000000,0.000000,2.340330,2.094172,0.000000,2.536485,2.205545,0.0000000,2.138290,2.599997,0.000000,0.0000000
0.000000,0.000000,1.9864060,0.000000,0.000000,0.000000,1.519903,2.100503,2.024291,0.000000,0.000000,2.170790,2.023633,2.509793,2.252631,2.389830,0.000000,2.209399,1.491684,1.993820,1.478514,1.726377,2.072995,2.257580,1.893549,1.980579,1.893020,1.861070,1.861098,0.000000,0.000000,0.000000,0.000000,0.000000,2.0227959,0.000000,2.499720,2.029721,0.000000,1.943121,2.213590,0.000000,1.862271,2.162058,1.571659,1.602756,1.945857,0.0000000,0.000000,2.064687,1.984139,1.964824,2.073116,0.000000,2.337703,0.000000,0.000000,1.785125,0.000000,2.281458,1.916056,1.628523,2.096356,2.198916,0.0000000,1.485179,2.493754,1.846057,1.4202366
1.899103,2.124305,1.6548080,1.845814,0.000000,0.000000,1.746353,2.010803,1.824271,0.000000,0.000000,2.096469,2.028676,2.472768,2.192935,2.430148,0.000000,2.198432,0.000000,0.000000,2.039137,0.000000,2.051775,2.214143,1.960329,2.003220,0.000000,1.845890,0.000000,0.000000,0.000000,0.000000,0.000000,0.000000,0.0000000,0.000000,2.498229,0.000000,0.000000,1.715686,2.147881,0.000000,0.000000,2.082646,0.000000,0.000000,0.000000,0.0000000,0.000000,2.099172,2.348371,2.132635,0.000000,0.000000,2.108617,1.504911,0.000000,1.515233,0.000000,2.302677,0.000000,1.654753,2.129540,2.115537,0.0000000,0.000000,2.468171,0.000000,1.4531974
0.000000,1.926563,1.7071587,1.703842,0.000000,0.000000,0.000000,1.983473,1.916025,0.000000,2.109608,2.235278,2.186516,2.507651,2.227689,2.404608,0.000000,2.310191,1.892381,2.010641,0.000000,2.168886,2.066986,2.256694,2.046931,2.157226,1.788553,2.040087,0.000000,0.000000,0.000000,0.000000,1.847729,0.000000,1.8185936,0.000000,2.399336,1.921549,0.000000,0.000000,0.000000,0.000000,1.695107,2.226975,0.000000,0.000000,0.000000,0.0000000,1.771930,2.106845,2.229620,0.000000,0.000000,0.000000,2.338287,2.208380,0.000000,0.000000,0.000000,2.048093,0.000000,1.794393,2.040301,2.139334,0.0000000,0.000000,2.585232,0.000000,1.4048721
0.000000,1.917669,1.7498240,0.000000,0.000000,0.000000,0.000000,1.892144,1.781697,0.000000,1.661601,2.115697,2.124693,2.461754,2.227128,2.367100,1.928485,2.244525,0.000000,1.794800,0.000000,2.024919,2.002772,2.264256,1.675305,2.143091,0.000000,2.144178,0.000000,0.000000,1.888991,0.000000,0.000000,0.000000,1.9926019,0.000000,2.426442,2.022362,0.000000,0.000000,0.000000,0.000000,0.000000,2.022034,0.000000,0.000000,1.561620,0.0000000,1.738770,1.786320,0.000000,2.141755,0.000000,1.827949,2.165180,0.000000,1.737782,0.000000,0.000000,2.225757,1.783695,0.000000,1.955014,2.042496,0.0000000,0.000000,2.518508,1.862514,1.7318332
0.000000,2.510917,1.7580558,2.250930,2.199154,0.000000,2.455497,1.894341,0.000000,2.348344,2.396697,0.000000,2.157762,2.461540,0.000000,2.419486,2.008743,2.290607,0.000000,1.960288,0.000000,2.233597,2.082396,2.155342,1.995658,2.202436,0.000000,2.161442,0.000000,0.000000,2.121919,0.000000,2.020710,0.000000,0.0000000,0.000000,2.458209,2.079549,0.000000,2.477105,2.264387,0.000000,0.000000,2.103478,0.000000,0.000000,0.000000,0.0000000,1.833104,2.154760,2.205258,2.103877,0.000000,1.851363,1.837985,1.900207,2.121732,0.000000,0.000000,2.183922,0.000000,1.639778,2.412769,1.883131,0.0000000,2.192175,2.438741,2.145658,2.0863276
2.493368,2.555111,2.0020009,2.308031,2.101814,2.079713,2.342666,2.083775,2.119072,0.000000,2.188412,2.009436,2.110387,2.481228,2.245450,2.423964,1.785454,2.235083,1.436414,1.817325,0.000000,2.051890,1.965648,2.203378,1.653834,2.035895,1.991930,0.000000,1.994297,0.000000,1.924285,0.000000,2.014969,0.000000,0.0000000,2.017172,2.344658,2.076204,0.000000,1.966925,1.774965,0.000000,0.000000,1.869352,2.084523,0.000000,2.052584,1.6955793,0.000000,1.841208,0.000000,2.163747,2.044378,2.099185,2.042895,2.127832,1.955441,2.040174,1.704734,2.050178,0.000000,0.000000,2.428591,1.905120,0.0000000,2.283978,2.421824,1.972006,0.0000000
1.972809,1.831438,1.8556213,0.000000,0.000000,0.000000,0.000000,2.047625,2.024026,0.000000,2.150697,2.087403,2.128231,2.467840,2.211116,2.396614,0.000000,2.360924,2.042994,1.961528,0.000000,2.271960,2.077712,2.287925,2.081694,2.230833,2.090844,0.000000,0.000000,0.000000,2.170884,0.000000,0.000000,0.000000,1.8254784,0.000000,2.392579,2.004802,0.000000,0.000000,0.000000,0.000000,0.000000,2.173542,0.000000,0.000000,0.000000,0.0000000,0.000000,1.851327,0.000000,2.060922,0.000000,0.000000,2.006571,0.000000,0.000000,1.696647,0.000000,1.798992,0.000000,0.000000,2.097457,2.176452,0.0000000,0.000000,2.484114,1.750258,0.0000000
0.000000,2.497420,0.0000000,2.070718,2.082856,0.000000,2.491335,0.000000,2.111507,0.000000,2.250297,0.000000,0.000000,2.491968,2.256143,2.348791,0.000000,2.477856,0.000000,2.060039,0.000000,2.422335,2.208270,2.167651,2.029945,2.295740,0.000000,0.000000,0.000000,0.000000,0.000000,0.000000,0.000000,0.000000,1.9888185,0.000000,2.487830,2.009503,0.000000,2.665386,2.580155,2.497673,0.000000,2.264463,0.000000,0.000000,0.000000,0.0000000,2.018684,2.381153,0.000000,2.375843,0.000000,0.000000,0.000000,0.000000,1.981275,0.000000,0.000000,2.178756,2.269710,0.000000,2.419702,2.047747,0.0000000,2.434538,2.451940,0.000000,0.0000000
2.234666,2.247966,1.8230893,0.000000,1.692877,0.000000,2.462004,0.000000,1.972650,0.000000,2.034390,0.000000,2.164212,2.465236,2.256632,2.379535,1.841594,2.450703,1.770662,2.010757,0.000000,2.277041,2.034048,2.197254,1.845172,2.331295,1.636765,2.166776,0.000000,0.000000,1.796700,0.000000,0.000000,0.000000,1.8463082,0.000000,2.333826,2.046959,0.000000,2.598428,2.507349,2.295424,1.453197,2.243296,0.000000,0.000000,0.000000,0.0000000,0.000000,2.068665,0.000000,2.162187,0.000000,1.808706,2.198750,1.630534,0.000000,1.725181,0.000000,2.073696,0.000000,1.535438,2.270146,2.112232,0.0000000,1.853973,2.550850,1.753157,0.0000000
2.523471,2.499163,1.7189600,2.373959,0.000000,0.000000,2.558452,2.087392,1.881311,0.000000,1.843554,2.060105,2.022676,2.417391,1.936168,2.384076,2.083407,2.494630,1.998339,2.087729,0.000000,2.345291,2.246220,2.247658,2.039031,0.000000,1.769474,2.205332,0.000000,2.167764,0.000000,0.000000,0.000000,0.000000,1.7911820,0.000000,2.513095,2.061383,0.000000,2.514429,2.368685,1.983157,0.000000,0.000000,0.000000,0.000000,0.000000,0.0000000,0.000000,2.176743,1.900688,2.200318,1.953607,0.000000,2.109669,0.000000,0.000000,0.000000,0.000000,2.277249,0.000000,0.000000,2.556873,0.000000,0.0000000,2.155922,2.567083,0.000000,0.0000000
1.911855,1.939626,1.8661633,0.000000,0.000000,0.000000,1.594232,1.846650,1.868941,0.000000,2.120629,1.761404,2.218388,2.449600,2.252318,2.398432,1.598860,2.320787,1.646463,1.980180,1.440042,2.099697,1.920501,2.287196,1.911298,2.099455,1.713145,0.000000,0.000000,0.000000,0.000000,0.000000,0.000000,0.000000,1.9339213,0.000000,2.317440,1.950690,0.000000,1.783552,0.000000,1.853036,1.712781,2.247564,0.000000,0.000000,1.982604,0.0000000,0.000000,2.146138,0.000000,1.651923,0.000000,0.000000,2.297672,0.000000,1.579535,1.795524,1.523675,2.226871,0.000000,0.000000,1.878244,2.159553,0.0000000,1.670574,2.587450,0.000000,1.5730276
1.943161,1.918740,1.7243126,1.810606,2.302926,0.000000,0.000000,0.000000,0.000000,0.000000,0.000000,2.199350,2.169555,2.453806,2.237770,2.401520,1.944124,2.302283,1.766468,1.837273,1.986965,2.113828,2.075811,2.227306,1.876605,2.107627,1.958631,0.000000,0.000000,0.000000,2.001461,0.000000,1.968162,1.973646,1.9896220,0.000000,2.452751,2.044430,0.000000,0.000000,0.000000,1.728466,0.000000,2.162760,1.572846,0.000000,0.000000,0.0000000,0.000000,1.819473,2.083701,1.917287,0.000000,0.000000,2.016418,1.718628,0.000000,1.761515,1.791069,2.169112,0.000000,0.000000,1.887268,2.145949,0.0000000,0.000000,2.518207,1.849038,1.6286210
0.000000,2.543233,0.0000000,2.432323,2.344379,2.298177,2.582028,2.354676,0.000000,0.000000,2.650025,0.000000,2.118443,2.439536,2.176760,2.381230,1.944951,2.385508,1.773939,0.000000,2.120646,2.255658,2.149438,2.260555,0.000000,2.249150,0.000000,2.116403,0.000000,0.000000,2.029456,2.158491,2.227722,0.000000,0.0000000,0.000000,2.505864,0.000000,1.968490,2.510703,2.290008,0.000000,0.000000,0.000000,2.058067,0.000000,0.000000,0.0000000,1.725145,0.000000,2.025844,0.000000,0.000000,2.279364,0.000000,2.172583,2.250882,1.990100,0.000000,2.057414,1.887324,0.000000,2.710089,0.000000,0.0000000,2.351428,2.407894,2.206502,2.0566503
0.000000,2.561821,0.0000000,2.379166,0.000000,0.000000,2.615612,0.000000,0.000000,0.000000,0.000000,0.000000,0.000000,2.519241,2.304140,2.355941,0.000000,2.207131,0.000000,0.000000,0.000000,0.000000,0.000000,2.119935,0.000000,0.000000,0.000000,0.000000,0.000000,0.000000,0.000000,0.000000,0.000000,0.000000,0.0000000,0.000000,2.550779,1.935597,0.000000,2.644305,2.572644,2.295452,0.000000,2.229419,0.000000,0.000000,0.000000,0.0000000,0.000000,2.528709,0.000000,2.119713,0.000000,0.000000,1.980619,0.000000,0.000000,0.000000,0.000000,0.000000,0.000000,0.000000,2.353434,0.000000,0.0000000,2.290830,2.527049,2.093682,0.0000000
0.000000,1.918612,1.8964805,1.649101,0.000000,0.000000,0.000000,2.004088,1.814063,1.980755,1.527487,0.000000,2.183475,2.504445,2.239833,2.360027,0.000000,2.416922,1.951316,2.063770,1.922788,2.234265,2.089566,2.234534,1.948646,2.260838,2.111240,2.102871,0.000000,0.000000,1.715271,0.000000,0.000000,0.000000,1.8292020,0.000000,2.418299,1.898811,0.000000,1.870112,0.000000,1.722687,0.000000,2.147098,1.737798,0.000000,0.000000,0.0000000,0.000000,2.113597,2.234718,2.043716,2.040032,0.000000,2.297465,0.000000,0.000000,1.808237,0.000000,2.199897,1.741457,1.872772,2.140191,2.191095,0.0000000,0.000000,2.590004,0.000000,1.5709711
2.368760,2.447501,0.0000000,2.160615,1.933855,2.050485,2.278755,1.909693,0.000000,2.442487,2.612454,0.000000,2.173981,2.455295,2.052480,2.375203,2.089223,2.037763,1.826588,1.911284,2.092147,2.296895,2.099461,2.247183,1.824298,2.185369,2.028287,2.027413,0.000000,0.000000,1.830538,2.071306,1.836426,0.000000,1.5900082,0.000000,2.517487,1.973105,1.637570,2.479822,2.330650,1.752276,0.000000,1.991801,0.000000,0.000000,1.569679,0.0000000,0.000000,2.221516,2.041553,2.126216,0.000000,2.117936,1.768157,2.042156,2.151052,0.000000,0.000000,2.071217,1.668040,1.866071,2.400255,1.929679,0.0000000,2.100236,2.363342,2.052861,0.0000000
0.000000,2.419497,1.6416262,1.939436,0.000000,0.000000,2.238865,0.000000,2.079025,2.226334,1.907872,0.000000,2.082515,2.468229,2.197378,2.387344,1.753421,2.415407,1.918476,1.985783,2.090822,2.233568,2.009880,2.267090,1.917770,2.094845,0.000000,0.000000,0.000000,0.000000,1.981110,0.000000,0.000000,0.000000,1.7495991,0.000000,2.377639,2.001169,0.000000,2.681668,2.698379,2.297165,0.000000,2.257151,0.000000,0.000000,1.682203,0.0000000,1.888902,0.000000,2.147382,2.327727,0.000000,1.872972,2.070656,0.000000,1.583597,0.000000,0.000000,2.063953,0.000000,0.000000,2.360376,1.836769,0.0000000,1.899506,2.518641,0.000000,0.0000000
0.000000,1.904925,2.1026536,0.000000,0.000000,0.000000,0.000000,2.100946,1.931491,0.000000,0.000000,2.236820,2.170874,2.493933,2.165855,2.418938,1.600684,2.340423,0.000000,1.917412,0.000000,2.114302,2.008817,2.259900,1.810930,2.183990,0.000000,2.097293,0.000000,0.000000,1.859612,0.000000,0.000000,0.000000,1.9487187,0.000000,2.421503,1.867007,0.000000,0.000000,0.000000,1.827060,0.000000,1.957938,2.075114,0.000000,1.805969,0.0000000,0.000000,1.896678,2.114522,1.738689,0.000000,0.000000,2.317998,0.000000,0.000000,1.668804,0.000000,2.216929,1.586434,0.000000,1.951996,2.047193,1.7100151,0.000000,2.516222,0.000000,0.0000000
0.000000,2.234513,1.8675854,0.000000,0.000000,0.000000,2.342105,1.653246,2.031978,0.000000,1.834436,2.051896,2.134359,2.468318,2.271621,2.389093,2.094524,2.138467,1.894075,2.035871,1.962210,2.195082,2.085909,2.204285,1.920752,2.276441,1.775079,2.123185,1.635488,0.000000,1.772945,0.000000,0.000000,0.000000,1.8675465,0.000000,2.389839,2.148076,0.000000,2.405805,2.249374,1.686283,1.822296,2.219934,0.000000,0.000000,0.000000,0.0000000,1.635206,1.953890,1.935647,2.226874,0.000000,0.000000,2.060768,0.000000,0.000000,1.786739,1.526482,1.888941,0.000000,0.000000,2.269166,2.118342,1.6910779,1.820732,2.432451,0.000000,0.0000000
2.072600,2.107018,1.8154000,0.000000,0.000000,0.000000,0.000000,1.968552,1.983749,0.000000,0.000000,2.100747,2.246007,2.462913,2.167575,2.438747,0.000000,2.391098,1.379386,1.911447,0.000000,2.153656,2.019660,2.321107,1.947144,2.201218,1.500585,2.137070,0.000000,0.000000,1.773927,0.000000,0.000000,0.000000,1.8249826,0.000000,2.394448,2.015191,0.000000,1.952231,0.000000,0.000000,0.000000,1.974610,0.000000,0.000000,1.950048,0.0000000,0.000000,2.108992,2.043991,2.018564,2.118838,0.000000,2.307807,2.267947,1.864407,1.791295,0.000000,2.207678,1.850283,1.681266,1.980480,2.010500,0.0000000,0.000000,2.569454,1.774485,0.0000000
2.270491,2.241382,0.0000000,2.179850,2.061828,0.000000,1.821734,1.713431,0.000000,2.271639,2.463648,0.000000,2.026101,2.478093,2.119175,2.405053,1.835188,2.386951,1.943364,1.931836,0.000000,2.244476,2.063948,2.220861,1.997993,2.173851,1.792953,1.999774,0.000000,0.000000,2.099561,0.000000,1.617593,0.000000,1.8550883,0.000000,2.382246,2.076117,0.000000,0.000000,0.000000,0.000000,0.000000,2.074518,2.110527,0.000000,0.000000,1.4022477,1.720498,0.000000,2.056152,2.113731,0.000000,2.018599,1.805133,2.071298,2.127489,1.875074,0.000000,1.834295,0.000000,0.000000,2.313961,1.683413,0.0000000,2.100626,2.300196,2.027182,0.0000000
0.000000,1.918018,1.6879354,0.000000,0.000000,0.000000,0.000000,1.994569,1.917287,0.000000,2.053460,2.235091,2.142572,2.425975,2.211633,2.405170,1.735275,2.366404,1.825673,1.836263,1.639351,2.117330,2.025007,2.199273,1.861173,2.103630,1.586560,2.147245,1.450710,0.000000,1.758537,0.000000,0.000000,1.434963,1.9039288,0.000000,2.434402,1.833963,1.815580,0.000000,0.000000,1.848254,1.587439,2.154499,0.000000,1.867884,1.752099,0.0000000,0.000000,1.788301,2.093667,1.985368,0.000000,0.000000,2.250059,0.000000,0.000000,1.825805,0.000000,2.263984,1.696434,1.462498,1.998120,2.104965,1.4311377,0.000000,2.551910,0.000000,1.7343973
0.000000,2.024010,1.7231712,1.585043,0.000000,0.000000,0.000000,0.000000,1.885941,0.000000,1.818955,2.268597,2.151131,2.471723,2.193798,2.391762,0.000000,2.329430,2.006811,1.993743,2.028633,2.228970,2.004161,2.211021,1.979225,2.044612,2.080019,2.097852,1.444436,1.791306,0.000000,0.000000,2.038953,0.000000,1.6576417,0.000000,2.438093,2.006676,0.000000,0.000000,0.000000,1.662503,0.000000,2.172323,1.671776,1.830154,0.000000,0.0000000,0.000000,2.100337,2.231515,1.999194,1.643542,0.000000,2.286412,0.000000,0.000000,1.778123,0.000000,2.207900,0.000000,1.795524,2.150579,2.019656,1.7025160,0.000000,2.580532,0.000000,1.6897484
0.000000,1.968301,0.0000000,1.495663,0.000000,0.000000,0.000000,2.109239,1.947445,0.000000,0.000000,2.148799,2.111759,2.442714,2.231692,2.393105,1.918836,2.365470,0.000000,1.981320,0.000000,2.136851,1.994171,2.234775,1.923935,2.171692,0.000000,2.087812,1.769618,0.000000,1.977618,0.000000,0.000000,0.000000,1.8872396,0.000000,2.469257,1.944640,0.000000,1.742829,0.000000,1.952002,0.000000,0.000000,0.000000,0.000000,1.781250,0.0000000,0.000000,0.000000,1.895512,1.949023,0.000000,0.000000,2.146143,0.000000,0.000000,1.674963,0.000000,2.200292,0.000000,1.474538,2.094267,2.056469,1.5243360,0.000000,2.517656,0.000000,1.5276633
2.057363,2.003248,1.4761075,1.785618,0.000000,0.000000,0.000000,1.990988,1.697539,0.000000,0.000000,0.000000,2.117878,2.440091,2.164096,2.395586,1.857306,2.330987,0.000000,1.836157,1.765703,2.045861,1.913585,2.229230,1.806971,2.107508,1.846483,2.009522,2.057335,0.000000,1.943786,0.000000,0.000000,0.000000,1.8741010,0.000000,2.477124,1.893549,0.000000,2.119509,2.270000,1.781781,0.000000,1.500448,1.948087,0.000000,1.607603,1.6767622,1.654029,0.000000,2.157918,2.040284,2.087767,0.000000,1.992955,0.000000,0.000000,0.000000,0.000000,2.143019,1.502355,0.000000,1.870740,2.017251,0.0000000,0.000000,2.387321,1.930973,1.6984461
2.529907,2.510241,1.8154190,2.201245,0.000000,0.000000,2.576572,0.000000,0.000000,2.004592,2.030956,0.000000,1.814705,2.511755,2.106023,2.333730,2.071784,2.443046,0.000000,2.097151,0.000000,2.223054,2.143980,2.394774,1.964190,2.291405,1.845882,2.132796,2.290019,0.000000,2.224068,0.000000,0.000000,0.000000,2.0952100,0.000000,2.418437,2.178955,0.000000,2.751280,2.656815,2.492154,0.000000,2.392939,0.000000,0.000000,2.091816,0.0000000,0.000000,2.383880,0.000000,2.313695,0.000000,0.000000,0.000000,0.000000,0.000000,2.009137,0.000000,2.291465,2.019704,0.000000,2.542743,1.991623,0.0000000,2.334442,2.501579,0.000000,1.8962247
0.000000,2.438787,0.0000000,2.029168,0.000000,0.000000,2.381415,1.836467,1.988035,2.041037,0.000000,1.945577,2.019404,2.441984,2.191149,2.391472,1.927681,2.228463,0.000000,1.881381,1.902732,2.036582,2.003725,2.255425,1.818119,2.072698,0.000000,2.081241,2.036697,1.749344,1.919527,0.000000,0.000000,0.000000,1.8330791,0.000000,2.486987,2.025117,0.000000,2.277762,2.238626,0.000000,0.000000,2.174234,0.000000,0.000000,0.000000,0.0000000,1.775658,2.075023,0.000000,2.305554,0.000000,0.000000,1.981842,0.000000,0.000000,1.748197,0.000000,2.196462,0.000000,0.000000,2.618519,1.909004,0.0000000,2.105485,2.498367,0.000000,0.0000000
0.000000,1.906455,1.7687512,1.847375,0.000000,0.000000,0.000000,1.898463,1.757957,0.000000,0.000000,2.007456,2.153685,2.414792,2.206702,2.387274,1.891088,0.000000,0.000000,2.037210,0.000000,2.212496,2.029051,2.285467,2.089084,2.230470,0.000000,2.104648,0.000000,0.000000,1.825964,0.000000,0.000000,0.000000,1.7955787,0.000000,2.476283,1.999578,0.000000,2.165738,2.005540,1.916307,0.000000,0.000000,0.000000,0.000000,1.599483,0.0000000,0.000000,0.000000,2.091915,2.383708,0.000000,0.000000,2.004003,1.908120,1.969667,1.747559,1.626090,2.136844,0.000000,0.000000,2.289855,2.095313,0.0000000,0.000000,2.562160,1.832324,0.0000000
0.000000,1.993803,0.0000000,1.595271,0.000000,0.000000,0.000000,1.967012,1.846824,2.089997,0.000000,2.227003,2.079333,2.444256,2.161361,2.396486,0.000000,2.358454,1.886960,2.015925,1.738705,2.258797,2.162745,2.269460,1.869595,2.061150,1.954780,2.159675,1.543641,0.000000,1.857369,0.000000,0.000000,0.000000,1.8462322,0.000000,2.417320,1.839829,0.000000,1.722974,1.701921,1.625924,0.000000,0.000000,0.000000,0.000000,0.000000,0.0000000,1.890582,1.840908,2.174503,2.304560,2.057199,0.000000,2.318081,0.000000,0.000000,1.826491,0.000000,2.139986,1.662291,1.829262,1.936669,2.060178,0.0000000,0.000000,2.550787,0.000000,1.7123009
0.000000,2.175809,2.0565344,0.000000,1.688093,0.000000,1.430144,1.979122,1.856667,0.000000,2.112608,2.196134,2.185083,2.447455,2.197093,2.407600,0.000000,2.226056,1.428143,1.867987,1.574565,2.046236,1.977872,2.225941,1.764325,2.076941,1.720334,1.979290,0.000000,0.000000,0.000000,0.000000,0.000000,1.611953,1.8719895,0.000000,2.328625,1.899231,1.786109,2.448902,2.264493,1.891642,1.632617,2.187011,2.052832,0.000000,0.000000,1.6994110,0.000000,1.808746,1.964157,1.837969,0.000000,1.563021,2.189631,0.000000,1.803333,2.054265,0.000000,1.982493,0.000000,0.000000,1.967952,2.114406,0.0000000,1.874447,2.542929,1.515359,1.8016150
0.000000,2.598846,2.1088972,2.237811,1.994219,0.000000,2.465120,0.000000,0.000000,0.000000,0.000000,1.851897,2.045038,2.478043,2.276359,2.423486,0.000000,2.256100,0.000000,0.000000,0.000000,0.000000,0.000000,2.223412,1.825893,2.060257,0.000000,2.032205,0.000000,2.317683,0.000000,0.000000,1.860127,0.000000,0.0000000,0.000000,2.435621,2.187919,0.000000,2.757662,2.746667,2.565865,0.000000,1.997738,2.023377,0.000000,0.000000,0.0000000,0.000000,2.411465,0.000000,2.199812,2.013759,1.825973,2.161928,2.269498,1.749359,2.003372,0.000000,2.086500,2.092138,0.000000,2.693515,2.148424,0.0000000,2.427630,2.616949,0.000000,0.0000000
0.000000,1.973703,0.0000000,0.000000,0.000000,0.000000,0.000000,2.174238,1.899913,2.202738,2.109504,2.217938,2.100532,2.441298,2.241087,2.362729,1.575642,2.347106,2.022014,2.039485,1.803520,2.224877,2.114337,2.223259,1.994866,2.199472,1.731579,2.138088,0.000000,0.000000,0.000000,0.000000,0.000000,0.000000,1.9673040,0.000000,2.504796,2.076433,1.533683,2.109564,2.187764,1.887826,0.000000,2.112903,0.000000,0.000000,1.801038,0.0000000,1.851048,1.819851,2.175386,2.052726,1.544767,0.000000,2.199391,1.965276,0.000000,1.724206,0.000000,2.230157,1.782849,0.000000,2.118439,1.925527,0.0000000,0.000000,2.505796,0.000000,0.0000000
0.000000,2.440839,1.7405345,2.039683,1.394278,0.000000,2.203887,0.000000,0.000000,1.941866,2.085857,1.963710,2.137621,2.502894,2.283600,2.378992,2.034676,2.359615,1.983073,2.088543,0.000000,2.176891,2.096249,2.223187,2.058899,2.204131,1.832887,2.017711,0.000000,2.065580,1.908005,1.289356,0.000000,0.000000,1.9069898,0.000000,2.479783,1.979947,0.000000,2.603684,2.571792,2.320994,1.556097,2.193524,0.000000,0.000000,1.888631,0.0000000,0.000000,2.169844,1.967390,2.087328,1.899343,1.759789,1.983316,1.987200,1.683575,1.881012,0.000000,2.214763,0.000000,0.000000,2.620954,2.049750,0.0000000,2.099737,2.575879,0.000000,0.0000000
0.000000,2.395463,1.7287939,1.933621,2.082464,0.000000,2.078166,2.169802,0.000000,2.273605,2.261444,2.071597,2.210366,2.457083,2.183200,2.398030,0.000000,2.365666,1.822070,1.946070,1.995347,2.184300,2.101393,2.250651,2.064792,2.193020,1.376009,2.099462,0.000000,0.000000,2.089685,0.000000,1.911619,0.000000,1.8094019,0.000000,2.550788,2.048157,0.000000,2.554647,2.324828,2.155708,0.000000,2.121360,0.000000,1.551992,0.000000,0.0000000,1.816139,2.061249,2.279840,1.955379,1.687439,1.750452,2.119902,2.104195,1.686964,0.000000,0.000000,2.224230,1.581751,0.000000,2.327107,1.923636,0.0000000,1.959564,2.489127,1.970125,0.0000000
2.484729,2.413631,1.5333408,2.182188,0.000000,0.000000,2.352713,1.868310,1.938635,0.000000,2.113625,2.155406,2.150736,2.463070,2.163959,2.471198,1.997148,2.330282,2.056865,2.064270,0.000000,2.136771,2.134501,2.286402,2.078340,2.213685,1.797932,2.030886,0.000000,0.000000,1.894722,1.850960,1.955461,0.000000,1.9828819,0.000000,2.462616,2.060159,0.000000,2.305719,2.152535,1.923357,1.664996,2.188960,1.913118,0.000000,1.937565,0.0000000,2.047569,1.856484,0.000000,2.339592,0.000000,2.003597,1.927173,1.933758,2.178754,1.534591,0.000000,2.180694,1.770623,0.000000,2.594521,1.870493,0.0000000,2.086297,2.499371,2.142452,1.3379463
2.487391,2.470270,2.0116550,2.263933,0.000000,0.000000,2.346322,1.779243,0.000000,2.194993,2.499201,0.000000,2.174641,2.426494,2.121543,2.372453,2.080074,2.362374,1.908985,1.848658,2.091645,2.231294,2.022811,2.350827,0.000000,2.226429,2.008366,2.067453,0.000000,0.000000,0.000000,1.848441,2.115172,0.000000,1.8095208,0.000000,2.578508,1.938275,0.000000,2.585477,2.514876,2.163980,0.000000,2.042790,1.772791,0.000000,2.073602,1.9315859,0.000000,2.125495,2.064322,2.282008,0.000000,2.126409,1.861479,1.998664,0.000000,1.892241,0.000000,2.095483,2.139187,1.861281,2.363091,1.854525,0.0000000,1.968849,2.495084,2.052648,0.0000000
0.000000,2.476622,1.6848432,2.161928,1.953217,2.075773,2.453875,2.177391,1.839038,0.000000,2.334296,2.259682,2.170649,2.481218,2.121367,2.367332,1.991409,2.230974,1.813891,1.827279,1.958047,2.130677,1.985793,2.287187,0.000000,2.101745,1.970416,2.042861,0.000000,0.000000,0.000000,0.000000,1.972718,0.000000,1.6546136,1.769605,2.495850,0.000000,0.000000,2.252693,2.067341,1.903024,0.000000,2.153994,1.970390,0.000000,2.179178,0.0000000,1.998958,0.000000,2.205847,2.469433,2.194466,2.140534,2.173693,1.988155,2.164590,0.000000,1.456955,2.152009,1.948278,0.000000,2.668125,1.939592,0.0000000,1.869869,2.461433,2.058299,1.8022423
2.658593,2.646537,1.6168593,2.431670,1.804385,0.000000,2.551191,2.146374,1.903287,0.000000,2.055107,0.000000,2.153330,2.447941,2.295969,2.361996,0.000000,2.293233,1.580059,1.993188,1.929747,2.215482,1.983293,2.213882,1.994621,2.068128,2.006558,2.054701,0.000000,0.000000,0.000000,0.000000,0.000000,0.000000,0.0000000,0.000000,2.407090,1.933257,1.747361,2.016729,1.934225,0.000000,0.000000,2.211206,1.762659,0.000000,0.000000,0.0000000,0.000000,2.169242,2.084668,1.992967,0.000000,1.735853,1.941950,2.041433,1.753172,0.000000,0.000000,2.237313,0.000000,1.607714,2.616839,2.079164,0.0000000,2.333938,2.613903,0.000000,0.0000000
0.000000,1.982751,0.0000000,1.556897,0.000000,0.000000,0.000000,1.785054,0.000000,2.106063,2.082263,2.152343,2.137738,2.454723,2.198691,2.391194,0.000000,2.350677,1.521068,2.028863,0.000000,2.090061,2.170227,2.243793,2.055861,2.250026,1.628751,2.102867,0.000000,0.000000,2.053606,0.000000,0.000000,0.000000,1.7878281,0.000000,2.523834,2.240631,0.000000,2.218272,2.154444,1.863293,1.543909,1.894070,0.000000,0.000000,1.842784,0.0000000,0.000000,1.818250,0.000000,2.109072,1.626883,0.000000,2.297248,0.000000,1.720444,1.797533,1.659835,2.195117,1.739382,0.000000,2.162968,2.067660,0.0000000,0.000000,2.472988,0.000000,1.6916945
0.000000,2.287339,1.7756703,1.917034,0.000000,0.000000,2.173677,2.010720,0.000000,1.977434,2.091832,1.925022,2.072973,2.468287,2.251475,2.367148,0.000000,2.384013,2.007793,2.040329,0.000000,2.246021,2.165587,2.199688,2.054887,2.277125,1.870182,2.094260,0.000000,0.000000,2.039846,0.000000,0.000000,0.000000,0.0000000,0.000000,2.351678,2.086992,2.093012,2.280210,2.393743,1.797036,0.000000,2.244793,1.787817,0.000000,1.617314,0.0000000,0.000000,2.269464,0.000000,2.317090,0.000000,0.000000,0.000000,2.195933,0.000000,1.778875,0.000000,2.274343,0.000000,0.000000,2.628965,2.040838,0.0000000,2.376296,2.567921,0.000000,0.0000000
0.000000,2.509475,1.5462568,1.829099,0.000000,0.000000,2.267828,2.144452,2.091078,0.000000,0.000000,2.156236,2.166633,2.449048,2.188311,2.336749,0.000000,2.345636,1.702167,2.004724,0.000000,2.226615,2.059360,2.229831,2.035159,2.163292,1.998985,2.056339,0.000000,0.000000,0.000000,0.000000,0.000000,0.000000,1.7845591,0.000000,2.466954,1.960130,1.654753,2.591705,2.601310,0.000000,0.000000,2.237385,0.000000,0.000000,0.000000,0.0000000,1.919924,0.000000,2.271296,2.247822,0.000000,1.898483,2.120504,1.738802,1.641355,0.000000,0.000000,2.104713,1.928122,0.000000,2.364213,1.974366,0.0000000,1.954978,2.469741,1.626487,0.0000000
2.271978,2.237639,1.4617400,2.174345,0.000000,0.000000,0.000000,2.014078,2.126168,2.329500,2.556125,2.144833,2.197362,2.447902,2.210810,2.444700,0.000000,2.306709,2.001396,1.862628,2.002878,2.225796,2.053461,2.218082,0.000000,2.203365,2.087742,1.974371,0.000000,0.000000,1.774990,0.000000,0.000000,0.000000,1.8830729,0.000000,2.526357,1.782956,0.000000,2.445795,2.297126,1.872978,0.000000,2.193512,1.857131,0.000000,1.895386,0.0000000,1.848157,1.695686,2.252943,2.283088,0.000000,0.000000,2.169660,2.051084,0.000000,1.500722,0.000000,2.163679,2.107363,0.000000,2.169295,1.926245,0.0000000,0.000000,2.572932,2.192245,0.0000000
2.372757,2.332556,1.7099175,2.064106,0.000000,0.000000,2.010917,1.939641,0.000000,2.380270,1.763958,1.973740,2.073059,2.475723,2.156041,2.390919,1.942617,2.342181,1.824778,1.984442,1.873773,2.161798,2.106284,2.153618,1.882401,2.220821,1.846118,2.041747,1.401903,0.000000,0.000000,0.000000,0.000000,0.000000,1.9664279,0.000000,2.496608,1.927984,1.814552,0.000000,0.000000,0.000000,0.000000,2.114074,2.084068,0.000000,0.000000,1.7443762,1.778727,0.000000,2.257396,2.047162,0.000000,0.000000,2.167837,0.000000,1.846604,1.982947,0.000000,2.046612,1.657068,1.778395,2.545071,1.903351,0.0000000,1.820485,2.310029,0.000000,0.0000000
0.000000,2.064580,0.0000000,0.000000,0.000000,0.000000,0.000000,1.856272,1.720735,1.952648,0.000000,2.201513,2.188831,2.442551,2.126962,2.378880,0.000000,1.867942,1.774814,1.860161,1.816564,2.020263,1.962631,2.281998,1.716530,2.191820,0.000000,2.077140,0.000000,0.000000,0.000000,0.000000,0.000000,0.000000,1.8386936,0.000000,2.491302,1.982016,0.000000,0.000000,0.000000,1.473035,0.000000,2.105822,0.000000,0.000000,1.638125,0.0000000,1.806355,1.740455,0.000000,2.260937,2.145986,0.000000,2.325176,0.000000,0.000000,1.649876,0.000000,2.125645,0.000000,0.000000,1.937106,1.884211,0.0000000,0.000000,2.335130,0.000000,1.7628238
2.241517,2.177614,1.8827143,1.988816,1.556498,0.000000,2.129881,1.900339,1.675768,0.000000,1.439758,2.214563,2.201862,2.494448,2.200740,2.413998,1.980293,2.246902,1.876174,1.944027,0.000000,1.973822,2.046174,2.227211,1.926021,2.112729,1.686442,1.972035,1.380543,0.000000,1.632553,0.000000,0.000000,0.000000,1.8359027,0.000000,2.476993,2.013129,1.706641,2.245090,1.998696,1.639870,1.679684,2.174152,2.184494,0.000000,0.000000,2.0162243,0.000000,2.041184,2.035673,1.640204,0.000000,1.719236,2.114228,1.875906,0.000000,2.046553,0.000000,2.195161,1.832391,0.000000,2.281385,1.958870,0.0000000,1.588853,2.547909,0.000000,1.7697096
0.000000,2.058638,1.8197497,1.837953,0.000000,0.000000,0.000000,1.797964,1.712378,0.000000,2.105788,2.210139,2.182249,2.459185,2.256198,2.418742,0.000000,1.768962,1.974840,2.082590,1.944829,2.141945,2.084483,2.285803,2.060574,2.125192,1.790311,2.005251,0.000000,0.000000,0.000000,0.000000,0.000000,0.000000,1.5710171,0.000000,2.371237,0.000000,1.779891,2.202386,2.195986,1.816479,0.000000,2.221255,0.000000,0.000000,0.000000,0.0000000,1.847368,1.797501,2.162544,2.026697,1.611737,0.000000,2.315248,2.030458,2.042048,1.922302,0.000000,2.319643,1.955847,0.000000,2.269687,2.103242,0.0000000,1.450799,2.559046,0.000000,1.8240838
0.000000,2.446245,2.3832203,2.411765,2.047495,0.000000,2.091939,1.950752,0.000000,2.392908,2.578534,0.000000,2.167032,2.462220,2.126624,2.450442,1.874773,0.000000,1.895942,0.000000,2.091803,2.262797,2.226272,2.252539,2.056970,2.212664,1.950171,1.964343,0.000000,0.000000,1.955441,1.762577,1.986856,0.000000,1.8856238,2.068151,2.585094,2.022938,2.193823,2.299985,1.902811,0.000000,0.000000,2.100629,1.878729,0.000000,1.812316,0.0000000,1.918806,1.741583,2.409995,2.051635,0.000000,1.906005,2.062715,2.204472,2.353784,1.760668,0.000000,2.259054,2.115045,0.000000,2.629053,2.013072,0.0000000,1.945850,2.343924,2.122611,2.2702337
2.431045,2.325545,0.0000000,2.251518,0.000000,0.000000,2.499750,0.000000,2.162441,0.000000,0.000000,0.000000,1.992010,2.564091,2.334526,2.433409,0.000000,2.353216,2.025649,2.143448,2.017850,2.334393,2.083252,2.221164,2.164838,2.194074,2.068642,2.080053,0.000000,0.000000,0.000000,0.000000,0.000000,0.000000,2.1086451,0.000000,2.503328,1.950472,0.000000,2.727164,2.732143,2.568472,0.000000,2.172953,0.000000,0.000000,1.829236,0.0000000,0.000000,0.000000,1.939287,0.000000,0.000000,0.000000,2.022931,2.141954,0.000000,0.000000,0.000000,2.275757,0.000000,0.000000,2.615926,2.156258,1.8664385,2.155956,2.677081,0.000000,1.9544829
0.000000,0.000000,2.0135235,0.000000,0.000000,0.000000,2.078706,2.091059,0.000000,0.000000,0.000000,0.000000,0.000000,2.526365,2.202527,2.446017,0.000000,2.297314,0.000000,1.938939,0.000000,0.000000,0.000000,2.198876,1.947487,2.021300,0.000000,2.091965,0.000000,0.000000,0.000000,0.000000,0.000000,0.000000,1.7466743,0.000000,2.385036,2.002077,0.000000,2.478172,2.551764,2.295827,0.000000,0.000000,2.293298,0.000000,0.000000,0.0000000,0.000000,0.000000,0.000000,2.147367,0.000000,0.000000,1.895853,0.000000,0.000000,2.080821,0.000000,2.173675,1.956623,0.000000,2.167459,2.094786,0.0000000,2.002146,2.540212,0.000000,0.0000000
2.529687,2.291775,1.8074247,2.232637,0.000000,0.000000,2.369928,2.028476,2.040700,2.271990,2.051508,1.782896,2.180208,2.486489,2.180919,2.410710,1.896073,2.321047,1.835722,1.976747,0.000000,2.169404,2.285062,2.228055,2.041358,2.186223,0.000000,2.099276,0.000000,0.000000,1.892203,0.000000,2.078169,0.000000,0.0000000,0.000000,2.481115,2.077887,0.000000,2.685424,2.549175,2.483948,0.000000,0.000000,0.000000,0.000000,0.000000,0.0000000,2.093374,2.278328,2.219951,2.334836,0.000000,0.000000,2.018678,1.765110,0.000000,1.972187,0.000000,2.276418,2.018981,0.000000,2.622148,1.976697,0.0000000,2.248383,2.522676,0.000000,0.0000000
0.000000,2.423562,2.0085715,0.000000,1.865024,1.901994,2.107462,0.000000,0.000000,0.000000,2.163617,0.000000,2.064016,2.466071,2.170575,2.386392,1.933949,2.247845,0.000000,0.000000,1.912396,2.070085,1.978474,2.174637,0.000000,2.102232,1.887458,2.003071,0.000000,0.000000,1.775494,0.000000,0.000000,0.000000,0.0000000,0.000000,2.388091,1.774054,1.599910,2.700897,2.651929,2.351455,0.000000,2.007780,1.907076,0.000000,0.000000,1.7356879,0.000000,1.837710,0.000000,0.000000,2.029662,1.774003,2.195956,2.003434,2.126947,1.980389,0.000000,1.759101,0.000000,0.000000,2.617606,1.911897,0.0000000,1.993851,2.521485,1.955968,1.7512703
0.000000,1.965968,0.0000000,0.000000,0.000000,0.000000,0.000000,0.000000,2.027095,0.000000,1.925231,0.000000,2.177659,2.471711,2.231929,2.416729,0.000000,2.398743,1.882813,1.936077,0.000000,2.186745,2.096260,2.258863,1.937954,2.225201,1.557096,2.122888,0.000000,0.000000,1.685164,0.000000,0.000000,0.000000,1.9338707,0.000000,2.364047,1.915711,1.765070,1.955037,0.000000,1.814924,0.000000,2.186977,0.000000,0.000000,1.796852,0.0000000,0.000000,2.065329,1.930450,1.897214,0.000000,0.000000,2.326469,0.000000,1.819796,0.000000,0.000000,2.209884,1.685964,0.000000,1.921299,2.098542,1.8589974,0.000000,2.537916,0.000000,1.7244369
0.000000,2.138292,1.6394430,0.000000,0.000000,0.000000,0.000000,0.000000,1.962795,0.000000,0.000000,2.177221,2.137455,2.436188,2.227394,2.376705,1.971541,2.335551,1.893767,1.916838,1.787423,2.177435,2.051010,2.215764,1.968138,2.180089,1.773621,2.060377,0.000000,0.000000,2.049251,0.000000,2.002785,0.000000,1.7333970,0.000000,2.400184,0.000000,0.000000,2.033114,1.840171,1.761612,1.492187,2.190905,0.000000,0.000000,1.735885,0.0000000,1.787539,1.723636,1.637385,1.950383,2.059418,1.785911,2.071561,0.000000,0.000000,1.744485,1.601991,2.188818,0.000000,0.000000,2.067655,1.980256,0.0000000,1.655997,2.509755,0.000000,1.6062271
0.000000,1.887631,0.0000000,1.650647,0.000000,0.000000,0.000000,0.000000,0.000000,1.731951,0.000000,2.056424,2.201928,2.492312,2.276134,2.375544,1.925364,0.000000,1.910818,2.005872,1.818779,2.205674,2.064038,2.241977,2.020657,2.199791,1.747331,2.043652,0.000000,0.000000,0.000000,0.000000,0.000000,0.000000,1.7790589,0.000000,2.344773,1.837321,0.000000,0.000000,0.000000,1.817109,0.000000,0.000000,0.000000,0.000000,1.489953,0.0000000,0.000000,1.777480,2.092877,2.071033,2.094333,0.000000,2.008853,0.000000,1.764094,1.743878,0.000000,2.177781,1.759115,0.000000,2.238404,2.012407,0.0000000,0.000000,2.542974,0.000000,1.6788754
0.000000,2.043941,0.0000000,0.000000,0.000000,0.000000,1.816300,0.000000,0.000000,0.000000,1.768646,1.943128,0.000000,2.476265,2.247579,2.368465,1.838694,2.402415,1.849921,1.925589,1.912433,2.177316,2.076392,2.229977,1.946324,2.201728,1.945442,2.200431,0.000000,0.000000,0.000000,0.000000,0.000000,0.000000,1.9482747,0.000000,2.413002,2.015586,0.000000,2.518981,2.495397,2.292051,0.000000,2.101930,0.000000,0.000000,1.950840,0.0000000,0.000000,2.000887,0.000000,0.000000,0.000000,0.000000,1.856188,0.000000,1.895591,0.000000,0.000000,2.140318,1.959208,0.000000,2.212805,1.711588,0.0000000,1.991925,2.460469,0.000000,0.0000000
2.189205,1.918946,1.7283275,1.660721,0.000000,0.000000,1.895276,0.000000,1.920661,0.000000,0.000000,0.000000,2.117363,2.462213,2.213204,2.379951,2.043954,2.373584,1.829228,1.920154,0.000000,2.181129,2.005505,2.239508,1.928578,2.187128,1.839446,2.093307,1.438713,0.000000,1.709350,0.000000,0.000000,0.000000,2.0294078,0.000000,2.433013,2.006493,0.000000,2.045075,2.023644,1.742405,0.000000,2.121065,0.000000,0.000000,1.740758,0.0000000,0.000000,1.769303,0.000000,1.974205,0.000000,0.000000,2.003020,0.000000,1.746766,1.716511,0.000000,2.183383,1.739767,0.000000,2.393277,1.931348,0.0000000,1.581751,2.432250,1.861845,2.0096894
0.000000,2.615593,0.0000000,2.327135,1.942384,0.000000,2.140015,2.091835,2.139919,0.000000,2.138567,2.008508,1.948653,2.478381,2.292434,2.341565,1.922937,2.395983,1.852246,2.024603,0.000000,2.226206,2.037952,2.139366,1.971992,2.168706,2.140732,2.022104,0.000000,0.000000,0.000000,1.888570,0.000000,0.000000,1.9343025,1.810380,2.552950,2.129883,0.000000,1.914241,0.000000,0.000000,1.925598,1.838629,0.000000,0.000000,0.000000,0.0000000,1.836328,0.000000,0.000000,1.830768,0.000000,1.986182,2.046292,2.105250,0.000000,1.564555,0.000000,2.270926,0.000000,0.000000,2.497038,1.848591,0.0000000,2.169415,2.392086,1.845829,0.0000000
2.159784,2.151448,0.0000000,1.580146,0.000000,0.000000,2.100418,1.523675,1.782597,0.000000,2.149149,2.037345,2.058979,2.421281,2.267179,2.394802,2.012450,2.326514,1.635300,0.000000,2.000169,1.793785,2.034084,2.191078,0.000000,2.167233,1.976005,2.142052,0.000000,2.220506,1.892252,1.624425,0.000000,0.000000,1.8316664,0.000000,2.395840,1.907355,0.000000,2.434075,2.273792,2.014013,0.000000,1.964483,0.000000,0.000000,1.763944,0.0000000,1.794415,0.000000,0.000000,2.097583,0.000000,1.991794,1.991752,1.874070,0.000000,0.000000,0.000000,2.070665,0.000000,0.000000,2.211946,1.725886,0.0000000,0.000000,2.405237,1.899999,1.6444329
0.000000,2.440113,0.0000000,2.072827,0.000000,0.000000,2.229183,0.000000,0.000000,1.658566,0.000000,2.043078,0.000000,2.470398,2.281697,2.368701,0.000000,2.293630,1.855458,0.000000,1.940487,2.205849,1.901749,2.226419,0.000000,2.102224,1.948514,2.020081,0.000000,2.278848,1.997479,0.000000,0.000000,0.000000,1.9517322,0.000000,2.431787,0.000000,0.000000,2.634407,2.616906,2.286005,0.000000,0.000000,1.700909,0.000000,1.597253,0.0000000,0.000000,1.906015,0.000000,0.000000,0.000000,0.000000,1.756403,1.629629,0.000000,1.750108,0.000000,2.266280,0.000000,0.000000,2.609265,1.964891,0.0000000,2.065363,2.440271,0.000000,1.7910918
0.000000,2.057982,0.0000000,0.000000,0.000000,0.000000,0.000000,0.000000,1.903381,0.000000,1.931021,0.000000,2.000290,2.444593,2.173703,2.396114,1.834965,2.344144,1.767175,1.877343,1.945140,2.111790,1.981678,2.204286,1.922307,2.107444,1.670171,2.046664,0.000000,1.733798,0.000000,0.000000,0.000000,0.000000,1.8601477,0.000000,2.464676,1.979128,0.000000,0.000000,0.000000,1.816451,1.637013,2.085553,0.000000,0.000000,1.582139,0.0000000,1.805623,1.722705,2.121766,2.072452,2.032963,0.000000,2.057845,0.000000,1.571109,1.763289,0.000000,2.261521,1.537566,0.000000,2.018030,1.857032,0.0000000,0.000000,2.421439,0.000000,0.0000000
0.000000,2.213216,1.4163201,2.232988,2.040649,0.000000,2.050858,0.000000,0.000000,0.000000,0.000000,0.000000,2.057686,2.470921,2.172325,2.350092,1.952799,2.363797,2.054128,1.952983,0.000000,2.211959,2.114572,2.161776,1.915396,2.133759,2.114883,2.064962,1.700204,0.000000,2.128410,0.000000,0.000000,0.000000,0.0000000,0.000000,2.404629,1.945339,0.000000,2.638618,2.608512,2.485840,1.425713,2.203085,0.000000,0.000000,1.806142,0.0000000,0.000000,2.269363,0.000000,0.000000,2.106954,0.000000,1.968655,0.000000,0.000000,0.000000,0.000000,1.987922,0.000000,0.000000,2.349574,1.916513,1.6526846,1.882233,2.480887,0.000000,1.9941805
0.000000,2.210453,1.6212495,1.844796,1.589761,0.000000,1.917638,0.000000,2.068536,0.000000,1.875509,0.000000,2.241500,2.451582,2.242038,2.421770,1.877252,2.338915,1.807967,1.946126,0.000000,2.193043,1.987425,2.259301,1.917376,2.140328,1.323578,2.072920,0.000000,0.000000,0.000000,0.000000,0.000000,0.000000,1.8064155,0.000000,2.465096,2.078942,0.000000,2.351801,2.100747,1.975315,0.000000,2.124536,0.000000,0.000000,0.000000,0.0000000,0.000000,1.832383,2.068195,1.944719,0.000000,1.861675,2.200838,1.728897,1.885164,1.632202,0.000000,2.243440,0.000000,1.489445,2.300233,1.992541,0.0000000,1.864048,2.528608,1.727790,1.7381551
0.000000,2.015353,0.0000000,0.000000,0.000000,0.000000,0.000000,1.848434,2.056446,0.000000,0.000000,2.135050,2.068129,2.479024,2.254542,2.403125,0.000000,2.424551,0.000000,1.977157,0.000000,2.189179,2.057864,2.206196,1.878394,2.217818,2.136337,2.159014,1.634578,0.000000,1.715667,0.000000,0.000000,0.000000,1.9962392,0.000000,2.450082,2.155983,0.000000,0.000000,0.000000,1.795568,0.000000,2.202093,0.000000,0.000000,0.000000,0.0000000,1.775934,1.855408,1.985944,2.236907,0.000000,0.000000,2.326617,0.000000,0.000000,0.000000,0.000000,2.137547,1.696498,0.000000,2.007398,2.102430,0.0000000,0.000000,2.524865,0.000000,0.0000000
2.548702,2.531735,1.9870890,2.325548,0.000000,2.139170,2.498003,2.288916,2.144389,0.000000,2.325119,1.907881,1.956128,2.488832,2.202238,2.408146,1.772586,2.266626,1.711588,0.000000,2.134950,2.229775,1.914282,2.203421,0.000000,2.083921,1.882018,1.916208,0.000000,0.000000,2.012239,0.000000,2.258983,0.000000,0.0000000,2.079269,2.409753,0.000000,0.000000,2.480927,2.284487,2.107534,0.000000,2.216539,2.074814,0.000000,2.105316,1.8858728,1.885941,1.993812,0.000000,2.311850,0.000000,1.908196,2.100550,2.137260,2.101360,2.073272,1.698992,2.121910,1.883453,0.000000,2.623127,1.940531,0.0000000,2.129468,2.424396,2.163857,1.5742948
0.000000,1.957706,1.8657034,0.000000,0.000000,0.000000,0.000000,1.834063,0.000000,1.771375,0.000000,1.751774,2.055998,2.494705,2.205476,2.333539,1.917916,2.367570,0.000000,1.970903,0.000000,2.147275,2.111160,2.042024,1.871272,2.195778,1.740199,2.143706,0.000000,0.000000,1.906648,0.000000,1.929864,0.000000,1.7838251,1.487765,2.371475,2.020221,0.000000,2.235891,2.366623,0.000000,0.000000,2.199749,2.002146,0.000000,0.000000,1.3692143,0.000000,2.213004,1.816893,2.087594,0.000000,0.000000,1.771982,0.000000,0.000000,1.987264,0.000000,2.116705,0.000000,0.000000,2.151291,1.964251,0.0000000,1.630985,2.261221,0.000000,0.0000000
0.000000,2.063294,0.0000000,0.000000,0.000000,0.000000,0.000000,0.000000,0.000000,0.000000,1.837678,0.000000,2.187138,2.485964,2.252468,2.389830,2.044273,2.360052,1.844750,1.970871,0.000000,2.208656,2.200504,2.214726,1.972644,2.259643,0.000000,2.159563,0.000000,0.000000,2.081702,1.508614,0.000000,0.000000,2.0496478,0.000000,2.492204,1.897726,0.000000,0.000000,0.000000,1.782777,0.000000,2.075618,0.000000,0.000000,1.662212,0.0000000,0.000000,1.908125,1.920232,2.052271,2.037896,1.682507,1.991789,0.000000,0.000000,1.807455,0.000000,2.246338,0.000000,0.000000,2.114790,1.971670,0.0000000,0.000000,2.532617,0.000000,1.6634260
0.000000,1.809432,0.0000000,1.923445,0.000000,0.000000,1.797458,1.839917,1.749914,0.000000,1.724526,0.000000,2.222643,2.442958,2.211080,2.419213,0.000000,2.290835,1.430741,2.006760,1.886937,2.070100,1.921450,2.262119,2.001622,2.158507,0.000000,1.891175,0.000000,0.000000,1.897442,0.000000,0.000000,1.917810,1.9658776,0.000000,2.437460,1.850209,0.000000,0.000000,0.000000,1.779194,0.000000,2.020217,0.000000,0.000000,0.000000,0.0000000,0.000000,0.000000,2.169036,1.919073,0.000000,0.000000,2.132762,2.082753,2.141137,0.000000,0.000000,2.206017,0.000000,0.000000,2.185624,1.995077,0.0000000,0.000000,2.551530,0.000000,0.0000000
0.000000,2.212006,1.7251277,1.615381,1.881784,0.000000,2.044008,2.049304,1.817119,0.000000,2.012454,2.132711,2.180912,2.470005,2.238759,2.408500,1.769644,0.000000,1.740311,1.910603,0.000000,2.082040,1.992256,2.232946,2.006278,2.111623,1.871360,2.006021,0.000000,0.000000,2.049810,0.000000,0.000000,0.000000,1.9621940,0.000000,2.489804,2.078929,1.801279,2.344289,2.171481,1.918071,0.000000,2.229056,0.000000,1.733179,1.780171,0.0000000,0.000000,2.122118,2.032307,1.972066,0.000000,1.935405,2.129279,2.074154,1.772932,1.614886,0.000000,2.279309,0.000000,0.000000,2.154513,1.921510,1.8759787,1.522770,2.426241,2.079546,0.0000000
0.000000,2.316003,0.0000000,0.000000,0.000000,0.000000,2.415143,0.000000,1.798672,0.000000,1.649647,2.127398,2.254347,2.451321,2.211474,2.420412,1.895370,2.349792,1.802794,2.046745,1.965781,2.156990,2.052007,2.246018,1.999384,2.141746,1.942606,2.054359,0.000000,0.000000,0.000000,0.000000,2.088239,0.000000,1.9094148,0.000000,2.462266,2.048181,1.680016,2.344311,2.161717,1.799429,1.530756,2.265536,0.000000,0.000000,1.663189,0.0000000,0.000000,2.158799,0.000000,2.021605,0.000000,1.630244,2.155499,0.000000,0.000000,1.779720,0.000000,2.265516,0.000000,0.000000,2.433843,2.069617,0.0000000,2.052804,2.573030,0.000000,0.0000000
0.000000,2.116558,0.0000000,0.000000,0.000000,0.000000,0.000000,1.596344,0.000000,1.958323,1.918801,1.921677,2.181109,2.488156,2.188997,2.392342,1.989493,2.392385,1.671652,2.069271,1.790945,2.142626,2.116103,2.233085,2.018441,2.185607,0.000000,0.000000,0.000000,1.760264,1.868768,1.686147,0.000000,0.000000,1.8722027,0.000000,2.437474,1.830946,0.000000,0.000000,0.000000,1.779573,0.000000,2.011232,0.000000,1.649561,0.000000,0.0000000,1.493044,2.229151,0.000000,1.671801,0.000000,1.844780,2.135194,0.000000,0.000000,1.772624,0.000000,2.174034,0.000000,0.000000,1.873841,2.019375,0.0000000,0.000000,2.537134,0.000000,0.0000000
0.000000,2.205858,1.5649362,0.000000,0.000000,0.000000,2.370116,0.000000,1.809867,0.000000,1.664448,0.000000,2.160717,2.431522,2.200387,2.362359,1.967292,0.000000,1.914654,1.914872,0.000000,2.166852,2.083402,2.197100,1.969994,2.025585,1.621454,2.101251,0.000000,0.000000,1.831827,1.585297,0.000000,0.000000,1.8546247,0.000000,2.444492,1.951820,0.000000,2.423720,2.339654,1.754339,0.000000,2.087173,0.000000,0.000000,1.744065,0.0000000,0.000000,1.890254,0.000000,1.963285,1.987195,1.769958,2.103523,0.000000,1.627212,1.615593,0.000000,1.926621,0.000000,0.000000,2.391038,1.842581,0.0000000,1.642826,2.385822,0.000000,1.5571960
0.000000,1.942420,0.0000000,0.000000,0.000000,0.000000,2.478764,0.000000,2.079424,0.000000,0.000000,0.000000,1.854924,2.546838,2.308087,2.446259,0.000000,2.413724,2.037613,1.982916,0.000000,2.260599,2.138101,2.366383,1.987463,2.247652,1.777269,2.162018,0.000000,0.000000,1.942264,0.000000,0.000000,0.000000,1.8842401,0.000000,2.479174,0.000000,2.019618,2.545629,2.643053,2.303111,0.000000,0.000000,2.045245,0.000000,0.000000,0.0000000,0.000000,0.000000,0.000000,0.000000,0.000000,0.000000,1.987627,0.000000,0.000000,2.016428,1.795524,2.137044,0.000000,0.000000,2.266990,2.008373,0.0000000,0.000000,2.484340,0.000000,0.0000000
0.000000,2.325753,1.8005422,2.004735,1.876021,0.000000,2.176733,0.000000,0.000000,0.000000,0.000000,1.950424,2.184845,2.438043,2.217528,2.485830,1.937486,2.215070,1.656520,1.729396,0.000000,2.068974,1.775306,2.233464,0.000000,1.970131,0.000000,2.010339,0.000000,2.457703,1.885465,1.615664,0.000000,0.000000,0.0000000,0.000000,2.357419,0.000000,1.929932,2.690091,2.491026,2.501746,0.000000,1.625459,1.958573,0.000000,0.000000,0.0000000,0.000000,0.000000,0.000000,2.242304,2.015457,2.004708,2.305192,2.104186,2.115422,1.783052,0.000000,0.000000,0.000000,0.000000,2.588767,1.667963,0.0000000,2.095029,2.352482,1.912073,1.8391586
0.000000,2.272431,1.7537860,0.000000,1.569818,0.000000,0.000000,2.030193,1.806628,1.988711,2.199696,2.211130,2.185244,2.476906,2.203288,2.383676,0.000000,2.347736,1.889459,1.694331,0.000000,2.181222,2.059385,2.229275,1.788484,2.201809,1.662185,2.163752,0.000000,0.000000,1.885692,0.000000,0.000000,0.000000,1.5830837,0.000000,2.432733,1.840774,1.658864,0.000000,0.000000,1.763917,0.000000,2.169591,0.000000,0.000000,0.000000,0.0000000,0.000000,1.933367,2.250290,1.953867,0.000000,0.000000,2.190272,2.333927,0.000000,1.646082,0.000000,2.284737,1.718757,1.852202,2.037819,2.132023,0.0000000,0.000000,2.605487,0.000000,0.0000000
0.000000,2.018427,1.6653864,1.505178,0.000000,0.000000,0.000000,1.898257,1.949333,0.000000,2.150662,2.169290,2.161549,2.466090,2.247859,2.385150,1.702536,2.407937,1.932676,2.100704,0.000000,2.260815,2.183355,2.275735,2.025890,2.196347,1.658077,2.132869,1.524156,0.000000,1.944350,0.000000,0.000000,1.866602,1.8541165,0.000000,2.463289,1.998992,0.000000,0.000000,0.000000,1.758367,0.000000,2.185159,0.000000,0.000000,1.666448,0.0000000,0.000000,2.094306,2.043309,1.917478,1.499281,0.000000,2.262566,2.250718,0.000000,1.620051,0.000000,2.299398,1.626421,0.000000,2.101816,1.994476,1.8498324,0.000000,2.584047,0.000000,1.7016116
0.000000,2.155640,0.0000000,1.742609,0.000000,0.000000,0.000000,0.000000,1.878340,0.000000,0.000000,2.227887,2.302191,2.451091,2.212413,2.385460,0.000000,2.333491,1.808007,1.899333,0.000000,2.174157,2.061477,2.257157,0.000000,2.147890,0.000000,2.083275,0.000000,0.000000,1.850872,0.000000,2.122460,0.000000,1.7040656,0.000000,2.425228,2.011923,0.000000,2.172919,1.795753,0.000000,0.000000,2.161478,0.000000,1.580711,0.000000,0.0000000,1.789914,2.012856,2.271256,2.152439,0.000000,0.000000,2.305093,2.226932,1.928692,1.734231,0.000000,1.850202,0.000000,1.906826,2.048260,2.097308,1.4872508,1.851583,2.564609,1.439948,0.0000000
0.000000,2.650986,2.0753843,2.377917,2.169949,1.821507,2.551173,2.214274,0.000000,2.531666,2.480188,0.000000,2.199773,2.538879,2.284523,2.419280,0.000000,2.255894,0.000000,2.019893,2.050611,0.000000,2.149332,2.295638,2.064318,2.059031,0.000000,0.000000,2.216397,2.382724,2.143984,0.000000,1.940882,0.000000,2.1087333,0.000000,2.516192,0.000000,0.000000,2.782884,2.748171,2.632079,0.000000,0.000000,0.000000,0.000000,2.233654,0.0000000,0.000000,2.306122,1.998972,2.323234,0.000000,2.149299,2.054644,0.000000,2.061166,0.000000,0.000000,2.165253,2.233390,0.000000,2.500994,1.968593,0.0000000,2.330241,2.606846,0.000000,1.9664549
0.000000,1.799631,1.8293310,0.000000,0.000000,0.000000,1.959195,2.021490,1.970616,0.000000,2.185236,2.107038,1.935996,2.502911,2.259625,2.431345,0.000000,2.185648,0.000000,0.000000,0.000000,1.912281,1.845118,2.218192,1.690060,2.017219,0.000000,1.960666,1.939391,1.588770,0.000000,0.000000,2.008495,0.000000,2.1214670,0.000000,2.487996,2.215874,0.000000,0.000000,0.000000,1.969357,0.000000,2.158895,2.095072,0.000000,1.778136,0.0000000,0.000000,2.059771,0.000000,2.047861,0.000000,0.000000,2.063013,0.000000,0.000000,1.770141,0.000000,2.293244,1.874791,0.000000,2.466016,2.139231,0.0000000,0.000000,2.575320,0.000000,0.0000000
1.844056,1.960058,0.0000000,0.000000,0.000000,0.000000,0.000000,1.973196,0.000000,2.277971,1.955467,2.228940,2.155043,2.474133,2.109318,2.430474,1.884395,2.256686,0.000000,1.797414,0.000000,1.824512,2.011737,2.271478,1.949185,2.068751,0.000000,2.014429,2.049040,0.000000,1.917394,0.000000,2.036065,0.000000,2.1394198,1.778592,2.463638,1.911326,0.000000,1.911359,0.000000,1.816064,0.000000,2.034419,2.114510,0.000000,1.784995,1.8930784,1.735853,1.699766,2.338938,1.899618,0.000000,0.000000,2.258820,0.000000,0.000000,2.017476,0.000000,2.252601,1.812044,1.851144,2.347227,1.865361,0.0000000,1.812093,2.492533,0.000000,0.0000000
0.000000,1.856046,0.0000000,0.000000,0.000000,0.000000,0.000000,0.000000,1.980841,0.000000,2.169609,1.967575,2.102607,2.497623,2.220730,2.428231,1.980836,2.194157,0.000000,0.000000,0.000000,1.754804,1.894568,2.234083,0.000000,1.992338,0.000000,2.027355,0.000000,0.000000,0.000000,0.000000,0.000000,0.000000,2.0594980,0.000000,2.455134,2.019843,0.000000,2.485240,2.510829,2.178215,0.000000,2.172826,2.035494,0.000000,0.000000,1.7909112,0.000000,1.860900,0.000000,2.302239,0.000000,0.000000,1.858901,0.000000,0.000000,0.000000,0.000000,2.251156,2.095593,0.000000,1.848792,1.978616,0.0000000,0.000000,2.512442,1.806800,1.6098471
2.030917,1.941389,1.9032969,0.000000,0.000000,0.000000,1.960898,1.594752,1.745105,0.000000,0.000000,2.077318,2.059648,2.458219,2.248370,2.415742,0.000000,2.060709,0.000000,1.860572,0.000000,1.730458,2.044121,2.308079,1.810370,1.985786,1.786425,1.902697,1.899215,0.000000,2.000742,0.000000,0.000000,0.000000,2.0218513,0.000000,2.526397,1.862669,0.000000,2.204186,1.926179,1.694633,1.580277,2.037988,1.819925,0.000000,1.839877,0.0000000,0.000000,1.845018,1.803375,2.183218,0.000000,0.000000,2.135425,0.000000,1.834535,1.718407,0.000000,2.171221,0.000000,0.000000,2.025645,2.111671,0.0000000,0.000000,2.442244,0.000000,0.0000000
0.000000,2.071206,1.9422638,1.710152,0.000000,0.000000,2.046431,1.997455,2.012376,0.000000,2.073063,2.270968,2.079079,2.489101,2.318795,2.484884,0.000000,2.242652,0.000000,1.993793,2.065158,2.069480,2.141479,2.250783,1.880194,1.999969,0.000000,1.993128,2.332536,0.000000,2.273888,0.000000,0.000000,0.000000,2.1369652,0.000000,2.520019,0.000000,0.000000,0.000000,0.000000,0.000000,0.000000,2.070064,0.000000,0.000000,0.000000,0.0000000,2.086704,1.908401,0.000000,2.120857,0.000000,0.000000,2.381100,0.000000,0.000000,1.816356,1.809907,2.292225,2.003818,0.000000,2.248703,2.169071,0.0000000,0.000000,2.606178,0.000000,0.0000000
0.000000,1.468208,0.0000000,0.000000,0.000000,0.000000,0.000000,1.767680,0.000000,0.000000,1.670323,0.000000,1.980446,2.454360,2.217356,2.361109,1.405664,2.088713,1.851561,1.715139,0.000000,1.787041,1.970712,2.308784,0.000000,2.020060,0.000000,1.930997,1.918691,0.000000,1.788174,0.000000,0.000000,0.000000,1.7517148,0.000000,2.437434,0.000000,0.000000,0.000000,0.000000,0.000000,0.000000,2.138688,0.000000,0.000000,1.933578,0.0000000,0.000000,1.627147,2.272167,2.172958,0.000000,0.000000,2.122376,2.003970,0.000000,1.719070,0.000000,2.169947,1.481877,1.881393,2.272405,2.042837,0.0000000,0.000000,2.540959,1.680229,1.5678631
0.000000,1.924306,0.0000000,0.000000,0.000000,0.000000,0.000000,1.800795,1.967465,0.000000,0.000000,1.785066,2.197476,2.490604,2.242478,2.384425,1.894399,2.401071,1.885573,1.928412,0.000000,2.252699,2.181532,2.195586,1.977066,2.211993,1.832551,2.091450,0.000000,0.000000,1.609591,0.000000,1.992003,0.000000,1.9397933,0.000000,2.399391,1.867085,1.893682,0.000000,0.000000,1.772123,0.000000,2.168541,0.000000,0.000000,1.861179,0.0000000,1.714572,1.773545,2.159597,1.975719,0.000000,0.000000,2.270486,0.000000,1.858942,0.000000,0.000000,2.182084,0.000000,0.000000,2.161031,2.044393,0.0000000,0.000000,2.581989,1.901262,0.0000000
2.029475,2.029947,0.0000000,0.000000,0.000000,0.000000,0.000000,1.589473,1.958208,0.000000,0.000000,0.000000,2.208337,2.449097,2.214696,2.418063,1.956620,2.360032,1.871025,1.729894,2.074611,2.059862,1.961237,2.239398,1.663741,2.132426,1.884034,2.143220,0.000000,0.000000,2.049658,0.000000,0.000000,0.000000,1.7814195,0.000000,2.472599,1.996265,1.619293,0.000000,0.000000,0.000000,0.000000,2.199617,0.000000,0.000000,0.000000,0.0000000,0.000000,1.713908,2.180019,2.047275,0.000000,0.000000,1.976152,0.000000,0.000000,1.594392,0.000000,1.975819,0.000000,2.248472,2.066344,1.813506,0.0000000,0.000000,2.370990,0.000000,2.0748309
0.000000,1.914650,1.8446498,1.582311,0.000000,0.000000,0.000000,1.866058,1.792774,0.000000,0.000000,2.128721,2.168435,2.483117,2.139880,2.428387,0.000000,2.278193,1.624492,1.846907,0.000000,2.135489,2.066978,2.257701,1.902468,2.137433,1.636672,2.068128,0.000000,0.000000,1.694525,0.000000,0.000000,1.775519,1.7857352,0.000000,2.435669,1.808935,1.652375,0.000000,0.000000,1.711954,0.000000,2.110704,2.190456,0.000000,1.749749,1.9549843,0.000000,1.802649,2.189229,1.560890,1.824796,0.000000,2.057848,2.054874,0.000000,2.139303,0.000000,2.103908,1.667066,0.000000,2.086455,1.884749,0.0000000,1.885958,2.529638,1.727998,1.7256393
0.000000,2.020221,1.7270941,1.626784,0.000000,0.000000,0.000000,1.948985,2.096406,2.118149,0.000000,2.284192,2.213667,2.472885,2.262930,2.384590,0.000000,2.376610,1.878232,1.895575,1.955595,2.126752,2.010418,2.241314,0.000000,2.220780,1.737310,2.097067,2.201527,0.000000,2.129903,0.000000,0.000000,0.000000,1.7913736,0.000000,2.441662,1.959230,1.808686,0.000000,0.000000,0.000000,0.000000,2.092498,1.626256,0.000000,1.889288,0.0000000,1.828624,1.919567,2.115930,2.001537,0.000000,0.000000,2.326376,0.000000,0.000000,0.000000,0.000000,2.034400,0.000000,1.821852,1.834013,2.180506,0.0000000,0.000000,2.607622,0.000000,0.0000000
0.000000,1.736575,1.6030605,0.000000,0.000000,0.000000,0.000000,0.000000,1.692527,0.000000,0.000000,0.000000,0.000000,2.500810,2.224103,2.347358,0.000000,2.201878,0.000000,1.949787,0.000000,1.957742,1.919911,2.188230,1.774890,2.065312,0.000000,1.955984,2.077445,0.000000,2.045139,0.000000,0.000000,0.000000,1.8230264,0.000000,2.483728,1.952946,0.000000,0.000000,0.000000,0.000000,0.000000,0.000000,0.000000,0.000000,1.741219,0.0000000,0.000000,0.000000,0.000000,0.000000,0.000000,0.000000,1.926600,0.000000,0.000000,0.000000,0.000000,2.143215,1.689481,0.000000,2.136036,1.946807,0.0000000,0.000000,2.451242,0.000000,0.0000000
0.000000,2.000115,0.0000000,0.000000,0.000000,0.000000,0.000000,0.000000,1.800363,0.000000,2.121368,2.194558,2.148852,2.475840,2.246211,2.442710,1.814265,2.284918,1.772906,1.719309,1.988609,2.128994,1.983806,2.146868,1.808117,2.171835,1.969720,2.009534,0.000000,0.000000,1.996277,0.000000,2.032001,0.000000,1.8927998,0.000000,2.426950,1.977140,0.000000,0.000000,0.000000,1.669058,0.000000,1.889997,0.000000,0.000000,1.719658,0.0000000,0.000000,1.896314,2.169597,1.939051,0.000000,0.000000,2.163029,1.791159,1.625659,0.000000,0.000000,2.161619,1.717387,1.776072,2.065755,2.170856,0.0000000,0.000000,2.597495,1.962197,0.0000000
0.000000,1.903252,0.0000000,0.000000,0.000000,0.000000,0.000000,0.000000,1.888631,0.000000,0.000000,0.000000,2.196589,2.453714,2.185433,2.457609,0.000000,2.188032,0.000000,0.000000,0.000000,1.932251,1.927218,2.282518,0.000000,2.021566,0.000000,1.936073,2.055012,0.000000,1.991340,0.000000,0.000000,0.000000,1.9058449,0.000000,2.472872,2.039503,0.000000,0.000000,0.000000,0.000000,0.000000,2.136475,0.000000,0.000000,1.767627,0.0000000,0.000000,1.849410,2.215484,2.212763,2.113672,0.000000,2.213757,0.000000,0.000000,1.667631,0.000000,2.186156,0.000000,0.000000,1.899343,2.111633,0.0000000,0.000000,2.345510,2.083197,0.0000000
0.000000,1.933175,0.0000000,0.000000,0.000000,0.000000,0.000000,2.017097,2.118940,0.000000,2.013081,2.263708,1.778506,2.468187,2.270942,2.440148,0.000000,2.273372,1.864640,1.922076,0.000000,2.210053,2.026192,2.181776,1.889756,2.049640,0.000000,1.926013,0.000000,0.000000,2.086240,0.000000,0.000000,0.000000,1.8923754,0.000000,2.488702,2.126258,0.000000,0.000000,0.000000,1.794448,0.000000,2.197250,0.000000,0.000000,0.000000,0.0000000,0.000000,1.933687,2.188630,1.902751,2.094633,0.000000,2.195471,1.794194,0.000000,1.603554,0.000000,2.156408,0.000000,1.915459,2.108834,2.171798,1.6499616,0.000000,2.344843,1.754470,0.0000000
0.000000,1.833980,1.8932068,0.000000,0.000000,0.000000,0.000000,0.000000,1.914196,0.000000,0.000000,2.131526,2.156207,2.500519,2.203765,2.416940,0.000000,2.234576,1.491253,1.818250,0.000000,2.000378,1.954912,2.259507,1.875527,2.081530,1.903024,1.913987,2.081174,0.000000,1.976066,0.000000,0.000000,0.000000,1.8438168,1.949351,2.353388,1.772560,0.000000,0.000000,0.000000,1.552708,0.000000,2.129273,2.180507,0.000000,1.818361,1.8282349,0.000000,1.558782,1.956672,1.840140,2.164979,0.000000,2.125991,0.000000,1.819140,2.051460,0.000000,1.999926,1.603289,0.000000,1.856716,2.108202,0.0000000,1.786820,2.476753,0.000000,1.6922867
0.000000,1.991991,0.0000000,0.000000,0.000000,0.000000,0.000000,0.000000,2.043448,0.000000,0.000000,2.119169,2.148061,2.530167,2.228062,2.356248,1.828546,2.340853,0.000000,2.072232,2.021040,2.227780,2.084389,2.214278,1.997137,2.145566,1.610066,2.102156,0.000000,0.000000,2.112677,0.000000,0.000000,0.000000,1.8442031,0.000000,2.355464,1.785266,0.000000,0.000000,0.000000,1.720498,0.000000,1.923813,0.000000,0.000000,0.000000,0.0000000,0.000000,0.000000,2.047005,0.000000,0.000000,0.000000,2.168004,0.000000,0.000000,0.000000,0.000000,2.193706,0.000000,0.000000,1.978148,2.144589,0.0000000,0.000000,2.556682,0.000000,0.0000000
0.000000,2.115288,1.7343807,2.069640,0.000000,0.000000,0.000000,2.018851,1.946317,0.000000,2.217964,2.189188,2.267618,2.459320,2.235824,2.454413,0.000000,2.158036,0.000000,0.000000,0.000000,1.974638,2.041462,2.213502,0.000000,1.787863,0.000000,1.890331,2.034989,0.000000,0.000000,0.000000,0.000000,1.856399,1.9204620,0.000000,2.499977,2.039011,1.713965,1.937830,0.000000,2.003344,0.000000,1.979995,1.712243,0.000000,0.000000,0.0000000,0.000000,1.927156,2.241940,1.885516,0.000000,0.000000,2.111376,2.118441,1.741821,0.000000,0.000000,2.164999,0.000000,0.000000,1.964218,2.078636,0.0000000,0.000000,2.583222,2.087336,0.0000000
1.813033,1.924074,1.9185421,1.936222,0.000000,0.000000,0.000000,1.867605,0.000000,0.000000,0.000000,2.173223,2.147334,2.492670,2.202946,2.388603,0.000000,2.261769,1.779891,1.971604,0.000000,2.158481,2.064778,2.235546,1.780645,1.890233,1.905442,2.040806,0.000000,0.000000,1.732541,0.000000,1.997513,0.000000,1.7333133,0.000000,2.454957,1.983624,1.574475,0.000000,0.000000,0.000000,0.000000,1.977264,2.103448,0.000000,0.000000,1.8235830,0.000000,2.129271,2.202249,2.120181,0.000000,0.000000,2.084667,1.922792,0.000000,1.658864,0.000000,2.006332,0.000000,0.000000,2.066170,2.095793,0.0000000,1.892295,2.540104,1.746797,0.0000000
0.000000,2.025673,1.8256551,0.000000,0.000000,0.000000,0.000000,2.068713,1.909632,0.000000,2.085400,2.262696,2.131287,2.492227,2.224143,2.403105,0.000000,2.264664,1.743002,1.959392,0.000000,2.018445,2.075216,2.243836,1.972732,2.144864,0.000000,2.071056,2.031477,0.000000,1.901091,0.000000,0.000000,0.000000,1.8869708,0.000000,2.423805,0.000000,0.000000,0.000000,0.000000,1.943212,0.000000,1.971429,2.198582,0.000000,0.000000,1.7213160,0.000000,2.044404,0.000000,0.000000,0.000000,0.000000,2.312252,2.252982,1.815827,0.000000,0.000000,2.250277,1.781190,0.000000,1.998625,2.246441,0.0000000,0.000000,2.581008,1.853649,1.4969930
0.000000,2.283238,0.0000000,0.000000,0.000000,0.000000,0.000000,0.000000,0.000000,2.698823,0.000000,0.000000,2.114749,2.418993,2.291783,2.461408,0.000000,2.236647,1.691563,0.000000,2.040830,2.221652,1.918379,2.265762,0.000000,2.045667,2.145642,1.965989,0.000000,0.000000,1.955080,2.182644,2.267803,0.000000,1.9281224,0.000000,2.525452,2.036441,1.776746,0.000000,0.000000,0.000000,0.000000,2.047818,0.000000,0.000000,0.000000,0.0000000,0.000000,1.757046,2.369639,2.282786,0.000000,0.000000,2.372208,0.000000,0.000000,0.000000,0.000000,1.931661,0.000000,1.810449,1.853585,1.835039,0.0000000,1.921969,2.280278,2.102545,0.0000000
0.000000,2.153031,1.7615425,1.926646,0.000000,0.000000,0.000000,2.033232,1.894065,1.922814,2.174854,2.175883,2.139685,2.515901,2.234253,2.379268,1.731105,2.278969,1.771414,1.762687,1.780936,2.160132,2.061245,2.198029,1.516302,2.109908,1.845110,2.067725,0.000000,0.000000,1.688363,0.000000,0.000000,0.000000,1.9080578,0.000000,2.554172,0.000000,0.000000,0.000000,1.611157,1.886903,0.000000,2.135639,2.065590,1.750019,0.000000,1.7945472,0.000000,1.975399,0.000000,2.128606,0.000000,0.000000,1.830742,2.149649,0.000000,2.006985,0.000000,2.249030,1.956642,1.878711,2.153650,2.076737,0.0000000,1.724809,2.554993,1.750019,0.0000000
0.000000,2.240549,0.0000000,2.064753,0.000000,0.000000,0.000000,2.025979,1.953234,0.000000,0.000000,2.268959,2.133633,2.461878,2.244829,2.427281,1.661920,2.287816,1.954235,2.065477,0.000000,2.205611,2.082925,2.240604,2.022296,1.907919,0.000000,1.956545,0.000000,0.000000,0.000000,0.000000,0.000000,0.000000,1.9102710,0.000000,2.536637,2.014750,0.000000,1.958688,0.000000,1.763876,0.000000,2.200348,0.000000,1.504108,0.000000,0.0000000,0.000000,2.156823,2.365030,2.120679,0.000000,0.000000,2.359473,2.310082,0.000000,0.000000,0.000000,2.319970,0.000000,1.960597,2.148007,2.153173,0.0000000,0.000000,2.630312,0.000000,0.0000000
0.000000,2.050030,1.8989291,0.000000,0.000000,0.000000,0.000000,2.003361,1.931558,0.000000,0.000000,2.270966,2.051128,2.561974,2.247597,2.426868,1.491900,1.965947,1.556548,2.011093,0.000000,2.180476,2.052447,2.192291,2.002870,2.165510,1.952906,1.981858,0.000000,0.000000,2.140266,0.000000,0.000000,0.000000,1.9727065,1.752143,2.378821,0.000000,0.000000,0.000000,0.000000,0.000000,1.826982,2.161296,0.000000,1.614282,1.813400,0.0000000,1.758438,1.883557,2.093882,2.027753,2.079701,0.000000,2.114536,0.000000,0.000000,0.000000,0.000000,2.205785,1.807535,1.695172,1.987876,2.167201,0.0000000,1.535438,2.491363,0.000000,0.0000000
0.000000,1.929283,1.7536838,0.000000,0.000000,0.000000,0.000000,2.054628,2.006758,0.000000,0.000000,2.261118,2.163066,2.484080,2.266565,2.424756,0.000000,2.369670,2.021641,2.043076,2.016407,2.318349,2.073963,2.214264,2.089085,2.209711,1.983939,2.142166,0.000000,0.000000,2.138809,0.000000,0.000000,0.000000,1.8386132,1.650362,2.414546,1.896026,0.000000,0.000000,0.000000,1.884794,0.000000,2.162496,0.000000,0.000000,0.000000,0.0000000,1.680489,1.815561,0.000000,2.159370,0.000000,0.000000,2.227139,2.218020,0.000000,1.865308,0.000000,2.140225,1.830819,0.000000,2.039731,2.084416,0.0000000,0.000000,2.518407,0.000000,1.5596674
1.884223,2.005714,1.5487823,2.019230,0.000000,0.000000,0.000000,1.944027,0.000000,0.000000,0.000000,1.949171,2.139403,2.471468,2.239432,2.409364,0.000000,2.335327,1.975714,2.001773,0.000000,2.220827,2.132929,2.282038,2.082998,2.201091,2.083634,2.091299,0.000000,0.000000,1.848964,0.000000,0.000000,1.775909,1.7859224,0.000000,2.495011,0.000000,0.000000,0.000000,0.000000,1.682809,0.000000,2.063875,0.000000,1.802565,1.915427,0.0000000,0.000000,1.989595,2.064530,1.902756,0.000000,0.000000,2.324639,2.126461,1.688789,1.816186,0.000000,2.136011,0.000000,1.799674,2.258816,2.125182,0.0000000,1.586056,2.611429,0.000000,0.0000000
0.000000,1.978803,1.6780623,0.000000,0.000000,0.000000,0.000000,1.974419,2.034908,0.000000,0.000000,2.215188,2.109575,2.480457,2.258769,2.365251,0.000000,2.358500,1.983710,1.991203,1.411558,2.176849,2.016306,2.213988,0.000000,2.150994,2.051657,2.045526,0.000000,0.000000,1.521799,0.000000,0.000000,1.810183,1.4742230,0.000000,2.442468,0.000000,1.746888,0.000000,0.000000,0.000000,0.000000,2.226986,0.000000,0.000000,1.862352,0.0000000,1.829846,1.919449,2.012722,2.051653,2.002805,0.000000,2.270244,2.137722,1.732844,1.732188,0.000000,2.113821,1.772829,1.742436,2.064099,2.111884,0.0000000,0.000000,2.557306,0.000000,0.0000000
0.000000,2.215036,1.9389053,0.000000,0.000000,0.000000,0.000000,0.000000,0.000000,0.000000,0.000000,0.000000,1.867864,2.573461,2.230088,2.530444,0.000000,2.357368,0.000000,0.000000,0.000000,2.128483,1.853036,2.275186,1.934264,2.153294,0.000000,2.021053,0.000000,1.743800,0.000000,0.000000,0.000000,0.000000,0.0000000,0.000000,2.447864,2.132105,0.000000,2.159486,2.555643,0.000000,0.000000,2.193911,2.348951,0.000000,0.000000,0.0000000,0.000000,2.026625,1.949189,2.076531,0.000000,0.000000,2.104596,0.000000,0.000000,1.991760,0.000000,0.000000,0.000000,0.000000,0.000000,2.217384,0.0000000,0.000000,2.396170,0.000000,0.0000000
0.000000,2.236448,0.0000000,0.000000,0.000000,0.000000,1.981229,1.893239,0.000000,2.602400,0.000000,2.022123,1.943807,2.407465,2.325540,2.428876,1.624191,2.267525,1.919650,0.000000,2.090509,2.184869,2.176525,2.271875,0.000000,2.135943,2.019610,2.035203,0.000000,0.000000,1.557941,2.217756,2.063261,0.000000,1.8563358,1.759326,2.474238,1.951027,0.000000,0.000000,1.846801,0.000000,0.000000,0.000000,0.000000,0.000000,1.825240,0.0000000,0.000000,0.000000,2.391313,2.197369,0.000000,0.000000,2.372113,0.000000,0.000000,0.000000,0.000000,1.908629,1.685850,0.000000,1.748227,1.684935,0.0000000,1.913402,2.148764,0.000000,0.0000000
0.000000,1.778210,0.0000000,0.000000,0.000000,0.000000,0.000000,1.904690,1.724703,2.102804,0.000000,2.126699,2.177799,2.486554,2.257626,2.398134,1.471360,2.413768,1.793086,1.984925,0.000000,2.259436,2.173806,2.273076,1.807032,2.269136,1.562684,2.158179,0.000000,0.000000,1.859046,0.000000,0.000000,0.000000,1.9453676,0.000000,2.381998,2.037251,1.710346,0.000000,0.000000,0.000000,0.000000,2.022123,1.764053,0.000000,1.647105,0.0000000,1.372307,1.786494,2.177890,1.913301,2.031451,0.000000,2.263639,0.000000,0.000000,1.631338,0.000000,2.094513,0.000000,1.903307,1.769356,2.061950,0.0000000,0.000000,2.539613,0.000000,1.6472791
1.815997,2.062925,1.2384156,0.000000,0.000000,0.000000,0.000000,1.996129,0.000000,1.937626,0.000000,1.732642,2.130847,2.454333,2.234352,2.407122,0.000000,2.390443,1.831124,1.914731,0.000000,2.210814,1.999191,2.278636,1.926195,2.241908,1.718074,2.110003,0.000000,0.000000,1.544767,0.000000,0.000000,0.000000,1.5737528,0.000000,2.396898,0.000000,0.000000,0.000000,0.000000,1.944153,0.000000,1.993601,0.000000,1.628556,1.746628,0.0000000,0.000000,0.000000,0.000000,1.977494,0.000000,0.000000,2.067701,0.000000,1.460045,1.361200,0.000000,2.092752,0.000000,0.000000,1.942984,2.103573,1.8402269,0.000000,2.555308,1.825240,1.7990990
0.000000,2.123341,1.8006055,0.000000,0.000000,0.000000,0.000000,1.923969,1.875893,1.931641,0.000000,2.066315,2.107950,2.499755,2.231924,2.378759,1.981429,2.383505,1.614068,1.961662,0.000000,2.181823,2.037170,2.209154,1.874317,2.194868,0.000000,2.050928,0.000000,0.000000,2.033544,0.000000,0.000000,1.764732,1.9432443,0.000000,2.381411,0.000000,0.000000,0.000000,0.000000,1.714420,0.000000,1.763944,1.966737,0.000000,0.000000,0.0000000,0.000000,1.927394,0.000000,1.896694,2.130478,0.000000,2.306193,1.893217,1.652149,1.950530,0.000000,1.933781,1.586098,0.000000,2.095143,1.999621,0.0000000,1.614318,2.497828,1.737554,0.0000000
0.000000,1.684360,1.8956487,1.927861,0.000000,0.000000,0.000000,1.893916,1.948118,0.000000,0.000000,2.227470,2.147269,2.491640,2.235911,2.394572,0.000000,0.000000,0.000000,1.930258,0.000000,2.232062,2.148570,2.334722,0.000000,2.102069,0.000000,2.072980,0.000000,0.000000,0.000000,0.000000,0.000000,1.967092,1.8232870,1.819177,2.451544,1.870658,0.000000,0.000000,1.882587,0.000000,0.000000,2.210261,0.000000,0.000000,0.000000,0.0000000,0.000000,2.116418,2.334884,1.960933,0.000000,0.000000,2.295311,1.779267,1.812578,0.000000,0.000000,1.982351,1.863219,2.025436,2.141081,2.123271,0.0000000,0.000000,2.579817,0.000000,2.0941766
0.000000,1.892574,0.0000000,0.000000,0.000000,0.000000,0.000000,1.837475,0.000000,0.000000,1.853685,2.164174,2.128188,2.499168,2.285643,2.408644,0.000000,2.383670,0.000000,1.910543,0.000000,2.266714,2.096894,2.180823,2.017971,2.212054,2.167371,2.131433,0.000000,0.000000,2.167502,0.000000,1.809511,0.000000,1.8872732,0.000000,2.441469,0.000000,0.000000,0.000000,0.000000,1.743925,0.000000,2.033815,0.000000,0.000000,1.835706,0.0000000,0.000000,1.854903,2.088661,0.000000,0.000000,0.000000,2.092468,1.911670,1.936524,0.000000,0.000000,2.246261,0.000000,1.773162,2.021331,2.144402,0.0000000,0.000000,2.612594,1.829606,0.0000000
2.365825,2.327555,1.8100351,2.002454,0.000000,0.000000,2.150813,2.076203,1.978938,0.000000,1.921733,0.000000,2.085749,2.455215,2.274874,2.331427,0.000000,0.000000,0.000000,2.055697,1.685050,0.000000,2.062371,2.230354,1.992764,1.939514,1.846088,0.000000,0.000000,0.000000,0.000000,0.000000,2.065539,0.000000,1.3770541,1.929146,2.387099,1.966284,0.000000,2.049557,1.908120,1.635550,0.000000,1.962532,1.535607,0.000000,1.302258,0.0000000,0.000000,0.000000,0.000000,1.987160,1.492187,1.639870,2.191874,0.000000,1.714686,1.802420,0.000000,2.228682,0.000000,0.000000,2.062362,2.146043,0.0000000,1.181308,2.542990,0.000000,0.0000000
2.438217,2.428195,1.8730712,1.740391,2.377183,0.000000,2.481259,0.000000,0.000000,0.000000,0.000000,2.018480,2.015801,2.480717,2.278167,2.401372,1.741900,2.364006,0.000000,0.000000,0.000000,0.000000,0.000000,2.232352,1.811087,2.180657,0.000000,1.921626,2.053241,0.000000,0.000000,0.000000,0.000000,2.196449,0.0000000,0.000000,2.327741,0.000000,0.000000,2.214276,2.421153,0.000000,0.000000,2.181952,0.000000,0.000000,1.913544,0.0000000,0.000000,0.000000,0.000000,1.820631,0.000000,0.000000,1.996087,0.000000,0.000000,0.000000,0.000000,0.000000,0.000000,0.000000,2.404486,1.955083,0.0000000,2.197826,2.276151,0.000000,0.0000000
0.000000,1.941250,2.0688172,0.000000,0.000000,0.000000,0.000000,2.031487,1.919134,0.000000,0.000000,2.138745,2.145361,2.460477,2.193794,2.397294,0.000000,2.303967,1.730679,1.872884,1.878502,2.109973,2.057473,2.245781,1.749434,2.071966,0.000000,2.134051,0.000000,0.000000,0.000000,0.000000,0.000000,0.000000,1.8719078,0.000000,2.508871,1.973258,0.000000,0.000000,0.000000,0.000000,0.000000,2.120173,2.154664,0.000000,1.798885,0.0000000,0.000000,0.000000,2.166167,2.065225,2.129542,0.000000,2.087869,1.994052,0.000000,1.813381,0.000000,2.090361,1.786203,0.000000,2.049669,2.133502,0.0000000,1.708031,2.544428,0.000000,1.6910338
0.000000,2.072259,0.0000000,2.148566,0.000000,0.000000,0.000000,1.814016,0.000000,1.829854,0.000000,2.176845,2.173194,2.437794,2.215122,2.368747,1.643453,2.326514,1.932987,1.782118,1.872272,2.161362,2.020332,2.238639,1.517925,2.043693,1.677582,2.112755,0.000000,0.000000,0.000000,0.000000,0.000000,1.773876,1.6966686,0.000000,2.432221,1.773341,0.000000,0.000000,0.000000,1.549564,0.000000,1.659324,0.000000,0.000000,1.783564,0.0000000,1.946476,1.943197,2.269298,2.231180,0.000000,0.000000,2.099070,1.710930,0.000000,0.000000,0.000000,1.982811,1.618359,1.729534,1.600298,2.149953,0.0000000,0.000000,2.535866,1.788909,0.0000000
0.000000,2.100974,1.7712843,1.834361,0.000000,0.000000,0.000000,2.029309,0.000000,2.346117,0.000000,2.116894,2.234684,2.508217,2.207377,2.453940,0.000000,2.358186,1.997113,1.659943,0.000000,2.151921,2.033951,2.211971,1.836197,2.122010,2.107961,2.100393,1.890865,0.000000,1.597607,0.000000,0.000000,0.000000,0.0000000,0.000000,2.455437,2.073277,1.794404,2.037954,0.000000,0.000000,1.691276,2.232328,0.000000,0.000000,1.806871,0.0000000,0.000000,2.192359,2.238366,2.022552,0.000000,0.000000,2.248527,2.293746,1.844403,0.000000,0.000000,2.139863,0.000000,2.020874,1.797425,2.155596,2.0296501,0.000000,2.327519,1.823905,1.7764343
0.000000,1.782166,0.0000000,0.000000,0.000000,0.000000,0.000000,2.012435,0.000000,2.387957,2.165988,2.213744,2.034120,2.510303,2.298822,2.414363,0.000000,2.313400,0.000000,1.881802,1.979257,2.088518,2.016492,2.299605,1.863025,2.116343,0.000000,2.069316,0.000000,0.000000,0.000000,0.000000,0.000000,0.000000,1.9006828,0.000000,2.536146,2.011240,0.000000,0.000000,0.000000,0.000000,0.000000,2.134265,0.000000,1.824592,1.723761,0.0000000,0.000000,1.858734,2.300769,0.000000,0.000000,0.000000,2.270295,2.256260,0.000000,0.000000,0.000000,2.302664,0.000000,1.800246,1.996796,2.157126,0.0000000,0.000000,2.597798,0.000000,0.0000000
0.000000,1.794756,0.0000000,0.000000,0.000000,0.000000,0.000000,2.185734,1.898750,2.143399,2.100700,2.107112,2.157556,2.517813,2.283000,2.362920,0.000000,2.312170,0.000000,2.062231,0.000000,2.165233,2.111136,2.254401,1.783944,2.162063,2.006155,2.073804,0.000000,0.000000,1.893927,0.000000,0.000000,0.000000,1.7743075,0.000000,2.455122,1.984615,1.617349,0.000000,0.000000,0.000000,1.797490,2.179405,1.535720,1.627344,2.054297,0.0000000,1.621998,1.950527,2.158441,1.945076,0.000000,0.000000,2.282647,2.201236,0.000000,1.788932,0.000000,2.293929,0.000000,1.855437,2.068018,2.098194,0.0000000,0.000000,2.601403,0.000000,0.0000000
0.000000,1.750586,1.9008694,2.189096,0.000000,0.000000,0.000000,1.967996,2.059168,2.184006,2.183629,0.000000,2.193858,2.483209,2.014700,2.386136,2.147783,2.393400,1.927169,2.014712,0.000000,2.320985,2.066632,2.246842,1.953770,2.249894,1.786133,2.179297,0.000000,0.000000,2.132798,0.000000,0.000000,0.000000,1.8930142,0.000000,2.444900,1.977025,0.000000,1.748560,0.000000,1.624659,0.000000,2.118761,0.000000,0.000000,0.000000,0.0000000,0.000000,0.000000,0.000000,2.375428,0.000000,0.000000,1.868671,0.000000,0.000000,1.695858,0.000000,2.130471,0.000000,0.000000,1.920072,2.011986,0.0000000,0.000000,2.577917,1.951942,0.0000000
1.857054,1.897473,0.0000000,0.000000,1.921136,0.000000,0.000000,1.822603,1.785993,0.000000,0.000000,2.114162,2.108549,2.449363,2.105682,2.380590,1.955461,2.365950,1.805052,0.000000,1.527074,2.170164,1.845722,2.246991,1.749163,2.220565,1.885567,2.183749,0.000000,0.000000,1.953524,0.000000,0.000000,0.000000,1.7620812,0.000000,2.424086,2.012517,0.000000,0.000000,0.000000,0.000000,0.000000,1.916119,0.000000,0.000000,1.781516,0.0000000,1.716660,2.036775,0.000000,1.927902,0.000000,0.000000,2.262824,0.000000,0.000000,1.702516,0.000000,2.035918,0.000000,0.000000,1.694612,2.027519,0.0000000,0.000000,2.504689,2.080208,1.8207408
2.047384,1.864361,0.0000000,0.000000,0.000000,0.000000,1.949037,2.018822,1.877361,1.889805,2.174030,2.126070,2.204061,2.471344,2.216015,2.404928,0.000000,2.281815,1.918744,1.834436,0.000000,2.066255,2.002614,2.199144,1.731985,2.125835,0.000000,2.028973,0.000000,0.000000,1.676351,0.000000,0.000000,0.000000,1.9826667,0.000000,2.517188,1.999667,1.549200,0.000000,0.000000,0.000000,0.000000,2.178197,0.000000,0.000000,0.000000,0.0000000,0.000000,2.086367,2.204202,2.030535,0.000000,0.000000,2.269118,2.273237,0.000000,1.893447,0.000000,2.259693,1.805501,1.824351,2.187337,2.178180,0.0000000,0.000000,2.382926,0.000000,0.0000000
0.000000,2.162964,2.1808528,0.000000,0.000000,0.000000,0.000000,2.084984,2.067929,0.000000,2.034529,2.090489,2.109518,2.520497,2.254626,2.409438,1.762549,2.284299,1.961083,1.938372,1.966599,2.183115,2.037952,2.273385,0.000000,2.134429,1.903801,2.060679,0.000000,0.000000,0.000000,0.000000,0.000000,0.000000,0.0000000,0.000000,2.494508,2.030348,0.000000,0.000000,0.000000,0.000000,0.000000,2.209949,2.028432,0.000000,0.000000,0.0000000,0.000000,2.022308,1.816262,1.792484,0.000000,0.000000,2.164402,1.963064,0.000000,0.000000,0.000000,2.204697,1.917700,0.000000,2.001371,2.118267,0.0000000,0.000000,2.500611,0.000000,0.0000000
0.000000,1.902483,0.0000000,0.000000,0.000000,0.000000,0.000000,2.234837,1.611917,2.346316,1.889145,2.197052,2.047178,2.535626,2.276152,2.395486,0.000000,2.309868,1.815893,1.847992,2.083582,2.200700,2.004522,2.185915,1.911070,2.201624,2.036789,2.051413,0.000000,1.868497,0.000000,0.000000,0.000000,0.000000,2.0084064,0.000000,2.608677,1.935777,1.664108,0.000000,0.000000,1.730441,0.000000,2.012634,0.000000,0.000000,1.889712,0.0000000,0.000000,1.869281,2.171523,2.058894,0.000000,1.645495,2.231588,2.191327,0.000000,1.992396,0.000000,2.344326,1.986899,1.894717,2.220779,2.160967,1.5419108,0.000000,2.597097,0.000000,0.0000000
0.000000,1.617733,1.7152525,1.784181,0.000000,0.000000,0.000000,2.062181,1.975432,0.000000,2.153747,2.176152,2.139788,2.454122,2.228328,2.413274,0.000000,2.350718,1.882957,1.914931,1.881487,2.154942,2.008404,2.228224,1.863333,2.013373,1.884663,2.086750,0.000000,0.000000,1.710949,0.000000,0.000000,1.669084,1.9443104,0.000000,2.413118,1.713565,0.000000,0.000000,0.000000,1.588894,0.000000,2.183846,0.000000,0.000000,1.850924,0.0000000,0.000000,2.073091,2.118159,2.109638,1.998639,0.000000,2.209985,1.809471,1.835031,1.850128,0.000000,2.271707,1.855167,1.995729,2.152369,2.011379,0.0000000,1.223156,2.523621,1.906455,1.6810313
0.000000,1.901669,1.8366057,1.681806,0.000000,0.000000,0.000000,1.939253,1.931915,2.212217,2.067144,2.221992,2.151391,2.483332,2.223183,2.432699,0.000000,2.315437,1.723457,2.029051,1.705981,2.095034,2.033100,2.251307,1.886763,2.031106,1.928371,2.030399,0.000000,0.000000,1.687010,0.000000,0.000000,0.000000,2.0006678,0.000000,2.491927,1.735935,0.000000,0.000000,0.000000,1.669692,0.000000,1.975853,0.000000,0.000000,0.000000,0.0000000,0.000000,2.102900,1.761182,2.107697,2.084976,0.000000,2.184924,0.000000,1.774751,1.810960,0.000000,2.191647,1.859364,1.372040,2.214098,2.091175,0.0000000,0.000000,2.521627,0.000000,1.8015207
0.000000,2.165256,1.8025861,2.078369,0.000000,1.386847,0.000000,1.875264,1.759368,0.000000,0.000000,2.006062,2.094781,2.485393,2.174356,2.379167,0.000000,2.366364,2.006112,1.961871,2.002005,2.341379,2.063566,2.214720,1.881305,1.964955,2.058092,2.012675,0.000000,1.618879,1.789287,0.000000,0.000000,1.818212,1.7309006,0.000000,2.369980,1.703680,0.000000,0.000000,1.780463,1.580929,0.000000,2.070315,2.117724,0.000000,1.306147,1.7701146,0.000000,0.000000,2.002832,2.015145,2.101675,1.309605,1.772535,1.451780,1.665542,1.708859,0.000000,2.163256,1.702167,2.033868,2.168224,1.895007,0.0000000,0.000000,2.433121,1.756661,1.9819344
0.000000,1.662344,1.7293105,1.556298,0.000000,0.000000,1.254108,1.483610,1.934996,0.000000,0.000000,2.087328,2.076381,2.448326,2.172308,2.444900,0.000000,2.374429,1.741060,1.927918,2.081146,2.212378,2.048976,2.225628,1.812083,2.175113,1.713774,0.000000,0.000000,0.000000,1.647454,0.000000,0.000000,1.364832,1.7135075,0.000000,2.309730,1.577997,0.000000,0.000000,0.000000,1.373902,1.291332,2.105403,1.441737,0.000000,1.532827,0.0000000,0.000000,1.955425,2.213558,1.984445,1.446825,0.000000,1.953197,0.000000,1.801793,1.603099,0.000000,2.011455,0.000000,1.753946,2.108855,1.930005,1.2650234,1.457128,2.424486,0.000000,1.9555591
0.000000,0.000000,1.7817329,1.512691,0.000000,0.000000,0.000000,1.766855,0.000000,0.000000,1.380671,2.192044,2.038232,2.463338,2.195908,2.401498,0.000000,2.391810,1.949102,2.030307,1.853311,2.328346,2.079531,2.185384,1.877113,1.988761,1.984040,2.115338,0.000000,1.416961,1.773952,0.000000,0.000000,0.000000,1.7553097,0.000000,2.362624,1.744857,0.000000,1.675962,0.000000,1.517987,1.764921,2.123594,1.292704,1.290346,0.000000,0.0000000,0.000000,2.107861,2.203624,2.086553,1.985002,0.000000,2.176211,0.000000,0.000000,1.775570,0.000000,2.045509,1.635582,0.000000,2.134736,1.989768,0.0000000,1.552350,2.488693,0.000000,1.6716766
0.000000,0.000000,1.6398698,0.000000,0.000000,0.000000,0.000000,2.051397,2.007744,0.000000,0.000000,1.968186,2.084341,2.464256,2.265153,2.431513,0.000000,2.318567,0.000000,1.926868,0.000000,2.104698,1.998319,2.204043,1.884051,2.009601,0.000000,1.958211,0.000000,0.000000,0.000000,0.000000,0.000000,1.499350,2.0486634,0.000000,2.470299,1.882836,1.551375,0.000000,0.000000,1.708229,0.000000,2.207584,1.687236,1.372040,1.700992,0.0000000,0.000000,2.071367,2.150719,1.849566,0.000000,0.000000,2.287980,0.000000,1.689280,0.000000,0.000000,2.272112,0.000000,1.990151,2.031935,2.124986,0.0000000,0.000000,2.494861,1.819593,1.5549917
0.000000,0.000000,1.7508096,0.000000,0.000000,0.000000,0.000000,2.079618,1.950714,0.000000,0.000000,2.096550,2.246690,2.495799,2.259437,2.434566,0.000000,2.360233,1.979565,1.990551,0.000000,2.126565,1.958573,2.289194,1.613533,2.075193,2.085906,2.024885,1.652093,1.877083,1.853808,0.000000,0.000000,1.964876,1.9464618,0.000000,2.368150,1.962520,0.000000,0.000000,0.000000,1.726377,1.785665,2.223127,0.000000,0.000000,1.875814,0.0000000,0.000000,2.108137,2.330774,2.096282,2.190088,0.000000,2.360772,1.901929,1.946937,1.773290,0.000000,2.172359,2.074042,1.981354,2.014485,2.136523,0.0000000,0.000000,2.321281,0.000000,0.0000000
0.000000,2.013499,1.7279637,1.649503,0.000000,0.000000,0.000000,2.010516,1.945698,0.000000,0.000000,2.187430,2.225369,2.415811,2.120491,2.412300,0.000000,2.306482,1.916343,1.802065,1.942780,2.059584,1.967101,2.253402,1.878901,2.101504,1.969770,2.083538,0.000000,0.000000,0.000000,0.000000,0.000000,0.000000,1.9743291,0.000000,2.478721,1.961215,0.000000,1.985793,0.000000,1.620154,1.513074,2.138761,1.678158,2.126708,0.000000,0.0000000,0.000000,1.842511,2.105341,2.095898,2.119781,1.868690,2.145053,1.640811,1.319310,1.928586,0.000000,2.278218,1.766775,1.799557,2.009559,2.036930,1.6233174,0.000000,2.442322,1.699766,1.8010059
0.000000,1.690259,1.8245651,0.000000,0.000000,0.000000,0.000000,2.049807,1.804375,2.338383,1.510243,1.903761,2.201349,2.494504,2.230982,2.447741,0.000000,2.395080,1.753990,1.933003,1.932959,2.197322,1.988306,2.180002,1.754267,2.198525,1.707019,2.130969,0.000000,1.524695,1.912068,0.000000,0.000000,0.000000,2.0269147,0.000000,2.459656,1.833813,0.000000,1.986215,0.000000,1.684383,0.000000,2.159030,1.857628,1.597134,1.576579,1.4586782,1.574835,1.882122,2.196610,1.986013,2.113471,0.000000,2.263477,0.000000,1.737489,1.815495,0.000000,2.214784,1.844588,1.678182,2.169942,2.041513,0.0000000,1.606898,2.443205,0.000000,1.8079266
1.950325,1.817465,0.0000000,2.117239,0.000000,0.000000,1.629207,1.815751,1.948757,1.807987,0.000000,2.218848,2.266279,2.471367,2.246002,2.412219,0.000000,2.354179,0.000000,1.915693,1.934555,2.162348,2.020386,2.247439,0.000000,2.047389,1.841429,0.000000,1.732743,0.000000,1.944669,0.000000,0.000000,0.000000,1.8312432,0.000000,2.480244,1.988198,0.000000,0.000000,1.589349,0.000000,0.000000,2.198460,0.000000,1.730781,1.991002,0.0000000,0.000000,1.983965,2.129868,2.093242,0.000000,0.000000,2.258805,1.830717,0.000000,1.932790,0.000000,2.110546,0.000000,1.873426,2.338522,2.052580,1.8044676,0.000000,2.523677,0.000000,0.0000000
0.000000,1.730116,0.0000000,0.000000,0.000000,0.000000,2.137984,1.900864,1.928923,0.000000,0.000000,2.247454,2.154728,2.450654,2.201988,2.393525,0.000000,2.320880,1.882448,1.846589,1.837289,2.168765,2.032030,2.232086,1.915679,2.030921,1.682086,2.066481,0.000000,0.000000,0.000000,0.000000,0.000000,0.000000,1.8218066,0.000000,2.466945,1.961699,1.541585,0.000000,0.000000,0.000000,0.000000,2.173388,0.000000,1.524036,1.839046,0.0000000,1.753786,1.834229,2.052395,0.000000,0.000000,1.644788,2.137948,0.000000,1.683274,0.000000,0.000000,2.239959,1.499074,0.000000,1.943973,1.973547,1.7923946,0.000000,2.527903,0.000000,1.3974812
0.000000,2.147365,1.9277098,1.998882,2.104426,0.000000,2.148145,2.036838,1.949832,0.000000,0.000000,2.167211,2.135663,2.480522,2.159100,2.416467,0.000000,2.365960,1.883108,1.917580,1.655500,2.200019,2.070002,2.174956,1.657232,1.921071,1.635707,0.000000,0.000000,0.000000,1.971518,0.000000,0.000000,1.661920,2.0007288,0.000000,2.487803,1.915661,1.810311,0.000000,1.869837,0.000000,0.000000,2.068417,1.889503,2.110391,1.691320,0.0000000,1.832819,2.003089,2.099249,2.118905,0.000000,0.000000,2.046638,2.028099,2.209582,1.895323,1.385477,2.253940,1.947672,0.000000,2.419525,2.094020,0.0000000,1.549824,2.509744,1.873133,1.9578545
0.000000,2.099046,1.6842450,2.213305,2.064139,0.000000,0.000000,2.049304,1.955261,0.000000,1.706741,2.188362,2.202320,2.434954,2.211394,2.392698,0.000000,2.328769,1.493897,1.968811,1.786797,2.145378,2.067836,2.234177,1.832055,2.073610,1.750079,0.000000,0.000000,0.000000,1.527487,0.000000,0.000000,1.674350,1.8675205,1.694439,2.493009,1.900081,1.712147,1.761141,0.000000,1.809659,1.848710,2.150182,1.370968,1.781407,1.787874,0.0000000,1.862264,2.030774,2.170158,2.098972,2.017837,0.000000,2.097605,1.915980,2.165887,1.713049,0.000000,2.318419,1.892225,0.000000,2.174000,2.069811,0.0000000,1.430244,2.533773,1.526067,0.0000000
0.000000,1.937614,1.9997395,2.015423,0.000000,0.000000,1.680560,1.847924,1.916754,0.000000,0.000000,1.861159,2.197257,2.469839,2.185892,2.366932,0.000000,2.358224,1.924813,1.921175,1.770908,2.180954,2.044541,2.232720,1.647279,2.115828,2.035886,0.000000,0.000000,0.000000,1.763029,0.000000,0.000000,0.000000,1.9733803,0.000000,2.511383,2.035358,0.000000,1.740980,1.941950,0.000000,1.761791,2.185580,1.924377,2.008954,1.911480,1.4850305,0.000000,1.875509,2.127090,2.182465,2.031829,0.000000,2.101661,0.000000,1.783552,1.698950,0.000000,2.220012,1.874471,0.000000,2.075913,2.098366,0.0000000,1.426932,2.526185,1.997986,1.4602153
0.000000,2.036025,1.8221510,0.000000,2.061244,0.000000,0.000000,1.959271,2.087637,0.000000,1.888260,2.286210,2.207180,2.477069,2.208489,2.435869,0.000000,2.384776,1.987924,1.969518,0.000000,2.227291,2.088714,2.260525,1.800743,2.008654,2.087336,0.000000,0.000000,1.899715,1.939380,0.000000,0.000000,0.000000,1.8901614,1.824761,2.417265,1.994178,0.000000,1.739735,2.084501,0.000000,1.895754,2.160668,0.000000,0.000000,2.095458,2.1645823,2.147293,1.965249,0.000000,1.898837,0.000000,0.000000,2.059953,2.023493,2.207732,1.753055,0.000000,2.239471,2.046209,0.000000,2.261829,2.119750,0.0000000,0.000000,2.557003,2.052655,1.7506309
2.061541,1.825390,2.0845404,0.000000,0.000000,0.000000,2.180490,1.923361,1.913932,0.000000,0.000000,2.218910,2.097018,2.500331,2.229966,2.439800,0.000000,2.372069,1.798265,1.812666,0.000000,2.199967,2.095922,2.277141,1.918766,2.022257,0.000000,0.000000,0.000000,0.000000,2.002512,0.000000,0.000000,0.000000,1.9301573,0.000000,2.328161,1.886420,1.813496,0.000000,0.000000,0.000000,0.000000,1.855373,2.165451,0.000000,1.756145,0.0000000,0.000000,1.873140,1.791644,1.866216,0.000000,0.000000,2.160297,1.736575,1.631242,2.047073,0.000000,2.117359,1.809273,0.000000,2.218870,2.039912,1.5006535,1.471280,2.510981,0.000000,1.6667058
0.000000,0.000000,2.0595946,0.000000,0.000000,0.000000,0.000000,2.053237,2.066039,0.000000,0.000000,2.255296,2.219014,2.494529,2.166546,2.471418,0.000000,2.356894,0.000000,1.909079,0.000000,2.168885,2.097460,2.173268,1.755411,1.802565,0.000000,2.049291,0.000000,0.000000,1.837961,0.000000,0.000000,0.000000,1.7934972,0.000000,2.484448,1.485105,0.000000,0.000000,0.000000,0.000000,0.000000,2.087370,2.272965,0.000000,0.000000,1.9512005,0.000000,1.815704,2.078956,0.000000,0.000000,0.000000,2.231641,0.000000,0.000000,2.037046,0.000000,2.241783,0.000000,0.000000,2.022142,2.054458,0.0000000,0.000000,2.520659,1.880000,1.8113321
0.000000,0.000000,0.0000000,1.863781,2.134104,0.000000,1.714894,2.046302,1.955444,0.000000,0.000000,2.300222,2.116404,2.468807,2.206619,2.431752,0.000000,2.439064,2.107457,1.995046,1.987972,2.337043,2.088127,2.308483,1.882134,1.949952,2.102439,0.000000,0.000000,0.000000,2.169295,0.000000,0.000000,0.000000,1.9912986,1.634830,2.409875,1.916092,0.000000,0.000000,1.852624,0.000000,0.000000,0.000000,0.000000,0.000000,1.838308,0.0000000,0.000000,2.045632,2.195324,2.000638,0.000000,0.000000,2.239687,1.919859,1.782334,1.708090,0.000000,2.260608,0.000000,0.000000,2.027092,2.112841,1.8518237,0.000000,2.498089,0.000000,0.0000000
0.000000,0.000000,1.8181565,0.000000,0.000000,0.000000,0.000000,2.031125,1.963218,2.209017,0.000000,2.191492,2.104821,2.442707,2.209586,2.406274,0.000000,2.323232,1.876647,1.681665,2.092918,2.224719,1.984662,2.230959,1.537455,2.148786,2.046218,0.000000,0.000000,1.828460,1.939331,0.000000,0.000000,0.000000,1.9584482,0.000000,2.505979,1.851707,0.000000,1.510567,0.000000,0.000000,0.000000,2.124915,0.000000,1.987259,1.766079,0.0000000,1.578130,2.129224,2.177566,2.149643,2.132540,0.000000,2.300622,0.000000,2.039156,1.683991,0.000000,2.275094,1.922699,1.935931,2.015556,1.997144,0.0000000,1.463169,2.506284,1.784760,0.0000000
0.000000,2.126087,2.1045793,1.966557,0.000000,0.000000,1.826807,2.033246,2.035978,0.000000,0.000000,2.250581,2.172282,2.458891,2.139263,2.448739,0.000000,2.317409,1.845470,1.765448,1.903356,2.151348,2.088623,2.227475,1.802138,1.881598,1.832492,0.000000,0.000000,0.000000,1.616228,0.000000,0.000000,1.853664,1.8494024,0.000000,2.520051,1.989441,1.719070,2.159876,2.011723,0.000000,0.000000,1.867657,2.217760,2.060547,0.000000,1.8519913,0.000000,1.782992,2.097575,2.131103,2.052116,0.000000,1.978965,2.026507,2.160662,2.048627,0.000000,2.306831,2.013197,0.000000,2.386570,2.054354,0.0000000,1.889838,2.544433,1.912521,1.7797931
2.238879,2.368767,2.1765451,2.368339,0.000000,1.837443,2.219108,2.189433,2.188934,0.000000,2.373495,2.315197,2.240570,2.408205,2.048519,2.481265,0.000000,2.400598,2.015465,1.972195,1.724951,1.932128,2.187511,2.319974,1.963273,2.007137,0.000000,0.000000,1.971653,0.000000,1.944056,0.000000,2.048566,0.000000,2.1448133,0.000000,2.590995,1.893538,2.382271,1.897726,0.000000,1.748907,1.842612,2.258483,2.058944,2.226148,2.041283,1.8141210,1.796364,1.937232,2.318745,2.357751,0.000000,0.000000,2.324093,2.135204,2.414272,1.931816,1.779988,2.329367,2.168616,1.920302,2.452057,2.124149,0.0000000,0.000000,2.565048,2.226052,2.0399544
0.000000,2.174532,1.7234216,1.562925,0.000000,0.000000,2.065313,1.986386,1.825805,1.925768,0.000000,0.000000,2.208990,2.465820,2.247352,2.451731,0.000000,2.408268,2.064562,1.841208,2.001902,2.308826,2.134249,2.183985,0.000000,2.081177,2.077018,0.000000,0.000000,0.000000,0.000000,0.000000,0.000000,0.000000,1.9827612,0.000000,2.499149,1.960178,0.000000,0.000000,0.000000,0.000000,0.000000,2.014195,1.451602,0.000000,0.000000,0.0000000,0.000000,1.967747,0.000000,2.103338,0.000000,0.000000,2.235323,1.353737,1.910402,1.820209,0.000000,2.277802,1.828969,1.500722,2.195632,1.972635,1.8403460,1.470718,2.580264,1.815713,2.0292891
0.000000,2.130931,1.8139771,1.971889,2.106538,0.000000,1.725234,2.195879,2.026129,2.197161,1.607381,2.250399,2.067852,2.473382,2.216851,2.406177,0.000000,2.423831,2.064645,1.997358,1.983389,2.313117,2.114103,2.254343,1.681102,1.859976,1.700432,0.000000,0.000000,0.000000,1.996694,0.000000,0.000000,0.000000,2.0193054,0.000000,2.465391,1.791610,0.000000,0.000000,0.000000,1.868838,1.748787,2.168540,0.000000,0.000000,1.828693,0.0000000,0.000000,1.782082,2.244881,2.110480,0.000000,0.000000,2.005057,2.122570,1.771595,1.771659,0.000000,2.342511,1.912045,1.650561,2.250921,1.985111,1.4576464,0.000000,2.472204,0.000000,1.6947196
1.668014,1.751478,1.7433937,1.896319,2.265868,0.000000,0.000000,2.096258,2.148497,0.000000,1.688587,2.187812,2.207559,2.481348,2.213666,2.424646,0.000000,2.390422,2.052441,1.897783,2.148272,2.247991,2.017627,2.205141,0.000000,2.037817,2.180252,2.034383,2.287896,1.918049,2.147566,0.000000,0.000000,0.000000,1.8066381,0.000000,2.436956,2.081706,1.556448,0.000000,0.000000,0.000000,1.920137,2.188689,0.000000,0.000000,1.750362,0.0000000,0.000000,2.094960,2.195928,2.134436,0.000000,1.574250,1.965452,2.137106,2.250865,1.691453,1.800045,2.200199,1.663951,0.000000,2.328019,2.107615,1.8263068,0.000000,2.588825,2.128373,1.4983830
0.000000,1.992015,1.8726033,2.137151,0.000000,0.000000,0.000000,2.075692,1.909862,0.000000,0.000000,1.761957,2.230682,2.472309,2.150338,2.428520,0.000000,2.243225,1.855302,2.038336,1.587439,2.025956,2.099145,2.264121,0.000000,2.099813,2.127621,1.836500,2.097941,0.000000,2.000340,0.000000,0.000000,0.000000,1.9581277,0.000000,2.554067,1.979686,1.658864,2.068594,2.106281,1.782286,0.000000,2.140917,0.000000,0.000000,0.000000,0.0000000,0.000000,1.956759,2.217601,2.202992,0.000000,0.000000,2.183236,2.050988,2.014473,1.969331,1.712455,2.262290,1.875997,1.565601,2.229221,2.104597,0.0000000,0.000000,2.467540,1.809253,1.8410662
0.000000,0.000000,1.8354511,0.000000,0.000000,0.000000,0.000000,2.039472,1.951911,0.000000,0.000000,2.252924,2.208666,2.467991,2.224497,2.398756,0.000000,2.346945,1.781226,1.965814,1.666886,2.096493,1.946645,2.242650,2.012241,1.985647,1.466653,2.046813,0.000000,0.000000,1.929178,0.000000,0.000000,0.000000,1.8254873,0.000000,2.498731,0.000000,0.000000,0.000000,0.000000,1.677341,0.000000,2.150707,0.000000,1.668550,1.538011,0.0000000,1.676496,1.927967,2.242731,2.172599,0.000000,0.000000,2.278117,1.590214,1.870379,1.817923,0.000000,2.305422,1.788128,1.906053,2.153262,2.113361,1.5030987,0.000000,2.470484,2.046959,1.6976868
0.000000,2.095674,2.0465482,1.563886,0.000000,0.000000,1.963181,1.940524,1.896715,0.000000,1.499831,2.186741,2.082733,2.466481,2.174827,2.418716,1.722039,2.173462,1.723439,2.016509,0.000000,1.906542,2.045804,2.261717,1.555395,2.071355,1.976108,1.821570,1.906720,0.000000,1.921592,0.000000,0.000000,1.710405,1.9008946,0.000000,2.442328,1.975602,0.000000,0.000000,0.000000,1.642826,1.693182,2.117992,2.277576,0.000000,1.763944,1.9090935,0.000000,1.647221,0.000000,2.077395,2.138114,1.683645,2.078913,1.781130,1.534930,1.821234,1.349752,2.082910,1.757374,0.000000,2.019103,2.027747,1.7604313,0.000000,2.464835,1.973102,1.9396371
2.336812,2.171226,0.0000000,1.838637,0.000000,0.000000,0.000000,1.732474,0.000000,0.000000,0.000000,2.053600,2.178205,2.428375,2.207350,2.396560,0.000000,2.143782,0.000000,0.000000,0.000000,0.000000,1.734198,2.240516,0.000000,2.117662,0.000000,1.901513,1.910832,0.000000,1.890391,0.000000,0.000000,0.000000,1.8914303,0.000000,2.534787,1.966620,0.000000,1.805072,2.267331,0.000000,0.000000,1.967471,1.749839,0.000000,1.486144,0.0000000,0.000000,0.000000,2.044856,1.897426,2.121259,0.000000,1.910963,2.269031,2.102529,0.000000,0.000000,0.000000,1.747026,1.666860,2.457344,2.065543,0.0000000,0.000000,2.502389,0.000000,0.0000000
0.000000,2.517446,0.0000000,1.787943,0.000000,0.000000,2.531276,0.000000,0.000000,0.000000,0.000000,0.000000,2.134238,2.473844,2.245470,2.405650,0.000000,2.132925,0.000000,0.000000,0.000000,0.000000,0.000000,2.247584,0.000000,1.954800,0.000000,0.000000,1.873326,0.000000,0.000000,0.000000,0.000000,0.000000,0.0000000,1.924570,2.367993,1.994626,0.000000,2.039644,1.794503,0.000000,0.000000,2.203403,0.000000,0.000000,0.000000,0.0000000,0.000000,2.126562,0.000000,2.228233,0.000000,0.000000,1.753567,2.029003,2.090029,1.927808,0.000000,2.145225,1.896892,0.000000,2.488155,2.007082,0.0000000,2.425402,2.548684,0.000000,0.0000000
0.000000,0.000000,0.0000000,0.000000,0.000000,0.000000,0.000000,2.033061,1.637261,0.000000,0.000000,2.208375,2.201830,2.472079,2.160244,2.454642,0.000000,2.215566,0.000000,1.960178,0.000000,2.083028,1.811498,2.305681,0.000000,0.000000,1.981752,1.923467,2.181692,0.000000,0.000000,0.000000,0.000000,0.000000,1.6312099,0.000000,2.487820,0.000000,0.000000,0.000000,0.000000,0.000000,0.000000,2.157376,1.849120,0.000000,0.000000,0.0000000,0.000000,0.000000,2.112570,1.770675,2.139589,0.000000,1.853549,2.096036,2.253904,0.000000,0.000000,2.248219,0.000000,0.000000,2.285787,2.009404,0.0000000,0.000000,2.514741,2.038182,0.0000000
0.000000,2.178620,1.8149718,2.034145,0.000000,0.000000,2.158789,1.955808,0.000000,0.000000,1.745399,2.249172,2.180377,2.506128,2.253205,2.425008,0.000000,2.220708,1.698488,1.861994,1.802555,1.886758,2.035801,2.300262,0.000000,1.929969,1.710132,1.932991,2.021063,2.212638,1.824521,0.000000,0.000000,0.000000,1.8480892,1.981291,2.380052,1.948819,2.197632,0.000000,2.048738,0.000000,1.896580,2.237919,0.000000,0.000000,1.951847,0.0000000,1.827479,1.945698,0.000000,2.238139,0.000000,0.000000,2.054694,2.100186,0.000000,0.000000,0.000000,2.078553,0.000000,0.000000,2.250218,2.160536,0.0000000,0.000000,2.536091,2.148945,1.8892608
0.000000,2.076488,0.0000000,0.000000,0.000000,0.000000,0.000000,2.118947,2.026351,0.000000,0.000000,2.233034,2.271333,2.438455,2.300224,2.445967,0.000000,2.094564,0.000000,0.000000,0.000000,0.000000,1.599328,2.312648,0.000000,1.947046,1.984776,0.000000,1.967682,2.138353,1.681149,0.000000,0.000000,0.000000,1.9261580,0.000000,2.504211,0.000000,0.000000,1.559569,0.000000,0.000000,0.000000,2.163560,0.000000,0.000000,1.732995,0.0000000,1.818119,0.000000,0.000000,2.071779,0.000000,2.095012,2.070773,2.061534,0.000000,0.000000,0.000000,0.000000,1.911966,0.000000,2.283210,1.957755,1.6186363,0.000000,2.587032,2.165808,0.0000000
0.000000,2.096911,1.5961460,1.928692,2.138660,0.000000,1.469669,2.031783,1.921248,0.000000,0.000000,2.195712,2.242890,2.450962,2.169386,2.473985,0.000000,2.072072,1.735209,1.882465,1.942831,1.575553,1.903860,2.313937,1.742074,1.581751,1.717462,0.000000,1.871486,0.000000,1.952588,0.000000,0.000000,0.000000,1.8424953,0.000000,2.505614,2.075511,0.000000,0.000000,0.000000,0.000000,0.000000,1.968254,1.890991,0.000000,1.572709,0.0000000,0.000000,2.136455,1.905952,1.996848,0.000000,1.462498,2.077559,1.967441,0.000000,0.000000,0.000000,2.288087,1.767069,0.000000,1.920644,2.061382,1.7420420,1.481194,2.404903,2.155779,0.0000000
0.000000,2.047753,1.9901760,0.000000,1.725463,0.000000,1.476029,1.837459,1.914173,0.000000,1.789572,1.895706,2.152832,2.473855,2.222916,2.349288,1.710346,0.000000,1.860251,1.785805,0.000000,1.866556,1.956834,2.177692,0.000000,2.036062,1.667989,1.881282,2.036307,0.000000,1.744811,0.000000,0.000000,0.000000,2.0370342,0.000000,2.415159,0.000000,0.000000,0.000000,0.000000,0.000000,1.816290,1.747924,2.056784,1.548626,1.716267,1.4905319,0.000000,0.000000,1.826377,2.000598,0.000000,1.376140,1.845905,0.000000,1.556897,2.065484,0.000000,2.178403,1.968197,0.000000,2.127335,2.105509,0.0000000,0.000000,2.526657,1.804262,0.0000000
0.000000,0.000000,1.9714429,0.000000,0.000000,0.000000,0.000000,0.000000,1.898965,0.000000,0.000000,2.023698,2.060543,2.473500,1.806476,2.399070,1.450262,2.157066,0.000000,2.027265,0.000000,2.023948,1.855038,2.321337,0.000000,1.727338,0.000000,0.000000,0.000000,0.000000,0.000000,0.000000,0.000000,0.000000,2.0943749,0.000000,2.564048,1.864527,0.000000,0.000000,0.000000,0.000000,0.000000,1.882047,2.221105,0.000000,1.864175,0.0000000,0.000000,1.887787,1.645642,2.062326,0.000000,0.000000,2.274719,0.000000,0.000000,2.077725,0.000000,2.316728,0.000000,0.000000,2.162744,2.076257,0.0000000,0.000000,2.486690,0.000000,0.0000000
2.338330,2.013682,0.0000000,2.032395,0.000000,0.000000,0.000000,2.145980,2.148817,0.000000,2.085292,1.995736,2.259063,2.445818,2.159849,2.409349,0.000000,2.345791,1.668982,1.894086,0.000000,2.140792,1.983345,2.263753,1.751166,2.131850,2.147662,2.134230,0.000000,1.852326,0.000000,0.000000,0.000000,0.000000,1.8342702,0.000000,2.418660,2.030342,0.000000,0.000000,0.000000,0.000000,0.000000,2.022970,0.000000,2.063468,1.719401,0.0000000,0.000000,2.060910,2.135432,1.810823,0.000000,0.000000,1.977719,1.626123,1.865861,0.000000,0.000000,2.316443,1.870411,0.000000,2.073448,2.088469,0.0000000,1.851619,2.496216,2.081157,0.0000000
0.000000,1.817316,0.0000000,0.000000,0.000000,0.000000,0.000000,0.000000,0.000000,0.000000,1.826973,0.000000,2.170270,2.469698,2.235880,2.364919,0.000000,2.354576,1.883073,1.921136,1.917978,2.192586,2.057331,2.246647,1.693029,2.054036,0.000000,2.107260,0.000000,0.000000,1.652685,0.000000,0.000000,0.000000,1.7015704,0.000000,2.428227,1.995176,0.000000,0.000000,0.000000,0.000000,0.000000,1.898617,0.000000,0.000000,0.000000,0.0000000,0.000000,1.860682,2.093838,0.000000,0.000000,0.000000,2.312878,1.568704,0.000000,0.000000,1.651839,2.243890,0.000000,0.000000,1.707218,1.994833,0.0000000,0.000000,2.529724,0.000000,0.0000000
0.000000,1.574565,0.0000000,1.721116,0.000000,0.000000,0.000000,1.692855,1.837378,0.000000,1.949719,1.705379,2.272555,2.449287,2.205524,2.434664,0.000000,2.277423,0.000000,0.000000,1.696626,1.599289,0.000000,2.228298,1.903262,0.000000,0.000000,1.965512,1.574295,0.000000,0.000000,0.000000,0.000000,0.000000,1.7362634,0.000000,2.485389,2.015197,0.000000,0.000000,0.000000,0.000000,0.000000,1.974262,0.000000,0.000000,0.000000,0.0000000,1.718129,1.847458,1.926100,1.693312,0.000000,0.000000,2.312455,1.534137,0.000000,0.000000,0.000000,2.259197,0.000000,0.000000,1.790493,1.974146,0.0000000,0.000000,2.491496,0.000000,1.5308141
2.065486,1.940194,0.0000000,0.000000,0.000000,0.000000,1.671677,2.085482,1.950202,0.000000,0.000000,1.991333,2.209998,2.474449,2.192520,2.444224,1.828304,2.216833,0.000000,1.961581,2.050236,1.981344,2.033186,2.192784,1.772496,2.037149,1.948129,1.747635,2.167935,0.000000,2.038561,0.000000,0.000000,0.000000,1.9811763,0.000000,2.448125,2.032733,0.000000,2.080240,2.039460,1.992950,0.000000,2.022659,1.796059,1.846559,1.826824,0.0000000,0.000000,2.042488,0.000000,2.165803,0.000000,0.000000,2.231381,0.000000,0.000000,1.684107,0.000000,2.198583,1.781468,0.000000,2.024998,1.917792,0.0000000,0.000000,2.535414,1.707437,0.0000000
2.330649,2.435922,2.3040829,2.255902,0.000000,1.860613,2.257470,2.220925,1.728276,0.000000,2.423920,1.861479,1.981437,2.520686,2.307824,2.380510,1.885363,2.397574,1.990872,2.143372,2.169293,2.226559,2.023519,2.268104,2.199483,2.264254,2.018016,1.942893,0.000000,2.321550,1.935405,0.000000,0.000000,2.021114,2.0399431,0.000000,2.507592,0.000000,0.000000,2.675141,2.648235,2.516190,2.021051,1.654029,1.869089,0.000000,1.764012,0.0000000,2.015033,2.296558,0.000000,2.104695,0.000000,0.000000,2.207567,1.922187,2.309541,0.000000,0.000000,2.258997,2.092341,0.000000,2.679846,2.063611,0.0000000,2.358128,2.622678,2.095325,2.1542004
2.249677,2.355769,2.1831704,2.119303,0.000000,0.000000,2.339114,2.153564,2.145297,0.000000,2.335489,1.852870,1.960291,2.474013,2.297069,2.318607,2.105293,2.430178,1.850990,2.028120,0.000000,2.237188,1.965261,2.208429,1.922639,2.291039,2.068837,2.119591,0.000000,2.324732,1.993585,0.000000,0.000000,0.000000,0.0000000,0.000000,2.422083,0.000000,1.988077,2.620160,2.563944,2.371411,1.818110,2.247723,2.054661,0.000000,1.854917,0.0000000,0.000000,2.301612,0.000000,2.068253,0.000000,0.000000,2.061008,2.063748,2.227540,0.000000,1.547103,2.133778,0.000000,0.000000,2.629078,1.978371,0.0000000,2.315720,2.556250,0.000000,0.0000000
2.372613,2.489100,2.3254717,2.328165,0.000000,0.000000,2.586565,2.225943,2.060458,1.647628,2.367415,1.821925,2.135065,2.510853,2.287200,2.406757,2.072234,2.408204,0.000000,2.038333,2.095135,2.223902,2.054195,2.201703,2.213458,2.268927,0.000000,1.979487,0.000000,2.366811,2.124823,0.000000,0.000000,1.905651,2.0281652,0.000000,2.444732,2.023239,2.299506,2.674767,2.605788,2.495152,1.970178,2.296835,0.000000,0.000000,1.545726,0.0000000,1.871732,2.370382,0.000000,0.000000,0.000000,0.000000,2.336940,2.102532,2.332612,1.949798,0.000000,2.322454,1.979944,0.000000,2.687087,2.094314,0.0000000,2.411901,2.584854,0.000000,2.1635072
2.343325,2.438839,2.2483740,1.999840,0.000000,0.000000,2.311591,2.179724,0.000000,0.000000,2.360509,1.816601,1.990280,2.511546,2.275407,2.346568,1.850165,2.289782,0.000000,2.086348,0.000000,2.007272,2.006418,2.261271,2.127454,2.097384,1.716586,0.000000,2.222688,2.307127,2.121814,0.000000,0.000000,1.953227,1.9328691,0.000000,2.462052,2.094482,1.765972,2.629804,2.614054,2.374958,1.958144,2.320691,2.083802,0.000000,2.010368,0.0000000,1.823905,2.257603,1.886690,2.068129,0.000000,0.000000,1.995224,1.963033,2.047924,1.970521,0.000000,2.182617,2.071396,0.000000,2.665050,1.830827,0.0000000,2.327008,2.584437,2.177275,0.0000000
2.229715,2.404850,2.2773133,2.152808,0.000000,1.680016,2.266223,2.101662,2.044708,0.000000,2.344020,1.843639,2.074302,2.510630,2.313189,2.390617,0.000000,2.418470,1.926199,2.108161,0.000000,2.306123,2.050661,2.240682,2.122865,2.206448,2.082893,2.021670,0.000000,2.291601,2.143804,0.000000,0.000000,1.935146,0.0000000,0.000000,2.445915,2.061994,1.538344,2.651994,2.597841,2.526880,1.967331,2.259768,2.041743,0.000000,0.000000,0.0000000,0.000000,2.305245,0.000000,2.095858,2.083094,0.000000,2.166129,2.005153,2.325223,1.918595,0.000000,2.223740,2.116841,0.000000,2.669065,2.059209,0.0000000,2.362777,2.604682,0.000000,2.0667460
2.291082,2.402088,2.2678858,1.864028,0.000000,0.000000,2.318346,2.208681,2.176218,0.000000,2.332684,0.000000,0.000000,2.517597,2.326108,2.350011,0.000000,2.354031,0.000000,2.028004,0.000000,2.358901,2.186798,2.212534,2.186213,2.138102,2.154901,0.000000,0.000000,2.357833,2.137587,0.000000,0.000000,1.963814,2.1034518,0.000000,2.416881,1.907398,2.305860,2.609351,2.579863,2.489978,2.002616,2.270379,1.809966,0.000000,1.637570,0.0000000,0.000000,2.330339,0.000000,1.967688,0.000000,0.000000,2.069150,1.882726,2.310581,1.914550,0.000000,2.207261,1.905602,0.000000,2.650547,2.051032,0.0000000,2.345156,2.597823,1.716455,1.9452538
2.271437,2.403263,2.2307547,2.059326,0.000000,1.800341,2.518755,2.104100,0.000000,0.000000,2.344896,1.865050,2.013633,2.509993,2.299252,2.342745,1.959998,2.454395,1.837475,2.007963,0.000000,2.215199,2.070924,2.242602,2.092180,2.278766,0.000000,2.018635,2.245357,2.260627,2.090766,0.000000,1.547313,1.965458,0.0000000,0.000000,2.444326,0.000000,1.789446,2.614014,2.577228,2.473571,1.946448,0.000000,1.424486,0.000000,1.994538,0.0000000,1.923581,2.288752,0.000000,2.083429,0.000000,0.000000,2.129011,1.845524,2.286913,1.611989,0.000000,2.176673,1.791924,0.000000,2.638626,2.045356,0.0000000,2.335736,2.593133,0.000000,2.0430794
2.232726,2.363750,2.1942013,1.999198,0.000000,1.900556,2.175516,2.154283,2.023441,0.000000,2.355497,1.830051,2.042581,2.500772,2.247442,2.374576,2.016857,2.436823,1.949116,2.094150,0.000000,2.280528,2.007225,2.257265,2.100989,2.275260,1.849127,2.082594,1.626355,2.238118,1.872171,0.000000,1.482255,2.018237,0.0000000,0.000000,2.446933,2.012415,1.648323,2.611126,2.587873,2.460916,1.916173,2.198490,1.912613,0.000000,1.987438,0.0000000,1.963045,2.287967,0.000000,2.014098,0.000000,0.000000,2.094159,1.882546,2.275132,2.076642,0.000000,2.160233,1.835944,0.000000,2.649816,1.916918,0.0000000,2.319003,2.587929,0.000000,1.7045518
2.248894,2.359991,2.2358895,2.064476,0.000000,1.836761,2.236890,2.160662,2.180097,0.000000,2.331887,1.833605,1.979568,2.516914,2.304643,2.372475,1.932049,2.362788,1.651386,2.120545,2.028043,2.147946,1.995498,2.271232,2.124021,2.238589,2.032679,2.014794,2.192955,2.315237,2.087025,0.000000,0.000000,1.997230,0.0000000,0.000000,2.460250,1.839038,0.000000,2.596618,2.553328,2.407816,1.946996,2.210516,2.096556,0.000000,2.033479,0.0000000,1.976421,2.308669,0.000000,2.036030,0.000000,0.000000,2.073560,1.934690,2.278905,1.816394,0.000000,2.199968,0.000000,0.000000,2.627734,2.043716,0.0000000,2.344574,2.592871,2.174826,2.0243800
2.220963,2.402922,2.2739249,2.233451,0.000000,1.956870,2.253520,2.083258,2.056125,0.000000,2.327715,1.861030,2.005993,2.514821,2.272081,2.326211,0.000000,2.278852,0.000000,2.052155,0.000000,2.142932,2.046646,2.239634,2.166636,2.221624,1.924805,1.989912,2.214341,2.229313,2.182421,0.000000,0.000000,0.000000,0.0000000,0.000000,2.416849,2.094934,1.940202,2.615800,2.574862,2.473263,1.994364,2.230566,0.000000,0.000000,1.782920,0.0000000,0.000000,2.280380,0.000000,2.130550,0.000000,0.000000,2.115775,1.993568,2.337782,0.000000,0.000000,2.220530,2.035452,0.000000,2.646698,1.781817,0.0000000,2.356251,2.623661,1.854960,2.0555121
2.285142,2.373727,2.2649443,1.879021,0.000000,1.910940,2.516236,2.062167,2.127170,0.000000,2.337662,1.818519,2.082975,2.502946,2.268889,2.324884,0.000000,2.264764,0.000000,2.016050,0.000000,2.108882,1.988941,2.216732,0.000000,2.178483,2.051647,1.972124,2.191657,0.000000,2.163547,0.000000,0.000000,1.939051,0.0000000,0.000000,2.425022,2.060697,1.994562,2.620803,2.584671,2.494712,1.932861,2.272655,1.867488,0.000000,1.824342,0.0000000,0.000000,2.303942,0.000000,2.134670,0.000000,0.000000,2.120511,1.904783,2.110332,2.083053,0.000000,2.205024,2.039754,0.000000,2.666449,1.885340,0.0000000,2.342215,2.596311,0.000000,2.1189425
2.220941,2.390604,2.2667989,2.133521,0.000000,0.000000,2.411803,2.095697,1.974977,0.000000,2.347026,1.903069,2.104052,2.500106,2.307465,2.369412,0.000000,2.402471,0.000000,2.071340,0.000000,2.139159,2.042065,2.088531,2.177950,2.182953,1.926311,2.006560,2.196895,2.271220,2.123760,0.000000,1.854109,2.061740,0.0000000,1.737016,2.435841,2.084972,1.828339,2.626854,2.590534,2.479681,2.038814,2.182030,1.890724,0.000000,2.016048,0.0000000,1.886093,2.121146,0.000000,2.137586,0.000000,0.000000,2.183121,2.000815,2.312524,1.881627,0.000000,2.163079,1.799727,0.000000,2.642838,1.953577,0.0000000,2.331491,2.551093,1.710561,2.0161013
0.000000,1.997636,2.0159206,1.927894,0.000000,0.000000,2.254505,0.000000,2.083518,0.000000,0.000000,2.057241,2.287600,2.457836,2.193341,2.501376,0.000000,2.148482,0.000000,1.687980,0.000000,1.728759,1.669970,2.282832,0.000000,2.087758,1.832105,2.011758,2.019731,0.000000,1.745707,1.553014,0.000000,1.666474,0.0000000,0.000000,2.489404,2.279068,1.675792,2.004730,1.770141,0.000000,1.625991,2.177328,0.000000,1.979788,0.000000,0.0000000,1.970721,2.257152,0.000000,2.087826,0.000000,0.000000,2.049279,2.049333,2.184420,1.912705,0.000000,1.878925,0.000000,0.000000,2.333825,1.842487,0.0000000,0.000000,2.429271,0.000000,2.1006924
2.314826,2.437910,2.2735796,2.150590,0.000000,1.770336,2.272466,2.166507,1.994574,0.000000,2.378449,1.950891,2.063888,2.528035,2.415822,2.427667,1.812297,2.442192,0.000000,1.989642,0.000000,2.229787,2.084119,2.206475,2.147838,2.197920,1.468777,2.113889,2.298245,2.282263,2.209533,0.000000,0.000000,0.000000,0.0000000,0.000000,2.466063,2.062576,1.836752,2.674376,2.660631,2.487745,2.097786,2.223311,1.814772,0.000000,0.000000,0.0000000,0.000000,2.291747,0.000000,2.151555,0.000000,0.000000,2.254742,1.786098,2.336247,0.000000,0.000000,2.254820,1.893410,0.000000,2.688530,1.850143,0.0000000,2.361794,2.601819,0.000000,2.0238946
2.241148,2.412785,2.2569360,1.878776,0.000000,1.820576,2.334607,2.157846,2.027983,0.000000,2.369531,1.879336,2.046781,2.540104,2.299986,2.395267,0.000000,2.308744,1.674865,2.116529,2.109124,2.169337,2.015169,2.259880,2.218246,2.143657,1.797155,1.985175,2.256964,1.644581,2.222104,0.000000,0.000000,2.030131,0.0000000,0.000000,2.449955,2.021549,1.842628,2.662892,2.599448,2.504790,2.071935,2.136736,2.090395,0.000000,0.000000,0.0000000,0.000000,2.258524,0.000000,2.124580,0.000000,0.000000,2.207912,1.808736,2.320659,1.982609,0.000000,2.247176,2.091565,0.000000,2.670277,1.904734,0.0000000,2.347213,2.619111,0.000000,1.9653127
2.105213,2.288565,2.1560154,2.066533,1.629888,0.000000,2.449392,2.145578,2.075061,0.000000,2.331244,1.885595,2.180972,2.470127,2.263325,2.356384,1.701095,2.382316,1.695343,2.019170,1.987979,2.114371,2.000299,2.267806,2.151834,2.181835,2.052778,1.911966,2.168486,2.341122,2.072080,1.494959,0.000000,1.801363,2.0044721,0.000000,2.429873,2.165608,0.000000,2.576690,2.552491,2.335145,1.727738,2.220137,1.830963,0.000000,0.000000,0.0000000,0.000000,2.336090,1.551220,2.063019,2.051501,1.902965,2.112687,2.136650,2.262153,1.822341,0.000000,2.141862,0.000000,0.000000,2.610510,1.962727,0.0000000,2.380668,2.538408,1.805847,1.8779384
0.000000,0.000000,0.0000000,1.744671,0.000000,0.000000,0.000000,2.007360,1.962591,0.000000,0.000000,2.258035,2.060401,2.462372,2.267120,2.447083,0.000000,2.308550,0.000000,1.904954,0.000000,1.716361,2.011556,2.250596,0.000000,2.089683,0.000000,0.000000,1.813968,1.997697,0.000000,1.930270,0.000000,0.000000,2.0333009,0.000000,2.510742,2.076013,1.808925,2.250647,2.353575,0.000000,0.000000,2.027629,1.795535,0.000000,1.738107,0.0000000,1.618289,1.877818,0.000000,1.742986,0.000000,0.000000,2.312081,2.063428,0.000000,0.000000,0.000000,2.175719,1.961052,1.684176,2.473139,2.056111,1.9933205,1.873401,2.455816,0.000000,1.9190116
0.000000,0.000000,1.6792090,0.000000,0.000000,0.000000,1.728863,1.956821,2.090491,0.000000,0.000000,2.246214,1.961496,2.453427,2.175771,2.481108,1.826842,2.309371,0.000000,1.844249,1.977856,2.210666,1.791182,2.244165,0.000000,2.116274,2.015099,2.030949,0.000000,1.755886,2.034634,0.000000,0.000000,0.000000,1.9975622,0.000000,2.441569,1.869134,1.580059,0.000000,0.000000,0.000000,0.000000,2.006633,0.000000,1.984434,1.834029,0.0000000,1.722705,2.058024,0.000000,1.966608,0.000000,0.000000,2.253988,0.000000,0.000000,0.000000,0.000000,2.129087,0.000000,1.503638,1.848441,1.964706,1.8767806,0.000000,2.299934,0.000000,1.9185025
0.000000,1.719639,1.9485073,0.000000,2.000285,0.000000,0.000000,1.963209,1.742405,0.000000,0.000000,2.201627,0.000000,2.506476,2.265490,2.412589,0.000000,2.066079,0.000000,1.899277,0.000000,0.000000,1.858339,2.260859,0.000000,1.863286,0.000000,0.000000,0.000000,0.000000,0.000000,0.000000,0.000000,0.000000,1.7986075,0.000000,2.455511,1.796895,1.774713,0.000000,0.000000,0.000000,0.000000,2.011498,2.272717,0.000000,1.713145,0.0000000,0.000000,1.812763,0.000000,1.741631,0.000000,0.000000,2.177613,1.904302,0.000000,0.000000,0.000000,1.951462,0.000000,0.000000,1.860798,1.762233,0.0000000,0.000000,2.246513,1.993815,1.7594240
0.000000,2.292184,2.2126062,0.000000,2.235460,0.000000,2.114906,1.719254,2.127023,0.000000,2.172102,2.141846,1.900642,2.491787,2.268608,2.394166,0.000000,2.364038,0.000000,2.009631,0.000000,2.140099,2.115870,2.222177,1.875466,2.190969,2.174217,1.870873,2.225653,0.000000,2.126262,0.000000,0.000000,1.988774,1.9462536,0.000000,2.366032,0.000000,2.131160,0.000000,2.022014,0.000000,0.000000,2.279122,1.862136,1.737863,1.879288,1.9346051,0.000000,2.110704,0.000000,2.247031,0.000000,0.000000,2.095939,2.108039,2.415076,0.000000,0.000000,1.894224,1.840964,0.000000,2.468482,2.102501,1.7288629,0.000000,2.339658,2.350821,0.0000000
0.000000,2.051794,0.0000000,0.000000,0.000000,0.000000,0.000000,0.000000,1.879401,0.000000,0.000000,2.158321,1.900985,2.468808,2.433833,2.487806,0.000000,2.229591,0.000000,1.891322,0.000000,0.000000,0.000000,2.346417,0.000000,2.035193,0.000000,0.000000,0.000000,0.000000,0.000000,0.000000,0.000000,0.000000,0.0000000,0.000000,2.431797,2.030796,0.000000,0.000000,1.802867,0.000000,0.000000,0.000000,0.000000,0.000000,1.884954,0.0000000,0.000000,2.125524,0.000000,1.988581,2.198542,0.000000,2.187522,2.234768,0.000000,0.000000,0.000000,1.991665,0.000000,0.000000,1.869761,1.690835,0.0000000,0.000000,2.313961,2.217424,2.0994999
0.000000,1.852827,0.0000000,0.000000,0.000000,0.000000,0.000000,0.000000,0.000000,0.000000,0.000000,2.385445,2.144872,2.500323,2.388329,2.529510,0.000000,2.222184,0.000000,0.000000,0.000000,0.000000,1.943067,2.293982,1.682390,2.052008,0.000000,0.000000,0.000000,0.000000,0.000000,0.000000,0.000000,0.000000,0.0000000,0.000000,2.479860,2.089298,0.000000,0.000000,0.000000,0.000000,0.000000,2.239174,0.000000,0.000000,0.000000,0.0000000,0.000000,0.000000,0.000000,2.055709,0.000000,0.000000,2.388809,0.000000,0.000000,0.000000,0.000000,2.193194,0.000000,0.000000,1.855337,2.224194,0.0000000,1.786716,2.555986,1.981240,2.1772777
0.000000,1.809293,0.0000000,1.920072,0.000000,0.000000,2.199608,1.997379,2.083270,2.389134,1.974047,2.157177,2.207844,2.456036,2.170274,2.459168,1.556997,2.315242,0.000000,1.870601,2.044959,2.079005,2.007607,2.233527,0.000000,1.873127,0.000000,1.909434,2.160197,0.000000,1.991157,0.000000,0.000000,0.000000,2.0762557,0.000000,2.477909,2.030760,0.000000,0.000000,0.000000,1.813554,0.000000,1.506309,0.000000,0.000000,1.821661,0.0000000,0.000000,1.783635,2.283990,2.058224,0.000000,1.915796,2.260375,2.094731,2.155269,0.000000,1.479437,2.013609,1.476887,0.000000,2.543475,1.993903,1.8008796,0.000000,2.440477,2.157268,1.9656755
0.000000,0.000000,0.0000000,0.000000,0.000000,0.000000,1.964126,1.847285,1.860634,0.000000,0.000000,2.096787,2.190505,2.503893,2.232456,2.493875,1.920176,2.336442,0.000000,1.910786,1.930458,1.766762,1.798479,2.313166,0.000000,2.186422,0.000000,0.000000,1.833037,0.000000,1.459790,0.000000,0.000000,0.000000,2.0845742,0.000000,2.430987,1.881720,1.573118,0.000000,2.087297,0.000000,0.000000,2.035774,0.000000,1.934725,0.000000,0.0000000,0.000000,2.149982,0.000000,2.241923,0.000000,0.000000,2.148832,0.000000,1.649819,0.000000,0.000000,1.940601,0.000000,1.566830,1.870226,1.713068,0.0000000,0.000000,2.310173,1.953976,2.0727612
0.000000,1.949127,1.7852542,0.000000,2.096068,0.000000,1.926137,2.084712,1.893533,0.000000,0.000000,2.134319,1.918876,2.452546,2.152200,2.396284,1.728725,1.435641,0.000000,1.697560,1.854675,0.000000,1.468940,2.207533,1.521921,2.061756,1.348706,1.835410,1.800056,0.000000,1.684037,0.000000,0.000000,0.000000,1.8759787,1.833154,2.434004,1.904749,1.498383,1.972664,2.234540,0.000000,1.756073,2.094559,2.169941,0.000000,1.817793,1.6730439,0.000000,2.032210,0.000000,2.185101,2.029643,0.000000,2.230865,2.150312,2.033469,0.000000,0.000000,2.033511,0.000000,0.000000,2.145204,2.009013,1.8852324,0.000000,2.313738,1.700453,1.8702134
0.000000,1.829503,0.0000000,0.000000,0.000000,0.000000,0.000000,0.000000,2.081785,0.000000,0.000000,2.302169,2.216155,2.495329,2.209779,2.495958,0.000000,2.232211,0.000000,0.000000,2.020954,1.653442,0.000000,2.286166,1.668957,1.674203,1.879656,0.000000,0.000000,2.176678,0.000000,0.000000,0.000000,0.000000,0.0000000,0.000000,2.531721,2.033726,0.000000,2.177350,2.331473,0.000000,0.000000,2.221856,0.000000,1.720425,0.000000,0.0000000,0.000000,1.930554,1.630308,2.116412,0.000000,0.000000,2.429822,2.063488,1.890538,1.643155,0.000000,2.105828,0.000000,0.000000,2.330524,0.000000,1.9502329,0.000000,2.527224,0.000000,2.0593276
0.000000,0.000000,2.0161112,0.000000,0.000000,0.000000,0.000000,0.000000,1.979095,0.000000,0.000000,2.260111,2.244376,2.485941,2.098918,2.511226,0.000000,2.092982,0.000000,0.000000,0.000000,0.000000,0.000000,2.257187,0.000000,0.000000,0.000000,0.000000,0.000000,1.965663,0.000000,0.000000,0.000000,0.000000,0.0000000,0.000000,2.405661,0.000000,0.000000,0.000000,0.000000,0.000000,0.000000,2.108757,2.144329,0.000000,0.000000,0.0000000,0.000000,2.036554,0.000000,0.000000,0.000000,0.000000,2.415871,0.000000,0.000000,1.846301,0.000000,2.252181,0.000000,0.000000,0.000000,1.896303,0.0000000,0.000000,2.490870,0.000000,2.0686441
0.000000,2.187117,2.2373637,2.264699,1.874231,0.000000,2.158635,0.000000,0.000000,0.000000,2.118817,2.219154,2.099018,2.464289,2.164219,2.482950,0.000000,2.219212,0.000000,2.025799,0.000000,1.676980,1.856470,2.354892,0.000000,1.610249,0.000000,0.000000,1.891663,2.588455,0.000000,1.967768,0.000000,2.174396,0.0000000,0.000000,2.513701,2.032361,2.174176,2.569909,2.636074,0.000000,1.706681,2.307669,1.592943,2.114332,1.885743,0.0000000,0.000000,0.000000,0.000000,2.297558,0.000000,0.000000,2.309529,2.221160,2.535288,0.000000,0.000000,2.207987,2.055811,0.000000,2.352233,2.060303,0.0000000,1.911308,2.569675,2.287238,2.0155464
0.000000,2.288334,2.1645031,2.003813,0.000000,0.000000,2.010876,1.843561,1.967271,0.000000,2.214649,2.227961,2.072198,2.437234,2.236896,2.464609,0.000000,2.100348,0.000000,0.000000,0.000000,0.000000,1.883844,2.226703,0.000000,1.789993,0.000000,0.000000,0.000000,2.520993,0.000000,1.741377,1.766428,1.758466,0.0000000,0.000000,2.476664,1.931645,2.157776,2.568381,2.611897,0.000000,0.000000,2.291063,2.099065,1.955287,1.963930,0.0000000,0.000000,1.800563,2.196801,1.974832,0.000000,0.000000,2.348201,2.147076,2.427250,2.002492,0.000000,2.191062,2.122346,0.000000,2.447150,1.894648,0.0000000,1.666860,2.488159,2.321120,2.0053991
0.000000,0.000000,1.9581309,0.000000,1.990772,0.000000,0.000000,1.560402,2.001337,0.000000,0.000000,2.276646,2.200848,2.482336,2.198706,2.473837,0.000000,2.160712,0.000000,1.838452,0.000000,1.684636,1.798543,2.253261,1.672945,1.946733,1.632553,0.000000,0.000000,0.000000,0.000000,0.000000,0.000000,2.060131,0.0000000,0.000000,2.388100,0.000000,1.720115,0.000000,0.000000,0.000000,1.539999,1.872434,2.142262,2.004638,1.837985,0.0000000,0.000000,1.911985,1.531622,1.709428,0.000000,0.000000,2.159474,1.974011,0.000000,1.992889,1.473511,2.173127,1.778518,0.000000,1.987365,0.000000,1.6905032,0.000000,2.408594,2.053848,2.0209143
0.000000,0.000000,0.0000000,0.000000,0.000000,0.000000,0.000000,1.844972,2.068434,0.000000,0.000000,2.268860,2.064427,2.466673,2.149643,2.491118,0.000000,2.054395,0.000000,0.000000,2.000607,0.000000,0.000000,2.250655,0.000000,1.818677,0.000000,0.000000,0.000000,0.000000,0.000000,0.000000,0.000000,0.000000,0.0000000,0.000000,2.475636,0.000000,0.000000,0.000000,0.000000,0.000000,0.000000,1.712800,0.000000,2.022040,0.000000,0.0000000,0.000000,1.910912,0.000000,1.985545,0.000000,0.000000,2.359209,0.000000,0.000000,0.000000,0.000000,1.973343,0.000000,1.635519,1.968322,1.981784,0.0000000,0.000000,2.454432,2.087517,2.1210716
0.000000,1.691519,1.9002478,0.000000,0.000000,0.000000,0.000000,0.000000,2.100371,0.000000,0.000000,2.221228,0.000000,2.486849,2.176005,2.491764,0.000000,2.201072,0.000000,1.884686,1.986105,1.924980,0.000000,2.260815,1.775192,2.073652,1.739076,1.946684,1.940009,0.000000,0.000000,0.000000,0.000000,0.000000,0.0000000,0.000000,2.390506,1.975452,1.565886,0.000000,0.000000,0.000000,1.675914,2.161941,2.153026,0.000000,0.000000,0.0000000,0.000000,0.000000,1.766240,1.943912,2.064651,0.000000,2.188544,2.116238,1.554436,1.981823,0.000000,2.050277,0.000000,0.000000,2.034864,1.614638,1.7775048,0.000000,2.329820,2.009457,2.1130822
0.000000,2.168150,2.0714721,0.000000,2.107707,0.000000,0.000000,2.063166,2.023269,0.000000,0.000000,2.204690,2.112130,2.467252,2.098438,2.472375,0.000000,2.041703,0.000000,0.000000,0.000000,0.000000,1.752276,2.250625,0.000000,1.881633,0.000000,0.000000,1.877210,1.655252,0.000000,0.000000,0.000000,1.867410,0.0000000,2.015580,2.362776,1.647424,0.000000,0.000000,0.000000,1.806152,0.000000,2.190744,2.129079,1.656767,0.000000,0.0000000,0.000000,2.236230,0.000000,2.098534,0.000000,0.000000,2.270018,2.127977,2.364472,1.936256,1.677052,2.024239,1.849951,0.000000,2.258471,2.093762,0.0000000,0.000000,2.334879,2.156213,2.1162319
0.000000,1.999949,0.0000000,0.000000,0.000000,0.000000,1.948812,1.795316,1.844765,0.000000,0.000000,2.280735,2.116293,2.495947,2.230579,2.391029,0.000000,0.000000,0.000000,1.878442,0.000000,0.000000,1.970613,2.108530,0.000000,0.000000,0.000000,0.000000,0.000000,0.000000,0.000000,0.000000,0.000000,0.000000,0.0000000,0.000000,2.432635,0.000000,2.073376,0.000000,0.000000,1.722237,0.000000,0.000000,0.000000,0.000000,0.000000,0.0000000,0.000000,1.997411,2.044097,2.076517,2.148601,0.000000,2.154457,2.089689,2.378652,0.000000,0.000000,2.069737,0.000000,0.000000,2.217956,0.000000,1.7788993,0.000000,2.426332,2.108541,0.0000000
0.000000,1.903766,0.0000000,0.000000,1.992585,0.000000,0.000000,1.906068,2.006803,0.000000,0.000000,2.334148,0.000000,2.469276,2.388525,2.490843,0.000000,2.100075,0.000000,1.937879,0.000000,0.000000,1.948791,2.157414,0.000000,1.852297,0.000000,0.000000,0.000000,0.000000,0.000000,0.000000,2.060658,0.000000,0.0000000,0.000000,2.449794,0.000000,0.000000,0.000000,0.000000,1.710910,0.000000,2.145275,0.000000,0.000000,1.819279,0.0000000,0.000000,1.984204,0.000000,1.917403,0.000000,0.000000,2.298686,0.000000,0.000000,0.000000,0.000000,2.158847,0.000000,1.630147,1.910776,0.000000,0.0000000,0.000000,2.364596,2.030719,2.1071333
0.000000,1.839462,1.9605810,0.000000,0.000000,0.000000,1.957896,2.042292,1.903948,0.000000,0.000000,2.133068,2.046794,2.471412,2.205641,2.400025,0.000000,2.080387,0.000000,1.932845,0.000000,0.000000,1.811175,2.253800,0.000000,1.928745,1.887469,0.000000,1.477198,0.000000,1.746214,0.000000,0.000000,1.788243,2.1844773,0.000000,2.506864,2.052030,2.297620,1.636361,0.000000,1.904140,0.000000,2.120313,2.163332,0.000000,1.753903,1.8457907,0.000000,0.000000,0.000000,2.059608,2.145523,0.000000,2.256362,2.212762,2.387085,1.944633,1.512947,2.168184,1.648698,1.671277,2.287996,2.148994,1.8078665,0.000000,2.440153,0.000000,0.0000000
0.000000,1.895107,0.0000000,0.000000,0.000000,0.000000,0.000000,2.112930,2.054697,0.000000,0.000000,2.190562,2.176352,2.476688,2.189316,2.460252,0.000000,1.588480,0.000000,0.000000,1.835418,0.000000,0.000000,2.165074,0.000000,1.889613,0.000000,0.000000,0.000000,0.000000,1.678923,0.000000,0.000000,0.000000,2.1366605,1.684659,2.476220,1.958902,1.685073,0.000000,0.000000,2.036804,0.000000,1.927045,0.000000,0.000000,0.000000,0.0000000,1.848941,1.868349,0.000000,2.100365,0.000000,0.000000,2.256374,2.042517,2.180913,1.874711,0.000000,2.146353,0.000000,0.000000,2.429767,2.149900,0.0000000,0.000000,2.503405,0.000000,1.7494340
0.000000,2.038945,0.0000000,0.000000,0.000000,0.000000,2.409752,1.955729,0.000000,0.000000,0.000000,1.963242,1.984677,2.444737,0.000000,2.449508,0.000000,0.000000,0.000000,0.000000,0.000000,1.842378,1.776172,2.114221,0.000000,2.025780,1.957536,0.000000,0.000000,0.000000,1.653358,0.000000,0.000000,2.077525,2.0229664,0.000000,2.501978,1.864308,0.000000,1.874465,0.000000,1.914119,0.000000,2.193500,0.000000,0.000000,1.965829,0.0000000,0.000000,2.144186,0.000000,2.052387,2.144228,0.000000,2.224016,2.154879,0.000000,0.000000,0.000000,2.110086,0.000000,0.000000,1.954678,2.103496,0.0000000,1.940572,2.392087,1.944762,0.0000000
0.000000,2.110128,1.9046653,0.000000,2.057998,0.000000,0.000000,2.034583,1.838918,0.000000,0.000000,2.160946,2.188183,2.475928,2.183808,2.423423,0.000000,2.049715,0.000000,1.778973,0.000000,0.000000,1.836140,2.143143,0.000000,0.000000,1.850099,0.000000,0.000000,1.541911,1.715798,0.000000,1.741979,1.952507,2.1019862,1.889046,2.443967,1.855337,1.882598,0.000000,0.000000,1.855067,1.602603,1.964068,2.047861,2.109388,1.848874,0.0000000,0.000000,2.016428,0.000000,2.192740,0.000000,0.000000,1.995150,2.100288,2.170239,0.000000,0.000000,2.178750,0.000000,0.000000,1.970402,2.115469,1.8099857,1.567112,2.428282,2.120424,0.0000000
0.000000,1.909717,0.0000000,0.000000,0.000000,0.000000,0.000000,2.118270,1.758155,0.000000,0.000000,2.166255,1.674987,2.462963,2.203744,2.441622,0.000000,0.000000,0.000000,0.000000,1.926191,0.000000,1.751804,2.202875,0.000000,0.000000,1.967137,0.000000,0.000000,0.000000,1.905932,0.000000,0.000000,0.000000,2.1344747,1.745599,2.473146,2.045268,0.000000,0.000000,2.083932,0.000000,0.000000,1.954049,1.941433,0.000000,1.952688,0.0000000,0.000000,2.095721,0.000000,1.956223,0.000000,0.000000,2.093824,2.266195,1.910725,0.000000,0.000000,2.168187,0.000000,1.841783,0.000000,2.146103,0.0000000,0.000000,2.502398,2.168264,1.5725271
0.000000,2.039671,2.0731659,0.000000,0.000000,0.000000,0.000000,2.137040,1.901438,0.000000,1.922635,1.870379,2.018567,2.496398,2.237818,2.411418,1.615417,2.186862,0.000000,1.983060,1.529712,2.092539,1.875887,2.262129,1.957471,2.067010,1.872077,0.000000,0.000000,0.000000,1.372973,0.000000,0.000000,0.000000,2.0846927,0.000000,2.473759,1.625260,0.000000,0.000000,1.756818,1.994257,0.000000,1.981908,2.285212,0.000000,1.833572,1.8646331,1.746368,1.659755,0.000000,1.919593,0.000000,0.000000,2.156006,0.000000,1.609518,1.606227,0.000000,2.229444,1.869971,0.000000,2.071923,2.184768,1.8881764,0.000000,2.462526,0.000000,1.7091539
0.000000,0.000000,2.0210019,0.000000,0.000000,0.000000,0.000000,2.078249,1.917443,0.000000,0.000000,2.269844,2.229578,2.502332,2.202235,2.458110,0.000000,1.828961,0.000000,0.000000,0.000000,0.000000,0.000000,2.255054,0.000000,0.000000,0.000000,0.000000,0.000000,0.000000,0.000000,0.000000,0.000000,1.693963,2.0804590,1.797652,2.503620,1.650076,0.000000,0.000000,0.000000,0.000000,0.000000,1.947532,2.176649,0.000000,2.082857,0.0000000,1.634484,2.038884,0.000000,1.830742,2.161817,0.000000,2.106473,1.928570,0.000000,0.000000,0.000000,2.230299,1.914532,0.000000,0.000000,2.055258,0.0000000,0.000000,2.440500,2.046194,1.8455923
2.369781,2.352040,2.2847486,2.119072,1.967021,2.262973,2.467947,1.956685,1.804241,0.000000,2.367267,0.000000,2.144401,2.446074,1.969184,2.423372,2.008222,2.306363,2.008351,0.000000,1.696669,2.147521,2.005488,2.377235,0.000000,2.196192,1.637013,1.918551,0.000000,2.220181,0.000000,1.768065,1.993371,0.000000,0.0000000,0.000000,2.320843,0.000000,2.182800,2.348437,2.242322,0.000000,0.000000,2.286493,1.882662,0.000000,2.031952,1.8286502,0.000000,2.059676,2.002721,2.084889,0.000000,0.000000,1.996152,1.917598,2.292743,2.018647,0.000000,2.036161,1.920345,0.000000,2.674416,1.763481,0.0000000,0.000000,2.313312,2.057725,1.4889351
0.000000,0.000000,0.0000000,1.956451,0.000000,0.000000,0.000000,2.059720,1.814705,0.000000,0.000000,2.209869,2.128773,2.497813,2.176487,2.431864,0.000000,2.284616,0.000000,0.000000,2.006687,2.038674,1.908605,2.212701,0.000000,2.119871,2.000711,0.000000,0.000000,0.000000,1.940216,0.000000,0.000000,0.000000,2.0796359,0.000000,2.540110,1.945215,0.000000,0.000000,0.000000,1.625226,0.000000,2.064659,0.000000,0.000000,2.022938,0.0000000,1.843499,1.734198,0.000000,1.788955,2.128589,0.000000,2.108731,2.181450,2.057174,0.000000,0.000000,2.206368,0.000000,1.618948,2.167920,1.857907,0.0000000,0.000000,2.465532,2.059370,0.0000000
0.000000,1.896282,2.1247303,0.000000,0.000000,0.000000,1.819362,2.143017,2.017521,0.000000,0.000000,2.279403,2.142120,2.493472,2.220810,2.435202,0.000000,1.605403,0.000000,1.735408,0.000000,0.000000,1.910734,2.284433,0.000000,1.406453,1.440609,0.000000,0.000000,0.000000,0.000000,0.000000,0.000000,0.000000,2.0239744,0.000000,2.557415,1.985306,1.705861,0.000000,1.972917,1.982438,0.000000,2.143054,2.318446,1.758509,1.813900,0.0000000,0.000000,2.026090,0.000000,1.707238,0.000000,0.000000,2.157742,2.025468,0.000000,0.000000,1.661015,2.265377,1.842940,0.000000,2.068872,2.118828,1.7725474,0.000000,2.444436,0.000000,1.7885993
0.000000,1.863447,0.0000000,0.000000,2.257855,0.000000,0.000000,0.000000,1.902796,0.000000,0.000000,2.340403,2.106078,2.495532,2.164326,2.525299,0.000000,2.252973,0.000000,1.988661,1.812346,1.908463,2.036601,2.357512,0.000000,2.031665,0.000000,0.000000,2.077352,0.000000,0.000000,0.000000,0.000000,0.000000,0.0000000,0.000000,2.491389,1.962328,0.000000,0.000000,0.000000,0.000000,1.925959,1.912285,0.000000,2.106373,1.851955,0.0000000,0.000000,2.143763,2.021494,2.094642,2.235320,0.000000,2.261043,2.237244,2.162088,0.000000,0.000000,2.007341,0.000000,0.000000,2.228559,1.690415,1.8390785,0.000000,2.492974,2.211614,2.1314269
0.000000,1.931475,1.9161234,1.798843,0.000000,0.000000,0.000000,1.902313,1.905276,0.000000,0.000000,2.142893,2.068649,2.423661,2.043351,2.421186,1.829417,2.266636,0.000000,1.903564,1.962023,1.911401,2.000835,2.195523,1.847300,2.017052,2.000417,1.752908,2.004597,0.000000,1.608121,0.000000,0.000000,0.000000,1.7223814,0.000000,2.501172,2.005105,0.000000,0.000000,0.000000,1.818770,1.804786,2.127887,2.029379,1.636734,0.000000,0.0000000,0.000000,0.000000,0.000000,2.121114,2.134082,0.000000,1.999068,2.063307,1.557643,1.510890,0.000000,2.185743,0.000000,0.000000,2.173171,0.000000,0.0000000,0.000000,2.433347,0.000000,2.0419206
0.000000,2.216202,1.7666818,0.000000,0.000000,0.000000,0.000000,0.000000,0.000000,0.000000,0.000000,2.265431,2.215308,2.453027,2.167286,2.463376,0.000000,2.101559,0.000000,0.000000,0.000000,0.000000,1.778444,2.288630,0.000000,2.069225,0.000000,0.000000,1.497272,0.000000,1.379773,0.000000,0.000000,0.000000,0.0000000,0.000000,2.288654,0.000000,0.000000,0.000000,0.000000,0.000000,1.913763,1.848396,2.003020,0.000000,0.000000,0.0000000,0.000000,1.958567,0.000000,1.885624,2.170027,2.021072,2.321374,2.103467,0.000000,1.863654,0.000000,1.971538,0.000000,0.000000,1.848044,1.809174,0.0000000,0.000000,2.479189,2.178953,2.0576015
0.000000,1.887781,1.7287939,1.348557,0.000000,0.000000,0.000000,1.924385,1.752570,0.000000,0.000000,2.101420,2.078049,2.422817,2.082401,2.418602,1.703130,2.205163,0.000000,1.630115,0.000000,1.979293,1.837192,2.234656,1.812540,2.030163,1.574655,1.937913,0.000000,1.171486,1.251056,0.000000,1.873600,1.464420,1.9475115,1.237664,2.469692,1.900440,0.000000,0.000000,0.000000,1.815798,0.000000,2.130322,2.181354,1.655390,1.785113,1.7390760,1.787308,0.000000,2.089732,2.052437,2.137674,1.681525,1.954159,1.910786,1.509658,0.000000,0.000000,2.111929,1.429945,1.798071,1.974938,1.875503,0.0000000,0.000000,2.298875,1.958359,1.8141498
0.000000,0.000000,0.0000000,0.000000,0.000000,0.000000,0.000000,2.135920,1.889684,0.000000,0.000000,2.202940,2.138020,2.441413,2.189984,2.427695,0.000000,2.144072,0.000000,0.000000,1.799663,0.000000,1.789275,2.313914,0.000000,2.068556,0.000000,0.000000,0.000000,1.744267,0.000000,0.000000,0.000000,0.000000,2.0193479,0.000000,2.468771,0.000000,0.000000,0.000000,0.000000,1.971934,1.889294,2.155473,0.000000,1.905412,1.732171,0.0000000,0.000000,2.128214,0.000000,1.903193,2.177040,0.000000,2.192302,1.845966,0.000000,0.000000,0.000000,2.237096,0.000000,1.785372,2.064687,2.103870,1.3864743,0.000000,2.459644,2.025497,1.7313082
0.000000,1.804827,1.8284341,0.000000,0.000000,0.000000,1.763016,2.095278,2.010427,0.000000,0.000000,2.283562,2.143220,2.440390,2.237428,2.436643,1.716193,2.319255,0.000000,1.963921,0.000000,2.104856,1.981781,2.322122,1.971460,2.238575,1.934531,1.999258,1.784086,0.000000,1.808915,0.000000,0.000000,0.000000,2.0797360,0.000000,2.532722,0.000000,0.000000,0.000000,0.000000,2.051279,1.532025,2.053238,0.000000,0.000000,1.912484,0.0000000,0.000000,1.927197,1.889695,2.005991,2.175354,1.346750,2.117154,0.000000,1.623721,1.521434,1.907896,2.224157,0.000000,1.658213,2.132752,2.082779,1.7765842,0.000000,2.462517,0.000000,1.7088592
0.000000,1.821143,2.0172682,1.657996,2.040451,0.000000,0.000000,2.164018,1.931097,0.000000,0.000000,2.273882,2.021389,2.492513,2.192728,2.433002,0.000000,2.298568,0.000000,0.000000,0.000000,0.000000,1.994657,2.197364,0.000000,2.057384,0.000000,0.000000,0.000000,0.000000,0.000000,0.000000,0.000000,0.000000,2.1494328,0.000000,2.573929,1.955801,0.000000,0.000000,0.000000,1.978846,0.000000,2.042075,2.161569,1.689860,0.000000,0.0000000,0.000000,2.029775,1.873693,0.000000,2.146246,0.000000,2.315080,0.000000,0.000000,1.850202,0.000000,2.288179,0.000000,0.000000,2.045299,2.201283,0.0000000,0.000000,2.489898,2.221234,0.0000000
0.000000,0.000000,0.0000000,0.000000,0.000000,0.000000,0.000000,2.084774,0.000000,0.000000,0.000000,2.237415,0.000000,2.454761,2.260862,2.412598,1.707734,2.343663,0.000000,1.899220,0.000000,2.120863,1.998946,2.188934,0.000000,2.214034,2.060823,1.897493,0.000000,0.000000,1.945311,0.000000,0.000000,0.000000,1.9882406,0.000000,2.456828,0.000000,0.000000,0.000000,0.000000,1.791722,0.000000,2.059382,0.000000,0.000000,1.749344,0.0000000,1.601070,2.130518,0.000000,1.964447,2.101410,0.000000,2.228783,0.000000,0.000000,0.000000,0.000000,2.229071,0.000000,1.823278,2.032578,2.182207,0.0000000,0.000000,2.503994,2.219436,1.6313704
0.000000,1.676569,2.0172191,0.000000,0.000000,0.000000,0.000000,2.011052,2.163520,0.000000,0.000000,2.341770,1.814073,2.493134,2.192458,2.397768,1.937966,2.324663,0.000000,1.584151,0.000000,2.105951,1.792104,2.194603,0.000000,2.237542,0.000000,2.006105,0.000000,1.735011,0.000000,0.000000,0.000000,0.000000,1.9880875,0.000000,2.513697,1.836761,0.000000,0.000000,0.000000,0.000000,0.000000,1.980683,2.194493,0.000000,1.807585,1.5935485,0.000000,2.044289,0.000000,1.962674,2.110690,0.000000,2.297829,1.866948,0.000000,1.964511,0.000000,2.287955,0.000000,1.850556,0.000000,2.135499,0.0000000,0.000000,2.436331,2.084201,0.0000000
0.000000,2.037962,0.0000000,1.931487,0.000000,0.000000,1.912636,1.988519,2.121076,0.000000,0.000000,2.279803,2.315945,2.451162,2.159375,2.491037,0.000000,2.182460,0.000000,1.692024,2.086959,1.991738,1.942008,2.271160,0.000000,2.121972,2.044121,1.931360,2.125021,0.000000,1.756303,0.000000,0.000000,0.000000,1.5462038,0.000000,2.513884,2.069900,0.000000,0.000000,0.000000,1.981033,0.000000,2.199111,0.000000,2.009712,0.000000,0.0000000,0.000000,1.978281,2.097239,2.164254,2.073091,0.000000,2.361240,2.189450,2.070346,0.000000,0.000000,2.108527,0.000000,1.895170,2.050814,1.999840,0.0000000,0.000000,2.453550,2.075266,2.2053834
0.000000,1.548154,1.8663599,1.728345,0.000000,0.000000,0.000000,1.841900,2.032827,0.000000,1.932881,2.170980,2.147552,2.454492,2.112528,2.458533,1.850357,2.297660,0.000000,0.000000,1.932448,2.071237,1.980822,2.310353,0.000000,2.145932,1.966608,1.993092,0.000000,1.517739,1.825876,0.000000,0.000000,0.000000,2.0574657,0.000000,2.466108,1.871006,0.000000,0.000000,0.000000,1.515862,0.000000,2.119437,2.072277,2.047578,1.768909,1.7220572,0.000000,1.765178,2.149748,2.033979,2.179684,0.000000,2.207645,2.184030,2.138577,0.000000,0.000000,2.113941,1.843414,1.483160,1.904876,1.921390,0.0000000,0.000000,2.359343,2.064528,1.7978993
0.000000,0.000000,1.6931817,0.000000,0.000000,0.000000,2.040153,1.908857,1.958637,0.000000,0.000000,2.177031,1.988561,2.465496,2.234707,2.431143,0.000000,0.000000,0.000000,0.000000,0.000000,0.000000,0.000000,2.212346,0.000000,1.652234,0.000000,0.000000,0.000000,0.000000,0.000000,0.000000,0.000000,0.000000,2.0580204,0.000000,2.475306,2.021306,1.649187,2.235927,2.249341,0.000000,0.000000,1.935931,0.000000,0.000000,1.945467,0.0000000,1.569772,2.111742,0.000000,1.999024,0.000000,0.000000,0.000000,1.583212,0.000000,1.528661,0.000000,2.202634,0.000000,0.000000,0.000000,2.056277,0.0000000,0.000000,2.523481,2.146986,1.6459356
0.000000,2.310906,2.2620545,1.837013,0.000000,0.000000,2.155012,2.103452,2.047483,0.000000,2.243867,1.906493,1.741742,2.410781,2.295844,2.462488,0.000000,2.086199,0.000000,0.000000,1.861804,1.797824,2.025636,2.210042,0.000000,1.953571,0.000000,0.000000,1.691210,2.236828,0.000000,0.000000,0.000000,2.213072,2.1290007,0.000000,2.496370,1.906677,2.214389,2.277706,2.276433,0.000000,0.000000,2.219205,0.000000,0.000000,2.188683,2.2949720,2.106214,2.197227,2.222440,2.173431,0.000000,0.000000,2.174946,2.207293,2.305481,1.984561,1.772509,2.226410,2.036775,0.000000,2.525133,2.164359,0.0000000,0.000000,2.453037,2.277255,1.7702711
0.000000,0.000000,2.1198767,1.660988,0.000000,0.000000,2.068663,0.000000,1.730781,0.000000,0.000000,1.820209,1.930558,2.471936,2.210249,2.376727,0.000000,0.000000,0.000000,1.793375,0.000000,0.000000,1.972341,2.222251,0.000000,0.000000,2.198429,0.000000,0.000000,0.000000,0.000000,0.000000,0.000000,0.000000,1.9640374,2.209589,2.506716,0.000000,1.915720,0.000000,1.707794,0.000000,0.000000,2.101522,1.837783,0.000000,0.000000,2.1022042,0.000000,2.068865,0.000000,1.987544,0.000000,0.000000,2.255204,2.296927,2.476998,1.937239,0.000000,2.151692,0.000000,0.000000,2.460199,2.106618,1.8747729,0.000000,2.506933,2.153466,2.1023301
0.000000,1.794932,1.6626351,0.000000,0.000000,0.000000,0.000000,1.976989,1.975195,0.000000,0.000000,2.248383,2.039712,2.482832,2.149901,2.427287,0.000000,0.000000,0.000000,1.760891,1.947777,0.000000,1.880130,2.229449,0.000000,0.000000,0.000000,0.000000,0.000000,0.000000,0.000000,0.000000,0.000000,1.803074,2.0131680,0.000000,2.453779,1.885584,0.000000,0.000000,0.000000,0.000000,0.000000,2.073436,2.099214,0.000000,0.000000,0.0000000,0.000000,1.838950,0.000000,1.604576,1.752688,0.000000,2.256678,2.132706,0.000000,0.000000,0.000000,2.195032,0.000000,0.000000,1.923085,2.046221,1.8208505,0.000000,2.373786,0.000000,1.8363282
0.000000,1.903579,0.0000000,0.000000,0.000000,0.000000,0.000000,1.988341,2.031027,0.000000,0.000000,2.153399,2.306493,2.494136,2.164290,2.483517,0.000000,2.194092,0.000000,0.000000,2.024152,1.961259,1.899210,2.387424,0.000000,2.040944,2.009345,0.000000,1.611881,0.000000,0.000000,0.000000,0.000000,0.000000,2.1050317,0.000000,2.500988,2.024247,1.889662,1.924679,0.000000,1.898786,0.000000,2.117114,0.000000,0.000000,1.845554,0.0000000,0.000000,1.939764,0.000000,2.178174,2.258887,0.000000,2.165121,0.000000,0.000000,1.874761,0.000000,2.075124,0.000000,1.862284,1.859653,0.000000,1.7875855,0.000000,2.438064,0.000000,1.9756941
0.000000,1.923335,0.0000000,0.000000,2.210216,0.000000,1.802138,2.014927,0.000000,0.000000,0.000000,2.293086,2.230152,2.483811,2.255288,2.474160,0.000000,0.000000,0.000000,1.908714,1.942740,0.000000,1.977888,2.252976,0.000000,1.635550,0.000000,0.000000,0.000000,0.000000,0.000000,0.000000,0.000000,0.000000,2.0840123,0.000000,2.485792,2.083192,0.000000,0.000000,0.000000,0.000000,1.692527,2.045248,0.000000,0.000000,1.735671,0.0000000,0.000000,2.112181,0.000000,2.173848,2.178246,0.000000,2.257388,2.289240,2.304808,0.000000,1.645436,2.035742,1.611737,1.843119,2.449502,2.156168,0.0000000,0.000000,2.547694,2.192488,1.8263858
1.754702,2.085023,1.9791386,1.934291,0.000000,0.000000,0.000000,2.011496,0.000000,0.000000,1.965367,2.260579,2.177301,2.454961,2.185825,2.453485,1.757815,2.289163,0.000000,1.809650,0.000000,1.622676,1.929020,2.302486,0.000000,2.102409,0.000000,1.794503,0.000000,0.000000,1.550859,0.000000,0.000000,1.549095,2.0097396,0.000000,2.484139,1.863768,2.060938,0.000000,0.000000,1.655804,0.000000,2.163584,0.000000,0.000000,1.763781,1.9558210,0.000000,0.000000,2.059104,2.065758,2.181686,0.000000,2.260990,2.095375,2.414623,0.000000,0.000000,2.112248,1.429846,0.000000,2.502251,2.170628,1.7885075,0.000000,2.511580,1.994849,1.8834477
0.000000,1.738624,1.9379619,0.000000,0.000000,0.000000,0.000000,2.080828,1.818881,0.000000,0.000000,2.307022,2.214261,2.474042,2.129530,2.460985,0.000000,1.564793,0.000000,0.000000,0.000000,0.000000,2.021091,2.238327,0.000000,0.000000,0.000000,0.000000,0.000000,0.000000,0.000000,0.000000,0.000000,0.000000,1.9842790,0.000000,2.500801,0.000000,0.000000,0.000000,0.000000,0.000000,1.743347,1.979514,2.141933,1.935443,1.842339,1.6826930,0.000000,2.152719,0.000000,1.992362,2.147248,0.000000,2.251055,0.000000,0.000000,1.903049,0.000000,2.130017,0.000000,0.000000,1.940863,2.095884,0.0000000,0.000000,2.513352,2.152573,1.8232780
0.000000,0.000000,1.8136119,0.000000,0.000000,0.000000,0.000000,1.984064,1.862088,0.000000,0.000000,2.180684,2.182201,2.488092,2.326301,2.464224,0.000000,0.000000,0.000000,0.000000,1.953534,0.000000,0.000000,2.250679,0.000000,1.894441,1.838009,0.000000,0.000000,1.747635,1.720644,0.000000,0.000000,0.000000,2.1240922,0.000000,2.513672,1.968637,1.916606,0.000000,0.000000,0.000000,0.000000,2.094018,0.000000,0.000000,2.017264,0.0000000,0.000000,2.083274,0.000000,0.000000,2.239447,0.000000,2.371425,2.133132,2.032409,0.000000,0.000000,2.173797,0.000000,1.839734,2.199275,2.053140,0.0000000,0.000000,2.530371,2.132183,0.0000000
0.000000,2.229502,1.7570178,0.000000,2.152655,0.000000,2.066269,1.783040,0.000000,0.000000,1.937747,2.191279,2.203050,2.451719,2.197414,2.468860,1.908942,2.398554,0.000000,1.806233,0.000000,2.029387,2.111053,2.229930,0.000000,2.250416,1.955710,2.101767,1.711742,0.000000,1.927049,0.000000,1.697454,0.000000,1.9174205,0.000000,2.409515,1.934065,1.675743,1.840600,1.899791,0.000000,1.662079,2.135888,0.000000,2.141302,1.469992,0.0000000,0.000000,2.128529,1.897896,2.161260,2.166056,0.000000,1.974599,2.207181,2.165617,0.000000,0.000000,1.911014,0.000000,0.000000,2.283570,2.104111,0.0000000,0.000000,2.403998,2.127216,1.9421106
0.000000,1.988238,1.8844231,1.464420,2.169037,0.000000,0.000000,2.093091,1.759634,0.000000,1.785864,2.112512,2.044281,2.461814,2.224247,2.423993,1.574024,2.304753,0.000000,1.946275,1.992561,2.137251,2.098856,2.238176,1.935931,2.205870,1.943085,1.790708,0.000000,1.703456,1.978686,0.000000,0.000000,1.917119,1.9195929,0.000000,2.448577,1.742342,1.489663,0.000000,1.720789,0.000000,1.599406,2.057037,2.197661,0.000000,1.657751,1.8832287,0.000000,2.080104,0.000000,2.293289,1.920111,0.000000,2.116772,2.228333,2.229834,1.931021,0.000000,2.193203,1.666500,1.599561,2.190758,2.149647,0.0000000,0.000000,2.508383,2.130618,1.8475784
0.000000,1.910851,1.9963260,2.016418,0.000000,0.000000,1.616298,2.119677,1.864374,0.000000,1.724738,2.171028,2.251432,2.458271,2.193143,2.355908,0.000000,2.379008,0.000000,1.843623,2.142332,2.472926,1.978047,2.376301,0.000000,2.223406,2.202473,2.043469,0.000000,2.122651,0.000000,0.000000,0.000000,2.017103,1.9935511,1.853477,2.476129,1.839869,2.035908,0.000000,0.000000,1.875166,0.000000,2.224537,0.000000,1.650931,1.779377,0.0000000,1.615240,2.076983,0.000000,2.249728,2.120599,0.000000,2.323879,2.214636,2.238176,0.000000,1.575642,2.249974,0.000000,0.000000,2.254983,2.061026,0.0000000,0.000000,2.548737,2.179984,0.0000000
1.820796,2.210806,2.0611527,2.270145,2.135051,2.480913,2.249543,0.000000,0.000000,0.000000,2.310758,0.000000,2.097108,2.455453,2.207630,2.452019,0.000000,2.453290,1.737652,0.000000,0.000000,1.796244,0.000000,2.110348,0.000000,2.224562,0.000000,2.080463,2.156380,0.000000,2.124052,2.035821,1.962464,0.000000,1.8237800,0.000000,2.429615,2.084325,0.000000,2.119994,2.293208,1.809511,0.000000,2.258080,1.991925,0.000000,2.258080,0.0000000,0.000000,1.750153,0.000000,2.340197,0.000000,0.000000,0.000000,2.050544,2.146567,2.151698,0.000000,1.753640,2.170659,0.000000,2.345845,2.077770,0.0000000,1.875600,2.531131,0.000000,0.0000000
0.000000,2.253034,1.6708003,2.148972,2.152490,1.622777,2.507356,2.013684,2.063315,0.000000,1.809313,2.035354,2.147901,2.475224,2.221874,2.396900,1.925193,2.365947,0.000000,1.988386,0.000000,2.208252,2.081730,2.315678,0.000000,2.229849,1.942788,0.000000,0.000000,2.445078,2.022805,0.000000,0.000000,0.000000,2.0369447,0.000000,2.471994,1.997845,0.000000,2.615894,2.549435,2.192509,0.000000,2.188586,1.933758,1.390658,2.088813,0.0000000,0.000000,2.175952,0.000000,1.954519,2.092182,0.000000,2.112231,2.092418,1.986952,2.044454,0.000000,2.160310,0.000000,0.000000,2.411547,2.024491,0.0000000,1.914296,2.507566,0.000000,0.0000000
0.000000,2.320025,2.2866320,2.192974,2.215835,1.777393,2.299229,2.110894,1.920276,0.000000,2.083989,2.219811,1.992447,2.476039,2.211632,2.417666,0.000000,0.000000,1.535832,1.826868,1.966425,0.000000,1.965022,2.210656,1.742829,1.963008,2.026618,0.000000,0.000000,1.538621,1.956128,0.000000,0.000000,1.908377,2.0643610,0.000000,2.513242,0.000000,2.224511,2.284664,2.235193,1.991543,0.000000,2.254454,0.000000,0.000000,1.463670,0.0000000,0.000000,2.315807,2.247120,2.225293,0.000000,0.000000,2.284332,2.288447,2.438354,1.774624,1.458592,2.219990,1.916159,0.000000,2.418155,2.138190,1.9636973,0.000000,2.458110,2.317256,1.6555833
0.000000,2.020859,1.9387442,1.776459,2.218294,1.737489,2.209536,2.093107,2.034106,0.000000,0.000000,2.170789,2.122289,2.439550,2.194173,2.422818,1.997578,2.369099,1.528192,1.850828,1.967209,2.181923,1.899363,2.254360,2.007957,2.227294,1.981418,1.967881,1.604689,0.000000,2.034011,0.000000,0.000000,0.000000,2.0071844,0.000000,2.511426,1.811498,0.000000,2.290201,2.278777,1.695107,0.000000,2.158738,1.919493,1.601378,1.686488,1.4388087,0.000000,2.046160,1.944235,2.066709,0.000000,1.703578,2.112696,1.810272,0.000000,1.606861,1.614495,2.174954,1.747559,0.000000,2.068653,2.003326,1.8861496,0.000000,2.438318,0.000000,1.8494098
0.000000,2.181992,1.8406314,1.690879,0.000000,0.000000,2.083148,2.164944,1.921312,0.000000,1.890724,2.283120,2.209108,2.486404,2.167785,2.461365,1.634893,2.377817,0.000000,1.915881,1.998880,2.220454,2.037933,2.347929,1.974427,2.243453,2.042048,0.000000,0.000000,0.000000,2.017091,0.000000,0.000000,0.000000,2.0200695,1.759942,2.440437,0.000000,0.000000,0.000000,0.000000,2.003739,0.000000,2.147612,1.906648,0.000000,1.934833,0.0000000,1.686397,2.054506,2.170068,1.949623,0.000000,0.000000,2.175919,2.163497,2.275866,2.157717,0.000000,2.275577,1.740646,1.949853,2.628409,2.009807,0.0000000,2.050752,2.567437,1.880194,2.0401804
0.000000,2.098165,2.0825700,2.129087,2.173991,0.000000,2.117983,1.942092,2.024226,0.000000,1.918902,2.044763,1.985609,2.431029,2.200711,2.443332,1.966446,2.383816,1.776097,1.927312,1.585043,1.940176,2.119521,2.188258,1.935743,2.217830,0.000000,2.045060,2.135349,0.000000,0.000000,1.681946,0.000000,1.843414,1.9894781,0.000000,2.454573,2.021681,2.072436,0.000000,0.000000,1.749148,1.635675,2.189799,0.000000,1.783159,1.580538,0.0000000,2.000151,2.112134,2.133820,2.220841,0.000000,1.384600,2.259178,2.148978,2.378012,1.736444,0.000000,2.175614,1.871404,0.000000,2.353383,2.103808,0.0000000,0.000000,2.465794,0.000000,1.9875817
1.797242,2.262929,2.1025632,0.000000,0.000000,0.000000,1.699076,2.186972,2.103127,0.000000,2.115953,2.118116,2.051648,2.450276,2.257289,2.448693,0.000000,0.000000,1.521068,0.000000,1.884183,0.000000,0.000000,2.240197,0.000000,1.929836,0.000000,0.000000,0.000000,2.374013,1.874514,0.000000,1.934396,0.000000,2.0696416,0.000000,2.404832,1.960348,1.745012,2.300831,2.270276,1.973700,0.000000,2.177446,1.948961,0.000000,2.070040,2.0255902,2.185441,1.722831,1.793297,2.269728,0.000000,0.000000,2.168902,2.191710,2.368021,0.000000,1.874027,2.248719,1.818510,1.576490,2.433469,1.956014,0.0000000,0.000000,2.507036,1.582698,1.8886422
0.000000,1.543156,1.8049494,0.000000,0.000000,0.000000,0.000000,2.002081,2.073278,0.000000,0.000000,1.892117,2.098626,2.450470,2.197857,2.483219,1.833087,0.000000,1.799759,1.795699,0.000000,2.224072,1.946529,2.213871,1.757474,2.216569,2.039425,2.028342,0.000000,1.699912,1.990479,0.000000,0.000000,1.731088,1.9263318,0.000000,2.498688,2.070414,0.000000,0.000000,0.000000,1.787099,1.515422,2.192821,0.000000,0.000000,1.525114,0.0000000,1.696732,2.061202,2.056058,1.981091,2.115004,0.000000,2.206365,2.015576,0.000000,1.788151,0.000000,2.196457,1.767428,2.028655,1.949202,2.034860,1.8388300,0.000000,2.507314,2.118665,1.8199061
2.246328,2.041813,1.3928383,2.137488,0.000000,0.000000,2.080803,2.030003,2.103672,2.030395,2.068310,2.215175,2.253124,2.442429,2.197963,2.495594,1.954856,2.320226,0.000000,0.000000,2.046452,2.080641,1.980865,2.164488,0.000000,2.197787,2.014185,2.085609,0.000000,0.000000,1.496084,0.000000,0.000000,1.770701,2.0653376,0.000000,2.513522,1.975750,0.000000,0.000000,1.933324,1.515169,1.648554,2.131553,1.904003,2.032889,1.899144,0.0000000,0.000000,2.435366,2.231194,2.142053,2.118908,0.000000,2.141563,2.072805,0.000000,1.677365,0.000000,2.269586,1.734364,1.630824,1.999833,2.096083,1.5684239,2.019816,2.473965,1.580668,1.9781176
0.000000,0.000000,1.7824896,0.000000,2.236275,0.000000,0.000000,2.010956,2.053900,0.000000,0.000000,2.245341,2.039953,2.437862,2.209885,2.492634,1.699787,2.417759,1.617279,1.948760,1.631242,1.601185,2.059463,2.282767,0.000000,2.283881,0.000000,2.122359,2.069506,0.000000,2.086717,0.000000,0.000000,1.710483,1.9636206,0.000000,2.515573,2.049422,1.558337,1.989468,2.156690,1.930225,0.000000,2.174250,1.277529,0.000000,0.000000,0.0000000,0.000000,1.985617,2.092009,1.964471,0.000000,0.000000,2.283549,2.198453,2.124044,1.571430,1.470637,2.151523,0.000000,1.605853,2.115513,2.093177,2.0375222,1.201567,2.537092,0.000000,1.9871548
0.000000,1.940996,2.0402885,0.000000,0.000000,0.000000,1.883136,2.062282,1.839247,0.000000,0.000000,2.148274,2.098994,2.472210,2.169187,2.417703,1.842963,2.354617,0.000000,1.887284,1.940035,2.205235,1.972826,2.196400,1.915436,2.217870,1.919034,2.058946,0.000000,0.000000,0.000000,0.000000,0.000000,0.000000,1.9495572,0.000000,2.445434,0.000000,0.000000,0.000000,1.748952,1.833797,0.000000,2.019487,2.140942,1.714932,0.000000,0.0000000,1.523494,1.986597,1.943573,2.041171,0.000000,1.340923,2.168962,0.000000,1.763426,1.448822,0.000000,2.152495,1.728604,1.893287,2.023692,2.046210,2.0121752,0.000000,2.480392,0.000000,1.8028564
0.000000,1.552504,1.7649887,0.000000,0.000000,0.000000,0.000000,2.035870,1.943172,0.000000,0.000000,1.772252,1.910916,2.483491,2.213964,2.456025,0.000000,2.139033,0.000000,1.780633,1.794426,0.000000,1.384349,2.313879,1.734065,2.026076,0.000000,0.000000,1.388331,1.811927,1.427639,0.000000,0.000000,0.000000,1.8982672,0.000000,2.375591,0.000000,0.000000,0.000000,0.000000,0.000000,0.000000,1.928477,2.212647,0.000000,1.619086,1.5507046,0.000000,1.951211,0.000000,1.808756,0.000000,0.000000,2.064323,0.000000,0.000000,0.000000,0.000000,2.026503,1.390780,0.000000,0.000000,2.032212,1.6440477,0.000000,2.445576,0.000000,1.8522897
0.000000,1.689146,0.0000000,0.000000,0.000000,0.000000,0.000000,1.980766,2.079420,1.756432,0.000000,2.208565,2.052651,2.439044,2.232254,2.471182,1.968935,2.356032,1.273511,1.862702,0.000000,2.204578,1.936768,2.296223,1.850327,2.197340,1.984175,2.064217,0.000000,0.000000,0.000000,0.000000,0.000000,0.000000,1.8766109,0.000000,2.481011,0.000000,0.000000,0.000000,1.783528,1.887463,0.000000,2.188837,1.900627,2.011379,1.828840,0.0000000,0.000000,1.839006,1.936794,2.101948,1.931328,0.000000,2.110410,0.000000,0.000000,0.000000,0.000000,2.161437,0.000000,1.567863,2.014706,2.008294,1.7846536,0.000000,2.534476,2.149562,1.8551097
0.000000,0.000000,1.9927180,0.000000,0.000000,1.471920,1.322222,2.126008,2.228849,0.000000,0.000000,1.643602,2.062525,2.458545,2.199922,2.473389,1.836320,2.343445,0.000000,1.697475,1.964065,2.294242,1.930514,2.211477,1.998832,2.210103,1.979627,2.085175,0.000000,1.861159,0.000000,0.000000,0.000000,1.669970,1.8872005,0.000000,2.412374,1.895680,0.000000,0.000000,0.000000,1.905130,0.000000,2.027688,2.201679,0.000000,0.000000,1.7958627,1.500790,2.020613,1.169471,2.146044,1.473511,0.000000,2.178847,2.108224,2.266418,1.725657,0.000000,2.230213,1.746368,1.762302,2.203410,2.135775,1.9141277,1.328258,2.534707,2.075130,1.8180726
0.000000,1.842065,1.8046933,0.000000,2.189777,1.522770,1.701302,2.103021,1.968109,0.000000,1.975404,2.268020,2.170491,2.427455,2.201075,2.438368,0.000000,2.329341,1.417067,1.964915,1.576312,2.138378,1.794305,2.286722,0.000000,2.166114,1.965669,2.002070,0.000000,0.000000,1.922230,0.000000,2.027242,0.000000,1.8513707,0.000000,2.478062,1.966632,0.000000,0.000000,0.000000,1.911484,1.791879,2.015209,0.000000,0.000000,1.876101,0.0000000,0.000000,1.899180,2.144690,1.873065,2.179317,1.649618,2.122568,1.969588,1.590788,1.723261,0.000000,2.237013,1.732810,1.770610,2.062415,2.048079,2.0694211,0.000000,2.495442,2.104600,1.9557752
2.439236,2.559832,1.6251932,1.928643,2.189731,1.971267,2.207766,1.990926,2.138815,0.000000,2.246251,1.990462,2.176642,2.444054,2.162698,2.452917,0.000000,0.000000,0.000000,1.749193,2.194254,0.000000,2.003492,2.203434,1.848389,2.068410,2.187805,0.000000,0.000000,1.656107,2.078710,1.772162,2.136979,0.000000,1.8637813,1.830111,2.478948,2.033412,1.648063,2.104187,2.123895,1.786937,1.547944,2.197251,0.000000,0.000000,1.832576,0.0000000,1.797673,1.524636,2.110695,2.210741,0.000000,1.900314,2.121062,2.168000,2.011273,0.000000,0.000000,2.059861,0.000000,1.623889,1.968363,1.896892,0.0000000,1.948264,2.439825,2.175511,0.0000000
0.000000,0.000000,1.7574879,0.000000,0.000000,0.000000,0.000000,2.168695,2.013078,0.000000,0.000000,2.187457,2.108010,2.475403,2.254559,2.422182,0.000000,2.286599,0.000000,1.876998,0.000000,2.145633,2.022441,2.367246,0.000000,2.209231,0.000000,2.180943,0.000000,0.000000,1.555092,0.000000,0.000000,2.108504,2.1264823,1.710716,2.524898,0.000000,1.921570,0.000000,0.000000,2.069709,0.000000,2.102819,2.061955,0.000000,1.643691,0.0000000,0.000000,2.010670,1.890150,2.024509,0.000000,0.000000,2.387998,2.170800,2.127814,1.895349,0.000000,2.290160,0.000000,0.000000,2.116560,2.170792,1.9722381,0.000000,2.455112,0.000000,0.0000000
0.000000,1.837403,1.7582682,0.000000,0.000000,0.000000,0.000000,2.032476,1.998192,0.000000,1.746261,2.281138,2.229625,2.429064,2.238744,2.457869,1.754150,2.332266,0.000000,2.023230,0.000000,2.213680,2.033126,2.290331,1.962396,2.211970,2.067544,2.083993,1.791846,1.815257,0.000000,0.000000,0.000000,1.348706,2.0632586,0.000000,2.524670,1.785454,0.000000,0.000000,0.000000,2.101981,0.000000,2.190263,0.000000,1.992670,1.863547,0.0000000,0.000000,2.050930,0.000000,1.981054,0.000000,1.329247,2.203320,0.000000,1.783052,1.904494,0.000000,2.300483,0.000000,1.872077,2.083917,2.105288,1.9707149,0.000000,2.530517,0.000000,1.8039326
0.000000,1.693356,1.6422275,0.000000,0.000000,0.000000,0.000000,2.026076,1.756116,2.289672,0.000000,2.169600,2.257800,2.428850,2.156466,2.455420,0.000000,1.836761,1.577068,1.855074,0.000000,1.760543,1.943771,2.297838,1.962098,2.141395,1.867397,0.000000,1.492043,1.678613,0.000000,0.000000,1.934205,0.000000,2.0530755,0.000000,2.471759,1.658512,0.000000,0.000000,0.000000,1.915531,0.000000,2.027242,0.000000,0.000000,1.642017,0.0000000,0.000000,1.960719,2.204183,2.053281,0.000000,1.790956,2.102819,0.000000,1.552043,1.888387,1.325931,2.204346,1.672796,1.883776,2.049356,2.114864,2.0592758,0.000000,2.494412,1.793530,1.8903856
0.000000,2.294685,1.8065977,1.839941,0.000000,0.000000,1.532025,2.024084,1.988631,1.935046,2.223131,2.054473,2.176584,2.447110,2.173919,2.384757,1.918612,2.348881,0.000000,1.975455,1.889250,2.141440,1.987725,2.269617,2.120302,2.165235,1.935092,2.097083,0.000000,0.000000,2.026956,0.000000,0.000000,0.000000,1.8459355,0.000000,2.434211,1.923910,0.000000,0.000000,0.000000,1.882720,0.000000,2.131210,2.060342,0.000000,0.000000,0.0000000,1.875190,2.023631,1.998122,2.113049,0.000000,1.656794,2.155504,1.645407,1.883183,1.818584,0.000000,2.177219,1.782729,0.000000,2.450001,2.057527,0.0000000,1.646988,2.512753,0.000000,1.9796162
0.000000,2.305932,1.8542383,1.879282,2.004332,0.000000,2.346785,2.011110,2.074563,0.000000,0.000000,2.076105,2.179360,2.447999,2.196540,2.393505,1.981038,2.377573,1.863895,2.007501,1.713450,2.053900,1.990730,2.212091,2.103234,2.178977,1.914980,2.144677,2.099666,0.000000,1.828140,0.000000,0.000000,0.000000,1.9592173,0.000000,2.422497,1.898622,0.000000,0.000000,0.000000,1.867091,1.587815,2.190501,2.020359,0.000000,1.639290,0.0000000,0.000000,2.068239,2.039772,2.058332,0.000000,0.000000,1.896272,0.000000,1.840243,0.000000,0.000000,2.216563,1.814638,0.000000,2.514651,1.996288,0.0000000,1.817755,2.522508,0.000000,1.7039642
0.000000,2.291437,0.0000000,1.645142,0.000000,0.000000,2.230372,2.075251,1.955001,0.000000,1.700224,2.075583,2.130355,2.456138,2.185283,2.427289,1.967738,2.386890,1.541312,1.976188,1.681431,2.090369,1.973207,2.270481,1.991772,2.188005,1.945072,2.067475,2.152198,1.410129,2.060689,0.000000,0.000000,0.000000,1.9276116,0.000000,2.427548,1.879074,0.000000,1.337472,0.000000,1.932085,1.709389,2.117743,1.923467,0.000000,0.000000,0.0000000,0.000000,2.086158,2.044256,2.012358,2.126748,0.000000,2.132521,0.000000,1.876392,1.664970,0.000000,2.175425,1.654502,1.904876,2.475141,2.064533,1.3088819,1.866713,2.527038,2.135690,1.6041227
0.000000,2.307827,0.0000000,1.728604,0.000000,0.000000,2.277553,2.082817,2.021980,0.000000,0.000000,2.016028,2.157510,2.448959,2.194581,2.344001,1.968339,2.390527,1.893602,1.988983,1.694396,2.108404,1.986886,2.269237,1.981506,2.199694,1.984053,2.137645,2.139994,0.000000,2.066287,0.000000,0.000000,0.000000,1.8907892,0.000000,2.423372,1.880983,0.000000,0.000000,0.000000,1.862817,1.670499,2.180286,1.907499,0.000000,1.879401,0.0000000,0.000000,2.030933,2.034028,2.039317,0.000000,1.677486,1.881650,1.497063,0.000000,1.585761,0.000000,2.191802,1.701054,1.929166,2.566947,2.037824,1.3504961,1.823655,2.519929,1.744112,1.9484171
0.000000,1.855458,0.0000000,0.000000,0.000000,0.000000,0.000000,2.159419,0.000000,2.232750,0.000000,2.056593,2.346537,2.444637,2.177209,2.465926,0.000000,2.274833,0.000000,0.000000,0.000000,0.000000,1.961846,2.293404,0.000000,2.079071,0.000000,0.000000,0.000000,0.000000,0.000000,0.000000,1.950277,0.000000,0.0000000,0.000000,2.483123,0.000000,0.000000,0.000000,0.000000,1.967590,0.000000,2.167703,0.000000,1.977146,0.000000,0.0000000,0.000000,2.133680,2.174827,2.030509,0.000000,0.000000,1.865848,0.000000,0.000000,0.000000,0.000000,2.133896,0.000000,1.667810,2.197654,2.184735,0.0000000,0.000000,2.546815,0.000000,0.0000000
0.000000,2.123621,0.0000000,0.000000,0.000000,0.000000,0.000000,2.119908,1.734746,0.000000,0.000000,2.218031,2.079339,2.453845,2.199177,2.459448,0.000000,2.255838,0.000000,1.791114,0.000000,0.000000,0.000000,2.306823,0.000000,2.097946,0.000000,0.000000,1.790220,0.000000,1.529712,0.000000,0.000000,0.000000,1.8076959,0.000000,2.458584,1.821779,0.000000,2.046057,0.000000,1.936195,0.000000,1.906378,0.000000,0.000000,1.645848,0.0000000,0.000000,2.059137,0.000000,1.857390,0.000000,0.000000,2.174628,2.178355,0.000000,0.000000,0.000000,2.110328,0.000000,0.000000,2.217171,2.151498,0.0000000,0.000000,2.396410,2.108849,2.0366839
0.000000,1.849410,0.0000000,0.000000,0.000000,0.000000,0.000000,2.153772,0.000000,0.000000,0.000000,2.205657,2.213171,2.492891,2.201246,2.422796,0.000000,2.255855,0.000000,1.927738,0.000000,1.800669,1.807163,2.255284,0.000000,2.063736,0.000000,0.000000,1.939778,0.000000,1.895428,0.000000,0.000000,1.934934,2.1368995,0.000000,2.499750,0.000000,0.000000,0.000000,1.855423,1.969346,0.000000,1.684613,1.975755,0.000000,1.977746,0.0000000,0.000000,2.101272,0.000000,2.170579,0.000000,0.000000,2.198277,2.260357,2.269515,0.000000,0.000000,2.137578,1.751848,0.000000,2.218114,2.217591,0.0000000,0.000000,2.495879,2.220699,1.8777641
0.000000,2.328330,1.7296024,1.827409,0.000000,0.000000,2.075203,2.138965,1.905956,0.000000,1.697708,2.072005,2.223848,2.449443,2.181974,2.413704,1.883188,2.379979,1.514537,1.979589,1.954374,2.214473,1.951258,2.246903,2.029680,2.172419,0.000000,2.093233,1.631274,0.000000,2.033515,1.495663,0.000000,0.000000,1.9848788,0.000000,2.448150,1.935616,0.000000,0.000000,0.000000,1.976327,1.640052,2.158699,1.995896,0.000000,1.564936,0.0000000,0.000000,1.876902,2.084304,2.129924,0.000000,0.000000,1.901869,1.714969,0.000000,1.771233,0.000000,2.189301,1.722039,0.000000,2.542449,2.064648,1.4517798,1.776047,2.506841,2.011395,1.8330623
0.000000,2.326766,1.6158755,1.872190,0.000000,0.000000,1.828780,2.176683,1.572891,0.000000,1.734862,2.085918,2.204125,2.454747,2.131195,2.412973,1.900738,2.338073,0.000000,2.060639,1.833946,2.133581,2.002530,2.275014,2.181597,2.158011,1.880830,2.093660,0.000000,0.000000,0.000000,0.000000,0.000000,0.000000,2.0335745,0.000000,2.470233,1.827844,1.863420,0.000000,0.000000,2.016208,0.000000,2.257126,2.155713,1.861349,0.000000,0.0000000,0.000000,1.810950,2.106091,2.100053,2.069189,0.000000,1.874508,1.804939,0.000000,1.865901,0.000000,2.268951,0.000000,0.000000,2.589606,1.965820,0.0000000,0.000000,2.593240,0.000000,1.8141881
0.000000,2.324719,1.8040356,1.893228,0.000000,0.000000,2.257776,2.094230,1.986510,0.000000,0.000000,2.055286,2.221131,2.454548,2.187746,2.375772,2.019095,2.395645,1.901413,1.986803,1.790413,2.218480,2.106920,2.251945,2.038000,2.220396,1.984605,2.148938,0.000000,0.000000,2.105644,0.000000,0.000000,0.000000,1.9221571,1.594272,2.447531,1.907273,1.579884,0.000000,0.000000,1.903005,1.895885,2.172413,1.908082,1.646580,1.640265,0.0000000,0.000000,2.043156,2.077395,2.069683,2.121184,1.716324,1.953474,1.707377,1.551529,1.697539,0.000000,2.204979,1.457042,1.672175,2.561885,2.012916,1.5855079,1.886976,2.527354,1.779463,1.6734394
0.000000,2.279368,1.6444625,1.856089,0.000000,0.000000,2.270141,1.993292,1.988271,0.000000,1.450172,2.142364,2.101060,2.440350,2.170268,2.383847,1.931522,2.381747,1.912613,1.988544,1.842994,2.253700,2.096709,2.287193,2.004154,2.224959,2.029733,2.140590,0.000000,0.000000,1.866399,1.259405,0.000000,1.922264,1.9147270,1.561134,2.433898,1.866713,0.000000,0.000000,0.000000,1.851305,1.649532,2.121963,1.903855,0.000000,1.740135,0.0000000,0.000000,2.041811,2.048429,2.052325,2.122938,0.000000,2.073409,1.496923,1.919732,1.726237,1.293094,2.191285,1.699703,0.000000,2.539756,2.022802,1.7529082,1.764867,2.514237,1.689280,1.9425442
0.000000,0.000000,1.8278271,0.000000,0.000000,0.000000,0.000000,2.160083,1.975683,0.000000,0.000000,2.149461,1.990543,2.463349,2.228400,2.452843,0.000000,2.206548,0.000000,1.908244,0.000000,0.000000,0.000000,2.204862,1.991027,1.971837,0.000000,0.000000,1.826640,0.000000,0.000000,0.000000,0.000000,0.000000,1.9929786,0.000000,2.455834,1.682926,0.000000,0.000000,0.000000,0.000000,0.000000,2.136090,1.938737,0.000000,1.843476,0.0000000,0.000000,1.908444,0.000000,2.050092,2.135776,0.000000,2.344862,1.791992,2.096589,1.686329,0.000000,2.164282,0.000000,0.000000,2.205226,2.097728,1.8676633,0.000000,2.465093,0.000000,1.9165393
0.000000,1.775557,1.9687964,1.789024,0.000000,0.000000,0.000000,2.248936,0.000000,0.000000,0.000000,2.206700,2.243086,2.477871,2.171907,2.408076,1.568936,2.214338,0.000000,0.000000,0.000000,0.000000,1.888376,2.169936,1.979675,2.033111,0.000000,0.000000,0.000000,1.708997,0.000000,0.000000,0.000000,0.000000,2.0993992,0.000000,2.548504,2.159118,0.000000,0.000000,0.000000,0.000000,0.000000,2.144118,2.234831,2.134786,0.000000,0.0000000,0.000000,2.094220,0.000000,1.807123,2.054046,0.000000,2.327260,1.989242,0.000000,2.095580,0.000000,2.271914,1.888337,0.000000,2.244339,2.172008,0.0000000,0.000000,2.452232,0.000000,1.8384524
2.014318,2.084224,0.0000000,2.081312,0.000000,0.000000,0.000000,2.031294,1.984440,0.000000,2.118413,2.168284,2.278053,2.449966,2.208155,2.386077,0.000000,2.337288,1.636206,1.927399,1.476342,2.099096,1.937886,2.222494,1.902219,2.240520,0.000000,2.094673,0.000000,0.000000,0.000000,0.000000,0.000000,0.000000,1.9080864,0.000000,2.472205,2.046867,0.000000,2.206842,2.093831,1.812443,0.000000,2.143841,0.000000,1.984295,1.793630,0.0000000,1.827086,1.865677,2.080087,2.057727,0.000000,1.902592,2.100072,2.052920,1.741393,1.518608,0.000000,2.249202,1.788909,1.914223,2.126801,2.055698,1.4035072,0.000000,2.530668,0.000000,0.0000000
0.000000,1.911962,1.7966136,0.000000,0.000000,0.000000,0.000000,2.022637,2.033135,0.000000,0.000000,1.822540,2.232831,2.455466,2.210667,2.415986,0.000000,2.419866,1.964367,1.855394,0.000000,2.293900,2.086725,2.207895,1.902408,2.254938,1.976197,2.145514,0.000000,0.000000,2.151054,0.000000,0.000000,0.000000,1.9749156,0.000000,2.458761,1.974059,0.000000,0.000000,0.000000,1.756474,0.000000,2.162898,0.000000,0.000000,0.000000,0.0000000,0.000000,0.000000,0.000000,1.965140,0.000000,0.000000,2.131923,0.000000,0.000000,0.000000,0.000000,2.255534,0.000000,1.733765,2.013109,2.046281,1.7305430,0.000000,2.527168,0.000000,2.0583895
1.943194,1.832517,1.7975008,1.557643,0.000000,0.000000,0.000000,2.033938,1.843352,0.000000,0.000000,2.219029,1.911014,2.467272,2.183372,2.434980,1.798693,2.248399,1.896777,1.958218,1.726290,2.078581,1.952029,2.265727,1.997907,2.083732,1.792204,1.943045,0.000000,0.000000,0.000000,0.000000,0.000000,0.000000,2.0678971,0.000000,2.352643,1.969252,0.000000,0.000000,0.000000,0.000000,0.000000,2.205190,0.000000,0.000000,0.000000,0.0000000,1.877644,1.828685,0.000000,1.974419,0.000000,0.000000,2.158339,0.000000,1.747011,1.867987,0.000000,2.298620,1.925277,0.000000,2.052692,1.959690,1.7450740,0.000000,2.479321,1.612601,1.6904589
0.000000,1.891917,2.1974904,1.929940,0.000000,0.000000,0.000000,2.173640,0.000000,0.000000,2.266627,2.168108,2.122637,2.487254,2.106310,2.396405,0.000000,2.336535,0.000000,2.003164,0.000000,2.200695,1.993810,2.273908,2.004671,2.107552,0.000000,1.806537,0.000000,0.000000,2.026398,0.000000,0.000000,1.631755,1.7581408,0.000000,2.537188,2.029698,2.017343,2.261617,2.102185,1.857369,1.690148,2.377394,2.221030,0.000000,2.098262,2.1731089,1.997931,1.981588,1.997174,2.303986,0.000000,0.000000,1.978990,2.029137,2.340672,2.057716,1.834709,2.229282,2.116948,0.000000,2.378085,2.067895,0.0000000,0.000000,2.460520,2.234010,2.1444101
0.000000,2.088406,1.7676538,1.860415,1.833020,0.000000,1.679921,2.064956,2.032678,0.000000,1.862763,1.993000,2.250758,2.470940,2.243726,2.380374,0.000000,2.346835,1.896392,0.000000,1.880200,2.187553,1.991677,2.204194,1.900995,2.020586,1.658431,2.121507,0.000000,0.000000,0.000000,0.000000,0.000000,0.000000,1.9129851,0.000000,2.419712,1.847563,1.728206,2.179130,1.949189,1.712743,1.705439,1.961920,0.000000,1.873971,1.945567,0.0000000,1.742719,1.980942,0.000000,2.018359,2.106848,0.000000,2.232657,2.326102,0.000000,1.728915,0.000000,2.117754,1.506176,1.606898,1.991899,2.103065,0.0000000,0.000000,2.611875,0.000000,0.0000000
0.000000,1.968301,0.0000000,0.000000,2.186319,0.000000,1.535269,2.120302,2.010882,0.000000,0.000000,2.103714,2.169433,2.497955,2.160158,2.430273,1.420341,2.251132,1.681923,1.977634,0.000000,2.053527,1.971552,2.299122,1.899430,2.064178,0.000000,1.753859,2.191902,1.625493,2.000627,0.000000,0.000000,0.000000,1.9992761,0.000000,2.405514,1.877035,1.807897,0.000000,0.000000,1.893857,0.000000,0.000000,0.000000,0.000000,1.622270,0.0000000,1.835196,1.978480,1.977653,2.046142,0.000000,1.595590,1.576713,1.813082,1.977074,1.661175,0.000000,2.203457,1.779426,1.759550,2.011271,2.054783,0.0000000,0.000000,2.557076,2.076256,1.8683360
1.655362,1.971403,0.0000000,0.000000,0.000000,0.000000,0.000000,2.149683,1.497898,0.000000,0.000000,2.140746,2.075447,2.485163,2.337306,2.438922,0.000000,2.231307,1.579841,1.948337,0.000000,1.979306,1.965896,2.302302,1.670096,2.030872,0.000000,1.700868,2.167168,1.750988,2.034788,0.000000,0.000000,0.000000,1.8484187,0.000000,2.415808,1.951109,0.000000,0.000000,0.000000,1.952608,0.000000,2.018828,0.000000,0.000000,0.000000,0.0000000,0.000000,2.011766,1.909523,2.088883,2.155826,0.000000,1.968484,1.785125,2.028681,1.657751,0.000000,2.266390,1.537399,0.000000,2.088475,2.003961,0.0000000,0.000000,2.553672,2.144721,1.9525575
0.000000,2.005277,1.5362812,0.000000,0.000000,0.000000,0.000000,2.061963,0.000000,0.000000,0.000000,2.232617,2.063260,2.455782,2.344618,2.437751,0.000000,2.226358,0.000000,1.902841,0.000000,1.994278,1.981678,2.333872,1.748000,2.024799,0.000000,0.000000,2.187511,0.000000,2.055701,0.000000,2.048404,0.000000,1.9254519,0.000000,2.402506,1.859612,0.000000,1.602946,0.000000,1.881405,1.679138,0.000000,1.952527,0.000000,0.000000,0.0000000,0.000000,2.010653,1.906518,2.010212,2.216391,0.000000,2.207193,1.800837,0.000000,1.538732,0.000000,2.218598,1.712915,0.000000,2.030809,1.989587,0.0000000,1.805440,2.528040,2.116166,1.9356546
0.000000,1.902214,0.0000000,0.000000,0.000000,0.000000,1.645789,1.850968,1.906653,0.000000,0.000000,2.118695,2.172018,2.460060,2.156566,2.447493,0.000000,2.234669,1.599833,1.826272,0.000000,1.963725,1.792473,2.235057,1.994428,2.024698,0.000000,1.755339,2.113632,0.000000,1.990548,0.000000,0.000000,0.000000,1.7415993,0.000000,2.423237,1.844110,0.000000,0.000000,0.000000,1.846589,0.000000,2.107558,0.000000,0.000000,0.000000,0.0000000,0.000000,1.926183,2.055173,2.056434,0.000000,0.000000,1.810469,1.935716,2.013969,1.616579,0.000000,2.241523,1.592255,0.000000,2.043685,1.952221,0.0000000,0.000000,2.555675,2.116444,1.9248173
0.000000,1.856625,1.5904600,0.000000,2.212178,0.000000,0.000000,2.108377,1.950298,0.000000,0.000000,2.062407,1.894187,2.484910,2.238120,2.411093,1.551992,1.478899,0.000000,1.923378,0.000000,2.113496,2.048612,2.189279,0.000000,2.163999,0.000000,1.979484,2.247346,0.000000,2.128808,0.000000,0.000000,0.000000,1.7292933,0.000000,2.307627,1.883021,0.000000,0.000000,0.000000,1.917354,0.000000,2.103476,0.000000,0.000000,1.856371,0.0000000,0.000000,1.990045,1.954480,2.030110,2.113569,0.000000,2.010197,1.780754,1.914840,1.448913,0.000000,2.249100,1.667861,0.000000,2.024799,1.952026,1.4208644,0.000000,2.522823,2.131548,1.8324670
0.000000,2.006556,0.0000000,0.000000,0.000000,0.000000,0.000000,2.085442,1.797155,0.000000,1.725850,2.216040,2.163111,2.473953,2.195777,2.425866,0.000000,2.243428,1.670750,1.840608,0.000000,1.984727,1.941540,2.259723,2.032480,2.060524,0.000000,1.869076,2.170608,0.000000,2.012228,0.000000,0.000000,0.000000,1.9270330,0.000000,2.495318,1.876496,0.000000,0.000000,0.000000,1.953144,1.482255,2.013371,1.669388,0.000000,1.856519,0.0000000,0.000000,1.652994,2.124523,2.173005,2.158037,0.000000,2.199487,1.784583,1.947630,0.000000,0.000000,2.210430,1.686647,1.889233,2.113245,1.996593,0.0000000,0.000000,2.532838,2.120036,1.9001008
0.000000,1.988883,0.0000000,0.000000,0.000000,0.000000,1.568983,1.973499,1.951705,0.000000,0.000000,2.181414,2.136916,2.433116,2.160884,2.437335,1.689012,2.255415,1.651215,1.791103,0.000000,2.019845,1.884463,2.177487,1.875160,2.092638,0.000000,2.009391,2.156967,0.000000,1.993779,0.000000,1.854646,1.589720,1.7670288,0.000000,2.410235,1.943678,0.000000,0.000000,0.000000,1.806557,0.000000,2.135471,1.765070,0.000000,1.531967,0.0000000,0.000000,1.879946,2.003339,2.068267,2.159779,0.000000,1.923817,1.894160,2.067499,1.569586,0.000000,2.250486,0.000000,0.000000,1.986472,2.106466,0.0000000,0.000000,2.559109,2.072829,1.9049099
0.000000,1.912322,0.0000000,0.000000,2.168714,0.000000,1.705419,2.002088,1.898442,0.000000,0.000000,2.078643,1.960007,2.439786,2.146247,2.436072,0.000000,2.154163,0.000000,1.855600,0.000000,1.900192,1.908329,2.300628,2.103195,1.930738,0.000000,1.703822,2.109481,1.443696,1.979896,0.000000,2.042162,0.000000,1.9150029,0.000000,2.386158,1.855003,0.000000,0.000000,0.000000,1.878639,0.000000,2.094760,1.724259,0.000000,1.481270,0.0000000,1.827731,1.957180,1.849491,2.003912,0.000000,0.000000,2.177161,1.772200,2.032089,1.435157,0.000000,2.192335,1.633917,0.000000,2.001551,1.951502,0.0000000,0.000000,2.504709,2.090077,1.9101162
0.000000,1.908125,0.0000000,0.000000,0.000000,0.000000,0.000000,2.013190,1.988624,0.000000,0.000000,2.154258,1.865011,2.458555,2.152291,2.420523,0.000000,2.187027,0.000000,1.849692,0.000000,1.913558,1.922285,2.308639,1.827905,1.942697,1.978591,0.000000,2.117610,1.651584,2.070853,0.000000,0.000000,0.000000,1.8194362,0.000000,2.391063,1.875527,0.000000,0.000000,0.000000,1.878316,0.000000,2.171775,1.843801,0.000000,1.497411,0.0000000,0.000000,1.978694,1.890407,1.992214,2.228072,0.000000,2.157745,1.786308,1.970166,0.000000,0.000000,2.183335,1.749899,0.000000,1.973765,1.952782,0.0000000,0.000000,2.522930,2.118327,1.8955595
0.000000,2.013538,2.0882643,0.000000,0.000000,0.000000,0.000000,2.052996,1.916217,0.000000,2.168338,2.212940,1.737180,2.430850,2.222902,2.419773,0.000000,0.000000,0.000000,1.880242,0.000000,0.000000,1.973309,2.155731,0.000000,1.916847,0.000000,0.000000,0.000000,0.000000,2.016614,0.000000,2.187782,0.000000,1.8860085,0.000000,2.462293,1.735275,1.988694,2.149911,2.008550,1.910688,0.000000,2.339984,2.175082,0.000000,1.981237,2.0150630,2.001400,2.153177,2.095353,2.330903,0.000000,1.778000,2.185552,2.074156,2.271992,2.192761,0.000000,2.184810,1.914591,1.759044,2.372621,2.074543,0.0000000,1.719419,2.445706,2.213654,0.0000000
0.000000,2.062965,2.1412494,1.887402,0.000000,0.000000,0.000000,2.157003,2.057957,0.000000,2.254785,2.258277,2.138285,2.414821,2.113327,2.362301,1.518546,2.193996,0.000000,1.948355,1.903589,1.911154,1.872372,2.222619,1.882963,2.155693,0.000000,0.000000,2.093517,0.000000,1.937750,0.000000,1.759368,0.000000,2.0762885,0.000000,2.514755,1.846293,2.090582,2.206603,2.010009,2.069629,1.844373,2.368808,2.176913,0.000000,1.965073,1.9898746,2.083022,2.116795,2.174760,2.340528,0.000000,1.694978,2.221358,2.032355,2.272029,1.887178,1.600491,2.279866,2.068910,2.030831,2.387818,2.062072,0.0000000,1.617034,2.450979,2.151484,1.8023257
0.000000,1.686783,2.1147425,1.600993,0.000000,0.000000,0.000000,2.065146,2.006422,0.000000,2.200299,2.238876,2.091516,2.445921,2.372331,2.412861,0.000000,2.294451,0.000000,2.036596,1.737668,1.978865,1.859839,2.258718,2.020686,2.074451,0.000000,1.834295,2.095101,0.000000,0.000000,0.000000,1.631402,0.000000,1.8954912,0.000000,2.447017,1.748530,2.113049,2.229080,2.019015,1.810636,0.000000,2.343279,2.212694,0.000000,1.970506,2.0979538,2.023752,2.006327,2.113959,2.262978,2.127235,1.897328,2.064203,2.061690,2.314116,2.076080,0.000000,2.210279,2.051482,0.000000,2.346179,1.902204,0.0000000,0.000000,2.453598,2.200327,1.6356755
0.000000,1.849877,2.2077450,0.000000,0.000000,0.000000,0.000000,2.146403,1.999810,0.000000,2.216838,1.978922,2.030733,2.438281,2.141411,2.384531,0.000000,2.204427,0.000000,1.957938,0.000000,1.590992,1.828018,2.281818,2.035417,2.046311,0.000000,0.000000,2.095789,1.944897,2.064361,0.000000,1.980603,0.000000,1.8728531,0.000000,2.466554,0.000000,2.006577,2.138884,1.950281,1.703435,1.824796,2.367970,2.249889,0.000000,2.154848,2.0339770,2.058128,2.077617,2.168741,2.276975,0.000000,0.000000,1.936065,1.993296,2.315618,2.276331,0.000000,2.285377,2.051031,0.000000,2.349670,1.974509,0.0000000,0.000000,2.458527,2.278039,0.0000000
0.000000,1.799259,2.1162295,1.932065,0.000000,0.000000,1.748968,0.000000,2.086478,0.000000,2.204261,2.038135,2.093743,2.450193,1.996279,2.332014,0.000000,2.329657,0.000000,1.908776,1.662476,2.064917,1.926369,2.258973,1.928521,2.102722,0.000000,2.006375,2.085410,0.000000,1.967340,0.000000,0.000000,0.000000,1.8663664,0.000000,2.495903,1.999578,2.045382,2.163104,1.913095,1.938214,1.699055,2.386602,2.127360,0.000000,1.960672,2.1123268,2.134208,1.982997,1.784050,2.296601,0.000000,0.000000,2.096178,2.068400,2.295978,1.855152,1.806324,2.252911,1.908776,0.000000,2.349557,2.067802,0.0000000,0.000000,2.461770,2.204051,2.0962230
1.454341,1.963780,0.0000000,0.000000,0.000000,0.000000,1.677582,2.065551,1.949292,0.000000,1.775833,2.040003,2.214741,2.439806,2.166932,2.420055,1.927575,2.397951,1.545673,1.851539,1.773328,2.046505,1.942420,2.237905,1.831878,2.207458,1.955073,2.119180,2.055505,0.000000,1.947543,0.000000,0.000000,0.000000,1.8187700,0.000000,2.347126,1.914858,0.000000,0.000000,0.000000,1.889145,0.000000,2.185257,0.000000,0.000000,0.000000,0.0000000,1.626487,2.009656,2.055609,1.907527,0.000000,0.000000,1.906657,1.971791,1.988436,1.453021,0.000000,2.153441,1.563262,1.560109,1.962906,1.966218,0.0000000,0.000000,2.536986,0.000000,1.9950035
0.000000,1.962622,1.3409226,0.000000,2.189822,0.000000,1.823592,2.062598,1.991750,0.000000,1.582869,2.130925,2.116916,2.452489,2.152968,2.420018,1.502964,2.308874,1.549980,1.898924,0.000000,2.057062,1.815723,2.277345,1.941206,2.155748,1.978025,1.878184,2.236711,0.000000,2.076909,0.000000,0.000000,0.000000,2.0296960,0.000000,2.455555,1.772560,0.000000,0.000000,0.000000,1.848553,0.000000,2.103968,1.826807,0.000000,0.000000,0.0000000,0.000000,1.946944,0.000000,2.203862,2.161803,0.000000,2.163231,1.833847,1.939700,1.646170,0.000000,2.248055,1.866641,1.927029,2.003339,2.034571,1.3822009,0.000000,2.541755,2.073815,1.9201672
0.000000,1.749359,2.1247845,1.576713,0.000000,0.000000,0.000000,2.007624,1.902796,0.000000,2.178012,2.151765,2.155623,2.430816,2.157194,2.382225,1.671627,2.249313,1.604236,1.943944,0.000000,1.244582,1.929755,2.276393,1.942151,2.114209,0.000000,1.846240,2.147324,0.000000,1.978776,0.000000,1.670624,0.000000,1.7903112,1.640660,2.447892,1.733831,2.011566,2.148229,1.879044,1.899419,1.849380,2.358839,2.200904,0.000000,2.100290,2.0391108,1.916370,2.060555,1.876986,2.282743,2.190719,1.610831,2.107602,1.932523,2.266875,2.021676,1.513457,2.095487,1.890969,0.000000,2.352024,2.015950,0.0000000,1.660104,2.417973,2.224713,1.9022785
0.000000,2.048510,2.1699847,1.862743,0.000000,0.000000,1.734729,2.080289,1.985816,0.000000,2.093226,0.000000,2.157928,2.430393,2.223505,2.467832,1.876320,2.219132,0.000000,1.958044,0.000000,1.581102,2.001629,2.309678,1.842698,2.059108,0.000000,0.000000,0.000000,0.000000,2.106430,0.000000,1.805979,0.000000,2.0187383,1.776933,2.445145,1.848613,2.250678,2.138664,2.059951,1.766815,0.000000,2.358660,2.191334,0.000000,1.947941,2.0315359,2.031383,2.102984,2.165261,2.276429,2.146749,1.811674,2.164948,1.937618,2.229062,1.929739,1.860333,2.219416,1.753026,1.826623,2.328457,2.120726,0.0000000,1.658648,2.446043,2.222690,1.7998754
0.000000,1.993872,1.5026935,1.827322,0.000000,0.000000,1.879425,2.131428,0.000000,0.000000,1.588148,2.095070,2.091854,2.477317,2.151514,2.494497,0.000000,2.274703,0.000000,1.869831,0.000000,2.028180,1.995979,2.306533,2.053050,1.999072,0.000000,0.000000,2.212846,0.000000,2.026752,0.000000,0.000000,0.000000,2.0016965,0.000000,2.474169,1.844334,0.000000,0.000000,0.000000,1.923221,0.000000,1.961765,1.825787,0.000000,1.752291,0.0000000,1.379515,2.006081,2.002407,2.021634,0.000000,0.000000,2.001274,1.770727,2.098514,1.851180,0.000000,2.323449,0.000000,1.601224,2.212052,1.967322,0.0000000,0.000000,2.569926,2.122686,2.0111201
0.000000,1.862088,2.0739817,1.799451,0.000000,0.000000,0.000000,2.035465,1.722165,0.000000,2.139880,2.130643,2.071598,2.439515,1.902274,2.400097,0.000000,2.219244,0.000000,1.924394,1.796048,2.076380,1.934085,2.227309,1.911382,1.955713,0.000000,0.000000,2.077494,0.000000,1.981929,0.000000,1.509267,0.000000,1.7812866,0.000000,2.458440,1.842175,2.037137,2.078402,1.921853,1.892375,1.852319,2.297100,2.109171,0.000000,2.068235,0.0000000,1.925289,2.139114,2.074893,2.269288,0.000000,0.000000,2.110956,1.920414,2.271981,2.001288,0.000000,2.145374,1.841334,0.000000,2.320520,1.865321,0.0000000,0.000000,2.436832,2.221017,2.0811638
0.000000,1.957719,0.0000000,0.000000,0.000000,0.000000,0.000000,2.015787,1.970683,0.000000,0.000000,2.075494,2.198626,2.435329,2.165312,2.436293,2.019547,2.408372,1.709566,1.916669,1.709232,2.053765,1.822296,2.309351,1.401096,2.164552,1.963780,2.175600,2.146705,1.379386,2.043514,0.000000,0.000000,0.000000,1.6790661,0.000000,2.304356,1.844365,1.949371,0.000000,0.000000,1.810429,1.652178,2.123904,0.000000,0.000000,1.461993,0.0000000,0.000000,1.841161,1.708938,1.944704,0.000000,0.000000,1.957999,1.766895,0.000000,1.404418,0.000000,2.114392,1.319999,0.000000,1.883890,1.958493,1.4682078,0.000000,2.516355,1.967426,1.8610364
0.000000,1.805399,1.8986114,0.000000,0.000000,0.000000,0.000000,2.005451,1.591686,2.360637,0.000000,2.301104,2.282528,2.459322,2.216160,2.462791,2.157688,2.359367,0.000000,1.944654,0.000000,2.281329,1.954427,2.274061,1.974860,2.257163,1.813660,2.172957,1.842620,0.000000,2.097447,0.000000,0.000000,2.022843,1.8628905,0.000000,2.456754,0.000000,0.000000,0.000000,0.000000,0.000000,0.000000,2.242573,0.000000,0.000000,0.000000,0.0000000,0.000000,2.026603,2.067261,2.201257,0.000000,0.000000,2.216583,2.248548,2.262447,0.000000,0.000000,2.075505,2.171199,0.000000,2.200552,2.090293,1.9285905,0.000000,2.600682,0.000000,2.4122218
0.000000,1.945449,1.9815321,0.000000,0.000000,0.000000,1.432618,1.895312,1.865361,0.000000,0.000000,2.069451,2.185625,2.441005,2.157602,2.401982,0.000000,1.213594,0.000000,1.782418,1.895575,0.000000,1.853253,2.218128,1.828009,2.060423,1.859894,0.000000,0.000000,1.793408,0.000000,0.000000,0.000000,1.721298,1.7277033,0.000000,2.358379,1.842065,0.000000,2.270760,1.953207,1.697115,1.024273,1.996831,2.021501,0.000000,1.584151,1.6786367,1.586434,1.835114,1.947864,1.990944,0.000000,0.000000,2.254466,2.028244,1.654419,1.948964,1.481952,2.138916,1.567112,0.000000,1.929049,2.022548,1.5722536,0.000000,2.468293,1.452844,1.7327600
0.000000,2.043904,0.0000000,0.000000,0.000000,0.000000,0.000000,1.757644,2.034898,0.000000,2.010743,2.219300,2.206533,2.454216,2.239752,2.364654,0.000000,2.423244,0.000000,1.967471,1.752084,2.227823,2.082389,2.252407,1.998046,0.000000,0.000000,2.062585,0.000000,0.000000,0.000000,0.000000,0.000000,0.000000,1.7964615,0.000000,2.311613,1.872165,0.000000,0.000000,1.937262,1.852261,0.000000,0.000000,0.000000,2.080575,1.593145,0.0000000,1.864819,2.037914,0.000000,2.189071,2.142260,0.000000,2.258757,0.000000,0.000000,0.000000,0.000000,2.201355,0.000000,1.879455,2.140569,2.074533,0.0000000,0.000000,2.416137,2.044566,1.9437785
0.000000,1.933847,0.0000000,0.000000,1.519411,0.000000,0.000000,2.214558,2.019726,2.169514,2.181312,1.999853,2.127429,2.481918,2.173344,2.373001,0.000000,2.343254,0.000000,1.914623,1.964879,2.176404,2.062787,2.192884,2.031546,2.137942,1.807786,2.137204,1.660694,0.000000,1.955053,0.000000,0.000000,1.631049,2.0820134,0.000000,2.509357,2.023342,0.000000,0.000000,0.000000,1.890041,0.000000,2.142727,0.000000,0.000000,1.689926,0.0000000,1.923344,1.723207,2.214440,2.095250,0.000000,1.438428,2.221859,0.000000,0.000000,1.954155,0.000000,2.289051,1.862048,0.000000,2.054594,2.030966,1.7536546,1.597528,2.489074,0.000000,0.0000000
0.000000,1.991694,2.1149956,0.000000,0.000000,0.000000,0.000000,0.000000,1.839996,0.000000,1.997414,2.116490,2.098660,2.494652,2.245407,2.376014,0.000000,2.370767,2.004240,2.012591,1.726954,2.218844,2.115321,2.223367,1.915102,2.042479,1.882355,0.000000,0.000000,0.000000,1.944228,0.000000,0.000000,0.000000,1.8472846,0.000000,2.325395,1.868426,0.000000,0.000000,0.000000,0.000000,0.000000,2.208540,2.160631,0.000000,0.000000,1.7240280,0.000000,1.778481,1.991689,1.847119,0.000000,0.000000,2.170899,0.000000,1.543802,0.000000,0.000000,1.941899,0.000000,0.000000,1.942202,2.128729,1.6746447,0.000000,2.454976,0.000000,0.0000000
0.000000,2.174275,1.9048366,0.000000,0.000000,0.000000,1.891197,0.000000,1.967845,2.060994,2.137885,2.220557,2.151327,2.503884,2.211809,2.418794,0.000000,2.280190,0.000000,1.853664,1.876641,2.143964,2.044722,2.262003,1.826210,2.053645,1.952822,1.818621,1.943121,1.942246,0.000000,0.000000,2.292952,0.000000,0.0000000,0.000000,2.401351,2.002483,0.000000,2.054661,2.132208,0.000000,0.000000,2.201994,2.213656,0.000000,1.724738,1.9936806,1.946434,1.969647,2.155104,2.131043,0.000000,0.000000,2.032291,0.000000,1.659054,2.068100,0.000000,2.200097,0.000000,0.000000,2.011888,2.124400,0.0000000,2.039644,2.321596,0.000000,0.0000000
0.000000,1.826140,1.8955490,0.000000,0.000000,0.000000,0.000000,1.755107,1.718684,0.000000,0.000000,2.237252,2.021160,2.524160,2.166490,2.354057,0.000000,2.390592,2.124967,1.977483,1.817250,2.254351,2.183782,2.216911,2.068090,2.333895,1.801877,0.000000,0.000000,0.000000,2.046068,0.000000,1.952080,0.000000,0.0000000,0.000000,2.384023,1.705700,0.000000,1.990341,2.154861,0.000000,0.000000,2.161263,0.000000,0.000000,0.000000,0.0000000,1.796744,0.000000,1.955687,2.086561,0.000000,0.000000,2.284472,2.101044,2.036993,0.000000,0.000000,2.052139,1.958637,0.000000,2.079555,2.135046,1.7427666,0.000000,2.476262,0.000000,1.5832550
0.000000,1.916678,1.6855763,0.000000,1.844865,0.000000,1.822990,1.780718,1.991218,1.966185,2.174057,2.261960,2.103800,2.459784,2.172200,2.391913,0.000000,2.348395,2.057027,1.873569,1.859660,2.149888,2.031017,2.303241,1.866425,2.065360,0.000000,2.151267,0.000000,0.000000,0.000000,0.000000,0.000000,2.024121,1.9698630,0.000000,2.450449,1.886042,1.716642,0.000000,0.000000,0.000000,1.880866,2.175846,1.662899,0.000000,0.000000,0.0000000,1.841586,2.117647,2.262102,2.038373,0.000000,0.000000,2.404209,1.895386,1.878639,1.920963,0.000000,2.315807,2.098110,1.781226,1.999352,2.082685,1.8583248,0.000000,2.536042,0.000000,0.0000000
0.000000,1.992546,1.8047651,1.649675,1.463169,0.000000,1.655639,1.864348,2.071811,0.000000,2.080406,2.166116,2.124944,2.468748,2.220634,2.355877,0.000000,2.280823,2.037392,2.008063,1.964001,2.143362,1.997286,2.258218,1.963829,2.037648,1.882674,2.013420,0.000000,0.000000,1.703558,0.000000,1.908861,0.000000,1.7477114,0.000000,2.408602,1.943259,0.000000,0.000000,0.000000,1.624526,1.421178,2.186668,0.000000,1.736395,0.000000,0.0000000,1.847352,2.103066,0.000000,1.962113,1.679850,0.000000,2.300556,1.976628,0.000000,1.653190,0.000000,2.235586,1.647105,1.800605,1.978028,2.089779,0.0000000,0.000000,2.475806,0.000000,0.0000000
0.000000,1.609591,0.0000000,1.766106,0.000000,0.000000,0.000000,0.000000,2.113403,1.717052,2.056668,2.196510,2.145139,2.474778,2.212530,2.379629,0.000000,2.371646,0.000000,2.044336,1.741900,2.274587,2.110569,2.220871,0.000000,2.031275,1.976174,0.000000,0.000000,0.000000,1.886707,0.000000,1.982591,1.672747,1.7160425,0.000000,2.363366,1.789652,0.000000,2.163326,2.005266,0.000000,0.000000,2.197681,0.000000,2.096297,1.549043,0.0000000,1.826789,1.799323,2.113467,1.940922,1.768303,1.570603,2.174200,2.063181,0.000000,0.000000,0.000000,2.171882,0.000000,0.000000,1.931947,2.080107,0.0000000,0.000000,2.409209,1.892955,0.0000000
2.056274,1.917876,2.1849572,0.000000,0.000000,0.000000,0.000000,0.000000,1.954327,0.000000,1.802534,2.216638,2.131926,2.487890,2.186894,2.382217,0.000000,2.321571,1.667835,1.974247,1.711085,2.191200,2.101684,2.246293,2.098710,2.017176,1.550187,0.000000,0.000000,0.000000,1.968319,0.000000,1.906913,1.884446,1.8601477,0.000000,2.417414,1.877920,1.824048,2.039093,1.909862,0.000000,0.000000,0.000000,0.000000,1.910898,1.880424,0.0000000,1.804580,1.936699,2.096892,2.057471,0.000000,0.000000,2.288479,2.190570,2.022055,0.000000,0.000000,2.112844,0.000000,0.000000,2.326493,2.074184,0.0000000,0.000000,2.568114,0.000000,1.5796222
0.000000,2.232577,0.0000000,2.123028,1.840821,0.000000,0.000000,0.000000,2.088647,0.000000,0.000000,2.048270,2.147029,2.472160,2.205476,2.407205,0.000000,2.310930,1.772355,2.002659,1.748394,2.185465,2.085929,2.257712,0.000000,2.140180,0.000000,2.068245,0.000000,0.000000,0.000000,0.000000,1.895838,1.888935,0.0000000,0.000000,2.376984,1.950370,0.000000,1.826061,1.890369,0.000000,0.000000,1.930594,0.000000,1.829794,1.921471,0.0000000,1.897561,1.987026,2.084754,1.974188,2.070988,1.632744,2.238797,2.101283,1.929566,1.682926,0.000000,2.099552,0.000000,1.729808,2.174140,2.162596,0.0000000,0.000000,2.575558,1.856976,0.0000000
0.000000,1.960143,0.0000000,1.890871,0.000000,0.000000,0.000000,0.000000,2.067041,0.000000,1.800943,2.206932,2.204801,2.469452,2.202847,2.384573,0.000000,0.000000,1.937996,1.933773,1.932037,2.143839,2.043755,2.299389,0.000000,2.016677,1.823735,0.000000,0.000000,0.000000,1.897053,0.000000,1.815950,2.042033,1.9876775,0.000000,2.471366,1.935081,0.000000,0.000000,1.699536,0.000000,0.000000,2.199472,1.650647,1.989254,0.000000,0.0000000,1.928871,1.818361,2.100945,2.258381,0.000000,0.000000,1.978082,1.991881,1.740742,0.000000,1.714988,2.255566,0.000000,0.000000,1.927004,2.095308,1.8748897,0.000000,2.389472,0.000000,0.0000000
0.000000,0.000000,1.8318775,0.000000,0.000000,0.000000,0.000000,2.063678,1.994381,0.000000,2.090986,2.324979,2.157629,2.450729,2.216068,2.454296,0.000000,2.253919,0.000000,0.000000,1.838958,1.913882,2.052033,2.261155,1.774485,2.024080,0.000000,2.039112,0.000000,0.000000,0.000000,0.000000,0.000000,0.000000,1.8805423,1.953200,2.526930,1.959465,0.000000,0.000000,1.810989,0.000000,0.000000,2.242742,0.000000,2.000711,0.000000,0.0000000,0.000000,1.916901,2.105158,1.838211,0.000000,0.000000,2.395905,1.903845,1.947658,0.000000,0.000000,2.293720,2.174502,2.009143,2.050799,2.164745,1.7147235,0.000000,2.533004,0.000000,1.7011575
0.000000,2.041210,0.0000000,0.000000,0.000000,0.000000,0.000000,0.000000,0.000000,0.000000,1.891723,2.177002,2.215746,2.458510,2.232007,2.439958,0.000000,2.317865,1.773251,0.000000,0.000000,2.118778,1.942675,2.243187,0.000000,2.054533,0.000000,2.115619,0.000000,0.000000,0.000000,0.000000,2.171190,0.000000,0.0000000,0.000000,2.452465,1.911633,0.000000,0.000000,0.000000,0.000000,0.000000,1.920076,0.000000,0.000000,0.000000,0.0000000,0.000000,1.816677,0.000000,2.426110,0.000000,0.000000,2.187283,0.000000,1.663373,1.824003,0.000000,2.196948,0.000000,0.000000,0.000000,2.163907,0.0000000,0.000000,2.513025,0.000000,0.0000000
2.140858,2.193092,0.0000000,0.000000,0.000000,0.000000,0.000000,0.000000,0.000000,0.000000,1.619293,2.112154,2.153388,2.403090,1.983105,2.431495,2.085682,0.000000,1.932271,0.000000,0.000000,2.231751,2.149155,2.203213,1.920154,1.912852,0.000000,2.156679,0.000000,0.000000,1.834237,0.000000,1.939466,0.000000,0.0000000,0.000000,2.400175,2.069129,0.000000,2.105282,1.868755,0.000000,0.000000,0.000000,0.000000,2.057990,0.000000,0.0000000,1.779206,1.596858,1.705700,2.008218,0.000000,1.903697,2.114064,1.902343,1.694956,0.000000,0.000000,2.095242,0.000000,0.000000,1.847879,0.000000,0.0000000,0.000000,2.502255,2.044865,1.7527760
0.000000,1.965391,0.0000000,0.000000,0.000000,0.000000,0.000000,0.000000,1.992307,0.000000,1.830614,2.117106,2.072656,2.476472,2.234659,2.373549,0.000000,2.321682,1.934454,2.052115,0.000000,2.168451,1.997314,2.207556,1.926695,1.993623,0.000000,0.000000,1.644847,0.000000,1.755814,0.000000,0.000000,0.000000,1.6541405,0.000000,2.300325,1.996696,0.000000,0.000000,0.000000,0.000000,0.000000,2.149760,0.000000,0.000000,1.566500,0.0000000,1.771633,2.035642,1.943125,0.000000,1.988188,0.000000,1.873556,0.000000,0.000000,1.810773,0.000000,2.130449,0.000000,0.000000,1.933629,2.097797,0.0000000,0.000000,2.417851,0.000000,0.0000000
0.000000,2.070965,0.0000000,2.183239,0.000000,0.000000,0.000000,1.809531,2.001979,0.000000,1.911396,2.097304,2.257098,2.438425,2.218803,2.458627,0.000000,2.304724,1.946648,0.000000,1.945748,2.011166,1.955752,2.242917,1.733965,2.066276,1.927481,2.063081,1.691122,1.725657,0.000000,0.000000,0.000000,0.000000,1.9037612,0.000000,2.446346,2.053603,1.940538,0.000000,1.799344,0.000000,0.000000,2.187310,0.000000,0.000000,1.766334,0.0000000,0.000000,1.897886,2.152329,0.000000,0.000000,0.000000,2.333479,2.090239,0.000000,1.729087,0.000000,2.222666,1.818603,0.000000,2.026741,2.153287,0.0000000,0.000000,2.504051,0.000000,0.0000000
0.000000,2.020104,1.6301146,0.000000,1.881007,0.000000,0.000000,1.845118,1.956983,0.000000,1.904543,2.102872,2.159123,2.421369,2.133860,2.407524,0.000000,2.349551,1.802846,1.826412,1.929000,2.177055,1.960767,2.274455,1.783908,2.180513,2.003012,2.167520,1.565744,1.436510,1.473828,0.000000,0.000000,1.636579,0.0000000,0.000000,2.248496,1.949133,0.000000,0.000000,0.000000,1.484732,1.772483,2.153296,1.643751,1.687755,1.910856,0.0000000,0.000000,2.030102,1.517925,1.743347,2.169799,0.000000,2.237845,1.778826,1.631659,1.628686,1.615205,2.066181,0.000000,1.723564,1.585761,1.966979,1.5488868,0.000000,2.448820,1.733263,1.7875855
0.000000,0.000000,1.9330222,1.966563,2.050237,0.000000,0.000000,2.009204,2.083826,2.092147,1.908624,2.236815,2.210879,2.434129,2.128440,2.415215,0.000000,2.270539,0.000000,1.533967,0.000000,1.920423,2.047968,2.289154,1.603782,2.080522,1.953214,1.966572,0.000000,0.000000,0.000000,0.000000,2.101073,0.000000,1.8513194,0.000000,2.509750,2.016857,0.000000,0.000000,0.000000,0.000000,0.000000,2.116443,1.928830,0.000000,1.858859,0.0000000,0.000000,2.119557,2.257967,1.972541,0.000000,0.000000,2.222331,2.068707,0.000000,0.000000,0.000000,2.270951,1.789366,1.878746,1.801048,2.023403,0.0000000,1.851897,2.446082,0.000000,0.0000000
0.000000,2.039477,1.6994319,0.000000,0.000000,0.000000,1.761998,1.903183,0.000000,0.000000,0.000000,2.091715,2.072640,2.476882,2.210998,2.460204,0.000000,2.347846,0.000000,2.023616,0.000000,2.264738,1.981407,2.186938,1.958793,2.261986,2.133011,2.214050,1.540766,0.000000,1.623721,0.000000,0.000000,0.000000,1.5930242,0.000000,2.403573,1.975212,0.000000,0.000000,0.000000,1.508352,1.697940,0.000000,1.757715,1.307428,1.825204,0.0000000,0.000000,1.910776,1.797910,1.754107,0.000000,0.000000,2.326715,0.000000,1.821670,1.667374,0.000000,2.241870,1.448913,0.000000,1.939290,2.089421,0.0000000,0.000000,2.529737,0.000000,1.5000371
0.000000,1.966662,0.0000000,0.000000,0.000000,0.000000,0.000000,1.678995,1.990929,0.000000,0.000000,0.000000,2.163048,2.509815,2.234661,2.395835,1.719768,2.356013,0.000000,2.076437,0.000000,2.192652,2.107703,2.235906,1.863848,2.163928,0.000000,0.000000,0.000000,0.000000,2.016286,0.000000,0.000000,2.032380,0.0000000,0.000000,2.411656,1.730696,0.000000,0.000000,0.000000,0.000000,0.000000,2.016304,1.664710,2.158091,1.945093,0.0000000,1.820136,1.863768,1.936157,2.072732,2.118797,0.000000,2.360480,0.000000,0.000000,0.000000,0.000000,2.197670,0.000000,0.000000,0.000000,1.834245,0.0000000,0.000000,2.559087,2.125890,0.0000000
0.000000,1.806507,1.8052765,0.000000,1.744826,0.000000,0.000000,1.904410,2.024323,0.000000,0.000000,0.000000,2.081639,2.442463,2.245557,2.414329,0.000000,2.313079,0.000000,1.526956,0.000000,2.132495,1.998804,2.128773,0.000000,2.270990,0.000000,2.105945,0.000000,0.000000,1.885522,0.000000,0.000000,0.000000,0.0000000,0.000000,2.467088,0.000000,0.000000,0.000000,0.000000,0.000000,0.000000,2.164532,1.942329,0.000000,0.000000,0.0000000,0.000000,1.887993,2.130060,0.000000,1.980162,0.000000,2.372021,2.276207,0.000000,0.000000,0.000000,2.226155,1.690282,1.748076,1.927767,1.901011,1.8889629,0.000000,2.517639,1.900637,0.0000000
0.000000,2.005584,1.7285868,0.000000,0.000000,0.000000,2.013253,1.960111,2.113383,1.771814,0.000000,2.078104,2.227359,2.537968,2.241769,2.470377,0.000000,2.427166,0.000000,2.116512,2.084338,2.192626,2.036870,2.284220,2.026452,2.117047,0.000000,1.760180,2.241101,0.000000,0.000000,0.000000,0.000000,0.000000,0.0000000,0.000000,2.479471,0.000000,1.692046,0.000000,0.000000,0.000000,1.597253,1.804283,0.000000,1.995115,0.000000,0.0000000,0.000000,1.868110,2.134869,0.000000,2.029533,0.000000,2.316549,0.000000,0.000000,0.000000,0.000000,2.320955,0.000000,0.000000,2.097727,1.997979,0.0000000,0.000000,2.525807,1.817746,0.0000000
0.000000,1.778173,0.0000000,1.921342,0.000000,0.000000,1.493044,2.034928,2.117131,0.000000,0.000000,1.829948,2.162448,2.469636,2.238633,2.481653,0.000000,2.280951,0.000000,1.657341,1.971105,2.199374,1.937724,2.154442,1.738107,2.301620,1.870664,0.000000,2.259057,2.271467,2.062172,0.000000,0.000000,1.880165,0.0000000,0.000000,2.488906,1.963648,1.767481,0.000000,2.080382,0.000000,0.000000,2.211288,0.000000,2.038261,1.761196,0.0000000,0.000000,1.696200,1.993270,2.139779,2.196612,0.000000,2.385540,2.241461,1.681923,0.000000,0.000000,2.317175,0.000000,0.000000,1.990759,1.944454,0.0000000,0.000000,2.550344,1.752482,1.7961787
0.000000,1.963835,0.0000000,0.000000,0.000000,0.000000,0.000000,1.940819,2.146267,0.000000,0.000000,0.000000,2.200714,2.476319,2.166384,2.415076,0.000000,2.425560,1.950878,1.828737,1.968183,2.337262,2.092141,2.180522,0.000000,2.356383,2.066676,2.132216,0.000000,0.000000,0.000000,0.000000,0.000000,0.000000,1.6446104,1.812840,2.347223,1.746827,0.000000,0.000000,0.000000,0.000000,0.000000,2.228480,0.000000,0.000000,1.721280,0.0000000,0.000000,1.875820,2.172840,2.107535,1.953120,1.596423,2.246304,1.878884,1.988681,0.000000,0.000000,2.229265,0.000000,0.000000,1.918573,1.577688,0.0000000,0.000000,2.542947,2.136557,0.0000000
0.000000,2.105004,1.8803007,0.000000,0.000000,0.000000,0.000000,2.093537,1.996281,0.000000,0.000000,1.991923,2.140583,2.446388,2.327319,2.415273,0.000000,2.284001,0.000000,1.901136,0.000000,1.958873,1.969346,2.199453,0.000000,2.096207,1.693682,1.635675,2.119950,0.000000,0.000000,0.000000,0.000000,0.000000,0.0000000,0.000000,2.357439,0.000000,0.000000,0.000000,1.798254,0.000000,0.000000,2.172820,0.000000,2.279517,1.923306,2.2454792,0.000000,1.949688,2.195929,2.000092,0.000000,0.000000,2.279973,2.283930,2.046751,0.000000,0.000000,2.215927,1.813968,0.000000,2.179879,2.130966,0.0000000,0.000000,2.384992,2.042667,0.0000000
0.000000,2.149550,2.0799144,2.061575,0.000000,0.000000,1.816130,2.006854,2.144260,0.000000,1.893463,1.750601,1.960373,2.481852,2.238440,2.433550,0.000000,2.318301,0.000000,0.000000,0.000000,1.987208,1.949499,2.208140,1.524875,0.000000,0.000000,1.958282,2.170164,0.000000,1.967122,0.000000,0.000000,0.000000,0.0000000,0.000000,2.407370,1.913658,2.064135,0.000000,1.994578,0.000000,0.000000,2.271385,1.955494,0.000000,1.893613,2.1932254,1.811009,1.952923,0.000000,2.290877,2.029737,0.000000,2.319694,2.180164,2.263152,0.000000,0.000000,2.198551,1.982241,1.656794,2.174918,2.193055,0.0000000,0.000000,2.385581,2.316623,0.0000000
0.000000,1.914178,1.5405475,1.741171,0.000000,0.000000,1.689904,1.882302,2.023872,0.000000,0.000000,0.000000,2.323374,2.462511,2.169355,2.466223,0.000000,2.395945,1.392959,0.000000,0.000000,2.182761,1.982630,2.221955,0.000000,1.923094,1.645525,2.151456,2.205213,0.000000,2.041350,0.000000,0.000000,1.618011,1.6053660,0.000000,2.359358,1.481725,1.459704,0.000000,1.666138,0.000000,0.000000,2.135190,1.706281,2.376789,1.803095,0.0000000,1.461402,2.130057,0.000000,1.806810,2.144702,0.000000,2.000344,2.159273,0.000000,1.651980,0.000000,2.198903,1.643065,0.000000,1.901664,1.987725,0.0000000,0.000000,2.463794,2.114949,0.0000000
0.000000,0.000000,1.7388504,0.000000,2.091095,0.000000,0.000000,1.815096,2.044216,2.021475,0.000000,2.152353,2.263042,2.500737,2.281823,2.434975,0.000000,2.182178,0.000000,0.000000,0.000000,1.988010,1.848680,2.200759,1.559766,1.924482,0.000000,1.888160,2.066125,0.000000,1.941228,0.000000,0.000000,0.000000,0.0000000,0.000000,2.460164,1.956183,0.000000,0.000000,0.000000,0.000000,0.000000,2.166393,2.104555,1.799525,1.786855,1.6790423,0.000000,2.147293,2.137604,1.907460,0.000000,0.000000,2.320838,1.871839,0.000000,1.838396,0.000000,2.220796,0.000000,1.829974,0.000000,2.107425,0.0000000,1.742672,2.384650,2.235572,0.0000000
0.000000,1.551581,0.0000000,0.000000,0.000000,0.000000,0.000000,1.824155,1.661041,2.131893,1.752820,2.170021,2.241036,2.478912,2.261678,2.380024,0.000000,2.407936,0.000000,1.964031,0.000000,2.104063,2.110585,2.206108,1.980673,2.218701,1.899394,2.127468,2.122892,0.000000,0.000000,0.000000,0.000000,0.000000,1.6662155,0.000000,2.454437,2.055227,1.849707,0.000000,0.000000,0.000000,0.000000,2.230819,0.000000,2.051791,1.722777,0.0000000,0.000000,2.070824,2.223060,1.979155,0.000000,0.000000,2.452929,0.000000,1.936379,1.626850,0.000000,2.240367,0.000000,0.000000,1.903534,2.120558,1.8409714,0.000000,2.489680,1.889437,0.0000000
0.000000,0.000000,1.9883183,0.000000,2.186759,0.000000,0.000000,0.000000,1.940738,0.000000,0.000000,2.006086,2.189084,2.506824,2.324527,2.434084,0.000000,2.243334,1.592579,0.000000,2.215845,2.363827,2.056086,2.435603,0.000000,0.000000,2.229620,0.000000,2.427860,2.254788,0.000000,0.000000,0.000000,0.000000,0.0000000,0.000000,2.322307,0.000000,0.000000,0.000000,2.084961,0.000000,0.000000,2.147901,2.114635,1.932983,0.000000,1.7249154,1.879461,1.991228,0.000000,0.000000,2.027312,0.000000,2.378370,2.101228,0.000000,0.000000,0.000000,2.224072,0.000000,0.000000,0.000000,2.061213,0.0000000,2.076806,2.535511,2.124504,0.0000000
0.000000,1.935428,0.0000000,0.000000,1.798275,0.000000,1.795753,0.000000,0.000000,0.000000,1.878603,1.872472,2.220991,2.447183,2.157882,2.465594,0.000000,2.239645,0.000000,1.818464,1.924293,1.958870,2.069269,2.279454,1.781021,2.136751,1.850901,1.985701,0.000000,0.000000,0.000000,0.000000,0.000000,0.000000,0.0000000,0.000000,2.429878,1.844665,1.465416,0.000000,0.000000,0.000000,1.511213,1.868194,0.000000,1.970683,0.000000,0.0000000,0.000000,2.108174,2.190977,1.801866,1.854860,0.000000,2.394456,0.000000,1.918009,0.000000,0.000000,2.203607,0.000000,0.000000,1.824876,1.967408,1.8226661,0.000000,2.528507,0.000000,1.9935631
0.000000,1.480050,1.3882077,0.000000,0.000000,0.000000,0.000000,1.949213,1.985339,1.818566,0.000000,2.166033,2.144347,2.421295,2.172772,2.391600,0.000000,2.364323,0.000000,1.956798,0.000000,2.090815,1.762563,2.225034,1.806304,2.141521,0.000000,1.955021,1.845562,0.000000,0.000000,0.000000,0.000000,0.000000,0.0000000,0.000000,2.323733,2.057503,2.123003,0.000000,1.724614,0.000000,1.713755,2.027650,0.000000,0.000000,1.645377,0.0000000,0.000000,2.202792,2.168845,2.289445,0.000000,0.000000,2.334804,0.000000,0.000000,0.000000,0.000000,2.256248,0.000000,0.000000,2.053012,2.025693,0.0000000,0.000000,2.448591,0.000000,1.7679323
0.000000,2.030943,1.9430089,2.073460,0.000000,0.000000,0.000000,2.059690,1.737798,0.000000,2.021740,2.044286,2.189134,2.490905,2.229184,2.445522,0.000000,2.193403,0.000000,2.002641,2.035257,2.182178,1.940933,2.292710,2.020710,2.200028,2.181912,1.705258,1.544178,0.000000,0.000000,0.000000,0.000000,0.000000,1.9806140,0.000000,2.456118,1.967372,0.000000,0.000000,0.000000,1.744935,0.000000,1.562346,0.000000,0.000000,0.000000,0.0000000,1.960064,1.629110,1.922503,1.995540,2.101188,0.000000,2.069248,0.000000,1.809521,0.000000,0.000000,2.261150,0.000000,0.000000,2.098280,2.156346,0.0000000,0.000000,2.444876,1.627967,0.0000000
0.000000,0.000000,1.8020857,0.000000,0.000000,0.000000,0.000000,2.005284,2.010189,0.000000,0.000000,1.563358,2.221774,2.451790,2.216344,2.405476,0.000000,2.313313,1.867228,1.920618,0.000000,2.200220,2.082013,2.269029,1.942700,2.121277,0.000000,0.000000,0.000000,0.000000,1.714117,0.000000,0.000000,0.000000,1.9222382,0.000000,2.449037,0.000000,2.067020,0.000000,0.000000,0.000000,1.806840,1.832652,0.000000,0.000000,1.841200,0.0000000,0.000000,0.000000,2.062148,2.042336,0.000000,0.000000,2.193142,0.000000,0.000000,0.000000,0.000000,2.133743,0.000000,1.892800,2.018431,2.112395,0.0000000,0.000000,2.543480,0.000000,1.8466420
0.000000,1.896486,0.0000000,0.000000,0.000000,0.000000,0.000000,2.141569,1.951275,0.000000,0.000000,2.172140,2.200596,2.446775,1.847292,2.424970,0.000000,2.383431,0.000000,2.011095,1.569494,2.291598,2.039212,2.254747,1.915089,2.251479,2.154023,2.064498,0.000000,0.000000,0.000000,0.000000,0.000000,0.000000,1.6596740,0.000000,2.339014,1.862924,2.282197,0.000000,0.000000,0.000000,0.000000,1.799674,0.000000,1.516803,1.757886,0.0000000,0.000000,2.100171,0.000000,1.749058,0.000000,0.000000,2.227230,1.926204,0.000000,0.000000,0.000000,2.210844,0.000000,0.000000,2.004804,1.994842,0.0000000,0.000000,2.299322,1.939171,0.0000000
0.000000,0.000000,1.9794518,0.000000,1.906682,0.000000,0.000000,0.000000,0.000000,0.000000,0.000000,2.166874,1.848299,2.502526,2.265191,2.392512,0.000000,2.413115,1.813987,0.000000,0.000000,2.253926,1.974526,2.125660,2.081715,1.829511,0.000000,0.000000,0.000000,0.000000,0.000000,0.000000,0.000000,0.000000,1.9361608,0.000000,2.362192,0.000000,0.000000,0.000000,0.000000,0.000000,0.000000,0.000000,0.000000,1.514917,1.602603,0.0000000,0.000000,0.000000,2.129511,1.957555,2.178313,0.000000,2.236660,0.000000,0.000000,1.902224,0.000000,2.240077,0.000000,0.000000,2.021167,2.292224,0.0000000,0.000000,2.405244,0.000000,0.0000000
0.000000,1.807294,0.0000000,1.659566,0.000000,0.000000,1.893932,1.959937,1.902980,0.000000,0.000000,2.045347,2.193946,2.474587,2.257031,2.402530,0.000000,2.320924,1.625293,1.864348,1.635018,2.058819,1.947711,2.279229,1.913950,1.722759,1.607158,1.947046,2.064340,1.355339,1.963673,0.000000,0.000000,1.796700,1.8963918,1.693399,2.335075,1.910865,0.000000,0.000000,1.510048,0.000000,0.000000,1.982285,0.000000,1.571384,1.806577,0.0000000,0.000000,1.912373,1.957813,2.006872,0.000000,0.000000,2.121465,1.860900,1.811146,1.721135,0.000000,2.036842,0.000000,1.848044,1.810420,2.205961,1.6084159,0.000000,2.481594,1.712819,1.6438695
0.000000,2.096598,0.0000000,0.000000,0.000000,0.000000,1.902900,2.246276,2.077652,0.000000,0.000000,2.316886,2.124039,2.490644,2.258909,2.459581,0.000000,2.056341,0.000000,0.000000,0.000000,0.000000,1.954820,2.207847,2.031393,2.157659,1.785348,0.000000,0.000000,0.000000,0.000000,0.000000,0.000000,0.000000,0.0000000,0.000000,2.408442,1.897167,1.809847,0.000000,0.000000,1.860996,0.000000,1.998095,0.000000,1.898796,0.000000,0.0000000,0.000000,2.158116,0.000000,2.293375,2.012462,0.000000,2.357504,0.000000,0.000000,0.000000,0.000000,2.274490,1.809996,0.000000,2.161486,2.059225,1.6285884,0.000000,2.499144,0.000000,0.0000000
0.000000,1.820960,0.0000000,1.913622,0.000000,0.000000,0.000000,2.113833,1.977192,0.000000,1.917119,0.000000,2.020903,2.464145,2.299346,2.335720,0.000000,1.908596,0.000000,0.000000,1.928789,0.000000,0.000000,2.117553,1.760250,2.042493,1.718721,0.000000,1.994811,0.000000,1.932582,0.000000,0.000000,0.000000,1.9207562,0.000000,2.479696,1.933949,0.000000,0.000000,0.000000,1.824093,0.000000,2.099198,0.000000,1.515548,0.000000,0.0000000,0.000000,1.529129,2.182884,0.000000,2.135233,0.000000,2.033078,0.000000,0.000000,1.964706,0.000000,2.227956,0.000000,1.618359,1.941261,2.134301,0.0000000,0.000000,2.395097,0.000000,0.0000000
0.000000,1.972498,0.0000000,1.598274,0.000000,0.000000,1.550343,1.936061,1.904121,0.000000,0.000000,2.051621,2.233452,2.431340,2.203034,2.450246,0.000000,2.331791,1.939406,1.618081,1.900743,2.168787,1.946285,2.280879,1.430542,2.134728,2.079195,2.146012,1.658593,0.000000,1.675402,0.000000,1.957851,1.721008,0.0000000,0.000000,2.387720,1.832459,0.000000,0.000000,0.000000,0.000000,0.000000,2.038067,1.523494,1.993599,1.780560,0.0000000,0.000000,1.693160,0.000000,1.955326,0.000000,1.358647,2.145044,2.103096,1.646433,1.559324,0.000000,2.131822,0.000000,1.898611,1.791689,2.163301,1.8825694,0.000000,2.419988,0.000000,1.2944553
0.000000,1.869147,0.0000000,0.000000,0.000000,1.545779,1.615417,2.043524,1.690724,0.000000,0.000000,1.969343,2.152614,2.487415,2.205213,2.423075,0.000000,2.381852,0.000000,1.996270,0.000000,2.269070,2.015734,2.247327,2.002627,2.180713,2.190456,2.074927,1.886161,0.000000,0.000000,0.000000,0.000000,0.000000,0.0000000,0.000000,2.312007,1.856976,0.000000,0.000000,0.000000,0.000000,0.000000,2.051416,0.000000,0.000000,0.000000,0.0000000,1.957206,1.937988,0.000000,0.000000,0.000000,0.000000,2.238242,0.000000,0.000000,0.000000,0.000000,2.088836,1.652656,0.000000,0.000000,2.058357,1.9265384,0.000000,2.412794,0.000000,0.0000000
0.000000,1.699306,1.9300047,0.000000,0.000000,0.000000,1.671627,1.923263,1.824289,0.000000,1.897865,2.204582,2.162594,2.438482,2.158031,2.393676,1.628947,0.000000,1.769133,1.933312,1.830188,2.099131,1.944669,2.251541,1.961677,2.078613,1.824227,2.066460,1.548991,1.833788,0.000000,0.000000,0.000000,0.000000,1.9940658,0.000000,2.432710,1.917363,1.523675,0.000000,0.000000,1.743503,1.429945,1.876198,0.000000,1.959332,0.000000,0.0000000,1.907345,1.849365,2.055993,2.010599,0.000000,0.000000,2.341451,1.754354,0.000000,1.564889,1.449453,2.218953,1.764569,0.000000,1.972341,2.047989,1.7378956,1.459875,2.504908,1.781323,0.0000000
2.457337,2.442224,1.9266746,2.464004,1.757346,2.346828,2.058427,2.134439,0.000000,2.283509,2.443282,2.083205,2.278171,2.471605,2.147549,2.408547,0.000000,2.282382,1.780960,0.000000,1.991453,2.087615,1.789366,2.296702,1.957497,2.126129,2.021482,0.000000,0.000000,0.000000,0.000000,2.079498,1.933758,2.133771,2.0039389,0.000000,2.480401,2.111410,2.066672,0.000000,0.000000,0.000000,0.000000,2.169608,1.714060,0.000000,1.888598,0.0000000,0.000000,1.953104,2.295014,2.089425,0.000000,2.335408,2.078974,2.181085,1.883563,1.913836,1.886082,2.187084,0.000000,1.917270,2.464751,2.179113,0.0000000,2.122658,2.412293,2.131226,2.0898702
0.000000,1.779647,1.9350885,0.000000,1.693530,0.000000,0.000000,1.949684,1.945368,2.058834,1.939152,2.181471,2.030761,2.450306,2.167263,2.396164,0.000000,2.278636,1.576846,2.074056,1.828425,2.107606,1.946961,2.285951,1.920985,2.124445,1.688565,2.073846,0.000000,0.000000,1.792863,0.000000,2.062219,1.904978,2.0075007,0.000000,2.402215,1.855990,1.738511,0.000000,0.000000,1.712435,1.712224,1.664004,0.000000,2.016101,1.766762,0.0000000,1.658050,1.790968,2.100334,1.839988,0.000000,0.000000,2.398671,0.000000,0.000000,1.903406,0.000000,2.220937,1.571109,0.000000,1.956908,2.008641,0.0000000,0.000000,2.524728,1.687349,0.0000000
0.000000,1.787539,0.0000000,0.000000,0.000000,0.000000,0.000000,1.960594,0.000000,0.000000,1.839446,2.139419,2.348560,2.448413,2.222086,2.434130,0.000000,2.316575,1.832836,2.058183,0.000000,2.250580,2.190901,2.254040,0.000000,2.150618,0.000000,2.081827,0.000000,0.000000,0.000000,0.000000,1.823583,0.000000,0.0000000,0.000000,2.416270,1.957371,0.000000,0.000000,0.000000,0.000000,0.000000,2.209374,0.000000,0.000000,0.000000,0.0000000,0.000000,1.756059,0.000000,0.000000,0.000000,0.000000,2.385958,2.162266,2.100468,0.000000,0.000000,2.215352,0.000000,0.000000,1.829666,2.143192,1.8169966,0.000000,2.640040,0.000000,0.0000000
0.000000,1.997785,1.8911210,0.000000,0.000000,0.000000,0.000000,2.134719,1.720188,0.000000,0.000000,2.233771,2.283374,2.437699,2.211035,2.427635,0.000000,2.309185,1.668244,1.823869,0.000000,2.130847,2.014481,2.266644,0.000000,2.197681,1.785078,2.078134,0.000000,0.000000,1.624392,0.000000,0.000000,2.086868,2.0491969,0.000000,2.475361,0.000000,0.000000,0.000000,0.000000,0.000000,0.000000,1.876672,0.000000,2.101423,1.697051,0.0000000,0.000000,0.000000,0.000000,0.000000,0.000000,0.000000,2.414996,1.989706,2.111328,0.000000,0.000000,2.218627,0.000000,1.791024,1.981214,2.156177,1.7839438,0.000000,2.598243,0.000000,0.0000000
1.886875,1.840124,0.0000000,1.814619,0.000000,0.000000,0.000000,1.990602,1.799014,0.000000,1.837532,2.217771,2.148359,2.448771,2.223239,2.428615,0.000000,2.323606,1.916200,2.038554,1.865749,2.150076,2.070775,2.227830,1.958108,2.214135,1.836646,2.079525,0.000000,0.000000,1.796081,0.000000,1.885301,1.872940,1.9953018,0.000000,2.425877,1.949185,0.000000,0.000000,1.699578,1.714288,0.000000,0.000000,0.000000,0.000000,0.000000,0.0000000,1.875558,1.834461,0.000000,1.770167,0.000000,1.676011,2.277224,2.072744,1.713030,1.672821,0.000000,2.263594,1.786855,0.000000,2.026933,2.142801,1.8643542,0.000000,2.402183,1.630824,0.0000000
0.000000,0.000000,1.6294994,1.877692,0.000000,0.000000,0.000000,1.984966,2.046797,0.000000,0.000000,2.170438,1.970558,2.471344,2.215976,2.423001,0.000000,2.363987,1.892025,1.856138,1.432027,2.212798,2.073419,2.311704,1.907647,2.048690,2.025872,0.000000,0.000000,0.000000,1.704025,0.000000,0.000000,1.859329,1.6845904,1.801405,2.434333,0.000000,1.846164,0.000000,0.000000,0.000000,0.000000,2.197678,0.000000,1.867111,1.729928,0.0000000,0.000000,1.823341,2.050403,1.764718,2.192266,0.000000,2.141143,1.673291,2.005062,1.633157,0.000000,2.263691,1.759914,0.000000,2.022526,2.029869,0.0000000,0.000000,2.503956,0.000000,1.9556672
0.000000,0.000000,1.8771072,1.857159,2.074064,0.000000,0.000000,1.908738,1.915265,0.000000,0.000000,2.120470,2.044608,2.485310,2.259808,2.416498,0.000000,2.355311,1.563214,2.009038,0.000000,2.206015,1.875558,2.255029,1.988040,1.999603,1.821352,0.000000,0.000000,0.000000,1.888299,0.000000,0.000000,0.000000,1.7200055,0.000000,2.475525,1.923140,0.000000,0.000000,0.000000,0.000000,0.000000,2.172108,0.000000,0.000000,1.669919,0.0000000,0.000000,2.077281,2.105624,1.862810,2.175905,0.000000,2.305502,0.000000,0.000000,0.000000,0.000000,2.218062,1.622100,1.912036,2.058501,2.203400,0.0000000,0.000000,2.259147,2.012740,1.5738433
0.000000,0.000000,0.0000000,2.095182,2.077810,0.000000,0.000000,1.879639,2.059460,0.000000,2.129610,2.140798,2.273825,2.467859,2.232306,2.379074,0.000000,2.386910,1.819270,2.023476,1.782202,2.259681,2.007533,2.210015,2.007484,2.112541,1.943530,0.000000,0.000000,0.000000,1.447917,0.000000,0.000000,0.000000,1.7324909,1.797899,2.449192,1.705961,0.000000,0.000000,0.000000,0.000000,1.772020,2.189799,0.000000,0.000000,1.643394,0.0000000,0.000000,1.795097,2.251207,1.924230,2.071863,0.000000,2.191927,0.000000,0.000000,0.000000,0.000000,2.225042,0.000000,0.000000,2.068926,2.020611,0.0000000,0.000000,2.368817,1.552606,0.0000000
0.000000,1.710502,0.0000000,1.879152,0.000000,0.000000,0.000000,1.964946,2.007355,0.000000,0.000000,2.123370,2.169394,2.466448,2.249403,2.399592,0.000000,2.367128,1.479820,0.000000,1.823323,2.206157,1.842534,2.279806,1.800479,2.064694,0.000000,1.851092,0.000000,0.000000,0.000000,0.000000,0.000000,0.000000,1.7117037,0.000000,2.445685,1.893292,1.829906,0.000000,0.000000,0.000000,0.000000,1.845875,0.000000,0.000000,1.760487,0.0000000,0.000000,1.948177,0.000000,1.975279,2.150263,0.000000,2.164251,1.948035,0.000000,0.000000,0.000000,2.185541,0.000000,0.000000,1.764975,2.062165,0.0000000,0.000000,2.429185,0.000000,0.0000000
0.000000,0.000000,0.0000000,0.000000,0.000000,0.000000,1.892106,2.024961,2.009228,1.583341,2.162659,2.218577,2.094037,2.451592,2.182233,2.423531,0.000000,2.080014,0.000000,1.768540,1.376271,0.000000,0.000000,2.214600,1.755785,2.061860,0.000000,0.000000,0.000000,0.000000,1.769421,0.000000,0.000000,1.799642,1.9215788,0.000000,2.484970,1.891950,0.000000,0.000000,0.000000,0.000000,0.000000,2.018018,0.000000,0.000000,1.772020,0.0000000,0.000000,2.028984,2.123982,2.058476,2.037888,0.000000,2.215295,1.829863,1.982947,0.000000,0.000000,2.223680,1.993508,0.000000,2.125997,2.112117,0.0000000,0.000000,2.452465,1.616438,1.6970512
0.000000,1.763549,1.9461935,1.870156,0.000000,0.000000,0.000000,1.981291,1.938946,0.000000,0.000000,2.057374,2.272285,2.484248,2.288262,2.414934,0.000000,2.098612,0.000000,1.943667,2.015883,2.049875,1.956115,2.291474,1.873674,2.174173,2.066886,0.000000,2.093825,1.846536,0.000000,0.000000,0.000000,0.000000,1.7673217,0.000000,2.318173,0.000000,2.082472,0.000000,0.000000,1.498314,0.000000,2.188562,1.682320,0.000000,1.981041,0.0000000,0.000000,0.000000,2.123065,2.127719,0.000000,0.000000,2.296290,2.098558,2.213694,1.608968,0.000000,2.232031,1.903376,1.694720,2.124690,2.055965,0.0000000,0.000000,2.450075,2.069773,0.0000000
0.000000,1.636424,1.5565476,0.000000,0.000000,0.000000,1.775909,1.907412,1.849573,0.000000,2.070219,1.886189,2.157810,2.483784,2.225678,2.421476,0.000000,0.000000,0.000000,2.101055,0.000000,0.000000,1.838259,2.272878,2.093265,0.000000,1.620840,0.000000,1.593186,0.000000,0.000000,0.000000,0.000000,0.000000,0.0000000,0.000000,2.354079,1.990460,0.000000,0.000000,0.000000,0.000000,0.000000,1.990958,0.000000,0.000000,1.931276,0.0000000,0.000000,1.834982,1.991821,2.027173,0.000000,0.000000,2.166251,2.046186,0.000000,1.837977,0.000000,2.257471,1.847954,0.000000,2.108192,2.004623,0.0000000,0.000000,2.424053,2.074185,0.0000000
0.000000,1.790572,1.8261485,0.000000,0.000000,0.000000,0.000000,1.878226,1.814800,0.000000,0.000000,2.101358,2.078730,2.506735,2.259771,2.361514,0.000000,2.319904,0.000000,2.030513,0.000000,1.750288,1.650789,2.227904,1.967539,2.038279,1.818853,1.402248,1.996333,0.000000,0.000000,0.000000,0.000000,0.000000,1.6942014,0.000000,2.278911,1.947752,1.641686,0.000000,0.000000,0.000000,0.000000,2.182339,1.668142,0.000000,0.000000,0.0000000,0.000000,0.000000,1.881633,1.696945,0.000000,0.000000,2.165345,0.000000,0.000000,1.707039,0.000000,2.178902,1.662318,0.000000,1.873214,2.134568,0.0000000,0.000000,2.336085,1.796928,0.0000000
0.000000,1.754833,1.8380980,0.000000,0.000000,0.000000,1.717573,1.989664,1.918163,0.000000,2.042073,2.168160,2.075494,2.407048,2.147249,2.382448,0.000000,2.235825,0.000000,1.529071,1.918630,2.061708,1.762892,2.228032,1.622777,1.986582,1.921742,1.890544,0.000000,1.647947,0.000000,0.000000,0.000000,0.000000,1.8127529,0.000000,2.423892,1.833647,0.000000,0.000000,0.000000,1.742499,0.000000,2.122952,0.000000,0.000000,1.628066,0.0000000,0.000000,2.072202,0.000000,2.079889,0.000000,1.549043,2.284075,0.000000,1.417705,1.769618,0.000000,2.204309,1.648900,1.729482,1.905403,2.027911,0.0000000,0.000000,2.440867,1.735457,0.0000000
0.000000,1.909254,1.9585506,0.000000,0.000000,0.000000,0.000000,2.070236,1.918252,0.000000,0.000000,2.223282,1.996000,2.481020,2.209335,2.411288,0.000000,2.286372,1.809966,1.981535,1.891137,2.143415,1.916405,2.258617,1.945197,2.025069,1.701199,1.897721,0.000000,0.000000,1.709507,0.000000,1.995635,0.000000,2.0501265,0.000000,2.432758,0.000000,0.000000,0.000000,0.000000,0.000000,0.000000,2.131400,0.000000,0.000000,1.748983,0.0000000,0.000000,1.696605,0.000000,1.799227,0.000000,0.000000,2.343578,0.000000,1.990095,0.000000,0.000000,2.176471,0.000000,0.000000,2.049228,2.096767,1.7636990,0.000000,2.564114,0.000000,1.6151338
0.000000,1.944361,1.9730225,1.891203,0.000000,0.000000,1.747255,0.000000,1.754165,0.000000,2.091376,1.617069,2.323844,2.444533,2.150238,2.398930,1.487765,2.268655,0.000000,0.000000,1.950318,2.144841,1.886763,2.306780,1.941488,2.104633,0.000000,1.985839,0.000000,0.000000,1.953946,0.000000,0.000000,0.000000,1.7422629,0.000000,2.493918,1.988416,1.926769,0.000000,0.000000,0.000000,1.765932,2.199451,0.000000,0.000000,0.000000,0.0000000,1.826298,1.804200,0.000000,2.168855,0.000000,0.000000,2.326056,2.044989,1.993702,1.870798,0.000000,2.299643,1.906527,1.917216,2.231356,2.139134,0.0000000,0.000000,2.318171,1.801625,1.8854821
0.000000,2.004363,0.0000000,0.000000,0.000000,0.000000,0.000000,0.000000,2.050600,0.000000,2.075980,2.173896,2.064468,2.426224,2.223231,2.377901,0.000000,2.250593,1.647221,2.081779,1.728690,2.045352,1.929989,2.259232,1.983008,2.075500,1.968384,0.000000,0.000000,0.000000,0.000000,0.000000,1.810173,0.000000,0.0000000,0.000000,2.456777,1.912944,1.606040,0.000000,0.000000,0.000000,1.653078,2.191329,0.000000,2.004062,0.000000,0.0000000,1.675792,1.974503,2.090397,2.025323,0.000000,0.000000,2.245597,2.005386,1.915796,1.496784,0.000000,2.242257,0.000000,0.000000,2.190285,2.125568,0.0000000,0.000000,2.316795,0.000000,0.0000000
0.000000,1.745244,1.9478571,0.000000,0.000000,0.000000,0.000000,0.000000,1.722525,0.000000,1.703883,1.871568,2.027952,2.513367,2.282037,2.361378,0.000000,2.380744,0.000000,2.069475,0.000000,2.087689,1.837378,2.270245,2.002883,2.136394,0.000000,0.000000,1.855742,0.000000,0.000000,0.000000,0.000000,0.000000,1.7678528,0.000000,2.400264,0.000000,1.733347,0.000000,0.000000,0.000000,0.000000,1.933793,0.000000,0.000000,0.000000,0.0000000,1.781214,1.774624,2.032920,2.064240,0.000000,0.000000,2.302092,0.000000,0.000000,1.793608,0.000000,2.236856,2.068643,0.000000,2.120862,2.238860,0.0000000,0.000000,2.414047,0.000000,0.0000000
0.000000,2.073166,0.0000000,0.000000,0.000000,0.000000,0.000000,0.000000,1.957793,0.000000,0.000000,2.165561,2.028658,2.494625,2.231416,2.363985,0.000000,2.356239,0.000000,1.769579,1.880695,2.141553,1.876502,2.185663,1.896402,2.014907,0.000000,0.000000,1.561571,0.000000,0.000000,0.000000,0.000000,0.000000,0.0000000,0.000000,2.425689,1.986594,0.000000,0.000000,0.000000,0.000000,0.000000,2.178385,0.000000,0.000000,1.635956,0.0000000,0.000000,0.000000,0.000000,1.914364,0.000000,0.000000,2.117198,0.000000,0.000000,0.000000,1.779927,2.202173,0.000000,0.000000,1.867332,2.055804,0.0000000,0.000000,2.427229,0.000000,1.6957078
0.000000,0.000000,0.0000000,0.000000,0.000000,0.000000,0.000000,1.900263,1.947693,2.078150,0.000000,2.231817,2.208091,2.426869,2.203287,2.414539,0.000000,2.304137,1.715911,1.999689,1.941378,2.174663,2.082862,2.239760,2.033489,2.033888,2.110068,0.000000,1.879567,1.612960,1.928952,0.000000,2.007148,0.000000,1.7260965,0.000000,2.395302,1.949616,1.667272,0.000000,0.000000,1.749359,0.000000,2.143782,0.000000,0.000000,1.878238,0.0000000,1.920224,2.119378,2.241031,1.967086,0.000000,1.847088,2.408867,0.000000,0.000000,1.831235,0.000000,2.139348,0.000000,0.000000,1.768118,2.091881,1.9477071,0.000000,2.589663,0.000000,0.0000000
0.000000,1.859956,1.8959580,0.000000,0.000000,0.000000,0.000000,2.100346,1.852609,0.000000,2.073155,2.146544,2.250374,2.430449,2.135240,2.372918,0.000000,2.346446,1.830393,1.817072,1.761833,2.110419,1.947000,2.294947,1.951034,2.047168,0.000000,2.086105,0.000000,0.000000,1.790832,0.000000,0.000000,0.000000,1.9139046,0.000000,2.402094,1.883384,0.000000,0.000000,0.000000,1.734729,0.000000,1.904052,0.000000,0.000000,0.000000,0.0000000,0.000000,2.060330,0.000000,0.000000,0.000000,0.000000,2.407387,0.000000,1.810999,0.000000,0.000000,2.220578,0.000000,1.649933,1.919928,1.992382,2.0140759,0.000000,2.573181,0.000000,1.8499286
2.230347,2.437182,2.1622048,2.322721,0.000000,2.122815,2.136734,1.921626,1.756145,2.233349,2.503426,1.893511,2.138673,2.431431,2.098345,2.419281,0.000000,2.349143,0.000000,1.727112,1.963464,1.939182,2.049291,2.208159,1.902965,2.124126,2.028083,0.000000,0.000000,0.000000,1.850784,2.133262,0.000000,1.691320,0.0000000,0.000000,2.508310,1.963039,2.286829,2.129156,2.073510,0.000000,0.000000,2.268074,2.060713,0.000000,2.201477,2.2370812,1.978892,1.954006,2.363614,2.126176,0.000000,0.000000,2.300129,2.241218,2.396993,1.831167,2.094146,2.101859,2.265332,1.939719,2.437684,2.067908,0.0000000,0.000000,2.446851,2.200247,2.1241890
0.000000,1.897016,1.8643874,2.207608,0.000000,0.000000,1.636610,1.956512,2.072417,0.000000,2.079867,2.281309,2.096599,2.438455,2.203205,2.401347,0.000000,2.368035,2.087829,1.985891,1.756317,2.295390,2.067644,2.245514,1.998894,2.064283,2.028790,0.000000,1.628164,0.000000,1.795950,0.000000,0.000000,1.999933,1.5634540,0.000000,2.472033,1.903524,1.842378,1.523374,1.971906,0.000000,0.000000,1.947812,0.000000,1.937951,0.000000,0.0000000,0.000000,1.869115,2.202867,2.062598,2.067137,0.000000,2.274630,1.970825,1.948843,1.636734,0.000000,2.295696,0.000000,0.000000,2.297679,2.028137,0.0000000,0.000000,2.572963,0.000000,1.7808632
2.320868,2.222591,0.0000000,2.256003,2.050227,0.000000,0.000000,0.000000,1.952292,2.169238,2.208414,2.195041,2.153268,2.435402,2.186457,2.402951,0.000000,2.357644,1.926860,1.938481,1.982711,2.183028,2.104130,2.183467,1.898468,2.108733,2.039072,0.000000,0.000000,0.000000,1.899511,0.000000,1.861343,2.057931,1.5252333,0.000000,2.465475,1.877914,1.856857,2.330039,2.218908,0.000000,0.000000,2.213441,0.000000,0.000000,1.613283,0.0000000,1.605928,1.722147,2.277163,1.884920,0.000000,0.000000,2.098472,1.894669,0.000000,0.000000,0.000000,2.307413,0.000000,0.000000,2.117698,2.031475,1.8659992,0.000000,2.507927,2.033190,0.0000000
1.899226,1.869965,0.0000000,1.859969,0.000000,0.000000,1.921162,1.963783,1.934605,0.000000,1.693833,1.687642,2.184927,2.464316,2.229733,2.414534,0.000000,2.371715,1.859976,1.945410,1.846862,2.194691,2.050125,2.277359,1.978022,2.077929,2.045403,2.048200,0.000000,0.000000,1.672920,0.000000,0.000000,1.897809,1.9102710,0.000000,2.491677,1.863574,0.000000,1.800785,2.055812,0.000000,0.000000,2.008593,0.000000,1.829803,1.617768,0.0000000,0.000000,2.072240,2.181615,2.048546,0.000000,0.000000,2.211571,1.995776,1.586644,1.743706,0.000000,2.333281,1.991903,0.000000,2.148556,2.072852,0.0000000,0.000000,2.474598,0.000000,2.0192687
0.000000,1.922750,0.0000000,0.000000,0.000000,0.000000,0.000000,1.870620,1.625825,0.000000,0.000000,1.972221,2.158734,2.437787,2.210077,2.415539,0.000000,2.349033,1.919719,1.916615,1.988256,2.233593,1.984077,2.234320,0.000000,2.124848,1.991198,2.028031,0.000000,0.000000,0.000000,0.000000,0.000000,0.000000,0.0000000,0.000000,2.318158,1.928481,0.000000,0.000000,0.000000,0.000000,0.000000,0.000000,0.000000,1.685736,0.000000,0.0000000,0.000000,2.015071,0.000000,1.809669,0.000000,0.000000,2.308254,0.000000,0.000000,0.000000,1.881784,0.000000,0.000000,0.000000,0.000000,2.090239,0.0000000,1.812044,2.576103,0.000000,0.0000000
0.000000,0.000000,0.0000000,1.676059,0.000000,0.000000,1.374034,0.000000,0.000000,2.101991,0.000000,0.000000,2.074467,2.466092,2.216708,2.380947,0.000000,2.310607,1.785805,2.002200,1.682320,2.095956,2.041229,2.201305,1.967301,2.076877,1.850165,0.000000,0.000000,0.000000,1.303190,0.000000,1.997680,0.000000,1.6225069,0.000000,2.398979,1.906334,0.000000,0.000000,0.000000,0.000000,0.000000,2.194798,0.000000,2.049057,1.768382,0.0000000,0.000000,1.813929,2.082881,2.000876,1.590378,0.000000,2.307209,0.000000,1.680914,0.000000,2.035849,2.152707,0.000000,0.000000,1.771517,2.050063,1.8801414,0.000000,2.508516,0.000000,0.0000000
0.000000,2.150691,2.0838251,0.000000,1.783979,0.000000,0.000000,1.751448,1.970076,0.000000,2.064336,2.214736,2.134843,2.426868,2.132370,2.411073,0.000000,2.268963,0.000000,0.000000,1.919025,2.073406,1.813910,2.209283,1.792148,2.032271,1.787169,2.069401,0.000000,0.000000,0.000000,0.000000,0.000000,0.000000,1.7118195,0.000000,2.435579,1.910977,0.000000,0.000000,0.000000,0.000000,0.000000,2.131278,2.182669,0.000000,0.000000,1.8054806,0.000000,1.789321,2.099883,2.125848,0.000000,0.000000,2.094372,0.000000,0.000000,2.004767,0.000000,2.251914,0.000000,0.000000,1.837443,1.900663,0.0000000,1.870962,2.459407,0.000000,0.0000000
0.000000,2.061958,0.0000000,0.000000,0.000000,0.000000,0.000000,0.000000,1.886206,1.997300,1.838854,2.064761,2.027850,2.435587,2.190541,2.369407,0.000000,2.243645,1.572800,0.000000,1.730185,1.978336,1.945488,2.211479,0.000000,2.177361,0.000000,2.087359,0.000000,0.000000,0.000000,0.000000,0.000000,0.000000,0.0000000,0.000000,2.476516,2.089231,0.000000,0.000000,2.113004,0.000000,0.000000,1.947501,2.110661,1.987622,1.722237,1.9945308,1.577688,0.000000,2.009244,2.464639,0.000000,0.000000,2.358988,0.000000,0.000000,0.000000,0.000000,2.143977,1.797134,0.000000,1.835837,2.028970,1.8902817,0.000000,2.562803,0.000000,0.0000000
0.000000,0.000000,1.8884317,0.000000,0.000000,0.000000,0.000000,1.834684,1.891316,1.934357,0.000000,2.158764,2.244663,2.447309,2.252487,2.480127,0.000000,2.313988,0.000000,1.988751,2.085687,2.190483,2.040955,2.267429,1.944293,2.230221,1.982787,2.077603,1.913795,0.000000,1.749344,0.000000,0.000000,0.000000,0.0000000,0.000000,2.394362,1.969460,0.000000,0.000000,0.000000,0.000000,0.000000,1.840187,0.000000,1.959700,0.000000,0.0000000,0.000000,1.939380,2.083109,0.000000,0.000000,0.000000,2.314634,1.613997,1.953073,0.000000,0.000000,2.189596,0.000000,0.000000,0.000000,2.111647,0.0000000,0.000000,2.516621,0.000000,0.0000000
0.000000,1.859777,0.0000000,0.000000,0.000000,0.000000,0.000000,1.788680,1.916432,0.000000,1.861336,2.232336,2.218510,2.417268,2.162434,2.387982,0.000000,2.265394,0.000000,0.000000,1.864779,2.077078,1.990144,2.271814,0.000000,2.043702,1.897058,2.043480,0.000000,0.000000,0.000000,0.000000,0.000000,0.000000,0.0000000,0.000000,2.473165,1.907283,0.000000,2.147689,2.255525,0.000000,0.000000,1.821498,0.000000,2.130175,0.000000,0.0000000,0.000000,0.000000,1.932203,1.849083,2.072275,0.000000,2.277761,2.127299,0.000000,0.000000,0.000000,2.244086,0.000000,0.000000,0.000000,2.011014,1.6403562,0.000000,2.482035,1.658837,0.0000000
0.000000,1.615805,2.1089216,0.000000,0.000000,0.000000,0.000000,1.886909,1.823350,1.679090,0.000000,2.218870,2.078660,2.462920,2.186394,2.409459,0.000000,2.160835,0.000000,1.865169,1.747970,0.000000,2.020322,2.266107,0.000000,2.000065,1.582526,1.882401,0.000000,0.000000,0.000000,0.000000,0.000000,0.000000,0.0000000,0.000000,2.490453,1.975170,0.000000,0.000000,0.000000,0.000000,0.000000,1.904145,2.189549,1.791452,0.000000,1.8252307,0.000000,2.039598,2.141496,2.249958,2.056394,0.000000,2.361106,0.000000,1.618810,1.943768,0.000000,2.269116,0.000000,0.000000,1.591319,2.024158,1.5497720,1.990637,2.490363,0.000000,0.0000000
0.000000,1.837403,1.4699116,2.012419,0.000000,0.000000,0.000000,0.000000,1.876429,0.000000,2.007614,2.134300,2.128404,2.456796,2.225494,2.393138,0.000000,2.325264,1.901754,2.083262,0.000000,2.149634,2.044973,2.236699,1.977409,2.077241,2.108050,0.000000,0.000000,0.000000,0.000000,0.000000,0.000000,0.000000,0.0000000,0.000000,2.426905,1.971845,0.000000,0.000000,0.000000,0.000000,0.000000,2.000051,0.000000,1.774611,1.789069,0.0000000,0.000000,1.779181,0.000000,1.881422,1.746230,0.000000,2.259527,2.183524,0.000000,1.661175,0.000000,2.216743,1.700494,0.000000,2.081215,2.056081,0.0000000,1.615381,2.512995,0.000000,0.0000000
0.000000,2.124660,1.6852560,0.000000,0.000000,0.000000,0.000000,1.962628,1.806111,1.553676,0.000000,2.177859,2.098317,2.454910,2.224587,2.358786,0.000000,2.389089,1.938519,2.048386,1.781383,2.197469,2.115195,2.257821,2.036242,1.998397,1.835542,2.053339,0.000000,0.000000,1.887352,0.000000,0.000000,0.000000,0.0000000,0.000000,2.384226,1.876277,0.000000,0.000000,0.000000,0.000000,0.000000,1.974078,0.000000,1.757900,1.732137,0.0000000,1.886988,2.073205,2.200354,2.001775,0.000000,0.000000,2.311564,0.000000,1.750183,0.000000,0.000000,2.247305,0.000000,1.914786,2.149214,2.047330,1.8428308,0.000000,2.494682,1.880736,0.0000000
0.000000,1.749869,0.0000000,1.711395,0.000000,0.000000,0.000000,0.000000,1.906295,0.000000,1.904793,2.145707,2.158763,2.458638,2.219329,2.383149,0.000000,2.344707,1.405890,1.989334,1.918691,2.159832,1.987587,2.239556,1.823852,2.081845,2.143956,0.000000,0.000000,0.000000,0.000000,0.000000,1.708662,0.000000,0.0000000,0.000000,2.349731,1.877463,0.000000,0.000000,0.000000,0.000000,0.000000,0.000000,0.000000,0.000000,0.000000,0.0000000,0.000000,1.892111,2.055649,1.870455,0.000000,0.000000,2.249801,1.713183,1.693269,0.000000,0.000000,2.098962,0.000000,0.000000,1.935655,2.082645,0.0000000,0.000000,2.430554,0.000000,0.0000000
0.000000,0.000000,2.1762450,1.613211,0.000000,0.000000,0.000000,0.000000,2.000437,1.676108,1.889134,2.195525,2.009402,2.472054,2.178146,2.399137,0.000000,2.209065,1.466077,1.917474,1.856025,1.965582,2.062729,2.212119,1.792763,2.047128,1.593911,2.001918,0.000000,1.894494,0.000000,0.000000,1.855607,0.000000,1.6655941,0.000000,2.486554,1.901563,0.000000,0.000000,0.000000,0.000000,0.000000,2.099205,2.228774,2.151246,0.000000,1.9713132,0.000000,1.856864,2.058737,1.918185,2.021861,0.000000,2.323515,0.000000,0.000000,1.997831,0.000000,2.195036,0.000000,0.000000,1.927206,2.018932,1.4204461,0.000000,2.483438,0.000000,1.9108417
0.000000,0.000000,0.0000000,0.000000,0.000000,0.000000,0.000000,0.000000,0.000000,0.000000,1.959836,2.173409,2.222083,2.476230,2.251737,2.404902,0.000000,2.336519,0.000000,2.010009,0.000000,2.193707,2.060915,2.279533,1.813468,2.113646,0.000000,2.102587,0.000000,0.000000,0.000000,0.000000,0.000000,0.000000,0.0000000,0.000000,2.465765,1.917061,0.000000,0.000000,0.000000,0.000000,0.000000,2.043043,0.000000,2.087472,0.000000,0.0000000,0.000000,2.016123,0.000000,0.000000,0.000000,0.000000,2.389441,0.000000,1.727929,0.000000,0.000000,2.256491,0.000000,0.000000,1.924989,2.159409,0.0000000,0.000000,2.605968,0.000000,0.0000000
0.000000,2.055282,1.6260900,0.000000,0.000000,0.000000,0.000000,1.639046,0.000000,2.330717,0.000000,2.101504,2.152563,2.477795,2.238774,2.396082,1.746521,2.306145,0.000000,2.106547,0.000000,2.127330,1.994745,2.235884,1.963316,2.078731,0.000000,0.000000,0.000000,0.000000,1.643364,0.000000,1.781974,0.000000,0.0000000,0.000000,2.383898,2.044325,1.614850,0.000000,1.839079,0.000000,0.000000,0.000000,0.000000,2.006034,1.711646,0.0000000,0.000000,2.001146,2.123920,2.000122,1.487618,0.000000,2.381335,1.914958,0.000000,1.719419,2.117767,2.168768,0.000000,0.000000,1.794613,2.081983,0.0000000,0.000000,2.604367,0.000000,1.4191858
2.494582,2.461415,0.0000000,2.098733,0.000000,0.000000,1.636672,1.879187,1.880366,2.537925,2.109250,1.601378,2.113220,2.424923,2.090234,2.405106,0.000000,2.335019,0.000000,1.921325,2.009499,2.164301,2.168567,2.185903,1.907465,2.144021,2.079921,2.115008,1.700536,0.000000,0.000000,1.505977,2.076145,0.000000,0.0000000,0.000000,2.506785,2.018163,0.000000,0.000000,0.000000,0.000000,0.000000,2.091955,0.000000,1.938864,0.000000,0.0000000,0.000000,1.848770,0.000000,1.879686,2.025522,1.808307,0.000000,1.715347,1.834254,1.882946,0.000000,2.232424,0.000000,1.766495,2.560961,1.512178,0.0000000,2.000842,2.525335,0.000000,0.0000000
0.000000,2.102239,0.0000000,1.989078,0.000000,0.000000,0.000000,1.975758,1.927049,1.794448,2.124538,2.201889,2.262943,2.446838,2.217504,2.430774,0.000000,2.308267,0.000000,2.040449,1.857222,2.173847,2.055023,2.258828,1.851495,2.085854,1.827679,0.000000,0.000000,0.000000,1.716623,0.000000,0.000000,2.115778,0.0000000,0.000000,2.409417,1.893426,0.000000,0.000000,0.000000,0.000000,0.000000,0.000000,0.000000,2.087438,0.000000,0.0000000,0.000000,2.085015,2.114846,0.000000,0.000000,1.943994,2.189096,2.071101,1.786413,0.000000,0.000000,0.000000,0.000000,1.971659,2.081877,2.027543,0.0000000,0.000000,2.524261,1.534647,0.0000000
0.000000,1.716417,0.0000000,0.000000,0.000000,0.000000,0.000000,1.829760,1.856990,0.000000,2.060938,2.232732,2.176909,2.460969,2.253050,2.398184,0.000000,2.332062,0.000000,2.056413,1.908600,2.141535,1.966137,2.293806,1.832786,1.942762,0.000000,2.033626,0.000000,0.000000,0.000000,0.000000,0.000000,1.896611,0.0000000,0.000000,2.415416,1.998457,0.000000,0.000000,1.794877,0.000000,0.000000,0.000000,0.000000,0.000000,0.000000,0.0000000,0.000000,2.100187,0.000000,2.263277,0.000000,0.000000,2.158503,2.128491,1.935670,1.585043,0.000000,2.202273,0.000000,0.000000,1.953077,2.082100,0.0000000,0.000000,2.603253,0.000000,0.0000000
0.000000,1.772496,0.0000000,0.000000,0.000000,0.000000,0.000000,1.760208,1.962154,1.910664,1.883770,2.195024,2.176953,2.490510,2.213665,2.411561,0.000000,2.295265,1.846748,1.950475,1.733698,2.170461,2.023493,2.257625,1.715573,2.104577,0.000000,2.011130,0.000000,0.000000,1.704633,0.000000,0.000000,1.590951,0.0000000,0.000000,2.434631,1.892095,0.000000,0.000000,0.000000,0.000000,0.000000,2.197612,0.000000,2.075597,0.000000,0.0000000,0.000000,2.147482,2.200693,1.676448,0.000000,0.000000,2.315452,0.000000,1.770623,0.000000,0.000000,2.190106,1.886488,0.000000,1.960133,2.109001,1.7786165,0.000000,2.172890,1.597095,0.0000000
0.000000,2.201139,1.5832122,1.809461,0.000000,0.000000,0.000000,1.752482,2.041082,1.730338,2.013584,2.136421,2.129354,2.453819,2.238680,2.408494,1.483835,2.320145,0.000000,2.016042,1.772316,2.146416,2.007004,2.214064,1.806527,2.075488,1.812695,2.025625,0.000000,0.000000,1.644433,0.000000,0.000000,0.000000,0.0000000,0.000000,2.519770,1.958666,1.744749,1.897742,1.819869,0.000000,0.000000,2.210876,0.000000,1.984757,0.000000,0.0000000,1.642527,2.045426,2.127938,1.849758,0.000000,0.000000,2.306358,2.039943,1.689637,0.000000,0.000000,2.144905,0.000000,1.855081,2.012169,2.063590,0.0000000,0.000000,2.586505,0.000000,0.0000000
0.000000,2.015935,0.0000000,0.000000,1.522951,0.000000,1.371906,1.296577,0.000000,0.000000,1.859949,2.158585,2.202092,2.432827,2.140189,2.464802,0.000000,0.000000,0.000000,1.916370,0.000000,0.000000,2.020162,2.246294,1.855444,2.144618,0.000000,0.000000,0.000000,0.000000,0.000000,0.000000,0.000000,0.000000,1.4454505,0.000000,2.321851,2.085587,0.000000,1.914849,1.683922,1.227922,1.779952,0.000000,0.000000,0.000000,0.000000,0.0000000,0.000000,0.000000,0.000000,1.794569,2.153830,1.805011,2.232654,1.883188,0.000000,0.000000,0.000000,2.007878,0.000000,0.000000,2.077246,1.722093,1.8533830,0.000000,2.516955,0.000000,1.6846594
0.000000,1.941279,0.0000000,0.000000,0.000000,0.000000,0.000000,1.967700,2.075471,0.000000,0.000000,1.905081,2.227109,2.460417,2.207112,2.448759,0.000000,2.301416,0.000000,1.823726,0.000000,2.023588,1.929985,2.263672,0.000000,2.084507,1.983494,1.856449,1.730509,0.000000,1.830521,0.000000,0.000000,0.000000,1.7605289,0.000000,2.485984,2.068756,0.000000,0.000000,0.000000,0.000000,1.848874,2.191135,0.000000,1.815723,0.000000,0.0000000,0.000000,2.001640,2.195155,1.825204,0.000000,0.000000,2.347824,0.000000,1.797263,0.000000,0.000000,2.281636,0.000000,2.008774,1.982153,2.055549,1.5437481,0.000000,2.509030,1.701240,0.0000000
0.000000,1.926336,1.6390457,0.000000,0.000000,0.000000,0.000000,1.843670,1.984825,0.000000,2.124273,2.179194,2.175952,2.452730,2.233569,2.381537,0.000000,2.329258,1.845836,2.036697,1.936011,2.144170,2.006153,2.259089,2.001994,2.115553,2.058663,2.018826,1.844334,1.769067,1.751300,0.000000,2.003783,1.463169,0.0000000,0.000000,2.438701,1.987010,0.000000,0.000000,0.000000,1.647134,0.000000,2.212492,0.000000,0.000000,1.847292,0.0000000,1.865216,1.949130,1.978876,1.826955,0.000000,0.000000,2.264639,1.780996,1.719731,1.472479,0.000000,2.245834,1.765178,1.802825,2.100028,2.085918,0.0000000,1.819399,2.555741,1.772509,0.0000000
0.000000,0.000000,1.7050969,0.000000,0.000000,0.000000,0.000000,1.978341,2.043326,0.000000,0.000000,1.748424,2.083756,2.478116,2.185590,2.423264,0.000000,2.342515,0.000000,1.850106,0.000000,1.972667,2.019922,2.208248,1.965524,1.953277,0.000000,1.932128,2.014382,0.000000,0.000000,0.000000,0.000000,1.949623,1.7703233,0.000000,2.481952,0.000000,0.000000,0.000000,0.000000,0.000000,1.521251,2.046804,0.000000,0.000000,1.717666,0.0000000,1.881346,0.000000,0.000000,1.942369,2.102498,0.000000,2.269259,2.008656,0.000000,0.000000,0.000000,2.208528,1.680111,0.000000,1.959716,2.124733,0.0000000,0.000000,2.355395,0.000000,0.0000000
0.000000,0.000000,0.0000000,0.000000,0.000000,0.000000,0.000000,1.897053,1.937038,2.105318,2.093411,2.215343,2.123257,2.476676,2.205998,2.397924,0.000000,2.401961,1.830393,1.893927,0.000000,2.229561,2.045988,2.259216,1.894970,1.911656,1.967515,2.096869,0.000000,0.000000,1.772380,0.000000,0.000000,0.000000,0.0000000,0.000000,2.422010,0.000000,0.000000,0.000000,0.000000,0.000000,0.000000,0.000000,0.000000,0.000000,0.000000,0.0000000,0.000000,1.921622,2.142920,2.024955,1.554386,0.000000,2.268895,0.000000,0.000000,0.000000,0.000000,2.234195,0.000000,0.000000,1.903445,2.093739,0.0000000,0.000000,2.534704,0.000000,0.0000000
0.000000,0.000000,0.0000000,0.000000,0.000000,0.000000,0.000000,2.002881,2.043979,1.588064,2.022123,2.144962,2.106071,2.454296,2.201464,2.365885,0.000000,2.306820,0.000000,1.915274,1.796755,2.160548,1.920670,2.255285,1.877403,2.039848,2.029641,2.040721,1.615169,0.000000,0.000000,0.000000,0.000000,0.000000,1.5402188,0.000000,2.501358,1.966437,1.759732,0.000000,0.000000,0.000000,1.517677,2.098671,0.000000,1.826973,0.000000,0.0000000,0.000000,2.150414,2.257806,2.157540,0.000000,0.000000,2.194324,0.000000,0.000000,0.000000,0.000000,2.252440,0.000000,1.924888,2.049423,2.043555,1.6922867,0.000000,2.398483,1.783314,0.0000000
0.000000,1.966976,1.8711834,0.000000,1.686078,0.000000,1.710191,2.053600,1.924247,0.000000,2.095040,2.189215,2.093765,2.446903,2.224277,2.399002,0.000000,2.328251,2.012134,1.916302,2.021418,2.251197,1.936191,2.194738,2.029895,2.134448,1.960657,2.065873,0.000000,0.000000,0.000000,0.000000,1.902925,2.049279,0.0000000,0.000000,2.474200,1.906903,0.000000,0.000000,0.000000,1.852115,0.000000,0.000000,0.000000,0.000000,0.000000,0.0000000,1.826710,1.838154,2.211922,1.943980,0.000000,0.000000,2.312276,2.024410,0.000000,0.000000,0.000000,2.338984,1.927111,1.960697,2.086552,2.055892,1.9109537,0.000000,2.564284,0.000000,0.0000000
0.000000,1.890664,1.8984420,0.000000,0.000000,0.000000,0.000000,1.811479,0.000000,0.000000,0.000000,2.042532,2.135217,2.480988,2.242860,2.415352,0.000000,2.416342,2.139819,2.036704,2.130888,2.228360,2.310093,2.424747,1.993181,2.053368,2.201113,2.052180,0.000000,2.121460,0.000000,0.000000,0.000000,0.000000,1.7313761,0.000000,2.373177,1.877186,0.000000,0.000000,0.000000,0.000000,0.000000,2.014728,0.000000,0.000000,0.000000,0.0000000,0.000000,0.000000,2.019498,2.302301,0.000000,0.000000,2.242965,0.000000,1.733397,0.000000,0.000000,2.049394,1.913845,1.911906,2.055891,2.100532,0.0000000,2.041096,2.183079,0.000000,0.0000000
0.000000,1.738301,1.7303041,0.000000,0.000000,0.000000,0.000000,2.033781,0.000000,0.000000,2.119115,2.221957,2.142955,2.440658,2.203541,2.422399,0.000000,2.283737,0.000000,2.065151,1.781697,2.142879,2.045783,2.307791,1.885760,1.941371,0.000000,2.095358,0.000000,0.000000,1.765461,0.000000,2.026054,1.982940,0.0000000,0.000000,2.457077,1.850394,0.000000,0.000000,0.000000,1.825160,0.000000,1.894711,0.000000,0.000000,0.000000,0.0000000,0.000000,1.869703,1.868851,1.925714,0.000000,0.000000,2.443339,0.000000,0.000000,0.000000,0.000000,2.286774,0.000000,1.821252,1.953507,2.129607,1.9631715,0.000000,2.577397,0.000000,0.0000000
0.000000,2.182185,2.1929445,0.000000,0.000000,0.000000,0.000000,1.810715,1.712455,0.000000,1.869018,1.982159,2.227876,2.441034,2.202011,2.452354,0.000000,2.332230,1.958044,1.943742,1.996380,2.292628,2.077327,2.224872,0.000000,2.111306,2.030427,2.121747,0.000000,1.884412,1.797490,0.000000,1.847239,1.971552,0.0000000,0.000000,2.308288,1.928984,2.053221,0.000000,0.000000,0.000000,1.633695,2.084889,0.000000,1.727773,0.000000,0.0000000,1.878016,1.675256,2.103444,2.281428,0.000000,0.000000,2.371624,2.054110,2.193634,0.000000,0.000000,2.047658,1.863260,0.000000,2.363565,2.093365,0.0000000,0.000000,2.485636,1.947217,0.0000000
0.000000,0.000000,1.6681420,0.000000,0.000000,0.000000,1.708722,2.030237,1.673019,0.000000,0.000000,0.000000,2.119777,2.480512,2.255005,2.443145,0.000000,2.355613,1.549616,1.978529,0.000000,2.227816,1.868980,2.302324,0.000000,1.950554,0.000000,0.000000,0.000000,0.000000,0.000000,0.000000,0.000000,0.000000,1.4707176,0.000000,2.432664,0.000000,0.000000,0.000000,0.000000,0.000000,0.000000,1.820485,1.771995,0.000000,1.805348,0.0000000,0.000000,0.000000,2.082628,2.027227,2.092128,0.000000,2.063944,2.021032,0.000000,0.000000,1.767985,2.196062,0.000000,0.000000,2.107110,2.159125,0.0000000,0.000000,2.497101,2.085250,1.8735685
0.000000,1.853383,0.0000000,0.000000,0.000000,0.000000,0.000000,2.045870,0.000000,0.000000,0.000000,2.218611,2.039833,2.448787,2.217497,2.428898,0.000000,2.356551,0.000000,0.000000,1.586392,0.000000,1.937732,2.231131,0.000000,1.914437,0.000000,2.070529,0.000000,0.000000,1.669058,0.000000,0.000000,0.000000,1.9007585,0.000000,2.474176,1.927841,0.000000,0.000000,0.000000,0.000000,0.000000,2.076751,0.000000,1.963122,0.000000,0.0000000,0.000000,0.000000,2.128404,2.256963,0.000000,0.000000,2.320193,0.000000,0.000000,0.000000,0.000000,2.175357,0.000000,0.000000,1.962773,1.958547,1.7487413,0.000000,2.458631,1.829357,0.0000000
2.071691,1.854482,0.0000000,0.000000,0.000000,0.000000,0.000000,2.066719,0.000000,0.000000,0.000000,2.087996,2.120167,2.502402,2.309900,2.386339,0.000000,2.467010,1.968023,2.116561,0.000000,2.266225,2.093035,2.230616,2.157877,1.942791,0.000000,1.889706,0.000000,0.000000,1.819547,0.000000,0.000000,0.000000,0.0000000,0.000000,2.469587,0.000000,0.000000,0.000000,0.000000,0.000000,0.000000,0.000000,0.000000,0.000000,1.712089,0.0000000,0.000000,0.000000,2.066210,1.737701,0.000000,0.000000,2.158988,0.000000,0.000000,1.881300,2.027972,2.222775,0.000000,0.000000,2.014913,2.086660,0.0000000,0.000000,2.508833,0.000000,1.7734556
1.634767,1.839534,0.0000000,2.087326,0.000000,0.000000,0.000000,2.105931,2.071329,0.000000,0.000000,2.220774,2.041063,2.439547,2.173203,2.367310,0.000000,2.357073,0.000000,0.000000,1.688565,1.991796,2.058864,2.252210,0.000000,2.022074,1.711433,2.093461,0.000000,1.801479,0.000000,0.000000,0.000000,0.000000,1.8174935,0.000000,2.483056,1.960996,1.571339,0.000000,0.000000,0.000000,0.000000,2.157185,0.000000,0.000000,1.831302,0.0000000,0.000000,2.105086,0.000000,1.712551,0.000000,0.000000,2.199411,2.147656,1.673217,1.735820,0.000000,2.299427,1.801814,0.000000,2.020800,2.073020,0.0000000,0.000000,2.499611,1.662556,0.0000000
0.000000,0.000000,0.0000000,0.000000,0.000000,0.000000,0.000000,2.017848,1.990902,0.000000,0.000000,2.202547,2.060205,2.453409,2.154949,2.446224,0.000000,2.209067,0.000000,0.000000,0.000000,2.079083,0.000000,2.191429,0.000000,2.048654,1.857795,1.929952,2.087580,1.713431,1.994719,0.000000,0.000000,0.000000,0.0000000,0.000000,2.445812,0.000000,0.000000,0.000000,0.000000,0.000000,0.000000,1.941968,0.000000,0.000000,1.914976,0.0000000,0.000000,1.912912,2.092698,1.898740,0.000000,0.000000,2.184957,1.876714,0.000000,0.000000,0.000000,2.188246,0.000000,0.000000,0.000000,2.059501,0.0000000,0.000000,2.437477,2.031812,0.0000000
0.000000,0.000000,0.0000000,1.764542,0.000000,0.000000,0.000000,1.966497,2.023028,0.000000,0.000000,2.180671,2.030425,2.480281,2.265071,2.378598,0.000000,2.361035,0.000000,2.042750,0.000000,2.191962,1.943915,2.248234,1.943926,1.966425,1.998055,2.063779,1.887290,0.000000,0.000000,0.000000,0.000000,0.000000,0.0000000,0.000000,2.428712,1.918291,0.000000,0.000000,0.000000,0.000000,1.680111,0.000000,0.000000,0.000000,0.000000,0.0000000,1.515233,2.089430,2.019066,1.828365,0.000000,0.000000,2.316372,1.743362,0.000000,0.000000,0.000000,2.136472,0.000000,0.000000,2.021063,2.084786,0.0000000,0.000000,2.492975,0.000000,0.0000000
0.000000,1.790266,1.9450863,0.000000,0.000000,0.000000,0.000000,2.092321,1.821879,2.142446,0.000000,2.190620,2.158183,2.455617,2.183594,2.421983,0.000000,2.341406,1.824645,1.969401,0.000000,2.190794,2.010379,2.296777,1.832240,2.082722,0.000000,1.863065,0.000000,0.000000,0.000000,0.000000,0.000000,0.000000,2.0245573,0.000000,2.461096,1.816253,0.000000,0.000000,0.000000,0.000000,0.000000,0.000000,0.000000,0.000000,0.000000,0.0000000,0.000000,0.000000,0.000000,2.243704,0.000000,0.000000,2.349126,0.000000,0.000000,0.000000,0.000000,2.156716,0.000000,0.000000,1.970773,2.157678,0.0000000,0.000000,2.421385,1.672498,0.0000000
0.000000,2.180398,2.1337394,1.952920,0.000000,0.000000,0.000000,1.914935,1.909231,0.000000,1.974798,2.165912,2.149038,2.438967,2.138583,2.423456,0.000000,2.238773,1.815931,1.846126,1.843863,2.098388,1.998023,2.232527,1.911480,2.123798,0.000000,1.989790,0.000000,0.000000,1.689726,0.000000,1.845439,0.000000,1.7651643,0.000000,2.396698,1.838187,1.869236,0.000000,1.668855,0.000000,0.000000,1.633410,2.142853,0.000000,0.000000,1.8559755,0.000000,0.000000,0.000000,1.783956,0.000000,0.000000,2.308202,1.840821,0.000000,1.714591,0.000000,2.174123,0.000000,1.850106,2.099417,1.929505,0.0000000,0.000000,2.428988,1.726727,0.0000000
0.000000,2.050398,1.9735785,0.000000,0.000000,0.000000,0.000000,0.000000,1.753435,0.000000,0.000000,2.081969,2.170037,2.490273,2.238304,2.406262,0.000000,2.386018,2.097148,2.069834,0.000000,2.251416,2.126652,2.209615,1.992716,2.142497,1.797985,2.082928,0.000000,0.000000,1.966734,0.000000,1.768501,0.000000,0.0000000,0.000000,2.271065,2.038130,0.000000,0.000000,0.000000,0.000000,0.000000,0.000000,0.000000,0.000000,0.000000,0.0000000,0.000000,1.737212,0.000000,0.000000,0.000000,0.000000,2.270879,0.000000,1.917101,1.717870,0.000000,0.000000,0.000000,0.000000,0.000000,2.069346,1.8054194,0.000000,2.407563,0.000000,0.0000000
0.000000,1.855855,1.7375869,2.119216,0.000000,0.000000,1.633093,1.923484,2.119781,0.000000,2.442650,1.949375,1.834088,2.446912,2.064984,2.460272,2.074415,2.337236,0.000000,1.403849,2.141321,1.936890,1.824236,2.346390,1.716024,2.178615,2.139714,2.047785,2.029588,1.581708,1.872522,1.344010,2.135407,0.000000,1.9835460,0.000000,2.378906,1.962272,0.000000,0.000000,0.000000,1.710502,0.000000,1.837928,1.421073,0.000000,1.667759,0.0000000,0.000000,2.075152,2.129560,2.086695,2.113112,1.667143,2.006526,0.000000,1.960316,0.000000,0.000000,1.925627,1.930005,0.000000,1.843220,0.000000,0.0000000,0.000000,2.232197,1.880713,1.5135846
0.000000,1.979646,1.6871002,2.114956,0.000000,0.000000,1.803974,0.000000,1.856491,0.000000,2.129522,2.033523,2.168460,2.395268,2.102643,2.399578,1.293679,1.340455,1.838195,1.769408,2.162869,0.000000,2.040626,2.185861,1.865888,2.110926,1.903519,0.000000,2.031425,1.473273,1.987917,0.000000,1.961024,1.784275,1.8092034,0.000000,2.530450,2.110587,1.898385,1.601378,0.000000,0.000000,0.000000,2.069139,0.000000,0.000000,1.617802,0.0000000,0.000000,1.545726,2.206044,2.214110,1.455740,1.747833,2.006756,0.000000,1.769657,1.329247,0.000000,2.291566,0.000000,1.858609,2.126854,1.857823,0.0000000,0.000000,2.364192,1.985051,0.0000000
0.000000,2.430065,0.0000000,1.762933,0.000000,0.000000,0.000000,2.249962,0.000000,0.000000,2.240685,2.137763,2.119695,2.443685,2.335851,2.469607,0.000000,2.073591,0.000000,0.000000,1.905840,0.000000,0.000000,2.206797,0.000000,2.193251,0.000000,0.000000,1.690835,2.324921,1.867033,0.000000,2.020792,2.090211,2.0146458,0.000000,2.422850,2.035918,0.000000,2.323025,2.210132,0.000000,1.986192,2.171290,2.027065,0.000000,1.939626,0.0000000,0.000000,1.939242,0.000000,2.137825,0.000000,0.000000,1.976879,2.060916,0.000000,0.000000,0.000000,0.000000,1.972384,0.000000,2.316039,2.044843,0.0000000,0.000000,2.547291,2.258326,0.0000000
0.000000,2.013991,0.0000000,0.000000,0.000000,0.000000,1.684153,2.094246,2.020177,0.000000,1.638217,2.119970,2.253711,2.448822,2.270034,2.464789,0.000000,2.038543,0.000000,0.000000,1.850467,1.695064,1.793220,2.336626,0.000000,1.654641,1.922962,0.000000,1.989120,0.000000,1.843080,0.000000,1.840536,1.432520,1.8282956,0.000000,2.439073,1.884166,0.000000,0.000000,0.000000,1.973692,1.628914,2.167261,1.999835,0.000000,1.661946,0.0000000,0.000000,2.063224,0.000000,2.267074,2.137661,1.642107,2.053240,1.953697,1.884412,1.801657,0.000000,2.171328,1.487838,0.000000,2.106376,1.964909,0.0000000,0.000000,2.382284,2.086769,1.9812694
0.000000,0.000000,0.0000000,0.000000,1.835837,0.000000,1.762288,2.174553,0.000000,0.000000,0.000000,2.203079,2.208682,2.442876,2.287257,2.435087,0.000000,1.653610,0.000000,0.000000,0.000000,0.000000,0.000000,2.183808,0.000000,0.000000,1.957365,0.000000,0.000000,0.000000,1.726149,0.000000,0.000000,0.000000,1.9673516,0.000000,2.455898,2.186982,0.000000,1.841248,1.850106,2.025180,0.000000,1.990008,1.749629,0.000000,2.062211,0.0000000,0.000000,2.152106,2.067118,1.864984,2.031694,0.000000,2.277453,1.905437,0.000000,0.000000,1.949289,2.132620,1.901879,0.000000,2.361948,2.113897,0.0000000,0.000000,2.569921,2.162102,0.0000000
0.000000,1.579753,0.0000000,0.000000,0.000000,0.000000,0.000000,1.912783,1.895979,1.438618,0.000000,2.082212,2.002115,2.416127,2.222243,2.367905,1.650903,2.080378,0.000000,0.000000,1.450172,0.000000,1.867059,2.125305,1.301509,1.734762,1.733564,1.899964,1.761916,0.000000,1.775268,0.000000,0.000000,0.000000,1.7689881,0.000000,2.474842,2.047900,0.000000,0.000000,1.609518,1.614886,1.579316,2.096921,1.618255,0.000000,1.806911,0.0000000,1.674178,1.872259,2.025297,1.932708,0.000000,0.000000,2.275241,0.000000,0.000000,0.000000,0.000000,2.136746,0.000000,1.712359,2.111781,1.977187,1.3967739,0.000000,2.466041,2.046812,1.7738758
0.000000,1.941290,0.0000000,0.000000,0.000000,0.000000,0.000000,1.977883,1.764135,2.045387,1.615240,2.142143,2.118165,2.450465,2.231060,2.423449,0.000000,2.173597,0.000000,1.885090,0.000000,1.847669,1.917762,2.162677,1.725622,2.074381,2.020428,1.892208,2.041875,0.000000,1.979748,0.000000,0.000000,0.000000,1.9534773,0.000000,2.369007,1.686238,1.914518,0.000000,0.000000,1.838653,0.000000,1.981514,1.769827,0.000000,1.825425,0.0000000,1.720225,2.172991,1.919340,2.015169,0.000000,0.000000,2.292538,1.544820,2.102062,1.663741,0.000000,2.041149,1.679708,1.672100,2.153469,2.008536,1.6813133,0.000000,2.465379,2.146873,1.8556213
0.000000,1.823386,0.0000000,0.000000,0.000000,0.000000,1.630824,2.088381,2.062371,0.000000,0.000000,2.217875,2.216697,2.444129,2.201924,2.418751,1.708702,2.255561,0.000000,1.953464,2.069623,2.217575,2.039264,2.240502,0.000000,2.091386,1.685485,1.742719,0.000000,1.708761,1.963209,0.000000,0.000000,2.041112,2.0244262,0.000000,2.556380,0.000000,1.908077,0.000000,0.000000,1.818417,1.651102,2.071988,1.632617,1.898406,1.883021,0.0000000,0.000000,2.053071,2.094632,2.065968,2.101969,1.687823,2.363630,0.000000,1.446185,0.000000,0.000000,2.312954,0.000000,1.606003,2.060528,1.951109,2.0270196,0.000000,2.530360,2.020699,1.9407010
2.104281,2.033607,0.0000000,0.000000,0.000000,0.000000,1.702372,2.163243,2.053894,0.000000,0.000000,1.704592,2.138820,2.453818,2.206936,2.425431,1.924486,2.345043,0.000000,1.974932,0.000000,2.118276,2.085800,2.241513,2.024241,2.116501,2.076417,2.017457,0.000000,0.000000,1.871145,0.000000,0.000000,1.541476,1.8498990,0.000000,2.522546,1.809748,1.922656,1.450799,0.000000,1.946222,0.000000,2.152317,0.000000,1.721044,1.848852,0.0000000,0.000000,1.915513,1.987233,1.963199,0.000000,0.000000,2.101340,0.000000,1.470798,1.623654,0.000000,2.222331,0.000000,0.000000,2.155859,2.186253,0.0000000,1.560500,2.615703,1.900445,1.9925850
