5.73779735324348,5.52469568037218,0,0,6.47627981544174,8.0587544305404,0,7.26538077100686,0,0,6.75504689188383,8.29010436773974,0,3.21847574484686,8.97572628488261,5.86220971125072,0,0,7.17933083509627,7.33531450456337
4.08412586202777,0,0,0,0,6.93051431610265,9.1999910015173,8.22163216133577,0,8.08906520940373,5.68075264554151,7.8522252211216,0,0,9.12477050097194,4.24878091552652,0,5.80880293250092,0,0
7.95134099746303,6.95414255853526,4.79479831796448,0,7.91060895398115,8.37175808704602,7.35719899426251,0,0,8.66985247394894,5.82865145670207,7.82248078653156,0,4.65262612714439,8.75693581273961,0,0,6.00605754941088,5.71850687005458,7.69197640644145
6.00558932115338,6.50049355793103,5.28335600140788,0,6.28936300412641,9.40169599840001,8.80993295217245,7.95716681920262,0,8.50476022136308,7.81068515075433,8.28149617403041,0,0,9.38192954219109,5.73275858289272,0,6.79397048967552,0,0
6.81516838765932,7.39945312768794,0,5.47926297716206,6.95447663798246,9.41662256621498,7.5013583292057,7.84514191915103,0,8.14530888354851,7.10596658899731,8.02763643974539,0,5.18296263018501,9.19974645406529,4.26535235911578,0,6.66494459119245,0,0
6.64683197583105,6.02206649440488,6.01574243956751,0,6.35475257631696,9.186184965065,7.96759555381637,0,0,7.90362214816434,5.6086289492476,7.19718083069029,0,0,9.28442691532888,5.64137501452758,0,6.79862098490474,7.28108968033592,7.68604292079315
5.96842619048141,5.9996063127996,2.39425228151987,4.30487557548547,5.68883802727038,0,0,8.2544612593673,0,7.33538623285662,4.97355628585484,7.54745421333388,0,0,9.83663702744264,7.02643568965487,3.39215663701001,5.06846385370873,7.7327461788468,0
6.53842921748985,6.20263672664097,0,0,0,0,7.14593718527271,7.86479248252477,0,6.23073732035206,4.13852092455493,6.34037694025653,0,0,9.89495626436547,7.43121080864815,0,3.98842833663055,0,0
5.04432793506273,0,0,0,5.58074817521712,6.08879541122666,8.20763899172973,3.79053310784044,0,8.14675540107126,5.99806769824155,8.36595858903265,0,5.38802094962982,8.14299707283079,0,0,7.30661193260933,0,0
0,5.33059092709833,0,0,0,7.90861507449187,3.84031215787415,8.09973343425968,0,7.51584553500172,7.26750449250784,8.8987125413022,0,0,9.42625787819865,6.62072632653438,0,7.68851948642212,7.6543721338957,0
5.77752847654469,7.11982170484852,0,3.74076007599093,6.84573092800174,8.9420843853495,0,8.05057263312719,0,7.19228739552781,6.26520615118528,8.06781067794299,4.27067599175051,5.43249854801406,9.01170892915758,4.30406509320417,4.54457056385916,6.42180111360127,0,0
6.29900439239422,6.59657254994476,0,0,0,0,8.28189608392946,7.80528308288541,0,8.3160288185599,0,8.22843053534421,0,0,9.27555678829089,6.09616234321571,0,0,0,0
6.87434326263689,0,0,0,0,8.57389483428554,0,0,0,8.89345328802487,0,8.94850017016387,0,5.99510790202278,9.39098886330965,4.93173637648984,3.19129905709797,7.56504209409101,6.31752563242888,6.28232282009023
6.08797854748402,0,0,0,0,9.00687811706845,7.96808401522464,7.87932176471468,0,9.42433822863068,7.47000758823869,8.56639279556321,0,5.86635473606514,8.9516499506749,0,0,6.64659828546971,0,0
6.77248523291817,0,0,4.9152251092916,0,8.66581317653718,0,8.19363520572596,0,0,6.87766713666485,8.80065487052356,2.72523502585631,5.5255326172323,9.70008535213093,6.47763368263111,0,6.22116654471944,0,0
6.61619904498176,0,0,4.45330023664996,0,7.1054743499561,6.21660610108486,6.85487124635692,0,7.77271482101388,5.74178449678921,0,0,4.45643813218769,9.35042400173484,6.67698270050344,0,5.47499804345191,0,0
0,0,0,0,0,8.04380463977914,8.81897193724499,7.62234100289957,0,8.18155260887488,6.9708803016012,7.98281913357125,2.83732253680635,0,10.05024237891,0,4.47106720146461,6.28936300412641,0,0
5.83848817750849,5.33724957654982,0,0,0,0,8.76090926965627,7.78971126191595,0,8.45157248492727,6.95039322366637,0,0,6.11443410945167,8.87724941238929,0,0,6.58528850637314,5.36119826458724,0
8.45542629244959,5.21352171484332,0,0,7.36864247958159,9.1562431502559,8.76940455066761,0,0,7.24932876777773,0,6.52385594878853,0,0,8.97111062885629,0,0,5.72158964830607,0,6.15470946301384
7.54977230974047,7.55970539469174,4.8895969657192,0,0,9.15781052389746,0,8.05702582711246,0,0,7.40569017315656,7.52157241453084,0,0,9.76573583829781,7.20737827400156,0,5.85487132901906,0,0
6.43062229618262,6.08947562166464,0,3.67020618884832,0,8.21617458137906,8.13140423201794,8.31149901046374,0,0,6.48943286887142,8.35481778103087,3.98583093257287,5.1794775226665,9.4256533441752,6.04940321202843,0,6.0649937803961,0,0
5.92200728209276,6.07239916460398,4.262820712194,0,6.23417540391472,8.35750554417116,7.56545143218667,6.59923083889147,0,8.0358098582502,7.41462709674838,7.87189477967118,0,0,9.24166460521821,6.60254718579775,4.76924290772525,0,7.59399868322529,0
7.02772259402912,6.47734152551001,0,5.56555435537276,6.9505177894828,8.30735818721569,8.13991021021149,0,0,0,7.73772530438977,8.11298928765541,0,4.72384171570559,9.22767918225267,6.41593130822328,4.83517017809879,7.05627872702587,6.51774512542883,0
7.61411972537488,7.47963837204904,4.62849601129159,6.06455235621515,7.25181295896094,8.63344260723422,0,7.85247018907285,0,8.70755897316815,5.20147601509848,8.40997762287793,2.25863320546486,5.26790970412661,8.83704666970418,5.98436440061768,2.93438864331294,6.62682370390053,7.59831411266055,6.38146062431221
6.57472710476348,6.88820541973742,3.9611940494346,3.87784555362656,6.19886482080623,8.66530797754614,0,8.29442207074113,0,7.85926256420483,5.14842427697342,8.18682071338417,0,4.0943445622221,9.54443120387412,5.73395597466375,3.09648217665413,5.42212665227432,0,0
3.89243235566314,0,0,0,0,0,8.67215211595429,7.04668209012357,0,2.88368276974537,5.08295595567588,8.03273032948005,0,0,8.77700188550137,5.80380878872333,0,6.51898503288985,0,0
6.80815591375938,6.66368171511174,0,5.04902232650096,0,7.90814816014379,8.10897830613374,7.06659494829553,0,0,0,7.92847088894177,0,4.2395986415416,8.60621271739099,5.31635372903414,0,6.14996290492866,6.70735121463742,0
0,0,5.44738371446593,0,0,7.1363638697274,9.22620387856435,6.90420899835548,0,0,6.12453020629552,8.71592437086897,0,5.77709489234513,0,0,0,5.15721452557004,7.91489534678366,0
0,0,0,0,0,4.76915803609354,7.16145131343075,0,0,0,5.73959996752159,7.95369788788228,0,3.76607194994384,0,0,0,6.07800914850817,0,0
8.05321616565968,7.21329691573468,0,3.76884523575182,6.39746284637781,8.35020310470516,0,7.86986032299558,0,5.79337939513455,0,7.02953033590806,2.76000994003292,0,8.16282130768295,4.51085950651685,0,7.13409372119287,0,0
4.7851556829845,7.03117572785593,0,6.38191753509564,6.39116306032181,7.46099075595327,7.49708519690095,8.86441741767435,0,5.86041578449145,6.24908681683843,8.17459301727957,0,0,9.54171391805239,5.35668060984495,0,5.47892912914327,5.3611513107194,0
0,0,6.44010088811378,0,0,4.35875800773453,9.13474144274429,0,0,8.00445240155653,5.50930736168968,7.07994232129549,0,0,0,0,0,5.77752847654469,7.26694605555831,7.97100287714328
4.68619702463046,5.15265555411668,4.34315586028489,4.70853871896512,7.04253963631843,7.95647679803678,0,9.52557437988988,0,6.89033441303917,2.76568998054862,8.25496311794473,2.15640258281596,0,8.72064818892764,4.34497357047117,3.38676033386439,5.42411266259234,0,0
4.58394654953646,0,0,4.96563792816552,0,7.71844991189534,5.83880858296978,7.42258288412743,0,8.08528348688991,6.58263437155546,7.45052714404981,0,0,8.94519444226269,6.46842827358446,0,6.36688273386385,0,0
6.88441500157421,7.26421219915542,0,5.04619546949481,5.8160093627313,9.19987782996527,7.61838376720841,8.26783142687457,0,7.82935588847117,6.78267946554813,8.20081530424204,2.87130219517581,4.74640929768082,9.46711983968815,6.81571674151483,0,5.64971340153236,0,0
8.29702770127258,7.99361999482774,6.82953424438754,6.26442630540305,7.80941956399413,9.65193166653522,7.19344536875312,7.850672362324,0,7.89315780860457,0,7.62464828260525,0,5.04625980506918,8.86804581851594,0,0,5.22229988012412,7.76278318543125,7.49069130966765
6.39484414872512,5.55078668324407,0,4.38987078869693,5.65027620713306,0,7.84341324926684,7.45364298075255,0,7.58672746736078,5.76591184612175,8.02399790258638,0,5.23676106084893,8.41854123408808,4.63763737612559,4.21346004311226,6.62639981791951,0,0
6.64481785028741,6.00878861511618,0,4.9740404636267,6.13807256674407,0,7.77041736006659,7.44391526059547,0,7.76168964042843,5.8499009827862,7.8766536411259,0,4.85351353832404,8.07497280846258,5.5536182826613,0,6.93538990107878,7.33662436486932,0
6.72587362541657,6.84274731433987,4.27402374212223,4.9745244070839,0,9.20482418575715,7.77292112334014,7.40109083941347,0,0,6.14737795812563,7.4452773599587,0,0,9.62469914725447,6.83898381155493,0,6.11809719804135,6.23967137401586,0
7.36704547378521,7.60264593879846,0,5.96745357714648,7.02624029041808,9.91525306663011,8.64006193955246,8.17692857279624,3.88526826811933,8.18230769525628,7.6071876661841,8.26697644617509,4.1187119186704,4.70465346447304,9.5355421925293,5.98199485073156,0,0,5.71524980609709,4.86584070919302
6.80544566015757,7.01901038734223,0,0,0,0,7.22636899730204,8.02807034929348,0,6.87948954037336,5.70521478174783,6.72448126874838,0,3.9596696588955,9.89325538196988,5.5572526819603,0,5.28000063476214,7.85328243104124,0
5.92727263256207,6.49769462752162,0,4.2336716274432,0,7.01117791816967,8.03551528217056,7.66180468988053,0,0,5.71857256012884,7.78758947384568,0,3.58988750490699,9.12698484965339,6.68825508258273,0,6.20322353955555,5.71521685228186,0
5.62188527068913,6.36626424090526,0,0,5.8479982520827,0,8.20268516575364,8.12568719991492,0,7.36734865912852,6.50190509674244,8.40240616324401,0,4.84882199793365,9.63618963760545,6.12806933700495,0,6.96303860260537,7.8947057589988,0
7.25991805840028,6.89786654623177,3.94099911366466,5.20768124628859,6.61249791969262,8.16670478561191,7.33840718649334,7.96406531141634,0,5.9877325920183,4.62830060337695,6.91017235549774,0,0,9.90094432126335,0,0,4.42172800152543,5.6850752471905,0
0,0,0,0,5.91754886415781,0,7.05445829367424,0,0,6.8794998270105,0,0,0,4.00806019362509,0,0,0,5.4793464217549,0,0
7.0185360783255,7.17320707979229,0,0,6.53410855426049,8.58916030213203,7.24288375601985,8.39711602625596,0,7.38461659048235,6.37716902703799,7.35499552722292,0,0,9.17159122761686,0,0,5.23564377201998,0,5.53089626464873
7.78162690830437,7.6429317250174,4.79876133504028,0,7.52302740081912,9.39747532576567,8.09224246575899,6.4690022240078,0,7.88649109227722,5.33300860633797,7.80270387913106,0,0,9.42700699319061,6.85307731569136,0,5.90965778440389,0,0
6.51724282072616,6.26786446472262,4.16651017302229,3.83492595504318,0,8.42107868823057,6.95625016146498,7.77195661018653,0,7.08826686543423,6.43311692597786,8.03990549766803,0,4.63763737612559,9.44700016594386,6.8161442488794,3.89589362349826,6.39722961022514,6.99572036771078,0
0,0,0,0,0,0,7.0388361715825,0,0,0,0,5.15548571744049,0,4.14424522067556,0,0,0,4.67180026828585,0,0
7.97456037300113,7.77997290385911,4.7823954453573,6.55992680368233,7.31161910572333,9.13280144389555,8.20267694820781,8.53379855604838,0,7.59502019288385,6.95629779344129,8.43289594601873,5.01150158542421,4.3001384752012,9.28853213694243,6.23660439629409,4.49412688719477,6.91683394291534,0,0
7.13388636317255,7.10540869977307,0,5.5792391395816,0,9.29823219459312,8.64204805156186,7.64393800235566,0,0,0,8.25779013823171,5.20603759042874,0,9.22365138603585,6.08661562334691,0,6.47256265440098,0,0
6.92787158256696,6.72782685635696,0,3.35340671782581,3.85946575468947,9.11660864575828,7.08306061288179,7.52938497532914,0,7.41947050693296,5.94324546983738,8.15592198654909,0,4.9730026526227,9.35724198353888,5.44367233440741,4.32783440559045,5.86796834736516,0,0
6.100117137935,6.25935199223158,0,0,0,0,8.01655549403774,0,0,0,6.56111552792511,7.80915975835976,0,0,9.51031162220351,0,0,0,3.95565704244821,0
6.74417696500532,7.32036811444862,0,5.11066160816338,0,9.03112877424248,8.73050294908655,0,0,0,4.51173824119554,7.76888419073121,0,5.44975007030825,8.97047020757953,0,0,6.74137006148654,6.42558189778931,5.14400000616368
7.14096796597313,7.21260415505578,0,0,6.55389066806991,8.99914638933051,7.65694247042476,8.10825606281469,0,6.97368345909624,7.14975198738046,7.97981138636055,0,0,9.46804765567603,5.16123682599967,0,6.01813082050398,7.83936802695408,0
7.29515145607385,7.12035544362033,0,6.23887135055787,0,8.95995151522177,8.45098714740153,7.8154612671644,0,7.91950163462858,6.51604513610631,8.30402967348437,0,4.67114517491162,8.93290429623507,4.9395688456624,0,6.75052820523732,0,6.78165903415729
6.9156143156924,5.99863875085598,4.61353510231972,5.36471353618772,0,8.58311762673093,7.52065723136265,7.47117525039871,0,7.46183577541888,5.89638434085771,7.64179485158437,0,3.58795353552398,8.85626062901693,0,3.03831272108911,5.57390155380168,0,6.80727174040381
0,4.97341790627944,0,0,0,0,5.93343810958563,7.55809933721677,0,6.37091074681753,4.93569620743176,8.12388686482699,0,5.09925648574978,9.26563315772489,6.07906325158705,0,0,0,0
6.93259422232906,7.82490963782314,5.82658990391775,0,6.41931065499771,0,7.91697153143775,8.10374228150345,0,0,6.93744028685165,8.36666793180402,0,0,9.81295543956824,5.88896105737313,0,5.10885034159321,0,5.1815026119562
7.70266450847762,7.63351484726956,5.78548534196335,6.11115687002599,7.30604806067387,9.86846640883389,7.48015190013931,7.49288842641869,0,8.25058875009116,7.13563957518645,7.86602829198362,3.4307561839037,0,9.27106851784558,6.45400288024245,0,6.08677472691231,0,7.55930412207895
0,5.53902574904172,0,4.17530992104521,5.5124201732101,6.69029554413622,8.53922079260159,7.97821154771604,0,8.38691137035316,6.18565291396677,7.55072958987585,0,3.92966644060074,9.41034630107558,6.35388296567378,0,5.57507751129926,0,0
0,6.01298139057023,0,0,0,9.15493230773316,9.7913653391491,8.57409323854905,0,8.94724684165898,7.91909797550777,8.60592359004118,0,0,9.10801192162564,0,0,0,0,0
0,6.21760360740199,0,3.41969196429832,0,8.79302330606789,9.05064803214258,8.36756493665826,0,0,8.47683567234389,8.20078786089198,0,0,9.18835955414447,0,0,6.06747606351408,5.67352943148518,0
2.94233149682688,6.30490573640297,4.37713971310049,4.94299864538044,6.40641783308845,9.60837124786521,8.72794508225573,8.55018105914317,0,8.66471279129135,7.91706265342281,8.29617238548301,0,3.23985423125339,9.43254748496886,6.88269384838677,0,6.16726488691167,0,0
3.54500908369423,6.40744088484179,0,4.45771371652022,0,9.16523839806376,9.13121058080088,9.20841051099181,4.97969487118962,8.36976685244819,7.0321563669401,8.31240759691316,0,0,9.59671779715453,0,0,0,0,0
0,4.41000652118084,0,0,0,7.75268748627439,8.25069579732389,8.51200777032833,0,8.03418375209136,7.10268863827111,8.47431909276985,0,3.64623287939246,9.81276383879796,2.90853906185161,0,6.33151964332969,7.9402277651457,0
4.5364629879783,6.00247866837108,0,4.47449186234598,0,6.42694142928412,0,8.16814055233369,0,0,0,7.52324897872492,0,0,9.31845908032093,6.13876323412886,0,5.51592562636357,7.36460401073138,0
5.87062371615705,7.06825717563617,5.18598818157412,5.39476326481629,0,9.52649327640366,9.06812452122914,8.92252629081164,0,0,7.88317115607822,8.23306745436723,5.6150605445954,4.95109758138006,9.55507835301443,4.98572765839007,4.44005966592449,6.1579742528546,5.91935073913267,0
5.01076861854149,6.09083465605352,0,0,0,8.4793023136398,9.4153606850307,8.77910042838565,0,0,5.93505291318202,8.10031621492907,0,0,9.46609824684332,5.15565873281046,0,5.92564520607069,0,0
5.47558450459472,6.99599506783155,4.23091300500412,5.34462826941129,0,9.13371847332474,8.82584632592542,8.78474245206693,0,0,8.12208328268597,8.30048886373093,0,4.97217162764413,9.39434384688588,5.28821652436861,0,6.50286500562482,0,0
0,0,0,0,0,7.07754024677191,8.05773219282703,0,0,0,6.85524018587084,0,0,0,9.37319874385687,0,0,0,0,0
4.45898767581001,5.82688467179018,0,4.04094378549499,0,7.30809393593176,6.82506908036318,8.49605943856541,0,0,5.76296291689223,8.03153486430828,3.78759292704997,4.5342110970476,9.70521952391249,7.01412228795559,0,5.93075867199059,0,0
5.3469170363841,6.27543975762844,4.69336419672401,4.72729931922115,0,8.72450975409949,8.41108573019735,7.87731375473493,0,0,6.55063737981036,8.03067311347002,2.7219531062712,4.90342120978911,9.39681164012918,6.45802475457596,0,6.05816479253505,0,0
4.99294643122517,5.70424903246784,3.8146306594195,0,0,9.40966652758596,9.05357895380208,8.01402815031686,0,8.55985796697207,7.22495003610721,8.44200401959213,0,5.24496933104611,9.37551576993517,6.08870468153304,0,5.44202802421434,6.12523028727098,0
5.31841406824716,6.46034254306621,5.70368246965587,4.90579316257267,6.19350702851414,9.34681866821184,8.76110517799373,8.04889370928661,2.57794151575519,7.69093510124497,6.4223537075563,8.29283890746097,0,4.86476137827335,9.53316996955624,0,4.30757244874893,5.67894318464256,0,0
4.07431190847186,5.50211498626471,0,4.6825940829529,3.86304282320643,7.15090535837198,8.50940091029777,7.12000773706499,0,7.92808525401792,5.33358798062996,8.34685791133242,0,4.80688578988868,9.66098914865967,6.0352182399979,0,6.40982942756682,0,0
4.67842064772768,5.76387362086649,0,0,0,8.386337074192,8.863148888962,7.95869927394875,0,8.38643965127022,6.84238441154047,7.90350393219101,0,4.74275584894065,9.31337518528366,6.0411114869974,0,6.26377914242864,7.71264059488057,0
4.17883888519854,4.83667865363393,0,0,0,0,8.21430542954046,8.54746242085626,0,6.83391496331291,0,8.15121510715136,0,4.78548974011137,9.13910964120612,5.13084501260429,0,5.9095763876353,0,0
4.9947768781618,6.0296991973379,0,4.26394667994139,0,7.65181418113999,8.76487480679345,7.10138762692196,0,7.97135505425748,7.43876580990723,8.2441501108146,0,4.50369101703824,9.37107220556889,6.4965788925286,0,6.55699140164406,6.17837970381491,4.76037745029047
5.0148928843489,6.32957829285845,0,4.73365134763663,6.12944229004988,8.97476486311888,0,8.14358133865638,0,0,7.05317942167227,7.89451565803971,0,3.21326008608257,9.56496120767835,6.7692630302048,0,5.9113385026287,0,6.67463714652072
5.64272234135174,6.80336096306964,4.31855421171831,4.69938886122707,6.43023547392262,9.01457606492572,0,8.33918551643975,0,0,7.23762001981748,7.91111138638797,0,0,9.59191571179489,5.31113487025865,0,5.68191171023798,0,6.97533915830567
5.42802897306969,6.32986349785147,0,5.41823146321337,6.64969673159643,8.52781260531411,9.0647444952506,8.48501498151992,0,8.00621422256016,7.72805039619516,8.11251577299908,4.34432476748987,5.0262461416104,9.41510811759997,5.86595801186826,4.57543236772413,6.82383004404438,7.14828284884045,0
6.91487983892443,7.53988838689952,0,0,6.60204500401097,9.44723691584238,0,7.53733946242619,0,7.73172456034777,7.10834233458294,8.45251386036542,0,4.37449836825309,10.0070589687095,4.87428087285444,5.40515179546186,6.73262778276842,6.04068319089548,0
4.44370951986147,3.92296294546648,0,0,5.19717018454308,7.73524102631389,6.18249804450396,7.62898930520047,0,7.96253409874497,5.35176334225366,8.1381703838136,0,0,9.64364111567875,0,0,5.62823243758547,4.19690115054719,0
4.87778938076283,5.05948894831364,0,0,4.95653103510305,8.54397337960118,7.40391386570472,7.64007028668154,5.40779937716503,7.90915157293383,7.26464619959623,7.914248623765,0,3.68260984110034,10.09037782351,0,0,6.19652559087143,0,4.27638830265088
4.16619999932253,0,0,0,4.11267551890682,6.44879445293122,0,8.2742193124222,6.7645313508438,6.94889722231331,0,7.62906222533594,0,0,10.4089729426025,6.72185934169459,0,5.04870149490271,5.98976310046822,0
6.33311975745697,5.70760847948973,4.77912349311153,0,6.48667894735975,9.11052003669397,0,8.11430376339439,0,6.95419983722474,7.2136431161882,7.69791573371208,0,3.49711343849198,10.0512004111335,6.07036814470345,0,0,0,0
0,4.73206711917644,0,0,5.5394579945639,5.20422644314844,0,8.52556207441989,0,7.77693763169333,0,8.32024112881614,0,0,9.87751311876389,0,0,4.95335922627653,4.1601323027601,0
5.81144034936271,6.39307222488884,3.86051916256103,0,5.68249073918858,8.35360074472855,0,8.34152465412622,0,7.39947147513352,6.76161906402871,8.58583453445764,0,0,10.1622646214734,6.98588230675823,4.00587758089977,6.63622210826973,0,6.66251948119311
4.28565339001629,5.01648481888515,2.90306858869057,0,5.92337305497086,7.29441126610325,0,7.20712626907872,0,7.24774275846263,5.1837479118049,8.20469643225668,0,4.97390215104003,10.0731881321402,5.3167465020164,4.60776681183536,0,7.89818083979222,0
5.05311990570241,3.56614668873164,0,0,6.08983821146624,6.38418208239364,7.55423529022347,7.82792647211838,0,8.39120584223091,0,7.8628435575642,0,0,9.3075396753533,0,0,5.80660978445567,7.46317369885153,0
4.92406018556407,6.13755425297988,0,0,5.25091124415077,8.18152742950685,7.39171728523105,8.69885119477396,5.44634936536712,6.45244319847939,5.68833037009728,8.24605353558377,0,4.33231104242795,9.53799527851353,0,0,6.15896853055151,6.74621234363532,0
6.00287420865955,6.64539001451415,0,0,5.77644416335079,9.25224977505339,8.62811004201533,9.03789944063573,0,7.65798198138125,7.76511520372549,8.75188579494731,4.28400026937532,4.58822746525778,9.6815432817974,0,0,6.20304146205073,0,0
5.62463103635076,3.61361696961339,0,0,5.97340240428957,8.2934119368125,7.67291144464867,5.11403388644054,0,8.14303777902511,5.93856469974712,0,0,4.62379565011126,9.29474585657561,5.68521108907077,0,3.91242292544947,0,0
5.99173950930241,6.0780779282411,3.66969663469716,3.65299317554953,6.82832238533423,9.10662295014451,8.81432299319067,6.18218820716608,0,8.22299392813619,7.49594186390558,8.60805165885472,0,5.01900021042788,10.6420119368793,6.0646685393664,5.36705020422913,7.23574161195305,7.04189273791137,0
5.54779121310828,6.55269331919904,0,0,6.18503509607983,8.51317914590417,8.33465881197715,8.27742979238501,0,7.66236437778683,6.00282477467862,8.27197272858094,0,5.00024820120977,9.50161348890271,7.12474392768439,0,6.06155015467467,8.09593096324627,5.8807843514539
4.39568296112137,0,0,0,4.51491719701053,7.71836988984478,8.29413963605227,7.13964447541091,0,8.33879114330269,3.5720646995221,7.75014540181674,4.93799291410414,5.54482582016698,9.63458797938371,5.16701206577005,0,6.3578942582241,7.90250962626579,0
5.88632622898468,6.15162569923192,0,0,7.17339110911482,8.15957494556526,7.53556895582291,7.06445128813712,0,8.30391828445063,6.20873086124932,8.90028589317258,0,5.47037812763293,10.39116839021,5.0950377151626,3.52577211624379,6.96969668052232,7.10184893853789,6.03020437542391
4.92143971529178,5.3282159168939,0,0,5.75412698575787,7.54019658442469,0,7.52209190911759,0,7.89604662122499,5.96627493603432,0,0,5.23862043928991,9.49893452835293,6.51429778999825,3.93632529795111,0,7.92209425691547,0
5.47193448271184,5.37685124420214,0,0,6.01403295395045,8.46446307582161,5.84623644245113,5.51149138682476,0,8.28838110426698,5.82868087668707,0,0,0,9.68413057310132,6.55150881466147,4.90889783685834,6.34703888560268,7.92964129895291,0
0,0,0,0,0,7.14216314897442,6.88851129561538,7.53411073518094,0,8.19860920181443,6.0030719201497,7.27184268263632,0,4.39444915467244,9.27676461402397,5.79872895196515,0,6.50091422469404,5.51286407063673,0
7.6720317140036,7.40108473353137,0,6.09715250914939,6.8791191509458,9.31277059852735,6.78965844409592,7.04477433264023,0,0,6.3493487595867,9.63081887953737,0,0,9.31183141085559,5.7663189931231,0,0,0,0
6.0918301087273,6.45854202434367,0,0,0,9.83052430954528,8.63818883888248,0,0,8.5032240760554,7.85439673245662,9.86718138795683,0,0,8.88066200467221,0,0,0,0,0
7.16900353632989,7.33629217465806,0,5.20059427801942,0,9.20325633936264,8.46368903381808,9.58867406269231,0,0,6.86416905081921,8.73103602483309,5.73207834381105,0,10.4050685763623,6.07348222631762,0,0,0,0
0,5.26025198574124,0,0,0,8.36588181029614,0,9.38490693639707,0,7.08565875709032,0,7.08701381618417,4.51338379035738,0,9.8619204888541,7.63702221584844,0,0,0,0
0,4.78071885849462,0,0,0,0,8.84321097013359,8.03868308445954,0,8.05616991779927,0,8.2537093004008,0,0,9.492341337456,0,0,0,5.20713366112542,0
4.22024272909747,0,0,3.57290727786152,0,0,0,8.73765956227875,6.61291430933188,0,6.25296305229866,8.562472437615,3.80176161117061,0,9.51090411825852,6.6949085331453,0,6.25290530835454,0,0
6.23164219097797,7.01940398248105,0,5.18486867404046,6.29650140038165,9.07953668435098,8.85117232283174,8.81947319372358,0,8.22220180422271,6.86360483464677,8.65721249197628,5.61192300097811,0,9.24986873010959,5.97368237731218,0,5.54110667010908,0,0
5.48707649100042,5.82765066186977,0,0,0,8.24510621418862,8.25865818596924,7.93021340090341,0,7.79607854177224,6.5645604966001,8.56849258578518,0,0,9.54636965336435,5.6659767599203,4.50324819626271,0,5.86172595272216,0
5.0014599961608,5.56666370269308,0,0,0,8.32066479366949,7.54268525008171,8.42217236974381,0,8.31178395344022,7.25347038268453,8.70211469874107,0,0,9.46326017761567,6.23337096967308,0,6.92264389147589,0,0
0,4.62507084769443,0,0,0,8.53110595846954,7.72839817405226,7.57118009392478,0,0,6.25217359630833,8.26323469924861,0,0,9.54821876235679,5.68761921681378,0,5.51371096440219,5.58067277749409,0
6.2042546863427,5.49322603884746,0,5.2614977684095,6.62253683596833,0,7.07860292820246,7.22157282503854,0,8.25140045645464,7.06135151942199,7.28360618331412,0,0,9.84502652595858,5.87837983203782,0,6.25982999914311,5.86146975049179,6.6060959785995
0,2.68784749378469,0,0,0,7.60365367148539,7.882601670316,7.45959807821934,3.60441029748749,0,5.04071176167873,7.77234421198952,0,0,0,0,0,7.40688072179989,0,0
5.1096356266014,5.20620207764023,0,3.88238820029846,5.71280828586351,8.77478763682328,7.9440878268798,7.85039189019408,0,4.22668774920981,7.45056782268568,7.85799902787428,0,0,9.46157368585629,4.38402463733655,3.91681152215994,6.48988858815623,7.71396771729795,0
0,0,0,0,0,8.29665623996698,0,7.94552708920511,0,0,0,5.27305083930015,0,0,9.98938080465706,0,0,0,0,0
7.06084539661207,6.48443674265438,0,0,6.87983922668773,9.12026247984951,6.77465807779715,8.54880037971875,0,7.50582775201199,0,6.93658566065001,0,0,9.80539500553568,0,0,0,5.66031810324212,0
5.3339257940154,0,0,0,6.15143397939792,8.05778918713711,0,8.06639907243107,0,8.57453714359844,0,5.8845472647619,0,0,8.72729689222261,0,0,0,0,0
0,0,0,0,0,7.68858361218192,7.86523401838561,6.24078253939165,0,9.04965270586808,5.76613109972074,7.95084428683959,0,0,9.76482300779986,0,0,6.5157343909814,4.85608453424766,0
5.03526286392099,5.56994627367757,0,0,5.86618473068122,8.47685857810646,6.9079152661835,8.65444764484088,0,8.958228768893,6.64300817781285,7.77548582024091,0,0,9.41266061527683,0,0,5.97951847608958,0,0
5.39135223251523,0,0,0,5.73019718082765,8.95659971707209,6.80732702414764,6.2185403569498,0,9.04165541270514,0,7.02599154524734,0,0,10.7654213545118,0,0,0,0,5.23100165926317
5.70418239467753,4.24017501043364,0,0,0,7.96638202875898,6.80896204036491,8.64615264865353,0,8.41298090517952,6.73759546744722,7.92679752603029,0,0,9.59494949820497,5.7012459270042,0,5.50845672872699,6.16795664557838,0
4.48051358138854,5.34477147091992,0,0,4.99457366054891,0,7.44039327386149,8.20420151607471,0,8.48127788936768,6.02443983660193,0,0,0,9.80233483831848,6.38576759050995,0,5.50853777257176,6.19166695112062,0
6.2884903308129,7.5220323973843,0,0,0,0,7.11996729822267,7.95176353565621,0,0,0,7.60990679853155,0,0,10.1028341900021,6.65323715290879,0,5.90418949899654,0,0
6.44676689006332,6.72388051658863,0,0,5.09577269406505,7.6110656390285,7.34538420756309,0,0,7.85959074510108,5.82744449148394,8.12103761483379,0,5.99083935171406,0,3.44839898314645,0,6.48529150879053,6.08977023589211,0
5.11271041876255,5.21954468538264,0,0,5.57995621545253,8.03225296452548,7.98416967399262,8.20070827091753,0,8.8450181478449,6.68991016611914,8.42669282588762,0,0,0,5.22461700361808,0,6.25749515922457,6.6435944015717,0
6.5684430132935,6.24682356278455,0,0,5.60730828432107,0,7.30896467772478,7.48585630022056,0,6.64407615045965,0,7.62514619091255,0,0,9.85990654710987,0,0,6.44622762693743,0,0
6.63404185575775,6.47627981544174,0,5.21014167564431,6.31191628088919,8.66244611766503,8.12067494055294,8.37579320818438,0,6.05591712705272,6.87345364728512,7.94037376588309,0,5.01641853885198,9.39580697791421,6.24010039118313,4.80713095803439,6.32069634921656,0,0
6.06162007578038,5.83764297978393,0,0,5.69766379364802,8.11681412743026,7.60738142563979,7.71563640700555,3.50645789231965,6.93524397887451,5.89610936629113,7.74716064685658,0,0,9.66128222442822,6.32507555144816,0,3.86786210964238,0,0
5.93192683439179,5.76179977880351,0,0,6.31108123809011,0,7.60457570490838,6.61791087036567,0,3.55934008275895,4.29701326034693,7.65567469538906,0,4.49836418167028,9.32443661977457,5.6355393220598,0,6.02823032629831,6.30227092983597,0
0,0,0,0,0,0,7.84705916516529,6.29902277356455,0,5.57120300975706,0,7.64479015001068,0,0,9.54601943697708,6.60364567717792,0,5.3780061654494,5.00923431318063,0
8.20214266282918,7.79750489082828,6.88804224767212,0,5.62531630137677,9.22929950637733,8.39891853493414,7.81513845612307,0,0,7.51619932559948,8.08443293706299,0,0,8.33172107682304,0,0,5.96105688468656,0,0
7.54755969800969,6.98173038516671,0,5.70707704160563,7.10766295614712,8.01363112403843,7.82490164469723,7.7526187500753,3.74170906775847,0,6.01654732747545,8.4195935928917,0,5.16798086482003,8.9059582941153,0,0,7.00341085367623,0,0
8.21222931172993,7.83066803676517,4.6737629774537,7.22761166228763,7.52416719291697,8.74795564504368,7.9701011529234,7.47993749190521,0,7.83547643395115,7.07106389659416,8.13085695426965,4.13468644150548,0,9.22086479543239,6.24560276252442,0,7.08794122364567,0,7.82373396217417
6.980485159146,7.24755055960028,0,0,6.06907352643496,0,7.98966213907854,8.63142325607307,0,7.3375487056914,5.69749609001349,8.3243266309863,0,0,10.0640618424474,5.99303830809627,0,6.14654336750806,6.55761607335681,0
0,8.22366204644213,5.58870826681074,0,7.38245411845707,9.8753658172191,7.87084562376386,8.22746101894474,0,7.53589449489982,6.67418253217739,7.42286371838627,0,0,9.58064106236339,6.84932075714497,0,5.09797439515626,0,0
7.27710258824869,7.23737552279697,4.94042739905276,4.33506604581038,6.78738264320381,8.83618350582094,8.38171018133895,8.82942835453054,0,0,6.06691982552259,7.6899247299962,0,4.22887545517971,9.51614719428651,3.80019719024589,0,5.74834147785336,0,0
7.72703718917638,7.15632483242744,0,5.74245816751803,0,8.99745403511462,7.17477025058813,8.29667369425855,0,7.43863055835383,5.4603936981138,7.17347544457064,0,5.14435000325061,9.44000660427959,6.43073509116175,0,0,6.56557478119386,0
4.99416710138895,5.35559521769951,0,0,5.65958673991351,0,7.00946313178185,8.11498278102857,0,0,6.3079891459195,8.41685559530588,0,4.89985269808462,9.17484479189131,4.63589335863093,0,6.31398273439522,6.79562747233164,4.85988992073704
7.5362305961815,7.52766487771954,4.62467865237613,5.95399629749307,7.02713703600222,8.90279975066464,8.74659392566679,7.40520990808966,0,8.41653714791114,7.41331908362642,7.69558516980129,0,3.54789176081296,9.43576930980407,5.42106583180709,0,6.54023603328873,7.11147133263025,0
6.43281146710391,7.26118295625276,0,0,7.3192819784689,9.96120914109675,8.32903543710458,8.17624254165614,0,8.0171789138619,7.42737611125875,7.93696032460897,3.99709917778327,4.71195968016961,9.68428622045454,5.38573282855099,3.82012699072361,6.706299831238,0,0
6.97089907794676,7.33035933923264,0,5.13984904577624,6.59973443553483,10.5049524644565,7.19643934926638,8.72620049513923,0,8.24557342664491,7.88533676369936,8.60875270991228,4.54244335607979,0,9.4393307969623,5.0413584667391,0,5.39194431232666,0,0
5.58679911917038,5.97373327307767,0,0,5.67132815110259,8.0470071455336,7.55821414118912,8.24642854230813,0,0,0,8.3385377063617,0,0,9.36656604038201,0,0,0,0,0
5.91485344473614,5.6645217607029,0,3.46009502290964,6.4862522481762,0,7.64165565169551,7.43341828240241,0,8.11657531646889,6.58661293678582,7.87153628291288,0,0,8.97329818048389,0,0,0,0,0
6.42116687958019,7.34594569170301,4.05577696907284,5.64321826768142,7.2853420387615,9.35178784956016,8.42696865776327,7.8886870267411,0,8.1211416364585,0,7.74668969160806,0,4.25134831103177,9.33839051998834,5.03876913334003,0,5.64767057185603,7.4752598683378,0
6.41692834172284,6.72709633927408,0,4.51415078760092,6.9140255794955,0,7.48016318350988,7.83893068245558,0,8.3366157128333,5.35818876358543,8.206338017998,0,0,9.15389276427721,6.24111370069946,0,6.22047087869057,6.20000194603283,0
6.60604189311738,6.94027087065882,0,5.00776451067123,7.00067168690839,9.56743422815893,8.5767537178722,8.04690792251378,0,8.68787729496607,7.87246277198615,8.84201063112124,0,0,9.13130690484803,5.81454835497258,0,7.03599016987233,0,5.14574876790343
5.88515914073705,6.1236325106854,0,4.78273042568034,6.64886796291788,7.44202981543503,7.63298719513981,7.62087173961758,0,7.8937959290444,6.70316357306245,7.77962588414868,0,0,9.65921612116609,0,4.92913597051712,6.56672868701121,6.64209559056485,0
5.5480249489878,5.67084597440994,3.67046086858992,0,5.86164055927178,8.39054094029079,8.02502902117944,8.1353733183217,0,7.74193316191816,5.28548538773266,8.4032156556513,0,0,9.25919720059016,5.85455602984052,0,6.42800833745341,6.34603978821275,4.60136294764514
6.15913767089612,6.55923272808522,0,5.25770368366274,7.2183087945062,8.29759833602577,7.3372233310196,8.03510726428984,0,8.40836221622968,6.79393687378192,7.7996877423667,0,4.14614606078536,9.15957220284412,5.83705966830824,0,5.83898330632491,0,0
6.57499215508972,6.66845693891123,5.01016851850681,5.10132877271068,6.34481145928734,9.46729000374217,7.8455452373295,8.65517616105296,0,0,6.85861755442059,7.90511342410892,0,0,9.38621619962007,5.43959989138193,0,5.52537325468216,6.04996927648055,0
5.59549174418316,5.90192269844649,0,0,6.47643375632875,0,7.27248172243135,7.92734600509719,0,7.81084323653849,4.46763077196603,7.65741510936577,0,0,9.21653116938391,6.04765582675772,0,6.49048071291447,7.37739634250886,0
6.86200449122513,6.88049712821127,6.27606061273516,5.35327892462201,7.0124485720965,10.1350396527088,7.12192266479,7.22558335987693,0,0,7.88414343490487,7.55153362797696,0,0,9.37543099184177,5.02932619253975,0,5.73599148367822,7.42414738112049,0
6.25645996244475,6.65654655939958,3.35025490292458,0,6.73290176679568,8.50876981417581,8.08766179953285,7.38599365940453,4.16759502396169,8.34440524499617,6.82204487354373,7.9289824366007,0,4.5790315283784,9.4898642567265,5.74703351665052,0,6.18018227140717,0,0
5.41231547060145,6.39677964396502,0,0,6.17364025993389,8.5268622946098,8.5321980533104,8.42131204864357,0,7.93240163669025,6.46786951897184,8.57993134286045,0,4.10429489307527,9.57535841526916,5.98277691871042,0,5.31394462243374,0,0
5.32344890718564,6.59500152210133,0,0,6.71913392003965,0,6.98593779603495,7.33410739355508,0,8.99871646405429,6.3586218585611,7.91607809630279,0,0,9.43132960441098,6.63962743696552,0,0,6.08575147629719,0
6.03344586934808,6.57007030729493,0,4.01132520650201,6.82226274796178,8.90479978122309,7.37175341127596,7.73177281474496,0,8.89115524845542,6.91665555376886,7.70335073875286,0,3.92612312980693,9.14100315549501,6.4333419412477,0,5.7110228663117,0,0
6.93893412746314,6.84012932997369,5.70061078349057,5.25739119993539,7.24173154611863,9.9186913862784,6.23844180567359,8.25937019974248,0,8.8144017425323,7.44088041024289,7.97789607407433,0,0,9.49489505925288,5.18839088716943,0,5.11457480059864,0,5.62744124139948
6.74692903373279,7.01826750177957,4.6342434334738,5.50801087013784,7.37806511134291,9.10197757620452,8.41304749312446,7.9291264873068,0,8.50177696976125,7.66831808783468,7.69520303896232,0,0,9.06789508264359,4.05802629954799,0,5.79377551318291,0,6.53569109725772
5.91293527694326,5.44837396275472,5.44042438317287,3.60059453924636,6.41607847405491,9.61324219768118,7.06160019778354,0,0,8.25214633200624,7.17835477145264,7.5490932426157,0,3.58905911883173,9.17179391146349,5.98838480958106,0,6.01942012312131,6.88870496862459,0
5.5354821592245,5.9670437725663,2.97246364661464,3.24765762629365,6.16169243607558,8.13002369327091,9.0578847547183,8.67536719538109,2.64688376586472,0,5.85312159748624,7.33496883247229,0,3.70622809244855,10.2974635798558,3.99562858928294,0,4.810801285551,7.78976093736966,0
5.26134213042314,5.79541924909422,0,0,6.66191867712025,6.33000606985057,7.37242596332195,8.26102787371554,0,7.5227787427605,6.39430955909346,7.24663889161218,0,0,9.49326112732625,5.79666546880291,0,4.98312705467965,0,5.80266203421434
7.94651847836404,7.09180034967237,5.46645547882552,0,0,8.58415440047403,5.18032180831033,8.15238814471787,0,7.07230314878776,6.58909152581051,8.09935079978633,0,5.9180332690221,8.96457153842088,0,0,5.02971870857252,0,0
6.67782625835291,7.14689028271439,5.27979691691066,0,6.75286599311925,9.48972057910858,8.10565769573079,8.71349325867356,5.20384183832515,7.95217181960224,7.60499905701665,8.20116102593952,0,0,9.45804384415078,0,0,5.55586234457958,0,5.28106947313848
6.70172692352355,6.97720671198035,0,0,6.17232670616559,8.50890897182854,7.26235507128229,7.48716809195715,0,0,5.00662727269872,7.7962430661942,0,0,10.2252594089468,0,0,5.04638846380207,0,5.9659415898769
6.15725437139222,6.1772592322697,4.95138056687894,4.54180431036627,5.62271702193498,0,8.09847261650562,7.87600828142937,0,8.21132542372878,6.43915865943386,7.64804841559903,0,0,9.90130016194069,6.82879864798042,0,5.44475264477758,0,5.32884657158286
5.66950154067933,6.24982079017793,0,0,5.91076954340231,8.17435916143232,8.44390611300626,7.7553388128465,0,8.1184454710556,5.71330367053984,8.09889205282584,0,0,9.42839097622438,0,0,6.35067627069868,7.16080708603501,0
6.92492699749046,7.07173464152823,5.30360337097727,5.07785771036298,6.87951011354183,9.78603758640593,8.04837605800585,8.45571132727257,0,6.61955307128347,5.21770366255379,8.37545680110099,0,0,9.44630537605037,0,0,5.36124521625051,0,0
4.3447140997899,4.79330812810349,0,3.61765194482557,5.74808640021272,0,8.45645543820069,6.71762330009621,0,0,6.57887614168002,7.58504235029814,0,0,9.79869354305004,4.59259140378123,0,6.33611751581939,7.50862816676576,0
7.14325418754571,6.16139717708912,5.21840798331973,3.70770120835452,5.94306180787981,7.96668728224315,7.88733249852697,7.92075158028789,0,6.87675984527962,5.63350306164378,8.05858360284819,0,5.04490788803835,9.18145415349946,4.96473096190528,0,6.34959343355985,7.33394415863028,6.29782729417293
7.36988423420784,6.61757675966501,0,0,5.76233436160582,9.10556524050315,7.81214345565261,9.15729290835407,0,6.61204103483309,5.46166844970989,8.67746509824843,0,0,9.63716898008794,4.63986142577802,0,0,0,0
6.22043111172498,6.47760293326916,0,4.08244065771928,6.92888056059709,8.89604734809811,5.85796172550388,8.08416467893539,0,7.65317227697576,7.0076368123917,8.43857630011659,0,0,9.56493314971059,4.81979757753396,0,5.04600243793355,0,6.05175970289174
6.09930947405873,6.48955441432197,0,0,6.32756171339911,9.76407030074834,7.24054933079628,8.01203481177613,0,8.08399505332954,0,8.75973615149006,0,0,9.67536286594036,0,0,5.52138091466208,0,0
5.74767176022592,6.20991711293407,0,0,6.54634054855284,8.81360653513822,8.06879135431225,7.02191397687623,0,7.58416821992592,0,7.35526403508798,0,0,9.96588002255239,0,0,0,0,0
7.59345983177158,7.04428591936312,0,5.10854814461892,6.25080501373401,8.88496889332194,7.82009019693126,8.73965010705011,0,5.5401256430914,6.29349321326668,8.76160652851718,3.86157146193205,3.98898404656427,9.24067557177226,4.40598727211873,0,4.59056403359873,0,5.69638854010249
6.02634894896148,0,0,0,6.07871964439541,7.18414381888912,7.3531651969966,7.07629902278275,0,0,5.35790615795969,6.7028567700092,0,0,9.87330150361651,5.26040779347482,0,5.47222865598202,0,0
7.75512885078887,6.86092569162534,0,5.01269982814514,0,8.65277947131302,5.10041505778706,7.31014900856582,0,0,0,8.09919892012333,0,0,9.27184930855339,5.19017520792833,0,0,0,0
6.1793539082054,5.94667636431785,0,3.66944176022146,6.94618721959767,8.88990918698385,6.12577688471558,7.814641930781,0,0,6.67572233382201,8.59374674213201,0,0,9.48604601241736,4.23714536085377,0,0,6.1370356704272,0
0,5.29861732155703,0,0,5.49244396879175,7.759899946031,8.17764222035208,7.92834476304273,0,6.39776264152004,0,6.99752285416548,0,0,9.78973637799312,5.16381407320956,0,0,0,0
4.77853508473915,5.65161160232729,0,0,0,6.68493667486687,8.04220114065908,7.90099594081958,0,8.08122145201846,4.86791899189466,8.18697933024548,0,0,9.51081526622672,4.19780327059033,0,5.98027720146741,5.10065879674384,0
5.51612671627154,4.94071341979121,0,0,4.40976338964548,0,6.46513332647762,6.7596380280292,0,7.08159933644057,5.80142326979881,7.42665025775408,0,0,10.2801209939756,6.70409567674062,0,5.08784321833449,0,0
6.71424334279253,6.55876501780195,0,0,5.57818145807175,8.9797604895616,7.14272462908233,7.93761395325332,0,6.93536071834134,5.85030412731897,8.11803117701118,0,0,9.48854770046542,0,0,0,0,0
7.80399839355251,6.88657249971423,0,6.13772705408623,6.41872376225182,7.8017145086497,7.87233700284097,8.42646947767807,0,7.83898979424189,7.04055390319745,9.08317950155947,0,4.59895088617417,7.08348012524678,0,0,6.59905383930628,0,0
0,0,0,0,0,0,7.84496957829171,7.80855057428205,0,7.45360822051131,0,7.99439282238562,0,3.2023398562281,9.2822144222119,5.97619861343755,0,5.05081708372909,0,0
4.66391068101069,4.18418526622189,0,0,0,7.80954132465341,6.07800914850817,7.42276214914135,0,7.80666381195853,4.95793750509581,7.71367742014328,0,0,9.76148610433876,7.16116417899165,0,4.05646960979317,6.72195568080835,0
5.28983146289774,4.4950204424871,0,0,5.16558565409408,7.81297697448538,8.3391902957663,7.9779269400184,0,6.95400889549957,0,7.83142670638904,0,5.13908714097748,0,6.40469939248051,0,4.63161735600294,0,0
5.49281449927213,5.79075496200075,0,3.31636544614546,6.24049024713629,8.0070873085746,8.26992599062145,7.39806386031822,0,8.40563350051559,6.28798866322218,7.94076892923131,0,0,10.3468198941545,5.54814179644358,0,6.38536301884468,7.5407914558013,0
7.72157021926706,6.25209654283318,0,0,5.76832099579377,8.30621286722783,6.89277361215897,7.5418899750337,0,8.81535812616847,7.06823162382348,9.41844337925563,0,6.34719654661432,9.26507473907624,0,5.83328911214211,7.69235064598651,0,0
6.09483308008502,5.64459848130275,0,3.22087382753087,6.10989181964366,8.69622434075211,7.08836704157737,7.32533998055281,0,6.14235993421457,6.85117434542717,7.40652856422395,0,0,9.1900315365783,0,0,5.7362496647937,0,0
6.9848366832447,6.38355730927571,0,0,5.37087055922975,8.70368437654863,7.5050851511698,7.21473249704187,0,8.35723333763043,0,0,0,0,9.95949919797736,5.99901100086338,0,0,0,0
7.09145089132924,6.6845992275898,0,4.91961589570909,0,8.34313499879251,8.14724193453003,7.74948193470295,0,7.70732341273722,6.50614274018946,0,0,5.38961952495482,9.37680351283568,6.07518509859952,0,7.23907856820994,0,0
6.56886411912361,6.44709981912872,0,4.69893371580025,6.75167440419321,8.72957827742458,7.38032436462867,0,0,8.30995005582115,6.63957513502641,8.10291032085712,0,0,9.45761442670749,5.75491909010358,0,0,5.69980791990079,0
0,0,0,0,4.60557010600942,0,6.87340190111044,8.28483985997347,0,0,4.67404305027447,8.58794983986704,0,0,9.28584665175624,0,0,6.21496803363774,6.28888034279678,0
6.51131433038859,6.44711567012932,0,4.48141937855192,7.61252960158304,9.78562138842467,8.39228508260493,5.29921696179087,0,8.85587298957945,6.70479418478041,8.65491479284117,5.08481469227051,0,8.88304252167667,0,0,6.20776473594018,0,5.94303556770348
6.10197676990541,6.09904010774136,0,5.03948186865384,6.66309438108055,8.24142651451237,8.04869562748457,8.17183963234871,0,7.86012718542724,6.09609479618606,8.57691010727459,3.7367167835281,4.0102380529251,9.34479259051037,6.01112010476642,0,6.58785299922342,0,0
6.46326343890513,5.55971962997934,0,0,0,7.18414381888912,8.28954199592184,8.36143021253311,0,6.72605353006759,0,8.44960362055651,0,0,9.46014143347281,6.52069476255008,0,5.96686443023975,0,5.52636885421483
0,0,0,0,4.58353788586098,7.00065346134887,6.42921935299746,8.18212317122989,0,7.847203787652,0,8.95645406782744,0,5.59083771564007,9.14166316494768,0,0,0,6.85307731569136,0
5.4121370027475,4.9152251092916,0,0,5.89114685059312,0,7.29869540847374,7.53797863408151,0,0,5.24090009567809,6.64274752356923,0,0,9.27645577418304,0,0,6.01249191430006,0,0
8.50112071843611,7.54747531115922,5.8019068726494,4.56622143584952,6.75630428505466,9.32371369914387,7.01380755531836,8.08018478325267,0,0,6.17038449164003,8.50820895374473,0,0,9.77898385876437,0,0,0,6.67859365534236,6.0245849604412
8.0385184767339,7.24259761661078,5.31148035307432,5.06183525079465,6.2753268334569,9.45861351356284,8.44300398519389,7.73285135067136,0,7.29818796425634,6.12848360076607,7.83572949240109,0,4.29864502573483,9.34746405459392,4.99822527401957,0,5.44695286568718,4.60055957343041,0
6.99622392696975,6.17222238192575,4.36309862478836,4.12260802749496,5.58926908786744,8.29900981805461,7.60906902220848,7.90276476556768,0,7.46876438151809,6.0230358859453,8.32316174064547,0,5.15028128772063,9.29088756775881,5.93669152126069,0,7.00407404090557,0,0
0,0,0,0,0,6.04749037537051,0,6.86367799174121,0,7.87720755897052,6.25921810934066,6.79924536472633,0,0,9.93660312874733,0,0,0,0,0
7.32542559952866,6.69506935556676,0,0,5.94172268021314,9.79792701687563,8.81233586424952,7.16414016407615,0,7.89192145825743,6.73517413001896,7.92708262835328,0,4.9438542604059,9.68416170451011,5.32845852346002,0,6.25144134846754,0,0
7.80807108854162,7.16047316639782,0,5.23883271971314,0,8.7528058789264,7.85227188631054,8.48966782035149,5.96051552896397,7.94222363531894,6.89592558322856,0,4.28468940178492,5.20702410810165,9.44517531187998,5.7198854562376,0,5.10138965736472,0,0
7.52378380598577,7.4540773818506,0,6.45971664331491,7.3892550733663,8.35425770458227,7.08805813289917,8.22897230716478,0,8.93377626525825,7.83578088707464,8.34140305836046,0,0,9.1677480613707,6.59705019937282,0,6.23742578370264,0,5.64137501452758
6.05373487283411,5.80103017020348,0,0,6.17382776970057,6.01200219832553,6.56121452452395,8.5914115860446,0,0,6.16958981177053,8.17524076595321,0,0,9.25529461697722,3.97424634860828,0,0,6.16215623841977,0
5.73589464857219,0,0,0,5.40564594430056,7.77282429285446,7.06295398087095,8.2985345677617,0,8.42182701004385,6.35648953221812,8.5347816044424,0,0,9.36160976201467,5.83936176889802,0,6.14491498182085,6.54072692296391,5.03265767813075
6.88135996762261,6.09589212771721,0,3.71381593940397,7.29046339996769,9.30725834948989,7.75556586504592,7.38673103802608,0,8.66597864699074,7.50287057926899,8.20348194690962,0,4.42376820625352,9.46016480187172,4.39271926421262,0,6.09548666751433,0,0
0,0,0,0,0,0,6.97865167095722,8.29714733728017,0,8.04079153839687,4.02392209792555,7.88110286398357,0,0,9.77113261047932,7.16269977724594,0,0,0,0
6.09591464846445,6.89422414469779,0,0,5.79423237757827,9.14669212109708,8.41767557274167,9.34973703025192,0,0,7.56020545720998,8.36410727785746,0,0,9.69188959362196,5.76224004422777,0,4.77339281840254,5.05299211017508,5.48346825035215
5.50898339635113,4.95244104985153,0,0,0,8.6128887514975,7.70841964790855,8.69153801852438,0,9.47326601730149,7.57914241775952,8.57268655315932,0,0,9.04909592409922,5.2855360321833,0,5.88665943274186,0,0
5.30915838972591,0,0,0,5.48587519013724,7.5811027322417,7.26868316632257,7.48679266925199,0,0,6.01114461787481,8.51102218989257,0,4.37437241573702,9.25436682672516,0,0,5.9910894767779,7.83732150030629,5.52620962488445
5.6477058284358,5.04122915918089,0,0,6.832460448945,8.00217211235608,7.11161814676382,6.5846118182522,0,9.04090463524814,0,8.25422714591486,0,0,9.09176176994077,5.83384535895437,0,6.03461981742191,5.64491672178916,0
5.49219687217572,5.03948186865384,0,2.8349764946746,6.32119985579076,9.00712934148241,8.41064975416023,7.8814503944432,0,0,5.16906253069077,7.98130613705488,0,5.76261726037709,9.62575581093752,0,4.56247143145498,6.48564236190108,7.76716238278869,0
5.87616592274452,5.69140620358815,0,0,5.74575580613362,8.4803237917575,7.82414200624859,8.82760448685521,0,0,7.97351374277917,8.7792374046728,0,5.13509230544507,9.42293245178838,5.54091054168356,0,5.85122499069339,5.92553839699181,0
6.06015070489643,4.80860070599228,0,0,5.85727579561331,8.44680935298314,8.63462238670072,8.66037016549225,0,0,8.13580099172635,0,0,0,9.18234719350589,4.68009211250535,0,6.12865797628419,7.10845688305752,0
4.97251797198313,4.96375330819613,0,0,5.07404818194632,0,6.88810344031678,7.84701616525715,0,0,5.0293916225787,7.61137740523607,0,0,9.75648873704928,5.90200472056516,0,0,0,0
4.9498231546995,5.5479859968016,0,0,5.20965007383187,0,7.89844822543075,9.04618127460876,0,0,7.08572571670532,8.61423459905322,0,0,9.60485237995942,6.11963786083096,0,5.97243462120118,5.57704698510179,0
6.5157343909814,5.94735590748192,0,0,7.05778605507753,8.65866497552635,7.52357315060369,8.04393306553639,0,7.9613632281945,7.81249960695592,7.58670211014094,0,0,9.21639202373795,5.14633100955016,0,5.16963135891999,7.27222476638678,6.95978780007429
5.58897002244465,4.86205794326646,0,0,0,8.42922499318276,7.1788810491182,7.2741676598266,0,0,7.82027892428705,8.26476500027453,0,0,9.55182857898649,0,0,6.69514357257733,5.95599279779973,0
5.67421633905443,5.70071109613172,0,0,6.44171179798804,8.41522026472755,8.27128498031571,7.68416766170613,0,8.60725873302664,5.77240638919802,0,0,3.46698512220016,9.23176912738948,5.59266467686858,0,5.59552888921595,6.72556171399688,0
4.28977427496879,4.03104971184979,0,0,4.84528884150826,0,7.75456301928011,7.24309115590545,0,8.92039039644189,6.74285705060811,7.73663891921831,0,0,10.0944053885554,4.96228503315521,0,5.45591922705153,5.62981295445603,0
5.91620206260743,5.75241389606794,0,0,5.42362755751348,8.88301893875043,7.80068730821234,0,0,8.71497134387014,5.89158896168073,7.86995201984586,0,0,8.93922956780813,5.95342513594268,0,5.43551079572424,6.30824415038346,0
0,0,0,0,4.04602928527588,0,6.54514849067587,7.92934252446603,0,8.85531834692833,6.67751158117762,0,0,0,0,0,5.37883688360683,7.37125027294004,5.64091366987721,0
5.52274009936063,5.26811585781491,0,0,5.44690977059786,8.26737963626157,8.36790865269646,8.35632701301967,0,0,6.41746730643369,8.4565595695593,3.6451887654892,0,9.26404226336373,0,0,5.3729609095438,6.01861754510049,0
5.34175992439087,5.63214324751405,0,0,5.4521537112629,8.20798236276458,8.24868871436759,8.57230996697483,0,0,7.53272532667846,8.64319833273129,0,0,9.35643871861261,4.29346860769209,0,6.3196525641415,0,0
5.55195132486025,5.66466042330235,0,0,6.19733985685567,8.74088699131592,8.13089521460179,8.44623839661575,0,0,7.67543926830367,7.67788664855844,0,0,9.70287574422898,4.12131101045192,0,5.24949470185047,8.33263553641711,0
5.08363789364596,5.42442124334376,0,0,5.09203093230025,7.43426328879023,7.46489371509972,8.71174136424716,0,0,0,8.04503043292764,0,0,9.37972865335824,5.77932275390155,0,3.71819550844799,5.46383180502561,0
5.9521778317766,5.47206056756712,0,3.14242665270479,7.05028729420393,7.82058001121312,8.35222892156814,7.14655955842519,0,8.31699927116761,7.22182121597794,8.20856255533397,0,0,8.79188120557256,5.502522716842,0,6.97425437693234,6.86668325320667,0
4.77584080004118,4.70880922074758,0,0,4.73021567496232,7.10137938728022,7.8658595136697,7.56536336092142,0,0,0,7.91185173893221,0,0,10.1007634011119,6.48736433268735,0,5.84721881756626,6.08395256654313,0
5.6118133738928,5.4090534081427,0,0,6.03229454159624,7.6971985168458,8.29525141767799,8.59002906908647,0,5.78397901665048,6.98938134786208,8.13427693627228,0,4.14646251648421,9.40705780905387,5.60587559300461,0,5.49289682073749,7.95209087999898,0
7.01663658936186,6.386424670571,0,4.85281120890269,7.04276682563801,8.51248010223971,9.0267852546592,7.6521895039101,0,8.5022988189059,7.78854317781364,8.12882116073425,0,0,9.31601483834633,4.36894139512523,0,6.87877950674556,6.17574252220032,7.25783451900957
6.54120314437257,5.48595808481959,0,0,5.91975369955398,8.04232012568479,8.16536078913756,8.67532621688284,0,8.08093995575571,6.90794526093442,8.52586349546374,0,0,9.26691917342888,4.52146243691461,0,6.02646965630667,6.03378142373501,0
5.0841335566053,4.78482151422617,0,0,5.21710731112249,7.49086435433315,7.7662007729714,7.01014939923636,0,8.91273590161444,0,7.8651687601453,0,0,10.0244876301816,6.94421256199247,0,6.1404447401193,0,0
0,4.61946749068892,0,0,6.37068834401092,8.45594099771776,6.05781392764952,7.91673457541021,0,0,6.13456872407643,8.59475220188121,0,4.85732870237083,9.52398254609749,6.55352021326116,0,6.4266017196517,6.35924509490902,5.7976067024957
5.87268101111801,4.98641090520539,0,0,0,9.20620382826378,8.08518182878452,7.59556825795138,4.37058644453133,8.76348904770466,7.35120315481806,8.12061844665352,0,4.77457535084882,8.50916908420258,0,0,5.74075707744756,6.40365697596557,0
0,0,0,0,0,5.66302992216924,8.10218973757738,7.13059478407898,0,0,6.29432459904984,7.83372303703841,0,0,7.52653983958375,0,4.28606624352797,6.75073883009183,6.39764606519989,0
5.19017520792833,6.0285435453494,0,0,0,8.84357901649715,8.2293217677053,7.24623264684056,0,0,7.71708421383149,8.28203778576878,5.06896709332431,0,9.3413335460477,5.95155359579514,4.5560849782976,6.0109239782642,0,0
4.64621615542409,5.54169482469306,0,0,6.44752770797924,8.30665732814111,6.78577971695641,8.09090171216494,0,0,4.71240893665769,7.73783867417597,0,3.48277736865458,9.61138907544359,6.65984504983479,0,5.54192998970159,7.31581036353718,0
6.01544959235844,5.97490316130876,0,0,0,8.17012339853667,8.08599480441231,8.22654672950044,0,0,0,8.2377596725828,0,4.61244366995459,8.71943991701746,5.43990373060991,0,7.19802649670264,7.02880408730428,6.57039264607578
5.23575023427921,0,0,0,0,7.79610733550014,7.88617914135998,8.00927001812942,0,7.83999022364343,6.27748899646139,7.42720956850743,0,0,9.13724373440505,0,0,4.90970937550629,0,0
5.92926994351486,5.72544611429223,0,0,0,9.14541564293661,8.36427741544791,8.30710405917574,0,0,7.61565313148799,8.40376690134604,6.06297092375923,5.05707348820204,9.00951955413512,4.9399266658258,0,6.8066302255219,0,4.13756368134208
5.0700356373777,4.69720227143458,0,0,5.78268607225167,7.93550509239999,7.93708536859783,6.48269442217694,3.46417218082354,8.56607477997776,7.24873875322351,7.81495682910778,3.45883716110857,4.06027058188835,9.62197308789559,4.37764203635606,0,7.0161521801522,0,0
5.96458141207419,5.30056483908852,0,0,6.57564750422601,8.72348026726382,8.17802412160717,0,0,8.62246450309551,5.63221486279678,7.27669470574085,0,0,8.65285805656889,5.35672777409446,0,5.77879717846165,8.02615385494365,0
5.29811734654537,5.61301861134261,0,0,5.60605938612759,8.64670451437787,7.84552957752313,7.92648345851041,0,8.50384043888553,0,7.76017286830528,0,0,9.92053147614526,5.72338900429512,0,5.50162549002814,0,0
5.26698148623818,6.18053411808844,0,0,5.61082618893484,8.58320749804651,8.06951136661487,8.49166818248013,0,8.76959258646334,6.67353814119931,8.01597790671936,0,0,9.41232565753147,5.8652491840979,0,5.58101202248877,0,0
6.62345415135647,6.50193510784656,0,0,6.20069171316234,9.03615839871063,8.16781158630497,8.52302813497475,0,8.86931940555199,6.82141276916007,8.65121346451922,0,0,9.19617450823662,5.47239671614796,0,0,5.36490067069119,0
5.6021557205679,5.72580485869069,0,0,5.51415428934647,8.11231191284644,8.45342663890087,8.27299452877509,0,0,6.92608623566686,7.44757061104759,0,0,10.2305513828651,4.60186472897936,0,6.64933422981231,7.55151786873614,0
6.30210602369467,6.16381993959009,0,0,6.21850051313754,9.41863015018974,8.32244757462254,7.88607388295049,0,8.58436013023563,7.53414280685044,8.33065395269329,0,3.8649313978943,9.23733277703978,5.65522228404082,0,5.73100846090979,5.93118361622305,0
0,0,0,0,4.43722479513864,0,6.57635814222767,8.24561803664202,0,0,0,8.42264512113266,0,0,8.95651722806951,0,0,6.28869464177489,7.02704828517012,0
5.37777528788275,0,0,0,7.07478551720713,8.11423793100363,5.39856985843713,5.91049849661797,0,0,7.71912539842685,8.15649588289047,0,0,8.96924667645897,0,0,5.72008224206965,5.75368313310966,7.04090409843488
0,0,0,0,0,0,6.70609186871944,5.51689048934749,0,8.08893324380666,4.96528919232938,0,0,0,9.15603412214086,5.49876530993006,0,5.70218119328923,4.62399194022868,0
5.80802236264532,5.94563001076418,0,0,0,8.68990370979084,8.06410803428682,5.12562925872232,0,8.27209795523496,7.86093323430819,8.64962047473635,0,4.84576065090602,8.97767033747269,4.9600435079802,0,6.781023573143,0,0
5.13603370349059,4.37739090626935,0,0,4.76975198630404,0,7.66009546885489,7.11433846119589,0,8.13339955146811,7.0554767643302,8.04784534709656,0,4.10923317471585,9.25655579577315,6.18303486858309,4.7787873021519,6.95924655377027,0,0
6.00082064203201,5.95251579696941,4.54084497543153,0,0,9.7735724703147,7.71878771219635,7.85561831861497,0,8.19162093359971,7.32737309669002,8.1935356941618,0,0,8.920530704465,6.09212403020716,0,5.67959223585498,4.90319855049402,4.80131246179936
5.51556356259616,4.85046654194343,0,0,5.39039505474894,8.64348745911326,8.58577291090099,8.56049403105973,0,8.43735096364526,7.24271208219969,9.00508708133449,4.69610718098019,0,9.08631677948784,5.09925648574978,0,6.64593586605608,5.87338459237549,0
5.93642741117807,5.4204464997811,0,0,0,8.64856525436558,8.46847762446436,7.98152144327754,0,8.21992936018026,7.35640758231684,8.54027670522321,4.41896108246694,0,9.17428719687325,5.28264519715374,5.29716670479064,0,0,0
5.08382379604773,5.04542311958192,0,0,0,8.17223222727911,8.42863734962736,7.92703210981657,3.72882106120688,0,7.54544260233772,8.26301810392004,0,0,8.88253467220011,5.66223104749797,0,6.10602015800529,6.39995839727616,0
5.36035275746749,5.06524973403613,0,0,5.19034232488274,7.53176136278459,8.10861724967864,7.80022451873029,0,0,7.45476045780278,8.55434252998442,0,0,9.46593562444056,6.06747606351408,0,6.24624241519545,0,0
5.77737364662504,5.27750222683412,0,0,5.67979711190569,8.23444293752997,8.80865909613705,8.05865320283809,0,0,6.58421111355928,8.34835788495536,0,4.73180283692146,9.91640377780267,3.5374749999547,3.89243235566314,6.59311302494757,7.4361928970649,0
4.40366580977736,3.04070563919672,0,0,0,6.74282167178941,7.58267738725141,7.5224380889723,0,8.53089292012775,6.17138739596763,8.0045993385876,0,0,10.1924001176212,7.03325071966032,0,5.87369401137347,0,0
6.77791990480158,6.65234676708065,0,5.24121777450746,6.52123949303238,8.75772390612149,8.6462510928832,8.64539465517186,0,0,7.92442694897137,8.60987993301385,0,3.94642443214548,9.43902852354574,5.41681126059583,0,6.41171974068878,0,0
5.1797590304239,4.45516091866138,0,0,4.83326147702623,5.60969155125661,7.88714850139531,7.8144602135527,0,0,0,8.52262242641112,0,5.69100114029147,8.96055249221268,4.75281402790065,5.0541416824054,0,5.68082086301885,0
6.17443172877467,6.13556489108174,0,4.30878367290616,6.66246836298224,8.56119859351349,8.5646205225886,8.08275745805653,0,8.86154856005743,7.92616568064169,8.33558737841657,0,4.27207225000583,9.27926924141505,5.51019772558354,0,6.32849020199362,0,7.17409624127967
6.19195340785739,6.60859424124401,0,0,5.55605556262675,8.80421254431792,7.91133135031478,7.81576380790382,0,8.85497029061957,7.65848717139301,8.24887704961534,0,0,9.45941674211674,6.153413314094,0,6.59178346535673,6.30633002997514,0
0,4.43734307534459,0,0,0,7.74742411220485,7.55181725185159,8.48777879874713,0,8.01595149475209,5.22692877046038,8.55016364308615,0,4.34341573554623,9.20641869223262,5.47558450459472,0,5.97289316152255,4.60507018098776,0
6.31010007988141,5.40321777637341,0,0,6.49550721857714,8.74934246916947,9.14099458107764,7.90031051316927,0,8.2956758171591,6.34521521952947,8.39060903930678,0,0,8.29578563239508,0,0,5.4388181663356,0,0
4.22171115814254,0,0,0,0,7.90993008601324,8.92975439590651,8.29663878537075,0,8.75828667445343,4.08782334523184,8.6663698067845,4.20528945617383,0,8.80716813323287,0,0,0,6.83955138188731,5.76588052025441
5.7488833019013,0,0,0,5.33213891502355,7.20526391225165,7.35050332653634,7.6683741746571,0,9.17395643137623,7.68500920550572,7.70538408909264,0,0,8.88324364756621,5.27463923919346,0,0,6.15674590757753,5.9927637028396
5.06082130900943,5.08623738758981,0,0,6.04689925399608,7.45463314004062,8.11770617883457,8.2597195483403,0,0,6.73163843309568,8.11473455932644,0,0,9.30020849790346,5.67249818461644,0,6.05204210899359,7.42293540811316,5.80952291813231
5.95547460937483,6.37951218117908,0,0,6.76255608148993,9.00180583742223,8.06055899173335,7.54692662298499,0,0,5.98680370222579,8.01007402358149,0,4.02802668118445,9.48789634812895,5.47579387167879,0,3.40751074371875,5.51467796556541,0
6.23372421561442,5.4542521681688,0,0,6.40369008525935,8.33487243462196,7.60737149017066,7.91596499249709,0,0,6.52153381844068,7.6045956313797,0,0,9.12955647302157,6.26994819345536,0,5.55891083330908,6.05601088071504,0
4.88280192258637,4.70356650784428,0,0,5.17235723941983,7.4352256078762,7.91670540771052,8.11527578277373,0,0,3.75583692223882,8.28977551904609,0,4.07668962698338,9.6747094066672,0,0,6.13640869082674,0,4.45550941143368
5.74210534897536,5.49441854675036,0,0,5.84690109591663,8.82554956996535,8.06699532671666,6.91385662784011,0,4.66041566021407,4.47631356386309,7.6594873554725,0,0,9.49639862674936,0,0,0,6.5328727207517,0
5.68201391618305,3.85121086603139,0,0,5.45099553418974,8.82828314911048,6.3505540735946,0,0,0,4.9744552866415,7.59070564831512,0,0,9.18548502114466,5.87389086453571,0,5.75684919559289,6.36590327661102,0
5.66739507720381,6.12791667024348,0,0,6.29604060910273,8.85992153203123,7.92553343577207,8.51667505720789,0,7.90136994910026,7.34467383348899,8.17055344035921,0,0,9.47014752366191,5.12622332990952,4.04987007212027,5.04992010775916,0,0
5.72440176185894,5.15750236990581,0,0,6.18109267908437,8.81048052499876,6.60184134493555,7.43065965996333,0,8.99065583138072,5.56386885411182,8.04338392992945,0,0,9.28622676180732,0,0,5.73940698562913,5.58071047706621,0
5.67541729309931,6.17636610616532,0,0,5.03304888893316,9.05258302928596,7.42202695827242,8.881930744989,0,8.21568531482311,0,8.18987730716434,0,0,9.75048787671621,5.51108729743469,0,5.99291349687309,6.75346125554834,0
4.29810139973612,4.27888587575437,0,0,5.35218983201253,0,6.61017100785215,8.37465449743214,0,8.50901383146796,0,7.32745196933703,0,0,10.4334361609288,5.13850066509415,0,5.22515510091905,5.76098162840701,0
4.9578672285576,4.55081959123801,0,0,5.27944031077835,0,6.61884578689231,8.30716574667429,0,0,5.22510130421678,0,0,0,9.50012523201967,6.2263192543502,0,4.50523934736304,5.50203342019615,0
5.46294157838296,5.52982583419387,0,0,6.41232716939615,0,8.53070548776316,7.98250169654827,0,0,5.68524504665774,7.15068577119499,0,0,9.39272859321468,0,0,5.86294912487255,6.54451597958584,0
3.41048742856925,3.73624002547377,0,0,6.18342698093862,0,7.1264650154504,8.29449953888239,0,8.68821784446789,7.03651781868153,7.91352833254609,0,0,8.7799020119021,0,0,6.05427501351866,6.94629306668722,0
0,5.92374764693757,0,0,4.84489549689398,7.55310305440879,9.38537712557291,8.1105413794535,0,0,5.749138176377,7.41767048844677,0,0,8.99534478565493,0,0,6.59025983855637,5.24917964198649,0
0,5.28183223028817,0,0,0,9.05703183744501,9.291699136344,7.96052605194094,0,8.60137807764169,7.46341467929885,8.55715401523542,0,0,10.2074845597018,6.48197521235856,0,6.14382076070048,7.32479975338074,5.68524504665774
4.96717092268217,5.73708829336267,0,0,6.40926986730075,8.65524933191218,9.02113799655261,7.89082202693405,0,0,6.52829411841067,8.38541797010548,0,0,9.48383477371711,6.10588638470624,0,6.50391385199007,6.17434844575811,6.01119364228898
0,0,0,0,0,5.66237002807565,8.48723901102305,7.9949459216102,0,0,6.93531207855301,8.08938431003359,0,0,9.33460016585678,6.22410287998398,0,6.2574185147209,0,0
5.43868781939531,5.48409129039224,0,0,5.90468041702309,9.21843750156364,9.25050294912859,8.3393718932512,0,8.04296304300848,7.52459900215036,8.61625269734118,0,4.71465219660509,9.30427688145456,4.28936294981046,5.31024593741331,6.386424670571,0,0
5.44983601418695,6.16434585127008,0,0,7.11360617039491,9.80731800357989,8.38922117393181,8.330335763093,0,0,8.12599187009702,8.51773904241247,0,0,10.4271326545394,5.53232172519499,0,6.32543365351108,6.34185729933766,0
0,5.22757296202228,0,0,0,9.27755967161398,8.63083789821176,8.44368872942131,0,8.1348106199337,6.36815288044473,8.11936584123445,0,4.10528450226044,9.82092082887917,6.63289729198125,0,4.72472942104573,6.88808304318462,0
4.06508738115498,0,0,0,0,8.01733388386562,8.71929940148863,0,0,0,0,7.91925436729498,0,0,9.68731340838496,0,0,6.48387158534995,0,0
0,0,0,0,0,6.58227441530011,8.83837773592202,7.73117166200554,0,7.91792607762719,4.955122584166,0,0,0,9.32652212626559,6.36588608458468,0,7.35587110846984,0,0
0,0,0,0,0,7.35314597996262,8.06031267620191,0,0,8.47612533334068,5.89577929697357,7.44547012541339,0,0,9.28962279070331,6.0777798485599,0,6.95657401417199,6.25296305229866,5.01655109452556
0,0,0,0,6.5028799968924,7.80506296760933,9.15241248569765,5.29986616653789,0,8.70596225165035,6.65703495989769,8.34145074473671,0,0,8.77553244330075,0,0,6.68855394690055,0,0
0,5.4739079880027,0,0,5.52230056525969,7.94063010584825,9.08043212212149,8.02012910845564,0,7.91909070087587,0,7.87296949947096,0,0,9.71971494347486,0,0,6.5797094403408,5.99965590613427,0
0,0,0,0,4.88060253601096,8.89669754985466,8.3247509932671,8.12709736843756,0,0,7.16100117411279,8.82455876642207,0,0,10.2204638291197,5.90604281505399,0,6.10610933026386,4.7738153119658,6.09854608096404
0,4.87527365616558,0,0,5.42031373585729,6.39292163381861,8.08873679763995,8.29835784643956,0,0,7.30033776125929,8.67668444211677,0,4.38900224841031,10.0405502029245,0,0,4.31628739295979,7.66587526136614,0
0,0,0,0,0,0,8.04122621671762,7.65881281282692,0,8.03970240321713,0,0,0,0,9.82278712861467,6.54914990152646,0,5.91239428312444,6.81981983881397,0
5.60738170036985,4.81389021663658,3.33719205168624,2.97960289162411,5.13691546000659,8.38546360313833,7.9707300272591,7.9367995307874,0,8.30183674177209,7.59802331879124,8.64749487413807,0,4.01944140219542,9.41782597493368,6.1161569910653,4.81713144789973,6.45927828028068,6.16059532011432,0
4.76737406586295,4.66889587686864,0,0,0,0,8.11384883292805,7.94583169189576,0,8.92490776757299,6.59493316052325,7.7947407764637,0,0,9.1242638306188,0,0,6.56953751982246,6.72159436126546,0
5.78588459873683,5.26605240596076,0,0,6.5055598197416,8.57446915390263,8.20934378517095,7.3657116303172,0,8.67983741306462,5.42437716620877,6.74622409679545,0,0,9.58865351242465,4.80336509193834,0,4.34989076464381,5.17099522797269,0
5.69130495314509,6.22039134317792,0,3.90660837272665,7.06228588662768,9.98511362141607,7.87608043054263,8.78737756817491,0,0,5.07404818194632,7.70866658421596,0,0,9.67653048901869,4.53098528779871,0,0,0,0
4.03530202158832,0,0,0,5.53587651209656,6.87129874197152,8.58505181989272,8.30884465215628,0,7.95162975121091,6.76665243800414,7.73534593609157,0,0,10.106334514575,4.83174783403658,0,6.15909538849193,0,0
4.39642251495761,4.53227686046777,0,0,7.22159474436811,7.15743169979432,7.7176716480958,0,0,7.85894972686417,7.14063527689177,8.04855822512391,0,4.59025957325234,9.24952262285134,5.65038169792909,4.21405167158685,6.51403097707699,0,5.09577269406505
5.83982737244502,5.13297091396004,0,0,7.32113564528678,8.83183895414465,8.15467262363339,7.62646786187236,0,8.04265127972749,8.17355574588657,7.9279554742468,0,0,9.03717675296699,5.3948086667368,0,6.35817150173231,6.28945579691091,0
0,0,0,0,5.68497335366915,7.9081003534593,8.03734930525897,7.93494675108863,0,8.39573491031156,5.07692228576794,8.10233510710394,0,0,9.76139389382208,6.29548737914781,0,5.90895212553352,6.33391885540674,0
5.19844178112078,0,0,0,7.26772080301894,8.64526445462765,8.49293123607972,8.39297373638202,0,8.70954923393808,7.52920772702798,8.90881762441908,0,0,9.41446418945314,0,0,5.06802331120499,0,0
5.11847273962897,5.02295904378509,0,0,6.09818663540494,7.82509346208766,8.405217510386,7.50010374525069,0,0,5.63963498816573,8.05415723148609,0,0,9.66105923981005,6.1217469173709,0,6.80400457798821,0,0
4.85249890409066,5.00340924900452,0,0,5.57651712361032,8.27462469147628,8.27405099359534,8.4361501502426,0,8.16827664455906,6.24344819585535,8.30543705666458,0,0,0,5.09662948726312,0,6.34702136617802,7.16682180418747,0
0,4.91610481025002,0,0,5.44457987352629,8.55109980974575,8.20020039261621,8.37493583809141,0,7.88538567108946,4.87443367291585,8.45427682054788,0,0,9.67211019629482,6.418283366541,0,5.5984960303291,0,0
0,0,0,0,0,8.14871168059801,8.31085021673035,8.06362023630733,0,0,0,8.04126162662757,0,0,10.649943245567,0,0,0,0,0
0,0,0,0,0,0,7.82445392764692,7.86526472667225,0,8.44053674388677,5.96729992010868,8.09402734549371,0,0,8.01933644042855,0,0,7.18330910063393,0,0
0,0,0,0,0,0,7.38049266809893,7.44807756713683,0,8.31176921700143,4.97431703142214,7.79262964441013,0,4.4499189007168,9.26549121644103,5.00656033605423,0,6.10213344832328,0,0
5.37906751623315,6.14729239113732,0,0,6.06152684655295,8.12595933693167,6.93386152606662,8.54757883619528,4.32915314506681,0,7.66646545572584,8.31242968738346,0,4.05126307251965,9.55811986847654,5.3331051920337,0,5.25117334673922,6.09248566116671,5.78210061920214
6.12154938217059,6.24891290211418,0,0,4.82751341713153,9.23041747140536,7.17285426223366,8.34593738277018,0,8.78941486543584,7.8635013118763,7.96214047680853,0,0,9.45639543847293,5.9789617113842,0,5.48068058914063,6.96612795530691,0
6.22128575317543,5.72361778115697,0,0,5.89583431609273,8.956308397366,7.58909806096711,8.42307589983776,0,8.80192391291324,7.34183375873438,8.30787118101429,0,0,9.52013123401594,0,0,5.98803366836852,0,0
6.46404298369047,5.35057769320912,0,0,6.9198024198928,8.57475241381059,6.93593448924744,7.31551109474835,0,0,5.66365468356542,7.20032787331333,0,0,9.64114178789751,0,0,4.5973396068729,5.74964773052815,0
6.58172038331829,6.26242636187767,0,5.26713624906446,6.47946156993395,8.73178992249531,8.08056863070897,7.81917818217939,0,8.30105504485448,6.53767661954423,8.2309287802743,4.83604378336421,0,9.38810154601381,5.39526257260452,0,0,0,5.53969368612331
0,0,0,0,0,0,7.33252615894811,7.83082299513532,0,8.46500475967065,4.0849674004095,7.62584869850315,0,0,9.23706019667556,0,0,0,0,0
6.57528502374022,6.21929708790832,0,4.61561544384963,6.25762927297239,8.67330252326026,8.12911308461791,8.01170330723977,0,8.58812498198413,7.47929963778283,8.65882468943048,0,0,8.75817508914831,4.27416298879794,0,0,4.56017282005736,6.20949504903537
6.16722294676026,6.1525837474418,3.83319622488218,5.20131074860589,5.78058918289597,8.27891823563669,7.36830814007248,8.45695899337452,0,8.37478134113435,6.55383368395422,8.40366608642535,0,4.62015731579634,9.60702706227277,5.64900944880891,0,0,0,4.46418249268711
5.88248638453824,5.93534382996865,0,0,6.59879509123694,7.37915168785987,7.58430548863471,8.44609023812884,0,8.19478439934512,5.78173068270369,8.07626980331801,0,0,9.71748924476973,4.72099575149368,0,0,0,0
5.27392220971331,5.94476594409874,0,0,6.20378979098631,8.43449613072925,9.1402719222623,8.61685570424514,5.64346613864815,7.46149095575615,7.46340894234397,8.21992128312515,0,0,9.48180921751977,6.03569672035345,0,0,6.57349858623005,0
0,0,0,0,6.25070856404691,6.94306450608437,7.96617731798163,0,0,8.65338529121798,0,7.41051042386554,0,0,9.47593019795315,5.5845483867325,0,7.545590575111,5.63806993129082,0
0,0,0,0,5.93542315622436,6.8958446279563,6.65997317611623,8.19469328556189,0,7.9710477693588,5.52238049492163,8.46018464869799,0,4.96445172979177,9.92744330834836,5.64137501452758,0,0,7.19767484637411,0
0,0,0,0,0,0,7.42870745569703,6.02107189186064,0,0,0,6.96881274828305,0,0,8.87293289815697,6.06645605739833,0,6.29984957673146,0,0
0,0,0,0,0,7.9281969953261,8.08315575434173,5.90208673595677,4.40476612164337,0,6.7082550094154,7.73054379569848,4.21965475318755,0,9.28776426894099,6.2709884318583,0,7.16149010905926,6.9545434404809,7.44562197505917
0,0,0,0,0,6.64393295205802,8.09594010650746,7.21042694405068,0,8.61262154605582,0,0,0,0,9.52068861492688,0,0,6.55374820169173,0,0
0,0,0,0,4.92384207512662,8.266362360469,8.26953663638102,8.18971637442001,0,8.71840355941079,6.17021724308738,8.33365970052674,0,0,9.38463815757522,0,0,0,5.6850752471905,0
0,0,0,0,4.74074948022991,8.49130906926019,7.97595646897393,7.57022673377362,0,7.74408030021841,5.05056088696857,8.062832963631,0,0,9.51784713030438,6.31490581973756,0,0,0,0
0,0,0,0,0,7.87297330847965,8.23851578829923,8.25054958360617,0,8.52133659564911,5.30489568190816,7.81931885544185,0,0,9.98867393189685,0,0,0,0,0
0,0,0,0,5.51346906793269,0,7.79503729728823,7.54219225406075,0,0,5.43834014446786,7.4414083623875,0,0,9.00440171402204,4.30108769216853,0,0,4.88884423704233,0
4.53699840588476,0,0,0,5.26320818943447,0,7.04981024254754,6.29441693259561,0,8.58644123034521,6.19546605289383,7.58595124508887,0,0,8.8807370899775,0,0,6.13161771729139,5.18419636744334,5.7789517881498
6.11668651186136,5.21068761658706,0,0,6.30047381939852,8.56717122122242,8.40082115982525,8.16162049692019,0,0,0,7.21570310676387,0,0,9.68284711581504,5.92695269228153,0,0,6.87883097540374,0
5.48238739387611,5.98602477835762,0,0,5.13409109802317,7.85277339960824,7.63218307957511,8.56487988984837,0,0,8.25485652656787,8.43966182767709,0,0,9.96928465632618,6.25584600643844,0,5.68170726700434,0,0
5.2308946902306,4.21272001495742,0,0,6.06129373545115,8.23765916661451,8.71948076085107,7.07225225086354,0,0,6.76966493870139,7.84684414713227,0,0,9.55035632222076,5.72335631761331,0,6.83610889002962,6.591522828991,0
0,0,0,0,5.46120122944952,7.43839529468099,8.24888751164472,7.70647345304789,0,8.00434886477333,4.58036506706912,7.88991989000636,0,4.41497773481357,9.58264158730591,6.07479415469499,0,6.41890312713754,0,5.1469129123888
0,0,0,0,6.83684986546636,8.25867631624564,7.70416728076555,6.75941767046917,4.56038200319796,8.24317467925343,7.56089783921384,7.80094932409855,0,0,8.79761799347008,5.65553716202821,4.64650404948107,6.78853245733116,0,0
0,0,0,0,5.46675126805672,7.50312423662338,0,8.45700359996037,0,0,6.54046707021234,7.03581422504817,0,0,9.69713966113932,6.06047741839494,0,0,0,0
5.3245697376921,5.57333204527214,0,0,6.18567350132408,9.59475887937398,8.52063725381879,7.04230365430441,0,8.20884027487713,5.82953367996176,8.57980924078861,0,0,10.3609218932008,6.63433107827706,0,5.59459984921899,0,0
5.76531648677347,5.66856971890046,0,0,0,8.6757922482417,7.39050853521493,8.02759728075008,0,0,7.88128797676123,7.94902796092527,4.47960696301275,4.74762415378302,9.1639183515396,6.11803111656286,0,6.71199583688069,0,6.20782514612536
4.39148179344464,0,0,0,5.48375905067823,8.00618088355919,6.87653289375343,7.40246981333386,0,7.95168960435947,6.61457813624838,7.90303092849793,0,0,9.42562109209293,6.25404032766591,0,5.17558460116574,6.55760188060504,0
5.56631955417047,0,0,0,0,8.25364162238155,8.43405503110203,7.54381345505795,0,9.03916407538722,7.1430487205422,8.64225632936991,0,0,8.82046461600806,0,0,6.0399689561676,0,0
0,0,0,0,0,7.39797811540927,8.97794919285518,7.71904098755912,0,8.74551690250532,8.12684327111692,9.28676423181924,0,0,8.90426212271289,0,6.31698416503906,7.92107471315458,0,0
3.42686512841073,0,0,0,4.72844920214826,4.01457959375324,6.6435944015717,0,0,0,4.94299864538044,7.62891151786129,0,0,9.83962080570766,6.85286605329211,0,6.27064810930486,7.15420902437178,0
6.18338571319348,5.19128879378951,0,0,5.19006378110778,8.67740205476459,4.33729074083249,7.70183769808861,0,6.44792373817776,0,7.90736089756946,0,0,7.64013278803375,0,0,0,0,0
0,0,0,0,0,5.87566080136434,7.07248975234904,0,0,7.99121331987857,8.01145129027371,8.5002626756562,0,0,9.61653188285663,0,0,7.5985547057236,4.88703537311831,0
0,0,0,0,5.88022567661605,7.84744608115659,8.30221372309861,8.15290361532658,0,0,0,8.53909361679456,0,0,10.2156012279085,0,0,6.34588194470549,5.71327065252851,0
0,0,0,0,6.47577164231316,8.7913461568278,7.8155016112185,8.13616993275268,0,0,7.82167520271029,8.46174390442185,0,0,9.8847174919594,5.75520409414307,0,6.69406688643868,5.46945157770141,0
4.51019994839686,5.54212591830583,0,0,5.75757597425759,8.48097931320055,8.04423480116049,8.12088899374003,0,8.6124506425577,6.45264814397249,8.77255608027701,0,4.84000512589189,9.40727956859352,5.44362909770809,0,5.2025770942672,0,5.86686457887465
6.40108766536481,6.70969450803539,0,4.65434122999454,5.51463769251412,8.96196362448262,7.92088592910482,9.07760865952222,0,0,0,8.48820300748066,0,0,10.0169367662936,5.82257241062569,0,0,5.72172061978721,0
4.03388659318499,0,0,0,5.46742702936976,0,7.68839122256487,8.30439840642073,0,0,0,7.67456175962897,0,0,9.90346755233613,6.47993719419975,0,0,5.81332423670725,0
0,0,0,0,0,7.48894243718849,6.63446251541086,5.87933114716273,0,9.0785468968692,4.24448722065182,8.28851686247679,0,4.35504076958889,9.92413296184666,7.40364592917972,0,6.23158320262815,0,0
0,5.45711437829503,0,0,5.64282863198586,8.05472906852813,7.25320849418383,8.34902539589821,0,0,6.4362945887384,8.16208844264702,0,0,9.34889288763743,6.80656383841867,0,6.63720560527066,6.72533371718785,0
0,0,0,0,5.40474731016388,7.09371188762914,8.05412545317161,8.51964019505929,0,0,7.25778519353542,8.67905010182773,0,5.20389679092854,9.275959558984,0,0,7.00479124149373,0,5.50533153593236
5.1496433291663,5.96115996684313,0,0,6.16190328199016,8.45225352316325,8.36304384492142,7.60892519119479,0,5.07041249813212,5.96973005496198,8.2884766397434,0,0,9.86263430752758,6.37248326231122,0,5.61283609295338,6.10132741196323,0
4.68018488979354,5.52684639013858,0,0,0,7.89717378849057,7.83801203040434,8.68619645212401,0,0,5.99724779186371,8.36536747343606,0,0,9.8509882680769,5.26253473640826,0,5.88282086999124,0,0
4.71348632947155,5.17586720679147,0,0,5.0589173927143,7.44985861516626,7.22776416385833,9.08458665466747,0,8.07563240215191,4.52135369989498,8.50660533738835,0,4.45271806279641,0,5.34677414181623,0,0,0,0
0,0,0,0,0,8.12360823402878,9.38640908710437,7.00590687268929,0,9.77242168942283,0,8.7510313509959,0,0,9.66407487375572,0,0,6.967532483018,0,0
0,0,0,0,0,6.61112663840545,7.25095483635278,6.91356835029643,0,6.57151301591498,8.03194109293608,7.45971900730034,0,0,9.18126680199042,6.8012274155723,3.32034879379883,6.80476971866171,0,0
0,0,0,0,0,7.98612404317319,8.00674416339583,7.44085107139386,0,8.34070896421486,4.97133991148861,8.14425819498969,0,0,9.91419502242975,6.43653490980851,0,6.74717564430659,0,6.01006547225712
0,0,0,0,0,0,7.27878075964333,0,0,8.67898035323734,6.79292787115139,7.95108386602694,0,0,9.0243504951158,0,0,5.74037152288682,0,0
3.85883317691403,0,0,0,0,0,7.7406904885335,6.96310483560362,0,8.47871012613386,0,8.06146478460859,0,5.47926297716206,9.86947564994442,5.23281838431534,0,5.70184727002169,0,0
5.34729798876966,5.43214871418156,0,3.89365534806996,5.27836972873834,7.42826783257766,8.44390611300626,7.76693794868985,0,8.51530340689777,6.90475076996184,8.26611302140901,0,0,10.2226355880241,5.06997281344176,0,6.78112572804397,7.41743624788063,0
5.95168367709614,6.19546605289383,0,0,0,7.98344006300654,7.93072046292148,8.60109858315712,0,8.99623584531264,8.00537707727657,9.02118511857509,0,0,9.33085744452302,6.29219857105438,0,6.73621934765001,4.89529926208292,5.15513959687171
5.34171204886723,5.65955189974279,0,4.15151223527844,0,6.84237373593476,7.03540063281781,7.272460890617,0,0,7.32711671761572,7.71344958951427,0,0,8.76260065231031,5.13579843705026,0,6.45945051724786,5.25347689207488,5.63550363390291
0,4.94192809608646,0,0,6.49366306417345,8.84006333761917,8.43888348123473,8.35368318272639,0,7.55714386576515,7.6798846050183,7.80590240662,4.62045280951925,0,9.91378930678138,5.74027511101523,0,6.18608515948895,0,6.42797602362147
6.72385647899383,6.31124467090597,0,0,0,9.58904389531303,8.05561477021886,8.82257715675421,0,9.13358998865014,0,8.89032379525041,0,0,9.71770601691295,0,0,0,0,0
0,4.93000352407067,0,0,6.26896369915974,0,5.8010906571232,7.57443013921097,0,8.70180379301366,6.79928994837083,7.75466592155305,0,0,9.11571755588329,0,0,0,0,0
5.75501410047562,5.18088426965594,0,0,5.78662126963174,9.06436617343306,8.18139312883543,7.6553480302818,0,8.71843790391726,7.76309783670244,8.03192809617552,0,0,9.19586003612618,0,0,6.27259394762085,0,0
7.14976768843244,6.90826514897634,0,5.30623593179233,0,9.16394034914187,8.20222213872679,6.73901704967045,0,9.62073995219386,6.93602198469045,8.83578654915016,0,0,8.98485533151457,0,0,0,0,0
0,0,0,0,0,6.52016446955078,7.71675474360772,7.40091375369436,0,8.73447479503773,0,8.38758779625395,0,0,8.02961849109956,0,0,0,0,0
6.34544335974894,6.45310517877025,0,0,6.49167907176153,8.5678520846139,8.12382462425531,7.89270976152226,0,0,5.61093592428985,9.06475027887704,0,4.2948334229715,9.48688818801143,0,0,7.34671318857234,0,0
6.7864460335492,6.63359471090167,0,5.13001705111634,7.11607753553671,9.05176307578995,7.36167398669172,8.3010401494574,0,7.93213599811509,7.6754810352303,8.64869853298474,0,4.48739965025358,9.51133345848764,5.90596112349404,5.69319327310193,0,5.78151482319655,0
5.10758050015273,5.7803422007083,0,0,5.80829262885919,8.61933814268385,7.64771924931699,8.10937231065335,0,7.88279782123213,7.80955755828788,8.12938429104598,0,0,9.68496455998014,6.20368869817291,0,6.63855470007562,0,5.90014389853025
5.24681352368092,5.09650713317022,0,3.2088254890147,0,8.07879365002949,8.14351740579748,9.01404686042937,0,8.25459389933192,6.52699253951431,7.55032469857311,4.78172514788771,0,10.5313279168954,5.5721920542686,4.42076646298981,7.3372233310196,0,0
4.01041932728434,4.0523065508752,0,0,0,0,7.63507680733885,7.44077478635772,0,0,6.05933345384981,8.25367285895959,0,4.4283136686252,9.41390958993317,5.65899429186607,4.85351353832404,7.0289724113728,0,0
4.45690216931899,5.60108507641786,3.59758619566755,0,6.09379547820544,8.57075670690068,7.54912483736044,7.9040505639558,0,7.47648936856209,5.61433176126685,7.75974639451203,0,4.53012331166518,9.89169327265342,6.97914527506881,4.67944243036268,6.77707695534002,6.9954639128317,0
4.07448193312585,4.22215126670976,0,0,5.32042126545496,7.8953689655896,6.75715329507862,8.00430210271205,0,0,6.59631315896602,8.41241694948172,6.95561167399148,0,9.9618932437577,5.61931331802975,0,4.93425808249849,0,0
5.28106947313848,6.08766069796039,0,4.46049117461865,7.00048941636372,7.40318905365208,8.57038128952886,7.87509267483306,0,8.47544368355511,7.4794972467154,0,4.58914242491089,4.13915857801189,9.28324690840924,6.54399817277374,0,7.61828058147153,5.62040086571715,6.22015269867754
5.75368313310966,6.5620344052631,5.64971340153236,7.53851628710599,7.54080207528912,8.74177730462274,8.23610268014718,8.66903148545334,0,8.3193274472863,0,8.73217875666727,0,0,9.14198765269094,0,0,5.51560379837785,0,0
0,6.06569036945995,0,0,6.25716937950627,8.18618042473132,8.00469283273093,7.77837477776071,0,8.22032236470487,6.60455339487232,7.81315896141923,0,0,9.01340413916446,5.65553716202821,0,4.7977720521896,7.10188188122585,0
0,0,0,0,0,0,6.49966673266726,7.65006398332043,0,7.56073129485281,5.94143361350242,0,0,5.70531463363428,8.38595630724983,0,0,0,0,0
4.20588593695501,4.81616018112973,0,0,4.80295490283541,7.57504091401573,8.01739652449798,7.69439280262942,0,0,6.33432703678692,8.11179908078769,0,4.85988992073704,10.1600155885366,6.26406470713478,0,6.08187638596823,0,0
5.12652023321029,4.78306529382913,0,0,6.03725020225712,8.47911326731562,0,0,0,0,0,6.94272659159283,0,0,9.74198575264543,0,0,0,4.85802786728569,0
0,0,0,0,0,0,0,0,0,7.3877711183546,0,7.63340353100299,0,0,0,0,0,5.19899414525325,0,0
6.82330788490452,0,0,0,0,9.40622782778352,0,0,0,0,0,0,0,0,0,0,0,0,0,0
0,0,5.31093739790414,5.79206803952356,0,8.23260233622549,0,8.32633772417195,0,0,6.40577376387004,6.85684086018059,0,0,9.22196257180397,0,0,0,0,0
4.23280130536912,0,0,0,5.9412759055247,5.48172167029323,7.36117210462347,0,0,8.26113897664477,0,7.32363925502751,0,0,9.21717694923517,4.94883080984914,0,4.96758860455389,0,0
6.39609597446757,6.14276832119915,0,0,7.06258572771415,9.44113458222091,8.67215554174985,8.70635298077904,0,0,8.36300651094096,8.32603026464464,0,0,9.28760692199528,4.99111262760739,0,6.15394472585496,0,5.72531562986862
0,0,0,0,0,5.25869257176477,6.24546702600817,8.24264844515658,0,7.61252465936987,0,0,0,0,8.73577113619233,0,0,0,0,0
0,0,0,0,0,6.92613532626357,8.00048362449127,0,0,8.33868834172041,5.0166173657738,7.31201966651378,0,0,8.89250007766681,4.65376985582415,0,0,0,0
0,0,0,0,0,6.88189373345579,9.50891787308992,6.48391742081592,0,7.01696836395545,0,0,0,4.24147062711239,10.0461236215191,0,0,6.51368994582485,6.97664681200119,0
0,0,0,0,0,8.96711910553261,9.48511955907244,8.34672273213084,0,8.00600416829537,0,9.09801790026644,0,4.64631212931927,9.31519576007856,4.78874096218248,0,7.25240824769354,0,0
6.05429849127935,6.06548144368588,0,0,6.21642644422898,8.71155694898298,7.64403857441922,7.76296178343738,0,8.16684675161413,7.75790193483834,7.93469969295889,4.80402104473326,4.31133589405111,9.9089724827667,6.23531227998048,0,6.31889603907705,0,0
4.25674681824712,4.53388898398313,0,0,4.73048037695354,0,8.29011691707431,7.93544426264635,0,0,6.32312163807142,7.84976054013628,0,0,10.0098410749995,5.96740236075722,0,5.55921902346485,5.84154241436069,0
0,0,0,0,4.8595798191763,7.67959810649042,7.62979113438579,7.22317167479162,0,0,6.08650196244273,7.80039245825607,0,0,9.95159653237123,0,0,0,0,0
0,0,0,0,6.89558147805043,8.08991183002718,7.28224558279087,7.27868415128663,0,8.7720586406859,0,0,0,0,9.28540146119806,6.49413198317251,0,6.47268626761539,7.77140443953069,0
3.63283806323031,5.01568916839893,0,0,0,8.61057423891354,7.89688374803161,7.92519366486114,0,8.83008822885647,8.06759436106614,7.7244908337867,0,0,9.56272813909126,0,0,0,0,0
0,0,0,0,0,7.6540213365392,8.00447911898632,7.12047670816717,0,7.55559646858568,6.13604096821522,7.0843856717808,0,0,10.1734116310037,0,0,0,0,0
0,5.91071533992243,0,0,5.72312748091998,8.43863038814379,9.30321121538079,0,0,0,8.20306309988258,8.33132374831021,0,0,9.85719227355082,6.29981284443642,0,7.10496544826984,0,0
0,0,0,0,0,6.37745797315155,8.43528875179475,6.24222326545517,5.88776931076922,8.58083818848004,0,8.41737727601376,0,0,9.28916079450194,5.85916097183571,0,7.44143182045913,0,0
6.18381893960231,7.07307478320703,5.08394771178519,3.86115067505439,7.54400930463552,10.139389369949,9.12437172388304,7.58443257249244,0,8.46487621535061,8.36186248229486,0,4.77945957108478,0,9.63424116046225,6.50011781301232,5.47692369709451,7.69145588938277,5.23999945722352,7.33633126158739
4.5704752161912,5.81135055185603,0,0,6.45979490221103,8.8582036859776,8.37415388434369,7.50100477320206,0,0,7.96144342079625,0,0,0,9.25277706217344,6.50443786293143,4.69345575085545,7.40794857939093,5.79690845264568,6.82707653574753
3.00617753141553,4.93202489351434,0,0,4.24175831411093,7.90921769665133,8.51117914322745,7.02550275845085,0,0,0,8.32144347914182,0,4.81551214546509,10.2284220561907,6.17601278966281,0,6.5244136323616,6.18528226904036,0
4.5529290741424,5.93692916070996,0,0,6.58065300681429,7.61195614187512,8.01571045331987,7.91866868165318,0,8.83048160522255,7.68034652652757,0,0,0,9.2337443497552,6.92054316432541,0,8.12278077663343,0,4.89185175810629
0,0,0,0,0,0,8.58769638845381,0,0,8.27015133696436,6.87135059708834,7.95291053055011,0,0,9.44149971085344,6.38288143949009,0,7.00122740696733,4.92326021461125,0
0,0,0,0,4.73321153586898,8.22126924786245,8.11303123383846,7.24288375601985,0,0,6.36979823782411,8.36970890837348,0,0,9.4185083470154,5.52254033508181,0,6.8740950774895,5.34219070099201,0
6.91314075125848,7.49498623395053,0,5.62401750618734,8.15952060714269,10.5955191110211,8.40155784781731,8.20549161312024,0,8.53188474015923,7.8373728132263,8.62154419769089,0,0,9.78744799613612,6.56848513185726,0,6.27314112260785,5.56486517546953,6.8904463398595
4.13596623691292,0,0,5.71012895971506,0,0,0,8.41566089432572,0,5.5938559952776,0,7.30166049492135,0,0,9.25815863543166,0,0,0,0,0
0,0,0,0,0,0,5.06506034607433,6.22839265339281,0,7.94622116480222,5.44496856687373,5.76622505083491,0,0,10.2836451090177,3.91002100275747,0,5.19206756670533,0,0
5.18475665432487,4.92834005136943,0,0,2.63834278867739,7.0806576138596,7.17171058476417,0,0,7.68043426749781,4.4087902719431,6.92560502024493,0,0,10.3302084799114,7.23508585768607,0,0,0,0
6.03044484674887,5.44272069492041,0,2.39242579699384,7.01254763326685,8.15296695092466,7.77801044928315,7.90466332264403,0,8.65050305950601,7.38265938127195,7.6118473451666,0,0,9.37954291627698,5.36858941953337,0,6.18214688826681,7.90300505465509,7.96423221104746
4.62849601129159,4.2181832991257,0,0,6.04730125454538,8.53816180535239,7.28538316873909,0,0,8.18203928541521,0,7.54282303346525,0,0,9.83123401370372,6.34296613227272,0,0,0,6.69629323244177
6.12165912876581,5.92286445561573,0,3.28053520525493,7.40077328409816,8.23848407465232,7.80672893202367,8.68879246948192,0,8.63429688526111,6.36131974858102,8.53508811785477,0,0,9.38072429119709,5.3400829157805,0,7.39498468889294,7.1654471061342,0
6.09791696642198,6.36667661204513,0,4.257879641931,7.07236252642531,8.91144364975681,7.96186519773828,8.36082004373588,0,8.13881587394847,7.53615058231239,8.43313744225224,0,0,10.0453516316988,6.91528684539748,3.19458313229916,6.63364732655747,6.94213738184127,7.26723927384048
4.39172941013527,4.47255266137325,0,0,5.73869906655976,8.28938879521983,8.65834894459436,8.30893578953856,0,8.14267718077709,5.6515764831856,7.20340552108309,0,0,9.70819017269971,0,0,0,0,0
0,0,0,0,0,0,6.79583999435364,6.11651003608221,0,7.43497773690947,6.90399823010442,6.87678047468271,0,0,9.3687875230239,6.09244046444798,0,6.34321237271016,0,0
3.23514279733207,4.2159720503438,0,0,4.93835129851109,0,6.95407572925064,7.92261270065328,0,7.8699405581994,0,7.58401567703564,0,4.08058364697206,10.0836526191089,6.67033530274912,0,4.57264699428253,0,0
5.55462486424068,5.5907257523639,0,0,0,8.6826652561147,7.1637222009437,7.95602119321351,0,8.0494781413742,7.39371222465914,7.64540248181796,0,0,9.64168762879845,5.1328529268205,0,0,5.75111125406258,0
4.83150862819882,4.95024814408116,0,0,5.20439122851587,7.51286328181892,8.01042266793956,8.18499341482559,0,7.93866315146244,0,8.08011356953873,0,4.69601586928767,9.52879410309472,6.64990381648903,0,6.08486381136653,0,0
6.4223537075563,6.30955457573114,0,4.86945568063348,0,8.77945283502654,8.05735848299253,7.95087599914555,4.73952623848717,0,7.06061369562545,8.04065948756678,0,0,9.30140518933189,5.84464526015652,0,6.76419663826068,6.4526166166304,6.74596549535759
6.38232350282678,5.69736190685328,0,4.15402756438327,6.4459578862835,8.6794259799796,8.10955271891774,0,0,8.77777124617596,4.96494033483413,8.01303197772123,0,0,9.16320159351848,4.73795129722191,0,6.03758448272154,0,5.45245376055897
3.2240623515555,0,0,0,0,0,7.49308336850759,7.70780428676873,0,8.00762677451641,4.88643169063695,7.96417310394712,0,4.43093583937676,8.73668849596368,4.16293735368771,0,7.08493865791997,0,0
5.70478197498928,0,0,0,0,6.65676508384627,7.69833311681685,8.16118659551176,0,8.5431552418318,5.95420391174654,8.43402242981254,0,0,8.54409993637131,5.38527457540393,0,6.1249021853377,6.05342944682118,0
0,0,0,0,5.94145989574745,4.02998380306171,0,0,0,7.17349077752576,0,7.155552417735,0,0,0,0,0,0,0,0
4.42136753291234,0,0,0,0,0,7.40720241256073,0,0,8.24064095195121,6.71414625777025,5.05439696353513,0,0,9.2424686857277,5.87742761105062,0,5.81030231803387,0,0
6.74310466729874,6.65745890373791,0,5.51893773731781,0,8.4457208199368,8.66320858363089,8.32084005077455,0,8.88930831984285,7.93558022992854,8.61600631963567,0,0,8.94216284318238,0,0,6.82727164077969,5.39335478188279,5.51961922298288
6.51902928687825,6.27617345408035,0,0,6.34772190386932,9.35763905899706,7.76550546584236,6.87135059708834,0,8.80670858231231,7.57811478141142,8.61965230206635,0,0,9.40741095845205,0,0,0,0,0
5.48267850863976,3.43430973311236,0,0,0,8.08192330081587,0,7.03296842068618,0,7.12197109641263,0,6.52073894094243,0,0,9.52903407429933,0,0,0,4.61125165630396,0
3.63679637424371,0,0,0,0,8.01482834081811,8.22826233956393,7.31426650638332,0,8.58032572461583,8.19338917300237,8.34182738718829,0,0,8.78062150496728,0,0,6.68842943095612,5.38788380990708,0
2.93225985059842,3.55334605881874,0,0,5.32120347033474,7.68342209709051,8.75073053959446,8.25927701950077,0,8.41694403492158,7.5160795951018,7.95118602204746,0,0,9.23207250911942,5.68402184647805,0,6.57890392949229,7.35928939194421,0
3.26193531432865,3.72978144543436,0,0,5.10975638496406,7.83617614243451,8.87282078707719,7.95168960435947,0,8.4186339390876,7.55920508198587,8.52794122382288,4.41763506214125,4.98838968514894,9.72451039699256,6.25810810386804,0,6.9943640749469,0,6.31922033418844
2.07065303564676,3.15016862685841,0,0,4.08597631255158,0,7.97941081048458,8.08849425617261,0,0,5.62448671017335,8.55600228140279,0,0,9.64540958874291,6.32042650923003,0,5.93293460491758,7.39982612626448,0
3.7091721573817,4.06902675423781,0,0,0,7.37558153948007,8.07027776643466,7.73179036122119,0,8.7251418833479,7.83310485534464,8.42726191931528,0,0,9.24823328091056,5.45737029640264,0,6.59838640529277,0,0
3.32107133718287,3.72761928242987,0,0,5.18296263018501,7.16799420960376,7.84125311583401,7.34899928655645,0,8.34172013005112,6.87858390168186,8.04886815254906,0,0,9.48693369081744,5.92836499016467,0,6.34102927325157,0,0
0,0,0,0,0,7.18058002595072,8.13094524513514,8.47118904269912,0,0,5.25577514328236,9.29725174396548,0,5.22251565313175,9.63490197577534,5.21705307971707,0,4.08681629580131,6.3565068865502,0
3.88485733735538,5.21477270083769,0,0,5.68476953547427,7.7317421076707,8.68941222244263,8.48899945704546,0,7.85316588183014,5.92305186442181,7.87575761773897,3.61307774069765,0,9.29647219560547,5.84441360439595,0,7.70729644099013,8.12181899833823,0
0,0,0,0,0,7.11915817777332,8.1224959017094,8.7248705554725,0,4.93231332732079,6.23097345250846,9.35132765027707,0,5.71237875388156,9.6082704965965,0,0,0,5.79133537166406,0
0,4.8967944776725,0,0,0,7.89668662124684,7.83585599761565,8.1041383540413,4.18006343762464,8.83987216542892,7.24460601539184,7.85441225401995,0,0,9.610565106614,6.37039743491796,0,6.13943186357131,0,0
0,0,0,0,0,0,7.67974136601453,8.64560399617945,0,8.23893854084733,7.57936723216085,8.78628859699223,0,0,8.98713181854938,0,0,6.09429185690745,0,0
3.90620612010658,3.87763857856632,2.51769647261099,3.36072254909644,5.50719970850998,0,6.91922920105576,7.75415559383869,0,6.58012582942076,6.50205514325715,7.76523823757056,0,0,10.5481060347415,7.49571415127793,0,5.43258598735307,0,0
4.4542310104228,0,0,0,6.44643385011924,7.3452163465,9.24963800524796,7.7616598384202,0,9.17915203276015,0,8.97602969982003,0,5.7027486070659,8.8285131741139,4.54148463430196,0,7.72019102798169,0,0
2.00552585872967,0,0,0,4.30068099521993,0,7.60910373694017,8.45554329418454,0,7.89137189368939,5.17037035221741,8.67606527926313,0,0,9.02693062331617,5.9351058134386,0,6.01827686275914,5.61075302534101,0
4.18995772642505,4.93512120561904,0,3.45600117370283,5.94599635906084,8.95013986489636,7.68567549999117,7.12020182074801,0,8.30510332243506,8.12691123370207,8.1379687653131,0,4.40109369739111,9.54933798856799,5.98978814272704,0,6.17547218167359,0,5.78077437951357
2.99822915375258,3.38574527710323,0,0,0,8.67878469098379,7.62013629765738,7.33144006283308,0,8.71957714568475,6.73888682206793,0,0,0,9.74270828541847,6.44002107264709,0,5.13873529672357,0,0
4.52612697864764,5.44992195067993,0,0,5.31300891529103,8.55887050005107,7.97174506649776,8.38924163110415,0,0,7.54825034764318,8.14212439881512,0,0,9.38196323462967,5.66687641396022,0,0,0,0
5.066826573746,5.08171487577721,0,4.71885595039191,0,8.84008940372281,8.35820918318649,7.51964901922749,0,8.45754509264593,7.57466628126691,8.35216051687178,0,0,9.15606051698985,5.1754149994467,0,0,5.39929328388804,0
5.8452820369299,6.95173388615435,0,4.50623343812807,6.65325005122491,9.20542229805221,8.36381821065665,8.10359711640814,0,7.97005276158959,7.00017036294691,8.02627803226903,0,0,9.45589491056196,0,0,0,0,0
5.00709570379772,4.26605445842146,0,0,6.24074357202682,6.002725899385,7.30585331674473,7.21667277531607,0,7.58029660974906,0,8.10763873330225,0,0,9.55424208442427,7.47721955382951,0,0,0,0
4.43378856923247,4.73803885906252,0,0,6.0036648201893,5.93372949645674,7.79613612839899,7.95738388475727,0,8.17063263842229,6.64729919278395,8.14903542867859,0,0,9.50332336966501,7.28617801597842,0,0,0,0
5.91771035851932,6.01852021913141,0,3.824065726669,5.90868058562906,8.73235618260451,8.5637045706502,8.03789207416906,0,0,7.83567414133696,7.94952910262122,0,0,9.4997359754947,0,0,0,5.62141484422077,0
5.18020927806771,0,0,0,0,4.7539349592532,7.36269603055083,7.85867543090484,0,8.24357706146673,8.07408851947912,0,0,0,8.69904130281927,0,0,0,7.85762004223639,0
0,0,0,0,0,6.78309867438258,8.0780989083276,7.36499023457505,0,8.71511082795974,6.07874255521504,7.88623176641027,0,0,9.55273077593262,6.78020595803516,0,6.32895412320671,6.25916072547125,0
0,0,0,0,6.4211506118789,0,8.62974300205053,0,5.85444135094131,8.23562571996431,7.63006798057521,0,6.22774147681216,0,9.83266801370777,6.81355448358331,0,5.81743848733813,0,0
0,0,0,0,0,0,6.48217419448909,0,0,0,0,7.62676511906781,0,0,9.86080445223239,0,0,6.38267858944629,6.19344574712017,0
0,0,0,0,6.4012204366333,8.67732878301925,8.66518896863154,8.1093332179058,5.79815281901412,8.31200742947581,7.77508683240475,8.36517656620708,0,0,9.83276998032184,5.12711377548793,5.03649795362198,7.02563608763636,0,0
4.95251170874575,5.15097677864933,0,0,5.63539656178974,7.75532595929346,7.84352701781074,8.01922785189836,0,0,5.79487163727646,8.67242614251946,0,0,9.48703227312806,0,0,5.52911157679277,5.39435455474498,0
4.99943952133552,5.26362239675115,0,0,5.80546623934159,8.88140287775479,8.05019623758845,8.19681711377303,0,8.06610395196327,0,8.57157341632734,0,0,9.89622121654408,0,0,0,0,0
0,0,0,0,5.36499422481232,0,7.26814630970965,7.59576930743033,0,8.97778769333175,0,0,0,0,9.56967776844056,5.62412580357206,0,5.89161658713482,0,5.27463923919346
6.11895586012253,6.47352025737786,0,0,6.56347463594892,8.72710559588131,7.20783764896334,8.57782722495309,5.23377884541047,8.77203538979249,8.12823410629981,8.29306915958807,0,0,9.3511105016119,0,0,0,0,5.66535344803642
0,0,0,0,0,0,7.84841076482885,6.94771610280132,0,0,0,6.84133766011242,0,0,9.05949190051904,0,0,5.60237709010836,5.83647601638167,0
2.58173083442354,3.67781850675451,0,0,5.16512877230429,6.81486117810708,8.170010198892,7.27275943849623,0,8.49660673700783,6.61800440136124,8.26212544251738,0,0,9.90833080503104,6.92625313386426,0,6.01679110505399,7.54499326510257,0
0,0,0,0,0,7.87499004425932,0,7.50841429410692,0,8.22503980418547,5.2567659393898,7.33166915715876,0,0,9.45890212623494,5.47340448444656,0,0,0,0
0,0,0,0,4.67758386649714,6.60943010243187,7.45061431052912,5.23084120142312,0,7.89358699876665,6.04360623151093,8.03384978161708,0,0,10.328176689212,7.03166175030206,0,0,0,0
3.90075981314944,5.01269982814514,0,0,6.97279367516136,8.16881232773087,8.46789579862812,8.40102784659219,0,7.71481133364987,6.49438903897772,8.81432893675357,4.53892354016916,4.61274145148441,9.11673164388162,0,6.46174938681035,0,7.37385128339686,0
0,4.90830721299473,0,0,6.2070798320014,8.15217208639857,8.49428273983313,8.10145651086235,4.25802115470276,7.67054978349496,7.18681780968799,8.72521173429738,4.75281402790065,0,9.82356733736008,6.67449825850843,5.45408103053093,6.80389363944805,6.77665521399799,0
0,0,0,0,4.72126290497495,7.63907454615561,7.39894538148896,8.18390268771024,0,8.61760126394707,6.55727539170632,8.74715822343705,0,0,10.1393459268032,6.8796952530141,0,5.85294932725124,5.8206762261277,0
3.70549071991913,4.73092139129365,0,0,6.94346020360291,9.00172699454004,7.98694006998415,8.40898640675288,0,7.62003819785056,7.7214106674301,8.58892763469186,5.20356703000223,5.90055467174814,9.66228822229732,6.12813475848285,4.6712387859578,6.46671998642533,6.66226386400402,5.81481686340983
4.05837190176328,4.76924290772525,0,0,4.85382552647102,7.22255871952546,8.2524382716081,7.55739979189269,0,7.67770608088096,6.96875630053954,8.35421533309733,0,3.3178157727231,9.33202689023278,7.48957976089782,0,6.96274523229896,0,0
4.4672864786247,5.27063779744129,0,0,6.41909876123719,8.42264731945425,8.34698358788146,7.7263449752326,0,7.84162656332868,0,7.78403202314393,0,0,9.5794388235673,5.32714774821591,0,6.91055136628414,0,0
0,0,0,0,5.51500009160001,8.61209601553523,8.36883470440569,8.62285506166221,0,8.54197555607633,6.95866700058005,8.21356058282933,0,0,9.54309857725651,5.88788023085141,0,6.57857042477149,0,0
0,4.29769348620813,0,0,5.74056431874873,7.43768917138606,7.37288454781161,7.94733563516387,0,9.01569438037316,7.39020611927963,8.66716371799253,0,0,9.45115879833031,5.37277527746605,0,5.31767872002666,0,0
4.15841422346205,0,0,0,7.27152996003609,7.48171343594772,0,5.09742442416865,0,7.34650686075539,0,7.15779778760496,0,0,9.59958124270732,6.44444917118412,0,0,0,0
3.17471492908243,4.02141538219934,0,0,5.498110404254,6.83603368792393,8.20772620824206,8.19891169546437,0,7.9815077744193,6.19058176381934,8.46506797212774,5.01814039358203,3.88176996225713,9.74154492753125,6.01825252386436,0,0,0,0
4.18677180246803,0,0,0,5.87658666241105,6.85466036264796,7.99071571396202,8.30187891121636,0,8.03002549880088,6.13802938418982,8.72741845986178,4.52742483736324,0,9.57196504576583,4.42711949604478,0,6.72277418876228,0,0
4.46349140765615,5.15057113439377,0,0,5.70823919537314,8.46266942149904,7.49566971349915,7.8320022756727,0,8.52147003267848,7.30592718959616,0,0,0,9.51206587226756,5.37328568278534,0,0,0,0
6.51262161721222,6.54310576537375,4.1172469554394,5.04045296250544,6.65355956091246,8.66946267433019,8.49517863961774,7.67514220872712,4.20289996877645,0,7.75171614923435,8.42646071790819,0,0,9.56548013813228,4.96807567967746,0,5.44846002497776,0,0
4.47380786779126,4.85981240436167,0,0,5.498110404254,0,7.57781805309471,7.75166884768048,0,0,6.38961966891678,8.25575050216782,0,0,9.32532839410777,5.97880981264973,0,6.53323635976399,4.88974744348639,0
0,0,0,0,0,6.65852439290461,8.98704055845367,0,0,0,0,0,0,0,9.69432703138594,7.43938890683659,0,5.53437714312879,0,0
0,0,0,0,5.88754743368821,8.52442696447812,7.77191025643576,7.60804191288486,0,7.75513742153178,7.30488575030024,7.57648680859429,0,0,9.45294923880139,4.64063385026366,0,6.87646067110128,5.97312235286012,0
0,0,0,0,4.14313472639153,6.37389982610146,9.15151350822391,7.99718890565074,0,7.97514862146534,5.79203752241109,8.14406360940554,0,0,9.45414108732681,5.98998845822462,0,6.67763746393059,6.57175093288308,0
0,0,0,0,6.20040774902105,8.40160050519216,8.01766023149467,7.8605669289944,0,7.99532347218792,6.81129944316451,8.01065171092263,0,4.00715135051972,9.09980761441792,0,0,7.06368152441656,6.17711389399461,0
0,0,0,0,0,6.23588023369773,8.50037658152939,8.30337106036109,0,7.90690444296221,6.3194904998016,8.53741729850478,0,0,9.22866151025237,6.00361542527697,0,6.72091954862086,7.51980628049572,0
0,0,0,0,5.61658926295382,7.73795639073642,7.96025381868422,7.59019028856241,0,8.6901931030261,7.02158383933079,0,0,0,9.52798650434735,7.42725120679563,0,0,0,5.5529983438604
0,0,0,0,5.27821669484103,7.86191196057803,7.77920344465894,7.88411706771921,0,8.43150893341451,7.1510700171171,7.97350340873106,0,4.05646960979317,9.34914533485336,5.76841474139952,0,6.05197151494464,0,0
0,4.51928544683092,0,0,5.79581456010269,8.45567304373619,7.50462280995375,7.62582919106594,0,8.11797751486802,7.07422688634603,8.17732479436515,4.04987007212027,0,10.1531834494793,6.86105143692839,0,7.03686064116877,6.03167035182229,5.48662099501954
4.57161340245925,5.18721819402932,0,0,0,6.6265058062609,8.52624807196847,8.2969379648732,0,0,0,8.39737759149994,0,0,10.1166656128823,5.3043988368639,0,6.20006282698016,0,0
5.62812458405046,4.87778938076283,0,0,5.90492578569074,7.91685852864354,7.85559118846194,7.071454511648,0,8.79189184284389,7.14733894794289,8.35119763722106,0,0,9.49578995427525,5.94416327398997,0,7.39815572170557,0,0
0,0,0,0,0,7.51286328181892,8.03096261450563,8.57189536895385,0,0,5.80456251593992,9.17418455721972,0,0,9.90278730742173,0,0,0,0,0
0,4.10726078748865,0,0,5.73411767445227,6.98426251345989,8.14775138248473,7.58373595462017,0,4.36386266404621,5.18816762304705,7.77603154575453,0,0,0,6.93126670644306,0,5.50431475902728,5.69920534891309,0
0,0,0,0,0,0,7.47613823700874,8.86931940555199,0,0,0,8.25854939740748,0,0,9.78727390973829,0,0,0,0,0
2.44927947214485,0,0,0,0,6.83097142214794,8.35326856851191,7.04194520472612,0,0,7.042810509975,8.75284696258696,0,0,10.2216466948131,0,0,6.09031391115015,7.5489668536535,0
3.2422016501717,4.61581334608657,0,0,5.59901437607731,7.81672326487644,7.57620497193983,7.49359560655357,0,0,5.40636427063117,0,0,0,10.3320863351446,7.44980046109284,0,6.46373123869535,4.6423696269772,4.68693448779073
4.17730608293645,5.29736691501204,0,0,6.04737217904628,8.37226452447772,8.04451077742829,7.40459556218143,0,0,7.60210174011756,7.66180468988053,0,0,9.67929344958574,6.42808911746525,3.44871689763013,6.2042546863427,0,6.56889218654155
0,0,0,0,0,0,8.18271576383982,8.23100866375098,0,8.61364453802379,4.93014804318357,9.03626551746616,0,4.26253902205129,9.08670159991162,6.2925686398914,0,7.38687349390371,5.13167228913909,0
5.19606313250928,4.92761593837616,0,0,5.90889782345102,7.8383157126525,9.0605297604128,6.96240443615802,0,9.03334779093528,0,6.83980828894189,0,0,9.98183651894711,0,0,0,0,0
0,3.7367167835281,0,0,5.76966384376971,8.52749791491046,7.85196852364983,7.83939560082744,0,8.6754423182668,7.57722433218751,7.52301659088479,0,0,9.79932631745378,7.08779924403203,0,6.21212501812839,0,0
0,4.60266705576997,0,0,4.75514071256439,0,8.0085851070912,8.63069686141253,0,0,4.19690115054719,8.30578056297773,0,0,10.2578839024501,5.78852182810953,0,5.63471817204668,6.81676873876269,0
4.18813844150846,4.82607122474952,0,0,0,0,7.86624305955608,8.2078406683719,0,8.25718075922191,5.2262841636482,8.07439374982138,0,0,10.4436204906125,6.3944432332962,0,5.82915147877229,5.44540027124928,0
5.27412712774682,5.63496815865584,0,0,5.60016118640591,7.99679859740321,7.96542056531684,7.69004365020088,0,7.78506814821244,7.17074242634087,8.3918294950194,0,0,9.45587144216802,5.71323763342696,0,4.23526525327848,0,0
5.06651140465517,5.26739413389453,0,0,5.24243460930036,8.85044453223138,8.27340806098416,8.27658552635038,0,8.99113032428313,8.16856577905681,9.15019326113323,0,0,9.31553787434807,0,0,6.57687338722414,0,0
0,0,0,0,0,7.70730093633183,8.14017850453197,6.08032213546678,0,8.47373439024148,0,7.86323980057022,0,0,9.43337991788202,0,0,0,0,0
5.71218044610724,4.81624115606803,0,0,5.18492467919295,7.80101072414237,7.08246460277395,7.45507289633015,0,9.1068192746618,7.94636983263255,7.84739919022099,0,0,9.3538431348365,4.25206030821386,0,5.81663485607232,0,6.18853102791207
0,4.47960696301275,0,0,6.68820526317806,7.08969342895175,8.43482411317319,7.80859932266727,0,8.34131721715234,7.89282552625112,7.73999896317068,0,0,9.51180699939858,5.6511198220729,0,6.75685099058594,0,6.54774621159734
0,0,0,0,0,9.01444105314848,8.16120943712233,8.4496892109807,0,8.89577619173783,7.71051442496636,8.70600696144652,0,0,9.66334406770771,6.33933585249056,0,6.49574882283055,0,5.41498867335173
0,0,0,0,6.10659963560018,7.65184269161047,8.00006776550172,7.71256457832682,0,8.73209648486863,7.37727754238993,7.99311007415832,0,0,8.74160154253385,6.45414454894256,0,0,7.10807227553657,0
3.04547436544881,0,0,0,0,7.34466737322767,7.93615252104002,4.55985896327809,0,8.26094001614811,0,0,0,0,10.3160474331202,6.10016198902937,0,5.86374480550561,0,0
4.2284382967028,6.80892892467524,0,0,6.79589591369559,9.20086058040204,8.28161515128184,7.68033729018812,0,8.14565113475263,6.52004658846319,8.31304066362715,0,5.2704321630585,9.34178083012,0,0,0,0,5.89376902463453
0,4.52287494326126,0,0,5.71784973186764,0,7.69430172380063,7.87452997782674,0,7.85966022841546,5.90063680614744,7.93660654406714,4.46705688385846,0,9.52561086013036,7.00447355785857,0,7.08426833236803,7.38806189966127,0
4.53033887536509,0,0,0,0,7.61882096004443,8.34998564043226,0,0,8.63759147100576,4.99991133073328,7.25951717363522,0,0,8.76641921828196,0,0,0,0,0
3.74761994913654,3.40850395684459,0,0,5.71564516719871,7.5623071507827,7.61133782126361,7.933832716467,0,8.41866704593332,7.5998519079059,7.82788662624223,0,4.57471097850338,10.5568590659843,7.23615214020784,0,3.99801719859501,0,0
5.6320000015605,5.81824147329929,0,0,6.48458943305961,8.19802045187309,7.06821458891896,8.54452232532774,0,9.77945943186722,8.38553661165982,8.52183042281964,0,0,9.83547634191958,6.77956957268237,0,5.84006009294875,0,7.12542789196789
4.56507709242165,5.12426155417111,0,0,5.73266143420658,7.27284273827831,7.35285127252169,8.53357428566392,0,0,7.39277066584831,8.72644550469339,4.51502663613513,0,9.61864810266841,6.78819441392317,0,6.52304822395848,5.51917831470469,0
4.99226763673807,5.08078305399834,0,0,5.67019121966111,7.07737146327854,7.55818805053453,8.31749269182849,0,0,7.83540524972238,8.91364311794948,0,0,9.43011023881125,6.78260013599613,0,6.60246576804321,5.81761698439341,0
0,3.27902974768795,0,0,0,6.37323446170461,7.22724120447745,7.91199095193933,0,7.941654809112,6.67050012572328,7.38044280335703,0,0,9.42342550659616,6.96653349135095,0,5.38925436154014,0,0
4.42220842430671,4.81963619610861,0,0,7.16672918729717,7.83422601830207,8.80055243388731,8.10711144300468,0,0,6.98358605197618,8.0610482849039,4.9422136879776,4.43248207816237,9.92376555701875,5.78388671889786,4.79023796845007,7.23860459370951,0,6.78633312977696
4.92347845198163,6.1727021833389,0,4.66541826633345,5.94230056307661,8.97382785292302,8.78388500161255,8.54431017990417,0,0,8.01943514704296,8.48341094296847,4.70781702294823,4.90141548910036,8.83870116268209,6.15877821346152,0,7.2262162828015,0,0
4.52526080275979,5.41867486321177,0,0,5.72746644866035,7.75863671070069,7.80397390725463,8.54799975856459,0,4.67478952786815,6.6650848123597,8.20677459199059,0,0,9.79524511033666,4.55870731157775,0,6.44654487575834,6.24056820009172,0
3.3813347525659,0,0,0,5.77125418977121,0,6.67627709087787,5.97992320126142,0,0,0,7.92998316022894,0,0,9.41455387518624,6.14233843554211,0,4.5407383258287,0,0
3.82100360704098,4.65424602363468,0,0,4.72694524291401,0,5.85332254192578,6.76287978465696,0,0,6.27668108261997,8.13341129413921,0,0,9.11968563874448,6.73668221995893,0,6.57787526583017,5.88245850569967,0
0,0,0,0,0,0,0,0,0,8.29397463728939,6.99675467854472,6.28161232720267,0,0,0,0,0,0,0,7.70755264322049
0,4.27791533841649,0,0,5.67541729309931,6.70567581389209,6.04360623151093,8.36486917555539,0,8.56694479801365,6.88758318344097,0,0,0,9.5615463885563,6.3500826019833,0,0,0,0
3.57150258596036,5.33835505357957,0,0,5.63778511214905,8.03681270836935,7.84706307415617,8.08468879442544,0,8.45835784289519,7.36135636907525,8.17419571162655,0,4.16480302587066,9.34977182496313,5.45732764793264,0,6.40874293616834,6.54986531148686,0
0,0,0,0,5.40118978946867,8.21650422825459,8.02087186985306,7.34018683532012,0,8.21696339112773,7.25670647139915,8.23640198895797,0,0,9.67123387979393,5.53524547283286,0,6.3176338907333,0,0
0,5.04174628912131,0,0,5.56612830935741,8.03163562439696,7.65615266502106,8.01734047780118,0,8.09570540300244,7.6045408326281,8.43044069000634,3.69709560888528,4.75806293209123,9.64665794356711,6.16743262992976,0,6.44514822748662,7.26189200436786,0
4.49747361053272,4.96459135559485,0,0,5.83516155271258,7.9299507783822,8.07559507827395,7.82405801078429,0,8.37617095520433,7.1801612638814,8.39730995187481,3.88259419473733,5.23915105587882,9.27836344002243,6.73494831455677,0,7.23151129176376,6.91908090131205,0
5.25269218852176,5.85624601778267,0,0,6.05568270443455,0,7.47070834913414,7.73595769053495,0,0,7.71702188995208,7.58729023212222,0,3.59236855373309,10.3322068408126,5.41012704160004,3.75817228060989,6.2431955552741,6.87616140739096,6.05077065300539
5.16364246322143,6.03111785898463,0,4.27207225000583,6.19805179610647,9.0741311113472,8.31303330468879,8.56227362589668,4.62644232126363,8.8354607233826,8.57848770645116,8.98621008399743,0,0,9.61222574714563,5.60554468023387,0,6.43481935475856,0,0
4.13051575852693,4.11577984294217,0,0,5.98174244020975,8.5947947681064,7.20268353432289,5.0726080264111,0,8.41974352454079,6.45706788425298,7.85466832503838,0,0,10.5634062307339,7.51511033895718,0,4.77423762710363,0,0
4.03689198747402,5.16410002442823,0,0,6.28258445343129,7.85664484770069,8.29770046771346,7.90316028767125,0,8.19769841860179,6.80454799900314,7.40373118949779,0,4.95265301155791,9.37629539134984,6.16384098136854,0,6.58260668721234,7.82993662705967,0
5.27412712774682,5.13949746953917,0,0,6.15445461560235,8.50071822132236,6.26570037260653,7.70632947298888,0,8.95674534510614,0,7.43894807654029,0,0,9.69246400633166,0,0,0,0,0
2.85532011983725,2.27315628230323,0,0,5.15945751716462,6.46062407019633,7.89349371222578,8.20036513816708,0,0,6.06441291861325,7.84278925367343,0,4.79834925278283,9.30041870770275,5.65787814246523,0,5.85950334965298,0,0
4.41558229320209,5.26248291353882,0,0,5.37114952519771,7.25882051790625,6.80362733672686,8.34322068410848,0,0,6.01615715969835,8.55842726102189,4.87809388746433,4.14361080352502,9.79410785968449,5.33194554752802,0,5.82408086267823,0,0
5.19805494460964,5.58010711329498,0,0,6.31468869983224,7.81890079691561,7.04861227374243,7.93540490024567,0,8.74309772770117,6.94815798561351,4.0285608216761,0,4.09600984154116,9.43960117469755,6.91984194011728,3.78328012953542,6.83796566160603,8.06463647577422,0
0,5.29315405959116,0,0,0,7.88414343490487,8.18518019757688,7.88881825467859,0,8.66549594828189,6.49320906213778,7.97920189957748,0,0,9.72173183562459,6.5050064783682,0,5.88507572514663,0,0
4.57450477167721,4.37172374167799,0,0,5.63167762312125,0,7.60044735599817,8.14098295587253,0,8.13430333391761,5.72772683989966,7.94030610965504,0,4.8335002639896,9.36595854593559,5.8888225551361,0,6.06893471787488,0,5.60914207050208
0,0,0,0,5.42230334632903,6.87541802040317,8.78331347014552,8.76696776806726,0,8.38648979623476,7.19891629289335,8.91138566815044,5.76208282882663,5.34591634534732,9.54963006441005,6.27402728811481,0,6.4906324833165,5.95282766349306,0
4.02177386938726,5.16911942807636,0,0,0,7.94579981921649,7.54894052060895,7.88136730032017,0,7.98974687263393,7.63243019594638,8.4589876412851,0,4.59188229166116,8.88426806809236,5.62155961439837,4.81112688587948,6.81823530354344,0,0
0,2.92584614608982,0,0,4.80827428196457,4.74527989397274,8.21138788070477,7.94339936846708,0,7.33395068853889,5.52839680886336,8.04237157428443,3.80332358850481,4.24434377949831,9.73667707456208,7.27262059010457,0,5.7798171609322,0,0
0,0,0,0,0,0,7.9971451717881,0,0,0,0,5.31826704185566,0,0,0,0,0,0,5.72987248441594,0
0,4.18388052753296,0,0,3.97292994033167,0,7.78232361109287,7.85554080193916,5.29375698379171,4.49468545281282,4.57109620565434,8.17319752463458,0,5.31939369214995,9.93086922927735,6.48914413920396,5.13031283034887,0,7.30138394531435,4.87198606575849
4.82775358044374,5.89478843484252,0,0,6.69222020962137,8.40549709271419,8.09672611438973,8.28686136625504,0,7.52142625804029,7.5986098334822,8.58459760196685,5.37726716952644,5.31128294893806,9.56783997578947,5.65406688241027,5.53587651209656,7.02640904655255,7.9695721776882,0
0,5.46417073063468,0,0,5.47012551732509,8.63256621421207,8.46392109839214,8.68527382591985,0,8.11576293234575,7.49735141691118,8.60235018342968,0,5.07267068501571,9.74185058693501,5.40537643884144,0,6.66006285474651,7.44359931591826,0
4.79363947336828,6.93442642079695,5.11096316722601,0,6.02837490112808,9.04298387795555,7.75552302895394,7.7904685445903,4.22624963310204,0,7.23574161195305,8.10960683505097,0,0,9.65964372115602,0,0,6.47291800121548,0,0
2.70068984669592,0,0,0,0,6.1333763507874,8.06751597383632,8.61330486811791,0,7.14353071109345,5.29496174273467,7.45222842216035,0,0,9.87693308276487,7.25358361052738,0,5.98516977654523,0,0
5.18475665432487,5.95526725879609,0,0,5.86135586176096,8.41851253794164,8.55249469603369,8.33354435417517,0,0,6.63689099145652,8.33599740070978,0,4.7366369487304,9.78512059643138,5.40914292163692,0,6.49822190669802,0,5.6924855709139
0,0,0,0,4.98106915849449,7.6505684305569,7.71791631056291,7.94658925428044,0,5.02860617941749,6.32759744044449,8.39647309682182,0,0,9.94227066995836,4.83150862819882,0,7.64882558127216,5.64795258969553,0
3.62753582387288,4.34885757328237,0,0,5.31458433901191,7.06010719915366,8.43764119665676,8.48273424304457,0,8.13325862865834,6.50937997868584,0,0,4.88446720190543,9.64712971332637,7.1707501138291,4.8182634014488,4.47858603387864,7.83103751324504,0
0,3.87556646841753,0,0,0,0,7.41434393948275,7.81498104794923,0,4.89514961748856,5.4743693103284,0,0,0,9.73497422187303,7.08631978689838,0,5.05694619695951,5.68836422192782,0
1.41585316336144,3.04356960296815,0,0,3.66253547877433,2.56263899832835,7.12135745580912,8.18254808457633,0,0,5.79499335470959,8.02930579668089,0,0,10.0655511283762,6.88843993294516,0,5.39271804196952,0,0
2.8130106367387,2.12226153886276,0,0,3.61657754235853,6.90053930636183,7.72093185912161,6.2255876024652,0,6.94322859478916,5.41030586849608,7.37289710881096,0,0,10.5840711406473,7.48422256520152,0,4.48051358138854,6.9578683772121,0
0,3.15700042115011,0,0,5.33363624667239,6.20461836679282,7.6324689537585,6.25317475157101,0,8.16713062316983,5.965017897093,7.19993970063133,0,4.66917731596238,9.68631364737495,5.67139701451205,0,6.83753665656937,7.42303695976272,0
2.61885462229774,3.03350963788802,0,0,5.71942613864422,7.09126779297162,7.98095060945159,8.0834427997972,0,4.72304210658298,7.38627876098939,8.60159316164936,0,5.63396783704051,9.26581292110001,4.49479712850672,0,7.02868004091077,7.05705420807837,0
4.81226565288069,4.87725627081532,0,0,5.76981987191751,7.54124799197379,6.95705007770689,7.35707777015408,0,7.88914812314653,6.83715039461459,7.5357290702517,0,4.28771595520264,10.4133547171268,6.96099268236455,0,6.8776568311581,6.83928370016997,0
3.29212628660779,5.44085805333015,0,0,5.63296651377979,8.26303357657084,7.95281206728035,8.56224685976196,0,0,6.0191040329114,7.96591009001897,3.00370044320317,4.57347309924484,10.5249211996768,6.59572586765949,4.20020495292158,6.01791171712283,0,0
3.88218216341712,4.28468940178492,0,0,5.94941784460564,8.41338702269065,7.39232111277654,7.83424185612279,0,7.30698767067065,7.2484116072139,7.42221827946541,3.49256038767613,4.82959291880068,10.6848447664101,6.74982580181817,0,6.35544772076121,7.75349907529421,6.29847119142918
0,1.99605993274078,0,0,0,6.87088380420623,7.39269678059208,7.90551907969078,0,8.47998549079302,6.45830693489105,8.40019859486004,0,5.10891077003085,9.65653787059028,7.28764271628476,0,6.58821095338157,0,0
0,0,0,0,0,5.40972456412217,7.42935465687152,6.84789911182877,0,8.57888453819689,0,0,0,4.73768856568824,10.0985813624036,7.74929229179137,5.07879226075654,7.15244111997264,6.91872489217072,0
0,3.99728284937897,0,0,0,8.4606588181166,8.59944576323268,7.55100293025465,0,0,7.86513420994097,8.78632221552277,6.36445811506918,5.37226461150012,9.46316698965549,6.73165035879855,4.01962101602616,7.47123217466667,0,0
0,0,0,0,0,0,6.1224489489034,8.13356100111011,0,8.19129960306694,5.86118500434106,0,0,4.98017608661155,8.10061961206915,0,0,0,5.26641381753503,0
0,3.60604117580493,0,0,3.63283806323031,0,7.85704742419566,8.77564210859774,0,0,5.70338239463486,0,0,0,10.2364894889106,6.30580072180504,0,6.05636237868582,0,0
0,3.96707921117622,0,0,0,7.30560479527825,8.13782556226994,5.8673175543651,0,0,8.56272280767663,0,0,0,9.85273095620567,5.3151253181974,0,6.41816915820857,0,0
2.90197089373952,3.74076007599093,0,0,5.06126503504758,6.92888056059709,7.91977065021493,8.00896751818113,6.08068805885566,8.34414133786141,7.58470701851978,8.29477937378163,4.78882418801582,4.33558994890029,9.46218799141875,6.05258316453555,0,6.46937434011232,7.15906637392415,0
0,3.90479696033641,0,0,5.25258751484186,6.16019415038247,7.03802009214058,8.51526934200414,0,7.48430684362376,6.2527320565133,7.91981426754556,0,4.91903157022317,10.0327159505439,6.80009211426164,0,5.34505781243185,7.45036441295677,0
0,3.5641662099403,0,0,7.54880884498376,8.37807823969748,7.72741616066992,7.81391890437923,0,8.02074373359475,7.68509653833809,7.29533472124889,0,0,10.0896309633996,6.47144944732229,0,5.72961265135722,0,7.49771735374126
0,0,0,0,0,5.17434018672833,5.46035117839527,7.11507021613943,0,0,6.23963236332693,6.86697495026052,0,0,10.0162223115038,7.21024221657859,0,4.93598358440048,0,0
0,5.42864362822361,0,0,7.89481011278806,8.15396827171581,6.62128580436967,8.02817145905474,0,8.33157901991095,7.2201689876531,8.2254602586306,0,0,9.44614740191041,0,0,6.04054038475457,0,0
0,3.04166120544239,3.50375396998725,0,3.79683659561903,5.96345080065278,7.18330150908939,8.76015819337888,0,8.38919162394402,6.48022859407145,0,0,0,9.67067869224616,5.94379625340648,0,6.45154409515602,0,0
2.72063731660768,3.26346670819608,0,0,5.22633789675587,6.90469058760929,8.03669306619631,6.80869708413633,0,7.99115578627639,6.66579836089216,7.29329655244881,0,0,10.2184114246626,7.10369205985813,0,6.24606800504046,0,6.38585185567563
2.84607149899958,3.68612566591732,1.4655675420144,0,5.2751510885162,6.96346430964022,7.66190348109948,6.07405784541184,0,8.16098670916077,7.08855901780629,7.3311126941541,0,0,9.8181311689255,6.96927361896055,0,5.70371580576721,6.42645609447447,0
0,1.76644166124377,0,0,0,0,7.56694228545849,7.84000203376037,0,7.22488449695665,5.71072498622278,0,0,0,10.0795940021685,7.54690551358022,0,0,0,0
0,0,0,0,0,7.16653620788748,6.0221392313759,0,0,7.35429834884815,0,9.02036439470863,5.33590212687531,0,9.57950795691173,0,0,0,0,0
3.79211270875559,4.47983369467679,0,0,4.99667158707887,6.53113998397803,6.90711507409471,7.56762485110436,0,8.93117658238382,6.08622912355241,7.19288158825176,0,0,10.3351011235392,5.95795946855058,0,4.70889937175057,7.54892472044937,0
3.37348354309464,4.05056681487621,0,0,0,7.11414323607631,8.26543152028001,0,3.86157146193205,0,6.61456472935589,7.7433087286884,0,0,9.35809636358282,6.66324763191415,2.91939104029727,7.14787393450231,0,0
0,2.66514270009093,0,0,3.7855523413742,6.40387216678272,7.89018949335407,8.15256383773366,0,0,6.4723462945009,0,0,4.57851815499066,10.5439536340477,6.56619411571059,0,4.26619481914876,6.71386708581672,0
0,0,0,0,4.12438868357048,4.04164677322165,8.39162996844089,8.1943839889882,0,7.28093132775323,5.78965431373017,0,0,0,0,6.62397226199132,0,0,0,0
3.78940329188024,0,0,0,5.89001304794687,7.09408545717345,7.71401237091981,7.55245773570127,0,8.75432011803441,5.91676794020435,7.55823501322268,0,0,9.99478514722312,0,0,5.30066460961639,6.66890146521228,0
0,0,0,0,6.49532597707234,9.43353192213843,8.27594422173163,7.7494000478576,0,7.94990655762654,8.85293087260337,6.83513082126114,0,0,9.68720789074325,0,0,0,0,5.6963549588274
0,0,0,0,6.06280798717612,6.75872148553434,7.47064569945122,0,0,8.87546745576002,0,7.19646931877241,0,0,10.5457097919108,0,0,3.8797064039516,0,0
3.9716117968398,5.40308270512312,0,0,6.86373024353215,9.17718268149818,8.20829565408312,8.66314809169315,0,7.24494154633701,7.41032289910114,7.68079438661803,0,0,9.71274463541761,0,0,0,0,0
3.82428409112014,5.60455128439434,0,0,6.60351012623089,7.26894103389854,7.48771136476907,7.87617155882474,0,8.29631706754443,6.01718102561262,7.44657926483499,0,0,10.2840279377851,6.55277889167899,0,4.96235499992102,8.48082999167993,0
0,0,0,0,0,0,7.66808435887507,8.23193484603023,0,0,5.13438567486567,8.00809274534175,0,0,8.95157741500934,5.19788911171354,0,0,6.30715081596936,0
0,3.24882290123615,0,0,5.79133537166406,5.49597899384756,7.46016804446859,6.74687030796449,0,0,5.38596187640008,0,0,0,9.32269536911697,6.79874366171284,3.72255598047332,2.68716699018579,6.81042906835263,0
0,0,0,0,6.75304110708971,7.91401833325067,8.12078197287383,5.74297113601378,0,8.14995118362649,7.6635767440699,7.5177110499053,0,3.98490165084072,9.10402829261407,5.88854549310014,0,6.69037011627859,7.08193545112606,6.27280153199992
0,0,0,0,0,0,7.78305316840903,0,0,7.76778460634786,4.69619848433566,8.15462951430093,3.32934327789417,4.7738153119658,8.85121098979533,3.4323729991306,4.60196505503914,0,0,0
0,5.41823146321337,0,0,0,9.02145330934006,8.27303027287795,7.22992573089249,0,7.87870463616009,6.80247253807755,7.48000520473513,0,4.58005748517302,9.13737067481853,0,0,6.41191678502439,0,0
3.2023398562281,4.01728351608564,0,0,6.27287700654617,7.13491475566265,7.42975227001105,8.07463662168898,0,8.2192695190299,5.96265346525386,0,0,4.16836919757007,9.49963863768375,6.91862597824554,0,0,0,0
0,0,0,0,6.11827339397168,7.81166973978824,8.24402133475205,7.8641240487094,0,8.63497622707262,6.36866734549818,7.11321539592379,0,0,9.77684097650581,6.74530693522842,0,4.85919205694724,0,0
0,2.66930937278578,0,0,0,6.8763678057405,7.89916832553351,7.46230109343767,0,7.61013966489456,6.82501476884315,6.61057490682904,0,0,10.1986577687288,6.46684432393967,0,5.84684331749685,7.78055796557892,0
0,3.41180756077417,0,0,0,6.85969884556645,7.73774710726993,8.11298329519991,0,7.43029798880147,5.74281086162368,7.24221835573558,0,0,9.59824553609293,6.38859501842609,0,0,0,0
4.78998862298063,6.17459827400249,0,0,6.59517924033637,9.5465768665267,8.30609431094681,8.28632488082614,0,8.29690057233002,7.41135082863941,8.07117167851574,0,0,9.44811240343049,5.75403189105933,0,5.03558803545183,6.55189428940694,0
4.06233776608701,6.76432361139449,0,0,5.42947719924606,8.730517491286,8.60662796294518,9.03116944672611,0,0,6.27180095611339,7.956389197844,0,0,9.67458997853922,0,0,0,0,0
0,4.5063438316812,0,0,4.55597994179732,7.70652294140577,8.33624189538605,8.4949639422533,0,7.48993179192488,6.85258077823748,7.04819525231191,0,0,10.8208876688158,6.77654119931277,0,4.79636889071965,5.32110572817847,0
0,4.39789998383017,0,0,7.00995079129681,8.39864611395424,8.10012502745704,0,0,7.9151875137884,6.6275253700554,7.62752978473432,0,4.14329344395396,9.2204986020089,0,0,0,0,0
0,4.76208846105951,0,0,5.0003155616894,8.03728790213289,0,8.35396577570725,0,7.34720949048877,7.00551699676463,6.36540458780829,0,0,9.61743748097947,0,0,0,0,0
0,0,0,0,4.93130344481412,7.84161477238217,8.17857144625592,8.27482859365492,0,0,7.82208809539012,6.01844721843787,0,0,9.78408445528835,0,0,0,6.38815796282902,0
0,0,0,0,4.28137722652395,0,7.21290637564225,6.89731092612019,0,8.21019781193159,5.75260438435348,0,0,0,9.18548912180353,7.12433332445418,0,5.79593616282675,0,0
3.56133013316696,4.04917284357538,0,0,6.32227794552037,6.20231282032804,7.47949160128777,7.33602503974357,0,7.5582924090688,6.02569687740372,0,0,3.87265828190587,9.17922115291731,6.2736125849986,4.2130160919396,6.63696965419009,0,0
0,0,0,0,5.2533200006173,6.4803665959577,8.28076934607049,0,0,8.55288460699609,0,7.40462598422647,0,4.18464220020288,9.636561900741,5.72430379787695,0,0,0,0
0,4.76856373289653,0,0,5.27187071653305,7.94440705392743,8.16086675816917,8.56332649592438,0,7.31023593804934,6.02806162924167,7.09385303030386,0,0,9.97164140547877,7.23310156540906,0,4.88257462402874,6.84622024286434,0
0,0,0,0,4.61857987289801,0,8.20161357606717,7.54671023045866,0,7.56920537279883,6.30660370016777,7.53696642354055,0,4.03264644775189,10.3787305572517,6.88584703643326,0,6.31880593843457,7.84254975575415,0
0,3.35654862999327,0,0,0,8.9345328504853,8.41659686452267,8.21227272121979,0,7.90308267417533,7.33622051131936,7.97046746848416,0,0,9.86041302296258,6.00974641078599,0,4.4125558397087,4.62644232126363,0
0,0,0,0,5.25817222624361,7.98845475353173,7.78335317466141,7.66156943340283,0,0,5.63174927175637,7.3109979192372,0,0,9.76220044769175,0,0,4.60066003051021,4.45550941143368,4.5224405383891
0,4.16200321069592,0,0,0,7.75129035468023,8.52993566022571,7.90182523570734,0,0,7.18241290031116,8.8249484427971,0,0,10.1076072931977,6.03989750462957,0,6.275703197782,0,5.53827870278841
4.64101983888179,5.13638649940182,0,0,6.06348283739662,8.93920989630905,0,8.7054305486395,0,7.72901859107158,5.57055579750596,8.31549552435478,0,4.62477671562701,9.18498461455387,0,0,6.28476828832782,6.05626865797348,0
0,5.80024350712699,0,0,6.91984194011728,9.53401680465134,8.66995204596104,8.35861941075133,0,8.16117231924021,7.61272232884738,7.89645969136534,4.58097994718687,0,10.0000424119508,6.36567975721119,0,6.03390123730524,0,0
0,3.22485789654575,0,0,4.59360354961663,4.17807277775281,8.26886259279896,8.1834448416446,0,6.78426473645184,6.0498749546544,7.51930729743452,0,0,9.85943116633921,6.09336658913441,0,5.22837761834336,0,0
0,0,0,0,0,0,9.03989955881684,6.42606765695947,0,8.67732026270042,0,7.90629674059243,5.09950050722488,0,0,0,0,6.89499420167952,0,5.20526962549796
0,3.2104403460471,0,0,5.96455573055076,7.94570773688065,8.00943286482291,8.07649668225731,0,7.71960507225785,7.26162529277977,7.87033399957502,0,3.2422016501717,9.44715011405421,5.45241090188544,0,5.39675900186007,7.28104837338395,0
0,0,0,0,6.12754581104574,7.36342542287254,8.25281349733423,7.48257490065983,0,7.84782503552056,3.85693303911019,8.15507488781144,3.82034621685624,0,9.05789290752045,0,0,7.05979802439016,6.5703225812658,0
0,2.41947884446554,0,0,5.25895264302576,7.79132031931018,8.81156583201757,8.27528212689037,0,7.55029314171554,7.4471042176013,8.2806553355738,4.2534827835604,4.12987256828125,9.3827715127887,5.11271041876255,0,6.82979373751242,0,0
0,0,0,0,3.4836986031739,0,8.34521792667643,8.57117935676999,0,7.12047670816717,5.67863559223425,8.10202314234434,0,0,10.0687816277525,6.07232999316254,0,5.98368435978902,0,0
0,3.55220025519868,0,0,5.07166767590454,6.72278622064677,8.48125715779183,8.63773331170825,0,8.43556873343499,6.42007635805639,0,0,0,10.5367387520065,6.19375211654281,0,4.99111262760739,0,0
0,0,0,0,4.82205418713116,6.9259487691741,8.57806437107008,7.63868463850102,0,7.917175633154,7.11090018378966,6.07516210612955,0,0,9.82062211470567,5.44055450396852,0,0,0,0
0,0,0,0,0,6.94365316997912,8.21586374914353,7.51955682008813,0,7.82116987875079,3.90721144843092,6.46817997674431,0,0,10.2888213793473,5.8411357213502,0,5.54149881159875,0,0
0,0,0,0,0,0,7.9528718497075,7.0325006876385,4.57471097850338,7.77913232343278,0,0,0,0,10.2260093614306,5.5779924685979,0,0,0,0
0,0,0,0,0,6.15632199015029,7.59242159848912,8.06775111709452,0,8.03402164443206,5.08276989185546,7.50216993017448,0,0,9.7781340581331,6.47131020926367,0,0,0,0
0,2.86391369893314,0,0,0,6.8495645678007,7.6278315936429,0,0,8.11226993647912,4.27011694212029,7.42396836428049,0,0,9.16769171011452,5.75631167166804,0,0,0,6.12104439264388
0,3.16800349449444,0,0,5.05011238463846,5.93911806673577,8.31163166643296,7.97472553031385,0,7.48338501361362,5.46890366712357,7.09788791636785,0,0,10.4411848763705,6.90288343077837,0,3.0248055210397,0,4.77996347636125
0,0,0,0,0,6.02545526147522,7.79906455655517,7.61866870108603,4.38227660342909,0,6.10410102861149,7.42650145221586,0,3.59043938130068,9.42516138686072,7.21681227144161,0,0,0,0
0,0,0,0,3.84353000898285,4.39284292710773,7.65850133192148,7.86957753809747,0,7.80731888934008,5.30678144496017,7.04534965649368,0,0,10.3243436099999,7.2463253136855,0,0,0,0
3.96575332784911,4.73092139129365,0,0,6.74975553433325,8.11923781455709,7.94375075440425,9.00375767949231,0,7.9311733647358,0,8.0545448456306,0,0,9.24587159501584,5.59601164912654,0,0,6.00664868243302,6.45170189106313
0,0,0,0,5.36485389034828,6.99955019657653,7.83176811848866,8.15573539930107,3.60195898208323,0,6.24914478169243,7.83342191933477,0,0,10.7038802210768,6.44651315540497,0,4.77297014626303,5.68785632410594,0
3.6157709822933,4.65766775494585,0,0,6.93146203992677,8.20215910663658,7.76468234370227,0,0,8.4080075916652,6.73435381956274,7.78400704302394,0,0,9.33998170813258,5.165985254499,0,0,0,0
0,5.1602040644184,0,0,6.40567463946883,8.07839051049744,0,8.1734119086762,0,7.57618959674668,6.94916590022769,6.65736899127405,0,0,9.70585335336045,0,0,0,0,0
0,5.46539837392571,0,0,6.22560738388056,6.51614869635998,8.29257855859202,8.7687235963725,0,4.67198735902541,3.989724513092,8.07742852140234,0,0,10.2692758434914,4.8343753286809,0,5.37087055922975,6.44670346243422,0
0,5.58387217798364,0,0,7.01721040028898,9.45734106502094,8.42207339348813,8.5057479437315,0,0,5.74091768131846,9.0530957441575,0,0,9.48219789408099,0,0,5.97039411648869,5.87217412591666,0
0,5.01422882960639,0,0,5.65752909013874,7.23553988720578,8.17322855674859,8.10769897735091,0,0,6.71257945900195,8.30097063467059,0,0,10.2287941129282,0,0,6.5218721856017,5.92703268694859,0
0,4.37185002822232,0,0,6.01752208142727,6.84369664268142,8.39196551304653,8.50896946911626,0,0,0,8.04467440180483,0,0,10.077642519997,0,0,0,4.46199241631176,0
3.18635263316264,4.29918835636488,0,0,5.29214837740251,5.21819132206875,7.37484842688312,8.06842802091228,0,2.99623214859564,4.34665849083609,6.87080079598837,0,0,10.308072273217,7.43599243836756,0,4.43521188817754,0,0
4.24520411795115,6.31089961474011,0,0,5.99313814585999,8.6601066841745,7.73856655079162,8.70210472465707,5.61331057149213,3.70868208141012,7.37086016653672,8.56305335303171,3.90217466937333,0,9.34590220186711,4.62761637481792,0,6.69752795293447,7.47602494245979,0
0,0,0,0,4.84576065090602,6.91135877857176,0,6.84581604343961,0,0,0,7.56160534347017,0,0,10.6172801424066,5.28218798461815,0,4.64650404948107,0,0
4.32320507386554,4.82462694944431,0,0,6.49819178394781,0,0,6.70650775051715,0,8.0789176602729,7.7000054375851,7.21885842425281,0,0,9.19556271832627,5.32908902521479,0,6.26110993207361,7.57719361289528,0
0,2.84723226523555,0,0,5.60565499665826,7.33234304469739,7.60625311919735,7.0238034773448,0,8.14786423640124,7.15096024763291,5.02991490882821,0,0,10.2549082168924,6.75255071067612,0,0,0,6.21885905030973
0,0,0,0,3.88032591868489,6.73421108815921,7.9787051328335,8.25412567972838,0,0,5.5891569488149,8.09525107998927,0,0,9.65194452670022,0,0,0,6.69719472861589,4.31602037026128
0,0,0,0,0,0,7.42756641187482,7.90919198239185,0,0,0,7.73807845253472,0,0,9.21080026620862,0,0,0,4.80672231105882,0
0,0,0,0,0,8.04136784883487,7.44476313700835,7.88909190325929,0,0,6.52943343669581,7.51721645645375,0,0,9.40531487489345,0,0,5.98655250274696,6.26299818257028,0
4.59340120238809,6.0108259005866,0,4.96654407258329,7.47621753555649,8.41741705405231,7.81725097681437,6.39002252246818,0,8.50159618807293,5.6021188208797,7.75572862546295,0,4.07192852293777,9.64993633880049,6.78152289793009,0,0,0,0
5.53796398996126,5.76013130160985,0,0,5.84380525257603,8.34353004219292,8.06188741755502,8.24133955306391,0,6.72812609449889,7.00206495845288,7.30286023894016,0,0,10.4161914113139,7.58944203907731,0,0,0,0
0,4.86120678060433,0,0,5.80383894872212,0,6.42147591563415,7.85867929475064,0,0,6.95178173373112,7.42725120679563,0,4.79455010714949,9.95869517593222,6.3723637012709,0,6.07136109025385,0,0
0,0,0,0,6.08727460195396,0,7.80765236636986,8.25720410398121,0,0,0,7.91970158555039,0,0,8.99445541322404,0,0,5.30415032174048,5.94382247363014,0
6.15398722659873,6.24783008591309,0,0,6.80368282230894,8.98807518478723,8.36861893440175,8.63906740234611,0,0,0,0,0,0,9.6330165168147,0,0,0,7.12859217200443,0
5.22208406054845,6.43316514779824,0,0,5.88710353178324,9.18211063613448,7.85253628125592,8.22155690121795,0,8.45987123479213,7.66976132205023,8.20617152396616,0,0,10.2204893209759,6.57541051262416,0,0,0,0
8.55560973515811,7.85402026076808,7.18413623367876,0,0,9.3532625329874,7.86509965854288,0,0,8.38081202776305,0,9.24347529653504,0,0,8.73257066465939,0,0,0,0,0
2.47232786758114,0,0,0,0,0,0,0,0,8.20883755251085,0,5.99650183862525,0,0,9.72102398565922,7.24087905863045,0,0,4.50114211556404,0
3.61037722595898,2.82553689655788,0,0,6.05814140537226,6.69132663214956,5.75212809558648,0,0,8.56797375437949,0,8.36785292298554,0,4.45318382899021,9.99383087243373,8.42414984041305,0,6.03217453535577,5.64300575794059,0
4.1757709275843,4.77971155546308,0,0,5.91754886415781,0,6.03366159580777,8.28868779104666,0,8.48444476773629,5.69756317484228,8.02293293452488,0,5.61013091857475,9.58729626017185,6.46452599645296,0,6.11759046174268,6.65807522866336,0
3.79098467705109,5.16786693716397,0,0,5.94335040438455,0,7.85763938171581,8.13405986254263,0,0,0,7.83884792008403,0,4.12033714249635,9.9038624822412,6.01783867199308,0,5.4842573688647,6.85400634038789,0
5.15236631106373,5.91692956071973,0,3.9926809084456,7.18635624269772,8.06713649277995,9.3655219488179,8.40063915023666,0,5.4448390192108,4.43105486574124,6.93774117447239,0,0,10.4354707675728,6.75177960152597,0,0,0,0
6.40486475553547,5.3955348172634,0,0,6.26871742406922,0,8.59204088990496,5.924870581658,0,0,0,0,0,0,9.11104476088061,5.94881797238651,0,0,5.99113949428404,0
5.09626238006369,5.7551724310385,0,3.32251485962769,6.08734274737632,0,8.87120639606787,8.58981706283707,0,0,7.06621949924553,7.77288744423465,0,4.55176940926098,9.12835344219377,5.20186153073041,0,6.67028458252188,6.60227576749978,0
4.88665811427654,5.27520225904199,0,4.21980177957905,7.78899897577872,0,8.88496335512709,7.31197294268829,0,8.32898474081518,0,6.56768457563864,0,0,9.80108931167342,5.64692989639672,0,4.07872318131914,0,0
0,4.75341776244829,0,0,5.24818129705424,7.32129437124675,7.85785595833644,6.75971920015473,0,0,0,7.62369570850723,0,0,9.83731035617005,6.61120735408451,0,6.49520513115074,6.33304869561537,0
0,3.87598123408088,0,0,4.85351353832404,7.89755294528016,8.11025299590138,7.94278148169115,0,4.37939818332019,0,3.71064094589545,0,4.44276889662927,10.2356720384499,6.66860937019042,0,5.76994467690987,7.71187569438099,0
0,0,0,0,0,0,5.79063272755493,5.779848053257,0,0,4.84968376303849,6.99426319592369,0,0,9.70388961479693,6.6120813566008,0,5.71955739377156,5.69150744378059,0
4.24175831411093,4.5980448610455,0,0,0,7.86317441205665,7.14951644201334,6.14915182294358,0,8.69157497815774,7.24442035415166,7.36857940521058,0,0,9.85455462817695,7.6189044470512,0,4.80843750729751,0,0
4.78147367045648,4.76260119393692,0,0,4.8615937625371,8.04460703030391,7.86300130417346,7.89009214497409,0,8.00229930347429,6.64829778575876,7.80478163867483,0,5.13673917089198,9.60407022386593,5.99607888465873,0,6.27425341734863,0,0
3.75863869852879,5.12181882305687,0,0,4.45120282269066,0,6.24775269701449,7.83734123635635,0,7.6693878689586,5.1098771287459,7.73751161100407,0,0,9.90867407922343,6.98302971341128,0,5.65283999591863,5.82277958783694,0
6.23323356254536,6.66523775848473,5.14627280063835,0,6.16757938199242,9.17475049933667,0,0,0,8.24304051586063,7.29090660949372,8.87496832991892,5.34061027873829,5.47859516963276,9.6964203317446,6.56392604590735,4.75926372132549,6.35287326901923,7.08639506637347,5.88446379811374
4.41666957811742,4.41109988215959,0,0,0,6.68584846259592,0,0,0,5.3581416681937,0,0,0,0,9.6649765240908,6.50711351980167,0,0,0,0
6.57717962330671,6.24949250027569,5.19932541734109,5.58646183207966,7.279070528727,8.96552364498048,7.56210445703407,0,0,8.68524846702813,8.58672111973475,8.19776448516387,0,3.78009033416732,8.15615732388616,0,0,6.25663256967742,6.48491000704244,7.88779797273722
3.17596832385692,4.65224459337402,0,0,6.43329372795207,7.17742357319279,7.64745202019506,7.64382784039351,0,8.10283465373793,0,6.90576329630134,0,0,10.250016196421,6.21342740167403,0,7.20123799512359,6.97211878480542,0
5.95560418165691,6.07938384514587,4.17300169504538,0,0,8.90550671510672,8.2915440036151,5.82029062391609,0,0,7.88864952988146,8.32631593881341,0,0,9.98950009752578,6.21945632674701,0,5.87394710117952,6.48119420757924,0
5.02289319149176,5.60793214899937,0,0,7.09100973382469,9.07285603389008,8.74706287152486,7.88660757910964,0,0,7.62385697715427,7.37851487241493,0,5.81612853448774,9.64229160532017,0,0,0,7.57856993475225,0
4.63249348163698,5.1289515209143,0,0,5.87613786713831,7.30451594646016,8.27271619169688,0,0,0,0,5.44570235346109,0,0,8.86227398216587,5.66559589327096,0,0,0,0
4.23974276491146,5.57972982598622,0,0,4.99619824629849,6.89589522576948,6.67661735767552,8.8906459965767,4.80982384798846,8.82131784074724,7.12550832760736,8.09795871922207,0,0,10.9518901700113,7.76870664742286,0,0,7.29655563152122,0
3.82537519870247,4.67245493279369,0,0,4.85647350309616,0,5.09362749389207,8.39247541593808,0,8.56743182984966,4.9921318225317,8.38622764704302,0,0,0,6.93015257642418,0,0,6.19658668382437,0
6.31950850824756,7.24062102000924,0,5.31251608594785,7.0722437676243,10.0313925214829,7.71610438923077,9.66679639542663,4.40939858146973,0,7.51125123758944,8.64014683640284,5.39558018416825,5.66929454419753,10.0211550259599,5.64869250833824,5.76641292658696,6.6195797514681,6.06108388898804,0
4.95152202960375,5.74072495357792,0,0,6.48179150139663,8.43328100696428,0,7.98789126040264,0,8.82248578437042,6.08763799055664,7.72035964857688,0,5.32379016252107,9.40274426411165,6.02344759296103,0,0,6.28215459107407,6.83781553077746
4.55597994179732,5.27264051975805,3.43463215774839,3.15572300986293,6.31591842311866,9.01372433415742,7.98869227597024,8.25618680461544,0,7.54857178515665,7.47062861249284,7.22687787726824,0,4.38564508019659,9.55248222021758,6.84733626102778,0,5.22111229563906,0,0
5.63660937495117,6.33272885482228,0,0,0,9.53988869352457,8.42584076934626,7.90574027703289,0,5.57299018440618,6.26131991384415,6.32890060481867,0,5.03753684729376,9.04848827891709,6.87387786494618,0,0,0,0
4.0780457892526,5.56681661958304,0,0,6.83784770356679,9.50902172988633,7.90030680687803,7.75180644598824,0,8.5181507328271,7.73035491962039,8.09422580817193,0,4.81543111147129,9.22263448866966,0,4.32041715304219,6.28017109460595,6.24661051454769,0
5.71280828586351,6.69478480598826,0,5.06846385370873,7.59327343237759,9.30307450935777,7.6334858094381,7.91088403948863,0,0,7.85175844942283,7.53659324544498,0,0,9.30525047175917,5.79763705012783,0,4.68388894069948,5.30717799498023,0
0,5.54934842134914,0,0,6.04569228181108,6.98874523018652,6.04182490644693,8.72332078905016,4.69400489968858,3.96271611974366,6.3395123843462,8.34494948209734,0,0,9.89024525911514,6.57568932044374,0,5.0230907353636,7.50945580669648,0
0,6.52357699032951,0,0,6.03289435687112,9.12822100954698,5.25295382479651,8.3968453695057,0,0,5.96074757444592,8.01798647265568,0,0,9.62435549101306,5.56344703452931,0,5.66417502006142,5.45664502492734,0
0,5.90729458402118,0,0,6.04075458631907,8.81685175848612,7.23545342128411,8.36410028528241,0,0,7.01797198424114,8.15563491482225,0,3.68185483917697,9.68867172923811,0,0,0,0,4.65605339630266
0,0,0,0,7.0762821247539,0,7.4841663756404,8.2985992748006,0,0,0,7.59963665875418,4.1172469554394,0,8.95297150968535,0,0,4.95934199970871,5.50805141095231,5.97875917461043
4.53044663979215,5.63203581497263,4.25731339050024,0,6.90939393565065,9.46161257714348,7.11054917340676,7.36234700259014,5.47750903033306,0,7.48023652231545,6.84218155554084,0,0,9.1995715962884,5.85472802353451,0,4.96284463025991,7.06032184762468,0
5.82735611973338,7.47126063558557,0,0,6.61637303600158,9.1931209652908,7.70588390336126,8.81960770653243,0,0,4.67581502555742,8.15029762295544,0,0,9.75580507537723,6.51496451101503,0,0,0,0
3.98731598946358,5.16478597392351,0,0,5.54708967749606,8.51743716165308,7.62257588482355,0,0,0,6.22590405816404,7.18385554044049,0,0,9.4974873012644,6.19941323903965,0,6.05291235942189,0,0
0,5.64435089088677,0,0,5.89376902463453,0,6.73498397302001,8.20524301625701,0,0,6.31934642055777,7.40786974253769,0,0,9.40887150748417,6.01023723243127,0,5.76371666209924,6.99102048114618,0
4.74423623411109,6.53525578469643,0,3.74147190423311,5.83173583896666,0,7.05482091908616,8.28435277712316,0,0,4.39148179344464,7.41453673611904,0,0,10.1235343137418,6.88502898192566,0,5.27632734865642,5.25718282318948,0
5.26315640145445,6.21931699414993,0,0,6.51391237070176,9.13923634499645,7.35138284818465,7.95733137321785,0,0,7.46721676930001,7.24260477109396,0,0,9.04118417032154,6.02339916563833,0,5.40335282938192,5.82608859904017,6.36578292621931
4.62005879848184,5.37555614688884,0,0,7.89925737405017,7.87524850112127,5.45296792141695,8.4740831646788,0,0,7.43734181117297,7.49150045472454,0,0,9.49127724664374,6.76438132112609,0,5.48591663833736,0,0
0,6.25908420852271,0,0,0,8.93864712757705,7.79620605055921,8.4159220805109,0,0,6.90539248979295,7.90580662669563,0,0,9.73542386748887,6.48911374175734,0,0,5.05535368778452,5.62123385202104
0,5.62855592841373,0,0,6.36192404601733,8.9457835055128,6.36990098282823,8.19025456516891,0,0,7.198594861249,7.71829875375697,0,0,9.62247651251839,5.93961846838437,0,5.76853972187148,6.26841423298072,0
4.61541750243964,6.62304212825077,0,0,5.9342855448208,9.11112206538308,7.71736017290228,8.97087433065703,0,5.82280918107784,5.69504440871292,8.22267715386206,0,0,9.65348012689789,4.95526351856127,0,0,5.56463534324604,0
0,4.78113826880987,0,0,5.76991347712203,7.21957615216222,7.94936678844413,7.99366388312865,0,0,6.15587668335837,6.95152332961435,0,0,9.50124723918358,0,0,5.25775575479191,4.62761637481792,0
0,0,0,0,4.69546782396887,7.29279316477526,8.1052863800161,7.90191774829374,5.65798283440928,0,5.86058677337759,7.22865692061239,0,0,9.64115478757252,0,0,5.53002414852273,5.79523674513946,0
3.79616311933361,5.95316540917378,0,0,5.95865722413186,6.6565208475014,9.04282781859593,9.37985527250069,0,0,6.09526134078963,7.39118709521333,0,0,9.2097061709132,0,0,5.52281999389988,8.1777714091589,0
0,4.94264192294239,0,0,4.91059393991603,7.71701743809777,6.24132792312157,8.30399254518505,0,0,5.66625366276379,7.92153926057399,0,0,9.82913570449325,0,0,0,5.9492874682088,0
3.26842760369745,4.78289787377182,0,0,6.10617620423988,8.52276165868459,7.01434703635071,7.82951105028735,0,0,6.48400908544566,7.79253883176069,0,0,9.53566498985247,0,0,5.86629807081509,5.68816109375324,0
0,3.64466629943761,0,0,5.13202662682661,8.93366417870094,8.80250445572202,8.77861393398382,0,0,5.95035605321737,7.89235865103838,0,0,9.81026419380529,0,0,0,7.36936754904664,0
0,0,0,0,0,7.06749886076284,8.33403928831819,0,0,0,0,6.73198422074974,0,5.27120307405646,9.36746377174704,4.07973840983274,4.42580425701977,7.36970153460014,7.80827022494055,0
0,0,0,0,5.58372184725576,7.01086225733109,7.87187190073886,7.48681508650431,5.40744079356639,0,6.33005952911017,7.46382191899371,0,0,9.73772218257788,0,0,0,5.94048699234311,0
0,0,0,0,0,7.97189688853502,8.39564909181762,7.75932400621999,0,0,6.41066818132666,8.20774528584019,0,0,9.65476333818144,0,0,5.41982678394523,5.60499291549235,0
0,0,0,0,0,6.88307316633664,8.16387546286103,9.03038680926987,0,8.11926461219473,5.48184652722815,8.36442422325229,0,0,10.1030266989471,0,0,0,0,0
0,0,0,5.67812272787562,0,0,6.88287839941565,8.12300624507474,0,0,5.23962837019936,7.00112721797438,0,0,8.93271027537656,0,0,0,0,0
0,5.68112778409139,0,0,6.52326857725916,8.31972226013308,7.42219436631796,8.34192748347146,0,8.89688637134913,7.42576304927634,7.51947003666154,0,0,9.75585144009369,6.64221296987623,0,6.20496172137039,5.9908143357664,6.15296670987361
3.49529470504127,5.81925172446232,0,0,0,8.99918591341117,7.34385951172228,8.16548020230726,0,7.62201305460477,6.79330916958932,7.29681318879525,0,0,10.2674498788854,0,0,0,7.96569486754058,0
0,4.88136149172437,0,0,0,6.27227305061659,7.8266905110812,7.60969370307141,0,0,5.66080538180106,7.79253470371704,0,3.75677172015685,9.38264526238348,6.34109977025548,0,6.29988630767728,6.71389136473291,0
8.17253715870014,8.62853776682121,0,9.06529147827134,8.59201490879323,9.91693177264355,8.05494818605698,7.90482198808352,0,8.72032830225619,7.95895095972039,7.69489813940616,0,0,9.47084906979036,0,0,5.92655262293084,0,0
0,0,0,0,0,0,6.45574872643806,7.22246382381942,0,5.1527712279167,6.11026928287323,8.25417251155529,0,0,10.2857386210925,6.01552281220105,0,0,0,0
0,0,0,0,0,8.31514065275951,8.55241360634265,8.03216850890686,0,9.02137600046207,5.06726764366273,8.81231948675725,0,0,9.47919888768575,0,0,0,0,0
0,0,0,6.60886395022965,0,8.51159354260574,7.65576936098292,6.79760553548115,0,9.73820598694156,0,9.0407778711388,0,0,8.87339802487035,0,0,0,0,0
0,5.67452529358908,0,0,6.09323111225559,8.49910457436489,7.43514889247555,7.56052307538874,0,6.22568650562919,0,8.1093843388836,0,0,10.2301042395266,5.35861252233179,0,0,0,3.88424062441569
3.84117126445619,6.80415987127098,0,0,7.19526233611963,0,7.30321045446098,8.92464033399571,0,5.55357954774371,0,7.89958752642405,0,0,9.47321219991923,5.28589047153991,0,0,5.5163277657505,0
0,0,0,0,0,0,7.23530208792887,6.2356648409478,0,5.70304887230245,6.10708970065499,6.67936046388523,0,0,10.1609011209676,0,0,0,0,0
4.50069816439138,5.17694038038144,0,4.37424644735492,6.68634771996098,8.84153356222344,7.34186615128021,8.45866112867012,0,8.69178327054726,6.53740149048525,8.8122554630774,4.47926676909894,5.13119964349635,9.13218962341875,5.31772776006786,0,0,0,0
5.29194711954019,5.55856400581375,0,0,6.39153177952955,8.20263312015621,7.66694297711804,8.47133562298141,0,4.87657042586559,4.55018587765533,7.99842275772823,0,0,9.25691856773676,0,0,6.54385428995166,6.18225018231407,0
0,5.16832256993185,0,0,7.10062104965176,9.07002487641873,8.38323656553573,7.88985996827909,0,7.85183625983779,6.47489328001702,8.53395197523119,0,0,8.99147142152405,5.73657229747919,0,6.38531243587596,5.84441360439595,5.16140884928058
0,0,0,0,0,0,7.2103530571567,0,0,0,0,8.20717552641863,0,0,8.76411576739472,0,0,4.18829017506463,0,0
3.16124671203156,3.08282698040492,0,0,0,7.21412170663805,7.93488946768254,7.05904186119475,0,9.23019201767878,7.86626606763192,8.81777914947304,0,0,9.0305077152991,6.82410189398488,0,6.34773941102537,5.53153005353903,5.42987180628834
0,6.93059251288489,0,0,0,9.59846262506634,0,8.34365613764735,4.62683382562412,0,6.11593627461882,8.40988856497688,5.29891718662,0,9.11279920537049,5.77010066124936,0,0,5.44673737166631,5.07673509580078
7.10075297577333,0,5.78490152594099,0,0,9.51694232928048,8.7956261221243,0,0,0,6.89074135962288,8.24925361373376,0,6.03748898541926,6.52294537579901,0,0,5.65864562898467,0,0
7.11829979471983,6.95894256775129,6.43247374607435,0,6.8377082806701,9.46432345844137,7.4047537467101,0,0,7.88443719366326,3.84460032911071,8.38165979612104,0,3.99360299242057,8.86306398009746,5.18397216476318,0,6.36744934989364,6.57571719695082,0
7.18273957480573,6.93891474123124,0,0,0,9.6220857180415,0,0,0,8.89808004706133,5.62970527125989,7.53794136028685,0,5.41703330025302,8.63112348143711,0,0,0,0,0
0,0,0,0,0,0,5.05241682811121,0,0,0,0,8.70865617112745,0,0,8.3099475952548,0,0,0,0,0
0,0,5.65801772928846,0,0,0,8.77512456821611,9.16426083074677,0,9.19855621068334,5.30365310613756,0,0,0,8.33409693461971,0,0,0,0,0
6.09108361213669,7.72101611053675,0,0,7.35088219347189,9.74625462746759,7.64437852888775,8.8836443916521,0,8.95849637492706,5.54004711933793,7.93183796816267,0,0,9.47895429733515,6.39404215706963,0,0,0,0
0,0,0,0,0,7.08979346229629,9.36145501914543,0,0,7.18005464189432,0,7.33782844326035,0,0,8.83015258353267,0,0,0,0,0
0,0,4.74397514886527,6.989132480438,6.75796673784549,0,0,0,0,6.85635671589614,0,0,0,0,7.97268668128136,0,0,0,0,0
6.07265275229481,5.97594473544994,0,3.66944176022146,7.35063177208845,8.74995751433444,9.04215246295887,0,0,8.36215445071296,0,7.29989195687897,0,0,9.42107930313163,5.84218116939082,0,0,0,0
5.6682934567259,6.68704626178339,0,5.89128503130607,8.05363911899324,8.9226502994924,8.16249914135396,7.86628907517839,0,8.68601571147537,7.6857489949522,8.0508373010741,0,4.02820475971756,9.45144957025323,6.52098924830646,0,6.53338177835165,5.47646355193151,7.04340442757766
4.88174075368515,4.42783617070518,0,0,6.79118775429289,8.39630835013077,8.32971114215609,5.98662786921645,0,8.78226455760594,6.20188753401281,8.00766672338187,0,0,9.49851482318964,5.75634329872183,0,5.76528514225014,0,6.44016473590068
0,0,0,0,0,8.18003231773895,7.68405264170402,7.97632064629795,0,8.01483825651813,6.17320260036352,8.45963822837281,0,0,9.72370876017485,6.47964570938942,0,5.89031736510302,0,0
3.33612538491844,4.41243459084526,0,0,3.97180020946401,0,7.65216575347962,0,0,7.28901648839317,5.88385149639686,0,0,3.63230910262554,10.1680455628289,5.82882796363043,0,6.59050707092859,0,0
4.1292289640756,6.02036779471471,0,0,5.50655030512649,7.66903762997529,8.11295333238377,8.07972954733505,0,0,4.25547085578578,8.45492622168448,0,0,8.8827456136799,4.85639572142926,0,6.69500750385005,0,0
0,5.2257466737132,0,0,0,7.20948077927352,7.44430712731901,8.20546156623343,0,0,5.42512621341173,8.32996923748636,0,4.66221192635529,9.00346256329431,5.18844669541232,0,6.91021225813531,0,0
3.05729762921215,4.58312905511121,0,0,0,8.09400902387604,7.7587178446978,7.49021667868432,0,7.63670387200547,6.69715769683645,0,0,4.74022541698096,9.52965191688542,6.86894168294543,0,0,0,0
0,3.73385281975667,0,0,0,8.00130477330779,7.35450307547484,8.18621662589282,0,7.94203169264523,6.65604505809996,8.20296178373092,0,3.55962461825667,9.62870196181937,6.3606459581389,0,5.07673509580078,0,0
2.9590682891824,0,0,0,5.64428013950709,0,6.47870931505296,4.9182275647711,0,0,6.47273261863165,6.41022422285415,0,4.32757044887782,9.87223937410186,5.38408213350883,0,0,0,0
0,0,0,0,5.87211778947542,7.22736470566358,8.10611938391842,7.76473752255605,0,9.05384444420359,0,7.39640891072292,0,0,9.55157268998406,5.98594936641987,0,5.92313217173116,6.45902770081436,0
0,0,0,0,5.56662546981662,0,7.45652965345389,0,0,0,5.47197651276334,6.74878299387566,0,4.74048748293572,9.53328581840258,6.29502612027194,4.49300881909976,7.04033496888125,7.63138316679567,0
0,0,0,0,0,8.14985589176622,7.06359595852649,7.35650335093992,0,0,0,6.79059205120516,0,0,10.0970457412561,0,0,0,0,0
0,0,0,0,0,8.42800344349856,8.1330677640263,7.64045965454054,0,7.77406553855113,0,7.3068534947121,0,0,9.67961873828232,0,0,0,7.50573426965671,0
3.80577320558544,5.6116671857484,0,0,6.46162441414796,8.07912534298406,8.07370840861926,9.08013031474861,0,0,0,8.51241378824291,0,0,9.03290485900524,4.57831273181821,0,5.39308194299246,0,0
4.46923590874726,5.73117063797507,0,0,6.45921564130042,8.22862272445889,8.06677883337456,9.20483725758028,0,8.93935152246606,5.6940014628011,8.90723733869175,0,0,9.0897613060678,4.73584750962971,0,0,0,0
0,0,0,0,0,7.4597881030671,7.20316739749583,8.4223373084035,0,7.37281545949473,0,7.78937174692227,0,0,10.1556382976732,0,0,0,0,0
0,0,0,0,0,8.542289624899,7.53164883977754,7.7387974428419,0,0,5.36597601502185,7.04994037011611,0,0,10.6048856008776,0,0,0,0,0
0,4.44276889662927,0,0,5.94693778172451,7.71171458811763,8.17231411614467,8.55533640119428,0,8.25057569476661,0,8.3491744598126,0,5.43529282157511,9.2165907973057,4.64130923260396,0,0,0,0
0,4.78724171152684,0,0,6.68579852314749,0,6.95356959112143,8.42991268730606,0,9.09384251013004,5.38998455507386,9.04685862617834,0,5.39476326481629,9.49074099892977,6.38397949604052,0,0,5.95482649601008,6.06345957427913
0,0,0,0,6.05636237868582,6.36940428415139,8.31383511038828,8.81640701688107,0,0,3.94603788401542,7.03670243000928,0,0,9.47947398034022,4.41956323820261,0,4.65434122999454,6.78178380942019,0
5.76421884346003,7.23051970568776,5.99555616501124,0,7.3452292598899,0,7.4911824551068,9.03243664219797,4.74449725120919,0,7.15840504197756,8.72909782200184,0,0,9.19043659956501,0,0,0,0,0
6.43107339978298,7.84923411042881,4.46521822556065,5.7303919480814,7.72791389335371,9.62245664529764,8.71555704634839,9.0159713348475,0,0,8.07129976128863,8.06850320417151,0,0,9.39207008699968,0,0,0,5.60778539232167,6.32552315899335
6.15175349203736,7.07468397116861,3.59401917308998,4.79504646718616,7.44799017924815,9.01036510131681,8.09996112338305,9.33497984842905,0,0,7.03539183112436,7.96563584683298,4.2115348296335,3.07176695982999,9.40474694326045,5.40146042546491,0,5.27504873960868,0,4.46303041882697
4.98982015438234,5.33460107862528,0,0,6.40153569776339,10.2346959594822,0,8.65345684800574,0,0,5.19993246462664,8.10743990218754,0,0,9.05365264322692,0,0,0,0,0
0,4.36348071738678,0,0,6.2385199184685,8.02086858451306,6.83824441621801,7.32077180324314,0,7.99058026812491,6.23168151461148,6.89712901974084,0,0,9.49591021524169,6.03634230588607,0,0,6.89624933879594,0
5.50869984055963,7.05257397959458,0,0,7.1026721803458,9.6375147852465,7.36997872090891,8.43446354381724,0,8.52625005393849,6.47010266662073,7.62788999775067,0,0,9.70522562033968,5.92676601316905,0,0,6.05895963080394,0
0,5.5228998820565,0,0,5.28614356561633,7.21026438567709,7.08931821476259,8.46321841031768,0,7.54641459425796,5.32364392449405,7.67936699948685,0,3.79885430732251,9.54266831859271,6.00304720835105,0,0,0,0
4.54531401883473,5.81433946522085,0,5.19683819759818,7.14273253500189,8.8751235469959,6.97854919428222,8.88226954447571,0,8.24203239951813,5.64289948613263,8.28428714160726,3.83189696094886,0,9.31399743758645,6.14461472660166,4.34704691577786,0,5.28025522372963,0
0,0,0,0,0,0,0,9.36010430120996,0,8.71480393727688,0,8.42971188584565,0,0,9.53749072308822,0,0,0,0,0
0,0,0,0,0,8.73014579093038,6.46502434568148,9.01804362802014,0,9.07331373523934,8.11183207790045,8.00737372796781,6.11354942765822,0,8.4194127630587,0,0,0,0,0
0,0,0,0,0,8.47978619248847,7.15359139534391,7.86836524290621,0,0,0,6.88094918456163,0,0,11.128142009467,0,0,4.51666678739669,0,0
6.04970987004817,6.22467723409898,3.92927335883467,0,7.60627301227207,8.97917850975574,7.76763226086186,8.77916045401199,0,0,0,8.08285318714944,0,0,9.36842900217463,0,0,0,8.23270335169689,7.74218064314667
0,0,0,0,0,6.38240805869713,6.95168603628808,8.27911872671361,0,5.48350979843367,0,8.18137074363652,0,0,9.07912515209432,0,0,0,7.32457567112844,0
0,0,0,0,0,7.6426248485855,6.03382935088575,7.806167131969,0,0,6.45836963081584,7.03518056723738,0,0,10.5976317359235,0,0,0,7.41978218092449,0
5.87248391962469,6.58953152141766,4.86868763144057,0,6.37434315654335,10.2685160085368,6.27159316390485,7.93801377762152,0,0,0,5.4857093801551,0,0,9.35401638350942,0,0,0,0,0
0,4.89977821851061,0,0,6.61809792360959,7.69405576951956,7.32517530806954,8.18478428826282,0,0,0,8.55722127086931,0,0,8.97976174889087,0,0,7.46848473227631,0,0
5.55840982164045,6.12435510944463,5.85248979481739,4.13660552093661,7.18808791033275,0,7.07849333869934,8.31165868678788,0,7.77442289988297,8.32189338023197,8.64225456448598,5.65735451827579,4.63947498968008,9.13171049911468,4.63074046209962,0,0,4.86645694708034,0
0,3.60875340963465,0,0,5.93370301024943,8.13955431755896,6.26568136860619,6.42381498399753,0,7.31569731696519,5.56563090160672,7.09878877637811,0,0,10.3290362942061,5.62130625283196,0,5.09018557285426,0,0
6.25954322241594,5.59221756631305,5.24412513746461,0,7.21169694488591,0,6.4652734271947,8.36022354202518,0,6.87740946712976,5.51761352613335,8.27224105221151,0,0,9.50453866765576,4.06027058188835,0,5.0981576516242,4.88196824183779,7.12403533027494
4.76430840732639,5.75254089228997,0,0,6.50570931891963,8.35254022176782,6.0153763671543,8.76056124181052,0,8.45421505224927,6.40161864470228,8.47768075571607,0,4.3395104975708,9.2681469090722,5.93266950059748,0,0,6.81007629577704,6.6606519714727
3.72231423020017,0,0,0,6.00099399732411,0,6.6201398709749,5.96278211074566,0,7.85918919139174,5.787388058511,7.68743788995377,0,0,9.46540885607477,0,0,0,0,0
0,0,0,0,6.36972973528949,8.19249575889808,6.2154877114492,0,0,0,6.23315503570877,7.33719729647175,0,0,10.472207485971,5.37007973277493,0,0,0,0
0,4.53001551238733,0,0,5.78065091891278,0,5.76371666209924,7.5127813761469,2.79361608943186,8.17933719784482,6.10365419109651,7.1816755913035,0,3.52959059643055,10.0613840651068,5.31222027171703,3.65996544394929,6.74175972478695,6.91604085856891,0
0,0,0,0,0,8.9803182172199,7.22421429470532,9.25554315680701,0,0,5.75864937609704,9.26556692096631,0,0,8.85727746818762,0,0,0,0,0
0,0,0,0,0,5.73460261699609,7.05737284260296,0,0,7.85379896900564,0,7.58336456579979,0,0,9.5811036082379,5.58728611088242,0,0,7.03802887073135,0
0,4.11610605400361,0,0,5.15519729195322,7.64257209471347,8.29709998307193,7.9563156077513,0,6.68699638211807,6.05774373989725,6.37793370247055,0,0,9.57173515990663,0,0,0,0,0
0,4.10824746739109,0,0,4.95491114532389,7.78166446753842,6.8565461915754,8.60283863594473,0,0,6.18842838063881,6.20999748586451,0,0,10.3095324925093,0,0,4.93296199936775,6.24527308473299,0
0,0,0,0,4.66457052926954,7.4382246939011,6.87738885069846,8.70402788201698,0,3.48185528467961,6.0156692358048,6.33845272545717,0,0,10.1127796133596,4.40903364016041,0,0,5.60458809443613,0
0,4.06971028126374,0,0,5.62401750618734,7.1675007327409,7.4989804698167,8.4606588181166,0,0,0,8.47412074987191,0,0,9.54517555507046,0,0,0,0,0
0,0,0,0,4.36932126217633,0,6.38916626459831,7.47222213856264,0,7.05205473733045,0,6.3260779142442,0,0,10.1783768958454,5.1054605078387,0,6.66605307631274,6.3918333577914,0
4.02731404976288,5.00729639283074,0,0,6.29650140038165,8.36824064452276,6.82769423780721,4.67142598176516,0,0,3.56868726878553,6.43192671771177,0,0,10.4622572683678,5.40227189426789,0,0,7.46681662753016,0
0,0,0,0,5.27509991537185,6.81487215150208,7.99155168584489,8.11756600940828,0,0,6.47769517851859,7.87800754233107,0,0,9.9162359453583,0,0,6.44624349176907,0,0
0,4.80139464795104,0,0,6.5749503097084,8.36000590576472,7.1460159881002,0,0,0,0,8.52391852557318,0,0,8.15415518894797,0,0,0,0,0
0,0,0,0,2.80336038090653,0,6.76915965619179,0,0,0,5.53295461157346,5.11925050747458,0,0,9.84334999958239,0,0,0,6.48460470081792,0
0,0,0,0,6.57453175955998,9.98414545555358,7.56074170468802,8.3061239513348,0,0,6.55403311415431,9.34852716140556,0,0,8.70756227978949,0,0,0,0,0
0,4.11480057078948,0,0,5.97903765209985,8.19690527921554,8.79921829333937,8.7658906428428,0,8.40383410564714,0,8.85607965430373,5.44604747857237,5.0673306377728,8.85593713147846,0,0,7.65233199464844,0,0
0,0,0,0,5.65920343125823,8.70182374708604,8.49339218123029,5.63225066851496,0,0,0,7.47052608461086,0,0,10.2127207228182,0,0,0,8.08949781166645,0
0,5.09516024916594,0,0,6.45114949641836,8.26530802886894,7.50112632217816,9.33049392905853,0,7.03187375881853,6.80253919733766,0,0,0,9.41102561278709,4.90342120978911,0,0,0,0
4.07533162304017,0,0,0,5.95461901098716,8.84814306496342,7.90318615749798,7.937024634899,0,8.2325837269993,6.16575393220467,7.728521408065,0,0,9.44463749036048,0,0,5.92705935041565,6.26934246552224,0
0,0,0,0,0,0,8.03501009263279,8.52560174027473,0,7.74672858622311,0,8.35073238527402,0,0,8.90751352755795,0,0,7.25199725286771,0,0
0,0,0,0,5.53081701278627,7.10516247319413,6.64386785509607,7.4587338735219,0,8.84886966099366,6.52028233674405,8.24015823670822,0,5.04103516648734,10.3141358712364,6.46870753385685,0,5.04664573161929,7.71952958330029,0
0,4.52936847257181,0,0,6.80526840822672,8.97254881047117,7.82494560609913,8.3474671766887,0,0,5.62365643017692,6.985558557929,0,0,10.1098429684046,0,0,0,7.2358064434093,0
0,5.14195591142361,0,0,6.11756842390371,9.56348709907147,6.86024429631109,8.91973803971331,0,0,7.49816073408017,7.79049750030254,0,0,9.61752400257831,0,0,0,0,0
0,3.80042082884684,0,0,6.88340110911357,7.37878962685488,8.6866388754628,8.77411033955359,0,6.72240112852076,6.96278309136858,7.97407162284943,0,0,0,5.80757175657254,0,6.33680803187477,0,0
6.02143588560397,0,0,0,6.46187434385653,10.6518754760467,0,8.49839765683191,0,0,5.85053442267378,7.97699024893957,0,0,9.28148825309431,0,0,0,0,0
0,0,0,0,5.92010280062228,0,6.81289499795818,0,0,8.17099177948517,6.06569036945995,6.30724197284128,0,3.81308625756812,9.76511015124146,6.54702928346018,0,0,7.8000278707582,0
0,4.08748777475889,0,0,0,0,5.33257385522613,5.07198122433466,0,7.70571282389443,5.36933485378332,5.59834788218068,0,2.80699014895711,9.95023277008389,4.73961366253758,0,0,7.48219211907146,0
0,5.2513305753237,0,0,4.9592718218077,7.59376706304107,7.16872626559635,8.30380935873043,0,7.66005776715076,5.29471087095393,9.27730719240711,0,5.20565368168462,9.55433424999624,5.33122008622374,0,0,6.61732276085343,0
0,0,4.31321231867352,0,0,8.61117703748326,7.6435691515612,6.91784421409068,0,0,5.01648481888515,5.71791546512211,0,0,10.3122505499577,4.12017473892312,0,6.05008716625374,7.51192369396662,0
4.8769515089082,6.63881644934749,0,0,6.98026196976889,8.32210002369858,7.70499216806646,7.92431116719095,0,0,0,8.45736038103437,0,0,8.85719348284088,5.12972118437256,0,0,4.85903690994514,0
0,4.87114331527766,0,0,5.29250048122647,7.56051266327737,8.02183729205394,6.82883111217513,0,7.87319420616302,0,7.92909767882558,0,0,10.2208097346035,5.54853118938491,0,0,6.22362730284235,0
3.50285103538866,4.79645148415352,0,0,0,9.02581639162703,7.86003844178634,6.72696454987335,0,8.49192256180621,0,7.39642731410669,0,0,10.539394845349,0,0,4.93332219099359,6.72368819964972,0
0,0,0,0,0,0,0,0,0,5.22127432204972,0,7.51079173909113,0,0,8.05310801353406,0,0,0,0,0
4.52666795783313,4.82446634557341,0,0,6.52952102282223,7.06820607135788,6.86319714711793,8.48052505765844,0,8.90514042020267,4.97417875708564,8.80206531967001,0,4.64063385026366,9.00100849879022,6.67336117689507,0,0,6.50890325614422,5.22676765770796
4.34704691577786,4.43592278868141,0,0,5.75634329872183,8.25484872675273,7.47056595781408,8.54089995236087,0,7.62469222566482,5.26553587702366,8.70024115098247,0,0,10.1524742738079,5.15404275739099,0,4.45794546623157,0,0
5.90549807855679,7.50883651152226,3.51660723317298,5.70847146414233,7.23206094498981,8.312248040137,8.28359518219817,9.03721955823395,0,0,6.82456930307961,7.99019414681029,0,0,9.44859320109094,6.08372462553328,0,0,0,6.31108123809011
5.26924894405069,6.06557430497439,5.30524332661877,0,7.05959185476337,10.3559857264646,7.12033927390298,8.66992801224517,0,0,7.24879563725831,8.69073969311649,0,0,9.19895783600672,0,0,0,5.76656946275497,6.03934953982855
4.74406218485471,0,3.75419892023458,0,6.79548203649935,9.64273299180014,7.06728574747528,8.81299818344757,0,0,5.89720881118226,6.64693582068693,0,0,9.04261142327987,0,0,4.57316338985301,7.09668826536375,0
5.97969556350798,5.41392024962012,5.26517414795478,3.48247010179089,6.95004819117239,0,8.33826267852835,8.33518918419808,0,8.57342228468267,6.99473998894954,8.50604528375414,0,0,9.57431659657639,0,0,0,0,0
6.02603504165815,6.7098773467904,4.34159518887954,4.8142959455341,7.10790038179922,9.43789020137321,8.20808044712266,8.60843693263667,6.01452167668335,8.55988671353566,7.52488497311817,7.43335916432585,0,0,9.32949136044722,0,0,0,4.71956972629659,5.83615486256083
5.72050847857179,6.13945342482143,5.58089895361086,0,7.39803323798044,0,6.79889977406945,8.13406573001979,4.1929825321191,0,6.90429931400875,8.23195878764461,0,0,9.01796605508336,0,0,0,4.58435504627417,0
5.95004341480719,7.21849936703062,5.30900999608678,5.48546061362121,7.44643339570268,8.92701014980601,7.96390533979357,8.8508013304228,0,0,6.65248876577708,7.70388765636244,0,0,9.74820706805321,6.34275502076987,0,0,0,6.83940148895341
0,4.3447140997899,0,0,0,7.9837742499975,7.77393096942444,8.328151505047,0,0,6.94750469849942,7.31881802437877,0,0,10.0591314027437,0,0,0,0,0
5.7155133975319,6.79601892524206,4.59975555328659,5.35922430145156,7.87595891324715,9.81736850457523,7.83185543774777,8.09752671960476,0,8.87545487581622,8.25699657589932,7.94640522647756,0,0,9.63004363477086,5.72113111299081,0,0,6.18963894759865,7.05432011606397
0,6.82339493036406,3.96821428507789,5.34443730216159,7.76904902415473,9.07620536864394,8.08050053949147,9.03217616143026,0,0,8.07132162743967,8.07061542154819,4.62976523284347,0,9.75748442441627,6.03975458623573,2.58324255050886,0,6.06234230774142,6.39602924997298
3.4836986031739,5.62819648769961,0,0,6.0182281843772,8.39336542311915,7.78224436997253,7.98367195971806,0,0,0,7.72307584349976,0,0,9.42457233275965,4.81648404154872,0,4.92826766366083,6.88474250467306,0
5.63450384805943,6.67655435404019,6.3428605820923,3.88135759111726,7.19935715894073,0,6.41900094897146,8.78567409565905,0,0,6.78864511307785,8.32189338023197,0,0,9.37868977120325,5.2227853039356,0,5.00883367214963,4.97140924759542,0
4.01421851774282,5.08636100462439,3.8797064039516,0,6.98982362597008,8.49982523789509,8.43931380873356,8.83822106114083,0,6.6184986342084,7.78947941049855,8.2116240957267,3.76999850539873,0,9.64419855458556,5.87056729230103,0,0,0,6.93369589298249
0,4.75065485273007,0,0,6.11144516630785,7.82480172523224,7.74430559082258,8.43564251399428,0,0,4.13596623691292,8.11183507758398,0,0,9.25880667418418,4.55366634312098,0,0,5.03024182373517,0
0,4.45248509832244,0,0,6.34700384644642,7.27415379539303,7.52310847160206,8.72328498432263,0,0,5.18223288752723,8.49674147350632,0,4.27346656144198,9.21367480656506,5.83153050919166,0,6.92851822933422,5.9639648734054,0
0,0,0,0,5.04748139521692,6.65319845696218,7.68085900965801,8.79210760306523,0,0,5.77799282252173,8.85063082829362,0,0,9.31132532882335,5.20675017302255,0,0,5.34257345780257,0
0,4.18570756823607,0,0,5.41561139377039,7.04796929307052,7.83391713065155,8.39402166387896,0,8.4432839687413,4.65424602363468,7.63446295306404,0,0,9.8961355929905,5.45856371569013,0,6.32471732110222,7.74583795251731,0
2.49650578563135,4.56247143145498,0,0,5.2905875684861,0,6.84402709609849,8.74519691294603,0,0,0,8.11834116857832,0,4.75600107569068,8.73191417225685,5.49606105522951,0,6.55026571761842,5.30777252531879,0
5.19351225218191,6.63848925205115,0,0,7.35888822154011,8.82896574399351,7.43148330758354,7.57593843512285,0,8.62445350132163,0,8.18437427329293,0,0,9.33892705967217,6.51644452371729,0,0,5.8792752124944,0
0,4.75229625087839,0,0,5.71511798431995,0,6.95530658084036,8.60322959327204,0,0,0,7.86944758308465,0,0,8.23385367639857,5.02177303850671,0,6.02981950098445,6.3313594910067,0
0,0,0,0,5.25143538064791,8.28027013731865,6.97503067645457,7.42190138384399,0,0,6.23556691981341,7.38304491265711,0,0,10.406711355539,0,0,0,7.92960530675602,0
4.76805404888957,5.68761921681378,0,0,6.22566672577893,10.0473800827103,6.21913782370859,8.98231492357037,0,4.40354347813613,6.38022422664444,8.93692668687758,0,0,9.10997292573009,0,0,0,0,0
0,4.50391235391386,0,0,6.22616110470077,8.80038067833421,7.91477845607634,8.43783175162703,0,7.92922370980416,6.02211498630674,8.44975339899169,0,0,9.16770840711407,5.16181012189337,0,5.81419023153554,6.65551756746355,0
0,5.10126788434947,0,0,6.63335790618552,8.30557299053667,7.71851214684117,8.9454616489056,0,8.01570384862723,6.29804810565603,8.4243407888016,0,0,9.27460072942982,5.95516356738165,0,7.84486772654859,0,0
3.34603697048488,5.72544611429223,4.53313698308826,0,6.57606558773731,0,6.99200451142704,8.5494822437133,0,5.68917632226684,7.23940878127215,8.95979222145804,0,0,9.18604050725027,0,0,0,4.8062317141561,0
0,4.16075632774135,3.43495447846029,0,5.8684208232644,8.93765199680854,7.57670197583642,8.6101861430654,0,0,7.19789183671889,8.56228509687797,0,0,9.12943612661894,0,0,0,4.91375721911977,0
0,0,0,0,0,0,7.56283188472606,8.01435227155427,0,0,3.81330703248899,7.64159324545486,0,0,9.76912152598731,0,0,0,0,0
0,0,0,0,7.13696837329727,0,7.61147141089132,8.32486008589534,5.41173533358359,8.26751827554292,7.82115784411511,8.80254655452792,0,4.63434056328787,9.39075177224888,0,5.61393070392851,0,5.99093940924723,0
0,0,0,0,0,0,7.92679391661911,8.83190319625566,0,8.39483570891346,5.45847851867198,8.54643932342231,5.0636704039754,4.96570766074112,9.17063442111412,0,0,5.76434434940604,0,0
4.77920752319435,6.27715087939453,0,0,6.87344329826439,8.6814865456908,8.22439404906498,7.93372877213805,0,8.70539575447597,0,8.42328023504048,4.79305954708551,5.1418389797116,9.13311477584847,6.15540995869623,0,0,5.23169667920614,4.66126692533996
0,4.33545899885755,0,0,4.5660134707869,0,7.88787302893558,0,0,0,4.01168732854109,7.94669894705232,0,4.0943445622221,8.72684453081543,5.7686022062504,0,0,5.8474786965796,0
6.49169423166057,7.44328327138847,5.09080107111953,5.66160539575702,7.98566133222318,10.1552379968593,8.23311262574612,8.62637758671855,0,0,0,7.85881838325752,0,0,9.08383452800248,3.83211362219984,0,0,4.95413548685677,0
3.80821683670256,5.00936782452929,0,0,5.68473556173597,8.5259388365308,6.72155822212978,9.05538686997342,0,8.95272182873879,0,8.02288375476136,0,0,9.45920624944617,0,0,0,5.12800342887836,4.99748250751796
2.82018770103906,5.28431985690418,0,0,5.91630987350722,8.02918851106095,7.85906560395733,7.43039879555205,0,0,5.23835502537535,5.08846015955956,0,0,10.1336424666995,4.39383168012364,0,5.06379684221049,6.96265057835372,0
4.27999390910873,5.62488355704978,3.14199478053224,0,6.25286681053928,0,7.60981264567184,7.89099038560577,0,9.22986845178373,7.33280730484834,8.36944000392567,0,5.71798119405601,9.30951579934998,4.17423341190626,4.27039650600246,6.78314398373217,7.67759031521831,0
0,0,0,0,5.73570095022447,0,6.3857001732646,8.37844593407406,0,9.35165762596607,6.49695596928327,8.64282093231026,0,0,9.13386421326557,7.09997766045335,0,0,5.66320350615829,0
4.97852524017802,5.0950989840411,0,0,5.41258311267638,8.88512810330848,6.4378956393694,8.3320725207557,0,8.32480190464132,7.33246730445276,7.86356667901857,0,6.20850953996032,9.74467351614421,5.37920587028138,4.93468973718145,7.06433158602423,7.48250173315405,6.47325778005362
3.42328497812616,4.58832916879206,0,0,6.15772023621514,0,7.13011452280762,7.57714241197774,0,0,5.44085805333015,0,0,0,0,5.63432520964098,0,0,0,0
4.65148108885134,3.60386607978698,0,0,5.6874498200353,8.78838301123047,0,8.57149954198756,0,0,6.14795534386742,7.65389805419403,0,5.73240232489339,9.33051166458634,4.04899846045522,0,0,7.71654542911193,0
5.01036859186771,5.4668357631983,0,3.29990266351057,7.05266914477112,9.34781273875063,0,8.69230549051448,0,8.28171892838896,6.60397092450427,7.92285189175361,0,0,9.30613225392522,0,0,6.44309733606115,7.73065798253462,0
4.6342434334738,4.1579451436317,0,4.33033852551513,7.48572727049586,8.31676713269474,7.24137344662044,6.38578444411115,0,8.70066408746671,5.97898702559687,0,0,0,9.28805113200286,7.00782683270635,0,6.74257398500577,6.96875630053954,0
5.2362823756285,5.91269186594259,0,0,6.99538146693677,9.28317253062585,7.06628777319477,7.91792243605279,0,0,5.75899640662344,7.93372518765814,0,0,10.0806625551772,0,0,5.44462306913762,6.91282241931516,4.64525590952738
5.42380398658945,6.6752555952439,4.27388447605418,4.74675655004996,6.74332864862671,9.75258326413993,4.67422972191959,7.32110918851054,0,8.92968952243953,6.47941552977157,7.09921825869335,0,0,9.36040557473848,0,0,5.93075867199059,6.87011571515318,0
4.60356890462112,6.00114256365925,0,5.17501915020354,7.1883069907248,9.22075594112388,8.11820108813615,8.57764273908456,0,8.60118501413698,6.89824015341341,8.02384723753089,3.91681152215994,0,9.6325642638993,4.51754043602712,3.8617817889914,0,7.03640351839697,0
4.2946970252355,5.55624874334791,0,0,6.03327804992139,9.61972445751759,6.22858989594261,8.78547988363549,4.17115127046187,0,5.72603308359102,8.153456227151,0,0,9.79793813014766,0,0,5.43729639382949,0,0
6.15752968138241,6.39519481792243,6.10208868556589,0,6.95787788838535,11.0729325746622,8.88780457053382,9.13928895456528,0,0,7.10695853464461,8.05469730838075,0,0,9.82624467168692,4.37588279991339,0,6.04339263996834,5.46704696982252,0
5.39598839372148,5.18945071156092,0,4.69902476145972,6.50089920392783,9.05071607252106,7.6330259313703,0,0,8.32104934540374,0,8.03738808423819,0,5.78487078933831,9.27328700172673,5.25038683279049,0,7.89334070345734,6.25082430255517,0
6.7874390374674,5.50015556203491,0,0,6.59904022265584,9.40776398317976,7.57740350925332,7.06346759596198,0,7.36079711693329,0,7.96451379102586,0,0,9.17777792330173,0,0,0,0,0
0,0,0,0,0,8.64431206773521,0,0,0,8.73609254886807,0,7.41727404918688,0,0,8.16607705435684,0,0,0,0,0
5.47243872677665,6.61833836923664,0,5.3695676880762,7.28314598528348,9.75713720419994,7.94550937689204,0,0,8.65852954592783,6.79147985630598,7.58100582782763,0,3.71795270159964,9.56342387440259,4.68435098386253,0,6.05961372945599,7.56285785450244,0
0,0,0,0,0,7.95132338782986,0,0,0,8.47231715703666,5.54486489564126,7.33817312844588,0,0,8.36191854684385,0,0,0,0,0
5.25806812464035,6.29478618154744,4.27847004651558,0,6.55500120978664,8.6713415855266,0,8.2414159741335,0,0,5.45480816330747,7.40059614213063,0,0,9.44723691584238,0,0,5.60950842455073,8.03185661097293,0
4.5063438316812,5.21553340506912,0,3.80755098383143,7.06847859733469,9.06591904149177,6.55667891939619,0,5.08852183275333,9.18065303147395,7.9956806655951,7.41743024099073,0,0,8.32475341767703,5.01010181849011,0,0,6.30340621158099,7.63095628487055
4.54116485601218,5.64318285252727,0,0,6.63561841786582,8.19024347137644,6.05973048777807,8.67150957180012,0,7.46481924235242,7.73812204242362,7.16284700871345,0,0,9.24335920083336,0,0,0,0,0
5.25988833992825,6.22833347304067,0,6.65753596513019,7.05816468324338,9.34517716219839,7.62743727667023,6.89282436559372,0,0,7.28313911505185,7.81308617061995,0,0,9.4132322351815,6.43059006670876,0,6.24420573486114,6.89702794634125,0
6.38318563742389,6.99743143562391,0,5.57965435143998,6.60483773388758,9.23817924939268,7.80354938279728,6.49966673266726,0,8.61391510153296,6.45805611187672,8.20695462325105,0,4.86976273521484,8.99756909218862,5.03252724051235,0,7.00554420234359,6.44075513475618,5.74613929073503
4.6745096640667,5.47533320621846,0,0,6.29672250479911,8.50140318278703,7.39629848330736,8.14507968378831,0,0,6.18750408073013,7.72524173379769,0,4.63657194912762,9.38608199507537,5.29856733530324,0,5.84941123154122,7.56407248629136,0
7.00340176586526,6.65541461001063,0,0,6.1463934954343,8.91006196442087,8.44330550269065,9.03173271012882,0,0,6.2606134361786,8.48107470138908,7.51170505857852,0,9.51083747997481,0,0,5.82738557785131,0,0
6.30802557911014,6.79121022670801,5.23814264351197,4.48661184986396,6.59389348874697,9.57709237141144,6.4801672537862,7.12430916607183,0,8.09323615666838,6.71791351618831,8.10494513101124,0,0,10.0024048552071,6.32276270696439,0,5.51993976149031,6.505858795751,6.0644361595638
6.39579567917494,7.40957244819019,0,5.88552052791174,7.23194525362532,9.21249804252998,7.22179930161197,9.13740294523602,0,8.33975170767223,7.94075469182252,8.29248842203507,7.16496010254935,0,9.90365253892513,6.73026602777015,0,0,5.49913350597816,0
5.10842724025413,0,0,0,6.47800260124263,7.05625286729765,7.64088730374978,8.10710541522263,0,0,0,8.85893722196655,0,0,9.33806493756692,0,0,6.17530578193945,5.7048818700995,0
5.56769543820178,6.00637778984028,0,0,6.0347155891023,7.5951559801105,8.69559206453675,8.3755697174658,0,8.58220535036971,6.31026367311629,8.44626845507946,0,4.78172514788771,9.30875481946111,5.5327568776041,0,6.25644078202413,5.52712484748668,0
6.2486423079651,6.90396811672756,0,4.368054477107,7.25886979234022,9.05995343371257,7.6495592814885,8.70101029598757,0,8.04535107318484,7.80299396335966,8.0920772644884,6.89948114252989,0,9.57820744966903,5.98179292741125,0,4.96249491876832,0,0
6.44016473590068,6.72255759008268,0,4.88628071305683,6.51318559953593,9.03468494707182,8.19951915625579,8.48899739985346,0,0,7.72471616300026,8.21059465890608,7.22505925848043,0,9.48090171761955,5.61487839855019,0,5.98383551994349,0,0
3.46573590279973,0,0,0,5.2654842094528,6.4093521752147,7.93084988437183,5.54732357738797,0,8.44886509891476,0,7.86824278439845,0,4.28400026937532,9.88112434976286,5.5582941679076,4.32240931785538,6.44602136121886,0,0
4.6348260708956,6.37643779045038,0,4.34055338646731,7.09955675897522,8.5998270008229,8.03210353819239,8.17116706135016,0,0,7.20471418821413,7.95154876771918,0,0,8.99219679990661,5.76900825957391,0,0,7.71058611694182,0
3.28053520525493,6.45788363455314,0,4.75763372911456,6.29251313829572,8.25726635400846,8.4893306097788,8.30890130610046,0,8.60083924538662,7.76425354270394,8.47372394601729,0,4.67292228803891,9.56163788340626,6.05835187014942,0,0,0,0
5.0899392674343,7.01582013461404,0,5.74502038267245,5.46421308826012,9.19726729040833,8.91009842009247,8.54947837079911,0,0,5.38678601453564,8.78751494171515,0,0,10.7757574289856,6.57299557513923,0,6.57379189256268,0,0
3.51779452924597,5.68829651712075,0,4.87725627081532,0,8.30846769855283,8.08419551686358,9.21561642907653,0,0,0,8.99838524614572,0,5.70860416493541,9.70002407198874,0,4.43828881368201,0,0,0
4.94257056318213,5.83909977160383,0,0,5.16946074442303,8.31193130588544,6.9414994849463,7.8861340319697,0,8.78571996700827,7.50427591370804,8.33555859860848,0,5.23084120142312,9.38686180720533,6.15808007408032,0,6.98836705547452,5.49495265798145,0
4.75220992863741,5.64413862172869,0,4.0594079923412,6.27423457519874,8.41486141781842,8.82108172682708,8.17064678027355,0,0,7.46605591677232,8.18367658262066,0,5.15433151601966,10.3327961323287,4.95251170874575,4.51612036915458,0,6.26252168803619,0
5.12092364799038,5.24986214627863,0,3.63705970538414,5.30275749457406,0,8.29458949435449,7.05939423564351,4.44347444698779,0,6.12608284883274,7.60085245829204,0,0,8.50748825045251,0,0,0,6.61296802440031,5.46323840866182
2.72654478373837,4.53977796722104,0,0,5.38371494206026,0,8.4523303510262,4.21611961914802,0,0,0,7.90464856178834,0,4.05282788201917,10.0285065674571,4.78432005161641,0,5.14452495586806,4.06885579945493,0
4.2597177477861,5.78206979638709,0,0,5.65108468565575,8.4435251224909,8.90038678703777,8.87349466562383,0,0,5.50109493190937,8.48294744258047,0,4.99165632749845,10.0420139493304,4.34107442334245,0,0,0,0
5.07985036311773,6.3249860058918,0,4.54265628059885,6.26919097619248,8.28343096095389,8.44715691863257,8.21126024707286,5.39988068195748,0,7.91936346336144,8.08243314625105,0,4.04270032906976,9.66997795897274,4.80475847768076,0,6.80410441215265,0,5.40465740231936
5.0158881403777,5.48537767768916,0,5.00582373709903,6.4343057193321,8.23290800965966,7.40553213669844,7.47287020461984,0,8.57018594091156,7.07997599359666,7.76618805827852,0,4.98634260152721,8.69343966554059,6.66485534930225,0,6.24637804651099,6.66388592437589,0
5.49289682073749,6.12966004585938,3.62487412413802,5.84915185433326,7.10777758246545,8.00948935645967,8.52248914307542,7.98250169654827,0,8.21455719767147,8.37045960349678,8.40967702066925,5.82803343699406,4.73952623848717,9.04476147142097,6.5610589540396,4.9661259541103,7.57235379693766,0,7.07676360671397
5.05113723740559,6.48128612216002,0,4.29428772036588,6.39774598859204,8.83785103714309,8.70110847754865,0,0,0,6.18624977531714,8.01360465001441,0,5.67091487103058,9.589947355215,5.52799949470183,4.21212759787848,6.97752384953676,0,0
4.53838915229774,6.4838104681271,0,4.97866291485298,6.54522034162829,8.04637643166948,7.49402412591446,8.51518517670344,0,0,7.62602912425966,8.03684180835529,5.39276353683998,5.07317181256315,9.51962492161038,6.39149826521894,0,0,0,0
5.28846903049322,6.13404859056377,0,4.7851556829845,5.25064907284654,8.403692971398,8.19297713997306,8.35976949444068,3.92137910035217,7.91870143089767,7.93541921402518,8.38224365083794,5.62029216415718,0,9.30652289844821,5.63942171549581,0,6.96821988799721,0,0
4.83984697311597,5.41601150936468,0,0,0,7.76001935869144,8.82558777121542,6.46390271046918,0,8.51751713893957,6.36736351961438,8.77366629084328,0,4.52979987896332,9.1937667857111,4.91000431725744,0,6.34920891900473,0,0
0,5.14749447681345,0,0,5.59886630470664,7.81282731596944,7.91549419730072,7.94135960300798,0,8.09887382012184,7.40466248945889,8.44301690923713,0,0,9.44461375627715,0,0,6.53197032497538,0,0
3.14113047624335,5.17992789704781,0,0,4.88378628642613,7.87113949838838,7.50166206655806,0,0,4.96654407258329,0,8.22665638140923,0,0,9.62678498412735,6.808796450949,4.98811698266565,6.91148830257124,0,0
3.92986292355648,5.08796663703258,0,0,5.47730002207648,8.47048306247286,7.98572939138023,8.04059184502217,0,8.64072323688628,7.72514900607932,7.76104657139133,0,5.17891426930025,9.36778846649411,6.3538307649795,0,5.8396527965186,0,0
5.11763446642259,5.94148617730174,0,0,5.89907509781463,8.33964900479514,9.2133757605197,8.070124533453,0,0,7.1285119840438,7.18501573454293,0,5.34290824987591,9.17976260076204,0,0,5.59560317514251,5.77545176134656,0
3.67579421456528,5.27320466573296,0,0,4.9172033493037,8.19656083882443,7.92006866406388,8.19753598641343,0,8.15741916456268,5.71610622434503,8.19311265950398,0,5.78996017089725,9.91102904386947,5.32027453390008,3.82515707240648,6.23713250850086,0,0
0,2.82790516291049,0,0,3.58933532377755,0,7.2524295014528,5.27806363752077,0,7.85164172244709,0,7.28560250005363,0,4.89888403067159,9.8185884884964,5.5032562132074,4.34717635723814,5.97739097737662,7.03273016892354,0
5.21829965856201,6.04756128645985,3.09240516081425,5.15951496366758,6.43520440826971,8.38088537666778,8.62611216823454,8.08986277013731,0,0,7.51875378587804,7.90184743950863,0,5.3591772548048,9.24033597201156,6.23337096967308,0,0,6.81904427662908,0
3.56359963768718,5.0601870729255,0,0,6.0364857127555,8.27061723311891,7.31828089443015,8.06913264216055,0,8.00384772885478,7.034775519991,7.5558789426418,0,5.13391431025643,10.0748366312624,5.59281366930749,0,5.84698775728738,0,0
4.60076047749939,5.58432303461887,3.35130661204869,0,5.88774157882618,9.67968753579563,7.40774844293359,8.12670733208832,0,0,7.53368836224075,7.97052965968758,4.25844557290253,5.88851778267409,9.32086154848739,6.62385272182236,0,6.25984911466778,0,0
5.0003155616894,4.98442820192708,0,3.77022899981026,6.02750713845491,8.73384048768328,8.88079965675887,8.49411492506749,0,0,7.76756031186943,7.55550752505169,0,4.65338875825857,9.14295299670447,0,0,5.87896751588084,6.30893597774551,4.60487014097909
4.68416619221459,5.47550074548587,0,4.43414458893599,6.2529245567064,8.92178058110893,8.0116137821702,7.944626906627,0,0,6.94459816734945,8.01390244238254,4.70826814399166,5.82411041743581,9.46509886265964,4.89813826286911,5.39148889743583,6.4337275639528,0,0
3.22087382753087,4.99896748922857,0,0,6.25452087973336,0,7.14862086328396,7.42511947958771,0,8.16133220184104,6.67599975081936,5.53528492445532,0,4.30716838112946,9.42633845512952,6.10114820450772,0,0,7.21415851180255,0
4.38127635328318,5.90151248690832,0,3.10009228887823,6.60375410470777,0,7.69396465998762,8.14958151600545,0,0,7.5995665676357,7.86807820716064,0,5.29966645611733,9.74297249629551,5.49925620787405,4.92326021461125,6.66770714697512,8.00651422356241,0
4.77929154621671,6.3218288827069,0,5.13908714097748,6.46907975961606,8.89203687957125,7.6604441422504,7.1808007571809,0,0,6.38222202634387,7.41957840507722,0,0,10.726528580367,6.93201853111782,4.73847655329632,6.46706187739652,7.90580294071875,0
4.2581626474515,5.43157997305281,0,0,6.30704141675328,7.08585125390007,7.81977691120408,8.5159524219801,0,0,6.65914006169426,8.33759990949344,4.95983310716587,5.32095909702886,9.41715940037052,6.12402672019095,5.05669156585494,6.69894599935108,8.10295269194309,0
0,4.78682485379434,0,0,5.44841699479207,6.8158373390208,8.16433381607148,0,0,0,0,7.80306749247109,0,4.42759733621634,9.98980744050232,5.38989331003525,0,5.33965123004101,0,0
3.52606636370802,5.49285566085191,0,4.69033819835797,5.84678553573854,7.9686172396174,7.96517397631867,8.3544742419158,0,8.64771957351582,7.65835027594551,7.81943539829861,0,0,9.63066781965497,6.90759526618077,0,5.4603936981138,0,0
4.52839712718218,5.72694546268263,0,0,6.08861394360679,9.04425272924844,7.89094175156754,7.95563902604052,0,0,8.22029814286511,7.82578050574995,0,0,9.58701498262108,7.30992161879871,0,0,0,5.21057845224003
4.58995502018161,5.90019867804273,4.13724439653732,5.12675769239811,6.65281141511813,9.23894726498518,8.20787881883734,7.65260741918386,0,8.62149374551324,8.34716377575151,7.88288079657718,0,3.87867302574659,9.39222016454002,6.31909423191933,0,6.40554245831437,6.04904925895891,0
4.41980399900791,5.39217194201966,0,4.26787761298298,6.64051615165513,7.75369650527159,8.09458904550573,7.47868962680631,0,0,6.89931980016104,7.65821808324614,2.90908446682832,4.71518983102664,9.39895872891416,5.51141058200874,0,6.32822245720636,7.99788838745742,0
4.32307249183021,5.25587948385007,0,3.64831784235781,6.34530297192736,7.96217183290755,8.01658848895322,5.79651357391389,0,0,6.34829947824808,7.18923566064186,0,5.17456655911186,9.17173051221397,0,0,5.99068924664023,7.72236316870381,5.63235807797783
4.89260222718466,5.93473545286189,0,3.74950407593037,6.02187250327936,9.25301664625662,8.10668338016334,8.75221313832157,0,8.76916984482212,0,8.54143301858793,0,0,9.26704201484549,5.43816626166444,0,0,5.85658939489996,0
0,3.43204984514492,0,0,5.37592634587502,6.30419282816428,7.41970427153307,7.61130813225596,0,7.64461786411137,0,8.16845807205376,0,4.99565701091554,9.27552868195525,5.55202891942866,3.75396470076987,6.42106926940263,0,0
4.31722141130777,5.49166128662373,0,0,5.37569498756938,8.4592653051377,7.00045295826774,8.22739154091179,0,0,0,7.50494757195835,0,0,10.1519947107858,0,0,5.15606231896717,0,0
4.43343242273378,6.01327496137183,5.44077133434297,0,0,8.58177983639584,7.62770017192746,8.11112990443476,0,4.6949194781317,5.70724314628518,7.52313008936754,0,4.47688216568656,10.230670347012,0,0,5.04239232570945,0,0
5.00058495824275,5.97029198187518,0,4.07787636951479,6.71295620067707,8.32615374400256,7.66208692461703,6.97996430642393,0,8.6547213363748,7.34285685621861,7.54520474306999,0,4.73118590657095,9.36178167045666,5.14557402928284,0,6.30250907959665,7.60826528727865,0
3.67680687287967,5.23207072072911,0,0,6.07461012819465,7.97569527904612,7.39873731461306,7.85683841432111,0,9.13329408720692,4.20334843279473,8.19094491157554,0,5.00193085346611,9.21122997616102,6.73901704967045,0,6.5720587414286,7.0471432383909,0
0,4.67161314253681,0,0,4.97071567009501,9.63333100695016,7.37843992628243,8.21110815168703,0,8.54574371852892,5.85469935997306,8.21901085025651,0,5.23925714541849,8.61863182654461,5.61633463879589,0,0,0,0
3.76491414038993,4.14138716855541,0,0,5.79310506761625,6.78060349332165,5.2828483356441,8.09092927999328,0,7.88628063004878,4.90675516360886,7.45087576438836,0,4.55113629749561,9.75200165236101,5.9625762700142,0,5.47717459615077,7.34585535921486,0
0,0,0,0,5.09785220551779,0,5.68789019198734,7.85005288138245,0,8.33376302033649,0,5.34276478128333,0,0,9.79849363633917,0,0,4.25206030821386,0,0
5.1641572048611,6.46497763598999,0,0,6.85094151162712,9.43250744669226,7.16431039528149,7.97275218192174,0,8.5776201466391,5.06120165766694,7.76065456490968,0,4.58261778151758,9.36002681620112,4.86344919407056,0,0,0,0
4.20469261939097,4.66758144610949,0,0,6.02924191144201,0,7.49210827781655,9.21070030719173,0,8.76919160794606,4.37688845681776,7.25023088782087,0,0,9.45501838343133,4.12761813898503,0,0,0,3.66740042243681
5.87809986115296,7.59198279736743,5.73676582713822,5.43315415677025,7.09355411635564,9.66706877402189,8.8380150254553,7.25896833392485,0,0,7.57372651603633,8.26307741444806,5.33749000162251,5.24217020592504,9.54317743793482,5.89183756329792,0,5.22051797409362,0,0
5.69799911656713,6.86209870000232,5.11283080641093,5.3777291059722,6.84105976654387,9.20946799156302,8.20222213872679,8.16925992741426,0,0,7.38133998849902,7.39240118496474,4.02231135932227,4.24692257748904,9.68503921145112,6.48736433268735,0,6.21678572566997,6.41468771013785,0
4.75324530405346,5.89542159889445,0,0,7.10549076182845,9.01117698439897,9.30742170962675,6.9701289585402,0,4.26913785259526,7.27482599910299,7.33107995139107,0,5.32651602090672,9.35360920150644,0,0,5.72158964830607,0,0
4.21005136993407,5.20031857566593,0,0,5.92783228186313,9.16909849765207,9.07504170435503,6.52605552442424,0,0,7.38629735174793,7.9008292584103,0,5.12521319880369,10.1822701418009,6.27985262028259,0,5.71521685228186,6.28290205906118,0
4.60066003051021,6.18725745639939,0,4.75074130930731,6.36149244225741,9.19032336170161,9.1541413800967,8.174367615006,0,0,7.52283280412016,7.88556623150434,0,5.0541416824054,9.45089152794543,6.37104758550204,3.59813384080719,6.50232517026149,0,0
0,0,0,0,4.84253217453986,0,7.82813762875955,0,0,8.40366832686735,0,7.14008054901119,0,0,9.09805370358094,6.78309867438258,0,4.73259547424333,5.39367299986479,5.38371494206026
4.30945594183905,5.90290652012619,0,4.87129659547416,6.2439727070521,9.31512372110545,9.07966660672824,7.92229006445903,0,0,5.34924809521658,7.06973806478056,3.14415227867226,4.3763857547838,10.5006578310819,6.424285385226,3.15316328150282,5.64176521690568,7.69624900232163,0
4.45713410716069,6.34546090684095,0,5.03180952932766,5.27994970918985,8.74445305906388,8.09230058564197,8.50899165053811,0,0,6.40826516487989,8.09368834121626,0,0,10.097350582885,6.54540712994738,0,0,6.41875637644225,0
5.69187857015338,6.96670320180646,4.75384877835945,5.3883865636369,6.955001394579,9.3163027065047,8.36663538282361,8.45744531015046,0,0,7.43635795053081,7.84206273064309,4.42064620563894,4.42184812886055,9.32843447035865,6.32396461940536,4.02802668118445,6.10590868149885,6.5967909322785,6.16835471390473
5.39239951990918,5.91674100091205,3.19212108755938,4.65357932519578,6.61406854793106,7.90375881796477,9.16738276532551,7.09958152279034,0,5.06499720878227,7.10467805065326,7.76127233146897,0,5.02466968306006,9.48972057910858,6.91031200776383,4.36526188834115,0,8.11112390082659,0
4.48953484238917,5.43664349602832,0,3.64779700901271,5.96347651056781,0,8.35609442947356,8.35163671205496,0,0,6.48722729319693,7.70406806815284,0,0,9.53089371554685,5.47863692067132,0,5.49260866595522,7.01772117358395,0
4.92652878479926,5.91366515465357,0,4.66927111139461,6.24062666082075,8.49671901868389,9.03526410456879,9.02382161926581,4.80688578988868,0,7.65761355112612,8.95490733098481,6.12645425087972,5.61557037709005,10.2866286573495,5.14929518015501,6.16061642985329,7.12183386738928,5.70747564649382,0
3.56671182013973,4.83786795010711,0,2.96784707006446,5.84643877505772,7.41195499985574,7.7598871509716,4.2387334648474,0,0,3.8969093676181,7.40054116065632,0,4.95265301155791,10.0022010254722,4.72570498761683,0,6.1314655913308,7.184803512042,0
5.22569290882704,5.87422823696996,0,3.46698512220016,6.12614840039453,7.73607999652722,8.20731186204443,7.80151406234921,0,8.9552674608678,0,7.86646544878416,0,0,9.0316155392086,5.36513453958535,0,6.29659353316348,7.66727991380521,0
5.66302992216924,6.56071944349737,0,5.07835624592513,6.90656457036992,8.94435847174815,8.69409341262411,7.62176824697339,0,8.80914164988654,0,7.9270212840838,0,0,9.78649295597993,5.79044934786677,0,6.48675512448685,6.07219163592393,0
5.56643428350498,6.23488120326175,0,4.5621582953948,6.1862291998205,8.30252115527381,8.85560925187291,6.34308926007073,0,8.23960665379647,4.9928107091837,8.57143513426391,0,0,9.62282081497825,6.44771782204825,0,6.75217691383035,6.77933082372576,0
5.88000211925869,6.46850585370537,0,4.88484528803796,7.11367942361096,8.1338838222172,5.6735637880722,0,0,7.32726134979006,4.4430041353977,7.33212064659078,0,5.0191324243502,9.29819555952419,6.65330164282581,0,5.53204471140189,7.88879575968372,0
4.22083035949488,6.07699983521425,2.95438931001961,3.20355912075631,6.1940788071697,7.19192619453058,6.93352048686816,8.27378315524056,0,8.05070657024072,4.7194805321655,7.90115148600577,0,5.04735287703142,9.34984141075374,5.39107884662935,0,5.9996063127996,8.08679481676286,0
4.11529032673756,6.49915526217849,0,0,5.93330563293445,7.35546856412862,7.29256859935943,8.48855088906034,0,8.82998583788083,4.1940390562533,7.15865406534035,0,0,10.4839614329773,5.39435455474498,0,4.71492104994721,0,0
0,2.9338568698359,0,0,4.31307840504761,0,6.20693876411729,7.30261097242244,0,8.43420063722036,0,7.51543171335295,0,0,10.3032497633273,7.57808920485182,0,0,0,0
5.7507614758502,6.73040932332943,0,4.90267881925761,6.38553161026378,7.56741289195482,7.14128470984876,0,0,0,0,7.56409842386999,0,3.69112692665442,9.36169571992973,5.65686555486845,0,5.95958680820996,0,0
5.51173376210366,6.49140615427189,0,3.4323729991306,6.14987755885026,7.60556158892281,6.3180127025315,8.27802441941384,0,0,6.27748899646139,7.53298757824344,0,0,9.42888134767048,4.8958228418847,0,5.60377796035146,0,0
5.87790383488482,6.50735233646624,0,0,5.58631189018186,9.20003141682501,8.82143587680445,8.42213278041709,0,7.99647210195862,5.81633705089427,8.64888263870051,4.65614843075272,5.22116630735962,9.69047995840981,5.37786764530605,0,6.38748519638815,0,0
4.42962561347316,5.3140922856634,0,0,5.48346825035215,0,7.5993362336504,6.47229992557426,0,8.46247720418727,0,8.14871168059801,0,0,9.89064544452283,5.6894130606889,0,5.68860115266054,0,0
6.02281785476598,6.59319520772211,0,4.76439369153607,6.46115562751542,8.28798629512189,7.6032995841418,5.93592540976721,0,0,6.20633396196995,8.22825966956154,0,0,9.49953380175189,6.38985468654418,0,5.76647554399462,0,0
6.30911795805575,6.35037948039631,0,3.09648217665413,6.87214882651282,9.42521785327331,7.522621948288,5.60008723831744,0,8.89140152320711,6.24372019896564,7.45925248595717,0,0,9.50285325723979,4.98982015438234,0,0,0,0
5.25733910981948,5.59768094377366,0,3.07639017657145,5.92497746208562,8.23299570739486,7.39425952124297,8.28215669860202,0,8.17185658207582,6.80047069126204,7.72945397312621,0,0,9.19109638860942,5.47256474807442,0,6.1252958947415,6.55636633947264,0
5.34271695384472,6.08572872549806,0,4.14709512760763,6.22064981046833,9.22121107123959,7.55417766103585,8.33620594403541,0,8.46314030337657,0,8.17614972261523,0,4.77398425942354,9.40049781453791,5.37509320535009,0,0,0,0
4.84040039843745,5.15138225842434,0,3.79098467705109,6.12651977810085,7.78768073705298,7.09735859264923,7.73524976921574,0,8.61696612557503,0,7.90398779035983,0,4.62242053939462,9.52789187803024,5.71188291069007,0,6.49202769130746,0,0
3.36522472120334,5.05917145775632,0,0,4.94499394284282,0,6.84993546999804,8.09026131209219,0,0,5.68361378036567,7.9434845642755,0,3.94854778011052,9.40153907670774,5.65382162550243,0,5.54169482469306,0,0
2.80457176809283,0,0,0,5.45223944882029,0,7.36508518480538,7.30732973790026,0,8.83134678107381,0,7.65839748338919,0,4.90438549425355,9.23824732522919,4.67020858216731,0,6.91223522900384,0,0
7.57863128789585,6.90534237025785,0,0,7.0999364034345,9.17226148668928,6.20587003247891,8.57679894141785,0,0,0,8.06764452566876,0,5.39960961802991,8.33548904398589,0,0,0,0,0
5.84843100889456,6.45381395741686,0,5.14423335116532,6.00084540891373,8.51227511749227,6.34553109213015,7.98911967424069,0,0,7.08763218338028,8.24579383313835,0,0,9.35387778697238,5.2479709921113,0,5.61440466350498,4.24835237470145,0
6.37536547730031,6.63732355993688,0,5.34056234814178,7.06548525974802,9.55182857898649,6.7532278615315,7.33707362311246,0,4.94292731107218,6.22078895749727,7.41431983728945,0,0,10.1411886270573,5.57530495633436,0,0,0,0
5.61916822226629,0,0,0,6.41285221575996,7.53496562789055,6.99092846620289,7.76293201931803,0,9.32409753690125,6.17786112305508,7.64544552229275,0,0,9.55646586562553,6.92995698696582,0,0,0,4.73584750962971
5.79289164972798,5.51455714154545,0,0,4.8148636895779,7.64214996352035,7.60799226735395,8.23579268190665,0,8.54906775680922,0,8.11055639715186,0,0,9.10850806929291,5.11703526932874,0,5.17224380929267,0,0
0,0,0,0,0,0,6.97232504963144,7.88965770593666,0,0,6.02598673947971,8.69590323453846,0,0,9.57295364906139,0,5.39938367528284,7.25101159447098,7.75206009324365,0
4.92529524692924,5.24010545679962,0,0,5.60425675527065,5.99413597566314,7.73331134739379,8.90783835800608,0,0,0,7.49487505489655,0,4.83770945894266,10.0342175248444,6.03363762849918,0,5.11011857258121,7.5953269452089,0
3.80153827225287,4.50003186786479,0,0,0,0,6.97799936737065,7.98622268179029,0,0,0,8.05692125526279,3.824065726669,5.23920410205553,9.80951747439433,6.7574090198272,3.69585506785036,5.95425580857565,6.92589966941812,0
4.15637995314155,4.18965474202643,0,0,5.29033559680638,6.98157249458455,6.99531733765211,5.97215429857348,3.33256158927202,8.22390342519875,6.32044450082796,7.64883034729613,0,4.84339937472034,9.80598497117489,7.87730616969718,0,4.83929324134531,0,0
4.65281683945544,5.09368884923154,0,0,5.78123722106032,0,6.52373850207984,8.77387054679526,0,0,4.81971689007678,8.7152699801547,0,4.8656865903671,9.17067187858429,6.52060639990974,0,7.15780557525142,6.97604923962113,0
5.34338632991561,6.02102334934953,0,0,5.98207056146611,8.61112423883635,6.94023214961489,7.98773505550224,0,0,6.90664466247588,7.88735502646161,0,4.35875800773453,9.60496021556414,5.77619615516525,0,4.912948960139,5.92200728209276,0
5.46801794615211,6.54711534198003,0,0,6.09124200647103,8.21317846434356,7.98704882326385,8.22400800456856,4.09767235231478,0,7.26835550889593,8.81008666091855,0,0,9.46798582805143,5.72857264346342,0,6.85922658062754,6.7656385663103,0
0,0,0,0,0,0,7.74078178633177,5.87254023544382,0,9.06019864554603,0,8.33748022927883,4.98859416321938,0,9.55234726409587,5.34739320419463,0,6.23187810958715,0,0
6.64916588073363,6.15602514098989,0,5.35771770982948,5.99106446708664,8.54559987391196,7.71428917887936,7.88616410512265,0,8.49450985887006,6.8370752707944,8.08107298034844,0,0,9.20457679442706,5.0619619212616,0,6.22120628245042,0,0
5.35800036870921,5.7608556996825,0,0,6.29175430759885,6.62653230159109,7.28827174172634,8.01310482130291,0,0,6.7155045911103,7.87531310490062,0,5.18587628720229,9.05611518937366,5.06044081563176,0,5.86297755294243,7.1873396533963,0
0,0,0,0,6.39245298318907,7.43246605628027,8.14595268279819,8.82029920103024,0,0,0,8.95931932922496,0,0,8.93018457260987,0,0,6.83333341141456,8.4854919758453,0
5.35686925349765,5.84952648870891,0,0,6.75889557721146,7.83563460298673,8.5049100617024,5.8672043297273,0,9.14299578418015,7.3296972286491,8.07330009586472,0,5.32554335280163,9.54210870542863,5.92254310164156,0,6.89826034442034,7.70022729708556,0
4.45260158734348,4.62173227428707,0,3.51601305609074,4.70284121316154,7.19442934356465,8.13790447260592,7.52591486986905,0,8.11536844912858,6.80550104494338,0,0,4.3500198385388,9.46773847931937,6.08629734025415,4.67674638447731,6.77346931602673,7.7936486571287,0
3.94893335944824,5.40299264748617,0,0,5.50293028124281,8.35216287573231,8.40762606257679,8.5291514061109,0,0,6.72996742938872,8.46009783441169,0,4.07039334139959,9.35406835225889,0,0,6.02977138126257,0,0
0,0,0,0,5.81776570760491,0,8.27569726068784,7.37753388291158,0,8.19426521577722,6.88837876088853,0,0,0,9.22066686969349,6.35829277160123,0,7.14205239736643,7.47345537704935,0
0,5.28005155774114,0,0,6.17696853459324,0,8.31214492837112,7.64800071705382,0,0,6.49941103012313,7.81890079691561,0,0,9.77603479040349,5.4342022375684,0,7.18169079904119,0,0
0,0,0,0,0,5.10527858491288,7.21292111577374,7.87647905548171,0,7.999185169202,5.37068453867394,8.40986184605988,0,0,9.13486654438954,5.00923431318063,0,6.21514795267466,0,0
5.30826769740121,6.00743631661768,0,4.91471159279277,6.50094426554961,8.69249684691299,8.06616361099621,8.01196189020656,0,0,6.98542902904387,7.93136380978489,0,5.81451851625087,9.90126007354578,5.91068823708069,0,5.41667801313288,7.84798516893938,4.73646157166927
4.43117387794013,0,0,3.65893557774086,5.88362874824057,5.89001304794687,7.13772348924344,7.7436078916846,0,0,4.90653324549574,7.64457478799827,0,5.65269968442689,9.21268761504453,6.31656884139666,4.51030990496413,0,7.79667070305479,0
0,5.15057113439377,0,0,5.93341161565936,0,6.76417355050411,8.44501811923796,0,0,6.3837599811675,8.20464175742158,0,0,9.73082915665313,0,0,5.95183975232471,6.61939297522549,0
5.69578390454493,5.78391748576195,0,4.91998092582813,6.9776917051813,7.84420151705986,6.9244452237673,7.77571674045901,0,8.32962429136569,7.65075396505139,0,0,4.80827428196457,9.51332968849511,6.59379767511809,0,6.7952246751234,7.43036321785926,0
5.61989349064737,5.71630375520987,0,3.96081316959758,7.18109752582909,0,7.89110260897528,8.27630309761406,0,0,7.98954011014397,8.22612138028634,0,4.98401749619196,9.3215149531516,4.8955984841079,0,7.00760061395185,6.23818789694265,0
3.40485734249364,4.37374241508618,0,0,5.47658906706671,7.28394261202359,8.1360381837256,8.09669261503154,0,0,6.43274714808154,7.79643223582235,0,0,0,4.93942568173946,0,0,0,0
5.06474461974329,0,0,0,0,8.75516702840007,8.15781173102106,8.27961090139989,0,8.23245611154702,6.16854321729311,7.63973367377358,0,0,0,5.30559085051453,0,0,0,0
3.69237334336819,5.48877242323871,0,0,5.368123240792,8.57843691566685,5.99970549700956,7.7989825295026,0,0,7.33645502678543,9.05278908329392,3.24493335918749,5.09166213273863,9.24395888359981,5.65010036440634,0,6.94953041911476,6.54992252217955,0
4.61670342180176,5.09558899997642,0,0,5.58687405641048,8.41183712019298,8.1685714475251,7.41915273921848,0,7.78882496834568,6.54396939786546,7.16628913988848,0,3.5530597309714,10.1751736183095,6.33487693081314,0,6.34109977025548,7.50062898293281,0
4.21567684738963,4.1652689005588,0,0,6.99892051673423,8.44339809338922,8.56936619874287,6.87722390394496,0,8.12006225739802,7.84064744135372,8.36063060528001,4.55513925238253,5.44267741705487,9.08718015515909,5.86621306691902,5.60174974909105,7.89429569222673,7.63227999523434,0
5.07604843264449,4.79653407076627,0,0,6.57712395099393,8.03486107775046,7.68680488854279,8.01030978688287,0,7.86588253057178,6.46010787656534,8.28288251926009,0,0,8.48168414151076,6.27715087939453,3.49225611260912,6.71579542264818,0,0
4.60346873934833,4.85421537482495,0,0,6.55178009015768,8.20994222435067,7.79008790585736,7.2212512863269,0,8.42349551083597,7.62140582165842,7.82228846728102,0,4.19373730610014,9.20086562801364,4.82084592245478,4.32532399930409,6.77098435903633,0,6.1545608099168
0,0,0,0,5.94219551830118,8.74187156428902,7.98323199224809,7.51887862406349,0,8.25712628599743,6.57347064780634,7.75680731419037,0,0,9.25805376616064,6.8751391077475,0,6.76668698369946,0,0
7.51104339537375,7.39800261470492,5.2150987877971,6.47243902590446,8.06538776581222,9.8066517094993,8.15918879271545,7.07221831747478,0,0,7.22524126926325,7.87851904451043,0,0,8.82931418574504,0,0,7.04908989709774,6.63766423972738,0
6.22479602480968,6.32222406862905,0,5.52676681665243,6.46118688679552,8.36950723681695,8.1751816410857,7.52696524203972,0,0,5.29476105034526,8.2738596878052,0,0,9.36834362111893,0,0,7.39605304538351,7.01878668470474,0
6.54509100619667,6.96460809057492,4.73523307028626,5.02164117327279,6.47749530305571,0,6.8351845861473,7.96758515842776,0,0,5.93219213564291,7.90823273560261,0,4.81567419375584,9.44057869576626,0,0,0,0,0
4.12616617454506,5.28624478531377,0,0,5.08419549720428,8.12499469140846,0,8.1596893325939,0,8.50033386834738,5.92479041383999,0,0,0,10.0152122736085,5.50780814140846,0,0,0,0
7.71968943552613,8.02025403612926,0,7.0730154478478,7.93885217558141,9.57412895388921,8.66167441522701,8.31675980112832,0,8.17541811958415,5.12473748969084,7.99238019891431,0,0,9.09741464547038,0,0,6.66978992544232,0,0
5.0898160919707,5.21439213161028,0,0,5.24386118075198,7.90222112951677,8.10122309866293,7.98437073484487,0,0,7.33680669689644,8.10793389446841,0,0,9.20263072890613,5.0871023860991,0,6.22679355328599,0,0
6.87717235250434,6.89132097251871,0,5.03792615433216,6.23209431942947,8.96105687994737,7.63874241219186,8.19707332306161,0,0,6.28454452462136,7.78872137811539,0,4.57872353597311,9.00497534201362,4.63463189613771,0,6.12588616836139,6.89454845149486,0
6.73003910113217,6.97852124427546,6.06462206772571,4.98196143351165,7.07044369411641,9.20437159421027,7.60156224183787,8.23425717194967,0,0,8.23722264192608,8.17514222256519,0,0,9.03361512657915,0,0,5.59355829870263,0,0
5.77585504344785,5.79313555216821,0,4.26633516017769,6.29977611079207,9.18110103869899,7.15794574251792,7.63087379803807,0,0,7.04729980642003,7.26883650100369,0,4.77659930161562,9.40842864494475,6.2876726692792,0,5.23132249772376,7.65771748109631,0
6.67925993232452,7.26949139356201,3.90540112911926,5.85701845055506,6.67368979996737,9.34639108843771,7.69836486709636,8.5174251645084,0,7.91512908721598,7.81704153670341,8.29152896587036,0,0,9.1470970117555,0,0,6.84661364853977,7.10106623057569,0
6.41550604078908,7.99173773833591,0,5.96242186165525,7.04283671966123,8.21717669508532,6.49407148984944,8.08972477629161,0,9.00592534190096,7.14818063593087,7.78712888241325,0,5.04915063032459,9.61215883916415,7.31145883647064,0,4.71545853988221,0,0
5.5595271186687,6.95796348487404,0,3.299164656097,5.77377484647624,8.24554193603698,7.12151090126562,7.01593681182667,0,7.98317740914359,6.94134478197569,7.36717812868369,0,4.51305489708029,9.83199692138592,7.03128178926559,0,5.31073988654659,0,0
6.43065452461777,6.42245119244622,0,5.47558450459472,6.60836493139819,0,6.84165821060721,7.75078260503293,0,0,7.030547967569,8.08100801706041,0,0,10.2673108857515,5.24612893480245,0,6.34526787189225,0,0
6.94858047349727,6.95096801340496,0,5.46192320514605,5.70956571941193,9.25786306657865,5.60304090485467,7.44884625144344,0,7.54794989458935,6.16272515654251,7.78306567046666,0,0,9.3855114247413,6.3115351521992,0,0,0,0
6.43885504077655,7.00366527885843,0,0,5.90465315012102,9.729027016794,6.53616972230765,7.71335576181313,0,7.42819058152656,0,7.48033805947532,0,0,9.40959278943012,0,0,0,0,0
5.02453819926525,5.17292419713997,0,0,6.5146682454404,7.90088852645003,7.2086077398573,7.7488870250427,0,8.19229649892682,6.57511768072849,6.68087977257825,0,5.64328909422724,9.73814109994814,3.6423118182976,5.13621011700432,6.20709998293187,0,7.55155463991174
0,0,0,0,0,0,6.84696439334464,0,0,8.23326141115268,0,6.65786982922492,0,0,0,0,0,6.67208357709066,8.22046768342406,0
4.60666906211183,3.57487053750207,0,0,0,6.41073393619254,7.66696637916759,0,0,7.720679062278,4.42855233211082,7.00890293298698,0,5.15911276882749,9.14883192219886,5.1323808390034,4.33047014775948,6.57894560976294,0,0
0,0,0,0,0,0,0,0,0,7.2631824447694,0,5.40735112757216,0,0,9.62225795137835,5.84264546236803,0,0,6.42048340816988,0
6.2639504910378,5.73782957129526,0,0,6.95092970436593,7.53324976105057,6.92665553848262,7.74918021316378,0,8.25474992382808,0,6.8512484175417,0,4.38726290146913,9.32063768158876,4.98572765839007,0,0,8.34992181041866,0
6.43683923361138,6.54969365976778,0,0,7.22659439037761,9.42517752044682,7.35063177208845,6.63807028323201,0,7.7580984975553,5.27612288103827,6.25405955418312,0,4.88876893300224,9.44329959161162,6.13489367019239,0,0,8.57923234172712,0
6.81594696049795,5.73042440560262,3.8877303128591,0,7.40091375369436,8.5235787602067,7.58408178181174,0,0,7.05870656047415,5.23495149092622,7.3238767392788,4.6909808424012,5.62600109713617,9.04389373914043,5.40784419107528,0,6.32296013501597,0,0
4.91903157022317,5.79666546880291,0,3.86890671435452,6.82841982114846,8.12379794853865,0,7.5681003033097,3.54529772563591,8.52117126836545,7.25672763400201,7.7972748395587,0,3.7706898293115,9.18934245060058,4.60066003051021,3.2092294478164,7.19041224671739,8.15112281977996,0
0,6.47401414552224,3.18428438009858,0,6.81252109628996,2.84549061022345,7.7670353508061,7.9136417122677,0,7.34034905447855,7.08626123227736,7.64129556210133,0,4.31988523813603,9.16666744239981,4.83644062451391,0,4.79867893217261,8.5251891384574,0
6.43518836733324,5.63984821536011,0,4.14186407819008,7.77916997647672,8.47381376278071,7.68207222415596,0,0,8.67554645656939,5.13479793671668,6.76812532789574,2.81540871942271,5.47012551732509,9.5834751072536,6.81348855458881,0,6.74701124401499,8.75976753619911,0
6.25503961671653,5.61331057149213,0,3.76514580956739,7.17114978180257,9.20003040646222,0,6.86092569162534,0,9.13444803956739,0,8.6614493674034,0,0,8.70849596275713,5.54216509942054,0,0,6.12003364790269,0
5.59430237403738,5.64862206347893,0,0,7.25165699143023,0,0,6.90637432590521,0,8.53907013641535,5.98323074218088,6.33062958345891,0,4.88075437324174,9.3239279523384,5.17167646558064,0,0,0,0
4.8194747886351,4.41666957811742,0,0,4.41859961490472,7.86980300819402,0,0,0,7.67668688280889,0,8.77626743430858,0,0,9.08234221416251,6.23576275249459,0,5.74188076325486,0,0
7.45833608843013,6.64282572697633,0,4.93720401601037,7.76311909335312,8.63963911666384,0,7.94912326776926,0,8.51126364635914,7.38939717015917,7.68086362542964,0,5.08326598513116,9.3939194710656,5.31497780744114,3.92513664457353,6.47379809947272,8.45506456415041,0
6.54809015462084,0,0,0,5.79900174123714,8.16541481114727,6.76965345784285,0,0,0,0,8.033606529037,0,0,9.21566616473153,5.76123343829188,0,0,7.09887138345759,0
5.59723607092581,4.65195834748685,0,0,0,7.57761847936307,0,5.55105855430119,0,8.13418307233385,0,6.9416541639876,0,5.62855592841373,9.14302145578682,6.25961970425154,0,6.9526617207794,7.88819195494558,0
4.59319881420687,5.97447097073141,0,0,6.53615522188351,9.10214138722937,0,7.84468358360613,0,7.51473981318778,7.21023482676988,7.65687628314309,0,3.66867674679642,9.31206629048086,6.78274745729849,0,0,7.70891794763941,0
6.08064232575403,6.9205036718043,0,0,0,8.54655197365511,0,0,0,7.21385666945767,4.47003751199659,7.87054784450771,8.88239031817717,0,8.89282844721877,6.63032712166019,0,0,0,0
7.27562235667498,0,0,0,7.77725624455624,9.28887424963029,8.5259289235568,0,0,7.86284740533856,0,6.65610936719522,0,0,8.21474936509048,0,0,0,7.85378343792017,7.90475926289547
5.80985273838327,5.64183614643721,0,0,6.97175302892932,8.75819866454597,0,7.77233578746066,0,9.05550712592025,5.91523124110839,7.01362766361269,0,0,9.7203396544162,5.97848061954969,0,0,0,5.02032156368568
7.38783918113326,6.69132663214956,0,0,6.69028311490516,9.09530767566672,7.44587889886516,0,0,8.02243446762817,6.00775611588487,8.25849758917047,0,5.20609242250552,9.35684475034914,6.3699181059693,0,6.18462300533161,7.06281697228201,0
5.71330367053984,5.58503647549926,0,0,6.710133264898,9.14700432757359,0,7.28642456430314,0,6.81878197867897,6.15330699784559,6.99960493261202,0,0,10.318371497144,5.20109035078693,2.63476240533238,5.52986550020606,8.59405422755203,7.3257350839104
7.16781689438695,7.32211405426042,4.18403290848563,5.46328080579578,7.20512279572259,8.63118951094876,0,8.5443802512602,0,7.12062220621533,0,7.47712335836024,0,4.65205377188694,9.71959476200069,0,0,5.04632413650476,8.00095628637419,7.8851411102161
6.99606830845449,7.15352882935632,0,4.03211448568597,6.72613747449643,9.13393545617369,0,8.02519913538537,0,6.85031682593487,0,8.1010896957982,0,0,9.75689407829425,6.18278713943236,0,5.33455285913013,0,0
5.96683880728158,5.99413597566314,0,4.53945764262271,6.30168447329941,8.46698352022326,0,7.75617393960946,0,8.03634699339143,0,7.61593391897558,0,0,9.0123381130683,0,0,7.4138014995748,0,0
5.66694558460423,6.1563643899807,0,6.95544007054755,7.72489727320632,8.35310597397402,0,8.61702042667464,6.07711458122408,7.19199392965616,0,8.75310290738012,0,4.94371170873068,9.15774623185558,0,0,5.6990044112031,0,0
4.92340571148333,4.51349339741619,0,0,5.30866365860218,3.31127267413417,5.72158964830607,7.3930723073343,0,6.67854335226632,5.61100907450385,7.88038097464317,0,0,10.1712296382584,7.10194776334629,0,4.95688283809701,7.6463823890203,0
5.92476368980573,5.32617569467643,2.66305283517147,0,5.49569172596828,6.98822866313201,0,7.02336707030371,0,7.65095373294079,4.6785135802123,7.75729491043613,0,0,10.426463066548,6.03306224069591,0,5.25426098035112,0,6.48609981147524
5.43864436663931,5.81191913326078,0,0,0,7.96475359292978,7.15978167597538,6.95616441818982,0,7.1942116005081,5.3625589686095,7.57085038566208,0,4.83953059250747,10.2487602370834,6.97381451824155,0,3.67198758644372,5.84438464365223,0
0,0,0,0,0,6.96462698505868,6.84665616961429,0,0,0,5.34853508270865,8.38702527880279,0,0,10.1589472661268,5.54911499464406,0,5.88646507737634,7.35733296170862,0
0,5.49565068096243,0,0,6.30508845155057,0,6.88863361977455,7.77847944530528,0,0,4.61432812377286,5.91125724255579,0,0,9.36767739857597,5.12942523006574,0,0,7.36103229514543,0
4.53496229094459,4.50523934736304,0,0,6.6377297417678,8.59602285595805,8.84547627397302,5.784071305885,0,0,5.16826562718776,5.81836037936364,0,0,9.36654893291288,5.17388728816986,0,0,7.26750449250784,0
5.03252724051235,6.44517999116486,0,3.62886402170395,6.7246854422966,8.26361620548107,7.27861513960293,8.55219540380928,0,0,0,6.64894568916608,0,4.89813826286911,9.18314079457387,3.84716443307965,0,0,0,0
6.66254503931868,6.7989555225768,0,0,6.79721470328277,8.3771952211887,9.02835195968344,0,0,8.5893501186619,5.27857373751143,6.19951476497454,0,0,9.38672768928195,5.96419611995379,0,3.66969663469716,0,0
6.4767415670276,6.82518855532517,0,4.68536672798237,7.02172661488786,9.62341644308568,5.56098927599565,8.45901519915929,0,7.28806666820676,6.82824659535904,8.15814686654641,4.43319492124828,5.32573796212403,9.44728425909676,5.89597185064851,0,4.86553244778491,7.27871865534259,0
5.78744937622877,6.93890504797435,0,4.90542291561372,7.77733588191291,9.41736267140876,7.42963359607349,6.20629362881811,0,8.69533770315814,6.23280158861416,0,0,0,9.73166073283481,6.96222452469291,0,6.03118994058103,0,0
5.86058677337759,5.98775768517666,0,4.51140880617362,5.77056846833425,8.15935471369167,0,7.92053004687629,4.2354100025007,0,5.99361223916544,7.56185493139141,0,5.52429689268145,9.70897397417681,6.44838293680506,0,0,5.81287601390313,0
0,3.62700405039585,0,0,3.97029191355212,7.33897909786267,7.37185400857249,7.99412290683381,0,7.22341966895773,0,7.1777824161952,0,3.91382138736953,10.2638227894219,6.61182595794227,0,0,6.6496578984044,0
6.40651688385205,6.59770489066835,0,5.15715694675902,6.5430049596479,8.46949133482522,6.68917629416551,7.42275019914016,0,6.07527706319321,5.72440176185894,7.4472441584765,0,4.96060436049069,9.74103920878241,6.16621585507177,0,6.23423423955737,8.02848776873433,0
5.26950628469392,6.26191144353806,0,0,6.14461472660166,9.56989416804072,6.29609591526846,7.93862034858751,0,5.42040224709827,6.86855696557798,8.51504288115535,0,0,9.3836295930971,6.38940138879535,0,6.08622912355241,6.66606581038083,0
0,5.74891516476354,0,0,5.11240938621866,9.03671648058942,7.62949477546868,7.75888863159886,0,0,7.18727916373245,7.84946421380084,0,5.18386004457021,9.30010794715953,5.8154729140089,0,5.6210528270572,6.61567689021125,0
5.40802342663609,6.77540033692533,0,0,6.97670281610817,8.23132547203004,8.5719067300942,0,0,5.97220527216917,0,8.34755012185843,0,0,8.57904435484053,6.45984185460913,0,0,6.95880954480464,0
5.53200513173792,6.96405054263734,0,0,0,8.46232298116992,0,7.91992330254954,0,0,0,7.53452758667562,0,0,0,5.18906038061109,0,0,0,0
6.17426515580491,6.39225206566504,0,4.71858815302365,7.03642989654532,0,6.76631843474162,7.88271483900159,0,6.35631597233085,7.03763375783368,6.34791446573042,0,0,9.19245843896524,5.27801261320767,0,0,5.21450088045493,0
7.34545521722366,0,5.64692989639672,0,7.98357988951958,7.94794718138737,8.98626138327682,0,0,8.30758512077693,5.28289911381966,0,0,0,7.64958309390382,0,0,0,7.40058392428647,8.35309419073379
6.93810988099588,7.76673040819224,5.3858702635559,5.37059151541806,6.34491680376388,9.35417228165628,8.25594530356841,9.69252575149703,6.16910851435083,6.59773216017286,3.56586400321739,8.20875315547994,2.90690105984738,4.44347444698779,10.9557940883277,6.68074174895089,3.44297891567711,5.70127934443808,0,6.55960107308698
7.50113184678059,7.67061973525159,4.38664097222463,4.77339281840254,6.31149884665171,9.478656121937,7.55453909830292,9.73825907316835,0,0,6.44089869259827,8.24459412963883,0,0,10.7609811167818,6.97784088654883,0,0,0,0
5.32320508205582,0,0,0,6.31450773056032,9.17742970851892,0,8.31286894095393,0,8.04899592970587,7.31271359202471,8.56819614365859,4.34211568336104,0,9.15294640098306,5.82020161767076,0,4.23830059563929,0,4.71501065166762
7.47141431055193,6.83411950301855,0,0,0,8.96077712376973,8.40455962445849,0,0,0,4.9646611611863,7.5173414866922,0,0,10.7602851472236,6.0115857511042,0,5.68575427213681,6.9947308219964,7.69234151985886
7.14607114638479,7.54368639698165,3.85354607566917,5.67870395427966,5.79933504932294,9.51468042662411,7.72531679279631,8.44966139489637,0,8.10356082184144,6.8184540094614,6.16688736221078,0,4.24463064123292,10.0483495111697,6.8208675307138,0,5.56872611032936,4.57913417143725,0
8.00693074237092,0,5.90244205827885,0,8.26173303862548,9.67185179428919,8.59527952509908,6.19332317306486,0,8.10529845749311,5.98045415458793,7.244641715525,0,0,9.24138350894088,5.05260862557368,0,0,4.74475820019514,5.03493758661922
5.92980188671588,5.85266214422752,0,3.26116873705845,6.62662502971891,8.38038558070251,7.89773132227298,4.1757709275843,0,7.46253080027533,0,7.37654567255502,0,5.28157804254374,8.62076190275105,4.96431208449061,0,6.61844521540497,8.36321882937742,6.40093827661351
4.81275329918425,4.8839376410503,0,0,0,3.5004392163118,0,8.20730640897626,0,8.04358948967901,0,7.21379776276585,0,0,9.1331860721668,6.23832462503951,0,0,5.0667005180292,4.89903311751495
5.91811398035805,5.32012778081189,0,0,6.78160231298156,8.77955437895592,0,7.40899712470627,0,7.98385607468815,5.03272289056026,6.75575728047295,0,4.71965891247279,9.78771748949025,4.9608846688317,0,5.95739056677423,0,7.58621005279872
4.90616327249954,5.151266423836,2.95751106073379,0,5.59381878805195,5.67695926061233,0,7.73126822184199,0,6.49128483369729,6.4301064999107,6.14255340147084,0,0,10.1727357605084,6.4652734271947,0,5.02440669818017,8.25073234741318,0
5.85260469772456,0,0,0,5.74345180511441,9.03193115200214,0,8.73950759908584,0,7.28961734736644,5.80175577188001,8.46036672247648,0,0,9.39608107681579,6.39161556039238,0,6.38146062431221,0,6.27412151484324
5.72906028184047,4.16666522380173,0,0,0,7.62081292416086,8.55993462263869,5.40959036895747,0,7.05257397959458,4.90719885214679,7.5041216989637,0,5.5812758001634,8.85283508339674,3.88936831486334,4.25745498342083,5.79459771887199,0,2.67345875633259
0,0,0,0,0,4.1890484976914,7.40030898332067,0,0,6.72762332326117,5.0148928843489,7.64639672199929,0,4.87718008904558,0,0,4.90059718888732,6.45916865949021,7.3188047653842,0
0,0,0,0,0,7.77312738311453,0,0,0,7.35831484164112,0,7.38885956729878,0,0,7.06641577428722,0,0,5.74977507850667,0,0
5.46577906043497,0,3.66304869407941,0,0,7.67573623966204,7.95330780168937,0,0,7.21303165983487,5.88876714886964,7.01468855720028,0,0,5.17626272054073,0,0,6.1542209484071,7.85734925024554,0
0,0,0,3.57094015624925,0,0,7.01895670327297,8.36203767357498,0,8.2632501685485,0,8.2420877011689,0,0,0,0,0,0,0,0
0,0,0,0,5.0035435402825,7.68792383648171,0,0,0,0,4.29524250458899,0,0,0,9.63932016341601,6.34129361139446,0,3.32970137995709,7.59324824060522,0
5.89910251723581,6.74942755410283,0,4.15731936138349,0,9.14436081304221,8.77776199886115,8.33920941284406,0,0,0,8.16695179348192,0,0,9.40407982908094,5.21079676901854,0,3.98471569082159,0,0
0,0,0,6.58971021434808,0,0,0,8.31132456564621,0,6.69726878806097,5.93558178986031,0,0,0,8.98596356050919,0,0,0,0,0
5.23617597001019,6.22651690624633,0,5.58146417019806,0,9.177149602118,7.53780822824896,8.46192780819208,0,7.57780781951321,5.38458680170021,7.09391944349354,0,0,8.57167001299938,3.42393686863164,0,0,0,0
6.00605754941088,7.07522543092346,0,0,0,9.59832694998083,9.07229824986199,8.77556796999559,0,0,7.1330086031596,8.47398501890301,0,0,8.87053518724899,3.62220532084594,0,0,0,0
4.44406202559333,4.37977409962059,0,0,0,7.09985388429001,6.33370582504911,8.52420852631014,0,0,0,7.48899835903213,0,0,9.02973054932907,4.68166815696082,0,0,0,0
2.97705900828837,4.10528450226044,0,0,5.05273647011489,0,7.7126674228729,7.76427477480262,0,0,5.58507401092332,7.5945422763894,0,4.03069453514564,10.1638575220264,0,0,4.66325039706462,0,0
4.44500143383527,6.04199129777595,0,4.82116826914143,0,7.96544487361552,0,8.94077453834626,0,0,5.76832099579377,8.7826587956004,0,5.91066113350438,9.16104508025131,5.61797037824205,0,0,3.11750733047991,0
5.48670382790424,5.66243951112182,0,0,6.51259192511922,7.15146978980071,6.85816579544208,8.44376406571719,0,0,7.13571919365479,7.39152620262423,0,0,10.2991750148802,5.59682809688213,0,4.98038225092523,6.10436903531326,0
4.96018375060016,5.91266481661814,4.10791868224922,4.88997311768903,5.37638890196819,0,7.07175161657491,8.63025398370025,0,0,5.95614820198041,4.41896108246694,0,0,9.52900498994743,0,0,3.38878736158547,0,0
7.45231544047776,7.15022291173517,0,5.47189245089375,6.49128483369729,8.62228086985738,7.65091568499086,8.51808679203625,0,7.73487375539499,5.91986112824829,8.34309453372992,3.3506055955461,4.83453434911536,9.17508514587587,4.87267506100105,0,5.61833351282372,0,0
6.45277424340206,7.17788928071399,0,4.08983440674421,0,8.83918103383648,7.73436197458347,8.4289519675658,0,8.02883657164304,4.84882199793365,8.39026849784257,0,0,9.27978247587648,6.45924696128101,0,0,0,0
4.45155269732249,3.35200713747138,0,0,5.72531562986862,0,7.86133023483952,7.85828124018872,0,9.19971512341729,6.0358880484099,8.90736055001218,0,5.1908435082428,8.82308544742786,5.27392220971331,0,0,5.31630462156242,0
4.76550172489043,5.17987161134155,0,0,5.13468016495821,7.72480009619832,7.93747469116363,8.23487271985979,0,7.93119133279936,4.56163618396436,7.73996415680285,0,4.71007059581346,9.87438309706346,5.15675380222625,0,5.67479983973172,0,0
5.56175797462678,5.33334661546743,3.87265828190587,4.36041988091982,0,8.20520749737394,8.96938665709097,7.89551421617505,0,8.99807617528444,8.23587482755092,7.91382089916194,0,0,8.39665135376275,6.07336706272762,3.67275007218405,6.92922318559738,6.15239221121426,8.20396080532034
0,5.14702925233425,0,0,6.23998340475342,8.74932344112212,7.70473080202183,8.19694109420632,0,8.23100600107123,5.10333601160729,8.40876575533999,5.3687758301966,4.73162660994065,9.68375692058136,4.83118959804777,0,6.85112143341454,0,0
6.89454845149486,6.04673367737512,0,4.66748749205295,6.73588689689122,9.06244922698674,8.45012560822892,0,0,8.37034610860682,6.52892236467464,7.91910525008676,3.66867674679642,4.59025957325234,8.89117451235433,5.21531612004463,0,6.48651133725095,6.56927101959997,0
5.26904302384404,4.72968606068566,0,0,5.6476353140332,7.80967930214707,8.13613480137596,7.94993829968353,0,7.69077972594476,6.52212220950234,7.66310231062143,0,5.05554492284486,9.0862862138711,5.62693742679259,0,6.80874124838317,8.10317057203123,0
6.00706719033539,6.46455715055673,0,0,6.93326706815086,8.08166055168568,6.86290434584424,6.84501780165769,0,8.19719451748791,6.78252080015045,7.69608990454207,0,0,8.8959583402277,6.58199743767813,0,6.9236187855703,6.99851877462899,6.90763527178156
7.0049727296975,6.57600985336731,0,5.14469987788244,7.04549779237812,9.28179554284769,7.92202897921322,7.6925650860137,0,6.89925929006087,5.02886806235731,7.07166673845983,3.26575941076705,0,9.82727583059024,5.63078158177171,0,0,0,0
5.47004129970671,0,0,0,6.88042519131018,8.83881281489572,6.54056813208395,0,0,7.5953269452089,0,0,0,5.22019364976646,8.79925147999773,5.65965641661365,0,0,0,0
4.85171771508132,5.54153801729143,0,0,0,8.43715165040869,7.72911975734284,6.96101164528257,0,7.60428672644523,7.89232129160325,8.54273617404681,0,5.04510113097753,9.90950441486096,5.47826109855603,5.409456155782,6.81478436097023,0,0
0,3.93710578579561,0,0,5.38339353890316,9.07279751560741,6.88927557623527,6.66415388576553,0,7.91807172973012,7.57105646606508,6.51174532964473,0,4.80024342670721,9.4110337944528,5.945315891082,0,6.11542844183945,7.26353982663572,0
0,4.69272308299595,0,0,5.74594756681688,0,6.74949784463707,7.5030415293382,0,7.64805318532841,6.64751974715474,7.06426317838307,0,4.32267464022361,9.50460572699212,7.30850930736018,4.63754056601854,6.38355730927571,0,0
6.40489782486532,6.20556735377004,0,5.24681352368092,6.86000307594462,8.97657687816896,8.83657449220898,0,0,8.91847355568506,7.51673249645528,8.401959653028,0,0,9.13167912631111,0,0,7.05183830678865,0,6.75682773260845
0,0,0,0,0,8.47342101605551,7.73087753596383,8.53010546800766,0,0,7.38031189657805,8.29390462958851,0,0,8.98812888615395,0,0,0,0,0
5.70238149374057,5.68717872548942,0,0,0,8.69124565328755,8.23540040966469,7.9837435640123,0,0,0,7.56478811662107,0,0,9.87825692023911,5.60189739415259,0,4.79521186579718,6.35114746256102,0
3.51809113313365,4.28785330840662,0,0,5.18615599965971,0,7.51308166415265,7.48975858579519,3.26155209914864,7.04519278281153,6.89549037156207,7.78882496834568,0,4.49099314092569,9.75421578477102,6.20991711293407,4.76720399783532,5.91136558785236,0,0
0,5.88412986183681,4.55713473694953,0,5.91937760821308,8.19298267174201,5.17281083130831,7.60046736490214,0,6.18212622817694,3.93162953506706,6.11926391803985,0,0,9.34382176335066,6.17754984546559,0,0,6.19191249049,0
5.60683094857975,6.82865795762343,0,4.89357699575433,4.43343242273378,8.17854057950347,7.30887763765616,8.445531762495,0,8.90467489643593,7.37657696000218,8.62915129504799,0,5.40118978946867,9.77949339272168,6.10381060693952,0,6.53460246034122,0,0
4.89686917979781,6.0333260012029,0,5.27893065274785,4.32148013480585,7.9959400562979,8.96866363728081,8.12338883175086,0,0,6.43404880265198,0,0,6.11374854931114,8.89287927303528,0,0,6.53614072124911,4.58557953622309,0
6.10468161904359,6.6071095401385,5.79936534454993,3.86681641259007,7.0944920742495,9.50837615925741,3.35620001573142,7.9357662604667,0,0,7.43136483890948,7.94231248519292,0,4.73329951369862,9.06208047404007,5.09037026211511,0,0,6.49626203813563,5.81954866302791
4.99321782005919,4.90608926147187,0,2.99673177388707,5.77296643899486,6.69885974093313,0,7.12432527172491,0,0,5.58146417019806,7.38718930195696,0,4.98100048896656,10.0858174426287,6.42132954203968,0,0,5.27376849362662,0
5.92982847644958,6.34712647812234,0,4.72623671396753,6.62108602678805,8.47175221245944,7.63510579900858,7.93128835476413,0,8.38333946113223,7.24802742963377,7.96060631170345,4.41364641842934,4.17484870188106,9.95891279864154,5.75615352139332,0,6.70112463604214,0,0
0,5.67387294425006,0,0,6.25891202397872,9.82797166665993,7.45812848555063,8.17230564519368,0,0,5.70574720996579,7.70777283478804,0,0,9.54204411452229,0,0,0,0,0
5.03213582554226,5.61557037709005,0,0,6.63816194766169,8.51086923730355,8.42703869818976,6.98591005178147,0,0,5.92817857453717,7.0748193635953,0,0,9.29366997956319,0,0,0,0,0
6.38554846784252,5.46881934653665,0,0,0,0,5.6708804233136,5.98027720146741,0,0,0,6.56064869762359,0,0,9.13853927539928,0,0,0,0,0
5.66974298243268,6.34512745943042,0,0,7.24811993031869,8.92551687656381,0,8.83775959835367,0,0,0,7.34861970544216,0,0,9.76405880464552,0,0,0,0,0
0,0,0,0,0,0,6.28441397266615,8.15898850659174,0,9.30384892983388,5.91652546044349,7.00796253939916,0,0,9.26315101460842,0,0,0,0,0
5.52835708455009,6.29557960539732,0,3.21406426787098,5.98868568965755,8.27492798089444,7.89473184846704,8.5747807353889,0,7.93155781084173,5.91504236076353,8.35351829993413,0,4.07414185490458,10.0097061998936,0,4.36284381525711,6.54560824758751,0,0
6.54140510920253,7.05999556373764,0,5.53429816666374,7.01372660805546,8.83015404609081,7.71439630978004,8.14930706494196,0,8.30022801457852,7.57076794160806,7.6060641152476,0,4.54435804659133,9.18884192759467,4.36577021215436,0,0,0,0
5.56021998601233,6.42918707827501,0,0,6.84368598107546,8.39881948134606,7.57132945719972,8.13046543751995,0,7.54140189323848,6.52984210633589,7.86672995087967,0,4.89537407598338,8.93325660521501,0,0,6.0174977241548,8.54307923792243,0
5.73940698562913,5.24959969975061,0,4.46682723636635,6.91436339719638,9.19141338119842,7.59952150646515,5.32051907453172,0,8.81270056616929,7.1373340795915,7.33419879347549,0,4.44640889360315,9.69380918733174,4.36627827770574,4.04550439680263,0,0,6.67088038278163
0,0,0,0,0,0,6.24492389562414,5.59046445595898,0,9.13261988253218,0,6.84715565685321,0,0,9.6644305512616,4.99382817577987,0,5.35559521769951,0,0
0,5.03773151975796,0,0,6.22918139027165,8.56201549402428,6.9150486178096,8.06695140432125,0,0,5.42371577594237,8.31854711170242,0,5.36891561539357,9.34015737478799,0,0,6.79925651082381,0,0
0,3.71235181029908,0,0,6.41926176042256,8.41131476388743,6.63306840202517,8.49499666101915,0,8.64522398343741,6.35438743195047,8.6120596364212,0,4.99016044090687,9.47740893845852,0,0,7.30051332661394,0,0
0,0,0,0,4.64813388542021,6.92634148045782,7.65759937802054,7.11358989117371,0,8.52006705790317,5.92307863424152,0,5.91733349776491,6.26792135131921,7.90907809700818,0,0,7.31784301957575,0,0
0,4.41194944832514,0,0,7.01563162727741,8.98977599173891,7.18016887930263,7.17531372262226,0,8.57633341794526,8.4524946574773,7.94154100503271,0,4.30555047596327,9.36733557374077,6.26830051261897,0,3.50164585295896,0,7.21493846269047
3.65377027700037,4.32519169792134,3.77872015811373,0,6.99419899488269,0,6.83819081559623,8.1649085957788,0,8.63808782546976,8.28229077483594,8.70067574066423,4.87664665409294,0,9.23365642779077,0,0,5.79450639606101,0,0
0,4.38215162686203,0,0,5.22013958548401,0,6.21915773312076,8.15758824492354,0,8.52214292126715,5.57848376695816,0,0,4.47026642352329,10.0991817950621,6.75766467919734,0,0,6.43319729438669,4.92812287252179
0,4.2227377769905,0,0,6.54091455241074,7.78782176381097,7.26870407698177,7.88100084842044,0,7.46795375426517,5.49835604414715,8.33947223560985,0,5.32578660853758,9.16113647222999,5.84183280813668,0,7.86135720973938,7.41795270547353,0
3.75114977984006,4.09982949245267,0,0,5.85122499069339,8.17211926611504,7.75966107792345,6.17717618441333,0,7.87670676983781,0,0,0,4.92805046908984,9.02966346200891,5.72378116116289,5.93083836279033,7.3181482253266,0,0
5.53172803021802,5.91282710159091,0,0,6.96851165682425,9.13307372414708,8.02118064362945,6.6365107009887,3.53427033588652,7.87260757747072,6.51517184470453,0,4.54084497543153,4.14662070678747,9.58233831680698,6.01053160982521,0,0,0,0
5.08778150327291,5.29941676199134,0,0,0,9.12475089270161,7.7665355350498,8.72630759279292,0,7.90251332440174,5.35512294036949,7.06938080951788,0,4.15559643825386,9.77002472898926,0,0,0,0,0
4.85374753855911,5.37948252096554,0,0,7.00124562206948,9.47500199549236,6.4903289194747,7.49136657247378,5.22778760035751,7.31266690061158,7.72495469154531,8.17242140864672,0,4.37045999830242,8.87413589950295,5.70797367927467,0,0,6.64705263326128,6.63734977019558
4.8912509770729,4.88786484192883,0,0,6.16352530819288,0,6.49846285603959,7.69912203929853,0,8.04552417618477,5.01223401545995,6.83002073877272,0,4.23439631766986,9.56244689655991,6.25329020501454,0,0,7.80378615904892,0
0,0,0,0,6.36645326545324,9.59537145349758,7.91126536621692,7.98046155251801,0,0,0,8.24532934849145,0,0,9.87392485028698,0,0,0,0,0
0,6.29404754724862,0,0,7.13866062944625,9.13941026812286,8.41266344168793,7.78613643778307,0,8.79410648818023,5.12770696568209,7.78959948312192,0,0,9.41390958993317,0,0,0,0,0
5.14534099694855,5.94589170181322,0,0,8.41382846063198,8.42547913779226,6.74652963048292,6.73568499785193,0,7.86093708944004,5.95625179135224,7.8946871232476,0,0,9.43664691575153,0,0,0,6.81164077579647,0
4.83968879532381,5.861839799314,4.47380786779126,0,6.34672348898883,9.40510090953856,8.31413654071421,8.0535437316091,0,0,0,7.49470826313568,0,0,9.17782131249349,0,0,0,0,0
4.26773748827175,5.58244312279704,5.6252081328501,0,0,0,5.78210061920214,6.47824847139369,0,8.60507768712676,7.83424977493908,5.66292575731089,0,0,9.44450298977283,0,0,0,0,0
7.15838947595818,7.75829502164295,0,6.6898728635894,6.4229222354904,9.02283057953347,4.34808197862094,6.0971075228702,0,0,0,0,0,0,9.30444983120399,4.7918157142621,0,0,0,0
5.89954112575733,0,0,0,0,5.31767872002666,0,0,0,8.91223348278728,0,7.70090162883254,0,0,5.8967416947931,0,0,0,0,0
6.8743846208403,6.96965908229695,3.59649000482059,0,6.65281141511813,8.61496941893295,7.08537412869587,8.06645871386054,0,7.86456972089415,0,6.74031839378747,0,3.72785975375482,9.0636426828199,3.22684399451738,0,0,6.16192436413675,0
6.48929611257851,6.94572521023377,0,4.18021640129606,5.90582495606236,0,7.41741822710268,8.62201796358915,0,8.0388153965161,0,6.92053329134135,0,0,8.84805974551662,3.34885090128995,0,5.37504689940671,0,0
6.9640599951926,7.88494165476645,0,4.52233190767909,7.15154032133421,7.19080413464246,7.03689579580523,7.58605274629175,0,8.19739005025336,0,6.47827920091247,0,0,9.66222458153667,7.35107478264127,0,0,0,0
7.19613960479629,7.48278311734099,5.29616505197989,6.79918963237536,7.21623213344062,9.86348813627226,7.4277804567894,5.6025615272988,0,8.66572525922077,6.64182165191235,6.41372121785598,0,6.07644887101298,8.25941161039642,0,0,0,0,0
0,6.00314605188182,0,5.228270368236,6.3620793777804,0,6.19348660180008,8.27870247248795,0,0,0,7.20111122452972,0,4.99538628333352,8.22446909596933,0,0,0,0,0
6.09216924122961,0,0,4.88174075368515,7.1706732362873,9.14669851538145,6.65938365924667,8.02139738528082,0,9.18415860113986,0,7.23579203678225,0,0,9.06653581925188,0,0,0,0,0
7.11315839521941,6.67851819977937,0,5.45438050217962,7.30481180047181,9.86319146137112,8.29915906473228,6.85808172473856,0,8.39864386223195,0,7.59099857761015,0,5.60969155125661,7.88160900950743,0,0,0,0,0
7.63257068586888,7.58097522448268,0,0,8.84316621800623,0,6.79446339299803,7.61218853155905,0,9.95834498782084,0,8.84415607136944,0,0,8.56733101850849,0,0,0,0,0
6.53993271629848,6.84512427071789,5.0441990109344,4.90423720330644,7.73532845189292,8.80041382643995,6.31095410520883,8.10790679146344,0,8.48672161272098,6.34710896023219,6.35581247824495,0,0,10.025612260589,5.47037812763293,0,3.79997350161952,0,6.5430913651779
6.01783867199308,6.90327525866043,0,6.42220746240042,7.7466680828349,8.61068353450358,0,8.75658639902708,0,0,4.1703792484981,7.45279680501049,0,0,9.60827721366356,5.48334359574912,0,0,8.00409164637177,6.81209203685865
6.57274397467943,7.29819473187329,0,5.31246678965246,7.11929577444531,9.08948374266647,7.46592430657863,7.7197382741655,0,8.15872235010447,7.15108569748841,7.94778814465485,0,4.21950770517611,9.20244327180151,6.29909629486738,0,7.05499355164682,6.41193320363325,0
5.13084501260429,5.56952701043129,0,3.21647294025189,5.84458735124722,0,7.12237460207525,0,0,7.89475048338478,4.76097663712629,7.70440174418357,0,4.81672686805038,9.34183343862506,4.60416968565451,0,6.21590725415381,7.83410722665061,0
0,0,0,0,5.85225994938743,8.81731852439223,7.86948580690039,8.5951592828756,0,0,4.75056838867745,6.9087747591356,0,0,9.54822589515159,0,0,0,0,0
0,4.50446548186646,0,0,0,0,6.98425324995486,7.62228227379732,0,8.66001826370215,7.97747414399527,6.57201677311467,0,0,9.25832068449475,5.7400179672383,0,4.78448723376175,0,0
7.33047729312591,7.27600299927349,0,6.14870331103447,6.8308526361408,8.66399291907641,8.77835827561593,6.22511273106728,0,0,4.94042739905276,7.0416041212142,0,0,9.05076064819002,0,0,6.07665551816371,0,0
7.72924290246952,7.54979335871617,5.92468351341763,4.85499461588363,8.84206988742573,10.5030874983904,9.73169635636535,8.13091875869399,0,0,6.27955278706257,9.43429959054339,0,0,7.05443238682663,0,0,0,0,5.42552254078332
6.56840089295569,7.07026520843941,0,5.44772825988473,7.20862254348716,8.40497365078081,8.36864677830881,8.4660051546468,0,0,4.00624168066713,8.39118542520174,0,3.85820019873064,9.09956634075992,4.52764098347885,0,6.74748088744686,0,0
7.45603852410656,7.09809460736968,5.85406855366702,0,0,9.12308060050283,9.18847403669878,0,0,6.86004503149273,0,5.71224655306833,0,0,9.25951998411043,0,0,0,6.43931842170793,0
5.87837983203782,6.2663273020975,0,5.29018438331785,6.13107430399047,7.04437315351709,7.64286460384448,8.0685251315574,0,7.67416686170495,5.66441775113392,7.94145208658332,0,4.41340417036614,9.19761778196112,6.38271240064456,0,7.32446361116965,0,0
5.3767587928546,6.26156801728547,0,0,5.99078931919291,7.87157442697538,7.68798341744424,6.52716813213988,0,0,0,7.67787738947065,0,0,0,4.16122409106165,0,0,0,0
0,0,0,0,0,0,7.98355260783275,0,0,0,0,7.37610754547864,0,0,0,0,0,0,0,0
0,0,0,0,0,0,0,0,0,0,0,0,0,0,7.44635169969348,0,0,0,0,0
7.26410016845889,7.9958760570524,4.92151259893308,6.29086518813895,7.77311054717654,0,9.15241884350891,7.96714498782856,0,8.71156188912086,7.5008666314297,7.86710166889177,0,4.2387334648474,9.42990151411836,5.38490782162913,0,6.48461996834313,7.29931076189873,6.5879906890635
0,0,0,0,0,8.55473750018857,7.49546416308163,8.00161629822476,0,0,5.80444195775538,7.41125412736167,0,0,7.73247443375955,5.92585879000999,0,0,0,0
5.08864516773128,5.41774349603057,0,0,5.79906235097108,7.12459097755791,8.07104982845678,8.75996994391013,0,0,6.90090184778112,7.55583186917318,0,0,10.801530807241,7.36763281192886,0,5.11625577595994,0,0
5.1289515209143,5.41048466341878,0,0,6.20494152730542,0,7.78851831013043,7.41918272161882,0,0,6.71585600190707,7.56781092454188,0,4.0936776732344,9.47429567775822,5.69504440871292,3.67122451887522,6.5948921413331,6.92522184648077,5.70221457948404
6.79027719682271,6.90736520291236,0,5.78867494167416,6.91486990986754,8.94100103817212,8.43481976973775,7.15804696221536,0,5.8926657892853,5.39344571163961,7.94856894892288,4.86368088113959,0,8.77710522084238,5.00381206874813,0,6.40417004687164,6.95458161133364,0
5.70558085659758,5.96773522040874,0,3.62220532084594,7.06020165015727,8.36200263777423,8.3602679995209,8.02379482697277,0,4.53367418428302,5.634932450109,7.9263679146054,0,0,9.58643845945153,0,0,6.37480333022442,0,5.01853732399211
5.13444457982254,5.65203293585412,0,0,0,8.37723663010404,7.6734370517253,8.32113694410441,0,7.76819497731628,6.23611515470662,6.31718273712589,0,0,9.45372566984587,0,0,4.4853726225325,0,0
4.68194602479014,5.44583178933659,0,3.93769075217672,6.50517101724836,8.42676507492351,7.91477845607634,8.0821458107911,0,7.52433993898608,4.92920829540053,7.66854708922605,0,4.35632413732151,9.50250239444967,5.71343573168434,0,6.10076728199843,0,0
5.96932118242229,6.77918299818237,6.02545526147522,5.39362754635236,6.90515189311202,9.14111890293423,8.54356439438516,8.21533646487507,0,7.48507625803629,6.41150623216816,7.90750073712221,0,4.39518962120016,9.23840290974107,5.87397521831551,3.64204986675714,5.62560469359218,0,0
5.8076018032952,5.72857264346342,0,3.45694739676665,6.6096187486265,7.899287055127,7.30895128743809,7.59970674496024,0,0,0,7.29487310027224,0,0,9.06842075349122,0,0,0,5.84871940942721,0
5.14883079284766,5.3873808032888,0,0,5.80495422969257,2.84083131233603,7.22895432917052,5.39107884662935,0,3.22565280914722,5.3837608483655,5.93529094230204,0,0,9.99811113304873,4.3138816179422,0,0,6.00984459438941,0
6.05434544514718,7.21471778358641,0,0,0,8.65158771143911,8.88960742040696,6.89281421511284,0,0,0,8.6952607126179,0,0,9.54137643074984,0,0,0,0,0
5.4350747999029,5.10715686108688,0,0,5.56175797462678,0,7.3906627938329,8.08714846433368,0,0,0,7.63924778965941,0,0,10.3065598000355,0,0,6.21354753622487,6.34403859385041,0
6.96212035062743,7.28502665271952,0,5.34753601033554,7.20339808057922,9.4126851199756,7.69935315729889,0,0,7.09525507220486,5.80546623934159,5.49042422407679,0,4.23018578513351,9.3979396437655,4.84599647215461,0,0,0,0
5.85105239339124,6.43835946497929,5.96334795438216,4.39481945647263,5.59504589613565,9.30513223565973,9.04533128578663,7.16307943532579,0,0,5.39226297939056,7.86582498732322,3.38642209608,0,9.5419938742662,5.94568235445285,0,5.47138793122781,7.80536051933152,0
4.994709143546,6.34880676836768,0,2.81241021642645,6.09719749340491,0,6.78011507063323,7.9479931206239,0,7.9605923539466,6.41931065499771,7.06173737317106,0,4.68435098386253,8.91339284075946,5.447125227475,0,6.15181738231648,7.64909244363948,0
0,0,0,0,0,0,6.9030341519796,0,0,0,0,9.05893824474851,0,0,7.79295567641781,0,0,0,0,0
6.00247866837108,6.1228874684684,5.76653815748159,0,7.07109786917829,9.48887321760526,7.88657000419465,7.4598917377664,0,0,6.09737741019388,7.92153926057399,0,3.96024157769862,9.27211257036878,6.39211809821892,0,5.47646355193151,7.54014876689637,0
6.24852631662565,7.09097643101893,5.9826760410749,5.119908146574,7.50313526374458,9.74824210700485,8.51348833691038,8.67780239855452,0,8.26853181211507,7.84658215359458,8.20948526675545,0,4.80590451578917,8.54176482107871,4.61145042394524,0,5.3539885639185,0,6.43888700497665
5.665561261836,5.82591160788926,4.23163969641027,3.44489523692787,6.09699504831745,8.50521169915065,7.6757501580308,8.22185522055354,0,8.70969277591074,7.21227971912903,7.79038994628756,0,0,9.31415068669318,4.80057248232058,0,5.43004713722593,0,0
5.82354872762163,5.94975674370819,0,4.78523920772875,0,9.78235328276226,8.41331823843023,7.20813390795511,0,7.67308822830315,7.7394854463526,7.61533283898429,3.91840261239218,5.89874600610478,9.80788482994534,4.7130375568571,0,5.4249500174814,6.80923796180631,5.98042887748772
5.5247355503959,6.27149869862549,3.93495797671064,4.40488830381714,0,8.62585564965661,8.53984078755588,0,0,6.88701160904419,5.58334592153425,7.49331724886215,4.27039650600246,0,9.55553163007362,6.52960860127798,0,5.30777252531879,0,0
4.0613047081439,4.87504463978991,0,0,5.43503118986386,0,7.54083924260843,8.05183157135531,0,0,4.90911923090374,7.25206103899992,0,0,10.9558185272366,7.43878345006563,0,0,6.3597295658935,0
6.21043942154997,4.38639209218352,0,0,0,8.2028549799171,7.63378098810802,8.19935152294914,0,0,5.05656422598466,8.73266902074235,0,5.49937889471604,7.9162604948441,0,0,5.87135693672007,0,0
5.82357829811028,0,0,4.89828746092981,8.27419636152309,8.61093122695824,8.42542652594275,4.44112067398159,0,8.23876417707651,7.71516820567043,8.00287815338598,0,3.82253583892661,8.98867323023279,4.51030990496413,0,6.80492489317794,0,0
6.1798095928795,6.53782139391363,0,5.68388584294174,6.74596549535759,0,8.2866775327724,5.93136947255664,0,0,0,7.78125958810974,0,0,9.00605537501051,0,0,4.1227700364058,0,0
6.03932570845932,6.69814474195051,0,5.05305600998021,6.8846299375804,8.63446409595586,8.25350104570455,0,0,8.54712473971332,7.0630053542527,8.1618830300237,0,0,9.32013603779907,4.96584711130612,0,6.28534611292753,6.61757675966501,0
4.48368028840038,4.70537744640512,0,0,0,8.41204820808521,8.07244552824262,6.91444286713195,0,8.75662575351897,6.63167234237371,8.19662698058278,0,4.74666974826179,9.66289260760816,0,0,5.97169541925069,6.21923736680585,6.5651522876306
5.32933142007721,5.22735827760754,3.96953691162875,0,0,8.9876142335331,7.41004457172584,7.87695719575288,0,7.68821712386879,5.46797574938859,7.54452785608956,0,3.38912480042789,9.22532750178443,3.48154773431581,0,5.1113851971964,0,5.34534407197579
4.26535235911578,4.24420031776648,0,0,5.57321810463508,7.08471247327694,8.45164722964739,8.37680635383473,0,8.14930706494196,6.4394142668223,7.98924175448826,0,0,10.5023432842092,5.48321892560538,0,6.14321950233454,7.25525929825177,0
5.44975007030825,0,0,4.26689632742025,0,0,7.36987163530647,7.80550722457649,0,8.200510640831,6.74031839378747,7.7103441359227,0,4.49814161322957,8.94344867413167,5.10800395982453,4.06182137051654,6.46875406965452,7.69975635296977,0
5.60193430201212,5.9374306586155,0,4.61244366995459,6.51438671182121,8.81971855513773,7.32369203417976,6.33921226164672,0,7.15898859286225,7.06632190842148,0,0,4.98552259328118,9.48714600987311,5.27740011829265,5.68714483350318,7.43241279947892,7.77311896518097,7.62381299737519
5.95826964225034,6.98128451227025,5.43402763370048,0,7.27576771003965,0,8.07959324593527,8.76942009215639,0,8.59981963528991,7.57542053552739,8.26361620548107,0,0,9.89558642063987,0,0,0,0,0
7.48689354293021,7.62922263091937,0,0,0,9.34481881600592,8.74474302081326,6.88091836902854,0,9.90126007354578,6.46374682825346,0,0,0,8.91285843735025,0,0,0,0,0
6.41381954788441,6.45255355896414,0,0,5.75282657483512,0,7.99686926794894,7.45766122143118,0,0,0,0,0,0,8.28054638006428,0,0,0,0,0
5.66825891858715,6.20071199323008,0,3.71308414281075,0,8.27074262962153,8.40858072723414,7.47579831484765,0,8.71236845095627,0,9.02636945573644,0,0,9.0921613829406,0,0,5.49367853684979,0,0
0,0,0,0,0,0,6.74977895737684,6.72315913728017,0,0,0,0,0,0,9.93064055052863,5.76609978072106,0,0,0,0
5.60315149781738,6.50298492947331,0,3.31163730494951,6.58459800352155,0,8.20915874058284,8.25759569591112,0,0,6.7590812416004,7.75914475727259,0,4.61284069229231,9.36664302037152,5.18442051986792,0,0,0,0
5.02012347196856,5.58608693517192,0,4.05958056978576,6.19238293916353,8.39208564691661,8.48311093375904,7.3384721928965,0,7.85239242797047,4.31575327624259,7.719693875501,0,4.60966009126094,10.1441016020816,5.57412926642933,0,6.1421234233931,0,0
5.24354434070074,5.45313924963941,0,3.81418964507938,6.66369447941254,9.01590088879033,7.86573291123762,6.69922936749131,0,7.21947365113712,6.28273392746979,7.57607683810643,5.14749447681345,0,9.49736722982175,4.60846475293752,0,6.15928564523341,7.19655922190185,0
5.36900879467057,6.15004824372373,0,0,6.56609561087321,8.35060954153582,8.38474692411593,0,0,0,0,8.06462075238017,0,0,8.68188356162925,0,0,5.2077359883168,6.05638580749154,0
4.8440295937423,5.81380211969475,0,0,0,8.17896701754596,7.65190446150811,6.45362499889269,0,8.22844388300403,5.19501029668211,7.68482991947737,0,0,9.16655879387247,5.20026342607265,0,5.95505986521418,6.84792034527995,0
5.79954709664058,5.91452950563386,0,3.56925096665841,0,7.80128493165369,7.61952301591861,7.38980481410636,0,0,6.13302921142916,6.97986196418208,5.43433317046548,5.14277405078669,9.28545712085781,4.93856626752055,0,4.8495271337015,0,0
0,0,0,0,0,0,7.05454464498597,4.85802786728569,0,0,4.86553244778491,6.33335067357327,0,0,9.83212043618771,7.3204938710568,0,3.40518940293169,0,0
4.30217140942442,0,0,0,5.5951945342393,7.97332082293676,6.82522113692852,6.54032267839044,0,8.19286649816749,0,7.7486498246957,0,0,9.20325633936264,0,0,5.38975642686482,0,0
4.6559583528202,4.52861306326594,0,3.97612393083467,7.21172646060673,8.44677287304014,7.62299657701515,6.24304005241643,0,0,0,7.65354234686626,3.935153422817,3.57150258596036,9.19656898015893,5.60008723831744,0,5.96496655580175,0,0
4.4479314095616,4.98093181472281,0,0,5.61031393133125,7.61366072564075,7.62303081161508,6.48800360211552,0,8.0297552641672,5.47926297716206,7.46173234200405,3.23907053215372,0,9.800341250364,5.70923425333445,0,4.41122129295316,0,0
4.35529757493186,4.79148376405158,0,4.22814675151123,6.68884027474789,7.93665658123762,7.60306013009588,7.7395463858658,0,7.83081107611315,5.66230054020126,7.79564653633459,4.19780327059033,5.35818876358543,9.66091267998311,0,4.88778946409741,7.20363614924828,7.9157606435121,0
5.98901154094692,6.72494960502237,0,4.72774173837627,7.13666616719041,8.61340841608933,8.14670325844378,8.4749451806179,0,0,6.42522552437099,8.65471436427193,0,0,9.17422291872717,5.13001705111634,0,6.9017271462438,7.02983130876081,5.92857799405279
0,0,0,0,0,0,6.61373315078416,6.17414020786639,0,8.19054018794635,0,7.16051976652987,0,0,9.21136984189014,0,0,0,0,0
5.1908435082428,4.03742141482248,4.41485677926458,0,4.97928221643823,8.86000528858363,7.55733712216215,8.48654839970153,0,0,5.98660274769107,8.06433768900354,0,3.46479796307175,8.86047788475617,5.11601580955409,0,5.04966368106373,0,0
5.6690529941351,5.9636050502289,0,5.44488220362987,6.37260280905841,9.45578538667782,8.74643173049794,6.44110601754898,0,7.70349514829858,6.18270454940918,8.14093925231665,3.91661245776195,5.02216852990993,9.27220657565195,5.32748774384782,0,5.93750981951006,7.11658081498106,0
5.82493759621267,6.01532754737251,0,3.46760914718141,6.67742345382094,8.52408141305206,7.07347308660931,7.85706290467091,0,8.27572526964562,6.85813426975652,7.73358286517987,0,0,9.36880459223957,5.37537099599033,0,6.55363421397379,7.13720689257076,0
5.31743348374027,5.52660765068178,5.70448222977047,0,7.15563046651553,9.19260502637995,7.29822180188311,8.30423261715829,0,7.55316599004139,7.99805982035111,7.89181680257453,0,5.0587903359833,8.73979579644538,0,0,6.48774489943194,0,0
5.6811959759834,5.86819461090659,0,4.87824610605051,6.82713073540825,8.77245382318399,8.00775327378255,7.01859873580839,0,7.74038175328023,7.10105798828533,8.38047271907831,4.72897947171438,5.16832256993185,9.22676475039033,4.83866002935645,4.48469603252022,6.91282241931516,6.5578715084493,0
5.86859044895745,5.75896486336975,4.89910765260238,4.96333402097824,6.84211748720126,9.53290201768458,7.90729465095538,8.87645378966788,0,6.84245913758947,6.2955242706683,8.12326725030226,0,4.54626907806793,9.30568691475573,5.02729573498936,0,5.50309326050406,7.3998322398363,0
5.07323443585278,5.98164145815922,0,4.75488245921642,6.6538689748334,8.94327366835211,7.53414280685044,6.76403501276968,0,7.29935808109715,5.06322774421543,7.61384336367488,4.50324819626271,5.27535575491069,9.2171471531891,6.53576363093151,0,6.36080148854109,7.793248601858,0
6.24296229191872,6.60162406286183,4.96375330819613,0,7.15651979232481,9.5318729948031,8.40893960597598,0,0,0,4.85413741731176,7.35258211594143,0,0,8.33161513798817,0,0,0,0,0
0,0,0,0,0,0,6.40412040635173,7.32881810771336,0,0,0,7.4233355813278,0,0,9.21462119615966,0,4.20334843279473,6.73636179271987,4.49936512709111,0
6.11390339430056,6.50751648984555,0,0,6.38983790140239,8.71003257477288,8.05710504093119,7.36733602824095,0,0,0,7.96195231956427,0,0,9.65518002755837,4.98065707057657,0,6.22849127953079,7.54499855259685,0
7.05517478376683,7.05676131924482,5.97835397795789,4.83881836994739,7.51638977639709,0,8.38354979251925,7.98037602848656,0,8.35491423312307,8.45394024357509,8.36470146809271,0,4.57831273181821,9.064045586977,0,0,6.96458919573416,8.0124324722125,0
5.73734619149434,6.45645563453017,0,0,5.62116144596786,9.58472064738372,8.06627349989864,7.35043267444967,0,7.49734032582564,7.13765992251425,8.17973807192387,4.84134841557276,5.21542476845847,9.4394500902689,5.29486140157465,4.31975221518938,6.05284182678289,0,0
5.85647494896123,0,0,0,0,9.53771420046928,7.2816815592245,8.64637061927758,0,0,0,8.13297966036936,0,0,9.48614468227191,0,0,0,0,0
4.68240896632889,0,0,0,6.72605353006759,0,6.5982773941599,0,0,0,0,7.24363448265121,0,4.02320653438876,8.6944419030609,0,0,6.85499775523907,5.70414907411707,0
4.17745946893261,5.63221486279678,0,0,5.70704381735857,0,6.78749542855085,7.31663455219009,0,0,0,5.90862626879898,0,0,10.7858801810045,0,0,0,7.18412106308544,0
0,0,0,0,4.30743777768281,0,6.65296624983238,6.68627284724456,0,0,0,8.2759365846751,0,0,9.37942470198812,0,0,5.18883726592922,5.86771373967181,0
5.99436035022001,0,0,0,6.25906507837072,6.43486749455654,6.09112887022093,0,0,7.75014540181674,0,6.7378325382021,0,5.42851194820586,9.4992716638284,0,0,5.48616529146752,8.86046227703772,6.61201415275134
7.97326225061975,7.52001773080162,0,5.85292061265991,7.41354222992991,9.99198823662385,7.19167026486467,7.56949950790184,0,0,7.04657764966324,6.29430613131759,0,0,9.20834137531302,0,0,0,0,0
4.90193587717291,6.08326858758302,0,0,0,8.83495868575416,6.49207315446337,8.75904700891153,0,0,6.95293894755746,3.62567337821014,0,0,10.1919805461025,4.82510860635335,0,0,0,0
5.18481266575122,6.0382049929918,3.98935434836447,0,7.01471551440572,9.98001331376652,7.79735700680195,7.28364051796019,0,7.89239227333669,5.4712197014255,7.58711281795853,0,0,9.41346895345113,5.07235735272425,0,6.36031753671941,6.57344270860204,0
3.66944176022146,3.35724549413297,0,0,6.45963837829386,8.34557415775542,7.29047022006378,6.62736654535782,0,5.70218119328923,5.99141454585794,7.88444095924098,3.96783607024736,3.2244602031621,10.2744336770174,6.19078660629619,0,4.10890471355343,6.78819441392317,0
5.44979304317089,5.70434898082794,0,0,5.77935366150327,7.5510554871475,7.97263151951948,0,0,7.86653828967476,4.23656724261249,6.74631811710391,0,0,9.86160770702209,4.92732614629995,0,5.94915707481173,8.55074788294289,6.41669960223977
5.37351759911097,5.27586723771044,0,0,6.10795786254379,8.2462266330853,8.18405060535108,0,0,7.87858722503733,0,6.47257810688845,0,0,9.14324177664333,0,0,0,0,0
5.67579443811603,5.4043876302751,5.34815460139521,0,6.23789484519738,9.52596829607836,7.0202621981604,0,0,0,0,0,0,4.51688527112052,8.81007472322139,4.92551304067942,0,0,0,4.16106819426501
3.65351131027615,5.0619619212616,0,0,6.50651622849989,8.19715044848687,7.54188467107721,8.57931504476312,0,0,5.51628755908825,7.94961730579906,0,0,9.27440378026552,5.89225176203639,0,0,0,0
0,5.71128757414197,0,0,5.94159129661225,0,7.08014433809725,7.86506126670037,0,0,0,6.75946406556986,0,0,10.0522437080461,0,0,6.38318563742389,0,0
5.03037255977929,5.65986541758974,0,0,6.81713010736807,9.2911643128691,7.4034936605288,6.55804176226978,0,8.12189918186946,6.16741166359122,7.58102622953729,0,4.55124184396254,9.57712009028661,0,0,0,0,0
3.86681641259007,3.79616311933361,0,0,5.41155676215455,0,7.58139338915386,5.83574597210856,0,0,4.572543683161,6.03689192057223,0,0,10.250980975012,4.64880422300815,0,0,7.68334382659223,0
4.87611293443557,5.91001042719397,0,0,6.90543258361249,9.53490629462729,8.14565403468608,5.55334710672457,0,0,6.68872824317977,7.2777382766446,0,0,9.41901982067957,5.066826573746,0,0,4.93043701876714,6.0665024438906
5.98141421125448,0,0,4.14345213632913,7.22422158192754,8.88332686024121,6.34449535925661,8.1518579983966,0,8.12723325445894,4.57594732731119,6.74332864862671,0,0,9.26278100791562,0,0,0,0,0
6.49087526805867,7.26972120097745,4.7014798661255,5.16587109924773,6.73915909680666,8.81263507847946,7.34123754853967,8.24152137292309,0,7.50576726442704,5.95051233577655,7.56979871449075,0,0,9.51661846171004,4.90275308311714,0,5.62769305354895,6.63685165776917,5.3331051920337
4.97293342691224,6.20150259524371,0,0,7.96018400334576,0,7.30712182862843,7.77919089422187,0,8.56093252635772,0,7.49086435433315,0,0,8.74714074293377,5.57606273305383,0,6.53877637944438,8.13755371232943,0
0,0,0,0,0,4.90904543833462,5.87910738971487,6.71929089358993,0,0,0,0,0,0,9.98414545555358,6.27125304712814,0,0,0,0
5.07872998456159,5.97987261957198,0,4.80582269946677,6.21214506765071,7.99964166606648,7.07703381080414,0,0,8.54535879059123,6.93043611320519,7.40239664126361,0,0,9.37451493016409,4.09600984154116,0,0,0,0
6.27466785484985,6.38918306101732,0,4.85926962142275,7.65549007170132,9.32653102935986,7.91026040367172,8.45615998614095,0,8.32517759892271,5.56275640026942,7.92086414403631,0,0,9.01967853150721,0,0,0,7.18857133419158,6.80740441625479
5.79957738544433,7.56711814237348,5.03252724051235,6.10157376978801,7.92727385398387,10.2312901735525,8.02792355886591,7.28855877401944,0,0,8.20651812786551,6.83941219633668,0,0,9.65139782378747,4.52699240492407,0,5.50711855614637,7.96643059804655,6.52181334736271
6.32371359288489,6.42449618293395,0,5.27949126229799,7.60389796852188,8.74180126978698,8.20142161011586,7.21302429061096,0,0,6.27921536719659,7.3563054190087,0,5.21025088767959,8.89725843689167,0,0,4.62389379998619,7.66185643887908,6.34424943457859
5.44703905029467,6.53628571813193,0,5.06518660870076,7.28221807682551,8.54944351389638,7.54912483736044,8.20780796681449,0,0,7.48474497695811,8.69291300457563,0,0,9.56165195879404,5.44781437769395,0,5.96470980979916,0,6.15744497868882
5.73924613893177,6.71077886237215,0,5.80172554898617,6.94847486825915,8.93042935980171,8.05260527071142,4.36488047583891,0,7.18850336683099,7.46984229662686,8.26622613136743,0,4.43935170129315,9.22529794760916,6.25348259780425,0,0,7.59910083759545,0
5.10102429382394,0,0,6.38245878878769,6.9063943533428,0,8.13255077839345,7.69771151547014,0,0,5.52469568037218,7.56005963147148,0,0,7.18245089120095,0,0,0,7.2839975284134,0
0,0,0,0,0,0,6.83567908751726,6.2033246794017,0,0,0,0,0,0,10.1057669533377,7.48475620862242,0,0,0,0
6.03039675710977,6.20215082781984,5.12717311034421,4.18692374351519,5.96517190515306,0,8.41960461804338,7.8309580674588,0,0,5.40164080877994,8.15429032272342,0,0,9.44220577710226,5.01103521411758,0,6.24282619649618,6.43574964706573,5.19888369683255
5.81377225869769,6.02114470120939,0,4.42819431551889,6.31416379869165,0,8.28920291367608,7.74702672802415,0,0,6.08041362886789,7.46613601884529,0,0,9.46077218864781,6.12854899514872,0,6.02815803104446,0,0
4.03122725290662,4.47335161136724,0,3.11839228628988,6.1815475722957,7.84656259908541,7.76893913822467,7.08865916468847,0,0,7.21070027809983,6.97486237350888,0,5.0891383555842,9.41145097066672,5.09907343055813,0,6.51617828303414,7.04396308681007,6.76385026593005
6.14938667749496,6.43749561696281,0,0,7.1792088792289,8.92773339939115,7.98195533241714,8.06287706728721,0,0,7.10347007788709,7.95586694147436,0,0,9.576697293933,0,0,5.87868770950502,5.57078427319334,5.98743142499382
6.26864163491462,7.15144627818401,0,0,6.84497521085943,10.0870125515696,8.28536453351497,7.50833750814774,0,0,0,8.00174021126476,0,0,9.40677026977197,4.43958774519841,0,0,6.05399323738793,0
6.07196099797835,6.92243697351812,3.75887182593397,5.84322552561119,0,8.68587717783681,0,8.25214893898696,0,8.24065150050224,6.7259935654467,7.44656759608739,0,2.67965072658051,8.85258341430023,6.08299486495357,0,5.68449771324433,5.86072924178546,0
5.01966110530357,6.42478798334454,0,0,5.52485515093026,8.66247897965935,7.1019395283186,0,0,7.56580881829955,0,0,0,0,0,0,0,0,0,0
3.9596696588955,4.67161314253681,0,0,5.31335375137415,0,7.33611626456721,7.35397837956247,0,5.37638890196819,4.8793870074863,6.042751591476,0,0,9.52369019117654,6.01383739795971,0,4.59935330066653,5.7245323655748,0
6.07849050732461,6.95711670851986,4.79645148415352,0,5.79273918048835,8.83780459308857,8.00949267939775,8.80169521286139,0,3.99194262860402,5.4546798841719,7.46794233228585,0,0,10.1187803673056,0,0,4.75969222542426,0,0
4.68895971171777,5.88131480360699,0,0,6.22445941447257,8.34485444019567,8.16482609820745,8.45210838776021,0,0,8.13275642969184,8.16755911656808,0,5.43607730625252,9.01236614887369,0,0,6.54702928346018,6.11191070018385,0
4.24863808898911,5.23681423395399,0,0,7.02595600517146,8.99550471434444,7.78360727621592,7.66049125095374,0,0,0,7.79224569830649,0,0,9.80386609250455,0,0,5.12717311034421,7.98061205705053,5.54521650621664
5.31483027492225,6.82540574596511,4.72339756735274,5.09178508103902,6.53978824729406,9.65537228718636,8.43673122920113,7.41125412736167,0,8.59735650720094,8.20131189873895,0,4.22317743406507,0,9.64991700971311,5.92168565250007,0,5.30350389323534,7.13119478649699,0
6.18885942839941,6.52343013882549,5.30111345385004,5.17761758131025,7.03120224426296,9.00703131019564,8.2085407701468,0,0,0,6.35631597233085,0,0,0,9.08119477624019,0,0,6.78177246685779,0,0
4.49803031043019,4.84355696671499,0,0,5.72423848322358,0,8.96245576939847,0,0,0,0,6.86842175946646,0,5.17795600987685,9.98214622595289,7.07996757562767,0,5.93208602358848,0,0
6.75822225468776,6.47701851567078,0,4.95237038596428,7.06962749940867,8.29942765263302,7.30042554778951,7.58060280875019,0,8.07159022971004,7.09689520444576,7.84525157514462,0,4.68453574136883,9.39692781691719,4.83818485709756,0,6.45998269857772,7.70911989032876,0
5.39852462696506,5.07179310707435,0,0,6.50229517086147,0,7.58102622953729,0,0,7.72211959193275,0,7.93334515990437,0,0,8.64929105703172,5.11511542232677,0,6.10662191649543,0,0
5.52573178471289,7.39176042786369,4.33689850705613,5.95272371879155,5.24618161212751,9.26491378090134,8.33359001369693,7.54653602684587,0,7.41816281536178,4.25461930875732,7.16865693589895,0,5.97256201460492,9.6662894470548,6.88852148986684,0,0,0,3.77849161280362
5.82888679235062,5.57314213699726,0,4.30040977200156,6.85166100462723,8.34611301290307,7.71588602477963,7.83995479245571,0,0,6.76378097706475,0,0,5.29866730531232,10.1344564061516,5.46408601000092,0,6.25759095659405,8.55506876951164,0
6.65498979843392,6.77607360314767,3.70499883599382,5.41249390661031,7.63097084066412,9.40768189552652,8.09017855106155,7.97695935406966,2.84316367490938,8.34684605423886,7.61147141089132,7.78918537872029,0,5.297216761104,9.40742738097061,5.17337753199219,4.31187237475068,5.97690912909878,9.11405081273635,0
5.95342513594268,5.57135523413609,4.02499448408731,0,6.47554056913126,8.92305555394175,7.90671664711415,5.43048533012545,0,0,7.33830316745776,7.19573480718957,0,0,9.41591448058029,4.24031905076518,0,0,0,0
6.03126201698205,5.68937924434546,2.28543893415908,4.66748749205295,7.14114218752002,8.51127974138417,7.37980057261201,7.21938578475255,0,0,6.81566191965844,7.62276668577226,0,4.24677948526586,9.47474869976825,6.9432671999835,0,6.08199057380735,8.11212300531611,7.26216566073436
6.66304329224984,6.85232713207252,5.27258921797531,4.89170159668248,7.59341953214384,0,8.22606251268491,8.18457232872399,0,0,7.2434843824054,8.02070758963005,0,4.42472686420591,9.41244004596203,6.06290109704583,0,5.46531375723925,7.92364516167902,6.8322232163697
6.00440545124078,5.29395787777058,0,0,6.88449688740494,0,6.38938459604311,8.30398511935976,0,0,7.04396308681007,8.77721471380525,0,5.46560988432223,9.56595675583784,4.31026206844457,3.56896915744138,7.33304262203739,6.57628849415933,0
7.29189460037555,6.90017663345859,3.22087382753087,6.15056012361376,7.991852735292,9.24236215799892,7.7711640868436,7.16644356454113,5.28624478531377,0,8.07334685768651,7.85686551065827,4.00551334851548,0,10.0178514161469,6.1795196357497,3.59621576925052,6.7858926832248,8.53504293267903,5.29766715520645
5.71379880993169,5.75460232365283,0,4.13292404418958,5.59285091394892,7.54867188393843,8.35111027138364,6.21983441739377,0,0,0,8.18766637939652,0,4.48074010760991,10.1988512952667,6.19670885853436,3.71015158938948,5.6579479383124,8.43616750077321,0
6.09458505582246,5.44544343143833,3.27902974768795,4.45318382899021,7.16443418159552,7.79439060394867,8.26069707563632,7.74212854692493,5.74706543850582,0,7.76339963880332,8.2565165021923,0,4.80246245371187,0,5.22159829613463,4.85981240436167,6.39230229883066,8.43810019928676,7.18213932328993
5.30151225744456,5.86502225305559,0,3.7891771754293,7.07626522643951,8.41170822357011,7.56025232525301,7.54785499591997,4.57130311647651,0,5.99747146937138,8.22220717666744,0,4.62192896980305,9.64162266336004,6.6386463201143,0,6.35228090354726,6.51385306223843,0
4.92956984137504,5.30578938138674,0,4.40097105067482,6.00074633770622,7.85963320770022,7.47155658113374,5.8222171498013,0,0,5.85990264233982,8.12922216561065,0,4.94299864538044,10.0997531050421,5.25478336452431,3.2846635654062,6.56216156791136,7.49364570271037,0
5.85062076976034,6.36388980113795,0,4.95737515445537,7.33509928880874,7.91787509437882,7.61363110551881,7.40899106690882,0,8.10889106276832,7.19825836862062,7.78602841366866,0,0,9.36904353067139,4.98873045870821,0,5.48005541980358,0,0
6.24089943237626,6.41308183688611,0,4.67077064307204,7.27196774429883,0,7.29709100516042,7.46620467265846,4.1568497675735,0,7.41869089669857,7.93652790916894,0,4.74118598990553,9.65023911240224,6.65987067640442,0,5.62711738972072,7.04994904468531,0
5.84507947011833,6.04786850975452,0,4.50733682563933,6.8119049533253,7.3343750411627,7.68370289963523,8.10824402100553,0,0,6.02325386959739,0,0,0,9.26892055240462,5.94926139088954,0,5.79401920016818,6.3750248198281,0
6.03387727573959,6.40823220672027,0,0,6.85966736817508,8.56151242346616,8.06777619577889,8.00181053345763,5.0820873615029,8.75067353355181,7.18998250075095,0,0,0,9.43080032566119,6.91407526572695,0,5.50125821054473,7.54264285137486,0
5.28740807604,5.1395560741631,0,0,6.73607688228666,0,7.68634135082386,6.81587022672573,0,0,5.32276604695035,7.9136161115187,0,3.85967652505594,8.82379809249012,0,3.65996544394929,6.55754510758357,7.33511885579142,0
6.63464649837982,5.82812174891181,0,0,7.1383112900118,0,7.65039713738823,7.51340369106925,0,0,6.63034031888613,7.62189555442104,0,4.35773394210484,8.71922423391393,0,0,5.85547298789663,8.44267867509617,0
6.48439093098614,7.01841970401186,0,5.41244930059295,8.26738990649714,8.7575619336423,8.49100115525198,8.28679841338784,0,8.6723165409041,6.70711902737123,8.29030262881509,0,4.3391191336626,9.26076729116911,0,0,6.23803161336578,8.19461044764527,0
4.64256230520515,5.33508314573836,0,3.93260963903653,6.32843665877085,0,7.72158794567764,8.18495438118695,0,0,6.10043105335979,8.10186257885704,0,4.65004794476618,9.65949057202675,6.33569234574496,0,5.44966411904256,7.57294527402746,0
5.17218708940382,5.17025669648052,0,0,6.69464868843198,0,7.23859741054971,6.81285101678211,0,0,6.32256523992728,0,0,0,9.33574760278538,5.21710731112249,0,4.69208155797739,7.50802481871437,0
6.58772906215575,0,0,0,7.98104634085669,7.0716837146592,8.0426898536496,8.25729229037618,0,8.73467434155284,4.73637387160344,8.30098553110314,0,0,7.73306166114297,0,0,5.33585397007676,0,6.41798966161444
6.34568899102255,5.502522716842,3.81418964507938,2.99322914333587,7.17161841957336,8.06630803391701,8.47892834128031,8.11757495697998,0,0,7.57496907751558,8.46497736636494,0,5.24686616495696,8.47871012613386,0,3.65687265797885,6.48122484671154,0,0
6.50899265893364,6.54674236822732,4.61996027146073,5.08691709225341,7.80194354094834,8.92377101356179,8.65604167323505,6.87689392879322,0,8.27327278840333,6.73453220517344,8.29023487312202,0,0,9.30587779868525,0,0,6.04649709177735,0,0
6.88304241618673,6.65914006169426,4.68923556110576,5.18520465791639,7.33291843375472,9.41600403634306,8.61371354775237,7.57359806421458,5.73583008662498,0,7.43585091391308,7.35119031834193,0,4.8263918917396,9.37217006400437,0,0,0,6.96929242549771,5.53492980380921
7.7869711537063,7.96781036765675,5.78324039599092,5.26662027980478,7.73588779467974,9.73990923855931,6.88796065165396,7.74339545181187,5.82682572516634,0,7.80142814449072,7.99930602688887,0,3.08648663682246,9.37904463281095,0,0,0,6.15708491217853,0
7.10961799098293,6.75288934342047,4.02767042895411,5.68276310743213,7.60036231368957,8.89556113164003,8.00337977530734,7.74523221442858,0,0,6.87186900041773,0,0,5.05203312279218,9.45654398448142,4.83960969704415,0,6.22432077727598,8.37235699677077,7.35577527927573
6.84117734632456,7.35433034014652,0,5.43219245010406,6.84120941113824,0,6.30860832970938,6.54032267839044,5.48840039173576,0,7.89748976246438,4.85787253954385,0,4.48322851518285,9.35203088823923,6.240041899679,0,5.39897684964721,7.59577935884331,5.87025690417229
0,6.04006421694404,0,0,7.36500289512667,7.22578710292854,6.10648822367676,4.96856251767435,0,0,0,8.57284925507086,0,0,10.2934463907728,5.71712638074778,0,5.9880838389485,0,0
2.79910893204918,4.98913923375137,0,0,0,0,5.72834499748445,8.10356989560661,0,8.55069179525267,5.77091138782947,7.4480309612132,0,0,9.32736756650106,0,0,0,0,0
5.02677107600566,6.1206270349513,0,3.41575753299349,6.78403842298409,8.87562958309463,6.39454347722318,0,0,0,6.8184540094614,6.43436993818999,0,0,9.93982430337267,3.86199207182258,0,5.50614421375035,0,0
4.90468201019345,6.60171912957836,3.74502346473198,5.48251216772367,6.82091116073126,8.92327810740381,7.10845688305752,6.85575647262164,0,0,7.59797818802484,6.87017801462677,0,0,9.87301288101433,5.10558177140521,0,6.01980902011712,8.73580167483778,0
0,0,0,0,0,0,5.24823386638005,6.52426690367734,0,0,0,6.81588118905369,0,0,9.58285519994432,0,0,4.4972508437686,0,0
4.7213519402775,5.66511094400793,0,0,6.32822245720636,8.28197452850018,4.89155141270682,8.53215864824803,0,8.96687165686737,7.02307305616218,6.89813919226317,0,4.9363426895144,7.72784783690184,0,0,5.37518581080461,7.93294705145221,0
6.4879427369167,6.6234807276637,0,5.62271702193498,6.1146330550407,6.33790479476553,5.89478843484252,7.83459814079008,0,0,6.30525286664424,6.41583318563538,0,3.08282698040492,10.0441143382178,6.61673430526484,0,0,6.64109078175283,4.77280102737204
6.99474915581864,6.96039516630632,0,0,5.49330832644265,0,6.637834536109,6.32287039982446,0,8.47512041499433,5.38417391030772,7.5313004740114,0,0,9.87218262670771,5.63124762347295,0,6.67461189558959,5.80471319323464,0
4.91734973004026,5.87158243493114,0,0,0,8.42867012694808,7.83965554568908,8.15319722838123,0,0,8.54383317494109,5.8687600458825,0,0,9.56196860265326,5.43127359379666,0,0,5.20899422858783,0
5.35441410589991,5.10878990950375,0,0,5.28127293193878,8.71785225044705,8.00223570993738,7.96461110887646,0,7.52979843256235,6.31066345505874,7.93269232236957,0,0,9.5368055618502,0,0,6.10880303952522,0,0
5.62358419932709,5.15715694675902,0,0,5.81862786632524,8.43795732482554,5.97146590060129,8.26477529739803,0,7.69525763802323,6.88252977443006,8.57746386824859,3.53805656437935,0,9.09302422730924,0,0,6.46049895681217,0,0
5.75691241471038,6.07493215234924,3.77734810210154,0,7.77291270367011,8.63726516101902,6.49348148809258,6.95665019956919,0,0,0,6.32263705063429,0,0,9.40005122720199,3.73766961828337,0,5.324813230352,8.32012665981215,0
7.30185605701125,6.90864488316697,0,4.97797435185669,8.04439205278749,0,7.6004573605002,8.49267711324275,0,0,0,8.23509549725836,0,0,8.74065989051258,0,0,0,0,0
6.23699561729982,6.6997466152522,0,4.72037211567678,6.92095774165989,9.1413964278637,8.23837042582443,8.5387491826319,0,0,0,8.00625089417749,0,0,8.8218813373915,0,0,3.8271184983377,0,0
6.38544731810711,7.14221852017904,5.03987041936459,5.26672349495686,8.17288715051842,9.7174711783032,7.62041582932107,8.05517995379499,0,0,8.84658326576779,9.40119210977351,0,0,8.55598496643486,0,0,4.92362391710663,4.89798904254502,0
6.18614689360016,7.86895054047787,0,4.57954463834912,7.97913339469648,9.73743887137634,7.94279924238708,7.46814790795555,0,6.49763434933778,5.80636914676463,7.38708404368712,0,0,9.48007739077309,4.84882199793365,0,0,0,0
7.34845238666088,7.48618721340374,0,5.41765474913666,7.28855194087459,0,8.15004646640709,8.29174448527296,0,0,6.48791230292802,6.3354265226221,0,0,9.01096339485501,0,0,0,0,0
6.48684652938012,7.15706547791432,0,5.53926154248775,7.24880985776143,0,6.92225958118494,8.07597447280216,0,0,6.8070726936161,8.72956210422906,0,0,8.60226017930596,0,0,0,0,0
6.11162253810177,6.81315884440108,0,0,6.5517658143345,9.37733676266739,8.4212151886678,8.13163364648264,0,0,0,8.08909589658171,0,0,9.11572305208898,0,0,0,4.90111800285691,0
6.86934703568582,7.23169213209309,0,0,7.35115822643069,9.46917533887024,8.79404432038934,8.14350868736366,0,0,0,7.82842839417166,0,0,9.34099137024496,0,0,4.24978013051223,5.40605006635092,0
7.39092189475415,7.07630747169009,0,5.53607363023009,7.12900103061319,0,7.74307887603161,7.95161566759649,0,0,0,7.60852334667344,0,0,9.00418790122293,0,0,3.36314931402463,0,0
6.18419012720066,6.90367697399027,6.22477622733782,0,7.37955729016925,9.29758172251987,8.10634864001356,7.85825418218603,0,0,5.88337809724292,8.39913911903272,0,0,8.93177792239891,0,0,0,0,0
5.80344679776915,6.81940482400946,5.02401209113789,0,7.01412228795559,0,6.76064641394392,8.36565842044735,0,0,5.84467421335368,8.38261896951995,0,0,8.8600237424741,0,0,5.6539267429713,0,0
5.55400554933797,7.33294457993803,0,5.8662414023539,7.37316085335706,9.47282770579341,8.24337720557268,8.27735861674128,0,0,5.90230541078816,7.58671225310603,0,3.64204986675714,9.07695182629141,0,0,0,4.83055123224249,0
0,0,0,0,0,0,6.3218648151539,7.68514249992341,0,0,7.43945942165354,9.01965917051671,0,6.49293656194686,10.4187722199738,4.93756268320693,6.81662634557104,7.45818615734049,0,0
5.73786178830906,6.75510513944764,0,4.01620282433781,7.74645629214382,9.6540770249712,8.71840028844389,8.0739047134158,0,0,6.35485687879424,7.53365627599291,0,0,9.19007031545198,0,0,0,0,0
6.60376765732241,7.24208951742748,0,5.52126089785958,7.55745723569569,9.68709615404445,8.39004367693192,8.39000506623561,0,4.07158757509948,5.57719832254675,7.64461786411137,0,0,9.16712175785608,0,0,0,0,0
6.27944032642368,6.67743604391883,0,4.85210838586802,6.99657169257923,9.10721291673758,7.13663435070788,7.67227848905078,4.19915492657445,0,7.39129808847986,8.45013202441481,0,5.84029275930624,8.75810593144199,0,0,0,4.96988274160929,0
5.1954537310888,5.96038659153712,0,0,7.02800637757512,8.60785987960848,5.22073413188966,7.61470674051848,5.20768124628859,0,7.22347071894662,5.46932516344172,0,0,9.24392987496974,0,0,0,6.91664564232758,0
0,4.98326409730012,0,0,5.639172839879,5.08493848528874,6.55497274975875,7.63789473002189,0,0,6.60110782864305,4.544783035973,0,0,9.88357561926627,5.88504791840349,0,0,6.41833230897655,0
5.5124201732101,4.52688426758955,0,0,6.45604725969924,7.6127915039345,0,7.37720875692239,0,0,7.36852263487496,0,0,0,9.35279433977112,0,0,0,7.07184497418129,5.6007156228355
4.86761137057408,6.51902928687825,0,6.04087356736552,7.39311539154856,8.9772134017614,7.63965190782136,7.75965254586424,0,0,8.46370591305767,7.22681246434916,0,0,9.14780411164258,0,0,6.60452631074903,0,7.79128725421741
0,0,0,0,5.28594109547998,6.69297664399955,0,8.38634391299125,6.17831748832115,0,7.67156127590528,7.93753896838416,0,0,9.15565079041324,0,0,0,6.70496567354832,0
0,0,0,0,0,4.59612944133594,0,6.64197819747395,0,0,4.94264192294239,7.14002505929461,0,0,8.74916803184832,0,0,0,7.82545701492169,0
0,0,0,0,6.27355602124652,7.69096708728078,6.59474172323888,6.78507904111462,0,0,6.40816628714213,6.2966488087584,0,0,9.97256575371573,5.10321447538935,0,0,6.61692157869798,6.71093715283548
0,0,0,0,5.20301718669371,4.91338990965742,5.92438947831841,6.66913000181722,0,0,6.13742463255152,5.99361223916544,0,0,11.1984119609513,7.09021849240898,0,0,7.48544671364479,0
3.48308454113434,5.43428952807125,0,0,5.3946724547908,0,3.21486780347066,0,0,0,5.21613069556009,7.72261111320094,0,0,9.43583316166777,4.62605066356745,0,0,5.17235723941983,0
0,0,0,0,6.3633728716873,8.40408048278459,0,7.64920202719825,0,0,6.68461172766793,8.12570495023887,0,0,9.39465993143281,0,0,0,7.90003621050793,0
0,0,0,0,0,0,0,0,0,0,0,7.86694456782757,0,0,9.1893536839567,0,0,0,0,0
0,0,0,0,6.38667727875179,8.54659275767944,0,8.52424824588991,0,0,7.80887551863818,0,0,0,9.48166437781514,0,0,0,5.9988373014374,6.36571414806322
0,0,0,0,0,0,0,0,0,0,0,0,0,0,9.46930656182982,0,0,0,0,0
0,0,0,0,6.32062439900607,3.57318797961774,3.5470278298737,7.2581092878356,3.72134664425144,0,6.87367095198337,7.8843618791309,0,0,9.58885214732408,3.9419700817961,0,5.60873892596931,6.89972310728487,0
0,0,0,0,5.62740526305844,7.16523068937652,0,8.28579819033283,0,0,5.32281483814842,7.79599626940954,0,0,10.5251655838769,5.14271563445346,0,0,7.24646786129664,0
0,0,0,0,6.11897786740694,0,5.35992973567556,7.09005183546359,0,0,4.75039543814087,6.1524347779909,0,0,9.59728163479781,4.74588819292697,0,0,8.94710242596009,6.84824940613264
0,0,0,0,5.53851467242807,4.18128649235591,0,7.39886583161879,0,0,0,0,0,0,9.78264107934285,5.54821968716294,0,6.3538481655137,6.09683756268768,0
0,0,0,0,6.41612752451967,8.74507111786923,0,7.1843637649653,0,0,0,7.22737923421218,0,0,9.4970744952661,0,0,0,7.85600581188713,7.0694318537988
0,0,0,0,6.48969113529746,7.23169936502608,0,0,0,0,0,7.39040362576095,0,0,10.1023548045895,0,0,0,7.7720450977446,7.33517103254017
6.85030623467795,6.66081839810134,0,5.21406581410045,6.7383420500889,0,0,8.36256539778829,0,0,6.93282830701026,7.73833996337148,0,0,9.59806233060711,5.48798686100453,0,4.75548494664696,4.34211568336104,5.39870554057931
4.91588495755045,5.52907188086358,0,0,6.99277634327953,0,0,8.05061728082497,0,0,5.62700941585029,8.13559010715265,0,5.27750222683412,10.5632175468551,5.04109983490008,0,0,7.34043339804238,0
0,4.24276456734037,4.90490433946401,0,6.71448601411968,0,0,7.41902680331969,0,0,6.07232999316254,0,0,0,10.3495666335295,0,0,4.38464819537883,4.52189726679427,4.51830425296643
5.51015727169085,6.20685814496213,0,0,6.2575526387475,0,0,7.9313278795327,4.76932777215437,0,0,7.33299687025388,0,0,9.45397650858923,0,0,0,6.04156337840845,4.15009457732659
5.06240514158101,5.66146630886225,0,0,5.7453082214847,0,0,8.34716851709915,0,0,0,3.68436929863605,0,0,10.3300094031699,0,0,0,0,0
6.73026602777015,7.30747726019651,0,5.89965074783533,7.3449063751053,0,4.86699584389465,8.08106988695423,0,0,7.6323478306076,7.73208860422127,0,0,9.08037973945012,3.12982600803469,0,5.1402004984509,6.82120561356913,5.81499582898926
0,5.09589513804708,0,0,5.69295742801737,0,0,7.59473347039655,0,0,4.30864916486911,6.64386785509607,0,0,10.3723154909281,5.03967616288067,0,0,6.96019591492157,0
4.04270032906976,4.21257194358675,0,0,0,0,6.91881390633887,8.37089030362269,0,0,6.73466300106664,7.08867585486046,0,0,10.0894026448402,5.85340864861201,0,0,0,0
5.18883726592922,5.42512621341173,3.81859106063559,0,6.78071704581141,8.52679890844144,4.04129534113228,4.27430221608671,0,8.64948556677579,5.83419651337813,6.56602524433388,0,0,10.1152101321348,0,0,0,6.20728132303573,5.40100932477158
5.39390023644177,5.26206823387292,0,3.67630067190708,6.84858896831292,0,0,7.16161424495719,0,0,5.59393040557602,7.72711652067632,0,0,10.0257184595086,6.17111587534606,0,0,6.32595267382716,0
0,0,0,0,6.48725774804001,8.53173691685708,6.82363426631673,7.47038366733369,0,0,7.43846587959467,7.50668518230212,0,0,9.52063729019898,5.49761894337668,0,6.44625935634901,8.59947155200057,7.40565978346961
0,2.15871472257434,0,0,6.36979823782411,7.36297516523512,6.06387822761703,8.11993729533277,0,0,6.64227817465185,7.54541089103739,0,0,9.73317954323399,6.91274282049318,0,3.581294243434,0,0
0,0,0,0,5.72847508724657,0,3.61845698981739,7.65447640127527,0,0,0,7.30462353986478,0,0,9.7103396012573,0,0,5.95537093945974,8.43540596295078,0
3.79098467705109,4.61660456361375,0,0,5.34223855360596,0,5.49655328215606,8.09343172102496,0,0,0,5.3765738645138,0,0,10.2301727663973,6.98755488018461,0,0,8.08056863070897,0
0,5.34190353721096,0,0,0,6.61621242998119,0,8.19040709233637,0,0,6.35015246365722,6.65252748919508,0,0,10.3753176377951,6.02405273670113,0,0,5.80982275921878,0
5.8831273834036,6.26393145375328,0,5.07953927274347,7.44880550271464,8.33223857115117,7.20539015753155,7.85032175986853,0,0,7.41870889455683,7.71362828459393,0,0,9.58678853101385,4.27346656144198,0,6.37749196132367,0,0
3.92513664457353,5.98697950432331,0,0,5.9166601786805,0,0,6.89877507740136,0,0,0,6.38807389177212,0,0,9.82777213528835,0,0,0,0,0
5.84854637908879,6.61294116722676,3.22525543183224,5.25347689207488,6.94543634594983,8.16658835844903,6.30032697382473,8.85400537025055,0,0,7.78204415390536,7.4705431733212,0,0,9.66119940737423,4.11854925091892,0,6.10704515920917,6.45277424340206,0
3.83211362219984,5.25164495834961,0,0,6.60269643446666,0,6.33457541346917,8.20024707327793,0,0,6.17351523388663,6.75970760454019,0,0,9.95863839700098,0,0,0,7.9896112954988,0
0,0,0,0,6.10942534474155,8.04149980616456,6.97495587864238,8.40455290910551,5.06474461974329,0,7.05910203147666,0,0,0,9.30503217880916,0,0,4.96116489862196,9.22368098891326,0
0,3.68537331478465,0,0,5.15819285845387,0,5.66974298243268,7.37301015070567,0,0,5.08685532000766,5.77569995419368,0,0,10.5337242193683,5.3469170363841,0,0,7.31818802790581,0
0,4.3892504797632,0,0,4.65129012160164,0,0,7.82873500034242,0,0,4.98154971320116,7.4001867630674,0,0,10.1287209186654,4.1301942151158,0,0,6.85889061203744,0
0,0,0,0,5.09791330220332,0,0,7.80259763005042,0,8.45627902768659,0,8.46547664957738,0,0,8.68614071316474,0,0,4.20990290285637,8.19842215996328,0
6.36289016299262,6.15303052268937,0,4.47038085963945,6.91970361249798,0,0,7.85184793087786,5.6086289492476,0,7.51616123108699,7.22075415941771,0,0,9.9960302700833,4.4362780495058,0,0,0,0
4.57831273181821,0,0,0,6.2033044522508,0,0,0,0,0,5.84067072671832,6.85991915956724,0,0,9.55817636724771,6.03085351533635,0,0,5.80133256822205,0
4.97542253834051,5.21645634006772,0,0,6.15239221121426,8.28699229552573,0,6.95678351004949,0,0,3.96594284741758,7.19031425073515,0,4.37789310339227,10.919266994711,6.40734192556346,0,4.76796907629318,4.65119462429937,6.96332242743059
5.7048818700995,6.10126021293087,4.27819273092867,4.40903364016041,6.57961225793629,0,0,8.28031322607262,0,0,7.31430646376213,6.76351532526339,0,0,10.0485917215133,4.95849953967573,0,6.69805841438668,6.79301760151171,5.95568191696821
5.87905144252899,5.72996990440985,0,2.69934576047206,6.6256045470879,8.37485052182743,6.5289661810839,7.79157653671618,0,0,6.51551237104309,0,0,0,9.71152769620217,0,0,6.19509902803397,0,0
0,0,0,0,5.26713624906446,0,0,8.26357496858023,0,9.24620932039043,5.10345753305598,6.39884448742092,0,0,10.6169372354339,5.60259841065519,0,0,0,0
0,5.07179310707435,0,0,0,0,0,8.00621422256016,0,0,0,6.67541960929901,0,0,10.8612042564994,6.24854564944989,0,0,0,0
5.7034824296472,5.68893952778643,3.96859235691604,4.42280862839412,6.20709998293187,7.53026537994264,7.87830310883569,3.3332753651767,4.44041346037361,0,7.38470969543964,6.52147496028881,0,0,9.89065557372075,0,3.17680304844629,6.60810858168181,8.38679744892693,6.23699561729982
5.81895469769802,5.98981318435875,0,4.99795524093888,6.23631088006543,8.01001756496481,6.78165903415729,7.83241092718792,0,0,7.23922215250494,7.24098655507421,0,0,9.61664512748179,4.24075104731593,0,0,6.66177801125898,5.78744937622877
5.14621458833808,5.75684919559289,4.02535169073515,0,5.28609295192531,8.33710434027897,6.64703965476017,7.39324463305496,0,0,5.7126431030884,6.79034467396485,0,0,10.3334924160241,5.24248748158737,0,0,0,0
5.83921622332017,6.11783284592279,7.54847167635411,3.56388296393925,6.34896415092127,8.27103174938181,8.83061172170623,0,0,7.03768644857417,7.34865187892157,8.26906510990786,0,0,9.62338336194094,0,0,0,0,5.4850458651602
6.07942963583663,6.48788186801308,0,4.5384960527201,6.59868612464871,8.89365507625361,6.48541355861752,8.36096502176729,0,0,7.56004921453354,8.58114779210544,0,4.03795056202594,9.6885849511235,6.0429178286969,0,0,5.74175240590783,5.41556692659828
5.36966080661617,5.77361943424498,0,3.78418963391826,7.18774030502751,0,0,8.50845512547295,0,0,7.74373793464231,7.68551930526196,0,0,9.8967650067753,0,0,6.17788187144967,7.88509219086341,7.3994225478639
5.83840077638096,5.93051956148054,0,4.07872318131914,6.20198880906581,0,7.40534367596611,7.15186156871704,0,0,7.21869723083501,8.38405943401007,0,4.11234818666168,9.08004943767659,4.34406512838676,0,6.47008717583387,6.66002442203258,4.42028534679097
5.66184875128326,5.57757656598873,0,3.87182581567673,6.81202601137278,8.41835138274553,7.89152146498095,7.47218801818595,0,0,0,7.51504496203194,0,0,9.85616006812891,6.62306871551015,0,5.36368366997929,7.79639111503414,6.2350379799337
6.27664348934164,6.31463441248932,5.18520465791639,3.81924960527579,6.44112196384186,0,8.12574340819323,8.34639538047396,0,8.40386994609444,7.5229571341571,8.85745111043379,0,0,9.38964070279299,3.42686512841073,0,0,6.20144180189043,6.17752909018077
0,2.91126311692754,0,0,0,0,0,7.37132575983052,0,8.90444816354056,0,0,0,0,9.45201515446965,5.58191611356218,0,5.26827044519574,7.78735298041971,0
5.56141213336447,5.44509809775623,3.02916704964023,3.02577639490237,5.59667970140792,6.6275253700554,7.05425102009829,8.7985482907188,0,0,7.09195008015777,7.56755247986053,0,0,9.70026917002919,5.6317134480805,0,0,6.09510358186747,0
0,3.1684242813721,3.78532535238219,0,0,0,7.18951484798215,8.6200547873734,0,8.25409705919887,0,0,0,0,10.0148858043262,3.62726997248225,0,4.99619824629849,6.69250548978703,0
6.20008311980563,6.37915596822782,0,5.27140854999082,7.46013351030567,8.35213456903872,8.2181481374567,8.46454740387465,0,0,7.55810455586509,9.12123152410435,0,0,9.68146836888363,4.40915530206213,0,0,8.58728252823198,0
5.3682164939277,5.1324988818531,0,3.17471492908243,6.4923458900025,0,7.12116359630819,6.06059407592356,0,8.61792139446177,0,8.14408394101408,0,0,9.25655579577315,4.43355115232727,0,6.22641808518155,6.91748776432652,5.72063959172262
4.62320654847419,5.66753334198108,0,0,5.55860254814287,0,0,7.38808045729974,0,0,5.43048533012545,8.10733444540137,0,4.10495474133412,10.2879945660528,6.37130410757717,0,0,6.24084098759195,0
5.62155961439837,5.98307949057354,0,0,5.91787182680461,0,7.11550901222006,7.94964200129478,0,0,7.19148956918582,7.80583723270747,0,4.26239814721835,9.6387143889996,4.07787636951479,0,5.88579842920299,7.19081920418842,4.87961503165785
5.59890332460484,5.59934745651932,0,0,5.66198778499916,0,7.03627161721715,7.65784501675333,3.18924101973851,0,5.65791304099775,7.03235061370473,0,0,10.0652279290402,5.75260438435348,0,4.33624444201875,6.93118856236488,0
6.19644412779452,6.3212897410074,3.96821428507789,4.6065692069018,6.50289498793525,8.76755961492703,7.09117623121939,7.43186231305404,0,3.06292352309431,7.1608459066643,7.3881917958991,3.02819946369149,4.61719756620081,9.86452320651799,6.93518560403016,4.06302587896467,6.58050043141053,6.88808304318462,0
5.27591837160456,3.67807125539733,4.66654746566299,0,0,6.50920123436422,0,5.17953383055807,0,0,6.54933595735806,6.66049832230466,0,0,9.60489281967392,0,0,6.17530578193945,0,0
4.75986357566457,5.3156168636261,0,0,6.18598226083375,0,6.67322211154045,8.59321860980869,0,0,5.40815783222757,7.46245040888406,0,0,10.5149093605357,5.92222164436582,0,0,6.39226881033395,3.75607070365426
5.81969709925256,6.16604790780681,0,0,7.00062612238674,0,6.93749853023134,0,0,0,7.37477947411887,7.69852813832652,0,4.70664315491873,9.68327719519936,6.45735033466912,0,7.12434942971819,8.57000383404848,6.9876287415653
5.82446500641181,5.08152858087183,0,0,6.26141534552945,7.14082539849095,0,7.64850143834136,0,0,6.17461909020583,6.02116896981431,0,0,9.1178609817038,5.47955500277895,3.59016348117478,6.11642178651237,8.11459397272112,5.33878729910175
5.4881936477461,7.08749015987932,0,0,6.92611569031407,8.36951882823791,7.75789766130667,7.94885497344878,0,0,0,7.50360931496201,0,4.18052225846315,9.2648948429421,5.20565368168462,0,0,0,0
5.19877323621165,7.01033894275296,0,0,6.82169617570866,8.3602679995209,7.90038463610961,8.04798604489391,0,0,7.58300830994325,7.60740626388075,0,0,9.27615620200731,5.37393491300663,0,6.05500256791197,0,0
6.38480646541384,6.5797094403408,4.3891263717891,4.18403290848563,6.53693794405712,8.55961071240691,8.15040730372678,8.10068938039285,0,0,5.47709097012631,6.88434334597148,0,4.27819273092867,9.35460520458544,5.17507570969,3.30321697330195,6.87840885418691,6.41463858899692,0
6.32765102861938,6.50109445629213,4.00896821148462,4.65994242183507,6.40226539480567,8.51026323463752,8.10802423251344,7.97062293924129,0,0,6.37728801496086,7.93490020857113,0,4.36258894078141,9.33467964623179,5.20109035078693,0,7.15323158744615,5.94993918027941,0
0,6.79811896846152,0,0,0,7.96635080439981,6.0005977124892,7.97734032410634,0,0,6.66204653800778,7.45338224948679,0,0,10.5263597901066,4.97962610722191,0,0,0,0
3.05163990549229,6.28993818063796,0,5.45544931226833,6.81769927180628,0,4.91199290196726,7.76727669777741,0,0,5.18520465791639,6.77709974710308,0,0,9.95667754705023,0,0,5.49929710516053,7.76933636105077,5.06940722033949
0,6.56568741600376,0,0,7.17945277609222,7.88728744113511,0,7.16698386310782,0,0,6.46990126767197,7.30002031487636,0,0,9.68747476677471,0,0,0,6.29264263722753,6.32973873067577
5.39780064503299,6.80537919436527,5.15750236990581,5.02644302430177,7.09861527929615,8.21309443289406,8.06833716693179,8.00220893250139,0,0,0,0,0,4.74510602628561,9.30214441245122,4.48694955460066,0,6.20534533114301,6.9862706670505,0
5.76290007913929,6.95277644462966,0,0,7.6817863517822,8.01874070371339,7.81018235291712,7.65156230334217,0,0,6.2034055839142,8.19697139819667,0,0,9.13172348067654,0,0,5.45941528689036,0,0
6.40908876603996,6.00586042739171,3.98024224440529,4.54944603721573,6.60483773388758,0,8.30709665642019,8.09059535181537,0,0,6.837783356953,7.96785886762212,0,4.60527018098843,9.25980649810803,4.93820796016067,3.25848107946056,6.66853315745524,0,0
6.26938033426917,6.15949699916749,3.95718755738252,4.32240931785538,6.25678597332106,8.43914299736835,8.47292359407049,7.44718585215842,0,0,7.34667450534925,7.94747706637727,0,4.10841181943354,9.3482745580655,5.43000330737341,0,0,6.13166117760127,0
0,6.94574446488617,0,4.70998055034044,7.28045611949633,8.78049547734247,0,7.38392113266302,0,0,6.88648056870328,7.6159782466358,0,5.14475817842173,9.50355461372177,0,0,0,8.44844528992169,5.48309423991706
3.94700397432339,6.21047958783841,0,0,6.95117868689056,0,0,6.502625114774,0,0,5.79581456010269,0,0,0,9.53791961142705,5.46501754243903,0,4.05854465809091,6.81711915872269,4.95737515445537
4.62888671260541,5.46272950279842,0,3.47072344431077,6.18699021138552,8.85555649598367,7.92679752603029,5.6362528178626,0,0,7.79559303696114,8.32528906813551,0,0,9.55371728777093,4.84788104279483,0,5.18643563389995,0,5.8490365539757
6.00940269223899,6.04559755568791,0,0,6.01234502468734,8.66649212051247,8.81737778066675,0,0,0,0,7.83475644879447,0,0,9.04336564780025,5.16991565174351,0,7.12130899445704,6.23838321707296,0
5.61916822226629,6.1734527150007,0,0,6.91881390633887,7.87371198187111,6.10708970065499,0,0,8.27713997415494,6.32224202791535,7.4987922115923,0,5.42327460595242,9.76164169030752,6.01011454960303,0,5.95360690455174,8.27543240994496,0
0,5.8316185128292,0,0,7.10198893746754,8.78113006483965,7.58398008034613,8.39587039820366,0,0,7.34528736808091,7.5767788100615,0,0,9.44688176997235,5.57670639208822,0,5.28548538773266,5.3820149255696,0
4.58853254483507,5.62722535193405,0,4.30027413280162,6.62266983237762,0,8.21878446018006,8.43850922689966,0,0,6.60159689928275,7.35693100551643,0,0,9.98311632839786,5.68619539122915,0,5.38247467455476,8.05059495722526,0
6.55189428940694,6.68708366989971,0,0,6.64219992841089,8.73396931361226,7.2377925699653,7.61272727008373,0,7.91129102721678,7.11250672774225,6.15932791959402,0,0,9.78612192975087,5.14702925233425,0,6.60071368105007,7.69399199371881,0
5.23559053663973,5.91913576049535,0,3.34920208654377,6.71811903497284,8.16427688921109,7.06469919694214,7.73462008482423,0,0,0,6.86528609525697,0,5.1454575199037,8.48050431046917,0,0,5.72974257632573,8.71105457422226,6.64741596292206
5.01648481888515,5.56260286119342,0,0,6.58863757748405,7.9407974034408,7.10067052398696,7.64490977553508,0,0,0,6.03015627421897,0,4.97231017977459,8.55556739253313,0,0,5.92719265708784,8.46423324577886,0
0,5.83317196811339,0,0,6.43627856528006,8.09412810839107,6.98593779603495,6.48370350399818,0,0,6.37012356079564,6.47751067950975,0,0,9.59716617586541,0,0,6.46754343454414,8.12365863045598,0
5.21851629634448,6.43477121264302,0,0,6.46279542017583,8.3281418402698,7.96949609287434,6.82698981017969,0,2.86048512414597,7.79852715702261,6.1079801131974,0,5.4277215037593,8.49823053124888,0,0,4.97369464628397,7.85092549878343,0
5.33623915954659,5.44496856687373,0,0,6.85819732013379,7.68072514301207,7.21496052792265,7.67826619736279,0,0,5.05100918823453,5.16729710410963,0,5.8920861031277,10.0885262478968,0,0,5.66639208543764,8.90758256285735,0
4.6240900708406,5.28294988941691,0,0,6.73054065955633,7.60249618888054,7.3032373890369,7.94446379473543,0,7.86342440388514,0,6.72372426189316,0,5.20092502053939,9.35434547331927,3.63151513672437,0,6.5874122642908,8.15238526424732,0
5.13261691077032,6.336259199016,0,0,6.4895240293443,8.26250221185385,6.3551349655591,7.84049006327222,0,0,7.2787600586383,6.70829163252092,0,4.68009211250535,9.36615538032576,3.75653810258775,0,6.65430714740307,7.83048523448519,0
5.02131143409349,5.67904569442379,0,0,6.63081530306226,8.25706921562705,6.62741948972654,6.51821765242335,0,0,7.41439214212667,6.12420187454618,0,4.83286337200087,9.67007899586392,4.23062218051465,0,0,8.09197629471958,0
5.38160097068477,6.12902842333084,4.64140567857019,0,5.89866371625244,8.25874106454958,0,0,0,0,0,6.79482171560418,0,0,9.66833467709619,0,0,0,6.97368345909624,5.74114248341328
4.36118596880203,6.01508341270662,0,0,7.01790928747403,7.51674337453378,6.104525339392,8.32782526718287,0,0,7.64389010734152,7.08295990372137,0,0,10.0572938873692,5.77358834890016,0,5.72050847857179,8.34370847448726,0
0,6.00903429121804,0,0,6.98980520162046,7.91770027493408,7.31451288478851,0,0,0,4.9597629637225,6.9000557132557,0,0,8.65798590671024,0,0,0,6.65828058592154,0
0,0,0,0,6.38394572765785,8.14545101903287,5.92617908040935,8.20851081473951,0,0,0,6.7739381312478,0,0,9.93207500938804,0,0,0,0,0
0,5.45069504696892,0,0,6.15769906524901,8.07980078840091,7.85836627485973,8.62412287528542,0,0,0,6.7987325098976,0,0,10.590581448883,6.12128594119082,0,0,7.15706547791432,6.03591196184328
2.38139627341834,5.36438596651774,0,0,6.21304688035524,8.03278552025346,8.39458252146298,7.60866227415352,0,8.17381516462088,6.83141404572541,7.31352700674436,0,0,10.0164456334635,4.66296728471431,0,6.51614869635998,7.90105890250001,0
4.17423341190626,5.48628959485081,0,0,6.19507863381369,7.83213718881265,7.93391514739083,7.5073167919115,0,0,6.51236920631564,6.42353912864135,0,0,8.34391779445977,0,0,4.39998933504805,8.35920984295547,0
4.68268662841592,6.04082597664571,0,0,5.76274296747971,7.95307578638938,6.86599534473391,0,0,0,0,6.78937706624301,0,0,9.92224551671469,0,0,0,6.44112196384186,6.28836029300887
4.53731951907992,6.18398392887838,0,0,5.19206756670533,0,6.71478927048887,8.51046661866653,0,0,0,7.29180606170623,0,0,9.63790611852395,5.31414150189492,0,0,4.77339281840254,0
5.1661564629457,5.24949470185047,0,0,6.67548268446571,7.92490802340431,7.18020695553887,7.65154329112206,0,0,7.53062483454123,6.39601256815366,0,0,9.14858411009659,3.64753649057955,0,6.58112445639178,8.57219639557047,0
2.56494935746154,5.41052935715496,0,0,5.87815586160098,7.91713918947406,6.38997217464865,0,0,0,7.17038104771594,7.17504585078585,0,0,9.71641070725831,5.77836414412144,0,6.03545750879361,6.07729814745758,0
4.03459455781633,4.00842349971446,0,0,5.9909644220663,7.36072083103915,8.7057204529317,7.54357520792043,0,0,6.94743742412084,7.60139733707,0,3.49408037580887,8.65057482282711,0,0,6.81312586740253,8.29363205292464,0
0,6.12170302403171,0,0,5.73776513415367,0,7.96562543105237,8.17494792286715,0,9.12159986453814,7.76768727718691,0,0,5.33209057665496,9.39003347741644,0,0,0,0,0
4.56497299623668,4.81672686805038,0,0,5.15213485636996,4.39259558602312,0,8.15747361729128,0,7.72040401769243,0,8.27145376531981,0,5.20142092930234,9.17596525991262,6.2107406293957,0,0,7.94731441875652,0
5.98763221308776,5.77330853730481,0,0,6.23891039094516,0,7.7152484843266,8.03341512874866,0,0,6.56679900407086,0,0,0,0,5.77290422672658,0,6.55921855825986,7.16396990388721,0
5.04226315177657,6.3897875442865,0,0,7.36217561700071,9.20114724437226,8.51852031040414,7.05107609842636,0,8.21962507937789,7.06368152441656,7.92653400477108,3.9689702858699,4.96487054872851,9.19439186799584,6.58679215196169,0,5.68585608612275,7.80804263724719,0
6.42952591091913,6.37568899444528,4.54626907806793,4.42688049030751,7.12597472677308,9.23025083659496,7.80133403550835,7.88824447418076,0,7.97088891092896,7.73815691296673,8.17305927897182,0,0,8.84080595544616,4.55807857845424,0,6.06893471787488,5.50121739338519,5.76944536345548
5.76299433428805,6.75988152464174,0,0,0,7.95196065906314,6.95006736276775,8.85561780661973,0,7.6310242100946,6.19632192073487,8.60244385258844,0,0,9.70571321413495,5.99103945676988,0,5.20768124628859,5.76828974530548,0
6.46238962668793,4.8588041443003,0,5.1175745628673,6.00205823531885,9.2070499645181,8.6909784171879,6.30909976151491,0,8.4880959426425,7.16713046521838,7.49893617695227,0,4.81769758483911,8.72986126601232,5.10394347122991,0,5.49207330096765,0,6.95432392979796
5.5182557869133,5.58266889890336,0,3.56812325297814,5.65059264614208,7.75782500847393,8.27501207007489,8.3012585930477,0,7.59222996191218,6.8983310097343,8.31680623347457,0,0,9.42742560870643,6.71464371890877,0,4.3907385752759,6.84122009918099,0
6.09787201452051,6.26370297806591,4.10098910494077,5.18693877856465,6.60890440030415,8.6702352569577,7.6356081877811,8.14938507448517,5.03727722504268,7.76003641647896,7.08038838729541,8.0992900506892,0,3.99083418585244,9.43691802002467,6.35402215420487,3.60712695224168,5.90835464038498,6.12693468415242,0
5.82941609515358,6.12957294922561,4.03689198747402,4.47186733867367,6.76554634516393,8.85019512779069,8.66519931779507,7.99975911316928,0,8.01710966418215,6.85144944277104,8.19144089041655,3.92058623608863,0,9.18197484749546,5.59727315122319,0,0,0,0
6.1217469173709,6.76137599018515,0,0,5.98080796691945,9.03327497732793,7.98643353172033,8.57416125380717,0,7.79720088326683,6.88326789533087,8.20049966023645,0,0,9.17704622200163,0,0,5.72886525502366,6.51656283016069,5.23057371446152
6.0145461065513,6.64484386485557,0,0,6.04545544967659,8.70814077021012,8.13269180098374,7.94642292293031,0,7.61588466371511,5.65073325356639,8.48187063058511,0,4.67077064307204,9.55657904701298,6.54427149311407,0,6.31720078717869,0,0
5.37892914304043,5.47692369709451,0,0,5.78977666782306,7.33357841567818,7.45629856380742,8.24449693527235,0,4.68932749399481,6.41066818132666,8.3790592231718,0,0,9.19413578396636,0,0,5.67318580067873,6.01112010476642,0
0,0,0,0,5.99717322157496,0,7.74457847107532,8.27691365415529,0,3.84417233851997,5.37782146766064,8.1150007223783,0,4.03246915850401,9.38537712557291,0,0,6.64437549905332,0,0
6.33007734822831,6.66198260960757,0,5.11192754557813,6.14248891654417,7.23659129085437,8.67405504981805,8.12569015832413,0,0,5.67972882455248,8.70337893926464,0,0,10.1277584681363,0,0,7.28976068082515,6.96630716593175,0
0,0,0,0,0,7.63360679484015,0,0,0,0,4.03918415104483,7.96413137918451,4.20275043606589,5.65599181081985,9.29167148007456,6.36959271614085,4.55660999537271,6.70884081821441,5.77703293639579,0
6.53399230560449,6.27351831030091,0,5.62718936582468,7.20166293222811,8.96401519096179,7.59398357919629,7.65146248515378,0,8.00692741090876,7.03115804986061,7.98921462683229,0,0,9.08411706724923,6.00223137621887,0,0,0,0
3.68185483917697,5.02677107600566,0,0,0,0,7.34914078840586,8.06255254489152,0,0,0,8.06635512383836,0,4.41219204900561,9.33021898814692,0,0,5.72456501383873,4.96521943056577,0
4.56611745872439,4.86151637813002,0,3.05917644611053,4.36602427719638,7.53997873049754,7.91482959744204,7.45130556215771,0,0,5.82348958402095,7.42289358973039,0,4.63074046209962,9.66717010526113,7.27269695910573,3.56161410306806,6.567080222875,7.12595864766386,0
4.34963256686288,4.47129587743176,0,0,5.14166355650266,0,5.6150605445954,7.72618618346121,0,8.64575349864432,0,7.28530090709217,0,0,10.161778146247,0,0,4.42148770355479,7.2859040020842,5.05049682752139
6.15782608432321,4.66786325532652,0,2.65885995691144,6.65804955604065,9.15120270659188,8.04669343912181,6.55336344105797,0,4.82100710878653,6.54613957815223,6.94459816734945,0,0,8.30716821409508,3.17052556392715,0,6.45334149414209,6.86517131644084,0
6.07417292948087,5.87849179844801,4.67934958416234,0,5.92422905908915,10.2643701319482,7.3524667409405,7.43991177344996,0,0,0,6.92165818415113,0,0,9.76204091686179,0,0,0,5.01016851850681,0
0,0,0,0,4.61541750243964,0,7.79361979251816,7.82858369995512,0,0,0,7.05458781784579,0,0,9.2367583245794,0,0,4.98934355862863,5.83513232277528,0
7.01132218708719,6.19164648678484,0,4.34172533790036,7.27913950899177,0,7.44841539513899,8.12337993604852,0,8.84941784840137,6.6476754033106,7.60378330591647,0,0,8.72643577035959,0,0,5.17677100846854,6.31189813519743,7.61580585025176
5.23543081349285,3.05116698044209,0,0,5.68476953547427,9.06118005289314,8.04913646572325,8.11980041419895,4.93087032562739,0,5.63913728116267,7.44190672805162,0,0,8.81283301679627,0,0,0,6.92686158547187,0
3.8722421354163,4.57450477167721,0,0,5.90691377670508,7.72422567557408,8.77686151741282,8.12194372549773,0,0,0,7.030521433807,0,0,8.65994023914518,0,0,0,0,0
0,0,0,0,6.16019415038247,8.24824651030021,6.9731496837468,8.35834516296791,0,0,0,7.30834853888653,0,0,8.68471747321171,0,0,0,0,4.89746659599062
0,3.70179567938048,0,0,4.88989789861344,0,7.17876666448832,8.95836258086165,0,8.72394553791005,0,7.9214884612097,0,0,9.76618333747339,0,0,0,7.20629568576871,0
4.60527018098843,5.73637873035919,0,0,3.94099911366466,8.56806879858462,8.88527483093659,0,0,8.33251766621132,5.62945396536544,7.33091622149264,0,0,9.57114975732111,4.9395688456624,0,4.13724439653732,0,0
0,5.37082405733478,0,0,4.91485833870249,0,6.19133947148284,8.60266237984416,0,0,0,7.58259591255944,0,0,10.024930549024,4.26759734392285,0,0,6.44271531036528,0
5.89156133546344,6.05750974513766,0,3.97217692824789,6.28687294449067,9.29110896997373,8.08854031287456,8.65231132450202,0,8.42907647649292,5.18116538173718,8.0244988644108,0,0,9.56932165427079,0,0,5.70398245465887,5.33926735287699,6.08301767803459
0,0,0,0,0,0,4.47903990884388,8.08583780380092,0,6.49029855802159,0,6.32254728644476,0,0,9.43390783342779,0,0,0,0,0
4.29496980210571,4.71778433035723,0,0,3.5019472847623,7.07968974288961,6.72812609449889,7.58016389439268,0,7.91937073600938,6.4099774940654,7.90686394095827,0,0,9.80854480522022,6.3853461581394,0,6.89132097251871,7.36530670028863,0
5.9400923022355,6.27944032642368,0,0,6.45728757480404,8.68325493772067,8.1428429557975,8.60518209047545,0,9.00569099426664,7.1535522920604,0,0,0,9.55952432839623,5.13190852821413,0,6.96321836768128,6.55430370582601,0
7.631785627143,6.96181723708067,5.71821121130832,6.14115529621315,6.00615609585097,9.31341126845537,6.17430680164867,5.08487659069521,3.86136109062592,0,8.08184602882615,9.07451033950216,0,0,9.29006610634207,5.69056213648535,0,0,4.18737942818929,3.33041719960111
0,7.3596649453329,0,5.25080638387699,5.97627476426699,8.99281351744715,7.41583714207706,7.72369957035417,0,0,4.80032570076213,0,0,0,9.55258875166044,5.82351915625853,0,0,6.11926391803985,5.24633962745532
5.17343418440135,5.6994732030681,0,0,6.33123491035391,8.43812184515175,8.36802938974988,8.13640703726858,0,9.24759762033189,6.57354049240214,0,0,0,0,5.1892834455239,0,6.40216592201139,0,0
0,8.20209058898846,0,6.86817210014611,7.10049735310398,9.23822787546307,8.31684777637801,5.49507587391753,0,0,0,6.55863742247744,0,0,10.0590500923627,5.44561605356892,0,0,6.79062577972431,0
0,7.57510761471689,0,5.08802834067003,5.17992789704781,0,7.03773913653849,8.06269749023793,0,0,5.54806389965678,8.75961688061163,0,4.96361356532278,8.72180284625484,0,0,5.90200472056516,7.11671876672251,0
0,0,0,0,6.98373435666845,9.23148523532529,0,8.27289239572628,0,0,7.02706603596669,8.29574320521073,0,0,7.95456186130035,0,0,6.17659465622398,7.80650099324053,6.65047307892144
0,6.73304468518952,0,0,6.69111553200659,0,0,7.95100988446241,0,0,6.20459816579287,7.35155609335587,0,0,0,0,0,0,8.06408915621087,5.24839155777831
5.19573077777294,5.10848769426376,0,3.93652047702853,5.29104095757726,7.60115242829729,8.48698756002582,8.25787568087672,4.02660091013558,0,6.55410432958814,8.64818987437665,0,5.37300731217948,9.93072813580268,5.5386719545926,4.84897873774588,6.61590452965814,7.7061494687583,4.82020091719175
5.95746816334967,5.56133526350511,0,0,6.317994667128,8.05597644420226,7.35274874522371,6.88345234045896,0,8.80918795085028,5.13984904577624,8.28223006329669,0,5.61349300330874,9.44584718227379,6.43348656718903,4.91669084791971,7.11069612297883,4.50269439439885,0
6.9636723671405,6.39957615015705,0,4.04602928527588,6.30010666502434,7.04799536789658,6.89875489678484,8.35295985198075,4.31441673501182,7.60773903680107,6.65346929714878,8.36774145424544,4.06782945656635,4.82999232768086,9.57738338128705,6.13500196210418,0,6.08107670579767,7.14069073275882,5.68204798251019
7.69951173678946,7.16760870161512,0,5.58683658849238,0,8.55086778400532,6.36605799154906,6.94016438418008,0,7.48368301503837,5.12402350144131,8.87801930730598,0,0,9.57976370873708,5.01056862520727,0,5.52668723683383,0,0
6.71086409881199,6.56929907559975,0,4.45213554981903,5.7456279452461,7.05794096574602,6.80713904694762,7.83398049999982,0,7.07010369394313,5.55628737501429,8.08828236801806,0,0,9.93649670614307,7.32984804486016,0,6.65519579022072,0,0
7.97450187324458,6.61578402111193,0,0,6.57870939858905,9.02806521410578,7.36110855728386,7.54201726155051,0,7.74723839794945,5.5738635966553,8.34446942809392,0,0,9.36906059551781,5.17722260316998,0,6.65332743762816,0,0
6.37234661995529,6.33597581254581,0,0,5.28735752631169,6.86573464971953,7.22137552944892,8.11011177778978,0,0,0,8.22674730314172,0,0,9.60603120039993,0,0,0,0,0
6.79502321566084,6.38102043874997,0,4.44476666449507,6.5093948726039,8.6165805029572,7.37068393955591,7.99410266023017,0,7.690953379105,6.86800562596483,8.62564033852222,4.86368088113959,5.52493487667375,9.26460125870262,5.67401031632253,0,7.07455702411805,0,6.77881902679561
5.15022330830331,5.50435544995931,3.80488312987024,3.46197885392201,5.52445642684205,0,7.93854187189148,7.88997980814322,0,8.00724051984991,5.2283239947275,8.0794631227208,0,0,10.2251144257283,5.20120055576831,0,5.68439576085601,7.4709532147867,0
6.87867656148147,7.12891285956129,0,5.35705786157064,7.0724982335018,0,7.04859490132115,7.7391719844683,0,8.53050223191959,7.10902125177703,0,0,0,9.65986702160131,5.0220367168207,0,6.35423090068303,0,6.03844354830198
6.00930446523631,5.77265533894258,0,4.84497417819541,6.36373475035851,0,8.22637554150886,7.85409789539627,0,8.72863494295067,6.84116665782485,8.28798377991432,0,0,0,4.68129754637564,0,5.49256749420726,5.91628292187193,0
4.95279429440641,5.62509995262173,0,0,5.91878632161,8.02076344793398,7.64035872187455,7.9591326933902,0,8.36463624092744,4.66117237610338,8.54904644676454,0,0,9.75111113111445,5.28513080474386,0,5.95134543051115,0,4.49847544731713
4.24663637256436,5.68900718907405,0,0,6.35341306129937,8.06354468501899,4.52493579327749,7.8073839667619,0,0,0,8.02051370424857,0,0,9.33763359763356,6.05970713720423,0,0,0,0
5.46183829387827,5.7932574810838,0,0,5.77368160203587,8.94084393391741,5.10485396933524,7.69401477125743,0,0,4.98524910770584,0,0,0,10.0981822453932,4.6188758330442,0,0,0,0
6.70882861736401,6.69462393779465,0,0,7.12717189388871,0,0,7.40972984747011,0,0,6.71805859265595,0,0,0,9.61559212399222,0,0,6.42799218066796,7.34942373205051,0
6.62995752860433,6.71378210496771,0,5.29400809495994,6.89012069977033,9.18671856087321,6.7272640461229,8.14323256430403,0,8.03260370384208,7.097871379242,7.79530079756149,0,0,9.27206556441312,4.27624936551971,0,5.69987484982518,0,0
5.53089626464873,5.48038889208678,0,0,5.15779013141106,0,6.56726297269803,8.12003548112715,0,0,4.06061540947797,7.77714725684241,0,4.62045280951925,9.77755578092945,5.83006264056653,0,3.16167035109742,6.65323715290879,0
6.47229992557426,6.81702061551963,0,0,6.37482036962805,8.3619839515119,7.30405854529791,7.51126764434574,0,0,5.55311461166404,7.83203402157848,0,0,9.57263350429755,5.33411877901142,0,0,6.90392796414775,6.00176135258535
5.0150920148132,3.19703913025903,0,0,5.71012895971506,7.24474880827814,7.0575966872213,7.38837733268848,0,7.69777051613505,6.11930791856787,7.52610886778956,0,4.97057689685027,7.91275993768507,0,0,5.61797037824205,0,5.74824583136272
6.3421742342278,6.06480794133219,0,0,6.2661753552786,8.68225837645222,6.33799319099284,7.81366430697516,0,7.62463363448961,6.86861936223354,8.1554253004115,0,3.80064441744476,9.42965259310935,5.76907071468432,0,5.41414293205363,0,0
7.30197742114425,7.5477020846741,0,6.83942290360531,7.12581392404552,8.90373504546621,5.77439625398419,8.03243809227228,5.29936681568361,7.03334774153,5.77169031326338,8.11719610638428,0,0,9.41434187776203,0,0,0,6.78925323490114,0
4.91088862092597,5.97087911349887,0,0,5.66656508683938,8.91403052038071,7.29403077186382,7.88913313148564,0,7.19742786903864,0,8.16051253317546,0,0,9.43317987707302,4.94925622108641,0,4.22332394347856,6.99358429058656,0
8.13934130481386,7.52672833135394,6.46196805139537,0,7.18998250075095,9.78924885329201,7.43467666811298,7.33125020205284,4.84363575340009,8.15837881767163,7.26384104939223,8.4753206452598,0,0,9.46504460393076,6.4201903487907,0,6.27217864954412,6.33491239746562,0
6.16682442756839,0,0,0,0,0,7.76550970698526,6.55896346706338,0,8.54735957603251,5.87529583273355,8.77833054969589,0,5.99088938173209,8.987722932241,0,0,7.77589304363376,6.42324696353352,0
4.79554258097176,5.29576410976032,0,0,6.66539068122082,0,7.24487016620207,8.15079109171892,0,0,6.17761210873547,8.02689215649168,0,0,9.75132655863703,5.69561588532314,0,5.30613671560017,0,0
6.3354619697881,6.3265071909196,0,5.42890693625164,6.94498362407226,8.14971726921211,8.71615060186162,7.44846198314957,0,8.00569400752621,5.31428913605774,7.78171037135324,0,0,9.23256164062728,5.4401207021224,0,6.49677499018586,6.92715586468611,0
5.46222033781797,6.14046627954183,0,0,7.13995371084858,9.08293077429785,8.27377039924365,8.17903152851776,0,8.53182167155633,7.15507618821461,8.13621677266849,0,0,9.57351713321701,5.46417073063468,0,4.6348260708956,0,5.70091169123118
6.1697780825044,6.1195498868712,0,3.37724616083964,6.68989773209716,8.92788329211202,8.93120302251148,8.05636018318835,0,8.34783445307778,6.38127441560557,8.20771803201715,0,0,9.65101817184009,5.07122854287154,0,5.86590132413264,0,0
6.75115994675906,6.58772906215575,0,4.98627429318332,0,7.05435466225655,7.74124684096234,8.36719554247213,0,7.55807846235115,5.69353009819185,8.60579180807426,0,0,9.25922576970599,0,0,6.4923458900025,5.48620672764546,0
5.68500731932987,5.9700876813484,0,0,5.54662171352075,8.75621166668865,6.99258344115838,8.08772018624651,0,8.08666562733407,7.27108503048752,8.04451398600674,0,0,9.39793135426291,6.0091571066389,0,6.55821198710883,0,5.92074697489369
0,2.99723114967773,0,0,4.5013640172625,0,7.93400473851491,4.61145042394524,0,0,0,7.54553244556135,0,0,9.21040936959579,5.71564516719871,0,5.66856971890046,6.96447581919164,0
0,2.96784707006446,0,0,0,0,7.36342542287254,8.11241984398647,0,0,0,7.98664093746621,0,0,8.99912909705398,6.46062407019633,0,5.93301412251089,0,0
7.57297098248837,5.83705966830824,0,0,5.65648120153819,7.98659673984846,8.23873511349199,8.79440362715856,0,7.59394833557475,7.49744014116734,9.04848122477419,0,0,9.14227992279127,0,0,7.48543548973337,0,0
0,0,0,0,0,0,7.88149571560026,7.47944643671937,0,5.43981692882174,0,7.85610653554797,0,0,9.95657798111024,5.31369846858634,0,0,7.16239749735572,0
5.20444615093797,5.18155880593784,0,0,5.50101328259314,0,5.52178086667317,7.50077268412302,0,0,5.60462490312298,7.60828017713097,0,0,9.50896980283641,6.3377456618627,0,5.8348107370626,6.77342356618685,0
6.2324087230477,6.16135499011645,4.44851637594271,3.71722392712308,6.03046889070121,9.09390430375173,7.93934418401965,5.94570852526978,0,8.43770399719253,7.2119994397329,8.1248229698102,0,4.72081760951405,9.33564174067069,5.41521111801954,4.28413813385476,6.64473980252214,0,4.09567700745588
6.86874414386584,6.51205731663294,0,0,7.18491720826855,9.79900998030234,8.42281877365002,7.70552820532263,0,8.36509041320628,7.16598021902382,3.11927645964545,0,0,9.60215270363056,5.79900174123714,0,6.28718919120295,7.01884037790182,7.27726154823603
6.31180740179931,6.33057615466612,0,0,6.46245206717436,8.91122518989794,8.11167308179552,7.94889380997701,0,7.63211038666628,6.56478598209952,8.28395132329948,0,0,9.55661441356966,5.76129638085681,0,6.29062424884521,6.95637399988458,0
0,4.39839198876015,0,0,5.79496292674019,0,6.63949667698835,7.82680619803244,0,0,6.61835172563202,8.0378791545228,0,3.7857792788539,9.3086007411437,6.56922893412436,0,5.61913194503569,6.71088845074615,0
6.59189318666472,6.28986398290096,0,0,0,9.48175585796402,8.43158301410585,8.56809160784975,0,7.79563007529376,5.89175470295897,8.81184889150515,4.658805735154,0,9.1213342795912,0,0,6.96376692442337,0,5.32286362696604
6.32934650389235,6.46536681676938,0,4.97459352274899,6.83372115025577,9.2614611514839,8.15812395487377,8.11956826857712,0,8.20910975245972,7.78887883102487,8.49087180309054,0,0,8.97112968272985,4.95498162990542,0,6.39751281847673,4.88748789594072,5.71373280550937
2.93704327720531,3.70056095888777,0,0,0,6.83019365753375,8.13256253103559,8.1381937572421,0,8.12618113297781,6.43958995901004,8.47237990895951,0,0,9.42077146126271,6.66326040175689,0,0,5.27392220971331,0
5.21743263780757,5.15611996083824,0,0,6.14427146735174,9.04282900095536,8.24045105900279,8.4022356602598,0,8.29716727522333,5.79450639606101,8.52125094757698,0,4.40366580977736,9.27289254663315,5.41481068198384,0,6.41952250386878,0,6.13311600756679
5.95428175598027,6.02318121365955,0,3.66893181630424,6.82336228920465,8.20619609040267,7.35164591237062,0,0,9.00812259150604,6.26480679395494,8.27386989170462,0,0,9.45552717576502,5.67438799224675,0,7.19406891555248,6.52867403541799,5.91420546156103
5.36218378687645,5.11132491810418,0,0,6.01839854834806,8.88270398401737,7.98849886910776,7.9982446660307,0,8.03518823345844,7.6644170191099,8.1597579585311,0,0,9.51983041262454,5.22542404102771,0,6.37722002359573,0,0
5.42190574079266,5.08128013366559,0,0,6.25774421329933,9.21075028794915,7.28293298615185,8.29516152173248,0,8.20693825811206,7.35419596981528,8.39567167634586,0,4.27263020789448,9.44752094175376,5.90279725439182,0,6.25814640043667,6.30175779917798,0
0,0,0,0,0,7.33528842027198,0,7.30401144800499,0,7.39679531067621,5.42292152977257,7.59610095072589,0,5.01016851850681,9.39865228404492,4.80410300858724,2.16905370036952,6.97360856044345,5.14720373687828,4.18844188560122
4.85771718767154,5.97197587052412,0,0,5.56060470497987,8.45510925531849,7.24132330245596,8.3054766029696,0,0,4.98859416321938,7.43418649952652,0,0,10.2822835126608,5.84716105750155,0,5.93956580631685,0,0
6.55063737981036,6.66783426992862,0,5.42789721208393,6.9887083413878,9.19461944320332,7.47507843158502,7.98717115656788,0,8.70288904884914,6.67636531931395,7.63597033080258,0,4.72241974603833,9.48844169527107,6.74326971103571,0,0,6.85614614524891,0
6.3384880655169,5.09864617141897,0,0,6.19927108541195,8.98969868837929,7.26064908341421,7.04418995300362,0,8.5055496679211,5.23212414381324,6.98434588114385,0,0,9.71202433782489,0,0,4.08075260870263,5.35526464698979,0
5.8951188313213,6.17228497777567,0,0,6.43877512580604,8.76138565191815,8.51036593867378,8.20080432699239,0,0,4.996062964913,7.94904561102614,0,0,9.46633826016134,0,0,5.71830977393674,7.87118910506468,5.77610313623583
5.76217716103328,6.11734801879823,0,0,6.37941041899721,8.44156406289058,7.46150819956347,8.31320254657141,0,0,6.60501371277057,8.3186300512761,0,0,9.67522466977697,5.30767346147206,0,5.36274650670373,0,0
6.97654412965826,6.46519559588624,0,3.88032591868489,6.37767887562401,8.77246776794878,7.60570092845366,7.54603964409289,0,7.43702967281659,6.47554056913126,7.97015991068074,3.90055752731887,5.27305083930015,9.52472766451083,5.37828314818592,0,5.90129363859668,6.81336767347524,0
8.56621190089577,7.68126050210773,0,5.8247604012091,6.68629780543958,9.81274193922938,8.37196624306202,7.60968379054942,0,7.57518457153645,6.20564807705068,8.26851898895542,0,0,9.61651855911639,0,0,0,0,0
6.47814091064097,6.01359289918098,0,0,5.34180779762256,8.44328181532086,8.17504648540304,7.27551159707167,0,7.10733537996226,3.93143339894797,8.43778195099195,0,0,9.83751867559392,6.72813806216226,0,5.99443513055281,0,6.25219285874946
7.34180784394221,6.29714615166816,0,0,0,8.41516932516954,8.24276950352265,7.95106625186516,0,8.01681282551178,5.80841272373428,0,0,0,9.19210409730898,6.1262794906285,0,5.83799280341808,0,0
7.24727287378931,0,4.13724439653732,5.55350207340704,6.94593699102219,0,7.84137499297807,8.12899809447303,0,8.04869882266368,5.85647494896123,0,0,0,9.59775691352378,0,0,5.06145514309289,5.99538186439203,5.15271339268924
0,4.20588593695501,0,0,0,0,7.62127845184489,8.05624602829907,0,0,0,7.31079745415755,0,0,9.75739763066421,0,0,0,0,0
7.05483818368338,7.22932415300082,0,4.91647112403851,7.86793274426299,0,8.64311545792774,6.83211536477339,0,0,7.84582315809256,7.95492338468661,0,0,9.00885679065627,0,0,0,0,5.88229121634446
0,5.06953293534374,0,0,5.88912723474016,6.79031093596293,7.34923082461333,8.09930220080386,0,8.64840564738428,0,7.75104942088853,0,0,9.38728918807942,5.39902206066967,0,5.39089654784113,5.73979291217923,0
0,0,0,0,5.39535332905963,4.55324511312317,6.66923155687919,7.19911806927349,0,8.69841247426275,0,4.3907385752759,0,0,10.5432102219101,0,0,6.34717902995159,3.88588434781845,4.16231468866137
6.31718273712589,6.68979825435523,0,4.975215348865,7.14706347560447,9.19974039014551,7.75507742478873,7.78547980346738,0,0,7.07468397116861,7.8116940383692,0,0,9.45298846694837,5.18755338956318,0,5.65269968442689,0,6.81294997170822
7.81637264574799,7.3544774869385,0,4.87725627081532,6.49413198317251,8.68269068059763,7.30228750702704,7.74096870343892,0,7.07158185313985,6.82730415458451,8.12862059797808,0,0,9.53567221275485,0,0,6.19591445597494,6.84859957777338,6.19381337916549
6.01273668238352,0,0,0,0,0,7.24737256474742,0,0,7.52234614663631,5.10175488746374,8.08874907665603,0,5.2336188326091,9.02226348499689,4.89597238577612,0,6.434562570023,0,0
7.73030220364964,6.16887824671602,0,5.5738635966553,6.24701720362013,8.75092211942407,8.39859657489268,7.2273429124449,0,7.81446829057518,7.96709992006223,8.65225541172593,5.20384183832515,5.59608589920083,8.81817887707141,5.1570993646325,5.07160495441927,7.75686720723852,0,0
0,0,0,0,4.368054477107,0,6.78296273401488,7.71908541521979,5.27821669484103,0,6.7613412605266,0,0,0,10.5526201476767,6.83119815625998,0,0,0,0
5.04825215766756,3.77459832951647,0,0,5.53192596771001,7.07918439460967,3.27752202030093,6.4514494056586,0,8.20055456200348,7.05737284260296,7.11340266107959,0,4.25447731372691,9.44248330708719,7.11433846119589,0,5.65637635225893,0,0
0,0,0,0,0,0,5.47092523115435,6.11902188052286,0,0,5.61767977560279,6.9915356084216,0,0,9.60387458921638,0,0,4.58404868936598,0,0
3.25462899457402,5.04600243793355,0,0,5.30767346147206,3.23119957455703,5.84270348383599,8.40933622889306,0,0,0,6.93238935327381,0,4.65176747136487,9.94374138568327,0,0,0,7.04696054470246,0
0,5.10576363918783,4.31334621436898,0,0,0,0,8.35272648387686,0,8.64671505661799,0,7.40807591810298,0,0,9.07424455115747,4.57419538168866,0,6.61542240831493,4.42496638516514,0
0,0,4.09717388923226,0,3.14242665270479,0,5.6774384993166,8.40999543350642,0,0,0,6.79991391077506,0,3.8323302365189,9.22822940481192,5.77140996999679,0,0,4.52004793257126,0
4.93892444654226,6.34878927988821,0,0,6.5527646301075,7.80005245386961,6.61222918917396,8.79513700052695,5.60138054103812,0,7.33423796231277,0,0,0,9.32908294712727,4.70826814399166,0,6.317994667128,7.21666543287567,0
4.97279496111308,4.80949782304466,0,0,5.96061866693688,8.17879870846277,7.72275276817393,8.05339109286655,0,0,6.8660161973994,7.7144543342262,0,0,9.82022550166712,5.03928753666942,0,0,6.59882233102883,0
6.20172547259118,6.23859802516229,0,0,7.45860129607197,8.09970307179255,7.80929372906909,7.40960877329992,0,0,4.62732299062922,7.61228740440865,0,0,9.04594438779535,5.3678900699,0,6.34959343355985,7.95375410397696,6.5398893777886
