0.0000000,1.2137967,1.4226131,0.9544781,0.5729867,0.9423001,0.0000000,0.0000000,0.9947808
0.3398822,1.0209474,1.1423153,0.9854183,0.6575973,1.9990680,0.0000000,0.0000000,0.4802150
1.2632953,1.4481053,1.1646263,0.9691354,0.5838161,1.0280852,0.6901158,0.0000000,1.3686611
0.3659914,1.3779999,1.8064667,1.7426126,0.5899686,0.9466381,0.0000000,0.8168477,0.4215196
0.3812494,1.4569085,1.8000106,0.9339256,0.0000000,1.0546660,0.0000000,0.8715402,0.4433575
0.8681391,1.4586858,1.3591119,1.7287768,0.5735965,2.0828347,0.6985467,0.9727282,1.0438687
0.3125175,1.3436332,1.6068503,0.9111931,0.8714613,2.0457629,0.0000000,0.9611277,0.9652116
0.0000000,1.0004963,1.4150962,1.0151835,0.0000000,2.0002990,0.0000000,1.0129605,1.0286128
0.0000000,1.1004519,0.9481448,1.8957353,1.1983587,0.0000000,0.0000000,0.9661254,0.9608255
0.0000000,1.1529785,1.7913689,0.9021464,0.0000000,0.9250530,0.6762253,0.9574608,0.0000000
0.3734443,1.4813852,1.3932629,0.8912508,0.5860375,0.9869320,0.5889963,0.0000000,0.9265974
0.0000000,0.8581100,1.3900495,1.0052040,0.0000000,0.9648736,0.0000000,0.0000000,0.8884159
1.8086262,1.1267417,1.1449378,0.9930794,0.0000000,0.0000000,0.0000000,0.0000000,1.6232959
0.0000000,1.0818317,0.7211353,0.9602635,0.0000000,1.0249848,0.0000000,0.0000000,0.5048095
0.3873223,1.1105872,1.8005071,0.9631452,1.5991218,0.9408572,0.0000000,0.0000000,0.0000000
0.0000000,1.0938263,1.6066524,1.7778741,1.0233399,2.0979725,0.0000000,0.0000000,0.4764515
0.3560610,1.0281088,1.3770034,0.9061048,1.1962434,1.1057073,0.0000000,0.0000000,0.3680000
1.2684922,1.0334584,1.1842602,0.0000000,0.6357577,0.0000000,0.6515351,0.0000000,0.5096148
0.0000000,1.0548075,0.9549472,0.9713757,0.6206194,2.0895958,0.0000000,0.0000000,1.0787968
0.3623718,1.0632907,1.8093826,0.9656877,0.5873098,0.0000000,0.0000000,0.0000000,1.0247054
0.3751384,1.3049468,1.7700827,1.0038751,1.1596828,1.0340508,0.6320331,0.9499184,0.0000000
0.3809360,1.4357480,1.4986132,1.7224224,1.6329280,2.2060963,0.0000000,0.0000000,1.0102465
0.3610859,1.4405824,1.5941966,0.9856509,1.4701499,0.9722269,0.0000000,0.0000000,0.9535520
0.3750638,1.7834190,1.7907058,0.9290476,0.6724784,1.0036328,0.6420872,0.0000000,0.9622087
0.3928332,1.4562308,2.0143804,1.8822921,0.9483206,2.2365426,0.0000000,0.8497995,0.9103028
0.0000000,0.8760138,1.4700364,0.9356737,0.0000000,0.0000000,0.0000000,0.0000000,0.4169460
0.2697712,1.2167920,1.5303489,0.9832799,0.4683285,1.8634594,0.0000000,0.0000000,0.5175835
1.7840783,0.9254287,1.2086494,0.0000000,0.6212582,1.0559952,0.8320779,0.0000000,1.0091355
0.0000000,0.5735265,0.9504740,0.9582898,0.0000000,1.1359351,0.0000000,0.9852052,0.5976763
0.3918823,1.1815804,1.1451280,1.8753103,0.0000000,0.9151921,0.0000000,0.0000000,1.5359260
2.3183670,1.4224380,1.7597543,0.9458316,1.1266586,0.0000000,2.4240377,0.0000000,0.8596897
1.2107168,0.9190899,0.9620047,1.7612190,0.6243405,0.9944666,0.6885376,0.0000000,1.0562572
1.0274879,1.3829428,1.7078155,1.5632537,0.0000000,1.0122029,2.0177858,0.0000000,0.0000000
1.4331299,1.1198199,1.4119035,0.8805009,1.1102956,0.9926042,0.0000000,0.8480785,0.9870898
0.6254539,1.5224369,1.8323226,1.8367303,1.6176967,2.1566041,0.6323752,0.9698948,1.0728861
1.6087013,1.5929382,1.8178889,1.9516625,1.0721759,1.0274931,0.0000000,0.0000000,1.5013863
0.6255807,1.3760643,1.6069075,1.7964829,1.0766831,1.9313399,0.0000000,0.9312635,1.0009896
0.3644917,1.4180754,1.4043009,1.8312496,1.1257250,0.7821581,0.0000000,0.0000000,0.5142100
1.9016306,1.3321107,1.5995762,1.8886742,0.5703810,0.9251527,0.0000000,0.0000000,1.5492700
0.4033797,1.7350738,1.5602096,1.7377711,0.5873052,0.8261734,0.0000000,0.0000000,1.0338097
0.0000000,1.2172038,1.3969263,1.8777663,0.5865682,1.9289155,0.0000000,0.9011003,0.4861170
0.2688939,1.2940986,1.7991789,1.6252255,0.0000000,0.0000000,0.0000000,0.0000000,0.9816786
0.3816687,1.3488553,1.5665382,0.9826896,0.6133215,2.0996615,0.0000000,0.0000000,0.9946698
2.3336181,1.3940041,1.1693942,1.9242569,0.0000000,1.2469717,0.0000000,0.9266049,1.0966446
1.1614104,0.4782110,0.9170294,1.9067907,0.0000000,0.0000000,0.0000000,0.7822536,0.5053474
0.3717898,1.2543259,1.5687928,0.9128055,1.1729206,0.7519197,0.0000000,0.8875709,0.4012758
0.3175879,1.3666578,1.7997721,1.8635587,0.0000000,1.8702369,0.0000000,0.8816515,0.4522860
0.7587756,1.5902791,1.3847423,1.7480702,0.6050985,1.8470026,0.0000000,0.8518907,0.4896488
0.0000000,0.3637507,0.7019523,0.0000000,0.0000000,0.0000000,0.0000000,0.0000000,0.0000000
0.7283039,1.7532964,1.5701479,1.8333158,1.8793370,1.9390138,0.0000000,0.0000000,0.9827987
0.7382187,1.1586296,1.1448983,1.9698070,1.2031544,0.0000000,0.0000000,0.0000000,0.4046417
0.6711898,1.4792565,1.7557775,1.9069961,1.1646105,1.9766131,0.0000000,0.8577864,0.4459830
0.4218379,0.7146581,1.0917610,1.8768550,0.4940850,0.8565819,0.0000000,0.0000000,0.9925848
0.0000000,1.2232693,1.3591882,0.9250567,0.0000000,0.0000000,0.0000000,0.0000000,0.5865825
0.0000000,1.3779057,1.3870742,0.9339256,0.5317039,1.1450691,0.0000000,0.0000000,0.0000000
0.7270630,1.4629424,1.7709859,1.8536955,0.5854055,0.9781227,0.0000000,0.8707838,0.5240151
1.9166411,1.4749187,1.7620369,1.8770391,0.5756980,2.0004557,0.0000000,0.8801808,1.3984564
0.3747348,0.8977042,1.7953650,1.5415925,0.0000000,0.8490124,0.0000000,0.7231381,0.0000000
0.0000000,1.2410413,1.8049431,0.9636788,0.0000000,0.9982064,0.0000000,0.0000000,0.4824690
0.3943657,1.6705304,1.5816603,1.8696361,1.2417129,2.1100745,0.0000000,0.0000000,1.1012769
0.3759490,1.3029788,1.3953308,0.9879249,0.0000000,1.9169467,0.0000000,0.0000000,0.0000000
0.0000000,0.8982364,1.3621478,0.8972571,0.0000000,0.0000000,0.0000000,0.0000000,0.0000000
0.3388360,1.0466096,1.3683137,0.9721982,0.0000000,0.0000000,0.0000000,0.0000000,0.0000000
0.3980110,1.5114973,1.6088337,0.9764480,1.1070661,1.0411713,0.0000000,0.0000000,0.9193011
0.0000000,1.1436277,1.1769105,0.0000000,0.6110096,0.0000000,0.0000000,0.0000000,0.0000000
0.3856848,1.2169676,1.5972744,1.6551506,0.5580759,0.9725663,0.0000000,0.8511760,0.0000000
0.3132528,1.0009549,1.6049811,0.0000000,0.5673685,0.9210051,0.0000000,0.9004345,1.0008775
0.0000000,1.6236617,1.1544928,0.9439157,1.2399476,0.8711157,0.0000000,0.0000000,0.8264007
0.3954627,1.0435319,1.1403564,0.0000000,0.0000000,0.9278638,0.0000000,0.0000000,0.4409452
1.2247206,1.3376991,1.1684227,0.9572887,0.5953075,0.9410379,0.0000000,0.0000000,1.4170066
1.2604170,0.4346556,1.4209426,0.9836520,0.0000000,0.0000000,0.0000000,1.1031393,0.5903146
1.9770255,1.2719116,1.7464308,0.0000000,0.4682907,1.8835824,0.0000000,0.0000000,0.9158823
0.6159630,1.3817035,1.3212240,0.9634939,0.6335070,1.0145647,0.0000000,0.0000000,0.9490914
0.7023480,1.4340278,1.1690671,0.8429822,1.1274244,0.9059832,0.0000000,0.8576828,0.0000000
0.3664463,1.5842480,1.3907923,0.9112834,1.6279406,0.9824956,0.4668390,1.5706247,0.9012639
0.3768560,1.3804806,1.5826419,0.9974851,0.5101942,1.0092381,0.0000000,0.0000000,0.8422914
0.3440413,1.3517515,1.6005342,1.6136429,1.0386692,0.8977237,0.0000000,0.8506511,0.4055674
1.9973309,0.9988059,1.4131456,1.7697499,0.0000000,0.9025514,0.0000000,0.8378961,0.9870316
0.4063936,1.5142405,1.6028374,0.9542147,0.5267153,0.8046674,0.0000000,0.0000000,0.5592694
0.3901687,1.3049197,1.5274009,0.8541933,0.6132870,1.0443737,0.0000000,0.7453743,0.9095128
1.9613363,1.3188815,1.6569646,1.6138095,0.9993872,0.9653130,1.0474587,0.8158614,0.3078255
0.3818414,1.7374425,1.3667865,1.5039573,1.2575087,0.7399867,0.0000000,0.8006119,0.3344866
0.3533283,1.4471938,1.3125499,0.0000000,0.5991741,0.9124381,0.0000000,0.0000000,0.0000000
1.6456686,1.1782607,1.3525949,1.9517013,0.0000000,0.9719019,1.4749865,0.0000000,0.0000000
0.3681279,1.3914660,1.3873059,0.9339839,0.0000000,0.9553415,0.0000000,0.0000000,0.0000000
0.3791570,1.1004816,1.3375553,1.7178216,0.5616297,2.1167909,1.3434617,0.7367952,0.0000000
0.3734560,1.2195455,1.2909810,0.0000000,1.1520470,0.8296753,0.0000000,0.7824681,0.5085652
0.0000000,0.8959536,1.4016296,1.7343667,0.0000000,2.1722148,0.5682446,0.0000000,0.0000000
0.3681974,1.4238865,1.5506573,1.7442940,1.5522489,0.8604856,0.0000000,0.8870015,0.0000000
0.7102298,1.3536730,1.7448747,1.8892897,1.1005240,0.9769217,1.2398664,0.0000000,0.0000000
0.3944671,1.1204864,1.7745387,2.0007617,0.5962380,0.9058224,0.0000000,0.0000000,0.5383190
0.0000000,1.4117262,1.1557717,0.9109396,0.5952997,0.0000000,0.0000000,0.0000000,0.0000000
0.3856090,1.3563758,1.1615857,0.7908538,1.2610955,0.0000000,0.0000000,0.0000000,0.0000000
0.0000000,1.1631200,1.9373412,2.0020501,0.5961845,1.0167633,0.0000000,0.0000000,0.5786124
0.7306026,1.7239772,1.5262174,0.9431481,1.2894182,0.7836502,0.6060832,0.0000000,0.5390716
0.0000000,1.5624398,1.8065153,1.0310694,1.1757076,0.9240633,0.0000000,0.0000000,0.3584973
0.3797899,1.3916655,1.6079263,1.9616519,0.0000000,0.9896220,0.0000000,0.0000000,0.5561553
1.2111104,1.6338926,1.3698001,2.0537362,0.6311508,2.1647359,0.0000000,0.0000000,0.5643731
0.3340192,1.1965939,1.7639036,1.9210113,0.8992778,0.9319740,0.6271154,0.0000000,0.5646543
0.3811117,1.3106705,1.8247843,1.9959387,0.5722699,0.9636623,0.7222745,0.0000000,0.5640659
0.0000000,1.1202794,1.3646099,0.9286845,0.0000000,0.8787795,0.0000000,0.0000000,0.5373818
1.3873543,1.1693597,0.8863625,0.9103064,0.0000000,0.0000000,2.2513981,0.0000000,0.0000000
1.7661677,0.8862639,0.4546086,0.0000000,0.0000000,0.0000000,1.5833912,0.0000000,0.5612873
0.4093432,1.1805248,1.3719018,0.0000000,0.6459558,0.0000000,0.7697087,0.0000000,0.0000000
2.4670798,0.8420249,1.3534702,0.0000000,0.0000000,2.3073543,1.5554963,0.9776533,0.4919872
0.4096607,0.7423820,0.7221085,0.0000000,0.0000000,0.0000000,0.0000000,0.0000000,0.0000000
0.3937893,0.9830577,1.1386669,0.8714068,1.0969352,0.7020385,0.0000000,0.0000000,0.0000000
0.0000000,1.4670125,1.3881890,0.9827229,0.0000000,0.0000000,0.0000000,0.0000000,0.0000000
0.3753416,1.2385119,1.6266236,0.9987358,0.5717948,0.0000000,0.0000000,0.0000000,0.0000000
0.0000000,1.1652471,1.3792307,1.0254707,0.6187410,0.9299090,0.0000000,0.0000000,0.0000000
0.3856220,1.0259199,1.3893616,0.0000000,0.6084781,0.9918642,0.0000000,0.0000000,0.4921851
2.1993626,1.4291196,1.2727522,0.9433226,0.5773903,0.0000000,0.0000000,0.0000000,0.4732843
2.3109463,0.7701409,0.8494613,0.8463292,0.0000000,0.0000000,0.0000000,1.1311992,0.3934947
0.3656470,1.4773974,1.3270142,1.9218678,1.1101512,0.9244184,0.0000000,0.0000000,0.0000000
0.4314636,0.4327000,0.9952518,1.0194919,0.0000000,1.2878454,0.0000000,0.0000000,0.0000000
0.0000000,1.0637212,1.1101613,0.0000000,0.0000000,0.0000000,0.0000000,0.0000000,0.0000000
0.3972450,0.7342378,0.9248406,0.0000000,0.6945444,0.0000000,0.0000000,0.0000000,0.3308523
0.3121097,0.9447928,1.2825648,0.9905310,0.5987335,0.0000000,0.0000000,0.0000000,0.5365531
0.0000000,1.1490512,0.9228210,0.9471757,0.0000000,2.2826059,0.0000000,0.0000000,0.5502026
0.0000000,0.9387815,0.9286627,0.9177461,0.0000000,0.0000000,0.0000000,0.0000000,0.5324554
0.0000000,1.2328516,1.1731895,0.8614333,0.0000000,1.0099695,0.0000000,0.0000000,0.0000000
0.3579030,1.1058222,0.9334647,0.9835431,0.9840934,0.9699097,0.0000000,0.0000000,0.4110490
0.0000000,0.8471249,0.8902782,0.8381632,0.5878815,0.9784056,0.0000000,0.0000000,0.4222419
0.0000000,1.1928111,1.5107165,0.9165270,0.0000000,1.9457385,0.0000000,0.7740772,0.0000000
0.0000000,1.2276238,1.1061650,0.9999039,0.0000000,2.1498565,0.0000000,0.0000000,0.0000000
0.3179111,0.9364930,1.1573404,0.8842174,0.0000000,0.9424939,0.0000000,0.0000000,0.4406064
0.3946238,1.5325113,1.5872632,0.8767324,0.5997885,0.0000000,0.0000000,0.0000000,0.0000000
0.3489311,1.2961912,1.3460677,0.9607958,0.5348838,0.8812402,0.0000000,0.0000000,0.0000000
0.3637224,1.2615838,1.3985868,1.8125614,0.0000000,0.9390592,0.0000000,0.0000000,0.9572667
0.0000000,0.8119004,1.1753103,1.0488457,0.0000000,1.0793223,0.0000000,0.0000000,0.5645698
0.0000000,1.1807378,1.3438559,0.9189925,0.6604346,1.0388093,0.0000000,0.0000000,0.4700678
1.0134555,1.3352139,1.3710382,0.9592315,0.0000000,0.9959578,0.0000000,1.8033260,0.4784054
0.0000000,1.6840529,1.1191183,1.7428574,1.2242167,1.0175441,0.0000000,0.0000000,0.5300440
0.0000000,1.2598341,1.1485101,0.9987672,0.5210231,0.0000000,0.0000000,0.0000000,0.4983223
0.3984623,1.2782613,1.5758330,0.9692163,0.0000000,0.8168635,0.0000000,0.0000000,0.4570955
0.4034650,1.4071812,1.7457205,0.9554232,0.5459082,0.9400559,0.0000000,0.0000000,0.0000000
0.2933141,1.3548250,1.7894783,0.9956505,0.6074922,1.9295285,0.0000000,1.6740740,0.4933564
0.3370833,1.2846838,1.2074255,0.9523767,0.6199302,1.9701362,0.0000000,0.0000000,0.9183972
0.3928301,1.6551825,1.3794941,1.8699025,1.2032334,1.8818361,0.0000000,0.8220683,0.9425047
0.3748165,1.5395035,1.5391466,0.9693158,1.1884895,1.1330829,0.0000000,0.0000000,0.4863214
0.3831798,1.4621412,1.2878212,0.0000000,0.5838309,1.0059983,0.0000000,0.0000000,0.9525477
1.1799886,0.8435668,1.5879927,2.0005537,0.0000000,0.9336433,0.0000000,0.0000000,0.3966296
0.3752286,1.0173372,1.1691166,0.9270152,0.5345814,0.8300924,0.0000000,0.0000000,0.4428890
0.0000000,1.5361739,1.7062548,0.9443626,1.2556692,1.8430642,0.0000000,0.0000000,0.7907475
0.3928435,1.3346781,1.1753764,0.9904737,0.5678797,0.8488223,0.0000000,0.0000000,0.9736198
0.0000000,1.4833938,1.1352858,0.9284320,1.8594118,0.0000000,0.0000000,0.0000000,0.4783322
1.1623339,1.4364187,1.5679949,0.9778500,0.6025118,0.0000000,0.0000000,1.0304561,1.5016067
1.9395725,1.5059458,1.3668440,1.0162587,0.5270773,0.0000000,0.0000000,0.9747218,0.9660145
0.0000000,1.4377132,1.7463481,1.9011854,1.1058870,0.8779718,0.0000000,0.8436180,0.0000000
0.0000000,1.4366744,1.3727013,0.9587147,1.7819801,0.8383569,0.0000000,0.0000000,0.4718421
0.7171748,1.2290557,1.2118958,0.9818839,0.0000000,0.8562273,0.0000000,0.8165626,0.9848446
0.0000000,1.4578962,1.7090451,1.0159208,0.5792010,1.0316583,0.0000000,0.0000000,0.9229512
0.3724325,1.5096076,1.5887808,1.0042815,0.6156508,1.0145425,0.0000000,0.8932123,0.9747297
0.3830196,1.3408113,0.7374921,1.0006720,0.5457331,0.0000000,0.0000000,0.0000000,0.4199685
0.3866146,1.1467965,1.1732176,0.9710060,0.5761380,0.9494287,0.0000000,0.0000000,0.0000000
0.3686952,1.4286794,1.8006036,0.9859514,0.6287729,1.0158175,0.0000000,0.0000000,0.0000000
2.0775347,1.5529443,1.5597443,0.8869888,0.0000000,0.9668632,0.5931136,0.0000000,0.9543944
1.8430048,1.5520295,1.1900099,0.9643481,0.0000000,0.9581646,0.0000000,1.0959717,0.9975853
0.3709335,1.4956347,1.7341573,0.9879457,1.1403623,0.0000000,0.0000000,0.0000000,0.5324440
0.7435045,1.5128409,1.5384964,0.9448477,0.5666859,0.8789216,0.0000000,0.9016305,0.8502889
0.7034033,1.3178161,1.3954679,1.0117204,0.5942948,1.1753386,0.0000000,0.8600576,0.9651453
0.3946925,1.2398731,1.3637147,0.9835073,0.0000000,0.0000000,0.0000000,0.0000000,0.4619679
0.3827042,1.4654095,1.5213623,0.9501568,0.6618645,0.0000000,0.6613329,0.8516362,0.9848546
0.0000000,1.1358303,1.5679970,0.9801156,1.1318459,0.9812707,0.0000000,0.0000000,1.3767967
0.0000000,1.4128276,1.3329037,1.6990922,0.0000000,0.0000000,0.0000000,0.0000000,1.0277159
0.0000000,1.2602130,1.3767406,0.9567331,0.6231855,0.8834344,0.0000000,0.0000000,0.0000000
0.3407034,1.3494282,1.7051016,0.9285618,1.1450505,0.0000000,0.0000000,0.0000000,0.0000000
0.7128434,1.1786153,1.4921159,1.9153139,0.5699790,0.7941569,2.0684719,0.7773697,0.9499550
0.3529355,1.7057422,1.7501157,0.8581431,1.0438241,1.7912501,0.0000000,0.9406381,0.8673497
0.3859374,1.1566754,1.3555888,0.0000000,0.0000000,2.2026690,0.0000000,0.0000000,0.9457327
0.3510821,1.4231908,1.5429429,0.9099301,0.0000000,2.0276650,0.0000000,0.0000000,1.1138073
0.0000000,1.0688398,0.7266290,0.0000000,0.0000000,0.0000000,0.0000000,0.0000000,0.0000000
1.2378466,0.9572052,0.9184785,0.9227197,0.5953932,1.1093539,0.0000000,0.0000000,1.5156067
0.3099232,1.5869765,1.5728090,0.9205962,0.5167636,0.0000000,0.0000000,0.0000000,0.0000000
0.3654749,1.0099950,1.1969231,0.9514304,0.0000000,0.9825776,0.0000000,0.0000000,0.4768471
1.7903350,0.9289528,1.6471450,0.9906187,0.6883254,2.3305760,0.0000000,0.9313410,0.4979503
0.3619616,1.2112573,1.5741338,0.9529661,1.1945935,0.9138223,0.0000000,0.8153155,0.0000000
0.3673081,0.9282378,1.6269326,1.8788088,0.0000000,2.2484758,0.0000000,0.0000000,0.0000000
0.0000000,1.2010980,1.4166829,0.9824136,0.0000000,1.0553482,0.0000000,0.0000000,0.0000000
0.0000000,1.0906351,1.5213991,0.9456447,0.0000000,0.9093479,0.0000000,0.0000000,0.4612718
0.0000000,1.0546823,1.3452829,0.0000000,0.5860233,1.0091495,0.0000000,0.0000000,0.8925525
0.3422712,1.3613070,1.5675199,0.9828755,0.6328294,2.0111388,0.6346544,0.0000000,0.3727412
0.0000000,0.8097761,1.6406730,0.9219161,0.0000000,0.0000000,0.0000000,0.0000000,0.4053294
0.0000000,1.1954358,1.3980425,1.0158149,0.0000000,1.0642048,0.0000000,0.0000000,0.8659877
0.3823470,1.0882077,2.0096233,1.8540389,0.0000000,1.0615899,0.0000000,0.0000000,0.0000000
0.0000000,1.4325890,1.5232417,0.9327760,1.0470316,2.0024035,0.0000000,0.0000000,0.3877278
0.0000000,1.3811866,0.7249357,0.9714845,0.6774840,1.0906415,0.0000000,0.0000000,0.5237951
0.7192023,1.2060398,1.4138600,1.0174809,0.0000000,2.1071054,0.0000000,0.0000000,0.0000000
0.3667577,0.9511880,1.3659651,0.9634362,0.0000000,1.0892052,0.7238903,0.0000000,1.6596063
0.3653175,1.2482501,1.3270799,0.0000000,0.0000000,1.0813860,0.0000000,0.0000000,0.0000000
1.1401687,1.2426906,1.4315191,1.0234364,0.0000000,1.1308423,0.0000000,0.0000000,1.5564420
0.0000000,0.8152660,1.1533968,1.9858258,0.0000000,2.1487497,0.0000000,0.0000000,0.4304601
0.3448909,1.4472120,1.5334143,0.9155537,1.1040357,0.0000000,0.0000000,0.0000000,0.5580946
0.3377264,1.5137670,1.5808258,0.9962235,1.1363331,1.1327586,0.0000000,0.0000000,0.5356736
1.0575366,1.1465722,1.3572418,1.8271139,0.5665469,1.0073601,0.0000000,0.8993091,0.9337124
0.0000000,0.9381793,1.1903758,0.0000000,0.6250062,1.1396755,0.0000000,0.8119277,0.0000000
0.0000000,0.8984506,1.4230568,0.9754933,0.0000000,1.0433386,0.0000000,0.0000000,1.0179628
0.3307946,1.3644370,1.5365728,0.9566141,0.0000000,1.0322821,0.0000000,0.0000000,0.5097451
0.3917868,1.6170272,1.5465729,0.9441992,1.1817573,0.0000000,0.0000000,0.0000000,0.9199070
0.3870277,1.5149767,1.8007950,1.7840830,0.5144392,0.0000000,0.0000000,0.0000000,0.9795892
0.3453490,0.6313414,1.6865893,2.0664917,0.5695279,0.9016408,0.0000000,0.0000000,0.0000000
0.3820063,1.3628789,1.7787176,0.9157740,0.0000000,0.8611187,0.0000000,0.0000000,1.5546727
0.3985706,1.4280902,1.7819432,0.8881109,1.1991578,0.8405744,0.0000000,0.0000000,0.0000000
0.3453664,1.4945659,1.1785816,1.0350084,0.0000000,1.0023738,0.0000000,0.0000000,0.0000000
0.6864974,1.1079915,1.3453747,1.0160870,0.0000000,0.9994307,0.0000000,0.9032735,0.5314568
0.0000000,1.3395847,1.5955817,0.9885743,0.6311063,0.0000000,0.0000000,0.0000000,0.0000000
0.0000000,1.4315140,1.5572074,1.0382737,1.1428053,0.9652550,0.0000000,0.8716969,0.0000000
0.7600075,0.7391403,1.5880336,1.9406749,0.0000000,0.9524183,0.0000000,0.7957411,0.0000000
0.7282604,1.3463169,1.5963449,1.0210841,1.2392962,0.9328155,0.0000000,0.0000000,0.0000000
0.3966094,1.1594013,1.1766948,1.0027538,0.6604054,0.0000000,0.0000000,0.0000000,0.0000000
0.3545940,1.2160461,1.3879612,1.8128822,0.0000000,0.9513608,0.0000000,0.0000000,0.4081064
0.8451620,1.2339046,1.1838078,1.0375074,0.5229943,0.0000000,0.0000000,0.0000000,0.0000000
0.3720131,1.3961193,1.5698035,0.8570868,0.0000000,0.7542415,0.0000000,0.0000000,0.0000000
0.0000000,1.3409998,0.9536941,0.9262030,0.0000000,0.9418964,0.0000000,0.0000000,0.0000000
0.9985483,1.1372521,1.1512646,0.9558396,0.0000000,0.9664738,0.0000000,0.0000000,0.5613675
0.0000000,0.8939691,1.1805503,0.0000000,0.0000000,0.0000000,0.0000000,0.0000000,0.0000000
0.0000000,1.1242378,1.1761436,1.0032822,0.6758541,0.9349985,0.0000000,0.0000000,0.0000000
0.3794956,1.4660443,1.1694215,0.9816720,0.0000000,0.8704663,0.0000000,0.8975649,0.0000000
0.0000000,1.0426085,1.3934099,0.9913150,0.6427115,0.9017133,0.0000000,0.0000000,0.5069683
0.3598731,1.3126394,1.5608894,0.9864003,0.6105442,0.0000000,0.0000000,0.0000000,0.0000000
2.0360670,1.1891674,1.0885934,1.8453717,0.5159465,0.8858102,1.1664635,0.0000000,0.0000000
1.0871114,1.2321298,1.6127371,1.0059777,0.4813555,0.0000000,0.0000000,0.0000000,0.5364663
0.0000000,0.8013097,1.4132708,0.9122914,0.5214546,0.8619160,0.0000000,0.0000000,0.0000000
0.0000000,1.2094935,1.3122035,1.0186330,0.0000000,1.9742430,0.0000000,0.0000000,0.4903389
0.3699176,1.1355866,1.5352614,1.0066897,0.6671476,1.0132616,0.0000000,0.0000000,0.0000000
0.3837348,1.2437560,1.5588953,0.9949818,0.0000000,0.9603500,0.0000000,0.0000000,0.0000000
0.0000000,1.0943926,1.2083695,1.0229826,0.0000000,1.0370842,0.0000000,0.0000000,0.9701686
2.1091551,1.4337601,1.7208762,1.9636579,0.5456918,1.0584718,0.0000000,0.0000000,0.0000000
0.4157389,1.1076352,1.4152977,1.6864118,0.5786175,0.9425878,0.5708566,0.0000000,0.5283191
0.3489993,1.4243186,1.3521768,1.0123386,0.5963907,2.1721867,0.0000000,0.8996294,0.0000000
0.3831744,1.5722662,1.5440162,0.0000000,1.1583626,0.9600402,0.0000000,0.0000000,0.4043547
0.0000000,1.3488681,1.1778597,1.9362757,0.0000000,0.9977985,0.0000000,0.0000000,0.0000000
0.4185197,1.1346559,1.5925937,0.9196193,0.6273663,0.9805213,0.6117183,0.0000000,0.5226758
0.3782470,1.3199792,1.4062139,0.9004293,0.6415834,0.0000000,0.0000000,0.8719546,0.0000000
0.0000000,1.3303166,1.3527245,1.8661818,0.0000000,0.8109482,0.0000000,0.0000000,0.0000000
0.6923898,0.9111802,1.1603470,0.9095610,0.0000000,1.9739319,0.0000000,0.0000000,0.5801805
0.3465318,1.2262968,1.1874201,0.9996404,0.0000000,1.0394080,0.0000000,0.0000000,0.5380699
0.0000000,1.2956112,1.5623156,1.0171695,0.6268631,2.0806012,0.0000000,0.8535694,0.0000000
0.6498792,1.2415652,1.3972083,2.0102397,1.2049887,2.0937363,0.0000000,0.9689489,0.5312070
0.3814710,0.9387855,1.6176349,1.8929563,0.0000000,2.1275997,0.0000000,0.9365885,0.0000000
0.3553966,1.3276962,1.3806069,0.9904098,0.0000000,0.0000000,0.0000000,0.0000000,0.0000000
0.3735028,1.4567153,1.5977809,1.0026745,1.2371270,1.0041714,0.0000000,0.0000000,0.5181209
0.0000000,1.2398974,1.1640354,1.0137335,0.0000000,1.0085338,0.0000000,0.0000000,0.5317525
0.0000000,1.1421515,1.3611251,0.9901519,0.5771875,0.9800825,0.0000000,0.0000000,0.0000000
0.3663620,1.2540212,1.5638176,0.9926286,0.5863200,1.1850373,0.0000000,0.7828244,0.3978298
0.3692616,1.2724956,1.3320475,0.9483757,1.1076219,0.0000000,0.0000000,0.0000000,0.5612370
0.3325746,1.2438469,0.8856791,0.9282772,0.5471987,0.9879207,0.0000000,0.0000000,0.4880107
0.3140745,1.4489062,1.5559685,0.9990404,0.6198706,2.1317828,0.0000000,0.7883786,0.0000000
0.0000000,0.7276468,1.4159806,0.8270703,0.0000000,0.9894583,0.0000000,0.0000000,0.0000000
0.3898550,1.1259869,1.1840162,0.0000000,0.0000000,0.9226394,0.0000000,0.0000000,0.0000000
0.0000000,0.7864289,1.4198203,1.0284437,0.0000000,0.0000000,0.0000000,0.0000000,0.5613248
0.3557011,1.2361258,1.3932341,0.8998422,0.6237215,0.9244967,0.0000000,0.0000000,0.5658762
0.0000000,1.2880701,1.4291998,0.9478637,0.0000000,0.0000000,0.0000000,0.7536171,0.0000000
0.3696628,1.4281737,0.9580946,0.8448631,0.5506976,0.0000000,0.0000000,0.0000000,0.0000000
0.3714976,1.4378886,1.1663333,1.0050236,0.0000000,0.9205765,0.0000000,0.0000000,0.0000000
0.3327535,1.2396899,1.3654692,1.9328931,0.6087279,0.9675867,0.0000000,0.0000000,0.0000000
0.4020695,1.2164348,1.4209749,1.0095213,0.5956106,0.0000000,0.0000000,1.0023935,0.0000000
0.3929910,1.1339641,1.3539520,1.8785593,0.5821635,0.9935610,0.0000000,0.0000000,0.0000000
1.1204195,1.4008487,1.1294634,0.9507064,0.6209254,0.8819653,0.0000000,0.0000000,0.0000000
0.0000000,1.1135805,1.6676388,1.0067861,0.5905272,1.5703381,0.0000000,0.0000000,0.0000000
0.0000000,1.3502050,1.7815911,0.9450780,1.6963131,0.9636028,0.0000000,0.8340965,0.0000000
1.9073235,1.1716847,1.5382145,0.8839661,0.5835039,0.8998794,0.0000000,0.0000000,0.8797458
0.0000000,1.5516800,1.5531423,0.8495171,1.1405752,1.0942702,0.0000000,0.0000000,0.5687798
0.3706232,1.3765613,1.6144585,0.9775350,0.5598473,0.9875571,0.0000000,0.0000000,0.0000000
0.3367567,1.2037629,1.6524787,1.8655450,0.6260255,0.0000000,0.0000000,0.0000000,0.0000000
1.9841211,1.1597724,1.4081956,0.9186607,0.0000000,1.0941425,1.5992199,0.0000000,0.5752427
1.9183940,1.1221331,1.3801786,1.9290858,0.6242864,2.0721086,0.0000000,0.0000000,0.0000000
0.0000000,1.2413727,1.4071193,0.9944567,0.0000000,2.2368993,0.0000000,0.0000000,0.0000000
0.0000000,1.3309519,1.4094919,1.0234645,0.6138437,0.9767020,0.0000000,0.0000000,0.0000000
0.3569708,1.2986436,1.3680905,0.9142819,1.2611943,0.9558628,0.0000000,0.0000000,0.0000000
0.0000000,1.2361834,1.1382152,0.9937114,1.2048734,1.9087221,0.0000000,0.0000000,0.0000000
0.0000000,1.1653080,0.9601098,1.0180928,0.0000000,0.9882422,0.0000000,0.0000000,0.0000000
1.1281631,1.1112124,1.4025535,1.0175399,0.5751779,2.1424161,0.0000000,0.0000000,0.5654557
0.3728668,1.0858604,1.3665794,1.0112732,0.0000000,2.1589728,0.0000000,0.0000000,0.5195021
0.0000000,1.3341680,1.7768627,1.8045319,1.7700514,2.1406006,0.0000000,0.8415557,0.0000000
1.9317521,1.2323383,1.8305223,1.9546996,0.5905703,2.1957693,0.0000000,0.8402800,1.4270860
1.2562398,1.2538185,1.7977104,0.9758103,1.1567748,0.9509770,0.0000000,0.0000000,0.5642009
0.8778725,1.0905023,1.4240737,0.9998299,0.6104878,0.8928207,0.0000000,0.0000000,0.5058662
1.6197006,0.9666435,1.4332666,1.9372956,0.5726234,0.9724344,0.0000000,0.0000000,0.5781178
0.7875631,1.0240738,1.4068827,0.9612897,0.5948570,0.8880421,0.5837617,0.0000000,0.0000000
1.1614311,1.1092350,1.5970536,0.0000000,0.5612996,1.0072093,0.6507505,0.0000000,0.5932266
1.1587849,1.0298917,1.1500505,0.9550440,0.6359954,1.0618589,1.3508595,0.0000000,1.0403090
0.3694630,1.2869759,1.3845442,1.0175408,0.0000000,0.9217264,0.0000000,0.9664620,0.0000000
2.0341146,1.3477939,0.9519385,1.0510947,0.0000000,2.0498528,0.0000000,0.0000000,0.4911627
0.0000000,0.8458230,1.3975753,0.9861748,0.0000000,1.0912105,0.0000000,0.0000000,0.5390316
0.0000000,1.4370571,1.3629464,0.9995706,0.0000000,0.0000000,0.0000000,0.0000000,0.0000000
0.3827855,1.2770876,1.3801888,0.9946148,0.6240237,1.0499311,0.0000000,0.0000000,0.9737957
0.3938750,1.2471650,1.8737547,0.9290336,0.5545104,2.1519372,0.0000000,0.0000000,0.5886093
0.3748795,0.6332827,1.1159782,1.0236460,0.0000000,0.0000000,0.0000000,0.0000000,0.5561849
1.1581897,0.8452929,1.1747012,1.9330730,0.0000000,0.0000000,0.0000000,0.0000000,0.4455445
0.0000000,1.0388938,1.3324941,0.8703549,0.0000000,0.0000000,0.6594615,0.0000000,0.5706435
0.3545505,0.9605648,1.5979315,1.0107658,0.0000000,2.0654543,0.0000000,0.0000000,0.5658018
0.3331810,1.0579146,0.9274330,0.9451272,0.0000000,0.8709341,0.0000000,0.0000000,0.0000000
0.3865329,1.1458173,1.8312511,0.9836981,0.0000000,1.1072534,0.0000000,0.0000000,0.0000000
0.0000000,1.1184868,1.6315885,0.9662102,0.5332647,0.9280514,0.0000000,0.8022691,0.0000000
1.1618686,0.7477533,1.8313343,0.9590376,0.0000000,2.0372181,0.0000000,0.9517226,0.4957997
1.8995729,1.6620491,1.1332383,1.0220970,0.5245088,2.2163597,0.6603052,0.0000000,1.4891159
0.7774355,1.0383982,1.3619591,0.9950744,0.0000000,1.0984353,0.0000000,0.0000000,1.0550425
1.5680060,1.3080801,1.3900235,1.9014930,0.6027690,0.0000000,0.6364197,1.0460370,0.9559396
1.2796078,1.1231625,1.8005833,1.0068611,0.6076154,1.1021642,0.0000000,0.0000000,0.6086399
0.0000000,1.1298221,1.1629087,0.9511717,0.5345687,1.9214588,0.0000000,0.0000000,0.0000000
1.2423994,1.3833470,1.1885656,1.9950337,0.6112017,2.2056915,0.0000000,0.0000000,1.0523242
0.3904180,1.3630727,1.3729961,0.0000000,0.4945618,0.8830397,0.0000000,0.0000000,0.0000000
0.3835700,1.1509997,1.3607661,1.8297854,0.6227141,2.2278498,0.0000000,0.8997997,0.9761161
1.7408130,1.0774947,1.1520222,1.0056459,0.0000000,1.1863781,0.0000000,0.0000000,1.5742224
0.0000000,1.1303171,1.1284210,0.9911413,1.1364803,1.0391995,0.0000000,0.0000000,0.4322803
0.7227538,1.2235154,1.3528931,1.0076485,0.0000000,2.2017564,0.0000000,0.0000000,0.5579230
0.3797807,1.1407373,1.4140426,0.9695032,0.0000000,2.0326599,0.0000000,0.0000000,0.0000000
1.9628577,0.5653081,0.9359910,1.0720312,0.0000000,1.3105589,1.4628002,0.0000000,0.0000000
0.7779771,0.7527497,1.1915409,0.0000000,0.6361669,1.0475259,0.0000000,0.0000000,0.0000000
0.0000000,0.9115072,1.3707696,1.7746781,0.0000000,1.0798668,0.0000000,0.0000000,0.0000000
0.3630363,1.4952693,1.1606781,0.0000000,1.1728143,0.8745214,0.0000000,0.0000000,0.0000000
0.4127280,1.3629042,1.6286759,0.9847664,0.5226210,0.9535886,0.0000000,0.0000000,0.9594047
0.3529815,1.1718825,1.3097151,0.9108443,0.6280533,1.0127686,0.0000000,0.0000000,0.0000000
0.0000000,1.1187007,1.4087765,1.0288423,0.0000000,1.0981542,0.0000000,1.0893992,1.0218285
0.3146509,1.4412581,0.9601097,0.9298334,0.6060149,0.8310661,0.0000000,0.0000000,0.5175924
1.8048983,0.6326541,1.4456144,1.9614916,0.0000000,2.1049441,0.5803427,0.8751588,0.5212278
0.0000000,1.4343297,1.3774687,1.8573319,0.0000000,2.1781259,0.0000000,0.0000000,0.5629754
2.0047499,1.5016005,1.7882960,2.0134313,1.1146691,2.1178790,0.0000000,0.0000000,1.4957779
0.0000000,1.1434718,1.6087167,1.8866109,0.0000000,2.2470985,0.0000000,0.0000000,0.0000000
0.0000000,1.3642487,1.3205957,0.0000000,1.2289553,1.9489270,0.0000000,0.8977511,0.0000000
0.7332636,0.9457846,1.3363111,0.0000000,0.5782265,1.0002264,0.0000000,0.0000000,0.5675095
0.0000000,1.1374106,1.1468753,0.8620941,1.2540342,0.9708597,0.0000000,0.0000000,0.0000000
0.7258091,0.6194552,1.1815045,0.9546602,0.0000000,0.0000000,0.0000000,0.0000000,0.4770954
1.4580039,1.2248979,1.5715618,0.8489174,0.5838309,0.0000000,0.0000000,0.0000000,0.5448461
1.2282973,0.6492805,1.7953383,0.9669782,0.0000000,0.9606196,0.0000000,0.0000000,0.4852849
0.3671034,0.9583992,1.5829521,0.9339224,0.5979653,2.0127955,0.0000000,0.0000000,0.0000000
0.7842902,0.9428254,1.6005524,1.9466538,0.0000000,0.7990586,0.0000000,0.0000000,0.0000000
1.8539329,0.7649873,1.5656313,1.0394973,0.5739589,2.2462053,0.7089062,0.0000000,0.5127680
0.3427358,0.7966247,1.2263523,0.8968373,0.6207389,0.9057149,0.0000000,0.0000000,0.0000000
0.3992502,1.0996888,1.3896606,1.0224123,0.0000000,1.0562831,0.0000000,0.0000000,0.0000000
0.0000000,1.0482549,1.3802893,1.0259292,0.0000000,2.0591845,0.0000000,0.0000000,0.0000000
0.0000000,1.1483769,1.1813837,1.0455304,0.0000000,1.0401487,0.0000000,0.0000000,0.0000000
0.0000000,1.2299456,1.4190442,1.9070455,0.5433392,1.8741769,0.0000000,0.0000000,0.0000000
0.3652491,1.2156980,1.6106002,0.9795848,0.0000000,0.9159303,0.0000000,0.0000000,0.0000000
0.3686144,1.2360001,1.3792125,0.0000000,0.0000000,1.0100040,0.0000000,0.0000000,0.0000000
0.4036267,0.7341272,1.3953012,0.0000000,0.0000000,2.0176626,0.0000000,0.0000000,0.0000000
0.0000000,1.2574126,1.5998214,1.0082141,0.0000000,2.2078634,0.0000000,0.0000000,0.5304685
0.0000000,1.3265480,1.1553775,1.9800530,0.6267571,0.9438795,0.0000000,0.0000000,0.0000000
0.7156214,1.2260863,1.8159975,1.9790409,0.0000000,0.0000000,0.0000000,0.0000000,0.5280612
0.4497936,0.9701195,0.9518769,0.0000000,0.0000000,1.0467777,0.6814794,0.0000000,0.4406304
0.0000000,0.9942171,0.9377364,0.8712102,0.6099286,0.0000000,0.0000000,0.0000000,0.0000000
0.3808929,0.9671576,1.6251354,1.9037297,0.0000000,0.0000000,0.0000000,0.0000000,0.5529322
0.7729251,0.9038568,1.3494914,0.8758944,0.0000000,2.1229998,0.0000000,0.0000000,0.8916614
0.0000000,0.8474636,1.1710796,0.9064006,0.0000000,0.9026842,0.0000000,0.0000000,0.0000000
0.3381626,0.8562017,1.1775606,0.9452310,0.0000000,1.0332164,0.0000000,0.0000000,0.0000000
0.3683330,1.0655801,0.7115024,0.9611661,0.6186962,2.1793146,0.0000000,0.0000000,0.0000000
0.0000000,1.4215359,1.4179975,1.9487673,0.0000000,1.0225454,0.0000000,0.0000000,0.4455385
0.3973793,1.1461565,1.1650622,1.0486260,0.0000000,0.0000000,0.0000000,0.0000000,0.5174176
0.7001118,0.8178013,0.9904090,2.0251576,0.0000000,1.2077339,0.0000000,0.0000000,1.0001664
0.4003733,1.0236230,1.6461081,1.9714625,0.6427387,0.0000000,0.0000000,0.0000000,0.5422880
0.0000000,1.1499355,1.1972788,1.0164292,0.6261313,2.0481525,0.0000000,0.0000000,0.4220120
0.4001195,1.0446736,1.1749270,0.9767520,0.0000000,0.9506034,0.0000000,0.0000000,0.0000000
1.2471091,1.3283747,1.7783890,1.0058646,0.0000000,0.0000000,0.6080815,0.0000000,0.0000000
0.0000000,1.0289405,1.1848614,1.9617086,0.5967704,0.9029947,0.0000000,0.0000000,0.0000000
0.7004225,1.0813973,1.6970438,1.0190213,0.5569669,0.9550017,0.0000000,0.9225590,0.8462617
0.0000000,0.7864080,0.4808660,0.0000000,0.0000000,0.0000000,0.0000000,0.0000000,0.5554980
0.3487943,1.0230948,1.3955182,0.8502161,0.0000000,0.0000000,0.0000000,0.0000000,0.0000000
0.3286787,1.0576181,1.5907342,0.9158797,0.0000000,1.0052029,0.0000000,0.0000000,0.0000000
0.0000000,0.6420888,1.3640610,0.0000000,0.0000000,0.0000000,0.0000000,0.0000000,0.0000000
0.0000000,0.9131731,1.3578467,0.9710936,0.0000000,0.0000000,0.0000000,0.0000000,0.0000000
0.2839003,1.4316179,1.3887693,0.0000000,0.6286299,0.9676522,0.6538654,0.0000000,0.0000000
0.0000000,1.3661610,1.5770413,1.8444300,0.0000000,1.0044547,0.0000000,0.0000000,0.9113369
0.0000000,1.2875480,1.1763141,1.9198200,0.0000000,2.0868327,0.0000000,0.0000000,0.9794509
0.3677034,1.3524149,1.3525452,1.0086881,0.0000000,1.2061886,0.5796813,0.0000000,0.0000000
0.0000000,0.8930463,1.5815515,0.0000000,0.0000000,0.0000000,1.3679665,0.0000000,0.0000000
0.3830701,0.8319764,1.5248692,0.0000000,0.0000000,0.0000000,0.0000000,0.0000000,0.0000000
0.3661671,1.1641246,1.3344965,1.8804429,0.5781989,0.0000000,0.0000000,0.0000000,0.5330183
1.3646439,1.0806660,1.4194208,0.0000000,0.0000000,1.1702563,2.2071758,0.0000000,0.5761383
0.4376744,0.6513374,0.4976660,0.0000000,0.0000000,0.0000000,2.4563734,0.0000000,0.5909251
0.3521976,1.1503762,1.3597548,1.0019903,1.2249606,1.0413902,0.0000000,0.9726820,0.4139993
0.3982264,1.5536543,0.9304801,0.9890261,0.0000000,1.0344901,0.0000000,0.0000000,0.4465040
0.3896063,1.3575854,1.1686059,0.9745892,0.0000000,1.1239209,0.0000000,0.0000000,0.5261197
1.5753836,1.4041558,1.5567608,1.8275713,0.6226688,1.1969087,0.0000000,1.8283469,0.0000000
0.8066906,1.0740240,1.3680328,1.9267890,0.0000000,1.9024618,0.0000000,0.0000000,0.0000000
0.3764233,1.5949283,1.5217997,1.9142476,0.6121856,2.0096385,0.0000000,0.0000000,0.9094206
0.3553792,1.1980749,1.1666381,0.9120553,1.2712661,0.8768492,0.0000000,0.0000000,1.1351481
0.3421316,1.6129863,1.3645875,1.0208315,0.0000000,0.0000000,0.0000000,0.0000000,0.0000000
1.7187798,1.2792064,1.4284441,0.0000000,0.0000000,0.0000000,0.0000000,0.0000000,0.4200277
0.0000000,1.2500162,1.3601640,0.8838004,1.2577547,0.0000000,0.0000000,0.0000000,0.0000000
0.0000000,0.6199617,1.6523821,0.0000000,0.0000000,0.0000000,0.0000000,0.0000000,0.0000000
0.3532481,1.2001285,1.3994020,0.9500403,0.5462567,0.0000000,0.0000000,0.0000000,0.9582870
0.8177208,0.6991049,0.7358397,0.0000000,0.0000000,0.0000000,1.4606886,0.0000000,0.0000000
0.0000000,0.3053400,0.4707634,0.0000000,0.0000000,0.0000000,0.0000000,0.0000000,0.4558330
1.5070059,0.2199756,0.4910061,0.0000000,0.0000000,1.0171669,2.4184119,0.0000000,0.0000000
1.4850352,0.7300903,0.7137581,1.0429970,0.0000000,1.2210261,1.5313249,0.0000000,0.0000000
0.8839349,0.8911776,1.1866157,2.0207200,0.0000000,1.1192510,0.0000000,0.0000000,0.5138417
0.0000000,1.2703204,0.6866386,0.0000000,0.6124783,0.9585659,0.0000000,0.0000000,0.0000000
0.3667493,0.5233600,1.1764711,0.0000000,0.0000000,1.0469980,0.0000000,0.0000000,0.0000000
0.0000000,0.7218968,0.7246738,1.0095938,0.0000000,1.2217421,0.7539222,0.0000000,0.4424732
1.3133894,0.8331518,0.7054992,0.0000000,0.0000000,0.0000000,0.7239705,0.0000000,0.5116645
1.7321703,0.9662773,1.7988645,0.0000000,0.0000000,0.0000000,0.0000000,0.0000000,0.0000000
0.7014131,1.4424422,1.3181090,2.0054449,1.1283533,2.0560243,0.0000000,1.7574778,0.9903639
0.0000000,1.0925262,1.3922169,1.0167497,0.0000000,0.8673647,0.0000000,0.8563521,0.0000000
0.0000000,0.7358851,0.9266158,0.0000000,0.6344851,0.0000000,0.0000000,0.0000000,0.0000000
1.5628111,0.9654196,1.2103846,1.9966293,0.0000000,0.8950705,0.0000000,0.0000000,0.5478981
0.3316318,0.9489302,1.3988792,1.0088635,0.0000000,2.1355505,0.0000000,0.0000000,0.0000000
0.0000000,0.7532675,0.9493497,0.0000000,0.6120903,0.0000000,0.6773573,0.0000000,0.0000000
0.3870555,0.9666980,1.1696629,1.8838488,0.0000000,1.1051088,0.0000000,0.0000000,0.5677864
1.8882382,0.9522356,1.1282270,0.9783893,0.0000000,0.0000000,0.7303396,0.0000000,0.5423539
0.3214242,1.7533819,0.6877804,1.0069571,1.8373086,1.9570974,0.0000000,0.0000000,0.5277564
0.0000000,1.3345285,1.3918151,1.9546280,0.6232707,1.7531943,0.0000000,0.0000000,0.5150655
0.3713714,1.1859632,1.1746069,1.0043344,0.0000000,0.9907939,0.0000000,0.0000000,0.5744934
0.0000000,1.2521548,1.3774952,1.0065789,0.0000000,0.0000000,0.0000000,0.0000000,0.0000000
0.3443790,0.8472961,1.3776996,1.8511850,0.0000000,0.0000000,0.0000000,0.0000000,0.0000000
0.3293918,1.0325683,0.9221069,1.0064261,0.0000000,0.0000000,0.0000000,0.0000000,0.0000000
0.0000000,1.6128189,0.6777678,0.0000000,0.0000000,1.0205841,0.0000000,0.0000000,0.0000000
1.4759006,0.6056464,1.1745845,1.2771442,0.0000000,1.2320889,1.5346395,0.0000000,0.0000000
0.3528378,0.7792469,1.3437670,1.0087352,0.0000000,0.9198349,0.0000000,0.0000000,0.0000000
2.0308731,0.9769292,1.8026823,1.6799815,0.0000000,1.2406063,0.0000000,0.7403304,0.0000000
0.3896938,1.5388708,1.1297392,0.8020046,1.7636258,0.8523466,0.0000000,0.0000000,0.0000000
0.0000000,1.0240843,1.1164388,2.0282880,0.0000000,0.9974840,0.0000000,0.0000000,0.5330072
0.8415884,1.4540586,1.1435944,0.8707680,1.2490778,0.0000000,0.0000000,0.0000000,0.0000000
0.0000000,1.6575431,1.4674210,0.9726198,1.6799363,2.0294819,0.0000000,0.0000000,0.0000000
1.8128984,1.0301757,1.3288330,0.9978504,0.0000000,1.0676692,0.0000000,0.0000000,0.5001251
0.3641335,0.8285644,1.1935351,1.9637357,0.5238254,2.0617729,0.0000000,0.0000000,0.0000000
0.3656574,1.0628773,1.6044435,1.9804478,0.5983473,1.9991425,0.0000000,0.8233920,0.0000000
1.6245008,1.1451781,1.1551964,0.9621318,0.5965961,0.0000000,2.0695855,0.0000000,0.0000000
1.1276206,1.2206252,1.7640150,1.8763168,0.0000000,0.9314351,0.0000000,1.8560405,0.0000000
0.3419874,1.4418079,1.5895216,1.0005843,1.2394386,0.8783088,0.0000000,0.0000000,0.0000000
0.3541635,1.3086931,1.5939767,1.8618650,0.5470579,0.9758340,0.0000000,0.0000000,0.0000000
0.3607844,0.9803874,1.3977708,1.9729729,0.0000000,1.0895238,0.0000000,0.8398303,0.0000000
1.1957184,1.1391519,1.4194532,1.8139141,0.6301267,0.8305474,0.0000000,0.9022030,1.0041999
0.8083389,0.3876262,1.0562931,1.0071015,0.5874981,1.0776703,0.0000000,0.0000000,0.8694595
0.8317922,0.8030056,1.3898163,1.0160827,0.0000000,0.9575354,0.0000000,0.0000000,0.9996729
0.0000000,1.3766366,1.1213063,0.9274907,0.5997316,0.9757731,0.0000000,0.0000000,0.0000000
0.7958146,1.0803409,1.5916733,0.9204739,0.0000000,2.1452486,1.4441638,0.0000000,0.5818390
0.8723656,0.7919747,0.9089779,0.9307189,0.0000000,0.9047356,1.5087580,0.0000000,0.0000000
0.0000000,1.0480179,1.5608839,0.9778156,0.0000000,0.9275833,0.0000000,0.0000000,0.0000000
1.1005391,1.3171806,1.7680828,1.8469422,0.5934876,2.0400616,0.0000000,0.0000000,0.0000000
1.8190147,1.5010635,1.3869438,1.9523738,0.0000000,2.0489546,0.6460376,0.8899819,0.5687037
0.0000000,1.0570852,1.5869506,1.7964215,0.4823053,1.0069541,0.0000000,0.0000000,0.0000000
0.7822281,1.1293522,1.5717856,1.9482490,0.0000000,1.0186628,0.0000000,0.0000000,0.0000000
1.1397966,1.2010514,1.5381537,1.0054284,0.5380703,1.0496101,0.0000000,1.0199659,0.9357221
0.0000000,1.0184459,1.3666865,0.9757156,0.0000000,2.2736850,0.6384892,0.0000000,0.0000000
0.4136725,1.4229474,1.3504854,0.9440159,1.1632963,1.9249876,0.0000000,0.9481359,0.0000000
0.0000000,0.9428397,1.3868889,0.9471359,0.0000000,2.1752030,0.0000000,0.0000000,0.0000000
0.0000000,1.1447163,1.4205547,0.9374172,0.0000000,1.0360255,0.0000000,0.0000000,0.0000000
0.0000000,0.7670926,1.3843930,0.8545868,0.0000000,0.9206238,0.6847066,0.0000000,0.0000000
0.7236229,1.2338149,1.3659031,1.9141412,0.0000000,2.0834101,0.0000000,0.0000000,0.0000000
1.9952533,1.1504839,1.5651688,1.9294186,0.6387033,0.9300498,1.5077172,0.0000000,0.5135125
0.3169322,1.0760645,1.3567715,1.8655544,0.0000000,2.1178835,0.0000000,0.9773900,0.0000000
0.3785363,1.4969875,1.3641012,0.7725168,0.5919696,0.0000000,0.0000000,0.0000000,0.0000000
1.9769760,0.9962202,1.4196068,1.8999247,0.0000000,1.1199767,0.0000000,0.0000000,0.5345799
0.0000000,1.0351561,1.1347967,0.9250752,0.5566397,1.0498572,0.0000000,0.0000000,0.4101118
0.3503755,1.2321526,1.5785479,0.9925617,0.0000000,0.9762418,0.0000000,0.0000000,0.0000000
0.3741861,1.1663532,1.1493896,0.0000000,0.6292121,2.0985075,0.0000000,0.0000000,0.8143260
1.1456283,1.0227932,1.4033463,1.8661605,0.0000000,2.0861747,0.0000000,0.8226298,0.5036449
1.2167330,1.1309832,1.4154623,1.0145833,0.0000000,1.1465216,0.0000000,0.0000000,0.3522000
0.0000000,1.1367974,1.6076389,0.9948605,0.5679000,1.1089865,0.0000000,0.0000000,0.4262994
2.0021596,0.8379536,1.5059430,0.9905855,0.0000000,0.0000000,0.0000000,0.0000000,0.8910440
0.3633448,1.0589610,1.3798993,0.9840810,0.0000000,0.0000000,0.0000000,0.0000000,0.0000000
0.0000000,0.9454122,1.6112656,0.9903871,0.0000000,1.0808646,0.0000000,0.0000000,0.4488400
0.4252674,0.5262430,1.4080517,0.9817888,0.5599106,0.0000000,0.0000000,0.0000000,0.0000000
0.3589798,1.2690948,1.3950474,1.0263508,1.2989458,2.0942091,0.0000000,0.0000000,0.0000000
0.3837988,1.1154411,1.3690621,0.9666365,0.0000000,1.0317412,0.0000000,0.0000000,0.8168406
0.0000000,0.9554103,0.9315512,0.9796739,0.0000000,2.1016589,0.0000000,0.0000000,0.0000000
0.7761799,0.8215192,1.6039790,1.9478443,0.6743950,1.0826613,0.6655107,0.0000000,0.5181552
0.0000000,1.2710540,1.1074243,0.9558814,0.0000000,1.0300999,0.0000000,0.0000000,0.4096695
1.2270514,0.6215375,1.2168144,1.8539149,0.0000000,0.9589051,0.0000000,0.0000000,0.5224548
0.0000000,1.3041631,1.6016587,1.0099551,0.0000000,0.9909051,0.0000000,0.8868106,0.0000000
0.0000000,0.7357549,1.1871865,1.0672343,0.0000000,1.2097727,2.0140523,0.0000000,0.4613274
1.7689365,0.9289389,1.3877543,0.0000000,0.0000000,0.0000000,0.7405650,0.0000000,0.5449865
0.0000000,1.4256394,1.3505079,1.0015733,0.6034797,1.9989033,0.0000000,0.0000000,0.0000000
0.2986658,1.5380626,0.9243241,0.9850845,0.0000000,0.9363610,0.0000000,0.0000000,0.0000000
0.0000000,1.1564268,1.1786164,0.9985765,0.6004719,0.9013711,0.5419195,0.0000000,0.0000000
0.3638725,1.7238195,1.5578201,0.8172577,1.2409074,2.1374221,0.0000000,0.0000000,0.0000000
0.3598709,1.3051485,1.4082289,0.9162923,0.5464708,0.9071132,0.0000000,0.8921791,0.0000000
0.7588070,1.1403800,1.1665340,1.7943963,1.1421313,0.9917547,0.0000000,0.0000000,0.5034158
0.3881439,1.0749929,1.1434098,0.9827138,0.0000000,2.2028068,0.0000000,0.0000000,0.5942717
0.3535228,1.1383266,1.4100003,1.9462897,0.0000000,2.2078573,0.0000000,0.0000000,0.4195575
1.6955857,0.8144164,1.1926766,1.9255385,0.0000000,1.1086271,0.6854597,0.9767203,0.0000000
0.3371609,1.2765299,1.6201096,1.9904041,0.0000000,1.2005252,0.0000000,0.0000000,0.0000000
0.3404868,1.2153100,1.6051730,1.8836349,0.0000000,2.0115543,0.0000000,0.0000000,0.0000000
0.3787428,1.0279210,1.4067456,0.9650505,1.2642606,2.2229541,0.6846666,1.0544146,0.4699570
1.2511672,1.4126774,1.5291054,1.0029315,0.5707926,0.0000000,0.0000000,0.0000000,0.4878933
0.3384836,1.0976683,1.1545696,0.9953994,0.0000000,0.0000000,0.0000000,0.0000000,0.0000000
2.2571590,0.5358404,1.4123072,1.0595850,0.0000000,1.0881468,0.0000000,0.0000000,0.5545478
0.0000000,1.1513079,1.5835093,1.0069167,0.5493349,0.9114952,0.0000000,0.0000000,0.0000000
0.7082437,1.1413837,1.5963630,1.8336256,0.0000000,2.0596201,0.0000000,0.8706649,0.4052868
0.0000000,1.1514074,1.5970798,1.8996663,0.0000000,2.1339567,0.0000000,0.0000000,0.5526125
0.3754384,1.0675649,1.3741190,1.0471352,1.1550074,1.1192238,0.0000000,0.9775613,0.4369430
1.7829899,0.9559678,1.3673795,1.9932019,0.0000000,2.0908422,0.6173450,0.9554535,1.0444464
0.3614145,1.1367564,1.2020669,1.8438003,0.6184387,0.0000000,0.0000000,0.0000000,0.0000000
2.1416671,1.4339707,1.3094084,0.9605248,0.0000000,0.9604752,0.0000000,0.0000000,1.0057727
0.3732667,0.9259875,1.6042317,0.9845598,0.0000000,0.9756054,0.0000000,0.9199863,0.8348914
0.3314300,1.2541851,1.6041179,1.0212559,0.0000000,0.9662319,0.0000000,0.0000000,0.0000000
0.0000000,0.6613767,1.1712910,0.0000000,0.0000000,0.0000000,0.0000000,0.0000000,0.5491382
1.8019931,1.0749157,1.8126249,0.9426928,0.5824132,2.1668697,0.6105583,0.0000000,0.8236443
0.0000000,0.4515300,1.1369500,0.0000000,0.0000000,0.0000000,0.0000000,0.0000000,0.0000000
1.2730945,0.9250686,0.9233739,0.0000000,0.0000000,0.0000000,2.2784914,0.0000000,0.4979089
2.1304669,1.1710074,1.5539266,0.9979140,0.5627201,2.3035442,0.6220697,0.0000000,0.9635782
1.7493262,1.3090801,1.7224508,0.9900326,0.6198820,2.1529465,0.0000000,0.7162598,0.8918069
0.3582837,1.0344076,1.4207930,1.8944914,0.0000000,0.8593787,0.6570996,0.0000000,0.0000000
0.0000000,0.9430082,0.4924252,1.0478751,0.0000000,0.9957958,0.0000000,0.0000000,0.5315532
0.3714163,1.1544456,1.4180905,1.9309453,0.5950769,2.1382280,0.0000000,0.0000000,0.0000000
0.0000000,1.0050029,1.6013812,0.0000000,0.0000000,2.0732291,0.0000000,0.0000000,0.0000000
0.3542050,1.1146694,1.5727141,0.9212711,0.6491332,0.9440521,0.0000000,0.0000000,0.7565122
0.0000000,1.2294210,1.4044849,1.9093600,0.6042574,1.1702470,0.0000000,0.0000000,0.0000000
0.0000000,1.1702699,1.2028375,0.9642200,0.0000000,0.0000000,0.0000000,0.0000000,1.3622497
1.7346433,0.6554803,1.1681231,0.0000000,0.0000000,1.1768214,0.0000000,0.0000000,0.5399649
0.3632882,1.3229218,1.1513534,0.9966097,0.0000000,1.0845571,0.0000000,0.0000000,1.0225592
0.3844246,1.2578080,1.3981343,1.0023498,1.0722134,2.2303782,0.0000000,0.0000000,0.5137295
0.4195667,1.0863703,1.4136353,0.9730703,0.0000000,0.0000000,0.0000000,0.0000000,0.4668541
0.3989974,1.0728121,1.3682414,0.9537900,0.5821839,1.9638550,0.0000000,0.0000000,0.0000000
1.1873146,0.7981649,1.6336034,1.9959024,0.5558939,0.9994628,0.0000000,0.0000000,0.5572266
0.3992619,1.2519734,1.5692925,0.0000000,1.1832237,0.8550075,0.0000000,0.0000000,0.5432746
0.3305369,1.2306040,1.5743943,1.0069349,0.6245063,2.1906882,0.0000000,0.0000000,0.0000000
0.8061322,0.7273652,0.9461584,1.0663431,0.0000000,2.2273474,0.7093563,0.0000000,0.0000000
0.3892189,1.2945681,1.5759525,1.8847269,1.0386219,1.1070112,0.0000000,0.9285478,0.0000000
0.3653438,1.3854881,1.3654431,1.0229849,0.6894936,0.9899937,0.0000000,0.0000000,0.5502700
0.3757039,1.3171888,1.3878693,0.9840884,0.0000000,1.1450956,0.0000000,0.9544568,0.3894729
0.3658902,1.2389175,1.1548903,0.9456121,0.0000000,0.8821489,0.0000000,0.0000000,0.0000000
1.8287653,1.0187179,1.8522725,2.0482381,0.5719641,2.2155548,0.6698168,0.9508092,0.0000000
0.7030771,1.5100326,1.3732542,1.9545485,1.2231573,2.2809639,0.7336197,0.0000000,0.0000000
0.3773863,1.4292905,1.3571280,0.9319107,0.0000000,0.8783803,1.2835299,0.0000000,0.5687992
0.3848763,1.3075443,1.4067168,0.9906360,0.0000000,1.0511975,0.7091424,0.0000000,1.0661115
1.2574002,0.7791000,1.3972689,0.9591390,0.5801037,1.0390763,0.0000000,0.0000000,0.0000000
0.3785825,1.0767968,1.2311246,1.0340281,0.6253993,0.9673180,0.0000000,0.8854996,0.3885331
1.1189304,0.4228973,0.8905952,1.0322326,0.0000000,0.0000000,0.8208199,0.0000000,0.0000000
0.4590979,0.9234270,0.7174546,0.9675076,0.0000000,1.1018248,0.6896630,0.0000000,0.0000000
0.3885408,1.4151187,1.1924188,1.0284082,0.0000000,2.1606477,0.0000000,0.9956505,0.0000000
0.7359422,1.0594189,1.5858713,0.0000000,0.0000000,1.8611752,0.6468831,0.0000000,0.5285686
0.3799328,1.4297181,1.6355183,1.9918882,0.0000000,2.0570157,0.0000000,0.9072042,0.0000000
0.3800961,1.5267277,1.6039028,1.9656590,0.0000000,2.0163618,0.0000000,0.0000000,0.0000000
0.3927916,1.3849228,1.3898903,1.0321244,0.0000000,2.2028602,0.0000000,0.0000000,0.9271570
0.7560418,1.4517373,1.5792394,0.9880650,0.6401381,1.0030245,0.0000000,0.0000000,0.0000000
0.3562356,1.2078157,1.4308187,1.0207039,0.0000000,0.9228152,0.0000000,0.0000000,0.9111749
0.3768423,1.4358553,1.4281261,2.0373793,1.1579704,2.2679660,0.0000000,0.9149956,0.3639350
0.3846222,0.9409071,1.1511859,1.0453351,0.0000000,1.0518042,0.6457160,0.0000000,0.9302876
0.0000000,1.1406633,1.7087838,1.8559582,0.5031543,2.0999044,0.0000000,0.9333729,0.0000000
0.3887370,1.2767925,1.4287560,1.9267198,0.0000000,1.1359003,0.0000000,0.9376810,0.5544412
0.3842556,1.4993572,1.5963062,1.0032671,0.5536181,2.2369275,0.0000000,0.7525224,0.4995081
0.3806980,1.0610393,1.3719171,1.0581070,0.0000000,2.2558889,0.0000000,0.0000000,0.9417724
0.6553381,1.2920422,1.3651824,1.8971797,0.0000000,2.2378665,0.0000000,0.0000000,0.5803379
0.3688792,1.3586255,1.1950630,1.8958944,0.0000000,2.0653963,0.0000000,1.0066277,0.0000000
0.3539785,1.3135844,1.1329297,0.0000000,0.6158871,0.0000000,0.0000000,0.0000000,0.0000000
0.3803758,1.2556023,2.0191729,1.8784419,0.5641175,2.2082789,0.0000000,1.0283231,0.0000000
1.8717577,0.2973454,0.2550625,1.9105723,0.0000000,0.0000000,0.0000000,0.0000000,0.5173799
0.3763814,1.3514547,1.4134117,1.0176309,0.0000000,2.2185832,0.0000000,0.0000000,0.0000000
0.3890215,1.6533881,1.9196230,0.9997945,0.6531148,2.1511571,0.0000000,0.8315814,0.0000000
0.3801940,1.3666497,1.3950990,0.9019405,0.5615225,0.9897879,0.0000000,0.9542860,0.0000000
0.0000000,1.2293748,1.3854354,0.9380777,0.0000000,1.0275207,0.0000000,0.0000000,0.0000000
0.3799165,1.0126817,2.0395424,1.9217053,0.5272934,2.1081131,0.0000000,0.9740470,0.5502534
0.3741316,1.3292936,1.4128650,0.9432185,0.6079684,2.1486897,0.0000000,0.0000000,0.0000000
0.0000000,1.1269508,1.1170972,0.0000000,0.5740731,0.9990820,0.0000000,0.0000000,0.0000000
0.3910133,1.3869620,1.8190424,0.9507064,0.5745512,1.9377254,0.0000000,0.9091015,0.0000000
0.3452228,0.8848932,1.4437500,1.0601567,0.0000000,2.1699810,0.0000000,0.0000000,0.0000000
0.0000000,0.9921050,1.3947710,0.9896125,0.0000000,0.9304261,0.0000000,0.0000000,0.0000000
2.1731790,1.2317671,1.7434329,1.7592972,1.1829070,2.1255067,0.7201650,0.9504952,0.5197598
1.4192902,1.2917372,1.6346439,1.6290475,1.2111113,1.0233937,0.0000000,0.0000000,0.0000000
0.3820542,1.3652780,1.3937983,0.9107807,0.0000000,2.1550776,0.6065095,0.0000000,0.0000000
0.3719774,1.4235739,1.6298148,1.7851901,0.0000000,0.9067915,0.0000000,0.0000000,0.0000000
0.3940018,1.3601941,1.5990142,0.9536654,1.7809900,1.8541535,0.0000000,0.0000000,0.0000000
0.3844716,1.6009516,1.7142690,0.9641733,0.0000000,2.1905260,0.0000000,0.7954143,0.0000000
0.0000000,1.1145514,1.4013961,1.0053485,0.5533502,2.1626566,0.0000000,0.0000000,0.0000000
0.3538974,1.0302272,1.6294913,1.9068301,0.0000000,0.9950670,0.0000000,0.0000000,0.0000000
0.3663974,1.2359368,1.1702242,0.9280867,0.6534472,0.0000000,0.6581050,0.0000000,0.9133465
0.0000000,0.7075671,1.3701777,0.0000000,0.5647266,1.0235192,0.0000000,0.0000000,0.0000000
0.0000000,0.7893011,1.3496061,0.9501644,0.0000000,0.9145278,0.0000000,0.0000000,0.0000000
0.0000000,0.8174064,1.3776434,0.9423629,0.0000000,1.1111925,0.0000000,0.0000000,0.0000000
0.0000000,1.5794794,1.1603281,0.9631369,0.5808436,0.9794877,0.0000000,0.0000000,0.0000000
0.3895575,1.3125879,1.6111902,1.9272551,0.5665748,2.0271711,0.6347888,0.9271514,0.0000000
1.2206875,1.2592724,1.3850393,1.9201051,0.6196450,1.1964025,0.0000000,0.0000000,0.0000000
2.2806999,0.8053918,1.8296280,1.8699031,0.0000000,2.1498096,0.0000000,0.9458451,0.0000000
2.2572863,1.0675797,1.7639514,2.0020886,1.2377209,2.3871802,0.7728374,1.0401441,0.0000000
0.8806936,1.0678098,0.9490325,0.9638508,0.0000000,1.1390086,0.6042477,0.0000000,0.0000000
0.3489777,1.2877556,1.3593673,0.9723361,1.1397434,0.9691241,0.0000000,0.0000000,0.0000000
0.3643268,1.3305420,1.3822161,1.8156677,1.6878357,1.0114130,0.0000000,0.0000000,0.4990838
1.9375676,0.6953153,1.8143176,1.9463501,0.4924253,2.1557890,0.0000000,0.9469607,0.0000000
2.3689419,0.6340830,1.8167438,1.9219333,0.0000000,2.3645000,0.6052251,0.0000000,0.5793997
0.3800070,1.2953385,1.1505871,1.0203622,0.5596569,0.9230819,0.5950024,0.0000000,0.4942679
0.0000000,1.0516285,1.4098921,1.9502815,0.6374361,1.8815248,0.0000000,1.0095242,0.0000000
0.3685802,1.0584883,0.9385076,0.9054554,0.6117951,0.0000000,0.0000000,0.0000000,0.0000000
0.0000000,0.6885404,1.1906464,0.9948048,0.0000000,0.9785724,0.0000000,0.8293915,0.0000000
0.3811700,1.1266283,0.6215571,1.0342812,0.0000000,1.0261038,0.5879406,0.0000000,0.4950599
0.0000000,0.9782177,0.6813674,0.8891851,0.0000000,2.0188969,0.0000000,0.8885350,0.5151503
1.1874593,0.7282712,1.6293347,2.0528727,0.0000000,2.0900865,0.0000000,0.0000000,0.5317003
0.0000000,1.0551482,1.3351423,0.7986657,0.0000000,0.9809524,0.0000000,0.0000000,0.0000000
0.4008879,1.3358155,1.1656268,1.0131872,0.5712264,1.0061706,0.6108335,0.8294050,0.4912334
0.8196315,0.7252572,1.1694632,0.9634033,0.0000000,0.9685494,0.5556544,0.0000000,0.0000000
0.3295314,1.0285605,1.3975086,0.9589449,0.5500444,1.9765746,0.0000000,0.8224087,0.5093310
0.3734703,1.3416370,1.3916840,1.7890648,0.6309333,2.0829950,0.0000000,0.0000000,0.5317968
2.2545628,0.8508181,1.6541467,1.9628816,0.0000000,0.9984238,0.0000000,0.0000000,0.5625879
0.3895009,1.0456541,1.3666311,0.8477575,0.0000000,2.0744177,0.0000000,0.0000000,0.5388613
2.1084474,1.0845535,1.6191546,1.8705786,0.0000000,1.0858083,0.6824600,1.7498144,0.0000000
0.3867648,1.0546680,0.9386655,0.9572819,0.5996499,0.0000000,0.0000000,0.0000000,0.0000000
0.3517243,1.1223924,1.8227297,0.9984577,0.9789121,1.9512438,0.0000000,0.9209109,0.0000000
2.4336543,0.9216795,1.4258261,1.0062985,0.6245022,2.2515992,1.3513748,0.8905587,0.0000000
0.3300837,1.3604801,1.6014283,0.9931788,1.1387475,1.0582672,0.0000000,0.7780487,0.0000000
0.3482850,0.9459958,1.1432231,0.9739390,1.1859145,1.1761347,0.0000000,0.0000000,0.0000000
0.3854288,1.2238395,1.1512067,0.9749692,0.6299113,0.9182702,0.0000000,0.0000000,0.0000000
0.3694343,0.9276058,1.7085323,0.9422887,1.0836492,2.2532938,0.0000000,0.0000000,0.5597331
0.3459993,0.8270811,1.1727319,0.0000000,0.0000000,1.2320607,0.0000000,0.0000000,0.0000000
0.3751128,0.8453820,0.9579323,0.9553999,0.0000000,1.1131255,0.0000000,0.0000000,0.0000000
1.4811579,0.8149404,1.4556565,1.9027620,0.5430690,1.9405014,0.0000000,0.0000000,0.0000000
0.6301090,1.2514638,1.4136553,1.7760467,0.5761610,2.0183599,0.5335871,0.9162629,0.0000000
0.3747149,0.8187345,1.6330229,2.0452561,0.0000000,2.2200261,0.0000000,0.8941042,0.5563665
2.0489341,1.2373205,1.6165332,1.9209966,0.5501681,1.9193401,0.0000000,1.6801892,0.0000000
0.7342351,1.1327574,1.3808501,1.8938714,0.5487038,2.0693328,0.0000000,0.9360920,0.0000000
0.7485826,1.1240139,1.3732349,0.9151751,0.5713722,0.9164055,0.0000000,0.0000000,0.5496804
0.0000000,0.9937701,1.1886305,0.8822235,0.0000000,0.9029846,0.0000000,0.0000000,0.5400294
0.0000000,1.0429785,0.9634554,0.0000000,0.0000000,0.9820814,0.0000000,0.0000000,0.0000000
1.0261248,1.2168570,1.6413821,1.0304056,0.6538415,0.9872292,0.0000000,0.9332290,0.8762764
1.2489302,1.2732482,1.2844077,0.9176309,0.0000000,1.2198778,0.0000000,0.0000000,0.0000000
0.0000000,1.0785932,1.4006306,0.9750017,0.5143133,0.8977292,0.0000000,1.5531408,0.0000000
1.9601728,0.7233971,0.9330864,1.9511155,0.0000000,2.2296908,1.4233223,0.0000000,0.5395815
1.0944209,1.3029535,1.3878298,1.9758712,0.5427321,1.0286586,0.0000000,0.0000000,0.0000000
0.0000000,1.1208996,1.3148425,1.7974093,0.5239780,0.0000000,0.0000000,0.0000000,0.0000000
1.1775054,1.2879164,1.1493017,1.8345438,0.5885588,0.8681071,0.0000000,0.0000000,0.0000000
0.0000000,0.9249882,1.3893831,1.0048635,0.5869311,0.9232262,0.0000000,0.8394496,0.0000000
1.2518891,1.0168062,1.1900178,0.9836684,0.0000000,0.9208638,0.0000000,0.0000000,0.0000000
1.0765407,0.9364684,1.6276530,1.8484051,0.5601709,2.2714155,0.0000000,1.6595288,0.0000000
1.6738052,0.9219554,1.5802498,1.8690920,0.5391629,2.0532959,0.0000000,0.0000000,0.5120269
2.4396703,0.6234026,1.7970022,0.9483809,0.5953581,2.1886525,1.3405620,0.0000000,0.5532778
1.7942607,0.8429485,1.6415030,1.9847375,0.0000000,1.1873882,0.0000000,0.0000000,0.0000000
2.2168190,0.8881317,1.5786655,1.0100309,0.0000000,2.3037468,0.6326940,0.0000000,0.5630359
1.1691941,1.1669203,1.3671647,1.8637866,0.6342455,2.0575376,0.0000000,0.8943685,0.0000000
1.8217909,0.9013831,1.4295473,1.9795525,0.0000000,2.1210861,1.4686927,0.9407726,0.0000000
1.1245174,0.9121455,1.6512291,2.0562067,0.0000000,2.1083761,0.0000000,0.8090926,0.0000000
0.3585348,1.2330931,0.9526268,0.9307936,1.0910598,2.2200013,0.0000000,0.0000000,0.0000000
0.3655045,1.1064983,1.3711395,0.9803707,1.1987308,0.9482715,0.0000000,0.0000000,0.0000000
0.3768755,1.0169364,1.5740543,2.0085573,0.6222964,1.1102191,0.0000000,0.0000000,0.5666125
0.3844792,0.8435539,1.4061852,0.8923386,0.0000000,2.1924414,0.0000000,0.0000000,0.0000000
0.3609796,1.1981809,0.9503494,0.9815719,1.1865510,0.9412383,0.0000000,0.0000000,0.0000000
0.0000000,1.0621689,1.3327815,0.9895274,0.6385462,0.9800604,0.0000000,0.0000000,0.0000000
1.0949575,1.0434222,1.4082560,1.0213877,0.0000000,0.9940337,0.0000000,0.8099224,0.4729117
0.3538685,0.8243151,0.9279602,0.9520210,0.0000000,0.9710626,0.0000000,0.0000000,0.9959301
0.3234908,1.1236052,1.6368008,1.0088909,0.6009798,2.0558053,0.0000000,0.9968774,0.3733322
0.3847153,1.4976478,1.3890664,0.9809400,1.1925920,0.9444980,0.0000000,0.0000000,0.0000000
1.6831627,0.7031266,1.3988594,1.0338809,0.0000000,0.9987555,0.6522358,0.0000000,0.5259188
0.7150420,1.1132678,1.2034109,0.9789417,0.0000000,0.9100680,0.0000000,0.0000000,0.0000000
1.0816494,1.1072119,1.6258026,1.9082770,0.5946282,0.0000000,0.0000000,0.0000000,0.0000000
0.0000000,0.9110646,1.3707288,0.9672153,0.0000000,1.0386648,0.6482586,0.0000000,0.0000000
0.0000000,0.5284372,1.3883511,1.0089417,0.0000000,0.9584792,0.0000000,0.0000000,0.9841100
0.7639865,0.8475094,1.4078648,0.9768435,0.0000000,2.1591736,0.0000000,1.0275448,0.4891841
0.7579832,1.3180731,1.3999878,2.0262198,1.0805921,2.1899674,0.0000000,0.9157909,0.5201641
0.3939767,1.1600596,1.8273160,0.9680306,0.5339972,0.8715324,0.0000000,0.8253233,0.0000000
0.3745731,1.0090664,1.1568904,1.9739607,0.0000000,2.2367247,0.0000000,0.0000000,0.5167665
0.8080529,0.7314339,0.9346549,1.0206528,0.0000000,0.9127215,0.0000000,0.0000000,0.0000000
0.0000000,0.8633451,1.3247738,0.9239583,0.0000000,0.9347175,0.0000000,0.0000000,0.0000000
2.0907236,1.1778005,1.5788528,1.0216638,0.6150955,0.9687447,0.0000000,0.0000000,0.0000000
0.0000000,0.8950203,0.6601787,1.0385287,0.0000000,0.0000000,2.6087352,0.0000000,0.5280323
1.8641969,0.5798334,0.9862937,2.0981557,0.0000000,0.7553805,2.1260178,0.9229754,0.0000000
0.3894161,1.1725358,1.7574212,1.0461168,0.5384369,2.1324864,0.0000000,0.9310847,0.5635686
0.6450340,1.3059912,1.5624035,1.8426829,0.5808016,0.9729553,0.0000000,0.9096627,0.9213557
1.1223995,1.0898757,1.3938724,0.9893132,0.5669835,0.9512539,0.7024444,0.0000000,0.0000000
0.8935584,1.2178427,0.9520358,0.9555934,0.0000000,1.1962876,1.8562042,0.0000000,0.0000000
1.2287684,0.8117107,0.7054134,0.9674921,0.0000000,0.9095286,0.6902442,0.0000000,0.4234312
0.3726130,1.2934957,0.9667747,0.9790173,1.0016170,0.8096122,0.0000000,0.0000000,0.5475670
1.6325354,1.0999921,1.4002532,1.0434938,0.5110946,1.0242500,1.9260239,0.0000000,0.4998030
0.0000000,1.0252469,1.3716678,1.0109531,0.6030943,1.0338049,0.0000000,0.0000000,0.5349566
0.3933383,1.1698742,1.1690348,0.9243849,0.6422881,0.0000000,0.0000000,0.0000000,0.5208294
0.0000000,0.7940408,1.1940781,0.9453374,0.0000000,0.8966709,0.0000000,0.0000000,0.0000000
1.3790552,1.1214532,1.4298537,2.0290821,0.0000000,1.0758876,0.6789605,0.0000000,0.5585030
0.3726961,1.3177971,1.1651248,1.7939487,0.0000000,0.0000000,0.0000000,0.0000000,0.5102200
0.6596460,1.1823426,1.4260977,1.9033533,0.6211825,1.9906431,0.5196104,0.0000000,0.0000000
1.1941755,1.6311934,1.7508220,2.0094810,1.8122758,2.1858983,0.6845157,0.0000000,0.0000000
0.0000000,0.5824933,0.7323277,0.9617988,0.0000000,2.1228376,0.0000000,0.0000000,0.0000000
0.7993641,1.5492026,1.1734987,0.9606411,1.1584771,0.9394418,0.0000000,0.7235947,0.5405684
0.3904692,1.2217791,2.0052462,0.9630355,0.0000000,0.8279021,0.0000000,0.0000000,0.9552061
1.8338018,1.2356876,1.5340507,2.0113071,1.2973736,2.2935507,1.5491938,0.0000000,0.0000000
0.3685350,1.1629773,1.1739207,0.9008337,1.6778353,0.0000000,0.0000000,0.0000000,0.5197549
1.2275897,0.7931299,0.9022569,1.9860035,0.5684395,2.0994580,1.3622446,0.0000000,0.0000000
0.3565864,1.3421293,1.1886488,0.8140328,0.6304479,0.9465927,0.0000000,0.0000000,0.0000000
0.3316209,0.9728273,0.9624252,0.0000000,0.0000000,0.9573635,0.0000000,0.0000000,0.0000000
0.0000000,1.7501875,1.5742629,1.0076225,0.6304750,0.8622983,0.0000000,0.0000000,0.0000000
0.0000000,1.3366563,0.9159520,0.0000000,0.0000000,1.0397063,0.0000000,0.0000000,0.0000000
0.3883856,1.4749134,1.7639239,1.7532638,1.7321602,0.9278461,0.0000000,0.8085522,0.0000000
1.7370161,1.1348296,0.8803695,0.7024360,0.4745891,0.0000000,0.0000000,1.1159092,0.0000000
0.3726854,1.4311753,1.3627368,1.0227267,0.0000000,1.0469590,0.0000000,0.0000000,0.5465961
0.0000000,1.3363770,1.1600418,1.0010954,1.2880612,0.8013207,0.0000000,0.8799992,0.5173905
1.5869846,1.3027638,1.1872845,1.0292133,0.6126563,0.9959663,0.0000000,0.9874340,0.4945342
0.0000000,1.1251711,1.1735410,0.9321106,0.6059434,0.9609716,0.0000000,0.0000000,0.0000000
0.0000000,1.0227693,1.3591492,0.9183477,0.0000000,0.9205252,0.0000000,0.0000000,1.0102148
0.4437356,0.9070038,0.9644837,1.0611378,0.0000000,0.9926607,0.0000000,0.9773735,1.0770467
1.1521703,1.4039923,1.3736573,1.0361860,0.6317603,0.0000000,0.0000000,0.0000000,1.0286479
0.0000000,1.0600176,0.9630734,1.0159060,0.0000000,0.0000000,0.0000000,0.0000000,0.0000000
0.3986982,1.0035347,1.1878184,0.9998253,1.2141885,1.9644347,0.0000000,0.0000000,0.8982860
0.3586061,1.0244761,1.1805044,1.8254232,0.5546853,0.8831268,0.0000000,0.9082489,0.0000000
0.3488939,1.1759821,1.1722812,0.9420312,0.0000000,2.0220267,0.0000000,0.0000000,0.5468322
1.9813368,1.3367696,1.1774446,0.9912387,0.5790381,1.9604201,0.0000000,0.0000000,1.4961376
0.0000000,1.1301302,1.6083228,1.0237202,0.0000000,1.0007159,0.0000000,0.8913346,0.0000000
0.0000000,1.0513940,0.9498816,1.0322131,0.0000000,2.1036461,0.0000000,0.0000000,0.0000000
0.0000000,1.1432917,1.3582705,1.0192428,0.6063092,0.8910289,0.0000000,0.0000000,0.9672606
0.0000000,1.2273477,0.9510922,1.0000018,0.0000000,0.0000000,0.0000000,0.0000000,0.0000000
1.7037453,1.0058005,1.1357234,0.9766519,0.0000000,1.0186669,0.0000000,1.0958381,1.0421205
0.3895637,1.0168387,1.3619966,0.9611703,0.0000000,0.0000000,0.0000000,0.0000000,0.0000000
0.0000000,1.1315661,1.1283730,1.0297224,0.0000000,1.0243991,0.0000000,0.0000000,0.4662692
0.0000000,0.9170416,1.3704050,0.0000000,0.5680760,1.0306327,0.0000000,0.0000000,0.0000000
0.0000000,1.1024267,0.9266862,1.0153326,0.6375790,0.9581982,0.0000000,0.0000000,0.5006513
0.0000000,0.9418535,1.3664114,0.9870632,0.6370327,1.0217853,0.0000000,0.0000000,0.0000000
0.3556987,0.9079126,1.6117002,1.9451362,0.0000000,0.9106077,0.0000000,0.0000000,0.5353835
0.3656002,0.9291589,1.3762259,1.0018924,0.0000000,0.0000000,0.0000000,0.0000000,0.0000000
0.0000000,0.8470326,1.1076964,1.0204560,0.0000000,1.0891673,0.0000000,0.0000000,0.0000000
0.0000000,0.7654568,1.3977385,0.0000000,0.0000000,0.9294814,0.0000000,0.0000000,0.5176690
2.1322087,0.6190333,1.3757131,0.9757020,0.0000000,0.8415093,2.2074643,0.0000000,0.0000000
0.0000000,1.3688352,0.9591998,1.0248633,0.6301103,0.9955245,0.0000000,0.0000000,0.0000000
0.0000000,1.0500517,1.5672162,0.9431678,0.0000000,1.0093420,0.0000000,0.0000000,0.0000000
0.6881689,1.1040372,1.4194028,1.8905982,0.0000000,0.8949227,0.0000000,0.0000000,0.0000000
0.3684944,1.3372377,0.9010431,1.0092069,0.6523277,1.1480811,0.0000000,0.0000000,0.0000000
1.6339158,0.7245519,1.2018088,2.0567129,0.0000000,0.0000000,0.0000000,0.0000000,0.0000000
2.2602748,0.7714944,1.5861932,0.9539597,0.0000000,0.0000000,2.4481438,0.0000000,0.4432937
0.8628058,0.7732087,1.1898098,0.9700823,0.0000000,0.0000000,2.3264606,0.0000000,0.5921160
0.0000000,1.0214787,1.6041082,0.9438879,0.5782210,0.9377880,0.0000000,0.0000000,0.4084712
0.0000000,1.0137244,1.1685413,0.9663952,0.0000000,0.0000000,0.0000000,0.0000000,0.4690388
1.3786620,0.6201030,1.2116346,0.0000000,0.0000000,0.0000000,1.4800693,1.0779680,0.5639488
1.3868502,1.4074909,1.1611984,0.9790382,1.1380394,0.9504398,0.0000000,0.8766812,0.5664609
0.0000000,1.2174903,0.9133836,0.9112879,0.6358600,0.0000000,0.0000000,0.0000000,0.0000000
1.5770293,1.3521158,1.5647203,1.7494947,1.2610131,0.9186242,0.6816655,0.9578463,0.0000000
0.9190204,0.4125249,1.1637930,0.0000000,0.0000000,0.0000000,1.7119607,0.0000000,0.0000000
0.3470716,1.3050919,1.4102589,2.1090412,0.5967931,2.0283200,0.0000000,0.9858653,0.0000000
2.0393155,1.1166258,1.7911264,1.7314790,1.1755587,2.0548102,0.0000000,0.0000000,0.0000000
0.0000000,0.9398469,0.7129232,1.0307238,0.0000000,0.0000000,0.0000000,0.0000000,0.5779022
0.4064521,1.4225924,1.3413066,1.0503612,0.6365062,2.2926554,0.7296105,0.0000000,1.0238324
2.2708106,0.8494558,1.1465502,0.9856537,0.0000000,0.0000000,0.7763191,0.0000000,0.5358388
0.0000000,0.3152280,1.2016325,0.0000000,0.0000000,0.9582607,1.5054118,0.0000000,0.0000000
0.3822141,0.6445795,1.2024873,0.0000000,0.7686392,1.0937444,0.0000000,0.0000000,0.0000000
1.7072831,1.1892663,1.6498316,1.0169885,0.5492286,1.0719952,2.1150392,0.9559670,0.5625119
0.4564634,0.5468326,0.5028723,0.0000000,0.0000000,0.0000000,2.4847786,0.0000000,0.5924425
0.0000000,0.5065231,1.2098837,0.0000000,0.0000000,1.0663685,1.6304164,0.0000000,0.4357309
1.2553255,1.0382995,0.7238989,1.9337603,0.6164996,2.1519475,1.4298507,0.9464535,0.3401589
0.3741570,1.6674808,1.3549509,0.9820064,1.7473301,2.0490030,1.3671365,0.8344022,0.0000000
0.4142127,1.3283654,1.5644104,1.9440274,0.5945728,2.0737091,0.0000000,0.0000000,0.5706283
2.1901844,0.9652064,1.4127799,2.0404079,0.6527552,0.0000000,0.6455639,0.0000000,0.0000000
0.3736827,0.9427773,1.3671888,1.7723317,0.0000000,1.9689167,0.0000000,0.0000000,0.5281925
0.3786253,1.1018391,0.9344878,0.9648817,0.5723570,0.0000000,0.0000000,0.0000000,0.5076326
0.0000000,1.0154153,1.5185900,0.8133426,0.5946795,0.0000000,0.0000000,0.0000000,0.0000000
1.5773877,0.9999168,1.5872815,1.9060420,0.0000000,2.0771904,0.0000000,0.8943169,0.9005540
1.6039829,1.1109906,1.4045134,2.0133821,0.0000000,2.0093585,0.0000000,0.9655524,0.0000000
0.3599708,0.8493450,1.1674800,1.0049002,0.4883063,2.0823242,0.0000000,0.7955574,0.8896819
0.0000000,1.0547425,0.9630384,0.9483236,0.0000000,0.0000000,0.0000000,0.0000000,0.0000000
0.3732811,0.9982293,1.1740020,0.9860933,0.9994084,0.7830375,0.0000000,0.0000000,0.5100753
0.3850128,0.5441867,1.4323993,0.0000000,0.0000000,1.2570886,0.0000000,0.0000000,0.0000000
0.0000000,0.7705000,0.7250226,1.0015257,0.0000000,0.0000000,0.0000000,0.0000000,0.0000000
0.6835543,1.0161461,1.1571004,1.0035355,0.0000000,0.0000000,0.0000000,0.0000000,0.0000000
0.3910764,1.1457181,1.1792940,1.0070884,0.0000000,0.0000000,0.0000000,0.0000000,0.0000000
1.7103076,0.6596703,1.2984276,1.0278336,0.0000000,1.1080357,0.0000000,0.0000000,0.4582468
0.4032286,0.6477674,1.2325875,0.0000000,0.0000000,1.2639906,0.0000000,0.0000000,0.0000000
0.7267847,1.0323224,1.1778955,1.0066653,0.0000000,0.9840410,0.0000000,0.0000000,0.0000000
0.7687730,1.2343056,1.1908549,1.0454426,1.2560507,0.9909236,0.0000000,0.0000000,0.0000000
0.3904604,0.9986536,1.3743970,1.9962782,0.0000000,0.9451655,0.0000000,0.0000000,0.0000000
1.0813051,1.0487587,1.5823399,0.9914200,0.6508256,0.0000000,0.0000000,0.0000000,0.0000000
0.3878476,1.3764512,1.1413508,0.9172718,0.7111404,0.0000000,0.0000000,0.8846451,0.0000000
1.6260401,1.5692392,1.0930455,0.0000000,1.8575159,2.0710588,0.0000000,1.0134718,0.0000000
0.0000000,0.8332832,1.3938255,0.8791695,0.0000000,0.9829358,0.0000000,0.0000000,0.5551425
0.0000000,1.1322975,1.5208081,0.9688393,0.0000000,1.0040611,0.0000000,0.0000000,0.5442150
0.4107244,1.2732558,1.1854791,0.9463704,0.0000000,2.2056944,0.0000000,0.0000000,0.9811065
2.2335912,1.1088959,1.6452064,1.8835395,0.6154715,2.0517119,0.5959350,1.1028274,0.9380122
0.5887558,1.4972677,1.0901183,0.8777270,1.2535656,0.9964169,0.0000000,0.0000000,0.5214383
0.0000000,0.4605209,0.7038734,0.0000000,0.0000000,0.0000000,0.0000000,0.0000000,0.0000000
0.3915162,0.8756063,0.8912654,0.9999824,0.5422834,1.2096703,1.4908063,0.0000000,0.9465933
0.0000000,0.6398931,1.3914876,1.0222750,0.0000000,0.8508058,0.0000000,0.8106759,0.0000000
0.0000000,1.1683029,0.6438958,0.0000000,0.6984027,0.9553602,0.0000000,0.9070078,0.0000000
1.7835963,0.7408184,0.6917188,0.0000000,0.0000000,1.1761435,0.0000000,0.0000000,0.9506357
0.4357769,0.7478721,1.7501158,0.9789096,0.0000000,0.0000000,0.0000000,0.0000000,0.5280244
0.0000000,0.9262605,0.4186412,0.0000000,0.0000000,1.1658904,0.0000000,0.0000000,0.4930731
0.0000000,0.8499561,0.9329281,0.9809524,0.0000000,0.9549618,0.0000000,0.0000000,0.0000000
0.3979214,1.4968731,1.5334641,1.0014448,1.8549373,2.2012359,0.0000000,0.0000000,0.0000000
0.3587748,1.0940433,1.6152474,1.0023487,0.5009204,2.2163236,0.0000000,0.0000000,0.5229228
0.3743690,1.3932802,1.0896308,0.9619761,1.1649149,2.1556987,0.0000000,0.0000000,0.4581461
0.3620267,1.4334203,1.3988569,1.0211475,1.2516958,0.9894529,0.0000000,0.0000000,0.5435973
0.3561872,0.8038100,1.3327107,1.0100539,0.0000000,1.9204556,0.0000000,0.0000000,0.5737676
0.0000000,0.7291470,0.9374036,0.9229601,0.0000000,0.9711100,0.0000000,0.0000000,0.5473546
0.7534116,1.3350647,1.3857962,1.8836636,1.1727561,0.9970544,0.0000000,0.9017185,0.9855387
2.3631187,0.6631672,1.1453625,0.0000000,0.0000000,0.0000000,0.6921122,0.0000000,0.0000000
0.3881859,0.7326457,1.5864868,1.9742592,0.5360895,0.0000000,0.0000000,0.8879355,0.5403796
1.6175349,0.9189393,1.4066982,1.8962765,0.0000000,1.9261725,0.0000000,0.8566869,0.0000000
1.1603240,1.0022802,1.3958341,0.0000000,0.0000000,1.1546831,0.0000000,0.7822058,0.4017802
1.1182113,0.9814391,1.3490487,0.8976032,0.0000000,1.1363972,0.5900947,0.0000000,1.0032346
2.2370221,0.7302735,1.3495975,0.9959298,0.0000000,0.0000000,1.3028744,0.0000000,0.9253182
0.3528106,0.9077610,1.1759157,0.9735088,0.0000000,2.0496571,0.0000000,0.7555743,0.5199635
0.3584230,1.0691284,1.3907788,0.9829945,0.0000000,0.9934038,0.0000000,0.7185438,0.5621977
0.3847904,0.8446284,1.1760667,0.8868679,0.0000000,0.0000000,0.0000000,0.9022338,0.0000000
0.0000000,0.6292467,0.7433174,0.9597703,0.0000000,0.0000000,0.0000000,0.0000000,0.5313806
0.2828124,0.5735373,1.1755328,0.8696989,0.0000000,1.5760521,0.0000000,0.0000000,0.4964131
0.0000000,0.7715467,0.6714952,0.0000000,0.0000000,2.2093827,0.0000000,0.0000000,0.0000000
0.3667743,1.1498305,0.9543681,1.0024142,0.0000000,0.9416230,0.0000000,0.0000000,0.4855203
0.0000000,0.7535808,0.7440437,0.9528569,0.0000000,0.9704114,0.0000000,0.0000000,0.5612488
0.0000000,0.9386852,1.1616677,0.8758648,0.4931201,0.0000000,0.0000000,0.9133683,0.0000000
0.3594051,1.1425765,0.6340297,0.9523131,0.0000000,2.1814131,0.0000000,0.0000000,0.0000000
0.3653088,0.6631487,0.9185465,0.9572093,0.0000000,0.0000000,0.0000000,0.0000000,0.5548720
0.0000000,1.2433538,1.4213995,0.0000000,0.5915076,0.9606067,0.0000000,0.9000225,0.0000000
2.0197077,0.9481001,0.4734425,1.0041492,0.0000000,2.3818831,0.0000000,0.0000000,0.0000000
0.0000000,0.8583742,1.1842023,0.9026178,0.5992280,0.9666756,0.0000000,0.0000000,0.4981825
0.0000000,1.0266917,0.9396375,0.9221709,0.6784223,1.9813988,0.0000000,1.0241832,0.0000000
0.0000000,0.7557350,1.1530199,0.0000000,0.0000000,1.0152599,0.0000000,0.0000000,0.5703298
0.3832480,0.9146963,1.3982209,1.8772807,0.0000000,0.9203711,0.0000000,0.0000000,0.5475558
0.3457933,0.9397015,1.5811653,0.9660444,0.0000000,0.9572002,0.0000000,0.0000000,0.5192801
2.3456817,1.2242901,1.4151393,1.8398184,0.0000000,0.0000000,1.3233817,0.9992572,1.4001991
0.0000000,1.0005961,1.3823284,1.7735978,0.4865397,0.9380442,0.0000000,0.0000000,0.9484543
0.0000000,1.0291223,1.3534071,1.0120623,0.0000000,0.9518683,0.0000000,0.0000000,0.5471167
2.3219603,1.0330374,1.6222341,1.9429804,0.6260914,0.8881297,1.3912584,1.0415641,0.9111247
0.0000000,1.0221139,1.3525582,0.9462307,0.0000000,0.9464267,0.0000000,0.0000000,0.5837230
0.4241450,0.3086209,0.7100191,0.0000000,0.0000000,1.2399034,0.8092106,0.0000000,0.0000000
1.5677980,1.4084163,1.4164042,2.0057178,0.0000000,0.9742224,0.0000000,0.8493702,0.5042551
2.3822651,1.2042538,1.6131871,1.8735322,0.6141443,0.0000000,1.5224979,1.0032219,0.4712797
0.6143250,1.3452766,1.5497147,0.8962979,0.6535102,0.8235231,1.3141944,0.8911969,0.0000000
0.3816135,1.2539653,1.3749689,1.0303922,1.2145999,0.9969361,0.0000000,0.0000000,0.0000000
0.3834983,1.1089409,1.0739456,0.9875375,0.6136045,0.8873690,0.0000000,0.9476062,0.0000000
0.3886438,1.1312938,1.1240843,1.8331883,0.5725987,1.0588079,0.0000000,0.0000000,0.0000000
0.3053201,1.5415419,1.6893117,0.8848024,1.2456058,0.9765033,0.0000000,0.7781738,0.9406805
0.3950273,1.1055349,1.0958638,0.9429675,0.0000000,0.9413108,0.0000000,0.0000000,0.4762849
0.0000000,1.3646428,1.5401354,0.8992556,1.1976914,0.8653397,0.0000000,0.9245228,0.0000000
1.7095986,0.7435492,1.6264153,1.0408366,0.6382227,1.1618154,0.0000000,0.9862962,0.0000000
1.1317788,1.5758002,1.5640747,1.0245806,1.2667386,1.0354396,0.0000000,0.7428868,0.0000000
0.0000000,1.5099239,1.3392216,0.8635296,1.1753204,0.9063813,0.0000000,1.0210119,0.0000000
2.2467794,1.1031966,1.3878455,1.0060640,0.0000000,0.9772481,0.0000000,0.8303737,0.9806840
0.3782828,1.2965922,1.3090278,1.0174927,0.5022353,0.9958178,0.0000000,0.0000000,0.4533404
0.3314683,1.4107170,1.4943584,0.9426133,0.5512220,1.9643388,0.0000000,1.0108321,0.0000000
0.0000000,0.9993353,1.3920708,0.0000000,0.5776202,0.8809440,0.0000000,0.0000000,0.0000000
0.7380542,1.2106306,1.5773986,0.9468196,1.1617735,0.9106943,0.6409718,0.0000000,0.0000000
0.0000000,0.9242422,1.4292062,0.9562119,0.6483015,0.9472525,0.0000000,0.0000000,0.0000000
0.0000000,1.2277926,1.3258349,0.0000000,0.5735480,0.9435078,0.0000000,0.0000000,0.0000000
0.0000000,1.0556945,1.3923787,0.8872741,0.0000000,0.9912992,0.0000000,0.0000000,0.9185909
0.3612932,1.1654814,1.6241878,1.0292992,1.1663474,1.0083791,0.0000000,0.0000000,0.5464748
0.0000000,0.9066546,1.3828708,1.8557064,0.0000000,0.8835610,0.0000000,0.0000000,0.0000000
0.3537423,0.8498323,1.1062232,0.9472895,0.0000000,0.8901037,0.0000000,0.0000000,0.5356229
0.0000000,1.0302808,1.1834276,0.0000000,1.2368936,2.2327165,0.0000000,0.0000000,0.5315880
2.3425376,1.2437214,1.6002059,1.9058883,0.5151533,2.1477857,1.2559728,0.0000000,0.0000000
1.9432994,1.1706535,1.3108186,1.0463634,1.2196026,2.1622636,0.0000000,0.9317135,0.8819242
0.0000000,1.0916883,1.1388751,0.9984973,1.2149443,2.3044338,0.0000000,0.0000000,0.0000000
0.3508213,1.0110085,1.1887399,0.8569157,1.2622960,0.9680536,0.0000000,0.0000000,0.4679329
0.3581642,0.5225452,1.1738519,0.9502428,0.0000000,1.2108313,0.7343643,0.0000000,0.0000000
0.3884877,1.1465114,1.3471298,0.9801330,1.2642096,2.1128499,0.0000000,0.0000000,0.0000000
0.6847889,0.9327962,1.1681597,0.9946857,0.5514452,1.0011422,0.0000000,0.0000000,0.0000000
0.0000000,1.4209513,1.4103391,1.0199222,0.4920098,0.9959310,0.0000000,0.0000000,0.5465939
0.0000000,0.8558997,1.3930229,1.9115590,0.0000000,1.0156758,0.0000000,0.0000000,0.9328549
1.1149831,1.2398433,1.5595371,0.8687446,1.1912502,0.9023876,0.5650572,0.8969867,0.5223587
0.0000000,1.1159459,1.5986322,1.0181496,0.0000000,0.9621654,0.0000000,1.0686248,0.4305999
2.3563048,1.1617712,1.1948370,1.0226758,0.5983510,0.9248496,0.6812195,1.0317122,1.4727069
0.7594527,1.4867297,1.3670043,0.9970305,1.2414929,0.8750542,0.0000000,0.0000000,0.0000000
1.1470218,0.9533792,1.2245440,2.0356695,0.6561033,0.0000000,0.0000000,0.0000000,0.5013378
0.3679116,1.6370051,1.3943802,1.0017392,1.8189258,0.9098702,0.0000000,0.0000000,0.0000000
0.4142483,0.6587675,1.5987752,1.9462502,0.0000000,0.8426280,0.0000000,0.0000000,0.5301835
0.3613862,1.0925158,1.1692001,0.9947415,1.1083575,0.8535893,0.0000000,0.0000000,0.0000000
0.0000000,1.2382538,1.1281320,0.9685968,1.2514958,0.9088216,0.0000000,0.0000000,0.0000000
1.2198788,1.3135252,1.3217431,1.0154455,1.1727787,0.9346662,0.0000000,0.0000000,0.0000000
0.3928460,1.2308664,1.4141277,2.1067153,0.6025586,1.0729437,0.0000000,0.0000000,0.9467798
0.8416642,1.4161304,1.1023250,1.7824217,1.1937952,1.0292587,0.0000000,0.0000000,0.0000000
0.3733805,1.5122559,1.5105783,1.0284403,1.8075206,0.8522354,0.0000000,0.0000000,0.5040992
0.3464409,1.1062055,1.1711103,1.0505413,0.0000000,0.9925527,0.0000000,0.0000000,0.0000000
0.3687169,1.3640472,1.5754053,1.0204560,1.1082402,1.1759703,0.0000000,0.0000000,0.5467456
1.5405281,1.3287012,1.4009515,1.9616660,0.6147703,0.9546956,0.0000000,0.0000000,0.5624930
1.8287286,0.9584211,1.0977226,0.9240409,0.0000000,1.0767503,2.4899138,0.0000000,0.0000000
0.0000000,0.4444002,0.9604909,2.0901827,1.2086009,0.9906612,2.1417977,0.0000000,0.5417490
1.0898973,1.4324662,1.5144904,0.9948791,0.6668146,2.1887923,0.6302068,0.9102743,0.5408943
0.0000000,0.5338175,0.9533770,1.0522670,0.0000000,1.2084384,1.4145938,0.0000000,0.4799527
0.3543086,1.1214236,1.5982097,2.0427669,0.5758490,0.0000000,0.0000000,0.0000000,0.3942226
0.0000000,1.4073223,0.9103363,1.0166248,0.6413469,0.0000000,0.0000000,0.0000000,0.0000000
0.3213424,1.0405095,1.1060979,0.9934824,0.5642704,0.9064393,0.0000000,0.0000000,0.0000000
0.4045164,1.3588900,1.3634823,1.0286649,0.0000000,0.0000000,0.0000000,0.0000000,0.0000000
0.3691597,1.6432547,1.3597884,0.9781520,0.5982448,0.9427155,0.0000000,0.0000000,0.0000000
0.3481770,1.3152112,1.5461396,0.9895787,1.2165520,1.8230291,0.0000000,0.8786728,0.0000000
0.0000000,1.1786525,1.1054596,0.9703339,0.0000000,1.0812254,0.0000000,0.0000000,0.5258522
1.0526943,1.6381365,1.5870843,1.0199295,0.5926543,2.2119190,0.0000000,0.8249951,0.0000000
0.3829744,1.4987113,1.4052351,0.0000000,0.5936937,0.0000000,0.0000000,0.0000000,0.5066762
0.0000000,0.9385668,1.1589211,0.0000000,0.6001913,0.0000000,0.0000000,0.0000000,0.0000000
0.3459239,1.4379003,1.1761251,0.9889223,0.0000000,0.0000000,0.0000000,0.0000000,0.0000000
0.3731670,1.4658684,1.1330952,0.9287090,0.0000000,0.0000000,0.0000000,0.0000000,0.5186795
0.0000000,1.3645914,1.3435114,0.9807513,0.0000000,0.0000000,0.0000000,0.0000000,0.9055900
0.0000000,1.1721611,1.6040138,1.9125878,0.0000000,0.0000000,0.0000000,0.0000000,0.5127874
1.5454223,1.2424112,1.1675236,0.9355443,1.2496747,0.8748970,0.0000000,0.0000000,0.4627382
0.7331502,1.3317735,1.3904637,1.9833313,1.1719699,0.0000000,0.0000000,0.0000000,0.0000000
0.0000000,1.2592983,1.3286455,1.0135450,0.0000000,2.0927107,0.0000000,0.0000000,0.0000000
0.0000000,1.0105188,0.9321662,0.0000000,0.0000000,0.0000000,0.0000000,0.0000000,0.0000000
0.7646821,1.4377465,1.3852580,1.0190583,0.0000000,0.9285338,0.0000000,0.0000000,0.5297465
0.7329745,1.4032150,1.3815032,0.9126109,1.1418519,0.0000000,0.0000000,0.0000000,0.0000000
0.0000000,1.1646857,1.1595600,0.0000000,1.1451825,0.0000000,0.0000000,0.0000000,0.0000000
0.3748103,1.0090017,1.1844189,0.9344096,0.6063431,0.9513036,0.0000000,0.0000000,0.4944864
0.0000000,1.1142932,1.1453046,0.9516113,0.0000000,0.9540551,0.0000000,0.0000000,0.5713877
0.4053695,1.5046668,1.1558467,0.9220552,0.0000000,2.1673903,0.0000000,0.0000000,0.0000000
0.3922687,1.5292431,1.5986802,1.9028461,1.0788461,1.8473721,0.0000000,0.0000000,0.4410914
1.5223103,1.8376388,1.1473273,1.9062695,0.5636779,0.0000000,0.0000000,0.0000000,0.0000000
1.0747428,1.3035608,1.3907289,0.9993974,0.5319296,0.0000000,0.0000000,0.0000000,0.5665014
0.7553286,1.3248444,1.6227092,0.9848615,1.2420872,0.8534500,0.6291507,0.8267071,0.0000000
0.3609448,1.5244762,1.5482180,1.0265104,0.6468203,0.8433802,0.0000000,0.0000000,0.0000000
0.8129439,1.2210910,1.3368137,0.0000000,0.6139537,0.0000000,0.0000000,0.0000000,0.5699725
1.2647712,1.0602542,1.4119173,0.9925707,0.5674164,0.9575015,0.0000000,0.0000000,0.4263095
0.8275050,1.0811263,1.1602117,1.9950967,0.5889607,0.9586570,0.0000000,0.0000000,0.9891630
0.7947231,1.3297899,1.3914854,1.9529877,0.4855363,0.9620414,0.0000000,0.0000000,0.0000000
0.3657956,1.2304081,1.3533352,1.7851444,0.5820715,2.1538193,0.0000000,0.8967541,0.0000000
1.1906328,1.3911098,1.6092102,0.9673839,0.5994894,2.1282935,0.0000000,0.0000000,0.5561293
1.2114376,1.1419922,1.1676757,0.9948667,0.0000000,2.1737869,0.6487477,0.8972846,0.5259754
0.0000000,1.4131939,1.5809975,0.9544307,1.2438074,0.8221128,0.0000000,0.0000000,0.0000000
1.0116049,1.3138745,1.8085443,1.0080189,1.1779346,2.0533394,0.5990662,0.8429822,0.3187499
0.6790715,1.3995991,1.1659455,1.7545758,0.6194346,0.8942939,0.0000000,0.0000000,0.5391131
0.4022195,1.3958972,1.6109485,0.9720745,0.5844249,1.9849786,0.0000000,0.0000000,0.9501559
0.7226968,1.4940716,1.5573446,0.9728365,1.7544636,0.9420169,0.0000000,0.0000000,0.3646052
2.0855401,1.1826068,0.9726434,1.9426934,0.0000000,0.0000000,0.5955486,0.0000000,0.0000000
0.6583928,1.3932557,1.3877638,0.9312602,1.1318577,1.0537514,0.0000000,0.8023068,0.0000000
0.0000000,1.4364835,1.3974815,1.0384646,0.5581986,0.9131534,0.0000000,1.7541348,0.0000000
1.5712993,1.5143279,1.3617096,1.0387258,0.0000000,0.9279559,0.0000000,1.0291053,0.3967553
0.3430769,0.8927998,1.3962902,1.8867251,0.0000000,0.9421515,0.0000000,0.9403359,0.5453897
1.2410151,1.3282750,1.8368853,1.0092351,1.1866336,2.0102391,0.0000000,0.0000000,0.0000000
0.4039563,1.1480621,1.1657827,0.9024900,0.6064787,0.0000000,0.0000000,0.0000000,0.3723793
0.4002342,1.6197817,1.1561143,0.9777960,1.2265156,0.8749869,0.0000000,0.0000000,0.0000000
0.3896820,1.4745320,1.3919688,1.9777850,0.5356574,0.0000000,0.0000000,0.0000000,0.0000000
0.6791794,1.3792199,1.6216695,1.9508451,0.0000000,0.9177708,0.0000000,0.7925848,0.9883758
0.7202904,1.2341327,1.1736881,1.8893830,0.0000000,1.0076774,0.0000000,0.0000000,0.5627616
0.3568527,1.1775037,1.4257746,1.9301094,0.0000000,0.0000000,1.2900831,0.0000000,0.0000000
1.1111545,0.9156168,1.1870640,1.0125191,0.0000000,0.0000000,0.0000000,1.0198615,0.0000000
0.8078367,1.1915446,1.5811832,1.0330914,0.0000000,0.0000000,0.0000000,1.0089759,0.4468327
0.3828556,1.5222482,1.3525633,1.0353368,0.5879542,0.7313748,0.0000000,0.0000000,0.5427283
1.2202587,1.4143801,1.4372056,2.0123043,0.5596887,0.8849006,0.0000000,0.0000000,0.5666199
0.0000000,1.1309404,1.6675674,1.8772778,0.5585081,2.1175190,0.0000000,0.0000000,0.0000000
0.7226809,1.3662907,1.4056915,1.9610522,0.0000000,0.9060854,0.0000000,0.8217414,0.0000000
0.0000000,0.7003819,1.3085604,0.9744649,0.0000000,1.0852437,0.0000000,0.8774307,0.0000000
0.3500934,1.2293229,1.5364090,0.9910253,0.5923277,0.0000000,0.0000000,0.0000000,0.5384932
0.3100478,1.0695443,1.1951071,1.9938872,0.0000000,0.8393064,0.0000000,0.0000000,0.0000000
1.9060554,1.5435110,1.3890110,0.9906984,1.7983327,0.0000000,0.0000000,0.0000000,0.5633769
0.3740694,1.6165928,1.1642372,0.9653050,1.7224952,0.0000000,0.0000000,0.0000000,0.3688508
0.9733071,1.2233959,1.3009493,0.9850394,0.6093452,1.0456145,0.0000000,0.0000000,0.3917193
0.0000000,1.3236513,0.9394957,1.0128390,0.0000000,0.9504952,0.6906377,0.0000000,0.5704072
0.3900404,1.4154775,1.5427388,0.9976048,1.2491741,0.0000000,0.0000000,0.0000000,0.5276921
0.3871040,0.9050267,0.9746992,1.0015346,0.0000000,0.0000000,0.0000000,0.0000000,0.0000000
0.0000000,1.5575917,1.5939951,1.8444098,0.5183977,0.9047802,0.0000000,0.8638690,0.5317201
0.3450785,1.2351807,1.5867096,0.8157333,1.0863879,0.0000000,0.0000000,0.0000000,0.0000000
0.3417207,1.8032065,1.1333068,1.0152739,1.1483051,0.9788822,0.0000000,0.0000000,0.3541068
0.3825952,1.5875601,1.6512999,2.0457444,1.1814194,0.9630106,0.0000000,1.6998485,0.2959648
0.0000000,1.1932817,1.3955470,0.9890711,0.0000000,0.0000000,0.0000000,0.0000000,0.5117862
0.7660102,1.7282421,1.5579404,2.0130333,0.5779048,0.9345861,0.0000000,0.8218902,0.0000000
0.7326095,1.3125811,1.3996187,1.0340559,0.5545367,1.0025353,0.0000000,0.0000000,0.5275648
0.3328374,1.3281625,1.3819556,1.8065003,0.0000000,0.0000000,0.0000000,0.0000000,0.0000000
0.3469591,1.3625148,1.3559080,1.0225732,0.0000000,1.0110860,0.0000000,0.9140178,1.0547521
0.3711909,1.4402161,1.1536055,2.0846001,0.0000000,0.8487905,0.0000000,0.0000000,0.5481477
0.3949125,1.4036468,1.5522336,1.9513725,0.6168912,0.9048099,0.0000000,0.0000000,0.5523953
1.0648223,1.5536016,1.5018220,0.9846083,1.0989355,1.0005190,0.6222333,0.0000000,0.9652800
0.7430104,1.2071599,1.7945552,1.0600362,0.0000000,1.0073550,0.0000000,0.0000000,0.5570450
0.7483245,0.8045964,1.4094456,2.0336934,0.0000000,2.1798162,0.0000000,0.0000000,0.0000000
1.0486341,1.0920898,1.3639525,1.9527615,1.1415132,1.0053454,0.0000000,0.8199197,0.5539205
0.3951177,1.1924490,1.1744841,0.9614408,0.5338181,1.1175697,0.0000000,0.0000000,0.0000000
0.3780869,1.4422441,1.1086343,0.9604213,0.0000000,0.0000000,0.0000000,0.0000000,0.0000000
0.4008445,1.0108290,1.3873053,1.8635017,0.0000000,0.9596458,0.0000000,0.0000000,0.5610480
0.3945236,1.2258030,1.1979085,1.0048751,1.1377378,0.9203988,0.0000000,0.0000000,0.5383836
1.9205704,1.2190069,1.5289069,1.9782899,0.0000000,1.0807187,0.0000000,0.0000000,0.5685233
0.4023894,1.4125700,0.9586977,2.0167505,1.1565943,0.0000000,0.0000000,0.0000000,0.0000000
0.3991934,1.2268589,1.3013259,1.9873933,1.1620825,2.0962555,0.0000000,0.0000000,0.0000000
0.3922148,1.2996414,1.3810075,1.9810147,0.5316108,0.0000000,0.0000000,0.0000000,0.0000000
1.0580679,1.0565260,0.9490147,1.9456257,0.0000000,0.7949424,0.0000000,0.0000000,0.0000000
1.4624234,0.9895702,1.6166711,1.9642707,0.0000000,0.0000000,0.0000000,0.0000000,0.0000000
0.3828119,0.9578673,1.5895709,1.0581013,1.2105438,0.9867539,0.0000000,0.0000000,0.0000000
1.2385055,1.3084134,1.7833406,1.8871252,1.2444946,1.0541507,0.6764793,0.0000000,0.5376930
0.3893571,1.2336973,1.3361231,1.9902416,0.6577357,0.0000000,0.0000000,0.0000000,0.5530006
0.3802856,1.1461415,1.3946345,2.0145093,0.0000000,0.9221131,0.0000000,0.0000000,0.5302595
0.3719884,1.1246578,1.1912223,1.0064047,0.5475490,0.8771260,0.0000000,0.0000000,0.0000000
0.3999921,0.8488155,1.4159426,2.0136611,0.0000000,0.9926877,0.0000000,0.0000000,0.5447238
0.4145331,1.2060078,1.7862005,1.9276574,0.0000000,1.7995228,0.0000000,0.8108972,0.7988684
0.3972542,1.1569657,1.4026616,1.9421513,0.0000000,2.1844033,0.0000000,0.0000000,0.9161075
0.7817574,1.3576703,1.8194568,1.8741601,0.0000000,1.0426342,0.0000000,0.0000000,0.4864289
1.1216203,1.2033993,1.5846797,2.0106095,0.0000000,0.9827637,0.0000000,0.0000000,0.4435959
0.4078976,1.3094023,1.3960886,1.9055726,0.0000000,0.9197072,0.0000000,0.0000000,0.0000000
0.3923878,1.3437919,1.3975319,0.9908455,1.8347334,0.9012098,0.0000000,0.0000000,0.0000000
1.6242456,0.8305452,1.4047933,1.9559392,0.0000000,0.0000000,0.0000000,0.0000000,0.5161593
1.2417913,1.3510029,1.5882829,0.9752958,0.6159922,0.0000000,0.0000000,0.0000000,0.0000000
0.3839656,1.3140115,1.3800715,1.0134899,0.5916046,0.0000000,0.0000000,0.0000000,0.5366930
0.0000000,0.8766276,1.1773054,1.0518303,0.0000000,0.0000000,0.0000000,0.0000000,0.0000000
0.3516452,1.4593305,1.1848393,1.8633524,0.6300319,0.8948201,0.0000000,0.0000000,0.5209050
0.3418072,1.4669900,1.2042291,0.8057598,0.5837617,0.9772167,0.0000000,0.7905943,0.0000000
0.0000000,1.1131407,1.3805702,1.0323843,0.5494313,2.1345307,0.0000000,0.0000000,0.0000000
0.7527628,0.9555337,1.3550190,1.8631269,0.5797135,0.8898782,0.0000000,0.0000000,0.0000000
0.0000000,0.9364738,1.3272945,1.0152502,0.6176330,0.0000000,0.5988241,0.0000000,0.0000000
0.4232086,0.9237164,1.4200968,2.1228311,0.0000000,1.2170527,0.0000000,0.0000000,0.5713120
0.3419327,1.5274941,1.7877448,1.0364925,0.0000000,0.8889567,0.0000000,0.0000000,0.0000000
0.3734052,1.2688887,1.4116027,2.0261560,0.5298792,0.9705422,0.0000000,0.0000000,0.3967971
1.0907855,0.9304860,1.3560075,1.0370220,0.5818869,1.0128756,0.0000000,0.0000000,0.4398700
0.3829970,1.4404085,1.4077472,0.0000000,1.3723884,1.0417644,0.0000000,0.8280536,0.0000000
0.3445661,1.3142959,1.1431118,0.9459046,1.2381543,2.2328934,0.0000000,0.0000000,0.0000000
0.3735158,0.8764369,1.6404154,0.9766136,0.5942908,0.0000000,0.0000000,0.8649469,0.0000000
2.3144273,0.8356476,1.1860391,0.9895612,0.0000000,1.2104220,0.0000000,0.0000000,0.0000000
0.8018864,1.3822220,0.7056653,0.9575286,0.6407817,0.0000000,2.2083552,0.0000000,0.0000000
1.1633231,1.4178328,1.6261572,1.8349229,0.5772213,2.0628198,0.6831689,0.8922028,0.0000000
0.3886929,1.6305470,1.3478249,1.8838425,1.1301387,0.9850670,0.0000000,0.0000000,0.5397754
1.7195018,1.3173846,1.3647612,1.8581239,1.1993781,0.0000000,2.0449437,0.0000000,0.0000000
1.0737133,1.5004845,1.5605422,1.8718998,1.0139693,0.9837309,0.0000000,0.8779574,0.0000000
0.3872566,1.0706595,1.5954111,1.9863151,0.5594818,1.0545413,0.0000000,0.8720714,0.0000000
0.3487319,1.3845118,1.3592555,0.8506201,1.2237848,0.8998687,0.0000000,0.7854166,0.0000000
0.0000000,1.2533240,1.3059080,1.9603650,0.6362429,0.8796769,0.0000000,0.0000000,0.5432345
0.6974937,1.1065720,0.9055606,0.0000000,0.5647698,0.7656669,0.0000000,0.0000000,0.0000000
0.3770306,0.9081480,1.1814103,1.0008045,0.9993014,2.1417510,0.0000000,0.0000000,0.0000000
0.3588455,1.3038596,1.0490280,0.9179677,1.2364452,0.0000000,0.0000000,0.0000000,0.0000000
0.7245767,1.1245860,1.1947220,1.9341976,0.0000000,0.0000000,0.0000000,0.0000000,0.0000000
0.3531595,1.4260126,1.3991911,0.9886786,0.5681300,0.9371894,0.0000000,0.0000000,0.5297172
0.7129590,1.2641689,1.3417708,1.0105589,1.2020137,2.1036325,0.0000000,0.8582741,0.4237337
0.3932736,1.4160907,1.6201188,2.0235241,0.6321497,2.0046502,0.0000000,0.8453954,0.4308017
0.0000000,1.4760103,1.6991343,0.9600944,1.2851509,0.9769731,0.0000000,0.0000000,0.0000000
0.3771157,1.4632251,1.5734946,1.9571823,0.6114731,1.0263638,0.0000000,0.9686424,0.0000000
1.2015674,1.4066817,2.0238538,1.9397652,0.0000000,0.8466126,0.0000000,0.9806966,0.5302262
0.3811505,1.1336683,1.3953644,0.9466248,0.5762416,0.8667654,0.0000000,0.0000000,0.0000000
1.8784821,1.2441313,0.9390455,0.9197432,0.5499300,0.8635993,1.5975369,0.0000000,0.0000000
1.3125560,0.9594198,1.1163090,0.0000000,0.0000000,2.1616062,0.9114278,0.0000000,0.4554857
1.6293077,1.5056554,1.7472154,0.9989190,0.6043445,2.1450761,0.5268893,1.7086421,0.9198003
1.4768194,0.5288843,0.6628155,1.9207446,0.0000000,0.0000000,2.1648296,0.0000000,0.8835986
0.0000000,1.1496297,1.3937712,1.6254574,1.7455991,1.0291156,0.0000000,0.9891310,0.0000000
0.8644259,0.5129813,1.3916209,0.9726162,0.0000000,1.0047975,1.9361767,0.0000000,0.5175392
0.5936478,1.2337925,1.1601888,0.9683153,0.6416894,1.0035858,0.0000000,0.9304364,0.8224713
1.2426663,1.3483463,1.3941638,1.8577014,1.0816009,1.0009098,0.7433321,0.9465205,0.4606999
1.7257885,1.3951496,1.1456924,1.7972332,0.5946993,0.9852124,2.1732289,0.9321405,0.5079070
0.3866091,1.5554043,1.9040281,1.8721819,0.6542547,2.0320160,0.0000000,0.0000000,0.0000000
1.4705790,1.3669030,1.3978602,0.9430720,1.2107731,2.0997005,0.6764710,0.0000000,0.0000000
0.3575610,1.5099737,1.1702099,1.0341466,0.4444936,2.0980126,0.0000000,0.0000000,0.4659336
2.2472167,1.1307640,1.6120591,0.8643970,0.0000000,0.9713975,2.5808702,0.0000000,0.5251759
1.6120819,1.0037894,1.1681594,0.9602938,1.1753608,2.2908297,1.9936568,0.0000000,0.0000000
1.9594208,0.8980969,1.1757048,1.8355500,0.5352844,2.2826485,2.4152552,1.0164498,0.4851863
0.7163979,1.5480354,1.7857978,1.9385007,1.2879459,1.0468394,2.0391385,0.0000000,0.4642353
1.8631499,0.8365769,1.5126809,1.9332950,0.4607760,2.1635201,1.1305503,0.9483210,0.3661051
0.7990712,1.1190156,1.1939737,1.0374279,0.5937743,1.8541732,0.6806344,0.8332627,0.8659595
0.3863758,1.2336033,1.8173227,0.9764280,0.5678050,2.1118542,0.6911917,0.8936944,0.4977052
0.7572177,0.9442770,1.1458355,0.8151219,0.6945568,1.2046797,2.0338417,0.0000000,0.0000000
0.0000000,0.9838083,1.2014899,2.0200667,0.6045662,0.9683134,0.0000000,0.0000000,0.0000000
1.8863846,1.1385240,1.3702901,1.9888258,0.5491512,0.0000000,0.0000000,0.0000000,0.4597956
1.6877447,1.3622324,1.3966587,1.9549805,1.1602581,1.0463043,0.6658177,0.8778207,0.0000000
0.3891864,1.4082648,1.5273197,0.9787275,1.1017552,0.9994100,0.5810164,0.9317035,0.4486726
1.6605359,1.4436794,1.5488097,0.0000000,0.5562257,0.7848858,0.8037125,0.9081168,0.9193072
0.4004435,1.1407981,1.2513704,0.0000000,0.5637588,1.0639969,0.0000000,0.0000000,0.5716447
1.3388830,1.0396182,0.9066421,0.0000000,0.0000000,0.0000000,0.0000000,0.0000000,1.5739713
1.1715117,1.2472291,1.5763086,0.0000000,0.0000000,0.0000000,2.0719136,0.0000000,0.0000000
0.3586239,1.2690072,1.6293935,0.0000000,0.0000000,0.9609759,0.7151863,0.9072903,0.4490556
0.7177763,1.2703337,1.3964860,1.7916479,0.0000000,0.8610736,1.3122372,0.0000000,0.4958708
0.7008684,1.2987884,1.7611647,0.8051607,0.0000000,0.9348166,0.5646256,0.0000000,0.4967957
1.0324856,0.8283459,1.3189644,0.0000000,0.5556630,0.0000000,0.8605441,0.0000000,0.5255686
0.0000000,0.9015640,1.1830715,0.8786942,0.0000000,0.0000000,0.0000000,0.0000000,0.0000000
0.0000000,1.0961553,1.3643746,0.9715081,0.0000000,0.8707680,0.0000000,0.0000000,0.0000000
0.0000000,1.0843169,1.3179251,0.0000000,0.5970757,1.8157575,0.0000000,0.7893729,0.0000000
0.0000000,1.1291006,0.7296398,0.9198867,0.0000000,0.0000000,0.0000000,0.0000000,0.0000000
0.7047605,1.6232389,1.6121467,0.0000000,1.1943146,1.9462919,0.0000000,0.9156978,0.3494878
0.3519016,1.2516805,1.1339640,1.8566476,1.1596711,1.7818660,0.0000000,0.8543706,0.9622975
0.3033356,1.2906837,1.5856649,0.0000000,0.0000000,0.9778418,0.0000000,0.8802853,0.0000000
0.7407972,1.0932097,1.6247508,1.7864277,0.0000000,0.9447350,0.0000000,0.8818222,0.0000000
0.3745044,1.5295644,1.5601878,0.8131278,1.0280028,1.9769107,0.0000000,0.8600667,0.8377446
0.3790551,1.3415447,1.1701548,0.9159810,0.0000000,0.0000000,0.0000000,0.0000000,0.0000000
1.6576440,1.2313951,1.5935318,0.9122202,0.0000000,0.0000000,0.8606137,0.0000000,0.0000000
1.3386538,1.0493457,1.1645815,0.0000000,0.0000000,0.0000000,1.6182972,0.0000000,0.0000000
1.3710165,0.6177080,0.6928163,1.0901419,0.0000000,0.0000000,1.6866917,0.0000000,0.0000000
1.1605627,1.2046120,1.1050716,0.9417901,0.0000000,0.0000000,2.1996258,0.0000000,0.5444738
1.2821565,1.0647043,0.9397397,1.0332963,0.0000000,2.1380153,0.0000000,0.0000000,0.0000000
0.0000000,1.8802279,1.5817203,0.7180624,1.8306055,0.7744173,0.0000000,1.8858587,0.0000000
0.0000000,1.2684436,1.3610890,0.8980349,0.6061204,1.7206614,0.7773830,0.9164474,0.0000000
0.3989950,1.2138454,1.6125239,0.0000000,0.5285730,2.1737532,1.3859045,0.0000000,0.5656162
1.3644911,1.1608244,1.3751924,1.8542948,0.6240028,2.3336267,1.3107396,0.0000000,0.5407189
2.1836249,1.6177713,1.5546656,0.0000000,0.0000000,2.1004306,1.5462899,0.0000000,0.5133193
0.3373339,1.3446054,1.1908649,0.0000000,0.0000000,0.9545207,2.2708024,0.8973562,0.0000000
0.3697748,1.4913727,1.6008992,0.9729323,0.6097282,1.0448318,1.8950193,0.8216670,1.2576243
0.0000000,0.9718567,1.2013905,0.9247086,0.0000000,1.0376170,1.5066878,0.0000000,0.0000000
1.2600586,1.3138901,1.3834297,1.0068752,0.6385717,2.3065124,0.6574518,0.0000000,0.8384009
0.0000000,1.2674793,1.1637913,0.9401975,0.0000000,0.9416172,0.7165610,0.8736350,0.0000000
1.3259453,1.1509765,1.4677235,0.0000000,0.5689534,1.0071499,2.4227689,0.0000000,0.5432889
1.0818514,1.3228446,1.5509836,1.7254235,1.2115614,0.9363017,0.0000000,0.9071946,0.8145275
0.6816163,0.8722547,1.1117652,0.7753523,0.5152597,0.0000000,0.5155072,0.7970155,0.9119320
1.9882592,0.5209537,1.1724724,0.8731149,0.0000000,2.1298798,1.5937925,0.0000000,0.0000000
1.0728667,0.9922650,1.0941895,0.9931406,1.2210480,2.1556558,2.0759016,0.8222609,0.4006794
0.8336650,0.5144006,1.8424249,0.0000000,0.0000000,2.2039059,0.0000000,0.0000000,0.0000000
2.1379915,0.6797820,1.5355389,0.9292978,0.0000000,0.9885358,2.1163002,0.8419032,1.4078068
1.2661732,1.0220573,1.5631377,0.0000000,0.0000000,0.0000000,1.4087382,0.0000000,0.5693302
2.3605418,0.5268368,1.1311369,0.7295104,0.0000000,1.1968925,1.5448541,0.9318673,0.0000000
2.1497137,1.1122161,1.0906634,0.0000000,0.0000000,1.0209730,2.3713870,0.8580025,0.5074108
1.7574688,0.9575427,1.3657146,0.9122247,0.6724947,0.0000000,1.3701018,0.0000000,0.0000000
0.0000000,0.7948453,1.3917388,0.7275210,0.4736215,1.0575299,0.0000000,0.8101801,0.0000000
1.0005050,0.9472481,1.7436063,0.0000000,0.5572339,1.8938874,0.0000000,0.0000000,0.0000000
0.3841815,1.0823820,1.8115189,0.0000000,0.0000000,0.0000000,0.0000000,0.8240457,0.0000000
0.0000000,1.2235963,1.6003215,0.9885770,0.6178760,1.0135486,0.0000000,0.8861774,0.0000000
0.6992544,1.0395549,1.5167122,0.8776982,0.5215342,2.1946429,0.5260726,0.8888577,0.4214797
1.6135933,1.5169599,1.7862565,0.9009384,1.1748581,1.0110493,0.0000000,1.0028362,0.5341389
2.0372849,1.1490330,1.7878723,1.7065016,0.6311917,2.2302405,0.7567642,0.0000000,0.5604048
2.1093555,1.1894735,1.3728574,1.8893701,0.0000000,0.0000000,0.7126601,2.0012641,0.0000000
1.1209059,1.2942218,1.5455960,1.9666884,0.0000000,0.9338478,0.0000000,0.7802255,0.0000000
0.4124112,1.6201885,1.3791842,1.8592853,0.5409709,1.0700948,0.0000000,0.7780487,0.0000000
0.7684643,1.3259289,1.5887534,0.9677831,0.0000000,1.1659937,0.0000000,0.0000000,0.0000000
0.3419522,1.5108225,1.5488903,1.8127838,1.0928938,2.0402827,0.0000000,0.0000000,0.5290075
1.6603487,1.4330812,1.6027136,2.0060140,0.0000000,0.9315795,0.0000000,0.0000000,0.5138028
0.0000000,1.4662465,1.3346614,1.0053475,0.0000000,0.8680907,0.0000000,0.0000000,0.4842680
0.3613317,1.3181609,1.5648373,0.8952973,0.5619121,1.9811831,0.0000000,0.9758256,0.0000000
0.3490612,0.8197795,0.8926684,0.8835743,0.0000000,1.0667154,0.0000000,0.0000000,0.0000000
0.7598205,1.3347569,1.5703683,1.9001115,0.6178640,2.0187905,0.0000000,0.0000000,0.5807076
0.3255935,1.3164133,1.1852062,0.9721857,0.0000000,1.8019523,0.0000000,0.8121792,0.4775970
0.3803688,1.1992557,1.6347430,1.8659735,0.5299067,1.9137950,0.6485222,0.8890803,0.0000000
0.3877668,1.2792346,1.3028434,0.0000000,1.1520854,0.0000000,0.0000000,0.9888936,0.5379274
0.4005930,0.6663226,1.1594686,1.0265658,0.0000000,1.0828338,0.8289390,0.0000000,0.5709362
0.3445123,1.0333005,1.3402376,0.8833543,0.5913004,1.0459780,0.0000000,0.9462495,0.0000000
0.3364173,1.3394990,1.2002321,0.8929671,0.5040808,2.0493845,1.2644453,0.0000000,0.0000000
0.3465453,1.1789706,0.9622661,0.8727301,0.0000000,0.9807732,0.6718707,0.8684674,0.0000000
0.3635492,1.4444786,1.5743436,1.9081716,0.5503767,1.0564904,1.4500672,0.8254941,0.3889115
0.7477909,1.1970454,1.5585099,0.0000000,1.3178326,0.0000000,0.0000000,0.0000000,0.0000000
0.0000000,1.4856425,1.5302586,0.0000000,0.6361035,1.8763623,0.0000000,0.8598747,0.4330638
0.3707888,1.1523458,1.1730879,0.0000000,0.0000000,0.9333108,0.0000000,0.0000000,0.3770552
0.3579235,1.5260143,1.3748559,1.9708687,0.6038523,2.0615183,0.0000000,0.0000000,0.0000000
0.3288095,0.8518216,1.6440341,0.0000000,0.0000000,2.0067709,0.0000000,0.0000000,0.0000000
0.3730220,0.9324628,1.0822516,0.9498421,0.5762876,1.1381126,0.7135787,0.0000000,0.0000000
2.2857840,0.6023330,0.6799860,0.0000000,0.0000000,0.0000000,1.3919662,0.0000000,0.5305389
0.0000000,0.7540625,0.6280542,0.0000000,0.0000000,0.0000000,0.0000000,0.0000000,0.0000000
2.2006251,0.6437950,1.2164031,0.9610187,0.0000000,1.2670867,0.6783026,0.0000000,0.0000000
0.7750256,1.4000244,1.5586012,0.0000000,0.0000000,1.0557065,0.0000000,0.9327233,0.3638914
0.6416763,1.3487314,1.1822719,1.9846094,1.2150701,1.0130707,0.5817532,0.0000000,0.0000000
1.2274665,1.3583579,1.5924875,1.9835648,0.0000000,0.8243202,0.6498237,0.0000000,0.0000000
0.3286370,1.4863057,1.2655189,0.9841386,1.2343864,1.0286156,0.0000000,0.0000000,0.5235888
1.5385565,0.7124408,1.1942007,0.8367321,0.5729805,0.9473556,1.3016514,0.0000000,0.4904497
0.0000000,1.0320425,1.1882760,0.9004714,0.6234998,0.9849898,0.0000000,0.0000000,0.0000000
0.8292386,1.1429935,1.1493791,1.8881625,0.5820356,1.0093643,0.6229997,0.0000000,0.0000000
2.1356531,1.0232366,1.1384518,0.0000000,0.6474322,0.0000000,0.5461646,0.0000000,0.0000000
0.4019375,1.3286006,1.3586487,0.9018012,1.2747826,2.1335627,0.0000000,0.8885226,0.5537230
2.0948460,1.1953107,1.1793247,0.9895923,0.0000000,2.1969536,0.7547205,0.0000000,0.0000000
0.3521030,1.0890085,1.1772821,0.7881560,0.5537427,2.0509458,0.0000000,0.0000000,0.3473592
0.3643432,1.3391769,1.1489917,0.8331982,0.6337457,1.9803783,0.0000000,0.0000000,0.0000000
0.6762614,1.1848999,1.3677848,0.9520554,1.1157987,1.8090802,0.0000000,0.8601488,0.5491442
1.1759447,1.2901256,1.5556102,1.9842719,1.1639715,2.1431674,0.6162019,0.8079906,0.9773062
1.1002026,1.0274011,1.5389879,1.9565581,0.5331352,1.2368576,0.0000000,0.0000000,0.0000000
0.3994246,1.5236056,1.5892600,0.9771455,0.6272168,1.9080465,0.0000000,0.0000000,0.0000000
1.0630277,1.1958255,1.1745965,2.0827379,0.4682907,1.0043777,0.0000000,0.8773076,0.0000000
1.9268329,0.6675104,0.5006217,1.0005314,0.0000000,2.3661191,1.5762614,0.0000000,0.4823330
0.7895538,0.9713329,1.6007608,1.9012327,1.2439085,0.0000000,0.0000000,0.0000000,0.5517866
1.3120840,1.1520108,1.5574886,1.9876042,0.0000000,0.0000000,0.6696154,0.0000000,0.5539271
0.3904153,0.9310761,1.5772440,1.9569763,0.6400702,0.9143726,1.4723431,0.0000000,0.5511728
2.4307010,0.9023368,1.4290418,1.9976749,0.0000000,0.0000000,0.0000000,0.0000000,0.4602112
0.3104905,0.9171919,1.4547115,0.9734052,0.0000000,0.8106588,0.0000000,0.7357600,0.5096745
2.2595983,0.5081526,0.6580603,0.0000000,0.0000000,0.0000000,2.4873449,0.0000000,0.0000000
0.3719993,1.2879362,1.3824674,0.9533745,1.0174190,1.9736355,0.0000000,0.0000000,0.4631777
1.2258125,1.0969121,1.2101464,1.9380084,0.5129106,0.8860681,0.0000000,0.0000000,0.5090731
0.6996671,1.1561759,1.3886944,1.9401249,0.6324650,1.8210790,0.0000000,0.9254324,0.9439051
0.3322136,1.3567070,0.9522301,0.8776982,0.5787435,0.9476062,0.0000000,0.0000000,0.5539939
1.4915987,0.8044909,1.1596930,0.0000000,0.6016600,0.9204106,0.0000000,0.8194769,0.8883564
0.0000000,0.9561307,0.7189905,0.0000000,0.0000000,0.0000000,0.0000000,0.0000000,0.0000000
0.0000000,1.1627077,1.4212952,0.0000000,0.6264017,0.8969978,0.7202161,0.0000000,0.5288537
1.8758987,0.8868896,1.6077214,0.0000000,0.6511591,1.0767620,2.5538653,0.0000000,1.0402653
0.0000000,1.5199790,1.3612965,2.0297893,0.5372214,0.9797167,0.7179202,0.8925624,0.4168243
0.3923461,1.2495683,1.2656603,2.0181243,0.4963846,1.0717120,0.0000000,0.0000000,0.0000000
0.3853126,1.5623462,1.5800422,2.0428162,0.5878997,0.8409965,0.0000000,0.0000000,0.0000000
0.3835337,1.2614303,1.6070105,1.9587721,0.5349842,0.9106123,0.0000000,0.0000000,0.5467081
2.3933886,0.7412916,1.6181473,1.0081092,0.6006465,0.0000000,1.3719968,0.0000000,0.0000000
2.3794631,0.9207943,1.4277633,0.9828242,0.0000000,0.0000000,0.0000000,0.0000000,0.8684473
0.3662876,1.1457642,1.4105118,0.9731850,0.0000000,0.0000000,0.0000000,0.0000000,0.5352948
2.2257149,1.2802896,0.4533226,0.0000000,0.0000000,0.0000000,2.4903450,0.0000000,0.0000000
1.6356077,1.3154071,1.3944082,1.9144455,1.8108058,0.0000000,2.2997350,0.0000000,0.0000000
1.9304796,0.9544069,0.4686315,1.0110304,0.6597417,2.1715879,2.1033000,0.0000000,0.5210462
0.3879252,1.4269402,1.4035460,1.7421214,0.0000000,0.9261739,0.0000000,0.8977620,0.3438053
0.3795183,0.7972556,1.7855806,2.0225198,0.6063401,1.0667809,0.0000000,0.8807574,0.5614672
1.4820569,0.2160389,0.9717415,1.0215137,0.0000000,1.2529321,0.7503177,0.0000000,1.0523498
2.3702798,0.1066867,0.4930671,0.0000000,0.0000000,0.0000000,2.5311392,0.0000000,0.0000000
0.3837225,1.6681494,1.4648387,0.9897987,1.1775378,0.7974761,0.0000000,0.0000000,0.0000000
2.2249912,0.7371715,1.4312171,0.9583411,0.0000000,0.9891269,0.7418025,0.0000000,0.0000000
1.3721424,1.1388845,1.3755031,0.0000000,0.0000000,0.8817267,1.6772340,0.0000000,0.5098387
0.3809849,1.3780326,1.3934905,0.9189400,0.5067573,0.8041342,0.0000000,0.0000000,0.9455077
1.2669522,1.5319491,1.5029411,0.9865638,0.6554239,0.8347067,2.0863044,0.8933695,0.5563971
1.1415886,1.3039868,1.3786697,1.0040017,0.5114925,1.8633853,0.0000000,0.8956474,0.0000000
0.8378214,1.0264581,1.3853533,0.9166858,0.0000000,0.0000000,0.0000000,0.0000000,0.0000000
0.0000000,1.3913757,1.1819859,1.0125034,1.0634659,1.9052992,0.0000000,0.9129025,0.8534731
0.4048019,1.6176195,1.3615006,1.9484025,1.1838176,2.0008556,0.0000000,0.8890617,0.0000000
0.0000000,1.0076208,1.1703138,0.9437763,0.0000000,1.0117530,0.0000000,0.8374814,0.0000000
0.7333927,1.1071702,1.3704330,0.9567925,0.5934430,0.9820844,0.5437794,0.0000000,0.5433803
1.8508733,0.7655538,0.2567932,0.0000000,0.0000000,0.0000000,2.5391595,1.0045685,0.5576058
2.2038993,0.9219006,1.2972894,0.9709658,0.6359556,1.0329230,2.0717169,0.8740985,0.0000000
0.0000000,1.2144589,1.1012193,1.0034100,0.6692032,0.9745840,0.0000000,0.0000000,0.8365163
0.3792888,1.5017443,1.3055488,0.9431735,0.5663238,0.8700676,0.0000000,0.9132456,0.9296520
1.5669846,1.3815244,1.2218236,1.9696748,0.5780604,0.0000000,0.7446294,0.0000000,0.9203648
2.3734907,0.3274830,0.9818901,0.0000000,0.6152610,0.0000000,2.5244116,0.0000000,0.0000000
0.3947406,1.4336249,1.5866587,1.9812092,1.2209593,1.8755212,0.6798877,0.0000000,0.5446978
1.8668975,1.6543153,1.5704983,1.0056624,1.8849263,0.0000000,2.0800862,0.9236083,0.7777166
2.2008465,1.4031325,1.9529682,0.9867256,1.1158552,2.0634831,1.4416437,0.0000000,0.0000000
0.4245045,1.6163567,1.7716900,2.0169690,0.0000000,1.1163620,1.4279606,0.0000000,0.5416067
2.3005273,1.2815781,1.5503759,0.9754967,0.0000000,2.2059270,2.3173352,0.9461204,0.0000000
1.8230126,1.0049480,1.5301917,0.9928967,0.0000000,2.2207498,0.6460652,0.0000000,0.5003607
2.4318567,1.0158655,1.5915444,0.9656698,0.6697642,0.9745460,0.0000000,0.0000000,0.0000000
0.0000000,1.3172362,1.7755620,1.9490818,0.4928380,1.1111222,0.6247518,0.0000000,0.6098614
2.0647339,0.9106111,1.2771745,0.9123181,0.0000000,0.0000000,1.5265673,0.0000000,1.0279949
2.3174108,1.3521684,1.0849052,1.8643777,0.7162757,2.1485695,1.4661326,0.0000000,0.9898174
0.4010241,1.3272874,1.9598856,1.9954335,0.6115339,2.2633878,1.2515544,0.0000000,0.5250287
2.0954207,1.3513834,1.3889762,1.0531421,0.6386345,2.1456659,0.0000000,0.0000000,0.0000000
0.4129160,1.3290479,1.6064479,0.9813156,0.5466131,2.2423865,0.0000000,0.8249379,0.0000000
1.9118973,1.2931193,0.9149696,1.9799410,1.1561389,0.7799808,0.5189657,0.8386707,0.0000000
1.0780229,1.6242294,1.5161588,1.9583724,1.2224125,1.0225438,0.6809357,0.0000000,0.4291277
2.2764321,1.0751173,1.7916489,1.9656197,0.0000000,1.2925468,0.0000000,0.0000000,0.0000000
1.7130938,0.8832052,1.1363318,0.0000000,0.0000000,0.0000000,2.4141299,0.0000000,0.5480058
0.0000000,0.6240867,1.1340246,0.0000000,0.0000000,1.0932150,2.3168404,0.0000000,0.5555258
0.4227281,1.0394394,0.9666580,1.9782066,0.6159797,0.0000000,2.4656001,0.9860933,0.0000000
1.7956381,0.4197691,1.6367277,0.9058370,0.0000000,1.1785712,1.6130862,0.0000000,0.5114457
0.3931936,1.0970287,1.1735355,0.9643338,0.0000000,0.0000000,0.0000000,0.0000000,0.0000000
1.5734268,1.3943066,1.5498999,1.9087765,0.5739469,1.9756792,0.0000000,0.0000000,0.5259667
1.0534464,1.5018112,1.1615259,0.9620603,0.0000000,1.1485123,0.0000000,0.8719390,0.5188786
1.1747333,0.9285566,1.5640797,0.7652044,0.5335099,0.0000000,2.3367210,0.0000000,0.5623632
0.3734950,1.2209396,1.6059102,1.8494549,1.1325492,2.0533107,1.1384190,0.8528501,0.5305387
2.4466553,1.2711458,1.1877921,1.0183893,0.0000000,2.2547150,0.0000000,0.0000000,0.9391050
0.3924525,0.6799798,1.7935200,0.9793217,0.4881679,1.9707777,2.1818759,0.0000000,0.4848888
1.3581702,0.9195530,1.1473376,0.0000000,0.0000000,0.0000000,1.6071744,0.8750542,0.0000000
0.3925089,1.2478615,1.5991800,0.9706029,0.5362000,1.0171831,0.0000000,0.8816447,0.5310503
1.2067502,1.2657050,1.5755620,0.0000000,0.0000000,0.0000000,1.6162438,0.0000000,0.5168190
2.0167687,1.5908625,1.3028343,0.9937126,1.1487307,1.9930598,0.6147498,0.0000000,0.8820032
0.4030706,1.4523492,1.1720505,1.8677112,0.6131222,1.0074082,0.0000000,0.0000000,0.5718553
0.4574678,0.5320710,1.4077571,0.0000000,0.0000000,0.0000000,1.4860810,0.0000000,0.5918634
0.7747113,1.2573289,1.3249657,0.0000000,0.0000000,2.0774422,1.4734225,0.0000000,0.5038137
0.4126588,1.6135868,1.7567818,1.8733388,0.5651001,0.9643663,0.0000000,0.9037274,0.5593963
0.0000000,1.4346643,1.3398833,0.9509795,0.6326802,0.8475535,0.0000000,0.0000000,0.4227253
1.9206122,1.3504149,1.3352535,0.9889483,0.6168250,2.1510589,1.2373131,0.0000000,0.0000000
2.0949708,1.7080279,1.5494113,1.8666657,1.1874068,0.8296213,1.9443578,0.8080434,0.4969150
0.4233116,1.6194774,1.7486743,0.9748405,0.0000000,1.9504723,0.0000000,0.8863122,0.0000000
1.9916549,1.6075275,1.2985168,0.9788242,0.5819331,0.8995921,2.0932305,0.0000000,0.5030884
0.7650651,0.9306052,0.9700908,0.0000000,0.0000000,0.0000000,2.3675281,0.0000000,0.5762424
1.6964567,0.6988225,0.7246640,0.0000000,0.6354624,1.0688246,1.5669488,0.0000000,0.8706941
1.5788523,1.1525024,1.4172183,0.9960526,0.0000000,1.0331856,0.0000000,0.0000000,0.9674544
0.7797303,1.4738454,1.5039564,1.9675097,1.2564091,0.9364795,0.0000000,0.0000000,0.0000000
0.8386700,1.5174368,1.5317433,0.9252669,0.5328623,0.8770533,0.5985845,0.0000000,0.0000000
2.4501982,0.6611364,0.7009743,0.0000000,0.6324650,1.2511200,2.6296956,0.0000000,0.0000000
0.6931665,0.7884417,1.3876777,0.0000000,0.0000000,0.9833593,0.0000000,0.0000000,0.5499945
0.3211632,0.8056029,1.4141147,0.9862563,0.5471384,1.2099381,0.0000000,0.9586059,0.5244441
0.3712092,0.7030233,0.9756438,0.9472842,0.0000000,0.8506924,1.5814582,0.0000000,0.5814245
0.3882779,1.1253777,1.3288469,1.9855439,0.6353753,1.9741967,0.6013932,0.8592034,0.9782539
0.4142412,1.0717613,1.1319679,1.0040601,1.3371633,0.9140698,0.0000000,0.0000000,0.5021355
0.0000000,0.9046769,1.2532383,1.6871631,0.5546416,1.9843239,0.0000000,0.8595352,0.0000000
0.3848611,1.4258634,1.2813251,0.8824335,1.2374178,0.0000000,0.0000000,0.0000000,0.5308222
0.4059893,1.4279182,1.7334566,0.0000000,1.0725882,2.1363665,0.0000000,0.7971960,0.5387047
0.3740897,1.3134935,1.4316278,2.0105196,0.5426667,1.0458680,0.0000000,0.0000000,0.5252767
0.4040442,0.8301726,1.3826343,0.9805025,0.6262170,0.0000000,0.0000000,0.0000000,0.0000000
0.3473150,0.9715208,0.9618172,1.8271216,0.6542145,0.9459154,0.0000000,0.0000000,0.5187202
0.4000230,1.0152439,1.4213181,0.9919032,1.2189708,0.0000000,0.0000000,0.0000000,0.0000000
0.3734157,0.7281801,1.3740098,0.9636090,0.0000000,0.9087795,0.0000000,0.0000000,0.0000000
0.3866350,1.1317131,1.4030498,1.0130962,1.2702362,0.8310661,0.0000000,0.0000000,0.0000000
0.3667959,0.9531222,0.9858452,1.8692208,0.0000000,0.0000000,0.0000000,0.0000000,0.5036479
0.7613162,1.2127312,1.1477581,0.9661412,0.0000000,0.9741652,0.0000000,0.0000000,0.5864653
0.7727767,1.0245949,1.4274381,2.0360978,0.0000000,2.0650589,0.0000000,0.0000000,0.0000000
0.3701553,1.6243568,1.5826652,0.9738448,1.1294095,2.1420361,0.0000000,0.8294321,0.0000000
0.7476139,1.1516677,1.1812926,2.0364217,0.0000000,1.9285959,0.0000000,0.0000000,0.0000000
1.7159695,0.5064539,1.4464161,0.9591896,0.6868266,2.2986765,0.0000000,0.0000000,0.5700695
0.7314223,1.1095877,1.5747646,2.0039873,1.1665887,0.8797611,0.0000000,0.8902861,0.5490966
1.1820443,1.3722052,1.3300374,2.0778958,1.2239474,2.2935447,0.0000000,0.0000000,0.0000000
0.4100061,1.5591945,1.7877778,2.0117949,0.5479763,0.8853568,0.0000000,0.0000000,0.0000000
0.0000000,1.4346641,1.3986167,1.9809715,0.6238203,0.9958653,0.0000000,0.9326540,0.5479716
0.7509000,1.3481017,1.7820827,1.9838978,1.2194797,0.8892775,0.0000000,0.9080932,0.3866436
0.3957606,1.4368269,1.5126995,1.9722474,1.2411705,2.0595138,0.0000000,0.0000000,0.5400706
0.0000000,0.9244580,0.9751716,0.0000000,0.0000000,0.9442297,1.5114488,0.0000000,0.5549996
2.0831674,0.4289483,1.4286195,1.0882627,0.0000000,1.0360863,0.0000000,0.0000000,0.5371909
0.0000000,1.3883193,1.3072615,0.9556585,0.0000000,0.0000000,0.0000000,0.0000000,0.8898690
0.0000000,1.1150965,1.4735338,0.9664286,0.6073656,0.0000000,0.0000000,0.0000000,0.0000000
1.2250676,1.4717491,1.3068321,0.9661412,0.5451209,0.8733448,0.0000000,0.0000000,0.0000000
0.3368721,1.2584161,1.4097783,2.0245546,0.0000000,0.0000000,0.0000000,0.0000000,0.0000000
0.7170072,1.0552035,1.3980672,1.0245903,1.2755536,0.8514013,0.0000000,0.0000000,0.5672015
1.6953542,1.3890224,1.3817818,0.9263010,0.5792877,0.9126154,0.0000000,0.0000000,0.5094502
0.9644523,0.6091803,0.7217668,0.0000000,0.0000000,0.0000000,1.5565254,0.0000000,0.4925080
0.3673765,1.1464398,1.4288188,2.0151252,0.0000000,0.0000000,0.0000000,0.0000000,0.5344668
0.0000000,1.2119866,1.1312745,1.0101660,0.0000000,0.8164673,0.0000000,0.0000000,0.0000000
0.4201948,1.2458725,1.6460225,0.9231845,0.6648603,2.0742303,0.0000000,0.0000000,0.0000000
0.0000000,1.1322612,1.3830812,1.8867689,0.0000000,0.0000000,0.0000000,0.0000000,0.5650942
0.3589513,1.5291592,1.3660957,0.9301424,1.2750565,2.1925724,0.0000000,0.0000000,0.5459187
0.3171353,1.0308491,1.3501828,0.9397392,0.0000000,0.9333239,0.0000000,0.0000000,0.9042625
0.3571072,0.8989968,1.7906634,1.7100858,0.5709525,0.9205686,0.0000000,0.0000000,0.0000000
0.7243811,1.5461180,1.4110604,1.9784509,1.2656338,2.1141386,0.0000000,0.8974551,0.0000000
0.3737239,0.9109406,1.3815350,1.9108091,0.0000000,1.9793747,0.0000000,0.0000000,0.5678485
0.3804966,1.4992519,1.6047221,1.9920155,1.2291374,2.2898960,0.0000000,0.9961981,0.5825736
0.9655506,1.3258643,1.5724267,0.9878220,1.7217230,0.8804940,0.0000000,0.9250641,0.0000000
0.3803337,1.8115171,1.7655431,1.8990851,1.8561566,1.0299922,0.0000000,1.7592083,0.0000000
1.7519502,1.1007461,1.7411437,1.9075754,0.5899163,0.8258910,0.0000000,0.8544296,0.5178086
0.0000000,1.5962576,1.7576273,1.9904969,1.7826796,1.5917964,0.0000000,0.8015493,0.0000000
0.0000000,1.5354340,1.5070120,0.9658366,1.2472365,0.8084647,0.0000000,0.8877849,0.0000000
0.0000000,1.3002404,1.3051107,0.9991593,1.2818929,1.8952250,0.0000000,0.0000000,0.0000000
0.0000000,1.8131319,1.5156046,0.9249569,1.8102323,1.9015301,0.0000000,0.8866449,0.0000000
0.2982938,1.3846386,1.5563555,1.9493832,1.5881799,1.0283042,0.0000000,0.9642932,1.3012311
0.3380519,1.6823530,0.8868666,0.9941529,1.0845962,1.7923668,0.0000000,0.9077475,0.4644157
0.3591922,1.4989251,1.3636237,1.8832400,0.4915128,2.1505244,0.0000000,0.9663952,0.3684767
0.3460232,1.4634797,1.3961071,1.0160152,0.5881942,2.0753829,0.0000000,0.0000000,0.5225571
1.9117443,1.3390253,1.1009508,0.8466126,0.6272420,2.1092593,0.6232792,1.7193203,0.9126690
1.5041190,1.4085091,1.6276314,0.9412354,0.6355477,0.9723951,0.0000000,0.8565245,0.0000000
1.1220907,1.2130064,1.5851327,1.0222704,1.2221713,2.2081327,0.0000000,0.8494751,0.4311979
0.6427171,1.3645520,1.4165364,1.0443569,0.0000000,0.0000000,0.0000000,0.0000000,1.0131033
0.3650780,1.1748326,1.1701199,0.9726055,0.6176595,0.0000000,0.0000000,0.0000000,0.0000000
0.0000000,1.1329474,1.1429188,1.0487301,0.0000000,0.8958162,0.0000000,0.9748903,0.4591412
0.0000000,1.4839012,0.9130014,0.9930258,1.2607233,0.9170480,0.0000000,0.0000000,0.4302110
0.0000000,1.2909790,1.6260440,1.9121699,1.0818525,2.1366564,0.0000000,0.8419956,0.0000000
1.5782668,0.9939439,1.1700221,1.0443113,1.1142514,2.1203762,1.2613779,0.8604856,0.3931204
0.3968371,1.1503635,1.1230237,2.0970517,0.6451143,2.3315850,0.0000000,0.9659079,1.1088263
1.1759947,1.3807647,1.1381664,2.0712926,1.2733023,0.8710368,0.0000000,0.9101047,0.5283780
1.0647695,1.3579073,1.4467798,1.7016773,1.2988770,0.9224708,0.0000000,0.8858296,1.3123569
0.0000000,1.5376701,1.5778611,0.8569252,0.6476165,2.0409879,0.0000000,0.8457263,0.9335187
0.3691597,1.4450072,1.7633347,1.0495725,1.2713726,1.0170582,0.0000000,0.9846654,0.9076488
0.0000000,1.5389678,1.3617797,0.8817677,0.6697257,2.0839657,0.0000000,0.9089617,1.2536075
0.4026214,1.4944441,1.3996280,1.0229021,1.6888522,2.0577548,0.0000000,0.8870269,0.4123184
0.7726040,0.9231241,0.7309067,0.0000000,0.0000000,1.0206265,0.7557768,0.0000000,1.4720364
1.4796576,0.7938845,0.9223181,0.0000000,0.0000000,0.0000000,0.0000000,0.0000000,0.0000000
0.0000000,1.0748240,1.5543410,0.0000000,0.6500012,1.0857590,0.0000000,0.0000000,0.4467806
1.1817639,1.4185402,1.1530997,0.0000000,0.6689579,0.0000000,0.0000000,0.0000000,1.4934728
0.0000000,0.4985037,0.9744025,0.7814866,0.0000000,0.0000000,0.0000000,0.0000000,0.4503644
0.0000000,1.3163538,1.4107130,0.9519299,1.1998047,0.9465419,0.0000000,0.0000000,0.3951127
1.3076218,1.3808813,1.1814752,0.9784169,1.2615326,0.9319407,0.0000000,1.0327418,0.0000000
0.0000000,1.2263960,1.3293984,0.9275192,0.6263104,1.0449776,0.0000000,0.0000000,0.4764794
0.4027363,1.0284850,1.6314385,1.8264146,0.6241865,1.0547644,0.0000000,0.0000000,0.0000000
0.3634631,1.1400000,1.3799552,0.9785044,0.0000000,1.9612350,0.0000000,0.0000000,0.0000000
0.3149130,1.2180750,1.3767684,0.0000000,0.0000000,1.0029618,0.0000000,0.0000000,0.0000000
0.7355172,1.1960670,1.3508585,0.8988797,0.6976826,1.7657878,0.6364858,0.8420533,0.5119353
1.8124370,0.8538159,1.8463556,0.0000000,1.9352047,0.0000000,2.4984000,0.0000000,1.0234029
1.7282870,1.0343037,1.3976383,0.9826306,1.1784111,1.1533054,2.3959018,0.0000000,0.9496566
1.8800784,1.3557790,1.6633894,0.0000000,1.9062961,1.1955947,2.4698264,0.9748989,0.5544119
2.2076548,1.2472237,1.3542588,0.0000000,1.1962410,1.1269847,2.4700233,0.9852603,1.0017302
1.8762077,0.9493508,1.5989385,0.0000000,1.2547410,0.0000000,2.4647401,0.9592974,1.0081203
1.8646407,0.9483715,1.1559826,0.0000000,1.3322078,0.0000000,1.6495905,0.9572751,0.5688102
2.1977523,0.9564981,1.5288035,0.0000000,1.8524107,0.0000000,2.4507489,0.0000000,0.9199804
1.8538951,1.0583071,1.3756849,0.0000000,1.8533071,1.1157977,2.4523077,1.0383210,0.9955209
1.8271000,0.9238953,1.6110395,0.0000000,1.2884950,0.0000000,2.4157165,0.9081970,0.4916002
1.8671422,1.0665110,1.7674154,0.0000000,0.0000000,1.1330168,2.4452019,0.0000000,0.9720558
1.8486573,1.0241569,1.1248562,0.0000000,0.0000000,0.0000000,2.4457657,1.0415266,0.4217128
2.2356997,1.2271400,1.7863709,0.9305352,1.1892394,0.0000000,2.4448802,0.9408135,0.9871543
0.3418269,0.9505926,1.1040075,0.8181496,1.2073670,1.0286302,0.0000000,0.9563524,0.0000000
1.4452090,1.0521787,1.3874795,0.0000000,1.1726213,1.1734027,2.4978333,0.0000000,1.0389434
1.7543607,1.1495730,1.5961842,0.0000000,0.6650280,1.1367736,2.4671084,0.9913045,0.9899952
2.0817940,1.3224144,1.7690637,0.8468950,1.8965782,1.0850774,2.3865736,0.9004661,0.9498874
0.0000000,1.1143216,1.3369782,0.0000000,0.0000000,0.9920072,1.4596066,0.0000000,0.0000000
0.0000000,0.9863924,1.1518093,0.8955910,0.6028355,1.0258738,0.0000000,0.0000000,0.3505906
0.3439279,0.9154209,0.9121581,0.0000000,0.5407340,0.0000000,0.0000000,0.0000000,0.0000000
0.3979502,1.2683738,0.1666021,0.0000000,0.0000000,0.9628674,0.0000000,0.0000000,1.0327741
0.0000000,0.8399574,1.1487408,0.0000000,0.0000000,0.0000000,0.0000000,0.0000000,0.0000000
0.0000000,0.6044751,0.9332363,0.9715334,0.0000000,0.0000000,0.0000000,0.0000000,0.0000000
0.0000000,1.0246709,1.3362150,1.0031917,0.6071780,2.1206336,0.0000000,0.0000000,0.0000000
0.0000000,0.9107586,0.9232843,0.8992395,0.5262193,1.0180828,0.6701838,0.0000000,0.4680178
0.3538921,0.8270918,1.3350253,0.7344700,0.0000000,0.9600271,0.0000000,0.0000000,0.9614633
0.0000000,0.7586396,0.9127663,0.0000000,0.0000000,1.0588802,1.3905045,0.0000000,0.0000000
0.0000000,0.2251837,0.5103995,0.0000000,0.0000000,0.9980233,0.0000000,0.0000000,0.0000000
0.0000000,0.7488835,0.8548184,0.0000000,0.7021684,0.9530388,1.6317976,0.0000000,0.4904295
0.3663552,0.1174224,0.9385003,0.0000000,0.0000000,0.0000000,1.4628124,1.0012458,0.4780067
0.0000000,1.0424637,0.9125560,0.8992716,0.0000000,0.0000000,0.0000000,0.0000000,0.0000000
0.0000000,0.8303815,1.1583481,0.0000000,0.0000000,0.9568382,0.0000000,0.0000000,0.0000000
0.3383037,0.9043396,1.1791754,0.0000000,0.0000000,0.8697310,0.0000000,0.0000000,0.3861649
0.3737625,0.6931432,1.1374105,0.8761379,0.0000000,0.0000000,0.0000000,0.9681282,0.5101120
0.3564428,0.7555194,1.2992962,0.0000000,0.0000000,0.9446497,0.0000000,0.0000000,0.4741735
0.0000000,0.6473910,1.5140989,0.0000000,0.6213382,1.0167018,0.0000000,0.0000000,0.5655897
0.3678925,1.1978809,1.0636871,0.9055877,0.5016594,1.8768005,0.0000000,0.8598197,0.9392270
0.0000000,1.0121556,0.9332468,0.0000000,0.0000000,1.0135640,0.0000000,0.9373557,0.4630579
0.0000000,0.8545970,1.4599223,0.8880859,0.0000000,1.2509888,0.0000000,0.0000000,0.0000000
0.3442306,0.8915305,0.9213298,0.9180701,0.0000000,0.0000000,0.0000000,0.0000000,0.4951161
0.0000000,0.5907027,1.0850625,0.8759018,0.0000000,0.0000000,0.0000000,0.0000000,1.0739544
0.4079342,1.3016563,1.3596067,1.6596522,0.5793904,0.9664581,0.0000000,0.0000000,0.4247323
0.0000000,0.7933524,1.1464708,0.0000000,0.0000000,0.0000000,0.0000000,0.0000000,0.4017431
1.7325993,0.8021389,1.4019838,0.8288345,0.6125350,0.0000000,0.0000000,0.0000000,0.0000000
0.0000000,1.2647043,1.3037879,0.8282461,0.0000000,0.9987637,0.0000000,0.0000000,0.4579631
0.3792564,0.9903219,1.1485506,0.8700516,0.6191976,1.0525574,0.6576391,0.0000000,0.4570457
0.3616913,1.1679154,1.3599731,0.9728543,1.2679781,0.9603435,0.0000000,0.0000000,0.0000000
0.3401777,0.9789856,1.1281682,1.0004175,1.1008108,2.2229186,0.0000000,0.7554451,0.0000000
0.0000000,0.7133246,1.3488525,0.8892221,0.0000000,0.0000000,0.0000000,0.0000000,0.0000000
0.3425485,0.8886888,1.7838532,0.9185958,1.0608271,0.9692670,0.0000000,0.0000000,0.3283852
0.0000000,0.8212264,1.7514858,0.8946376,0.6309869,0.9436897,0.0000000,0.0000000,0.0000000
0.3609653,1.2342871,1.5481695,0.9908905,1.1517698,1.7345332,0.0000000,0.0000000,0.4046937
0.0000000,0.5960511,1.1887734,0.9973284,0.0000000,1.9777879,0.0000000,0.0000000,0.5449387
0.0000000,1.4035261,1.0703432,0.0000000,0.6297554,0.8134745,0.0000000,0.0000000,0.0000000
0.3353137,0.9129000,1.0909344,0.8960518,0.6407119,0.9513956,0.0000000,0.0000000,0.0000000
0.3083496,0.9406323,1.4322597,0.9710042,1.3368990,1.7261528,0.0000000,0.0000000,0.3753851
0.0000000,0.8757993,1.1924962,0.9904111,0.6545852,0.9716185,0.0000000,0.0000000,0.4409929
0.0000000,0.7808777,0.9362966,0.0000000,0.0000000,0.8505270,0.7438038,0.0000000,0.0000000
0.4147892,0.7308806,0.9099033,1.0128180,0.0000000,0.9593655,0.7141755,0.9922806,1.0604174
0.0000000,1.0070475,0.6553115,0.0000000,0.7142485,0.0000000,0.0000000,0.9686196,0.0000000
0.0000000,0.6951208,0.6950887,0.0000000,0.6287466,0.0000000,0.0000000,0.0000000,0.9271858
0.0000000,1.2656227,1.7925908,0.9496051,0.0000000,2.0334868,0.0000000,0.9373803,0.4850449
0.0000000,1.2928205,0.8998909,0.9889442,0.0000000,0.8922382,0.0000000,0.0000000,0.0000000
0.8134795,0.9983496,1.1714668,0.9645102,0.0000000,0.9243700,0.0000000,0.0000000,0.9450102
0.3477249,0.7269212,1.1504606,1.0105456,0.0000000,0.0000000,0.0000000,0.0000000,0.0000000
0.0000000,0.5246833,0.7086539,0.0000000,0.0000000,0.8827709,0.0000000,0.0000000,0.0000000
0.3848704,1.5384329,1.0735430,0.9782025,0.0000000,0.9453020,0.0000000,0.0000000,0.8614276
0.3976476,1.3125729,1.1665278,0.9866561,0.0000000,0.0000000,0.0000000,0.9655106,0.9765249
0.0000000,1.0895495,1.5221410,0.9890234,0.0000000,0.8849136,0.0000000,0.0000000,0.5023626
0.3711314,1.2360819,0.7209983,0.0000000,0.0000000,0.8838866,0.0000000,1.0758489,0.9694269
0.8898866,1.4181862,1.3508723,1.0408651,1.1513614,1.0251276,1.6025913,1.8561189,0.4791906
1.3770373,1.1343360,1.0748075,0.9825108,0.0000000,1.0291741,0.0000000,0.8873121,1.0487614
0.6900620,1.3692859,1.1739216,0.9496817,1.6874751,1.9690805,0.6471628,0.7327079,0.9333169
0.8654336,1.3272687,1.3670871,1.9392661,0.0000000,1.9801337,0.0000000,1.9098717,0.4798666
1.7335725,1.4134143,1.5369050,0.9907780,0.5866615,0.9826291,0.0000000,0.8682219,0.9279863
0.7194405,0.7010796,1.4861691,0.0000000,0.0000000,0.0000000,0.0000000,0.0000000,0.9986432
0.0000000,1.2638978,1.6548221,0.9732644,0.5467145,1.8978304,0.0000000,0.8940754,0.4203694
1.4236383,0.8673725,1.7386124,0.9904324,0.5558341,2.0585141,0.6444413,0.8386827,0.0000000
0.0000000,1.2713502,1.5504969,1.8947723,0.5837221,1.0360200,0.0000000,0.0000000,0.9160846
0.3881992,1.2803049,1.5587904,1.8634901,0.0000000,0.9358281,0.0000000,0.0000000,0.9087687
0.3057557,0.9866577,1.1246932,0.0000000,0.0000000,0.8709420,0.0000000,0.0000000,0.0000000
0.0000000,1.2892888,1.5055086,0.9683839,0.6792324,0.9157402,0.0000000,0.0000000,0.0000000
0.0000000,1.1691793,0.9282508,0.9338803,0.6567376,0.0000000,0.0000000,0.8628284,0.4701179
0.9334265,1.7362727,1.7593868,0.8971524,1.0269641,1.0116010,0.0000000,0.7299800,1.2781200
2.2769413,0.8670528,1.5550669,1.9190259,0.6590037,1.9086595,0.7079651,0.0000000,1.0483441
0.0000000,1.0898156,1.3865576,1.0112206,1.1272675,1.9530969,0.0000000,1.7928487,0.4915792
0.3666074,1.2439785,1.4976903,1.0165631,1.2958220,1.0245462,0.0000000,0.9522469,0.3931318
0.3386712,1.2803970,1.7566056,1.9409062,1.2062870,1.9116897,0.0000000,0.9441937,0.3154737
2.0479609,1.0284498,1.1817434,0.9938627,0.6103720,0.8694574,0.0000000,0.0000000,0.0000000
2.0578249,1.1512642,1.5733022,0.9953650,0.6084221,0.9448889,0.0000000,0.0000000,0.0000000
2.0540597,1.5668005,1.7274839,0.9427439,0.6060987,0.8690289,0.0000000,0.7972761,0.3153611
2.0811092,1.5036906,1.7248226,0.9443571,1.2089237,0.8196146,0.0000000,0.0000000,0.3700316
0.3710916,0.8395950,1.3895879,0.9809229,0.6070293,0.0000000,0.0000000,0.0000000,0.0000000
0.0000000,1.1684225,1.5569068,0.0000000,0.0000000,1.0317767,0.0000000,0.0000000,0.4241032
0.0000000,0.9442494,0.7027620,0.0000000,0.0000000,0.0000000,0.0000000,0.0000000,0.5629420
2.0823173,1.3037397,1.7104676,0.9756291,1.2303400,0.8767908,0.0000000,0.8856163,0.8151414
2.0257842,1.0526896,1.5746388,1.0012648,0.5882439,0.9416461,0.0000000,0.9199306,0.9714398
2.1165884,1.3653711,1.7306993,0.9692895,1.0590861,0.8793249,0.0000000,0.8487694,0.4054316
1.9891889,1.3970205,1.7207598,1.7725155,1.6424665,1.9738243,0.0000000,0.8631185,0.4139096
0.0000000,1.1418293,1.3638243,0.0000000,0.5637955,0.8839463,0.0000000,0.8431644,0.4743785
0.3551114,0.9631304,1.3675274,0.9441881,1.2304537,1.0601790,0.0000000,0.8417760,0.5332226
0.3801174,1.2854716,1.4110231,1.8109978,0.6020202,0.9143942,0.6667753,0.0000000,0.8949917
0.0000000,1.0389664,1.1397732,1.0236589,0.5727530,0.9202721,0.0000000,0.0000000,0.5256438
0.3665035,1.3391039,1.5186197,0.9760146,1.0569517,1.0069046,0.0000000,0.9339936,0.5576402
0.0000000,1.1438307,1.1845139,0.9095934,0.0000000,1.0900337,0.0000000,0.0000000,0.9924526
1.4661787,1.2140535,1.7277375,0.9958385,0.5322334,0.9843216,0.6497296,0.8426395,0.9116346
0.0000000,1.3633433,1.3540580,0.9373957,0.5515564,0.0000000,0.0000000,0.0000000,0.3795590
0.6385506,1.3044905,1.3423416,0.9433703,1.2673414,0.0000000,0.0000000,0.8288754,0.4137298
0.3703735,1.1159763,1.3180332,0.9500200,1.2679762,0.0000000,0.0000000,0.7693659,0.4380763
0.6722969,1.0408778,0.9466776,0.8962364,1.2094976,0.0000000,0.0000000,0.8082894,0.4300653
0.3713250,1.2947141,1.1267465,0.6642941,0.0000000,0.0000000,0.0000000,0.7244563,0.4117179
0.7325986,1.2172588,1.1284346,0.8459131,1.2451960,1.0292635,0.0000000,0.0000000,0.4126474
0.7197680,1.3115767,1.3215812,0.9422316,0.5700635,0.0000000,0.0000000,0.7847932,0.4155065
0.3639720,1.3112587,1.3711918,0.9333500,0.5703745,0.0000000,0.0000000,0.0000000,0.4206208
0.3587172,1.2043628,1.5784933,0.9280479,1.2041345,0.0000000,0.0000000,0.0000000,0.4071063
0.4027075,0.9054869,1.3501573,0.0000000,0.0000000,1.0595288,0.0000000,0.0000000,1.0459842
0.0000000,1.2373646,1.5737887,0.9245190,0.0000000,2.1998490,0.0000000,0.9073380,0.5265744
0.0000000,0.8243440,1.5561753,0.9299194,0.0000000,1.0186355,0.0000000,0.0000000,1.0682186
0.0000000,0.6405240,1.3759267,0.9108125,0.0000000,1.0760050,0.0000000,0.0000000,1.0839308
0.0000000,1.0500609,0.9509246,0.9631845,0.0000000,1.0767157,0.0000000,0.0000000,0.9752768
0.7361217,1.3183801,1.1788950,0.9712102,0.5869821,0.0000000,0.0000000,0.0000000,0.3993132
0.3857425,1.1087324,1.3168117,0.8873121,0.6662404,1.7702029,0.0000000,0.8230850,0.7255674
0.0000000,0.9145994,1.5823570,0.0000000,0.0000000,1.0385142,0.0000000,0.0000000,1.0191743
0.4097021,0.8938954,1.4219374,0.9368989,0.5413858,2.1818636,0.0000000,0.9550886,1.0268228
0.3831304,1.2210354,1.1973350,0.9979893,1.8281504,1.0426937,0.0000000,0.9255901,0.0000000
0.0000000,1.0820255,1.1830565,0.8379569,0.0000000,1.0431461,0.0000000,0.0000000,0.9603638
0.0000000,1.1996600,1.3718151,0.9034504,0.6086780,0.0000000,0.0000000,0.0000000,0.3905865
0.3610798,0.8476486,1.1452345,0.9772134,0.0000000,0.9068685,0.0000000,0.0000000,0.5564247
0.9842694,1.0948982,1.5477142,1.6699004,0.0000000,1.8649110,0.6510690,0.9590949,0.0000000
0.0000000,0.9130903,1.1540201,0.9271908,0.0000000,0.9751677,0.0000000,0.0000000,0.5266930
0.3743878,1.5447440,1.7654495,1.0184342,1.2082952,0.9786322,0.0000000,0.9770776,0.5007534
1.1429145,1.6254026,1.3909625,1.7605803,0.5710673,0.9057589,0.0000000,0.0000000,0.0000000
0.4348550,1.2478960,1.4301926,0.7913704,0.0000000,1.0562035,0.7107359,1.0340502,1.0147540
0.7246309,1.5199009,1.1708237,0.9742415,0.6406163,0.0000000,0.0000000,0.0000000,0.4842452
0.3833355,1.4190621,1.2176685,1.9271336,1.0691806,2.1357721,0.0000000,0.9604817,0.3784598
1.0685571,1.7850359,1.7721880,1.8658614,1.0730860,0.9830141,0.0000000,0.8216223,0.4366418
0.0000000,1.4141808,1.5991586,0.9670035,0.0000000,0.8875331,0.6684222,0.0000000,0.5543403
0.3835753,1.3623861,1.1426202,0.9880276,0.0000000,0.9389602,0.6366208,0.0000000,0.4471010
1.9447158,1.3505643,1.3513892,1.9024027,1.1975684,0.0000000,0.0000000,0.8414628,0.4540253
0.3920286,1.2131648,1.6322162,1.0218777,0.0000000,1.0209269,0.0000000,0.0000000,0.5485782
0.0000000,0.8986137,1.4216347,1.0260166,0.5651288,2.2742579,0.0000000,0.0000000,0.5292294
0.4082420,1.2582462,0.9556461,0.9539740,0.5551461,0.0000000,0.0000000,0.0000000,1.0043498
1.1532295,0.9755218,1.3421152,1.7858810,0.0000000,2.0264016,0.6229183,0.0000000,0.5335361
0.3930783,1.2670746,1.5724773,0.0000000,0.6111517,0.0000000,0.0000000,0.0000000,0.0000000
0.4141931,0.8793113,1.8220154,1.8185211,0.0000000,1.0008426,0.0000000,0.8645434,0.4801836
1.1737751,1.4464607,1.7776414,0.9803833,0.5491124,0.0000000,0.0000000,0.0000000,0.3695513
0.0000000,1.0822939,1.6230314,1.0239838,0.0000000,1.0298959,0.0000000,0.0000000,0.3745438
0.4078953,1.3581424,1.6014897,0.8845926,1.1164711,0.8387790,0.0000000,0.0000000,0.5526405
0.3559318,1.0236483,1.1062700,1.8966482,0.5385782,0.0000000,0.0000000,0.0000000,0.4317648
0.3543370,0.7100911,1.1710016,1.9189373,0.5908106,0.9573476,0.0000000,0.0000000,0.5159710
0.0000000,1.3450322,1.2989785,0.9781260,0.6290612,0.8662202,0.0000000,0.0000000,0.0000000
0.0000000,1.1005598,1.5804353,0.0000000,0.5210071,1.0519782,0.0000000,0.0000000,0.4665556
0.3818858,0.8121161,1.5663894,0.0000000,0.0000000,0.0000000,0.0000000,0.0000000,0.0000000
0.0000000,0.7333826,0.9351381,0.9550933,0.0000000,0.0000000,0.0000000,0.0000000,0.9914581
0.0000000,0.8332752,1.1781619,0.9747494,0.0000000,0.8598747,0.0000000,0.0000000,0.5158841
0.0000000,1.0899779,1.3355704,0.9187904,0.5678390,0.8826091,0.0000000,0.8259900,0.3590553
0.0000000,0.8041410,1.6078051,0.9022338,0.0000000,1.1801620,0.0000000,0.0000000,0.0000000
0.3103161,1.4305091,1.3194847,0.9502883,0.6084663,0.9540766,0.0000000,0.0000000,0.0000000
0.0000000,0.5128637,1.5728585,0.9038229,0.6543946,0.0000000,0.0000000,0.0000000,0.0000000
0.3870855,1.3073044,1.3639012,1.0346345,0.5072461,2.1260091,0.0000000,0.0000000,0.0000000
0.0000000,1.2673163,1.3672984,0.0000000,0.6218968,0.9333500,0.0000000,0.0000000,0.4293840
0.7779743,1.4799363,1.1556704,0.9371061,1.9114338,2.1098071,0.0000000,0.0000000,0.5865963
0.0000000,1.1163065,1.6181659,0.9130523,0.0000000,0.9839684,0.0000000,0.0000000,0.0000000
0.0000000,1.0292526,1.3817231,0.9946956,0.5708054,0.9305591,0.0000000,0.0000000,0.0000000
0.0000000,1.0572720,0.5010420,0.9303613,0.0000000,0.8898843,0.0000000,0.0000000,0.0000000
0.3318971,1.1154009,1.5091518,1.8990522,0.5559962,0.8372120,0.0000000,0.0000000,0.9827082
0.0000000,0.9657796,1.4049946,0.9774098,0.6209433,2.1778184,0.0000000,0.0000000,0.0000000
0.0000000,0.7205573,1.3357891,0.0000000,0.0000000,2.2443444,0.0000000,0.9823528,0.0000000
0.3416970,1.6721739,1.5240066,1.8546675,0.6098657,0.9900822,0.0000000,0.7796618,0.0000000
0.3738293,1.5172930,1.5996213,0.9925682,0.6709990,0.0000000,0.0000000,0.0000000,0.0000000
0.3398613,1.7914763,1.8160795,0.9330292,0.0000000,0.0000000,0.0000000,0.0000000,0.0000000
1.7617748,1.2371501,1.6058040,0.8946832,0.0000000,2.2997926,0.0000000,0.9254691,0.5025759
0.3559293,1.3357424,1.5930103,0.9598618,0.5580513,0.9826533,0.0000000,0.7315844,0.4280800
0.3575078,1.2652695,1.5541862,1.8318527,0.0000000,0.9099209,0.0000000,0.0000000,0.5421652
0.3716051,0.8395618,1.6000528,1.0072405,0.0000000,1.0686642,0.0000000,0.0000000,0.0000000
0.6684957,1.6424486,1.5878193,0.9757917,1.1738147,2.0174053,0.0000000,0.8364105,0.3960803
0.0000000,1.3758753,1.6689554,1.8837829,0.4945618,0.9969552,0.0000000,0.7546336,0.5356659
0.0000000,1.2403489,1.1371641,0.8864211,0.6480820,0.8747545,0.0000000,0.0000000,0.0000000
0.0000000,1.2065063,1.5760440,0.9550417,0.6371676,1.7117366,0.0000000,0.0000000,0.0000000
0.0000000,1.3120614,1.5284079,0.9212672,0.0000000,0.9787420,0.0000000,0.0000000,0.3794502
0.0000000,0.9066018,1.3924061,0.0000000,0.6050731,1.0038090,0.0000000,0.0000000,0.0000000
0.3527098,0.8942736,1.6161805,0.9476325,0.0000000,1.0020771,0.0000000,0.8044839,1.0202219
0.0000000,0.8420413,1.7114549,0.9191296,0.6116440,0.9898283,0.0000000,0.0000000,0.5341041
0.0000000,1.3460273,1.3633847,0.0000000,0.0000000,0.8760789,0.0000000,0.0000000,0.0000000
0.3509665,1.1538622,1.5984397,0.8814462,0.5019037,0.8733678,0.0000000,0.8848090,0.4069427
0.3818508,1.2418219,1.7802585,0.9582027,0.6597678,0.9614089,0.0000000,0.0000000,0.9993784
0.3888721,1.2748859,1.5790625,0.9433816,1.2007872,1.0355312,0.0000000,0.9353988,0.7815052
0.3874895,1.3243889,1.6063074,0.9649943,1.2157101,0.9017133,0.0000000,0.0000000,1.1199554
0.0000000,1.3633072,1.3608868,0.0000000,0.6759798,0.8810750,0.0000000,0.8968040,0.8913791
0.3290519,1.2194356,1.3795396,0.9134165,0.5837221,0.9572842,0.0000000,0.0000000,0.5200791
0.0000000,1.5884495,1.5757851,0.7579626,0.6324788,1.1406602,0.0000000,0.0000000,0.5119225
0.3719911,1.0524989,1.2027595,0.9735000,0.6638549,0.0000000,0.0000000,0.0000000,0.0000000
1.3437735,1.0123147,1.1958382,0.9680785,0.7010325,1.2541548,0.6911701,0.0000000,0.0000000
1.4207404,1.4512647,1.3446242,1.0338220,1.2376877,1.1294866,0.0000000,0.8183671,1.4089428
1.6284208,1.3552426,1.5797907,1.0091836,1.2458619,0.0000000,0.6751687,0.0000000,0.0000000
0.0000000,1.3396730,1.3409380,0.9944654,1.2364867,0.9893662,0.0000000,0.8718532,0.9690192
1.1135696,1.2438722,0.9653469,0.9920383,0.5722513,0.0000000,0.0000000,0.0000000,0.0000000
0.0000000,1.3525751,1.3568181,1.0206145,0.5577967,2.1302879,0.0000000,0.0000000,0.0000000
1.6061830,0.8675462,1.4409966,0.9069550,0.0000000,2.1278001,0.0000000,0.8962699,0.5507641
1.1294589,0.7077950,0.9452690,1.8730997,0.0000000,0.9794207,0.0000000,0.0000000,0.9784426
0.0000000,1.1860411,1.5880276,1.7869702,0.6074048,0.8622539,0.0000000,0.0000000,0.0000000
0.7068402,0.7350711,1.1796717,0.9950720,0.0000000,1.9696229,0.6464737,0.0000000,0.4609677
0.0000000,1.0946297,1.1776748,1.0101612,0.0000000,0.9793345,0.0000000,0.0000000,0.4710271
0.3597108,1.6705708,1.1232742,1.8205867,1.2582784,0.9423401,0.0000000,0.8305874,1.4453725
0.0000000,1.4590074,1.3299587,0.9298471,1.2710401,0.8630219,0.0000000,0.0000000,0.0000000
0.3499738,1.3710997,0.9528030,0.9572343,1.2458662,0.8924506,0.0000000,0.0000000,0.0000000
0.0000000,1.0950354,1.4183943,1.0313646,0.5209268,2.1437059,0.0000000,0.8724519,0.4435800
0.0000000,1.2610402,1.5727181,0.8906675,0.0000000,0.0000000,0.0000000,0.0000000,0.0000000
0.7754340,1.5503817,1.9562244,0.9773042,0.5560899,0.9470085,0.0000000,0.0000000,0.0000000
2.2221372,1.1041696,1.6222885,2.0999558,0.0000000,1.0089525,0.0000000,0.9414729,0.5304370
1.1369225,1.4312960,1.5911121,0.9692895,0.0000000,0.0000000,0.0000000,0.0000000,0.5357230
0.3432835,1.4321855,1.3597863,0.9830683,0.0000000,1.9250015,0.0000000,0.0000000,0.5816836
0.3544992,1.2524142,1.4170336,0.9351099,0.5491027,2.0679484,0.0000000,0.0000000,0.0000000
0.8733031,1.4404081,1.1768662,1.8748855,1.2459489,2.1823861,0.0000000,0.0000000,0.0000000
1.6293928,1.1480982,1.4157443,1.9027548,0.4736563,1.9374001,0.0000000,0.0000000,0.4469137
0.3882558,1.1191759,1.6393488,0.9649923,0.0000000,1.0517584,0.0000000,0.0000000,0.5555986
1.0708179,1.4660711,1.6136986,1.8211539,1.1762310,2.0459477,0.0000000,0.0000000,0.5064538
0.0000000,1.2139186,1.5004816,1.0099608,0.0000000,0.8793743,0.0000000,0.0000000,0.0000000
0.0000000,1.2494857,1.6147441,0.9892086,0.0000000,1.0042540,0.0000000,0.0000000,0.9826651
0.0000000,1.1402816,1.3182079,0.9603349,1.2822614,0.9187863,0.0000000,0.0000000,0.0000000
0.3721541,1.6102922,1.1849036,1.8498955,0.6076605,2.0062541,0.0000000,0.0000000,0.4638166
0.0000000,1.1931754,1.1009741,0.0000000,1.1657472,0.0000000,0.0000000,0.0000000,0.0000000
0.3476602,1.3334755,1.3573737,1.0200628,0.0000000,1.9811540,0.0000000,0.0000000,0.0000000
1.5679570,1.0545923,1.1493182,0.0000000,0.0000000,0.0000000,0.0000000,0.0000000,1.0076449
0.0000000,1.2071254,1.3018906,0.0000000,1.2231747,0.9266662,0.0000000,0.0000000,0.9128534
0.0000000,0.5250314,1.6351023,0.9688658,0.0000000,0.8955515,0.0000000,0.0000000,0.5020576
0.7294735,1.0541603,1.1085863,0.9714501,0.0000000,1.0189251,0.0000000,0.0000000,0.5938149
0.3679068,1.1256036,1.3968717,1.9395827,0.0000000,0.9250050,0.0000000,0.8679098,0.4838271
0.0000000,0.9667995,1.1667223,0.0000000,0.0000000,0.0000000,0.0000000,0.0000000,0.0000000
0.0000000,1.3482770,1.3186005,0.8986803,0.0000000,0.0000000,0.0000000,0.0000000,0.0000000
0.3580532,1.4679365,1.5839303,0.9280125,1.1906142,2.1203113,0.0000000,0.0000000,0.4353483
0.3375285,0.9065552,1.3879189,0.0000000,0.0000000,0.8846910,0.5562851,0.8572955,0.0000000
0.3891842,1.6524861,1.3556194,0.9477430,0.6100882,0.0000000,0.0000000,0.0000000,0.0000000
0.3711710,0.7144593,1.5484269,0.9121178,0.4420327,2.1863002,0.0000000,0.0000000,0.0000000
0.3959292,1.2592197,1.8221155,2.0023732,0.5982228,2.3290093,0.0000000,0.0000000,0.4602112
0.8545905,0.5939675,1.3366424,0.0000000,0.0000000,0.0000000,0.0000000,0.0000000,0.4970902
0.0000000,0.9488764,1.3446758,0.0000000,0.5860941,0.0000000,0.0000000,1.7310817,1.0728052
0.0000000,0.8930125,1.1508186,0.0000000,0.6715781,0.9028574,0.0000000,0.0000000,0.0000000
0.0000000,0.8383082,1.5102947,0.9335294,0.5500825,1.7052827,0.5365060,0.0000000,0.8241034
0.0000000,1.2232704,1.5925772,0.9210011,1.1311452,0.8603493,0.0000000,0.8318707,0.3361555
0.0000000,1.1254090,1.3267216,1.0196319,1.8988788,0.9128628,0.0000000,0.0000000,0.0000000
1.1404348,1.3424271,1.1641418,1.0429002,1.3386281,0.9567606,0.0000000,0.8118269,0.0000000
